ts,event,session,payload_len,payload_hex
1787904076.819421,34680,008b,12,66 66 9E 42 85 EB 92 42 3E CA 9F 42
1787904076.825407,34680,008c,12,00 80 08 43 00 00 91 42 CD 0C E9 42
1787904076.835719,34680,008d,12,00 00 D5 42 48 E1 68 42 25 06 C4 42
1787904076.846142,34680,008e,12,66 66 10 43 66 66 9C 42 DF CF 31 42
1787904076.856740,34680,008f,12,00 80 0B 43 3E 0A DB 41 8A C1 CA 42
1787904076.867347,34680,0090,12,00 00 D3 42 C2 F5 C4 41 4C F7 B5 42
1787904076.878208,34680,0091,12,00 00 03 43 33 33 13 42 62 90 36 42
1787904076.888799,34680,0092,12,33 33 5B 42 5C 8F 04 42 C0 4A 02 42
1787904076.899160,34680,0093,12,66 66 4C 42 C2 F5 C4 41 3E 0A 2F 42
1787904076.909642,34680,0094,12,CC 4C 15 43 85 EB 79 42 BE 9F 30 42
1787904076.920221,34680,0095,12,66 66 14 43 9A 99 39 42 29 5C 72 42
1787904076.930763,34680,0096,12,9A 99 9D 42 D7 A3 A8 41 3B 1F CE 42
1787904076.944685,34680,0097,12,CD CC A8 42 0A D7 AF 41 B2 1D 4F 42
1787904076.955638,34680,0098,12,00 00 FE 42 00 00 AC 41 F2 D2 1C 42
1787904076.966217,34680,0099,12,9A 99 BC 42 29 5C 82 42 21 B0 65 42
1787904076.976764,34680,009a,12,33 33 F3 42 29 5C 1B 42 A0 9A 8A 42
1787904076.987298,34680,009b,12,CD CC 98 42 CD CC E0 41 0E AD D2 42
1787904076.997566,34680,009c,12,CC CC CD 42 E1 7A 06 42 BC 74 2D 42
1787904077.009124,34680,009d,12,66 66 DF 42 7B 14 98 42 21 B0 BD 42
1787904077.019702,34680,009e,12,66 66 BD 42 00 00 9D 42 0C 02 B3 41
1787904077.030525,34680,009f,12,33 33 A2 42 70 3D D6 41 C2 F5 36 42
1787904077.041079,34680,00a0,12,CD CC F1 42 7B 14 8F 42 95 43 AC 42
1787904077.051536,34680,00a1,12,33 33 A2 42 48 E1 D2 41 A6 DB AC 42
1787904077.062192,34680,00a2,12,00 00 A7 42 CD CC 10 42 00 C0 A3 42
1787904077.072797,34680,00a3,12,CD CC AA 42 A4 70 95 42 8F 42 D4 42
1787904077.083569,34680,00a4,12,00 00 B8 42 52 B8 A6 41 CD 4C D0 42
1787904077.094266,34680,00a5,12,66 66 10 43 33 33 73 42 1F C5 A1 42
1787904077.104838,34680,00a6,12,9A 99 83 42 33 33 43 42 B0 72 7D 42
1787904077.115407,34680,00a7,12,66 66 DA 42 F6 28 D8 41 7D BF B7 42
1787904077.125755,34680,00a8,12,99 99 DF 42 71 3D 6C 42 C5 20 3A 42
1787904077.136916,34680,00a9,12,00 00 B0 42 5C 8F 89 42 F2 12 BF 42
1787904077.147535,34680,00aa,12,00 00 9F 42 A4 70 37 42 31 08 D7 42
1787904077.158301,34680,00ab,12,34 33 04 43 14 AE 13 42 FE 54 B9 42
1787904077.168905,34680,00ac,12,00 00 13 43 E2 7A 5A 42 25 06 09 42
1787904077.179286,34680,00ad,12,9A 99 92 42 1F 85 4D 42 76 FE C6 42
1787904077.189909,34680,00ae,12,33 33 10 43 A4 70 4F 42 25 06 6C 42
1787904077.203496,34680,00af,12,33 33 AE 42 B8 1E D9 41 2D B2 D0 42
1787904077.213922,34680,00b0,12,9A 99 B7 42 B8 1E 4B 42 E8 FB C7 42
1787904077.224330,34680,00b1,12,CD 4C 0B 43 9A 99 0F 42 7F 6A 31 42
1787904077.263747,34680,00b2,12,33 33 90 42 00 00 94 42 8C 6C 44 42
1787904077.277581,34680,00b3,12,CD CC 74 42 48 E1 8D 42 EF A7 7C 42
1787904077.288508,34680,00b4,12,66 66 A4 42 14 AE 0D 42 3B 5F 5D 42
1787904077.300869,34680,00b5,12,00 00 C8 42 F6 28 5C 42 29 1C E3 42
1787904077.312640,34680,00b6,12,33 33 0D 43 0A D7 2D 42 3E 8A B8 42
1787904077.323467,34680,00b7,12,9A 99 CF 42 E1 7A E8 41 76 FE C6 42
1787904077.335011,34680,00b8,12,33 33 C5 42 5C 8F 89 42 08 2C C9 42
1787904077.345652,34680,00b9,12,9A 19 08 43 5C 8F FE 41 B0 72 D5 42
1787904077.356526,34680,00ba,12,00 00 F6 42 7B 14 70 42 D9 8E CA 42
1787904077.367332,34680,00bb,12,33 33 C6 42 EC 51 89 42 3B DF E6 42
1787904077.378448,34680,00bc,12,00 00 DE 42 8F C2 A5 41 8C EC 12 42
1787904077.388867,34680,00bd,12,33 33 C5 42 CC CC 8C 42 FE 54 61 42
1787904077.399257,34680,00be,12,34 33 05 43 33 33 79 42 E4 65 DA 42
1787904077.409419,34680,00bf,12,CD CC 9C 42 34 33 95 42 37 49 96 42
1787904077.419709,34680,00c0,12,9A 99 67 42 3E 0A 90 42 4E 62 A0 42
1787904077.433009,34680,00c1,12,66 66 B8 42 14 AE 19 42 D5 F8 21 42
1787904077.454578,34680,00c2,12,66 E6 11 43 48 E1 2C 42 68 51 E2 42
1787904077.464980,34680,00c3,12,00 00 98 42 5C 8F 46 42 79 E9 27 42
1787904077.475407,34680,00c4,12,66 66 0B 43 5C 8F 22 42 F0 27 A3 42
1787904077.486842,34680,00c5,12,9A 19 08 43 90 C2 9C 42 F4 FD 1F 42
1787904077.498909,34680,00c6,12,9A 99 8B 42 AE 47 47 42 EE 3C 87 42
1787904077.523873,34680,00c7,12,66 66 E7 42 0A D7 F7 41 AA B1 81 42
1787904077.534607,34680,00c8,12,67 66 FF 42 48 E1 A2 41 3B 5F 5D 42
1787904077.545184,34680,00c9,12,66 66 E3 42 86 EB 9B 42 48 21 E1 42
1787904077.555691,34680,00ca,12,CC CC A6 42 90 C2 8A 42 EC 51 E3 41
1787904077.566073,34680,00cb,12,33 33 FB 42 00 00 DC 41 68 91 71 42
1787904077.576424,34680,00cc,12,9A 99 BD 42 14 AE A7 41 5A E4 E4 42
1787904077.586765,34680,00cd,12,00 00 7A 42 70 3D 8E 42 F2 D2 1C 42
1787904077.597086,34680,00ce,12,33 33 91 42 C3 F5 12 42 EE FC 9F 42
1787904077.607477,34680,00cf,12,66 66 C7 42 48 E1 14 42 4C 77 84 42
1787904077.618082,34680,00d0,12,66 66 5E 42 F6 28 81 42 FC E9 CE 42
1787904077.628708,34680,00d1,12,CD CC C3 42 71 3D 00 42 00 80 BC 42
1787904077.639131,34680,00d2,12,00 00 AF 42 14 AE 95 42 73 E8 4F 42
1787904077.649624,34680,00d3,12,CD CC 7A 42 CD CC 04 42 2D 32 47 42
1787904077.660490,34680,00d4,12,CC CC BF 42 5C 8F 95 42 1A 6F 9B 42
1787904077.671026,34680,00d5,12,CD CC DF 42 CD CC 04 42 20 30 8C 42
1787904077.681364,34680,00d6,12,67 66 FE 42 14 AE 19 42 90 C2 A2 42
1787904077.692055,34680,00d7,12,9A 99 C2 42 33 33 49 42 A2 45 D4 41
1787904077.703076,34680,00d8,12,9A 99 9C 42 B8 1E 27 42 70 3D 1B 42
1787904077.713867,34680,00d9,12,00 00 7A 42 7B 14 80 42 92 ED BA 41
1787904077.724407,34680,00da,12,66 66 5C 42 29 5C 0F 42 9E AF D1 42
1787904077.735320,34680,00db,12,00 00 4E 42 14 AE FB 41 D5 F8 DC 42
1787904077.745704,34680,00dc,12,CD CC E4 42 A4 70 55 42 3A 34 B2 42
1787904077.759740,34680,00dd,12,9A 99 55 42 0A D7 33 42 E3 A5 D6 41
1787904077.770415,34680,00de,12,33 33 6F 42 EC 51 F8 41 D2 22 4D 42
1787904077.781525,34680,00df,12,66 66 01 43 85 EB 1F 42 6C A7 85 42
1787904077.791854,34680,00e0,12,9A 99 97 42 AE 47 8A 42 46 B6 A8 41
1787904077.802415,34680,00e1,12,CD CC A2 42 AE 47 2F 42 1A AF 2A 42
1787904077.813539,34680,00e2,12,CD CC 54 42 C3 F5 72 42 C2 35 D9 42
1787904077.824099,34680,00e3,12,66 66 02 43 48 E1 38 42 23 DB 68 42
1787904077.835067,34680,00e4,12,00 00 E5 42 00 00 78 42 4C 77 84 42
1787904077.845707,34680,00e5,12,00 00 01 43 99 99 69 42 D9 8E CA 42
1787904077.858099,34680,00e6,12,CD CC 85 42 CD CC F8 41 F4 7D 51 42
1787904077.868626,34680,00e7,12,66 66 EA 42 00 00 9D 42 91 ED A5 42
1787904077.879437,34680,00e8,12,9A 99 4B 42 33 33 49 42 00 80 64 42
1787904077.890206,34680,00e9,12,9A 99 79 42 52 B8 82 42 AC 1C CF 42
1787904077.900759,34680,00ea,12,00 00 F9 42 EC 51 9E 42 10 58 B9 41
1787904077.911372,34680,00eb,12,00 00 68 42 C2 F5 2A 42 AC 1C 77 42
1787904077.921992,34680,00ec,12,66 66 AC 42 52 B8 1E 42 BC 74 FD 41
1787904077.932700,34680,00ed,12,66 66 9A 42 71 3D 54 42 4C 37 9D 42
1787904077.943295,34680,00ee,12,CC CC 07 43 A4 70 3D 42 52 38 1D 42
1787904077.953618,34680,00ef,12,00 00 00 43 29 5C EB 41 4C B7 76 42
1787904077.964761,34680,00f0,12,33 33 0D 43 29 5C 27 42 CB 61 B4 42
1787904077.975286,34680,00f1,12,33 33 6F 42 1F 85 7D 42 A6 9B 0A 42
1787904077.986420,34680,00f2,12,34 33 0A 43 0A D7 69 42 FC 29 B6 42
1787904077.998574,34680,00f3,12,66 E6 00 43 48 E1 02 42 CF B7 BA 42
1787904078.009205,34680,00f4,12,9A 19 0D 43 33 33 25 42 D5 F8 21 42
1787904078.020182,34680,00f5,12,00 00 93 42 C2 F5 8B 42 46 36 C5 42
1787904078.030575,34680,00f6,12,9A 99 C5 42 7B 14 34 42 C9 76 AD 41
1787904078.041145,34680,00f7,12,9A 99 84 42 B8 1E 88 42 F2 D2 7F 42
1787904078.051806,34680,00f8,12,00 00 01 43 00 00 A0 41 1C 5A B7 42
1787904078.062279,34680,00f9,12,CD CC 12 43 A4 70 92 42 C6 8B DF 42
1787904078.080836,34680,00fa,12,CD CC 78 42 B8 1E 6F 42 6B BC 74 42
1787904078.091676,34680,00fb,12,9A 99 5B 42 D7 A3 F0 41 6F 92 A1 42
1787904078.103522,34680,00fc,12,9A 99 A5 42 14 AE 61 42 0C 02 9E 42
1787904078.113992,34680,00fd,12,34 33 CE 42 B8 1E 4B 42 67 26 DF 42
1787904078.124354,34680,00fe,12,00 00 64 42 00 00 4E 42 7F EA 62 42
1787904078.142785,34680,00ff,12,CD CC E7 42 F6 28 9C 42 BA 49 FA 41
1787904078.153707,34680,0100,12,66 E6 15 43 1F 85 C3 41 E5 D0 D9 41
1787904078.164043,34680,0101,12,33 33 A0 42 85 EB 8F 42 16 59 24 42
1787904078.174558,34680,0102,12,66 66 7E 42 15 AE 5B 42 A8 06 B0 42
1787904078.184958,34680,0103,12,33 33 BF 42 9A 99 C1 41 75 D3 C3 42
1787904078.195566,34680,0104,12,9A 19 04 43 86 EB 9B 42 D7 63 C7 42
1787904078.205970,34680,0105,12,00 00 86 42 1F 85 7D 42 DF 4F 00 42
1787904078.216465,34680,0106,12,66 66 C5 42 34 33 8F 42 C5 A0 6B 42
1787904078.226829,34680,0107,12,34 B3 04 43 D7 A3 6E 42 9A 19 81 42
1787904078.237191,34680,0108,12,34 33 B0 42 48 E1 93 42 83 C0 37 42
1787904078.247669,34680,0109,12,66 66 70 42 F6 28 56 42 D1 E2 BD 42
1787904078.258093,34680,010a,12,00 80 05 43 48 E1 8A 42 64 3B 08 42
1787904078.268861,34680,010b,12,33 33 71 42 00 00 12 42 18 C4 C9 42
1787904078.279181,34680,010c,12,66 66 84 42 71 3D 7E 42 FE 54 61 42
1787904078.289471,34680,010d,12,9A 99 5F 42 33 33 55 42 16 D9 C2 41
1787904078.300045,34680,010e,12,CD CC B4 42 C2 F5 94 42 37 89 E0 42
1787904078.310695,34680,010f,12,66 E6 00 43 14 AE 83 42 3B 5F 5D 42
1787904078.321079,34680,0110,12,CD CC E0 42 3D 0A F3 41 3E 0A 87 42
1787904078.332364,34680,0111,12,CD 4C 0A 43 E2 7A 78 42 8F 42 7C 42
1787904078.343705,34680,0112,12,67 66 F1 42 AE 47 ED 41 50 0D 1A 42
1787904078.355691,34680,0113,12,00 00 A8 42 AE 47 77 42 3E 8A 60 42
1787904078.368284,34680,0114,12,CC CC F4 42 5C 8F 22 42 CF 77 18 42
1787904078.379692,34680,0115,12,00 00 B9 42 EC 51 E0 41 D7 A3 C3 41
1787904078.390439,34680,0116,12,CD CC 50 42 A3 70 5B 42 5E 3A 30 42
1787904078.401807,34680,0117,12,00 80 10 43 29 5C 91 42 F4 7D A9 42
1787904078.412908,34680,0118,12,CD CC 99 42 3E 0A 11 42 AA F1 73 42
1787904078.424247,34680,0119,12,66 66 10 43 52 B8 42 42 E8 BB E0 42
1787904078.435308,34680,011a,12,9A 99 05 43 D7 A3 26 42 1F 05 31 42
1787904078.446870,34680,011b,12,00 00 C1 42 C2 F5 82 42 2D B2 D0 42
1787904078.458157,34680,011c,12,00 00 EA 42 A4 70 55 42 B8 9E B0 42
1787904078.471076,34680,011d,12,99 99 D2 42 E2 7A D0 41 CF 37 EC 42
1787904078.481691,34680,011e,12,33 B3 00 43 14 AE 25 42 FC A9 FC 41
1787904078.493969,34680,011f,12,00 00 B1 42 0A D7 3F 42 6B BC 74 42
1787904078.504887,34680,0120,12,CD CC 9F 42 AE 47 96 42 83 C0 37 42
1787904078.515566,34680,0121,12,00 80 01 43 A4 70 3D 42 DD 24 CD 41
1787904078.526196,34680,0122,12,CC CC CE 42 48 E1 1A 42 FC 69 9D 42
1787904078.536756,34680,0123,12,CD 4C 12 43 CD CC C8 41 B6 F3 F3 41
1787904078.547091,34680,0124,12,00 00 F9 42 66 66 4A 42 1C 1A D0 42
1787904078.558347,34680,0125,12,CC CC 13 43 C2 F5 18 42 AC DC E7 42
1787904078.568776,34680,0126,12,66 66 54 42 F6 28 4A 42 27 31 0C 42
1787904078.579159,34680,0127,12,33 33 B2 42 33 33 4F 42 87 56 E0 42
1787904078.589509,34680,0128,12,66 E6 15 43 00 00 E8 41 73 28 8F 42
1787904078.599929,34680,0129,12,33 33 D4 42 52 B8 54 42 E8 FB DC 41
1787904078.610379,34680,012a,12,00 00 BF 42 AE 47 35 42 F6 E8 93 42
1787904078.620831,34680,012b,12,CD CC F0 42 66 66 90 42 EB 51 CE 42
1787904078.631152,34680,012c,12,CD CC 60 42 48 E1 38 42 33 73 C1 42
1787904078.641559,34680,012d,12,CD CC FC 42 5C 8F 58 42 8D D7 E9 42
1787904078.651883,34680,012e,12,33 33 73 42 33 33 B3 41 0C 42 E8 42
1787904078.662487,34680,012f,12,33 33 6B 42 99 99 7B 42 87 D6 AE 42
1787904078.672948,34680,0130,12,9A 99 81 42 E1 7A 42 42 EC 51 E3 41
1787904078.684140,34680,0131,12,66 66 DD 42 D7 A3 56 42 BA 49 82 42
1787904078.694686,34680,0132,12,CD CC FB 42 3E 0A 87 42 6E 12 18 42
1787904078.705066,34680,0133,12,9A 19 08 43 EC 51 34 42 3B 5F B5 42
1787904078.715940,34680,0134,12,66 66 BF 42 66 66 9C 42 B7 33 C6 42
1787904078.726395,34680,0135,12,00 00 EB 42 29 5C 7B 42 8D 97 47 42
1787904078.736824,34680,0136,12,33 33 09 43 14 AE 2B 42 92 ED BA 41
1787904078.747184,34680,0137,12,33 33 CB 42 67 66 6E 42 D2 22 4D 42
1787904078.759773,34680,0138,12,CC 4C 13 43 52 B8 88 42 A6 5B DE 42
1787904078.770133,34680,0139,12,CD CC C4 42 5C 8F 22 42 A0 9A 8A 42
1787904078.780589,34680,013a,12,00 00 C4 42 71 3D 7E 42 73 E8 A7 42
1787904078.794172,34680,013b,12,33 B3 14 43 67 66 62 42 2D F2 B7 42
1787904078.804698,34680,013c,12,9A 99 73 42 7B 14 CE 41 C6 CB 0B 42
1787904078.830324,34680,013d,12,66 66 4E 42 8F C2 A5 41 1C 5A 5F 42
1787904078.840861,34680,013e,12,00 00 DB 42 7B 14 80 42 4A 8C 10 42
1787904078.851445,34680,013f,12,66 66 BF 42 1E 85 23 42 7F 2A A2 42
1787904078.862147,34680,0140,12,66 66 A4 42 70 3D 94 42 60 E5 64 42
1787904078.872445,34680,0141,12,9A 99 49 42 F6 28 9C 42 5E FA A0 42
1787904078.882841,34680,0142,12,00 80 01 43 90 C2 23 42 AA 31 B3 42
1787904078.893214,34680,0143,12,67 66 FC 42 E2 7A 4E 42 6C E7 E4 41
1787904078.903694,34680,0144,12,66 66 7E 42 3E 0A B7 41 3A B4 80 42
1787904078.914202,34680,0145,12,CC CC A6 42 0A D7 85 42 27 B1 3D 42
1787904078.924783,34680,0146,12,33 33 13 43 3E 0A 9C 42 79 E9 E2 42
1787904078.935971,34680,0147,12,00 00 A3 42 1F 85 96 42 A4 70 D7 41
1787904078.946625,34680,0148,12,00 00 06 43 66 66 38 42 3B 5F B5 42
1787904078.956953,34680,0149,12,9A 99 4F 42 3D 0A F3 41 D5 38 C4 42
1787904078.967501,34680,014a,12,66 66 D0 42 EC 51 95 42 2B 87 CD 42
1787904078.977956,34680,014b,12,00 00 8F 42 48 E1 8A 42 E1 FA 8C 42
1787904078.988279,34680,014c,12,9A 99 8A 42 7A 14 76 42 06 81 94 42
1787904079.000017,34680,014d,12,00 80 11 43 14 AE 95 42 DF 4F BB 42
1787904079.010460,34680,014e,12,66 66 95 42 0A D7 03 42 0E ED B9 42
1787904079.020962,34680,014f,12,66 66 D3 42 85 EB 13 42 3A B4 E3 42
1787904079.031366,34680,0150,12,9A 99 96 42 00 00 7E 42 0C 82 77 42
1787904079.042975,34680,0151,12,33 33 AC 42 B8 1E FD 41 12 83 BC 41
1787904079.053512,34680,0152,12,CD CC 9F 42 CD CC 22 42 A3 B0 A9 42
1787904079.065757,34680,0153,12,00 00 DC 42 00 00 0C 42 5A E4 E4 42
1787904079.076630,34680,0154,12,CD CC D5 42 0A D7 8E 42 7F EA 62 42
1787904079.088002,34680,0155,12,99 99 D2 42 A4 70 AD 41 CD CC 9E 42
1787904079.098963,34680,0156,12,CD CC BE 42 A4 70 31 42 27 31 DC 41
1787904079.109676,34680,0157,12,00 00 91 42 48 E1 62 42 91 6D D7 42
1787904079.120714,34680,0158,12,9A 99 90 42 D7 A3 E4 41 B6 B3 94 42
1787904079.131233,34680,0159,12,CD CC B0 42 48 E1 26 42 06 01 C6 42
1787904079.141881,34680,015a,12,33 33 06 43 0A D7 AF 41 83 00 DA 42
1787904079.152225,34680,015b,12,00 00 E7 42 1E 85 29 42 E4 E5 A8 42
1787904079.162910,34680,015c,12,66 66 CE 42 66 66 87 42 9C 44 84 42
1787904079.173429,34680,015d,12,9A 99 03 43 52 B8 30 42 48 E1 96 42
1787904079.185085,34680,015e,12,66 66 B9 42 48 E1 8A 42 DD 24 B8 42
1787904079.195710,34680,015f,12,00 00 A5 42 A4 70 67 42 94 58 90 42
1787904079.206274,34680,0160,12,00 00 4C 42 AE 47 2F 42 66 E6 3C 42
1787904079.216771,34680,0161,12,CD CC 56 42 85 EB 3D 42 8B AC E6 42
1787904079.227274,34680,0162,12,CC CC B8 42 33 33 92 42 18 04 B1 42
1787904079.237923,34680,0163,12,67 66 D6 42 34 33 1F 42 E9 E6 E3 42
1787904079.248508,34680,0164,12,CD CC F1 42 AE 47 0B 42 27 31 6F 42
1787904079.258802,34680,0165,12,9A 19 0D 43 86 EB 25 42 A0 5A A3 42
1787904079.269298,34680,0166,12,33 33 E1 42 E1 7A 1E 42 83 40 C1 42
1787904079.281226,34680,0167,12,00 00 81 42 14 AE BF 41 6C 67 9E 42
1787904079.291654,34680,0168,12,99 99 E8 42 7B 14 89 42 46 F6 DD 42
1787904079.302181,34680,0169,12,34 33 F2 42 F6 28 14 42 C2 75 C0 42
1787904079.312656,34680,016a,12,33 33 D5 42 86 EB 9B 42 EE 7C D1 42
1787904079.323747,34680,016b,12,33 33 C9 42 D7 A3 20 42 4E 62 B5 41
1787904079.335079,34680,016c,12,34 33 0A 43 0A D7 09 42 EB 91 B5 42
1787904079.345494,34680,016d,12,66 66 DA 42 52 B8 97 42 8B AC E6 42
1787904079.355764,34680,016e,12,00 00 A9 42 C3 F5 12 42 D9 CE B1 42
1787904079.366103,34680,016f,12,00 80 04 43 1F 85 FF 41 72 68 EE 41
1787904079.376526,34680,0170,12,00 00 D8 42 C2 F5 24 42 3B 9F 9C 42
1787904079.386843,34680,0171,12,CC 4C 13 43 70 3D 48 42 DC 79 2B 42
1787904079.397079,34680,0172,12,66 66 F4 42 D7 A3 56 42 79 E9 27 42
1787904079.407397,34680,0173,12,66 66 A3 42 F6 28 C0 41 B0 F2 4B 42
1787904079.417618,34680,0174,12,00 00 00 43 8F C2 C9 41 9E EF B8 42
1787904079.427897,34680,0175,12,00 00 83 42 29 5C BB 41 A3 30 DB 42
1787904079.438372,34680,0176,12,9A 99 A6 42 29 5C 51 42 71 3D D6 42
1787904079.448908,34680,0177,12,34 33 CE 42 29 5C 63 42 2D B2 78 42
1787904079.459246,34680,0178,12,00 00 7C 42 CD CC 70 42 C6 8B DF 42
1787904079.471133,34680,0179,12,33 33 07 43 C3 F5 97 42 AA 31 B3 42
1787904079.481553,34680,017a,12,66 66 E3 42 EC 51 E0 41 CF F7 49 42
1787904079.491988,34680,017b,12,9A 99 C4 42 AE 47 7D 42 94 18 51 42
1787904079.502869,34680,017c,12,00 00 A8 42 52 B8 B2 41 6C 67 9E 42
1787904079.513380,34680,017d,12,9A 99 B7 42 AE 47 17 42 A3 70 C2 42
1787904079.523891,34680,017e,12,9A 99 EC 42 9A 99 88 42 E8 7B 3E 42
1787904079.544950,34680,017f,12,33 33 5B 42 33 33 B3 41 B6 F3 F3 41
1787904079.556699,34680,0180,12,9A 19 06 43 9A 99 94 42 CB 61 B4 42
1787904079.567613,34680,0181,12,66 66 D4 42 33 33 79 42 AA B1 E4 42
1787904079.578160,34680,0182,12,34 B3 04 43 8F C2 96 42 C2 75 C0 42
1787904079.589731,34680,0183,12,00 00 93 42 7B 14 16 42 EA 26 10 42
1787904079.601385,34680,0184,12,00 00 8F 42 CD CC C8 41 16 59 24 42
1787904079.612879,34680,0185,12,CD CC E7 42 52 B8 FA 41 8E 17 16 42
1787904079.623584,34680,0186,12,CD CC 8F 42 E1 7A E8 41 8F 42 D4 42
1787904079.639763,34680,0187,12,9A 99 C2 42 A4 70 2B 42 3E 0A 87 42
1787904079.656112,34680,0188,12,CD CC B4 42 F6 28 5C 42 12 83 4F 42
1787904079.667277,34680,0189,12,00 00 14 43 7B 14 16 42 16 59 24 42
1787904079.678269,34680,018a,12,00 00 87 42 66 66 2C 42 C5 60 DC 42
1787904079.688600,34680,018b,12,66 66 B3 42 EC 51 9E 42 27 71 AE 42
1787904079.699642,34680,018c,12,00 00 B4 42 0A D7 AF 41 60 E5 01 42
1787904079.710740,34680,018d,12,00 00 F6 42 52 B8 06 42 3F B5 BB 42
1787904079.721444,34680,018e,12,66 66 50 42 5C 8F 46 42 DD A4 2E 42
1787904079.731954,34680,018f,12,9A 99 CA 42 33 33 8C 42 2D 32 47 42
1787904079.742432,34680,0190,12,66 E6 0F 43 48 E1 7A 42 56 0E 55 42
1787904079.752697,34680,0191,12,66 66 D8 42 29 5C EB 41 A6 5B DE 42
1787904079.763043,34680,0192,12,00 00 CB 42 EC 51 8F 42 A6 5B DE 42
1787904079.773290,34680,0193,12,66 66 98 42 F6 28 68 42 46 36 6D 42
1787904079.783802,34680,0194,12,9A 99 A1 42 3E 0A B7 41 CF F7 49 42
1787904079.794331,34680,0195,12,33 33 9E 42 C2 F5 82 42 C3 75 05 42
1787904079.804981,34680,0196,12,9A 19 10 43 0A D7 2D 42 75 D3 C3 42
1787904079.815261,34680,0197,12,66 66 8A 42 3E 0A 5F 42 B6 B3 94 42
1787904079.825800,34680,0198,12,CD CC 8E 42 EC 51 B0 41 36 5E F2 41
1787904079.836051,34680,0199,12,9A 99 DD 42 7B 14 52 42 9E 2F A0 42
1787904079.848914,34680,019a,12,33 33 93 42 66 66 74 42 0A 17 82 42
1787904079.865589,34680,019b,12,66 66 F5 42 29 5C AF 41 68 11 40 42
1787904079.875977,34680,019c,12,9A 99 0F 43 33 33 31 42 C6 CB 0B 42
1787904079.886649,34680,019d,12,34 33 BD 42 66 66 08 42 33 73 C1 42
1787904079.897251,34680,019e,12,CD 4C 05 43 8F C2 96 42 81 95 8C 42
1787904079.907734,34680,019f,12,00 00 AA 42 B8 1E 15 42 AA F1 CB 42
1787904079.918076,34680,01a0,12,9A 99 87 42 F6 28 0E 42 0E 2D 49 42
1787904079.928570,34680,01a1,12,00 00 C5 42 3D 0A CF 41 C9 B6 E2 42
1787904079.939579,34680,01a2,12,33 33 AF 42 90 C2 47 42 E8 7B 3E 42
1787904079.951443,34680,01a3,12,66 66 02 43 AE 47 05 42 81 D5 D6 42
1787904079.962108,34680,01a4,12,33 33 80 42 D7 A3 32 42 9E EF CD 41
1787904079.972640,34680,01a5,12,00 00 F0 42 29 5C 75 42 AA F1 10 42
1787904079.983217,34680,01a6,12,00 00 12 43 7B 14 1C 42 6C 27 B7 42
1787904079.993765,34680,01a7,12,CD CC 86 42 00 00 E8 41 BE 5F A1 42
1787904080.004660,34680,01a8,12,9A 99 EF 42 EC 51 9B 42 23 DB D5 41
1787904080.015085,34680,01a9,12,00 00 B9 42 EC 51 34 42 DC 79 83 42
1787904080.025684,34680,01aa,12,66 66 AA 42 A4 70 9E 42 71 3D D6 42
1787904080.035960,34680,01ab,12,CC CC 0E 43 48 E1 81 42 71 3D 7E 42
1787904080.046284,34680,01ac,12,CD CC 66 42 D7 A3 E4 41 4C 37 45 42
1787904080.063775,34680,01ad,12,CC 4C 02 43 85 EB C5 41 2F DD 7B 42
1787904080.074391,34680,01ae,12,66 66 AD 42 7B 14 AA 41 9A 19 29 42
1787904080.084910,34680,01af,12,00 80 0A 43 AE 47 99 42 10 98 8B 42
1787904080.095489,34680,01b0,12,33 33 06 43 00 00 94 42 5A 64 5B 42
1787904080.105793,34680,01b1,12,CD CC E1 42 CD CC E0 41 8F 02 ED 42
1787904080.117655,34680,01b2,12,66 66 5A 42 CC CC 1C 42 25 46 AB 42
1787904080.128121,34680,01b3,12,33 33 EB 42 52 B8 B2 41 AC 5C B6 42
1787904080.138543,34680,01b4,12,66 66 03 43 85 EB 86 42 D5 F8 DC 42
1787904080.149089,34680,01b5,12,00 00 0B 43 34 33 7F 42 0C 82 CF 42
1787904080.159542,34680,01b6,12,66 66 E8 42 14 AE E3 41 5A 64 5B 42
1787904080.169899,34680,01b7,12,00 00 F6 42 3D 0A 59 42 5C 0F 85 42
1787904080.180856,34680,01b8,12,67 66 FE 42 00 00 42 42 5E BA 61 42
1787904080.191620,34680,01b9,12,00 00 95 42 8F C2 BD 41 F6 E8 93 42
1787904080.202163,34680,01ba,12,CD CC 7E 42 85 EB 86 42 42 E0 66 42
1787904080.212632,34680,01bb,12,CD CC E0 42 85 EB A1 41 23 DB D5 41
1787904080.223215,34680,01bc,12,34 33 A5 42 70 3D 94 42 96 43 C1 41
1787904080.233646,34680,01bd,12,CD CC 83 42 52 B8 91 42 62 10 D5 41
1787904080.243975,34680,01be,12,33 33 ED 42 1E 85 23 42 2B C7 B4 42
1787904080.254591,34680,01bf,12,CD CC 74 42 52 B8 6C 42 CC 0C 86 42
1787904080.265119,34680,01c0,12,00 80 0B 43 3D 0A 77 42 64 3B 6B 42
1787904080.275952,34680,01c1,12,9A 99 B3 42 8F C2 5F 42 90 02 8A 42
1787904080.286669,34680,01c2,12,9A 99 F3 42 90 C2 ED 41 EE 7C 79 42
1787904080.297117,34680,01c3,12,33 33 C7 42 85 EB E9 41 54 E3 51 42
1787904080.309982,34680,01c4,12,9A 99 C7 42 90 C2 9C 42 98 2E C8 42
1787904080.321949,34680,01c5,12,33 33 DF 42 7B 14 5E 42 00 80 01 42
1787904080.334528,34680,01c6,12,CC CC D8 42 70 3D 88 42 A0 1A D1 41
1787904080.344976,34680,01c7,12,CD CC 9C 42 5C 8F 6A 42 27 B1 3D 42
1787904080.355486,34680,01c8,12,9A 99 BF 42 85 EB DD 41 DD 24 B8 42
1787904080.365932,34680,01c9,12,00 80 02 43 C2 F5 60 42 F6 A8 54 42
1787904080.376455,34680,01ca,12,9A 99 D9 42 5C 8F 2E 42 6E 12 E8 41
1787904080.386841,34680,01cb,12,00 00 AC 42 5C 8F DA 41 2B 87 CD 42
1787904080.397195,34680,01cc,12,00 00 11 43 33 33 BF 41 E3 A5 D6 41
1787904080.407699,34680,01cd,12,66 66 4A 42 70 3D 48 42 99 59 CB 42
1787904080.418332,34680,01ce,12,9A 99 13 43 48 E1 9C 42 F8 D3 57 42
1787904080.428927,34680,01cf,12,00 00 52 42 0A D7 27 42 8C EC 12 42
1787904080.439310,34680,01d0,12,00 80 11 43 5C 8F 64 42 02 2B 36 42
1787904080.450585,34680,01d1,12,66 E6 03 43 0A D7 94 42 1B 2F 5C 42
1787904080.461134,34680,01d2,12,00 00 F4 42 66 66 32 42 25 06 C4 42
1787904080.471670,34680,01d3,12,00 00 02 43 90 C2 8D 42 4C 37 45 42
1787904080.482178,34680,01d4,12,33 33 C9 42 70 3D 30 42 8D 97 9F 42
1787904080.492717,34680,01d5,12,9A 19 0F 43 C2 F5 24 42 0E AD 17 42
1787904080.504627,34680,01d6,12,33 33 87 42 66 66 99 42 A3 B0 A9 42
1787904080.515109,34680,01d7,12,66 66 08 43 0A D7 8E 42 D3 4D 50 42
1787904080.525762,34680,01d8,12,9A 99 09 43 52 B8 54 42 8A C1 CA 42
1787904080.536246,34680,01d9,12,34 B3 11 43 70 3D 97 42 BE 1F BA 42
1787904080.546706,34680,01da,12,CD 4C 10 43 0A D7 0F 42 9E 2F A0 42
1787904080.557231,34680,01db,12,66 66 A1 42 66 66 5C 42 60 65 33 42
1787904080.567561,34680,01dc,12,00 00 C2 42 5C 8F CE 41 A4 70 D7 41
1787904080.578085,34680,01dd,12,CD CC 4A 42 EC 51 95 42 FA 7E F9 41
1787904080.588600,34680,01de,12,66 66 81 42 29 5C 8B 42 A0 1A BC 42
1787904080.599036,34680,01df,12,34 B3 10 43 7B 14 34 42 DF CF 31 42
1787904080.609289,34680,01e0,12,00 00 64 42 66 66 9C 42 68 91 71 42
1787904080.623328,34680,01e1,12,33 33 15 43 15 AE 67 42 0C 02 9E 42
1787904080.634206,34680,01e2,12,9A 99 9F 42 A4 70 92 42 EB D1 9C 42
1787904080.645299,34680,01e3,12,CD CC 64 42 A4 70 98 42 EE 7C D1 42
1787904080.655715,34680,01e4,12,CD CC BB 42 00 00 54 42 70 3D EB 41
1787904080.666110,34680,01e5,12,9A 99 8D 42 E2 7A 00 42 8C 6C 44 42
1787904080.676614,34680,01e6,12,33 33 A1 42 D6 A3 4A 42 4C B7 13 42
1787904080.718533,34680,01e7,12,00 00 B2 42 1F 85 9C 42 C1 0A D6 42
1787904080.730101,34680,01e8,12,9A 99 8B 42 5C 8F B6 41 0E 2D A1 42
1787904080.740552,34680,01e9,12,00 00 F3 42 A4 70 D1 41 54 E3 BE 41
1787904080.752883,34680,01ea,12,66 66 01 43 14 AE 61 42 79 69 B1 42
1787904080.764675,34680,01eb,12,9A 99 E7 42 D7 A3 E4 41 04 56 91 42
1787904080.775285,34680,01ec,12,66 66 D9 42 52 B8 5A 42 68 91 C9 42
1787904080.785797,34680,01ed,12,CD CC DE 42 52 B8 D6 41 F0 A7 E9 41
1787904080.796581,34680,01ee,12,9A 99 B9 42 AE 47 A5 41 D7 E3 95 42
1787904080.807198,34680,01ef,12,66 66 D8 42 85 EB 95 42 AE 87 B9 42
1787904080.819157,34680,01f0,12,66 66 8B 42 B8 1E 21 42 31 C8 8C 42
1787904080.829605,34680,01f1,12,CD CC 54 42 00 00 12 42 C1 0A D6 42
1787904080.839902,34680,01f2,12,33 33 8E 42 D7 A3 02 42 08 EC E1 42
1787904080.850190,34680,01f3,12,00 00 4E 42 66 66 02 42 08 AC AC 41
1787904080.860885,34680,01f4,12,00 80 0C 43 B8 1E B5 41 0C 42 E8 42
1787904080.871265,34680,01f5,12,00 00 9D 42 C3 F5 97 42 D1 E2 BD 42
1787904080.881760,34680,01f6,12,9A 99 DC 42 3E 0A 1D 42 B2 1D 4F 42
1787904080.892107,34680,01f7,12,66 E6 07 43 7A 14 86 42 0A 17 82 42
1787904080.902625,34680,01f8,12,9A 99 CA 42 66 66 32 42 B4 C8 20 42
1787904080.913085,34680,01f9,12,CD CC C7 42 AE 47 8A 42 F0 A7 19 42
1787904080.924018,34680,01fa,12,33 33 E1 42 F6 28 68 42 36 5E F2 41
1787904080.935014,34680,01fb,12,9A 99 D3 42 A4 70 F5 41 DF 4F 63 42
1787904080.945493,34680,01fc,12,66 66 B2 42 90 C2 17 42 44 CB DA 42
1787904080.955928,34680,01fd,12,CD CC 98 42 48 E1 68 42 50 8D A3 42
1787904080.967197,34680,01fe,12,00 00 82 42 66 66 90 42 79 29 CA 42
1787904080.977624,34680,01ff,12,00 80 14 43 00 00 8B 42 A4 F0 38 42
1787904080.988223,34680,0200,12,66 66 01 43 85 EB 31 42 E1 7A BE 42
1787904080.998723,34680,0201,12,34 33 B7 42 0A D7 51 42 6F 12 D3 42
1787904081.009199,34680,0202,12,CD CC 58 42 52 B8 42 42 BE 9F EB 42
1787904081.019712,34680,0203,12,33 33 D1 42 66 66 8D 42 50 0D 1A 42
1787904081.030238,34680,0204,12,CD CC 8F 42 5C 8F 76 42 CA A1 9B 42
1787904081.040888,34680,0205,12,00 00 95 42 AE 47 7D 42 49 8C CB 42
1787904081.051311,34680,0206,12,33 33 C1 42 3E 0A 2F 42 62 10 D5 41
1787904081.061946,34680,0207,12,00 00 D5 42 52 B8 2A 42 6C E7 CF 42
1787904081.072479,34680,0208,12,00 00 8E 42 A4 70 1F 42 17 59 DF 42
1787904081.082873,34680,0209,12,00 00 6E 42 B8 1E 85 42 54 E3 51 42
1787904081.095367,34680,020a,12,CD CC 92 42 B8 1E D9 41 FE 14 D2 42
1787904081.105934,34680,020b,12,66 66 D2 42 E1 7A 1E 42 0C 42 E8 42
1787904081.116894,34680,020c,12,34 33 AA 42 CC CC 3A 42 87 16 AB 41
1787904081.127591,34680,020d,12,9A 99 AA 42 C3 F5 97 42 90 02 8A 42
1787904081.138187,34680,020e,12,66 66 82 42 34 33 61 42 AA 71 42 42
1787904081.148719,34680,020f,12,CD CC FB 42 34 33 61 42 C2 75 68 42
1787904081.159307,34680,0210,12,00 00 11 43 1E 85 23 42 08 AC 3F 42
1787904081.169922,34680,0211,12,66 66 C1 42 00 00 48 42 9C C4 B5 42
1787904081.184799,34680,0212,12,67 66 E6 42 D7 A3 D8 41 5D 4F CF 42
1787904081.195615,34680,0213,12,67 66 F2 42 33 33 0D 42 29 5C CA 42
1787904081.206181,34680,0214,12,CD CC E2 42 34 33 95 42 56 CE C5 42
1787904081.216710,34680,0215,12,9A 99 12 43 CD CC 0A 42 B2 9D ED 41
1787904081.227005,34680,0216,12,9A 99 B5 42 85 EB 37 42 CB 61 B4 42
1787904081.238605,34680,0217,12,66 66 80 42 0A D7 C7 41 48 61 C8 42
1787904081.249128,34680,0218,12,CD CC 9F 42 29 5C 88 42 1B EF CC 42
1787904081.259628,34680,0219,12,CC CC BA 42 1F 85 E7 41 EB 11 E7 42
1787904081.270190,34680,021a,12,CD CC B5 42 C2 F5 7E 42 72 68 EE 41
1787904081.280627,34680,021b,12,CD CC 76 42 AE 47 9F 42 2C 07 44 42
1787904081.291027,34680,021c,12,9A 99 EF 42 5C 8F 92 42 F4 FD 1F 42
1787904081.301515,34680,021d,12,66 66 97 42 B8 1E 7B 42 62 50 A7 42
1787904081.314523,34680,021e,12,33 33 C1 42 1E 85 29 42 50 8D A3 42
1787904081.326463,34680,021f,12,66 E6 12 43 5C 8F 22 42 3F 35 ED 42
1787904081.337698,34680,0220,12,66 66 F6 42 B8 1E C1 41 EE BC B8 42
1787904081.347975,34680,0221,12,33 33 F8 42 1F 85 96 42 60 E5 D1 41
1787904081.358294,34680,0222,12,9A 99 FF 42 9A 99 9D 42 D3 4D BD 41
1787904081.368697,34680,0223,12,CD CC DE 42 1E 85 F3 41 58 B9 26 42
1787904081.379331,34680,0224,12,00 80 12 43 9A 99 F1 41 15 AE 52 42
1787904081.389865,34680,0225,12,67 66 FB 42 EC 51 B0 41 B8 1E F7 41
1787904081.400160,34680,0226,12,9A 19 01 43 5C 8F 28 42 52 B8 BB 41
1787904081.410838,34680,0227,12,66 66 99 42 3E 0A 6B 42 52 F8 8D 42
1787904081.421495,34680,0228,12,CD CC 0C 43 EC 51 16 42 71 3D D6 42
1787904081.431900,34680,0229,12,66 66 0E 43 14 AE 31 42 75 13 53 42
1787904081.442375,34680,022a,12,00 00 8F 42 7B 14 9E 42 D7 23 E0 42
1787904081.453086,34680,022b,12,CC CC E8 42 0A D7 94 42 98 EE E0 42
1787904081.465652,34680,022c,12,66 66 48 42 14 AE 3D 42 50 0D 1A 42
1787904081.476263,34680,022d,12,CC CC F5 42 F6 28 74 42 7F 2A A2 42
1787904081.489057,34680,022e,12,9A 99 EE 42 C2 F5 94 42 FA 7E E4 42
1787904081.499594,34680,022f,12,66 66 8B 42 1F 85 2F 42 D7 A3 C3 41
1787904081.509966,34680,0230,12,00 00 A4 42 D7 A3 56 42 52 78 BF 42
1787904081.520566,34680,0231,12,9A 99 6F 42 F6 28 F0 41 56 8E DE 42
1787904081.530957,34680,0232,12,66 66 81 42 52 B8 9D 42 5A 64 B3 42
1787904081.541745,34680,0233,12,CD CC C2 42 EB 51 7C 42 0E AD D2 42
1787904081.552161,34680,0234,12,66 66 8E 42 86 EB 25 42 BC 74 FD 41
1787904081.562490,34680,0235,12,9A 99 DB 42 29 5C 97 42 1F 85 62 42
1787904081.574312,34680,0236,12,34 B3 05 43 90 C2 90 42 C9 36 B1 42
1787904081.598575,34680,0237,12,9A 99 4D 42 48 E1 9F 42 06 01 0B 42
1787904081.608968,34680,0238,12,CD CC D3 42 AE 47 B1 41 23 DB C0 42
1787904081.619378,34680,0239,12,34 33 0C 43 B8 1E A9 41 D9 CE B1 42
1787904081.629765,34680,023a,12,9A 99 91 42 14 AE 7F 42 66 E6 3C 42
1787904081.640115,34680,023b,12,00 00 86 42 00 00 24 42 D1 22 BA 41
1787904081.650427,34680,023c,12,00 00 09 43 14 AE 7F 42 8C 6C 9C 42
1787904081.660787,34680,023d,12,00 00 F0 42 C2 F5 06 42 EF A7 7C 42
1787904081.673458,34680,023e,12,33 33 9F 42 47 E1 56 42 94 18 A9 42
1787904081.684488,34680,023f,12,00 00 68 42 CC CC 4C 42 BA C9 5B 42
1787904081.694868,34680,0240,12,CC 4C 14 43 71 3D 00 42 08 AC 97 42
1787904081.705257,34680,0241,12,CC CC D9 42 E1 7A 72 42 D1 22 BA 41
1787904081.716515,34680,0242,12,9A 99 63 42 E1 7A 9D 42 98 AE 96 42
1787904081.727328,34680,0243,12,9A 99 99 42 F6 28 84 42 48 61 0D 42
1787904081.737799,34680,0244,12,CD CC 02 43 E1 7A E8 41 44 0B 6A 42
1787904081.748168,34680,0245,12,CC CC B9 42 71 3D 42 42 DF 4F 63 42
1787904081.758451,34680,0246,12,66 66 99 42 C2 F5 1E 42 0E AD 17 42
1787904081.769117,34680,0247,12,66 66 05 43 3D 0A 77 42 E5 90 DD 42
1787904081.779418,34680,0248,12,CC 4C 0E 43 14 AE 13 42 FC 69 9D 42
1787904081.789776,34680,0249,12,9A 99 D8 42 C2 F5 8E 42 9A 19 29 42
1787904081.800459,34680,024a,12,67 66 FE 42 AE 47 A5 41 B6 B3 94 42
1787904081.810832,34680,024b,12,66 66 8A 42 EC 51 F8 41 6C E7 CF 42
1787904081.821241,34680,024c,12,9A 99 4F 42 34 33 80 42 9C C4 B5 42
1787904081.832191,34680,024d,12,33 33 E1 42 52 B8 00 42 5E BA 61 42
1787904081.842692,34680,024e,12,00 00 EC 42 5C 8F 58 42 0C 82 CF 42
1787904081.857178,34680,024f,12,00 00 07 43 EC 51 83 42 00 80 01 42
1787904081.868284,34680,0250,12,66 66 5E 42 48 E1 02 42 1F 05 EC 42
1787904081.879688,34680,0251,12,9A 99 8B 42 14 AE 98 42 06 81 94 42
1787904081.890605,34680,0252,12,66 66 6C 42 C3 F5 AC 41 F6 A8 54 42
1787904081.903663,34680,0253,12,00 00 0D 43 33 33 67 42 BA 49 82 42
1787904081.915761,34680,0254,12,66 66 15 43 52 B8 42 42 7D 3F FE 41
1787904081.928242,34680,0255,12,34 33 FF 42 70 3D 91 42 CA A1 9B 42
1787904081.940186,34680,0256,12,00 00 83 42 3E 0A 7D 42 79 A9 98 42
1787904081.951423,34680,0257,12,00 00 0E 43 00 00 0C 42 3B 5F B5 42
1787904081.961792,34680,0258,12,9A 99 C5 42 E1 7A 48 42 D5 78 AB 42
1787904081.972214,34680,0259,12,9A 99 CA 42 14 AE 3D 42 60 65 8B 42
1787904081.982996,34680,025a,12,33 33 6D 42 EC 51 3A 42 44 4B A9 42
1787904081.993496,34680,025b,12,66 66 E8 42 A4 70 73 42 8A 01 B2 42
1787904082.003927,34680,025c,12,33 33 8C 42 E2 7A 12 42 04 96 DB 42
1787904082.014491,34680,025d,12,00 00 96 42 29 5C 69 42 89 41 AE 41
1787904082.025383,34680,025e,12,33 33 9E 42 D7 A3 2C 42 37 09 57 42
1787904082.035838,34680,025f,12,34 B3 0A 43 66 66 90 42 62 90 36 42
1787904082.046369,34680,0260,12,66 66 A4 42 D7 A3 44 42 BA 89 CC 42
1787904082.058077,34680,0261,12,CD CC 7A 42 90 C2 47 42 C9 76 AD 41
1787904082.068809,34680,0262,12,00 00 5E 42 D7 A3 A8 41 B8 9E 58 42
1787904082.079731,34680,0263,12,33 33 8D 42 90 C2 41 42 23 5B 8F 42
1787904082.090565,34680,0264,12,00 00 DE 42 A4 70 98 42 46 F6 DD 42
1787904082.101471,34680,0265,12,34 33 B0 42 7B 14 34 42 90 02 8A 42
1787904082.112025,34680,0266,12,CC CC F5 42 1E 85 81 42 2B 87 CD 42
1787904082.122403,34680,0267,12,66 66 A7 42 3D 0A AB 41 E8 FB C7 42
1787904082.134041,34680,0268,12,9A 19 0B 43 34 33 37 42 81 95 A1 41
1787904082.144439,34680,0269,12,33 33 15 43 00 00 97 42 2D 32 9F 42
1787904082.154822,34680,026a,12,CD CC AB 42 5C 8F 8F 42 A2 45 67 42
1787904082.170165,34680,026b,12,66 66 AC 42 1F 85 CF 41 7D FF 9E 42
1787904082.180661,34680,026c,12,66 66 ED 42 EC 51 F8 41 94 18 A9 42
1787904082.191064,34680,026d,12,CD CC 05 43 8F C2 C9 41 1F 85 62 42
1787904082.201553,34680,026e,12,9A 99 51 42 1F 85 17 42 31 08 D7 42
1787904082.211866,34680,026f,12,33 33 65 42 29 5C 2D 42 AC DC 84 42
1787904082.222519,34680,0270,12,66 66 9B 42 F6 28 84 42 1D DA 2D 42
1787904082.233049,34680,0271,12,00 00 9D 42 3E 0A 8D 42 CD CC B3 41
1787904082.243446,34680,0272,12,9A 99 81 42 48 E1 1A 42 D2 62 8C 42
1787904082.253896,34680,0273,12,66 66 BB 42 14 AE 98 42 0E 2D A1 42
1787904082.264446,34680,0274,12,00 00 D7 42 67 66 6E 42 B4 C8 F0 41
1787904082.275715,34680,0275,12,66 66 A2 42 00 00 82 42 AC DC 84 42
1787904082.287638,34680,0276,12,00 00 E0 42 0A D7 9D 42 74 93 F1 41
1787904082.298243,34680,0277,12,CD CC D1 42 7B 14 80 42 C9 76 98 42
1787904082.308745,34680,0278,12,33 33 B9 42 34 33 3D 42 23 9B D9 42
1787904082.319356,34680,0279,12,00 00 E4 42 B8 1E 8E 42 12 83 BC 41
1787904082.331076,34680,027a,12,00 00 86 42 00 00 94 42 3F 75 D4 42
1787904082.341665,34680,027b,12,CD CC A8 42 14 AE 9E 42 25 06 C4 42
1787904082.352326,34680,027c,12,9A 19 09 43 0A D7 39 42 31 C8 8C 42
1787904082.362814,34680,027d,12,33 33 C6 42 29 5C 2D 42 98 2E C8 42
1787904082.373181,34680,027e,12,CD CC D6 42 48 E1 BA 41 0E 6D 88 42
1787904082.384676,34680,027f,12,00 00 FB 42 A4 70 95 42 4C B7 76 42
1787904082.395060,34680,0280,12,33 33 AF 42 3E 0A 9C 42 C9 76 98 42
1787904082.405456,34680,0281,12,9A 99 CC 42 5C 8F 5E 42 90 C2 4A 42
1787904082.415753,34680,0282,12,00 00 A8 42 AE 47 9F 42 F2 12 BF 42
1787904082.426071,34680,0283,12,66 66 8B 42 33 33 E3 41 0C C2 B6 42
1787904082.436437,34680,0284,12,66 66 6E 42 EC 51 8F 42 AC DC 84 42
1787904082.446806,34680,0285,12,66 66 05 43 48 E1 0E 42 BA 49 82 42
1787904082.458442,34680,0286,12,CD 4C 06 43 48 E1 C6 41 CB E1 E5 42
1787904082.468805,34680,0287,12,CD CC 09 43 EC 51 6A 42 5C CF 9D 42
1787904082.479212,34680,0288,12,00 00 C4 42 F6 28 02 42 36 1E 93 42
1787904082.489569,34680,0289,12,CD 4C 0F 43 99 99 5D 42 6A 3C 9B 42
1787904082.499869,34680,028a,12,66 66 0E 43 7B 14 4C 42 89 41 AE 41
1787904082.510302,34680,028b,12,CD CC A2 42 70 3D 8E 42 31 08 7F 42
1787904082.520753,34680,028c,12,66 66 89 42 29 5C 91 42 A2 45 BF 42
1787904082.531257,34680,028d,12,9A 99 12 43 3D 0A 23 42 7B 54 CD 42
1787904082.541878,34680,028e,12,CC CC A7 42 C2 F5 85 42 C1 4A 65 42
1787904082.552648,34680,028f,12,34 33 F2 42 14 AE 89 42 D7 A3 C3 41
1787904082.563133,34680,0290,12,CD CC 10 43 C2 F5 9D 42 EF E7 BB 42
1787904082.573534,34680,0291,12,33 B3 0E 43 E2 7A 78 42 44 8B 90 42
1787904082.583827,34680,0292,12,CD CC D0 42 52 B8 2A 42 7D 3F FE 41
1787904082.594173,34680,0293,12,CD CC 86 42 0A D7 D3 41 AA F1 CB 42
1787904082.604854,34680,0294,12,9A 99 CF 42 5C 8F 46 42 38 89 F5 41
1787904082.615278,34680,0295,12,00 00 E9 42 EC 51 28 42 4C B7 76 42
1787904082.625698,34680,0296,12,33 33 8F 42 E1 7A 72 42 40 35 8A 42
1787904082.635994,34680,0297,12,00 00 0E 43 00 00 9D 42 90 02 8A 42
1787904082.646704,34680,0298,12,66 66 F5 42 E1 7A E8 41 BA 89 CC 42
1787904082.657223,34680,0299,12,CD 4C 00 43 90 C2 8A 42 A6 9B 6D 42
1787904082.669747,34680,029a,12,9A 99 4F 42 1E 85 29 42 D9 CE B1 42
1787904082.680675,34680,029b,12,9A 99 A8 42 3E 0A 7D 42 0E 6D EB 42
1787904082.691742,34680,029c,12,9A 99 91 42 52 B8 00 42 14 2E 21 42
1787904082.702227,34680,029d,12,99 99 DF 42 EC 51 8C 42 60 65 8B 42
1787904082.712852,34680,029e,12,00 00 BA 42 52 B8 9A 42 5E FA A0 42
1787904082.723747,34680,029f,12,9A 99 92 42 29 5C 21 42 95 03 C5 42
1787904082.734354,34680,02a0,12,CC CC 0E 43 AE 47 D5 41 E1 7A BE 42
1787904082.746085,34680,02a1,12,CD CC FD 42 1E 85 71 42 A6 1B 94 42
1787904082.756443,34680,02a2,12,00 00 83 42 33 33 83 42 79 A9 98 42
1787904082.767173,34680,02a3,12,99 99 E9 42 9A 99 21 42 EB D1 44 42
1787904082.777479,34680,02a4,12,00 00 62 42 00 00 9A 42 B6 B3 94 42
1787904082.787779,34680,02a5,12,33 33 02 43 A4 70 B9 41 6C 27 B7 42
1787904082.798130,34680,02a6,12,66 66 E1 42 A4 70 19 42 B8 1E E2 42
1787904082.808559,34680,02a7,12,CD CC D2 42 85 EB 01 42 02 6B D8 42
1787904082.818858,34680,02a8,12,66 66 E0 42 E1 7A 94 42 B7 F3 DE 42
1787904082.829349,34680,02a9,12,00 00 D3 42 71 3D BE 41 8D 97 B4 41
1787904082.839653,34680,02aa,12,66 66 9A 42 1F 85 84 42 20 F0 A4 42
1787904082.850469,34680,02ab,12,66 66 72 42 B8 1E 69 42 74 93 F1 41
1787904082.860768,34680,02ac,12,00 00 DC 42 A4 70 83 42 D3 0D C1 42
1787904082.871233,34680,02ad,12,34 33 12 43 3E 0A 3B 42 E1 FA 34 42
1787904082.881694,34680,02ae,12,CD CC BB 42 66 66 20 42 D3 CD D9 42
1787904082.891969,34680,02af,12,CD CC 9A 42 9A 99 B5 41 7B 54 CD 42
1787904082.902403,34680,02b0,12,00 00 14 43 E1 7A 7E 42 FE D4 FF 41
1787904082.912859,34680,02b1,12,9A 19 11 43 B8 1E 8B 42 6A 3C 9B 42
1787904082.928240,34680,02b2,12,00 00 80 42 5C 8F 6A 42 31 C8 8C 42
1787904082.938582,34680,02b3,12,CD CC D4 42 B8 1E 21 42 B2 1D 4F 42
1787904082.948825,34680,02b4,12,33 B3 14 43 9A 99 15 42 D3 4D 50 42
1787904082.959127,34680,02b5,12,33 33 FC 42 1E 85 53 42 6B FC B3 42
1787904082.969683,34680,02b6,12,66 66 94 42 EC 51 1C 42 2E 5D 4A 42
1787904083.009826,34680,02b7,12,CD CC AB 42 D6 A3 4A 42 F8 53 F6 41
1787904083.020375,34680,02b8,12,66 66 B5 42 B8 1E 9D 42 BC 34 9E 42
1787904083.032980,34680,02b9,12,00 00 F6 42 86 EB 73 42 76 FE C6 42
1787904083.044937,34680,02ba,12,00 00 9A 42 1E 85 23 42 CD CC 46 42
1787904083.057331,34680,02bb,12,66 66 AB 42 66 66 3E 42 E5 D0 09 42
1787904083.068980,34680,02bc,12,33 33 79 42 E2 7A 4E 42 E8 FB 0C 42
1787904083.079836,34680,02bd,12,CD CC 87 42 33 33 67 42 1F 05 31 42
1787904083.090818,34680,02be,12,00 00 FF 42 85 EB 7F 42 7B 14 E6 42
1787904083.101935,34680,02bf,12,CD CC 84 42 AE 47 BD 41 DB F9 C9 41
1787904083.112433,34680,02c0,12,66 66 8A 42 AE 47 99 42 42 20 A6 42
1787904083.122948,34680,02c1,12,33 33 8C 42 B8 1E FD 41 C0 8A A4 42
1787904083.133690,34680,02c2,12,CD CC F1 42 F5 28 50 42 B4 08 C3 42
1787904083.144381,34680,02c3,12,00 00 D3 42 70 3D 78 42 7B 14 83 42
1787904083.154763,34680,02c4,12,CD CC 0B 43 29 5C 82 42 93 18 BE 41
1787904083.165045,34680,02c5,12,00 00 5E 42 E1 7A 72 42 5A 64 B3 42
1787904083.175415,34680,02c6,12,CD CC B5 42 C3 F5 0C 42 96 83 93 42
1787904083.185945,34680,02c7,12,66 66 87 42 5C 8F F2 41 49 8C CB 42
1787904083.196389,34680,02c8,12,CD CC 48 42 0A D7 09 42 0A D7 9A 42
1787904083.206833,34680,02c9,12,9A 99 11 43 0A D7 33 42 8D 17 D1 42
1787904083.217218,34680,02ca,12,CD CC 76 42 66 66 02 42 E0 8F A2 42
1787904083.227682,34680,02cb,12,9A 99 6B 42 85 EB 8F 42 18 04 59 42
1787904083.238095,34680,02cc,12,9A 99 82 42 9A 99 B5 41 66 E6 94 42
1787904083.248346,34680,02cd,12,9A 99 00 43 EC 51 8C 42 D9 8E CA 42
1787904083.258647,34680,02ce,12,67 66 D6 42 E1 7A 54 42 A8 C6 0D 42
1787904083.268932,34680,02cf,12,00 00 A0 42 66 66 C6 41 3E 0A EA 42
1787904083.279288,34680,02d0,12,00 80 10 43 E1 7A 8E 42 8D D7 E9 42
1787904083.289780,34680,02d1,12,33 33 EC 42 AE 47 0B 42 BA 49 E5 42
1787904083.301555,34680,02d2,12,33 B3 0D 43 0A D7 EB 41 EC 51 E3 41
1787904083.311845,34680,02d3,12,33 33 91 42 7A 14 86 42 90 42 19 42
1787904083.322145,34680,02d4,12,CD CC 88 42 8F C2 96 42 CF 37 EC 42
1787904083.332491,34680,02d5,12,CD CC 72 42 0A D7 51 42 89 41 AE 41
1787904083.342940,34680,02d6,12,66 66 CE 42 D7 A3 D8 41 A2 45 04 42
1787904083.353170,34680,02d7,12,9A 99 B8 42 EC 51 4C 42 5C 8F CB 41
1787904083.363591,34680,02d8,12,CC 4C 08 43 52 B8 24 42 85 6B C4 42
1787904083.373994,34680,02d9,12,CD CC 54 42 66 66 9F 42 17 D9 55 42
1787904083.384304,34680,02da,12,33 33 E9 42 14 AE D7 41 4E E2 79 42
1787904083.394720,34680,02db,12,67 66 FD 42 14 AE 2B 42 91 6D 7F 42
1787904083.405084,34680,02dc,12,66 66 F7 42 EC 51 2E 42 0E 2D 49 42
1787904083.415869,34680,02dd,12,9A 99 5B 42 66 66 20 42 58 39 C5 41
1787904083.427046,34680,02de,12,9A 19 03 43 A4 70 F5 41 58 B9 26 42
1787904083.437833,34680,02df,12,66 66 F4 42 7B 14 9E 42 8B EC 75 42
1787904083.448470,34680,02e0,12,CD CC AF 42 29 5C 7B 42 B8 1E F7 41
1787904083.458911,34680,02e1,12,00 00 A4 42 7B 14 CE 41 6E D2 88 42
1787904083.469252,34680,02e2,12,CD CC 89 42 A4 70 A1 41 E1 FA 34 42
1787904083.480000,34680,02e3,12,00 00 C5 42 5C 8F 0A 42 90 C2 4A 42
1787904083.490735,34680,02e4,12,CD CC 6E 42 90 C2 65 42 0C 02 9E 42
1787904083.501235,34680,02e5,12,00 00 9B 42 66 66 99 42 25 46 AB 42
1787904083.511690,34680,02e6,12,66 66 E9 42 3E 0A 05 42 FC A9 E7 42
1787904083.522725,34680,02e7,12,33 33 8D 42 67 66 6E 42 CD 8C B7 42
1787904083.533207,34680,02e8,12,66 E6 13 43 0A D7 57 42 BC 74 E8 42
1787904083.545147,34680,02e9,12,CC 4C 15 43 5C 8F 76 42 B0 F2 4B 42
1787904083.555866,34680,02ea,12,CD CC D1 42 1F 85 05 42 F0 27 A3 42
1787904083.566854,34680,02eb,12,33 33 A6 42 E1 7A 8B 42 92 6D 1C 42
1787904083.577367,34680,02ec,12,CD CC 10 43 29 5C 97 42 67 66 6E 42
1787904083.587984,34680,02ed,12,33 33 C2 42 5C 8F C2 41 23 5B 8F 42
1787904083.599948,34680,02ee,12,00 00 E3 42 85 EB 37 42 EB D1 44 42
1787904083.614978,34680,02ef,12,CD CC 02 43 48 E1 0E 42 F0 27 4B 42
1787904083.627804,34680,02f0,12,00 00 C4 42 5C 8F 9E 42 3B DF E6 42
1787904083.639814,34680,02f1,12,66 66 F5 42 85 EB 83 42 20 30 8C 42
1787904083.650467,34680,02f2,12,00 00 E4 42 33 33 07 42 04 D6 C2 42
1787904083.660843,34680,02f3,12,9A 99 E1 42 71 3D 00 42 B4 08 C3 42
1787904083.671233,34680,02f4,12,CD CC A8 42 E1 7A 60 42 D9 0E 99 42
1787904083.681758,34680,02f5,12,00 00 92 42 33 33 D7 41 40 35 8A 42
1787904083.692231,34680,02f6,12,66 66 C8 42 70 3D 48 42 0E AD 17 42
1787904083.702689,34680,02f7,12,33 33 E2 42 34 33 EF 41 68 51 E2 42
1787904083.712995,34680,02f8,12,66 66 F4 42 1E 85 41 42 B0 72 1A 42
1787904083.723385,34680,02f9,12,CD CC 11 43 9A 99 0F 42 27 B1 3D 42
1787904083.733984,34680,02fa,12,9A 19 0A 43 33 33 79 42 F6 28 F3 41
1787904083.744309,34680,02fb,12,67 66 F0 42 E1 7A 18 42 85 2B DD 42
1787904083.754712,34680,02fc,12,CD 4C 0C 43 D7 A3 E4 41 F4 7D A9 42
1787904083.765201,34680,02fd,12,9A 99 FD 42 F6 28 32 42 8B 2C B5 42
1787904083.776611,34680,02fe,12,66 66 09 43 D7 A3 0E 42 0A D7 9A 42
1787904083.787448,34680,02ff,12,66 66 DB 42 34 33 1F 42 6F D2 EB 42
1787904083.798126,34680,0300,12,00 00 DF 42 70 3D 0C 42 E8 FB 6F 42
1787904083.808672,34680,0301,12,66 66 6A 42 0A D7 1B 42 9A 19 29 42
1787904083.819306,34680,0302,12,00 00 05 43 EC 51 EC 41 C9 76 40 42
1787904083.830234,34680,0303,12,66 66 0C 43 48 E1 2C 42 CF 37 89 42
1787904083.840681,34680,0304,12,67 66 F0 42 AE 47 47 42 AE 47 7A 42
1787904083.851181,34680,0305,12,9A 99 CF 42 5C 8F 64 42 0C 82 77 42
1787904083.861665,34680,0306,12,33 33 81 42 E1 7A B8 41 2D 32 9F 42
1787904083.872055,34680,0307,12,33 33 94 42 00 00 9A 42 B6 B3 94 42
1787904083.882452,34680,0308,12,CD CC AF 42 C3 F5 A0 41 D9 4E 80 42
1787904083.892896,34680,0309,12,CD CC 4E 42 85 EB 83 42 90 C2 A2 42
1787904083.903496,34680,030a,12,CD CC 58 42 48 E1 8D 42 73 68 D9 42
1787904083.914176,34680,030b,12,34 B3 04 43 D7 A3 96 42 60 65 8B 42
1787904083.924635,34680,030c,12,9A 99 E7 42 9A 99 97 42 75 13 AB 42
1787904083.934917,34680,030d,12,9A 99 B2 42 85 EB 07 42 C2 B5 A7 42
1787904083.945351,34680,030e,12,00 00 FD 42 0A D7 33 42 BA 49 FA 41
1787904083.956007,34680,030f,12,CD CC D4 42 B8 1E 82 42 6C 27 B7 42
1787904083.972164,34680,0310,12,34 33 11 43 9A 99 15 42 A6 1B 94 42
1787904083.982554,34680,0311,12,33 33 8F 42 48 E1 9F 42 42 60 35 42
1787904083.992907,34680,0312,12,9A 99 49 42 0A D7 82 42 D7 23 25 42
1787904084.003447,34680,0313,12,34 B3 11 43 66 66 2C 42 87 56 E0 42
1787904084.013860,34680,0314,12,CD CC 15 43 52 B8 78 42 58 39 C5 41
1787904084.024735,34680,0315,12,CD CC FA 42 00 00 88 42 00 C0 A3 42
1787904084.035387,34680,0316,12,99 99 EA 42 7B 14 70 42 2D 72 86 42
1787904084.045968,34680,0317,12,CD CC E3 42 EC 51 58 42 D3 8D 8F 42
1787904084.056298,34680,0318,12,99 99 EB 42 C2 F5 F4 41 8A C1 CA 42
1787904084.066719,34680,0319,12,00 00 A9 42 1F 85 AB 41 64 BB 91 42
1787904084.082044,34680,031a,12,9A 99 C1 42 33 33 8C 42 A6 5B DE 42
1787904084.092633,34680,031b,12,9A 99 C3 42 A4 70 B9 41 79 E9 F7 41
1787904084.108134,34680,031c,12,00 00 E9 42 52 B8 30 42 1C DA E8 42
1787904084.119112,34680,031d,12,CC CC 07 43 66 66 20 42 E3 A5 D6 41
1787904084.129817,34680,031e,12,33 33 96 42 29 5C 57 42 AA 71 9A 42
1787904084.142409,34680,031f,12,00 00 F3 42 5C 8F 4C 42 FA BE CB 42
1787904084.153538,34680,0320,12,CD CC B4 42 33 33 FB 41 42 60 35 42
1787904084.166867,34680,0321,12,33 33 AF 42 52 B8 91 42 F8 D3 57 42
1787904084.177764,34680,0322,12,33 33 C7 42 7B 14 04 42 5D 0F E8 42
1787904084.188958,34680,0323,12,00 80 0D 43 C2 F5 18 42 8A 41 99 42
1787904084.199398,34680,0324,12,33 33 E0 42 7B 14 89 42 7A D4 9B 42
1787904084.209815,34680,0325,12,9A 99 A7 42 71 3D 24 42 3B 9F 9C 42
1787904084.221320,34680,0326,12,99 99 F6 42 A4 70 3D 42 DF 4F 00 42
1787904084.232300,34680,0327,12,CC CC E8 42 CD CC 89 42 87 16 96 42
1787904084.244698,34680,0328,12,34 B3 0B 43 CD CC 2E 42 C2 F5 36 42
1787904084.255438,34680,0329,12,00 00 14 43 EC 51 92 42 E5 10 AC 42
1787904084.266037,34680,032a,12,CD CC 90 42 B9 1E 57 42 F8 D3 57 42
1787904084.276722,34680,032b,12,00 00 C0 42 B8 1E 91 42 1B 2F B4 42
1787904084.287709,34680,032c,12,33 33 E0 42 C2 F5 06 42 73 68 D9 42
1787904084.298167,34680,032d,12,00 00 84 42 52 B8 A6 41 B8 DE 97 42
1787904084.309084,34680,032e,12,66 66 CA 42 F6 28 38 42 81 15 03 42
1787904084.320989,34680,032f,12,9A 99 0D 43 D7 A3 38 42 FA 3E 9A 42
1787904084.332152,34680,0330,12,00 00 A9 42 14 AE 37 42 10 98 8B 42
1787904084.342994,34680,0331,12,00 00 62 42 EB 51 52 42 6A BC E1 41
1787904084.353781,34680,0332,12,9A 99 4F 42 14 AE 73 42 44 8B 38 42
1787904084.364151,34680,0333,12,00 00 BD 42 A4 70 86 42 4C 77 84 42
1787904084.374575,34680,0334,12,CD CC EE 42 A4 70 73 42 F8 53 E1 42
1787904084.384944,34680,0335,12,66 66 58 42 90 C2 23 42 CF F7 49 42
1787904084.395247,34680,0336,12,33 33 DF 42 A4 70 3D 42 C1 4A 65 42
1787904084.405676,34680,0337,12,CD CC 8F 42 D7 A3 3E 42 11 D8 D5 42
1787904084.416573,34680,0338,12,66 66 BB 42 CD CC 0A 42 7B 14 FB 41
1787904084.427059,34680,0339,12,67 66 E4 42 34 33 8F 42 27 F1 DF 42
1787904084.437372,34680,033a,12,CC 4C 02 43 52 B8 18 42 40 B5 00 42
1787904084.447808,34680,033b,12,34 33 FE 42 70 3D 88 42 49 CC B2 42
1787904084.458703,34680,033c,12,66 66 B5 42 00 00 A0 41 3B DF E6 42
1787904084.469209,34680,033d,12,CD CC EF 42 AE 47 6B 42 21 70 D6 42
1787904084.479725,34680,033e,12,00 00 66 42 E1 7A 18 42 E4 A5 69 42
1787904084.490042,34680,033f,12,33 B3 06 43 34 33 3D 42 F6 68 C5 42
1787904084.500376,34680,0340,12,9A 99 9D 42 CD CC F8 41 B4 C8 20 42
1787904084.511035,34680,0341,12,CC CC AD 42 70 3D 5A 42 4C B7 CE 42
1787904084.521427,34680,0342,12,00 00 50 42 85 EB 2B 42 E9 26 73 42
1787904084.533888,34680,0343,12,67 66 EF 42 C3 F5 AC 41 81 15 03 42
1787904084.544400,34680,0344,12,33 33 F7 42 E1 7A 06 42 9C 44 2C 42
1787904084.554917,34680,0345,12,33 33 51 42 D7 A3 84 42 1F 05 89 42
1787904084.565226,34680,0346,12,00 00 72 42 C2 F5 60 42 93 18 BE 41
1787904084.601912,34680,0347,12,CD CC EF 42 14 AE 98 42 87 96 C7 42
1787904084.612379,34680,0348,12,00 00 83 42 9A 99 82 42 3F B5 BB 42
1787904084.622815,34680,0349,12,CC CC D8 42 B8 1E D9 41 EA A6 99 42
1787904084.633147,34680,034a,12,66 66 B6 42 1F 85 FF 41 B4 48 52 42
1787904084.643543,34680,034b,12,66 66 DF 42 0A D7 3F 42 11 18 BD 42
1787904084.653936,34680,034c,12,00 00 4C 42 00 00 94 42 83 40 06 42
1787904084.664228,34680,034d,12,9A 99 80 42 C3 F5 97 42 BA 09 9B 42
1787904084.674782,34680,034e,12,00 00 DF 42 33 33 5B 42 21 70 D6 42
1787904084.685388,34680,034f,12,CC CC B8 42 90 C2 81 42 AE 47 17 42
1787904084.695635,34680,0350,12,9A 99 AB 42 85 EB 3D 42 D3 4D A8 42
1787904084.706156,34680,0351,12,00 80 03 43 66 66 A2 41 44 8B A5 41
1787904084.716705,34680,0352,12,00 00 D3 42 1E 85 71 42 E8 7B 96 42
1787904084.733926,34680,0353,12,CD CC FE 42 3E 0A 35 42 36 5E F2 41
1787904084.744260,34680,0354,12,00 00 D1 42 D7 A3 02 42 50 CD ED 42
1787904084.754429,34680,0355,12,66 66 B7 42 52 B8 D6 41 68 11 98 42
1787904084.764771,34680,0356,12,34 33 0B 43 3E 0A 47 42 C3 F5 A3 41
1787904084.775116,34680,0357,12,00 80 06 43 9A 99 39 42 4A 0C 9A 42
1787904084.785595,34680,0358,12,00 00 8A 42 CD CC 5E 42 9E EF 60 42
1787904084.796140,34680,0359,12,00 00 AE 42 85 EB 79 42 F4 BD 90 42
1787904084.806624,34680,035a,12,66 66 9A 42 EC 51 F8 41 CB 61 B4 42
1787904084.819064,34680,035b,12,00 00 95 42 8F C2 7D 42 D3 4D 50 42
1787904084.829434,34680,035c,12,66 E6 00 43 7A 14 10 42 CF B7 BA 42
1787904084.839778,34680,035d,12,9A 99 A1 42 7B 14 7C 42 4E A2 87 42
1787904084.850201,34680,035e,12,CD CC 97 42 B8 1E C1 41 79 A9 98 42
1787904084.860729,34680,035f,12,9A 99 6D 42 14 AE 07 42 B2 9D ED 41
1787904084.871512,34680,0360,12,9A 99 06 43 D7 A3 56 42 DF 4F 63 42
1787904084.881949,34680,0361,12,00 00 8B 42 D7 A3 32 42 35 DE 53 42
1787904084.892466,34680,0362,12,CD CC 99 42 3E 0A 96 42 7B 94 B4 42
1787904084.913965,34680,0363,12,00 00 92 42 33 33 FB 41 74 93 F1 41
1787904084.924412,34680,0364,12,33 33 8A 42 C3 F5 66 42 A0 9A 32 42
1787904084.934913,34680,0365,12,CC CC B3 42 AE 47 05 42 F0 A7 E9 41
1787904084.945440,34680,0366,12,66 66 BB 42 86 EB 49 42 9C C4 B5 42
1787904084.955800,34680,0367,12,9A 99 07 43 33 33 92 42 81 95 34 42
1787904084.966119,34680,0368,12,66 66 B9 42 7B 14 9E 42 C9 76 40 42
1787904084.976776,34680,0369,12,00 00 F2 42 5C 8F 6A 42 0A D7 AF 41
1787904084.987335,34680,036a,12,9A 99 E2 42 F6 28 81 42 C2 75 68 42
1787904084.997964,34680,036b,12,CD CC 4E 42 CD CC 52 42 6A BC 11 42
1787904085.008475,34680,036c,12,66 66 70 42 0A D7 AF 41 0A 97 B3 42
1787904085.023154,34680,036d,12,66 66 B3 42 0A D7 EB 41 D7 A3 C3 41
1787904085.033944,34680,036e,12,CC 4C 08 43 E1 7A 48 42 FA 7E F9 41
1787904085.044393,34680,036f,12,66 66 9E 42 EC 51 28 42 64 BB 39 42
1787904085.054780,34680,0370,12,9A 99 B1 42 29 5C 97 42 9E AF D1 42
1787904085.065239,34680,0371,12,66 66 B2 42 00 00 9A 42 62 90 8E 42
1787904085.075719,34680,0372,12,34 33 B6 42 52 B8 00 42 10 D8 1A 42
1787904085.086196,34680,0373,12,9A 99 FE 42 52 B8 0C 42 72 68 1E 42
1787904085.096875,34680,0374,12,9A 99 B9 42 0A D7 4B 42 33 B3 50 42
1787904085.107359,34680,0375,12,00 00 F4 42 29 5C 27 42 31 08 EC 41
1787904085.118042,34680,0376,12,00 00 DA 42 3E 0A 6B 42 3F 35 ED 42
1787904085.128841,34680,0377,12,9A 99 FA 42 B8 1E 27 42 8B 2C B5 42
1787904085.139236,34680,0378,12,34 33 BD 42 EB 51 64 42 FE 54 B9 42
1787904085.149930,34680,0379,12,33 33 5F 42 48 E1 14 42 2B 87 CD 42
1787904085.160492,34680,037a,12,9A 99 95 42 A4 70 E9 41 02 AB BF 42
1787904085.171060,34680,037b,12,9A 99 88 42 34 33 61 42 E8 FB 6F 42
1787904085.184835,34680,037c,12,33 33 9C 42 E2 7A 5A 42 AA B1 E4 42
1787904085.195357,34680,037d,12,CD CC D2 42 29 5C 03 42 20 F0 A4 42
1787904085.205731,34680,037e,12,66 66 02 43 7B 14 70 42 58 79 97 42
1787904085.216095,34680,037f,12,9A 99 06 43 9A 99 15 42 2F DD E8 41
1787904085.226650,34680,0380,12,9A 99 61 42 AE 47 BD 41 83 40 C1 42
1787904085.237005,34680,0381,12,00 00 EE 42 8F C2 BD 41 73 A8 C0 42
1787904085.247732,34680,0382,12,9A 99 BF 42 CD CC 28 42 85 2B DD 42
1787904085.258240,34680,0383,12,CC 4C 15 43 33 33 0D 42 8A 81 E3 42
1787904085.272427,34680,0384,12,CD CC F1 42 1F 85 84 42 6C 67 46 42
1787904085.284652,34680,0385,12,33 33 D3 42 1E 85 90 42 E9 26 CB 42
1787904085.295404,34680,0386,12,9A 99 B3 42 9A 99 88 42 2B C7 B4 42
1787904085.306171,34680,0387,12,66 66 50 42 3E 0A 81 42 6F D2 EB 42
1787904095.364598,34680,0389,12,66 66 74 42 3D 0A 8A 42 90 C2 4A 42
1787904095.374748,34680,038a,12,66 E6 09 43 B8 1E 39 42 66 66 0B 42
1787904095.386473,34680,038b,12,33 B3 06 43 AE 47 6B 42 27 31 6F 42
1787904095.396981,34680,038c,12,00 00 B5 42 66 66 44 42 50 0D 7D 42
1787904095.407743,34680,038d,12,CD CC 8D 42 29 5C 94 42 81 15 66 42
1787904095.418724,34680,038e,12,00 00 F6 42 14 AE BF 41 F2 52 A6 42
1787904095.429125,34680,038f,12,33 B3 08 43 9A 99 63 42 7B 54 CD 42
1787904095.439442,34680,0390,12,66 66 90 42 66 66 EA 41 EB D1 9C 42
1787904095.449818,34680,0391,12,33 33 EA 42 14 AE 89 42 FC 69 9D 42
1787904095.460320,34680,0392,12,9A 99 C9 42 E2 7A 4E 42 06 01 6E 42
1787904095.470738,34680,0393,12,00 00 95 42 C2 F5 78 42 83 40 C1 42
1787904095.481164,34680,0394,12,66 66 F9 42 00 00 78 42 5E FA A0 42
1787904095.491683,34680,0395,12,00 00 9B 42 E1 7A 48 42 1C DA E8 42
1787904095.502069,34680,0396,12,9A 99 00 43 A4 70 DD 41 15 AE 52 42
1787904095.512718,34680,0397,12,66 66 13 43 85 EB 2B 42 18 44 98 42
1787904095.523910,34680,0398,12,CD CC AB 42 85 EB 7F 42 DD A4 2E 42
1787904095.534366,34680,0399,12,33 33 95 42 9A 99 CD 41 FC 29 5E 42
1787904095.545360,34680,039a,12,66 66 48 42 EC 51 16 42 F6 E8 93 42
1787904095.556193,34680,039b,12,00 00 F8 42 48 E1 0E 42 77 BE F4 41
1787904095.570134,34680,039c,12,CD CC AA 42 F6 28 A8 41 54 63 DB 42
1787904095.580745,34680,039d,12,9A 99 A0 42 85 EB 13 42 B7 33 C6 42
1787904095.591407,34680,039e,12,00 00 83 42 5C 8F 16 42 B8 1E F7 41
1787904095.602121,34680,039f,12,9A 99 67 42 70 3D 85 42 36 5E F2 41
1787904095.613065,34680,03a0,12,66 66 EC 42 5C 8F 95 42 4C 37 B2 41
1787904095.623913,34680,03a1,12,34 33 CE 42 F5 28 6E 42 18 04 59 42
1787904095.634865,34680,03a2,12,CD CC A3 42 33 33 8C 42 12 83 A7 42
1787904095.678283,34680,03a3,12,CD CC 8D 42 A4 70 DD 41 1D 5A CC 41
1787904095.688494,34680,03a4,12,9A 99 BD 42 9A 99 27 42 BC F4 B6 42
1787904095.700923,34680,03a5,12,9A 99 4F 42 EC 51 28 42 92 6D 1C 42
1787904095.712505,34680,03a6,12,9A 99 F9 42 A4 70 E9 41 D3 4D A8 42
1787904095.723662,34680,03a7,12,34 33 E5 42 0A D7 97 42 0A 57 CC 42
1787904095.735994,34680,03a8,12,00 00 82 42 52 B8 B2 41 50 8D 4B 42
1787904095.747252,34680,03a9,12,66 66 15 43 0A D7 9D 42 E1 FA 34 42
1787904095.759383,34680,03aa,12,9A 99 D9 42 7B 14 AA 41 9E 6F EA 42
1787904095.769979,34680,03ab,12,00 80 08 43 3E 0A 47 42 FC A9 FC 41
1787904095.781540,34680,03ac,12,00 00 14 43 5C 8F 58 42 8F 02 ED 42
1787904095.792681,34680,03ad,12,9A 99 FB 42 0A D7 D3 41 46 B6 3B 42
1787904095.803694,34680,03ae,12,00 00 EF 42 CC CC 8C 42 87 D6 AE 42
1787904095.814187,34680,03af,12,34 33 F2 42 48 E1 87 42 33 B3 A8 42
1787904095.824620,34680,03b0,12,9A 99 96 42 0A D7 63 42 BA 49 FA 41
1787904095.835095,34680,03b1,12,33 33 02 43 CD CC 86 42 60 E5 64 42
1787904095.845567,34680,03b2,12,CD CC 89 42 90 C2 81 42 89 41 AE 41
1787904095.855949,34680,03b3,12,CC 4C 08 43 F6 28 9F 42 E5 D0 6C 42
1787904095.866658,34680,03b4,12,00 00 9D 42 A4 70 7F 42 2D 32 9F 42
1787904095.877192,34680,03b5,12,CD 4C 0B 43 C3 F5 30 42 60 65 8B 42
1787904095.887817,34680,03b6,12,66 66 E0 42 5C 8F 80 42 95 03 C5 42
1787904095.898334,34680,03b7,12,66 66 A5 42 D7 A3 38 42 F2 52 A6 42
1787904095.910083,34680,03b8,12,34 33 A4 42 9A 99 4B 42 3B DF FB 41
1787904095.920605,34680,03b9,12,33 33 C6 42 3E 0A E7 41 B4 C8 F0 41
1787904095.931043,34680,03ba,12,CD 4C 12 43 B8 1E 2D 42 21 B0 D2 41
1787904095.941519,34680,03bb,12,33 33 82 42 B8 1E B5 41 1B EF CC 42
1787904095.951764,34680,03bc,12,9A 99 BA 42 E1 7A 7E 42 4E E2 16 42
1787904095.962163,34680,03bd,12,33 33 83 42 29 5C 7B 42 36 5E 22 42
1787904095.972582,34680,03be,12,33 33 97 42 D7 A3 68 42 F4 BD 90 42
1787904095.986435,34680,03bf,12,9A 99 01 43 E2 7A 5A 42 1B 2F 5C 42
1787904095.997521,34680,03c0,12,34 33 E6 42 0A D7 85 42 C3 F5 A3 41
1787904096.007968,34680,03c1,12,66 66 AB 42 48 E1 81 42 1C 9A 9E 42
1787904096.018410,34680,03c2,12,CD CC D1 42 EC 51 1C 42 2D 72 86 42
1787904096.028976,34680,03c3,12,00 00 DB 42 E1 7A 6C 42 E4 25 38 42
1787904096.039630,34680,03c4,12,66 66 AB 42 70 3D 36 42 C6 8B DF 42
1787904096.050486,34680,03c5,12,CD CC 64 42 CD CC 86 42 29 DC 40 42
1787904096.061490,34680,03c6,12,00 00 F0 42 34 33 80 42 18 44 98 42
1787904096.071901,34680,03c7,12,66 E6 09 43 AE 47 41 42 2C 07 44 42
1787904096.082416,34680,03c8,12,33 33 DE 42 AE 47 87 42 EA 26 10 42
1787904096.093239,34680,03c9,12,33 33 AF 42 B8 1E 5D 42 C6 CB 6E 42
1787904096.103952,34680,03ca,12,00 00 BC 42 3E 0A 11 42 E5 D0 D9 41
1787904096.114405,34680,03cb,12,CD CC 85 42 3E 0A 87 42 37 C9 C7 42
1787904096.124907,34680,03cc,12,66 66 0E 43 29 5C 75 42 06 81 A9 41
1787904096.135373,34680,03cd,12,9A 99 E0 42 AE 47 A5 41 0A 57 11 42
1787904096.146201,34680,03ce,12,9A 99 A8 42 7A 14 FE 41 67 A6 AD 42
1787904096.156720,34680,03cf,12,33 33 E1 42 66 66 20 42 56 8E 23 42
1787904096.167535,34680,03d0,12,00 00 ED 42 66 66 F6 41 B4 48 52 42
1787904096.178242,34680,03d1,12,33 33 7D 42 C2 F5 85 42 0E AD 7A 42
1787904096.188910,34680,03d2,12,00 00 E4 42 3E 0A 4D 42 E6 50 3B 42
1787904096.199580,34680,03d3,12,00 00 AC 42 3E 0A C3 41 2E 5D 4A 42
1787904096.210155,34680,03d4,12,66 66 F9 42 EC 51 58 42 BC 74 85 42
1787904096.220810,34680,03d5,12,33 33 D1 42 00 00 60 42 9C 84 CE 42
1787904096.231175,34680,03d6,12,33 33 C5 42 1F 85 11 42 1A 6F 9B 42
1787904096.241626,34680,03d7,12,66 66 05 43 3E 0A 93 42 FE D4 87 42
1787904096.252057,34680,03d8,12,66 66 B9 42 AE 47 1D 42 C1 CA A0 41
1787904096.262549,34680,03d9,12,34 B3 05 43 00 00 36 42 91 ED A5 42
1787904096.273047,34680,03da,12,66 66 89 42 7B 14 E6 41 D9 8E CA 42
1787904096.283578,34680,03db,12,00 00 B2 42 CD CC 64 42 8A 01 B2 42
1787904096.294436,34680,03dc,12,9A 19 05 43 5C 8F DA 41 A6 9B 0A 42
1787904096.304992,34680,03dd,12,66 66 D9 42 F6 28 96 42 90 C2 4A 42
1787904096.315648,34680,03de,12,9A 99 A2 42 52 B8 B2 41 18 04 C6 41
1787904096.326214,34680,03df,12,33 33 D5 42 7B 14 46 42 29 5C 0F 42
1787904096.338588,34680,03e0,12,CD CC E5 42 CD CC 28 42 E1 BA A5 42
1787904096.349369,34680,03e1,12,66 66 03 43 3E 0A 0B 42 FE 54 B9 42
1787904096.359968,34680,03e2,12,66 E6 0A 43 CD CC 28 42 1F 85 62 42
1787904096.370634,34680,03e3,12,33 33 A8 42 C3 F5 0C 42 2B 47 E6 42
1787904096.382192,34680,03e4,12,9A 99 C1 42 5C 8F 5E 42 AE 47 17 42
1787904096.393178,34680,03e5,12,33 33 51 42 EC 51 3A 42 C5 20 92 42
1787904096.404072,34680,03e6,12,33 33 E1 42 B8 1E 27 42 56 CE C5 42
1787904096.414549,34680,03e7,12,33 33 A6 42 90 C2 17 42 B4 08 C3 42
1787904096.425902,34680,03e8,12,33 33 EE 42 0A D7 1B 42 44 0B C2 42
1787904096.436963,34680,03e9,12,9A 99 AA 42 0A D7 3F 42 A0 5A A3 42
1787904096.447478,34680,03ea,12,00 00 58 42 29 5C 91 42 79 69 B1 42
1787904096.458083,34680,03eb,12,66 66 64 42 E1 7A AC 41 1C 5A B7 42
1787904096.468860,34680,03ec,12,33 33 A9 42 1F 85 8D 42 F0 67 8A 42
1787904096.479560,34680,03ed,12,66 E6 0C 43 14 AE 37 42 D5 F8 DC 42
1787904096.502863,34680,03ee,12,00 80 08 43 E1 7A 42 42 F4 BD 90 42
1787904096.513409,34680,03ef,12,CD CC 4E 42 B8 1E 39 42 29 5C 72 42
1787904096.523909,34680,03f0,12,33 33 FD 42 3E 0A 17 42 2F 9D 89 42
1787904096.534446,34680,03f1,12,66 66 54 42 48 E1 EA 41 7D FF 9E 42
1787904096.544925,34680,03f2,12,9A 99 10 43 66 66 0E 42 5E BA CE 41
1787904096.555434,34680,03f3,12,9A 99 8B 42 52 B8 54 42 D5 78 C0 41
1787904096.565809,34680,03f4,12,9A 99 C6 42 3D 0A 41 42 95 43 AC 42
1787904096.576337,34680,03f5,12,66 E6 0D 43 14 AE EF 41 EE 7C E6 41
1787904096.586704,34680,03f6,12,00 00 F2 42 B8 1E FD 41 79 A9 98 42
1787904096.597240,34680,03f7,12,CD CC 8E 42 C2 F5 18 42 08 AC 3F 42
1787904096.607762,34680,03f8,12,66 66 A5 42 66 66 90 42 96 C3 22 42
1787904096.618285,34680,03f9,12,34 33 05 43 E2 7A D0 41 94 18 A9 42
1787904096.628878,34680,03fa,12,33 33 C7 42 AE 47 47 42 CA E1 82 42
1787904096.639730,34680,03fb,12,CD CC C4 42 9A 99 A9 41 F8 D3 57 42
1787904096.650379,34680,03fc,12,9A 99 D8 42 EC 51 3A 42 31 08 7F 42
1787904096.660810,34680,03fd,12,CC CC CE 42 29 5C 9A 42 5A 24 CC 42
1787904096.671749,34680,03fe,12,66 66 88 42 B8 1E 3F 42 CD 8C B7 42
1787904096.682185,34680,03ff,12,00 00 BC 42 5C 8F 83 42 96 C3 22 42
1787904096.692887,34680,0400,12,33 33 7F 42 52 B8 0C 42 91 ED A5 42
1787904096.703490,34680,0401,12,00 80 11 43 00 00 B8 41 2D B2 15 42
1787904096.714146,34680,0402,12,9A 99 EE 42 C2 F5 6C 42 42 E0 BE 42
1787904096.724753,34680,0403,12,66 66 06 43 33 33 B3 41 C5 20 92 42
1787904096.739060,34680,0404,12,33 33 8D 42 90 C2 9F 42 12 43 C0 42
1787904096.749719,34680,0405,12,00 00 BC 42 1F 85 84 42 98 EE E0 42
1787904096.760264,34680,0406,12,00 00 80 42 0A D7 69 42 D3 0D C1 42
1787904096.770656,34680,0407,12,00 00 9B 42 9A 99 82 42 92 ED BA 41
1787904096.781059,34680,0408,12,CD CC 93 42 F6 28 99 42 02 2B 36 42
1787904096.791637,34680,0409,12,9A 99 A2 42 D7 A3 9C 42 E5 10 AC 42
1787904096.802255,34680,040a,12,9A 99 CD 42 C3 F5 0C 42 29 1C 80 42
1787904096.812704,34680,040b,12,00 00 C2 42 29 5C 85 42 23 5B 37 42
1787904096.826644,34680,040c,12,00 00 AD 42 3E 0A E7 41 E1 FA 34 42
1787904096.844933,34680,040d,12,66 66 50 42 70 3D 2A 42 7F AA D3 42
1787904096.856504,34680,040e,12,00 00 90 42 B8 1E 88 42 E1 3A D7 42
1787904096.868564,34680,040f,12,66 66 78 42 C2 F5 60 42 5C 0F 2D 42
1787904096.879391,34680,0410,12,00 80 07 43 52 B8 30 42 B0 72 EA 41
1787904096.889756,34680,0411,12,CC 4C 0E 43 48 E1 DE 41 DF CF 31 42
1787904096.900320,34680,0412,12,00 00 B9 42 9A 99 94 42 60 25 A4 42
1787904096.911371,34680,0413,12,CC CC C0 42 0A D7 A3 41 C5 20 3A 42
1787904096.923010,34680,0414,12,34 B3 0B 43 CD CC 28 42 67 26 DF 42
1787904096.933797,34680,0415,12,34 B3 11 43 29 5C 09 42 77 BE F4 41
1787904096.944717,34680,0416,12,9A 99 86 42 C2 F5 D0 41 77 BE 24 42
1787904096.955079,34680,0417,12,66 66 5C 42 5C 8F 10 42 C2 F5 36 42
1787904096.965591,34680,0418,12,00 00 DF 42 A4 70 A1 41 23 DB C0 42
1787904096.976038,34680,0419,12,00 00 A5 42 C2 F5 82 42 7F AA D3 42
1787904096.986480,34680,041a,12,CD CC DE 42 B8 1E 85 42 E3 A5 D6 41
1787904096.997498,34680,041b,12,CD CC D4 42 E1 7A 8B 42 F6 E8 93 42
1787904097.008034,34680,041c,12,33 B3 13 43 5C 8F 16 42 BA 49 FA 41
1787904097.018733,34680,041d,12,CD CC 04 43 E1 7A 42 42 08 6C B0 42
1787904097.029352,34680,041e,12,CD 4C 0C 43 66 66 DE 41 AA B1 81 42
1787904097.039990,34680,041f,12,66 66 0F 43 A4 70 49 42 64 7B AA 42
1787904097.050567,34680,0420,12,9A 19 10 43 70 3D 1E 42 EA A6 99 42
1787904097.061066,34680,0421,12,CD CC E4 42 29 5C F7 41 B4 48 AA 42
1787904097.071660,34680,0422,12,33 33 CA 42 48 E1 0E 42 58 39 B0 42
1787904097.082134,34680,0423,12,CD CC B5 42 90 C2 F9 41 23 5B 8F 42
1787904097.092532,34680,0424,12,33 B3 12 43 29 5C 9D 42 CB 21 75 42
1787904097.103067,34680,0425,12,33 33 E9 42 3E 0A 6B 42 66 66 0B 42
1787904097.114112,34680,0426,12,34 33 B0 42 EC 51 6A 42 C6 0B AE 42
1787904097.124755,34680,0427,12,9A 99 AA 42 CD CC BC 41 DD 24 CD 41
1787904097.135399,34680,0428,12,00 00 E5 42 1E 85 47 42 CB 21 75 42
1787904097.146153,34680,0429,12,33 33 B5 42 14 AE 73 42 DF 4F BB 42
1787904097.157532,34680,042a,12,66 66 E3 42 48 E1 26 42 E5 90 DD 42
1787904097.168036,34680,042b,12,34 33 A5 42 7A 14 10 42 C9 76 40 42
1787904097.187649,34680,042c,12,66 66 EC 42 3D 0A F3 41 D3 8D 8F 42
1787904097.198570,34680,042d,12,66 66 E3 42 EB 51 70 42 DF 4F 00 42
1787904097.209420,34680,042e,12,CD CC 83 42 14 AE 61 42 C6 CB C6 42
1787904097.221214,34680,042f,12,33 33 AD 42 52 B8 9D 42 FC 29 5E 42
1787904097.231807,34680,0430,12,9A 99 9F 42 66 66 74 42 8C 6C 44 42
1787904097.242609,34680,0431,12,33 33 6D 42 29 5C 09 42 FC 29 B6 42
1787904097.253156,34680,0432,12,34 33 CE 42 33 33 31 42 2B 87 CD 42
1787904097.263684,34680,0433,12,9A 99 5F 42 7A 14 95 42 10 98 8B 42
1787904097.274099,34680,0434,12,33 33 A2 42 29 5C 0F 42 0A D7 AF 41
1787904097.284662,34680,0435,12,66 66 07 43 E1 7A 1E 42 A4 F0 38 42
1787904097.295955,34680,0436,12,CD CC B4 42 90 C2 35 42 F8 D3 AF 42
1787904097.306947,34680,0437,12,9A 99 7B 42 9A 99 CD 41 7D 3F 2E 42
1787904097.317847,34680,0438,12,9A 99 73 42 A4 70 2B 42 CD CC 46 42
1787904097.328368,34680,0439,12,00 00 7E 42 66 66 8D 42 46 B6 A8 41
1787904097.339221,34680,043a,12,9A 99 96 42 8F C2 11 42 71 3D 7E 42
1787904097.350111,34680,043b,12,34 33 A3 42 14 AE 4F 42 42 E0 03 42
1787904097.360613,34680,043c,12,66 66 80 42 8F C2 4D 42 7F EA BA 42
1787904097.371239,34680,043d,12,9A 99 99 42 9A 99 9A 42 B8 9E B0 42
1787904097.382525,34680,043e,12,33 33 8F 42 14 AE 98 42 A0 5A A3 42
1787904097.393813,34680,043f,12,00 00 CF 42 C2 F5 3C 42 CF B7 BA 42
1787904097.404920,34680,0440,12,9A 99 FA 42 3E 0A 35 42 96 43 C1 41
1787904097.416308,34680,0441,12,66 66 A6 42 00 00 12 42 D9 CE 59 42
1787904097.426955,34680,0442,12,9A 99 0C 43 D7 A3 90 42 29 9C B1 42
1787904097.437551,34680,0443,12,66 66 06 43 D7 A3 56 42 46 B6 93 42
1787904097.447983,34680,0444,12,CD CC 6A 42 52 B8 85 42 2F 9D 89 42
1787904097.458729,34680,0445,12,34 B3 0A 43 71 3D 42 42 5E FA A0 42
1787904097.469369,34680,0446,12,CD CC E2 42 EC 51 04 42 94 98 1F 42
1787904097.481655,34680,0447,12,00 00 76 42 14 AE 98 42 C5 A0 C3 42
1787904097.492537,34680,0448,12,33 33 5B 42 5C 8F 92 42 B2 9D 1D 42
1787904097.503080,34680,0449,12,33 33 F5 42 CD CC 46 42 E1 FA 8C 42
1787904097.519053,34680,044a,12,9A 99 C1 42 29 5C 5D 42 77 BE 24 42
1787904097.529634,34680,044b,12,00 00 15 43 F6 28 26 42 58 79 97 42
1787904097.540037,34680,044c,12,34 33 CC 42 AE 47 84 42 74 93 21 42
1787904097.550884,34680,044d,12,34 33 FE 42 EC 51 98 42 B4 08 C3 42
1787904097.561592,34680,044e,12,CC CC 14 43 14 AE 83 42 2E 5D 4A 42
1787904097.572082,34680,044f,12,67 66 FE 42 3E 0A 53 42 4E A2 EA 42
1787904097.582710,34680,0450,12,00 00 FF 42 B8 1E A9 41 79 69 59 42
1787904097.593431,34680,0451,12,33 33 7B 42 66 66 81 42 25 06 6C 42
1787904097.604244,34680,0452,12,9A 99 88 42 EB 51 7C 42 F8 D3 57 42
1787904097.615853,34680,0453,12,66 66 F8 42 1F 85 9C 42 58 79 97 42
1787904097.626567,34680,0454,12,66 66 EA 42 29 5C 15 42 46 B6 A8 41
1787904097.637039,34680,0455,12,00 00 F2 42 14 AE 4F 42 1B AF E5 42
1787904097.647496,34680,0456,12,CD CC F7 42 CC CC 8C 42 76 3E AE 42
1787904097.657997,34680,0457,12,00 00 06 43 9A 99 C1 41 B2 9D D8 42
1787904097.668396,34680,0458,12,9A 99 A1 42 EC 51 76 42 08 2C C9 42
1787904097.679349,34680,0459,12,9A 99 AC 42 66 66 9F 42 73 28 8F 42
1787904097.689974,34680,045a,12,66 66 9F 42 5D 8F 70 42 62 50 A7 42
1787904097.700470,34680,045b,12,66 E6 05 43 29 5C 1B 42 CD 4C 78 42
1787904097.711345,34680,045c,12,33 33 E7 42 99 99 5D 42 D9 CE C6 41
1787904097.722648,34680,045d,12,66 66 CE 42 47 E1 56 42 40 B5 00 42
1787904097.733285,34680,045e,12,66 66 0F 43 7B 14 70 42 E3 A5 06 42
1787904097.744774,34680,045f,12,66 66 7E 42 1F 85 DB 41 6C 27 B7 42
1787904097.755172,34680,0460,12,9A 99 FA 42 E1 7A 9D 42 4E 22 B9 42
1787904097.765801,34680,0461,12,00 00 F3 42 52 B8 12 42 12 83 BC 41
1787904097.776393,34680,0462,12,00 00 AF 42 00 00 78 42 F8 53 E1 42
1787904097.787199,34680,0463,12,34 33 BC 42 3E 0A 8D 42 3E 8A 60 42
1787904097.798447,34680,0464,12,CD CC 9E 42 7B 14 83 42 58 39 B0 42
1787904097.809150,34680,0465,12,CD CC E7 42 99 99 5D 42 40 35 8A 42
1787904097.819751,34680,0466,12,00 80 12 43 E1 7A AC 41 71 3D 7E 42
1787904097.831101,34680,0467,12,66 66 BF 42 C2 F5 00 42 1F 85 BA 42
1787904097.841559,34680,0468,12,CD CC 05 43 14 AE 8C 42 18 44 98 42
1787904097.852148,34680,0469,12,9A 99 C8 42 34 33 37 42 6C 67 46 42
1787904097.862956,34680,046a,12,33 33 A2 42 B8 1E 91 42 68 D1 B0 42
1787904097.874042,34680,046b,12,00 00 B2 42 0A D7 97 42 B7 33 C6 42
1787904097.884564,34680,046c,12,9A 99 C3 42 85 EB 6D 42 62 50 A7 42
1787904097.894936,34680,046d,12,CD CC A9 42 AE 47 11 42 72 68 EE 41
1787904097.905450,34680,046e,12,99 99 F5 42 00 00 36 42 98 EE E0 42
1787904097.916473,34680,046f,12,CC CC DB 42 48 E1 14 42 81 D5 D6 42
1787904097.927570,34680,0470,12,9A 99 01 43 F6 28 68 42 FE 54 B9 42
1787904097.938147,34680,0471,12,34 33 DA 42 3E 0A 3B 42 54 E3 BE 41
1787904097.948639,34680,0472,12,33 33 BF 42 CD CC 89 42 A4 70 07 42
1787904097.959334,34680,0473,12,00 00 86 42 CD CC 46 42 83 80 A8 42
1787904097.969784,34680,0474,12,66 66 C1 42 1F 85 2F 42 A4 70 D7 41
1787904097.980406,34680,0475,12,00 80 0A 43 E1 7A F4 41 90 42 19 42
1787904097.996824,34680,0476,12,9A 19 06 43 B8 1E 51 42 36 1E 93 42
1787904098.008162,34680,0477,12,34 B3 10 43 86 EB 43 42 29 1C E3 42
1787904098.019483,34680,0478,12,00 00 EA 42 EB 51 7C 42 C2 75 68 42
1787904098.031154,34680,0479,12,66 66 C4 42 00 00 0C 42 C3 75 05 42
1787904098.042020,34680,047a,12,CD CC A9 42 EC 51 89 42 F2 12 BF 42
1787904098.052616,34680,047b,12,33 B3 13 43 66 66 74 42 12 03 1E 42
1787904098.063175,34680,047c,12,9A 99 67 42 E1 7A 18 42 D9 CE C6 41
1787904098.073588,34680,047d,12,9A 99 F9 42 3E 0A 05 42 B4 88 91 42
1787904098.083874,34680,047e,12,33 33 55 42 29 5C C7 41 9E EF B8 42
1787904098.094514,34680,047f,12,33 33 57 42 0A D7 75 42 A4 F0 38 42
1787904098.105122,34680,0480,12,00 00 C1 42 1F 85 5F 42 2D B2 15 42
1787904098.115790,34680,0481,12,CD CC BE 42 85 EB 86 42 1F 05 31 42
1787904098.126368,34680,0482,12,00 00 14 43 1F 85 65 42 CA A1 43 42
1787904098.136916,34680,0483,12,66 66 83 42 52 B8 E2 41 C7 4B AA 41
1787904098.147901,34680,0484,12,9A 99 85 42 3E 0A 71 42 FA FE B2 42
1787904098.158587,34680,0485,12,34 33 D0 42 C2 F5 7E 42 95 43 54 42
1787904098.169401,34680,0486,12,9A 99 BD 42 3D 0A 99 42 F6 E8 93 42
1787904098.181067,34680,0487,12,9A 99 F0 42 AE 47 77 42 A4 F0 38 42
1787904098.191599,34680,0488,12,9A 99 12 43 00 00 78 42 29 DC 98 42
1787904098.202487,34680,0489,12,66 66 C2 42 9A 99 27 42 AA F1 10 42
1787904098.213353,34680,048a,12,CD CC E4 42 C2 F5 8B 42 99 99 B2 42
1787904098.223761,34680,048b,12,00 00 11 43 9A 99 57 42 CA E1 82 42
1787904098.234185,34680,048c,12,CD CC 58 42 29 5C C7 41 36 5E 22 42
1787904098.244722,34680,048d,12,CC 4C 13 43 AE 47 7D 42 1F 05 EC 42
1787904098.255594,34680,048e,12,00 00 7C 42 48 E1 26 42 68 11 98 42
1787904098.265972,34680,048f,12,66 66 93 42 A3 70 79 42 38 89 F5 41
1787904098.276699,34680,0490,12,00 00 A6 42 14 AE 7F 42 67 A6 AD 42
1787904098.286979,34680,0491,12,34 33 C4 42 9A 99 21 42 CD 4C 78 42
1787904098.297606,34680,0492,12,9A 99 00 43 F6 28 62 42 02 AB 04 42
1787904098.308185,34680,0493,12,33 33 9E 42 5C 8F 28 42 64 BB 91 42
1787904098.318711,34680,0494,12,00 00 05 43 AE 47 05 42 8C 6C 44 42
1787904098.329214,34680,0495,12,66 66 A8 42 86 EB 25 42 29 9C B1 42
1787904098.339694,34680,0496,12,00 00 FE 42 00 00 24 42 04 56 91 42
1787904098.350608,34680,0497,12,CD CC AF 42 D7 A3 38 42 FE 54 61 42
1787904098.361854,34680,0498,12,66 66 CC 42 3D 0A F3 41 2F DD E8 41
1787904098.373150,34680,0499,12,66 66 BC 42 A4 70 73 42 70 3D 1B 42
1787904098.384288,34680,049a,12,CD CC F9 42 29 5C 85 42 2C 07 44 42
1787904098.394684,34680,049b,12,33 33 90 42 85 EB 67 42 CD 8C B7 42
1787904098.405196,34680,049c,12,66 66 10 43 48 E1 20 42 20 F0 A4 42
1787904098.416054,34680,049d,12,CD CC 0A 43 F6 28 1A 42 6F 92 A1 42
1787904098.428222,34680,049e,12,33 33 09 43 29 5C 45 42 BA 49 82 42
1787904098.438957,34680,049f,12,CD CC D0 42 00 00 9D 42 90 C2 4A 42
1787904098.449545,34680,04a0,12,CD 4C 05 43 52 B8 94 42 DF 4F 63 42
1787904098.459967,34680,04a1,12,33 33 89 42 E1 7A 18 42 D7 A3 AE 42
1787904098.470449,34680,04a2,12,33 33 E0 42 66 66 02 42 3B 5F 5D 42
1787904098.481094,34680,04a3,12,9A 99 C7 42 1E 85 81 42 7D BF B7 42
1787904098.491745,34680,04a4,12,9A 99 FF 42 C3 F5 0C 42 37 89 E0 42
1787904098.502506,34680,04a5,12,CD CC 80 42 3E 0A 9F 42 AA F1 E0 41
1787904098.513917,34680,04a6,12,33 33 AF 42 CD CC 95 42 8F C2 B7 41
1787904098.524597,34680,04a7,12,00 80 05 43 AE 47 3B 42 CB E1 E5 42
1787904098.535128,34680,04a8,12,33 33 80 42 86 EB 9B 42 71 3D D6 42
1787904098.554143,34680,04a9,12,66 66 CB 42 00 00 00 42 7B 94 B4 42
1787904098.564655,34680,04aa,12,33 33 83 42 E2 7A 30 42 20 30 8C 42
1787904098.575484,34680,04ab,12,CC CC 08 43 5C 8F 2E 42 6C E7 77 42
1787904098.586494,34680,04ac,12,00 00 0B 43 3E 0A DB 41 87 96 0C 42
1787904098.597248,34680,04ad,12,CC CC F5 42 29 5C 7B 42 BC B4 CF 42
1787904098.607995,34680,04ae,12,00 00 A4 42 29 5C 69 42 8D 17 D1 42
1787904098.618911,34680,04af,12,CD CC D2 42 3E 0A 3B 42 CA A1 9B 42
1787904098.629613,34680,04b0,12,00 00 62 42 CD CC 89 42 17 99 C6 42
1787904098.640099,34680,04b1,12,66 66 DD 42 5C 8F 8F 42 2D 72 E9 42
1787904098.651431,34680,04b2,12,33 33 DF 42 14 AE 19 42 73 A8 C0 42
1787904098.662172,34680,04b3,12,33 33 0F 43 85 EB 9E 42 58 39 C5 41
1787904098.672670,34680,04b4,12,9A 99 15 43 A4 70 80 42 89 81 80 42
1787904098.684521,34680,04b5,12,66 66 84 42 0A D7 1B 42 8D 97 B4 41
1787904098.694952,34680,04b6,12,00 80 11 43 3D 0A AB 41 BA 89 CC 42
1787904098.705764,34680,04b7,12,CD CC D2 42 52 B8 12 42 0E 2D 49 42
1787904098.716748,34680,04b8,12,99 99 E9 42 14 AE 73 42 B2 DD BF 42
1787904098.728119,34680,04b9,12,9A 99 8D 42 3E 0A C3 41 64 7B AA 42
1787904098.738885,34680,04ba,12,33 33 08 43 EC 51 86 42 C6 4B 3D 42
1787904098.749282,34680,04bb,12,66 66 EA 42 F6 28 5C 42 EE 3C EA 42
1787904098.759814,34680,04bc,12,CD CC 85 42 AE 47 35 42 40 35 32 42
1787904098.770438,34680,04bd,12,9A 99 BE 42 86 EB 73 42 7D 3F FE 41
1787904098.780854,34680,04be,12,00 00 B6 42 E1 7A DC 41 3B DF 83 42
1787904098.791753,34680,04bf,12,CD CC E7 42 F5 28 6E 42 0E 6D EB 42
1787904098.802671,34680,04c0,12,CD CC 85 42 D7 A3 9F 42 8D 17 D1 42
1787904098.813226,34680,04c1,12,33 33 F5 42 14 AE 1F 42 EF E7 BB 42
1787904098.824077,34680,04c2,12,CC 4C 0E 43 E1 7A 6C 42 54 E3 BE 41
1787904098.836321,34680,04c3,12,00 00 8A 42 29 5C BB 41 50 CD 8A 42
1787904098.846900,34680,04c4,12,33 33 AE 42 EC 51 22 42 93 18 BE 41
1787904098.857342,34680,04c5,12,9A 19 12 43 66 66 5C 42 35 DE 53 42
1787904098.867952,34680,04c6,12,CD CC F8 42 29 5C 1B 42 64 3B D8 41
1787904098.878341,34680,04c7,12,66 66 C6 42 D7 A3 81 42 E9 E6 E3 42
1787904098.888804,34680,04c8,12,66 66 0D 43 A4 70 98 42 CB E1 E5 42
1787904098.899278,34680,04c9,12,33 33 F8 42 33 33 6D 42 35 5E DD 42
1787904098.909605,34680,04ca,12,66 66 A8 42 0A D7 39 42 81 15 66 42
1787904098.919956,34680,04cb,12,00 00 BB 42 D7 A3 0E 42 CD 4C D0 42
1787904098.930318,34680,04cc,12,9A 99 EC 42 00 00 8E 42 6B BC CC 42
1787904098.941258,34680,04cd,12,9A 99 DC 42 EC 51 92 42 04 56 39 42
1787904098.967108,34680,04ce,12,9A 99 A6 42 AE 47 47 42 99 19 E4 42
1787904098.978091,34680,04cf,12,00 00 80 42 66 66 74 42 33 73 C1 42
1787904098.988983,34680,04d0,12,00 00 62 42 90 C2 53 42 CF 77 18 42
1787904098.999273,34680,04d1,12,00 00 60 42 29 5C 6F 42 AA F1 CB 42
1787904099.009723,34680,04d2,12,CD CC EC 42 52 B8 EE 41 73 28 8F 42
1787904099.020190,34680,04d3,12,33 33 51 42 D7 A3 FC 41 A2 45 D4 41
1787904099.030596,34680,04d4,12,9A 99 9D 42 0A D7 21 42 40 F5 A2 42
1787904099.040882,34680,04d5,12,00 00 BB 42 29 5C 63 42 BE 9F 88 42
1787904099.051567,34680,04d6,12,9A 99 51 42 5C 8F DA 41 29 DC 40 42
1787904099.062077,34680,04d7,12,CC CC AC 42 34 33 95 42 E1 FA 8C 42
1787904099.072615,34680,04d8,12,66 66 88 42 00 00 78 42 73 A8 C0 42
1787904099.112561,34680,04d9,12,66 66 E1 42 66 66 90 42 1B EF CC 42
1787904099.148619,34680,04da,12,66 66 F8 42 0B D7 7B 42 FE D4 FF 41
1787904099.159396,34680,04db,12,CD CC E5 42 C2 F5 91 42 00 80 64 42
1787904099.169944,34680,04dc,12,00 00 A4 42 A4 70 07 42 94 18 A9 42
1787904099.180581,34680,04dd,12,9A 99 A6 42 14 AE 1F 42 8D 97 B4 41
1787904099.191413,34680,04de,12,9A 99 5B 42 CD CC 52 42 2F DD E8 41
1787904099.202786,34680,04df,12,00 00 CD 42 CD CC D4 41 95 43 AC 42
1787904099.213314,34680,04e0,12,66 66 82 42 52 B8 CA 41 8D 57 B8 42
1787904099.223891,34680,04e1,12,9A 19 11 43 5C 8F 8C 42 6F 12 D3 42
1787904099.234449,34680,04e2,12,00 00 F8 42 A4 70 43 42 DD E4 D0 42
1787904099.244864,34680,04e3,12,CD CC F6 42 33 33 FB 41 CF F7 A1 42
1787904099.257329,34680,04e4,12,00 00 48 42 E1 7A 36 42 95 03 C5 42
1787904099.268450,34680,04e5,12,33 33 55 42 5C 8F CE 41 0C 02 46 42
1787904099.279355,34680,04e6,12,00 00 13 43 5C 8F AA 41 58 39 B0 42
1787904099.290003,34680,04e7,12,00 00 CB 42 00 00 5A 42 8A C1 CA 42
1787904099.300519,34680,04e8,12,66 66 0B 43 7B 14 34 42 6C 27 B7 42
1787904099.311479,34680,04e9,12,CC CC DA 42 3D 0A AB 41 60 E5 BC 42
1787904099.322474,34680,04ea,12,67 66 E5 42 0A D7 82 42 FC A9 FC 41
1787904099.333195,34680,04eb,12,66 66 06 43 C3 F5 97 42 94 58 90 42
1787904099.343783,34680,04ec,12,CD CC 9A 42 8F C2 C9 41 F0 27 A3 42
1787904099.354759,34680,04ed,12,00 00 CB 42 D7 A3 56 42 DD A4 2E 42
1787904099.365323,34680,04ee,12,9A 99 B1 42 0A D7 33 42 6A BC E1 41
1787904099.376606,34680,04ef,12,66 66 88 42 70 3D 1E 42 3B 5F B5 42
1787904099.389368,34680,04f0,12,CD CC E6 42 D7 A3 90 42 98 EE E0 42
1787904099.400136,34680,04f1,12,9A 99 57 42 C3 F5 54 42 40 F5 A2 42
1787904099.411212,34680,04f2,12,9A 99 59 42 AE 47 84 42 34 33 EF 41
1787904099.421599,34680,04f3,12,00 00 C2 42 3D 0A 8A 42 FE D4 2F 42
1787904099.432066,34680,04f4,12,CD 4C 11 43 14 AE 43 42 CD 4C D0 42
1787904099.442361,34680,04f5,12,00 00 58 42 EC 51 16 42 F8 13 97 42
1787904099.452932,34680,04f6,12,CD CC F6 42 A4 70 AD 41 27 31 C7 42
1787904099.463460,34680,04f7,12,33 33 8C 42 EB 51 70 42 31 08 7F 42
1787904099.473849,34680,04f8,12,CC 4C 01 43 B8 1E F1 41 5A A4 9A 42
1787904099.484739,34680,04f9,12,00 00 84 42 90 C2 41 42 95 C3 DD 42
1787904099.495524,34680,04fa,12,33 33 DE 42 CD CC F8 41 FA BE CB 42
1787904099.506045,34680,04fb,12,9A 99 9B 42 3E 0A 11 42 3E 0A FF 41
1787904099.516491,34680,04fc,12,CD CC 96 42 D7 A3 74 42 C2 35 D9 42
1787904099.527472,34680,04fd,12,66 66 D9 42 33 33 BF 41 3B 5F 5D 42
1787904099.538080,34680,04fe,12,CC CC CB 42 85 EB 1F 42 52 B8 BB 41
1787904099.548602,34680,04ff,12,66 66 BC 42 66 66 0E 42 18 04 C6 41
1787904099.559100,34680,0500,12,33 33 15 43 14 AE A7 41 7D BF 5F 42
1787904099.570340,34680,0501,12,66 66 93 42 29 5C 9A 42 77 BE F4 41
1787904099.580763,34680,0502,12,CC CC DC 42 48 E1 32 42 68 11 40 42
1787904099.591127,34680,0503,12,9A 99 D9 42 A4 70 E9 41 23 DB 05 42
1787904099.601594,34680,0504,12,33 33 EC 42 B8 1E 69 42 20 F0 A4 42
1787904099.611986,34680,0505,12,CD CC A3 42 0A D7 C7 41 08 AC AC 41
1787904099.622869,34680,0506,12,9A 99 AA 42 F6 28 2C 42 29 1C E3 42
1787904099.633919,34680,0507,12,9A 99 6B 42 48 E1 9F 42 BE DF D2 42
1787904099.644905,34680,0508,12,CD CC FF 42 F6 28 8D 42 6A BC E1 41
1787904099.655799,34680,0509,12,33 B3 13 43 71 3D 42 42 54 63 20 42
1787904099.666289,34680,050a,12,66 66 A7 42 29 5C 3F 42 66 66 0B 42
1787904099.676756,34680,050b,12,9A 99 A2 42 EC 51 86 42 2F DD D3 42
1787904099.687214,34680,050c,12,33 33 88 42 A4 70 67 42 83 C0 8F 42
1787904099.698410,34680,050d,12,34 33 FE 42 52 B8 00 42 A6 9B 6D 42
1787904099.710486,34680,050e,12,00 00 E5 42 85 EB 95 42 F8 53 E1 42
1787904099.721056,34680,050f,12,66 66 A3 42 33 33 55 42 81 15 66 42
1787904099.733096,34680,0510,12,66 66 60 42 14 AE D7 41 87 56 E0 42
1787904099.743585,34680,0511,12,00 00 FE 42 EC 51 A4 41 27 31 0C 42
1787904099.754508,34680,0512,12,CD CC 91 42 52 B8 85 42 44 8B A5 41
1787904099.765105,34680,0513,12,CD CC 72 42 3E 0A 29 42 F6 28 23 42
1787904099.775578,34680,0514,12,33 33 71 42 CD CC 0A 42 E4 25 90 42
1787904099.786540,34680,0515,12,9A 99 FE 42 33 33 8C 42 1D DA 2D 42
1787904099.797727,34680,0516,12,CD CC 03 43 70 3D 88 42 8A 81 E3 42
1787904099.808224,34680,0517,12,9A 99 96 42 52 B8 2A 42 35 DE AB 42
1787904099.818595,34680,0518,12,00 00 07 43 0A D7 27 42 EF A7 7C 42
1787904099.829256,34680,0519,12,00 00 F5 42 3D 0A F3 41 10 58 4C 42
1787904099.839880,34680,051a,12,9A 99 CF 42 86 EB 49 42 E0 8F A2 42
1787904099.850627,34680,051b,12,CD CC F3 42 8F C2 2F 42 36 5E F2 41
1787904099.865679,34680,051c,12,CC CC B2 42 66 66 DE 41 EB D1 44 42
1787904099.876214,34680,051d,12,00 00 8C 42 00 00 60 42 23 DB 05 42
1787904099.886931,34680,051e,12,CD CC 90 42 52 B8 9D 42 7D BF B7 42
1787904099.897625,34680,051f,12,66 66 A5 42 C3 F5 54 42 15 EE 91 42
1787904099.908438,34680,0520,12,9A 99 9C 42 CD CC 8F 42 1D DA 2D 42
1787904099.918937,34680,0521,12,00 00 C8 42 B8 1E 9D 42 DD 24 60 42
1787904099.929308,34680,0522,12,9A 99 D4 42 29 5C AF 41 48 61 70 42
1787904099.940867,34680,0523,12,9A 99 77 42 70 3D 91 42 5C 8F CB 41
1787904099.951731,34680,0524,12,CD CC 82 42 7B 14 04 42 70 3D 1B 42
1787904099.963712,34680,0525,12,CD CC 83 42 00 00 8B 42 8D 17 79 42
1787904099.974262,34680,0526,12,00 00 FB 42 85 EB 79 42 64 BB 91 42
1787904099.985094,34680,0527,12,00 80 07 43 AE 47 71 42 A8 86 E1 42
1787904099.996084,34680,0528,12,00 00 BF 42 90 C2 71 42 BC F4 B6 42
1787904100.006998,34680,0529,12,9A 99 E1 42 C3 F5 54 42 7B 14 FB 41
1787904100.017615,34680,052a,12,66 66 7A 42 52 B8 36 42 46 36 6D 42
1787904100.028150,34680,052b,12,9A 99 FA 42 52 B8 88 42 8B 2C B5 42
1787904100.038753,34680,052c,12,00 00 B6 42 00 00 78 42 D7 63 C7 42
1787904100.049317,34680,052d,12,66 66 5C 42 0A D7 03 42 E1 BA A5 42
1787904100.059876,34680,052e,12,CD CC C4 42 33 33 A7 41 77 BE 24 42
1787904100.070434,34680,052f,12,33 33 F3 42 0A D7 88 42 50 8D 4B 42
1787904100.080842,34680,0530,12,33 33 5F 42 48 E1 9F 42 FA FE 5A 42
1787904100.091253,34680,0531,12,66 66 98 42 0A D7 51 42 EE FC 9F 42
1787904100.101570,34680,0532,12,00 00 99 42 1F 85 0B 42 B0 72 1A 42
1787904100.111837,34680,0533,12,66 E6 01 43 AE 47 23 42 A6 9B C5 42
1787904100.122090,34680,0534,12,CC CC BF 42 00 00 72 42 3A B4 F8 41
1787904100.132827,34680,0535,12,00 00 6E 42 90 C2 71 42 EB 11 E7 42
1787904100.143442,34680,0536,12,33 33 63 42 90 C2 35 42 DF 4F 00 42
1787904100.153840,34680,0537,12,00 00 8E 42 52 B8 24 42 83 40 06 42
1787904100.170614,34680,0538,12,00 00 0F 43 14 AE 3D 42 90 42 19 42
1787904100.181215,34680,0539,12,CD CC AF 42 48 E1 7A 42 EB 51 CE 42
1787904100.191741,34680,053a,12,00 00 89 42 70 3D 2A 42 44 0B 6A 42
1787904100.202381,34680,053b,12,CC CC 13 43 1F 85 1D 42 23 DB D5 41
1787904100.213061,34680,053c,12,00 00 F3 42 00 00 C4 41 3F 35 ED 42
1787904100.223899,34680,053d,12,9A 99 4F 42 0A D7 03 42 F2 D2 1C 42
1787904100.234382,34680,053e,12,9A 99 57 42 B8 1E 51 42 98 6E AF 42
1787904100.252810,34680,053f,12,9A 99 14 43 33 33 07 42 70 3D EB 41
1787904100.263931,34680,0540,12,00 80 0A 43 90 C2 ED 41 3F B5 63 42
1787904100.282885,34680,0541,12,CD CC B5 42 D7 A3 74 42 6F 92 49 42
1787904100.330019,34680,0542,12,66 66 5A 42 52 B8 18 42 C0 CA 8B 42
1787904100.341545,34680,0543,12,9A 99 FB 42 B8 1E 21 42 48 E1 96 42
1787904100.351854,34680,0544,12,66 66 C2 42 B8 1E 6F 42 94 98 1F 42
1787904100.363317,34680,0545,12,9A 99 8D 42 B8 1E 69 42 06 01 C6 42
1787904100.373730,34680,0546,12,33 33 99 42 7B 14 DA 41 3B DF E6 42
1787904100.385695,34680,0547,12,00 00 F3 42 D7 A3 68 42 B7 F3 DE 42
1787904100.397997,34680,0548,12,00 00 8A 42 AE 47 BD 41 8B EC CD 42
1787904100.411570,34680,0549,12,00 00 EA 42 52 B8 5A 42 96 83 93 42
1787904100.421873,34680,054a,12,66 66 0B 43 48 E1 14 42 B2 9D ED 41
1787904100.432202,34680,054b,12,66 E6 0E 43 48 E1 D2 41 5E BA 61 42
1787904100.442441,34680,054c,12,66 66 54 42 7B 14 52 42 4E E2 79 42
1787904100.452693,34680,054d,12,CD CC 62 42 29 5C 97 42 C9 76 40 42
1787904100.463094,34680,054e,12,66 66 C2 42 AE 47 96 42 C6 4B 3D 42
1787904100.473449,34680,054f,12,CD CC C9 42 EB 51 70 42 60 65 33 42
1787904100.490032,34680,0550,12,9A 99 57 42 0A D7 1B 42 F0 A7 E9 41
1787904100.500523,34680,0551,12,33 33 8D 42 D7 A3 CC 41 BC 74 2D 42
1787904100.511315,34680,0552,12,33 33 D8 42 D7 A3 32 42 11 D8 D5 42
1787904100.522357,34680,0553,12,9A 99 C0 42 66 66 8A 42 CF F7 49 42
1787904100.532922,34680,0554,12,34 33 E5 42 AE 47 35 42 2E 5D 4A 42
1787904100.543805,34680,0555,12,67 66 FE 42 71 3D 24 42 E4 65 DA 42
1787904100.554372,34680,0556,12,33 33 8F 42 B8 1E 9A 42 C5 60 DC 42
1787904100.565094,34680,0557,12,33 33 9F 42 A4 70 07 42 E1 BA A5 42
1787904100.575760,34680,0558,12,00 00 90 42 00 00 82 42 16 D9 C2 41
1787904100.586467,34680,0559,12,00 00 CF 42 3E 0A 93 42 27 B1 95 42
1787904100.597057,34680,055a,12,CD CC 89 42 9A 99 33 42 98 2E C8 42
1787904100.611388,34680,055b,12,00 00 A2 42 8F C2 7D 42 1B 2F C9 41
1787904100.622324,34680,055c,12,00 00 0D 43 52 B8 42 42 D3 4D BD 41
1787904100.633400,34680,055d,12,33 33 CA 42 9A 99 21 42 79 E9 F7 41
1787904100.644044,34680,055e,12,9A 99 8F 42 33 33 92 42 1C DA E8 42
1787904100.654652,34680,055f,12,66 66 D9 42 33 33 E3 41 62 D0 D8 42
1787904100.665509,34680,0560,12,66 66 CE 42 E1 7A 18 42 1B 2F B4 42
1787904100.676433,34680,0561,12,33 B3 0F 43 00 00 66 42 7F 6A 31 42
1787904100.687233,34680,0562,12,33 33 FB 42 00 00 AC 41 64 3B D8 41
1787904100.697859,34680,0563,12,34 33 A3 42 1E 85 8A 42 06 81 94 42
1787904100.708680,34680,0564,12,00 00 E6 42 66 66 2C 42 7D 3F E9 42
1787904100.719170,34680,0565,12,9A 99 A8 42 9A 99 27 42 68 11 40 42
1787904100.734009,34680,0566,12,66 E6 0E 43 0A D7 27 42 66 66 DB 41
1787904100.750708,34680,0567,12,9A 99 FB 42 9A 99 9D 42 8B AC E6 42
1787904100.761121,34680,0568,12,CD CC AB 42 D7 A3 6E 42 76 7E 95 42
1787904100.771937,34680,0569,12,33 B3 07 43 7B 14 04 42 E8 FB 0C 42
1787904100.782526,34680,056a,12,00 00 7E 42 1F 85 05 42 1A 6F 9B 42
1787904100.792986,34680,056b,12,00 00 C8 42 CC CC 8C 42 7F 6A 89 42
1787904100.803816,34680,056c,12,66 66 C2 42 00 00 18 42 04 D6 07 42
1787904100.814509,34680,056d,12,66 66 06 43 9A 99 9A 42 8B AC E6 42
1787904100.832093,34680,056e,12,00 80 09 43 E1 7A 36 42 CD CC B3 41
1787904100.842874,34680,056f,12,9A 99 14 43 D7 A3 68 42 1A AF 82 42
1787904100.853384,34680,0570,12,33 33 8A 42 52 B8 4E 42 4E 62 48 42
1787904100.863907,34680,0571,12,CD CC 9A 42 9A 99 03 42 C2 F5 36 42
1787904100.874466,34680,0572,12,66 66 A9 42 48 E1 87 42 AC 9C 9D 42
1787904100.884961,34680,0573,12,9A 99 83 42 0B D7 7B 42 6E D2 88 42
1787904100.896446,34680,0574,12,9A 99 97 42 F6 28 9C 42 98 6E AF 42
1787904100.906942,34680,0575,12,33 33 C0 42 A4 70 13 42 83 40 06 42
1787904100.917405,34680,0576,12,67 66 E5 42 33 33 07 42 89 81 80 42
1787904100.931649,34680,0577,12,33 33 69 42 CD CC A4 41 C0 4A 02 42
1787904100.942149,34680,0578,12,66 66 01 43 29 5C AF 41 40 35 32 42
1787904100.952660,34680,0579,12,00 00 C1 42 52 B8 82 42 2D F2 B7 42
1787904100.963264,34680,057a,12,67 66 E6 42 D7 A3 A8 41 F0 A7 19 42
1787904100.979512,34680,057b,12,00 00 C7 42 E2 7A 12 42 36 5E 22 42
1787904100.990516,34680,057c,12,33 33 84 42 0A D7 AF 41 EE 7C 16 42
1787904101.001012,34680,057d,12,33 B3 12 43 52 B8 9D 42 95 43 54 42
1787904101.011515,34680,057e,12,67 66 E6 42 E2 7A 12 42 91 2D 8D 42
1787904101.021902,34680,057f,12,00 00 AD 42 90 C2 84 42 BA C9 B3 42
1787904101.032372,34680,0580,12,9A 99 B2 42 A4 70 89 42 00 80 BC 42
1787904101.042704,34680,0581,12,00 00 72 42 52 B8 3C 42 CD 4C D0 42
1787904101.053925,34680,0582,12,CD CC AB 42 AE 47 81 42 AC DC 84 42
1787904101.064412,34680,0583,12,33 33 BA 42 85 EB 7F 42 F4 FD EF 41
1787904101.074942,34680,0584,12,33 33 AC 42 CC CC 3A 42 6B FC B3 42
1787904101.085405,34680,0585,12,9A 99 B1 42 66 66 4A 42 D1 A2 1B 42
1787904101.097045,34680,0586,12,9A 19 07 43 14 AE A7 41 1D DA 85 42
1787904101.107787,34680,0587,12,34 33 BD 42 9A 99 94 42 48 21 E1 42
1787904101.118327,34680,0588,12,9A 99 AA 42 8F C2 B1 41 79 69 59 42
1787904101.128824,34680,0589,12,00 00 EE 42 F6 28 56 42 87 16 96 42
1787904101.139395,34680,058a,12,00 00 F9 42 99 99 69 42 0C 42 85 42
1787904101.149856,34680,058b,12,66 66 03 43 A4 70 1F 42 8A 81 E3 42
1787904101.160182,34680,058c,12,66 66 D9 42 AE 47 BD 41 E5 10 AC 42
1787904101.173909,34680,058d,12,00 00 80 42 29 5C 8B 42 A4 F0 38 42
1787904101.184891,34680,058e,12,66 66 EB 42 29 5C 39 42 B8 DE 97 42
1787904101.195658,34680,058f,12,66 66 B8 42 90 C2 8A 42 95 03 C5 42
1787904101.206508,34680,0590,12,33 33 98 42 F6 28 5C 42 87 D6 AE 42
1787904101.217268,34680,0591,12,66 66 52 42 52 B8 CA 41 74 53 92 42
1787904101.228051,34680,0592,12,9A 99 94 42 1F 85 B7 41 16 59 24 42
1787904101.238533,34680,0593,12,9A 99 C9 42 00 00 DC 41 EC 11 84 42
1787904101.248893,34680,0594,12,CC 4C 07 43 AE 47 23 42 11 18 BD 42
1787904101.259968,34680,0595,12,66 66 05 43 C3 F5 30 42 FE D4 EA 42
1787904101.270495,34680,0596,12,9A 99 0D 43 AE 47 B1 41 D9 CE C6 41
1787904101.280926,34680,0597,12,CD CC BE 42 AE 47 F9 41 EF A7 7C 42
1787904101.293901,34680,0598,12,99 99 D2 42 00 00 A0 41 DC 79 2B 42
1787904101.304742,34680,0599,12,CC CC F5 42 0A D7 75 42 3E 4A D1 42
1787904101.315643,34680,059a,12,00 00 93 42 67 66 62 42 C0 CA 33 42
1787904101.326529,34680,059b,12,9A 99 C4 42 F6 28 62 42 15 AE 52 42
1787904101.337577,34680,059c,12,CD CC 9E 42 85 EB 01 42 1A AF 2A 42
1787904101.349028,34680,059d,12,33 B3 07 43 AE 47 A5 41 C1 4A BD 42
1787904101.359530,34680,059e,12,33 33 EA 42 34 33 3D 42 C9 76 98 42
1787904101.371428,34680,059f,12,66 66 01 43 9A 99 45 42 08 2C C9 42
1787904101.382740,34680,05a0,12,66 66 CE 42 3E 0A 05 42 4A 0C AF 41
1787904101.393816,34680,05a1,12,33 33 82 42 1F 85 FF 41 B0 72 D5 42
1787904101.404478,34680,05a2,12,33 33 D5 42 AE 47 41 42 31 88 4D 42
1787904101.436492,34680,05a3,12,34 33 BC 42 29 5C 15 42 BA C9 B3 42
1787904101.453344,34680,05a4,12,9A 99 73 42 90 C2 23 42 56 0E C2 41
1787904101.463705,34680,05a5,12,00 00 A6 42 15 AE 79 42 6C 67 46 42
1787904101.474062,34680,05a6,12,CD CC 89 42 B8 1E E5 41 70 BD 4C 42
1787904101.484335,34680,05a7,12,34 33 FF 42 1F 85 3B 42 C5 E0 AA 42
1787904101.494694,34680,05a8,12,00 00 D8 42 F6 28 E4 41 DF 4F 63 42
1787904101.505332,34680,05a9,12,66 66 87 42 29 5C C7 41 94 98 1F 42
1787904101.516579,34680,05aa,12,33 33 0D 43 B8 1E 21 42 2F 1D BB 42
1787904101.527088,34680,05ab,12,66 66 83 42 29 5C 45 42 3E CA 9F 42
1787904101.537458,34680,05ac,12,9A 99 C1 42 66 66 BA 41 2D F2 B7 42
1787904101.547927,34680,05ad,12,67 66 F0 42 9A 99 8B 42 17 59 DF 42
1787904101.558264,34680,05ae,12,66 E6 15 43 D7 A3 74 42 04 16 AA 42
1787904101.568664,34680,05af,12,00 80 02 43 D7 A3 26 42 29 5C CA 42
1787904101.579087,34680,05b0,12,CD CC FA 42 99 99 7B 42 24 86 92 42
1787904101.589540,34680,05b1,12,9A 99 05 43 00 00 9D 42 5E 3A 88 42
1787904101.599812,34680,05b2,12,9A 99 A1 42 CD CC BC 41 87 96 6F 42
1787904101.610667,34680,05b3,12,33 33 9A 42 1F 85 4D 42 69 91 0E 42
1787904101.621289,34680,05b4,12,00 00 8E 42 B8 1E A9 41 B0 F2 4B 42
1787904101.631853,34680,05b5,12,67 66 FB 42 29 5C 82 42 4C B7 76 42
1787904101.642391,34680,05b6,12,CD CC EE 42 34 33 3D 42 5D 8F B6 42
1787904101.653126,34680,05b7,12,33 33 D3 42 0A D7 57 42 A8 C6 70 42
1787904101.663715,34680,05b8,12,00 00 A7 42 5C 8F C2 41 AC 1C 77 42
1787904101.674629,34680,05b9,12,33 33 AC 42 52 B8 FA 41 18 04 B1 42
1787904101.685159,34680,05ba,12,33 33 5B 42 9A 99 63 42 8D 57 B8 42
1787904101.695873,34680,05bb,12,CD 4C 00 43 85 EB 2B 42 08 EC E1 42
1787904101.706902,34680,05bc,12,33 B3 09 43 8F C2 5F 42 40 F5 A2 42
1787904101.717484,34680,05bd,12,66 66 0C 43 0A D7 45 42 56 8E 23 42
1787904101.728030,34680,05be,12,33 B3 06 43 9A 99 63 42 EF A7 7C 42
1787904101.739110,34680,05bf,12,CD CC 76 42 B8 1E 88 42 52 38 1D 42
1787904101.749765,34680,05c0,12,00 80 02 43 66 66 68 42 20 30 34 42
1787904101.761626,34680,05c1,12,00 00 E8 42 66 66 7A 42 35 5E DD 42
1787904101.772247,34680,05c2,12,9A 99 F3 42 3E 0A 35 42 12 83 BC 41
1787904101.783183,34680,05c3,12,9A 99 9C 42 B8 1E 27 42 3F B5 63 42
1787904101.794263,34680,05c4,12,00 00 DC 42 C2 F5 24 42 E5 D0 D9 41
1787904101.804736,34680,05c5,12,66 66 12 43 14 AE 73 42 5A 64 5B 42
1787904101.815089,34680,05c6,12,00 00 7E 42 C3 F5 AC 41 E4 E5 A8 42
1787904101.825473,34680,05c7,12,CD CC 9E 42 F5 28 6E 42 0C 82 CF 42
1787904101.835856,34680,05c8,12,CC CC 08 43 B8 1E 27 42 7B 54 CD 42
1787904101.846332,34680,05c9,12,00 00 58 42 C2 F5 48 42 3E 8A 60 42
1787904101.856966,34680,05ca,12,33 33 81 42 48 E1 20 42 CF F7 A1 42
1787904101.867637,34680,05cb,12,33 B3 0E 43 52 B8 D6 41 F6 28 DE 42
1787904101.878200,34680,05cc,12,CC CC BA 42 8F C2 6B 42 3F 35 ED 42
1787904101.888640,34680,05cd,12,33 33 90 42 CD CC 28 42 5D 8F 5E 42
1787904101.901268,34680,05ce,12,9A 99 B2 42 71 3D 8B 42 D1 22 BA 41
1787904101.911927,34680,05cf,12,66 66 F9 42 00 00 8E 42 3B 9F 9C 42
1787904101.922549,34680,05d0,12,9A 99 0F 43 66 66 2C 42 E4 A5 69 42
1787904101.933039,34680,05d1,12,33 33 E4 42 B8 1E 9A 42 2E 5D A2 42
1787904101.943424,34680,05d2,12,00 00 EF 42 C3 F5 DC 41 46 F6 DD 42
1787904101.953910,34680,05d3,12,66 66 56 42 E1 7A 66 42 5D 8F 5E 42
1787904101.964431,34680,05d4,12,66 66 C8 42 AE 47 5F 42 31 08 7F 42
1787904101.976066,34680,05d5,12,9A 99 71 42 E1 7A 8E 42 95 C3 DD 42
1787904101.996578,34680,05d6,12,66 66 90 42 E2 7A 91 42 1F 05 31 42
1787904102.013175,34680,05d7,12,9A 99 BB 42 F6 28 02 42 7B 94 5C 42
1787904102.025428,34680,05d8,12,9A 99 67 42 1F 85 84 42 FE 54 61 42
1787904102.036497,34680,05d9,12,33 33 79 42 EC 51 3A 42 15 2E DC 42
1787904102.046843,34680,05da,12,CD CC C3 42 E1 7A 94 42 29 9C B1 42
1787904102.057160,34680,05db,12,CD CC 03 43 90 C2 8A 42 85 6B 6C 42
1787904102.069318,34680,05dc,12,9A 99 88 42 34 33 19 42 95 03 C5 42
1787904102.079727,34680,05dd,12,33 33 61 42 AE 47 A5 41 CB 61 B4 42
1787904102.090267,34680,05de,12,66 66 BC 42 F6 28 B4 41 6A BC E1 41
1787904102.100785,34680,05df,12,CC CC BF 42 00 00 3C 42 83 80 A8 42
1787904102.111731,34680,05e0,12,CD CC D1 42 52 B8 2A 42 D9 4E 28 42
1787904102.122281,34680,05e1,12,9A 99 F0 42 34 33 EF 41 C5 20 92 42
1787904102.132786,34680,05e2,12,33 B3 14 43 D7 A3 68 42 27 31 C7 42
1787904102.143410,34680,05e3,12,CD CC 4A 42 15 AE 5B 42 1F 05 31 42
1787904102.153736,34680,05e4,12,CD CC 83 42 3E 0A 9F 42 BA C9 B3 42
1787904102.163941,34680,05e5,12,00 00 C3 42 3E 0A FF 41 27 31 0C 42
1787904102.174759,34680,05e6,12,CD CC 6C 42 29 5C 8E 42 DF CF 89 42
1787904102.185436,34680,05e7,12,00 00 5A 42 3E 0A 6B 42 92 6D 1C 42
1787904102.195795,34680,05e8,12,00 00 0E 43 33 33 E3 41 6C 67 46 42
1787904102.206412,34680,05e9,12,66 66 70 42 90 C2 47 42 9E 6F 87 42
1787904102.217327,34680,05ea,12,9A 19 00 43 52 B8 30 42 79 E9 E2 42
1787904102.229441,34680,05eb,12,9A 99 9C 42 66 66 68 42 4A 4C 81 42
1787904102.242044,34680,05ec,12,CC CC B3 42 0A D7 6F 42 DC 79 2B 42
1787904102.252844,34680,05ed,12,66 66 B2 42 70 3D 88 42 D5 78 AB 42
1787904102.264462,34680,05ee,12,33 33 A7 42 00 00 2A 42 B0 F2 4B 42
1787904102.274993,34680,05ef,12,CC CC AD 42 70 3D 0C 42 1C DA E8 42
1787904102.285397,34680,05f0,12,66 66 D8 42 1F 85 05 42 54 A3 C2 42
1787904102.295984,34680,05f1,12,CC 4C 0D 43 5C 8F 92 42 4C B7 CE 42
1787904102.306475,34680,05f2,12,9A 99 82 42 52 B8 4E 42 0C 42 85 42
1787904102.317026,34680,05f3,12,66 E6 0B 43 5C 8F 28 42 76 FE C6 42
1787904102.327467,34680,05f4,12,66 66 87 42 A4 70 A1 41 0C 02 9E 42
1787904102.337884,34680,05f5,12,CC CC A7 42 66 66 DE 41 64 3B C3 42
1787904102.348251,34680,05f6,12,00 00 10 43 F6 28 96 42 3A F4 CA 42
1787904102.358761,34680,05f7,12,00 00 A2 42 9A 99 57 42 3F B5 63 42
1787904102.369359,34680,05f8,12,00 00 B9 42 D7 A3 14 42 6C 67 9E 42
1787904102.379696,34680,05f9,12,9A 99 11 43 5C 8F 58 42 3A B4 28 42
1787904102.391511,34680,05fa,12,00 00 E6 42 33 33 8C 42 6C 67 9E 42
1787904102.402063,34680,05fb,12,67 66 FD 42 C3 F5 12 42 8B 2C B5 42
1787904102.414184,34680,05fc,12,33 33 96 42 B8 1E 6F 42 81 15 BE 42
1787904102.424897,34680,05fd,12,66 66 4E 42 48 E1 6E 42 F0 A7 E9 41
1787904102.435411,34680,05fe,12,66 66 E9 42 AE 47 93 42 FA 7E 81 42
1787904102.445987,34680,05ff,12,66 66 A0 42 48 E1 38 42 60 A5 D5 42
1787904102.456370,34680,0600,12,00 00 94 42 48 E1 08 42 34 33 EF 41
1787904102.466757,34680,0601,12,00 00 85 42 29 5C 88 42 04 16 AA 42
1787904102.477327,34680,0602,12,CD CC 91 42 7A 14 FE 41 4E E2 D1 42
1787904102.487718,34680,0603,12,CD CC 70 42 0A D7 3F 42 AE 07 88 42
1787904102.498240,34680,0604,12,00 00 8A 42 5C 8F 10 42 0A 17 82 42
1787904102.508773,34680,0605,12,9A 99 C1 42 66 66 7A 42 8A 41 99 42
1787904102.519281,34680,0606,12,00 00 BB 42 D7 A3 8A 42 0E 2D A1 42
1787904102.529674,34680,0607,12,33 B3 03 43 29 5C 2D 42 F4 7D A9 42
1787904102.540694,34680,0608,12,00 00 F6 42 7B 14 AA 41 58 39 B0 42
1787904102.551214,34680,0609,12,00 00 4C 42 AE 47 23 42 DD 24 B8 42
1787904102.562548,34680,060a,12,33 33 F5 42 33 33 98 42 D7 A3 C3 41
1787904102.574847,34680,060b,12,66 66 DC 42 33 33 25 42 06 81 94 42
1787904102.585913,34680,060c,12,9A 99 8E 42 1E 85 47 42 8D 97 9F 42
1787904102.596673,34680,060d,12,00 00 CF 42 7A 14 95 42 25 C6 DC 42
1787904102.607080,34680,060e,12,66 E6 03 43 70 3D 2A 42 3E 8A 60 42
1787904102.617360,34680,060f,12,00 00 03 43 B8 1E 45 42 AA F1 CB 42
1787904102.627641,34680,0610,12,34 33 BE 42 1E 85 99 42 6F 92 A1 42
1787904102.638020,34680,0611,12,CD CC B0 42 CD CC 22 42 B4 08 C3 42
1787904102.648338,34680,0612,12,34 B3 0A 43 90 C2 47 42 74 93 F1 41
1787904102.658931,34680,0613,12,9A 99 6B 42 0A D7 69 42 A3 30 DB 42
1787904102.669405,34680,0614,12,66 66 85 42 1F 85 8D 42 8E D7 86 42
1787904102.679809,34680,0615,12,00 00 EF 42 8F C2 87 42 CD CC B3 41
1787904102.690368,34680,0616,12,33 33 9A 42 3E 0A B7 41 96 83 93 42
1787904102.700936,34680,0617,12,9A 99 59 42 33 33 92 42 38 89 25 42
1787904102.711619,34680,0618,12,00 00 81 42 29 5C 39 42 E1 FA 8C 42
1787904102.722169,34680,0619,12,CD CC E1 42 0A D7 97 42 12 83 A7 42
1787904102.732682,34680,061a,12,9A 99 8C 42 F6 28 99 42 B4 08 C3 42
1787904102.743037,34680,061b,12,33 33 73 42 0A D7 75 42 E8 FB 6F 42
1787904102.753505,34680,061c,12,66 E6 11 43 E1 7A 3C 42 04 56 91 42
1787904102.764231,34680,061d,12,CD CC B4 42 EC 51 10 42 1C DA E8 42
1787904102.774819,34680,061e,12,9A 99 9E 42 E1 7A 85 42 5C CF 9D 42
1787904102.785266,34680,061f,12,9A 99 53 42 8F C2 0B 42 33 B3 A8 42
1787904102.795746,34680,0620,12,CD CC C8 42 85 EB 6D 42 FC 29 5E 42
1787904102.806137,34680,0621,12,33 33 88 42 33 33 4F 42 20 F0 A4 42
1787904102.817159,34680,0622,12,34 33 0B 43 8F C2 87 42 95 C3 DD 42
1787904102.828469,34680,0623,12,CD CC 8D 42 EC 51 58 42 12 03 D9 42
1787904102.840848,34680,0624,12,34 33 DA 42 B8 1E 94 42 B8 1E E2 42
1787904102.852204,34680,0625,12,34 33 CF 42 90 C2 90 42 FE 54 B9 42
1787904102.862616,34680,0626,12,33 33 08 43 F6 28 C0 41 60 A5 D5 42
1787904102.873606,34680,0627,12,9A 99 C2 42 70 3D FA 41 9A 19 29 42
1787904102.883790,34680,0628,12,33 33 FA 42 29 5C 97 42 9C 84 CE 42
1787904102.894040,34680,0629,12,66 66 D1 42 7B 14 70 42 D7 E3 95 42
1787904102.905991,34680,062a,12,00 00 C4 42 85 EB 67 42 C3 F5 A3 41
1787904102.916619,34680,062b,12,00 00 DE 42 A4 70 31 42 31 08 EC 41
1787904102.926931,34680,062c,12,66 66 62 42 CD CC 76 42 73 68 D9 42
1787904102.937412,34680,062d,12,CD CC BC 42 8F C2 A5 41 B2 9D D8 42
1787904102.947752,34680,062e,12,00 00 8B 42 52 B8 48 42 D7 A3 56 42
1787904102.958072,34680,062f,12,33 33 B8 42 E1 7A 8B 42 06 81 94 42
1787904102.968598,34680,0630,12,66 66 E7 42 70 3D 5A 42 B0 72 EA 41
1787904102.979053,34680,0631,12,66 66 15 43 C2 F5 F4 41 15 6E C3 42
1787904102.989988,34680,0632,12,CD CC C9 42 EC 51 0A 42 DD A4 86 42
1787904103.000499,34680,0633,12,00 00 FE 42 14 AE 07 42 85 AB AB 42
1787904103.011420,34680,0634,12,66 66 03 43 F6 28 62 42 F4 FD 1F 42
1787904103.022703,34680,0635,12,00 00 81 42 A4 70 13 42 1D DA 2D 42
1787904103.033549,34680,0636,12,CD CC DE 42 D7 A3 93 42 D9 CE C6 41
1787904103.049138,34680,0637,12,33 33 85 42 0A D7 15 42 8F 42 7C 42
1787904103.059701,34680,0638,12,9A 99 57 42 D7 A3 08 42 74 93 21 42
1787904103.070139,34680,0639,12,34 33 A5 42 52 B8 48 42 4C B7 76 42
1787904103.080457,34680,063a,12,9A 99 9E 42 90 C2 41 42 E8 3B AF 42
1787904103.091076,34680,063b,12,9A 99 01 43 9A 99 1B 42 56 0E AD 42
1787904103.102238,34680,063c,12,66 66 AC 42 EC 51 22 42 6B BC CC 42
1787904103.112946,34680,063d,12,66 66 F5 42 D7 A3 20 42 94 18 51 42
1787904103.123241,34680,063e,12,CD 4C 03 43 00 00 97 42 91 ED A5 42
1787904103.133563,34680,063f,12,67 66 FF 42 52 B8 D6 41 8D 17 D1 42
1787904103.143817,34680,0640,12,CD CC 9D 42 70 3D 97 42 F2 D2 1C 42
1787904103.154269,34680,0641,12,9A 99 06 43 EC 51 8C 42 C6 8B DF 42
1787904103.169247,34680,0642,12,33 33 C7 42 00 00 36 42 3B DF FB 41
1787904103.179685,34680,0643,12,66 66 D8 42 1F 85 3B 42 89 41 AE 41
1787904103.190141,34680,0644,12,34 B3 11 43 52 B8 A6 41 3A 34 B2 42
1787904103.200595,34680,0645,12,00 00 AF 42 7A 14 2E 42 6B BC 74 42
1787904103.214476,34680,0646,12,CC CC F5 42 7B 14 98 42 0C 02 B3 41
1787904103.230972,34680,0647,12,66 66 0E 43 90 C2 F9 41 D1 A2 7E 42
1787904103.241637,34680,0648,12,CD CC 9A 42 EB 51 52 42 10 D8 1A 42
1787904103.252476,34680,0649,12,00 00 CA 42 CC CC 1C 42 0E 2D A1 42
1787904103.263125,34680,064a,12,66 66 B4 42 E1 7A 60 42 76 FE C6 42
1787904103.273556,34680,064b,12,33 33 5F 42 AE 47 D5 41 8B AC E6 42
1787904103.284011,34680,064c,12,33 33 D3 42 3E 0A 2F 42 CD CC 9E 42
1787904103.294576,34680,064d,12,34 33 9D 42 14 AE 83 42 1D DA 2D 42
1787904103.305198,34680,064e,12,9A 99 C9 42 90 C2 71 42 3B 9F 9C 42
1787904103.315732,34680,064f,12,33 33 D5 42 9A 99 94 42 5A E4 E4 42
1787904103.326236,34680,0650,12,66 E6 11 43 F5 28 6E 42 A0 1A 01 42
1787904103.336724,34680,0651,12,00 80 02 43 5C 8F 10 42 C3 F5 A3 41
1787904103.347278,34680,0652,12,CD CC 62 42 9A 99 A9 41 BE 9F 30 42
1787904103.358155,34680,0653,12,00 00 68 42 E1 7A 3C 42 CB E1 E5 42
1787904103.368836,34680,0654,12,33 33 67 42 D7 A3 D8 41 20 F0 A4 42
1787904103.379671,34680,0655,12,9A 99 9B 42 1F 85 E7 41 8E D7 86 42
1787904103.391732,34680,0656,12,CD CC 03 43 33 33 31 42 1C DA E8 42
1787904103.402815,34680,0657,12,00 00 BA 42 AE 47 3B 42 C6 CB 0B 42
1787904103.413273,34680,0658,12,9A 99 C4 42 7A 14 2E 42 04 D6 6A 42
1787904103.423939,34680,0659,12,00 80 02 43 D6 A3 4A 42 73 A8 C0 42
1787904103.434558,34680,065a,12,00 80 08 43 7B 14 F2 41 D5 F8 21 42
1787904103.445090,34680,065b,12,CD CC EF 42 9A 99 4B 42 73 E8 4F 42
1787904103.460613,34680,065c,12,CD 4C 11 43 9A 99 63 42 9A D9 99 42
1787904103.470999,34680,065d,12,66 66 7A 42 14 AE 0D 42 1F 05 31 42
1787904103.484938,34680,065e,12,66 66 CA 42 9A 99 3F 42 06 81 3C 42
1787904103.495755,34680,065f,12,66 66 5E 42 F6 28 08 42 CA A1 43 42
1787904103.506767,34680,0660,12,00 00 96 42 34 33 19 42 95 43 54 42
1787904103.517511,34680,0661,12,66 66 02 43 1F 85 5F 42 12 03 D9 42
1787904103.527992,34680,0662,12,66 66 02 43 E1 7A 0C 42 AE 47 D2 42
1787904103.538685,34680,0663,12,CD CC 60 42 7B 14 C2 41 0A D7 42 42
1787904103.549401,34680,0664,12,CC CC CE 42 29 5C 51 42 F8 13 97 42
1787904103.560044,34680,0665,12,CD CC 6C 42 A4 70 83 42 B2 1D 4F 42
1787904103.570950,34680,0666,12,00 00 E8 42 E1 7A 42 42 5E BA CE 41
1787904103.581654,34680,0667,12,9A 99 92 42 90 C2 29 42 67 66 C6 42
1787904103.592135,34680,0668,12,9A 19 0E 43 29 5C 1B 42 49 4C E4 42
1787904103.632254,34680,0669,12,66 66 8B 42 9A 99 21 42 86 EB 3A 42
1787904103.648956,34680,066a,12,9A 19 03 43 8F C2 E1 41 7D 3F E9 42
1787904103.673015,34680,066b,12,66 66 DD 42 EC 51 76 42 C8 F6 0E 42
1787904103.697154,34680,066c,12,66 66 14 43 33 33 55 42 29 1C 80 42
1787904103.707467,34680,066d,12,33 33 5F 42 8F C2 B1 41 20 F0 A4 42
1787904103.717838,34680,066e,12,CD CC D6 42 7B 14 80 42 58 B9 E1 42
1787904103.728251,34680,066f,12,9A 99 83 42 8F C2 87 42 1D DA 2D 42
1787904103.738731,34680,0670,12,33 33 91 42 5C 8F 04 42 48 61 C8 42
1787904103.749085,34680,0671,12,66 E6 0B 43 CC CC EC 41 58 39 B0 42
1787904103.759358,34680,0672,12,00 00 0E 43 EC 51 92 42 E5 10 AC 42
1787904103.769627,34680,0673,12,CD CC 9E 42 5C 8F 80 42 0E 6D EB 42
1787904103.780081,34680,0674,12,CC CC 00 43 66 66 0E 42 1D 5A CC 41
1787904103.790540,34680,0675,12,33 33 9A 42 3E 0A 05 42 D2 22 A5 42
1787904103.801096,34680,0676,12,00 00 AB 42 85 EB 07 42 A2 C5 35 42
1787904103.811708,34680,0677,12,33 33 DE 42 52 B8 CA 41 0A D7 9A 42
1787904103.822197,34680,0678,12,9A 99 B1 42 66 66 3E 42 BC 34 9E 42
1787904103.832724,34680,0679,12,33 B3 00 43 F6 28 87 42 64 3B C3 42
1787904103.844276,34680,067a,12,00 00 ED 42 EC 51 F8 41 AE C7 48 42
1787904103.855722,34680,067b,12,66 66 9B 42 85 EB 37 42 EB D1 44 42
1787904103.866505,34680,067c,12,34 33 E6 42 48 E1 14 42 4C 37 9D 42
1787904103.878784,34680,067d,12,33 33 89 42 5C 8F 7C 42 50 0D D5 42
1787904103.889499,34680,067e,12,00 00 6E 42 00 00 82 42 81 15 03 42
1787904103.900698,34680,067f,12,00 00 6A 42 85 EB E9 41 83 C0 A4 41
1787904103.911343,34680,0680,12,9A 99 D3 42 14 AE 07 42 18 04 B1 42
1787904103.921581,34680,0681,12,00 00 D9 42 0A D7 27 42 AC 1C 14 42
1787904103.931895,34680,0682,12,9A 19 11 43 29 5C 2D 42 9C 04 9D 42
1787904103.942274,34680,0683,12,CD CC EA 42 0A D7 EB 41 06 81 3C 42
1787904103.952698,34680,0684,12,CD CC C3 42 33 33 B3 41 5E BA CE 41
1787904103.963033,34680,0685,12,66 66 9F 42 52 B8 BE 41 76 3E 56 42
1787904103.973342,34680,0686,12,9A 99 A8 42 EC 51 6A 42 7B 94 5C 42
1787904103.987666,34680,0687,12,66 66 7C 42 D7 A3 D8 41 00 00 A0 41
1787904103.998516,34680,0688,12,33 33 90 42 33 33 6D 42 FA FE 5A 42
1787904104.009348,34680,0689,12,CD CC 9F 42 99 99 69 42 6E 12 18 42
1787904104.019754,34680,068a,12,66 66 A5 42 3D 0A F3 41 F4 FD EF 41
1787904104.030882,34680,068b,12,9A 19 00 43 AE 47 29 42 5D 4F CF 42
1787904104.041414,34680,068c,12,CD CC 5A 42 70 3D EE 41 48 E1 AB 41
1787904104.051949,34680,068d,12,00 00 6C 42 CD CC B0 41 AC 1C E4 41
1787904104.062222,34680,068e,12,00 00 03 43 3E 0A 87 42 16 19 95 42
1787904104.072524,34680,068f,12,33 33 09 43 C2 F5 9A 42 10 58 4C 42
1787904104.082922,34680,0690,12,CD CC 85 42 52 B8 66 42 83 C0 37 42
1787904104.093368,34680,0691,12,CD CC A4 42 29 5C 27 42 E5 10 AC 42
1787904104.103802,34680,0692,12,66 66 AD 42 E1 7A 24 42 04 56 39 42
1787904104.114467,34680,0693,12,9A 99 97 42 5C 8F 76 42 20 30 34 42
1787904104.125051,34680,0694,12,9A 99 FE 42 D7 A3 8A 42 B8 9E B0 42
1787904104.135689,34680,0695,12,CD CC 84 42 00 00 3C 42 48 61 70 42
1787904104.146415,34680,0696,12,33 B3 01 43 1E 85 23 42 4E 22 B9 42
1787904104.156872,34680,0697,12,9A 99 92 42 1F 85 AB 41 14 2E 21 42
1787904104.171353,34680,0698,12,9A 99 C3 42 C2 F5 00 42 21 B0 BD 42
1787904104.182070,34680,0699,12,00 00 F4 42 90 C2 23 42 C6 0B AE 42
1787904104.193061,34680,069a,12,33 33 95 42 5C 8F 34 42 3E 4A D1 42
1787904104.203721,34680,069b,12,66 66 56 42 E1 7A 1E 42 17 D9 AD 42
1787904104.214190,34680,069c,12,CD CC E5 42 66 66 1A 42 31 C8 8C 42
1787904104.224904,34680,069d,12,CD CC FD 42 9A 99 45 42 C9 F6 C9 42
1787904104.235745,34680,069e,12,00 00 D7 42 AE 47 3B 42 3F 75 D4 42
1787904104.246265,34680,069f,12,00 00 85 42 29 5C A3 41 27 F1 DF 42
1787904104.256729,34680,06a0,12,66 66 58 42 3E 0A 5F 42 1B 2F B4 42
1787904104.267183,34680,06a1,12,33 33 EB 42 C2 F5 F4 41 1C 5A B7 42
1787904104.277601,34680,06a2,12,33 33 08 43 66 66 26 42 CF F7 B6 41
1787904104.288244,34680,06a3,12,33 33 4B 42 CD CC 5E 42 AA F1 E0 41
1787904104.299677,34680,06a4,12,00 00 DD 42 E2 7A 82 42 D9 CE C6 41
1787904104.310476,34680,06a5,12,66 66 F4 42 A4 70 01 42 A8 C6 0D 42
1787904104.321001,34680,06a6,12,CD 4C 0F 43 33 33 89 42 20 F0 A4 42
1787904104.331602,34680,06a7,12,00 00 F9 42 99 99 69 42 27 F1 DF 42
1787904104.341924,34680,06a8,12,00 00 D4 42 29 5C 9A 42 40 F5 A2 42
1787904104.353248,34680,06a9,12,00 00 00 43 CD CC C8 41 08 AC AC 41
1787904104.365532,34680,06aa,12,00 80 00 43 29 5C 39 42 C6 CB 6E 42
1787904104.376428,34680,06ab,12,CC CC AD 42 85 EB B9 41 5D 0F E8 42
1787904104.387490,34680,06ac,12,CD CC EB 42 B8 1E A9 41 50 8D B8 41
1787904104.398385,34680,06ad,12,CC CC CF 42 9A 99 57 42 1C 1A D0 42
1787904104.409138,34680,06ae,12,99 99 EA 42 7B 14 22 42 52 38 D8 42
1787904104.421035,34680,06af,12,9A 99 0B 43 1F 85 2F 42 25 06 C4 42
1787904104.431690,34680,06b0,12,9A 99 05 43 C2 F5 91 42 70 3D EB 41
1787904104.442284,34680,06b1,12,CD CC 87 42 EC 51 F8 41 92 6D 1C 42
1787904104.452824,34680,06b2,12,99 99 EA 42 14 AE 8F 42 31 08 EC 41
1787904104.463404,34680,06b3,12,00 00 B2 42 AE 47 81 42 50 8D A3 42
1787904104.473857,34680,06b4,12,00 80 0C 43 3D 0A 8A 42 4E E2 79 42
1787904104.484432,34680,06b5,12,00 00 DB 42 33 33 D7 41 BE 1F BA 42
1787904104.495157,34680,06b6,12,33 33 9F 42 9A 99 8B 42 10 58 B9 41
1787904104.510236,34680,06b7,12,CD CC 0F 43 1F 85 84 42 9E EF B8 42
1787904104.521030,34680,06b8,12,33 B3 07 43 F6 28 74 42 5D 0F E8 42
1787904104.531583,34680,06b9,12,CD CC 56 42 14 AE 01 42 2D 32 47 42
1787904104.542400,34680,06ba,12,9A 19 0A 43 70 3D 0C 42 85 6B 6C 42
1787904104.557601,34680,06bb,12,00 00 9D 42 29 5C DF 41 8B 2C B5 42
1787904104.568006,34680,06bc,12,CD CC 85 42 5C 8F 5E 42 0A 57 11 42
1787904104.578392,34680,06bd,12,CD CC F9 42 0A D7 39 42 E8 FB 0C 42
1787904104.590336,34680,06be,12,33 33 C5 42 C2 F5 48 42 A6 5B DE 42
1787904104.603273,34680,06bf,12,66 66 78 42 0A D7 21 42 F6 68 C5 42
1787904104.617975,34680,06c0,12,00 00 D7 42 7B 14 22 42 D7 A3 56 42
1787904104.628966,34680,06c1,12,9A 99 FE 42 A4 70 25 42 40 35 8A 42
1787904104.639390,34680,06c2,12,00 80 07 43 B8 1E 8E 42 EE 7C 16 42
1787904104.649762,34680,06c3,12,9A 99 ED 42 1F 85 7D 42 54 63 DB 42
1787904104.660227,34680,06c4,12,33 B3 00 43 86 EB 8C 42 91 AD BE 42
1787904104.670669,34680,06c5,12,67 66 EF 42 14 AE B3 41 72 68 EE 41
1787904104.681484,34680,06c6,12,66 E6 15 43 85 EB 07 42 62 90 8E 42
1787904104.692058,34680,06c7,12,66 66 E7 42 B8 1E 9A 42 5C 8F CB 41
1787904104.702558,34680,06c8,12,66 66 D0 42 33 33 31 42 6E 12 18 42
1787904104.713112,34680,06c9,12,9A 99 C6 42 7A 14 95 42 C5 20 92 42
1787904104.723732,34680,06ca,12,66 66 DC 42 85 EB 89 42 8A 41 41 42
1787904104.734482,34680,06cb,12,00 00 A0 42 B8 1E 8B 42 1F C5 A1 42
1787904104.744950,34680,06cc,12,00 80 07 43 EC 51 89 42 BA 49 82 42
1787904104.755779,34680,06cd,12,CD CC C8 42 5C 8F 76 42 A2 45 67 42
1787904104.766129,34680,06ce,12,CD CC CA 42 1F 85 17 42 8F 42 7C 42
1787904104.778040,34680,06cf,12,9A 99 D9 42 90 C2 41 42 0A 17 E5 42
1787904104.789244,34680,06d0,12,33 B3 06 43 33 33 98 42 50 0D 7D 42
1787904104.800432,34680,06d1,12,66 66 88 42 E2 7A 91 42 46 B6 A8 41
1787904104.811078,34680,06d2,12,66 66 0D 43 5C 8F 58 42 F6 E8 93 42
1787904104.821537,34680,06d3,12,66 66 83 42 7B 14 C2 41 DF CF 31 42
1787904104.831874,34680,06d4,12,66 E6 10 43 0A D7 DF 41 B0 F2 4B 42
1787904104.842162,34680,06d5,12,CD CC 7C 42 00 00 AC 41 1C 5A 5F 42
1787904104.852678,34680,06d6,12,9A 99 C4 42 85 EB 61 42 C9 76 AD 41
1787904104.863074,34680,06d7,12,CC CC DB 42 B8 1E 82 42 5A E4 E4 42
1787904104.873545,34680,06d8,12,CD CC 54 42 A4 70 7F 42 9C 44 E7 42
1787904104.884015,34680,06d9,12,00 00 E1 42 29 5C 88 42 18 C4 C9 42
1787904104.895769,34680,06da,12,CC CC D9 42 E1 7A 7E 42 7D 3F E9 42
1787904104.907112,34680,06db,12,CC CC CD 42 B8 1E B5 41 87 96 6F 42
1787904104.917463,34680,06dc,12,CD CC FC 42 00 00 9A 42 00 80 01 42
1787904104.928309,34680,06dd,12,00 00 78 42 EC 51 3A 42 CD CC 9E 42
1787904104.938818,34680,06de,12,00 00 90 42 CC CC EC 41 2D 32 9F 42
1787904104.949183,34680,06df,12,00 00 0E 43 CD CC 80 42 25 06 6C 42
1787904104.959731,34680,06e0,12,CD CC 9D 42 F5 28 6E 42 10 58 A4 42
1787904104.970239,34680,06e1,12,66 66 54 42 EC 51 80 42 00 C0 A3 42
1787904104.981212,34680,06e2,12,CD CC D4 42 52 B8 00 42 1D DA 2D 42
1787904104.991653,34680,06e3,12,66 66 AC 42 48 E1 50 42 16 D9 C2 41
1787904105.005845,34680,06e4,12,CD 4C 03 43 1F 85 05 42 EA E6 80 42
1787904105.016193,34680,06e5,12,9A 99 C1 42 71 3D 54 42 44 8B 38 42
1787904105.027059,34680,06e6,12,CD CC 74 42 B8 1E 33 42 71 7D BD 42
1787904105.037864,34680,06e7,12,00 00 E4 42 34 33 9E 42 96 83 93 42
1787904105.048358,34680,06e8,12,66 66 86 42 A4 70 9B 42 18 04 C6 41
1787904105.058682,34680,06e9,12,66 66 99 42 85 EB AD 41 40 35 8A 42
1787904105.069374,34680,06ea,12,00 00 B5 42 1E 85 F3 41 B0 72 7D 42
1787904105.079824,34680,06eb,12,33 33 F0 42 F6 28 7A 42 15 AE AA 42
1787904105.090429,34680,06ec,12,66 66 F4 42 F6 28 84 42 D5 78 53 42
1787904105.101008,34680,06ed,12,00 00 AF 42 5C 8F C2 41 5E 3A EB 42
1787904105.111330,34680,06ee,12,CD CC C3 42 C3 F5 0C 42 6A 3C 43 42
1787904105.121728,34680,06ef,12,66 E6 01 43 8F C2 B1 41 34 33 1F 42
1787904105.132230,34680,06f0,12,9A 99 F3 42 8F C2 77 42 D3 4D 50 42
1787904105.142591,34680,06f1,12,00 00 48 42 7B 14 16 42 04 16 AA 42
1787904105.152883,34680,06f2,12,9A 99 07 43 C2 F5 6C 42 42 E0 03 42
1787904105.163340,34680,06f3,12,9A 99 BF 42 EC 51 F8 41 17 99 C6 42
1787904105.173856,34680,06f4,12,66 66 78 42 86 EB F5 41 58 79 97 42
1787904105.184479,34680,06f5,12,CD CC 7E 42 F6 28 7A 42 BA 89 CC 42
1787904105.195080,34680,06f6,12,66 66 8D 42 99 99 7B 42 60 65 8B 42
1787904105.205860,34680,06f7,12,00 80 04 43 F6 28 0E 42 02 AB BF 42
1787904105.216362,34680,06f8,12,00 00 C3 42 F6 28 99 42 2D 72 E9 42
1787904105.226947,34680,06f9,12,CC CC 0E 43 0A D7 33 42 34 33 1F 42
1787904105.237518,34680,06fa,12,9A 99 8A 42 86 EB 55 42 79 E9 F7 41
1787904105.249590,34680,06fb,12,34 33 FE 42 48 E1 90 42 D9 CE 59 42
1787904105.260163,34680,06fc,12,00 00 97 42 AE 47 1D 42 1C 9A 9E 42
1787904105.271470,34680,06fd,12,00 80 0B 43 29 5C D3 41 B8 1E F7 41
1787904105.281940,34680,06fe,12,00 00 8D 42 00 00 5A 42 18 44 98 42
1787904105.292495,34680,06ff,12,33 33 09 43 00 00 88 42 2D 72 E9 42
1787904105.303123,34680,0700,12,CC CC 07 43 C2 F5 85 42 C0 CA 8B 42
1787904105.313938,34680,0701,12,33 B3 03 43 9A 99 1B 42 0C 42 E8 42
1787904105.324754,34680,0702,12,CD CC C3 42 9A 99 94 42 D5 38 C4 42
1787904105.335184,34680,0703,12,9A 99 A4 42 3E 0A B7 41 C2 75 68 42
1787904105.345543,34680,0704,12,33 33 E4 42 0A D7 27 42 5D 4F CF 42
1787904105.357541,34680,0705,12,33 33 77 42 14 AE 25 42 D3 4D BD 41
1787904115.366848,34680,0707,12,CD CC AA 42 9A 99 B5 41 15 2E DC 42
1787904115.376494,34680,0708,12,33 33 59 42 0A D7 4B 42 B7 73 AD 42
1787904115.386829,34680,0709,12,00 00 6A 42 5C 8F AA 41 A6 9B 0A 42
1787904115.397256,34680,070a,12,33 33 79 42 71 3D A6 41 67 66 6E 42
1787904115.407579,34680,070b,12,34 33 0B 43 8F C2 2F 42 FE 54 B9 42
1787904115.418414,34680,070c,12,CD CC A0 42 00 00 5A 42 EB D1 44 42
1787904115.429119,34680,070d,12,66 66 D3 42 14 AE 0D 42 A4 70 07 42
1787904115.439643,34680,070e,12,9A 99 F9 42 3E 0A 29 42 B8 1E E2 42
1787904115.450797,34680,070f,12,00 80 0D 43 52 B8 94 42 25 06 C4 42
1787904115.463564,34680,0710,12,00 00 14 43 7B 14 80 42 8D 97 47 42
1787904115.474032,34680,0711,12,66 66 D5 42 86 EB 49 42 4C 37 9D 42
1787904115.487281,34680,0712,12,33 B3 01 43 52 B8 94 42 C5 20 92 42
1787904115.497916,34680,0713,12,00 00 F0 42 0B D7 5D 42 4C 37 45 42
1787904115.508654,34680,0714,12,33 33 FC 42 AE 47 BD 41 04 56 91 42
1787904115.519424,34680,0715,12,CC CC CD 42 9A 99 8E 42 71 3D 7E 42
1787904115.530189,34680,0716,12,66 66 EB 42 00 00 91 42 1B 2F 5C 42
1787904115.540843,34680,0717,12,9A 99 00 43 29 5C 09 42 36 1E 93 42
1787904115.551249,34680,0718,12,00 00 AF 42 29 5C 85 42 40 35 32 42
1787904115.561557,34680,0719,12,34 33 E6 42 F6 28 90 42 D7 23 25 42
1787904115.572109,34680,071a,12,9A 99 80 42 9A 99 91 42 1A 6F 9B 42
1787904115.582602,34680,071b,12,CD CC 0B 43 29 5C 75 42 29 5C CA 42
1787904115.592940,34680,071c,12,CD CC 9F 42 1E 85 9F 42 B8 9E 58 42
1787904115.603416,34680,071d,12,CD CC BC 42 D7 A3 87 42 60 65 8B 42
1787904115.613914,34680,071e,12,9A 99 15 43 14 AE 3D 42 31 C8 8C 42
1787904115.624267,34680,071f,12,00 00 E4 42 0A D7 88 42 A6 9B 0A 42
1787904115.634917,34680,0720,12,66 66 D4 42 0A D7 0F 42 DD 24 B8 42
1787904115.645347,34680,0721,12,33 33 8A 42 E1 7A 48 42 12 83 A7 42
1787904115.655715,34680,0722,12,CD 4C 10 43 A4 70 DD 41 56 0E AD 42
1787904115.666126,34680,0723,12,9A 99 FF 42 86 EB 73 42 85 6B C4 42
1787904115.676603,34680,0724,12,CC CC A1 42 71 3D 8B 42 A0 9A ED 42
1787904115.686988,34680,0725,12,CC CC 0E 43 5C 8F 58 42 C5 A0 08 42
1787904115.697230,34680,0726,12,00 00 D9 42 7A 14 86 42 40 35 8A 42
1787904115.707625,34680,0727,12,9A 99 CE 42 D7 A3 9C 42 D9 0E 99 42
1787904115.717884,34680,0728,12,CD 4C 09 43 CD CC 58 42 0E 2D 49 42
1787904115.728404,34680,0729,12,CD CC E6 42 15 AE 5B 42 31 08 7F 42
1787904115.738913,34680,072a,12,34 33 CF 42 33 33 CB 41 6E 12 18 42
1787904115.749271,34680,072b,12,99 99 F8 42 90 C2 8A 42 5C 0F 2D 42
1787904115.759845,34680,072c,12,33 33 C6 42 D7 A3 02 42 44 CB DA 42
1787904115.770476,34680,072d,12,9A 19 0D 43 CC CC 4C 42 86 EB 92 42
1787904115.781207,34680,072e,12,9A 99 CB 42 29 5C 39 42 1B AF E5 42
1787904115.791864,34680,072f,12,33 33 57 42 EB 51 5E 42 EE FC 9F 42
1787904115.802334,34680,0730,12,66 66 5A 42 1F 85 84 42 60 E5 64 42
1787904115.813576,34680,0731,12,9A 99 D6 42 52 B8 3C 42 E5 D0 09 42
1787904115.823982,34680,0732,12,CD CC 66 42 70 3D 48 42 98 EE E0 42
1787904115.834565,34680,0733,12,66 66 AD 42 3E 0A 53 42 27 31 6F 42
1787904115.847355,34680,0734,12,00 00 E7 42 D7 A3 C0 41 52 38 1D 42
1787904115.857970,34680,0735,12,00 00 BA 42 E2 7A 88 42 DF 4F 00 42
1787904115.868403,34680,0736,12,66 66 C2 42 1E 85 23 42 27 31 DC 41
1787904115.878775,34680,0737,12,00 00 F2 42 00 00 36 42 50 0D 1A 42
1787904115.889419,34680,0738,12,33 33 8C 42 33 33 92 42 20 30 8C 42
1787904115.899739,34680,0739,12,33 33 B9 42 66 66 96 42 A6 9B DA 41
1787904115.909969,34680,073a,12,CD CC DE 42 3E 0A 3B 42 C2 75 68 42
1787904115.920504,34680,073b,12,00 00 AB 42 CD CC 0A 42 0E AD 7A 42
1787904115.930764,34680,073c,12,33 33 E8 42 33 33 07 42 62 90 8E 42
1787904115.941196,34680,073d,12,CD CC 7C 42 7B 14 70 42 31 48 BE 42
1787904115.951615,34680,073e,12,9A 99 51 42 14 AE 25 42 29 DC 98 42
1787904115.961962,34680,073f,12,66 66 4A 42 B8 1E 8E 42 04 D6 07 42
1787904115.972272,34680,0740,12,00 00 A2 42 48 E1 68 42 CB A1 B0 41
1787904115.982743,34680,0741,12,00 00 6A 42 1E 85 47 42 A0 9A 8A 42
1787904115.993093,34680,0742,12,66 66 7A 42 E1 7A 9A 42 44 8B 38 42
1787904116.003430,34680,0743,12,00 00 9D 42 D7 A3 08 42 9A D9 99 42
1787904116.013997,34680,0744,12,33 33 84 42 34 33 8F 42 06 01 0B 42
1787904116.024692,34680,0745,12,CD CC EB 42 3E 0A C3 41 B7 73 55 42
1787904116.034858,34680,0746,12,CC CC E8 42 70 3D 5A 42 11 18 BD 42
1787904116.048596,34680,0747,12,00 00 68 42 14 AE 73 42 D3 0D C1 42
1787904116.088579,34680,0748,12,33 33 A0 42 5C 8F 3A 42 69 91 DE 41
1787904116.099252,34680,0749,12,33 33 EC 42 33 33 55 42 1B 2F B4 42
1787904116.118035,34680,074a,12,00 00 74 42 EC 51 92 42 60 E5 D1 41
1787904116.128491,34680,074b,12,67 66 F0 42 5C 8F 89 42 E5 D0 09 42
1787904116.139080,34680,074c,12,33 33 F9 42 7B 14 92 42 EC 11 84 42
1787904116.149502,34680,074d,12,00 00 86 42 AE 47 71 42 2F 9D 89 42
1787904116.161352,34680,074e,12,33 B3 0E 43 5C 8F 40 42 5E 3A 30 42
1787904116.171766,34680,074f,12,66 66 8A 42 48 E1 44 42 04 D6 07 42
1787904116.183326,34680,0750,12,33 33 F6 42 EC 51 28 42 DF 4F D0 41
1787904116.193956,34680,0751,12,33 33 B3 42 8F C2 0B 42 31 88 A5 42
1787904116.204520,34680,0752,12,9A 99 84 42 85 EB 0D 42 08 6C B0 42
1787904116.215014,34680,0753,12,9A 99 05 43 3E 0A 87 42 8B 2C B5 42
1787904116.225494,34680,0754,12,9A 99 15 43 85 EB 3D 42 F2 D2 1C 42
1787904116.235890,34680,0755,12,00 80 0C 43 71 3D B2 41 92 6D 1C 42
1787904116.246475,34680,0756,12,00 00 A9 42 48 E1 14 42 66 E6 94 42
1787904116.256739,34680,0757,12,33 33 DE 42 7A 14 95 42 7F 6A 31 42
1787904116.267623,34680,0758,12,67 66 F2 42 EC 51 04 42 4C B7 CE 42
1787904116.278135,34680,0759,12,CD CC 58 42 1F 85 7D 42 89 C1 0F 42
1787904116.288595,34680,075a,12,9A 19 0C 43 00 00 DC 41 F4 3D C2 42
1787904116.299092,34680,075b,12,33 33 FB 42 C3 F5 30 42 23 DB 68 42
1787904116.310918,34680,075c,12,CD CC FA 42 0A D7 97 42 C1 0A D6 42
1787904116.321563,34680,075d,12,00 00 DE 42 00 00 60 42 F6 A8 54 42
1787904116.331880,34680,075e,12,CC CC DB 42 C3 F5 A0 41 1D 5A CC 41
1787904116.342334,34680,075f,12,66 66 68 42 CD CC F8 41 44 8B A5 41
1787904116.352835,34680,0760,12,00 80 06 43 B8 1E 63 42 B4 48 AA 42
1787904116.363146,34680,0761,12,CC CC CD 42 C2 F5 C4 41 4C 37 9D 42
1787904116.376049,34680,0762,12,CD CC B5 42 EC 51 95 42 81 D5 D6 42
1787904116.386527,34680,0763,12,CD CC 5E 42 8F C2 87 42 52 B8 4E 42
1787904116.396814,34680,0764,12,33 33 EF 42 A3 70 5B 42 62 10 D5 41
1787904116.407340,34680,0765,12,33 33 9C 42 A4 70 07 42 AE C7 A0 42
1787904116.417860,34680,0766,12,33 33 D6 42 9A 99 91 42 FA 7E 81 42
1787904116.428166,34680,0767,12,9A 99 00 43 0A D7 63 42 62 90 8E 42
1787904116.438524,34680,0768,12,CC CC D8 42 A4 70 9B 42 E5 D0 D9 41
1787904116.448962,34680,0769,12,33 33 B3 42 EB 51 5E 42 64 FB DB 42
1787904116.459251,34680,076a,12,CD CC 85 42 F6 28 E4 41 00 C0 A3 42
1787904116.469871,34680,076b,12,99 99 D2 42 E1 7A 3C 42 7F EA BA 42
1787904116.480643,34680,076c,12,33 33 AE 42 D7 A3 C0 41 0A 97 B3 42
1787904116.491217,34680,076d,12,9A 99 A2 42 67 66 62 42 F2 D2 1C 42
1787904116.501774,34680,076e,12,CD CC 5E 42 3E 0A 8D 42 B2 9D ED 41
1787904116.512724,34680,076f,12,66 66 13 43 85 EB 07 42 EC 11 84 42
1787904116.523260,34680,0770,12,CC CC E8 42 34 33 95 42 AA 31 B3 42
1787904116.533854,34680,0771,12,00 00 85 42 86 EB 73 42 37 09 AF 42
1787904116.544350,34680,0772,12,34 33 D0 42 D7 A3 9C 42 91 6D D7 42
1787904116.554785,34680,0773,12,CD CC 9C 42 C2 F5 8B 42 FC A9 E7 42
1787904116.565296,34680,0774,12,00 00 12 43 CD CC 98 42 6C 67 46 42
1787904116.575948,34680,0775,12,66 66 D0 42 52 B8 0C 42 23 1B A8 42
1787904116.586240,34680,0776,12,9A 99 5B 42 D7 A3 26 42 BC F4 B6 42
1787904116.596751,34680,0777,12,00 00 91 42 66 66 08 42 B6 F3 F3 41
1787904116.607505,34680,0778,12,00 80 07 43 CD CC 58 42 68 D1 B0 42
1787904116.619019,34680,0779,12,00 80 03 43 52 B8 D6 41 9E EF B8 42
1787904116.629767,34680,077a,12,CD CC F1 42 1E 85 90 42 95 43 54 42
1787904116.640335,34680,077b,12,9A 99 CB 42 5C 8F AA 41 8A 41 99 42
1787904116.650844,34680,077c,12,34 33 AB 42 70 3D 88 42 E4 E5 A8 42
1787904116.661346,34680,077d,12,00 00 D4 42 48 E1 68 42 52 B8 A6 42
1787904116.671706,34680,077e,12,66 66 52 42 EC 51 28 42 50 CD 8A 42
1787904116.682228,34680,077f,12,CD CC B0 42 5C 8F CE 41 60 25 A4 42
1787904116.692985,34680,0780,12,66 E6 13 43 9A 99 39 42 42 60 35 42
1787904116.703830,34680,0781,12,CC CC 06 43 85 EB 01 42 25 C6 DC 42
1787904116.714613,34680,0782,12,CD CC 4C 42 EC 51 EC 41 23 1B A8 42
1787904116.732387,34680,0783,12,00 00 68 42 5C 8F 46 42 62 90 8E 42
1787904116.743457,34680,0784,12,33 33 5B 42 00 00 00 42 89 C1 0F 42
1787904116.755700,34680,0785,12,00 00 F6 42 B8 1E FD 41 2F 9D 89 42
1787904116.766446,34680,0786,12,33 33 F5 42 9A 99 88 42 06 81 94 42
1787904116.776915,34680,0787,12,9A 99 73 42 C2 F5 9D 42 9C 04 9D 42
1787904116.792775,34680,0788,12,CD CC 50 42 52 B8 78 42 B7 73 AD 42
1787904116.803687,34680,0789,12,00 00 F7 42 AE 47 65 42 B2 9D ED 41
1787904116.815159,34680,078a,12,99 99 E8 42 29 5C 75 42 FC A9 84 42
1787904116.825785,34680,078b,12,9A 99 CC 42 29 5C 6F 42 83 80 A8 42
1787904116.836230,34680,078c,12,CD 4C 03 43 E1 7A 8B 42 44 CB DA 42
1787904116.846717,34680,078d,12,9A 99 69 42 5C 8F 95 42 BA 89 CC 42
1787904116.857064,34680,078e,12,66 66 7C 42 0A D7 3F 42 9E 6F 2F 42
1787904116.867814,34680,078f,12,67 66 FC 42 00 00 D0 41 B8 1E E2 42
1787904116.878141,34680,0790,12,66 66 72 42 70 3D 94 42 A6 9B 6D 42
1787904116.888854,34680,0791,12,9A 99 B2 42 1F 85 87 42 EE 7C 16 42
1787904116.899381,34680,0792,12,33 33 6D 42 52 B8 BE 41 E0 8F A2 42
1787904116.909805,34680,0793,12,9A 99 95 42 52 B8 94 42 7B 14 FB 41
1787904116.921462,34680,0794,12,9A 19 02 43 B8 1E 97 42 E5 D0 09 42
1787904116.931944,34680,0795,12,66 66 CE 42 1F 85 84 42 1B 2F B4 42
1787904116.942809,34680,0796,12,00 00 CF 42 CD CC 80 42 D4 B8 92 42
1787904116.953721,34680,0797,12,CD CC E5 42 00 00 60 42 3B 1F CE 42
1787904116.964228,34680,0798,12,CD CC FF 42 70 3D 0C 42 C6 0B AE 42
1787904116.975074,34680,0799,12,33 33 F1 42 5C 8F 64 42 DF 4F 63 42
1787904116.985893,34680,079a,12,33 33 08 43 71 3D 00 42 00 40 D5 42
1787904116.996766,34680,079b,12,66 66 CF 42 9A 99 94 42 CC 4C 15 42
1787904117.007300,34680,079c,12,00 80 01 43 C2 F5 9A 42 23 5B 37 42
1787904117.017764,34680,079d,12,33 33 E4 42 5C 8F 89 42 36 5E F2 41
1787904117.028457,34680,079e,12,9A 99 6F 42 7A 14 76 42 27 B1 3D 42
1787904117.038827,34680,079f,12,33 33 49 42 90 C2 81 42 BE 5F A1 42
1787904117.049077,34680,07a0,12,9A 99 0B 43 66 66 14 42 06 81 3C 42
1787904117.059531,34680,07a1,12,9A 99 DC 42 B8 1E 27 42 5A E4 E4 42
1787904117.069834,34680,07a2,12,CD CC C3 42 CD CC E0 41 3B DF E6 42
1787904117.080092,34680,07a3,12,66 66 74 42 14 AE 07 42 CF 37 EC 42
1787904117.090688,34680,07a4,12,CD CC 97 42 90 C2 F9 41 24 86 3A 42
1787904117.101231,34680,07a5,12,66 66 D4 42 34 33 19 42 CA 21 12 42
1787904117.111731,34680,07a6,12,99 99 F7 42 9A 99 4B 42 A0 1A 01 42
1787904117.122576,34680,07a7,12,00 00 CC 42 29 5C DF 41 94 58 90 42
1787904117.133198,34680,07a8,12,33 33 5F 42 3E 0A 47 42 D5 F8 DC 42
1787904117.143595,34680,07a9,12,00 00 13 43 A4 70 9B 42 7B 14 2B 42
1787904117.154010,34680,07aa,12,00 00 9E 42 29 5C 03 42 48 21 E1 42
1787904117.164635,34680,07ab,12,9A 99 86 42 CD CC 2E 42 87 96 0C 42
1787904117.175024,34680,07ac,12,33 33 9E 42 14 AE 3D 42 0E AD 7A 42
1787904117.185807,34680,07ad,12,00 00 00 43 B8 1E 4B 42 48 61 C8 42
1787904117.195920,34680,07ae,12,34 33 F2 42 00 00 54 42 04 56 91 42
1787904117.206560,34680,07af,12,CD CC FC 42 F6 28 62 42 06 01 0B 42
1787904117.216994,34680,07b0,12,66 66 AB 42 1F 85 DB 41 62 10 C0 42
1787904117.227586,34680,07b1,12,00 00 02 43 8F C2 7D 42 06 01 0B 42
1787904117.240528,34680,07b2,12,00 00 CA 42 1F 85 E7 41 2F 9D 89 42
1787904117.258645,34680,07b3,12,33 33 14 43 14 AE 9B 42 F8 93 C8 42
1787904117.270926,34680,07b4,12,66 66 EE 42 CD CC E0 41 B2 1D 4F 42
1787904117.281905,34680,07b5,12,00 00 82 42 90 C2 8A 42 BA 09 9B 42
1787904117.292664,34680,07b6,12,66 66 5C 42 29 5C DF 41 E1 7A D3 41
1787904117.303468,34680,07b7,12,66 66 0A 43 66 66 96 42 48 61 C8 42
1787904117.314126,34680,07b8,12,00 00 62 42 1E 85 F3 41 D7 63 C7 42
1787904117.324645,34680,07b9,12,33 33 B2 42 CD CC 28 42 44 8B 38 42
1787904117.335183,34680,07ba,12,66 66 81 42 14 AE B3 41 06 81 94 42
1787904117.345806,34680,07bb,12,9A 99 B8 42 14 AE 0D 42 B2 DD BF 42
1787904117.356069,34680,07bc,12,00 80 0D 43 85 EB 01 42 81 95 34 42
1787904117.366357,34680,07bd,12,00 00 76 42 E1 7A A0 41 FC 29 5E 42
1787904117.376711,34680,07be,12,66 66 8A 42 A4 70 9E 42 0A D7 42 42
1787904117.387080,34680,07bf,12,9A 99 98 42 70 3D 3C 42 EA A6 41 42
1787904117.397318,34680,07c0,12,CD CC D7 42 5C 8F 9E 42 49 8C 73 42
1787904117.409180,34680,07c1,12,33 33 E4 42 E2 7A 88 42 5D 8F 5E 42
1787904117.419407,34680,07c2,12,9A 99 A2 42 7B 14 8F 42 BA C9 5B 42
1787904117.429834,34680,07c3,12,66 66 DA 42 52 B8 91 42 02 2B 36 42
1787904117.440343,34680,07c4,12,9A 99 E4 42 CD CC 58 42 D2 22 4D 42
1787904117.450832,34680,07c5,12,33 33 00 43 66 66 F6 41 5E 3A 88 42
1787904117.461268,34680,07c6,12,33 B3 15 43 29 5C 5D 42 EC 11 84 42
1787904117.471746,34680,07c7,12,66 66 A6 42 B9 1E 57 42 EE 7C 16 42
1787904117.482111,34680,07c8,12,CD CC A8 42 5C 8F C2 41 54 63 20 42
1787904117.492733,34680,07c9,12,9A 99 E6 42 1F 85 59 42 4E 62 B5 41
1787904117.503250,34680,07ca,12,CC CC 13 43 85 EB 37 42 35 DE 53 42
1787904117.514258,34680,07cb,12,34 33 CC 42 1F 85 87 42 B2 9D D8 42
1787904117.525042,34680,07cc,12,CD CC F7 42 1F 85 35 42 7F 6A EC 42
1787904117.536447,34680,07cd,12,33 33 14 43 90 C2 71 42 8F 42 7C 42
1787904117.547291,34680,07ce,12,66 66 7E 42 7A 14 FE 41 F6 28 23 42
1787904117.558025,34680,07cf,12,9A 19 00 43 1F 85 59 42 FE D4 2F 42
1787904117.568637,34680,07d0,12,66 66 D3 42 29 5C 57 42 62 10 68 42
1787904117.579055,34680,07d1,12,9A 99 69 42 D7 A3 C0 41 6A 3C 43 42
1787904117.603603,34680,07d2,12,00 00 4C 42 AE 47 65 42 6C E7 77 42
1787904117.614038,34680,07d3,12,00 00 FD 42 7B 14 64 42 3A 74 99 42
1787904117.624398,34680,07d4,12,66 E6 02 43 3E 0A 93 42 F8 93 C8 42
1787904117.635164,34680,07d5,12,9A 19 11 43 5C 8F B6 41 F0 67 8A 42
1787904117.645602,34680,07d6,12,66 66 D3 42 F5 28 50 42 18 84 27 42
1787904117.655912,34680,07d7,12,00 00 B8 42 C2 F5 42 42 93 18 BE 41
1787904117.666239,34680,07d8,12,9A 99 A3 42 EC 51 E0 41 EB D1 44 42
1787904117.676619,34680,07d9,12,9A 99 A7 42 29 5C 27 42 27 31 0C 42
1787904117.687021,34680,07da,12,66 66 7A 42 B8 1E 45 42 91 AD BE 42
1787904117.697650,34680,07db,12,CD CC 66 42 34 33 86 42 36 5E 22 42
1787904117.715926,34680,07dc,12,66 66 94 42 85 EB 5B 42 18 04 59 42
1787904117.726912,34680,07dd,12,33 33 67 42 66 66 DE 41 C7 4B AA 41
1787904117.737331,34680,07de,12,9A 99 49 42 7A 14 2E 42 6C E7 77 42
1787904117.747813,34680,07df,12,CD CC 9B 42 A4 70 43 42 3B 1F CE 42
1787904117.758793,34680,07e0,12,CC CC B9 42 CC CC 92 42 67 66 6E 42
1787904117.769211,34680,07e1,12,9A 99 9E 42 48 E1 A2 41 74 93 F1 41
1787904117.783198,34680,07e2,12,CD CC F6 42 EC 51 86 42 B0 72 EA 41
1787904117.793973,34680,07e3,12,00 00 7C 42 0A D7 AF 41 94 98 1F 42
1787904117.804762,34680,07e4,12,66 66 5E 42 0A D7 09 42 15 AE AA 42
1787904117.815412,34680,07e5,12,34 B3 04 43 14 AE 92 42 1C 1A D0 42
1787904117.825828,34680,07e6,12,9A 99 ED 42 3E 0A 17 42 E4 A5 C1 42
1787904117.838426,34680,07e7,12,34 B3 0A 43 E1 7A 72 42 F0 A7 19 42
1787904117.849436,34680,07e8,12,33 33 51 42 C2 F5 4E 42 00 00 8B 42
1787904117.861351,34680,07e9,12,CD CC 76 42 F6 28 62 42 EB D1 9C 42
1787904117.871850,34680,07ea,12,9A 99 9F 42 F6 28 3E 42 A3 B0 A9 42
1787904117.882684,34680,07eb,12,00 00 A3 42 29 5C 33 42 E1 3A D7 42
1787904117.893236,34680,07ec,12,9A 99 E1 42 1F 85 93 42 54 63 DB 42
1787904117.903533,34680,07ed,12,66 66 E9 42 9A 99 27 42 AC 1C CF 42
1787904117.913929,34680,07ee,12,9A 99 89 42 EC 51 EC 41 C5 20 A7 41
1787904117.924215,34680,07ef,12,34 33 A4 42 14 AE 9E 42 42 E0 66 42
1787904117.934617,34680,07f0,12,9A 99 E7 42 5C 8F 2E 42 5E BA B9 42
1787904117.945073,34680,07f1,12,00 00 07 43 CD CC 70 42 16 19 95 42
1787904117.955750,34680,07f2,12,00 00 D2 42 33 33 5B 42 7F EA BA 42
1787904117.966283,34680,07f3,12,66 66 CD 42 F6 28 93 42 50 0D 7D 42
1787904117.976690,34680,07f4,12,9A 99 D1 42 0B D7 7B 42 F2 92 8D 42
1787904117.987472,34680,07f5,12,66 E6 14 43 00 00 F4 41 99 99 5A 42
1787904117.998415,34680,07f6,12,66 66 78 42 EC 51 4C 42 6A BC E1 41
1787904118.008848,34680,07f7,12,66 66 54 42 90 C2 81 42 36 5E 22 42
1787904118.019272,34680,07f8,12,9A 99 69 42 C3 F5 54 42 1F 05 31 42
1787904118.029848,34680,07f9,12,CC CC BF 42 EC 51 34 42 44 0B 07 42
1787904118.040205,34680,07fa,12,00 00 D1 42 52 B8 B2 41 70 3D 1B 42
1787904118.050499,34680,07fb,12,67 66 EF 42 EC 51 46 42 50 0D 1A 42
1787904118.060899,34680,07fc,12,67 66 F1 42 3E 0A 2F 42 15 AE AA 42
1787904118.071588,34680,07fd,12,00 00 EC 42 D7 A3 1A 42 9C 04 9D 42
1787904118.081932,34680,07fe,12,33 33 AE 42 AE 47 2F 42 3F B5 BB 42
1787904118.093142,34680,07ff,12,CD CC 7A 42 90 C2 90 42 D1 A2 D6 42
1787904118.103915,34680,0800,12,33 33 9A 42 33 33 07 42 A8 06 B0 42
1787904118.114214,34680,0801,12,66 E6 0C 43 C2 F5 82 42 BC 74 FD 41
1787904118.124629,34680,0802,12,67 66 E6 42 00 00 12 42 2B 47 E6 42
1787904118.134995,34680,0803,12,66 66 6C 42 48 E1 84 42 CF 77 18 42
1787904118.145424,34680,0804,12,33 33 E1 42 48 E1 4A 42 60 E5 D1 41
1787904118.155735,34680,0805,12,9A 99 67 42 0A D7 39 42 77 BE F4 41
1787904118.167289,34680,0806,12,9A 99 6B 42 5C 8F 0A 42 20 30 34 42
1787904118.178206,34680,0807,12,CC CC C0 42 B8 1E 27 42 5A E4 E4 42
1787904118.188658,34680,0808,12,00 00 7A 42 66 66 02 42 00 00 A0 41
1787904118.199204,34680,0809,12,34 33 0B 43 29 5C 45 42 C8 F6 0E 42
1787904118.209534,34680,080a,12,9A 99 E6 42 F6 28 2C 42 68 D1 B0 42
1787904118.244057,34680,080b,12,00 00 C0 42 9A 99 CD 41 A0 1A 01 42
1787904118.254508,34680,080c,12,00 00 DB 42 E1 7A 0C 42 8B 6C B1 41
1787904118.264808,34680,080d,12,9A 19 0B 43 3E 0A 9F 42 08 AC AC 41
1787904118.275153,34680,080e,12,33 33 A7 42 85 EB 86 42 D5 78 C0 41
1787904118.286662,34680,080f,12,66 66 74 42 7B 14 28 42 DF 0F D4 42
1787904118.298335,34680,0810,12,66 66 D4 42 A4 70 E9 41 12 83 A7 42
1787904118.309418,34680,0811,12,CD CC 64 42 00 00 00 42 23 5B 8F 42
1787904118.321199,34680,0812,12,66 66 05 43 AE 47 E1 41 BA C9 5B 42
1787904118.332268,34680,0813,12,CD CC DD 42 33 33 67 42 00 80 64 42
1787904118.343949,34680,0814,12,33 B3 13 43 B8 1E 2D 42 A8 C6 C8 42
1787904118.369519,34680,0815,12,CD CC 9A 42 1E 85 81 42 D9 8E CA 42
1787904118.379916,34680,0816,12,00 80 0F 43 0A D7 21 42 CD CC 46 42
1787904118.390981,34680,0817,12,CD CC 96 42 C2 F5 7E 42 71 3D 7E 42
1787904118.401716,34680,0818,12,33 33 B3 42 9A 99 3F 42 D9 0E 99 42
1787904118.412395,34680,0819,12,CD CC FA 42 B8 1E 51 42 2D B2 D0 42
1787904118.423292,34680,081a,12,00 80 03 43 00 00 7E 42 23 5B 8F 42
1787904118.434067,34680,081b,12,66 E6 0C 43 85 EB 61 42 46 F6 DD 42
1787904118.444533,34680,081c,12,33 33 7B 42 90 C2 47 42 BC 74 E8 42
1787904118.456781,34680,081d,12,CD CC B0 42 66 66 74 42 8F 82 BB 42
1787904118.467500,34680,081e,12,66 66 15 43 EC 51 0A 42 F6 28 F3 41
1787904118.480268,34680,081f,12,9A 99 8C 42 E1 7A 1E 42 BA 49 FA 41
1787904118.490774,34680,0820,12,66 66 C5 42 0A D7 D3 41 5A E4 29 42
1787904118.501226,34680,0821,12,00 00 52 42 9A 99 03 42 17 99 C6 42
1787904118.511613,34680,0822,12,33 33 8D 42 B8 1E 8B 42 48 E1 96 42
1787904118.521968,34680,0823,12,9A 99 0F 43 7B 14 0A 42 2F DD D3 42
1787904118.532591,34680,0824,12,00 00 C9 42 7B 14 52 42 29 5C 0F 42
1787904118.543140,34680,0825,12,00 00 00 43 9A 99 1B 42 D7 A3 56 42
1787904118.553857,34680,0826,12,66 66 A6 42 D7 A3 08 42 EF A7 7C 42
1787904118.565252,34680,0827,12,CD 4C 06 43 CD CC 64 42 FA BE CB 42
1787904118.575834,34680,0828,12,CD CC E3 42 CC CC 92 42 8B EC 75 42
1787904118.586127,34680,0829,12,00 00 DE 42 E2 7A 12 42 A0 1A 01 42
1787904118.596690,34680,082a,12,9A 99 A4 42 F5 28 50 42 AE C7 A0 42
1787904118.607144,34680,082b,12,00 00 B4 42 A4 70 9B 42 F6 A8 AC 42
1787904118.617464,34680,082c,12,33 B3 15 43 66 66 14 42 C6 4B 3D 42
1787904118.627804,34680,082d,12,00 00 D0 42 90 C2 9F 42 FE 94 A0 42
1787904118.638508,34680,082e,12,00 00 12 43 48 E1 87 42 B6 F3 F3 41
1787904118.649297,34680,082f,12,00 00 60 42 9A 99 27 42 52 B8 4E 42
1787904118.659810,34680,0830,12,00 00 95 42 5C 8F 2E 42 79 69 B1 42
1787904118.670084,34680,0831,12,33 33 4B 42 7B 14 4C 42 94 98 1F 42
1787904118.680898,34680,0832,12,33 33 EB 42 52 B8 12 42 54 E3 A9 42
1787904118.691277,34680,0833,12,00 00 F2 42 14 AE 7F 42 94 D8 C1 42
1787904118.701721,34680,0834,12,33 33 AC 42 B8 1E FD 41 E1 7A 66 42
1787904118.713293,34680,0835,12,00 00 B5 42 00 00 8B 42 7F AA D3 42
1787904118.723814,34680,0836,12,00 00 54 42 E2 7A 30 42 B2 9D 1D 42
1787904118.734386,34680,0837,12,00 00 B0 42 E1 7A 42 42 A4 70 07 42
1787904118.744931,34680,0838,12,00 00 70 42 E1 7A F4 41 F0 A7 19 42
1787904118.755785,34680,0839,12,00 00 06 43 52 B8 24 42 3A 34 B2 42
1787904118.766308,34680,083a,12,9A 99 BD 42 66 66 96 42 48 21 E1 42
1787904118.779577,34680,083b,12,66 66 A6 42 1F 85 7D 42 35 DE AB 42
1787904118.790318,34680,083c,12,00 00 0C 43 85 EB 07 42 70 3D EB 41
1787904118.801888,34680,083d,12,CD CC 0A 43 A3 70 5B 42 81 15 BE 42
1787904118.812760,34680,083e,12,CD CC 96 42 CD CC 9E 42 5A E4 E4 42
1787904118.823422,34680,083f,12,9A 19 06 43 85 EB 13 42 83 40 69 42
1787904118.834256,34680,0840,12,33 B3 12 43 D7 A3 C0 41 33 73 C1 42
1787904118.844802,34680,0841,12,67 66 FD 42 E1 7A 42 42 4E 62 A0 42
1787904118.855274,34680,0842,12,33 33 CA 42 1F 85 93 42 C9 76 AD 41
1787904118.865746,34680,0843,12,33 33 95 42 14 AE 98 42 17 99 C6 42
1787904118.876442,34680,0844,12,00 00 A3 42 5C 8F 8C 42 B2 5D 8E 42
1787904118.887027,34680,0845,12,33 33 94 42 29 5C 2D 42 64 3B 08 42
1787904118.900679,34680,0846,12,9A 99 9C 42 E1 7A 0C 42 9C C4 CA 41
1787904118.911195,34680,0847,12,33 33 EC 42 66 66 93 42 29 5C 72 42
1787904118.921739,34680,0848,12,66 66 D3 42 5C 8F 46 42 9C C4 B5 42
1787904118.932109,34680,0849,12,CD 4C 0B 43 9A 99 33 42 35 5E DD 42
1787904118.942545,34680,084a,12,00 00 0D 43 48 E1 62 42 F8 53 26 42
1787904118.953230,34680,084b,12,66 66 A9 42 F6 28 68 42 EC 51 E3 41
1787904118.963639,34680,084c,12,33 33 A9 42 F6 28 08 42 50 0D D5 42
1787904118.974053,34680,084d,12,66 66 B3 42 99 99 7B 42 B6 B3 94 42
1787904118.984415,34680,084e,12,CD CC A3 42 A4 70 67 42 23 DB C0 42
1787904118.995105,34680,084f,12,66 66 78 42 EC 51 EC 41 9A D9 99 42
1787904119.005675,34680,0850,12,66 66 EB 42 00 00 88 42 38 89 25 42
1787904119.016351,34680,0851,12,33 33 08 43 14 AE D7 41 98 AE 96 42
1787904119.026976,34680,0852,12,9A 99 E1 42 F6 28 26 42 68 51 E2 42
1787904119.037661,34680,0853,12,66 66 01 43 A4 70 31 42 79 69 59 42
1787904119.048241,34680,0854,12,34 33 BD 42 70 3D 18 42 3A 74 99 42
1787904119.059099,34680,0855,12,CD CC 9E 42 29 5C EB 41 66 E6 94 42
1787904119.069928,34680,0856,12,9A 99 61 42 1E 85 41 42 33 F3 8F 42
1787904119.080943,34680,0857,12,9A 99 A4 42 CC CC EC 41 D9 0E 99 42
1787904119.091617,34680,0858,12,9A 99 AC 42 14 AE 25 42 8D 97 9F 42
1787904119.102319,34680,0859,12,00 00 74 42 14 AE BF 41 98 2E C8 42
1787904119.113060,34680,085a,12,CD CC E4 42 B8 1E 1B 42 C7 4B AA 41
1787904119.123805,34680,085b,12,34 33 0A 43 B8 1E 21 42 96 43 C1 41
1787904119.134735,34680,085c,12,00 00 88 42 48 E1 84 42 C1 CA A0 41
1787904119.145567,34680,085d,12,34 33 AB 42 48 E1 44 42 58 B9 E1 42
1787904119.156551,34680,085e,12,CD CC 8A 42 0A D7 1B 42 44 4B A9 42
1787904119.167092,34680,085f,12,00 00 10 43 3E 0A 9F 42 C2 75 68 42
1787904119.177786,34680,0860,12,33 33 9C 42 48 E1 14 42 29 1C E3 42
1787904119.188741,34680,0861,12,00 00 A5 42 A4 70 4F 42 0E 2D B6 41
1787904119.199482,34680,0862,12,66 66 CC 42 66 66 93 42 12 43 C0 42
1787904119.210111,34680,0863,12,66 E6 09 43 67 66 50 42 77 BE F4 41
1787904119.220690,34680,0864,12,66 66 5C 42 0A D7 8E 42 2D B2 78 42
1787904119.231307,34680,0865,12,CD CC E3 42 A4 70 43 42 8B AC E6 42
1787904119.241887,34680,0866,12,34 33 C4 42 34 33 86 42 9A 19 81 42
1787904119.252382,34680,0867,12,33 33 08 43 F6 28 C0 41 62 D0 D8 42
1787904119.262990,34680,0868,12,9A 99 F9 42 E2 7A 5A 42 37 09 AF 42
1787904119.273576,34680,0869,12,66 66 74 42 33 33 FB 41 8B EC CD 42
1787904119.286033,34680,086a,12,33 33 DE 42 A4 70 80 42 94 D8 C1 42
1787904119.298290,34680,086b,12,66 66 C7 42 66 66 93 42 D4 B8 92 42
1787904119.310474,34680,086c,12,33 33 9E 42 F6 28 7A 42 54 63 20 42
1787904119.321231,34680,086d,12,9A 19 06 43 9A 99 0F 42 74 93 21 42
1787904119.331921,34680,086e,12,66 66 A8 42 AE 47 53 42 C9 F6 71 42
1787904119.342950,34680,086f,12,CD CC 8E 42 00 00 0C 42 44 0B C2 42
1787904119.353780,34680,0870,12,66 66 B6 42 15 AE 6D 42 00 40 D5 42
1787904119.364470,34680,0871,12,CD 4C 0A 43 7B 14 0A 42 12 43 C0 42
1787904119.375500,34680,0872,12,9A 99 E0 42 D7 A3 9C 42 62 10 C0 42
1787904119.386220,34680,0873,12,33 33 96 42 B8 1E F1 41 42 A0 D7 42
1787904119.396827,34680,0874,12,33 33 9A 42 5C 8F 5E 42 3B 5F 5D 42
1787904119.414286,34680,0875,12,33 33 D5 42 52 B8 D6 41 FE 54 B9 42
1787904119.425014,34680,0876,12,33 33 C2 42 AE 47 2F 42 A2 C5 35 42
1787904119.435562,34680,0877,12,00 00 D5 42 5C 8F 1C 42 DF CF EC 42
1787904119.446234,34680,0878,12,9A 99 D4 42 D7 A3 08 42 8A C1 72 42
1787904119.457466,34680,0879,12,00 00 5E 42 8F C2 E1 41 5C 8F CB 41
1787904119.471323,34680,087a,12,CD CC 04 43 85 EB 9E 42 E5 D0 C4 42
1787904119.482251,34680,087b,12,33 33 AC 42 1E 85 81 42 A3 70 6A 42
1787904119.493181,34680,087c,12,67 66 F0 42 85 EB 67 42 3A B4 E3 42
1787904119.504364,34680,087d,12,00 00 88 42 A4 70 D1 41 7D FF 9E 42
1787904119.516615,34680,087e,12,9A 99 EE 42 52 B8 5A 42 E5 90 DD 42
1787904119.530266,34680,087f,12,9A 99 13 43 F6 28 81 42 CF F7 A1 42
1787904119.543093,34680,0880,12,9A 19 0D 43 7B 14 7C 42 1F 85 62 42
1787904119.555321,34680,0881,12,CC CC BA 42 1F 85 B7 41 D5 78 AB 42
1787904119.568024,34680,0882,12,66 66 84 42 0A D7 09 42 98 AE 96 42
1787904119.579379,34680,0883,12,33 33 AC 42 F6 28 CC 41 56 8E 23 42
1787904119.591218,34680,0884,12,00 00 0C 43 F6 28 38 42 BA C9 5B 42
1787904119.601770,34680,0885,12,33 33 61 42 29 5C 85 42 C2 B5 A7 42
1787904119.612424,34680,0886,12,66 66 B9 42 3E 0A 81 42 9C C4 5D 42
1787904119.624468,34680,0887,12,CD CC A0 42 CD CC 76 42 7D 3F 86 42
1787904119.635240,34680,0888,12,00 00 CF 42 5C 8F CE 41 F6 28 23 42
1787904119.645899,34680,0889,12,00 00 A6 42 9A 99 2D 42 5C 0F 2D 42
1787904119.656565,34680,088a,12,CD CC 72 42 14 AE 95 42 98 6E AF 42
1787904119.667282,34680,088b,12,33 33 A0 42 66 66 9C 42 E5 10 AC 42
1787904119.678194,34680,088c,12,00 00 7E 42 3E 0A 93 42 CC 4C 15 42
1787904119.689580,34680,088d,12,00 00 58 42 9A 99 45 42 AE 47 E7 41
1787904119.700262,34680,088e,12,66 66 00 43 9A 99 39 42 A2 C5 35 42
1787904119.710799,34680,088f,12,66 66 E3 42 29 5C 63 42 D7 63 C7 42
1787904119.721483,34680,0890,12,33 33 CB 42 85 EB 01 42 06 01 0B 42
1787904119.732209,34680,0891,12,00 00 62 42 3E 0A 7D 42 96 43 C1 41
1787904119.743000,34680,0892,12,9A 99 A0 42 5C 8F E6 41 E5 D0 6C 42
1787904119.753821,34680,0893,12,CD CC 9A 42 C2 F5 5A 42 3F 35 ED 42
1787904119.764936,34680,0894,12,66 66 88 42 7A 14 FE 41 E5 90 DD 42
1787904119.775787,34680,0895,12,CD CC A9 42 3D 0A 65 42 85 6B 6C 42
1787904119.786560,34680,0896,12,34 33 AA 42 A4 70 1F 42 CF 77 18 42
1787904119.797696,34680,0897,12,CD CC B6 42 F6 28 14 42 10 58 4C 42
1787904119.808495,34680,0898,12,9A 99 A0 42 52 B8 72 42 62 90 8E 42
1787904119.819824,34680,0899,12,66 66 5E 42 1E 85 8A 42 F0 A7 19 42
1787904119.830777,34680,089a,12,34 33 AB 42 CD CC 5E 42 29 9C B1 42
1787904119.841480,34680,089b,12,CD CC A9 42 AE 47 8D 42 AA 31 B3 42
1787904119.852198,34680,089c,12,66 66 D7 42 A4 70 49 42 A4 F0 90 42
1787904119.862916,34680,089d,12,CD CC A0 42 3D 0A 77 42 29 5C DF 41
1787904119.873667,34680,089e,12,9A 19 0B 43 D7 A3 62 42 74 93 F1 41
1787904119.884310,34680,089f,12,00 80 05 43 AE 47 29 42 D3 4D A8 42
1787904119.895171,34680,08a0,12,9A 99 AC 42 A4 70 43 42 E8 3B AF 42
1787904119.907135,34680,08a1,12,33 33 02 43 7B 14 6A 42 D7 A3 AE 42
1787904119.918321,34680,08a2,12,00 00 94 42 48 E1 EA 41 0A 17 82 42
1787904119.929004,34680,08a3,12,CD CC 62 42 71 3D 7E 42 31 08 EC 41
1787904119.939690,34680,08a4,12,66 66 96 42 EC 51 4C 42 83 40 06 42
1787904119.950674,34680,08a5,12,66 66 95 42 00 00 9A 42 5E 7A D2 42
1787904119.961796,34680,08a6,12,66 66 48 42 48 E1 0E 42 46 B6 A8 41
1787904119.972976,34680,08a7,12,9A 99 7B 42 3E 0A 93 42 3E CA 9F 42
1787904119.984313,34680,08a8,12,67 66 C9 42 C3 F5 12 42 54 63 DB 42
1787904119.994869,34680,08a9,12,CD CC FA 42 7B 14 6A 42 44 8B A5 41
1787904120.005349,34680,08aa,12,00 00 09 43 AE 47 9F 42 6C E7 E4 41
1787904120.015933,34680,08ab,12,33 33 AC 42 D7 A3 1A 42 2D B2 D0 42
1787904120.027780,34680,08ac,12,CD CC C8 42 67 66 6E 42 F8 D3 AF 42
1787904120.038429,34680,08ad,12,66 66 DE 42 B8 1E 39 42 DD 24 60 42
1787904120.048970,34680,08ae,12,33 33 F3 42 29 5C 9A 42 2C 07 9C 42
1787904120.059551,34680,08af,12,33 33 4B 42 F6 28 20 42 1F 85 CF 41
1787904120.070156,34680,08b0,12,00 00 8A 42 48 E1 6E 42 BC B4 CF 42
1787904120.080835,34680,08b1,12,9A 99 D6 42 29 5C 09 42 95 C3 DD 42
1787904120.091444,34680,08b2,12,CD CC 96 42 AE 47 99 42 B8 DE 97 42
1787904120.101988,34680,08b3,12,CD CC E2 42 71 3D 72 42 94 98 DA 42
1787904120.112579,34680,08b4,12,66 66 8D 42 EC 51 92 42 79 E9 27 42
1787904120.123549,34680,08b5,12,9A 19 05 43 00 00 06 42 87 16 AB 41
1787904120.134284,34680,08b6,12,33 33 BF 42 EC 51 A4 41 83 C0 8F 42
1787904120.144897,34680,08b7,12,CD CC E1 42 E2 7A 91 42 18 C4 C9 42
1787904120.155543,34680,08b8,12,CC CC 0E 43 E1 7A 8B 42 E1 7A 66 42
1787904120.166121,34680,08b9,12,66 66 C0 42 52 B8 91 42 73 28 8F 42
1787904120.178422,34680,08ba,12,CD CC EC 42 33 33 BF 41 52 38 1D 42
1787904120.188964,34680,08bb,12,66 66 93 42 85 EB E9 41 FC 29 B6 42
1787904120.199880,34680,08bc,12,9A 99 E0 42 86 EB 49 42 BA C9 B3 42
1787904120.210459,34680,08bd,12,33 33 73 42 5C 8F 58 42 0A 57 74 42
1787904120.220997,34680,08be,12,CD CC E7 42 CC CC 3A 42 6F D2 EB 42
1787904120.232032,34680,08bf,12,66 66 0F 43 CD CC 98 42 DD 24 B8 42
1787904120.242759,34680,08c0,12,CC CC AD 42 9A 99 39 42 8D 17 79 42
1787904120.253434,34680,08c1,12,67 66 FE 42 66 66 AE 41 64 3B D8 41
1787904120.263842,34680,08c2,12,9A 99 E0 42 66 66 AE 41 48 A1 AF 42
1787904120.274438,34680,08c3,12,CD CC 02 43 33 33 89 42 24 86 92 42
1787904120.285035,34680,08c4,12,00 00 FF 42 1E 85 47 42 94 18 51 42
1787904120.296041,34680,08c5,12,00 00 B1 42 C2 F5 4E 42 EE 7C D1 42
1787904120.306826,34680,08c6,12,34 33 DD 42 15 AE 5B 42 6F D2 EB 42
1787904120.319101,34680,08c7,12,66 66 A7 42 EC 51 E0 41 29 DC 40 42
1787904120.330302,34680,08c8,12,9A 99 87 42 7B 14 80 42 BE 9F EB 42
1787904120.341176,34680,08c9,12,33 33 63 42 0A D7 8E 42 31 08 D7 42
1787904120.352027,34680,08ca,12,34 B3 04 43 71 3D 54 42 92 6D 1C 42
1787904120.363211,34680,08cb,12,CD 4C 0F 43 C2 F5 00 42 31 08 7F 42
1787904120.378511,34680,08cc,12,00 00 50 42 A4 70 25 42 B0 F2 4B 42
1787904120.389152,34680,08cd,12,34 B3 0B 43 90 C2 23 42 9A D9 99 42
1787904120.400233,34680,08ce,12,CD CC 95 42 CC CC 3A 42 29 5C DF 41
1787904120.415563,34680,08cf,12,CD CC 11 43 A4 70 C5 41 AC 9C 45 42
1787904120.426219,34680,08d0,12,9A 99 7B 42 48 E1 EA 41 9E 6F EA 42
1787904120.437092,34680,08d1,12,00 00 DB 42 90 C2 84 42 3F B5 63 42
1787904120.447690,34680,08d2,12,33 33 F1 42 00 00 A0 41 58 B9 E1 42
1787904120.458338,34680,08d3,12,66 66 14 43 52 B8 91 42 72 68 1E 42
1787904120.469110,34680,08d4,12,CC CC AC 42 B8 1E 21 42 17 99 C6 42
1787904120.479689,34680,08d5,12,CD CC C2 42 A4 70 1F 42 56 CE C5 42
1787904120.490348,34680,08d6,12,00 00 C3 42 A4 70 25 42 8F 02 ED 42
1787904120.500959,34680,08d7,12,CC 4C 15 43 D7 A3 9C 42 B0 72 EA 41
1787904120.511601,34680,08d8,12,9A 99 B8 42 70 3D 1E 42 73 68 D9 42
1787904120.522397,34680,08d9,12,00 00 C7 42 E1 7A 9D 42 50 8D A3 42
1787904120.532978,34680,08da,12,00 00 9C 42 9A 99 9A 42 48 61 70 42
1787904120.543961,34680,08db,12,66 66 15 43 E2 7A 82 42 98 2E C8 42
1787904120.554886,34680,08dc,12,CC CC 0D 43 48 E1 90 42 7F 2A A2 42
1787904120.565533,34680,08dd,12,9A 19 14 43 C2 F5 91 42 A3 70 6A 42
1787904120.576039,34680,08de,12,9A 99 98 42 F6 28 FC 41 C9 F6 C9 42
1787904120.586894,34680,08df,12,33 33 A7 42 14 AE 2B 42 46 B6 3B 42
1787904120.597458,34680,08e0,12,9A 99 B5 42 90 C2 53 42 5A E4 E4 42
1787904120.608695,34680,08e1,12,33 33 D2 42 90 C2 1D 42 C5 20 92 42
1787904120.619845,34680,08e2,12,9A 99 09 43 5C 8F DA 41 60 E5 64 42
1787904120.630449,34680,08e3,12,00 00 BB 42 1E 85 8A 42 29 5C CA 42
1787904120.641171,34680,08e4,12,00 00 E5 42 AE 47 17 42 48 61 0D 42
1787904120.651773,34680,08e5,12,CD CC D0 42 5C 8F 3A 42 C6 CB 6E 42
1787904120.662486,34680,08e6,12,33 B3 15 43 29 5C 15 42 40 35 8A 42
1787904120.673204,34680,08e7,12,67 66 F2 42 D7 A3 3E 42 58 39 C5 41
1787904120.689875,34680,08e8,12,33 B3 00 43 00 00 66 42 5E FA A0 42
1787904120.726114,34680,08e9,12,9A 99 A7 42 29 5C 33 42 D9 4E 28 42
1787904120.737794,34680,08ea,12,00 00 FC 42 00 00 85 42 12 83 A7 42
1787904120.749876,34680,08eb,12,9A 99 BF 42 5C 8F 83 42 62 D0 D8 42
1787904120.762109,34680,08ec,12,66 66 9F 42 29 5C 5D 42 E8 FB 0C 42
1787904120.772759,34680,08ed,12,9A 99 01 43 C2 F5 36 42 62 90 8E 42
1787904120.783413,34680,08ee,12,00 00 DD 42 B8 1E 21 42 67 66 C6 42
1787904120.794135,34680,08ef,12,66 66 68 42 3E 0A 11 42 C3 F5 A3 41
1787904120.805835,34680,08f0,12,34 33 DD 42 70 3D E2 41 CF F7 B6 41
1787904120.816489,34680,08f1,12,00 80 0F 43 7B 14 98 42 25 C6 DC 42
1787904120.827404,34680,08f2,12,33 33 81 42 52 B8 94 42 F2 52 A6 42
1787904120.837906,34680,08f3,12,00 80 0D 43 9A 99 4B 42 E5 10 AC 42
1787904120.848525,34680,08f4,12,00 00 11 43 E1 7A 3C 42 8A 01 B2 42
1787904120.859031,34680,08f5,12,33 33 6F 42 A4 70 A1 41 60 E5 D1 41
1787904120.869451,34680,08f6,12,CD CC 5C 42 CD CC 70 42 A8 46 3F 42
1787904120.879987,34680,08f7,12,66 66 0F 43 F6 28 96 42 04 96 DB 42
1787904120.890585,34680,08f8,12,66 E6 11 43 E1 7A 48 42 2B 47 83 42
1787904120.901141,34680,08f9,12,00 80 15 43 3D 0A 77 42 92 6D 1C 42
1787904120.911755,34680,08fa,12,00 00 FC 42 8F C2 0B 42 40 35 32 42
1787904120.922213,34680,08fb,12,00 00 DF 42 9A 99 15 42 83 C0 37 42
1787904120.934721,34680,08fc,12,CC CC 0E 43 D7 A3 02 42 D4 B8 92 42
1787904120.945614,34680,08fd,12,00 00 C1 42 15 AE 49 42 BC B4 CF 42
1787904120.956460,34680,08fe,12,66 66 D7 42 EC 51 EC 41 AA B1 E4 42
1787904120.967194,34680,08ff,12,33 33 77 42 70 3D 30 42 70 3D EB 41
1787904120.978433,34680,0900,12,9A 99 ED 42 33 33 4F 42 56 0E AD 42
1787904120.989264,34680,0901,12,9A 99 AD 42 00 00 88 42 DF 4F 63 42
1787904121.001327,34680,0902,12,00 00 A6 42 00 00 00 42 76 BE DF 42
1787904121.012002,34680,0903,12,66 66 C7 42 0A D7 88 42 87 16 AB 41
1787904121.023052,34680,0904,12,9A 99 E6 42 14 AE E3 41 46 F6 DD 42
1787904121.033681,34680,0905,12,CD CC 9E 42 EC 51 9E 42 64 BB 39 42
1787904121.044339,34680,0906,12,00 00 D8 42 1F 85 93 42 E4 25 90 42
1787904121.055034,34680,0907,12,00 00 CC 42 48 E1 F6 41 B0 F2 A3 42
1787904121.065397,34680,0908,12,67 66 C9 42 A4 70 AD 41 46 36 6D 42
1787904121.075835,34680,0909,12,66 66 58 42 B8 1E 2D 42 B4 48 52 42
1787904121.086283,34680,090a,12,CD CC BB 42 66 66 D2 41 8B EC CD 42
1787904121.096946,34680,090b,12,33 33 5F 42 A4 70 9E 42 B0 32 8B 42
1787904121.107494,34680,090c,12,33 33 F9 42 AE 47 17 42 DF 4F 00 42
1787904121.121063,34680,090d,12,33 33 0E 43 29 5C 45 42 4E 62 48 42
1787904121.131737,34680,090e,12,00 00 CA 42 CD CC B0 41 1A AF 2A 42
1787904121.142533,34680,090f,12,33 33 AD 42 A4 70 61 42 44 8B 90 42
1787904121.154218,34680,0910,12,66 66 87 42 7B 14 28 42 1C 5A B7 42
1787904121.165336,34680,0911,12,33 33 E2 42 3E 0A 4D 42 C6 0B AE 42
1787904121.175892,34680,0912,12,9A 99 8B 42 66 66 20 42 27 31 DC 41
1787904121.186538,34680,0913,12,9A 99 E6 42 29 5C 09 42 CC 0C 86 42
1787904121.197192,34680,0914,12,9A 99 83 42 85 EB 79 42 DB F9 B4 42
1787904121.208048,34680,0915,12,00 00 5A 42 F6 28 08 42 E8 FB C7 42
1787904121.218755,34680,0916,12,CD CC 82 42 0A D7 A3 41 5A 24 CC 42
1787904121.229283,34680,0917,12,00 00 D1 42 D7 A3 A8 41 7F 2A A2 42
1787904121.240110,34680,0918,12,00 00 98 42 9A 99 91 42 12 03 D9 42
1787904121.250870,34680,0919,12,00 00 06 43 7A 14 86 42 79 29 CA 42
1787904121.261540,34680,091a,12,00 00 E9 42 5C 8F 2E 42 75 13 AB 42
1787904121.272258,34680,091b,12,CC CC 0D 43 70 3D 85 42 D3 4D A8 42
1787904121.283006,34680,091c,12,33 33 02 43 14 AE 61 42 F8 53 E1 42
1787904121.293703,34680,091d,12,66 66 E0 42 B8 1E 03 42 C1 CA A0 41
1787904121.304178,34680,091e,12,00 00 D7 42 29 5C 94 42 62 D0 D8 42
1787904121.314780,34680,091f,12,9A 99 A8 42 B8 1E 9A 42 A0 9A ED 42
1787904121.325330,34680,0920,12,66 66 F8 42 14 AE 0D 42 BC 74 2D 42
1787904121.335818,34680,0921,12,00 00 0A 43 14 AE D7 41 EF E7 BB 42
1787904121.346475,34680,0922,12,33 33 DF 42 EC 51 40 42 64 BB 39 42
1787904121.357561,34680,0923,12,00 00 FD 42 B8 1E F1 41 E3 A5 06 42
1787904121.368101,34680,0924,12,00 00 B8 42 C2 F5 C4 41 1D DA 2D 42
1787904121.380598,34680,0925,12,66 66 07 43 29 5C 15 42 9C 44 2C 42
1787904121.391517,34680,0926,12,34 33 A4 42 48 E1 D2 41 B0 72 D5 42
1787904121.402575,34680,0927,12,33 33 A1 42 D7 A3 A8 41 FC 69 9D 42
1787904121.413509,34680,0928,12,9A 19 14 43 D7 A3 68 42 52 B8 4E 42
1787904121.424889,34680,0929,12,9A 99 C4 42 5C 8F 5E 42 B0 32 8B 42
1787904121.435685,34680,092a,12,33 B3 14 43 70 3D 12 42 C5 A0 6B 42
1787904121.446686,34680,092b,12,CD 4C 12 43 5C 8F 95 42 1D DA 85 42
1787904121.457654,34680,092c,12,34 33 9D 42 AE 47 65 42 7D BF B7 42
1787904121.468491,34680,092d,12,66 E6 0E 43 B8 1E A9 41 C1 4A 65 42
1787904121.478947,34680,092e,12,CD CC 96 42 8F C2 6B 42 AE 47 E7 41
1787904121.489547,34680,092f,12,CD CC 83 42 71 3D 4E 42 AE 07 88 42
1787904121.500051,34680,0930,12,CD CC BC 42 F6 28 90 42 A8 C6 70 42
1787904121.511770,34680,0931,12,00 00 5C 42 0A D7 88 42 F0 A7 19 42
1787904121.522298,34680,0932,12,34 33 05 43 B8 1E 3F 42 60 65 8B 42
1787904121.533131,34680,0933,12,66 66 B5 42 7B 14 C2 41 71 3D D6 42
1787904121.544051,34680,0934,12,33 33 4B 42 66 66 3E 42 12 83 BC 41
1787904121.554729,34680,0935,12,33 33 9A 42 86 EB F5 41 0C 02 B3 41
1787904121.568982,34680,0936,12,66 66 D1 42 5C 8F 28 42 E8 BB E0 42
1787904121.580012,34680,0937,12,CC 4C 02 43 00 00 1E 42 17 D9 AD 42
1787904121.590894,34680,0938,12,CD CC 84 42 7B 14 64 42 66 66 DB 41
1787904121.601582,34680,0939,12,CD 4C 00 43 33 33 83 42 DF CF 89 42
1787904121.612156,34680,093a,12,33 33 D1 42 EC 51 22 42 83 40 06 42
1787904121.622815,34680,093b,12,66 66 4A 42 CD CC 10 42 3B 5F B5 42
1787904121.636122,34680,093c,12,CC 4C 01 43 8F C2 87 42 D7 A3 56 42
1787904121.646817,34680,093d,12,33 33 C0 42 29 5C 09 42 B8 DE 97 42
1787904121.657746,34680,093e,12,33 33 EE 42 5C 8F 80 42 F8 93 C8 42
1787904121.669368,34680,093f,12,33 33 91 42 5C 8F 7C 42 C7 4B AA 41
1787904121.680122,34680,0940,12,66 66 01 43 8F C2 7D 42 37 C9 C7 42
1787904121.690856,34680,0941,12,00 00 7E 42 D7 A3 50 42 91 ED 4D 42
1787904121.701413,34680,0942,12,00 80 02 43 29 5C D3 41 2F 9D 89 42
1787904121.711942,34680,0943,12,00 00 04 43 33 33 79 42 1C 9A 9E 42
1787904121.722438,34680,0944,12,66 66 0E 43 14 AE B3 41 12 83 4F 42
1787904121.733652,34680,0945,12,9A 99 0B 43 29 5C 5D 42 31 08 7F 42
1787904121.744431,34680,0946,12,9A 99 6D 42 52 B8 7E 42 79 69 59 42
1787904121.755436,34680,0947,12,CD CC 87 42 7B 14 52 42 6B 7C E5 42
1787904121.766202,34680,0948,12,66 66 A1 42 E1 7A 8B 42 9E 2F A0 42
1787904121.776894,34680,0949,12,66 66 68 42 CD CC E0 41 E4 25 90 42
1787904121.787532,34680,094a,12,66 66 72 42 AE 47 81 42 9C C4 CA 41
1787904121.798160,34680,094b,12,33 33 79 42 5C 8F 9E 42 42 60 35 42
1787904121.808822,34680,094c,12,00 00 E3 42 48 E1 84 42 C5 20 3A 42
1787904121.829144,34680,094d,12,66 66 E3 42 52 B8 00 42 2D F2 B7 42
1787904121.861368,34680,094e,12,33 B3 0F 43 34 33 8F 42 16 D9 C2 41
1787904121.871965,34680,094f,12,33 33 10 43 48 E1 F6 41 E1 7A BE 42
1787904121.883821,34680,0950,12,66 66 F3 42 66 66 02 42 4E 62 A0 42
1787904121.895801,34680,0951,12,CD CC EE 42 9A 99 63 42 56 CE C5 42
1787904121.906710,34680,0952,12,9A 99 F0 42 C2 F5 24 42 DC 39 9C 42
1787904121.917379,34680,0953,12,9A 19 01 43 C2 F5 8B 42 64 FB DB 42
1787904121.928085,34680,0954,12,33 33 0E 43 85 EB 79 42 4E 22 B9 42
1787904121.940902,34680,0955,12,66 E6 15 43 14 AE 8C 42 EE 7C E6 41
1787904121.951630,34680,0956,12,CC CC A7 42 B8 1E 09 42 F4 3D C2 42
1787904121.962377,34680,0957,12,9A 99 E7 42 29 5C 03 42 C9 76 40 42
1787904121.973156,34680,0958,12,66 66 B5 42 5C 8F AA 41 A0 1A BC 42
1787904121.983888,34680,0959,12,CD 4C 09 43 71 3D 6C 42 15 EE 91 42
1787904121.994578,34680,095a,12,CD CC 60 42 48 E1 96 42 EA A6 99 42
1787904122.005250,34680,095b,12,CC CC CF 42 67 66 6E 42 7B 14 83 42
1787904122.017126,34680,095c,12,66 66 02 43 0A D7 97 42 F6 28 F3 41
1787904122.029083,34680,095d,12,99 99 EA 42 70 3D 0C 42 2B 87 E2 41
1787904122.040012,34680,095e,12,00 00 54 42 F6 28 8D 42 4A 0C 9A 42
1787904122.050946,34680,095f,12,66 66 BA 42 85 EB E9 41 C2 75 68 42
1787904122.061635,34680,0960,12,34 B3 0B 43 D7 A3 08 42 BE DF D2 42
1787904122.072204,34680,0961,12,00 00 4C 42 B8 1E 2D 42 EB 11 E7 42
1787904122.083230,34680,0962,12,9A 99 6B 42 E1 7A B8 41 17 99 C6 42
1787904122.093922,34680,0963,12,33 33 79 42 71 3D BE 41 74 93 F1 41
1787904122.104463,34680,0964,12,66 66 9F 42 66 66 93 42 C5 A0 08 42
1787904122.115010,34680,0965,12,66 66 06 43 EB 51 5E 42 EE 3C EA 42
1787904122.125616,34680,0966,12,66 66 F5 42 EC 51 28 42 C1 4A BD 42
1787904122.136930,34680,0967,12,CD CC 98 42 48 E1 EA 41 DD 24 CD 41
1787904122.147962,34680,0968,12,CD CC 9C 42 71 3D 24 42 D7 A3 AE 42
1787904122.159058,34680,0969,12,66 66 06 43 1F 85 4D 42 06 01 C6 42
1787904122.169725,34680,096a,12,33 33 DF 42 CC CC EC 41 D5 38 C4 42
1787904122.180245,34680,096b,12,33 33 85 42 29 5C D3 41 D4 B8 92 42
1787904122.190853,34680,096c,12,00 00 CA 42 5C 8F 2E 42 64 3B D8 41
1787904122.205831,34680,096d,12,9A 99 BD 42 66 66 74 42 5A A4 9A 42
1787904122.216442,34680,096e,12,CC CC 07 43 5C 8F 22 42 FA 7E 29 42
1787904122.227318,34680,096f,12,00 80 15 43 66 66 3E 42 DF 4F BB 42
1787904122.238292,34680,0970,12,33 33 15 43 5C 8F C2 41 C2 F5 8E 42
1787904122.248974,34680,0971,12,CD CC 83 42 D7 A3 14 42 60 25 A4 42
1787904122.259817,34680,0972,12,00 00 99 42 66 66 DE 41 91 6D 7F 42
1787904122.270671,34680,0973,12,99 99 E9 42 85 EB DD 41 50 CD ED 42
1787904122.281351,34680,0974,12,CC CC F4 42 52 B8 66 42 CD 8C B7 42
1787904122.292070,34680,0975,12,CD CC FE 42 B8 1E 3F 42 DF 4F 00 42
1787904122.302666,34680,0976,12,33 33 8B 42 A4 70 55 42 7F 6A 31 42
1787904122.313204,34680,0977,12,00 00 82 42 00 00 3C 42 F4 FD EF 41
1787904122.327745,34680,0978,12,9A 99 B1 42 0A D7 EB 41 08 EC E1 42
1787904122.338526,34680,0979,12,9A 99 F2 42 00 00 82 42 FA 7E F9 41
1787904122.350871,34680,097a,12,33 33 D2 42 1F 85 8D 42 8E 17 16 42
1787904122.364390,34680,097b,12,9A 19 03 43 E2 7A 4E 42 40 B5 00 42
1787904122.375319,34680,097c,12,00 00 0E 43 3D 0A 59 42 9E EF B8 42
1787904122.389146,34680,097d,12,66 66 D3 42 3E 0A 87 42 C9 76 40 42
1787904122.400237,34680,097e,12,00 00 C3 42 70 3D 5A 42 1F 05 31 42
1787904122.410622,34680,097f,12,00 00 82 42 99 99 7B 42 7B 14 83 42
1787904122.421023,34680,0980,12,33 33 49 42 52 B8 06 42 1F 85 62 42
1787904122.459824,34680,0981,12,33 33 5D 42 1F 85 05 42 27 F1 DF 42
1787904122.470317,34680,0982,12,33 33 09 43 7A 14 FE 41 6A 7C 82 42
1787904122.480999,34680,0983,12,9A 19 00 43 14 AE 7F 42 A3 70 6A 42
1787904122.491661,34680,0984,12,CD CC C7 42 3D 0A 8A 42 2B 87 12 42
1787904122.502160,34680,0985,12,66 66 9C 42 29 5C F7 41 E1 7A 03 42
1787904122.514897,34680,0986,12,00 00 9F 42 52 B8 72 42 0A 57 CC 42
1787904122.526063,34680,0987,12,00 00 07 43 90 C2 35 42 7F 6A 89 42
1787904122.537114,34680,0988,12,66 66 F6 42 A4 70 6D 42 99 59 CB 42
1787904122.547800,34680,0989,12,9A 99 FF 42 0A D7 51 42 CB 21 CD 42
1787904122.558561,34680,098a,12,CD CC FE 42 CD CC 40 42 58 79 97 42
1787904122.570085,34680,098b,12,9A 19 0A 43 14 AE 43 42 79 69 B1 42
1787904122.580730,34680,098c,12,9A 99 BD 42 C3 F5 12 42 46 F6 DD 42
1787904122.591251,34680,098d,12,33 33 F4 42 1E 85 41 42 21 70 D6 42
1787904122.602334,34680,098e,12,33 33 15 43 D7 A3 81 42 2B 47 83 42
1787904122.613017,34680,098f,12,CC CC C0 42 5C 8F 0A 42 CA A1 9B 42
1787904122.623601,34680,0990,12,9A 99 AC 42 AE 47 D5 41 DD 24 CD 41
1787904122.634327,34680,0991,12,33 33 D8 42 EC 51 76 42 96 C3 22 42
1787904122.645111,34680,0992,12,33 33 DF 42 D7 A3 84 42 23 DB C0 42
1787904122.655817,34680,0993,12,66 66 9B 42 A4 70 83 42 38 89 25 42
1787904122.670100,34680,0994,12,33 B3 02 43 14 AE D7 41 4C B7 CE 42
1787904122.680717,34680,0995,12,CD 4C 0F 43 29 5C EB 41 3E 8A 60 42
1787904122.691380,34680,0996,12,9A 99 BD 42 EC 51 98 42 CD 4C D0 42
1787904122.701907,34680,0997,12,9A 99 9A 42 1F 85 7D 42 D7 A3 C3 41
1787904122.712452,34680,0998,12,9A 99 BC 42 7A 14 76 42 C8 F6 0E 42
1787904122.723158,34680,0999,12,00 00 B7 42 9A 99 57 42 56 4E 94 42
1787904122.733711,34680,099a,12,00 00 AA 42 14 AE 07 42 7F AA D3 42
1787904122.744149,34680,099b,12,00 80 01 43 29 5C 75 42 14 AE BF 41
1787904122.754873,34680,099c,12,9A 99 C5 42 14 AE FB 41 D1 A2 7E 42
1787904122.765548,34680,099d,12,CC 4C 15 43 29 5C D3 41 F0 A7 E9 41
1787904122.775945,34680,099e,12,66 66 6C 42 52 B8 94 42 1B AF E5 42
1787904122.786699,34680,099f,12,CC CC DA 42 F6 28 8D 42 5E BA CE 41
1787904122.797323,34680,09a0,12,9A 19 14 43 7B 14 E6 41 FC 29 B6 42
1787904122.807981,34680,09a1,12,CD CC FC 42 14 AE B3 41 AE 47 D2 42
1787904122.821880,34680,09a2,12,9A 99 5F 42 F6 28 62 42 70 3D 1B 42
1787904122.834205,34680,09a3,12,CD 4C 06 43 C2 F5 6C 42 24 86 3A 42
1787904122.845214,34680,09a4,12,9A 99 C4 42 B8 1E FD 41 B8 DE 97 42
1787904122.856038,34680,09a5,12,00 80 0D 43 14 AE 01 42 B7 73 AD 42
1787904122.866903,34680,09a6,12,CC CC 08 43 3E 0A 90 42 0E 2D A1 42
1787904122.877477,34680,09a7,12,66 E6 0A 43 C2 F5 94 42 0A 17 E5 42
1787904122.887995,34680,09a8,12,9A 99 DB 42 48 E1 0E 42 A3 30 DB 42
1787904122.899447,34680,09a9,12,00 80 06 43 48 E1 99 42 68 D1 B0 42
1787904122.911455,34680,09aa,12,9A 99 94 42 00 00 18 42 15 EE 91 42
1787904122.922143,34680,09ab,12,66 66 B8 42 5C 8F DA 41 58 39 B0 42
1787904122.932817,34680,09ac,12,33 33 06 43 A4 70 3D 42 71 3D 7E 42
1787904122.943679,34680,09ad,12,9A 99 C1 42 85 EB 2B 42 FE 14 D2 42
1787904122.954272,34680,09ae,12,9A 99 BC 42 14 AE 01 42 6C A7 E8 42
1787904122.965536,34680,09af,12,9A 99 49 42 CD CC 58 42 E1 BA A5 42
1787904122.976787,34680,09b0,12,9A 99 8B 42 0A D7 88 42 25 06 09 42
1787904122.988691,34680,09b1,12,9A 99 D8 42 0A D7 88 42 8C 6C 9C 42
1787904122.999714,34680,09b2,12,9A 99 93 42 66 66 14 42 8F 42 7C 42
1787904123.015635,34680,09b3,12,CC 4C 08 43 8F C2 6B 42 3A F4 CA 42
1787904123.027155,34680,09b4,12,33 B3 06 43 B8 1E 6F 42 5D 0F E8 42
1787904123.038302,34680,09b5,12,33 33 83 42 34 33 7F 42 DD 24 60 42
1787904123.049095,34680,09b6,12,9A 19 0E 43 B8 1E D9 41 E8 FB C7 42
1787904123.059884,34680,09b7,12,34 33 05 43 14 AE 73 42 F2 92 8D 42
1787904123.070735,34680,09b8,12,34 33 B7 42 D7 A3 62 42 A3 70 C2 42
1787904123.081796,34680,09b9,12,CD CC A0 42 EC 51 4C 42 C2 75 C0 42
1787904123.092373,34680,09ba,12,66 66 89 42 0A D7 63 42 7F EA BA 42
1787904123.104119,34680,09bb,12,00 00 C1 42 48 E1 6E 42 EB 91 B5 42
1787904123.114949,34680,09bc,12,9A 99 C8 42 66 66 AE 41 87 96 6F 42
1787904123.125854,34680,09bd,12,9A 99 A7 42 66 66 9C 42 D7 A3 56 42
1787904123.136544,34680,09be,12,66 E6 0E 43 52 B8 E2 41 B8 5E C9 42
1787904123.147096,34680,09bf,12,33 33 61 42 7B 14 3A 42 A3 30 DB 42
1787904123.157685,34680,09c0,12,9A 99 D1 42 D7 A3 9F 42 AE 07 88 42
1787904123.168031,34680,09c1,12,CD 4C 0A 43 14 AE 25 42 06 C1 DE 42
1787904123.178538,34680,09c2,12,66 66 D9 42 0A D7 6F 42 B2 1D 4F 42
1787904123.188918,34680,09c3,12,33 33 EE 42 A4 70 A1 41 BC B4 CF 42
1787904123.199498,34680,09c4,12,66 66 B9 42 C2 F5 36 42 0A 17 82 42
1787904123.210275,34680,09c5,12,00 00 09 43 B8 1E 63 42 8F 02 ED 42
1787904123.221320,34680,09c6,12,9A 19 01 43 52 B8 48 42 27 31 6F 42
1787904123.231881,34680,09c7,12,CD CC A0 42 00 00 88 42 5E BA B9 42
1787904123.245260,34680,09c8,12,9A 19 11 43 E2 7A D0 41 04 16 AA 42
1787904123.255770,34680,09c9,12,9A 99 13 43 7B 14 3A 42 CD 8C B7 42
1787904123.266464,34680,09ca,12,9A 99 00 43 85 EB E9 41 44 8B 90 42
1787904123.277194,34680,09cb,12,67 66 EF 42 F6 28 CC 41 EC 51 13 42
1787904123.287778,34680,09cc,12,33 33 67 42 1F 85 59 42 B6 F3 23 42
1787904123.298278,34680,09cd,12,00 00 F8 42 14 AE D7 41 0E AD 7A 42
1787904123.309189,34680,09ce,12,00 00 DF 42 D7 A3 0E 42 F8 93 C8 42
1787904123.319802,34680,09cf,12,00 00 81 42 00 00 0C 42 8A C1 72 42
1787904123.330322,34680,09d0,12,CD CC 5C 42 CC CC EC 41 DB F9 C9 41
1787904123.340899,34680,09d1,12,9A 99 FE 42 33 33 67 42 48 E1 AB 41
1787904123.353415,34680,09d2,12,66 66 5E 42 D7 A3 D8 41 F2 52 A6 42
1787904123.363896,34680,09d3,12,CD CC FA 42 B8 1E 91 42 F8 93 C8 42
1787904123.374755,34680,09d4,12,00 00 A7 42 14 AE D7 41 12 83 BC 41
1787904123.385269,34680,09d5,12,CD CC A9 42 AE 47 9F 42 8B 6C B1 41
1787904123.395818,34680,09d6,12,9A 99 B6 42 52 B8 88 42 CA A1 43 42
1787904123.408702,34680,09d7,12,9A 99 9C 42 52 B8 D6 41 38 89 25 42
1787904123.419261,34680,09d8,12,CD CC 5E 42 C2 F5 5A 42 93 18 BE 41
1787904123.429804,34680,09d9,12,66 66 DC 42 0A D7 15 42 EB 51 76 42
1787904123.441753,34680,09da,12,9A 99 96 42 33 33 D7 41 E8 BB E0 42
1787904123.452477,34680,09db,12,66 66 AB 42 48 E1 7A 42 72 68 1E 42
1787904123.463522,34680,09dc,12,00 00 FD 42 AE 47 C9 41 A3 70 6A 42
1787904123.474078,34680,09dd,12,CC CC DB 42 C3 F5 12 42 A6 9B C5 42
1787904123.484789,34680,09de,12,00 00 E8 42 EC 51 3A 42 D3 4D 50 42
1787904123.495327,34680,09df,12,33 33 F5 42 F6 28 20 42 F0 27 A3 42
1787904123.505969,34680,09e0,12,66 66 E9 42 7B 14 92 42 48 E1 96 42
1787904123.517729,34680,09e1,12,00 00 F2 42 52 B8 8B 42 AE 47 7A 42
1787904123.528851,34680,09e2,12,CD CC 66 42 B8 1E 15 42 C5 60 DC 42
1787904123.539855,34680,09e3,12,9A 99 10 43 90 C2 23 42 CC 4C 15 42
1787904123.550483,34680,09e4,12,CC CC F5 42 D7 A3 90 42 C1 CA A0 41
1787904123.561083,34680,09e5,12,00 00 BD 42 52 B8 60 42 C1 4A 65 42
1787904123.573058,34680,09e6,12,CD CC DD 42 85 EB 61 42 E9 66 B2 42
1787904123.583817,34680,09e7,12,66 66 C0 42 A3 70 5B 42 AA 71 42 42
1787904123.594587,34680,09e8,12,00 00 50 42 E1 7A 42 42 17 59 DF 42
1787904123.605110,34680,09e9,12,9A 99 ED 42 29 5C 88 42 6E 12 18 42
1787904123.615755,34680,09ea,12,66 66 C4 42 CC CC 16 42 10 58 4C 42
1787904123.626517,34680,09eb,12,66 66 D7 42 D7 A3 44 42 C9 F6 C9 42
1787904123.637043,34680,09ec,12,66 66 78 42 D7 A3 D8 41 A4 70 07 42
1787904123.647617,34680,09ed,12,00 00 CB 42 D7 A3 FC 41 A8 46 3F 42
1787904123.658139,34680,09ee,12,33 33 DF 42 AE 47 05 42 18 04 B1 42
1787904123.668659,34680,09ef,12,66 66 0C 43 48 E1 4A 42 C2 75 68 42
1787904123.679344,34680,09f0,12,66 66 DF 42 29 5C 82 42 68 D1 B0 42
1787904123.689968,34680,09f1,12,67 66 E6 42 66 66 F6 41 2C 07 44 42
1787904123.700480,34680,09f2,12,CD CC D0 42 85 EB 7F 42 C5 20 92 42
1787904123.711215,34680,09f3,12,34 B3 10 43 85 EB 5B 42 00 00 A0 41
1787904123.721685,34680,09f4,12,00 00 D3 42 52 B8 EE 41 A0 9A 8A 42
1787904123.732242,34680,09f5,12,CD CC 9D 42 29 5C 15 42 00 00 8B 42
1787904123.742716,34680,09f6,12,33 33 99 42 1E 85 71 42 B2 9D 1D 42
1787904123.753172,34680,09f7,12,CD CC EC 42 A4 70 1F 42 B0 72 7D 42
1787904123.763783,34680,09f8,12,66 66 C7 42 5C 8F F2 41 D2 22 4D 42
1787904123.774906,34680,09f9,12,00 00 E0 42 CD CC 86 42 A4 F0 38 42
1787904123.785294,34680,09fa,12,33 33 95 42 A4 70 19 42 68 D1 B0 42
1787904123.795836,34680,09fb,12,9A 99 69 42 52 B8 24 42 04 56 39 42
1787904123.806452,34680,09fc,12,66 66 E9 42 F6 28 32 42 83 40 06 42
1787904123.817126,34680,09fd,12,33 33 02 43 52 B8 E2 41 A6 1B 3C 42
1787904123.827687,34680,09fe,12,CD CC D3 42 29 5C 45 42 F4 BD 90 42
1787904123.837990,34680,09ff,12,66 66 F4 42 52 B8 00 42 29 5C DF 41
1787904123.848686,34680,0a00,12,CD CC B5 42 1F 85 96 42 B2 1D A7 42
1787904123.859389,34680,0a01,12,00 00 72 42 29 5C 85 42 D7 E3 95 42
1787904123.869986,34680,0a02,12,00 00 C2 42 C2 F5 00 42 69 91 0E 42
1787904123.880909,34680,0a03,12,66 66 0F 43 00 00 66 42 7D BF B7 42
1787904123.891871,34680,0a04,12,CD CC 86 42 A4 70 73 42 5A E4 E4 42
1787904123.902669,34680,0a05,12,9A 99 D8 42 A4 70 C5 41 EB D1 44 42
1787904123.916004,34680,0a06,12,9A 19 02 43 C3 F5 97 42 00 00 33 42
1787904123.926536,34680,0a07,12,9A 99 8D 42 0A D7 C7 41 6A 3C 9B 42
1787904123.937072,34680,0a08,12,66 66 B8 42 52 B8 E2 41 83 40 C1 42
1787904123.947823,34680,0a09,12,00 00 9E 42 E1 7A 3C 42 1F 85 BA 42
1787904123.958309,34680,0a0a,12,66 66 E7 42 14 AE 7F 42 AA F1 10 42
1787904123.969163,34680,0a0b,12,33 33 B5 42 AE 47 6B 42 68 11 40 42
1787904123.979801,34680,0a0c,12,33 33 AE 42 7B 14 0A 42 E8 3B AF 42
1787904123.990247,34680,0a0d,12,33 33 A6 42 48 E1 1A 42 5D 8F B6 42
1787904124.000951,34680,0a0e,12,9A 99 89 42 F6 28 99 42 D2 62 8C 42
1787904124.011657,34680,0a0f,12,66 66 62 42 D7 A3 3E 42 BA C9 5B 42
1787904124.022144,34680,0a10,12,66 66 88 42 5C 8F 76 42 29 DC 40 42
1787904124.038927,34680,0a11,12,9A 99 98 42 CC CC 4C 42 4E A2 87 42
1787904124.049504,34680,0a12,12,66 66 92 42 5C 8F 98 42 81 D5 D6 42
1787904124.059884,34680,0a13,12,CD CC C3 42 52 B8 06 42 2D F2 B7 42
1787904124.070411,34680,0a14,12,CD CC D7 42 29 5C 9D 42 DC 79 2B 42
1787904124.081038,34680,0a15,12,00 80 0E 43 5C 8F AA 41 16 59 24 42
1787904124.091794,34680,0a16,12,00 80 0B 43 F6 28 44 42 58 39 58 42
1787904124.102922,34680,0a17,12,9A 99 D5 42 B8 1E 3F 42 C6 8B DF 42
1787904124.113701,34680,0a18,12,CC CC BF 42 52 B8 00 42 5E 3A 30 42
1787904124.173160,34680,0a19,12,66 66 FA 42 52 B8 36 42 83 C0 A4 41
1787904124.183535,34680,0a1a,12,00 00 9F 42 AE 47 F9 41 31 88 4D 42
1787904124.195478,34680,0a1b,12,CD 4C 05 43 B8 1E 03 42 27 71 AE 42
1787904124.208097,34680,0a1c,12,CD CC 5A 42 5C 8F AA 41 E1 7A 03 42
1787904124.221745,34680,0a1d,12,66 66 4E 42 F6 28 56 42 A2 45 04 42
1787904124.232688,34680,0a1e,12,9A 99 99 42 7B 14 83 42 4C 37 B2 41
1787904124.243592,34680,0a1f,12,66 66 88 42 AE 47 93 42 5C 8F CB 41
1787904124.254432,34680,0a20,12,34 33 04 43 5D 8F 52 42 B0 B2 BC 42
1787904124.264988,34680,0a21,12,66 66 9B 42 A4 70 4F 42 27 31 6F 42
1787904124.275655,34680,0a22,12,CD CC D7 42 3E 0A C3 41 B8 1E 27 42
1787904124.286414,34680,0a23,12,9A 99 77 42 00 00 1E 42 C6 CB 6E 42
1787904124.297174,34680,0a24,12,00 80 09 43 7B 14 1C 42 10 58 A4 42
1787904124.307780,34680,0a25,12,00 00 04 43 3D 0A F3 41 56 8E 23 42
1787904124.318295,34680,0a26,12,CD CC 78 42 14 AE 9B 42 8B EC 75 42
1787904124.328915,34680,0a27,12,00 00 B2 42 5C 8F 5E 42 60 25 A4 42
1787904124.339498,34680,0a28,12,9A 99 98 42 5C 8F C2 41 40 35 32 42
1787904124.350236,34680,0a29,12,33 33 8E 42 70 3D 1E 42 2F DD 7B 42
1787904124.361311,34680,0a2a,12,00 00 0D 43 70 3D 78 42 99 59 CB 42
1787904124.373058,34680,0a2b,12,00 00 BE 42 70 3D 36 42 0E 2D A1 42
1787904124.383832,34680,0a2c,12,CD CC 05 43 33 33 A7 41 8A 41 99 42
1787904124.394371,34680,0a2d,12,CD CC FA 42 0A D7 91 42 87 96 6F 42
1787904124.404844,34680,0a2e,12,CD CC 5A 42 00 00 94 42 18 04 B1 42
1787904124.415300,34680,0a2f,12,66 66 9C 42 1F 85 59 42 87 96 C7 42
1787904124.425730,34680,0a30,12,CD CC F7 42 B8 1E 8E 42 36 1E 93 42
1787904124.436088,34680,0a31,12,9A 99 F2 42 EC 51 34 42 CF 77 18 42
1787904124.446569,34680,0a32,12,9A 99 04 43 1F 85 87 42 F8 53 F6 41
1787904124.457044,34680,0a33,12,9A 99 6B 42 AE 47 87 42 A2 45 BF 42
1787904124.467650,34680,0a34,12,34 33 0B 43 F6 28 8A 42 23 DB 68 42
1787904124.478266,34680,0a35,12,00 00 C2 42 9A 99 94 42 0A 57 11 42
1787904124.488787,34680,0a36,12,66 66 DF 42 CD CC 76 42 E6 50 93 42
1787904124.499226,34680,0a37,12,33 33 A1 42 7B 14 1C 42 C6 CB 0B 42
1787904124.509786,34680,0a38,12,66 66 B1 42 0A D7 6F 42 8F 42 7C 42
1787904124.520336,34680,0a39,12,33 33 7D 42 67 66 50 42 D5 F8 DC 42
1787904124.530844,34680,0a3a,12,9A 19 10 43 85 EB 79 42 F4 7D A9 42
1787904124.541323,34680,0a3b,12,9A 99 06 43 29 5C 69 42 4C B7 CE 42
1787904124.552058,34680,0a3c,12,CD CC C8 42 52 B8 60 42 A0 9A ED 42
1787904124.562578,34680,0a3d,12,CD CC 7C 42 85 EB 80 42 CD CC 9E 42
1787904124.573056,34680,0a3e,12,00 00 84 42 5C 8F 64 42 06 01 C6 42
1787904124.583760,34680,0a3f,12,CD CC 99 42 F6 28 99 42 CB 61 B4 42
1787904124.594267,34680,0a40,12,9A 99 8C 42 F6 28 93 42 CF 37 EC 42
1787904124.606802,34680,0a41,12,CD CC 8D 42 48 E1 87 42 8A C1 72 42
1787904124.617849,34680,0a42,12,9A 99 A8 42 48 E1 C6 41 54 E3 BE 41
1787904124.628711,34680,0a43,12,34 33 DB 42 66 66 EA 41 DB B9 CD 42
1787904124.639652,34680,0a44,12,00 00 B8 42 48 E1 BA 41 83 40 06 42
1787904124.650221,34680,0a45,12,33 33 98 42 00 00 0C 42 8B EC 75 42
1787904124.661443,34680,0a46,12,66 66 B0 42 A4 70 E9 41 4E E2 D1 42
1787904124.672184,34680,0a47,12,33 33 87 42 F6 28 9F 42 75 13 AB 42
1787904124.682813,34680,0a48,12,00 00 EC 42 D7 A3 32 42 F0 A7 E9 41
1787904124.693316,34680,0a49,12,00 00 76 42 48 E1 84 42 7D 3F 2E 42
1787904124.703989,34680,0a4a,12,9A 99 A1 42 29 5C 45 42 18 04 59 42
1787904124.714557,34680,0a4b,12,9A 19 0D 43 7A 14 2E 42 72 68 EE 41
1787904124.734382,34680,0a4c,12,CD CC 15 43 67 66 62 42 33 B3 50 42
1787904124.745039,34680,0a4d,12,33 33 15 43 D7 A3 8D 42 CB 21 CD 42
1787904124.755534,34680,0a4e,12,33 33 AE 42 90 C2 D5 41 F8 13 97 42
1787904124.766153,34680,0a4f,12,00 00 74 42 B8 1E 03 42 A2 C5 8D 42
1787904124.776721,34680,0a50,12,00 00 03 43 00 00 7E 42 2B 87 12 42
1787904124.790213,34680,0a51,12,9A 99 C7 42 3E 0A 5F 42 2C 07 9C 42
1787904124.800838,34680,0a52,12,9A 99 D3 42 33 33 67 42 B0 32 8B 42
1787904124.814831,34680,0a53,12,9A 19 0E 43 3E 0A 81 42 52 38 D8 42
1787904124.827467,34680,0a54,12,66 66 B5 42 66 66 7A 42 2F DD 18 42
1787904124.839005,34680,0a55,12,9A 99 C6 42 D7 A3 8A 42 3A F4 CA 42
1787904124.850086,34680,0a56,12,CD CC F9 42 CD CC 04 42 54 A3 C2 42
1787904124.863775,34680,0a57,12,66 66 F3 42 F6 28 2C 42 0E AD D2 42
1787904124.881026,34680,0a58,12,9A 99 75 42 E2 7A 00 42 2F 1D BB 42
1787904124.891766,34680,0a59,12,33 33 51 42 B8 1E 85 42 5E BA B9 42
1787904124.902226,34680,0a5a,12,66 66 A5 42 14 AE D7 41 D3 8D 8F 42
1787904124.912475,34680,0a5b,12,33 33 8E 42 48 E1 26 42 83 40 C1 42
1787904124.922909,34680,0a5c,12,33 33 0D 43 B8 1E 91 42 06 81 3C 42
1787904124.933483,34680,0a5d,12,00 80 05 43 F6 28 9C 42 D9 0E 99 42
1787904124.943777,34680,0a5e,12,33 33 83 42 8F C2 87 42 A8 86 E1 42
1787904124.955460,34680,0a5f,12,66 66 BE 42 CD CC 9E 42 89 41 AE 41
1787904124.965935,34680,0a60,12,33 33 EA 42 1F 85 59 42 4E 62 48 42
1787904124.976467,34680,0a61,12,34 33 B6 42 15 AE 5B 42 B2 9D ED 41
1787904124.986871,34680,0a62,12,33 33 93 42 3D 0A 23 42 E8 7B 96 42
1787904124.997448,34680,0a63,12,CD CC 90 42 66 66 14 42 A8 C6 DD 41
1787904125.007841,34680,0a64,12,00 00 11 43 A4 70 0D 42 A3 B0 A9 42
1787904125.018365,34680,0a65,12,00 00 03 43 CC CC 92 42 35 5E DD 42
1787904125.028834,34680,0a66,12,CC CC C5 42 C2 F5 D0 41 FE 94 A0 42
1787904125.039316,34680,0a67,12,33 33 BA 42 3E 0A C3 41 73 A8 C0 42
1787904125.049790,34680,0a68,12,9A 99 4F 42 EC 51 89 42 8A 41 99 42
1787904125.060138,34680,0a69,12,33 33 8C 42 7B 14 64 42 E4 E5 A8 42
1787904125.070519,34680,0a6a,12,66 66 C8 42 5C 8F 86 42 87 96 0C 42
1787904125.081053,34680,0a6b,12,66 66 E1 42 14 AE 61 42 FA 7E F9 41
1787904125.091944,34680,0a6c,12,66 66 68 42 A4 70 92 42 0C 82 77 42
1787904125.102630,34680,0a6d,12,9A 99 FB 42 0A D7 8E 42 DB B9 CD 42
1787904125.113537,34680,0a6e,12,00 00 DD 42 00 00 18 42 DF CF EC 42
1787904125.124516,34680,0a6f,12,9A 99 DB 42 48 E1 2C 42 F4 7D A9 42
1787904125.135300,34680,0a70,12,66 66 DD 42 29 5C 88 42 B4 48 AA 42
1787904125.145782,34680,0a71,12,9A 99 E0 42 34 33 7F 42 A2 45 04 42
1787904125.156485,34680,0a72,12,66 66 F5 42 CC CC 3A 42 94 58 90 42
1787904125.167477,34680,0a73,12,9A 99 D7 42 7B 14 0A 42 79 A9 98 42
1787904125.178380,34680,0a74,12,33 33 8F 42 14 AE 7F 42 0C 82 77 42
1787904125.189204,34680,0a75,12,00 00 84 42 1F 85 4D 42 D5 F8 DC 42
1787904125.200037,34680,0a76,12,9A 99 90 42 AE 47 2F 42 50 8D 4B 42
1787904125.210752,34680,0a77,12,00 00 E5 42 A4 70 07 42 AE C7 A0 42
1787904125.221235,34680,0a78,12,CC CC AC 42 85 EB 89 42 B2 5D 8E 42
1787904125.231643,34680,0a79,12,9A 19 01 43 29 5C 21 42 C0 8A A4 42
1787904125.242150,34680,0a7a,12,34 B3 04 43 85 EB 7F 42 7F AA D3 42
1787904125.252742,34680,0a7b,12,9A 99 A4 42 66 66 44 42 64 BB 91 42
1787904125.263199,34680,0a7c,12,9A 99 CE 42 90 C2 71 42 31 48 BE 42
1787904125.273880,34680,0a7d,12,33 33 8C 42 00 00 36 42 AE 47 E7 41
1787904125.284316,34680,0a7e,12,CD CC D4 42 7B 14 64 42 CB A1 B0 41
1787904125.300828,34680,0a7f,12,33 33 86 42 CD CC 04 42 D7 A3 56 42
1787904125.311180,34680,0a80,12,66 66 BD 42 9A 99 75 42 9A 19 29 42
1787904125.321703,34680,0a81,12,34 33 FE 42 D7 A3 C0 41 0E 2D 49 42
1787904125.335051,34680,0a82,12,33 33 AC 42 3E 0A 7D 42 5E BA 61 42
1787904125.346060,34680,0a83,12,9A 19 10 43 9A 99 CD 41 48 61 70 42
1787904125.357284,34680,0a84,12,33 33 08 43 48 E1 44 42 8B AC E6 42
1787904125.367770,34680,0a85,12,33 33 9B 42 34 33 3D 42 AC 1C E4 41
1787904125.378345,34680,0a86,12,33 33 55 42 66 66 08 42 E5 D0 C4 42
1787904125.390161,34680,0a87,12,33 33 61 42 A4 70 A1 41 68 51 E2 42
1787904135.398505,34680,0a89,12,99 99 EA 42 B8 1E 85 42 DB F9 B4 42
1787904135.408661,34680,0a8a,12,CD CC 83 42 48 E1 96 42 48 61 70 42
1787904135.419220,34680,0a8b,12,00 00 C6 42 A4 70 1F 42 48 E1 96 42
1787904135.429752,34680,0a8c,12,9A 99 91 42 D7 A3 2C 42 8F 02 ED 42
1787904135.440046,34680,0a8d,12,66 66 03 43 E2 7A 5A 42 A6 DB AC 42
1787904135.450447,34680,0a8e,12,9A 19 0B 43 0A D7 97 42 BA 49 E5 42
1787904135.460855,34680,0a8f,12,33 33 06 43 B8 1E 88 42 B0 F2 4B 42
1787904135.471142,34680,0a90,12,CC CC AD 42 5C 8F 76 42 C5 A0 08 42
1787904135.481906,34680,0a91,12,CD CC EB 42 AE 47 53 42 CB 21 75 42
1787904135.492713,34680,0a92,12,34 33 DA 42 00 00 82 42 A6 9B C5 42
1787904135.503111,34680,0a93,12,66 66 97 42 70 3D 06 42 76 3E AE 42
1787904135.513361,34680,0a94,12,00 00 B2 42 C3 F5 88 42 AA B1 E4 42
1787904135.524000,34680,0a95,12,66 66 72 42 70 3D 48 42 60 25 A4 42
1787904135.534487,34680,0a96,12,CD 4C 11 43 90 C2 05 42 8D D7 E9 42
1787904135.544815,34680,0a97,12,9A 99 0F 43 EC 51 E0 41 54 E3 BE 41
1787904135.555242,34680,0a98,12,9A 99 8E 42 C2 F5 91 42 BA C9 B3 42
1787904135.565878,34680,0a99,12,9A 99 FF 42 9A 99 FD 41 9C C4 CA 41
1787904135.576395,34680,0a9a,12,9A 99 81 42 E2 7A 82 42 BC 74 2D 42
1787904135.587061,34680,0a9b,12,CD CC AF 42 0A D7 75 42 2D B2 D0 42
1787904135.598013,34680,0a9c,12,CD 4C 0A 43 00 00 30 42 36 5E 22 42
1787904135.608559,34680,0a9d,12,CC CC AD 42 33 33 98 42 3A B4 28 42
1787904135.619557,34680,0a9e,12,CC CC B3 42 F6 28 02 42 0E ED B9 42
1787904135.630425,34680,0a9f,12,66 E6 0F 43 AE 47 90 42 CD CC 46 42
1787904135.641309,34680,0aa0,12,33 33 E4 42 48 E1 68 42 A8 C6 0D 42
1787904135.653569,34680,0aa1,12,00 80 00 43 7B 14 70 42 8B EC 75 42
1787904135.664042,34680,0aa2,12,9A 99 A4 42 00 00 9D 42 4C 77 84 42
1787904135.675754,34680,0aa3,12,33 B3 07 43 A4 70 80 42 11 D8 7D 42
1787904135.690022,34680,0aa4,12,9A 99 FF 42 B8 1E 09 42 E0 8F A2 42
1787904135.701011,34680,0aa5,12,66 66 DF 42 66 66 5C 42 AE 07 EB 42
1787904135.711568,34680,0aa6,12,00 00 8D 42 0A D7 57 42 18 04 59 42
1787904135.723779,34680,0aa7,12,9A 99 BD 42 F6 28 81 42 F8 D3 AF 42
1787904135.735970,34680,0aa8,12,9A 99 B6 42 34 33 3D 42 E8 FB 6F 42
1787904135.747023,34680,0aa9,12,9A 19 0D 43 E1 7A 54 42 DF CF 31 42
1787904135.757575,34680,0aaa,12,33 33 6D 42 0A D7 94 42 60 E5 D1 41
1787904135.771065,34680,0aab,12,34 33 FF 42 33 33 A7 41 F0 27 4B 42
1787904135.782618,34680,0aac,12,00 00 CA 42 5C 8F 28 42 DD 24 B8 42
1787904135.793043,34680,0aad,12,33 33 E9 42 EC 51 E0 41 94 58 90 42
1787904135.803633,34680,0aae,12,00 00 A0 42 9A 99 4B 42 D3 0D C1 42
1787904135.813997,34680,0aaf,12,9A 99 DE 42 EC 51 89 42 2D 72 E9 42
1787904135.824421,34680,0ab0,12,66 66 BE 42 E1 7A AC 41 6F D2 EB 42
1787904135.834889,34680,0ab1,12,CD CC 6E 42 52 B8 8E 42 25 06 09 42
1787904135.845348,34680,0ab2,12,00 00 EC 42 5C 8F E6 41 7B 54 CD 42
1787904135.856006,34680,0ab3,12,CD CC 6E 42 B8 1E A9 41 85 6B 6C 42
1787904135.866782,34680,0ab4,12,00 80 10 43 5D 8F 70 42 12 83 4F 42
1787904135.877394,34680,0ab5,12,00 00 92 42 5C 8F 8F 42 0A D7 AF 41
1787904135.888692,34680,0ab6,12,00 00 8A 42 29 5C 3F 42 8B EC CD 42
1787904135.899014,34680,0ab7,12,00 00 B1 42 B8 1E 9D 42 C1 CA A0 41
1787904135.909425,34680,0ab8,12,CC CC C0 42 1E 85 71 42 8A C1 72 42
1787904135.923860,34680,0ab9,12,33 33 03 43 F6 28 2C 42 BA 49 E5 42
1787904135.934604,34680,0aba,12,CD CC 95 42 D7 A3 8A 42 3A B4 28 42
1787904135.944919,34680,0abb,12,67 66 EF 42 48 E1 96 42 40 35 8A 42
1787904135.955275,34680,0abc,12,33 33 94 42 48 E1 8A 42 83 40 69 42
1787904135.969538,34680,0abd,12,34 33 CD 42 52 B8 5A 42 54 A3 C2 42
1787904135.985342,34680,0abe,12,00 00 C2 42 1F 85 0B 42 1A AF 2A 42
1787904135.995889,34680,0abf,12,CD CC BB 42 9A 99 75 42 A0 1A 01 42
1787904136.006566,34680,0ac0,12,9A 99 10 43 B8 1E 09 42 3E 8A B8 42
1787904136.017056,34680,0ac1,12,00 00 88 42 0A D7 57 42 FC 29 5E 42
1787904136.027364,34680,0ac2,12,33 33 B8 42 E2 7A 12 42 D2 22 4D 42
1787904136.038066,34680,0ac3,12,33 33 FC 42 0A D7 AF 41 98 EE 25 42
1787904136.049045,34680,0ac4,12,00 00 B8 42 CC CC EC 41 E8 FB C7 42
1787904136.059514,34680,0ac5,12,CC CC 0D 43 AE 47 F9 41 1B 2F 5C 42
1787904136.070176,34680,0ac6,12,CD CC 97 42 AE 47 99 42 BC 34 9E 42
1787904136.080714,34680,0ac7,12,9A 99 01 43 33 33 89 42 FC 29 B6 42
1787904136.090989,34680,0ac8,12,CD CC 78 42 F6 28 44 42 4C 37 45 42
1787904136.101441,34680,0ac9,12,9A 99 B9 42 1F 85 FF 41 C6 4B 95 42
1787904136.111858,34680,0aca,12,00 00 EE 42 9A 99 39 42 B4 88 91 42
1787904136.122189,34680,0acb,12,66 66 81 42 8F C2 87 42 06 81 A9 41
1787904136.132708,34680,0acc,12,33 33 C6 42 71 3D BE 41 9C C4 5D 42
1787904136.143658,34680,0acd,12,CD CC C3 42 8F C2 87 42 50 0D 1A 42
1787904136.159798,34680,0ace,12,33 33 A2 42 A4 70 61 42 48 E1 AB 41
1787904136.170349,34680,0acf,12,66 66 F3 42 66 66 26 42 33 F3 8F 42
1787904136.180893,34680,0ad0,12,9A 99 B6 42 33 33 9B 42 68 51 E2 42
1787904136.191475,34680,0ad1,12,33 33 4F 42 29 5C 91 42 4E E2 D1 42
1787904136.201983,34680,0ad2,12,33 33 49 42 7B 14 04 42 50 0D 1A 42
1787904136.212436,34680,0ad3,12,00 00 50 42 7B 14 64 42 0C 82 14 42
1787904136.228760,34680,0ad4,12,9A 99 81 42 48 E1 8A 42 E1 7A 03 42
1787904136.239726,34680,0ad5,12,9A 99 CF 42 1F 85 59 42 4E 62 B5 41
1787904136.250380,34680,0ad6,12,CD CC 6C 42 F6 28 93 42 E1 7A 03 42
1787904136.260870,34680,0ad7,12,33 33 7B 42 CD CC 80 42 0C 02 B3 41
1787904136.271202,34680,0ad8,12,34 33 AA 42 B9 1E 57 42 58 79 97 42
1787904136.288165,34680,0ad9,12,CC 4C 02 43 70 3D 85 42 4C 37 B2 41
1787904136.298844,34680,0ada,12,00 00 0A 43 1F 85 84 42 EB D1 9C 42
1787904136.309462,34680,0adb,12,9A 99 69 42 A4 70 49 42 E6 50 93 42
1787904136.319861,34680,0adc,12,33 33 C8 42 8F C2 0B 42 0C 02 B3 41
1787904136.330133,34680,0add,12,CD CC A5 42 66 66 5C 42 77 BE F4 41
1787904136.340574,34680,0ade,12,9A 99 CD 42 7B 14 80 42 8D 17 79 42
1787904136.351257,34680,0adf,12,00 80 10 43 90 C2 F9 41 5A E4 29 42
1787904136.361916,34680,0ae0,12,66 66 A5 42 48 E1 32 42 F0 27 A3 42
1787904136.372391,34680,0ae1,12,00 00 8A 42 E2 7A 88 42 C2 35 D9 42
1787904136.384619,34680,0ae2,12,33 33 96 42 0A D7 57 42 62 D0 D8 42
1787904136.394963,34680,0ae3,12,66 66 D9 42 EC 51 A4 41 EB D1 44 42
1787904136.405509,34680,0ae4,12,33 B3 14 43 EC 51 28 42 D3 0D C1 42
1787904136.417675,34680,0ae5,12,33 33 83 42 48 E1 5C 42 F0 67 8A 42
1787904136.428086,34680,0ae6,12,34 33 DA 42 71 3D 6C 42 25 06 6C 42
1787904136.438930,34680,0ae7,12,66 66 DA 42 52 B8 85 42 64 FB DB 42
1787904136.449308,34680,0ae8,12,66 66 82 42 34 33 37 42 CD CC 9E 42
1787904136.460077,34680,0ae9,12,9A 19 0B 43 33 33 6D 42 0E 6D EB 42
1787904136.470376,34680,0aea,12,00 00 6A 42 7B 14 16 42 48 61 C8 42
1787904136.480716,34680,0aeb,12,9A 99 94 42 1F 85 5F 42 E8 BB E0 42
1787904136.491254,34680,0aec,12,00 00 9D 42 3D 0A 23 42 FC 69 9D 42
1787904136.501691,34680,0aed,12,CD CC 4C 42 34 33 80 42 DD 24 CD 41
1787904136.512687,34680,0aee,12,33 33 FA 42 33 33 92 42 85 2B DD 42
1787904136.523327,34680,0aef,12,34 33 AA 42 5C 8F 1C 42 6F 92 A1 42
1787904136.533707,34680,0af0,12,00 00 CF 42 D7 A3 D8 41 33 B3 A8 42
1787904136.544199,34680,0af1,12,34 33 D0 42 7B 14 34 42 E5 D0 C4 42
1787904136.554988,34680,0af2,12,66 66 BC 42 D7 A3 14 42 2D F2 B7 42
1787904136.565601,34680,0af3,12,99 99 D2 42 EC 51 89 42 A8 C6 0D 42
1787904136.576002,34680,0af4,12,66 E6 0A 43 A4 70 B9 41 2B 47 83 42
1787904136.586625,34680,0af5,12,33 33 E4 42 3D 0A 65 42 5A 24 CC 42
1787904136.597085,34680,0af6,12,00 00 8C 42 E1 7A 42 42 60 E5 64 42
1787904136.610658,34680,0af7,12,66 66 AE 42 71 3D 4E 42 E3 A5 06 42
1787904136.620913,34680,0af8,12,9A 99 B1 42 66 66 0E 42 21 B0 D2 41
1787904136.631207,34680,0af9,12,00 00 AB 42 B8 1E 45 42 83 00 DA 42
1787904136.641601,34680,0afa,12,CD CC 5C 42 EC 51 A4 41 18 84 27 42
1787904136.651943,34680,0afb,12,34 33 CE 42 0A D7 57 42 B2 1D A7 42
1787904136.666499,34680,0afc,12,67 66 FE 42 52 B8 66 42 E4 25 38 42
1787904136.677316,34680,0afd,12,9A 99 09 43 A4 70 DD 41 9C 44 E7 42
1787904136.687885,34680,0afe,12,00 00 A0 42 66 66 A2 41 EE 7C D1 42
1787904136.698538,34680,0aff,12,9A 99 08 43 48 E1 08 42 FC 29 B6 42
1787904136.708951,34680,0b00,12,99 99 E8 42 66 66 2C 42 E6 50 3B 42
1787904136.719896,34680,0b01,12,9A 99 AE 42 66 66 84 42 3B DF FB 41
1787904136.730552,34680,0b02,12,9A 99 FA 42 C2 F5 18 42 27 31 DC 41
1787904136.740950,34680,0b03,12,66 66 A6 42 52 B8 9A 42 37 09 57 42
1787904136.751626,34680,0b04,12,66 66 66 42 29 5C 4B 42 E8 FB C7 42
1787904136.764446,34680,0b05,12,33 33 94 42 3E 0A 47 42 6A BC E1 41
1787904136.799907,34680,0b06,12,33 33 93 42 00 00 3C 42 6F 92 49 42
1787904136.811972,34680,0b07,12,00 00 DF 42 A4 70 F5 41 AA 31 B3 42
1787904136.823163,34680,0b08,12,CD CC EB 42 66 66 D2 41 8B EC CD 42
1787904136.838001,34680,0b09,12,CD CC E6 42 7A 14 95 42 AA 71 42 42
1787904136.848677,34680,0b0a,12,66 66 09 43 9A 99 85 42 89 41 AE 41
1787904136.860593,34680,0b0b,12,66 66 5C 42 5C 8F 34 42 7F 6A 31 42
1787904136.872128,34680,0b0c,12,CD CC B0 42 85 EB 95 42 AA B1 E4 42
1787904136.884035,34680,0b0d,12,00 00 AB 42 9A 99 21 42 83 40 C1 42
1787904136.894610,34680,0b0e,12,CC 4C 13 43 00 00 C4 41 C6 4B 95 42
1787904136.906632,34680,0b0f,12,CD CC 8D 42 34 33 9E 42 1F 05 EC 42
1787904136.917169,34680,0b10,12,CD CC 9E 42 EC 51 98 42 0C 02 9E 42
1787904136.927662,34680,0b11,12,9A 99 A9 42 A4 70 0D 42 A6 5B DE 42
1787904136.938226,34680,0b12,12,CD CC AA 42 00 00 1E 42 0E AD 7A 42
1787904136.948861,34680,0b13,12,CD CC DD 42 EC 51 D4 41 31 08 EC 41
1787904136.959325,34680,0b14,12,66 66 AA 42 48 E1 84 42 F2 52 4E 42
1787904136.969721,34680,0b15,12,33 33 00 43 C2 F5 3C 42 E6 50 3B 42
1787904136.981253,34680,0b16,12,CD CC 9F 42 00 00 DC 41 DD E4 D0 42
1787904136.991750,34680,0b17,12,00 00 08 43 EB 51 7C 42 BC 74 85 42
1787904137.002707,34680,0b18,12,34 33 A5 42 E1 7A AC 41 3E 4A D1 42
1787904137.013418,34680,0b19,12,66 66 91 42 B8 1E 8E 42 AA F1 E0 41
1787904137.024629,34680,0b1a,12,66 66 AF 42 66 66 93 42 40 35 8A 42
1787904137.035218,34680,0b1b,12,00 00 81 42 C2 F5 1E 42 6B BC 74 42
1787904137.046926,34680,0b1c,12,CD CC 92 42 0A D7 94 42 3A B4 E3 42
1787904137.058682,34680,0b1d,12,CD 4C 00 43 00 00 97 42 64 FB DB 42
1787904137.070130,34680,0b1e,12,9A 99 6F 42 9A 99 D9 41 60 65 8B 42
1787904137.080846,34680,0b1f,12,9A 99 FD 42 33 33 73 42 58 B9 E1 42
1787904137.091589,34680,0b20,12,00 00 7C 42 48 E1 5C 42 A0 5A A3 42
1787904137.102063,34680,0b21,12,66 66 AF 42 AE 47 4D 42 1C 5A 5F 42
1787904137.113002,34680,0b22,12,33 33 E4 42 48 E1 D2 41 BE 9F 30 42
1787904137.123702,34680,0b23,12,00 00 70 42 9A 99 3F 42 E9 26 CB 42
1787904137.134220,34680,0b24,12,9A 99 EF 42 90 C2 8D 42 8D 97 B4 41
1787904137.149850,34680,0b25,12,00 00 D0 42 AE 47 E1 41 F4 FD EF 41
1787904137.160228,34680,0b26,12,33 33 69 42 0A D7 85 42 1B 2F B4 42
1787904137.170694,34680,0b27,12,33 33 F0 42 1E 85 F3 41 0E 6D 88 42
1787904137.181054,34680,0b28,12,00 00 97 42 90 C2 9C 42 BA 89 CC 42
1787904137.191621,34680,0b29,12,9A 99 93 42 52 B8 30 42 EC 51 13 42
1787904137.201923,34680,0b2a,12,00 00 E5 42 D7 A3 50 42 89 81 80 42
1787904137.212328,34680,0b2b,12,CD CC E2 42 3E 0A 1D 42 7F 6A 31 42
1787904137.223502,34680,0b2c,12,00 00 B4 42 E1 7A 66 42 00 80 01 42
1787904137.234127,34680,0b2d,12,66 66 90 42 EC 51 28 42 5E 3A 88 42
1787904137.244627,34680,0b2e,12,33 33 6D 42 15 AE 67 42 81 15 BE 42
1787904137.254970,34680,0b2f,12,67 66 E5 42 86 EB 49 42 F4 FD EF 41
1787904137.265259,34680,0b30,12,00 00 7E 42 9A 99 88 42 73 E8 A7 42
1787904137.275590,34680,0b31,12,CD CC 4C 42 52 B8 12 42 8F 02 ED 42
1787904137.292305,34680,0b32,12,00 00 15 43 E1 7A 0C 42 7B 14 83 42
1787904137.302768,34680,0b33,12,9A 19 05 43 5C 8F 7C 42 F6 28 F3 41
1787904137.314600,34680,0b34,12,00 00 A5 42 52 B8 97 42 E8 BB E0 42
1787904137.325403,34680,0b35,12,9A 99 75 42 34 33 3D 42 F4 BD 90 42
1787904137.335740,34680,0b36,12,66 66 C1 42 00 00 8E 42 3A B4 80 42
1787904137.351047,34680,0b37,12,00 80 06 43 70 3D CA 41 EE FC 9F 42
1787904137.363443,34680,0b38,12,00 00 82 42 5C 8F B6 41 BA 09 9B 42
1787904137.374623,34680,0b39,12,CC CC F5 42 3E 0A 96 42 1F 85 62 42
1787904137.385058,34680,0b3a,12,CD CC 7C 42 AE 47 8A 42 24 86 3A 42
1787904137.395301,34680,0b3b,12,00 00 C8 42 14 AE 19 42 3A B4 E3 42
1787904137.405914,34680,0b3c,12,9A 99 A4 42 E2 7A D0 41 46 36 C5 42
1787904137.416408,34680,0b3d,12,67 66 E5 42 7B 14 0A 42 11 D8 7D 42
1787904137.426697,34680,0b3e,12,CD CC 50 42 00 00 4E 42 BE DF D2 42
1787904137.437029,34680,0b3f,12,33 33 A8 42 CC CC 8C 42 04 56 39 42
1787904137.447440,34680,0b40,12,34 33 E6 42 7B 14 70 42 EC 51 13 42
1787904137.457837,34680,0b41,12,99 99 E9 42 85 EB 86 42 B4 48 52 42
1787904137.468139,34680,0b42,12,33 33 EB 42 0B D7 7B 42 0C 02 46 42
1787904137.478518,34680,0b43,12,9A 99 4B 42 F6 28 90 42 E5 D0 D9 41
1787904137.489047,34680,0b44,12,33 33 69 42 D7 A3 50 42 A6 DB AC 42
1787904137.499389,34680,0b45,12,66 66 6C 42 3E 0A B7 41 83 C0 A4 41
1787904137.510250,34680,0b46,12,9A 99 AD 42 0A D7 9A 42 60 E5 01 42
1787904137.520590,34680,0b47,12,9A 19 04 43 AE 47 47 42 83 C0 A4 41
1787904137.530861,34680,0b48,12,33 33 EB 42 66 66 1A 42 96 43 C1 41
1787904137.541352,34680,0b49,12,00 00 84 42 66 66 5C 42 F0 A7 E9 41
1787904137.551805,34680,0b4a,12,CD CC EE 42 9A 99 F1 41 00 00 8B 42
1787904137.562218,34680,0b4b,12,CD CC C8 42 5C 8F 1C 42 10 98 8B 42
1787904137.573127,34680,0b4c,12,00 00 9B 42 33 33 D7 41 40 B5 00 42
1787904137.583883,34680,0b4d,12,00 00 54 42 F6 28 87 42 E9 26 CB 42
1787904137.594651,34680,0b4e,12,00 00 00 43 52 B8 00 42 95 43 AC 42
1787904137.605482,34680,0b4f,12,CD CC FC 42 F6 28 9C 42 3E 0A 2F 42
1787904137.617221,34680,0b50,12,CD CC 7E 42 9A 99 3F 42 EB 51 CE 42
1787904137.627953,34680,0b51,12,9A 99 84 42 7B 14 22 42 CD 4C 78 42
1787904137.638652,34680,0b52,12,9A 99 AB 42 E1 7A 66 42 33 73 C1 42
1787904137.649362,34680,0b53,12,00 00 00 43 66 66 EA 41 9C 44 E7 42
1787904137.659799,34680,0b54,12,66 66 CB 42 A4 70 80 42 2F DD 7B 42
1787904137.670346,34680,0b55,12,33 33 15 43 C2 F5 85 42 AE 47 E7 41
1787904137.680886,34680,0b56,12,00 80 11 43 00 00 60 42 FE 94 A0 42
1787904137.691337,34680,0b57,12,34 33 B7 42 33 33 92 42 BA 49 82 42
1787904137.701766,34680,0b58,12,9A 99 C8 42 AE 47 A5 41 D7 A3 56 42
1787904137.719788,34680,0b59,12,CD CC F7 42 A4 70 31 42 B4 48 AA 42
1787904137.730413,34680,0b5a,12,66 66 E7 42 66 66 90 42 EB D1 9C 42
1787904137.742131,34680,0b5b,12,66 66 0D 43 5C 8F 34 42 3F 35 ED 42
1787904137.752999,34680,0b5c,12,9A 99 B3 42 14 AE 25 42 E4 A5 69 42
1787904137.763687,34680,0b5d,12,66 E6 00 43 0A D7 D3 41 FC 29 5E 42
1787904137.774154,34680,0b5e,12,9A 99 91 42 52 B8 97 42 50 CD 8A 42
1787904137.784703,34680,0b5f,12,CD CC 7C 42 52 B8 4E 42 1B 2F C9 41
1787904137.795186,34680,0b60,12,9A 99 D6 42 29 5C 75 42 36 5E 22 42
1787904137.805616,34680,0b61,12,CD CC 8E 42 86 EB 8C 42 5A E4 E4 42
1787904137.818009,34680,0b62,12,00 00 97 42 8F C2 96 42 DD 64 9F 42
1787904137.828728,34680,0b63,12,33 B3 0F 43 C2 F5 4E 42 9A 19 29 42
1787904137.839356,34680,0b64,12,00 00 F8 42 15 AE 5B 42 62 D0 D8 42
1787904137.857213,34680,0b65,12,66 66 EB 42 14 AE BF 41 10 58 B9 41
1787904137.868019,34680,0b66,12,66 66 8B 42 3E 0A 4D 42 6A BC 11 42
1787904137.879738,34680,0b67,12,66 66 A9 42 85 EB 19 42 BE DF D2 42
1787904137.890553,34680,0b68,12,CD CC C3 42 52 B8 06 42 11 D8 7D 42
1787904137.900980,34680,0b69,12,66 66 F3 42 00 00 9D 42 23 DB 68 42
1787904137.933171,34680,0b6a,12,CC CC AD 42 EC 51 8F 42 5A E4 E4 42
1787904137.944925,34680,0b6b,12,9A 99 0F 43 E1 7A 8E 42 8A C1 CA 42
1787904137.957194,34680,0b6c,12,66 66 C0 42 E2 7A 91 42 16 19 95 42
1787904137.969873,34680,0b6d,12,66 66 8E 42 C2 F5 C4 41 1C 1A D0 42
1787904137.985450,34680,0b6e,12,33 33 9A 42 E1 7A E8 41 1B 2F C9 41
1787904137.998089,34680,0b6f,12,66 66 83 42 AE 47 81 42 6B FC B3 42
1787904138.011040,34680,0b70,12,9A 99 B7 42 86 EB 9B 42 D9 4E 80 42
1787904138.024991,34680,0b71,12,CD 4C 10 43 3D 0A 99 42 EA 26 10 42
1787904138.036309,34680,0b72,12,CD CC DE 42 85 EB 19 42 9E AF D1 42
1787904138.047122,34680,0b73,12,00 00 72 42 F6 28 C0 41 04 96 DB 42
1787904138.058938,34680,0b74,12,33 33 0F 43 F6 28 74 42 C8 F6 0E 42
1787904138.069661,34680,0b75,12,66 66 0A 43 66 66 2C 42 DF CF 89 42
1787904138.080434,34680,0b76,12,9A 99 8B 42 7A 14 86 42 BE DF D2 42
1787904138.091432,34680,0b77,12,9A 19 0D 43 9A 99 91 42 06 01 0B 42
1787904138.102283,34680,0b78,12,CD 4C 12 43 3E 0A 9F 42 95 C3 DD 42
1787904138.113266,34680,0b79,12,00 00 DC 42 29 5C 69 42 D1 E2 BD 42
1787904138.124012,34680,0b7a,12,CD CC 6E 42 29 5C 8E 42 15 2E DC 42
1787904138.134749,34680,0b7b,12,34 33 DC 42 70 3D EE 41 B4 C8 F0 41
1787904138.145316,34680,0b7c,12,33 33 D2 42 3E 0A B7 41 3F 35 ED 42
1787904138.156027,34680,0b7d,12,9A 99 E2 42 9A 99 A9 41 68 D1 B0 42
1787904138.166857,34680,0b7e,12,CD CC 9B 42 7B 14 1C 42 04 56 91 42
1787904138.177709,34680,0b7f,12,CD CC D3 42 3E 0A 9C 42 94 18 A9 42
1787904138.188357,34680,0b80,12,CD CC 5C 42 85 EB 37 42 DC 39 9C 42
1787904138.199044,34680,0b81,12,CD CC B1 42 00 00 1E 42 A0 DA D4 42
1787904138.209714,34680,0b82,12,00 80 15 43 EC 51 22 42 17 59 DF 42
1787904138.220311,34680,0b83,12,CC 4C 02 43 A4 70 DD 41 3B 1F CE 42
1787904138.230655,34680,0b84,12,CD CC 9E 42 7B 14 0A 42 52 38 1D 42
1787904138.241195,34680,0b85,12,00 00 AD 42 7B 14 40 42 A6 1B 94 42
1787904138.251760,34680,0b86,12,66 66 AF 42 66 66 9C 42 DD 24 60 42
1787904138.262230,34680,0b87,12,CD CC 85 42 1F 85 4D 42 F4 FD DA 42
1787904138.273181,34680,0b88,12,CC CC CE 42 34 33 37 42 64 3B D8 41
1787904138.283594,34680,0b89,12,33 33 F4 42 1F 85 35 42 BE 1F BA 42
1787904138.294132,34680,0b8a,12,66 66 A7 42 90 C2 53 42 6C 67 46 42
1787904138.304601,34680,0b8b,12,9A 99 95 42 48 E1 99 42 37 89 E0 42
1787904138.315087,34680,0b8c,12,9A 99 BB 42 5C 8F 8C 42 81 15 66 42
1787904138.325507,34680,0b8d,12,00 00 8A 42 E2 7A 82 42 08 2C C9 42
1787904138.337090,34680,0b8e,12,9A 99 07 43 90 C2 41 42 B7 33 C6 42
1787904138.348635,34680,0b8f,12,33 33 6F 42 52 B8 2A 42 3A B4 28 42
1787904138.359631,34680,0b90,12,66 66 0A 43 F6 28 26 42 BC F4 B6 42
1787904138.370096,34680,0b91,12,34 33 A4 42 3E 0A 1D 42 E1 7A 66 42
1787904138.380772,34680,0b92,12,33 33 AE 42 F6 28 93 42 7D 3F E9 42
1787904138.391328,34680,0b93,12,CD CC EE 42 0A D7 94 42 35 9E C4 42
1787904138.402395,34680,0b94,12,66 66 04 43 E1 7A 8E 42 B8 9E 58 42
1787904138.413739,34680,0b95,12,33 33 F8 42 CD CC D4 41 B0 72 1A 42
1787904138.424353,34680,0b96,12,34 33 BC 42 14 AE 8C 42 A2 C5 8D 42
1787904138.434684,34680,0b97,12,33 33 B9 42 F6 28 FC 41 73 68 D9 42
1787904138.445040,34680,0b98,12,CD 4C 04 43 48 E1 81 42 A2 05 D8 42
1787904138.455374,34680,0b99,12,66 66 9E 42 AE 47 E1 41 66 66 0B 42
1787904138.465647,34680,0b9a,12,00 00 9D 42 5C 8F 98 42 3B DF E6 42
1787904138.478675,34680,0b9b,12,00 00 F7 42 CD CC 9E 42 CF B7 BA 42
1787904138.489329,34680,0b9c,12,66 66 4C 42 C2 F5 3C 42 0E AD 17 42
1787904138.499785,34680,0b9d,12,00 00 A5 42 0A D7 2D 42 2F 9D EC 42
1787904138.510172,34680,0b9e,12,CD CC DD 42 8F C2 59 42 44 0B 07 42
1787904138.520515,34680,0b9f,12,9A 99 D9 42 5C 8F 86 42 B2 1D A7 42
1787904138.530968,34680,0ba0,12,34 33 BE 42 0A D7 F7 41 BC 74 E8 42
1787904138.541236,34680,0ba1,12,66 66 B6 42 8F C2 0B 42 EE 7C 16 42
1787904138.551666,34680,0ba2,12,66 66 CB 42 EB 51 5E 42 EE 7C E6 41
1787904138.562192,34680,0ba3,12,33 33 55 42 14 AE 25 42 8D 97 B4 41
1787904138.572742,34680,0ba4,12,33 33 59 42 5C 8F CE 41 21 70 D6 42
1787904138.583131,34680,0ba5,12,33 33 6F 42 33 33 98 42 EA A6 99 42
1787904138.593943,34680,0ba6,12,66 66 B9 42 0A D7 EB 41 50 0D 7D 42
1787904138.604831,34680,0ba7,12,CC 4C 02 43 5C 8F FE 41 DF 4F BB 42
1787904138.615340,34680,0ba8,12,CD CC 8E 42 48 E1 C6 41 FA 7E F9 41
1787904138.625889,34680,0ba9,12,9A 99 0C 43 7B 14 7C 42 D5 F8 21 42
1787904138.636449,34680,0baa,12,33 33 82 42 A4 70 83 42 FC A9 E7 42
1787904138.646722,34680,0bab,12,9A 99 71 42 85 EB 61 42 D5 F8 DC 42
1787904138.657182,34680,0bac,12,9A 99 96 42 3E 0A 93 42 B0 F2 4B 42
1787904138.667627,34680,0bad,12,66 66 5A 42 14 AE 61 42 8D 57 B8 42
1787904138.678033,34680,0bae,12,00 00 B3 42 A4 70 1F 42 0A D7 42 42
1787904138.688597,34680,0baf,12,00 00 A6 42 B8 1E 2D 42 2B 87 CD 42
1787904138.699017,34680,0bb0,12,33 33 75 42 E2 7A 82 42 4E E2 D1 42
1787904138.709833,34680,0bb1,12,66 66 A7 42 B8 1E 15 42 15 AE AA 42
1787904138.720707,34680,0bb2,12,9A 99 D5 42 3E 0A 0B 42 8B EC 75 42
1787904138.731178,34680,0bb3,12,CD CC 15 43 29 5C AF 41 14 AE BF 41
1787904138.742021,34680,0bb4,12,CC CC F5 42 C2 F5 18 42 0C 02 B3 41
1787904138.752605,34680,0bb5,12,9A 99 90 42 F6 28 14 42 5A 64 B3 42
1787904138.763042,34680,0bb6,12,CD 4C 05 43 48 E1 AE 41 C6 CB C6 42
1787904138.779694,34680,0bb7,12,34 33 FF 42 0A D7 9A 42 F0 27 4B 42
1787904138.790156,34680,0bb8,12,9A 99 6B 42 70 3D 78 42 1F 05 EC 42
1787904138.800576,34680,0bb9,12,66 66 BE 42 5C 8F 10 42 E1 7A 03 42
1787904138.811024,34680,0bba,12,33 33 D2 42 EC 51 86 42 0E 6D 88 42
1787904138.821381,34680,0bbb,12,CD CC EB 42 0A D7 97 42 CA 21 12 42
1787904138.832353,34680,0bbc,12,9A 99 E3 42 A4 70 8F 42 C0 CA 33 42
1787904138.842619,34680,0bbd,12,33 33 F4 42 48 E1 87 42 71 7D BD 42
1787904138.853159,34680,0bbe,12,33 33 57 42 00 00 91 42 EE BC B8 42
1787904138.863755,34680,0bbf,12,67 66 FF 42 14 AE 25 42 A8 06 B0 42
1787904138.874231,34680,0bc0,12,00 00 74 42 A4 70 61 42 31 88 4D 42
1787904138.884635,34680,0bc1,12,66 66 ED 42 0A D7 F7 41 62 90 36 42
1787904138.895235,34680,0bc2,12,CD CC 9F 42 A4 70 37 42 54 E3 BE 41
1787904138.906176,34680,0bc3,12,66 E6 08 43 B8 1E 91 42 FE D4 EA 42
1787904138.916585,34680,0bc4,12,66 66 B2 42 AE 47 1D 42 93 18 BE 41
1787904138.926888,34680,0bc5,12,CD CC A5 42 AE 47 41 42 54 A3 C2 42
1787904138.937684,34680,0bc6,12,66 66 0B 43 1F 85 0B 42 64 7B AA 42
1787904138.948272,34680,0bc7,12,33 33 FC 42 85 EB 80 42 96 C3 22 42
1787904138.958648,34680,0bc8,12,CD CC E3 42 5C 8F FE 41 EE BC B8 42
1787904138.973239,34680,0bc9,12,00 00 DF 42 A4 70 67 42 E8 FB 6F 42
1787904138.984018,34680,0bca,12,66 66 94 42 9A 99 3F 42 50 8D B8 41
1787904138.994571,34680,0bcb,12,CD CC F0 42 66 66 2C 42 44 8B 38 42
1787904139.005000,34680,0bcc,12,66 66 96 42 E2 7A 30 42 00 00 A0 41
1787904139.015434,34680,0bcd,12,00 00 E2 42 29 5C 0F 42 8E D7 86 42
1787904139.025859,34680,0bce,12,CD CC A0 42 52 B8 82 42 8B 6C B1 41
1787904139.038542,34680,0bcf,12,CD CC ED 42 EC 51 10 42 F0 A7 E9 41
1787904139.048962,34680,0bd0,12,00 00 54 42 86 EB 55 42 23 DB 68 42
1787904139.059676,34680,0bd1,12,33 B3 0F 43 33 33 5B 42 27 B1 3D 42
1787904139.070181,34680,0bd2,12,CD CC 10 43 0A D7 8E 42 EC 51 E3 41
1787904139.081832,34680,0bd3,12,CD CC B6 42 85 EB 79 42 42 A0 D7 42
1787904139.094182,34680,0bd4,12,33 B3 0D 43 48 E1 4A 42 4E E2 D1 42
1787904139.105970,34680,0bd5,12,9A 99 C1 42 66 66 93 42 C9 76 98 42
1787904139.117501,34680,0bd6,12,CD CC BB 42 9A 99 75 42 7D BF B7 42
1787904139.130837,34680,0bd7,12,66 66 CC 42 15 AE 6D 42 1D DA 2D 42
1787904139.142839,34680,0bd8,12,66 E6 10 43 3E 0A 7D 42 33 33 DA 42
1787904139.154517,34680,0bd9,12,33 33 82 42 1F 85 59 42 DC 39 9C 42
1787904139.166934,34680,0bda,12,66 66 D2 42 00 00 36 42 6F 12 7B 42
1787904139.178124,34680,0bdb,12,CD CC B7 42 66 66 2C 42 8F 42 D4 42
1787904139.189499,34680,0bdc,12,33 33 A0 42 14 AE 73 42 CA A1 9B 42
1787904139.201200,34680,0bdd,12,33 33 EA 42 B8 1E 09 42 15 6E C3 42
1787904139.211788,34680,0bde,12,CD 4C 11 43 52 B8 24 42 36 5E 22 42
1787904139.222329,34680,0bdf,12,9A 99 B8 42 34 33 1F 42 AE 07 88 42
1787904139.232878,34680,0be0,12,66 66 0C 43 9A 99 97 42 8B EC 75 42
1787904139.243663,34680,0be1,12,00 00 B2 42 14 AE 9E 42 2D F2 B7 42
1787904139.254303,34680,0be2,12,00 00 7C 42 5C 8F 10 42 BE 1F BA 42
1787904139.264720,34680,0be3,12,00 00 11 43 E2 7A 30 42 DB B9 CD 42
1787904139.277642,34680,0be4,12,00 80 06 43 E1 7A 1E 42 CF 37 89 42
1787904139.287924,34680,0be5,12,00 00 C2 42 0A D7 9D 42 DC 79 2B 42
1787904139.298273,34680,0be6,12,CD CC EE 42 33 33 CB 41 48 E1 3E 42
1787904139.309721,34680,0be7,12,CD CC 9D 42 66 66 5C 42 B0 F2 A3 42
1787904139.320578,34680,0be8,12,9A 99 5F 42 B8 1E 6F 42 CD CC 9E 42
1787904139.339722,34680,0be9,12,33 33 15 43 71 3D 00 42 F8 53 26 42
1787904139.351329,34680,0bea,12,00 00 EB 42 00 00 3C 42 1A 6F 9B 42
1787904139.362015,34680,0beb,12,CD CC 6A 42 9A 99 F1 41 A2 45 D4 41
1787904139.373122,34680,0bec,12,9A 99 A0 42 66 66 81 42 8A 01 B2 42
1787904139.383639,34680,0bed,12,66 E6 13 43 48 E1 F6 41 D1 A2 D6 42
1787904139.393901,34680,0bee,12,CD CC 76 42 15 AE 49 42 6A BC 11 42
1787904139.404440,34680,0bef,12,66 66 D0 42 14 AE 9E 42 1A 6F 9B 42
1787904139.414989,34680,0bf0,12,33 33 B9 42 0A D7 8B 42 B8 1E F7 41
1787904139.425320,34680,0bf1,12,00 00 E8 42 85 EB 89 42 FE 54 B9 42
1787904139.435907,34680,0bf2,12,9A 99 A5 42 48 E1 BA 41 EE 3C EA 42
1787904139.446193,34680,0bf3,12,CC CC F5 42 1E 85 23 42 D1 A2 1B 42
1787904139.456541,34680,0bf4,12,CD CC 12 43 90 C2 47 42 2D B2 78 42
1787904139.467319,34680,0bf5,12,66 66 81 42 33 33 83 42 04 56 39 42
1787904139.477842,34680,0bf6,12,66 E6 0D 43 7A 14 10 42 21 B0 65 42
1787904139.488135,34680,0bf7,12,66 66 04 43 1E 85 47 42 AA F1 73 42
1787904139.498537,34680,0bf8,12,00 00 0A 43 EC 51 1C 42 DD 24 B8 42
1787904139.508978,34680,0bf9,12,CD 4C 12 43 9A 99 97 42 A8 C6 70 42
1787904139.519519,34680,0bfa,12,9A 99 94 42 52 B8 91 42 70 FD 8B 42
1787904139.530203,34680,0bfb,12,33 33 8C 42 0A D7 EB 41 EB 51 76 42
1787904139.542045,34680,0bfc,12,9A 99 73 42 66 66 A2 41 18 84 27 42
1787904139.552584,34680,0bfd,12,67 66 EF 42 C2 F5 94 42 C2 F5 36 42
1787904139.563005,34680,0bfe,12,66 66 CA 42 1E 85 41 42 C3 F5 A3 41
1787904139.573892,34680,0bff,12,9A 19 0A 43 71 3D 4E 42 D3 8D 8F 42
1787904139.584313,34680,0c00,12,66 66 B3 42 B8 1E 27 42 BE 9F 30 42
1787904139.594674,34680,0c01,12,33 33 9E 42 85 EB 92 42 F8 93 C8 42
1787904139.605294,34680,0c02,12,66 66 8B 42 66 66 AE 41 66 66 0B 42
1787904139.615639,34680,0c03,12,9A 99 5B 42 A4 70 25 42 F8 D3 57 42
1787904139.626038,34680,0c04,12,66 66 B5 42 00 00 C4 41 A2 C5 8D 42
1787904139.636361,34680,0c05,12,CD CC 0F 43 66 66 44 42 83 C0 8F 42
1787904139.646771,34680,0c06,12,66 66 DE 42 70 3D 3C 42 4C 77 E7 42
1787904139.658423,34680,0c07,12,9A 99 BD 42 52 B8 6C 42 91 6D D7 42
1787904139.669267,34680,0c08,12,00 00 14 43 CD CC E0 41 EB D1 9C 42
1787904139.679709,34680,0c09,12,33 33 E8 42 CD CC F8 41 1F 85 BA 42
1787904139.690131,34680,0c0a,12,66 66 CE 42 A4 70 95 42 21 B0 65 42
1787904139.701233,34680,0c0b,12,66 66 CD 42 9A 99 91 42 91 ED A5 42
1787904139.712280,34680,0c0c,12,9A 99 73 42 CD CC 0A 42 AE 47 17 42
1787904139.723364,34680,0c0d,12,33 33 51 42 33 33 83 42 F2 D2 D7 42
1787904139.733938,34680,0c0e,12,67 66 F0 42 29 5C 21 42 0E 2D 49 42
1787904139.744660,34680,0c0f,12,9A 99 79 42 34 33 8F 42 38 89 25 42
1787904139.755198,34680,0c10,12,00 00 D5 42 EC 51 80 42 17 D9 AD 42
1787904139.765714,34680,0c11,12,34 33 BD 42 EB 51 7C 42 DC 39 9C 42
1787904139.779288,34680,0c12,12,9A 99 14 43 B8 1E 6F 42 C6 4B 95 42
1787904139.790160,34680,0c13,12,00 00 FD 42 7B 14 1C 42 83 C0 A4 41
1787904139.800755,34680,0c14,12,66 E6 08 43 AE 47 90 42 79 E9 E2 42
1787904139.811220,34680,0c15,12,66 66 C0 42 66 66 99 42 AA 31 B3 42
1787904139.821606,34680,0c16,12,CC CC F4 42 3E 0A 11 42 1B 2F C9 41
1787904139.844831,34680,0c17,12,CC CC AC 42 F6 28 14 42 DF CF EC 42
1787904139.855779,34680,0c18,12,9A 99 E4 42 A4 70 80 42 99 59 CB 42
1787904139.866647,34680,0c19,12,99 99 F4 42 90 C2 ED 41 0A 17 82 42
1787904139.877359,34680,0c1a,12,00 00 DF 42 85 EB 67 42 73 A8 C0 42
1787904139.888750,34680,0c1b,12,66 66 B4 42 85 EB 5B 42 48 61 70 42
1787904139.902383,34680,0c1c,12,66 66 94 42 0A D7 D3 41 EE FC 9F 42
1787904139.912742,34680,0c1d,12,33 33 D4 42 EC 51 22 42 C9 F6 C9 42
1787904139.923125,34680,0c1e,12,00 00 F0 42 85 EB 9E 42 4C F7 B5 42
1787904139.933480,34680,0c1f,12,CC CC 0E 43 48 E1 32 42 49 CC B2 42
1787904139.943726,34680,0c20,12,33 33 DE 42 66 66 74 42 60 E5 01 42
1787904139.954159,34680,0c21,12,66 66 BB 42 AE 47 3B 42 02 2B A3 41
1787904139.964575,34680,0c22,12,CD CC EB 42 34 33 7F 42 90 C2 A2 42
1787904139.974890,34680,0c23,12,66 66 48 42 F6 28 4A 42 F2 52 A6 42
1787904139.985098,34680,0c24,12,33 33 B9 42 EC 51 58 42 6F 12 D3 42
1787904139.995521,34680,0c25,12,9A 99 51 42 D7 A3 0E 42 4C 77 84 42
1787904140.005939,34680,0c26,12,33 33 8F 42 00 00 1E 42 70 BD 4C 42
1787904140.017856,34680,0c27,12,33 33 EF 42 D7 A3 26 42 D3 8D 8F 42
1787904140.028245,34680,0c28,12,CD CC D2 42 CD CC 76 42 10 58 B9 41
1787904140.038552,34680,0c29,12,33 33 07 43 48 E1 50 42 24 86 92 42
1787904140.048920,34680,0c2a,12,00 00 F9 42 90 C2 65 42 F2 D2 7F 42
1787904140.059665,34680,0c2b,12,33 33 57 42 B8 1E 4B 42 54 63 20 42
1787904140.070238,34680,0c2c,12,9A 99 9D 42 B8 1E A9 41 0E ED B9 42
1787904140.080540,34680,0c2d,12,33 B3 0C 43 7B 14 22 42 23 DB 05 42
1787904140.090771,34680,0c2e,12,00 00 98 42 1F 85 6B 42 2F DD 7B 42
1787904140.100993,34680,0c2f,12,CD 4C 05 43 52 B8 B2 41 6A BC 11 42
1787904140.111344,34680,0c30,12,67 66 FC 42 33 33 92 42 D3 4D A8 42
1787904140.121880,34680,0c31,12,33 B3 01 43 C3 F5 A0 41 98 EE E0 42
1787904140.132275,34680,0c32,12,66 E6 09 43 1F 85 4D 42 AE C7 48 42
1787904140.142607,34680,0c33,12,00 00 8B 42 66 66 90 42 D2 22 A5 42
1787904140.158898,34680,0c34,12,CD CC D0 42 00 00 36 42 D7 A3 AE 42
1787904140.169360,34680,0c35,12,00 00 E7 42 1E 85 90 42 60 E5 64 42
1787904140.179635,34680,0c36,12,9A 99 B4 42 CD CC F8 41 5C 0F 2D 42
1787904140.190063,34680,0c37,12,00 00 EA 42 C2 F5 78 42 9A D9 99 42
1787904140.223004,34680,0c38,12,33 33 E7 42 14 AE E3 41 F8 53 F6 41
1787904140.234865,34680,0c39,12,9A 99 75 42 52 B8 24 42 99 99 B2 42
1787904140.245891,34680,0c3a,12,33 33 7B 42 29 5C 88 42 FE 94 A0 42
1787904140.256937,34680,0c3b,12,CD CC EC 42 71 3D 42 42 16 59 24 42
1787904140.272925,34680,0c3c,12,9A 99 06 43 AE 47 71 42 F2 D2 7F 42
1787904140.283376,34680,0c3d,12,34 33 A3 42 00 00 91 42 93 18 BE 41
1787904140.294650,34680,0c3e,12,00 00 62 42 CD CC 04 42 A8 86 E1 42
1787904140.305083,34680,0c3f,12,66 E6 0E 43 7A 14 FE 41 4A 0C AF 41
1787904140.316147,34680,0c40,12,CD CC 9A 42 70 3D 8E 42 F8 53 E1 42
1787904140.327095,34680,0c41,12,9A 99 02 43 85 EB 01 42 AE 07 EB 42
1787904140.339891,34680,0c42,12,33 33 E4 42 0A D7 94 42 1B 2F 5C 42
1787904140.351377,34680,0c43,12,CD 4C 03 43 A4 70 55 42 B2 1D A7 42
1787904140.362415,34680,0c44,12,CC CC B3 42 1F 85 77 42 46 36 6D 42
1787904140.373635,34680,0c45,12,CD CC A4 42 00 00 1E 42 62 90 8E 42
1787904140.384119,34680,0c46,12,66 66 AB 42 1F 85 17 42 F4 7D A9 42
1787904140.394541,34680,0c47,12,33 33 FC 42 B8 1E 6F 42 CD CC 46 42
1787904140.404871,34680,0c48,12,9A 19 0A 43 1E 85 81 42 35 DE AB 42
1787904140.415126,34680,0c49,12,9A 99 EF 42 C2 F5 C4 41 58 39 B0 42
1787904140.425340,34680,0c4a,12,00 00 9F 42 14 AE 9B 42 FC A9 FC 41
1787904140.435994,34680,0c4b,12,9A 99 95 42 00 00 88 42 67 66 C6 42
1787904140.446235,34680,0c4c,12,CC CC D8 42 0A D7 C7 41 35 9E C4 42
1787904140.456623,34680,0c4d,12,CC 4C 14 43 A4 70 37 42 15 6E C3 42
1787904140.467035,34680,0c4e,12,66 E6 05 43 85 EB 1F 42 2B 47 E6 42
1787904140.477376,34680,0c4f,12,9A 99 D1 42 AE 47 3B 42 04 56 91 42
1787904140.487934,34680,0c50,12,9A 99 CC 42 86 EB 8C 42 C0 CA 8B 42
1787904140.499893,34680,0c51,12,33 33 49 42 7B 14 AA 41 E4 A5 69 42
1787904140.510599,34680,0c52,12,66 66 9C 42 33 33 BF 41 A6 9B C5 42
1787904140.522368,34680,0c53,12,CC CC 0E 43 AE 47 6B 42 81 95 8C 42
1787904140.532764,34680,0c54,12,9A 99 4D 42 34 33 95 42 9E EF B8 42
1787904140.543153,34680,0c55,12,00 00 5A 42 85 EB E9 41 31 C8 8C 42
1787904140.553402,34680,0c56,12,66 66 80 42 9A 99 4B 42 E6 50 3B 42
1787904140.563870,34680,0c57,12,66 66 D9 42 29 5C 97 42 76 FE C6 42
1787904140.574776,34680,0c58,12,34 B3 0A 43 29 5C DF 41 20 30 8C 42
1787904140.585258,34680,0c59,12,66 66 EA 42 5C 8F 40 42 F2 52 A6 42
1787904140.595803,34680,0c5a,12,66 E6 04 43 5C 8F F2 41 A2 45 67 42
1787904140.606290,34680,0c5b,12,9A 99 08 43 71 3D 42 42 9E 6F EA 42
1787904140.616773,34680,0c5c,12,9A 99 7D 42 85 EB 0D 42 87 96 0C 42
1787904140.627119,34680,0c5d,12,66 66 74 42 AE 47 A5 41 C8 F6 0E 42
1787904140.637784,34680,0c5e,12,00 00 4A 42 EC 51 89 42 35 9E C4 42
1787904140.648230,34680,0c5f,12,9A 99 A5 42 EC 51 98 42 71 3D 7E 42
1787904140.658465,34680,0c60,12,33 33 01 43 48 E1 9F 42 29 9C B1 42
1787904140.669111,34680,0c61,12,66 66 A8 42 7B 14 7C 42 67 A6 AD 42
1787904140.679880,34680,0c62,12,CD CC 0A 43 AE 47 41 42 9C C4 CA 41
1787904140.690687,34680,0c63,12,00 00 6E 42 33 33 73 42 50 0D 1A 42
1787904140.701208,34680,0c64,12,00 00 A0 42 29 5C 5D 42 6E 12 18 42
1787904140.714936,34680,0c65,12,9A 19 14 43 0A D7 DF 41 31 88 4D 42
1787904140.726040,34680,0c66,12,CD CC AE 42 9A 99 15 42 0C 42 85 42
1787904140.736629,34680,0c67,12,66 66 9A 42 5C 8F 22 42 62 10 05 42
1787904140.747071,34680,0c68,12,00 00 EB 42 0A D7 09 42 CA E1 82 42
1787904140.757619,34680,0c69,12,00 00 5C 42 C2 F5 9D 42 15 EE 91 42
1787904140.767924,34680,0c6a,12,CD 4C 11 43 33 33 13 42 1D 5A CC 41
1787904140.778294,34680,0c6b,12,34 33 AB 42 9A 99 CD 41 C9 F6 C9 42
1787904140.788852,34680,0c6c,12,CD CC F0 42 7B 14 22 42 1F 85 BA 42
1787904140.800080,34680,0c6d,12,9A 99 A3 42 B8 1E 2D 42 95 03 C5 42
1787904140.810524,34680,0c6e,12,66 66 86 42 3E 0A 47 42 D5 78 C0 41
1787904140.820842,34680,0c6f,12,66 66 CC 42 48 E1 2C 42 8D 97 B4 41
1787904140.831327,34680,0c70,12,33 33 06 43 14 AE 80 42 DF 4F BB 42
1787904140.841646,34680,0c71,12,CC CC F5 42 E1 7A 9A 42 37 49 96 42
1787904140.852159,34680,0c72,12,CC CC 01 43 15 AE 67 42 EA E6 80 42
1787904140.862742,34680,0c73,12,00 80 13 43 B8 1E A9 41 D1 E2 BD 42
1787904140.873214,34680,0c74,12,CD CC 9D 42 33 33 0D 42 99 99 B2 42
1787904140.883566,34680,0c75,12,CD CC AB 42 E2 7A 97 42 E8 FB C7 42
1787904140.894293,34680,0c76,12,66 E6 0E 43 A4 70 73 42 A2 45 67 42
1787904140.904951,34680,0c77,12,66 66 A6 42 00 00 0C 42 99 19 E4 42
1787904140.915523,34680,0c78,12,CD CC 50 42 48 E1 08 42 A4 70 07 42
1787904140.926647,34680,0c79,12,9A 99 9C 42 E1 7A AC 41 21 B0 02 42
1787904140.937220,34680,0c7a,12,9A 19 0A 43 F6 28 84 42 08 6C B0 42
1787904140.947757,34680,0c7b,12,66 66 8C 42 5C 8F E6 41 BC 34 9E 42
1787904140.960674,34680,0c7c,12,00 00 94 42 C2 F5 5A 42 E9 66 B2 42
1787904140.971413,34680,0c7d,12,66 66 6E 42 33 33 CB 41 F2 52 4E 42
1787904140.983089,34680,0c7e,12,66 66 CF 42 C3 F5 A0 41 5A E4 E4 42
1787904140.993977,34680,0c7f,12,66 66 A5 42 14 AE 2B 42 EB 51 CE 42
1787904141.004552,34680,0c80,12,66 66 A6 42 F6 28 4A 42 EA 26 10 42
1787904141.015021,34680,0c81,12,66 66 C7 42 AE 47 35 42 7F EA BA 42
1787904141.025474,34680,0c82,12,66 66 A8 42 3E 0A 29 42 A2 C5 35 42
1787904141.035708,34680,0c83,12,9A 99 97 42 9A 99 C1 41 5A 64 C8 41
1787904141.046521,34680,0c84,12,CD CC FD 42 5C 8F 28 42 2F DD D3 42
1787904141.057089,34680,0c85,12,CD CC F6 42 8F C2 4D 42 4C 37 9D 42
1787904141.067623,34680,0c86,12,00 80 11 43 D7 A3 7A 42 87 96 0C 42
1787904141.078611,34680,0c87,12,00 80 0F 43 AE 47 ED 41 8D 97 9F 42
1787904141.089446,34680,0c88,12,9A 99 80 42 F6 28 C0 41 77 BE 24 42
1787904141.100036,34680,0c89,12,33 33 A2 42 90 C2 8D 42 C3 F5 A3 41
1787904141.110891,34680,0c8a,12,34 33 04 43 CD CC 22 42 E8 FB 6F 42
1787904141.121753,34680,0c8b,12,33 33 B3 42 85 EB 86 42 D1 22 BA 41
1787904141.132887,34680,0c8c,12,00 00 F2 42 52 B8 8E 42 AC 9C 9D 42
1787904141.143478,34680,0c8d,12,9A 99 97 42 00 00 85 42 D3 0D C1 42
1787904141.154075,34680,0c8e,12,33 33 98 42 85 EB B9 41 1B AF E5 42
1787904141.164778,34680,0c8f,12,33 33 A6 42 E1 7A 9D 42 CF F7 B6 41
1787904141.175395,34680,0c90,12,CC 4C 08 43 48 E1 4A 42 08 2C 71 42
1787904141.186290,34680,0c91,12,33 33 94 42 F6 28 90 42 52 F8 8D 42
1787904141.197181,34680,0c92,12,9A 19 06 43 85 EB 67 42 E9 26 CB 42
1787904141.208355,34680,0c93,12,CD CC AB 42 AE 47 29 42 23 9B D9 42
1787904141.218961,34680,0c94,12,9A 99 9E 42 E1 7A 06 42 EB 51 CE 42
1787904141.229267,34680,0c95,12,33 33 97 42 14 AE 9E 42 71 3D D6 42
1787904141.239695,34680,0c96,12,00 00 4A 42 33 33 4F 42 9C C4 B5 42
1787904141.249989,34680,0c97,12,CD CC 99 42 AE 47 77 42 AC 5C B6 42
1787904141.260363,34680,0c98,12,00 00 0D 43 33 33 CB 41 A8 C6 0D 42
1787904141.276697,34680,0c99,12,00 00 8B 42 F6 28 81 42 FC 29 B6 42
1787904141.287301,34680,0c9a,12,9A 99 C6 42 5C 8F AA 41 11 18 BD 42
1787904141.298187,34680,0c9b,12,33 33 71 42 48 E1 90 42 04 96 DB 42
1787904141.308731,34680,0c9c,12,00 00 D0 42 00 00 5A 42 85 6B C4 42
1787904141.321964,34680,0c9d,12,67 66 FB 42 00 00 42 42 EE 3C EA 42
1787904141.335379,34680,0c9e,12,99 99 E9 42 F6 28 56 42 94 D8 C1 42
1787904141.348654,34680,0c9f,12,66 66 BF 42 14 AE 92 42 DD A4 2E 42
1787904141.359404,34680,0ca0,12,CD CC D7 42 66 66 A2 41 27 31 0C 42
1787904141.371707,34680,0ca1,12,66 66 A9 42 CD CC 28 42 50 0D 1A 42
1787904141.382414,34680,0ca2,12,66 66 E9 42 14 AE 9E 42 0E 6D 88 42
1787904141.392982,34680,0ca3,12,33 33 B4 42 9A 99 E5 41 7B 14 FB 41
1787904141.403569,34680,0ca4,12,33 33 0E 43 52 B8 72 42 D9 8E CA 42
1787904141.414648,34680,0ca5,12,00 00 72 42 5C 8F 40 42 98 2E C8 42
1787904141.425081,34680,0ca6,12,66 66 9F 42 1E 85 41 42 D9 CE 59 42
1787904141.436259,34680,0ca7,12,67 66 F1 42 EC 51 04 42 EF A7 7C 42
1787904141.447510,34680,0ca8,12,66 66 48 42 52 B8 91 42 04 16 AA 42
1787904141.458220,34680,0ca9,12,9A 99 10 43 EC 51 28 42 EC 11 84 42
1787904141.468919,34680,0caa,12,33 33 9E 42 CD CC 76 42 1C 5A B7 42
1787904141.481206,34680,0cab,12,CD CC 78 42 70 3D 5A 42 58 B9 E1 42
1787904141.491702,34680,0cac,12,33 33 F8 42 E1 7A 85 42 29 1C E3 42
1787904141.502137,34680,0cad,12,00 00 A9 42 47 E1 74 42 AC 5C B6 42
1787904141.512588,34680,0cae,12,9A 99 0E 43 3E 0A DB 41 B0 32 8B 42
1787904141.522817,34680,0caf,12,CD CC 88 42 B8 1E 88 42 9C C4 B5 42
1787904141.533098,34680,0cb0,12,33 33 0E 43 A4 70 55 42 92 6D 1C 42
1787904141.543420,34680,0cb1,12,66 66 C8 42 E1 7A 7E 42 DC 79 2B 42
1787904141.553961,34680,0cb2,12,33 33 C1 42 66 66 1A 42 8B 2C B5 42
1787904141.564392,34680,0cb3,12,00 80 0B 43 14 AE 3D 42 6B 7C E5 42
1787904141.580019,34680,0cb4,12,CC 4C 02 43 48 E1 84 42 58 39 C5 41
1787904141.590527,34680,0cb5,12,CD CC BD 42 48 E1 3E 42 CB 21 75 42
1787904141.601150,34680,0cb6,12,CD CC F2 42 8F C2 BD 41 23 DB 05 42
1787904141.612968,34680,0cb7,12,66 66 F8 42 0A D7 9D 42 0E 2D A1 42
1787904141.623438,34680,0cb8,12,9A 99 0A 43 52 B8 7E 42 5E BA CE 41
1787904141.633752,34680,0cb9,12,33 33 EE 42 1E 85 99 42 72 68 1E 42
1787904141.643947,34680,0cba,12,33 33 ED 42 71 3D 6C 42 BC 74 2D 42
1787904141.654216,34680,0cbb,12,66 66 C0 42 9A 99 94 42 46 36 C5 42
1787904141.664849,34680,0cbc,12,66 66 10 43 85 EB 9E 42 5E BA CE 41
1787904141.675724,34680,0cbd,12,9A 99 53 42 00 00 06 42 E0 8F A2 42
1787904141.686306,34680,0cbe,12,CD CC 5C 42 0A D7 9D 42 4E 62 B5 41
1787904141.697101,34680,0cbf,12,66 66 00 43 90 C2 ED 41 24 86 3A 42
1787904141.708088,34680,0cc0,12,33 B3 00 43 00 00 91 42 21 70 D6 42
1787904141.718709,34680,0cc1,12,33 33 03 43 B8 1E 15 42 5C CF 9D 42
1787904141.729050,34680,0cc2,12,66 E6 01 43 3D 0A 65 42 3F B5 BB 42
1787904141.739929,34680,0cc3,12,00 00 FB 42 3E 0A FF 41 1B AF E5 42
1787904141.750558,34680,0cc4,12,00 00 7C 42 29 5C 5D 42 71 3D 7E 42
1787904141.761207,34680,0cc5,12,66 66 E3 42 85 EB 79 42 E1 3A D7 42
1787904141.771511,34680,0cc6,12,CC CC 08 43 C2 F5 42 42 2F 9D 89 42
1787904141.782030,34680,0cc7,12,66 66 0B 43 7B 14 16 42 1C 9A 9E 42
1787904141.792332,34680,0cc8,12,66 66 EB 42 A4 70 9E 42 3F 75 D4 42
1787904141.802562,34680,0cc9,12,66 66 4C 42 3D 0A AB 41 50 8D 4B 42
1787904141.813509,34680,0cca,12,00 80 01 43 F6 28 A8 41 6B BC 74 42
1787904141.823900,34680,0ccb,12,9A 99 F2 42 0A D7 85 42 8A C1 72 42
1787904141.836772,34680,0ccc,12,33 33 55 42 67 66 62 42 3E 0A 2F 42
1787904141.847348,34680,0ccd,12,9A 19 0D 43 CD CC 95 42 D9 CE C6 41
1787904141.858027,34680,0cce,12,00 00 E5 42 15 AE 49 42 29 DC 40 42
1787904141.868592,34680,0ccf,12,66 66 48 42 EC 51 80 42 E4 25 38 42
1787904141.878947,34680,0cd0,12,33 33 E8 42 D7 A3 68 42 5D 8F B6 42
1787904141.894310,34680,0cd1,12,66 66 B3 42 C2 F5 8E 42 85 AB AB 42
1787904141.907261,34680,0cd2,12,00 80 11 43 A4 70 83 42 91 AD BE 42
1787904141.917783,34680,0cd3,12,9A 99 B0 42 AE 47 7D 42 6F 92 A1 42
1787904141.928413,34680,0cd4,12,9A 99 01 43 F6 28 D8 41 A6 DB AC 42
1787904141.938660,34680,0cd5,12,9A 99 D1 42 00 00 F4 41 36 5E F2 41
1787904141.949131,34680,0cd6,12,00 00 A3 42 D7 A3 62 42 3B DF 2B 42
1787904141.959611,34680,0cd7,12,9A 99 09 43 C3 F5 12 42 BA 09 9B 42
1787904141.970058,34680,0cd8,12,00 00 F8 42 66 66 F6 41 A6 9B 0A 42
1787904141.980940,34680,0cd9,12,CD CC EE 42 85 EB 79 42 81 15 66 42
1787904141.991448,34680,0cda,12,CD CC E9 42 3E 0A 93 42 AA F1 CB 42
1787904142.001750,34680,0cdb,12,66 66 8D 42 E1 7A 60 42 5C 8F CB 41
1787904142.012706,34680,0cdc,12,00 00 9B 42 00 00 18 42 AC DC 84 42
1787904142.023609,34680,0cdd,12,00 00 76 42 70 3D 66 42 A0 5A A3 42
1787904142.034073,34680,0cde,12,CC CC A1 42 9A 99 15 42 8D 57 B8 42
1787904142.044599,34680,0cdf,12,00 00 BB 42 29 5C 51 42 73 E8 4F 42
1787904142.055039,34680,0ce0,12,34 33 AA 42 F6 28 02 42 D7 23 25 42
1787904142.065382,34680,0ce1,12,9A 99 DC 42 0A D7 91 42 12 43 C0 42
1787904142.081432,34680,0ce2,12,66 66 5C 42 0A D7 C7 41 9C C4 CA 41
1787904142.091933,34680,0ce3,12,CD CC 85 42 71 3D B2 41 44 4B A9 42
1787904142.102872,34680,0ce4,12,33 33 8F 42 00 00 8B 42 C3 75 05 42
1787904142.113492,34680,0ce5,12,66 66 EA 42 F6 28 56 42 9E 6F 2F 42
1787904142.123860,34680,0ce6,12,9A 99 D1 42 14 AE 13 42 25 06 6C 42
1787904142.138884,34680,0ce7,12,66 E6 03 43 CD CC A4 41 B7 73 AD 42
1787904142.149938,34680,0ce8,12,66 66 FA 42 7A 14 58 42 40 F5 A2 42
1787904142.160343,34680,0ce9,12,CD 4C 0B 43 48 E1 EA 41 3A B4 F8 41
1787904142.171048,34680,0cea,12,66 66 5C 42 1E 85 8A 42 D2 62 8C 42
1787904142.181530,34680,0ceb,12,9A 99 A7 42 00 00 D0 41 E6 50 93 42
1787904142.198736,34680,0cec,12,33 33 E8 42 52 B8 18 42 BE DF D2 42
1787904142.209727,34680,0ced,12,CC 4C 07 43 1F 85 59 42 C6 CB 0B 42
1787904142.220306,34680,0cee,12,66 66 DA 42 F6 28 56 42 F2 D2 EC 41
1787904142.230697,34680,0cef,12,9A 99 67 42 1F 85 9C 42 44 8B A5 41
1787904142.241109,34680,0cf0,12,9A 99 E7 42 9A 99 33 42 15 AE AA 42
1787904142.251469,34680,0cf1,12,CD CC 80 42 3E 0A 7D 42 3B DF 2B 42
1787904142.265293,34680,0cf2,12,9A 99 8C 42 85 EB 31 42 D7 63 C7 42
1787904142.275848,34680,0cf3,12,67 66 E5 42 A4 70 07 42 98 EE 25 42
1787904142.286919,34680,0cf4,12,9A 99 9A 42 34 33 1F 42 12 03 D9 42
1787904142.297387,34680,0cf5,12,CD CC F1 42 14 AE 98 42 37 09 AF 42
1787904142.307747,34680,0cf6,12,66 E6 07 43 EC 51 98 42 F6 68 C5 42
1787904142.320156,34680,0cf7,12,33 33 5F 42 EB 51 64 42 0E 2D B6 41
1787904142.331679,34680,0cf8,12,9A 99 D4 42 F6 28 02 42 1F 85 CF 41
1787904142.342679,34680,0cf9,12,00 00 FA 42 D7 A3 14 42 DD 24 CD 41
1787904142.354228,34680,0cfa,12,CD CC BC 42 E2 7A 5A 42 21 B0 65 42
1787904142.365570,34680,0cfb,12,33 33 90 42 52 B8 9D 42 DB F9 B4 42
1787904142.376294,34680,0cfc,12,9A 99 ED 42 C2 F5 2A 42 A8 86 E1 42
1787904142.386732,34680,0cfd,12,00 00 A6 42 D7 A3 62 42 6C A7 E8 42
1787904142.397035,34680,0cfe,12,00 80 0F 43 CD CC 98 42 F6 28 23 42
1787904142.407692,34680,0cff,12,00 00 FF 42 F6 28 87 42 C5 20 A7 41
1787904142.417988,34680,0d00,12,66 66 D0 42 B9 1E 57 42 E6 50 3B 42
1787904142.428535,34680,0d01,12,9A 99 98 42 EC 51 BC 41 DC 79 2B 42
1787904142.439636,34680,0d02,12,9A 19 01 43 0A D7 EB 41 48 E1 3E 42
1787904142.450205,34680,0d03,12,33 B3 06 43 9A 99 4B 42 44 8B A5 41
1787904142.460731,34680,0d04,12,00 00 AF 42 D7 A3 26 42 06 41 AD 42
1787904142.502476,34680,0d05,12,33 33 90 42 EC 51 BC 41 0A D7 42 42
1787904142.513613,34680,0d06,12,9A 99 8F 42 C2 F5 78 42 6C A7 E8 42
1787904142.525278,34680,0d07,12,33 33 14 43 E1 7A F4 41 18 04 C6 41
1787904142.536220,34680,0d08,12,33 33 9C 42 0A D7 75 42 62 50 A7 42
1787904142.547824,34680,0d09,12,67 66 FC 42 66 66 F6 41 60 65 33 42
1787904142.558187,34680,0d0a,12,33 33 99 42 C3 F5 72 42 C5 60 DC 42
1787904142.568511,34680,0d0b,12,66 E6 00 43 85 EB 95 42 5C 0F 85 42
1787904142.579096,34680,0d0c,12,66 66 0D 43 52 B8 B2 41 99 99 5A 42
1787904142.590019,34680,0d0d,12,33 33 F8 42 F6 28 C0 41 83 C0 37 42
1787904142.600503,34680,0d0e,12,66 66 04 43 E1 7A 72 42 50 4D BC 42
1787904142.612219,34680,0d0f,12,9A 99 CB 42 99 99 7B 42 46 F6 DD 42
1787904142.622685,34680,0d10,12,33 33 E4 42 CD CC 52 42 27 B1 3D 42
1787904142.633180,34680,0d11,12,00 00 CA 42 29 5C 3F 42 C5 A0 6B 42
1787904142.643541,34680,0d12,12,CD CC 70 42 E1 7A 66 42 29 1C 80 42
1787904142.654291,34680,0d13,12,00 00 DB 42 0A D7 4B 42 71 3D D6 42
1787904142.675002,34680,0d14,12,00 00 A2 42 E1 7A 6C 42 95 03 C5 42
1787904142.685517,34680,0d15,12,9A 99 09 43 E1 7A 6C 42 E4 25 90 42
1787904142.696002,34680,0d16,12,9A 99 E0 42 A4 70 0D 42 1F 05 EC 42
1787904142.706388,34680,0d17,12,CD CC 85 42 14 AE 13 42 2B 87 75 42
1787904142.716875,34680,0d18,12,CC CC CB 42 85 EB 89 42 96 C3 22 42
1787904142.727184,34680,0d19,12,99 99 D2 42 CD CC F8 41 71 3D D6 42
1787904142.737604,34680,0d1a,12,66 66 DC 42 48 E1 0E 42 BC 74 FD 41
1787904142.747883,34680,0d1b,12,34 33 0A 43 34 33 19 42 83 C0 37 42
1787904142.758378,34680,0d1c,12,33 33 57 42 1F 85 5F 42 12 83 BC 41
1787904142.768739,34680,0d1d,12,66 66 E3 42 70 3D 78 42 E1 FA 8C 42
1787904142.779078,34680,0d1e,12,66 66 AB 42 5C 8F 04 42 74 53 92 42
1787904142.789796,34680,0d1f,12,CD CC 5A 42 A4 70 A1 41 B4 88 91 42
1787904142.800506,34680,0d20,12,9A 99 0B 43 AE 47 41 42 90 02 8A 42
1787904142.811024,34680,0d21,12,00 00 A8 42 5C 8F 22 42 D7 A3 AE 42
1787904142.822006,34680,0d22,12,00 00 8C 42 B8 1E 39 42 49 8C 73 42
1787904142.833380,34680,0d23,12,CC 4C 14 43 CD CC 46 42 9E EF 60 42
1787904142.845094,34680,0d24,12,9A 99 7D 42 7B 14 80 42 7F 6A 31 42
1787904142.855675,34680,0d25,12,33 33 79 42 9A 99 3F 42 68 91 71 42
1787904142.866382,34680,0d26,12,9A 19 0B 43 48 E1 4A 42 E1 3A D7 42
1787904142.877133,34680,0d27,12,33 33 07 43 48 E1 20 42 5D 8F 5E 42
1787904142.887794,34680,0d28,12,67 66 E2 42 00 00 A0 41 8E D7 86 42
1787904142.898168,34680,0d29,12,CC CC 13 43 AE 47 B1 41 BE 1F BA 42
1787904142.909127,34680,0d2a,12,9A 99 53 42 D7 A3 9F 42 6C A7 E8 42
1787904142.919637,34680,0d2b,12,9A 99 FD 42 1F 85 11 42 B0 72 1A 42
1787904142.929940,34680,0d2c,12,CD CC E7 42 3E 0A 8D 42 A6 9B DA 41
1787904142.941894,34680,0d2d,12,9A 99 08 43 66 66 F6 41 0A 57 CC 42
1787904142.952276,34680,0d2e,12,33 33 0F 43 00 00 82 42 3F 35 ED 42
1787904142.962672,34680,0d2f,12,66 66 0F 43 70 3D 12 42 56 8E DE 42
1787904142.973149,34680,0d30,12,33 33 51 42 7B 14 0A 42 48 21 E1 42
1787904142.983660,34680,0d31,12,9A 99 77 42 AE 47 87 42 7F 6A EC 42
1787904142.994011,34680,0d32,12,CD CC 8F 42 C2 F5 3C 42 48 E1 96 42
1787904143.004782,34680,0d33,12,00 00 D8 42 C2 F5 9A 42 AA 71 42 42
1787904143.016256,34680,0d34,12,9A 99 DA 42 66 66 02 42 58 39 C5 41
1787904143.026743,34680,0d35,12,00 00 F3 42 47 E1 74 42 10 D8 1A 42
1787904143.037296,34680,0d36,12,66 E6 0C 43 AE 47 D5 41 27 31 0C 42
1787904143.047735,34680,0d37,12,66 66 8F 42 5C 8F DA 41 18 04 59 42
1787904143.058148,34680,0d38,12,9A 99 5F 42 52 B8 5A 42 0A 97 B3 42
1787904143.068746,34680,0d39,12,CD CC C2 42 14 AE FB 41 D9 8E CA 42
1787904143.079406,34680,0d3a,12,66 66 10 43 3E 0A E7 41 79 69 B1 42
1787904143.089863,34680,0d3b,12,33 33 C8 42 D7 A3 08 42 B0 72 D5 42
1787904143.100326,34680,0d3c,12,9A 99 EC 42 E1 7A 3C 42 E3 A5 06 42
1787904143.110691,34680,0d3d,12,9A 99 75 42 14 AE D7 41 E0 8F A2 42
1787904143.121299,34680,0d3e,12,CD CC 87 42 CC CC 1C 42 E1 3A D7 42
1787904143.131842,34680,0d3f,12,00 80 10 43 52 B8 66 42 27 F1 DF 42
1787904143.142390,34680,0d40,12,33 33 03 43 7A 14 76 42 70 BD 4C 42
1787904143.153251,34680,0d41,12,CC CC DA 42 5C 8F 98 42 FE 94 A0 42
1787904143.163768,34680,0d42,12,66 66 F3 42 C2 F5 D0 41 06 41 AD 42
1787904143.174167,34680,0d43,12,00 00 0B 43 52 B8 3C 42 08 AC 3F 42
1787904143.184753,34680,0d44,12,00 00 7E 42 D7 A3 2C 42 EA 26 10 42
1787904143.195168,34680,0d45,12,00 00 74 42 8F C2 7D 42 46 B6 A8 41
1787904143.206040,34680,0d46,12,34 33 C4 42 1F 85 6B 42 00 00 33 42
1787904143.216913,34680,0d47,12,34 33 DC 42 33 33 89 42 7F 2A A2 42
1787904143.227687,34680,0d48,12,33 33 C8 42 00 00 88 42 A2 05 D8 42
1787904143.238225,34680,0d49,12,33 33 91 42 8F C2 11 42 F2 D2 1C 42
1787904143.248568,34680,0d4a,12,9A 99 9D 42 52 B8 BE 41 C2 75 C0 42
1787904143.259508,34680,0d4b,12,66 66 F5 42 52 B8 36 42 EE FC 47 42
1787904143.270333,34680,0d4c,12,CD CC B0 42 66 66 81 42 5E BA CE 41
1787904143.281018,34680,0d4d,12,33 B3 12 43 A4 70 83 42 00 00 8B 42
1787904143.291560,34680,0d4e,12,67 66 E4 42 29 5C 94 42 81 95 A1 41
1787904143.301909,34680,0d4f,12,66 66 70 42 EC 51 9B 42 7D 3F FE 41
1787904143.312485,34680,0d50,12,00 00 B7 42 E1 7A 72 42 48 E1 3E 42
1787904143.323777,34680,0d51,12,66 66 B5 42 5C 8F 22 42 24 86 3A 42
1787904143.334255,34680,0d52,12,00 00 C3 42 5C 8F C2 41 94 98 DA 42
1787904143.345186,34680,0d53,12,66 E6 15 43 5C 8F 76 42 1C 9A 9E 42
1787904143.355607,34680,0d54,12,9A 99 82 42 9A 99 91 42 8B EC CD 42
1787904143.365955,34680,0d55,12,33 33 51 42 9A 99 B5 41 02 AB 04 42
1787904143.376305,34680,0d56,12,9A 99 84 42 85 EB 61 42 CD 4C 78 42
1787904143.386996,34680,0d57,12,00 00 CE 42 70 3D 94 42 50 0D 7D 42
1787904143.397556,34680,0d58,12,00 00 0B 43 85 EB 79 42 64 7B AA 42
1787904143.408058,34680,0d59,12,00 00 64 42 E2 7A 91 42 60 65 8B 42
1787904143.422609,34680,0d5a,12,CD CC 66 42 3E 0A 84 42 92 ED BA 41
1787904143.433050,34680,0d5b,12,00 00 70 42 1F 85 DB 41 49 8C CB 42
1787904143.448588,34680,0d5c,12,9A 99 A5 42 3E 0A C3 41 B4 48 52 42
1787904143.459609,34680,0d5d,12,34 B3 05 43 CD CC 46 42 21 B0 BD 42
1787904143.470471,34680,0d5e,12,33 33 C5 42 0A D7 8E 42 E1 FA 8C 42
1787904143.481218,34680,0d5f,12,9A 99 CE 42 7B 14 8F 42 FA FE B2 42
1787904143.491566,34680,0d60,12,66 66 D5 42 48 E1 F6 41 FE D4 FF 41
1787904143.502065,34680,0d61,12,CD CC F2 42 EC 51 9B 42 C2 35 D9 42
1787904143.512726,34680,0d62,12,00 00 D5 42 D7 A3 D8 41 95 43 54 42
1787904143.523203,34680,0d63,12,00 00 06 43 85 EB 80 42 E5 D0 6C 42
1787904143.533740,34680,0d64,12,9A 99 51 42 AE 47 2F 42 75 D3 C3 42
1787904143.544469,34680,0d65,12,00 00 89 42 5C 8F 8C 42 31 48 BE 42
1787904143.554924,34680,0d66,12,CD CC 64 42 14 AE 01 42 7F 6A EC 42
1787904143.568296,34680,0d67,12,33 33 96 42 14 AE EF 41 5D 8F B6 42
1787904143.578657,34680,0d68,12,00 00 0E 43 C2 F5 78 42 9C C4 B5 42
1787904143.588967,34680,0d69,12,33 33 71 42 29 5C 03 42 85 6B 09 42
1787904143.608137,34680,0d6a,12,00 00 B3 42 EB 51 7C 42 D9 8E CA 42
1787904143.622545,34680,0d6b,12,33 B3 06 43 9A 99 85 42 37 C9 C7 42
1787904143.635234,34680,0d6c,12,00 00 12 43 29 5C 8E 42 56 8E DE 42
1787904143.645955,34680,0d6d,12,00 00 15 43 C3 F5 DC 41 95 43 AC 42
1787904143.659455,34680,0d6e,12,CC CC BA 42 A4 70 37 42 F2 92 8D 42
1787904143.669820,34680,0d6f,12,00 00 8C 42 0A D7 57 42 3F B5 63 42
1787904143.680156,34680,0d70,12,33 33 8D 42 85 EB 92 42 94 98 1F 42
1787904143.690760,34680,0d71,12,33 33 61 42 85 EB 31 42 C6 CB C6 42
1787904143.702066,34680,0d72,12,00 00 E4 42 5C 8F 22 42 D1 A2 1B 42
1787904143.712736,34680,0d73,12,00 00 C6 42 A4 70 67 42 9E EF 60 42
1787904143.723339,34680,0d74,12,00 00 C8 42 90 C2 ED 41 56 8E 23 42
1787904143.736011,34680,0d75,12,CD CC F0 42 C2 F5 4E 42 CD CC 9E 42
1787904143.746534,34680,0d76,12,00 00 9C 42 8F C2 4D 42 37 49 96 42
1787904143.757105,34680,0d77,12,66 66 8B 42 0A D7 6F 42 42 A0 D7 42
1787904143.767592,34680,0d78,12,CD 4C 12 43 0A D7 3F 42 58 F9 C8 42
1787904143.778042,34680,0d79,12,33 33 85 42 B9 1E 57 42 00 C0 A3 42
1787904143.788420,34680,0d7a,12,9A 99 C8 42 EC 51 95 42 0A 57 CC 42
1787904143.799014,34680,0d7b,12,66 66 74 42 90 C2 29 42 AC 9C 9D 42
1787904143.809353,34680,0d7c,12,00 00 FA 42 52 B8 42 42 1A 6F 9B 42
1787904143.819764,34680,0d7d,12,9A 99 67 42 AE 47 99 42 5A A4 9A 42
1787904143.830296,34680,0d7e,12,34 33 9D 42 00 00 E8 41 64 FB DB 42
1787904143.840780,34680,0d7f,12,00 80 11 43 D7 A3 08 42 18 84 27 42
1787904143.851236,34680,0d80,12,00 00 08 43 29 5C 09 42 15 EE 91 42
1787904143.861683,34680,0d81,12,00 00 8F 42 C2 F5 85 42 11 D8 D5 42
1787904143.873962,34680,0d82,12,33 33 FD 42 14 AE 9B 42 CD 0C E9 42
1787904143.887861,34680,0d83,12,33 33 EA 42 7B 14 9E 42 F6 28 23 42
1787904143.898537,34680,0d84,12,00 00 CE 42 14 AE 8F 42 D1 A2 1B 42
1787904143.910106,34680,0d85,12,CD CC BB 42 15 AE 79 42 4E 62 B5 41
1787904143.920737,34680,0d86,12,66 66 10 43 90 C2 65 42 7D BF B7 42
1787904143.931201,34680,0d87,12,00 00 9B 42 8F C2 BD 41 5E 3A EB 42
1787904143.947056,34680,0d88,12,00 00 84 42 48 E1 26 42 A2 85 A6 42
1787904143.957477,34680,0d89,12,66 66 AE 42 EC 51 D4 41 64 3B 6B 42
1787904143.967914,34680,0d8a,12,9A 99 0B 43 E1 7A A0 41 58 B9 26 42
1787904143.978188,34680,0d8b,12,CC CC A1 42 EC 51 58 42 C9 F6 C9 42
1787904143.988930,34680,0d8c,12,9A 99 4B 42 85 EB 61 42 98 6E C4 41
1787904143.999844,34680,0d8d,12,00 00 92 42 1F 85 0B 42 0C 82 14 42
1787904144.010683,34680,0d8e,12,CC CC CC 42 1F 85 2F 42 85 6B 09 42
1787904144.021538,34680,0d8f,12,CD CC A3 42 71 3D 24 42 3F 75 D4 42
1787904144.033459,34680,0d90,12,CC CC BA 42 48 E1 6E 42 91 6D D7 42
1787904144.043881,34680,0d91,12,66 66 6C 42 D7 A3 93 42 EE BC B8 42
1787904144.054497,34680,0d92,12,33 33 C2 42 3E 0A 2F 42 12 83 A7 42
1787904144.065406,34680,0d93,12,9A 99 7D 42 AE 47 41 42 96 43 C1 41
1787904144.076101,34680,0d94,12,9A 99 B2 42 90 C2 29 42 F2 D2 D7 42
1787904144.086911,34680,0d95,12,9A 99 F1 42 B8 1E 97 42 9E 6F EA 42
1787904144.097443,34680,0d96,12,00 80 0B 43 29 5C 03 42 C9 F6 71 42
1787904144.108633,34680,0d97,12,CC CC 01 43 48 E1 9C 42 DD E4 D0 42
1787904144.118985,34680,0d98,12,9A 99 00 43 CD CC A4 41 50 CD 8A 42
1787904144.130153,34680,0d99,12,66 66 D8 42 48 E1 A2 41 2F DD D3 42
1787904144.140754,34680,0d9a,12,9A 19 08 43 A4 70 6D 42 8D 97 47 42
1787904144.151442,34680,0d9b,12,CC CC A6 42 8F C2 77 42 6F 92 A1 42
1787904144.161992,34680,0d9c,12,66 66 9D 42 0A D7 09 42 7F AA D3 42
1787904144.172268,34680,0d9d,12,00 00 B8 42 3D 0A 65 42 F0 A7 E9 41
1787904144.182745,34680,0d9e,12,9A 19 04 43 8F C2 96 42 9E 6F EA 42
1787904144.193343,34680,0d9f,12,CD CC FE 42 8F C2 7D 42 CD CC 46 42
1787904144.203729,34680,0da0,12,00 00 00 43 E1 7A 3C 42 B8 9E B0 42
1787904144.215471,34680,0da1,12,CD CC BD 42 14 AE EF 41 50 4D BC 42
1787904144.225883,34680,0da2,12,00 00 F9 42 00 00 54 42 87 D6 AE 42
1787904144.236383,34680,0da3,12,66 E6 05 43 AE 47 23 42 04 D6 6A 42
1787904144.255722,34680,0da4,12,66 66 83 42 E1 7A 7E 42 A6 1B 3C 42
1787904144.266736,34680,0da5,12,9A 99 ED 42 71 3D BE 41 A4 70 D7 41
1787904144.277452,34680,0da6,12,33 B3 12 43 1F 85 AB 41 AE 47 17 42
1787904144.287913,34680,0da7,12,9A 99 C8 42 F6 28 D8 41 AC 1C E4 41
1787904144.298259,34680,0da8,12,66 66 BC 42 29 5C 88 42 1B 2F B4 42
1787904144.309950,34680,0da9,12,CD CC 8C 42 47 E1 74 42 81 D5 D6 42
1787904144.320703,34680,0daa,12,9A 99 CB 42 EC 51 BC 41 6F 92 49 42
1787904144.331935,34680,0dab,12,CD CC B1 42 9A 99 85 42 08 EC E1 42
1787904144.343373,34680,0dac,12,99 99 F7 42 F6 28 5C 42 C9 F6 C9 42
1787904144.353836,34680,0dad,12,00 80 0F 43 5C 8F 10 42 79 69 B1 42
1787904144.364143,34680,0dae,12,9A 99 A7 42 15 AE 5B 42 C5 A0 6B 42
1787904144.374498,34680,0daf,12,66 66 CC 42 AE 47 ED 41 D7 63 C7 42
1787904144.386867,34680,0db0,12,CD CC F6 42 C2 F5 94 42 4C 37 45 42
1787904144.397348,34680,0db1,12,33 33 96 42 E1 7A 18 42 29 5C 72 42
1787904144.407726,34680,0db2,12,CC CC D8 42 CC CC 8C 42 79 69 59 42
1787904144.418098,34680,0db3,12,00 00 93 42 86 EB F5 41 10 98 8B 42
1787904144.428383,34680,0db4,12,66 E6 09 43 66 66 8D 42 5D 8F B6 42
1787904144.438663,34680,0db5,12,00 00 DF 42 14 AE D7 41 D1 E2 BD 42
1787904144.453537,34680,0db6,12,9A 99 C9 42 52 B8 A6 41 23 1B A8 42
1787904144.464129,34680,0db7,12,00 00 B7 42 29 5C 2D 42 17 59 DF 42
1787904144.474469,34680,0db8,12,CC CC 07 43 85 EB 83 42 02 2B 8E 42
1787904144.486153,34680,0db9,12,9A 99 14 43 29 5C 9D 42 AC 1C E4 41
1787904144.496572,34680,0dba,12,33 33 EC 42 70 3D 8E 42 A8 C6 0D 42
1787904144.507099,34680,0dbb,12,34 33 E6 42 71 3D 60 42 6F 52 BA 42
1787904144.517682,34680,0dbc,12,00 00 AA 42 66 66 90 42 18 84 27 42
1787904144.528160,34680,0dbd,12,00 00 8E 42 9A 99 09 42 AA 31 B3 42
1787904144.538597,34680,0dbe,12,9A 99 BD 42 E1 7A 6C 42 E8 BB E0 42
1787904144.548983,34680,0dbf,12,33 33 91 42 E1 7A AC 41 A2 05 D8 42
1787904144.559330,34680,0dc0,12,66 66 B8 42 48 E1 7A 42 62 10 C0 42
1787904144.570039,34680,0dc1,12,00 00 D0 42 EC 51 8C 42 9C 84 CE 42
1787904144.581034,34680,0dc2,12,33 33 03 43 A4 70 13 42 18 84 27 42
1787904144.593323,34680,0dc3,12,33 33 75 42 7B 14 6A 42 DB F9 5C 42
1787904144.603698,34680,0dc4,12,66 66 C0 42 C2 F5 9D 42 3E 8A B8 42
1787904144.613966,34680,0dc5,12,99 99 F6 42 85 EB C5 41 9C 04 9D 42
1787904144.624346,34680,0dc6,12,CD CC 66 42 CC CC 4C 42 EA E6 80 42
1787904144.634628,34680,0dc7,12,99 99 F7 42 E1 7A 18 42 7D BF B7 42
1787904144.645123,34680,0dc8,12,33 33 63 42 5C 8F F2 41 29 5C DF 41
1787904144.655393,34680,0dc9,12,CD CC 8A 42 52 B8 85 42 A4 F0 38 42
1787904144.665776,34680,0dca,12,34 33 D0 42 29 5C 8E 42 D3 CD D9 42
1787904144.676230,34680,0dcb,12,9A 99 15 43 9A 99 E5 41 6B BC CC 42
1787904144.689475,34680,0dcc,12,33 33 E2 42 5C 8F 83 42 0C 42 85 42
1787904144.700215,34680,0dcd,12,00 00 72 42 D7 A3 84 42 5C CF 9D 42
1787904144.710554,34680,0dce,12,CD CC C4 42 B8 1E 91 42 4C B7 13 42
1787904144.720855,34680,0dcf,12,CD CC EE 42 1F 85 1D 42 50 0D D5 42
1787904144.731027,34680,0dd0,12,CD CC DD 42 F6 28 44 42 12 83 4F 42
1787904144.741541,34680,0dd1,12,00 00 14 43 48 E1 6E 42 DB F9 5C 42
1787904144.752004,34680,0dd2,12,66 66 B5 42 52 B8 7E 42 AC 9C 45 42
1787904144.763829,34680,0dd3,12,00 00 D6 42 E2 7A 4E 42 4E 62 48 42
1787904144.774918,34680,0dd4,12,33 B3 03 43 14 AE 3D 42 F8 D3 AF 42
1787904144.787626,34680,0dd5,12,CC 4C 13 43 52 B8 E2 41 1A 6F 9B 42
1787904144.803385,34680,0dd6,12,00 00 7C 42 3E 0A 53 42 7F 6A 31 42
1787904144.816043,34680,0dd7,12,33 B3 0F 43 48 E1 3E 42 3B DF 2B 42
1787904144.827163,34680,0dd8,12,9A 99 96 42 52 B8 D6 41 2C 07 44 42
1787904144.840589,34680,0dd9,12,CD CC A2 42 86 EB 43 42 14 2E 21 42
1787904144.851772,34680,0dda,12,CD CC 02 43 90 C2 3B 42 87 96 0C 42
1787904144.863087,34680,0ddb,12,66 66 56 42 85 EB 37 42 50 8D 4B 42
1787904144.874274,34680,0ddc,12,66 E6 00 43 EC 51 86 42 27 31 DC 41
1787904144.884640,34680,0ddd,12,9A 99 AB 42 9A 99 C1 41 77 BE 24 42
1787904144.894930,34680,0dde,12,33 33 49 42 D7 A3 3E 42 99 19 E4 42
1787904144.905708,34680,0ddf,12,CD CC BD 42 F6 28 81 42 BC 74 FD 41
1787904144.916027,34680,0de0,12,33 33 A6 42 71 3D 24 42 73 A8 C0 42
1787904144.926536,34680,0de1,12,CD CC D6 42 B8 1E 94 42 AA B1 E4 42
1787904144.937156,34680,0de2,12,CC CC C0 42 A3 70 79 42 2C 07 44 42
1787904144.947603,34680,0de3,12,33 33 02 43 A4 70 49 42 8F 02 ED 42
1787904144.957974,34680,0de4,12,CD CC FE 42 E1 7A 94 42 83 40 C1 42
1787904144.968472,34680,0de5,12,9A 99 51 42 E1 7A 6C 42 9C 44 84 42
1787904144.978882,34680,0de6,12,33 33 A7 42 00 00 9A 42 1B EF CC 42
1787904144.989326,34680,0de7,12,67 66 FD 42 CD CC F8 41 70 FD 8B 42
1787904144.999821,34680,0de8,12,CC CC C0 42 3E 0A 87 42 FC A9 84 42
1787904145.010269,34680,0de9,12,34 B3 10 43 B8 1E FD 41 FA 7E 29 42
1787904145.022015,34680,0dea,12,33 33 73 42 14 AE EF 41 91 ED 4D 42
1787904145.057738,34680,0deb,12,99 99 F7 42 8F C2 6B 42 A2 45 D4 41
1787904145.097661,34680,0dec,12,33 33 9B 42 5C 8F 10 42 1C 9A 9E 42
1787904145.108541,34680,0ded,12,CD CC A8 42 14 AE FB 41 D3 4D BD 41
1787904145.119020,34680,0dee,12,9A 99 8C 42 3E 0A 9F 42 F4 BD 90 42
1787904145.129447,34680,0def,12,66 66 4A 42 34 33 86 42 04 56 39 42
1787904145.139756,34680,0df0,12,00 00 58 42 52 B8 A6 41 D9 CE B1 42
1787904145.150099,34680,0df1,12,33 33 BA 42 D7 A3 E4 41 E4 65 DA 42
1787904145.160601,34680,0df2,12,00 00 C2 42 0A D7 BB 41 A8 46 3F 42
1787904145.174666,34680,0df3,12,CD CC 78 42 29 5C A3 41 AC 9C 45 42
1787904145.189579,34680,0df4,12,00 00 8B 42 70 3D 48 42 DB B9 CD 42
1787904145.199938,34680,0df5,12,00 00 D4 42 00 00 82 42 00 80 01 42
1787904145.211750,34680,0df6,12,CD CC E1 42 5C 8F E6 41 72 68 1E 42
1787904145.222768,34680,0df7,12,00 80 09 43 5C 8F 86 42 2B 87 CD 42
1787904145.233032,34680,0df8,12,9A 99 AC 42 48 E1 50 42 DD A4 86 42
1787904145.259004,34680,0df9,12,9A 99 8F 42 0A D7 21 42 AA 71 9A 42
1787904145.269465,34680,0dfa,12,9A 99 D6 42 7A 14 86 42 0C 02 B3 41
1787904145.279748,34680,0dfb,12,66 E6 13 43 E1 7A DC 41 E6 50 93 42
1787904145.290133,34680,0dfc,12,66 66 FA 42 E1 7A DC 41 5A A4 9A 42
1787904145.300427,34680,0dfd,12,9A 99 A4 42 C2 F5 78 42 AE 07 EB 42
1787904145.310953,34680,0dfe,12,CD CC C1 42 00 00 78 42 CF F7 A1 42
1787904145.322093,34680,0dff,12,33 33 F9 42 CD CC 95 42 DF CF 89 42
1787904145.333802,34680,0e00,12,33 33 EC 42 B8 1E B5 41 C6 CB 6E 42
1787904145.344581,34680,0e01,12,33 33 73 42 70 3D 3C 42 27 B1 3D 42
1787904145.357301,34680,0e02,12,00 00 EF 42 00 00 D0 41 35 DE AB 42
1787904145.367736,34680,0e03,12,33 33 73 42 52 B8 D6 41 C1 CA A0 41
1787904145.378191,34680,0e04,12,9A 99 5F 42 5C 8F FE 41 48 A1 AF 42
1787904145.388532,34680,0e05,12,9A 99 7B 42 A4 70 8F 42 95 43 AC 42
1787904155.426812,34680,0e07,12,66 66 B7 42 90 C2 84 42 35 DE AB 42
1787904155.436013,34680,0e08,12,9A 99 93 42 C2 F5 5A 42 75 D3 C3 42
1787904155.446482,34680,0e09,12,CC CC C0 42 90 C2 99 42 52 38 1D 42
1787904155.457065,34680,0e0a,12,9A 99 A0 42 48 E1 D2 41 A8 46 97 42
1787904155.467742,34680,0e0b,12,66 66 4C 42 C2 F5 82 42 CC 0C 86 42
1787904155.478418,34680,0e0c,12,66 66 03 43 70 3D E2 41 52 B8 A6 42
1787904155.489279,34680,0e0d,12,66 66 98 42 85 EB 6D 42 AA 31 B3 42
1787904155.500289,34680,0e0e,12,9A 99 4F 42 3D 0A 99 42 F2 D2 D7 42
1787904155.511243,34680,0e0f,12,9A 99 12 43 29 5C C7 41 E8 FB 0C 42
1787904155.521986,34680,0e10,12,CC CC B8 42 33 33 13 42 5C 8F CB 41
1787904155.532607,34680,0e11,12,66 E6 0E 43 8F C2 6B 42 F6 28 23 42
1787904155.543100,34680,0e12,12,33 33 98 42 71 3D B2 41 81 55 A5 42
1787904155.553637,34680,0e13,12,00 00 81 42 14 AE 86 42 A0 9A ED 42
1787904155.564084,34680,0e14,12,66 66 52 42 E1 7A 36 42 96 43 C1 41
1787904155.580800,34680,0e15,12,CD CC 11 43 5C 8F 76 42 48 61 70 42
1787904155.591456,34680,0e16,12,66 66 C3 42 3E 0A 71 42 A0 1A 64 42
1787904155.602612,34680,0e17,12,9A 99 C6 42 14 AE 7F 42 3E 0A EA 42
1787904155.613016,34680,0e18,12,66 66 B4 42 D7 A3 9C 42 5A E4 29 42
1787904155.625040,34680,0e19,12,00 00 EE 42 7B 14 89 42 04 D6 C2 42
1787904155.635820,34680,0e1a,12,00 00 DB 42 3E 0A C3 41 D3 4D BD 41
1787904155.648416,34680,0e1b,12,66 66 AC 42 00 00 A0 41 1A 6F 9B 42
1787904155.659904,34680,0e1c,12,66 66 09 43 C2 F5 60 42 BA 49 82 42
1787904155.671068,34680,0e1d,12,66 66 01 43 52 B8 7E 42 06 41 AD 42
1787904155.681632,34680,0e1e,12,00 00 E2 42 7B 14 0A 42 7D 3F 2E 42
1787904155.692016,34680,0e1f,12,33 33 65 42 A4 70 2B 42 0A D7 42 42
1787904155.703145,34680,0e20,12,00 00 8F 42 00 00 9A 42 20 F0 A4 42
1787904155.714155,34680,0e21,12,66 E6 06 43 90 C2 8A 42 85 6B C4 42
1787904155.724743,34680,0e22,12,34 33 DD 42 F6 28 26 42 E1 FA 34 42
1787904155.735309,34680,0e23,12,00 00 92 42 1E 85 8A 42 62 D0 D8 42
1787904155.747104,34680,0e24,12,00 80 05 43 B8 1E 5D 42 AE 87 B9 42
1787904155.757936,34680,0e25,12,00 00 F7 42 5C 8F 76 42 9C 44 84 42
1787904155.768429,34680,0e26,12,9A 99 9A 42 D7 A3 20 42 42 A0 D7 42
1787904155.780023,34680,0e27,12,00 00 50 42 5C 8F 46 42 8A 41 99 42
1787904155.790984,34680,0e28,12,33 33 D1 42 1F 85 77 42 DF 4F D0 41
1787904155.801486,34680,0e29,12,00 80 10 43 0A D7 21 42 CA A1 43 42
1787904155.811920,34680,0e2a,12,00 00 6C 42 33 33 CB 41 70 BD 4C 42
1787904155.822532,34680,0e2b,12,CD CC C9 42 00 00 C4 41 EF E7 BB 42
1787904155.833565,34680,0e2c,12,9A 99 5F 42 D7 A3 F0 41 A8 C6 70 42
1787904155.844182,34680,0e2d,12,00 00 C8 42 66 66 68 42 54 A3 C2 42
1787904155.855158,34680,0e2e,12,66 66 11 43 00 00 66 42 AA F1 CB 42
1787904155.865826,34680,0e2f,12,00 00 C5 42 29 5C 75 42 E8 7B 96 42
1787904155.876485,34680,0e30,12,33 33 4F 42 3E 0A 2F 42 6C 27 B7 42
1787904155.887188,34680,0e31,12,9A 99 15 43 14 AE 95 42 C1 4A 65 42
1787904155.897871,34680,0e32,12,00 00 84 42 0A D7 63 42 62 50 A7 42
1787904155.908556,34680,0e33,12,66 66 F5 42 5C 8F 9E 42 58 39 58 42
1787904155.919188,34680,0e34,12,CC CC AC 42 AE 47 F9 41 B6 B3 94 42
1787904155.929725,34680,0e35,12,33 B3 08 43 AE 47 71 42 6C 67 46 42
1787904155.940664,34680,0e36,12,66 66 92 42 A4 70 E9 41 77 BE F4 41
1787904155.951160,34680,0e37,12,9A 99 C6 42 D7 A3 F0 41 37 89 E0 42
1787904155.962203,34680,0e38,12,9A 99 10 43 A4 70 95 42 68 51 E2 42
1787904155.972906,34680,0e39,12,67 66 E5 42 C2 F5 9A 42 B8 1E 27 42
1787904155.983437,34680,0e3a,12,CD CC 78 42 D7 A3 8D 42 B2 9D D8 42
1787904155.994087,34680,0e3b,12,9A 99 6F 42 0A D7 F7 41 2F 1D BB 42
1787904156.007911,34680,0e3c,12,33 33 93 42 B8 1E 94 42 7D BF 5F 42
1787904156.019715,34680,0e3d,12,00 00 B6 42 71 3D B2 41 5C 8F CB 41
1787904156.030216,34680,0e3e,12,66 66 D3 42 00 00 9D 42 DF 4F 00 42
1787904156.040813,34680,0e3f,12,00 00 91 42 1F 85 9C 42 EB 11 E7 42
1787904156.051387,34680,0e40,12,9A 99 5F 42 E1 7A 54 42 6B 7C E5 42
1787904156.062606,34680,0e41,12,9A 99 6D 42 33 33 25 42 EE FC 47 42
1787904156.073357,34680,0e42,12,00 00 E4 42 CD CC F8 41 C6 0B AE 42
1787904156.100502,34680,0e43,12,67 66 FB 42 90 C2 17 42 9A D9 99 42
1787904156.110853,34680,0e44,12,CD CC 56 42 C2 F5 E8 41 0C 02 9E 42
1787904156.121405,34680,0e45,12,33 33 EE 42 CD CC 76 42 1F C5 A1 42
1787904156.132350,34680,0e46,12,CD 4C 10 43 70 3D 78 42 87 96 C7 42
1787904156.143022,34680,0e47,12,66 66 8D 42 3E 0A 11 42 76 BE DF 42
1787904156.153705,34680,0e48,12,9A 99 80 42 52 B8 FA 41 D2 22 A5 42
1787904156.164528,34680,0e49,12,9A 99 E0 42 33 33 55 42 68 91 C9 42
1787904156.175243,34680,0e4a,12,66 66 B7 42 5C 8F 9E 42 0E 2D 49 42
1787904156.186210,34680,0e4b,12,66 E6 02 43 D7 A3 96 42 42 E0 66 42
1787904156.196773,34680,0e4c,12,66 66 0D 43 14 AE 8C 42 83 40 69 42
1787904156.207366,34680,0e4d,12,00 00 F0 42 00 00 DC 41 18 04 59 42
1787904156.220672,34680,0e4e,12,00 00 BB 42 66 66 26 42 27 31 0C 42
1787904156.231408,34680,0e4f,12,66 66 78 42 90 C2 53 42 E8 FB 0C 42
1787904156.241923,34680,0e50,12,33 33 63 42 9A 99 8E 42 6E 12 18 42
1787904156.252376,34680,0e51,12,66 66 00 43 85 EB 19 42 46 B6 A8 41
1787904156.262953,34680,0e52,12,CC CC CB 42 14 AE 2B 42 5A 64 C8 41
1787904156.273472,34680,0e53,12,CD CC F7 42 7B 14 46 42 21 B0 D2 41
1787904156.284892,34680,0e54,12,33 33 15 43 A4 70 C5 41 EB D1 44 42
1787904156.295305,34680,0e55,12,34 B3 0A 43 AE 47 B1 41 A8 C6 0D 42
1787904156.306236,34680,0e56,12,00 80 14 43 EC 51 34 42 23 DB 68 42
1787904156.316844,34680,0e57,12,66 66 B9 42 A4 70 49 42 36 5E F2 41
1787904156.327388,34680,0e58,12,66 66 06 43 CC CC 83 42 F2 D2 1C 42
1787904156.338342,34680,0e59,12,66 66 6C 42 70 3D 5A 42 58 39 B0 42
1787904156.349692,34680,0e5a,12,34 33 11 43 29 5C 97 42 96 83 93 42
1787904156.360817,34680,0e5b,12,34 33 E6 42 00 00 D0 41 6C E7 CF 42
1787904156.373140,34680,0e5c,12,00 00 E4 42 29 5C 4B 42 83 40 69 42
1787904156.388496,34680,0e5d,12,33 33 FA 42 D7 A3 8A 42 5E BA B9 42
1787904156.399448,34680,0e5e,12,9A 99 09 43 86 EB 49 42 75 13 AB 42
1787904156.410115,34680,0e5f,12,9A 99 FB 42 AE 47 BD 41 E5 D0 D9 41
1787904156.421109,34680,0e60,12,00 00 58 42 00 00 8E 42 EB 91 B5 42
1787904156.431726,34680,0e61,12,00 00 78 42 EC 51 A4 41 A2 45 67 42
1787904156.442189,34680,0e62,12,00 00 78 42 A4 70 2B 42 C6 4B 3D 42
1787904156.452815,34680,0e63,12,66 66 80 42 0A D7 8B 42 99 19 E4 42
1787904156.463324,34680,0e64,12,00 00 91 42 EC 51 46 42 EF 67 ED 42
1787904156.473937,34680,0e65,12,00 00 0B 43 9A 99 57 42 9E EF 60 42
1787904156.484461,34680,0e66,12,CD CC F6 42 7A 14 10 42 04 96 DB 42
1787904156.495014,34680,0e67,12,CC CC C0 42 52 B8 91 42 BC 74 E8 42
1787904156.505652,34680,0e68,12,CD CC FF 42 34 33 9E 42 5A E4 81 42
1787904156.516248,34680,0e69,12,00 00 D3 42 B8 1E 8B 42 CB 61 B4 42
1787904156.527156,34680,0e6a,12,9A 99 49 42 AE 47 35 42 64 3B 6B 42
1787904156.539924,34680,0e6b,12,99 99 EA 42 66 66 9F 42 F6 A8 AC 42
1787904156.550573,34680,0e6c,12,9A 99 B7 42 A4 70 6D 42 42 60 8D 42
1787904156.561406,34680,0e6d,12,33 33 69 42 00 00 36 42 2D F2 B7 42
1787904156.572031,34680,0e6e,12,CD CC A8 42 48 E1 C6 41 0E 2D 49 42
1787904156.582945,34680,0e6f,12,CD CC 64 42 15 AE 49 42 33 73 C1 42
1787904156.593391,34680,0e70,12,34 33 B6 42 0A D7 DF 41 66 E6 3C 42
1787904156.603816,34680,0e71,12,66 66 96 42 AE 47 BD 41 C3 75 05 42
1787904156.614988,34680,0e72,12,33 33 10 43 33 33 07 42 F8 53 E1 42
1787904156.625790,34680,0e73,12,66 66 CE 42 67 66 62 42 64 FB DB 42
1787904156.636345,34680,0e74,12,00 80 0C 43 3E 0A 11 42 0A 17 82 42
1787904156.653116,34680,0e75,12,CC CC AD 42 9A 99 A9 41 D3 8D 8F 42
1787904156.663993,34680,0e76,12,CD CC E6 42 7B 14 4C 42 94 D8 C1 42
1787904156.674793,34680,0e77,12,00 00 8A 42 00 00 9A 42 6F 12 D3 42
1787904156.685498,34680,0e78,12,33 33 E8 42 AE 47 53 42 EA A6 99 42
1787904156.695999,34680,0e79,12,66 66 D0 42 B8 1E 8E 42 54 A3 C2 42
1787904156.707850,34680,0e7a,12,00 00 A2 42 7B 14 04 42 31 08 EC 41
1787904156.718494,34680,0e7b,12,66 66 02 43 70 3D E2 41 EA 26 10 42
1787904156.730209,34680,0e7c,12,33 B3 15 43 3E 0A 6B 42 2F DD 18 42
1787904156.740889,34680,0e7d,12,CD CC 8F 42 D7 A3 38 42 48 E1 AB 41
1787904156.751623,34680,0e7e,12,34 33 FF 42 34 33 8F 42 95 03 C5 42
1787904156.762150,34680,0e7f,12,66 E6 0D 43 66 66 BA 41 BE 5F A1 42
1787904156.777166,34680,0e80,12,33 33 FD 42 29 5C 45 42 F6 28 DE 42
1787904156.787832,34680,0e81,12,66 66 CF 42 66 66 20 42 3F B5 63 42
1787904156.798347,34680,0e82,12,33 33 D3 42 52 B8 18 42 F8 D3 AF 42
1787904156.808917,34680,0e83,12,9A 19 0E 43 5C 8F 16 42 3E 8A 60 42
1787904156.819541,34680,0e84,12,9A 99 6F 42 3E 0A 35 42 E5 D0 C4 42
1787904156.830897,34680,0e85,12,33 33 C6 42 1F 85 2F 42 BE 9F 88 42
1787904156.841573,34680,0e86,12,33 33 DF 42 E1 7A 66 42 DD A4 2E 42
1787904156.852802,34680,0e87,12,CD CC F1 42 AE 47 5F 42 F2 52 4E 42
1787904156.863814,34680,0e88,12,33 33 15 43 EC 51 E0 41 29 9C B1 42
1787904156.874495,34680,0e89,12,33 33 97 42 52 B8 72 42 D7 23 E0 42
1787904156.885114,34680,0e8a,12,66 66 AE 42 B8 1E CD 41 A8 46 97 42
1787904156.895597,34680,0e8b,12,66 66 04 43 5C 8F 58 42 36 1E 93 42
1787904156.906114,34680,0e8c,12,33 33 B2 42 14 AE 92 42 27 31 C7 42
1787904156.916785,34680,0e8d,12,CD CC A2 42 70 3D 66 42 C9 F6 C9 42
1787904156.927621,34680,0e8e,12,34 33 C4 42 90 C2 93 42 95 C3 DD 42
1787904156.939028,34680,0e8f,12,CD CC D4 42 EC 51 A4 41 B4 88 91 42
1787904156.949743,34680,0e90,12,CC CC B9 42 70 3D 3C 42 62 D0 D8 42
1787904156.960228,34680,0e91,12,00 00 DD 42 7B 14 AA 41 AE 47 7A 42
1787904156.970912,34680,0e92,12,34 33 AA 42 E2 7A 12 42 1F 05 EC 42
1787904157.004569,34680,0e93,12,CC CC F4 42 A4 70 DD 41 3A B4 28 42
1787904157.015121,34680,0e94,12,9A 99 8D 42 EC 51 BC 41 99 59 CB 42
1787904157.025786,34680,0e95,12,9A 99 BD 42 B8 1E 15 42 BE 9F EB 42
1787904157.036300,34680,0e96,12,34 B3 04 43 71 3D 42 42 70 3D EB 41
1787904157.046841,34680,0e97,12,9A 99 98 42 70 3D 78 42 6B BC CC 42
1787904157.057404,34680,0e98,12,33 33 0E 43 1F 85 0B 42 11 18 BD 42
1787904157.067757,34680,0e99,12,00 00 91 42 48 E1 8A 42 29 DC 40 42
1787904157.078384,34680,0e9a,12,34 33 0B 43 EC 51 95 42 74 53 92 42
1787904157.088885,34680,0e9b,12,9A 99 87 42 14 AE 8F 42 58 B9 26 42
1787904157.099849,34680,0e9c,12,CD CC EA 42 1F 85 B7 41 62 10 05 42
1787904157.110651,34680,0e9d,12,66 66 F3 42 48 E1 D2 41 D3 4D A8 42
1787904157.121383,34680,0e9e,12,00 00 99 42 F6 28 8D 42 8F 42 D4 42
1787904157.131822,34680,0e9f,12,66 66 BA 42 1F 85 93 42 9A 19 81 42
1787904157.142383,34680,0ea0,12,33 33 E4 42 C2 F5 60 42 7F 2A A2 42
1787904157.153634,34680,0ea1,12,34 33 A3 42 0A D7 0F 42 1F 45 D3 42
1787904157.164207,34680,0ea2,12,66 66 03 43 9A 99 21 42 AE 47 E7 41
1787904157.174948,34680,0ea3,12,9A 99 BD 42 67 66 6E 42 D5 78 53 42
1787904157.205699,34680,0ea4,12,CD CC AA 42 9A 99 3F 42 77 BE F4 41
1787904157.237289,34680,0ea5,12,CD CC FF 42 71 3D 8B 42 5C 0F 85 42
1787904157.249780,34680,0ea6,12,66 E6 0C 43 B8 1E 33 42 F4 7D 51 42
1787904157.261364,34680,0ea7,12,CD CC 80 42 D7 A3 81 42 A8 C6 C8 42
1787904157.276299,34680,0ea8,12,9A 99 93 42 CC CC 4C 42 6C 67 46 42
1787904157.288114,34680,0ea9,12,9A 99 D3 42 1F 85 FF 41 64 BB 91 42
1787904157.301609,34680,0eaa,12,00 80 12 43 A4 70 86 42 4C 37 45 42
1787904157.312296,34680,0eab,12,66 66 F9 42 CD CC F8 41 87 D6 AE 42
1787904157.323231,34680,0eac,12,66 66 8B 42 F6 28 62 42 12 83 A7 42
1787904157.333949,34680,0ead,12,CD CC FB 42 AE 47 5F 42 DD A4 86 42
1787904157.344925,34680,0eae,12,00 00 58 42 34 33 37 42 C5 60 DC 42
1787904157.356718,34680,0eaf,12,CD CC 04 43 70 3D 48 42 3A B4 28 42
1787904157.367328,34680,0eb0,12,00 00 9C 42 29 5C 51 42 20 30 34 42
1787904157.378509,34680,0eb1,12,66 E6 05 43 7B 14 52 42 87 96 C7 42
1787904157.389273,34680,0eb2,12,00 00 E9 42 00 00 8E 42 35 9E C4 42
1787904157.399796,34680,0eb3,12,9A 99 89 42 33 33 9B 42 B4 48 52 42
1787904157.410346,34680,0eb4,12,00 00 C2 42 33 33 D7 41 08 2C C9 42
1787904157.420934,34680,0eb5,12,66 66 6A 42 29 5C 03 42 E1 7A 66 42
1787904157.431429,34680,0eb6,12,33 33 5F 42 9A 99 2D 42 E8 7B 3E 42
1787904157.442231,34680,0eb7,12,99 99 EB 42 A4 70 8F 42 CB 61 B4 42
1787904157.453072,34680,0eb8,12,CD CC 68 42 52 B8 06 42 83 40 C1 42
1787904157.463772,34680,0eb9,12,CC CC BA 42 5C 8F 9B 42 D1 A2 D6 42
1787904157.480857,34680,0eba,12,CD CC 12 43 90 C2 9C 42 33 B3 50 42
1787904157.491827,34680,0ebb,12,9A 99 53 42 70 3D 1E 42 EC 11 84 42
1787904157.502755,34680,0ebc,12,33 33 69 42 00 00 06 42 69 91 DE 41
1787904157.513714,34680,0ebd,12,9A 99 99 42 66 66 7A 42 DD A4 E9 42
1787904157.524294,34680,0ebe,12,33 33 EB 42 C3 F5 72 42 A8 06 B0 42
1787904157.535416,34680,0ebf,12,CD CC AB 42 F6 28 D8 41 6A 3C 9B 42
1787904157.546077,34680,0ec0,12,33 33 C5 42 B8 1E 1B 42 FA FE B2 42
1787904157.556504,34680,0ec1,12,CC CC CB 42 B8 1E 9A 42 72 68 EE 41
1787904157.567070,34680,0ec2,12,00 80 0C 43 29 5C 94 42 E6 50 3B 42
1787904157.577753,34680,0ec3,12,66 66 6A 42 52 B8 D6 41 D4 B8 92 42
1787904157.589731,34680,0ec4,12,33 33 DF 42 EB 51 52 42 A4 70 D7 41
1787904157.603971,34680,0ec5,12,9A 99 EE 42 8F C2 0B 42 D5 F8 DC 42
1787904157.614703,34680,0ec6,12,9A 99 59 42 70 3D 2A 42 FC A9 2C 42
1787904157.625375,34680,0ec7,12,9A 99 0F 43 29 5C A3 41 31 88 A5 42
1787904157.635915,34680,0ec8,12,00 00 DE 42 7B 14 C2 41 A2 45 04 42
1787904157.646757,34680,0ec9,12,33 33 97 42 F6 28 08 42 2F 9D EC 42
1787904157.657230,34680,0eca,12,9A 99 AD 42 D7 A3 93 42 23 DB C0 42
1787904157.667673,34680,0ecb,12,9A 99 71 42 AE 47 4D 42 AC 9C 45 42
1787904157.678653,34680,0ecc,12,33 B3 14 43 90 C2 17 42 66 E6 3C 42
1787904157.690191,34680,0ecd,12,9A 99 D4 42 AE 47 8A 42 F0 27 A3 42
1787904157.701504,34680,0ece,12,66 66 5A 42 3E 0A 7D 42 C6 8B DF 42
1787904157.711985,34680,0ecf,12,CC CC B3 42 0A D7 F7 41 6A 7C 82 42
1787904157.723390,34680,0ed0,12,66 66 D0 42 E1 7A 24 42 5C 0F 85 42
1787904157.734018,34680,0ed1,12,9A 99 8B 42 E2 7A 88 42 B2 9D D8 42
1787904157.744639,34680,0ed2,12,CD CC 68 42 85 EB E9 41 10 58 A4 42
1787904157.755224,34680,0ed3,12,00 00 9A 42 66 66 08 42 50 0D 7D 42
1787904157.765975,34680,0ed4,12,CC 4C 01 43 70 3D 18 42 2D B2 D0 42
1787904157.776468,34680,0ed5,12,CD CC 56 42 1F 85 DB 41 AC 1C 14 42
1787904157.789090,34680,0ed6,12,00 00 4A 42 F5 28 6E 42 4C 37 9D 42
1787904157.799687,34680,0ed7,12,33 33 65 42 1F 85 B7 41 36 1E 93 42
1787904157.810355,34680,0ed8,12,66 66 0D 43 A3 70 5B 42 0E 6D EB 42
1787904157.820849,34680,0ed9,12,CD CC FE 42 C2 F5 24 42 CF F7 A1 42
1787904157.831268,34680,0eda,12,9A 99 AB 42 9A 99 94 42 60 65 8B 42
1787904157.847470,34680,0edb,12,9A 19 0B 43 A4 70 D1 41 C2 B5 A7 42
1787904157.858174,34680,0edc,12,9A 99 B2 42 66 66 D2 41 02 2B A3 41
1787904157.868782,34680,0edd,12,33 33 A2 42 5C 8F 98 42 CD 4C D0 42
1787904157.879328,34680,0ede,12,9A 99 CD 42 EB 51 70 42 FC A9 FC 41
1787904157.890119,34680,0edf,12,33 33 C7 42 EC 51 8F 42 40 B5 00 42
1787904157.901710,34680,0ee0,12,34 33 B1 42 48 E1 5C 42 A6 9B C5 42
1787904157.912300,34680,0ee1,12,66 66 8A 42 90 C2 81 42 E9 66 B2 42
1787904157.923051,34680,0ee2,12,9A 99 95 42 52 B8 82 42 91 AD BE 42
1787904157.934616,34680,0ee3,12,9A 19 0D 43 F6 28 2C 42 AC 1C CF 42
1787904157.945061,34680,0ee4,12,00 00 10 43 1E 85 29 42 6C 27 B7 42
1787904157.955709,34680,0ee5,12,CC 4C 01 43 8F C2 B1 41 54 A3 C2 42
1787904157.966442,34680,0ee6,12,67 66 E6 42 8F C2 E1 41 17 59 DF 42
1787904157.977009,34680,0ee7,12,66 66 78 42 3E 0A 6B 42 33 B3 50 42
1787904157.987622,34680,0ee8,12,00 00 BD 42 86 EB 9B 42 42 60 35 42
1787904157.998341,34680,0ee9,12,00 00 AE 42 0A D7 85 42 5E BA 61 42
1787904158.009119,34680,0eea,12,99 99 EA 42 A4 70 01 42 7D 7F D0 42
1787904158.019665,34680,0eeb,12,00 00 E2 42 52 B8 97 42 3F 75 D4 42
1787904158.030105,34680,0eec,12,00 00 60 42 CD CC 04 42 79 A9 98 42
1787904158.040487,34680,0eed,12,66 66 8A 42 C2 F5 7E 42 66 E6 94 42
1787904158.050981,34680,0eee,12,66 66 9F 42 67 66 62 42 FC 29 5E 42
1787904158.061480,34680,0eef,12,9A 99 CF 42 29 5C 94 42 64 3B C3 42
1787904158.071893,34680,0ef0,12,33 33 86 42 66 66 F6 41 FA FE 5A 42
1787904158.082464,34680,0ef1,12,00 00 0D 43 48 E1 93 42 77 BE F4 41
1787904158.093861,34680,0ef2,12,33 33 7D 42 E1 7A 18 42 1D DA 2D 42
1787904158.104498,34680,0ef3,12,33 B3 02 43 8F C2 87 42 4E 62 B5 41
1787904158.115021,34680,0ef4,12,00 00 E5 42 9A 99 88 42 1B EF CC 42
1787904158.130010,34680,0ef5,12,66 66 0C 43 9A 99 D9 41 83 40 06 42
1787904158.141228,34680,0ef6,12,66 66 D8 42 EC 51 A4 41 D2 22 A5 42
1787904158.152082,34680,0ef7,12,33 33 6F 42 5C 8F 2E 42 12 83 4F 42
1787904158.162706,34680,0ef8,12,9A 99 9B 42 C2 F5 9A 42 EB D1 9C 42
1787904158.179485,34680,0ef9,12,33 33 91 42 33 33 73 42 89 C1 0F 42
1787904158.190087,34680,0efa,12,CD CC EC 42 A4 70 55 42 C9 36 B1 42
1787904158.200621,34680,0efb,12,99 99 F5 42 66 66 9F 42 E1 BA A5 42
1787904158.211327,34680,0efc,12,00 80 03 43 C2 F5 06 42 5A 64 5B 42
1787904158.221779,34680,0efd,12,00 00 15 43 52 B8 97 42 DF CF 31 42
1787904158.232454,34680,0efe,12,CD CC D4 42 AE 47 E1 41 0E 6D 88 42
1787904158.243103,34680,0eff,12,9A 99 FC 42 1F 85 5F 42 40 B5 00 42
1787904158.255183,34680,0f00,12,9A 99 0A 43 7B 14 92 42 66 E6 94 42
1787904158.265891,34680,0f01,12,99 99 F8 42 9A 99 C1 41 5A E4 81 42
1787904158.276427,34680,0f02,12,9A 99 7F 42 66 66 BA 41 AC 1C 77 42
1787904158.287344,34680,0f03,12,66 66 A2 42 C2 F5 94 42 46 F6 DD 42
1787904158.298083,34680,0f04,12,9A 19 07 43 7B 14 C2 41 29 5C 0F 42
1787904158.308876,34680,0f05,12,66 66 05 43 90 C2 ED 41 3B 1F CE 42
1787904158.319785,34680,0f06,12,CD CC 03 43 E1 7A 36 42 54 23 91 42
1787904158.330984,34680,0f07,12,33 33 14 43 E1 7A 42 42 68 91 C9 42
1787904158.341724,34680,0f08,12,00 00 9C 42 71 3D 72 42 50 0D 1A 42
1787904158.354266,34680,0f09,12,00 00 8A 42 CC CC 3A 42 06 81 3C 42
1787904158.365228,34680,0f0a,12,9A 99 82 42 EC 51 58 42 DD A4 E9 42
1787904158.376281,34680,0f0b,12,CD CC 0F 43 5D 8F 70 42 1C DA E8 42
1787904158.387107,34680,0f0c,12,00 00 0B 43 5C 8F 16 42 31 08 D7 42
1787904158.398062,34680,0f0d,12,9A 99 D3 42 3E 0A FF 41 44 8B A5 41
1787904158.409704,34680,0f0e,12,9A 99 8E 42 A4 70 49 42 1C 1A D0 42
1787904158.421587,34680,0f0f,12,34 33 E5 42 1E 85 53 42 AA 31 B3 42
1787904158.432462,34680,0f10,12,CD CC E0 42 00 00 48 42 E5 D0 09 42
1787904158.442987,34680,0f11,12,00 00 EF 42 70 3D 3C 42 3E CA 9F 42
1787904158.453508,34680,0f12,12,66 E6 11 43 B8 1E A9 41 C9 B6 E2 42
1787904158.465895,34680,0f13,12,34 33 FE 42 3E 0A 96 42 C2 B5 A7 42
1787904158.476998,34680,0f14,12,66 66 CC 42 EC 51 22 42 89 C1 0F 42
1787904158.488236,34680,0f15,12,66 66 02 43 B8 1E 91 42 C2 35 D9 42
1787904158.499419,34680,0f16,12,66 E6 01 43 9A 99 FD 41 DC 79 2B 42
1787904158.510237,34680,0f17,12,9A 99 95 42 F6 28 D8 41 6E 12 E8 41
1787904158.520700,34680,0f18,12,66 66 86 42 B8 1E B5 41 A6 9B 0A 42
1787904158.531719,34680,0f19,12,CC 4C 13 43 1F 85 6B 42 E1 7A D3 41
1787904158.542428,34680,0f1a,12,34 33 E5 42 67 66 50 42 12 83 4F 42
1787904158.552852,34680,0f1b,12,CC CC D9 42 A4 70 9E 42 31 08 D7 42
1787904158.563419,34680,0f1c,12,9A 19 0A 43 0A D7 63 42 5C CF 9D 42
1787904158.574115,34680,0f1d,12,00 00 EB 42 52 B8 94 42 C9 B6 E2 42
1787904158.584665,34680,0f1e,12,CC CC 06 43 70 3D 18 42 16 19 95 42
1787904158.599745,34680,0f1f,12,66 66 A7 42 EC 51 B0 41 1B 2F C9 41
1787904158.611640,34680,0f20,12,00 00 DA 42 C2 F5 94 42 C9 B6 E2 42
1787904158.622198,34680,0f21,12,9A 99 97 42 C2 F5 48 42 2D B2 15 42
1787904158.632882,34680,0f22,12,33 33 D2 42 E1 7A B8 41 2D F2 B7 42
1787904158.643484,34680,0f23,12,33 33 C9 42 1E 85 53 42 F4 FD EF 41
1787904158.655362,34680,0f24,12,66 66 56 42 AE 47 53 42 37 C9 C7 42
1787904158.666156,34680,0f25,12,33 33 65 42 CD CC 2E 42 3B DF 83 42
1787904158.676625,34680,0f26,12,CD CC EB 42 AE 47 B1 41 7B 14 E6 42
1787904158.687140,34680,0f27,12,00 00 06 43 E1 7A 0C 42 76 3E 56 42
1787904158.697791,34680,0f28,12,66 66 78 42 90 C2 53 42 73 28 8F 42
1787904158.708430,34680,0f29,12,33 33 91 42 14 AE 37 42 46 36 C5 42
1787904158.722278,34680,0f2a,12,99 99 EB 42 AE 47 17 42 A0 5A A3 42
1787904158.732960,34680,0f2b,12,33 33 F3 42 14 AE 86 42 60 25 A4 42
1787904158.743505,34680,0f2c,12,CD CC 50 42 CC CC 9B 42 1D 5A CC 41
1787904158.753950,34680,0f2d,12,9A 99 C3 42 00 00 66 42 8C 6C 44 42
1787904158.764564,34680,0f2e,12,33 33 86 42 9A 99 97 42 2D B2 E5 41
1787904158.775215,34680,0f2f,12,66 66 0E 43 F6 28 99 42 85 6B C4 42
1787904158.785895,34680,0f30,12,CC CC 07 43 AE 47 D5 41 B7 33 C6 42
1787904158.796437,34680,0f31,12,9A 99 E7 42 9A 99 F1 41 27 71 AE 42
1787904158.809567,34680,0f32,12,9A 99 A5 42 7B 14 28 42 C1 CA A0 41
1787904158.820125,34680,0f33,12,9A 99 06 43 48 E1 02 42 EA 26 10 42
1787904158.830709,34680,0f34,12,66 66 82 42 66 66 81 42 FA 3E 9A 42
1787904158.841166,34680,0f35,12,33 33 53 42 A4 70 AD 41 54 63 20 42
1787904158.851712,34680,0f36,12,00 00 DE 42 52 B8 3C 42 5A 64 B3 42
1787904158.862443,34680,0f37,12,00 00 8E 42 3D 0A 59 42 35 5E DD 42
1787904158.873111,34680,0f38,12,33 33 84 42 99 99 7B 42 20 30 34 42
1787904158.883702,34680,0f39,12,00 00 DE 42 D7 A3 14 42 C6 CB C6 42
1787904158.896398,34680,0f3a,12,99 99 E9 42 66 66 F6 41 E9 26 CB 42
1787904158.906800,34680,0f3b,12,66 66 D0 42 85 EB D1 41 1C 5A 5F 42
1787904158.918013,34680,0f3c,12,9A 99 0C 43 1F 85 1D 42 2E 5D 4A 42
1787904158.930350,34680,0f3d,12,66 E6 0E 43 7B 14 DA 41 D3 4D A8 42
1787904158.942734,34680,0f3e,12,9A 99 99 42 E1 7A 3C 42 AE C7 A0 42
1787904158.953492,34680,0f3f,12,CD CC 58 42 00 00 C4 41 75 93 DC 42
1787904158.964218,34680,0f40,12,66 66 AF 42 5C 8F 04 42 49 8C 73 42
1787904158.974816,34680,0f41,12,9A 99 F1 42 85 EB 3D 42 5E BA 61 42
1787904158.985511,34680,0f42,12,9A 99 57 42 EC 51 1C 42 5D 4F CF 42
1787904158.995914,34680,0f43,12,33 B3 0F 43 70 3D 78 42 81 95 34 42
1787904159.006473,34680,0f44,12,67 66 EF 42 9A 99 27 42 50 8D 4B 42
1787904159.017809,34680,0f45,12,CC CC D8 42 B8 1E F1 41 F4 BD 90 42
1787904159.044347,34680,0f46,12,66 66 BC 42 1F 85 DB 41 9C 04 9D 42
1787904159.054905,34680,0f47,12,33 33 AD 42 1F 85 3B 42 3E 0A 2F 42
1787904159.065289,34680,0f48,12,CD CC B6 42 E2 7A 5A 42 37 49 96 42
1787904159.075900,34680,0f49,12,66 66 B1 42 E2 7A 12 42 D1 A2 1B 42
1787904159.086511,34680,0f4a,12,9A 99 FF 42 66 66 87 42 50 0D 7D 42
1787904159.097042,34680,0f4b,12,9A 99 55 42 F6 28 62 42 AC 1C E4 41
1787904159.108603,34680,0f4c,12,9A 99 C0 42 AE 47 65 42 3B DF 2B 42
1787904159.119172,34680,0f4d,12,9A 99 AB 42 5D 8F 70 42 9C C4 5D 42
1787904159.129598,34680,0f4e,12,33 33 C5 42 A4 70 86 42 11 D8 7D 42
1787904159.140101,34680,0f4f,12,CD CC 4E 42 48 E1 68 42 5E 3A 30 42
1787904159.150486,34680,0f50,12,CD CC 88 42 F5 28 6E 42 94 98 1F 42
1787904159.161164,34680,0f51,12,CD CC E1 42 F5 28 50 42 EE FC 9F 42
1787904159.171735,34680,0f52,12,33 33 E1 42 33 33 25 42 15 2E DC 42
1787904159.182197,34680,0f53,12,9A 99 87 42 E2 7A 5A 42 99 19 E4 42
1787904159.192590,34680,0f54,12,CD CC A3 42 D7 A3 9C 42 93 18 BE 41
1787904159.203117,34680,0f55,12,66 66 48 42 D7 A3 02 42 E5 10 AC 42
1787904159.215053,34680,0f56,12,66 66 FA 42 8F C2 0B 42 49 8C 73 42
1787904159.225569,34680,0f57,12,33 33 F1 42 70 3D D6 41 18 04 B1 42
1787904159.236171,34680,0f58,12,CD 4C 0B 43 A4 70 25 42 7A D4 9B 42
1787904159.246938,34680,0f59,12,CD CC 62 42 AE 47 F9 41 EE 7C 16 42
1787904159.257581,34680,0f5a,12,00 00 15 43 9A 99 9A 42 9C 84 CE 42
1787904159.268028,34680,0f5b,12,CC CC BF 42 CD CC 28 42 36 5E F2 41
1787904159.278772,34680,0f5c,12,66 E6 13 43 70 3D 36 42 5C 8F CB 41
1787904159.289380,34680,0f5d,12,33 33 03 43 29 5C 5D 42 0E ED B9 42
1787904159.299986,34680,0f5e,12,9A 99 9C 42 AE 47 11 42 D9 4E E3 42
1787904159.310587,34680,0f5f,12,9A 99 59 42 29 5C EB 41 F2 12 BF 42
1787904159.321197,34680,0f60,12,33 33 08 43 66 66 08 42 81 95 34 42
1787904159.331691,34680,0f61,12,CD CC 9C 42 14 AE 98 42 EE 7C 16 42
1787904159.342519,34680,0f62,12,66 66 62 42 29 5C 0F 42 98 2E C8 42
1787904159.353532,34680,0f63,12,CD CC F3 42 B8 1E 7B 42 4A 4C 81 42
1787904159.364619,34680,0f64,12,00 80 0B 43 3D 0A F3 41 00 80 BC 42
1787904159.376685,34680,0f65,12,9A 99 6D 42 52 B8 36 42 B2 1D 4F 42
1787904159.387496,34680,0f66,12,9A 99 86 42 9A 99 6F 42 F6 A8 54 42
1787904159.398395,34680,0f67,12,CC 4C 02 43 5C 8F 4C 42 66 E6 3C 42
1787904159.408827,34680,0f68,12,9A 99 98 42 AE 47 05 42 3E 8A B8 42
1787904159.419271,34680,0f69,12,00 00 B1 42 5C 8F 8C 42 81 15 BE 42
1787904159.430401,34680,0f6a,12,66 66 13 43 C2 F5 8B 42 62 D0 D8 42
1787904159.441077,34680,0f6b,12,33 33 8D 42 1E 85 53 42 0A 17 82 42
1787904159.451714,34680,0f6c,12,33 33 E7 42 E2 7A 2A 42 58 F9 C8 42
1787904159.462566,34680,0f6d,12,00 00 CC 42 14 AE 83 42 06 01 C6 42
1787904159.473113,34680,0f6e,12,66 E6 00 43 B8 1E 63 42 C0 CA 8B 42
1787904159.484915,34680,0f6f,12,9A 99 AF 42 0A D7 AF 41 DB B9 CD 42
1787904159.495677,34680,0f70,12,66 66 DC 42 EC 51 F8 41 D2 22 A5 42
1787904159.507265,34680,0f71,12,66 E6 15 43 14 AE 4F 42 F8 D3 AF 42
1787904159.517754,34680,0f72,12,9A 99 AA 42 AE 47 0B 42 17 59 DF 42
1787904159.529388,34680,0f73,12,CD CC 64 42 85 EB 3D 42 AE 47 17 42
1787904159.540563,34680,0f74,12,66 66 96 42 AE 47 C9 41 64 3B D8 41
1787904159.552147,34680,0f75,12,00 00 06 43 70 3D 85 42 48 61 C8 42
1787904159.564640,34680,0f76,12,CD CC 4C 42 EC 51 28 42 E3 A5 D6 41
1787904159.575227,34680,0f77,12,9A 19 15 43 52 B8 BE 41 BA 49 E5 42
1787904159.586946,34680,0f78,12,CD CC 58 42 D7 A3 02 42 EB D1 44 42
1787904159.597957,34680,0f79,12,9A 99 83 42 5C 8F 98 42 DD 24 B8 42
1787904159.608960,34680,0f7a,12,99 99 F7 42 14 AE 2B 42 4A 0C 9A 42
1787904159.622395,34680,0f7b,12,9A 99 C7 42 48 E1 4A 42 3B 9F 9C 42
1787904159.633134,34680,0f7c,12,CD CC E5 42 3E 0A 7D 42 B6 F3 F3 41
1787904159.644095,34680,0f7d,12,CC CC CD 42 29 5C DF 41 87 16 3E 42
1787904159.654614,34680,0f7e,12,CD 4C 05 43 C2 F5 4E 42 A8 C6 C8 42
1787904159.665158,34680,0f7f,12,00 00 C7 42 1E 85 41 42 0E 6D EB 42
1787904159.675932,34680,0f80,12,9A 99 F0 42 D7 A3 F0 41 62 10 05 42
1787904159.686337,34680,0f81,12,33 33 81 42 0A D7 45 42 E8 FB C7 42
1787904159.698386,34680,0f82,12,66 66 A0 42 90 C2 1D 42 8B 2C B5 42
1787904159.709008,34680,0f83,12,00 80 07 43 70 3D 66 42 DF CF 89 42
1787904159.719776,34680,0f84,12,66 66 5A 42 EB 51 70 42 50 8D 4B 42
1787904159.730172,34680,0f85,12,66 66 4C 42 B8 1E A9 41 C5 20 92 42
1787904159.740944,34680,0f86,12,33 33 FA 42 A4 70 89 42 AA F1 E0 41
1787904159.751940,34680,0f87,12,CC 4C 15 43 34 33 9E 42 8E D7 86 42
1787904159.762684,34680,0f88,12,CD CC 12 43 CC CC 4C 42 16 59 24 42
1787904159.773250,34680,0f89,12,66 66 06 43 B8 1E 2D 42 0E 2D 49 42
1787904159.785565,34680,0f8a,12,9A 99 4F 42 3D 0A 65 42 B8 1E F7 41
1787904159.796273,34680,0f8b,12,34 33 BE 42 C2 F5 78 42 85 2B DD 42
1787904159.806712,34680,0f8c,12,33 33 F4 42 EC 51 D4 41 29 DC 98 42
1787904159.819085,34680,0f8d,12,34 33 CD 42 D7 A3 CC 41 76 BE DF 42
1787904159.829583,34680,0f8e,12,9A 99 7F 42 F5 28 6E 42 3F B5 BB 42
1787904159.839899,34680,0f8f,12,33 33 B4 42 B8 1E 03 42 81 15 66 42
1787904159.853084,34680,0f90,12,9A 99 B4 42 52 B8 42 42 17 D9 55 42
1787904159.863845,34680,0f91,12,CD CC F2 42 14 AE 9B 42 6C E7 CF 42
1787904159.874697,34680,0f92,12,CD CC 09 43 A4 70 55 42 3A 34 5A 42
1787904159.885093,34680,0f93,12,34 33 05 43 14 AE EF 41 92 6D 1C 42
1787904159.895615,34680,0f94,12,CD CC 8C 42 14 AE 25 42 52 78 BF 42
1787904159.906565,34680,0f95,12,33 33 FC 42 5D 8F 70 42 81 D5 D6 42
1787904159.917156,34680,0f96,12,9A 99 CC 42 48 E1 F6 41 18 44 98 42
1787904159.928569,34680,0f97,12,33 33 C7 42 F6 28 4A 42 9C C4 5D 42
1787904159.938996,34680,0f98,12,33 33 D4 42 1F 85 11 42 75 93 DC 42
1787904159.950408,34680,0f99,12,CD 4C 06 43 52 B8 30 42 58 B9 26 42
1787904159.961022,34680,0f9a,12,00 00 7A 42 C2 F5 48 42 73 E8 A7 42
1787904159.971489,34680,0f9b,12,33 B3 03 43 3E 0A DB 41 C5 20 92 42
1787904159.982483,34680,0f9c,12,00 00 8A 42 3D 0A CF 41 EE 7C E6 41
1787904159.993099,34680,0f9d,12,CC CC C6 42 3E 0A 35 42 1D DA 2D 42
1787904160.004948,34680,0f9e,12,00 00 58 42 EC 51 E0 41 B2 9D ED 41
1787904160.015467,34680,0f9f,12,9A 99 CB 42 71 3D 6C 42 5C CF 9D 42
1787904160.026126,34680,0fa0,12,33 33 EB 42 F6 28 02 42 12 03 D9 42
1787904160.036569,34680,0fa1,12,CD CC 90 42 34 33 8F 42 F0 27 4B 42
1787904160.048855,34680,0fa2,12,00 00 00 43 90 C2 47 42 9A 19 29 42
1787904160.059509,34680,0fa3,12,00 00 BC 42 85 EB 5B 42 4E 62 48 42
1787904160.071119,34680,0fa4,12,CC CC BA 42 0A D7 F7 41 15 AE AA 42
1787904160.081858,34680,0fa5,12,00 00 F9 42 33 33 89 42 7B 14 E6 42
1787904160.092200,34680,0fa6,12,CD CC C1 42 85 EB 95 42 BE 5F A1 42
1787904160.105005,34680,0fa7,12,CD CC E2 42 85 EB 19 42 4A 0C AF 41
1787904160.116672,34680,0fa8,12,CD CC 91 42 48 E1 0E 42 29 1C 80 42
1787904160.127346,34680,0fa9,12,00 80 09 43 15 AE 6D 42 2D 72 E9 42
1787904160.138207,34680,0faa,12,CC CC 00 43 F6 28 81 42 B4 08 C3 42
1787904160.148902,34680,0fab,12,66 66 07 43 EC 51 E0 41 AA F1 E0 41
1787904160.160743,34680,0fac,12,33 33 AC 42 3E 0A 9C 42 6A 3C 43 42
1787904160.171311,34680,0fad,12,00 00 87 42 CD CC 98 42 93 18 BE 41
1787904160.181795,34680,0fae,12,00 00 8A 42 5C 8F 92 42 94 18 51 42
1787904160.192186,34680,0faf,12,66 66 74 42 85 EB E9 41 98 AE 96 42
1787904160.204253,34680,0fb0,12,66 66 E3 42 9A 99 45 42 06 C1 DE 42
1787904160.214875,34680,0fb1,12,33 33 F6 42 33 33 0D 42 2F DD D3 42
1787904160.228915,34680,0fb2,12,00 00 A7 42 48 E1 1A 42 74 93 F1 41
1787904160.239654,34680,0fb3,12,00 80 00 43 9A 99 75 42 68 51 E2 42
1787904160.250279,34680,0fb4,12,9A 99 FA 42 A4 70 A1 41 DC 39 9C 42
1787904160.260797,34680,0fb5,12,9A 99 AE 42 33 33 01 42 33 33 DA 42
1787904160.271243,34680,0fb6,12,33 33 8B 42 8F C2 77 42 8D 17 79 42
1787904160.281644,34680,0fb7,12,9A 99 AE 42 14 AE B3 41 C9 36 B1 42
1787904160.292238,34680,0fb8,12,9A 99 59 42 A4 70 6D 42 71 3D D6 42
1787904160.302942,34680,0fb9,12,9A 99 8E 42 E2 7A 82 42 79 E9 E2 42
1787904160.314351,34680,0fba,12,9A 99 04 43 66 66 20 42 04 D6 C2 42
1787904160.324851,34680,0fbb,12,9A 19 07 43 7A 14 76 42 EF A7 D4 42
1787904160.335200,34680,0fbc,12,CD 4C 11 43 C2 F5 42 42 E4 A5 C1 42
1787904160.352534,34680,0fbd,12,66 66 C1 42 90 C2 71 42 27 F1 DF 42
1787904160.364594,34680,0fbe,12,CD CC E1 42 48 E1 99 42 98 6E C4 41
1787904160.375335,34680,0fbf,12,00 00 F9 42 B8 1E 63 42 EB 11 E7 42
1787904160.386899,34680,0fc0,12,33 33 CA 42 48 E1 38 42 75 93 DC 42
1787904160.397353,34680,0fc1,12,CD CC 70 42 5C 8F C2 41 5A E4 E4 42
1787904160.407909,34680,0fc2,12,00 00 08 43 5C 8F 1C 42 31 08 1C 42
1787904160.418531,34680,0fc3,12,CD CC 62 42 C2 F5 5A 42 0C 82 77 42
1787904160.429009,34680,0fc4,12,CC 4C 08 43 EC 51 83 42 5A E4 29 42
1787904160.439477,34680,0fc5,12,9A 99 E4 42 14 AE 19 42 95 C3 DD 42
1787904160.450049,34680,0fc6,12,00 80 11 43 70 3D 12 42 29 1C E3 42
1787904160.460704,34680,0fc7,12,9A 99 8A 42 0A D7 4B 42 7B 94 B4 42
1787904160.471211,34680,0fc8,12,CD CC 10 43 5D 8F 52 42 0C 82 CF 42
1787904160.482484,34680,0fc9,12,66 E6 0E 43 5C 8F 0A 42 96 C3 22 42
1787904160.493097,34680,0fca,12,9A 99 E0 42 0A D7 0F 42 42 60 8D 42
1787904160.503481,34680,0fcb,12,9A 19 07 43 5C 8F 9E 42 A4 70 07 42
1787904160.513989,34680,0fcc,12,00 00 99 42 85 EB A1 41 D1 E2 BD 42
1787904160.524375,34680,0fcd,12,00 00 B1 42 71 3D B2 41 B7 73 AD 42
1787904160.534834,34680,0fce,12,00 00 E5 42 B8 1E 8B 42 EB D1 44 42
1787904160.545454,34680,0fcf,12,66 66 C8 42 85 EB 89 42 B6 F3 F3 41
1787904160.556070,34680,0fd0,12,00 00 E4 42 9A 99 63 42 62 10 05 42
1787904160.566406,34680,0fd1,12,34 33 FE 42 D7 A3 68 42 3E 8A B8 42
1787904160.577148,34680,0fd2,12,9A 99 7F 42 48 E1 A2 41 75 13 53 42
1787904160.587759,34680,0fd3,12,33 33 0E 43 E1 7A 94 42 A3 70 6A 42
1787904160.598178,34680,0fd4,12,9A 99 0F 43 CD CC 89 42 60 E5 D1 41
1787904160.613557,34680,0fd5,12,9A 99 AF 42 A4 70 01 42 BC 74 E8 42
1787904160.624139,34680,0fd6,12,CD CC A8 42 00 00 9D 42 08 AC AC 41
1787904160.634859,34680,0fd7,12,9A 99 B2 42 B8 1E 39 42 C9 B6 E2 42
1787904160.645242,34680,0fd8,12,66 66 0B 43 52 B8 9D 42 15 AE AA 42
1787904160.655756,34680,0fd9,12,33 B3 0C 43 3E 0A 17 42 23 DB 68 42
1787904160.698865,34680,0fda,12,9A 99 88 42 66 66 38 42 0E AD 7A 42
1787904160.709148,34680,0fdb,12,9A 19 14 43 E1 7A 48 42 67 A6 AD 42
1787904160.720193,34680,0fdc,12,00 00 11 43 E1 7A 36 42 B6 B3 94 42
1787904160.731644,34680,0fdd,12,CD CC B0 42 7B 14 92 42 E8 FB DC 41
1787904160.742795,34680,0fde,12,66 66 D4 42 14 AE 13 42 CF 77 7B 42
1787904160.754145,34680,0fdf,12,9A 99 86 42 CC CC 92 42 A2 45 67 42
1787904160.765330,34680,0fe0,12,66 66 BD 42 D7 A3 62 42 CD 4C D0 42
1787904160.775776,34680,0fe1,12,66 66 C4 42 AE 47 65 42 0E ED B9 42
1787904160.786451,34680,0fe2,12,33 33 95 42 9A 99 E5 41 02 2B 36 42
1787904160.797146,34680,0fe3,12,9A 99 93 42 CC CC 3A 42 08 2C 71 42
1787904160.807698,34680,0fe4,12,66 66 D8 42 E1 7A F4 41 54 E3 51 42
1787904160.818052,34680,0fe5,12,00 00 A3 42 AE 47 2F 42 56 CE C5 42
1787904160.828461,34680,0fe6,12,9A 99 CC 42 C2 F5 D0 41 CD CC B3 41
1787904160.839066,34680,0fe7,12,66 66 97 42 90 C2 F9 41 94 58 90 42
1787904160.849485,34680,0fe8,12,CD CC EF 42 66 66 87 42 00 00 A0 41
1787904160.860127,34680,0fe9,12,CD CC 76 42 14 AE 43 42 73 28 8F 42
1787904160.870840,34680,0fea,12,33 33 5F 42 14 AE 4F 42 4E 22 B9 42
1787904160.881278,34680,0feb,12,66 66 05 43 5C 8F 9E 42 04 56 A6 41
1787904160.892023,34680,0fec,12,9A 99 0C 43 52 B8 E2 41 4A 0C AF 41
1787904160.903118,34680,0fed,12,33 B3 0C 43 E1 7A 3C 42 1C 9A 9E 42
1787904160.913780,34680,0fee,12,CC CC E8 42 3D 0A 23 42 29 5C DF 41
1787904160.924216,34680,0fef,12,9A 99 15 43 AE 47 35 42 8B 6C B1 41
1787904160.934850,34680,0ff0,12,00 00 87 42 00 00 06 42 74 53 92 42
1787904160.945530,34680,0ff1,12,9A 99 D0 42 33 33 25 42 E8 BB E0 42
1787904160.956061,34680,0ff2,12,00 00 97 42 90 C2 23 42 52 B8 A6 42
1787904160.966502,34680,0ff3,12,CD CC FB 42 D7 A3 90 42 3B 5F 5D 42
1787904160.976834,34680,0ff4,12,CD CC BC 42 48 E1 D2 41 7B 14 FB 41
1787904160.993326,34680,0ff5,12,33 33 02 43 F6 28 38 42 EB 51 76 42
1787904161.003972,34680,0ff6,12,CD 4C 05 43 B8 1E 9D 42 E4 65 DA 42
1787904161.014360,34680,0ff7,12,9A 99 E2 42 D7 A3 5C 42 5A E4 E4 42
1787904161.025435,34680,0ff8,12,66 66 A9 42 48 E1 9C 42 98 AE 96 42
1787904161.035889,34680,0ff9,12,00 80 0B 43 EC 51 98 42 77 BE F4 41
1787904161.047094,34680,0ffa,12,66 66 7C 42 70 3D 8E 42 54 E3 A9 42
1787904161.058979,34680,0ffb,12,66 E6 09 43 E1 7A 94 42 B2 1D 4F 42
1787904161.071245,34680,0ffc,12,33 33 EB 42 9A 99 33 42 18 C4 C9 42
1787904161.081758,34680,0ffd,12,66 E6 06 43 B8 1E 33 42 54 E3 51 42
1787904161.092784,34680,0ffe,12,00 00 C7 42 15 AE 6D 42 8D 17 79 42
1787904161.104741,34680,0fff,12,66 66 E7 42 71 3D 42 42 10 D8 1A 42
1787904161.115309,34680,1000,12,66 66 E0 42 AE 47 9F 42 3B DF 2B 42
1787904161.126114,34680,1001,12,9A 99 E0 42 D7 A3 9F 42 F0 27 A3 42
1787904161.136743,34680,1002,12,33 33 EA 42 D7 A3 8A 42 D1 22 BA 41
1787904161.147265,34680,1003,12,66 66 07 43 00 00 91 42 0E AD D2 42
1787904161.157745,34680,1004,12,66 66 10 43 8F C2 E1 41 12 03 D9 42
1787904161.171509,34680,1005,12,66 66 ED 42 B8 1E B5 41 A6 1B 3C 42
1787904161.182103,34680,1006,12,66 66 EA 42 1F 85 DB 41 D9 4E E3 42
1787904161.192942,34680,1007,12,CD CC 6C 42 C2 F5 48 42 29 5C DF 41
1787904161.203817,34680,1008,12,66 66 0E 43 66 66 DE 41 AE C7 48 42
1787904161.214342,34680,1009,12,CD CC 81 42 9A 99 75 42 04 D6 6A 42
1787904161.224964,34680,100a,12,33 33 0E 43 EB 51 7C 42 E8 3B AF 42
1787904161.235435,34680,100b,12,99 99 F7 42 AE 47 7D 42 98 EE 25 42
1787904161.245913,34680,100c,12,00 00 A7 42 F6 28 32 42 0A D7 AF 41
1787904161.256572,34680,100d,12,66 66 BC 42 EC 51 4C 42 E8 FB 0C 42
1787904161.267017,34680,100e,12,33 B3 00 43 9A 99 63 42 38 89 25 42
1787904161.277590,34680,100f,12,66 66 87 42 E1 7A 9D 42 1B EF CC 42
1787904161.289422,34680,1010,12,66 66 B9 42 1F 85 17 42 7F AA D3 42
1787904161.299761,34680,1011,12,33 33 8C 42 A4 70 86 42 AA 71 42 42
1787904161.310339,34680,1012,12,00 00 EF 42 B9 1E 75 42 75 13 53 42
1787904161.320807,34680,1013,12,9A 99 07 43 7B 14 6A 42 4C F7 B5 42
1787904161.331319,34680,1014,12,66 66 86 42 0A D7 45 42 2C 07 9C 42
1787904161.341712,34680,1015,12,66 66 82 42 F6 28 62 42 02 EB A6 42
1787904161.352942,34680,1016,12,9A 99 6B 42 70 3D 1E 42 31 08 7F 42
1787904161.364657,34680,1017,12,CC 4C 07 43 86 EB 73 42 3A B4 28 42
1787904161.375304,34680,1018,12,66 66 BA 42 85 EB DD 41 62 90 8E 42
1787904161.385886,34680,1019,12,00 00 A1 42 0A D7 8E 42 27 31 6F 42
1787904161.396948,34680,101a,12,9A 99 57 42 E1 7A C4 41 CA E1 82 42
1787904161.407479,34680,101b,12,00 00 B8 42 CD CC 5E 42 D9 CE 59 42
1787904161.418070,34680,101c,12,66 E6 10 43 66 66 02 42 EE BC B8 42
1787904161.429079,34680,101d,12,00 00 DE 42 8F C2 59 42 2E 5D 4A 42
1787904161.439657,34680,101e,12,66 66 D3 42 C3 F5 66 42 75 13 53 42
1787904161.450288,34680,101f,12,CD CC 92 42 7B 14 92 42 F4 FD 1F 42
1787904161.461094,34680,1020,12,CD CC 81 42 48 E1 D2 41 1F 85 62 42
1787904161.472003,34680,1021,12,34 33 0A 43 0A D7 97 42 F2 52 4E 42
1787904161.482505,34680,1022,12,33 33 8E 42 AE 47 D5 41 46 B6 3B 42
1787904161.492885,34680,1023,12,CD CC 6A 42 C2 F5 D0 41 BA 49 2A 42
1787904161.503527,34680,1024,12,CD CC 54 42 00 00 8B 42 56 0E C2 41
1787904161.514110,34680,1025,12,33 33 AE 42 70 3D 97 42 48 61 0D 42
1787904161.524501,34680,1026,12,00 00 E7 42 B8 1E 82 42 D7 A3 C3 41
1787904161.535953,34680,1027,12,CD CC E0 42 CD CC 52 42 C7 4B AA 41
1787904161.546549,34680,1028,12,CD CC F1 42 3E 0A 93 42 3B DF FB 41
1787904161.557094,34680,1029,12,33 33 79 42 AE 47 93 42 02 2B 8E 42
1787904161.567505,34680,102a,12,CD CC FB 42 EC 51 2E 42 A6 1B 94 42
1787904161.578231,34680,102b,12,00 80 13 43 48 E1 9F 42 90 42 19 42
1787904161.588875,34680,102c,12,34 33 CD 42 EB 51 5E 42 AC 1C E4 41
1787904161.599307,34680,102d,12,66 66 EB 42 48 E1 EA 41 04 D6 C2 42
1787904161.611764,34680,102e,12,34 33 B6 42 B8 1E A9 41 A6 5B DE 42
1787904161.622382,34680,102f,12,67 66 E6 42 00 00 AC 41 42 20 A6 42
1787904161.633121,34680,1030,12,66 66 14 43 8F C2 87 42 CF F7 A1 42
1787904161.643740,34680,1031,12,CD CC 6E 42 14 AE 19 42 C6 8B DF 42
1787904161.654114,34680,1032,12,CD CC E9 42 5C 8F AA 41 21 B0 02 42
1787904161.664543,34680,1033,12,CD CC 8E 42 7B 14 04 42 F8 93 C8 42
1787904161.674926,34680,1034,12,33 B3 01 43 EC 51 4C 42 40 B5 00 42
1787904161.685396,34680,1035,12,33 33 A6 42 90 C2 90 42 56 CE C5 42
1787904161.695862,34680,1036,12,CD CC DF 42 B8 1E 1B 42 06 41 AD 42
1787904161.706471,34680,1037,12,66 66 13 43 8F C2 E1 41 E8 BB E0 42
1787904161.716788,34680,1038,12,9A 99 4B 42 E1 7A A0 41 B2 1D 4F 42
1787904161.732484,34680,1039,12,99 99 EB 42 E1 7A 18 42 A6 9B C5 42
1787904161.743058,34680,103a,12,33 33 C8 42 70 3D 94 42 BC F4 5E 42
1787904161.753685,34680,103b,12,CC CC 14 43 66 66 96 42 46 B6 A8 41
1787904161.764227,34680,103c,12,9A 99 A7 42 5C 8F 9B 42 F0 27 4B 42
1787904161.775242,34680,103d,12,34 33 C4 42 70 3D 18 42 18 C4 C9 42
1787904161.787923,34680,103e,12,00 00 60 42 9A 99 57 42 A3 70 C2 42
1787904161.798647,34680,103f,12,9A 99 A5 42 C2 F5 F4 41 44 8B A5 41
1787904161.810316,34680,1040,12,00 00 C1 42 1F 85 87 42 46 B6 93 42
1787904161.821223,34680,1041,12,00 00 96 42 15 AE 5B 42 E8 7B 96 42
1787904161.839388,34680,1042,12,33 B3 06 43 C3 F5 A0 41 4E E2 D1 42
1787904161.881350,34680,1043,12,66 66 66 42 5C 8F C2 41 46 B6 A8 41
1787904161.891774,34680,1044,12,9A 99 92 42 D7 A3 0E 42 2B 47 83 42
1787904161.902181,34680,1045,12,9A 99 BB 42 86 EB 9B 42 12 83 BC 41
1787904161.912933,34680,1046,12,33 33 EC 42 B9 1E 57 42 96 43 C1 41
1787904161.923487,34680,1047,12,33 33 F9 42 0A D7 D3 41 23 5B 37 42
1787904161.933895,34680,1048,12,34 33 B7 42 C3 F5 0C 42 D5 78 53 42
1787904161.944348,34680,1049,12,9A 99 D3 42 8F C2 2F 42 94 98 DA 42
1787904161.954820,34680,104a,12,9A 99 E7 42 90 C2 17 42 B0 B2 BC 42
1787904161.965185,34680,104b,12,00 00 AD 42 52 B8 CA 41 8E 17 16 42
1787904161.975660,34680,104c,12,9A 99 9B 42 F6 28 8A 42 76 7E 95 42
1787904161.986059,34680,104d,12,33 33 95 42 5C 8F 5E 42 8F C2 B7 41
1787904161.996519,34680,104e,12,CD CC 83 42 E1 7A 94 42 9E EF B8 42
1787904162.007002,34680,104f,12,00 00 96 42 29 5C 51 42 D9 CE 59 42
1787904162.018013,34680,1050,12,00 00 A5 42 A3 70 79 42 7D 3F 86 42
1787904162.028526,34680,1051,12,9A 99 E2 42 3E 0A B7 41 29 5C CA 42
1787904162.040417,34680,1052,12,9A 99 9A 42 1F 85 B7 41 5C 8F CB 41
1787904162.050940,34680,1053,12,00 00 8F 42 5C 8F 16 42 8A 81 E3 42
1787904162.061272,34680,1054,12,CD CC C4 42 CD CC C8 41 3F B5 BB 42
1787904162.071789,34680,1055,12,66 66 89 42 48 E1 32 42 6F 92 A1 42
1787904162.082067,34680,1056,12,66 66 4A 42 5C 8F 83 42 50 0D D5 42
1787904162.093190,34680,1057,12,CD CC E9 42 AE 47 53 42 08 AC 3F 42
1787904162.103665,34680,1058,12,66 66 8C 42 48 E1 90 42 F4 FD EF 41
1787904162.114732,34680,1059,12,66 66 8A 42 E1 7A 7E 42 69 91 DE 41
1787904162.125667,34680,105a,12,CD CC E4 42 48 E1 7A 42 4E 22 B9 42
1787904162.136151,34680,105b,12,00 00 AC 42 1E 85 53 42 B4 C8 F0 41
1787904162.146756,34680,105c,12,66 66 DC 42 C2 F5 00 42 02 AB BF 42
1787904162.157469,34680,105d,12,00 00 58 42 EC 51 86 42 98 AE 96 42
1787904162.167944,34680,105e,12,66 66 0D 43 34 33 61 42 60 65 8B 42
1787904162.180202,34680,105f,12,CC 4C 08 43 EC 51 9B 42 95 43 AC 42
1787904162.190847,34680,1060,12,CD CC 48 42 0A D7 8B 42 87 16 AB 41
1787904162.201383,34680,1061,12,9A 19 04 43 A4 70 92 42 4A 0C 42 42
1787904162.211850,34680,1062,12,00 00 B7 42 EC 51 04 42 92 ED BA 41
1787904162.222345,34680,1063,12,CD CC FB 42 52 B8 4E 42 7D 3F E9 42
1787904162.232942,34680,1064,12,CD 4C 12 43 3E 0A 93 42 06 01 0B 42
1787904162.243477,34680,1065,12,33 33 63 42 F6 28 81 42 64 3B 08 42
1787904162.254014,34680,1066,12,33 33 C9 42 00 00 94 42 B4 88 91 42
1787904162.264709,34680,1067,12,CD CC A9 42 CC CC 9B 42 CC 0C 86 42
1787904162.276309,34680,1068,12,33 33 FA 42 90 C2 53 42 FC A9 FC 41
1787904162.288768,34680,1069,12,9A 99 CA 42 B8 1E 9A 42 C7 4B AA 41
1787904162.299097,34680,106a,12,33 33 B4 42 E2 7A 88 42 E3 A5 D6 41
1787904162.309754,34680,106b,12,CD CC 68 42 99 99 7B 42 33 B3 50 42
1787904162.321214,34680,106c,12,00 00 09 43 E2 7A 4E 42 6C A7 E8 42
1787904162.331632,34680,106d,12,9A 99 15 43 D7 A3 44 42 BC 74 85 42
1787904162.342078,34680,106e,12,00 80 06 43 52 B8 9D 42 E6 50 3B 42
1787904162.352603,34680,106f,12,66 66 A4 42 B8 1E 33 42 CD 4C D0 42
1787904162.363297,34680,1070,12,00 00 B1 42 C2 F5 48 42 71 3D D6 42
1787904162.373967,34680,1071,12,00 80 12 43 48 E1 32 42 1A 6F 9B 42
1787904162.384649,34680,1072,12,66 66 5E 42 48 E1 8A 42 60 E5 D1 41
1787904162.396381,34680,1073,12,00 00 0B 43 A3 70 5B 42 E1 BA A5 42
1787904162.407766,34680,1074,12,00 00 0B 43 5C 8F 89 42 A0 5A A3 42
1787904162.418484,34680,1075,12,66 66 F9 42 14 AE 3D 42 CD 4C D0 42
1787904162.431646,34680,1076,12,00 00 FE 42 7B 14 DA 41 CF 77 D3 42
1787904162.442618,34680,1077,12,66 66 A4 42 A4 70 AD 41 1B 2F B4 42
1787904162.453086,34680,1078,12,00 80 13 43 7B 14 52 42 2F 9D 89 42
1787904162.463395,34680,1079,12,9A 99 FA 42 F6 28 0E 42 B2 9D D8 42
1787904162.474169,34680,107a,12,66 66 83 42 66 66 A2 41 62 90 8E 42
1787904162.484685,34680,107b,12,33 33 ED 42 9A 99 27 42 50 0D 7D 42
1787904162.495153,34680,107c,12,00 00 64 42 AE 47 77 42 12 03 1E 42
1787904162.512039,34680,107d,12,CD CC 96 42 0B D7 7B 42 99 59 CB 42
1787904162.524193,34680,107e,12,66 66 07 43 1F 85 59 42 DF 4F 63 42
1787904162.534961,34680,107f,12,33 33 0F 43 33 33 13 42 98 6E C4 41
1787904162.545332,34680,1080,12,33 33 92 42 33 33 83 42 0A 57 CC 42
1787904162.555691,34680,1081,12,CD CC D7 42 00 00 42 42 62 90 8E 42
1787904162.566100,34680,1082,12,9A 99 5F 42 29 5C 39 42 C2 35 D9 42
1787904162.576621,34680,1083,12,00 00 4A 42 14 AE 86 42 BE DF D2 42
1787904162.587084,34680,1084,12,CD CC AE 42 85 EB 89 42 62 D0 D8 42
1787904162.597506,34680,1085,12,33 33 D7 42 D7 A3 D8 41 DF CF EC 42
1787904162.607906,34680,1086,12,33 33 E0 42 0A D7 2D 42 B8 DE 97 42
1787904162.618622,34680,1087,12,66 66 02 43 D7 A3 2C 42 C9 B6 E2 42
1787904162.629189,34680,1088,12,9A 99 02 43 B8 1E 3F 42 F2 12 BF 42
1787904162.639818,34680,1089,12,34 33 C3 42 A4 70 19 42 3E 0A 2F 42
1787904162.650437,34680,108a,12,9A 99 CF 42 B8 1E 82 42 67 66 6E 42
1787904162.661086,34680,108b,12,00 00 CD 42 0A D7 63 42 83 C0 8F 42
1787904162.677922,34680,108c,12,00 00 9E 42 E1 7A 60 42 A8 06 B0 42
1787904162.688408,34680,108d,12,00 00 66 42 EC 51 F8 41 2B 87 12 42
1787904162.698920,34680,108e,12,00 00 8C 42 D7 A3 96 42 C0 4A 02 42
1787904162.709565,34680,108f,12,33 B3 00 43 EC 51 1C 42 7D 3F FE 41
1787904162.719947,34680,1090,12,CD CC 9D 42 E1 7A DC 41 83 00 DA 42
1787904162.730881,34680,1091,12,CC CC C6 42 5C 8F 80 42 00 00 8B 42
1787904162.741579,34680,1092,12,00 00 F5 42 5C 8F 0A 42 46 B6 A8 41
1787904162.752069,34680,1093,12,00 00 C5 42 D7 A3 8D 42 DF CF 31 42
1787904162.762593,34680,1094,12,33 33 AF 42 52 B8 85 42 91 6D 7F 42
1787904162.773100,34680,1095,12,00 00 A5 42 D7 A3 26 42 77 BE 24 42
1787904162.783643,34680,1096,12,33 33 FB 42 00 00 88 42 40 B5 00 42
1787904162.794236,34680,1097,12,00 00 C5 42 9A 99 27 42 1D 5A CC 41
1787904162.805034,34680,1098,12,00 00 DD 42 66 66 4A 42 DB F9 C9 41
1787904162.815812,34680,1099,12,66 E6 01 43 3D 0A 59 42 5E 3A EB 42
1787904162.826736,34680,109a,12,66 66 F9 42 C2 F5 5A 42 46 F6 DD 42
1787904162.837343,34680,109b,12,00 00 4A 42 70 3D 91 42 CF F7 A1 42
1787904162.847981,34680,109c,12,00 00 C9 42 90 C2 47 42 B8 1E E2 42
1787904162.858579,34680,109d,12,00 00 82 42 48 E1 81 42 F0 A7 E9 41
1787904162.869087,34680,109e,12,CD CC A0 42 00 00 24 42 21 B0 02 42
1787904162.879717,34680,109f,12,00 80 07 43 33 33 01 42 0E 6D 88 42
1787904162.890145,34680,10a0,12,9A 99 DA 42 D7 A3 74 42 54 A3 C2 42
1787904162.902822,34680,10a1,12,33 33 90 42 3E 0A 87 42 40 35 32 42
1787904162.920254,34680,10a2,12,CD CC 05 43 AE 47 8D 42 DF CF 89 42
1787904162.943753,34680,10a3,12,CD CC 68 42 5C 8F 16 42 F8 13 97 42
1787904162.957487,34680,10a4,12,CD CC FF 42 B9 1E 57 42 6C A7 85 42
1787904162.978226,34680,10a5,12,33 33 80 42 F6 28 7A 42 E8 7B 96 42
1787904163.016534,34680,10a6,12,CC CC DC 42 CD CC 46 42 7F 6A 89 42
1787904163.027438,34680,10a7,12,CD CC 4C 42 1E 85 8A 42 35 DE AB 42
1787904163.037836,34680,10a8,12,00 00 DC 42 14 AE BF 41 A6 9B 6D 42
1787904163.049251,34680,10a9,12,CC 4C 0D 43 F6 28 99 42 8D 17 79 42
1787904163.059777,34680,10aa,12,CD CC D6 42 E2 7A 88 42 C6 8B DF 42
1787904163.070745,34680,10ab,12,CD CC DE 42 D7 A3 62 42 83 40 06 42
1787904163.081356,34680,10ac,12,00 00 C1 42 8F C2 A5 41 37 09 AF 42
1787904163.091989,34680,10ad,12,CD CC 7C 42 CC CC 9B 42 14 2E 21 42
1787904163.102507,34680,10ae,12,33 33 C8 42 14 AE 80 42 21 70 D6 42
1787904163.113016,34680,10af,12,33 B3 00 43 7B 14 6A 42 C9 F6 71 42
1787904163.123568,34680,10b0,12,00 00 BF 42 66 66 38 42 A2 45 67 42
1787904163.134051,34680,10b1,12,00 00 DE 42 5C 8F 16 42 BE 5F A1 42
1787904163.144612,34680,10b2,12,00 00 F8 42 90 C2 D5 41 5E BA CE 41
1787904163.155097,34680,10b3,12,9A 99 CE 42 7B 14 98 42 7B 14 E6 42
1787904163.165718,34680,10b4,12,00 00 B6 42 E2 7A 78 42 B8 1E 27 42
1787904163.176177,34680,10b5,12,00 00 48 42 F6 28 C0 41 E5 D0 6C 42
1787904163.186881,34680,10b6,12,CD CC D2 42 D7 A3 A8 41 D3 0D C1 42
1787904163.197327,34680,10b7,12,66 66 A8 42 7A 14 2E 42 F4 7D A9 42
1787904163.207676,34680,10b8,12,9A 99 C4 42 33 33 A7 41 E1 7A 66 42
1787904163.218567,34680,10b9,12,9A 99 A0 42 F6 28 1A 42 6F 12 D3 42
1787904163.229151,34680,10ba,12,CC CC AD 42 A4 70 31 42 EB D1 9C 42
1787904163.239791,34680,10bb,12,CD CC 04 43 8F C2 0B 42 1A 6F 9B 42
1787904163.250230,34680,10bc,12,9A 99 0D 43 66 66 20 42 27 B1 3D 42
1787904163.261144,34680,10bd,12,9A 99 FF 42 C3 F5 DC 41 6B BC 74 42
1787904163.271745,34680,10be,12,33 33 D6 42 E2 7A 97 42 98 AE 96 42
1787904163.282285,34680,10bf,12,CC CC B9 42 1E 85 23 42 60 E5 64 42
1787904163.294939,34680,10c0,12,00 00 60 42 B8 1E 45 42 7D 3F 86 42
1787904163.305591,34680,10c1,12,9A 99 B1 42 AE 47 96 42 1B 2F B4 42
1787904163.316107,34680,10c2,12,CD CC 97 42 29 5C 27 42 9E 6F 2F 42
1787904163.326929,34680,10c3,12,CD CC 12 43 52 B8 30 42 A8 C6 0D 42
1787904163.337552,34680,10c4,12,66 E6 07 43 66 66 81 42 70 3D 1B 42
1787904163.348367,34680,10c5,12,33 33 98 42 E2 7A 88 42 83 40 06 42
1787904163.358936,34680,10c6,12,CC 4C 08 43 48 E1 D2 41 5C 0F 2D 42
1787904163.369613,34680,10c7,12,CC CC AC 42 7B 14 04 42 95 43 AC 42
1787904163.380989,34680,10c8,12,33 33 DF 42 B8 1E 33 42 48 21 E1 42
1787904163.394164,34680,10c9,12,66 66 E9 42 29 5C 3F 42 1B EF CC 42
1787904163.404537,34680,10ca,12,9A 99 5D 42 0A D7 9A 42 29 5C 0F 42
1787904163.419643,34680,10cb,12,00 00 14 43 71 3D 6C 42 21 70 D6 42
1787904163.431201,34680,10cc,12,33 B3 03 43 F6 28 9C 42 C5 20 A7 41
1787904163.441833,34680,10cd,12,99 99 F6 42 EC 51 EC 41 54 E3 51 42
1787904163.452479,34680,10ce,12,CD CC 12 43 70 3D 06 42 5E 3A 88 42
1787904163.463125,34680,10cf,12,66 66 CE 42 90 C2 71 42 C5 A0 C3 42
1787904163.473624,34680,10d0,12,66 66 B2 42 3D 0A 99 42 10 58 A4 42
1787904163.484091,34680,10d1,12,CD CC F2 42 85 EB 01 42 AE C7 48 42
1787904163.494854,34680,10d2,12,00 00 12 43 90 C2 29 42 71 3D D6 42
1787904163.511735,34680,10d3,12,66 66 DB 42 CD CC 8F 42 62 D0 D8 42
1787904163.522993,34680,10d4,12,9A 99 6D 42 70 3D 97 42 11 18 BD 42
1787904163.533655,34680,10d5,12,CD CC 74 42 D7 A3 87 42 E1 BA A5 42
1787904163.544287,34680,10d6,12,66 66 06 43 AE 47 4D 42 91 6D D7 42
1787904163.554835,34680,10d7,12,33 B3 08 43 C2 F5 8B 42 2D B2 E5 41
1787904163.565543,34680,10d8,12,33 33 D2 42 E1 7A A0 41 B2 9D D8 42
1787904163.576040,34680,10d9,12,9A 19 05 43 5C 8F 76 42 71 7D BD 42
1787904163.586589,34680,10da,12,33 33 F8 42 85 EB 8F 42 48 61 0D 42
1787904163.597069,34680,10db,12,CC 4C 13 43 0A D7 39 42 B0 32 8B 42
1787904163.607649,34680,10dc,12,00 00 50 42 C2 F5 42 42 46 B6 3B 42
1787904163.618273,34680,10dd,12,9A 99 86 42 33 33 CB 41 6A BC E1 41
1787904163.629932,34680,10de,12,9A 99 CF 42 52 B8 42 42 AE 47 E7 41
1787904163.640898,34680,10df,12,00 00 F1 42 52 B8 91 42 02 EB A6 42
1787904163.651433,34680,10e0,12,9A 99 96 42 70 3D 5A 42 3F 35 ED 42
1787904163.667077,34680,10e1,12,66 66 F5 42 AE 47 81 42 D5 F8 21 42
1787904163.677991,34680,10e2,12,9A 99 D8 42 EC 51 4C 42 62 90 36 42
1787904163.688859,34680,10e3,12,00 00 95 42 AE 47 0B 42 D3 CD D9 42
1787904163.699598,34680,10e4,12,66 66 0D 43 CD CC 22 42 F6 A8 AC 42
1787904163.710347,34680,10e5,12,00 00 BD 42 AE 47 65 42 CF 37 EC 42
1787904163.721663,34680,10e6,12,00 00 84 42 C2 F5 E8 41 2E 5D A2 42
1787904163.732142,34680,10e7,12,99 99 F5 42 29 5C C7 41 87 16 3E 42
1787904163.742635,34680,10e8,12,66 66 E1 42 0A D7 97 42 2F DD D3 42
1787904163.753345,34680,10e9,12,00 00 5E 42 CC CC 83 42 11 D8 7D 42
1787904163.763860,34680,10ea,12,33 33 98 42 5C 8F CE 41 8A C1 72 42
1787904163.774304,34680,10eb,12,00 00 15 43 00 00 DC 41 8D 17 D1 42
1787904163.789782,34680,10ec,12,33 B3 0E 43 66 66 F6 41 79 29 CA 42
1787904163.800541,34680,10ed,12,9A 99 F1 42 66 66 F6 41 E9 66 B2 42
1787904163.811081,34680,10ee,12,CD CC F2 42 7B 14 34 42 5E 7A D2 42
1787904163.821784,34680,10ef,12,66 E6 02 43 52 B8 54 42 DF 4F 00 42
1787904163.832374,34680,10f0,12,33 33 FD 42 0B D7 7B 42 4A 0C 42 42
1787904163.843328,34680,10f1,12,CD CC BD 42 AE 47 4D 42 D2 22 4D 42
1787904163.853780,34680,10f2,12,00 00 BD 42 48 E1 7A 42 6C 67 46 42
1787904163.864874,34680,10f3,12,00 00 E2 42 A4 70 F5 41 0C 42 85 42
1787904163.876478,34680,10f4,12,CD CC A2 42 F6 28 E4 41 27 F1 DF 42
1787904163.886923,34680,10f5,12,CD CC E3 42 3E 0A 47 42 1F 85 BA 42
1787904163.897537,34680,10f6,12,33 33 8C 42 AE 47 35 42 1C 5A 5F 42
1787904163.908023,34680,10f7,12,9A 99 9C 42 AE 47 8D 42 BC B4 CF 42
1787904163.918436,34680,10f8,12,00 00 6A 42 C3 F5 12 42 F0 27 4B 42
1787904163.928932,34680,10f9,12,33 B3 0D 43 1F 85 59 42 AA B1 E4 42
1787904163.939284,34680,10fa,12,33 33 8D 42 C3 F5 0C 42 A0 1A D1 41
1787904163.949857,34680,10fb,12,00 80 05 43 A4 70 19 42 64 7B AA 42
1787904163.960340,34680,10fc,12,00 00 07 43 D7 A3 81 42 EF 67 ED 42
1787904163.970686,34680,10fd,12,9A 99 59 42 A4 70 80 42 37 49 96 42
1787904163.981319,34680,10fe,12,00 00 7A 42 E2 7A 4E 42 1B AF E5 42
1787904163.991789,34680,10ff,12,33 33 FA 42 29 5C DF 41 EF E7 BB 42
1787904164.002108,34680,1100,12,CD 4C 10 43 33 33 6D 42 3F 75 D4 42
1787904164.012568,34680,1101,12,67 66 FF 42 52 B8 48 42 46 F6 DD 42
1787904164.023006,34680,1102,12,9A 99 F9 42 00 00 94 42 D7 E3 95 42
1787904164.033317,34680,1103,12,00 00 F7 42 14 AE 13 42 74 93 21 42
1787904164.049262,34680,1104,12,00 00 6A 42 3E 0A 96 42 15 6E C3 42
1787904164.059674,34680,1105,12,CD CC F3 42 29 5C 91 42 48 E1 3E 42
1787904164.070094,34680,1106,12,CC CC C5 42 1F 85 8D 42 8A C1 CA 42
1787904164.080962,34680,1107,12,00 00 B3 42 66 66 20 42 B8 1E F7 41
1787904164.091354,34680,1108,12,33 33 7D 42 E2 7A D0 41 CF F7 B6 41
1787904164.101870,34680,1109,12,00 00 78 42 00 00 A0 41 35 9E C4 42
1787904164.112540,34680,110a,12,66 66 4C 42 14 AE 2B 42 91 6D D7 42
1787904164.122918,34680,110b,12,33 33 5B 42 1F 85 3B 42 EF A7 7C 42
1787904164.133656,34680,110c,12,00 00 DF 42 52 B8 E2 41 E5 D0 D9 41
1787904164.144002,34680,110d,12,66 66 85 42 A4 70 7F 42 12 C3 8E 42
1787904164.154628,34680,110e,12,CD CC 6A 42 1E 85 71 42 E5 D0 C4 42
1787904164.165118,34680,110f,12,00 00 AC 42 7B 14 4C 42 89 41 AE 41
1787904164.175580,34680,1110,12,9A 99 83 42 AE 47 29 42 2D B2 E5 41
1787904164.186219,34680,1111,12,33 33 9C 42 85 EB E9 41 81 D5 D6 42
1787904164.196784,34680,1112,12,66 66 8F 42 8F C2 87 42 24 86 3A 42
1787904164.207297,34680,1113,12,33 33 6B 42 EB 51 7C 42 AC DC 84 42
1787904164.217662,34680,1114,12,CC 4C 14 43 CC CC 3A 42 17 D9 55 42
1787904164.229044,34680,1115,12,CC 4C 08 43 AE 47 90 42 6C E7 CF 42
1787904164.239335,34680,1116,12,66 66 6A 42 70 3D FA 41 D1 A2 1B 42
1787904164.250200,34680,1117,12,9A 99 C8 42 C2 F5 F4 41 2B C7 B4 42
1787904164.261011,34680,1118,12,CD CC AE 42 52 B8 2A 42 CA 21 12 42
1787904164.271862,34680,1119,12,33 33 82 42 3E 0A 17 42 A8 06 B0 42
1787904164.282344,34680,111a,12,00 00 FB 42 C2 F5 8E 42 79 A9 98 42
1787904164.294001,34680,111b,12,66 66 04 43 48 E1 1A 42 4C B7 CE 42
1787904164.304452,34680,111c,12,66 E6 03 43 71 3D 8B 42 66 E6 3C 42
1787904164.315063,34680,111d,12,9A 99 FC 42 E2 7A 97 42 79 29 CA 42
1787904164.325656,34680,111e,12,66 66 50 42 D7 A3 E4 41 92 ED BA 41
1787904164.336027,34680,111f,12,9A 19 0E 43 C2 F5 00 42 33 F3 8F 42
1787904164.346415,34680,1120,12,33 33 7D 42 00 00 8E 42 FE D4 EA 42
1787904164.363484,34680,1121,12,66 66 B0 42 15 AE 79 42 83 C0 37 42
1787904164.375249,34680,1122,12,CD CC BD 42 B8 1E 33 42 98 6E 57 42
1787904164.385938,34680,1123,12,33 33 B9 42 34 33 61 42 5C 8F CB 41
1787904164.396485,34680,1124,12,CD CC 68 42 F6 28 7A 42 3A B4 F8 41
1787904164.407228,34680,1125,12,CD CC F0 42 5C 8F FE 41 7F 6A 89 42
1787904164.418188,34680,1126,12,66 66 14 43 9A 99 82 42 C1 CA A0 41
1787904164.430005,34680,1127,12,CC CC C0 42 A4 70 98 42 15 6E C3 42
1787904164.440651,34680,1128,12,9A 99 98 42 85 EB 4F 42 EE 3C EA 42
1787904164.451349,34680,1129,12,9A 99 E0 42 14 AE 95 42 44 8B 38 42
1787904164.461850,34680,112a,12,CD CC F8 42 14 AE A7 41 FC A9 84 42
1787904164.474086,34680,112b,12,CD 4C 0F 43 F6 28 F0 41 4C B7 76 42
1787904164.484593,34680,112c,12,00 80 15 43 C3 F5 B8 41 36 5E F2 41
1787904164.495094,34680,112d,12,00 80 07 43 CD CC 0A 42 B4 88 91 42
1787904164.508738,34680,112e,12,9A 99 9D 42 33 33 E3 41 36 1E 93 42
1787904164.519728,34680,112f,12,00 00 DC 42 9A 99 94 42 8B 2C B5 42
1787904164.539861,34680,1130,12,00 80 09 43 66 66 A2 41 8D 17 D1 42
1787904164.550605,34680,1131,12,66 66 78 42 AE 47 8D 42 58 39 C5 41
1787904164.561203,34680,1132,12,33 33 77 42 A4 70 E9 41 95 43 AC 42
1787904164.571771,34680,1133,12,67 66 EF 42 CD CC 64 42 A6 1B 94 42
1787904164.582151,34680,1134,12,9A 99 F1 42 A3 70 79 42 0A 17 E5 42
1787904164.593087,34680,1135,12,33 33 75 42 A4 70 43 42 72 68 EE 41
1787904164.603956,34680,1136,12,9A 99 71 42 CD CC 52 42 58 39 58 42
1787904164.614569,34680,1137,12,CC CC BF 42 E2 7A 12 42 A4 70 D7 41
1787904164.625142,34680,1138,12,66 66 05 43 29 5C 94 42 2D B2 D0 42
1787904164.635816,34680,1139,12,00 00 EE 42 9A 99 4B 42 BA 09 9B 42
1787904164.646513,34680,113a,12,66 66 7C 42 B8 1E 33 42 12 83 4F 42
1787904164.656978,34680,113b,12,9A 99 67 42 52 B8 4E 42 18 84 E2 42
1787904164.667649,34680,113c,12,34 33 CF 42 14 AE EF 41 7B 94 B4 42
1787904164.678765,34680,113d,12,00 80 13 43 F6 28 14 42 4E 62 A0 42
1787904164.689127,34680,113e,12,00 00 92 42 AE 47 A5 41 AA B1 E4 42
1787904164.699708,34680,113f,12,9A 99 C5 42 29 5C 2D 42 B0 F2 4B 42
1787904164.710155,34680,1140,12,9A 99 14 43 66 66 96 42 02 2B 8E 42
1787904164.720583,34680,1141,12,CD CC AB 42 70 3D FA 41 46 B6 3B 42
1787904164.735813,34680,1142,12,33 33 FB 42 29 5C 5D 42 0C 42 85 42
1787904164.746334,34680,1143,12,9A 99 55 42 90 C2 29 42 37 89 E0 42
1787904164.758184,34680,1144,12,00 00 14 43 5C 8F 5E 42 FA FE 5A 42
1787904164.771642,34680,1145,12,9A 99 B4 42 00 00 97 42 C9 F6 71 42
1787904164.782110,34680,1146,12,00 00 9A 42 F6 28 FC 41 08 AC 3F 42
1787904164.795343,34680,1147,12,00 00 95 42 33 33 2B 42 CB A1 B0 41
1787904164.810170,34680,1148,12,66 66 EB 42 29 5C 15 42 0C 02 9E 42
1787904164.820554,34680,1149,12,66 66 12 43 1E 85 8A 42 AA 71 9A 42
1787904164.831095,34680,114a,12,9A 99 FF 42 66 66 F6 41 5A E4 81 42
1787904164.841492,34680,114b,12,00 00 BE 42 0A D7 D3 41 91 6D D7 42
1787904164.852014,34680,114c,12,CD CC 05 43 29 5C 4B 42 6C E7 E4 41
1787904164.862817,34680,114d,12,99 99 F6 42 0B D7 5D 42 BA 89 CC 42
1787904164.873304,34680,114e,12,CD CC E9 42 48 E1 26 42 B8 5E C9 42
1787904164.883651,34680,114f,12,66 66 0F 43 3E 0A 71 42 02 2B A3 41
1787904164.895493,34680,1150,12,CD CC 5E 42 29 5C 15 42 D3 4D BD 41
1787904164.906971,34680,1151,12,66 66 EB 42 48 E1 DE 41 44 CB DA 42
1787904164.917655,34680,1152,12,CD CC E0 42 00 00 48 42 AC 9C 45 42
1787904164.928412,34680,1153,12,00 00 9B 42 CC CC 83 42 B8 DE 97 42
1787904164.939384,34680,1154,12,CD CC A3 42 90 C2 ED 41 8C EC 12 42
1787904164.950093,34680,1155,12,33 33 CA 42 52 B8 7E 42 31 08 1C 42
1787904164.960597,34680,1156,12,34 33 B0 42 7B 14 4C 42 52 38 1D 42
1787904164.973411,34680,1157,12,00 00 E2 42 E2 7A 88 42 8D 97 47 42
1787904164.984792,34680,1158,12,CD CC 96 42 C2 F5 D0 41 98 EE E0 42
1787904164.995368,34680,1159,12,9A 99 01 43 33 33 89 42 FC 29 B6 42
1787904165.005781,34680,115a,12,00 00 87 42 B8 1E 09 42 0A 57 74 42
1787904165.017128,34680,115b,12,9A 99 09 43 3D 0A 59 42 D5 78 53 42
1787904165.027506,34680,115c,12,9A 99 A8 42 90 C2 3B 42 B2 9D D8 42
1787904165.038281,34680,115d,12,00 00 B4 42 48 E1 68 42 6B FC B3 42
1787904165.048563,34680,115e,12,CD CC C4 42 66 66 38 42 C0 8A A4 42
1787904165.059451,34680,115f,12,CD CC E7 42 3E 0A 3B 42 C3 F5 A3 41
1787904165.069971,34680,1160,12,CC CC CC 42 00 00 82 42 CB E1 E5 42
1787904165.080568,34680,1161,12,CC CC E8 42 0A D7 57 42 EC 51 13 42
1787904165.091136,34680,1162,12,CD CC A5 42 29 5C 85 42 87 D6 AE 42
1787904165.101625,34680,1163,12,9A 99 A4 42 00 00 2A 42 8A C1 CA 42
1787904165.112108,34680,1164,12,CC CC DA 42 CD CC C8 41 2D 32 47 42
1787904165.122874,34680,1165,12,00 80 08 43 D7 A3 93 42 2E 5D 4A 42
1787904165.133157,34680,1166,12,33 33 A8 42 3D 0A 99 42 02 2B A3 41
1787904165.143704,34680,1167,12,CD CC C8 42 5C 8F 80 42 91 2D 8D 42
1787904165.154158,34680,1168,12,CC 4C 13 43 5C 8F F2 41 DF CF EC 42
1787904165.164655,34680,1169,12,00 00 56 42 CC CC 6A 42 2B 87 E2 41
1787904165.175364,34680,116a,12,66 66 F6 42 C2 F5 2A 42 8B 2C B5 42
1787904165.186374,34680,116b,12,33 33 8C 42 C3 F5 66 42 58 B9 E1 42
1787904165.197069,34680,116c,12,00 00 13 43 1E 85 71 42 70 3D 1B 42
1787904165.207650,34680,116d,12,CD 4C 12 43 3D 0A 8A 42 1B 2F C9 41
1787904165.218158,34680,116e,12,00 80 15 43 33 33 73 42 BA C9 5B 42
1787904165.232230,34680,116f,12,9A 99 97 42 9A 99 9A 42 F2 52 A6 42
1787904165.242892,34680,1170,12,33 B3 0E 43 1F 85 E7 41 8A 81 E3 42
1787904165.253608,34680,1171,12,00 00 66 42 70 3D 82 42 00 00 A0 41
1787904165.264236,34680,1172,12,CD CC ED 42 E1 7A E8 41 A4 F0 90 42
1787904165.274943,34680,1173,12,66 66 68 42 34 33 EF 41 FC A9 84 42
1787904165.287355,34680,1174,12,67 66 E4 42 29 5C EB 41 8B AC E6 42
1787904165.297932,34680,1175,12,66 66 64 42 3D 0A 8A 42 A8 86 E1 42
1787904165.308599,34680,1176,12,00 00 FB 42 70 3D CA 41 6C 67 46 42
1787904165.319171,34680,1177,12,33 33 CA 42 3E 0A 6B 42 62 50 A7 42
1787904165.335262,34680,1178,12,67 66 FF 42 AE 47 8A 42 DF CF 31 42
1787904165.346979,34680,1179,12,00 00 BF 42 71 3D BE 41 7B 54 CD 42
1787904165.359088,34680,117a,12,9A 99 C9 42 5D 8F 52 42 E5 D0 C4 42
1787904165.370213,34680,117b,12,CD CC D7 42 3E 0A 11 42 6A BC 11 42
1787904165.381630,34680,117c,12,00 00 DF 42 29 5C 75 42 95 43 AC 42
1787904165.392325,34680,117d,12,66 66 F5 42 00 00 97 42 91 ED 4D 42
1787904165.404460,34680,117e,12,CD CC 95 42 90 C2 41 42 F8 53 F6 41
1787904165.414903,34680,117f,12,66 66 CE 42 5C 8F E6 41 EA A6 41 42
1787904165.425384,34680,1180,12,CD CC 52 42 5C 8F 28 42 F8 93 C8 42
1787904175.443705,34680,1183,12,9A 99 67 42 7B 14 B6 41 FA 3E 9A 42
1787904175.449440,34680,1184,12,66 66 99 42 7A 14 58 42 17 99 C6 42
1787904175.460848,34680,1185,12,CD CC 83 42 66 66 EA 41 EF E7 BB 42
1787904175.471647,34680,1186,12,66 66 E3 42 9A 99 21 42 14 AE BF 41
1787904175.482541,34680,1187,12,00 00 B2 42 CC CC 16 42 D9 0E 99 42
1787904175.493074,34680,1188,12,9A 99 DD 42 29 5C 27 42 DF 4F 63 42
1787904175.503594,34680,1189,12,9A 19 14 43 14 AE 13 42 5C 0F 2D 42
1787904175.514290,34680,118a,12,9A 99 7F 42 7B 14 8F 42 00 80 64 42
1787904175.524620,34680,118b,12,CD 4C 03 43 0A D7 45 42 00 80 BC 42
1787904175.535822,34680,118c,12,66 66 A9 42 CD CC 2E 42 15 EE 91 42
1787904175.546240,34680,118d,12,9A 99 53 42 CD CC 10 42 23 DB 68 42
1787904175.556801,34680,118e,12,9A 99 CD 42 71 3D BE 41 F6 28 23 42
1787904175.567157,34680,118f,12,67 66 E5 42 C2 F5 4E 42 5E 3A EB 42
1787904175.577540,34680,1190,12,66 66 00 43 90 C2 47 42 91 AD BE 42
1787904175.588020,34680,1191,12,00 00 A3 42 3D 0A AB 41 DF CF 89 42
1787904175.598386,34680,1192,12,CD CC 78 42 D7 A3 CC 41 8A C1 72 42
1787904175.609105,34680,1193,12,00 00 B4 42 B9 1E 57 42 B0 72 7D 42
1787904175.619590,34680,1194,12,00 00 89 42 5C 8F 89 42 CD 4C D0 42
1787904175.629908,34680,1195,12,33 33 E8 42 CD CC 9E 42 D5 F8 21 42
1787904175.640363,34680,1196,12,99 99 D2 42 AE 47 9C 42 B4 88 91 42
1787904175.650781,34680,1197,12,33 33 C7 42 48 E1 6E 42 42 60 35 42
1787904175.661274,34680,1198,12,00 00 D0 42 E2 7A 91 42 62 10 68 42
1787904175.675883,34680,1199,12,CD CC 9C 42 33 33 6D 42 06 01 C6 42
1787904175.689965,34680,119a,12,00 00 88 42 48 E1 02 42 0C 82 CF 42
1787904175.700271,34680,119b,12,9A 99 67 42 D7 A3 F0 41 10 98 8B 42
1787904175.711583,34680,119c,12,9A 99 5B 42 D7 A3 F0 41 9C C4 CA 41
1787904175.721969,34680,119d,12,66 66 BA 42 D7 A3 3E 42 87 56 E0 42
1787904175.732474,34680,119e,12,00 00 CF 42 85 EB 92 42 2F DD E8 41
1787904175.743093,34680,119f,12,00 00 03 43 33 33 89 42 AA F1 10 42
1787904175.753859,34680,11a0,12,CD CC 84 42 00 00 D0 41 68 91 71 42
1787904175.764240,34680,11a1,12,34 33 CD 42 EB 51 70 42 70 3D 1B 42
1787904175.774774,34680,11a2,12,66 66 C7 42 AE 47 F9 41 58 79 97 42
1787904175.785352,34680,11a3,12,9A 99 5D 42 CD CC 95 42 A4 70 07 42
1787904175.795826,34680,11a4,12,CD 4C 0A 43 0A D7 03 42 71 3D 7E 42
1787904175.806752,34680,11a5,12,CD CC 56 42 F6 28 1A 42 83 C0 37 42
1787904175.817242,34680,11a6,12,66 E6 08 43 0A D7 8E 42 3E 0A FF 41
1787904175.827937,34680,11a7,12,33 33 89 42 E1 7A 85 42 D1 22 BA 41
1787904175.838559,34680,11a8,12,66 66 ED 42 E1 7A 54 42 FC E9 CE 42
1787904175.850687,34680,11a9,12,9A 99 DC 42 F6 28 20 42 31 C8 8C 42
1787904175.861221,34680,11aa,12,9A 99 8E 42 29 5C D3 41 18 C4 C9 42
1787904175.871718,34680,11ab,12,9A 99 77 42 E2 7A 12 42 C6 4B 3D 42
1787904175.883133,34680,11ac,12,CC CC CE 42 E2 7A 00 42 4C 77 84 42
1787904175.893647,34680,11ad,12,34 33 C3 42 52 B8 82 42 F2 92 8D 42
1787904175.905289,34680,11ae,12,9A 99 75 42 AE 47 47 42 3B DF E6 42
1787904175.915674,34680,11af,12,9A 99 DC 42 00 00 18 42 3F B5 BB 42
1787904175.926266,34680,11b0,12,9A 99 F1 42 5C 8F 3A 42 3E 0A FF 41
1787904175.936842,34680,11b1,12,66 66 BC 42 AE 47 96 42 F8 53 26 42
1787904175.947363,34680,11b2,12,33 33 8B 42 1F 85 AB 41 3F 35 ED 42
1787904175.958237,34680,11b3,12,CD CC B1 42 3E 0A 0B 42 08 6C B0 42
1787904175.968678,34680,11b4,12,33 33 CB 42 EC 51 86 42 3B DF FB 41
1787904175.982812,34680,11b5,12,33 33 8F 42 48 E1 0E 42 10 D8 1A 42
1787904175.993365,34680,11b6,12,9A 99 93 42 90 C2 23 42 35 DE AB 42
1787904176.003956,34680,11b7,12,9A 99 C4 42 C2 F5 9A 42 34 33 EF 41
1787904176.014463,34680,11b8,12,CD CC E5 42 CC CC 34 42 4E E2 D1 42
1787904176.024942,34680,11b9,12,9A 99 9F 42 EC 51 C8 41 7D BF B7 42
1787904176.035404,34680,11ba,12,66 66 F7 42 90 C2 90 42 E8 FB DC 41
1787904176.045827,34680,11bb,12,66 E6 0E 43 15 AE 79 42 D1 22 BA 41
1787904176.056957,34680,11bc,12,CC CC 06 43 0A D7 69 42 B2 1D A7 42
1787904176.067362,34680,11bd,12,33 33 C1 42 33 33 92 42 6A 3C 43 42
1787904176.077920,34680,11be,12,CC CC CF 42 F6 28 C0 41 08 6C B0 42
1787904176.088407,34680,11bf,12,CD CC 99 42 0A D7 A3 41 58 39 B0 42
1787904176.098719,34680,11c0,12,CD CC E6 42 8F C2 C9 41 67 66 C6 42
1787904176.109470,34680,11c1,12,34 33 CE 42 52 B8 1E 42 FC A9 FC 41
1787904176.119817,34680,11c2,12,9A 99 86 42 5C 8F 8C 42 FC 29 B6 42
1787904176.130359,34680,11c3,12,00 80 01 43 5D 8F 70 42 EE 7C 16 42
1787904176.140893,34680,11c4,12,33 33 8C 42 33 33 D7 41 5C 0F 85 42
1787904176.151400,34680,11c5,12,00 80 06 43 99 99 5D 42 AE C7 A0 42
1787904176.161693,34680,11c6,12,34 33 9D 42 90 C2 99 42 48 A1 AF 42
1787904176.175058,34680,11c7,12,66 66 B5 42 AE 47 8A 42 90 C2 A2 42
1787904176.185837,34680,11c8,12,9A 99 79 42 90 C2 3B 42 A3 70 C2 42
1787904176.196420,34680,11c9,12,9A 99 4D 42 C3 F5 12 42 29 1C E3 42
1787904176.206919,34680,11ca,12,9A 99 E5 42 B8 1E 21 42 7D 3F E9 42
1787904176.217341,34680,11cb,12,66 66 DC 42 E2 7A D0 41 64 3B 6B 42
1787904176.228019,34680,11cc,12,9A 99 D0 42 9A 99 2D 42 0A 57 CC 42
1787904176.238641,34680,11cd,12,66 66 91 42 00 00 E8 41 C9 F6 71 42
1787904176.249786,34680,11ce,12,00 00 AA 42 66 66 84 42 4A 0C 9A 42
1787904176.260128,34680,11cf,12,66 66 93 42 EC 51 98 42 44 8B A5 41
1787904176.270499,34680,11d0,12,9A 99 D8 42 3D 0A F3 41 08 AC 3F 42
1787904176.280863,34680,11d1,12,00 00 A8 42 5C 8F 86 42 48 61 0D 42
1787904176.292135,34680,11d2,12,00 00 72 42 0A D7 A3 41 D3 8D 8F 42
1787904176.302961,34680,11d3,12,33 33 E2 42 CD CC E0 41 D3 4D A8 42
1787904176.315094,34680,11d4,12,00 00 F8 42 F6 28 84 42 04 56 39 42
1787904176.325735,34680,11d5,12,33 33 A8 42 A4 70 8C 42 7B 54 CD 42
1787904176.336425,34680,11d6,12,66 66 B8 42 15 AE 79 42 4C B7 76 42
1787904176.346887,34680,11d7,12,66 66 0A 43 85 EB 31 42 AC DC E7 42
1787904176.357384,34680,11d8,12,33 33 FB 42 C3 F5 DC 41 EA A6 99 42
1787904176.375599,34680,11d9,12,33 33 ED 42 1F 85 DB 41 C6 CB C6 42
1787904176.385911,34680,11da,12,00 00 5E 42 AE 47 65 42 F8 D3 AF 42
1787904176.396581,34680,11db,12,9A 99 69 42 5C 8F 7C 42 C3 75 05 42
1787904176.407094,34680,11dc,12,66 66 CE 42 15 AE 49 42 73 28 8F 42
1787904176.417492,34680,11dd,12,00 00 AF 42 CD CC E0 41 E6 50 93 42
1787904176.427915,34680,11de,12,34 33 B6 42 48 E1 26 42 06 01 C6 42
1787904176.438677,34680,11df,12,00 00 AA 42 70 3D 78 42 E8 FB 6F 42
1787904176.449026,34680,11e0,12,33 33 AE 42 B8 1E 45 42 48 E1 3E 42
1787904176.459458,34680,11e1,12,33 33 FA 42 00 00 85 42 C5 60 DC 42
1787904176.469909,34680,11e2,12,CC 4C 0E 43 E1 7A 54 42 25 06 09 42
1787904176.480235,34680,11e3,12,34 33 0B 43 1F 85 84 42 2D 72 86 42
1787904176.491202,34680,11e4,12,00 00 F2 42 F6 28 A8 41 2D B2 E5 41
1787904176.504783,34680,11e5,12,CD CC 8B 42 C3 F5 0C 42 6B BC 74 42
1787904176.515369,34680,11e6,12,9A 99 F3 42 70 3D FA 41 50 8D A3 42
1787904176.525971,34680,11e7,12,00 00 52 42 00 00 06 42 4C 37 9D 42
1787904176.536532,34680,11e8,12,66 66 9D 42 34 33 80 42 8C 6C 9C 42
1787904176.549297,34680,11e9,12,33 33 B8 42 B8 1E 63 42 5E BA CE 41
1787904176.564716,34680,11ea,12,66 66 AE 42 71 3D 7E 42 18 04 59 42
1787904176.575274,34680,11eb,12,9A 99 83 42 EB 51 52 42 42 E0 66 42
1787904176.586682,34680,11ec,12,66 66 12 43 7B 14 E6 41 0C 02 9E 42
1787904176.597770,34680,11ed,12,34 33 F2 42 3D 0A 23 42 AE 47 D2 42
1787904176.608439,34680,11ee,12,00 00 C6 42 70 3D 78 42 92 ED BA 41
1787904176.619038,34680,11ef,12,9A 99 92 42 66 66 0E 42 C9 76 98 42
1787904176.630124,34680,11f0,12,33 33 83 42 66 66 32 42 E1 3A D7 42
1787904176.641646,34680,11f1,12,66 66 82 42 66 66 32 42 1B 2F C9 41
1787904176.652339,34680,11f2,12,33 33 C6 42 F6 28 C0 41 5A 64 C8 41
1787904176.662930,34680,11f3,12,33 33 90 42 CD CC 0A 42 7F EA 62 42
1787904176.673481,34680,11f4,12,00 00 ED 42 AE 47 87 42 AC 1C CF 42
1787904176.683808,34680,11f5,12,CC CC C6 42 7B 14 B6 41 70 BD A4 42
1787904176.694131,34680,11f6,12,33 33 D2 42 CC CC 8C 42 64 7B AA 42
1787904176.704654,34680,11f7,12,33 33 F3 42 A4 70 80 42 73 E8 A7 42
1787904176.715483,34680,11f8,12,33 B3 09 43 7B 14 1C 42 EF A7 D4 42
1787904176.725924,34680,11f9,12,66 66 EA 42 E2 7A 82 42 72 68 1E 42
1787904176.736395,34680,11fa,12,00 00 CE 42 1F 85 77 42 5A E4 29 42
1787904176.746933,34680,11fb,12,CC CC CD 42 A4 70 01 42 B6 F3 23 42
1787904176.758368,34680,11fc,12,66 E6 10 43 71 3D 9A 42 4E E2 16 42
1787904176.768804,34680,11fd,12,33 33 98 42 B8 1E 69 42 4E A2 EA 42
1787904176.779197,34680,11fe,12,CD CC 56 42 1E 85 29 42 3A B4 80 42
1787904176.789709,34680,11ff,12,34 33 FE 42 F6 28 99 42 68 91 C9 42
1787904176.800599,34680,1200,12,00 80 04 43 D7 A3 62 42 7F 6A 31 42
1787904176.811204,34680,1201,12,00 00 A6 42 85 EB 3D 42 DF 4F 63 42
1787904176.821695,34680,1202,12,9A 99 BD 42 9A 99 E5 41 73 A8 C0 42
1787904176.831996,34680,1203,12,33 33 79 42 5C 8F B6 41 94 58 90 42
1787904176.842652,34680,1204,12,9A 99 82 42 C2 F5 48 42 9C 44 2C 42
1787904176.853062,34680,1205,12,34 33 A4 42 E1 7A 42 42 DC 39 9C 42
1787904176.868377,34680,1206,12,33 33 5B 42 9A 99 75 42 3E 8A B8 42
1787904176.878926,34680,1207,12,66 66 58 42 E1 7A A0 41 2D B2 E5 41
1787904176.889363,34680,1208,12,CD CC A9 42 33 33 31 42 C2 75 C0 42
1787904176.899689,34680,1209,12,9A 19 03 43 66 66 C6 41 0C 02 46 42
1787904176.910333,34680,120a,12,CD CC 09 43 29 5C 09 42 C5 60 DC 42
1787904176.920877,34680,120b,12,9A 99 BC 42 8F C2 E1 41 8B EC 75 42
1787904176.931391,34680,120c,12,66 66 F6 42 52 B8 4E 42 33 F3 8F 42
1787904176.942148,34680,120d,12,9A 99 D0 42 85 EB B9 41 46 76 AC 42
1787904176.952735,34680,120e,12,66 66 01 43 66 66 EA 41 58 B9 E1 42
1787904176.963147,34680,120f,12,66 66 9C 42 D7 A3 D8 41 6E 12 18 42
1787904176.974441,34680,1210,12,00 00 B7 42 1E 85 F3 41 83 40 69 42
1787904176.985779,34680,1211,12,66 66 0B 43 EC 51 83 42 F0 27 4B 42
1787904176.996372,34680,1212,12,CD CC 8C 42 EC 51 86 42 AA 31 B3 42
1787904177.006960,34680,1213,12,33 33 E7 42 7B 14 46 42 EB D1 44 42
1787904177.017426,34680,1214,12,9A 99 FD 42 1F 85 84 42 3B 1F CE 42
1787904177.027807,34680,1215,12,00 00 5C 42 5C 8F 86 42 C1 0A D6 42
1787904177.038181,34680,1216,12,9A 99 C6 42 33 33 D7 41 DF 0F D4 42
1787904177.050492,34680,1217,12,00 00 72 42 66 66 C6 41 A3 B0 A9 42
1787904177.061044,34680,1218,12,CC CC 13 43 29 5C 9A 42 98 2E C8 42
1787904177.071504,34680,1219,12,00 00 48 42 33 33 BF 41 CD 4C 78 42
1787904177.082233,34680,121a,12,9A 99 FC 42 F6 28 8A 42 94 98 1F 42
1787904177.093876,34680,121b,12,CD CC 91 42 29 5C 5D 42 8C 6C 44 42
1787904177.107871,34680,121c,12,CD CC FD 42 7B 14 6A 42 73 E8 4F 42
1787904177.118553,34680,121d,12,00 00 BC 42 1E 85 F3 41 A4 70 D7 41
1787904177.128927,34680,121e,12,CC CC BF 42 D7 A3 8A 42 B0 B2 BC 42
1787904177.139376,34680,121f,12,CD CC 8F 42 85 EB 01 42 CD CC B3 41
1787904177.150189,34680,1220,12,66 66 6E 42 66 66 08 42 D3 4D BD 41
1787904177.160743,34680,1221,12,9A 19 13 43 1F 85 CF 41 87 16 3E 42
1787904177.171237,34680,1222,12,9A 99 C2 42 7B 14 28 42 42 A0 D7 42
1787904177.181715,34680,1223,12,33 33 93 42 3E 0A 9C 42 06 41 AD 42
1787904177.192116,34680,1224,12,66 66 E9 42 00 00 7E 42 CF 37 EC 42
1787904177.202494,34680,1225,12,00 00 F1 42 5C 8F 34 42 24 86 92 42
1787904177.215541,34680,1226,12,CD CC D3 42 CD CC 64 42 27 31 DC 41
1787904177.226476,34680,1227,12,66 66 13 43 E2 7A D0 41 58 39 B0 42
1787904177.237059,34680,1228,12,CD CC 0C 43 48 E1 EA 41 08 2C 0E 42
1787904177.247556,34680,1229,12,CC 4C 08 43 71 3D 7E 42 49 4C E4 42
1787904177.258027,34680,122a,12,9A 99 9A 42 CD CC F8 41 BC 34 9E 42
1787904177.268466,34680,122b,12,33 33 03 43 5C 8F 9E 42 B4 C8 F0 41
1787904177.286284,34680,122c,12,66 66 C3 42 3D 0A F3 41 BE 5F A1 42
1787904177.296621,34680,122d,12,66 66 9C 42 66 66 0E 42 EE FC 47 42
1787904177.307678,34680,122e,12,66 66 82 42 9A 99 C1 41 06 41 AD 42
1787904177.319611,34680,122f,12,00 00 68 42 9A 99 4B 42 58 B9 26 42
1787904177.331104,34680,1230,12,33 33 B8 42 85 EB 8F 42 C3 F5 A3 41
1787904177.341568,34680,1231,12,66 66 78 42 B8 1E 82 42 8C 6C 9C 42
1787904177.351959,34680,1232,12,CD CC B4 42 AE 47 65 42 F2 12 BF 42
1787904177.362370,34680,1233,12,9A 99 C1 42 C3 F5 66 42 86 EB 3A 42
1787904177.372761,34680,1234,12,34 B3 0A 43 48 E1 AE 41 BA 49 E5 42
1787904177.383163,34680,1235,12,9A 99 CC 42 C2 F5 4E 42 B7 F3 DE 42
1787904177.395183,34680,1236,12,00 00 06 43 7B 14 5E 42 B2 5D 8E 42
1787904177.405777,34680,1237,12,9A 99 FD 42 7B 14 98 42 8C 6C 44 42
1787904177.418985,34680,1238,12,CD CC A4 42 3D 0A CF 41 6C E7 E4 41
1787904177.429913,34680,1239,12,00 00 6C 42 00 00 36 42 A0 9A 8A 42
1787904177.440923,34680,123a,12,66 E6 05 43 1F 85 35 42 44 8B A5 41
1787904177.451369,34680,123b,12,33 B3 01 43 F6 28 8A 42 81 15 03 42
1787904177.461760,34680,123c,12,CD CC C8 42 14 AE 8F 42 A8 C6 DD 41
1787904177.472211,34680,123d,12,00 00 01 43 7A 14 95 42 42 60 A2 41
1787904177.482788,34680,123e,12,9A 99 88 42 0A D7 6F 42 00 80 64 42
1787904177.493335,34680,123f,12,66 66 84 42 00 00 97 42 08 AC 97 42
1787904177.503675,34680,1240,12,00 00 83 42 D7 A3 26 42 25 06 D9 41
1787904177.517434,34680,1241,12,9A 99 0E 43 5C 8F 7C 42 8D 97 47 42
1787904177.528188,34680,1242,12,9A 99 9C 42 1F 85 6B 42 71 3D D6 42
1787904177.538842,34680,1243,12,CD CC B0 42 1F 85 FF 41 1C 9A 9E 42
1787904177.550452,34680,1244,12,CD CC E0 42 D7 A3 14 42 D3 4D A8 42
1787904177.561241,34680,1245,12,CD CC 58 42 E1 7A A0 41 E9 E6 E3 42
1787904177.571839,34680,1246,12,00 00 72 42 1F 85 2F 42 A8 C6 0D 42
1787904177.582288,34680,1247,12,33 33 C8 42 AE 47 3B 42 C9 36 B1 42
1787904177.592789,34680,1248,12,CD CC D3 42 48 E1 8A 42 21 B0 D2 41
1787904177.603393,34680,1249,12,9A 99 BA 42 E1 7A 7E 42 DF 0F D4 42
1787904177.613789,34680,124a,12,00 00 9A 42 AE 47 8A 42 58 39 C5 41
1787904177.624109,34680,124b,12,00 00 BB 42 CD CC 8F 42 56 8E DE 42
1787904177.634639,34680,124c,12,66 66 C4 42 B8 1E F1 41 CA E1 82 42
1787904177.645226,34680,124d,12,CC CC CC 42 00 00 C4 41 2D B2 E5 41
1787904177.655933,34680,124e,12,00 00 AB 42 AE 47 8A 42 76 BE DF 42
1787904177.692061,34680,124f,12,33 33 D5 42 F6 28 5C 42 DF 4F 00 42
1787904177.702375,34680,1250,12,33 33 C2 42 90 C2 29 42 6E 12 E8 41
1787904177.713052,34680,1251,12,00 80 12 43 AE 47 3B 42 3A B4 F8 41
1787904177.723517,34680,1252,12,00 00 58 42 8F C2 87 42 16 D9 C2 41
1787904177.735213,34680,1253,12,CD CC B4 42 00 00 00 42 33 B3 A8 42
1787904177.745778,34680,1254,12,CC CC 08 43 A4 70 13 42 B4 C8 DB 42
1787904177.756715,34680,1255,12,00 00 0B 43 00 00 B8 41 08 6C B0 42
1787904177.767084,34680,1256,12,00 00 DE 42 5C 8F AA 41 DB F9 5C 42
1787904177.779333,34680,1257,12,00 00 F2 42 C2 F5 8B 42 CB 61 B4 42
1787904177.789685,34680,1258,12,00 00 DD 42 EC 51 D4 41 0C C2 B6 42
1787904177.800191,34680,1259,12,33 33 6B 42 90 C2 47 42 4E 62 B5 41
1787904177.810660,34680,125a,12,33 33 84 42 EC 51 0A 42 6E 12 E8 41
1787904177.821358,34680,125b,12,66 66 F3 42 E1 7A 54 42 74 53 92 42
1787904177.831864,34680,125c,12,9A 99 FE 42 66 66 68 42 D7 A3 56 42
1787904177.842289,34680,125d,12,CD CC B0 42 7B 14 CE 41 46 B6 A8 41
1787904177.855592,34680,125e,12,66 66 08 43 E1 7A 8E 42 2D 32 47 42
1787904177.866165,34680,125f,12,66 66 C8 42 B8 1E 27 42 D3 0D C1 42
1787904177.876553,34680,1260,12,00 00 91 42 33 33 D7 41 E1 FA 34 42
1787904177.886991,34680,1261,12,9A 99 C8 42 52 B8 30 42 E1 3A D7 42
1787904177.897562,34680,1262,12,CD CC AE 42 0A D7 3F 42 70 3D 1B 42
1787904177.908054,34680,1263,12,66 66 A1 42 00 00 AC 41 B2 9D ED 41
1787904177.918501,34680,1264,12,CC CC C6 42 48 E1 68 42 1F 85 BA 42
1787904177.931404,34680,1265,12,9A 99 6B 42 F6 28 A8 41 70 3D 1B 42
1787904177.942163,34680,1266,12,99 99 F7 42 AE 47 17 42 DC 79 2B 42
1787904177.952898,34680,1267,12,66 66 0D 43 33 33 B3 41 2D 32 9F 42
1787904177.963378,34680,1268,12,00 00 95 42 B8 1E 5D 42 B7 73 55 42
1787904177.977119,34680,1269,12,33 33 F1 42 D7 A3 5C 42 1D 5A CC 41
1787904177.987840,34680,126a,12,9A 99 65 42 A4 70 9B 42 CB E1 E5 42
1787904177.998399,34680,126b,12,66 66 B5 42 70 3D 82 42 F6 A8 54 42
1787904178.008911,34680,126c,12,9A 99 E1 42 00 00 54 42 9C C4 B5 42
1787904178.019539,34680,126d,12,66 66 85 42 3E 0A 71 42 12 43 C0 42
1787904178.030360,34680,126e,12,33 33 7F 42 A4 70 A1 41 F8 D3 57 42
1787904178.040861,34680,126f,12,CC 4C 13 43 F6 28 3E 42 CA 21 12 42
1787904178.051368,34680,1270,12,33 33 57 42 C2 F5 24 42 00 00 8B 42
1787904178.061888,34680,1271,12,00 80 09 43 E1 7A DC 41 9C 84 CE 42
1787904178.072254,34680,1272,12,00 00 D3 42 29 5C 6F 42 9E AF D1 42
1787904178.082739,34680,1273,12,66 66 94 42 AE 47 A5 41 6B BC 74 42
1787904178.093246,34680,1274,12,CD CC FA 42 AE 47 B1 41 BA 49 E5 42
1787904178.103692,34680,1275,12,67 66 E5 42 A4 70 9B 42 08 EC E1 42
1787904178.114625,34680,1276,12,CD CC D3 42 8F C2 6B 42 27 B1 3D 42
1787904178.125203,34680,1277,12,00 00 76 42 A4 70 67 42 6B FC B3 42
1787904178.135695,34680,1278,12,CD CC 88 42 5C 8F 80 42 99 99 B2 42
1787904178.146111,34680,1279,12,33 33 83 42 9A 99 33 42 36 5E F2 41
1787904178.158654,34680,127a,12,CD CC FB 42 3E 0A 96 42 8A 01 B2 42
1787904178.169610,34680,127b,12,CD CC F7 42 F6 28 A8 41 B8 1E F7 41
1787904178.180021,34680,127c,12,CD CC FA 42 B8 1E 51 42 85 EB A7 41
1787904178.190667,34680,127d,12,66 E6 08 43 D7 A3 50 42 18 84 27 42
1787904178.201165,34680,127e,12,00 00 D6 42 CD CC 28 42 C9 36 B1 42
1787904178.211874,34680,127f,12,CC CC BA 42 66 66 EA 41 E1 7A 66 42
1787904178.222653,34680,1280,12,9A 99 FA 42 3E 0A 84 42 0E AD 7A 42
1787904178.237539,34680,1281,12,34 33 B6 42 F6 28 84 42 E5 10 AC 42
1787904178.247944,34680,1282,12,66 66 CB 42 14 AE 55 42 92 ED BA 41
1787904178.258299,34680,1283,12,00 00 8B 42 F6 28 5C 42 87 16 3E 42
1787904178.268967,34680,1284,12,00 00 88 42 CC CC 16 42 CC 4C 15 42
1787904178.279475,34680,1285,12,33 33 59 42 5C 8F 16 42 AC 1C 77 42
1787904178.289987,34680,1286,12,9A 99 82 42 A4 70 0D 42 40 35 32 42
1787904178.301819,34680,1287,12,33 33 14 43 CD CC 8F 42 83 40 69 42
1787904178.313369,34680,1288,12,9A 99 94 42 66 66 EA 41 AE 47 7A 42
1787904178.324134,34680,1289,12,CC CC DC 42 D7 A3 90 42 20 30 34 42
1787904178.334939,34680,128a,12,33 B3 0C 43 1E 85 41 42 06 01 C6 42
1787904178.345641,34680,128b,12,99 99 F5 42 1E 85 41 42 1F 05 EC 42
1787904178.356807,34680,128c,12,9A 99 D9 42 33 33 A7 41 DC 79 83 42
1787904178.367347,34680,128d,12,66 E6 13 43 52 B8 85 42 08 AC 97 42
1787904178.377697,34680,128e,12,00 00 64 42 14 AE 73 42 EE 7C 79 42
1787904178.388029,34680,128f,12,CC CC C6 42 29 5C 69 42 3A B4 F8 41
1787904178.398437,34680,1290,12,9A 99 C7 42 A3 70 5B 42 AC 1C 77 42
1787904178.408865,34680,1291,12,66 66 D8 42 86 EB F5 41 33 33 DA 42
1787904178.419195,34680,1292,12,66 E6 0A 43 29 5C 1B 42 52 38 1D 42
1787904178.429611,34680,1293,12,33 33 59 42 EC 51 40 42 EE 3C EA 42
1787904178.441166,34680,1294,12,CD CC A8 42 9A 99 6F 42 2D 72 E9 42
1787904178.451914,34680,1295,12,9A 99 C0 42 70 3D 36 42 85 6B 6C 42
1787904178.462489,34680,1296,12,CD CC EC 42 EC 51 8C 42 72 68 EE 41
1787904178.472842,34680,1297,12,CD CC EB 42 EC 51 F8 41 62 50 A7 42
1787904178.483202,34680,1298,12,CD CC A2 42 EC 51 0A 42 9A D9 99 42
1787904178.493635,34680,1299,12,33 33 E2 42 9A 99 F1 41 C0 CA 33 42
1787904178.503917,34680,129a,12,33 33 0F 43 5C 8F 89 42 79 E9 27 42
1787904178.514294,34680,129b,12,CD CC 0B 43 00 00 8B 42 BA C9 B3 42
1787904178.524733,34680,129c,12,34 33 B0 42 8F C2 C9 41 3B DF E6 42
1787904178.535245,34680,129d,12,66 66 EB 42 B8 1E 8E 42 A2 45 67 42
1787904178.545979,34680,129e,12,00 00 9B 42 D7 A3 8A 42 25 06 C4 42
1787904178.556486,34680,129f,12,CD CC 80 42 A4 70 D1 41 B6 F3 F3 41
1787904178.566836,34680,12a0,12,66 66 D0 42 52 B8 B2 41 0E ED B9 42
1787904178.577326,34680,12a1,12,99 99 F7 42 5C 8F 92 42 20 30 34 42
1787904178.587772,34680,12a2,12,66 66 9A 42 48 E1 D2 41 7B 14 FB 41
1787904178.598440,34680,12a3,12,33 33 83 42 EC 51 86 42 99 99 B2 42
1787904178.608879,34680,12a4,12,33 33 90 42 C2 F5 9A 42 FE D4 EA 42
1787904178.619437,34680,12a5,12,9A 99 E7 42 C2 F5 36 42 10 D8 1A 42
1787904178.629999,34680,12a6,12,66 66 CA 42 48 E1 44 42 EB D1 9C 42
1787904178.642491,34680,12a7,12,9A 19 08 43 B8 1E 97 42 D3 4D 50 42
1787904178.654422,34680,12a8,12,00 00 64 42 7B 14 0A 42 A8 C6 70 42
1787904178.665194,34680,12a9,12,CD CC 5C 42 A4 70 8F 42 12 03 1E 42
1787904178.675757,34680,12aa,12,34 33 FE 42 A4 70 31 42 D4 B8 92 42
1787904178.686339,34680,12ab,12,00 00 9B 42 33 33 9B 42 46 B6 A8 41
1787904178.697110,34680,12ac,12,33 B3 15 43 B8 1E 7B 42 7B 94 5C 42
1787904178.707513,34680,12ad,12,9A 99 A6 42 C2 F5 60 42 29 1C 80 42
1787904178.717981,34680,12ae,12,9A 99 65 42 C2 F5 F4 41 31 08 1C 42
1787904178.731087,34680,12af,12,00 00 80 42 70 3D 48 42 12 83 BC 41
1787904178.741700,34680,12b0,12,66 66 D9 42 52 B8 6C 42 A6 9B 6D 42
1787904178.752153,34680,12b1,12,33 33 6F 42 EC 51 04 42 6C A7 85 42
1787904178.789881,34680,12b2,12,9A 99 DC 42 C3 F5 A0 41 D7 E3 95 42
1787904178.828892,34680,12b3,12,66 66 B0 42 B8 1E 8E 42 29 5C 72 42
1787904178.839148,34680,12b4,12,9A 99 B7 42 C2 F5 5A 42 31 08 EC 41
1787904178.849576,34680,12b5,12,34 33 BE 42 9A 99 63 42 90 02 8A 42
1787904178.860329,34680,12b6,12,34 33 DB 42 85 EB B9 41 6E 12 18 42
1787904178.870800,34680,12b7,12,00 00 F5 42 AE 47 8A 42 E1 FA 34 42
1787904178.881366,34680,12b8,12,33 33 CA 42 71 3D 8B 42 B8 9E B0 42
1787904178.892720,34680,12b9,12,9A 19 05 43 3E 0A 90 42 AC 1C 77 42
1787904178.903195,34680,12ba,12,66 66 0C 43 48 E1 32 42 3B DF 83 42
1787904178.914258,34680,12bb,12,33 33 EE 42 CD CC 28 42 4A 8C 10 42
1787904178.924797,34680,12bc,12,CC CC A7 42 00 00 E8 41 0A D7 AF 41
1787904178.935365,34680,12bd,12,66 66 68 42 0A D7 97 42 69 91 0E 42
1787904178.946157,34680,12be,12,CD CC 04 43 F6 28 14 42 83 00 DA 42
1787904178.956690,34680,12bf,12,9A 99 C7 42 A4 70 2B 42 21 70 D6 42
1787904178.967733,34680,12c0,12,9A 99 6D 42 34 33 EF 41 23 DB D5 41
1787904178.978351,34680,12c1,12,CD CC DE 42 85 EB E9 41 9C C4 5D 42
1787904178.989091,34680,12c2,12,CC 4C 01 43 70 3D 06 42 FC A9 FC 41
1787904178.999905,34680,12c3,12,33 33 9C 42 00 00 06 42 A2 45 BF 42
1787904179.010872,34680,12c4,12,CD CC 66 42 86 EB F5 41 2E 5D A2 42
1787904179.021379,34680,12c5,12,66 66 9F 42 1F 85 2F 42 3B DF 2B 42
1787904179.032528,34680,12c6,12,CC CC D9 42 E1 7A 9D 42 9E 2F A0 42
1787904179.042994,34680,12c7,12,00 00 D1 42 48 E1 5C 42 BE 1F BA 42
1787904179.053503,34680,12c8,12,00 80 11 43 E2 7A 00 42 67 26 DF 42
1787904179.063915,34680,12c9,12,00 00 B0 42 E1 7A 06 42 12 43 C0 42
1787904179.074513,34680,12ca,12,33 33 8B 42 A4 70 6D 42 5E 3A 30 42
1787904179.084900,34680,12cb,12,33 B3 12 43 8F C2 7D 42 48 E1 96 42
1787904179.099369,34680,12cc,12,00 00 66 42 C2 F5 94 42 A6 1B 3C 42
1787904179.109982,34680,12cd,12,CD 4C 0F 43 66 66 3E 42 CF 37 89 42
1787904179.120683,34680,12ce,12,33 33 E2 42 5C 8F 7C 42 79 E9 F7 41
1787904179.131329,34680,12cf,12,9A 99 9A 42 85 EB 92 42 20 F0 A4 42
1787904179.142130,34680,12d0,12,CD CC E3 42 1E 85 99 42 85 6B C4 42
1787904179.153131,34680,12d1,12,00 00 EE 42 A4 70 0D 42 83 00 DA 42
1787904179.163538,34680,12d2,12,00 00 C5 42 E1 7A 6C 42 3B 1F CE 42
1787904179.173953,34680,12d3,12,CC 4C 08 43 66 66 1A 42 54 63 20 42
1787904179.184547,34680,12d4,12,00 00 AD 42 66 66 AE 41 29 DC 98 42
1787904179.195147,34680,12d5,12,34 33 D9 42 85 EB AD 41 F4 7D 51 42
1787904179.205580,34680,12d6,12,00 00 C3 42 90 C2 41 42 6A BC 11 42
1787904179.222722,34680,12d7,12,33 B3 0F 43 E2 7A 00 42 56 0E 55 42
1787904179.233252,34680,12d8,12,33 33 08 43 70 3D 97 42 AE 87 B9 42
1787904179.243962,34680,12d9,12,9A 99 88 42 D7 A3 1A 42 FA 7E F9 41
1787904179.254290,34680,12da,12,CD CC FE 42 E2 7A 30 42 D9 8E CA 42
1787904179.264728,34680,12db,12,00 00 DC 42 B8 1E 9A 42 4C 37 9D 42
1787904179.280880,34680,12dc,12,CD CC C4 42 5C 8F 28 42 49 4C E4 42
1787904179.292256,34680,12dd,12,67 66 FE 42 8F C2 7D 42 6C E7 CF 42
1787904179.303861,34680,12de,12,CD CC 87 42 D7 A3 74 42 25 06 09 42
1787904179.314628,34680,12df,12,00 00 F2 42 AE 47 17 42 36 1E 93 42
1787904179.325173,34680,12e0,12,9A 99 49 42 A4 70 1F 42 7F EA 62 42
1787904179.335648,34680,12e1,12,66 66 94 42 70 3D 94 42 83 00 DA 42
1787904179.345898,34680,12e2,12,67 66 F0 42 48 E1 F6 41 4E A2 EA 42
1787904179.357548,34680,12e3,12,9A 99 B1 42 0A D7 03 42 3E 0A 2F 42
1787904179.368198,34680,12e4,12,9A 99 AB 42 1F 85 05 42 E8 BB E0 42
1787904179.378759,34680,12e5,12,CD CC 7C 42 66 66 AE 41 EC 51 E3 41
1787904179.389163,34680,12e6,12,34 33 DD 42 90 C2 29 42 06 01 6E 42
1787904179.399427,34680,12e7,12,CC 4C 08 43 5C 8F 1C 42 AC 1C E4 41
1787904179.409897,34680,12e8,12,34 33 D0 42 B8 1E 63 42 58 F9 C8 42
1787904179.420382,34680,12e9,12,33 33 D3 42 CD CC E0 41 A8 C6 C8 42
1787904179.430845,34680,12ea,12,00 00 EF 42 A4 70 8F 42 D7 A3 56 42
1787904179.441317,34680,12eb,12,34 33 BE 42 33 33 E3 41 2B 47 83 42
1787904179.451810,34680,12ec,12,66 66 B3 42 C2 F5 C4 41 29 9C B1 42
1787904179.462223,34680,12ed,12,00 00 E6 42 A4 70 A1 41 64 BB 39 42
1787904179.472819,34680,12ee,12,CD CC B5 42 71 3D 00 42 1F 85 BA 42
1787904179.483263,34680,12ef,12,34 33 04 43 00 00 6C 42 AA F1 10 42
1787904179.493695,34680,12f0,12,CD CC 12 43 70 3D 18 42 D7 A3 AE 42
1787904179.504006,34680,12f1,12,66 66 A3 42 86 EB 43 42 8C 6C 44 42
1787904179.514359,34680,12f2,12,33 33 B9 42 EC 51 B0 41 7F EA 62 42
1787904179.524658,34680,12f3,12,9A 99 10 43 5C 8F AA 41 5D 8F 5E 42
1787904179.534995,34680,12f4,12,33 33 B8 42 0A D7 27 42 C6 CB 6E 42
1787904179.546016,34680,12f5,12,CD CC C3 42 CD CC 40 42 D1 E2 BD 42
1787904179.556578,34680,12f6,12,CD CC 80 42 33 33 89 42 0C 82 77 42
1787904179.567137,34680,12f7,12,00 00 76 42 7B 14 83 42 D7 23 E0 42
1787904179.577431,34680,12f8,12,33 33 7B 42 1F 85 17 42 66 66 0B 42
1787904179.587710,34680,12f9,12,33 33 D2 42 33 33 A7 41 1F 85 CF 41
1787904179.599542,34680,12fa,12,00 00 FC 42 14 AE 4F 42 9C 44 84 42
1787904179.610223,34680,12fb,12,9A 99 AA 42 0A D7 57 42 8F 02 ED 42
1787904179.620945,34680,12fc,12,33 B3 02 43 00 00 8B 42 D3 0D C1 42
1787904179.631369,34680,12fd,12,9A 99 CD 42 0A D7 82 42 50 8D 4B 42
1787904179.641760,34680,12fe,12,99 99 F4 42 EB 51 52 42 A8 C6 DD 41
1787904179.652653,34680,12ff,12,66 66 91 42 00 00 AC 41 86 EB 92 42
1787904179.663187,34680,1300,12,9A 99 93 42 29 5C 91 42 02 AB 67 42
1787904179.674411,34680,1301,12,33 33 E3 42 EC 51 1C 42 3F B5 BB 42
1787904179.684858,34680,1302,12,33 33 89 42 48 E1 1A 42 D3 4D A8 42
1787904179.695278,34680,1303,12,33 33 F8 42 52 B8 00 42 2F 9D EC 42
1787904179.705554,34680,1304,12,00 80 0F 43 52 B8 1E 42 4A 0C 9A 42
1787904179.716269,34680,1305,12,66 66 66 42 1F 85 84 42 0E ED B9 42
1787904179.726981,34680,1306,12,9A 99 C3 42 66 66 F6 41 85 6B 09 42
1787904179.737483,34680,1307,12,66 66 B2 42 90 C2 3B 42 3E 0A 2F 42
1787904179.747790,34680,1308,12,00 00 BC 42 29 5C BB 41 CD CC 9E 42
1787904179.758399,34680,1309,12,CD 4C 06 43 D7 A3 A8 41 AA F1 10 42
1787904179.768731,34680,130a,12,9A 99 F3 42 A4 70 49 42 2D B2 E5 41
1787904179.779964,34680,130b,12,00 00 5C 42 C2 F5 36 42 C0 CA 33 42
1787904179.790478,34680,130c,12,00 00 9F 42 1F 85 5F 42 70 FD 8B 42
1787904179.800981,34680,130d,12,66 66 88 42 15 AE 79 42 50 8D B8 41
1787904179.811707,34680,130e,12,9A 99 85 42 9A 99 51 42 0C 82 14 42
1787904179.822174,34680,130f,12,33 33 B2 42 7B 14 5E 42 A2 45 D4 41
1787904179.836781,34680,1310,12,33 B3 14 43 9A 99 15 42 E8 FB 0C 42
1787904179.847334,34680,1311,12,CC CC C5 42 C3 F5 54 42 0A D7 42 42
1787904179.859267,34680,1312,12,CD CC 8A 42 00 00 00 42 3A B4 80 42
1787904179.869791,34680,1313,12,00 00 91 42 EC 51 46 42 44 0B C2 42
1787904179.880386,34680,1314,12,34 33 BE 42 CD CC 04 42 1D DA 85 42
1787904179.890915,34680,1315,12,34 33 AB 42 14 AE 1F 42 2D B2 15 42
1787904179.901230,34680,1316,12,00 00 8B 42 A4 70 86 42 12 C3 8E 42
1787904179.946723,34680,1317,12,00 00 02 43 86 EB 8C 42 FC A9 E7 42
1787904179.958596,34680,1318,12,9A 99 DE 42 7B 14 CE 41 CF 77 18 42
1787904179.969135,34680,1319,12,CD CC 70 42 14 AE 07 42 DF 0F D4 42
1787904179.980706,34680,131a,12,66 66 CE 42 A4 70 C5 41 EC 51 E3 41
1787904179.991637,34680,131b,12,CD CC 04 43 15 AE 49 42 50 4D BC 42
1787904180.002095,34680,131c,12,33 33 B5 42 48 E1 14 42 BC 74 2D 42
1787904180.014405,34680,131d,12,00 00 E6 42 AE 47 A5 41 91 6D D7 42
1787904180.025181,34680,131e,12,33 33 55 42 AE 47 17 42 1B EF CC 42
1787904180.035583,34680,131f,12,34 B3 11 43 CC CC 8C 42 0C 82 CF 42
1787904180.046015,34680,1320,12,00 00 AA 42 52 B8 8B 42 6F 92 A1 42
1787904180.056587,34680,1321,12,CD CC D0 42 E1 7A 1E 42 B0 F2 4B 42
1787904180.070559,34680,1322,12,33 33 6D 42 8F C2 5F 42 E0 8F A2 42
1787904180.081104,34680,1323,12,33 33 D4 42 14 AE 61 42 5C 0F 85 42
1787904180.091865,34680,1324,12,CD CC FF 42 A4 70 43 42 E4 65 DA 42
1787904180.102177,34680,1325,12,CD CC 8C 42 70 3D 1E 42 DD 24 60 42
1787904180.112449,34680,1326,12,34 33 B0 42 5C 8F 16 42 06 01 C6 42
1787904180.122961,34680,1327,12,CD CC 90 42 9A 99 33 42 62 10 05 42
1787904180.133716,34680,1328,12,00 80 01 43 71 3D 9A 42 2E 5D 4A 42
1787904180.144335,34680,1329,12,67 66 FE 42 7B 14 80 42 F0 27 4B 42
1787904180.154889,34680,132a,12,33 33 0F 43 33 33 98 42 83 80 A8 42
1787904180.166445,34680,132b,12,66 66 04 43 48 E1 F6 41 A6 5B DE 42
1787904180.177947,34680,132c,12,33 33 91 42 52 B8 30 42 08 2C 71 42
1787904180.188521,34680,132d,12,CD CC FD 42 34 33 19 42 E1 BA A5 42
1787904180.199199,34680,132e,12,CD CC 0B 43 90 C2 71 42 B2 1D A7 42
1787904180.209547,34680,132f,12,CC CC A7 42 5C 8F 0A 42 D9 0E 99 42
1787904180.220193,34680,1330,12,9A 99 D5 42 C2 F5 78 42 29 5C 72 42
1787904180.230752,34680,1331,12,66 66 99 42 48 E1 5C 42 EE 7C D1 42
1787904180.241385,34680,1332,12,99 99 DF 42 F6 28 8D 42 A8 06 B0 42
1787904180.251768,34680,1333,12,9A 99 8E 42 A4 70 6D 42 F6 A8 AC 42
1787904180.262184,34680,1334,12,66 66 B3 42 C3 F5 DC 41 EA A6 99 42
1787904180.273629,34680,1335,12,67 66 FB 42 33 33 55 42 EF E7 BB 42
1787904180.284188,34680,1336,12,CC CC CC 42 D7 A3 84 42 C3 F5 A3 41
1787904180.295017,34680,1337,12,CD CC 04 43 1F 85 84 42 42 E0 66 42
1787904180.308035,34680,1338,12,00 00 0D 43 90 C2 1D 42 0A 17 82 42
1787904180.319716,34680,1339,12,00 00 E4 42 3E 0A 96 42 74 93 21 42
1787904180.331177,34680,133a,12,00 00 66 42 9A 99 B5 41 7D FF 9E 42
1787904180.341691,34680,133b,12,33 33 95 42 D7 A3 84 42 FE D4 FF 41
1787904180.351957,34680,133c,12,CD CC 7A 42 B8 1E C1 41 A8 06 B0 42
1787904180.362267,34680,133d,12,66 66 BD 42 A4 70 1F 42 58 B9 26 42
1787904180.372728,34680,133e,12,33 33 13 43 00 00 E8 41 F2 D2 7F 42
1787904180.383140,34680,133f,12,66 66 DB 42 52 B8 66 42 D2 22 A5 42
1787904180.397276,34680,1340,12,9A 99 AE 42 E1 7A 18 42 F6 68 C5 42
1787904180.407995,34680,1341,12,00 00 EF 42 85 EB 1F 42 83 C0 8F 42
1787904180.418551,34680,1342,12,9A 99 03 43 CD CC 46 42 B0 F2 4B 42
1787904180.428964,34680,1343,12,67 66 FC 42 90 C2 ED 41 F4 BD 90 42
1787904180.439275,34680,1344,12,00 00 8B 42 EB 51 5E 42 A6 9B 0A 42
1787904180.449584,34680,1345,12,9A 99 F9 42 29 5C 2D 42 64 BB 39 42
1787904180.461812,34680,1346,12,9A 19 01 43 00 00 54 42 02 2B A3 41
1787904180.472400,34680,1347,12,CC 4C 07 43 34 33 95 42 AA F1 CB 42
1787904180.482846,34680,1348,12,34 33 AA 42 0A D7 0F 42 4A 4C 81 42
1787904180.493337,34680,1349,12,66 E6 02 43 9A 99 6F 42 70 FD 8B 42
1787904180.503771,34680,134a,12,33 33 FA 42 D7 A3 99 42 58 B9 26 42
1787904180.514291,34680,134b,12,9A 19 0A 43 85 EB 31 42 AC 9C 45 42
1787904180.524844,34680,134c,12,00 00 CC 42 66 66 14 42 A8 C6 C8 42
1787904180.535385,34680,134d,12,00 00 0B 43 48 E1 F6 41 4E E2 79 42
1787904180.546147,34680,134e,12,66 66 83 42 0A D7 2D 42 25 46 AB 42
1787904180.556944,34680,134f,12,9A 99 A3 42 14 AE 89 42 4E E2 D1 42
1787904180.567331,34680,1350,12,00 00 84 42 0A D7 DF 41 31 08 7F 42
1787904180.578037,34680,1351,12,CD CC AF 42 71 3D 4E 42 B2 5D 8E 42
1787904180.588508,34680,1352,12,66 66 9A 42 66 66 9F 42 E3 A5 06 42
1787904180.605452,34680,1353,12,9A 99 A4 42 5C 8F 16 42 5E 7A D2 42
1787904180.615952,34680,1354,12,66 66 A6 42 9A 99 27 42 EE 3C 87 42
1787904180.626175,34680,1355,12,00 00 E3 42 CD CC E0 41 CB 21 75 42
1787904180.636728,34680,1356,12,34 33 FF 42 D7 A3 56 42 8A 81 E3 42
1787904180.647166,34680,1357,12,66 66 12 43 3E 0A 8D 42 A0 DA D4 42
1787904180.657836,34680,1358,12,00 00 13 43 9A 99 D9 41 44 8B 90 42
1787904180.668350,34680,1359,12,CC 4C 07 43 33 33 6D 42 AA 71 9A 42
1787904180.678845,34680,135a,12,00 00 DE 42 C2 F5 9D 42 54 23 91 42
1787904180.689273,34680,135b,12,00 00 6C 42 1F 85 93 42 C2 75 C0 42
1787904180.699740,34680,135c,12,66 66 B2 42 B9 1E 57 42 90 42 19 42
1787904180.710031,34680,135d,12,00 00 97 42 33 33 A7 41 49 8C 73 42
1787904180.721782,34680,135e,12,66 66 D8 42 33 33 98 42 56 0E AD 42
1787904180.732082,34680,135f,12,00 00 11 43 14 AE D7 41 56 0E C2 41
1787904180.742836,34680,1360,12,CD CC BC 42 5C 8F FE 41 A3 70 C2 42
1787904180.753314,34680,1361,12,66 66 86 42 8F C2 E1 41 46 B6 3B 42
1787904180.763659,34680,1362,12,33 33 81 42 D7 A3 02 42 23 DB D5 41
1787904180.776725,34680,1363,12,66 66 A4 42 B8 1E D9 41 66 66 DB 41
1787904180.787488,34680,1364,12,CC CC C5 42 66 66 93 42 67 66 C6 42
1787904180.798043,34680,1365,12,34 33 DA 42 52 B8 85 42 7B 94 5C 42
1787904180.808307,34680,1366,12,66 66 8F 42 E2 7A 82 42 D7 A3 56 42
1787904180.818740,34680,1367,12,CD CC 0B 43 70 3D 9D 42 DD A4 86 42
1787904180.829139,34680,1368,12,CD CC E4 42 48 E1 4A 42 F6 E8 93 42
1787904180.839876,34680,1369,12,CD CC D4 42 AE 47 7D 42 C5 A0 6B 42
1787904180.850658,34680,136a,12,CC CC A6 42 CD CC 04 42 1F 05 EC 42
1787904180.861147,34680,136b,12,00 00 AD 42 E1 7A AC 41 DF 4F 00 42
1787904180.871675,34680,136c,12,00 00 D2 42 9A 99 0F 42 B7 33 C6 42
1787904180.882156,34680,136d,12,9A 99 F0 42 14 AE 4F 42 8F 02 ED 42
1787904180.893560,34680,136e,12,33 33 96 42 66 66 56 42 AC DC E7 42
1787904180.903837,34680,136f,12,33 33 4D 42 AE 47 96 42 F4 3D C2 42
1787904180.914281,34680,1370,12,9A 99 08 43 7B 14 4C 42 6C 67 9E 42
1787904180.924680,34680,1371,12,00 00 E6 42 85 EB C5 41 83 80 A8 42
1787904180.935188,34680,1372,12,34 33 05 43 1F 85 96 42 AA F1 CB 42
1787904180.945531,34680,1373,12,9A 99 96 42 52 B8 9D 42 0C 42 E8 42
1787904180.956297,34680,1374,12,00 00 07 43 CD CC 40 42 1F 05 89 42
1787904180.966852,34680,1375,12,33 33 AE 42 B8 1E 85 42 58 39 C5 41
1787904180.977195,34680,1376,12,9A 99 9E 42 EC 51 92 42 BA 49 FA 41
1787904180.987690,34680,1377,12,34 B3 0A 43 C2 F5 24 42 4E E2 16 42
1787904180.998631,34680,1378,12,CD CC 0C 43 5C 8F F2 41 17 99 C6 42
1787904181.009130,34680,1379,12,34 33 C3 42 8F C2 A5 41 5D 8F 5E 42
1787904181.019514,34680,137a,12,34 33 FF 42 33 33 67 42 21 B0 65 42
1787904181.031206,34680,137b,12,9A 99 81 42 3E 0A DB 41 04 96 DB 42
1787904181.041818,34680,137c,12,66 E6 04 43 00 00 1E 42 75 93 DC 42
1787904181.052399,34680,137d,12,00 00 B9 42 C2 F5 4E 42 25 46 AB 42
1787904181.063842,34680,137e,12,66 66 D8 42 CC CC 83 42 52 F8 8D 42
1787904181.102607,34680,137f,12,33 33 BF 42 34 33 9E 42 EB D1 9C 42
1787904181.113349,34680,1380,12,00 00 C5 42 0A D7 94 42 D9 CE C6 41
1787904181.136486,34680,1381,12,CD CC F1 42 AE 47 A5 41 58 39 58 42
1787904181.147666,34680,1382,12,CD CC D4 42 00 00 1E 42 E1 7A 03 42
1787904181.158263,34680,1383,12,CD CC E4 42 29 5C 75 42 E8 7B 3E 42
1787904181.168848,34680,1384,12,66 66 F5 42 AE 47 47 42 B4 C8 DB 42
1787904181.180316,34680,1385,12,9A 99 AB 42 52 B8 18 42 24 86 92 42
1787904181.191879,34680,1386,12,CD CC F9 42 CD CC 04 42 DF CF 89 42
1787904181.202394,34680,1387,12,CD 4C 0A 43 85 EB 61 42 20 30 34 42
1787904181.212814,34680,1388,12,CC CC 00 43 0A D7 57 42 D1 A2 1B 42
1787904181.223267,34680,1389,12,9A 99 BA 42 48 E1 87 42 31 88 A5 42
1787904181.233487,34680,138a,12,CD CC 15 43 33 33 55 42 BA 49 FA 41
1787904181.244925,34680,138b,12,33 33 B2 42 0A D7 4B 42 C9 76 98 42
1787904181.256032,34680,138c,12,9A 99 E2 42 F6 28 7A 42 D3 CD D9 42
1787904181.266574,34680,138d,12,00 80 01 43 0A D7 85 42 25 06 D9 41
1787904181.277784,34680,138e,12,33 33 E4 42 D7 A3 56 42 CD 4C 78 42
1787904181.288845,34680,138f,12,33 33 A1 42 52 B8 54 42 10 98 8B 42
1787904181.299685,34680,1390,12,9A 19 14 43 A4 70 8C 42 89 41 AE 41
1787904181.310437,34680,1391,12,CD CC FD 42 5C 8F 92 42 0C 42 85 42
1787904181.320876,34680,1392,12,00 00 0A 43 A4 70 83 42 99 19 E4 42
1787904181.331458,34680,1393,12,9A 99 ED 42 48 E1 14 42 62 D0 D8 42
1787904181.341898,34680,1394,12,33 B3 09 43 29 5C 63 42 BA C9 B3 42
1787904181.352757,34680,1395,12,33 33 A6 42 3D 0A 65 42 2D 32 47 42
1787904181.364008,34680,1396,12,9A 99 D1 42 7B 14 6A 42 0E AD D2 42
1787904181.374768,34680,1397,12,9A 99 9C 42 AE 47 9F 42 BA C9 B3 42
1787904181.385270,34680,1398,12,9A 99 71 42 00 00 0C 42 0C 02 B3 41
1787904181.395988,34680,1399,12,9A 19 06 43 29 5C DF 41 C9 76 AD 41
1787904181.406510,34680,139a,12,66 66 94 42 0A D7 EB 41 D7 E3 95 42
1787904181.416907,34680,139b,12,66 66 96 42 90 C2 99 42 B8 DE 97 42
1787904181.427428,34680,139c,12,00 00 C9 42 9A 99 C1 41 36 5E F2 41
1787904181.438100,34680,139d,12,00 00 C8 42 D7 A3 E4 41 F2 D2 EC 41
1787904181.448515,34680,139e,12,CD CC 9B 42 66 66 38 42 12 03 D9 42
1787904181.461377,34680,139f,12,CD CC 95 42 AE 47 8D 42 FA 7E 81 42
1787904181.471813,34680,13a0,12,66 66 C2 42 AE 47 93 42 48 E1 3E 42
1787904181.482810,34680,13a1,12,9A 99 C5 42 34 33 86 42 A0 DA D4 42
1787904181.493335,34680,13a2,12,CC CC C5 42 F6 28 02 42 21 70 D6 42
1787904181.503773,34680,13a3,12,CD CC 6C 42 EC 51 89 42 9A 19 81 42
1787904181.514358,34680,13a4,12,9A 99 A7 42 5C 8F 9B 42 06 81 A9 41
1787904181.524750,34680,13a5,12,34 B3 0B 43 15 AE 79 42 06 41 AD 42
1787904181.535210,34680,13a6,12,9A 99 55 42 9A 99 4B 42 A2 45 67 42
1787904181.545760,34680,13a7,12,66 66 B5 42 1F 85 2F 42 E8 7B 96 42
1787904181.556208,34680,13a8,12,00 00 9F 42 9A 99 0F 42 3B 1F CE 42
1787904181.566521,34680,13a9,12,66 66 8A 42 66 66 93 42 C0 CA 8B 42
1787904181.576866,34680,13aa,12,33 33 D8 42 EB 51 5E 42 42 E0 03 42
1787904181.587235,34680,13ab,12,34 B3 11 43 1E 85 81 42 42 20 A6 42
1787904181.597628,34680,13ac,12,CC 4C 13 43 29 5C 97 42 46 F6 DD 42
1787904181.607937,34680,13ad,12,66 66 BE 42 CD CC 40 42 B0 F2 4B 42
1787904181.618328,34680,13ae,12,66 66 70 42 29 5C 33 42 C6 CB C6 42
1787904181.628597,34680,13af,12,CD CC C1 42 3D 0A 41 42 14 AE BF 41
1787904181.641186,34680,13b0,12,9A 99 0E 43 EC 51 76 42 52 78 BF 42
1787904181.652337,34680,13b1,12,9A 99 D6 42 AE 47 7D 42 A2 45 D4 41
1787904181.663023,34680,13b2,12,9A 99 AE 42 66 66 3E 42 64 3B C3 42
1787904181.673548,34680,13b3,12,33 33 D1 42 34 33 19 42 2B 87 CD 42
1787904181.683829,34680,13b4,12,33 33 49 42 CC CC 8C 42 EE BC B8 42
1787904181.694141,34680,13b5,12,00 80 01 43 D7 A3 C0 41 77 BE 24 42
1787904181.705108,34680,13b6,12,9A 99 FC 42 D7 A3 2C 42 B2 9D ED 41
1787904181.716946,34680,13b7,12,66 66 4A 42 14 AE 86 42 85 6B 09 42
1787904181.728615,34680,13b8,12,CD CC 66 42 00 00 06 42 AC 1C E4 41
1787904181.739177,34680,13b9,12,CD CC 5E 42 48 E1 BA 41 74 93 F1 41
1787904181.749627,34680,13ba,12,33 33 88 42 99 99 5D 42 91 AD BE 42
1787904181.760110,34680,13bb,12,CD CC E2 42 33 33 4F 42 DC 79 2B 42
1787904181.770942,34680,13bc,12,00 00 C9 42 E2 7A 97 42 17 D9 55 42
1787904181.781472,34680,13bd,12,CD CC 88 42 33 33 01 42 81 15 03 42
1787904181.791811,34680,13be,12,33 33 D1 42 14 AE 9E 42 D5 F8 DC 42
1787904181.802313,34680,13bf,12,66 66 DD 42 90 C2 8D 42 54 23 91 42
1787904181.812747,34680,13c0,12,9A 99 C2 42 B8 1E 21 42 D3 4D BD 41
1787904181.823245,34680,13c1,12,33 33 07 43 3E 0A 47 42 24 86 92 42
1787904181.834242,34680,13c2,12,00 00 F3 42 F6 28 A8 41 92 ED BA 41
1787904181.844828,34680,13c3,12,CD 4C 11 43 7B 14 7C 42 1D DA 85 42
1787904181.855371,34680,13c4,12,CD CC 97 42 EC 51 BC 41 D3 4D BD 41
1787904181.865932,34680,13c5,12,33 33 95 42 29 5C A3 41 FA 7E 29 42
1787904181.876338,34680,13c6,12,9A 99 63 42 70 3D 82 42 96 C3 22 42
1787904181.886677,34680,13c7,12,9A 99 B3 42 66 66 1A 42 CD 4C 78 42
1787904181.897616,34680,13c8,12,00 00 8F 42 7B 14 70 42 91 6D D7 42
1787904181.908119,34680,13c9,12,CC CC F5 42 48 E1 44 42 C6 0B AE 42
1787904181.918713,34680,13ca,12,00 80 0D 43 C3 F5 DC 41 64 BB 39 42
1787904181.929211,34680,13cb,12,9A 99 59 42 A4 70 7F 42 5C 0F 85 42
1787904181.939936,34680,13cc,12,66 66 84 42 1F 85 65 42 11 D8 7D 42
1787904181.950341,34680,13cd,12,66 66 05 43 66 66 EA 41 68 11 40 42
1787904181.960932,34680,13ce,12,9A 99 A9 42 86 EB 73 42 04 56 39 42
1787904181.971334,34680,13cf,12,00 00 DE 42 29 5C 21 42 1A 6F 9B 42
1787904181.981899,34680,13d0,12,9A 99 94 42 D7 A3 96 42 74 53 92 42
1787904181.992557,34680,13d1,12,00 00 C6 42 3D 0A 65 42 62 90 8E 42
1787904182.003222,34680,13d2,12,CD CC 96 42 1E 85 53 42 21 B0 65 42
1787904182.014189,34680,13d3,12,00 00 A6 42 A4 70 98 42 F4 3D C2 42
1787904182.025739,34680,13d4,12,33 33 5F 42 52 B8 D6 41 CD CC 9E 42
1787904182.036487,34680,13d5,12,00 00 C5 42 7B 14 8F 42 5E 7A D2 42
1787904182.046950,34680,13d6,12,CD CC B0 42 48 E1 4A 42 98 6E C4 41
1787904182.057523,34680,13d7,12,9A 99 C5 42 1F 85 11 42 6A 3C 43 42
1787904182.067910,34680,13d8,12,CD CC F8 42 66 66 1A 42 0E AD 17 42
1787904182.078346,34680,13d9,12,00 00 9F 42 B8 1E 9A 42 25 C6 DC 42
1787904182.088831,34680,13da,12,00 00 D3 42 CD CC 95 42 F0 A7 E9 41
1787904182.099248,34680,13db,12,33 33 06 43 66 66 56 42 87 96 0C 42
1787904182.109824,34680,13dc,12,66 66 7A 42 3E 0A 29 42 3B DF FB 41
1787904182.120718,34680,13dd,12,9A 99 E1 42 D7 A3 B4 41 60 E5 BC 42
1787904182.136826,34680,13de,12,CD CC 52 42 00 00 DC 41 56 8E DE 42
1787904182.147696,34680,13df,12,67 66 E2 42 33 33 25 42 6B BC 74 42
1787904182.158159,34680,13e0,12,9A 99 90 42 34 33 1F 42 18 04 C6 41
1787904182.169760,34680,13e1,12,CD CC 56 42 85 EB 19 42 3E 8A 60 42
1787904182.180295,34680,13e2,12,99 99 E9 42 A4 70 55 42 FA 3E 9A 42
1787904182.190784,34680,13e3,12,66 66 85 42 CC CC 9B 42 42 E0 03 42
1787904182.201501,34680,13e4,12,33 33 96 42 A4 70 9E 42 E1 7A D3 41
1787904182.213585,34680,13e5,12,00 00 B6 42 33 33 BF 41 EA A6 99 42
1787904182.224418,34680,13e6,12,66 66 EE 42 B8 1E 27 42 9E EF 60 42
1787904182.237006,34680,13e7,12,33 33 A6 42 A4 70 6D 42 9C 44 84 42
1787904182.247468,34680,13e8,12,66 66 EB 42 AE 47 3B 42 A8 86 E1 42
1787904182.258286,34680,13e9,12,9A 99 BC 42 00 00 36 42 E4 25 90 42
1787904182.269270,34680,13ea,12,CD CC E5 42 A4 70 19 42 3F 75 D4 42
1787904182.281666,34680,13eb,12,9A 99 D9 42 C3 F5 97 42 04 D6 6A 42
1787904182.292073,34680,13ec,12,CD CC 87 42 EC 51 2E 42 62 90 8E 42
1787904182.303295,34680,13ed,12,33 33 D5 42 AE 47 F9 41 16 D9 C2 41
1787904182.313962,34680,13ee,12,66 66 80 42 14 AE 98 42 04 16 AA 42
1787904182.324415,34680,13ef,12,66 66 CC 42 48 E1 38 42 46 36 6D 42
1787904182.335006,34680,13f0,12,00 00 A4 42 5C 8F 9E 42 76 3E AE 42
1787904182.345625,34680,13f1,12,CC CC DC 42 14 AE BF 41 F0 27 4B 42
1787904182.356558,34680,13f2,12,CD CC D2 42 48 E1 1A 42 48 21 E1 42
1787904182.366960,34680,13f3,12,33 B3 01 43 5C 8F 64 42 3E 4A D1 42
1787904182.377397,34680,13f4,12,CD CC C4 42 33 33 49 42 7D BF B7 42
1787904182.387717,34680,13f5,12,CD CC B7 42 CC CC 4C 42 0A 57 11 42
1787904182.398162,34680,13f6,12,CC CC 0D 43 F6 28 9C 42 F6 68 C5 42
1787904182.408422,34680,13f7,12,CD CC E6 42 90 C2 23 42 D7 E3 95 42
1787904182.418863,34680,13f8,12,00 00 68 42 EC 51 58 42 7F 6A 31 42
1787904182.429303,34680,13f9,12,34 33 BE 42 EC 51 C8 41 2F 9D EC 42
1787904182.439607,34680,13fa,12,CD CC FC 42 70 3D 66 42 F2 92 8D 42
1787904182.449933,34680,13fb,12,66 66 72 42 EC 51 2E 42 DB 79 E6 42
1787904182.460374,34680,13fc,12,99 99 EB 42 0A D7 27 42 9C C4 B5 42
1787904182.471217,34680,13fd,12,CD CC D6 42 85 EB 7F 42 F2 12 BF 42
1787904182.481863,34680,13fe,12,00 00 5C 42 1F 85 17 42 23 DB D5 41
1787904182.492442,34680,13ff,12,9A 99 AB 42 52 B8 CA 41 69 91 0E 42
1787904182.502960,34680,1400,12,CD CC E3 42 52 B8 2A 42 B0 72 D5 42
1787904182.516203,34680,1401,12,CD CC 62 42 29 5C 8B 42 B6 F3 F3 41
1787904182.526651,34680,1402,12,33 33 A9 42 29 5C 8B 42 A8 46 3F 42
1787904182.536959,34680,1403,12,9A 99 AF 42 85 EB 5B 42 EC 11 84 42
1787904182.547432,34680,1404,12,33 33 8A 42 3E 0A 17 42 29 9C B1 42
1787904182.557902,34680,1405,12,33 B3 0E 43 14 AE 83 42 B8 1E F7 41
1787904182.568285,34680,1406,12,33 33 57 42 EC 51 8C 42 1D DA 2D 42
1787904182.579540,34680,1407,12,00 00 DF 42 D7 A3 8D 42 8C AC 83 42
1787904182.590103,34680,1408,12,9A 99 0C 43 71 3D 60 42 E8 7B 96 42
1787904182.600658,34680,1409,12,9A 99 E4 42 1F 85 11 42 06 81 A9 41
1787904182.611191,34680,140a,12,9A 99 57 42 C3 F5 97 42 DF CF EC 42
1787904182.621619,34680,140b,12,00 00 06 43 7B 14 3A 42 11 D8 D5 42
1787904182.632053,34680,140c,12,66 66 4C 42 C2 F5 48 42 56 8E DE 42
1787904182.643367,34680,140d,12,00 00 E6 42 AE 47 9F 42 7F 6A 31 42
1787904182.653854,34680,140e,12,33 33 93 42 0A D7 15 42 02 6B D8 42
1787904182.664379,34680,140f,12,CD 4C 11 43 E1 7A 36 42 4C 37 45 42
1787904182.688785,34680,1410,12,00 00 CD 42 A4 70 1F 42 68 51 E2 42
1787904182.699715,34680,1411,12,00 00 94 42 85 EB E9 41 64 FB DB 42
1787904182.710147,34680,1412,12,33 B3 13 43 A4 70 C5 41 31 08 7F 42
1787904182.720574,34680,1413,12,00 00 E0 42 66 66 4A 42 04 56 91 42
1787904182.731032,34680,1414,12,CD CC AA 42 7B 14 70 42 4A 4C 81 42
1787904182.741396,34680,1415,12,66 66 E9 42 34 33 9E 42 72 68 EE 41
1787904182.751737,34680,1416,12,33 33 5D 42 48 E1 BA 41 B6 F3 F3 41
1787904182.762207,34680,1417,12,CC CC AC 42 CD CC 95 42 8E 17 16 42
1787904182.772594,34680,1418,12,00 00 5C 42 8F C2 A5 41 2D B2 D0 42
1787904182.783021,34680,1419,12,CC 4C 0D 43 C2 F5 F4 41 71 3D D6 42
1787904182.793425,34680,141a,12,9A 99 8E 42 14 AE CB 41 A6 9B C5 42
1787904182.803721,34680,141b,12,9A 99 71 42 85 EB AD 41 A0 9A 32 42
1787904182.814077,34680,141c,12,33 33 51 42 70 3D E2 41 1D DA 85 42
1787904182.825773,34680,141d,12,9A 99 82 42 66 66 38 42 33 B3 50 42
1787904182.836242,34680,141e,12,33 33 A1 42 7B 14 C2 41 B2 9D D8 42
1787904182.846513,34680,141f,12,34 33 0A 43 D7 A3 20 42 E1 7A D3 41
1787904182.856933,34680,1420,12,9A 99 00 43 48 E1 90 42 B0 32 8B 42
1787904182.867231,34680,1421,12,33 33 00 43 48 E1 3E 42 C9 F6 C9 42
1787904182.877601,34680,1422,12,CD CC E0 42 9A 99 57 42 58 B9 26 42
1787904182.887820,34680,1423,12,33 33 9A 42 0A D7 21 42 15 2E DC 42
1787904182.898169,34680,1424,12,9A 99 98 42 5C 8F 95 42 D9 CE 59 42
1787904182.908556,34680,1425,12,CD CC A9 42 0A D7 85 42 11 D8 D5 42
1787904182.918960,34680,1426,12,66 66 02 43 48 E1 9C 42 5E FA A0 42
1787904182.929295,34680,1427,12,00 00 A0 42 C2 F5 60 42 87 56 E0 42
1787904182.941169,34680,1428,12,66 66 E1 42 5C 8F 3A 42 38 89 25 42
1787904182.951794,34680,1429,12,33 33 F9 42 C2 F5 60 42 C6 8B DF 42
1787904182.962256,34680,142a,12,CD CC F8 42 33 33 25 42 49 8C CB 42
1787904182.972748,34680,142b,12,34 B3 11 43 CD CC BC 41 23 5B 8F 42
1787904182.983113,34680,142c,12,00 00 EF 42 CD CC 04 42 4E 62 B5 41
1787904182.993518,34680,142d,12,9A 99 C0 42 D7 A3 93 42 AA F1 E0 41
1787904183.009884,34680,142e,12,00 00 BA 42 AE 47 D5 41 21 70 D6 42
1787904183.020824,34680,142f,12,CD CC 54 42 70 3D 36 42 46 36 0A 42
1787904183.032391,34680,1430,12,CD CC 87 42 D7 A3 8A 42 B7 F3 DE 42
1787904183.043026,34680,1431,12,66 66 F5 42 1F 85 C3 41 D3 0D C1 42
1787904183.053553,34680,1432,12,CD CC 8A 42 1F 85 0B 42 12 43 C0 42
1787904183.067153,34680,1433,12,00 00 72 42 EC 51 8C 42 2E 5D 4A 42
1787904183.078017,34680,1434,12,00 00 60 42 14 AE 2B 42 C1 0A D6 42
1787904183.089361,34680,1435,12,34 33 CC 42 B8 1E B5 41 15 AE 52 42
1787904183.099972,34680,1436,12,00 00 9C 42 EC 51 04 42 1D DA 85 42
1787904183.110526,34680,1437,12,9A 99 DE 42 C2 F5 91 42 7D 3F 86 42
1787904183.120989,34680,1438,12,9A 19 01 43 3E 0A 96 42 24 86 92 42
1787904183.131525,34680,1439,12,9A 19 13 43 D7 A3 6E 42 00 00 33 42
1787904183.142395,34680,143a,12,9A 19 14 43 66 66 32 42 54 E3 BE 41
1787904183.153611,34680,143b,12,66 66 88 42 85 EB 01 42 FC 29 B6 42
1787904183.164055,34680,143c,12,9A 99 88 42 F6 28 3E 42 76 BE DF 42
1787904183.174337,34680,143d,12,CD CC A3 42 5C 8F 22 42 F8 93 C8 42
1787904183.185334,34680,143e,12,34 33 AB 42 1F 85 B7 41 B8 5E C9 42
1787904183.195842,34680,143f,12,00 80 05 43 0A D7 15 42 7F EA BA 42
1787904183.206387,34680,1440,12,33 33 8C 42 7B 14 DA 41 4E E2 79 42
1787904183.216967,34680,1441,12,9A 99 73 42 EC 51 9B 42 58 39 C5 41
1787904183.227301,34680,1442,12,CD CC A0 42 66 66 5C 42 D9 4E E3 42
1787904183.237800,34680,1443,12,9A 19 00 43 CC CC 6A 42 DF CF EC 42
1787904183.248271,34680,1444,12,00 00 87 42 33 33 43 42 8D 57 B8 42
1787904183.258825,34680,1445,12,33 B3 14 43 70 3D D6 41 A2 05 D8 42
1787904183.270720,34680,1446,12,66 66 AB 42 E1 7A AC 41 D2 22 4D 42
1787904183.281995,34680,1447,12,CD CC 82 42 F6 28 87 42 AA F1 10 42
1787904183.292681,34680,1448,12,33 33 F5 42 52 B8 12 42 8B EC 75 42
1787904183.303071,34680,1449,12,CD CC 0F 43 70 3D EE 41 BC 74 FD 41
1787904183.313453,34680,144a,12,CD CC C8 42 33 33 13 42 27 F1 DF 42
1787904183.323714,34680,144b,12,00 00 E7 42 F6 28 56 42 E4 25 90 42
1787904183.334051,34680,144c,12,00 00 DD 42 EC 51 95 42 58 39 58 42
1787904183.353363,34680,144d,12,9A 19 0E 43 8F C2 E1 41 5A A4 9A 42
1787904183.365016,34680,144e,12,9A 99 9A 42 29 5C BB 41 75 13 AB 42
1787904183.377492,34680,144f,12,66 66 C1 42 66 66 AE 41 F8 53 F6 41
1787904183.389600,34680,1450,12,CC CC BF 42 29 5C 09 42 44 8B A5 41
1787904183.401894,34680,1451,12,00 00 95 42 F6 28 14 42 38 89 25 42
1787904183.412480,34680,1452,12,00 00 EE 42 1F 85 3B 42 FA BE CB 42
1787904183.423039,34680,1453,12,33 33 E1 42 3E 0A 93 42 F4 FD DA 42
1787904183.433408,34680,1454,12,CC CC B8 42 8F C2 77 42 FA 7E E4 42
1787904183.444194,34680,1455,12,00 00 9F 42 C3 F5 30 42 FC A9 84 42
1787904183.456213,34680,1456,12,CD CC A4 42 70 3D 48 42 11 D8 7D 42
1787904183.466646,34680,1457,12,9A 99 88 42 52 B8 72 42 C5 20 3A 42
1787904183.477923,34680,1458,12,CD CC 9F 42 7A 14 FE 41 B7 F3 DE 42
1787904183.488738,34680,1459,12,00 00 95 42 52 B8 E2 41 EF A7 7C 42
1787904183.499265,34680,145a,12,CD CC AF 42 66 66 1A 42 89 41 AE 41
1787904183.509834,34680,145b,12,9A 99 CD 42 52 B8 06 42 B8 1E F7 41
1787904183.520643,34680,145c,12,00 00 81 42 7B 14 9E 42 F0 27 4B 42
1787904183.531223,34680,145d,12,9A 99 63 42 14 AE 3D 42 0A 17 82 42
1787904183.541556,34680,145e,12,9A 99 CC 42 33 33 9B 42 9A D9 99 42
1787904183.552705,34680,145f,12,66 66 0E 43 5D 8F 52 42 35 9E C4 42
1787904183.563318,34680,1460,12,33 33 AE 42 66 66 4A 42 46 36 6D 42
1787904183.573906,34680,1461,12,00 00 E0 42 90 C2 65 42 AA B1 81 42
1787904183.584390,34680,1462,12,9A 99 7B 42 14 AE 07 42 FE D4 EA 42
1787904183.594907,34680,1463,12,CD CC D7 42 66 66 4A 42 85 6B 09 42
1787904183.606567,34680,1464,12,00 80 0A 43 00 00 0C 42 23 1B A8 42
1787904183.617005,34680,1465,12,66 66 BE 42 8F C2 77 42 33 B3 50 42
1787904183.627345,34680,1466,12,66 66 8C 42 1F 85 1D 42 D1 E2 BD 42
1787904183.637836,34680,1467,12,33 33 79 42 5C 8F 3A 42 72 68 EE 41
1787904183.648250,34680,1468,12,33 33 98 42 7A 14 FE 41 02 2B 8E 42
1787904183.658770,34680,1469,12,9A 99 C4 42 AE 47 9F 42 75 93 DC 42
1787904183.669274,34680,146a,12,67 66 F1 42 1E 85 41 42 1A 6F 9B 42
1787904183.679638,34680,146b,12,CD CC 93 42 52 B8 91 42 AC 9C 9D 42
1787904183.693279,34680,146c,12,00 00 D4 42 66 66 44 42 CF 37 EC 42
1787904183.704055,34680,146d,12,00 00 13 43 14 AE 8F 42 D3 0D C1 42
1787904183.714893,34680,146e,12,00 00 B4 42 F6 28 08 42 E3 A5 D6 41
1787904183.728523,34680,146f,12,33 33 8F 42 F6 28 93 42 A3 70 C2 42
1787904183.738987,34680,1470,12,66 66 ED 42 15 AE 6D 42 27 31 C7 42
1787904183.752980,34680,1471,12,9A 99 49 42 EC 51 2E 42 D9 4E 28 42
1787904183.763487,34680,1472,12,33 33 AE 42 3D 0A 59 42 95 43 AC 42
1787904183.774070,34680,1473,12,66 66 7C 42 0A D7 2D 42 83 C0 8F 42
1787904183.784401,34680,1474,12,33 33 F9 42 71 3D 72 42 15 AE AA 42
1787904183.794970,34680,1475,12,9A 99 C4 42 D7 A3 8D 42 6B BC CC 42
1787904183.805470,34680,1476,12,66 66 A3 42 F6 28 44 42 16 59 24 42
1787904183.815907,34680,1477,12,9A 99 5F 42 7B 14 92 42 23 DB C0 42
1787904183.831153,34680,1478,12,00 00 83 42 48 E1 99 42 B2 1D 4F 42
1787904183.841619,34680,1479,12,66 66 80 42 0A D7 2D 42 DC 39 9C 42
1787904183.852001,34680,147a,12,9A 99 9D 42 3E 0A C3 41 9C 84 CE 42
1787904183.862543,34680,147b,12,9A 99 92 42 0A D7 45 42 0C 42 E8 42
1787904183.873165,34680,147c,12,CD 4C 12 43 9A 99 9A 42 EB D1 44 42
1787904183.884977,34680,147d,12,66 66 6A 42 85 EB 3D 42 FC A9 E7 42
1787904183.895752,34680,147e,12,CD CC 72 42 00 00 97 42 5A 64 C8 41
1787904183.906332,34680,147f,12,33 33 F1 42 14 AE FB 41 23 DB C0 42
1787904183.916900,34680,1480,12,9A 99 A0 42 1E 85 23 42 87 16 AB 41
1787904183.927339,34680,1481,12,66 66 52 42 AE 47 11 42 F4 7D 51 42
1787904183.937844,34680,1482,12,66 66 8B 42 7A 14 10 42 6B BC 74 42
1787904183.949470,34680,1483,12,CD CC D1 42 1F 85 AB 41 15 2E DC 42
1787904183.959836,34680,1484,12,00 00 60 42 7B 14 04 42 A0 1A BC 42
1787904183.970385,34680,1485,12,CD CC 6C 42 33 33 79 42 06 01 C6 42
1787904183.980903,34680,1486,12,66 66 EE 42 E1 7A 85 42 08 AC AC 41
1787904183.991418,34680,1487,12,00 00 A0 42 C2 F5 8E 42 70 BD A4 42
1787904184.001952,34680,1488,12,9A 99 5B 42 3E 0A FF 41 3F B5 BB 42
1787904184.012597,34680,1489,12,33 33 AD 42 66 66 81 42 3B DF 2B 42
1787904184.023538,34680,148a,12,34 33 11 43 15 AE 6D 42 E5 D0 D9 41
1787904184.034296,34680,148b,12,66 66 85 42 5C 8F 1C 42 27 31 6F 42
1787904184.044949,34680,148c,12,9A 99 0B 43 9A 99 4B 42 F8 13 97 42
1787904184.055687,34680,148d,12,67 66 F1 42 85 EB 31 42 7B 94 B4 42
1787904184.066759,34680,148e,12,CD CC 92 42 E1 7A 42 42 42 E0 03 42
1787904184.077566,34680,148f,12,CD CC A2 42 3E 0A 05 42 CD 4C D0 42
1787904184.088159,34680,1490,12,66 66 05 43 66 66 D2 41 D9 0E 99 42
1787904184.098845,34680,1491,12,33 B3 06 43 AE 47 17 42 A0 9A 32 42
1787904184.109442,34680,1492,12,00 00 8D 42 70 3D 30 42 36 5E 22 42
1787904184.120001,34680,1493,12,9A 99 8E 42 8F C2 C9 41 D7 E3 95 42
1787904184.131093,34680,1494,12,66 66 ED 42 48 E1 DE 41 00 80 01 42
1787904184.141944,34680,1495,12,33 33 09 43 EC 51 98 42 94 D8 C1 42
1787904184.152592,34680,1496,12,33 33 B8 42 CD CC 22 42 7D BF B7 42
1787904184.164076,34680,1497,12,CD CC F1 42 A4 70 C5 41 18 44 98 42
1787904184.174741,34680,1498,12,66 E6 14 43 0A D7 1B 42 B2 DD BF 42
1787904184.185524,34680,1499,12,9A 99 FD 42 E1 7A 06 42 D4 B8 92 42
1787904184.196192,34680,149a,12,66 66 54 42 9A 99 57 42 12 83 4F 42
1787904184.206806,34680,149b,12,9A 99 51 42 0A D7 EB 41 79 69 59 42
1787904184.217846,34680,149c,12,33 33 A2 42 7B 14 9B 42 29 5C CA 42
1787904184.228707,34680,149d,12,34 33 AA 42 33 33 98 42 E4 E5 A8 42
1787904184.239338,34680,149e,12,00 00 62 42 1F 85 59 42 33 B3 50 42
1787904184.249889,34680,149f,12,9A 99 BF 42 33 33 49 42 6B FC B3 42
1787904184.261065,34680,14a0,12,CD CC C3 42 00 00 A0 41 0C 82 77 42
1787904184.271747,34680,14a1,12,34 B3 11 43 D7 A3 5C 42 36 5E F2 41
1787904184.282461,34680,14a2,12,99 99 E9 42 52 B8 8B 42 25 06 09 42
1787904184.295413,34680,14a3,12,66 E6 04 43 F6 28 20 42 6E 12 18 42
1787904184.306269,34680,14a4,12,9A 99 A7 42 C3 F5 B8 41 37 89 E0 42
1787904184.316882,34680,14a5,12,CD CC F7 42 AE 47 99 42 08 2C 71 42
1787904184.327626,34680,14a6,12,CC 4C 01 43 86 EB 43 42 06 01 0B 42
1787904184.338362,34680,14a7,12,00 00 F0 42 D7 A3 A8 41 F0 27 A3 42
1787904184.349100,34680,14a8,12,33 B3 02 43 29 5C 82 42 83 40 06 42
1787904184.359746,34680,14a9,12,9A 19 0F 43 D6 A3 4A 42 46 76 AC 42
1787904184.370387,34680,14aa,12,66 66 90 42 0A D7 91 42 FA 7E 29 42
1787904184.380825,34680,14ab,12,33 33 D1 42 52 B8 54 42 2F 1D BB 42
1787904184.391587,34680,14ac,12,00 00 76 42 85 EB 9E 42 C6 CB 0B 42
1787904184.402393,34680,14ad,12,33 33 00 43 14 AE FB 41 E4 25 38 42
1787904184.413021,34680,14ae,12,CD CC D4 42 F6 28 26 42 33 F3 8F 42
1787904184.423659,34680,14af,12,9A 99 75 42 CD CC 5E 42 1F C5 A1 42
1787904184.434366,34680,14b0,12,00 00 EE 42 52 B8 97 42 49 8C CB 42
1787904184.464144,34680,14b1,12,66 66 78 42 48 E1 EA 41 56 0E 55 42
1787904184.496575,34680,14b2,12,CC 4C 07 43 8F C2 4D 42 42 E0 BE 42
1787904184.508399,34680,14b3,12,00 00 94 42 0A D7 9D 42 A8 86 E1 42
1787904184.520211,34680,14b4,12,CD CC B7 42 47 E1 56 42 A4 F0 38 42
1787904184.531770,34680,14b5,12,9A 99 4D 42 29 5C 75 42 7F 6A EC 42
1787904184.543255,34680,14b6,12,9A 99 06 43 E2 7A 12 42 AE 47 17 42
1787904184.554273,34680,14b7,12,9A 99 C4 42 E1 7A 8E 42 48 A1 AF 42
1787904184.565672,34680,14b8,12,00 00 C1 42 D7 A3 20 42 73 E8 A7 42
1787904184.576390,34680,14b9,12,9A 99 98 42 EC 51 86 42 B4 C8 20 42
1787904184.587065,34680,14ba,12,66 66 CD 42 7B 14 C2 41 54 E3 51 42
1787904184.602472,34680,14bb,12,CD CC E1 42 C2 F5 E8 41 64 3B 6B 42
1787904184.614817,34680,14bc,12,00 00 7E 42 86 EB 25 42 06 81 94 42
1787904184.625539,34680,14bd,12,CD CC 0A 43 5C 8F 4C 42 76 FE C6 42
1787904184.636120,34680,14be,12,99 99 F5 42 66 66 32 42 6F 92 49 42
1787904184.646803,34680,14bf,12,33 33 9F 42 C3 F5 A0 41 5A A4 9A 42
1787904184.658267,34680,14c0,12,99 99 F8 42 29 5C 82 42 29 1C 80 42
1787904184.669580,34680,14c1,12,33 33 89 42 7B 14 1C 42 E8 FB C7 42
1787904184.680386,34680,14c2,12,00 80 13 43 5C 8F 28 42 6E 12 18 42
1787904184.690997,34680,14c3,12,9A 99 8C 42 7B 14 34 42 89 C1 0F 42
1787904184.701827,34680,14c4,12,66 66 F4 42 7B 14 92 42 B2 9D ED 41
1787904184.712561,34680,14c5,12,CD CC B4 42 E1 7A 6C 42 2D 72 86 42
1787904184.723260,34680,14c6,12,33 33 B4 42 B8 1E 5D 42 76 FE C6 42
1787904184.734053,34680,14c7,12,66 66 60 42 29 5C EB 41 37 49 96 42
1787904184.744842,34680,14c8,12,CD CC 03 43 CC CC 4C 42 CD 8C B7 42
1787904184.755917,34680,14c9,12,00 00 98 42 99 99 5D 42 C2 75 C0 42
1787904184.770467,34680,14ca,12,CC CC C6 42 AE 47 84 42 76 BE DF 42
1787904184.781450,34680,14cb,12,66 E6 0E 43 C2 F5 8B 42 42 60 A2 41
1787904184.792451,34680,14cc,12,66 66 86 42 B8 1E 0F 42 CB 21 CD 42
1787904184.803295,34680,14cd,12,CC CC A7 42 1F 85 65 42 F4 7D A9 42
1787904184.814190,34680,14ce,12,33 33 CA 42 EC 51 9E 42 95 C3 DD 42
1787904184.824861,34680,14cf,12,66 66 EE 42 52 B8 1E 42 5A 24 CC 42
1787904184.835464,34680,14d0,12,00 00 DE 42 5C 8F FE 41 20 30 8C 42
1787904184.849238,34680,14d1,12,00 80 15 43 71 3D 72 42 7B 14 FB 41
1787904184.860684,34680,14d2,12,66 66 E0 42 A4 70 83 42 D5 38 C4 42
1787904184.872077,34680,14d3,12,66 66 ED 42 9A 99 97 42 DD 64 9F 42
1787904184.882953,34680,14d4,12,00 00 B9 42 CD CC E0 41 EC 11 84 42
1787904184.893641,34680,14d5,12,33 33 C0 42 9A 99 E5 41 11 18 BD 42
1787904184.909916,34680,14d6,12,66 66 7A 42 A4 70 2B 42 68 91 71 42
1787904184.920634,34680,14d7,12,CD CC C8 42 47 E1 56 42 7F EA 62 42
1787904184.931264,34680,14d8,12,66 66 9B 42 34 33 8F 42 68 D1 B0 42
1787904184.942276,34680,14d9,12,9A 99 01 43 00 00 24 42 E8 FB 0C 42
1787904184.953206,34680,14da,12,34 B3 0B 43 86 EB F5 41 83 40 C1 42
1787904184.963857,34680,14db,12,00 00 C2 42 3E 0A FF 41 A2 C5 8D 42
1787904184.974484,34680,14dc,12,CD CC 7E 42 7B 14 80 42 95 43 54 42
1787904184.987256,34680,14dd,12,CD 4C 10 43 EC 51 BC 41 FA BE CB 42
1787904184.997899,34680,14de,12,66 66 68 42 F6 28 E4 41 02 2B 8E 42
1787904185.008691,34680,14df,12,9A 99 CF 42 CC CC 16 42 C3 F5 A3 41
1787904185.019268,34680,14e0,12,9A 99 77 42 85 EB C5 41 A8 46 3F 42
1787904185.030160,34680,14e1,12,66 66 A3 42 7A 14 95 42 4C 77 E7 42
1787904185.041077,34680,14e2,12,9A 99 C6 42 A4 70 43 42 20 30 34 42
1787904185.051730,34680,14e3,12,33 33 9C 42 A3 70 79 42 49 8C CB 42
1787904185.062180,34680,14e4,12,66 66 D2 42 29 5C EB 41 DF 4F 00 42
1787904185.072814,34680,14e5,12,9A 99 DC 42 F6 28 02 42 9C C4 5D 42
1787904185.083426,34680,14e6,12,33 33 E8 42 5C 8F E6 41 14 2E 21 42
1787904185.095784,34680,14e7,12,00 00 86 42 CD CC 10 42 00 00 33 42
1787904185.106483,34680,14e8,12,34 33 AA 42 33 33 89 42 CD CC 9E 42
1787904185.117049,34680,14e9,12,33 33 C7 42 7B 14 22 42 34 33 1F 42
1787904185.127595,34680,14ea,12,66 66 D9 42 A4 70 E9 41 89 81 80 42
1787904185.138200,34680,14eb,12,33 B3 02 43 3E 0A 11 42 DF 4F D0 41
1787904185.149028,34680,14ec,12,00 80 11 43 0A D7 21 42 CA E1 82 42
1787904185.159811,34680,14ed,12,CD CC D5 42 00 00 00 42 4C 37 9D 42
1787904185.170407,34680,14ee,12,CC CC CC 42 E2 7A 97 42 90 42 19 42
1787904185.182001,34680,14ef,12,33 B3 02 43 5C 8F 34 42 7B 14 E6 42
1787904185.192574,34680,14f0,12,66 66 0E 43 52 B8 A6 41 B7 73 AD 42
1787904185.203334,34680,14f1,12,CC CC 13 43 5C 8F 8F 42 CA E1 82 42
1787904185.214538,34680,14f2,12,66 66 8A 42 0A D7 DF 41 3A B4 E3 42
1787904185.225424,34680,14f3,12,33 33 4B 42 85 EB 2B 42 75 13 53 42
1787904185.236190,34680,14f4,12,00 00 E7 42 33 33 31 42 12 03 1E 42
1787904185.246902,34680,14f5,12,9A 99 B2 42 85 EB 86 42 4C 77 84 42
1787904185.257706,34680,14f6,12,9A 99 AD 42 B8 1E D9 41 B4 C8 DB 42
1787904185.268388,34680,14f7,12,9A 99 7F 42 48 E1 87 42 7F 2A A2 42
1787904185.282783,34680,14f8,12,9A 99 9C 42 B8 1E D9 41 D7 A3 AE 42
1787904185.295293,34680,14f9,12,67 66 E2 42 0A D7 69 42 06 81 3C 42
1787904185.306747,34680,14fa,12,CD CC 80 42 52 B8 7E 42 27 B1 3D 42
1787904185.319666,34680,14fb,12,9A 19 03 43 52 B8 97 42 70 3D 1B 42
1787904185.337877,34680,14fc,12,9A 99 61 42 A4 70 25 42 B8 DE 97 42
1787904185.348049,34680,14fd,12,00 00 80 42 A4 70 43 42 F4 BD 90 42
1787904185.358564,34680,14fe,12,CC CC 07 43 52 B8 60 42 D2 22 4D 42
1787904185.369250,34680,14ff,12,99 99 DF 42 F6 28 90 42 A3 70 6A 42
1787904185.379848,34680,1500,12,66 66 72 42 00 00 82 42 EC 11 84 42
1787904185.390455,34680,1501,12,33 33 D2 42 CC CC 1C 42 A8 46 3F 42
1787904185.401037,34680,1502,12,33 33 96 42 8F C2 BD 41 67 66 6E 42
1787904185.411682,34680,1503,12,34 33 BC 42 CC CC 83 42 D5 78 53 42
1787904185.422208,34680,1504,12,9A 99 79 42 14 AE 0D 42 CF B7 BA 42
1787904185.432897,34680,1505,12,33 33 8A 42 52 B8 85 42 E1 7A D3 41
1787904185.443598,34680,1506,12,CC CC C5 42 9A 99 4B 42 74 53 92 42
1787904195.461724,34680,1508,12,CC 4C 07 43 00 00 18 42 34 33 1F 42
1787904195.471684,34680,1509,12,66 66 D1 42 29 5C 51 42 AC 9C 9D 42
1787904195.482368,34680,150a,12,34 33 AA 42 9A 99 27 42 06 01 0B 42
1787904195.493933,34680,150b,12,9A 99 E1 42 0A D7 94 42 6F D2 EB 42
1787904195.504670,34680,150c,12,CC CC A1 42 7B 14 F2 41 5E BA 61 42
1787904195.515311,34680,150d,12,9A 99 CC 42 EC 51 E0 41 AE C7 48 42
1787904195.526000,34680,150e,12,66 66 DD 42 3D 0A AB 41 94 58 90 42
1787904195.536494,34680,150f,12,00 00 9C 42 D7 A3 90 42 0C 02 B3 41
1787904195.546930,34680,1510,12,CD CC 4A 42 29 5C 4B 42 C6 CB 6E 42
1787904195.559655,34680,1511,12,33 33 6D 42 E1 7A 6C 42 9A D9 99 42
1787904195.570141,34680,1512,12,34 33 FE 42 C3 F5 88 42 11 18 BD 42
1787904195.580515,34680,1513,12,33 33 87 42 0A D7 1B 42 98 EE E0 42
1787904195.591644,34680,1514,12,9A 99 C4 42 AE 47 8D 42 6A BC E1 41
1787904195.605461,34680,1515,12,00 00 85 42 B8 1E 1B 42 8A 81 E3 42
1787904195.615829,34680,1516,12,66 66 82 42 5C 8F 4C 42 E8 FB 0C 42
1787904195.626278,34680,1517,12,CD CC 84 42 29 5C 1B 42 4E E2 D1 42
1787904195.636738,34680,1518,12,9A 99 97 42 B8 1E 51 42 D7 63 C7 42
1787904195.665328,34680,1519,12,9A 99 0F 43 66 66 81 42 A3 70 C2 42
1787904195.676743,34680,151a,12,00 00 85 42 00 00 3C 42 5A 24 CC 42
1787904195.691597,34680,151b,12,CD CC 98 42 EC 51 28 42 46 F6 DD 42
1787904195.721862,34680,151c,12,66 66 99 42 00 00 60 42 AE 07 EB 42
1787904195.732082,34680,151d,12,33 33 FA 42 00 00 8B 42 16 D9 C2 41
1787904195.743424,34680,151e,12,00 00 B3 42 33 33 5B 42 C9 76 98 42
1787904195.754587,34680,151f,12,67 66 FB 42 48 E1 F6 41 C9 76 40 42
1787904195.765184,34680,1520,12,9A 99 D0 42 A4 70 6D 42 79 A9 98 42
1787904195.775748,34680,1521,12,CD CC 97 42 00 00 06 42 31 C8 8C 42
1787904195.786373,34680,1522,12,CD CC C8 42 5C 8F DA 41 2D 72 86 42
1787904195.797379,34680,1523,12,9A 99 14 43 52 B8 CA 41 7F 6A 31 42
1787904195.807790,34680,1524,12,33 B3 00 43 29 5C 3F 42 20 30 34 42
1787904195.819506,34680,1525,12,9A 99 A6 42 9A 99 4B 42 D5 78 53 42
1787904195.830276,34680,1526,12,99 99 D2 42 14 AE 95 42 00 80 BC 42
1787904195.841132,34680,1527,12,66 66 4A 42 E1 7A 6C 42 33 F3 8F 42
1787904195.851662,34680,1528,12,CD CC 60 42 85 EB 98 42 E4 25 90 42
1787904195.862479,34680,1529,12,CD CC 93 42 0A D7 AF 41 00 80 BC 42
1787904195.873032,34680,152a,12,9A 99 A7 42 29 5C 21 42 8D 17 D1 42
1787904195.883697,34680,152b,12,66 66 04 43 7B 14 8F 42 50 8D A3 42
1787904195.894162,34680,152c,12,9A 99 89 42 EC 51 8F 42 D9 4E 28 42
1787904195.904741,34680,152d,12,33 B3 01 43 0A D7 8B 42 1F 85 CF 41
1787904195.915721,34680,152e,12,CD CC A9 42 5C 8F F2 41 00 00 8B 42
1787904195.926239,34680,152f,12,00 00 03 43 EB 51 52 42 7D FF 9E 42
1787904195.946434,34680,1530,12,9A 19 02 43 0A D7 03 42 BA 49 2A 42
1787904195.956880,34680,1531,12,9A 99 B5 42 A4 70 01 42 16 D9 C2 41
1787904195.967461,34680,1532,12,33 33 E8 42 AE 47 17 42 5D 4F CF 42
1787904195.978034,34680,1533,12,66 E6 01 43 90 C2 41 42 27 31 C7 42
1787904195.988567,34680,1534,12,CC CC C0 42 D7 A3 32 42 F2 52 A6 42
1787904196.002115,34680,1535,12,9A 99 E6 42 CD CC BC 41 31 08 1C 42
1787904196.012998,34680,1536,12,9A 99 A7 42 8F C2 77 42 3A 34 B2 42
1787904196.023670,34680,1537,12,33 33 83 42 7B 14 8F 42 79 69 B1 42
1787904196.034624,34680,1538,12,00 00 C5 42 29 5C 69 42 95 43 54 42
1787904196.050731,34680,1539,12,00 00 B6 42 8F C2 0B 42 F6 A8 54 42
1787904196.065378,34680,153a,12,CD CC 6C 42 29 5C 39 42 A0 1A 64 42
1787904196.077982,34680,153b,12,00 00 60 42 66 66 93 42 46 36 6D 42
1787904196.089112,34680,153c,12,66 E6 06 43 E1 7A E8 41 46 B6 A8 41
1787904196.100221,34680,153d,12,00 00 AA 42 71 3D 7E 42 A0 DA D4 42
1787904196.111382,34680,153e,12,00 00 98 42 85 EB AD 41 91 ED A5 42
1787904196.123440,34680,153f,12,CC CC AD 42 00 00 6C 42 6F 92 A1 42
1787904196.135746,34680,1540,12,00 80 12 43 F6 28 74 42 B4 C8 20 42
1787904196.146432,34680,1541,12,00 00 ED 42 00 00 97 42 27 31 DC 41
1787904196.157463,34680,1542,12,9A 19 11 43 5D 8F 52 42 B4 08 C3 42
1787904196.168246,34680,1543,12,CC CC B8 42 CC CC 9B 42 5D 0F E8 42
1787904196.180616,34680,1544,12,66 66 A9 42 D7 A3 6E 42 7D 3F FE 41
1787904196.190962,34680,1545,12,CD CC D3 42 0A D7 15 42 44 8B 38 42
1787904196.201355,34680,1546,12,66 66 15 43 3E 0A 6B 42 2B C7 B4 42
1787904196.211675,34680,1547,12,33 33 E0 42 7B 14 46 42 49 4C E4 42
1787904196.222681,34680,1548,12,CD CC 9C 42 E1 7A 18 42 A2 45 D4 41
1787904196.233268,34680,1549,12,9A 19 01 43 3E 0A 11 42 94 58 90 42
1787904196.243709,34680,154a,12,CD 4C 09 43 5C 8F 92 42 71 7D BD 42
1787904196.254148,34680,154b,12,CD CC DD 42 D7 A3 A8 41 16 D9 C2 41
1787904196.264667,34680,154c,12,00 00 F3 42 B8 1E 2D 42 B8 1E F7 41
1787904196.275257,34680,154d,12,CC CC B8 42 66 66 A2 41 25 06 D9 41
1787904196.285917,34680,154e,12,00 00 54 42 00 00 36 42 AE 47 17 42
1787904196.296504,34680,154f,12,66 66 BB 42 70 3D 18 42 4E 62 48 42
1787904196.307129,34680,1550,12,00 80 12 43 AE 47 B1 41 B8 DE 97 42
1787904196.318517,34680,1551,12,9A 19 15 43 1F 85 5F 42 B0 72 D5 42
1787904196.328994,34680,1552,12,33 B3 0E 43 3E 0A 0B 42 52 B8 BB 41
1787904196.339520,34680,1553,12,00 00 B0 42 90 C2 17 42 7A D4 9B 42
1787904196.350274,34680,1554,12,CD CC C3 42 85 EB 67 42 D5 78 AB 42
1787904196.361063,34680,1555,12,9A 99 C9 42 7B 14 83 42 98 AE 96 42
1787904196.373230,34680,1556,12,CD 4C 0B 43 52 B8 4E 42 91 2D 8D 42
1787904196.384823,34680,1557,12,66 E6 12 43 E1 7A 42 42 42 E0 03 42
1787904196.395445,34680,1558,12,66 66 BA 42 00 00 72 42 36 1E 93 42
1787904196.406044,34680,1559,12,00 00 CC 42 14 AE 1F 42 83 C0 8F 42
1787904196.416508,34680,155a,12,66 66 84 42 AE 47 77 42 DF 4F BB 42
1787904196.426950,34680,155b,12,00 00 58 42 7B 14 DA 41 1A AF 82 42
1787904196.437471,34680,155c,12,34 B3 0B 43 AE 47 05 42 4C 37 B2 41
1787904196.447921,34680,155d,12,CD CC B5 42 52 B8 0C 42 F2 92 8D 42
1787904196.458315,34680,155e,12,9A 99 EF 42 B8 1E E5 41 29 5C DF 41
1787904196.468757,34680,155f,12,CD CC 09 43 85 EB 86 42 70 3D 1B 42
1787904196.479202,34680,1560,12,9A 99 F2 42 C2 F5 E8 41 A0 1A BC 42
1787904196.489779,34680,1561,12,9A 99 49 42 7B 14 64 42 F6 28 F3 41
1787904196.501398,34680,1562,12,00 80 05 43 B8 1E 15 42 81 15 BE 42
1787904196.511914,34680,1563,12,66 66 88 42 1F 85 93 42 2B 47 E6 42
1787904196.522478,34680,1564,12,66 66 48 42 90 C2 3B 42 C2 F5 8E 42
1787904196.532852,34680,1565,12,33 33 D4 42 52 B8 B2 41 A2 C5 8D 42
1787904196.543673,34680,1566,12,9A 99 BC 42 33 33 55 42 D7 63 C7 42
1787904196.554284,34680,1567,12,33 33 F8 42 F6 28 84 42 B0 32 8B 42
1787904196.564801,34680,1568,12,66 66 5A 42 0A D7 57 42 DD A4 2E 42
1787904196.575385,34680,1569,12,66 E6 00 43 A4 70 37 42 81 55 A5 42
1787904196.585946,34680,156a,12,66 E6 12 43 85 EB 61 42 48 A1 AF 42
1787904196.596549,34680,156b,12,9A 99 57 42 0A D7 45 42 46 B6 93 42
1787904196.606835,34680,156c,12,00 00 48 42 AE 47 99 42 96 43 C1 41
1787904196.617453,34680,156d,12,33 33 49 42 85 EB 8F 42 E9 E6 E3 42
1787904196.627961,34680,156e,12,00 00 8C 42 A4 70 8C 42 35 DE 53 42
1787904196.638376,34680,156f,12,CD 4C 12 43 1F 85 11 42 17 99 C6 42
1787904196.649307,34680,1570,12,00 00 E6 42 00 00 60 42 21 B0 D2 41
1787904196.659755,34680,1571,12,CC CC AC 42 0A D7 1B 42 37 09 57 42
1787904196.670128,34680,1572,12,33 33 9E 42 E1 7A 9D 42 81 15 BE 42
1787904196.680545,34680,1573,12,9A 99 0D 43 C2 F5 82 42 D5 F8 DC 42
1787904196.691107,34680,1574,12,33 33 FB 42 5C 8F 0A 42 79 E9 27 42
1787904196.701507,34680,1575,12,33 33 8B 42 EC 51 3A 42 3B 5F B5 42
1787904196.711977,34680,1576,12,00 00 89 42 C2 F5 48 42 3B 5F 5D 42
1787904196.722463,34680,1577,12,00 00 0C 43 7B 14 8F 42 EE BC B8 42
1787904196.733018,34680,1578,12,66 66 92 42 C3 F5 88 42 F6 A8 54 42
1787904196.750834,34680,1579,12,CD CC A9 42 C2 F5 2A 42 40 B5 00 42
1787904196.761379,34680,157a,12,9A 99 A4 42 D7 A3 56 42 98 AE 96 42
1787904196.772810,34680,157b,12,CD CC E2 42 00 00 82 42 CF F7 B6 41
1787904196.783655,34680,157c,12,9A 99 E3 42 5C 8F 10 42 75 13 53 42
1787904196.794230,34680,157d,12,33 33 B4 42 E1 7A AC 41 4A 0C 9A 42
