ts,event,session,payload_len,payload_hex
1787904687.419962,34680,008b,12,66 66 9E 42 85 EB 92 42 3E CA 9F 42
1787904687.421206,34680,008c,12,00 80 08 43 00 00 91 42 CD 0C E9 42
1787904687.431540,34680,008d,12,00 00 D5 42 48 E1 68 42 25 06 C4 42
1787904687.442064,34680,008e,12,66 66 10 43 66 66 9C 42 DF CF 31 42
1787904687.452569,34680,008f,12,00 80 0B 43 3E 0A DB 41 8A C1 CA 42
1787904687.462994,34680,0090,12,00 00 D3 42 C2 F5 C4 41 4C F7 B5 42
1787904687.474060,34680,0091,12,00 00 03 43 33 33 13 42 62 90 36 42
1787904687.484446,34680,0092,12,33 33 5B 42 5C 8F 04 42 C0 4A 02 42
1787904687.495111,34680,0093,12,66 66 4C 42 C2 F5 C4 41 3E 0A 2F 42
1787904687.538556,34680,0094,12,CC 4C 15 43 85 EB 79 42 BE 9F 30 42
1787904687.549259,34680,0095,12,66 66 14 43 9A 99 39 42 29 5C 72 42
1787904687.562684,34680,0096,12,9A 99 9D 42 D7 A3 A8 41 3B 1F CE 42
1787904687.574086,34680,0097,12,CD CC A8 42 0A D7 AF 41 B2 1D 4F 42
1787904687.584617,34680,0098,12,00 00 FE 42 00 00 AC 41 F2 D2 1C 42
1787904687.595198,34680,0099,12,9A 99 BC 42 29 5C 82 42 21 B0 65 42
1787904687.607285,34680,009a,12,33 33 F3 42 29 5C 1B 42 A0 9A 8A 42
1787904687.619070,34680,009b,12,CD CC 98 42 CD CC E0 41 0E AD D2 42
1787904687.630446,34680,009c,12,CC CC CD 42 E1 7A 06 42 BC 74 2D 42
1787904687.640796,34680,009d,12,66 66 DF 42 7B 14 98 42 21 B0 BD 42
1787904687.652967,34680,009e,12,66 66 BD 42 00 00 9D 42 0C 02 B3 41
1787904687.663251,34680,009f,12,33 33 A2 42 70 3D D6 41 C2 F5 36 42
1787904687.674108,34680,00a0,12,CD CC F1 42 7B 14 8F 42 95 43 AC 42
1787904687.684631,34680,00a1,12,33 33 A2 42 48 E1 D2 41 A6 DB AC 42
1787904687.695512,34680,00a2,12,00 00 A7 42 CD CC 10 42 00 C0 A3 42
1787904687.706216,34680,00a3,12,CD CC AA 42 A4 70 95 42 8F 42 D4 42
1787904687.716727,34680,00a4,12,00 00 B8 42 52 B8 A6 41 CD 4C D0 42
1787904687.727263,34680,00a5,12,66 66 10 43 33 33 73 42 1F C5 A1 42
1787904687.737838,34680,00a6,12,9A 99 83 42 33 33 43 42 B0 72 7D 42
1787904687.748331,34680,00a7,12,66 66 DA 42 F6 28 D8 41 7D BF B7 42
1787904687.758766,34680,00a8,12,99 99 DF 42 71 3D 6C 42 C5 20 3A 42
1787904687.772941,34680,00a9,12,00 00 B0 42 5C 8F 89 42 F2 12 BF 42
1787904687.784046,34680,00aa,12,00 00 9F 42 A4 70 37 42 31 08 D7 42
1787904687.794732,34680,00ab,12,34 33 04 43 14 AE 13 42 FE 54 B9 42
1787904687.805639,34680,00ac,12,00 00 13 43 E2 7A 5A 42 25 06 09 42
1787904687.816175,34680,00ad,12,9A 99 92 42 1F 85 4D 42 76 FE C6 42
1787904687.826931,34680,00ae,12,33 33 10 43 A4 70 4F 42 25 06 6C 42
1787904687.837498,34680,00af,12,33 33 AE 42 B8 1E D9 41 2D B2 D0 42
1787904687.856985,34680,00b0,12,9A 99 B7 42 B8 1E 4B 42 E8 FB C7 42
1787904687.867742,34680,00b1,12,CD 4C 0B 43 9A 99 0F 42 7F 6A 31 42
1787904687.878179,34680,00b2,12,33 33 90 42 00 00 94 42 8C 6C 44 42
1787904687.888721,34680,00b3,12,CD CC 74 42 48 E1 8D 42 EF A7 7C 42
1787904687.899337,34680,00b4,12,66 66 A4 42 14 AE 0D 42 3B 5F 5D 42
1787904687.909976,34680,00b5,12,00 00 C8 42 F6 28 5C 42 29 1C E3 42
1787904687.921037,34680,00b6,12,33 33 0D 43 0A D7 2D 42 3E 8A B8 42
1787904687.931698,34680,00b7,12,9A 99 CF 42 E1 7A E8 41 76 FE C6 42
1787904687.942361,34680,00b8,12,33 33 C5 42 5C 8F 89 42 08 2C C9 42
1787904687.952908,34680,00b9,12,9A 19 08 43 5C 8F FE 41 B0 72 D5 42
1787904687.963450,34680,00ba,12,00 00 F6 42 7B 14 70 42 D9 8E CA 42
1787904687.974242,34680,00bb,12,33 33 C6 42 EC 51 89 42 3B DF E6 42
1787904687.985282,34680,00bc,12,00 00 DE 42 8F C2 A5 41 8C EC 12 42
1787904687.995879,34680,00bd,12,33 33 C5 42 CC CC 8C 42 FE 54 61 42
1787904688.006298,34680,00be,12,34 33 05 43 33 33 79 42 E4 65 DA 42
1787904688.017355,34680,00bf,12,CD CC 9C 42 34 33 95 42 37 49 96 42
1787904688.027940,34680,00c0,12,9A 99 67 42 3E 0A 90 42 4E 62 A0 42
1787904688.038453,34680,00c1,12,66 66 B8 42 14 AE 19 42 D5 F8 21 42
1787904688.049094,34680,00c2,12,66 E6 11 43 48 E1 2C 42 68 51 E2 42
1787904688.059681,34680,00c3,12,00 00 98 42 5C 8F 46 42 79 E9 27 42
1787904688.070841,34680,00c4,12,66 66 0B 43 5C 8F 22 42 F0 27 A3 42
1787904688.081661,34680,00c5,12,9A 19 08 43 90 C2 9C 42 F4 FD 1F 42
1787904688.092214,34680,00c6,12,9A 99 8B 42 AE 47 47 42 EE 3C 87 42
1787904688.102946,34680,00c7,12,66 66 E7 42 0A D7 F7 41 AA B1 81 42
1787904688.113352,34680,00c8,12,67 66 FF 42 48 E1 A2 41 3B 5F 5D 42
1787904688.124033,34680,00c9,12,66 66 E3 42 86 EB 9B 42 48 21 E1 42
1787904688.134692,34680,00ca,12,CC CC A6 42 90 C2 8A 42 EC 51 E3 41
1787904688.145135,34680,00cb,12,33 33 FB 42 00 00 DC 41 68 91 71 42
1787904688.158978,34680,00cc,12,9A 99 BD 42 14 AE A7 41 5A E4 E4 42
1787904688.169536,34680,00cd,12,00 00 7A 42 70 3D 8E 42 F2 D2 1C 42
1787904688.181857,34680,00ce,12,33 33 91 42 C3 F5 12 42 EE FC 9F 42
1787904688.193739,34680,00cf,12,66 66 C7 42 48 E1 14 42 4C 77 84 42
1787904688.205344,34680,00d0,12,66 66 5E 42 F6 28 81 42 FC E9 CE 42
1787904688.215885,34680,00d1,12,CD CC C3 42 71 3D 00 42 00 80 BC 42
1787904688.226415,34680,00d2,12,00 00 AF 42 14 AE 95 42 73 E8 4F 42
1787904688.236898,34680,00d3,12,CD CC 7A 42 CD CC 04 42 2D 32 47 42
1787904688.247488,34680,00d4,12,CC CC BF 42 5C 8F 95 42 1A 6F 9B 42
1787904688.257954,34680,00d5,12,CD CC DF 42 CD CC 04 42 20 30 8C 42
1787904688.268380,34680,00d6,12,67 66 FE 42 14 AE 19 42 90 C2 A2 42
1787904688.279236,34680,00d7,12,9A 99 C2 42 33 33 49 42 A2 45 D4 41
1787904688.290014,34680,00d8,12,9A 99 9C 42 B8 1E 27 42 70 3D 1B 42
1787904688.300700,34680,00d9,12,00 00 7A 42 7B 14 80 42 92 ED BA 41
1787904688.311713,34680,00da,12,66 66 5C 42 29 5C 0F 42 9E AF D1 42
1787904688.322665,34680,00db,12,00 00 4E 42 14 AE FB 41 D5 F8 DC 42
1787904688.333278,34680,00dc,12,CD CC E4 42 A4 70 55 42 3A 34 B2 42
1787904688.343929,34680,00dd,12,9A 99 55 42 0A D7 33 42 E3 A5 D6 41
1787904688.355113,34680,00de,12,33 33 6F 42 EC 51 F8 41 D2 22 4D 42
1787904688.367850,34680,00df,12,66 66 01 43 85 EB 1F 42 6C A7 85 42
1787904688.378815,34680,00e0,12,9A 99 97 42 AE 47 8A 42 46 B6 A8 41
1787904688.389434,34680,00e1,12,CD CC A2 42 AE 47 2F 42 1A AF 2A 42
1787904688.400966,34680,00e2,12,CD CC 54 42 C3 F5 72 42 C2 35 D9 42
1787904688.411580,34680,00e3,12,66 66 02 43 48 E1 38 42 23 DB 68 42
1787904688.422170,34680,00e4,12,00 00 E5 42 00 00 78 42 4C 77 84 42
1787904688.432936,34680,00e5,12,00 00 01 43 99 99 69 42 D9 8E CA 42
1787904688.443501,34680,00e6,12,CD CC 85 42 CD CC F8 41 F4 7D 51 42
1787904688.454356,34680,00e7,12,66 66 EA 42 00 00 9D 42 91 ED A5 42
1787904688.465271,34680,00e8,12,9A 99 4B 42 33 33 49 42 00 80 64 42
1787904688.476958,34680,00e9,12,9A 99 79 42 52 B8 82 42 AC 1C CF 42
1787904688.487532,34680,00ea,12,00 00 F9 42 EC 51 9E 42 10 58 B9 41
1787904688.497980,34680,00eb,12,00 00 68 42 C2 F5 2A 42 AC 1C 77 42
1787904688.508492,34680,00ec,12,66 66 AC 42 52 B8 1E 42 BC 74 FD 41
1787904688.518966,34680,00ed,12,66 66 9A 42 71 3D 54 42 4C 37 9D 42
1787904688.529430,34680,00ee,12,CC CC 07 43 A4 70 3D 42 52 38 1D 42
1787904688.540368,34680,00ef,12,00 00 00 43 29 5C EB 41 4C B7 76 42
1787904688.551448,34680,00f0,12,33 33 0D 43 29 5C 27 42 CB 61 B4 42
1787904688.562371,34680,00f1,12,33 33 6F 42 1F 85 7D 42 A6 9B 0A 42
1787904688.572903,34680,00f2,12,34 33 0A 43 0A D7 69 42 FC 29 B6 42
1787904688.583601,34680,00f3,12,66 E6 00 43 48 E1 02 42 CF B7 BA 42
1787904688.594318,34680,00f4,12,9A 19 0D 43 33 33 25 42 D5 F8 21 42
1787904688.604750,34680,00f5,12,00 00 93 42 C2 F5 8B 42 46 36 C5 42
1787904688.615176,34680,00f6,12,9A 99 C5 42 7B 14 34 42 C9 76 AD 41
1787904688.625719,34680,00f7,12,9A 99 84 42 B8 1E 88 42 F2 D2 7F 42
1787904688.636231,34680,00f8,12,00 00 01 43 00 00 A0 41 1C 5A B7 42
1787904688.646694,34680,00f9,12,CD CC 12 43 A4 70 92 42 C6 8B DF 42
1787904688.663614,34680,00fa,12,CD CC 78 42 B8 1E 6F 42 6B BC 74 42
1787904688.674773,34680,00fb,12,9A 99 5B 42 D7 A3 F0 41 6F 92 A1 42
1787904688.685805,34680,00fc,12,9A 99 A5 42 14 AE 61 42 0C 02 9E 42
1787904688.698070,34680,00fd,12,34 33 CE 42 B8 1E 4B 42 67 26 DF 42
1787904688.710354,34680,00fe,12,00 00 64 42 00 00 4E 42 7F EA 62 42
1787904688.721366,34680,00ff,12,CD CC E7 42 F6 28 9C 42 BA 49 FA 41
1787904688.732342,34680,0100,12,66 E6 15 43 1F 85 C3 41 E5 D0 D9 41
1787904688.745601,34680,0101,12,33 33 A0 42 85 EB 8F 42 16 59 24 42
1787904688.756147,34680,0102,12,66 66 7E 42 15 AE 5B 42 A8 06 B0 42
1787904688.767123,34680,0103,12,33 33 BF 42 9A 99 C1 41 75 D3 C3 42
1787904688.778206,34680,0104,12,9A 19 04 43 86 EB 9B 42 D7 63 C7 42
1787904688.788705,34680,0105,12,00 00 86 42 1F 85 7D 42 DF 4F 00 42
1787904688.799235,34680,0106,12,66 66 C5 42 34 33 8F 42 C5 A0 6B 42
1787904688.810601,34680,0107,12,34 B3 04 43 D7 A3 6E 42 9A 19 81 42
1787904688.821794,34680,0108,12,34 33 B0 42 48 E1 93 42 83 C0 37 42
1787904688.832376,34680,0109,12,66 66 70 42 F6 28 56 42 D1 E2 BD 42
1787904688.842946,34680,010a,12,00 80 05 43 48 E1 8A 42 64 3B 08 42
1787904688.853315,34680,010b,12,33 33 71 42 00 00 12 42 18 C4 C9 42
1787904688.863663,34680,010c,12,66 66 84 42 71 3D 7E 42 FE 54 61 42
1787904688.874183,34680,010d,12,9A 99 5F 42 33 33 55 42 16 D9 C2 41
1787904688.885069,34680,010e,12,CD CC B4 42 C2 F5 94 42 37 89 E0 42
1787904688.896992,34680,010f,12,66 E6 00 43 14 AE 83 42 3B 5F 5D 42
1787904688.907492,34680,0110,12,CD CC E0 42 3D 0A F3 41 3E 0A 87 42
1787904688.918116,34680,0111,12,CD 4C 0A 43 E2 7A 78 42 8F 42 7C 42
1787904688.928706,34680,0112,12,67 66 F1 42 AE 47 ED 41 50 0D 1A 42
1787904688.939170,34680,0113,12,00 00 A8 42 AE 47 77 42 3E 8A 60 42
1787904688.949591,34680,0114,12,CC CC F4 42 5C 8F 22 42 CF 77 18 42
1787904688.959994,34680,0115,12,00 00 B9 42 EC 51 E0 41 D7 A3 C3 41
1787904688.970988,34680,0116,12,CD CC 50 42 A3 70 5B 42 5E 3A 30 42
1787904688.981730,34680,0117,12,00 80 10 43 29 5C 91 42 F4 7D A9 42
1787904688.992425,34680,0118,12,CD CC 99 42 3E 0A 11 42 AA F1 73 42
1787904689.002913,34680,0119,12,66 66 10 43 52 B8 42 42 E8 BB E0 42
1787904689.013333,34680,011a,12,9A 99 05 43 D7 A3 26 42 1F 05 31 42
1787904689.023686,34680,011b,12,00 00 C1 42 C2 F5 82 42 2D B2 D0 42
1787904689.039964,34680,011c,12,00 00 EA 42 A4 70 55 42 B8 9E B0 42
1787904689.050897,34680,011d,12,99 99 D2 42 E2 7A D0 41 CF 37 EC 42
1787904689.062090,34680,011e,12,33 B3 00 43 14 AE 25 42 FC A9 FC 41
1787904689.072765,34680,011f,12,00 00 B1 42 0A D7 3F 42 6B BC 74 42
1787904689.083126,34680,0120,12,CD CC 9F 42 AE 47 96 42 83 C0 37 42
1787904689.099940,34680,0121,12,00 80 01 43 A4 70 3D 42 DD 24 CD 41
1787904689.111192,34680,0122,12,CC CC CE 42 48 E1 1A 42 FC 69 9D 42
1787904689.122173,34680,0123,12,CD 4C 12 43 CD CC C8 41 B6 F3 F3 41
1787904689.132906,34680,0124,12,00 00 F9 42 66 66 4A 42 1C 1A D0 42
1787904689.143331,34680,0125,12,CC CC 13 43 C2 F5 18 42 AC DC E7 42
1787904689.160581,34680,0126,12,66 66 54 42 F6 28 4A 42 27 31 0C 42
1787904689.171004,34680,0127,12,33 33 B2 42 33 33 4F 42 87 56 E0 42
1787904689.181280,34680,0128,12,66 E6 15 43 00 00 E8 41 73 28 8F 42
1787904689.191739,34680,0129,12,33 33 D4 42 52 B8 54 42 E8 FB DC 41
1787904689.202115,34680,012a,12,00 00 BF 42 AE 47 35 42 F6 E8 93 42
1787904689.213891,34680,012b,12,CD CC F0 42 66 66 90 42 EB 51 CE 42
1787904689.224955,34680,012c,12,CD CC 60 42 48 E1 38 42 33 73 C1 42
1787904689.235432,34680,012d,12,CD CC FC 42 5C 8F 58 42 8D D7 E9 42
1787904689.247751,34680,012e,12,33 33 73 42 33 33 B3 41 0C 42 E8 42
1787904689.258460,34680,012f,12,33 33 6B 42 99 99 7B 42 87 D6 AE 42
1787904689.268846,34680,0130,12,9A 99 81 42 E1 7A 42 42 EC 51 E3 41
1787904689.279261,34680,0131,12,66 66 DD 42 D7 A3 56 42 BA 49 82 42
1787904689.289739,34680,0132,12,CD CC FB 42 3E 0A 87 42 6E 12 18 42
1787904689.300258,34680,0133,12,9A 19 08 43 EC 51 34 42 3B 5F B5 42
1787904689.310818,34680,0134,12,66 66 BF 42 66 66 9C 42 B7 33 C6 42
1787904689.321478,34680,0135,12,00 00 EB 42 29 5C 7B 42 8D 97 47 42
1787904689.331800,34680,0136,12,33 33 09 43 14 AE 2B 42 92 ED BA 41
1787904689.342132,34680,0137,12,33 33 CB 42 67 66 6E 42 D2 22 4D 42
1787904689.353367,34680,0138,12,CC 4C 13 43 52 B8 88 42 A6 5B DE 42
1787904689.363959,34680,0139,12,CD CC C4 42 5C 8F 22 42 A0 9A 8A 42
1787904689.375249,34680,013a,12,00 00 C4 42 71 3D 7E 42 73 E8 A7 42
1787904689.385803,34680,013b,12,33 B3 14 43 67 66 62 42 2D F2 B7 42
1787904689.396354,34680,013c,12,9A 99 73 42 7B 14 CE 41 C6 CB 0B 42
1787904689.406852,34680,013d,12,66 66 4E 42 8F C2 A5 41 1C 5A 5F 42
1787904689.417295,34680,013e,12,00 00 DB 42 7B 14 80 42 4A 8C 10 42
1787904689.427971,34680,013f,12,66 66 BF 42 1E 85 23 42 7F 2A A2 42
1787904689.439457,34680,0140,12,66 66 A4 42 70 3D 94 42 60 E5 64 42
1787904689.449918,34680,0141,12,9A 99 49 42 F6 28 9C 42 5E FA A0 42
1787904689.460417,34680,0142,12,00 80 01 43 90 C2 23 42 AA 31 B3 42
1787904689.471145,34680,0143,12,67 66 FC 42 E2 7A 4E 42 6C E7 E4 41
1787904689.481922,34680,0144,12,66 66 7E 42 3E 0A B7 41 3A B4 80 42
1787904689.492527,34680,0145,12,CC CC A6 42 0A D7 85 42 27 B1 3D 42
1787904689.502816,34680,0146,12,33 33 13 43 3E 0A 9C 42 79 E9 E2 42
1787904689.513204,34680,0147,12,00 00 A3 42 1F 85 96 42 A4 70 D7 41
1787904689.528159,34680,0148,12,00 00 06 43 66 66 38 42 3B 5F B5 42
1787904689.538807,34680,0149,12,9A 99 4F 42 3D 0A F3 41 D5 38 C4 42
1787904689.549725,34680,014a,12,66 66 D0 42 EC 51 95 42 2B 87 CD 42
1787904689.560987,34680,014b,12,00 00 8F 42 48 E1 8A 42 E1 FA 8C 42
1787904689.571317,34680,014c,12,9A 99 8A 42 7A 14 76 42 06 81 94 42
1787904689.581707,34680,014d,12,00 80 11 43 14 AE 95 42 DF 4F BB 42
1787904689.592068,34680,014e,12,66 66 95 42 0A D7 03 42 0E ED B9 42
1787904689.602551,34680,014f,12,66 66 D3 42 85 EB 13 42 3A B4 E3 42
1787904689.613013,34680,0150,12,9A 99 96 42 00 00 7E 42 0C 82 77 42
1787904689.623360,34680,0151,12,33 33 AC 42 B8 1E FD 41 12 83 BC 41
1787904689.633768,34680,0152,12,CD CC 9F 42 CD CC 22 42 A3 B0 A9 42
1787904689.644164,34680,0153,12,00 00 DC 42 00 00 0C 42 5A E4 E4 42
1787904689.654582,34680,0154,12,CD CC D5 42 0A D7 8E 42 7F EA 62 42
1787904689.664951,34680,0155,12,99 99 D2 42 A4 70 AD 41 CD CC 9E 42
1787904689.675526,34680,0156,12,CD CC BE 42 A4 70 31 42 27 31 DC 41
1787904689.685873,34680,0157,12,00 00 91 42 48 E1 62 42 91 6D D7 42
1787904689.696390,34680,0158,12,9A 99 90 42 D7 A3 E4 41 B6 B3 94 42
1787904689.706776,34680,0159,12,CD CC B0 42 48 E1 26 42 06 01 C6 42
1787904689.718663,34680,015a,12,33 33 06 43 0A D7 AF 41 83 00 DA 42
1787904689.729584,34680,015b,12,00 00 E7 42 1E 85 29 42 E4 E5 A8 42
1787904689.740026,34680,015c,12,66 66 CE 42 66 66 87 42 9C 44 84 42
1787904689.750608,34680,015d,12,9A 99 03 43 52 B8 30 42 48 E1 96 42
1787904689.761028,34680,015e,12,66 66 B9 42 48 E1 8A 42 DD 24 B8 42
1787904689.771701,34680,015f,12,00 00 A5 42 A4 70 67 42 94 58 90 42
1787904689.789815,34680,0160,12,00 00 4C 42 AE 47 2F 42 66 E6 3C 42
1787904689.803047,34680,0161,12,CD CC 56 42 85 EB 3D 42 8B AC E6 42
1787904689.814206,34680,0162,12,CC CC B8 42 33 33 92 42 18 04 B1 42
1787904689.827134,34680,0163,12,67 66 D6 42 34 33 1F 42 E9 E6 E3 42
1787904689.852295,34680,0164,12,CD CC F1 42 AE 47 0B 42 27 31 6F 42
1787904689.863689,34680,0165,12,9A 19 0D 43 86 EB 25 42 A0 5A A3 42
1787904689.876019,34680,0166,12,33 33 E1 42 E1 7A 1E 42 83 40 C1 42
1787904689.886637,34680,0167,12,00 00 81 42 14 AE BF 41 6C 67 9E 42
1787904689.897205,34680,0168,12,99 99 E8 42 7B 14 89 42 46 F6 DD 42
1787904689.908144,34680,0169,12,34 33 F2 42 F6 28 14 42 C2 75 C0 42
1787904689.918700,34680,016a,12,33 33 D5 42 86 EB 9B 42 EE 7C D1 42
1787904689.931163,34680,016b,12,33 33 C9 42 D7 A3 20 42 4E 62 B5 41
1787904689.941806,34680,016c,12,34 33 0A 43 0A D7 09 42 EB 91 B5 42
1787904689.952286,34680,016d,12,66 66 DA 42 52 B8 97 42 8B AC E6 42
1787904689.962651,34680,016e,12,00 00 A9 42 C3 F5 12 42 D9 CE B1 42
1787904689.972985,34680,016f,12,00 80 04 43 1F 85 FF 41 72 68 EE 41
1787904689.983733,34680,0170,12,00 00 D8 42 C2 F5 24 42 3B 9F 9C 42
1787904689.994278,34680,0171,12,CC 4C 13 43 70 3D 48 42 DC 79 2B 42
1787904690.004593,34680,0172,12,66 66 F4 42 D7 A3 56 42 79 E9 27 42
1787904690.015126,34680,0173,12,66 66 A3 42 F6 28 C0 41 B0 F2 4B 42
1787904690.025714,34680,0174,12,00 00 00 43 8F C2 C9 41 9E EF B8 42
1787904690.036168,34680,0175,12,00 00 83 42 29 5C BB 41 A3 30 DB 42
1787904690.046622,34680,0176,12,9A 99 A6 42 29 5C 51 42 71 3D D6 42
1787904690.056926,34680,0177,12,34 33 CE 42 29 5C 63 42 2D B2 78 42
1787904690.067230,34680,0178,12,00 00 7C 42 CD CC 70 42 C6 8B DF 42
1787904690.077559,34680,0179,12,33 33 07 43 C3 F5 97 42 AA 31 B3 42
1787904690.088969,34680,017a,12,66 66 E3 42 EC 51 E0 41 CF F7 49 42
1787904690.099464,34680,017b,12,9A 99 C4 42 AE 47 7D 42 94 18 51 42
1787904690.109850,34680,017c,12,00 00 A8 42 52 B8 B2 41 6C 67 9E 42
1787904690.120321,34680,017d,12,9A 99 B7 42 AE 47 17 42 A3 70 C2 42
1787904690.130953,34680,017e,12,9A 99 EC 42 9A 99 88 42 E8 7B 3E 42
1787904690.141431,34680,017f,12,33 33 5B 42 33 33 B3 41 B6 F3 F3 41
1787904690.159162,34680,0180,12,9A 19 06 43 9A 99 94 42 CB 61 B4 42
1787904690.169694,34680,0181,12,66 66 D4 42 33 33 79 42 AA B1 E4 42
1787904690.181080,34680,0182,12,34 B3 04 43 8F C2 96 42 C2 75 C0 42
1787904690.191713,34680,0183,12,00 00 93 42 7B 14 16 42 EA 26 10 42
1787904690.202214,34680,0184,12,00 00 8F 42 CD CC C8 41 16 59 24 42
1787904690.217563,34680,0185,12,CD CC E7 42 52 B8 FA 41 8E 17 16 42
1787904690.237406,34680,0186,12,CD CC 8F 42 E1 7A E8 41 8F 42 D4 42
1787904690.248801,34680,0187,12,9A 99 C2 42 A4 70 2B 42 3E 0A 87 42
1787904690.259764,34680,0188,12,CD CC B4 42 F6 28 5C 42 12 83 4F 42
1787904690.270212,34680,0189,12,00 00 14 43 7B 14 16 42 16 59 24 42
1787904690.280888,34680,018a,12,00 00 87 42 66 66 2C 42 C5 60 DC 42
1787904690.291334,34680,018b,12,66 66 B3 42 EC 51 9E 42 27 71 AE 42
1787904690.301921,34680,018c,12,00 00 B4 42 0A D7 AF 41 60 E5 01 42
1787904690.312404,34680,018d,12,00 00 F6 42 52 B8 06 42 3F B5 BB 42
1787904690.322697,34680,018e,12,66 66 50 42 5C 8F 46 42 DD A4 2E 42
1787904690.333094,34680,018f,12,9A 99 CA 42 33 33 8C 42 2D 32 47 42
1787904690.343461,34680,0190,12,66 E6 0F 43 48 E1 7A 42 56 0E 55 42
1787904690.354228,34680,0191,12,66 66 D8 42 29 5C EB 41 A6 5B DE 42
1787904690.364731,34680,0192,12,00 00 CB 42 EC 51 8F 42 A6 5B DE 42
1787904690.375165,34680,0193,12,66 66 98 42 F6 28 68 42 46 36 6D 42
1787904690.385636,34680,0194,12,9A 99 A1 42 3E 0A B7 41 CF F7 49 42
1787904690.396024,34680,0195,12,33 33 9E 42 C2 F5 82 42 C3 75 05 42
1787904690.406612,34680,0196,12,9A 19 10 43 0A D7 2D 42 75 D3 C3 42
1787904690.416946,34680,0197,12,66 66 8A 42 3E 0A 5F 42 B6 B3 94 42
1787904690.427451,34680,0198,12,CD CC 8E 42 EC 51 B0 41 36 5E F2 41
1787904690.437861,34680,0199,12,9A 99 DD 42 7B 14 52 42 9E 2F A0 42
1787904690.448289,34680,019a,12,33 33 93 42 66 66 74 42 0A 17 82 42
1787904690.458658,34680,019b,12,66 66 F5 42 29 5C AF 41 68 11 40 42
1787904690.469521,34680,019c,12,9A 99 0F 43 33 33 31 42 C6 CB 0B 42
1787904690.480340,34680,019d,12,34 33 BD 42 66 66 08 42 33 73 C1 42
1787904690.490878,34680,019e,12,CD 4C 05 43 8F C2 96 42 81 95 8C 42
1787904690.501479,34680,019f,12,00 00 AA 42 B8 1E 15 42 AA F1 CB 42
1787904690.511970,34680,01a0,12,9A 99 87 42 F6 28 0E 42 0E 2D 49 42
1787904690.522295,34680,01a1,12,00 00 C5 42 3D 0A CF 41 C9 B6 E2 42
1787904690.533653,34680,01a2,12,33 33 AF 42 90 C2 47 42 E8 7B 3E 42
1787904690.544239,34680,01a3,12,66 66 02 43 AE 47 05 42 81 D5 D6 42
1787904690.554952,34680,01a4,12,33 33 80 42 D7 A3 32 42 9E EF CD 41
1787904690.565453,34680,01a5,12,00 00 F0 42 29 5C 75 42 AA F1 10 42
1787904690.578744,34680,01a6,12,00 00 12 43 7B 14 1C 42 6C 27 B7 42
1787904690.589415,34680,01a7,12,CD CC 86 42 00 00 E8 41 BE 5F A1 42
1787904690.599958,34680,01a8,12,9A 99 EF 42 EC 51 9B 42 23 DB D5 41
1787904690.612736,34680,01a9,12,00 00 B9 42 EC 51 34 42 DC 79 83 42
1787904690.623705,34680,01aa,12,66 66 AA 42 A4 70 9E 42 71 3D D6 42
1787904690.634429,34680,01ab,12,CC CC 0E 43 48 E1 81 42 71 3D 7E 42
1787904690.645023,34680,01ac,12,CD CC 66 42 D7 A3 E4 41 4C 37 45 42
1787904690.655450,34680,01ad,12,CC 4C 02 43 85 EB C5 41 2F DD 7B 42
1787904690.666031,34680,01ae,12,66 66 AD 42 7B 14 AA 41 9A 19 29 42
1787904690.676568,34680,01af,12,00 80 0A 43 AE 47 99 42 10 98 8B 42
1787904690.686936,34680,01b0,12,33 33 06 43 00 00 94 42 5A 64 5B 42
1787904690.697314,34680,01b1,12,CD CC E1 42 CD CC E0 41 8F 02 ED 42
1787904690.707742,34680,01b2,12,66 66 5A 42 CC CC 1C 42 25 46 AB 42
1787904690.718130,34680,01b3,12,33 33 EB 42 52 B8 B2 41 AC 5C B6 42
1787904690.728552,34680,01b4,12,66 66 03 43 85 EB 86 42 D5 F8 DC 42
1787904690.738904,34680,01b5,12,00 00 0B 43 34 33 7F 42 0C 82 CF 42
1787904690.749255,34680,01b6,12,66 66 E8 42 14 AE E3 41 5A 64 5B 42
1787904690.759758,34680,01b7,12,00 00 F6 42 3D 0A 59 42 5C 0F 85 42
1787904690.770206,34680,01b8,12,67 66 FE 42 00 00 42 42 5E BA 61 42
1787904690.780604,34680,01b9,12,00 00 95 42 8F C2 BD 41 F6 E8 93 42
1787904690.790980,34680,01ba,12,CD CC 7E 42 85 EB 86 42 42 E0 66 42
1787904690.802975,34680,01bb,12,CD CC E0 42 85 EB A1 41 23 DB D5 41
1787904690.813607,34680,01bc,12,34 33 A5 42 70 3D 94 42 96 43 C1 41
1787904690.823994,34680,01bd,12,CD CC 83 42 52 B8 91 42 62 10 D5 41
1787904690.834507,34680,01be,12,33 33 ED 42 1E 85 23 42 2B C7 B4 42
1787904690.844829,34680,01bf,12,CD CC 74 42 52 B8 6C 42 CC 0C 86 42
1787904690.855308,34680,01c0,12,00 80 0B 43 3D 0A 77 42 64 3B 6B 42
1787904690.865931,34680,01c1,12,9A 99 B3 42 8F C2 5F 42 90 02 8A 42
1787904690.876718,34680,01c2,12,9A 99 F3 42 90 C2 ED 41 EE 7C 79 42
1787904690.887470,34680,01c3,12,33 33 C7 42 85 EB E9 41 54 E3 51 42
1787904690.897897,34680,01c4,12,9A 99 C7 42 90 C2 9C 42 98 2E C8 42
1787904690.908277,34680,01c5,12,33 33 DF 42 7B 14 5E 42 00 80 01 42
1787904690.921603,34680,01c6,12,CC CC D8 42 70 3D 88 42 A0 1A D1 41
1787904690.942383,34680,01c7,12,CD CC 9C 42 5C 8F 6A 42 27 B1 3D 42
1787904690.954096,34680,01c8,12,9A 99 BF 42 85 EB DD 41 DD 24 B8 42
1787904690.967463,34680,01c9,12,00 80 02 43 C2 F5 60 42 F6 A8 54 42
1787904690.978040,34680,01ca,12,9A 99 D9 42 5C 8F 2E 42 6E 12 E8 41
1787904690.991002,34680,01cb,12,00 00 AC 42 5C 8F DA 41 2B 87 CD 42
1787904691.001529,34680,01cc,12,00 00 11 43 33 33 BF 41 E3 A5 D6 41
1787904691.013722,34680,01cd,12,66 66 4A 42 70 3D 48 42 99 59 CB 42
1787904691.024336,34680,01ce,12,9A 99 13 43 48 E1 9C 42 F8 D3 57 42
1787904691.035349,34680,01cf,12,00 00 52 42 0A D7 27 42 8C EC 12 42
1787904691.046386,34680,01d0,12,00 80 11 43 5C 8F 64 42 02 2B 36 42
1787904691.056663,34680,01d1,12,66 E6 03 43 0A D7 94 42 1B 2F 5C 42
1787904691.067021,34680,01d2,12,00 00 F4 42 66 66 32 42 25 06 C4 42
1787904691.077389,34680,01d3,12,00 00 02 43 90 C2 8D 42 4C 37 45 42
1787904691.087688,34680,01d4,12,33 33 C9 42 70 3D 30 42 8D 97 9F 42
1787904691.097971,34680,01d5,12,9A 19 0F 43 C2 F5 24 42 0E AD 17 42
1787904691.108243,34680,01d6,12,33 33 87 42 66 66 99 42 A3 B0 A9 42
1787904691.118622,34680,01d7,12,66 66 08 43 0A D7 8E 42 D3 4D 50 42
1787904691.129225,34680,01d8,12,9A 99 09 43 52 B8 54 42 8A C1 CA 42
1787904691.139907,34680,01d9,12,34 B3 11 43 70 3D 97 42 BE 1F BA 42
1787904691.151372,34680,01da,12,CD 4C 10 43 0A D7 0F 42 9E 2F A0 42
1787904691.161832,34680,01db,12,66 66 A1 42 66 66 5C 42 60 65 33 42
1787904691.172301,34680,01dc,12,00 00 C2 42 5C 8F CE 41 A4 70 D7 41
1787904691.182833,34680,01dd,12,CD CC 4A 42 EC 51 95 42 FA 7E F9 41
1787904691.193336,34680,01de,12,66 66 81 42 29 5C 8B 42 A0 1A BC 42
1787904691.203931,34680,01df,12,34 B3 10 43 7B 14 34 42 DF CF 31 42
1787904691.214778,34680,01e0,12,00 00 64 42 66 66 9C 42 68 91 71 42
1787904691.225476,34680,01e1,12,33 33 15 43 15 AE 67 42 0C 02 9E 42
1787904691.237378,34680,01e2,12,9A 99 9F 42 A4 70 92 42 EB D1 9C 42
1787904691.247792,34680,01e3,12,CD CC 64 42 A4 70 98 42 EE 7C D1 42
1787904691.258105,34680,01e4,12,CD CC BB 42 00 00 54 42 70 3D EB 41
1787904691.268432,34680,01e5,12,9A 99 8D 42 E2 7A 00 42 8C 6C 44 42
1787904691.278866,34680,01e6,12,33 33 A1 42 D6 A3 4A 42 4C B7 13 42
1787904691.289436,34680,01e7,12,00 00 B2 42 1F 85 9C 42 C1 0A D6 42
1787904691.301125,34680,01e8,12,9A 99 8B 42 5C 8F B6 41 0E 2D A1 42
1787904691.313500,34680,01e9,12,00 00 F3 42 A4 70 D1 41 54 E3 BE 41
1787904691.325678,34680,01ea,12,66 66 01 43 14 AE 61 42 79 69 B1 42
1787904691.336232,34680,01eb,12,9A 99 E7 42 D7 A3 E4 41 04 56 91 42
1787904691.346667,34680,01ec,12,66 66 D9 42 52 B8 5A 42 68 91 C9 42
1787904691.357189,34680,01ed,12,CD CC DE 42 52 B8 D6 41 F0 A7 E9 41
1787904691.368498,34680,01ee,12,9A 99 B9 42 AE 47 A5 41 D7 E3 95 42
1787904691.379388,34680,01ef,12,66 66 D8 42 85 EB 95 42 AE 87 B9 42
1787904691.389729,34680,01f0,12,66 66 8B 42 B8 1E 21 42 31 C8 8C 42
1787904691.400043,34680,01f1,12,CD CC 54 42 00 00 12 42 C1 0A D6 42
1787904691.410357,34680,01f2,12,33 33 8E 42 D7 A3 02 42 08 EC E1 42
1787904691.420607,34680,01f3,12,00 00 4E 42 66 66 02 42 08 AC AC 41
1787904691.431051,34680,01f4,12,00 80 0C 43 B8 1E B5 41 0C 42 E8 42
1787904691.441584,34680,01f5,12,00 00 9D 42 C3 F5 97 42 D1 E2 BD 42
1787904691.451886,34680,01f6,12,9A 99 DC 42 3E 0A 1D 42 B2 1D 4F 42
1787904691.462177,34680,01f7,12,66 E6 07 43 7A 14 86 42 0A 17 82 42
1787904691.472631,34680,01f8,12,9A 99 CA 42 66 66 32 42 B4 C8 20 42
1787904691.483127,34680,01f9,12,CD CC C7 42 AE 47 8A 42 F0 A7 19 42
1787904691.493487,34680,01fa,12,33 33 E1 42 F6 28 68 42 36 5E F2 41
1787904691.503891,34680,01fb,12,9A 99 D3 42 A4 70 F5 41 DF 4F 63 42
1787904691.514316,34680,01fc,12,66 66 B2 42 90 C2 17 42 44 CB DA 42
1787904691.524760,34680,01fd,12,CD CC 98 42 48 E1 68 42 50 8D A3 42
1787904691.535256,34680,01fe,12,00 00 82 42 66 66 90 42 79 29 CA 42
1787904691.545609,34680,01ff,12,00 80 14 43 00 00 8B 42 A4 F0 38 42
1787904691.555907,34680,0200,12,66 66 01 43 85 EB 31 42 E1 7A BE 42
1787904691.568839,34680,0201,12,34 33 B7 42 0A D7 51 42 6F 12 D3 42
1787904691.583071,34680,0202,12,CD CC 58 42 52 B8 42 42 BE 9F EB 42
1787904691.593522,34680,0203,12,33 33 D1 42 66 66 8D 42 50 0D 1A 42
1787904691.604974,34680,0204,12,CD CC 8F 42 5C 8F 76 42 CA A1 9B 42
1787904691.615447,34680,0205,12,00 00 95 42 AE 47 7D 42 49 8C CB 42
1787904691.625992,34680,0206,12,33 33 C1 42 3E 0A 2F 42 62 10 D5 41
1787904691.636647,34680,0207,12,00 00 D5 42 52 B8 2A 42 6C E7 CF 42
1787904691.647243,34680,0208,12,00 00 8E 42 A4 70 1F 42 17 59 DF 42
1787904691.657750,34680,0209,12,00 00 6E 42 B8 1E 85 42 54 E3 51 42
1787904691.668253,34680,020a,12,CD CC 92 42 B8 1E D9 41 FE 14 D2 42
1787904691.678608,34680,020b,12,66 66 D2 42 E1 7A 1E 42 0C 42 E8 42
1787904691.688966,34680,020c,12,34 33 AA 42 CC CC 3A 42 87 16 AB 41
1787904691.699603,34680,020d,12,9A 99 AA 42 C3 F5 97 42 90 02 8A 42
1787904691.710351,34680,020e,12,66 66 82 42 34 33 61 42 AA 71 42 42
1787904691.721047,34680,020f,12,CD CC FB 42 34 33 61 42 C2 75 68 42
1787904691.731433,34680,0210,12,00 00 11 43 1E 85 23 42 08 AC 3F 42
1787904691.742113,34680,0211,12,66 66 C1 42 00 00 48 42 9C C4 B5 42
1787904691.752421,34680,0212,12,67 66 E6 42 D7 A3 D8 41 5D 4F CF 42
1787904691.767516,34680,0213,12,67 66 F2 42 33 33 0D 42 29 5C CA 42
1787904691.778196,34680,0214,12,CD CC E2 42 34 33 95 42 56 CE C5 42
1787904691.788771,34680,0215,12,9A 99 12 43 CD CC 0A 42 B2 9D ED 41
1787904691.799227,34680,0216,12,9A 99 B5 42 85 EB 37 42 CB 61 B4 42
1787904691.809607,34680,0217,12,66 66 80 42 0A D7 C7 41 48 61 C8 42
1787904691.819974,34680,0218,12,CD CC 9F 42 29 5C 88 42 1B EF CC 42
1787904691.830534,34680,0219,12,CC CC BA 42 1F 85 E7 41 EB 11 E7 42
1787904691.841104,34680,021a,12,CD CC B5 42 C2 F5 7E 42 72 68 EE 41
1787904691.851444,34680,021b,12,CD CC 76 42 AE 47 9F 42 2C 07 44 42
1787904691.862645,34680,021c,12,9A 99 EF 42 5C 8F 92 42 F4 FD 1F 42
1787904691.873168,34680,021d,12,66 66 97 42 B8 1E 7B 42 62 50 A7 42
1787904691.883746,34680,021e,12,33 33 C1 42 1E 85 29 42 50 8D A3 42
1787904691.896116,34680,021f,12,66 E6 12 43 5C 8F 22 42 3F 35 ED 42
1787904691.906939,34680,0220,12,66 66 F6 42 B8 1E C1 41 EE BC B8 42
1787904691.917327,34680,0221,12,33 33 F8 42 1F 85 96 42 60 E5 D1 41
1787904691.927659,34680,0222,12,9A 99 FF 42 9A 99 9D 42 D3 4D BD 41
1787904691.937949,34680,0223,12,CD CC DE 42 1E 85 F3 41 58 B9 26 42
1787904691.948456,34680,0224,12,00 80 12 43 9A 99 F1 41 15 AE 52 42
1787904691.958806,34680,0225,12,67 66 FB 42 EC 51 B0 41 B8 1E F7 41
1787904691.969119,34680,0226,12,9A 19 01 43 5C 8F 28 42 52 B8 BB 41
1787904691.979516,34680,0227,12,66 66 99 42 3E 0A 6B 42 52 F8 8D 42
1787904691.989856,34680,0228,12,CD CC 0C 43 EC 51 16 42 71 3D D6 42
1787904692.000209,34680,0229,12,66 66 0E 43 14 AE 31 42 75 13 53 42
1787904692.010519,34680,022a,12,00 00 8F 42 7B 14 9E 42 D7 23 E0 42
1787904692.020997,34680,022b,12,CC CC E8 42 0A D7 94 42 98 EE E0 42
1787904692.031350,34680,022c,12,66 66 48 42 14 AE 3D 42 50 0D 1A 42
1787904692.042121,34680,022d,12,CC CC F5 42 F6 28 74 42 7F 2A A2 42
1787904692.052424,34680,022e,12,9A 99 EE 42 C2 F5 94 42 FA 7E E4 42
1787904692.070435,34680,022f,12,66 66 8B 42 1F 85 2F 42 D7 A3 C3 41
1787904692.081494,34680,0230,12,00 00 A4 42 D7 A3 56 42 52 78 BF 42
1787904692.092949,34680,0231,12,9A 99 6F 42 F6 28 F0 41 56 8E DE 42
1787904692.103566,34680,0232,12,66 66 81 42 52 B8 9D 42 5A 64 B3 42
1787904692.115428,34680,0233,12,CD CC C2 42 EB 51 7C 42 0E AD D2 42
1787904692.127855,34680,0234,12,66 66 8E 42 86 EB 25 42 BC 74 FD 41
1787904692.139006,34680,0235,12,9A 99 DB 42 29 5C 97 42 1F 85 62 42
1787904692.149784,34680,0236,12,34 B3 05 43 90 C2 90 42 C9 36 B1 42
1787904692.162477,34680,0237,12,9A 99 4D 42 48 E1 9F 42 06 01 0B 42
1787904692.176984,34680,0238,12,CD CC D3 42 AE 47 B1 41 23 DB C0 42
1787904692.187695,34680,0239,12,34 33 0C 43 B8 1E A9 41 D9 CE B1 42
1787904692.198550,34680,023a,12,9A 99 91 42 14 AE 7F 42 66 E6 3C 42
1787904692.209054,34680,023b,12,00 00 86 42 00 00 24 42 D1 22 BA 41
1787904692.219455,34680,023c,12,00 00 09 43 14 AE 7F 42 8C 6C 9C 42
1787904692.229864,34680,023d,12,00 00 F0 42 C2 F5 06 42 EF A7 7C 42
1787904692.240412,34680,023e,12,33 33 9F 42 47 E1 56 42 94 18 A9 42
1787904692.250806,34680,023f,12,00 00 68 42 CC CC 4C 42 BA C9 5B 42
1787904692.261235,34680,0240,12,CC 4C 14 43 71 3D 00 42 08 AC 97 42
1787904692.271765,34680,0241,12,CC CC D9 42 E1 7A 72 42 D1 22 BA 41
1787904692.282229,34680,0242,12,9A 99 63 42 E1 7A 9D 42 98 AE 96 42
1787904692.292499,34680,0243,12,9A 99 99 42 F6 28 84 42 48 61 0D 42
1787904692.302797,34680,0244,12,CD CC 02 43 E1 7A E8 41 44 0B 6A 42
1787904692.313138,34680,0245,12,CC CC B9 42 71 3D 42 42 DF 4F 63 42
1787904692.323846,34680,0246,12,66 66 99 42 C2 F5 1E 42 0E AD 17 42
1787904692.335639,34680,0247,12,66 66 05 43 3D 0A 77 42 E5 90 DD 42
1787904692.347619,34680,0248,12,CC 4C 0E 43 14 AE 13 42 FC 69 9D 42
1787904692.359286,34680,0249,12,9A 99 D8 42 C2 F5 8E 42 9A 19 29 42
1787904692.372036,34680,024a,12,67 66 FE 42 AE 47 A5 41 B6 B3 94 42
1787904692.382406,34680,024b,12,66 66 8A 42 EC 51 F8 41 6C E7 CF 42
1787904692.392820,34680,024c,12,9A 99 4F 42 34 33 80 42 9C C4 B5 42
1787904692.403294,34680,024d,12,33 33 E1 42 52 B8 00 42 5E BA 61 42
1787904692.413957,34680,024e,12,00 00 EC 42 5C 8F 58 42 0C 82 CF 42
1787904692.424671,34680,024f,12,00 00 07 43 EC 51 83 42 00 80 01 42
1787904692.435258,34680,0250,12,66 66 5E 42 48 E1 02 42 1F 05 EC 42
1787904692.445597,34680,0251,12,9A 99 8B 42 14 AE 98 42 06 81 94 42
1787904692.455976,34680,0252,12,66 66 6C 42 C3 F5 AC 41 F6 A8 54 42
1787904692.467613,34680,0253,12,00 00 0D 43 33 33 67 42 BA 49 82 42
1787904692.478010,34680,0254,12,66 66 15 43 52 B8 42 42 7D 3F FE 41
1787904692.488361,34680,0255,12,34 33 FF 42 70 3D 91 42 CA A1 9B 42
1787904692.498906,34680,0256,12,00 00 83 42 3E 0A 7D 42 79 A9 98 42
1787904692.509535,34680,0257,12,00 00 0E 43 00 00 0C 42 3B 5F B5 42
1787904692.519907,34680,0258,12,9A 99 C5 42 E1 7A 48 42 D5 78 AB 42
1787904692.530419,34680,0259,12,9A 99 CA 42 14 AE 3D 42 60 65 8B 42
1787904692.540860,34680,025a,12,33 33 6D 42 EC 51 3A 42 44 4B A9 42
1787904692.551231,34680,025b,12,66 66 E8 42 A4 70 73 42 8A 01 B2 42
1787904692.567251,34680,025c,12,33 33 8C 42 E2 7A 12 42 04 96 DB 42
1787904692.578150,34680,025d,12,00 00 96 42 29 5C 69 42 89 41 AE 41
1787904692.588926,34680,025e,12,33 33 9E 42 D7 A3 2C 42 37 09 57 42
1787904692.599463,34680,025f,12,34 B3 0A 43 66 66 90 42 62 90 36 42
1787904692.609753,34680,0260,12,66 66 A4 42 D7 A3 44 42 BA 89 CC 42
1787904692.620109,34680,0261,12,CD CC 7A 42 90 C2 47 42 C9 76 AD 41
1787904692.630501,34680,0262,12,00 00 5E 42 D7 A3 A8 41 B8 9E 58 42
1787904692.640924,34680,0263,12,33 33 8D 42 90 C2 41 42 23 5B 8F 42
1787904692.651170,34680,0264,12,00 00 DE 42 A4 70 98 42 46 F6 DD 42
1787904692.661650,34680,0265,12,34 33 B0 42 7B 14 34 42 90 02 8A 42
1787904692.672029,34680,0266,12,CC CC F5 42 1E 85 81 42 2B 87 CD 42
1787904692.682388,34680,0267,12,66 66 A7 42 3D 0A AB 41 E8 FB C7 42
1787904692.693026,34680,0268,12,9A 19 0B 43 34 33 37 42 81 95 A1 41
1787904692.703527,34680,0269,12,33 33 15 43 00 00 97 42 2D 32 9F 42
1787904692.713962,34680,026a,12,CD CC AB 42 5C 8F 8F 42 A2 45 67 42
1787904692.724953,34680,026b,12,66 66 AC 42 1F 85 CF 41 7D FF 9E 42
1787904692.735817,34680,026c,12,66 66 ED 42 EC 51 F8 41 94 18 A9 42
1787904692.746322,34680,026d,12,CD CC 05 43 8F C2 C9 41 1F 85 62 42
1787904692.757177,34680,026e,12,9A 99 51 42 1F 85 17 42 31 08 D7 42
1787904692.768024,34680,026f,12,33 33 65 42 29 5C 2D 42 AC DC 84 42
1787904692.778817,34680,0270,12,66 66 9B 42 F6 28 84 42 1D DA 2D 42
1787904692.789460,34680,0271,12,00 00 9D 42 3E 0A 8D 42 CD CC B3 41
1787904692.800000,34680,0272,12,9A 99 81 42 48 E1 1A 42 D2 62 8C 42
1787904692.810722,34680,0273,12,66 66 BB 42 14 AE 98 42 0E 2D A1 42
1787904692.821162,34680,0274,12,00 00 D7 42 67 66 6E 42 B4 C8 F0 41
1787904692.831665,34680,0275,12,66 66 A2 42 00 00 82 42 AC DC 84 42
1787904692.842128,34680,0276,12,00 00 E0 42 0A D7 9D 42 74 93 F1 41
1787904692.852517,34680,0277,12,CD CC D1 42 7B 14 80 42 C9 76 98 42
1787904692.866246,34680,0278,12,33 33 B9 42 34 33 3D 42 23 9B D9 42
1787904692.877102,34680,0279,12,00 00 E4 42 B8 1E 8E 42 12 83 BC 41
1787904692.887782,34680,027a,12,00 00 86 42 00 00 94 42 3F 75 D4 42
1787904692.898290,34680,027b,12,CD CC A8 42 14 AE 9E 42 25 06 C4 42
1787904692.909051,34680,027c,12,9A 19 09 43 0A D7 39 42 31 C8 8C 42
1787904692.919599,34680,027d,12,33 33 C6 42 29 5C 2D 42 98 2E C8 42
1787904692.930142,34680,027e,12,CD CC D6 42 48 E1 BA 41 0E 6D 88 42
1787904692.941434,34680,027f,12,00 00 FB 42 A4 70 95 42 4C B7 76 42
1787904692.951860,34680,0280,12,33 33 AF 42 3E 0A 9C 42 C9 76 98 42
1787904692.962501,34680,0281,12,9A 99 CC 42 5C 8F 5E 42 90 C2 4A 42
1787904692.973418,34680,0282,12,00 00 A8 42 AE 47 9F 42 F2 12 BF 42
1787904692.984195,34680,0283,12,66 66 8B 42 33 33 E3 41 0C C2 B6 42
1787904692.994774,34680,0284,12,66 66 6E 42 EC 51 8F 42 AC DC 84 42
1787904693.011044,34680,0285,12,66 66 05 43 48 E1 0E 42 BA 49 82 42
1787904693.021656,34680,0286,12,CD 4C 06 43 48 E1 C6 41 CB E1 E5 42
1787904693.032593,34680,0287,12,CD CC 09 43 EC 51 6A 42 5C CF 9D 42
1787904693.043269,34680,0288,12,00 00 C4 42 F6 28 02 42 36 1E 93 42
1787904693.053990,34680,0289,12,CD 4C 0F 43 99 99 5D 42 6A 3C 9B 42
1787904693.064739,34680,028a,12,66 66 0E 43 7B 14 4C 42 89 41 AE 41
1787904693.075660,34680,028b,12,CD CC A2 42 70 3D 8E 42 31 08 7F 42
1787904693.086211,34680,028c,12,66 66 89 42 29 5C 91 42 A2 45 BF 42
1787904693.096627,34680,028d,12,9A 99 12 43 3D 0A 23 42 7B 54 CD 42
1787904693.107171,34680,028e,12,CC CC A7 42 C2 F5 85 42 C1 4A 65 42
1787904693.117954,34680,028f,12,34 33 F2 42 14 AE 89 42 D7 A3 C3 41
1787904693.128522,34680,0290,12,CD CC 10 43 C2 F5 9D 42 EF E7 BB 42
1787904693.139356,34680,0291,12,33 B3 0E 43 E2 7A 78 42 44 8B 90 42
1787904693.150221,34680,0292,12,CD CC D0 42 52 B8 2A 42 7D 3F FE 41
1787904693.161049,34680,0293,12,CD CC 86 42 0A D7 D3 41 AA F1 CB 42
1787904693.172264,34680,0294,12,9A 99 CF 42 5C 8F 46 42 38 89 F5 41
1787904693.183033,34680,0295,12,00 00 E9 42 EC 51 28 42 4C B7 76 42
1787904693.193723,34680,0296,12,33 33 8F 42 E1 7A 72 42 40 35 8A 42
1787904693.204293,34680,0297,12,00 00 0E 43 00 00 9D 42 90 02 8A 42
1787904693.255807,34680,0298,12,66 66 F5 42 E1 7A E8 41 BA 89 CC 42
1787904693.267005,34680,0299,12,CD 4C 00 43 90 C2 8A 42 A6 9B 6D 42
1787904693.279480,34680,029a,12,9A 99 4F 42 1E 85 29 42 D9 CE B1 42
1787904693.290341,34680,029b,12,9A 99 A8 42 3E 0A 7D 42 0E 6D EB 42
1787904693.303668,34680,029c,12,9A 99 91 42 52 B8 00 42 14 2E 21 42
1787904693.315699,34680,029d,12,99 99 DF 42 EC 51 8C 42 60 65 8B 42
1787904693.326950,34680,029e,12,00 00 BA 42 52 B8 9A 42 5E FA A0 42
1787904693.337451,34680,029f,12,9A 99 92 42 29 5C 21 42 95 03 C5 42
1787904693.347940,34680,02a0,12,CC CC 0E 43 AE 47 D5 41 E1 7A BE 42
1787904693.359005,34680,02a1,12,CD CC FD 42 1E 85 71 42 A6 1B 94 42
1787904693.369483,34680,02a2,12,00 00 83 42 33 33 83 42 79 A9 98 42
1787904693.380800,34680,02a3,12,99 99 E9 42 9A 99 21 42 EB D1 44 42
1787904693.391285,34680,02a4,12,00 00 62 42 00 00 9A 42 B6 B3 94 42
1787904693.401871,34680,02a5,12,33 33 02 43 A4 70 B9 41 6C 27 B7 42
1787904693.412563,34680,02a6,12,66 66 E1 42 A4 70 19 42 B8 1E E2 42
1787904693.423083,34680,02a7,12,CD CC D2 42 85 EB 01 42 02 6B D8 42
1787904693.433888,34680,02a8,12,66 66 E0 42 E1 7A 94 42 B7 F3 DE 42
1787904693.445433,34680,02a9,12,00 00 D3 42 71 3D BE 41 8D 97 B4 41
1787904693.455977,34680,02aa,12,66 66 9A 42 1F 85 84 42 20 F0 A4 42
1787904693.466877,34680,02ab,12,66 66 72 42 B8 1E 69 42 74 93 F1 41
1787904693.477417,34680,02ac,12,00 00 DC 42 A4 70 83 42 D3 0D C1 42
1787904693.491784,34680,02ad,12,34 33 12 43 3E 0A 3B 42 E1 FA 34 42
1787904693.503451,34680,02ae,12,CD CC BB 42 66 66 20 42 D3 CD D9 42
1787904693.513904,34680,02af,12,CD CC 9A 42 9A 99 B5 41 7B 54 CD 42
1787904693.524490,34680,02b0,12,00 00 14 43 E1 7A 7E 42 FE D4 FF 41
1787904693.535045,34680,02b1,12,9A 19 11 43 B8 1E 8B 42 6A 3C 9B 42
1787904693.545787,34680,02b2,12,00 00 80 42 5C 8F 6A 42 31 C8 8C 42
1787904693.556413,34680,02b3,12,CD CC D4 42 B8 1E 21 42 B2 1D 4F 42
1787904693.567250,34680,02b4,12,33 B3 14 43 9A 99 15 42 D3 4D 50 42
1787904693.577793,34680,02b5,12,33 33 FC 42 1E 85 53 42 6B FC B3 42
1787904693.588280,34680,02b6,12,66 66 94 42 EC 51 1C 42 2E 5D 4A 42
1787904693.600009,34680,02b7,12,CD CC AB 42 D6 A3 4A 42 F8 53 F6 41
1787904693.611280,34680,02b8,12,66 66 B5 42 B8 1E 9D 42 BC 34 9E 42
1787904693.621778,34680,02b9,12,00 00 F6 42 86 EB 73 42 76 FE C6 42
1787904693.632162,34680,02ba,12,00 00 9A 42 1E 85 23 42 CD CC 46 42
1787904693.642705,34680,02bb,12,66 66 AB 42 66 66 3E 42 E5 D0 09 42
1787904693.653259,34680,02bc,12,33 33 79 42 E2 7A 4E 42 E8 FB 0C 42
1787904693.663800,34680,02bd,12,CD CC 87 42 33 33 67 42 1F 05 31 42
1787904693.674328,34680,02be,12,00 00 FF 42 85 EB 7F 42 7B 14 E6 42
1787904693.685464,34680,02bf,12,CD CC 84 42 AE 47 BD 41 DB F9 C9 41
1787904693.695876,34680,02c0,12,66 66 8A 42 AE 47 99 42 42 20 A6 42
1787904693.706414,34680,02c1,12,33 33 8C 42 B8 1E FD 41 C0 8A A4 42
1787904693.717124,34680,02c2,12,CD CC F1 42 F5 28 50 42 B4 08 C3 42
1787904693.727605,34680,02c3,12,00 00 D3 42 70 3D 78 42 7B 14 83 42
1787904693.737971,34680,02c4,12,CD CC 0B 43 29 5C 82 42 93 18 BE 41
1787904693.748331,34680,02c5,12,00 00 5E 42 E1 7A 72 42 5A 64 B3 42
1787904693.758921,34680,02c6,12,CD CC B5 42 C3 F5 0C 42 96 83 93 42
1787904693.769472,34680,02c7,12,66 66 87 42 5C 8F F2 41 49 8C CB 42
1787904693.779890,34680,02c8,12,CD CC 48 42 0A D7 09 42 0A D7 9A 42
1787904693.794470,34680,02c9,12,9A 99 11 43 0A D7 33 42 8D 17 D1 42
1787904693.805201,34680,02ca,12,CD CC 76 42 66 66 02 42 E0 8F A2 42
1787904693.816034,34680,02cb,12,9A 99 6B 42 85 EB 8F 42 18 04 59 42
1787904693.826576,34680,02cc,12,9A 99 82 42 9A 99 B5 41 66 E6 94 42
1787904693.836935,34680,02cd,12,9A 99 00 43 EC 51 8C 42 D9 8E CA 42
1787904693.847435,34680,02ce,12,67 66 D6 42 E1 7A 54 42 A8 C6 0D 42
1787904693.857836,34680,02cf,12,00 00 A0 42 66 66 C6 41 3E 0A EA 42
1787904693.868311,34680,02d0,12,00 80 10 43 E1 7A 8E 42 8D D7 E9 42
1787904693.878768,34680,02d1,12,33 33 EC 42 AE 47 0B 42 BA 49 E5 42
1787904693.890014,34680,02d2,12,33 B3 0D 43 0A D7 EB 41 EC 51 E3 41
1787904693.900573,34680,02d3,12,33 33 91 42 7A 14 86 42 90 42 19 42
1787904693.911139,34680,02d4,12,CD CC 88 42 8F C2 96 42 CF 37 EC 42
1787904693.921503,34680,02d5,12,CD CC 72 42 0A D7 51 42 89 41 AE 41
1787904693.935015,34680,02d6,12,66 66 CE 42 D7 A3 D8 41 A2 45 04 42
1787904693.946797,34680,02d7,12,9A 99 B8 42 EC 51 4C 42 5C 8F CB 41
1787904693.957648,34680,02d8,12,CC 4C 08 43 52 B8 24 42 85 6B C4 42
1787904693.968267,34680,02d9,12,CD CC 54 42 66 66 9F 42 17 D9 55 42
1787904693.978760,34680,02da,12,33 33 E9 42 14 AE D7 41 4E E2 79 42
1787904693.989317,34680,02db,12,67 66 FD 42 14 AE 2B 42 91 6D 7F 42
1787904693.999818,34680,02dc,12,66 66 F7 42 EC 51 2E 42 0E 2D 49 42
1787904694.010372,34680,02dd,12,9A 99 5B 42 66 66 20 42 58 39 C5 41
1787904694.022264,34680,02de,12,9A 19 03 43 A4 70 F5 41 58 B9 26 42
1787904694.032816,34680,02df,12,66 66 F4 42 7B 14 9E 42 8B EC 75 42
1787904694.043125,34680,02e0,12,CD CC AF 42 29 5C 7B 42 B8 1E F7 41
1787904694.053619,34680,02e1,12,00 00 A4 42 7B 14 CE 41 6E D2 88 42
1787904694.064268,34680,02e2,12,CD CC 89 42 A4 70 A1 41 E1 FA 34 42
1787904694.075216,34680,02e3,12,00 00 C5 42 5C 8F 0A 42 90 C2 4A 42
1787904694.085901,34680,02e4,12,CD CC 6E 42 90 C2 65 42 0C 02 9E 42
1787904694.096904,34680,02e5,12,00 00 9B 42 66 66 99 42 25 46 AB 42
1787904694.107596,34680,02e6,12,66 66 E9 42 3E 0A 05 42 FC A9 E7 42
1787904694.118366,34680,02e7,12,33 33 8D 42 67 66 6E 42 CD 8C B7 42
1787904694.129545,34680,02e8,12,66 E6 13 43 0A D7 57 42 BC 74 E8 42
1787904694.140157,34680,02e9,12,CC 4C 15 43 5C 8F 76 42 B0 F2 4B 42
1787904694.151103,34680,02ea,12,CD CC D1 42 1F 85 05 42 F0 27 A3 42
1787904694.161750,34680,02eb,12,33 33 A6 42 E1 7A 8B 42 92 6D 1C 42
1787904694.172366,34680,02ec,12,CD CC 10 43 29 5C 97 42 67 66 6E 42
1787904694.182931,34680,02ed,12,33 33 C2 42 5C 8F C2 41 23 5B 8F 42
1787904694.193752,34680,02ee,12,00 00 E3 42 85 EB 37 42 EB D1 44 42
1787904694.204261,34680,02ef,12,CD CC 02 43 48 E1 0E 42 F0 27 4B 42
1787904694.215852,34680,02f0,12,00 00 C4 42 5C 8F 9E 42 3B DF E6 42
1787904694.226372,34680,02f1,12,66 66 F5 42 85 EB 83 42 20 30 8C 42
1787904694.236823,34680,02f2,12,00 00 E4 42 33 33 07 42 04 D6 C2 42
1787904694.247370,34680,02f3,12,9A 99 E1 42 71 3D 00 42 B4 08 C3 42
1787904694.257918,34680,02f4,12,CD CC A8 42 E1 7A 60 42 D9 0E 99 42
1787904694.268465,34680,02f5,12,00 00 92 42 33 33 D7 41 40 35 8A 42
1787904694.278952,34680,02f6,12,66 66 C8 42 70 3D 48 42 0E AD 17 42
1787904694.289571,34680,02f7,12,33 33 E2 42 34 33 EF 41 68 51 E2 42
1787904694.300015,34680,02f8,12,66 66 F4 42 1E 85 41 42 B0 72 1A 42
1787904694.310693,34680,02f9,12,CD CC 11 43 9A 99 0F 42 27 B1 3D 42
1787904694.321182,34680,02fa,12,9A 19 0A 43 33 33 79 42 F6 28 F3 41
1787904694.332923,34680,02fb,12,67 66 F0 42 E1 7A 18 42 85 2B DD 42
1787904694.345112,34680,02fc,12,CD 4C 0C 43 D7 A3 E4 41 F4 7D A9 42
1787904694.357146,34680,02fd,12,9A 99 FD 42 F6 28 32 42 8B 2C B5 42
1787904694.368466,34680,02fe,12,66 66 09 43 D7 A3 0E 42 0A D7 9A 42
1787904694.379012,34680,02ff,12,66 66 DB 42 34 33 1F 42 6F D2 EB 42
1787904694.391493,34680,0300,12,00 00 DF 42 70 3D 0C 42 E8 FB 6F 42
1787904694.402950,34680,0301,12,66 66 6A 42 0A D7 1B 42 9A 19 29 42
1787904694.413540,34680,0302,12,00 00 05 43 EC 51 EC 41 C9 76 40 42
1787904694.431194,34680,0303,12,66 66 0C 43 48 E1 2C 42 CF 37 89 42
1787904694.447124,34680,0304,12,67 66 F0 42 AE 47 47 42 AE 47 7A 42
1787904694.459506,34680,0305,12,9A 99 CF 42 5C 8F 64 42 0C 82 77 42
1787904694.470105,34680,0306,12,33 33 81 42 E1 7A B8 41 2D 32 9F 42
1787904694.481584,34680,0307,12,33 33 94 42 00 00 9A 42 B6 B3 94 42
1787904694.494511,34680,0308,12,CD CC AF 42 C3 F5 A0 41 D9 4E 80 42
1787904694.506710,34680,0309,12,CD CC 4E 42 85 EB 83 42 90 C2 A2 42
1787904694.518672,34680,030a,12,CD CC 58 42 48 E1 8D 42 73 68 D9 42
1787904694.529299,34680,030b,12,34 B3 04 43 D7 A3 96 42 60 65 8B 42
1787904694.539714,34680,030c,12,9A 99 E7 42 9A 99 97 42 75 13 AB 42
1787904694.550365,34680,030d,12,9A 99 B2 42 85 EB 07 42 C2 B5 A7 42
1787904694.561930,34680,030e,12,00 00 FD 42 0A D7 33 42 BA 49 FA 41
1787904694.572400,34680,030f,12,CD CC D4 42 B8 1E 82 42 6C 27 B7 42
1787904694.582806,34680,0310,12,34 33 11 43 9A 99 15 42 A6 1B 94 42
1787904694.593863,34680,0311,12,33 33 8F 42 48 E1 9F 42 42 60 35 42
1787904694.604326,34680,0312,12,9A 99 49 42 0A D7 82 42 D7 23 25 42
1787904694.614952,34680,0313,12,34 B3 11 43 66 66 2C 42 87 56 E0 42
1787904694.625703,34680,0314,12,CD CC 15 43 52 B8 78 42 58 39 C5 41
1787904694.636175,34680,0315,12,CD CC FA 42 00 00 88 42 00 C0 A3 42
1787904694.647688,34680,0316,12,99 99 EA 42 7B 14 70 42 2D 72 86 42
1787904694.658321,34680,0317,12,CD CC E3 42 EC 51 58 42 D3 8D 8F 42
1787904694.668784,34680,0318,12,99 99 EB 42 C2 F5 F4 41 8A C1 CA 42
1787904694.679292,34680,0319,12,00 00 A9 42 1F 85 AB 41 64 BB 91 42
1787904694.689881,34680,031a,12,9A 99 C1 42 33 33 8C 42 A6 5B DE 42
1787904694.700401,34680,031b,12,9A 99 C3 42 A4 70 B9 41 79 E9 F7 41
1787904694.711211,34680,031c,12,00 00 E9 42 52 B8 30 42 1C DA E8 42
1787904694.721889,34680,031d,12,CC CC 07 43 66 66 20 42 E3 A5 D6 41
1787904694.732248,34680,031e,12,33 33 96 42 29 5C 57 42 AA 71 9A 42
1787904694.745694,34680,031f,12,00 00 F3 42 5C 8F 4C 42 FA BE CB 42
1787904694.756608,34680,0320,12,CD CC B4 42 33 33 FB 41 42 60 35 42
1787904694.767389,34680,0321,12,33 33 AF 42 52 B8 91 42 F8 D3 57 42
1787904694.778217,34680,0322,12,33 33 C7 42 7B 14 04 42 5D 0F E8 42
1787904694.788729,34680,0323,12,00 80 0D 43 C2 F5 18 42 8A 41 99 42
1787904694.799761,34680,0324,12,33 33 E0 42 7B 14 89 42 7A D4 9B 42
1787904694.810369,34680,0325,12,9A 99 A7 42 71 3D 24 42 3B 9F 9C 42
1787904694.822023,34680,0326,12,99 99 F6 42 A4 70 3D 42 DF 4F 00 42
1787904694.832900,34680,0327,12,CC CC E8 42 CD CC 89 42 87 16 96 42
1787904694.843501,34680,0328,12,34 B3 0B 43 CD CC 2E 42 C2 F5 36 42
1787904694.854065,34680,0329,12,00 00 14 43 EC 51 92 42 E5 10 AC 42
1787904694.864965,34680,032a,12,CD CC 90 42 B9 1E 57 42 F8 D3 57 42
1787904694.876045,34680,032b,12,00 00 C0 42 B8 1E 91 42 1B 2F B4 42
1787904694.886704,34680,032c,12,33 33 E0 42 C2 F5 06 42 73 68 D9 42
1787904694.897282,34680,032d,12,00 00 84 42 52 B8 A6 41 B8 DE 97 42
1787904694.907724,34680,032e,12,66 66 CA 42 F6 28 38 42 81 15 03 42
1787904694.918457,34680,032f,12,9A 99 0D 43 D7 A3 38 42 FA 3E 9A 42
1787904694.929082,34680,0330,12,00 00 A9 42 14 AE 37 42 10 98 8B 42
1787904694.939639,34680,0331,12,00 00 62 42 EB 51 52 42 6A BC E1 41
1787904694.950033,34680,0332,12,9A 99 4F 42 14 AE 73 42 44 8B 38 42
1787904694.960505,34680,0333,12,00 00 BD 42 A4 70 86 42 4C 77 84 42
1787904694.970989,34680,0334,12,CD CC EE 42 A4 70 73 42 F8 53 E1 42
1787904694.983587,34680,0335,12,66 66 58 42 90 C2 23 42 CF F7 49 42
1787904694.994107,34680,0336,12,33 33 DF 42 A4 70 3D 42 C1 4A 65 42
1787904695.004788,34680,0337,12,CD CC 8F 42 D7 A3 3E 42 11 D8 D5 42
1787904695.015413,34680,0338,12,66 66 BB 42 CD CC 0A 42 7B 14 FB 41
1787904695.026413,34680,0339,12,67 66 E4 42 34 33 8F 42 27 F1 DF 42
1787904695.037165,34680,033a,12,CC 4C 02 43 52 B8 18 42 40 B5 00 42
1787904695.047702,34680,033b,12,34 33 FE 42 70 3D 88 42 49 CC B2 42
1787904695.058167,34680,033c,12,66 66 B5 42 00 00 A0 41 3B DF E6 42
1787904695.068877,34680,033d,12,CD CC EF 42 AE 47 6B 42 21 70 D6 42
1787904695.079586,34680,033e,12,00 00 66 42 E1 7A 18 42 E4 A5 69 42
1787904695.090144,34680,033f,12,33 B3 06 43 34 33 3D 42 F6 68 C5 42
1787904695.100612,34680,0340,12,9A 99 9D 42 CD CC F8 41 B4 C8 20 42
1787904695.111176,34680,0341,12,CC CC AD 42 70 3D 5A 42 4C B7 CE 42
1787904695.121813,34680,0342,12,00 00 50 42 85 EB 2B 42 E9 26 73 42
1787904695.132697,34680,0343,12,67 66 EF 42 C3 F5 AC 41 81 15 03 42
1787904695.143238,34680,0344,12,33 33 F7 42 E1 7A 06 42 9C 44 2C 42
1787904695.153780,34680,0345,12,33 33 51 42 D7 A3 84 42 1F 05 89 42
1787904695.164179,34680,0346,12,00 00 72 42 C2 F5 60 42 93 18 BE 41
1787904695.176579,34680,0347,12,CD CC EF 42 14 AE 98 42 87 96 C7 42
1787904695.187215,34680,0348,12,00 00 83 42 9A 99 82 42 3F B5 BB 42
1787904695.197749,34680,0349,12,CC CC D8 42 B8 1E D9 41 EA A6 99 42
1787904695.208389,34680,034a,12,66 66 B6 42 1F 85 FF 41 B4 48 52 42
1787904695.218944,34680,034b,12,66 66 DF 42 0A D7 3F 42 11 18 BD 42
1787904695.229443,34680,034c,12,00 00 4C 42 00 00 94 42 83 40 06 42
1787904695.239813,34680,034d,12,9A 99 80 42 C3 F5 97 42 BA 09 9B 42
1787904695.250185,34680,034e,12,00 00 DF 42 33 33 5B 42 21 70 D6 42
1787904695.260755,34680,034f,12,CC CC B8 42 90 C2 81 42 AE 47 17 42
1787904695.271307,34680,0350,12,9A 99 AB 42 85 EB 3D 42 D3 4D A8 42
1787904695.288780,34680,0351,12,00 80 03 43 66 66 A2 41 44 8B A5 41
1787904695.299544,34680,0352,12,00 00 D3 42 1E 85 71 42 E8 7B 96 42
1787904695.310185,34680,0353,12,CD CC FE 42 3E 0A 35 42 36 5E F2 41
1787904695.322600,34680,0354,12,00 00 D1 42 D7 A3 02 42 50 CD ED 42
1787904695.333630,34680,0355,12,66 66 B7 42 52 B8 D6 41 68 11 98 42
1787904695.344735,34680,0356,12,34 33 0B 43 3E 0A 47 42 C3 F5 A3 41
1787904695.355995,34680,0357,12,00 80 06 43 9A 99 39 42 4A 0C 9A 42
1787904695.366945,34680,0358,12,00 00 8A 42 CD CC 5E 42 9E EF 60 42
1787904695.377557,34680,0359,12,00 00 AE 42 85 EB 79 42 F4 BD 90 42
1787904695.387887,34680,035a,12,66 66 9A 42 EC 51 F8 41 CB 61 B4 42
1787904695.398400,34680,035b,12,00 00 95 42 8F C2 7D 42 D3 4D 50 42
1787904695.409214,34680,035c,12,66 E6 00 43 7A 14 10 42 CF B7 BA 42
1787904695.419780,34680,035d,12,9A 99 A1 42 7B 14 7C 42 4E A2 87 42
1787904695.430160,34680,035e,12,CD CC 97 42 B8 1E C1 41 79 A9 98 42
1787904695.442380,34680,035f,12,9A 99 6D 42 14 AE 07 42 B2 9D ED 41
1787904695.453040,34680,0360,12,9A 99 06 43 D7 A3 56 42 DF 4F 63 42
1787904695.463706,34680,0361,12,00 00 8B 42 D7 A3 32 42 35 DE 53 42
1787904695.474154,34680,0362,12,CD CC 99 42 3E 0A 96 42 7B 94 B4 42
1787904695.484711,34680,0363,12,00 00 92 42 33 33 FB 41 74 93 F1 41
1787904695.495096,34680,0364,12,33 33 8A 42 C3 F5 66 42 A0 9A 32 42
1787904695.507620,34680,0365,12,CC CC B3 42 AE 47 05 42 F0 A7 E9 41
1787904695.519410,34680,0366,12,66 66 BB 42 86 EB 49 42 9C C4 B5 42
1787904695.530114,34680,0367,12,9A 99 07 43 33 33 92 42 81 95 34 42
1787904695.541085,34680,0368,12,66 66 B9 42 7B 14 9E 42 C9 76 40 42
1787904695.552722,34680,0369,12,00 00 F2 42 5C 8F 6A 42 0A D7 AF 41
1787904695.570306,34680,036a,12,9A 99 E2 42 F6 28 81 42 C2 75 68 42
1787904695.580506,34680,036b,12,CD CC 4E 42 CD CC 52 42 6A BC 11 42
1787904695.593659,34680,036c,12,66 66 70 42 0A D7 AF 41 0A 97 B3 42
1787904695.607490,34680,036d,12,66 66 B3 42 0A D7 EB 41 D7 A3 C3 41
1787904695.618189,34680,036e,12,CC 4C 08 43 E1 7A 48 42 FA 7E F9 41
1787904695.628965,34680,036f,12,66 66 9E 42 EC 51 28 42 64 BB 39 42
1787904695.640012,34680,0370,12,9A 99 B1 42 29 5C 97 42 9E AF D1 42
1787904695.650739,34680,0371,12,66 66 B2 42 00 00 9A 42 62 90 8E 42
1787904695.661754,34680,0372,12,34 33 B6 42 52 B8 00 42 10 D8 1A 42
1787904695.672455,34680,0373,12,9A 99 FE 42 52 B8 0C 42 72 68 1E 42
1787904695.683994,34680,0374,12,9A 99 B9 42 0A D7 4B 42 33 B3 50 42
1787904695.694513,34680,0375,12,00 00 F4 42 29 5C 27 42 31 08 EC 41
1787904695.706475,34680,0376,12,00 00 DA 42 3E 0A 6B 42 3F 35 ED 42
1787904695.717192,34680,0377,12,9A 99 FA 42 B8 1E 27 42 8B 2C B5 42
1787904695.727739,34680,0378,12,34 33 BD 42 EB 51 64 42 FE 54 B9 42
1787904695.738457,34680,0379,12,33 33 5F 42 48 E1 14 42 2B 87 CD 42
1787904695.751200,34680,037a,12,9A 99 95 42 A4 70 E9 41 02 AB BF 42
1787904695.762067,34680,037b,12,9A 99 88 42 34 33 61 42 E8 FB 6F 42
1787904695.773043,34680,037c,12,33 33 9C 42 E2 7A 5A 42 AA B1 E4 42
1787904695.783735,34680,037d,12,CD CC D2 42 29 5C 03 42 20 F0 A4 42
1787904695.794291,34680,037e,12,66 66 02 43 7B 14 70 42 58 79 97 42
1787904695.804919,34680,037f,12,9A 99 06 43 9A 99 15 42 2F DD E8 41
1787904695.815771,34680,0380,12,9A 99 61 42 AE 47 BD 41 83 40 C1 42
1787904695.826631,34680,0381,12,00 00 EE 42 8F C2 BD 41 73 A8 C0 42
1787904695.837316,34680,0382,12,9A 99 BF 42 CD CC 28 42 85 2B DD 42
1787904695.847831,34680,0383,12,CC 4C 15 43 33 33 0D 42 8A 81 E3 42
1787904695.858349,34680,0384,12,CD CC F1 42 1F 85 84 42 6C 67 46 42
1787904695.869023,34680,0385,12,33 33 D3 42 1E 85 90 42 E9 26 CB 42
1787904695.879525,34680,0386,12,9A 99 B3 42 9A 99 88 42 2B C7 B4 42
1787904695.891932,34680,0387,12,66 66 50 42 3E 0A 81 42 6F D2 EB 42
1787904695.902573,34680,0388,12,66 66 74 42 3D 0A 8A 42 90 C2 4A 42
1787904695.913190,34680,0389,12,66 E6 09 43 B8 1E 39 42 66 66 0B 42
1787904705.985245,34680,038b,12,33 B3 06 43 AE 47 6B 42 27 31 6F 42
1787904705.989857,34680,038c,12,00 00 B5 42 66 66 44 42 50 0D 7D 42
1787904706.001616,34680,038d,12,CD CC 8D 42 29 5C 94 42 81 15 66 42
1787904706.014237,34680,038e,12,00 00 F6 42 14 AE BF 41 F2 52 A6 42
1787904706.025801,34680,038f,12,33 B3 08 43 9A 99 63 42 7B 54 CD 42
1787904706.036371,34680,0390,12,66 66 90 42 66 66 EA 41 EB D1 9C 42
1787904706.047032,34680,0391,12,33 33 EA 42 14 AE 89 42 FC 69 9D 42
1787904706.057802,34680,0392,12,9A 99 C9 42 E2 7A 4E 42 06 01 6E 42
1787904706.068526,34680,0393,12,00 00 95 42 C2 F5 78 42 83 40 C1 42
1787904706.079154,34680,0394,12,66 66 F9 42 00 00 78 42 5E FA A0 42
1787904706.090337,34680,0395,12,00 00 9B 42 E1 7A 48 42 1C DA E8 42
1787904706.100910,34680,0396,12,9A 99 00 43 A4 70 DD 41 15 AE 52 42
1787904706.111745,34680,0397,12,66 66 13 43 85 EB 2B 42 18 44 98 42
1787904706.122397,34680,0398,12,CD CC AB 42 85 EB 7F 42 DD A4 2E 42
1787904706.132859,34680,0399,12,33 33 95 42 9A 99 CD 41 FC 29 5E 42
1787904706.143505,34680,039a,12,66 66 48 42 EC 51 16 42 F6 E8 93 42
1787904706.154377,34680,039b,12,00 00 F8 42 48 E1 0E 42 77 BE F4 41
1787904706.165328,34680,039c,12,CD CC AA 42 F6 28 A8 41 54 63 DB 42
1787904706.176022,34680,039d,12,9A 99 A0 42 85 EB 13 42 B7 33 C6 42
1787904706.186902,34680,039e,12,00 00 83 42 5C 8F 16 42 B8 1E F7 41
1787904706.197592,34680,039f,12,9A 99 67 42 70 3D 85 42 36 5E F2 41
1787904706.208213,34680,03a0,12,66 66 EC 42 5C 8F 95 42 4C 37 B2 41
1787904706.228737,34680,03a1,12,34 33 CE 42 F5 28 6E 42 18 04 59 42
1787904706.240216,34680,03a2,12,CD CC A3 42 33 33 8C 42 12 83 A7 42
1787904706.252337,34680,03a3,12,CD CC 8D 42 A4 70 DD 41 1D 5A CC 41
1787904706.264229,34680,03a4,12,9A 99 BD 42 9A 99 27 42 BC F4 B6 42
1787904706.275070,34680,03a5,12,9A 99 4F 42 EC 51 28 42 92 6D 1C 42
1787904706.285602,34680,03a6,12,9A 99 F9 42 A4 70 E9 41 D3 4D A8 42
1787904706.296201,34680,03a7,12,34 33 E5 42 0A D7 97 42 0A 57 CC 42
1787904706.306872,34680,03a8,12,00 00 82 42 52 B8 B2 41 50 8D 4B 42
1787904706.317346,34680,03a9,12,66 66 15 43 0A D7 9D 42 E1 FA 34 42
1787904706.327831,34680,03aa,12,9A 99 D9 42 7B 14 AA 41 9E 6F EA 42
1787904706.338328,34680,03ab,12,00 80 08 43 3E 0A 47 42 FC A9 FC 41
1787904706.349048,34680,03ac,12,00 00 14 43 5C 8F 58 42 8F 02 ED 42
1787904706.359911,34680,03ad,12,9A 99 FB 42 0A D7 D3 41 46 B6 3B 42
1787904706.370836,34680,03ae,12,00 00 EF 42 CC CC 8C 42 87 D6 AE 42
1787904706.382083,34680,03af,12,34 33 F2 42 48 E1 87 42 33 B3 A8 42
1787904706.393640,34680,03b0,12,9A 99 96 42 0A D7 63 42 BA 49 FA 41
1787904706.404231,34680,03b1,12,33 33 02 43 CD CC 86 42 60 E5 64 42
1787904706.414992,34680,03b2,12,CD CC 89 42 90 C2 81 42 89 41 AE 41
1787904706.425619,34680,03b3,12,CC 4C 08 43 F6 28 9F 42 E5 D0 6C 42
1787904706.436151,34680,03b4,12,00 00 9D 42 A4 70 7F 42 2D 32 9F 42
1787904706.446944,34680,03b5,12,CD 4C 0B 43 C3 F5 30 42 60 65 8B 42
1787904706.457471,34680,03b6,12,66 66 E0 42 5C 8F 80 42 95 03 C5 42
1787904706.467884,34680,03b7,12,66 66 A5 42 D7 A3 38 42 F2 52 A6 42
1787904706.478542,34680,03b8,12,34 33 A4 42 9A 99 4B 42 3B DF FB 41
1787904706.488919,34680,03b9,12,33 33 C6 42 3E 0A E7 41 B4 C8 F0 41
1787904706.499401,34680,03ba,12,CD 4C 12 43 B8 1E 2D 42 21 B0 D2 41
1787904706.510683,34680,03bb,12,33 33 82 42 B8 1E B5 41 1B EF CC 42
1787904706.521247,34680,03bc,12,9A 99 BA 42 E1 7A 7E 42 4E E2 16 42
1787904706.531698,34680,03bd,12,33 33 83 42 29 5C 7B 42 36 5E 22 42
1787904706.542578,34680,03be,12,33 33 97 42 D7 A3 68 42 F4 BD 90 42
1787904706.553475,34680,03bf,12,9A 99 01 43 E2 7A 5A 42 1B 2F 5C 42
1787904706.564143,34680,03c0,12,34 33 E6 42 0A D7 85 42 C3 F5 A3 41
1787904706.575038,34680,03c1,12,66 66 AB 42 48 E1 81 42 1C 9A 9E 42
1787904706.586649,34680,03c2,12,CD CC D1 42 EC 51 1C 42 2D 72 86 42
1787904706.597439,34680,03c3,12,00 00 DB 42 E1 7A 6C 42 E4 25 38 42
1787904706.608029,34680,03c4,12,66 66 AB 42 70 3D 36 42 C6 8B DF 42
1787904706.619838,34680,03c5,12,CD CC 64 42 CD CC 86 42 29 DC 40 42
1787904706.630660,34680,03c6,12,00 00 F0 42 34 33 80 42 18 44 98 42
1787904706.641549,34680,03c7,12,66 E6 09 43 AE 47 41 42 2C 07 44 42
1787904706.652019,34680,03c8,12,33 33 DE 42 AE 47 87 42 EA 26 10 42
1787904706.662634,34680,03c9,12,33 33 AF 42 B8 1E 5D 42 C6 CB 6E 42
1787904706.673569,34680,03ca,12,00 00 BC 42 3E 0A 11 42 E5 D0 D9 41
1787904706.684170,34680,03cb,12,CD CC 85 42 3E 0A 87 42 37 C9 C7 42
1787904706.695412,34680,03cc,12,66 66 0E 43 29 5C 75 42 06 81 A9 41
1787904706.705773,34680,03cd,12,9A 99 E0 42 AE 47 A5 41 0A 57 11 42
1787904706.716486,34680,03ce,12,9A 99 A8 42 7A 14 FE 41 67 A6 AD 42
1787904706.727043,34680,03cf,12,33 33 E1 42 66 66 20 42 56 8E 23 42
1787904706.737694,34680,03d0,12,00 00 ED 42 66 66 F6 41 B4 48 52 42
1787904706.748219,34680,03d1,12,33 33 7D 42 C2 F5 85 42 0E AD 7A 42
1787904706.758994,34680,03d2,12,00 00 E4 42 3E 0A 4D 42 E6 50 3B 42
1787904706.770336,34680,03d3,12,00 00 AC 42 3E 0A C3 41 2E 5D 4A 42
1787904706.780837,34680,03d4,12,66 66 F9 42 EC 51 58 42 BC 74 85 42
1787904706.791278,34680,03d5,12,33 33 D1 42 00 00 60 42 9C 84 CE 42
1787904706.801936,34680,03d6,12,33 33 C5 42 1F 85 11 42 1A 6F 9B 42
1787904706.812560,34680,03d7,12,66 66 05 43 3E 0A 93 42 FE D4 87 42
1787904706.823123,34680,03d8,12,66 66 B9 42 AE 47 1D 42 C1 CA A0 41
1787904706.833767,34680,03d9,12,34 B3 05 43 00 00 36 42 91 ED A5 42
1787904706.844328,34680,03da,12,66 66 89 42 7B 14 E6 41 D9 8E CA 42
1787904706.855093,34680,03db,12,00 00 B2 42 CD CC 64 42 8A 01 B2 42
1787904706.865740,34680,03dc,12,9A 19 05 43 5C 8F DA 41 A6 9B 0A 42
1787904706.876866,34680,03dd,12,66 66 D9 42 F6 28 96 42 90 C2 4A 42
1787904706.887744,34680,03de,12,9A 99 A2 42 52 B8 B2 41 18 04 C6 41
1787904706.898243,34680,03df,12,33 33 D5 42 7B 14 46 42 29 5C 0F 42
1787904706.912148,34680,03e0,12,CD CC E5 42 CD CC 28 42 E1 BA A5 42
1787904706.926309,34680,03e1,12,66 66 03 43 3E 0A 0B 42 FE 54 B9 42
1787904706.936925,34680,03e2,12,66 E6 0A 43 CD CC 28 42 1F 85 62 42
1787904706.947625,34680,03e3,12,33 33 A8 42 C3 F5 0C 42 2B 47 E6 42
1787904706.958132,34680,03e4,12,9A 99 C1 42 5C 8F 5E 42 AE 47 17 42
1787904706.969247,34680,03e5,12,33 33 51 42 EC 51 3A 42 C5 20 92 42
1787904706.979902,34680,03e6,12,33 33 E1 42 B8 1E 27 42 56 CE C5 42
1787904706.990397,34680,03e7,12,33 33 A6 42 90 C2 17 42 B4 08 C3 42
1787904707.000902,34680,03e8,12,33 33 EE 42 0A D7 1B 42 44 0B C2 42
1787904707.011360,34680,03e9,12,9A 99 AA 42 0A D7 3F 42 A0 5A A3 42
1787904707.021774,34680,03ea,12,00 00 58 42 29 5C 91 42 79 69 B1 42
1787904707.032274,34680,03eb,12,66 66 64 42 E1 7A AC 41 1C 5A B7 42
1787904707.042808,34680,03ec,12,33 33 A9 42 1F 85 8D 42 F0 67 8A 42
1787904707.053318,34680,03ed,12,66 E6 0C 43 14 AE 37 42 D5 F8 DC 42
1787904707.064026,34680,03ee,12,00 80 08 43 E1 7A 42 42 F4 BD 90 42
1787904707.075050,34680,03ef,12,CD CC 4E 42 B8 1E 39 42 29 5C 72 42
1787904707.085771,34680,03f0,12,33 33 FD 42 3E 0A 17 42 2F 9D 89 42
1787904707.124976,34680,03f1,12,66 66 54 42 48 E1 EA 41 7D FF 9E 42
1787904707.163338,34680,03f2,12,9A 99 10 43 66 66 0E 42 5E BA CE 41
1787904707.180009,34680,03f3,12,9A 99 8B 42 52 B8 54 42 D5 78 C0 41
1787904707.190771,34680,03f4,12,9A 99 C6 42 3D 0A 41 42 95 43 AC 42
1787904707.201344,34680,03f5,12,66 E6 0D 43 14 AE EF 41 EE 7C E6 41
1787904707.212087,34680,03f6,12,00 00 F2 42 B8 1E FD 41 79 A9 98 42
1787904707.222712,34680,03f7,12,CD CC 8E 42 C2 F5 18 42 08 AC 3F 42
1787904707.233323,34680,03f8,12,66 66 A5 42 66 66 90 42 96 C3 22 42
1787904707.243775,34680,03f9,12,34 33 05 43 E2 7A D0 41 94 18 A9 42
1787904707.254550,34680,03fa,12,33 33 C7 42 AE 47 47 42 CA E1 82 42
1787904707.265097,34680,03fb,12,CD CC C4 42 9A 99 A9 41 F8 D3 57 42
1787904707.275628,34680,03fc,12,9A 99 D8 42 EC 51 3A 42 31 08 7F 42
1787904707.291764,34680,03fd,12,CC CC CE 42 29 5C 9A 42 5A 24 CC 42
1787904707.302187,34680,03fe,12,66 66 88 42 B8 1E 3F 42 CD 8C B7 42
1787904707.312797,34680,03ff,12,00 00 BC 42 5C 8F 83 42 96 C3 22 42
1787904707.323915,34680,0400,12,33 33 7F 42 52 B8 0C 42 91 ED A5 42
1787904707.334339,34680,0401,12,00 80 11 43 00 00 B8 41 2D B2 15 42
1787904707.344886,34680,0402,12,9A 99 EE 42 C2 F5 6C 42 42 E0 BE 42
1787904707.355619,34680,0403,12,66 66 06 43 33 33 B3 41 C5 20 92 42
1787904707.367910,34680,0404,12,33 33 8D 42 90 C2 9F 42 12 43 C0 42
1787904707.380484,34680,0405,12,00 00 BC 42 1F 85 84 42 98 EE E0 42
1787904707.391521,34680,0406,12,00 00 80 42 0A D7 69 42 D3 0D C1 42
1787904707.402965,34680,0407,12,00 00 9B 42 9A 99 82 42 92 ED BA 41
1787904707.413697,34680,0408,12,CD CC 93 42 F6 28 99 42 02 2B 36 42
1787904707.424413,34680,0409,12,9A 99 A2 42 D7 A3 9C 42 E5 10 AC 42
1787904707.435058,34680,040a,12,9A 99 CD 42 C3 F5 0C 42 29 1C 80 42
1787904707.446041,34680,040b,12,00 00 C2 42 29 5C 85 42 23 5B 37 42
1787904707.456932,34680,040c,12,00 00 AD 42 3E 0A E7 41 E1 FA 34 42
1787904707.468005,34680,040d,12,66 66 50 42 70 3D 2A 42 7F AA D3 42
1787904707.478676,34680,040e,12,00 00 90 42 B8 1E 88 42 E1 3A D7 42
1787904707.489268,34680,040f,12,66 66 78 42 C2 F5 60 42 5C 0F 2D 42
1787904707.500932,34680,0410,12,00 80 07 43 52 B8 30 42 B0 72 EA 41
1787904707.514496,34680,0411,12,CC 4C 0E 43 48 E1 DE 41 DF CF 31 42
1787904707.525236,34680,0412,12,00 00 B9 42 9A 99 94 42 60 25 A4 42
1787904707.538707,34680,0413,12,CC CC C0 42 0A D7 A3 41 C5 20 3A 42
1787904707.549408,34680,0414,12,34 B3 0B 43 CD CC 28 42 67 26 DF 42
1787904707.559854,34680,0415,12,34 B3 11 43 29 5C 09 42 77 BE F4 41
1787904707.570451,34680,0416,12,9A 99 86 42 C2 F5 D0 41 77 BE 24 42
1787904707.581441,34680,0417,12,66 66 5C 42 5C 8F 10 42 C2 F5 36 42
1787904707.593892,34680,0418,12,00 00 DF 42 A4 70 A1 41 23 DB C0 42
1787904707.604753,34680,0419,12,00 00 A5 42 C2 F5 82 42 7F AA D3 42
1787904707.615393,34680,041a,12,CD CC DE 42 B8 1E 85 42 E3 A5 D6 41
1787904707.626086,34680,041b,12,CD CC D4 42 E1 7A 8B 42 F6 E8 93 42
1787904707.636652,34680,041c,12,33 B3 13 43 5C 8F 16 42 BA 49 FA 41
1787904707.647235,34680,041d,12,CD CC 04 43 E1 7A 42 42 08 6C B0 42
1787904707.666694,34680,041e,12,CD 4C 0C 43 66 66 DE 41 AA B1 81 42
1787904707.677620,34680,041f,12,66 66 0F 43 A4 70 49 42 64 7B AA 42
1787904707.688104,34680,0420,12,9A 19 10 43 70 3D 1E 42 EA A6 99 42
1787904707.698802,34680,0421,12,CD CC E4 42 29 5C F7 41 B4 48 AA 42
1787904707.709496,34680,0422,12,33 33 CA 42 48 E1 0E 42 58 39 B0 42
1787904707.719915,34680,0423,12,CD CC B5 42 90 C2 F9 41 23 5B 8F 42
1787904707.730609,34680,0424,12,33 B3 12 43 29 5C 9D 42 CB 21 75 42
1787904707.745253,34680,0425,12,33 33 E9 42 3E 0A 6B 42 66 66 0B 42
1787904707.755996,34680,0426,12,34 33 B0 42 EC 51 6A 42 C6 0B AE 42
1787904707.767069,34680,0427,12,9A 99 AA 42 CD CC BC 41 DD 24 CD 41
1787904707.780442,34680,0428,12,00 00 E5 42 1E 85 47 42 CB 21 75 42
1787904707.791025,34680,0429,12,33 33 B5 42 14 AE 73 42 DF 4F BB 42
1787904707.801575,34680,042a,12,66 66 E3 42 48 E1 26 42 E5 90 DD 42
1787904707.811995,34680,042b,12,34 33 A5 42 7A 14 10 42 C9 76 40 42
1787904707.822405,34680,042c,12,66 66 EC 42 3D 0A F3 41 D3 8D 8F 42
1787904707.832830,34680,042d,12,66 66 E3 42 EB 51 70 42 DF 4F 00 42
1787904707.843351,34680,042e,12,CD CC 83 42 14 AE 61 42 C6 CB C6 42
1787904707.853854,34680,042f,12,33 33 AD 42 52 B8 9D 42 FC 29 5E 42
1787904707.864393,34680,0430,12,9A 99 9F 42 66 66 74 42 8C 6C 44 42
1787904707.875007,34680,0431,12,33 33 6D 42 29 5C 09 42 FC 29 B6 42
1787904707.885645,34680,0432,12,34 33 CE 42 33 33 31 42 2B 87 CD 42
1787904707.900456,34680,0433,12,9A 99 5F 42 7A 14 95 42 10 98 8B 42
1787904707.911208,34680,0434,12,33 33 A2 42 29 5C 0F 42 0A D7 AF 41
1787904707.921827,34680,0435,12,66 66 07 43 E1 7A 1E 42 A4 F0 38 42
1787904707.934610,34680,0436,12,CD CC B4 42 90 C2 35 42 F8 D3 AF 42
1787904707.945000,34680,0437,12,9A 99 7B 42 9A 99 CD 41 7D 3F 2E 42
1787904707.955526,34680,0438,12,9A 99 73 42 A4 70 2B 42 CD CC 46 42
1787904707.966062,34680,0439,12,00 00 7E 42 66 66 8D 42 46 B6 A8 41
1787904707.976623,34680,043a,12,9A 99 96 42 8F C2 11 42 71 3D 7E 42
1787904707.987259,34680,043b,12,34 33 A3 42 14 AE 4F 42 42 E0 03 42
1787904707.997657,34680,043c,12,66 66 80 42 8F C2 4D 42 7F EA BA 42
1787904708.008114,34680,043d,12,9A 99 99 42 9A 99 9A 42 B8 9E B0 42
1787904708.019048,34680,043e,12,33 33 8F 42 14 AE 98 42 A0 5A A3 42
1787904708.029871,34680,043f,12,00 00 CF 42 C2 F5 3C 42 CF B7 BA 42
1787904708.054719,34680,0440,12,9A 99 FA 42 3E 0A 35 42 96 43 C1 41
1787904708.065370,34680,0441,12,66 66 A6 42 00 00 12 42 D9 CE 59 42
1787904708.075935,34680,0442,12,9A 99 0C 43 D7 A3 90 42 29 9C B1 42
1787904708.086539,34680,0443,12,66 66 06 43 D7 A3 56 42 46 B6 93 42
1787904708.097163,34680,0444,12,CD CC 6A 42 52 B8 85 42 2F 9D 89 42
1787904708.107983,34680,0445,12,34 B3 0A 43 71 3D 42 42 5E FA A0 42
1787904708.118702,34680,0446,12,CD CC E2 42 EC 51 04 42 94 98 1F 42
1787904708.129371,34680,0447,12,00 00 76 42 14 AE 98 42 C5 A0 C3 42
1787904708.139849,34680,0448,12,33 33 5B 42 5C 8F 92 42 B2 9D 1D 42
1787904708.150208,34680,0449,12,33 33 F5 42 CD CC 46 42 E1 FA 8C 42
1787904708.160647,34680,044a,12,9A 99 C1 42 29 5C 5D 42 77 BE 24 42
1787904708.171288,34680,044b,12,00 00 15 43 F6 28 26 42 58 79 97 42
1787904708.181909,34680,044c,12,34 33 CC 42 AE 47 84 42 74 93 21 42
1787904708.192576,34680,044d,12,34 33 FE 42 EC 51 98 42 B4 08 C3 42
1787904708.203143,34680,044e,12,CC CC 14 43 14 AE 83 42 2E 5D 4A 42
1787904708.213856,34680,044f,12,67 66 FE 42 3E 0A 53 42 4E A2 EA 42
1787904708.224768,34680,0450,12,00 00 FF 42 B8 1E A9 41 79 69 59 42
1787904708.262266,34680,0451,12,33 33 7B 42 66 66 81 42 25 06 6C 42
1787904708.272472,34680,0452,12,9A 99 88 42 EB 51 7C 42 F8 D3 57 42
1787904708.286041,34680,0453,12,66 66 F8 42 1F 85 9C 42 58 79 97 42
1787904708.301042,34680,0454,12,66 66 EA 42 29 5C 15 42 46 B6 A8 41
1787904708.311650,34680,0455,12,00 00 F2 42 14 AE 4F 42 1B AF E5 42
1787904708.322394,34680,0456,12,CD CC F7 42 CC CC 8C 42 76 3E AE 42
1787904708.332882,34680,0457,12,00 00 06 43 9A 99 C1 41 B2 9D D8 42
1787904708.345352,34680,0458,12,9A 99 A1 42 EC 51 76 42 08 2C C9 42
1787904708.355961,34680,0459,12,9A 99 AC 42 66 66 9F 42 73 28 8F 42
1787904708.366482,34680,045a,12,66 66 9F 42 5D 8F 70 42 62 50 A7 42
1787904708.377422,34680,045b,12,66 E6 05 43 29 5C 1B 42 CD 4C 78 42
1787904708.389296,34680,045c,12,33 33 E7 42 99 99 5D 42 D9 CE C6 41
1787904708.399796,34680,045d,12,66 66 CE 42 47 E1 56 42 40 B5 00 42
1787904708.411717,34680,045e,12,66 66 0F 43 7B 14 70 42 E3 A5 06 42
1787904708.422184,34680,045f,12,66 66 7E 42 1F 85 DB 41 6C 27 B7 42
1787904708.432957,34680,0460,12,9A 99 FA 42 E1 7A 9D 42 4E 22 B9 42
1787904708.443711,34680,0461,12,00 00 F3 42 52 B8 12 42 12 83 BC 41
1787904708.454565,34680,0462,12,00 00 AF 42 00 00 78 42 F8 53 E1 42
1787904708.465299,34680,0463,12,34 33 BC 42 3E 0A 8D 42 3E 8A 60 42
1787904708.477347,34680,0464,12,CD CC 9E 42 7B 14 83 42 58 39 B0 42
1787904708.487966,34680,0465,12,CD CC E7 42 99 99 5D 42 40 35 8A 42
1787904708.498673,34680,0466,12,00 80 12 43 E1 7A AC 41 71 3D 7E 42
1787904708.509789,34680,0467,12,66 66 BF 42 C2 F5 00 42 1F 85 BA 42
1787904708.520796,34680,0468,12,CD CC 05 43 14 AE 8C 42 18 44 98 42
1787904708.532049,34680,0469,12,9A 99 C8 42 34 33 37 42 6C 67 46 42
1787904708.542800,34680,046a,12,33 33 A2 42 B8 1E 91 42 68 D1 B0 42
1787904708.553324,34680,046b,12,00 00 B2 42 0A D7 97 42 B7 33 C6 42
1787904708.563818,34680,046c,12,9A 99 C3 42 85 EB 6D 42 62 50 A7 42
1787904708.574707,34680,046d,12,CD CC A9 42 AE 47 11 42 72 68 EE 41
1787904708.585431,34680,046e,12,99 99 F5 42 00 00 36 42 98 EE E0 42
1787904708.596054,34680,046f,12,CC CC DB 42 48 E1 14 42 81 D5 D6 42
1787904708.606797,34680,0470,12,9A 99 01 43 F6 28 68 42 FE 54 B9 42
1787904708.617501,34680,0471,12,34 33 DA 42 3E 0A 3B 42 54 E3 BE 41
1787904708.628121,34680,0472,12,33 33 BF 42 CD CC 89 42 A4 70 07 42
1787904708.639173,34680,0473,12,00 00 86 42 CD CC 46 42 83 80 A8 42
1787904708.650123,34680,0474,12,66 66 C1 42 1F 85 2F 42 A4 70 D7 41
1787904708.660878,34680,0475,12,00 80 0A 43 E1 7A F4 41 90 42 19 42
1787904708.671452,34680,0476,12,9A 19 06 43 B8 1E 51 42 36 1E 93 42
1787904708.682331,34680,0477,12,34 B3 10 43 86 EB 43 42 29 1C E3 42
1787904708.693097,34680,0478,12,00 00 EA 42 EB 51 7C 42 C2 75 68 42
1787904708.703809,34680,0479,12,66 66 C4 42 00 00 0C 42 C3 75 05 42
1787904708.714610,34680,047a,12,CD CC A9 42 EC 51 89 42 F2 12 BF 42
1787904708.725172,34680,047b,12,33 B3 13 43 66 66 74 42 12 03 1E 42
1787904708.745919,34680,047c,12,9A 99 67 42 E1 7A 18 42 D9 CE C6 41
1787904708.756799,34680,047d,12,9A 99 F9 42 3E 0A 05 42 B4 88 91 42
1787904708.767526,34680,047e,12,33 33 55 42 29 5C C7 41 9E EF B8 42
1787904708.778464,34680,047f,12,33 33 57 42 0A D7 75 42 A4 F0 38 42
1787904708.789134,34680,0480,12,00 00 C1 42 1F 85 5F 42 2D B2 15 42
1787904708.799766,34680,0481,12,CD CC BE 42 85 EB 86 42 1F 05 31 42
1787904708.811662,34680,0482,12,00 00 14 43 1F 85 65 42 CA A1 43 42
1787904708.822274,34680,0483,12,66 66 83 42 52 B8 E2 41 C7 4B AA 41
1787904708.832821,34680,0484,12,9A 99 85 42 3E 0A 71 42 FA FE B2 42
1787904708.846853,34680,0485,12,34 33 D0 42 C2 F5 7E 42 95 43 54 42
1787904708.857403,34680,0486,12,9A 99 BD 42 3D 0A 99 42 F6 E8 93 42
1787904708.867832,34680,0487,12,9A 99 F0 42 AE 47 77 42 A4 F0 38 42
1787904708.878425,34680,0488,12,9A 99 12 43 00 00 78 42 29 DC 98 42
1787904708.888886,34680,0489,12,66 66 C2 42 9A 99 27 42 AA F1 10 42
1787904708.899503,34680,048a,12,CD CC E4 42 C2 F5 8B 42 99 99 B2 42
1787904708.910243,34680,048b,12,00 00 11 43 9A 99 57 42 CA E1 82 42
1787904708.925038,34680,048c,12,CD CC 58 42 29 5C C7 41 36 5E 22 42
1787904708.935649,34680,048d,12,CC 4C 13 43 AE 47 7D 42 1F 05 EC 42
1787904708.946415,34680,048e,12,00 00 7C 42 48 E1 26 42 68 11 98 42
1787904708.957109,34680,048f,12,66 66 93 42 A3 70 79 42 38 89 F5 41
1787904708.967741,34680,0490,12,00 00 A6 42 14 AE 7F 42 67 A6 AD 42
1787904708.978999,34680,0491,12,34 33 C4 42 9A 99 21 42 CD 4C 78 42
1787904708.990009,34680,0492,12,9A 99 00 43 F6 28 62 42 02 AB 04 42
1787904709.000684,34680,0493,12,33 33 9E 42 5C 8F 28 42 64 BB 91 42
1787904709.011308,34680,0494,12,00 00 05 43 AE 47 05 42 8C 6C 44 42
1787904709.021813,34680,0495,12,66 66 A8 42 86 EB 25 42 29 9C B1 42
1787904709.032366,34680,0496,12,00 00 FE 42 00 00 24 42 04 56 91 42
1787904709.044938,34680,0497,12,CD CC AF 42 D7 A3 38 42 FE 54 61 42
1787904709.055932,34680,0498,12,66 66 CC 42 3D 0A F3 41 2F DD E8 41
1787904709.066825,34680,0499,12,66 66 BC 42 A4 70 73 42 70 3D 1B 42
1787904709.077632,34680,049a,12,CD CC F9 42 29 5C 85 42 2C 07 44 42
1787904709.088558,34680,049b,12,33 33 90 42 85 EB 67 42 CD 8C B7 42
1787904709.099225,34680,049c,12,66 66 10 43 48 E1 20 42 20 F0 A4 42
1787904709.109832,34680,049d,12,CD CC 0A 43 F6 28 1A 42 6F 92 A1 42
1787904709.120236,34680,049e,12,33 33 09 43 29 5C 45 42 BA 49 82 42
1787904709.132002,34680,049f,12,CD CC D0 42 00 00 9D 42 90 C2 4A 42
1787904709.142968,34680,04a0,12,CD 4C 05 43 52 B8 94 42 DF 4F 63 42
1787904709.153584,34680,04a1,12,33 33 89 42 E1 7A 18 42 D7 A3 AE 42
1787904709.164404,34680,04a2,12,33 33 E0 42 66 66 02 42 3B 5F 5D 42
1787904709.175542,34680,04a3,12,9A 99 C7 42 1E 85 81 42 7D BF B7 42
1787904709.186140,34680,04a4,12,9A 99 FF 42 C3 F5 0C 42 37 89 E0 42
1787904709.197201,34680,04a5,12,CD CC 80 42 3E 0A 9F 42 AA F1 E0 41
1787904709.208043,34680,04a6,12,33 33 AF 42 CD CC 95 42 8F C2 B7 41
1787904709.218802,34680,04a7,12,00 80 05 43 AE 47 3B 42 CB E1 E5 42
1787904709.229325,34680,04a8,12,33 33 80 42 86 EB 9B 42 71 3D D6 42
1787904709.240101,34680,04a9,12,66 66 CB 42 00 00 00 42 7B 94 B4 42
1787904709.251007,34680,04aa,12,33 33 83 42 E2 7A 30 42 20 30 8C 42
1787904709.261701,34680,04ab,12,CC CC 08 43 5C 8F 2E 42 6C E7 77 42
1787904709.272275,34680,04ac,12,00 00 0B 43 3E 0A DB 41 87 96 0C 42
1787904709.282728,34680,04ad,12,CC CC F5 42 29 5C 7B 42 BC B4 CF 42
1787904709.293229,34680,04ae,12,00 00 A4 42 29 5C 69 42 8D 17 D1 42
1787904709.311636,34680,04af,12,CD CC D2 42 3E 0A 3B 42 CA A1 9B 42
1787904709.322050,34680,04b0,12,00 00 62 42 CD CC 89 42 17 99 C6 42
1787904709.332625,34680,04b1,12,66 66 DD 42 5C 8F 8F 42 2D 72 E9 42
1787904709.343134,34680,04b2,12,33 33 DF 42 14 AE 19 42 73 A8 C0 42
1787904709.353609,34680,04b3,12,33 33 0F 43 85 EB 9E 42 58 39 C5 41
1787904709.367252,34680,04b4,12,9A 99 15 43 A4 70 80 42 89 81 80 42
1787904709.378163,34680,04b5,12,66 66 84 42 0A D7 1B 42 8D 97 B4 41
1787904709.389994,34680,04b6,12,00 80 11 43 3D 0A AB 41 BA 89 CC 42
1787904709.400944,34680,04b7,12,CD CC D2 42 52 B8 12 42 0E 2D 49 42
1787904709.417208,34680,04b8,12,99 99 E9 42 14 AE 73 42 B2 DD BF 42
1787904709.428022,34680,04b9,12,9A 99 8D 42 3E 0A C3 41 64 7B AA 42
1787904709.439780,34680,04ba,12,33 33 08 43 EC 51 86 42 C6 4B 3D 42
1787904709.452982,34680,04bb,12,66 66 EA 42 F6 28 5C 42 EE 3C EA 42
1787904709.463352,34680,04bc,12,CD CC 85 42 AE 47 35 42 40 35 32 42
1787904709.473839,34680,04bd,12,9A 99 BE 42 86 EB 73 42 7D 3F FE 41
1787904709.484256,34680,04be,12,00 00 B6 42 E1 7A DC 41 3B DF 83 42
1787904709.494736,34680,04bf,12,CD CC E7 42 F5 28 6E 42 0E 6D EB 42
1787904709.505068,34680,04c0,12,CD CC 85 42 D7 A3 9F 42 8D 17 D1 42
1787904709.515661,34680,04c1,12,33 33 F5 42 14 AE 1F 42 EF E7 BB 42
1787904709.526210,34680,04c2,12,CC 4C 0E 43 E1 7A 6C 42 54 E3 BE 41
1787904709.536660,34680,04c3,12,00 00 8A 42 29 5C BB 41 50 CD 8A 42
1787904709.547294,34680,04c4,12,33 33 AE 42 EC 51 22 42 93 18 BE 41
1787904709.560389,34680,04c5,12,9A 19 12 43 66 66 5C 42 35 DE 53 42
1787904709.571030,34680,04c6,12,CD CC F8 42 29 5C 1B 42 64 3B D8 41
1787904709.581688,34680,04c7,12,66 66 C6 42 D7 A3 81 42 E9 E6 E3 42
1787904709.592442,34680,04c8,12,66 66 0D 43 A4 70 98 42 CB E1 E5 42
1787904709.603234,34680,04c9,12,33 33 F8 42 33 33 6D 42 35 5E DD 42
1787904709.614055,34680,04ca,12,66 66 A8 42 0A D7 39 42 81 15 66 42
1787904709.624563,34680,04cb,12,00 00 BB 42 D7 A3 0E 42 CD 4C D0 42
1787904709.634998,34680,04cc,12,9A 99 EC 42 00 00 8E 42 6B BC CC 42
1787904709.645445,34680,04cd,12,9A 99 DC 42 EC 51 92 42 04 56 39 42
1787904709.655870,34680,04ce,12,9A 99 A6 42 AE 47 47 42 99 19 E4 42
1787904709.667613,34680,04cf,12,00 00 80 42 66 66 74 42 33 73 C1 42
1787904709.678134,34680,04d0,12,00 00 62 42 90 C2 53 42 CF 77 18 42
1787904709.688670,34680,04d1,12,00 00 60 42 29 5C 6F 42 AA F1 CB 42
1787904709.699631,34680,04d2,12,CD CC EC 42 52 B8 EE 41 73 28 8F 42
1787904709.710191,34680,04d3,12,33 33 51 42 D7 A3 FC 41 A2 45 D4 41
1787904709.720571,34680,04d4,12,9A 99 9D 42 0A D7 21 42 40 F5 A2 42
1787904709.732272,34680,04d5,12,00 00 BB 42 29 5C 63 42 BE 9F 88 42
1787904709.743045,34680,04d6,12,9A 99 51 42 5C 8F DA 41 29 DC 40 42
1787904709.753793,34680,04d7,12,CC CC AC 42 34 33 95 42 E1 FA 8C 42
1787904709.764660,34680,04d8,12,66 66 88 42 00 00 78 42 73 A8 C0 42
1787904709.775345,34680,04d9,12,66 66 E1 42 66 66 90 42 1B EF CC 42
1787904709.785829,34680,04da,12,66 66 F8 42 0B D7 7B 42 FE D4 FF 41
1787904709.796244,34680,04db,12,CD CC E5 42 C2 F5 91 42 00 80 64 42
1787904709.806974,34680,04dc,12,00 00 A4 42 A4 70 07 42 94 18 A9 42
1787904709.817859,34680,04dd,12,9A 99 A6 42 14 AE 1F 42 8D 97 B4 41
1787904709.828642,34680,04de,12,9A 99 5B 42 CD CC 52 42 2F DD E8 41
1787904709.839226,34680,04df,12,00 00 CD 42 CD CC D4 41 95 43 AC 42
1787904709.849846,34680,04e0,12,66 66 82 42 52 B8 CA 41 8D 57 B8 42
1787904709.860554,34680,04e1,12,9A 19 11 43 5C 8F 8C 42 6F 12 D3 42
1787904709.871138,34680,04e2,12,00 00 F8 42 A4 70 43 42 DD E4 D0 42
1787904709.883083,34680,04e3,12,CD CC F6 42 33 33 FB 41 CF F7 A1 42
1787904709.893824,34680,04e4,12,00 00 48 42 E1 7A 36 42 95 03 C5 42
1787904709.904549,34680,04e5,12,33 33 55 42 5C 8F CE 41 0C 02 46 42
1787904709.919184,34680,04e6,12,00 00 13 43 5C 8F AA 41 58 39 B0 42
1787904709.930159,34680,04e7,12,00 00 CB 42 00 00 5A 42 8A C1 CA 42
1787904709.941600,34680,04e8,12,66 66 0B 43 7B 14 34 42 6C 27 B7 42
1787904709.953095,34680,04e9,12,CC CC DA 42 3D 0A AB 41 60 E5 BC 42
1787904709.963928,34680,04ea,12,67 66 E5 42 0A D7 82 42 FC A9 FC 41
1787904709.977274,34680,04eb,12,66 66 06 43 C3 F5 97 42 94 58 90 42
1787904709.988146,34680,04ec,12,CD CC 9A 42 8F C2 C9 41 F0 27 A3 42
1787904709.999115,34680,04ed,12,00 00 CB 42 D7 A3 56 42 DD A4 2E 42
1787904710.009917,34680,04ee,12,9A 99 B1 42 0A D7 33 42 6A BC E1 41
1787904710.020459,34680,04ef,12,66 66 88 42 70 3D 1E 42 3B 5F B5 42
1787904710.030970,34680,04f0,12,CD CC E6 42 D7 A3 90 42 98 EE E0 42
1787904710.041487,34680,04f1,12,9A 99 57 42 C3 F5 54 42 40 F5 A2 42
1787904710.052099,34680,04f2,12,9A 99 59 42 AE 47 84 42 34 33 EF 41
1787904710.063107,34680,04f3,12,00 00 C2 42 3D 0A 8A 42 FE D4 2F 42
1787904710.073928,34680,04f4,12,CD 4C 11 43 14 AE 43 42 CD 4C D0 42
1787904710.085169,34680,04f5,12,00 00 58 42 EC 51 16 42 F8 13 97 42
1787904710.096929,34680,04f6,12,CD CC F6 42 A4 70 AD 41 27 31 C7 42
1787904710.107657,34680,04f7,12,33 33 8C 42 EB 51 70 42 31 08 7F 42
1787904710.118275,34680,04f8,12,CC 4C 01 43 B8 1E F1 41 5A A4 9A 42
1787904710.129160,34680,04f9,12,00 00 84 42 90 C2 41 42 95 C3 DD 42
1787904710.140010,34680,04fa,12,33 33 DE 42 CD CC F8 41 FA BE CB 42
1787904710.150833,34680,04fb,12,9A 99 9B 42 3E 0A 11 42 3E 0A FF 41
1787904710.161907,34680,04fc,12,CD CC 96 42 D7 A3 74 42 C2 35 D9 42
1787904710.172935,34680,04fd,12,66 66 D9 42 33 33 BF 41 3B 5F 5D 42
1787904710.183538,34680,04fe,12,CC CC CB 42 85 EB 1F 42 52 B8 BB 41
1787904710.194147,34680,04ff,12,66 66 BC 42 66 66 0E 42 18 04 C6 41
1787904710.205597,34680,0500,12,33 33 15 43 14 AE A7 41 7D BF 5F 42
1787904710.216573,34680,0501,12,66 66 93 42 29 5C 9A 42 77 BE F4 41
1787904710.227202,34680,0502,12,CC CC DC 42 48 E1 32 42 68 11 40 42
1787904710.238100,34680,0503,12,9A 99 D9 42 A4 70 E9 41 23 DB 05 42
1787904710.249192,34680,0504,12,33 33 EC 42 B8 1E 69 42 20 F0 A4 42
1787904710.259887,34680,0505,12,CD CC A3 42 0A D7 C7 41 08 AC AC 41
1787904710.270536,34680,0506,12,9A 99 AA 42 F6 28 2C 42 29 1C E3 42
1787904710.281657,34680,0507,12,9A 99 6B 42 48 E1 9F 42 BE DF D2 42
1787904710.292256,34680,0508,12,CD CC FF 42 F6 28 8D 42 6A BC E1 41
1787904710.304130,34680,0509,12,33 B3 13 43 71 3D 42 42 54 63 20 42
1787904710.314891,34680,050a,12,66 66 A7 42 29 5C 3F 42 66 66 0B 42
1787904710.325618,34680,050b,12,9A 99 A2 42 EC 51 86 42 2F DD D3 42
1787904710.336416,34680,050c,12,33 33 88 42 A4 70 67 42 83 C0 8F 42
1787904710.347176,34680,050d,12,34 33 FE 42 52 B8 00 42 A6 9B 6D 42
1787904710.366021,34680,050e,12,00 00 E5 42 85 EB 95 42 F8 53 E1 42
1787904710.378238,34680,050f,12,66 66 A3 42 33 33 55 42 81 15 66 42
1787904710.389036,34680,0510,12,66 66 60 42 14 AE D7 41 87 56 E0 42
1787904710.400528,34680,0511,12,00 00 FE 42 EC 51 A4 41 27 31 0C 42
1787904710.411333,34680,0512,12,CD CC 91 42 52 B8 85 42 44 8B A5 41
1787904710.422032,34680,0513,12,CD CC 72 42 3E 0A 29 42 F6 28 23 42
1787904710.433630,34680,0514,12,33 33 71 42 CD CC 0A 42 E4 25 90 42
1787904710.444355,34680,0515,12,9A 99 FE 42 33 33 8C 42 1D DA 2D 42
1787904710.454877,34680,0516,12,CD CC 03 43 70 3D 88 42 8A 81 E3 42
1787904710.465420,34680,0517,12,9A 99 96 42 52 B8 2A 42 35 DE AB 42
1787904710.475832,34680,0518,12,00 00 07 43 0A D7 27 42 EF A7 7C 42
1787904710.486278,34680,0519,12,00 00 F5 42 3D 0A F3 41 10 58 4C 42
1787904710.496825,34680,051a,12,9A 99 CF 42 86 EB 49 42 E0 8F A2 42
1787904710.507499,34680,051b,12,CD CC F3 42 8F C2 2F 42 36 5E F2 41
1787904710.537212,34680,051c,12,CC CC B2 42 66 66 DE 41 EB D1 44 42
1787904710.575759,34680,051d,12,00 00 8C 42 00 00 60 42 23 DB 05 42
1787904710.606316,34680,051e,12,CD CC 90 42 52 B8 9D 42 7D BF B7 42
1787904710.616889,34680,051f,12,66 66 A5 42 C3 F5 54 42 15 EE 91 42
1787904710.627321,34680,0520,12,9A 99 9C 42 CD CC 8F 42 1D DA 2D 42
1787904710.637824,34680,0521,12,00 00 C8 42 B8 1E 9D 42 DD 24 60 42
1787904710.648226,34680,0522,12,9A 99 D4 42 29 5C AF 41 48 61 70 42
1787904710.658747,34680,0523,12,9A 99 77 42 70 3D 91 42 5C 8F CB 41
1787904710.669400,34680,0524,12,CD CC 82 42 7B 14 04 42 70 3D 1B 42
1787904710.679978,34680,0525,12,CD CC 83 42 00 00 8B 42 8D 17 79 42
1787904710.690588,34680,0526,12,00 00 FB 42 85 EB 79 42 64 BB 91 42
1787904710.701172,34680,0527,12,00 80 07 43 AE 47 71 42 A8 86 E1 42
1787904710.711713,34680,0528,12,00 00 BF 42 90 C2 71 42 BC F4 B6 42
1787904710.722205,34680,0529,12,9A 99 E1 42 C3 F5 54 42 7B 14 FB 41
1787904710.732716,34680,052a,12,66 66 7A 42 52 B8 36 42 46 36 6D 42
1787904710.743533,34680,052b,12,9A 99 FA 42 52 B8 88 42 8B 2C B5 42
1787904710.754166,34680,052c,12,00 00 B6 42 00 00 78 42 D7 63 C7 42
1787904710.764914,34680,052d,12,66 66 5C 42 0A D7 03 42 E1 BA A5 42
1787904710.775632,34680,052e,12,CD CC C4 42 33 33 A7 41 77 BE 24 42
1787904710.786343,34680,052f,12,33 33 F3 42 0A D7 88 42 50 8D 4B 42
1787904710.798209,34680,0530,12,33 33 5F 42 48 E1 9F 42 FA FE 5A 42
1787904710.816053,34680,0531,12,66 66 98 42 0A D7 51 42 EE FC 9F 42
1787904710.827016,34680,0532,12,00 00 99 42 1F 85 0B 42 B0 72 1A 42
1787904710.838001,34680,0533,12,66 E6 01 43 AE 47 23 42 A6 9B C5 42
1787904710.848692,34680,0534,12,CC CC BF 42 00 00 72 42 3A B4 F8 41
1787904710.859333,34680,0535,12,00 00 6E 42 90 C2 71 42 EB 11 E7 42
1787904710.870687,34680,0536,12,33 33 63 42 90 C2 35 42 DF 4F 00 42
1787904710.881698,34680,0537,12,00 00 8E 42 52 B8 24 42 83 40 06 42
1787904710.892434,34680,0538,12,00 00 0F 43 14 AE 3D 42 90 42 19 42
1787904710.903393,34680,0539,12,CD CC AF 42 48 E1 7A 42 EB 51 CE 42
1787904710.914028,34680,053a,12,00 00 89 42 70 3D 2A 42 44 0B 6A 42
1787904710.924557,34680,053b,12,CC CC 13 43 1F 85 1D 42 23 DB D5 41
1787904710.935114,34680,053c,12,00 00 F3 42 00 00 C4 41 3F 35 ED 42
1787904710.945861,34680,053d,12,9A 99 4F 42 0A D7 03 42 F2 D2 1C 42
1787904710.956640,34680,053e,12,9A 99 57 42 B8 1E 51 42 98 6E AF 42
1787904710.967145,34680,053f,12,9A 99 14 43 33 33 07 42 70 3D EB 41
1787904710.978946,34680,0540,12,00 80 0A 43 90 C2 ED 41 3F B5 63 42
1787904710.994032,34680,0541,12,CD CC B5 42 D7 A3 74 42 6F 92 49 42
1787904711.004756,34680,0542,12,66 66 5A 42 52 B8 18 42 C0 CA 8B 42
1787904711.015355,34680,0543,12,9A 99 FB 42 B8 1E 21 42 48 E1 96 42
1787904711.026357,34680,0544,12,66 66 C2 42 B8 1E 6F 42 94 98 1F 42
1787904711.036917,34680,0545,12,9A 99 8D 42 B8 1E 69 42 06 01 C6 42
1787904711.047348,34680,0546,12,33 33 99 42 7B 14 DA 41 3B DF E6 42
1787904711.057768,34680,0547,12,00 00 F3 42 D7 A3 68 42 B7 F3 DE 42
1787904711.068515,34680,0548,12,00 00 8A 42 AE 47 BD 41 8B EC CD 42
1787904711.079113,34680,0549,12,00 00 EA 42 52 B8 5A 42 96 83 93 42
1787904711.089668,34680,054a,12,66 66 0B 43 48 E1 14 42 B2 9D ED 41
1787904711.100029,34680,054b,12,66 E6 0E 43 48 E1 D2 41 5E BA 61 42
1787904711.110397,34680,054c,12,66 66 54 42 7B 14 52 42 4E E2 79 42
1787904711.120919,34680,054d,12,CD CC 62 42 29 5C 97 42 C9 76 40 42
1787904711.131519,34680,054e,12,66 66 C2 42 AE 47 96 42 C6 4B 3D 42
1787904711.142094,34680,054f,12,CD CC C9 42 EB 51 70 42 60 65 33 42
1787904711.152678,34680,0550,12,9A 99 57 42 0A D7 1B 42 F0 A7 E9 41
1787904711.163309,34680,0551,12,33 33 8D 42 D7 A3 CC 41 BC 74 2D 42
1787904711.173933,34680,0552,12,33 33 D8 42 D7 A3 32 42 11 D8 D5 42
1787904711.184674,34680,0553,12,9A 99 C0 42 66 66 8A 42 CF F7 49 42
1787904711.195635,34680,0554,12,34 33 E5 42 AE 47 35 42 2E 5D 4A 42
1787904711.206066,34680,0555,12,67 66 FE 42 71 3D 24 42 E4 65 DA 42
1787904711.216504,34680,0556,12,33 33 8F 42 B8 1E 9A 42 C5 60 DC 42
1787904711.227380,34680,0557,12,33 33 9F 42 A4 70 07 42 E1 BA A5 42
1787904711.238262,34680,0558,12,00 00 90 42 00 00 82 42 16 D9 C2 41
1787904711.249236,34680,0559,12,00 00 CF 42 3E 0A 93 42 27 B1 95 42
1787904711.263371,34680,055a,12,CD CC 89 42 9A 99 33 42 98 2E C8 42
1787904711.274945,34680,055b,12,00 00 A2 42 8F C2 7D 42 1B 2F C9 41
1787904711.291952,34680,055c,12,00 00 0D 43 52 B8 42 42 D3 4D BD 41
1787904711.302628,34680,055d,12,33 33 CA 42 9A 99 21 42 79 E9 F7 41
1787904711.313279,34680,055e,12,9A 99 8F 42 33 33 92 42 1C DA E8 42
1787904711.323804,34680,055f,12,66 66 D9 42 33 33 E3 41 62 D0 D8 42
1787904711.334457,34680,0560,12,66 66 CE 42 E1 7A 18 42 1B 2F B4 42
1787904711.345011,34680,0561,12,33 B3 0F 43 00 00 66 42 7F 6A 31 42
1787904711.355896,34680,0562,12,33 33 FB 42 00 00 AC 41 64 3B D8 41
1787904711.366461,34680,0563,12,34 33 A3 42 1E 85 8A 42 06 81 94 42
1787904711.378109,34680,0564,12,00 00 E6 42 66 66 2C 42 7D 3F E9 42
1787904711.389094,34680,0565,12,9A 99 A8 42 9A 99 27 42 68 11 40 42
1787904711.400929,34680,0566,12,66 E6 0E 43 0A D7 27 42 66 66 DB 41
1787904711.411884,34680,0567,12,9A 99 FB 42 9A 99 9D 42 8B AC E6 42
1787904711.422536,34680,0568,12,CD CC AB 42 D7 A3 6E 42 76 7E 95 42
1787904711.433055,34680,0569,12,33 B3 07 43 7B 14 04 42 E8 FB 0C 42
1787904711.443659,34680,056a,12,00 00 7E 42 1F 85 05 42 1A 6F 9B 42
1787904711.454335,34680,056b,12,00 00 C8 42 CC CC 8C 42 7F 6A 89 42
1787904711.464970,34680,056c,12,66 66 C2 42 00 00 18 42 04 D6 07 42
1787904711.475632,34680,056d,12,66 66 06 43 9A 99 9A 42 8B AC E6 42
1787904711.486530,34680,056e,12,00 80 09 43 E1 7A 36 42 CD CC B3 41
1787904711.497101,34680,056f,12,9A 99 14 43 D7 A3 68 42 1A AF 82 42
1787904711.510874,34680,0570,12,33 33 8A 42 52 B8 4E 42 4E 62 48 42
1787904711.522671,34680,0571,12,CD CC 9A 42 9A 99 03 42 C2 F5 36 42
1787904711.533638,34680,0572,12,66 66 A9 42 48 E1 87 42 AC 9C 9D 42
1787904711.544262,34680,0573,12,9A 99 83 42 0B D7 7B 42 6E D2 88 42
1787904711.554906,34680,0574,12,9A 99 97 42 F6 28 9C 42 98 6E AF 42
1787904711.565447,34680,0575,12,33 33 C0 42 A4 70 13 42 83 40 06 42
1787904711.576016,34680,0576,12,67 66 E5 42 33 33 07 42 89 81 80 42
1787904711.586677,34680,0577,12,33 33 69 42 CD CC A4 41 C0 4A 02 42
1787904711.597473,34680,0578,12,66 66 01 43 29 5C AF 41 40 35 32 42
1787904711.610209,34680,0579,12,00 00 C1 42 52 B8 82 42 2D F2 B7 42
1787904711.621199,34680,057a,12,67 66 E6 42 D7 A3 A8 41 F0 A7 19 42
1787904711.632124,34680,057b,12,00 00 C7 42 E2 7A 12 42 36 5E 22 42
1787904711.642982,34680,057c,12,33 33 84 42 0A D7 AF 41 EE 7C 16 42
1787904711.653500,34680,057d,12,33 B3 12 43 52 B8 9D 42 95 43 54 42
1787904711.684084,34680,057e,12,67 66 E6 42 E2 7A 12 42 91 2D 8D 42
1787904711.699615,34680,057f,12,00 00 AD 42 90 C2 84 42 BA C9 B3 42
1787904711.711972,34680,0580,12,9A 99 B2 42 A4 70 89 42 00 80 BC 42
1787904711.722572,34680,0581,12,00 00 72 42 52 B8 3C 42 CD 4C D0 42
1787904711.733072,34680,0582,12,CD CC AB 42 AE 47 81 42 AC DC 84 42
1787904711.745530,34680,0583,12,33 33 BA 42 85 EB 7F 42 F4 FD EF 41
1787904711.755935,34680,0584,12,33 33 AC 42 CC CC 3A 42 6B FC B3 42
1787904711.769425,34680,0585,12,9A 99 B1 42 66 66 4A 42 D1 A2 1B 42
1787904711.779961,34680,0586,12,9A 19 07 43 14 AE A7 41 1D DA 85 42
1787904711.790803,34680,0587,12,34 33 BD 42 9A 99 94 42 48 21 E1 42
1787904711.801448,34680,0588,12,9A 99 AA 42 8F C2 B1 41 79 69 59 42
1787904711.814534,34680,0589,12,00 00 EE 42 F6 28 56 42 87 16 96 42
1787904711.825022,34680,058a,12,00 00 F9 42 99 99 69 42 0C 42 85 42
1787904711.835605,34680,058b,12,66 66 03 43 A4 70 1F 42 8A 81 E3 42
1787904711.846473,34680,058c,12,66 66 D9 42 AE 47 BD 41 E5 10 AC 42
1787904711.857291,34680,058d,12,00 00 80 42 29 5C 8B 42 A4 F0 38 42
1787904711.868223,34680,058e,12,66 66 EB 42 29 5C 39 42 B8 DE 97 42
1787904711.878954,34680,058f,12,66 66 B8 42 90 C2 8A 42 95 03 C5 42
1787904711.889822,34680,0590,12,33 33 98 42 F6 28 5C 42 87 D6 AE 42
1787904711.900702,34680,0591,12,66 66 52 42 52 B8 CA 41 74 53 92 42
1787904711.911906,34680,0592,12,9A 99 94 42 1F 85 B7 41 16 59 24 42
1787904711.922534,34680,0593,12,9A 99 C9 42 00 00 DC 41 EC 11 84 42
1787904711.933141,34680,0594,12,CC 4C 07 43 AE 47 23 42 11 18 BD 42
1787904711.943799,34680,0595,12,66 66 05 43 C3 F5 30 42 FE D4 EA 42
1787904711.954372,34680,0596,12,9A 99 0D 43 AE 47 B1 41 D9 CE C6 41
1787904711.965487,34680,0597,12,CD CC BE 42 AE 47 F9 41 EF A7 7C 42
1787904711.977381,34680,0598,12,99 99 D2 42 00 00 A0 41 DC 79 2B 42
1787904711.987895,34680,0599,12,CC CC F5 42 0A D7 75 42 3E 4A D1 42
1787904711.998421,34680,059a,12,00 00 93 42 67 66 62 42 C0 CA 33 42
1787904712.009087,34680,059b,12,9A 99 C4 42 F6 28 62 42 15 AE 52 42
1787904712.019636,34680,059c,12,CD CC 9E 42 85 EB 01 42 1A AF 2A 42
1787904712.030185,34680,059d,12,33 B3 07 43 AE 47 A5 41 C1 4A BD 42
1787904712.040817,34680,059e,12,33 33 EA 42 34 33 3D 42 C9 76 98 42
1787904712.052597,34680,059f,12,66 66 01 43 9A 99 45 42 08 2C C9 42
1787904712.063724,34680,05a0,12,66 66 CE 42 3E 0A 05 42 4A 0C AF 41
1787904712.075703,34680,05a1,12,33 33 82 42 1F 85 FF 41 B0 72 D5 42
1787904712.086882,34680,05a2,12,33 33 D5 42 AE 47 41 42 31 88 4D 42
1787904712.098407,34680,05a3,12,34 33 BC 42 29 5C 15 42 BA C9 B3 42
1787904712.109273,34680,05a4,12,9A 99 73 42 90 C2 23 42 56 0E C2 41
1787904712.119905,34680,05a5,12,00 00 A6 42 15 AE 79 42 6C 67 46 42
1787904712.130672,34680,05a6,12,CD CC 89 42 B8 1E E5 41 70 BD 4C 42
1787904712.141240,34680,05a7,12,34 33 FF 42 1F 85 3B 42 C5 E0 AA 42
1787904712.151802,34680,05a8,12,00 00 D8 42 F6 28 E4 41 DF 4F 63 42
1787904712.162583,34680,05a9,12,66 66 87 42 29 5C C7 41 94 98 1F 42
1787904712.173286,34680,05aa,12,33 33 0D 43 B8 1E 21 42 2F 1D BB 42
1787904712.183847,34680,05ab,12,66 66 83 42 29 5C 45 42 3E CA 9F 42
1787904712.194759,34680,05ac,12,9A 99 C1 42 66 66 BA 41 2D F2 B7 42
1787904712.206122,34680,05ad,12,67 66 F0 42 9A 99 8B 42 17 59 DF 42
1787904712.216645,34680,05ae,12,66 E6 15 43 D7 A3 74 42 04 16 AA 42
1787904712.227404,34680,05af,12,00 80 02 43 D7 A3 26 42 29 5C CA 42
1787904712.238544,34680,05b0,12,CD CC FA 42 99 99 7B 42 24 86 92 42
1787904712.249259,34680,05b1,12,9A 99 05 43 00 00 9D 42 5E 3A 88 42
1787904712.259974,34680,05b2,12,9A 99 A1 42 CD CC BC 41 87 96 6F 42
1787904712.270702,34680,05b3,12,33 33 9A 42 1F 85 4D 42 69 91 0E 42
1787904712.281609,34680,05b4,12,00 00 8E 42 B8 1E A9 41 B0 F2 4B 42
1787904712.292074,34680,05b5,12,67 66 FB 42 29 5C 82 42 4C B7 76 42
1787904712.303032,34680,05b6,12,CD CC EE 42 34 33 3D 42 5D 8F B6 42
1787904712.313774,34680,05b7,12,33 33 D3 42 0A D7 57 42 A8 C6 70 42
1787904712.324273,34680,05b8,12,00 00 A7 42 5C 8F C2 41 AC 1C 77 42
1787904712.335010,34680,05b9,12,33 33 AC 42 52 B8 FA 41 18 04 B1 42
1787904712.345594,34680,05ba,12,33 33 5B 42 9A 99 63 42 8D 57 B8 42
1787904712.356571,34680,05bb,12,CD 4C 00 43 85 EB 2B 42 08 EC E1 42
1787904712.367163,34680,05bc,12,33 B3 09 43 8F C2 5F 42 40 F5 A2 42
1787904712.385269,34680,05bd,12,66 66 0C 43 0A D7 45 42 56 8E 23 42
1787904712.397292,34680,05be,12,33 B3 06 43 9A 99 63 42 EF A7 7C 42
1787904712.408530,34680,05bf,12,CD CC 76 42 B8 1E 88 42 52 38 1D 42
1787904712.419605,34680,05c0,12,00 80 02 43 66 66 68 42 20 30 34 42
1787904712.430978,34680,05c1,12,00 00 E8 42 66 66 7A 42 35 5E DD 42
1787904712.441555,34680,05c2,12,9A 99 F3 42 3E 0A 35 42 12 83 BC 41
1787904712.451971,34680,05c3,12,9A 99 9C 42 B8 1E 27 42 3F B5 63 42
1787904712.462883,34680,05c4,12,00 00 DC 42 C2 F5 24 42 E5 D0 D9 41
1787904712.473725,34680,05c5,12,66 66 12 43 14 AE 73 42 5A 64 5B 42
1787904712.484624,34680,05c6,12,00 00 7E 42 C3 F5 AC 41 E4 E5 A8 42
1787904712.495642,34680,05c7,12,CD CC 9E 42 F5 28 6E 42 0C 82 CF 42
1787904712.506163,34680,05c8,12,CC CC 08 43 B8 1E 27 42 7B 54 CD 42
1787904712.516822,34680,05c9,12,00 00 58 42 C2 F5 48 42 3E 8A 60 42
1787904712.527668,34680,05ca,12,33 33 81 42 48 E1 20 42 CF F7 A1 42
1787904712.538219,34680,05cb,12,33 B3 0E 43 52 B8 D6 41 F6 28 DE 42
1787904712.548649,34680,05cc,12,CC CC BA 42 8F C2 6B 42 3F 35 ED 42
1787904712.559346,34680,05cd,12,33 33 90 42 CD CC 28 42 5D 8F 5E 42
1787904712.570924,34680,05ce,12,9A 99 B2 42 71 3D 8B 42 D1 22 BA 41
1787904712.581687,34680,05cf,12,66 66 F9 42 00 00 8E 42 3B 9F 9C 42
1787904712.593354,34680,05d0,12,9A 99 0F 43 66 66 2C 42 E4 A5 69 42
1787904712.603821,34680,05d1,12,33 33 E4 42 B8 1E 9A 42 2E 5D A2 42
1787904712.614379,34680,05d2,12,00 00 EF 42 C3 F5 DC 41 46 F6 DD 42
1787904712.624861,34680,05d3,12,66 66 56 42 E1 7A 66 42 5D 8F 5E 42
1787904712.635710,34680,05d4,12,66 66 C8 42 AE 47 5F 42 31 08 7F 42
1787904712.646652,34680,05d5,12,9A 99 71 42 E1 7A 8E 42 95 C3 DD 42
1787904712.657565,34680,05d6,12,66 66 90 42 E2 7A 91 42 1F 05 31 42
1787904712.668165,34680,05d7,12,9A 99 BB 42 F6 28 02 42 7B 94 5C 42
1787904712.678989,34680,05d8,12,9A 99 67 42 1F 85 84 42 FE 54 61 42
1787904712.689321,34680,05d9,12,33 33 79 42 EC 51 3A 42 15 2E DC 42
1787904712.699772,34680,05da,12,CD CC C3 42 E1 7A 94 42 29 9C B1 42
1787904712.710441,34680,05db,12,CD CC 03 43 90 C2 8A 42 85 6B 6C 42
1787904712.721025,34680,05dc,12,9A 99 88 42 34 33 19 42 95 03 C5 42
1787904712.731811,34680,05dd,12,33 33 61 42 AE 47 A5 41 CB 61 B4 42
1787904712.742459,34680,05de,12,66 66 BC 42 F6 28 B4 41 6A BC E1 41
1787904712.753113,34680,05df,12,CC CC BF 42 00 00 3C 42 83 80 A8 42
1787904712.763815,34680,05e0,12,CD CC D1 42 52 B8 2A 42 D9 4E 28 42
1787904712.774290,34680,05e1,12,9A 99 F0 42 34 33 EF 41 C5 20 92 42
1787904712.785531,34680,05e2,12,33 B3 14 43 D7 A3 68 42 27 31 C7 42
1787904712.796037,34680,05e3,12,CD CC 4A 42 15 AE 5B 42 1F 05 31 42
1787904712.816747,34680,05e4,12,CD CC 83 42 3E 0A 9F 42 BA C9 B3 42
1787904712.846187,34680,05e5,12,00 00 C3 42 3E 0A FF 41 27 31 0C 42
1787904712.876132,34680,05e6,12,CD CC 6C 42 29 5C 8E 42 DF CF 89 42
1787904712.887068,34680,05e7,12,00 00 5A 42 3E 0A 6B 42 92 6D 1C 42
1787904712.898415,34680,05e8,12,00 00 0E 43 33 33 E3 41 6C 67 46 42
1787904712.909072,34680,05e9,12,66 66 70 42 90 C2 47 42 9E 6F 87 42
1787904712.919525,34680,05ea,12,9A 19 00 43 52 B8 30 42 79 E9 E2 42
1787904712.929864,34680,05eb,12,9A 99 9C 42 66 66 68 42 4A 4C 81 42
1787904712.940224,34680,05ec,12,CC CC B3 42 0A D7 6F 42 DC 79 2B 42
1787904712.950498,34680,05ed,12,66 66 B2 42 70 3D 88 42 D5 78 AB 42
1787904712.960844,34680,05ee,12,33 33 A7 42 00 00 2A 42 B0 F2 4B 42
1787904712.971172,34680,05ef,12,CC CC AD 42 70 3D 0C 42 1C DA E8 42
1787904712.981638,34680,05f0,12,66 66 D8 42 1F 85 05 42 54 A3 C2 42
1787904712.992094,34680,05f1,12,CC 4C 0D 43 5C 8F 92 42 4C B7 CE 42
1787904713.002504,34680,05f2,12,9A 99 82 42 52 B8 4E 42 0C 42 85 42
1787904713.013902,34680,05f3,12,66 E6 0B 43 5C 8F 28 42 76 FE C6 42
1787904713.024413,34680,05f4,12,66 66 87 42 A4 70 A1 41 0C 02 9E 42
1787904713.034883,34680,05f5,12,CC CC A7 42 66 66 DE 41 64 3B C3 42
1787904713.045303,34680,05f6,12,00 00 10 43 F6 28 96 42 3A F4 CA 42
1787904713.056755,34680,05f7,12,00 00 A2 42 9A 99 57 42 3F B5 63 42
1787904713.067402,34680,05f8,12,00 00 B9 42 D7 A3 14 42 6C 67 9E 42
1787904713.077772,34680,05f9,12,9A 99 11 43 5C 8F 58 42 3A B4 28 42
1787904713.088536,34680,05fa,12,00 00 E6 42 33 33 8C 42 6C 67 9E 42
1787904713.099036,34680,05fb,12,67 66 FD 42 C3 F5 12 42 8B 2C B5 42
1787904713.109415,34680,05fc,12,33 33 96 42 B8 1E 6F 42 81 15 BE 42
1787904713.119784,34680,05fd,12,66 66 4E 42 48 E1 6E 42 F0 A7 E9 41
1787904713.130210,34680,05fe,12,66 66 E9 42 AE 47 93 42 FA 7E 81 42
1787904713.140649,34680,05ff,12,66 66 A0 42 48 E1 38 42 60 A5 D5 42
1787904713.151017,34680,0600,12,00 00 94 42 48 E1 08 42 34 33 EF 41
1787904713.161715,34680,0601,12,00 00 85 42 29 5C 88 42 04 16 AA 42
1787904713.172381,34680,0602,12,CD CC 91 42 7A 14 FE 41 4E E2 D1 42
1787904713.182847,34680,0603,12,CD CC 70 42 0A D7 3F 42 AE 07 88 42
1787904713.193902,34680,0604,12,00 00 8A 42 5C 8F 10 42 0A 17 82 42
1787904713.204500,34680,0605,12,9A 99 C1 42 66 66 7A 42 8A 41 99 42
1787904713.215039,34680,0606,12,00 00 BB 42 D7 A3 8A 42 0E 2D A1 42
1787904713.225603,34680,0607,12,33 B3 03 43 29 5C 2D 42 F4 7D A9 42
1787904713.236191,34680,0608,12,00 00 F6 42 7B 14 AA 41 58 39 B0 42
1787904713.246773,34680,0609,12,00 00 4C 42 AE 47 23 42 DD 24 B8 42
1787904713.258383,34680,060a,12,33 33 F5 42 33 33 98 42 D7 A3 C3 41
1787904713.268987,34680,060b,12,66 66 DC 42 33 33 25 42 06 81 94 42
1787904713.279455,34680,060c,12,9A 99 8E 42 1E 85 47 42 8D 97 9F 42
1787904713.289872,34680,060d,12,00 00 CF 42 7A 14 95 42 25 C6 DC 42
1787904713.300425,34680,060e,12,66 E6 03 43 70 3D 2A 42 3E 8A 60 42
1787904713.310947,34680,060f,12,00 00 03 43 B8 1E 45 42 AA F1 CB 42
1787904713.321380,34680,0610,12,34 33 BE 42 1E 85 99 42 6F 92 A1 42
1787904713.331801,34680,0611,12,CD CC B0 42 CD CC 22 42 B4 08 C3 42
1787904713.342222,34680,0612,12,34 B3 0A 43 90 C2 47 42 74 93 F1 41
1787904713.352654,34680,0613,12,9A 99 6B 42 0A D7 69 42 A3 30 DB 42
1787904713.363292,34680,0614,12,66 66 85 42 1F 85 8D 42 8E D7 86 42
1787904713.374085,34680,0615,12,00 00 EF 42 8F C2 87 42 CD CC B3 41
1787904713.385378,34680,0616,12,33 33 9A 42 3E 0A B7 41 96 83 93 42
1787904713.397544,34680,0617,12,9A 99 59 42 33 33 92 42 38 89 25 42
1787904713.408671,34680,0618,12,00 00 81 42 29 5C 39 42 E1 FA 8C 42
1787904713.419657,34680,0619,12,CD CC E1 42 0A D7 97 42 12 83 A7 42
1787904713.430158,34680,061a,12,9A 99 8C 42 F6 28 99 42 B4 08 C3 42
1787904713.440828,34680,061b,12,33 33 73 42 0A D7 75 42 E8 FB 6F 42
1787904713.451442,34680,061c,12,66 E6 11 43 E1 7A 3C 42 04 56 91 42
1787904713.461991,34680,061d,12,CD CC B4 42 EC 51 10 42 1C DA E8 42
1787904713.472361,34680,061e,12,9A 99 9E 42 E1 7A 85 42 5C CF 9D 42
1787904713.482747,34680,061f,12,9A 99 53 42 8F C2 0B 42 33 B3 A8 42
1787904713.493365,34680,0620,12,CD CC C8 42 85 EB 6D 42 FC 29 5E 42
1787904713.503888,34680,0621,12,33 33 88 42 33 33 4F 42 20 F0 A4 42
1787904713.514252,34680,0622,12,34 33 0B 43 8F C2 87 42 95 C3 DD 42
1787904713.524791,34680,0623,12,CD CC 8D 42 EC 51 58 42 12 03 D9 42
1787904713.535164,34680,0624,12,34 33 DA 42 B8 1E 94 42 B8 1E E2 42
1787904713.545693,34680,0625,12,34 33 CF 42 90 C2 90 42 FE 54 B9 42
1787904713.556200,34680,0626,12,33 33 08 43 F6 28 C0 41 60 A5 D5 42
1787904713.566674,34680,0627,12,9A 99 C2 42 70 3D FA 41 9A 19 29 42
1787904713.577138,34680,0628,12,33 33 FA 42 29 5C 97 42 9C 84 CE 42
1787904713.587489,34680,0629,12,66 66 D1 42 7B 14 70 42 D7 E3 95 42
1787904713.597935,34680,062a,12,00 00 C4 42 85 EB 67 42 C3 F5 A3 41
1787904713.608315,34680,062b,12,00 00 DE 42 A4 70 31 42 31 08 EC 41
1787904713.618630,34680,062c,12,66 66 62 42 CD CC 76 42 73 68 D9 42
1787904713.637250,34680,062d,12,CD CC BC 42 8F C2 A5 41 B2 9D D8 42
1787904713.647600,34680,062e,12,00 00 8B 42 52 B8 48 42 D7 A3 56 42
1787904713.658136,34680,062f,12,33 33 B8 42 E1 7A 8B 42 06 81 94 42
1787904713.668607,34680,0630,12,66 66 E7 42 70 3D 5A 42 B0 72 EA 41
1787904713.678945,34680,0631,12,66 66 15 43 C2 F5 F4 41 15 6E C3 42
1787904713.689456,34680,0632,12,CD CC C9 42 EC 51 0A 42 DD A4 86 42
1787904713.699785,34680,0633,12,00 00 FE 42 14 AE 07 42 85 AB AB 42
1787904713.728628,34680,0634,12,66 66 03 43 F6 28 62 42 F4 FD 1F 42
1787904713.738990,34680,0635,12,00 00 81 42 A4 70 13 42 1D DA 2D 42
1787904713.749259,34680,0636,12,CD CC DE 42 D7 A3 93 42 D9 CE C6 41
1787904713.759537,34680,0637,12,33 33 85 42 0A D7 15 42 8F 42 7C 42
1787904713.769804,34680,0638,12,9A 99 57 42 D7 A3 08 42 74 93 21 42
1787904713.779962,34680,0639,12,34 33 A5 42 52 B8 48 42 4C B7 76 42
1787904713.790418,34680,063a,12,9A 99 9E 42 90 C2 41 42 E8 3B AF 42
1787904713.800809,34680,063b,12,9A 99 01 43 9A 99 1B 42 56 0E AD 42
1787904713.811187,34680,063c,12,66 66 AC 42 EC 51 22 42 6B BC CC 42
1787904713.821622,34680,063d,12,66 66 F5 42 D7 A3 20 42 94 18 51 42
1787904713.831895,34680,063e,12,CD 4C 03 43 00 00 97 42 91 ED A5 42
1787904713.842865,34680,063f,12,67 66 FF 42 52 B8 D6 41 8D 17 D1 42
1787904713.853309,34680,0640,12,CD CC 9D 42 70 3D 97 42 F2 D2 1C 42
1787904713.863706,34680,0641,12,9A 99 06 43 EC 51 8C 42 C6 8B DF 42
1787904713.874375,34680,0642,12,33 33 C7 42 00 00 36 42 3B DF FB 41
1787904713.885072,34680,0643,12,66 66 D8 42 1F 85 3B 42 89 41 AE 41
1787904713.895607,34680,0644,12,34 B3 11 43 52 B8 A6 41 3A 34 B2 42
1787904713.906105,34680,0645,12,00 00 AF 42 7A 14 2E 42 6B BC 74 42
1787904713.916489,34680,0646,12,CC CC F5 42 7B 14 98 42 0C 02 B3 41
1787904713.981018,34680,0647,12,66 66 0E 43 90 C2 F9 41 D1 A2 7E 42
1787904714.011220,34680,0648,12,CD CC 9A 42 EB 51 52 42 10 D8 1A 42
1787904714.021742,34680,0649,12,00 00 CA 42 CC CC 1C 42 0E 2D A1 42
1787904714.032123,34680,064a,12,66 66 B4 42 E1 7A 60 42 76 FE C6 42
1787904714.042555,34680,064b,12,33 33 5F 42 AE 47 D5 41 8B AC E6 42
1787904714.053098,34680,064c,12,33 33 D3 42 3E 0A 2F 42 CD CC 9E 42
1787904714.063595,34680,064d,12,34 33 9D 42 14 AE 83 42 1D DA 2D 42
1787904714.073940,34680,064e,12,9A 99 C9 42 90 C2 71 42 3B 9F 9C 42
1787904714.084388,34680,064f,12,33 33 D5 42 9A 99 94 42 5A E4 E4 42
1787904714.094764,34680,0650,12,66 E6 11 43 F5 28 6E 42 A0 1A 01 42
1787904714.105283,34680,0651,12,00 80 02 43 5C 8F 10 42 C3 F5 A3 41
1787904714.116773,34680,0652,12,CD CC 62 42 9A 99 A9 41 BE 9F 30 42
1787904714.127901,34680,0653,12,00 00 68 42 E1 7A 3C 42 CB E1 E5 42
1787904714.141187,34680,0654,12,33 33 67 42 D7 A3 D8 41 20 F0 A4 42
1787904714.151639,34680,0655,12,9A 99 9B 42 1F 85 E7 41 8E D7 86 42
1787904714.162486,34680,0656,12,CD CC 03 43 33 33 31 42 1C DA E8 42
1787904714.172987,34680,0657,12,00 00 BA 42 AE 47 3B 42 C6 CB 0B 42
1787904714.183417,34680,0658,12,9A 99 C4 42 7A 14 2E 42 04 D6 6A 42
1787904714.194155,34680,0659,12,00 80 02 43 D6 A3 4A 42 73 A8 C0 42
1787904714.204713,34680,065a,12,00 80 08 43 7B 14 F2 41 D5 F8 21 42
1787904714.215086,34680,065b,12,CD CC EF 42 9A 99 4B 42 73 E8 4F 42
1787904714.225677,34680,065c,12,CD 4C 11 43 9A 99 63 42 9A D9 99 42
1787904714.236193,34680,065d,12,66 66 7A 42 14 AE 0D 42 1F 05 31 42
1787904714.250224,34680,065e,12,66 66 CA 42 9A 99 3F 42 06 81 3C 42
1787904714.260792,34680,065f,12,66 66 5E 42 F6 28 08 42 CA A1 43 42
1787904714.274098,34680,0660,12,00 00 96 42 34 33 19 42 95 43 54 42
1787904714.284487,34680,0661,12,66 66 02 43 1F 85 5F 42 12 03 D9 42
1787904714.294986,34680,0662,12,66 66 02 43 E1 7A 0C 42 AE 47 D2 42
1787904714.305512,34680,0663,12,CD CC 60 42 7B 14 C2 41 0A D7 42 42
1787904714.315869,34680,0664,12,CC CC CE 42 29 5C 51 42 F8 13 97 42
1787904714.326186,34680,0665,12,CD CC 6C 42 A4 70 83 42 B2 1D 4F 42
1787904714.336627,34680,0666,12,00 00 E8 42 E1 7A 42 42 5E BA CE 41
1787904714.346920,34680,0667,12,9A 99 92 42 90 C2 29 42 67 66 C6 42
1787904714.357519,34680,0668,12,9A 19 0E 43 29 5C 1B 42 49 4C E4 42
1787904714.367988,34680,0669,12,66 66 8B 42 9A 99 21 42 86 EB 3A 42
1787904714.379506,34680,066a,12,9A 19 03 43 8F C2 E1 41 7D 3F E9 42
1787904714.390641,34680,066b,12,66 66 DD 42 EC 51 76 42 C8 F6 0E 42
1787904714.402179,34680,066c,12,66 66 14 43 33 33 55 42 29 1C 80 42
1787904714.414157,34680,066d,12,33 33 5F 42 8F C2 B1 41 20 F0 A4 42
1787904714.425153,34680,066e,12,CD CC D6 42 7B 14 80 42 58 B9 E1 42
1787904714.436450,34680,066f,12,9A 99 83 42 8F C2 87 42 1D DA 2D 42
1787904714.446733,34680,0670,12,33 33 91 42 5C 8F 04 42 48 61 C8 42
1787904714.457087,34680,0671,12,66 E6 0B 43 CC CC EC 41 58 39 B0 42
1787904714.467291,34680,0672,12,00 00 0E 43 EC 51 92 42 E5 10 AC 42
1787904714.477741,34680,0673,12,CD CC 9E 42 5C 8F 80 42 0E 6D EB 42
1787904714.488213,34680,0674,12,CC CC 00 43 66 66 0E 42 1D 5A CC 41
1787904714.499078,34680,0675,12,33 33 9A 42 3E 0A 05 42 D2 22 A5 42
1787904714.509834,34680,0676,12,00 00 AB 42 85 EB 07 42 A2 C5 35 42
1787904714.520314,34680,0677,12,33 33 DE 42 52 B8 CA 41 0A D7 9A 42
1787904714.530854,34680,0678,12,9A 99 B1 42 66 66 3E 42 BC 34 9E 42
1787904714.541219,34680,0679,12,33 B3 00 43 F6 28 87 42 64 3B C3 42
1787904714.563524,34680,067a,12,00 00 ED 42 EC 51 F8 41 AE C7 48 42
1787904714.573899,34680,067b,12,66 66 9B 42 85 EB 37 42 EB D1 44 42
1787904714.584287,34680,067c,12,34 33 E6 42 48 E1 14 42 4C 37 9D 42
1787904714.594885,34680,067d,12,33 33 89 42 5C 8F 7C 42 50 0D D5 42
1787904714.605218,34680,067e,12,00 00 6E 42 00 00 82 42 81 15 03 42
1787904714.615605,34680,067f,12,00 00 6A 42 85 EB E9 41 83 C0 A4 41
1787904714.627700,34680,0680,12,9A 99 D3 42 14 AE 07 42 18 04 B1 42
1787904714.638574,34680,0681,12,00 00 D9 42 0A D7 27 42 AC 1C 14 42
1787904714.649986,34680,0682,12,9A 19 11 43 29 5C 2D 42 9C 04 9D 42
1787904714.662294,34680,0683,12,CD CC EA 42 0A D7 EB 41 06 81 3C 42
1787904714.672809,34680,0684,12,CD CC C3 42 33 33 B3 41 5E BA CE 41
1787904714.683303,34680,0685,12,66 66 9F 42 52 B8 BE 41 76 3E 56 42
1787904714.694083,34680,0686,12,9A 99 A8 42 EC 51 6A 42 7B 94 5C 42
1787904714.704992,34680,0687,12,66 66 7C 42 D7 A3 D8 41 00 00 A0 41
1787904714.716857,34680,0688,12,33 33 90 42 33 33 6D 42 FA FE 5A 42
1787904714.727484,34680,0689,12,CD CC 9F 42 99 99 69 42 6E 12 18 42
1787904714.737946,34680,068a,12,66 66 A5 42 3D 0A F3 41 F4 FD EF 41
1787904714.748769,34680,068b,12,9A 19 00 43 AE 47 29 42 5D 4F CF 42
1787904714.759504,34680,068c,12,CD CC 5A 42 70 3D EE 41 48 E1 AB 41
1787904714.770410,34680,068d,12,00 00 6C 42 CD CC B0 41 AC 1C E4 41
1787904714.780836,34680,068e,12,00 00 03 43 3E 0A 87 42 16 19 95 42
1787904714.791158,34680,068f,12,33 33 09 43 C2 F5 9A 42 10 58 4C 42
1787904714.801543,34680,0690,12,CD CC 85 42 52 B8 66 42 83 C0 37 42
1787904714.811931,34680,0691,12,CD CC A4 42 29 5C 27 42 E5 10 AC 42
1787904714.822397,34680,0692,12,66 66 AD 42 E1 7A 24 42 04 56 39 42
1787904714.833172,34680,0693,12,9A 99 97 42 5C 8F 76 42 20 30 34 42
1787904714.843665,34680,0694,12,9A 99 FE 42 D7 A3 8A 42 B8 9E B0 42
1787904714.854591,34680,0695,12,CD CC 84 42 00 00 3C 42 48 61 70 42
1787904714.864939,34680,0696,12,33 B3 01 43 1E 85 23 42 4E 22 B9 42
1787904714.875283,34680,0697,12,9A 99 92 42 1F 85 AB 41 14 2E 21 42
1787904714.885793,34680,0698,12,9A 99 C3 42 C2 F5 00 42 21 B0 BD 42
1787904714.896402,34680,0699,12,00 00 F4 42 90 C2 23 42 C6 0B AE 42
1787904714.906844,34680,069a,12,33 33 95 42 5C 8F 34 42 3E 4A D1 42
1787904714.917325,34680,069b,12,66 66 56 42 E1 7A 1E 42 17 D9 AD 42
1787904714.927784,34680,069c,12,CD CC E5 42 66 66 1A 42 31 C8 8C 42
1787904714.939462,34680,069d,12,CD CC FD 42 9A 99 45 42 C9 F6 C9 42
1787904714.950274,34680,069e,12,00 00 D7 42 AE 47 3B 42 3F 75 D4 42
1787904714.960678,34680,069f,12,00 00 85 42 29 5C A3 41 27 F1 DF 42
1787904714.971051,34680,06a0,12,66 66 58 42 3E 0A 5F 42 1B 2F B4 42
1787904714.981377,34680,06a1,12,33 33 EB 42 C2 F5 F4 41 1C 5A B7 42
1787904714.991892,34680,06a2,12,33 33 08 43 66 66 26 42 CF F7 B6 41
1787904715.002997,34680,06a3,12,33 33 4B 42 CD CC 5E 42 AA F1 E0 41
1787904715.013546,34680,06a4,12,00 00 DD 42 E2 7A 82 42 D9 CE C6 41
1787904715.023923,34680,06a5,12,66 66 F4 42 A4 70 01 42 A8 C6 0D 42
1787904715.059331,34680,06a6,12,CD 4C 0F 43 33 33 89 42 20 F0 A4 42
1787904715.091629,34680,06a7,12,00 00 F9 42 99 99 69 42 27 F1 DF 42
1787904715.124436,34680,06a8,12,00 00 D4 42 29 5C 9A 42 40 F5 A2 42
1787904715.135742,34680,06a9,12,00 00 00 43 CD CC C8 41 08 AC AC 41
1787904715.146186,34680,06aa,12,00 80 00 43 29 5C 39 42 C6 CB 6E 42
1787904715.157988,34680,06ab,12,CC CC AD 42 85 EB B9 41 5D 0F E8 42
1787904715.168587,34680,06ac,12,CD CC EB 42 B8 1E A9 41 50 8D B8 41
1787904715.178938,34680,06ad,12,CC CC CF 42 9A 99 57 42 1C 1A D0 42
1787904715.189501,34680,06ae,12,99 99 EA 42 7B 14 22 42 52 38 D8 42
1787904715.199893,34680,06af,12,9A 99 0B 43 1F 85 2F 42 25 06 C4 42
1787904715.210216,34680,06b0,12,9A 99 05 43 C2 F5 91 42 70 3D EB 41
1787904715.220608,34680,06b1,12,CD CC 87 42 EC 51 F8 41 92 6D 1C 42
1787904715.230979,34680,06b2,12,99 99 EA 42 14 AE 8F 42 31 08 EC 41
1787904715.241433,34680,06b3,12,00 00 B2 42 AE 47 81 42 50 8D A3 42
1787904715.251869,34680,06b4,12,00 80 0C 43 3D 0A 8A 42 4E E2 79 42
1787904715.262464,34680,06b5,12,00 00 DB 42 33 33 D7 41 BE 1F BA 42
1787904715.272840,34680,06b6,12,33 33 9F 42 9A 99 8B 42 10 58 B9 41
1787904715.283268,34680,06b7,12,CD CC 0F 43 1F 85 84 42 9E EF B8 42
1787904715.293978,34680,06b8,12,33 B3 07 43 F6 28 74 42 5D 0F E8 42
1787904715.305260,34680,06b9,12,CD CC 56 42 14 AE 01 42 2D 32 47 42
1787904715.315722,34680,06ba,12,9A 19 0A 43 70 3D 0C 42 85 6B 6C 42
1787904715.326290,34680,06bb,12,00 00 9D 42 29 5C DF 41 8B 2C B5 42
1787904715.336743,34680,06bc,12,CD CC 85 42 5C 8F 5E 42 0A 57 11 42
1787904715.347263,34680,06bd,12,CD CC F9 42 0A D7 39 42 E8 FB 0C 42
1787904715.358411,34680,06be,12,33 33 C5 42 C2 F5 48 42 A6 5B DE 42
1787904715.369586,34680,06bf,12,66 66 78 42 0A D7 21 42 F6 68 C5 42
1787904715.380484,34680,06c0,12,00 00 D7 42 7B 14 22 42 D7 A3 56 42
1787904715.391908,34680,06c1,12,9A 99 FE 42 A4 70 25 42 40 35 8A 42
1787904715.402941,34680,06c2,12,00 80 07 43 B8 1E 8E 42 EE 7C 16 42
1787904715.413431,34680,06c3,12,9A 99 ED 42 1F 85 7D 42 54 63 DB 42
1787904715.423733,34680,06c4,12,33 B3 00 43 86 EB 8C 42 91 AD BE 42
1787904715.434169,34680,06c5,12,67 66 EF 42 14 AE B3 41 72 68 EE 41
1787904715.444549,34680,06c6,12,66 E6 15 43 85 EB 07 42 62 90 8E 42
1787904715.455074,34680,06c7,12,66 66 E7 42 B8 1E 9A 42 5C 8F CB 41
1787904715.465406,34680,06c8,12,66 66 D0 42 33 33 31 42 6E 12 18 42
1787904715.476192,34680,06c9,12,9A 99 C6 42 7A 14 95 42 C5 20 92 42
1787904715.486603,34680,06ca,12,66 66 DC 42 85 EB 89 42 8A 41 41 42
1787904715.497118,34680,06cb,12,00 00 A0 42 B8 1E 8B 42 1F C5 A1 42
1787904715.507818,34680,06cc,12,00 80 07 43 EC 51 89 42 BA 49 82 42
1787904715.519301,34680,06cd,12,CD CC C8 42 5C 8F 76 42 A2 45 67 42
1787904715.532837,34680,06ce,12,CD CC CA 42 1F 85 17 42 8F 42 7C 42
1787904715.543209,34680,06cf,12,9A 99 D9 42 90 C2 41 42 0A 17 E5 42
1787904715.553976,34680,06d0,12,33 B3 06 43 33 33 98 42 50 0D 7D 42
1787904715.564562,34680,06d1,12,66 66 88 42 E2 7A 91 42 46 B6 A8 41
1787904715.575274,34680,06d2,12,66 66 0D 43 5C 8F 58 42 F6 E8 93 42
1787904715.586012,34680,06d3,12,66 66 83 42 7B 14 C2 41 DF CF 31 42
1787904715.596445,34680,06d4,12,66 E6 10 43 0A D7 DF 41 B0 F2 4B 42
1787904715.606861,34680,06d5,12,CD CC 7C 42 00 00 AC 41 1C 5A 5F 42
1787904715.617176,34680,06d6,12,9A 99 C4 42 85 EB 61 42 C9 76 AD 41
1787904715.627515,34680,06d7,12,CC CC DB 42 B8 1E 82 42 5A E4 E4 42
1787904715.637836,34680,06d8,12,CD CC 54 42 A4 70 7F 42 9C 44 E7 42
1787904715.648209,34680,06d9,12,00 00 E1 42 29 5C 88 42 18 C4 C9 42
1787904715.658709,34680,06da,12,CC CC D9 42 E1 7A 7E 42 7D 3F E9 42
1787904715.669369,34680,06db,12,CC CC CD 42 B8 1E B5 41 87 96 6F 42
1787904715.679747,34680,06dc,12,CD CC FC 42 00 00 9A 42 00 80 01 42
1787904715.690076,34680,06dd,12,00 00 78 42 EC 51 3A 42 CD CC 9E 42
1787904715.700485,34680,06de,12,00 00 90 42 CC CC EC 41 2D 32 9F 42
1787904715.710943,34680,06df,12,00 00 0E 43 CD CC 80 42 25 06 6C 42
1787904715.721381,34680,06e0,12,CD CC 9D 42 F5 28 6E 42 10 58 A4 42
1787904715.737302,34680,06e1,12,66 66 54 42 EC 51 80 42 00 C0 A3 42
1787904715.747936,34680,06e2,12,CD CC D4 42 52 B8 00 42 1D DA 2D 42
1787904715.758704,34680,06e3,12,66 66 AC 42 48 E1 50 42 16 D9 C2 41
1787904715.769141,34680,06e4,12,CD 4C 03 43 1F 85 05 42 EA E6 80 42
1787904715.779532,34680,06e5,12,9A 99 C1 42 71 3D 54 42 44 8B 38 42
1787904715.789824,34680,06e6,12,CD CC 74 42 B8 1E 33 42 71 7D BD 42
1787904715.800187,34680,06e7,12,00 00 E4 42 34 33 9E 42 96 83 93 42
1787904715.810517,34680,06e8,12,66 66 86 42 A4 70 9B 42 18 04 C6 41
1787904715.820911,34680,06e9,12,66 66 99 42 85 EB AD 41 40 35 8A 42
1787904715.832088,34680,06ea,12,00 00 B5 42 1E 85 F3 41 B0 72 7D 42
1787904715.845350,34680,06eb,12,33 33 F0 42 F6 28 7A 42 15 AE AA 42
1787904715.855950,34680,06ec,12,66 66 F4 42 F6 28 84 42 D5 78 53 42
1787904715.866645,34680,06ed,12,00 00 AF 42 5C 8F C2 41 5E 3A EB 42
1787904715.877906,34680,06ee,12,CD CC C3 42 C3 F5 0C 42 6A 3C 43 42
1787904715.888470,34680,06ef,12,66 E6 01 43 8F C2 B1 41 34 33 1F 42
1787904715.899096,34680,06f0,12,9A 99 F3 42 8F C2 77 42 D3 4D 50 42
1787904715.911973,34680,06f1,12,00 00 48 42 7B 14 16 42 04 16 AA 42
1787904715.922535,34680,06f2,12,9A 99 07 43 C2 F5 6C 42 42 E0 03 42
1787904715.932979,34680,06f3,12,9A 99 BF 42 EC 51 F8 41 17 99 C6 42
1787904715.943395,34680,06f4,12,66 66 78 42 86 EB F5 41 58 79 97 42
1787904715.953836,34680,06f5,12,CD CC 7E 42 F6 28 7A 42 BA 89 CC 42
1787904715.964257,34680,06f6,12,66 66 8D 42 99 99 7B 42 60 65 8B 42
1787904725.992506,34680,06f9,12,00 00 C3 42 F6 28 99 42 2D 72 E9 42
1787904726.002097,34680,06fa,12,CC CC 0E 43 0A D7 33 42 34 33 1F 42
1787904726.012662,34680,06fb,12,9A 99 8A 42 86 EB 55 42 79 E9 F7 41
1787904726.023245,34680,06fc,12,34 33 FE 42 48 E1 90 42 D9 CE 59 42
1787904726.033678,34680,06fd,12,00 00 97 42 AE 47 1D 42 1C 9A 9E 42
1787904726.044194,34680,06fe,12,00 80 0B 43 29 5C D3 41 B8 1E F7 41
1787904726.054842,34680,06ff,12,00 00 8D 42 00 00 5A 42 18 44 98 42
1787904726.067472,34680,0700,12,33 33 09 43 00 00 88 42 2D 72 E9 42
1787904726.078037,34680,0701,12,CC CC 07 43 C2 F5 85 42 C0 CA 8B 42
1787904726.088541,34680,0702,12,33 B3 03 43 9A 99 1B 42 0C 42 E8 42
1787904726.099174,34680,0703,12,CD CC C3 42 9A 99 94 42 D5 38 C4 42
1787904726.109661,34680,0704,12,9A 99 A4 42 3E 0A B7 41 C2 75 68 42
1787904726.120109,34680,0705,12,33 33 E4 42 0A D7 27 42 5D 4F CF 42
1787904726.130550,34680,0706,12,33 33 77 42 14 AE 25 42 D3 4D BD 41
1787904726.141005,34680,0707,12,CD CC AA 42 9A 99 B5 41 15 2E DC 42
1787904726.152249,34680,0708,12,33 33 59 42 0A D7 4B 42 B7 73 AD 42
1787904726.167628,34680,0709,12,00 00 6A 42 5C 8F AA 41 A6 9B 0A 42
1787904726.178457,34680,070a,12,33 33 79 42 71 3D A6 41 67 66 6E 42
1787904726.189245,34680,070b,12,34 33 0B 43 8F C2 2F 42 FE 54 B9 42
1787904726.199713,34680,070c,12,CD CC A0 42 00 00 5A 42 EB D1 44 42
1787904726.210108,34680,070d,12,66 66 D3 42 14 AE 0D 42 A4 70 07 42
1787904726.221301,34680,070e,12,9A 99 F9 42 3E 0A 29 42 B8 1E E2 42
1787904726.232565,34680,070f,12,00 80 0D 43 52 B8 94 42 25 06 C4 42
1787904726.243277,34680,0710,12,00 00 14 43 7B 14 80 42 8D 97 47 42
1787904726.253707,34680,0711,12,66 66 D5 42 86 EB 49 42 4C 37 9D 42
1787904726.264040,34680,0712,12,33 B3 01 43 52 B8 94 42 C5 20 92 42
1787904726.274617,34680,0713,12,00 00 F0 42 0B D7 5D 42 4C 37 45 42
1787904726.284972,34680,0714,12,33 33 FC 42 AE 47 BD 41 04 56 91 42
1787904726.295326,34680,0715,12,CC CC CD 42 9A 99 8E 42 71 3D 7E 42
1787904726.305696,34680,0716,12,66 66 EB 42 00 00 91 42 1B 2F 5C 42
1787904726.316160,34680,0717,12,9A 99 00 43 29 5C 09 42 36 1E 93 42
1787904726.327407,34680,0718,12,00 00 AF 42 29 5C 85 42 40 35 32 42
1787904726.338861,34680,0719,12,34 33 E6 42 F6 28 90 42 D7 23 25 42
1787904726.349973,34680,071a,12,9A 99 80 42 9A 99 91 42 1A 6F 9B 42
1787904726.361177,34680,071b,12,CD CC 0B 43 29 5C 75 42 29 5C CA 42
1787904726.375000,34680,071c,12,CD CC 9F 42 1E 85 9F 42 B8 9E 58 42
1787904726.386181,34680,071d,12,CD CC BC 42 D7 A3 87 42 60 65 8B 42
1787904726.396587,34680,071e,12,9A 99 15 43 14 AE 3D 42 31 C8 8C 42
1787904726.407102,34680,071f,12,00 00 E4 42 0A D7 88 42 A6 9B 0A 42
1787904726.417742,34680,0720,12,66 66 D4 42 0A D7 0F 42 DD 24 B8 42
1787904726.466031,34680,0721,12,33 33 8A 42 E1 7A 48 42 12 83 A7 42
1787904726.496763,34680,0722,12,CD 4C 10 43 A4 70 DD 41 56 0E AD 42
1787904726.507370,34680,0723,12,9A 99 FF 42 86 EB 73 42 85 6B C4 42
1787904726.518815,34680,0724,12,CC CC A1 42 71 3D 8B 42 A0 9A ED 42
1787904726.529204,34680,0725,12,CC CC 0E 43 5C 8F 58 42 C5 A0 08 42
1787904726.539677,34680,0726,12,00 00 D9 42 7A 14 86 42 40 35 8A 42
1787904726.550036,34680,0727,12,9A 99 CE 42 D7 A3 9C 42 D9 0E 99 42
1787904726.560510,34680,0728,12,CD 4C 09 43 CD CC 58 42 0E 2D 49 42
1787904726.571649,34680,0729,12,CD CC E6 42 15 AE 5B 42 31 08 7F 42
1787904726.582513,34680,072a,12,34 33 CF 42 33 33 CB 41 6E 12 18 42
1787904726.592975,34680,072b,12,99 99 F8 42 90 C2 8A 42 5C 0F 2D 42
1787904726.603633,34680,072c,12,33 33 C6 42 D7 A3 02 42 44 CB DA 42
1787904726.616556,34680,072d,12,9A 19 0D 43 CC CC 4C 42 86 EB 92 42
1787904726.626894,34680,072e,12,9A 99 CB 42 29 5C 39 42 1B AF E5 42
1787904726.637456,34680,072f,12,33 33 57 42 EB 51 5E 42 EE FC 9F 42
1787904726.647830,34680,0730,12,66 66 5A 42 1F 85 84 42 60 E5 64 42
1787904726.658269,34680,0731,12,9A 99 D6 42 52 B8 3C 42 E5 D0 09 42
1787904726.668725,34680,0732,12,CD CC 66 42 70 3D 48 42 98 EE E0 42
1787904726.679102,34680,0733,12,66 66 AD 42 3E 0A 53 42 27 31 6F 42
1787904726.690089,34680,0734,12,00 00 E7 42 D7 A3 C0 41 52 38 1D 42
1787904726.701529,34680,0735,12,00 00 BA 42 E2 7A 88 42 DF 4F 00 42
1787904726.711903,34680,0736,12,66 66 C2 42 1E 85 23 42 27 31 DC 41
1787904726.722623,34680,0737,12,00 00 F2 42 00 00 36 42 50 0D 1A 42
1787904726.733459,34680,0738,12,33 33 8C 42 33 33 92 42 20 30 8C 42
1787904726.744029,34680,0739,12,33 33 B9 42 66 66 96 42 A6 9B DA 41
1787904726.755118,34680,073a,12,CD CC DE 42 3E 0A 3B 42 C2 75 68 42
1787904726.766012,34680,073b,12,00 00 AB 42 CD CC 0A 42 0E AD 7A 42
1787904726.777316,34680,073c,12,33 33 E8 42 33 33 07 42 62 90 8E 42
1787904726.787921,34680,073d,12,CD CC 7C 42 7B 14 70 42 31 48 BE 42
1787904726.798625,34680,073e,12,9A 99 51 42 14 AE 25 42 29 DC 98 42
1787904726.810396,34680,073f,12,66 66 4A 42 B8 1E 8E 42 04 D6 07 42
1787904726.821238,34680,0740,12,00 00 A2 42 48 E1 68 42 CB A1 B0 41
1787904726.831908,34680,0741,12,00 00 6A 42 1E 85 47 42 A0 9A 8A 42
1787904726.842654,34680,0742,12,66 66 7A 42 E1 7A 9A 42 44 8B 38 42
1787904726.853884,34680,0743,12,00 00 9D 42 D7 A3 08 42 9A D9 99 42
1787904726.864364,34680,0744,12,33 33 84 42 34 33 8F 42 06 01 0B 42
1787904726.874915,34680,0745,12,CD CC EB 42 3E 0A C3 41 B7 73 55 42
1787904726.886555,34680,0746,12,CC CC E8 42 70 3D 5A 42 11 18 BD 42
1787904726.897095,34680,0747,12,00 00 68 42 14 AE 73 42 D3 0D C1 42
1787904726.907916,34680,0748,12,33 33 A0 42 5C 8F 3A 42 69 91 DE 41
1787904726.918784,34680,0749,12,33 33 EC 42 33 33 55 42 1B 2F B4 42
1787904726.929725,34680,074a,12,00 00 74 42 EC 51 92 42 60 E5 D1 41
1787904726.940392,34680,074b,12,67 66 F0 42 5C 8F 89 42 E5 D0 09 42
1787904726.951136,34680,074c,12,33 33 F9 42 7B 14 92 42 EC 11 84 42
1787904726.961993,34680,074d,12,00 00 86 42 AE 47 71 42 2F 9D 89 42
1787904726.972601,34680,074e,12,33 B3 0E 43 5C 8F 40 42 5E 3A 30 42
1787904726.983055,34680,074f,12,66 66 8A 42 48 E1 44 42 04 D6 07 42
1787904726.993504,34680,0750,12,33 33 F6 42 EC 51 28 42 DF 4F D0 41
1787904727.004019,34680,0751,12,33 33 B3 42 8F C2 0B 42 31 88 A5 42
1787904727.014630,34680,0752,12,9A 99 84 42 85 EB 0D 42 08 6C B0 42
1787904727.025489,34680,0753,12,9A 99 05 43 3E 0A 87 42 8B 2C B5 42
1787904727.037273,34680,0754,12,9A 99 15 43 85 EB 3D 42 F2 D2 1C 42
1787904727.047846,34680,0755,12,00 80 0C 43 71 3D B2 41 92 6D 1C 42
1787904727.058456,34680,0756,12,00 00 A9 42 48 E1 14 42 66 E6 94 42
1787904727.076408,34680,0757,12,33 33 DE 42 7A 14 95 42 7F 6A 31 42
1787904727.087182,34680,0758,12,67 66 F2 42 EC 51 04 42 4C B7 CE 42
1787904727.098573,34680,0759,12,CD CC 58 42 1F 85 7D 42 89 C1 0F 42
1787904727.109355,34680,075a,12,9A 19 0C 43 00 00 DC 41 F4 3D C2 42
1787904727.119822,34680,075b,12,33 33 FB 42 C3 F5 30 42 23 DB 68 42
1787904727.130414,34680,075c,12,CD CC FA 42 0A D7 97 42 C1 0A D6 42
1787904727.140799,34680,075d,12,00 00 DE 42 00 00 60 42 F6 A8 54 42
1787904727.151237,34680,075e,12,CC CC DB 42 C3 F5 A0 41 1D 5A CC 41
1787904727.161891,34680,075f,12,66 66 68 42 CD CC F8 41 44 8B A5 41
1787904727.172751,34680,0760,12,00 80 06 43 B8 1E 63 42 B4 48 AA 42
1787904727.183416,34680,0761,12,CC CC CD 42 C2 F5 C4 41 4C 37 9D 42
1787904727.194966,34680,0762,12,CD CC B5 42 EC 51 95 42 81 D5 D6 42
1787904727.207673,34680,0763,12,CD CC 5E 42 8F C2 87 42 52 B8 4E 42
1787904727.218970,34680,0764,12,33 33 EF 42 A3 70 5B 42 62 10 D5 41
1787904727.229429,34680,0765,12,33 33 9C 42 A4 70 07 42 AE C7 A0 42
1787904727.239786,34680,0766,12,33 33 D6 42 9A 99 91 42 FA 7E 81 42
1787904727.250359,34680,0767,12,9A 99 00 43 0A D7 63 42 62 90 8E 42
1787904727.260841,34680,0768,12,CC CC D8 42 A4 70 9B 42 E5 D0 D9 41
1787904727.271435,34680,0769,12,33 33 B3 42 EB 51 5E 42 64 FB DB 42
1787904727.282017,34680,076a,12,CD CC 85 42 F6 28 E4 41 00 C0 A3 42
1787904727.292463,34680,076b,12,99 99 D2 42 E1 7A 3C 42 7F EA BA 42
1787904727.302895,34680,076c,12,33 33 AE 42 D7 A3 C0 41 0A 97 B3 42
1787904727.313312,34680,076d,12,9A 99 A2 42 67 66 62 42 F2 D2 1C 42
1787904727.324936,34680,076e,12,CD CC 5E 42 3E 0A 8D 42 B2 9D ED 41
1787904727.337493,34680,076f,12,66 66 13 43 85 EB 07 42 EC 11 84 42
1787904727.348924,34680,0770,12,CC CC E8 42 34 33 95 42 AA 31 B3 42
1787904727.359500,34680,0771,12,00 00 85 42 86 EB 73 42 37 09 AF 42
1787904727.370573,34680,0772,12,34 33 D0 42 D7 A3 9C 42 91 6D D7 42
1787904727.381068,34680,0773,12,CD CC 9C 42 C2 F5 8B 42 FC A9 E7 42
1787904727.391606,34680,0774,12,00 00 12 43 CD CC 98 42 6C 67 46 42
1787904727.402200,34680,0775,12,66 66 D0 42 52 B8 0C 42 23 1B A8 42
1787904727.412678,34680,0776,12,9A 99 5B 42 D7 A3 26 42 BC F4 B6 42
1787904727.423173,34680,0777,12,00 00 91 42 66 66 08 42 B6 F3 F3 41
1787904727.433887,34680,0778,12,00 80 07 43 CD CC 58 42 68 D1 B0 42
1787904727.444415,34680,0779,12,00 80 03 43 52 B8 D6 41 9E EF B8 42
1787904727.454928,34680,077a,12,CD CC F1 42 1E 85 90 42 95 43 54 42
1787904727.465677,34680,077b,12,9A 99 CB 42 5C 8F AA 41 8A 41 99 42
1787904727.477928,34680,077c,12,34 33 AB 42 70 3D 88 42 E4 E5 A8 42
1787904727.488505,34680,077d,12,00 00 D4 42 48 E1 68 42 52 B8 A6 42
1787904727.498949,34680,077e,12,66 66 52 42 EC 51 28 42 50 CD 8A 42
1787904727.509529,34680,077f,12,CD CC B0 42 5C 8F CE 41 60 25 A4 42
1787904727.520517,34680,0780,12,66 E6 13 43 9A 99 39 42 42 60 35 42
1787904727.531139,34680,0781,12,CC CC 06 43 85 EB 01 42 25 C6 DC 42
1787904727.541754,34680,0782,12,CD CC 4C 42 EC 51 EC 41 23 1B A8 42
1787904727.552903,34680,0783,12,00 00 68 42 5C 8F 46 42 62 90 8E 42
1787904727.563667,34680,0784,12,33 33 5B 42 00 00 00 42 89 C1 0F 42
1787904727.581158,34680,0785,12,00 00 F6 42 B8 1E FD 41 2F 9D 89 42
1787904727.616983,34680,0786,12,33 33 F5 42 9A 99 88 42 06 81 94 42
1787904727.628461,34680,0787,12,9A 99 73 42 C2 F5 9D 42 9C 04 9D 42
1787904727.639047,34680,0788,12,CD CC 50 42 52 B8 78 42 B7 73 AD 42
1787904727.650709,34680,0789,12,00 00 F7 42 AE 47 65 42 B2 9D ED 41
1787904727.661130,34680,078a,12,99 99 E8 42 29 5C 75 42 FC A9 84 42
1787904727.673601,34680,078b,12,9A 99 CC 42 29 5C 6F 42 83 80 A8 42
1787904727.684140,34680,078c,12,CD 4C 03 43 E1 7A 8B 42 44 CB DA 42
1787904727.694912,34680,078d,12,9A 99 69 42 5C 8F 95 42 BA 89 CC 42
1787904727.706375,34680,078e,12,66 66 7C 42 0A D7 3F 42 9E 6F 2F 42
1787904727.717435,34680,078f,12,67 66 FC 42 00 00 D0 41 B8 1E E2 42
1787904727.728075,34680,0790,12,66 66 72 42 70 3D 94 42 A6 9B 6D 42
1787904727.738741,34680,0791,12,9A 99 B2 42 1F 85 87 42 EE 7C 16 42
1787904727.749276,34680,0792,12,33 33 6D 42 52 B8 BE 41 E0 8F A2 42
1787904727.759815,34680,0793,12,9A 99 95 42 52 B8 94 42 7B 14 FB 41
1787904727.770416,34680,0794,12,9A 19 02 43 B8 1E 97 42 E5 D0 09 42
1787904727.780783,34680,0795,12,66 66 CE 42 1F 85 84 42 1B 2F B4 42
1787904727.791081,34680,0796,12,00 00 CF 42 CD CC 80 42 D4 B8 92 42
1787904727.801549,34680,0797,12,CD CC E5 42 00 00 60 42 3B 1F CE 42
1787904727.811946,34680,0798,12,CD CC FF 42 70 3D 0C 42 C6 0B AE 42
1787904727.822467,34680,0799,12,33 33 F1 42 5C 8F 64 42 DF 4F 63 42
1787904727.833049,34680,079a,12,33 33 08 43 71 3D 00 42 00 40 D5 42
1787904727.843902,34680,079b,12,66 66 CF 42 9A 99 94 42 CC 4C 15 42
1787904727.854436,34680,079c,12,00 80 01 43 C2 F5 9A 42 23 5B 37 42
1787904727.864943,34680,079d,12,33 33 E4 42 5C 8F 89 42 36 5E F2 41
1787904727.875775,34680,079e,12,9A 99 6F 42 7A 14 76 42 27 B1 3D 42
1787904727.886360,34680,079f,12,33 33 49 42 90 C2 81 42 BE 5F A1 42
1787904727.897919,34680,07a0,12,9A 99 0B 43 66 66 14 42 06 81 3C 42
1787904727.908740,34680,07a1,12,9A 99 DC 42 B8 1E 27 42 5A E4 E4 42
1787904727.919613,34680,07a2,12,CD CC C3 42 CD CC E0 41 3B DF E6 42
1787904727.930406,34680,07a3,12,66 66 74 42 14 AE 07 42 CF 37 EC 42
1787904727.941247,34680,07a4,12,CD CC 97 42 90 C2 F9 41 24 86 3A 42
1787904727.952710,34680,07a5,12,66 66 D4 42 34 33 19 42 CA 21 12 42
1787904727.963487,34680,07a6,12,99 99 F7 42 9A 99 4B 42 A0 1A 01 42
1787904727.974605,34680,07a7,12,00 00 CC 42 29 5C DF 41 94 58 90 42
1787904727.985434,34680,07a8,12,33 33 5F 42 3E 0A 47 42 D5 F8 DC 42
1787904727.995994,34680,07a9,12,00 00 13 43 A4 70 9B 42 7B 14 2B 42
1787904728.006594,34680,07aa,12,00 00 9E 42 29 5C 03 42 48 21 E1 42
1787904728.017087,34680,07ab,12,9A 99 86 42 CD CC 2E 42 87 96 0C 42
1787904728.027612,34680,07ac,12,33 33 9E 42 14 AE 3D 42 0E AD 7A 42
1787904728.038013,34680,07ad,12,00 00 00 43 B8 1E 4B 42 48 61 C8 42
1787904728.048544,34680,07ae,12,34 33 F2 42 00 00 54 42 04 56 91 42
1787904728.059216,34680,07af,12,CD CC FC 42 F6 28 62 42 06 01 0B 42
1787904728.069727,34680,07b0,12,66 66 AB 42 1F 85 DB 41 62 10 C0 42
1787904728.080107,34680,07b1,12,00 00 02 43 8F C2 7D 42 06 01 0B 42
1787904728.091345,34680,07b2,12,00 00 CA 42 1F 85 E7 41 2F 9D 89 42
1787904728.101897,34680,07b3,12,33 33 14 43 14 AE 9B 42 F8 93 C8 42
1787904728.112329,34680,07b4,12,66 66 EE 42 CD CC E0 41 B2 1D 4F 42
1787904728.122866,34680,07b5,12,00 00 82 42 90 C2 8A 42 BA 09 9B 42
1787904728.133839,34680,07b6,12,66 66 5C 42 29 5C DF 41 E1 7A D3 41
1787904728.144765,34680,07b7,12,66 66 0A 43 66 66 96 42 48 61 C8 42
1787904728.155172,34680,07b8,12,00 00 62 42 1E 85 F3 41 D7 63 C7 42
1787904728.165745,34680,07b9,12,33 33 B2 42 CD CC 28 42 44 8B 38 42
1787904728.176118,34680,07ba,12,66 66 81 42 14 AE B3 41 06 81 94 42
1787904728.186641,34680,07bb,12,9A 99 B8 42 14 AE 0D 42 B2 DD BF 42
1787904728.197578,34680,07bc,12,00 80 0D 43 85 EB 01 42 81 95 34 42
1787904728.207992,34680,07bd,12,00 00 76 42 E1 7A A0 41 FC 29 5E 42
1787904728.223176,34680,07be,12,66 66 8A 42 A4 70 9E 42 0A D7 42 42
1787904728.233946,34680,07bf,12,9A 99 98 42 70 3D 3C 42 EA A6 41 42
1787904728.245341,34680,07c0,12,CD CC D7 42 5C 8F 9E 42 49 8C 73 42
1787904728.255782,34680,07c1,12,33 33 E4 42 E2 7A 88 42 5D 8F 5E 42
1787904728.266275,34680,07c2,12,9A 99 A2 42 7B 14 8F 42 BA C9 5B 42
1787904728.276736,34680,07c3,12,66 66 DA 42 52 B8 91 42 02 2B 36 42
1787904728.287161,34680,07c4,12,9A 99 E4 42 CD CC 58 42 D2 22 4D 42
1787904728.297715,34680,07c5,12,33 33 00 43 66 66 F6 41 5E 3A 88 42
1787904728.308331,34680,07c6,12,33 B3 15 43 29 5C 5D 42 EC 11 84 42
1787904728.318848,34680,07c7,12,66 66 A6 42 B9 1E 57 42 EE 7C 16 42
1787904728.329958,34680,07c8,12,CD CC A8 42 5C 8F C2 41 54 63 20 42
1787904728.342447,34680,07c9,12,9A 99 E6 42 1F 85 59 42 4E 62 B5 41
1787904728.353232,34680,07ca,12,CC CC 13 43 85 EB 37 42 35 DE 53 42
1787904728.364720,34680,07cb,12,34 33 CC 42 1F 85 87 42 B2 9D D8 42
1787904728.375252,34680,07cc,12,CD CC F7 42 1F 85 35 42 7F 6A EC 42
1787904728.386543,34680,07cd,12,33 33 14 43 90 C2 71 42 8F 42 7C 42
1787904728.396974,34680,07ce,12,66 66 7E 42 7A 14 FE 41 F6 28 23 42
1787904728.407459,34680,07cf,12,9A 19 00 43 1F 85 59 42 FE D4 2F 42
1787904728.417898,34680,07d0,12,66 66 D3 42 29 5C 57 42 62 10 68 42
1787904728.428368,34680,07d1,12,9A 99 69 42 D7 A3 C0 41 6A 3C 43 42
1787904728.439025,34680,07d2,12,00 00 4C 42 AE 47 65 42 6C E7 77 42
1787904728.449549,34680,07d3,12,00 00 FD 42 7B 14 64 42 3A 74 99 42
1787904728.460104,34680,07d4,12,66 E6 02 43 3E 0A 93 42 F8 93 C8 42
1787904728.471575,34680,07d5,12,9A 19 11 43 5C 8F B6 41 F0 67 8A 42
1787904728.482102,34680,07d6,12,66 66 D3 42 F5 28 50 42 18 84 27 42
1787904728.492646,34680,07d7,12,00 00 B8 42 C2 F5 42 42 93 18 BE 41
1787904728.507984,34680,07d8,12,9A 99 A3 42 EC 51 E0 41 EB D1 44 42
1787904728.519084,34680,07d9,12,9A 99 A7 42 29 5C 27 42 27 31 0C 42
1787904728.529960,34680,07da,12,66 66 7A 42 B8 1E 45 42 91 AD BE 42
1787904728.540528,34680,07db,12,CD CC 66 42 34 33 86 42 36 5E 22 42
1787904728.550989,34680,07dc,12,66 66 94 42 85 EB 5B 42 18 04 59 42
1787904728.561451,34680,07dd,12,33 33 67 42 66 66 DE 41 C7 4B AA 41
1787904728.572043,34680,07de,12,9A 99 49 42 7A 14 2E 42 6C E7 77 42
1787904728.582576,34680,07df,12,CD CC 9B 42 A4 70 43 42 3B 1F CE 42
1787904728.593567,34680,07e0,12,CC CC B9 42 CC CC 92 42 67 66 6E 42
1787904728.603955,34680,07e1,12,9A 99 9E 42 48 E1 A2 41 74 93 F1 41
1787904728.614552,34680,07e2,12,CD CC F6 42 EC 51 86 42 B0 72 EA 41
1787904728.628089,34680,07e3,12,00 00 7C 42 0A D7 AF 41 94 98 1F 42
1787904728.638709,34680,07e4,12,66 66 5E 42 0A D7 09 42 15 AE AA 42
1787904728.649885,34680,07e5,12,34 B3 04 43 14 AE 92 42 1C 1A D0 42
1787904728.663329,34680,07e6,12,9A 99 ED 42 3E 0A 17 42 E4 A5 C1 42
1787904728.674185,34680,07e7,12,34 B3 0A 43 E1 7A 72 42 F0 A7 19 42
1787904728.684868,34680,07e8,12,33 33 51 42 C2 F5 4E 42 00 00 8B 42
1787904728.695814,34680,07e9,12,CD CC 76 42 F6 28 62 42 EB D1 9C 42
1787904728.706879,34680,07ea,12,9A 99 9F 42 F6 28 3E 42 A3 B0 A9 42
1787904728.718196,34680,07eb,12,00 00 A3 42 29 5C 33 42 E1 3A D7 42
1787904728.728669,34680,07ec,12,9A 99 E1 42 1F 85 93 42 54 63 DB 42
1787904728.765725,34680,07ed,12,66 66 E9 42 9A 99 27 42 AC 1C CF 42
1787904728.777256,34680,07ee,12,9A 99 89 42 EC 51 EC 41 C5 20 A7 41
1787904728.789973,34680,07ef,12,34 33 A4 42 14 AE 9E 42 42 E0 66 42
1787904728.801936,34680,07f0,12,9A 99 E7 42 5C 8F 2E 42 5E BA B9 42
1787904728.812627,34680,07f1,12,00 00 07 43 CD CC 70 42 16 19 95 42
1787904728.823268,34680,07f2,12,00 00 D2 42 33 33 5B 42 7F EA BA 42
1787904728.833966,34680,07f3,12,66 66 CD 42 F6 28 93 42 50 0D 7D 42
1787904728.844770,34680,07f4,12,9A 99 D1 42 0B D7 7B 42 F2 92 8D 42
1787904728.855885,34680,07f5,12,66 E6 14 43 00 00 F4 41 99 99 5A 42
1787904728.867496,34680,07f6,12,66 66 78 42 EC 51 4C 42 6A BC E1 41
1787904728.879194,34680,07f7,12,66 66 54 42 90 C2 81 42 36 5E 22 42
1787904728.890050,34680,07f8,12,9A 99 69 42 C3 F5 54 42 1F 05 31 42
1787904728.900561,34680,07f9,12,CC CC BF 42 EC 51 34 42 44 0B 07 42
1787904728.911216,34680,07fa,12,00 00 D1 42 52 B8 B2 41 70 3D 1B 42
1787904728.922015,34680,07fb,12,67 66 EF 42 EC 51 46 42 50 0D 1A 42
1787904728.932516,34680,07fc,12,67 66 F1 42 3E 0A 2F 42 15 AE AA 42
1787904728.943577,34680,07fd,12,00 00 EC 42 D7 A3 1A 42 9C 04 9D 42
1787904728.954149,34680,07fe,12,33 33 AE 42 AE 47 2F 42 3F B5 BB 42
1787904728.964640,34680,07ff,12,CD CC 7A 42 90 C2 90 42 D1 A2 D6 42
1787904728.974988,34680,0800,12,33 33 9A 42 33 33 07 42 A8 06 B0 42
1787904728.985361,34680,0801,12,66 E6 0C 43 C2 F5 82 42 BC 74 FD 41
1787904728.995836,34680,0802,12,67 66 E6 42 00 00 12 42 2B 47 E6 42
1787904729.006567,34680,0803,12,66 66 6C 42 48 E1 84 42 CF 77 18 42
1787904729.017222,34680,0804,12,33 33 E1 42 48 E1 4A 42 60 E5 D1 41
1787904729.027830,34680,0805,12,9A 99 67 42 0A D7 39 42 77 BE F4 41
1787904729.038339,34680,0806,12,9A 99 6B 42 5C 8F 0A 42 20 30 34 42
1787904729.049055,34680,0807,12,CC CC C0 42 B8 1E 27 42 5A E4 E4 42
1787904729.059467,34680,0808,12,00 00 7A 42 66 66 02 42 00 00 A0 41
1787904729.069911,34680,0809,12,34 33 0B 43 29 5C 45 42 C8 F6 0E 42
1787904729.082209,34680,080a,12,9A 99 E6 42 F6 28 2C 42 68 D1 B0 42
1787904729.092527,34680,080b,12,00 00 C0 42 9A 99 CD 41 A0 1A 01 42
1787904729.102935,34680,080c,12,00 00 DB 42 E1 7A 0C 42 8B 6C B1 41
1787904729.115657,34680,080d,12,9A 19 0B 43 3E 0A 9F 42 08 AC AC 41
1787904729.130542,34680,080e,12,33 33 A7 42 85 EB 86 42 D5 78 C0 41
1787904729.141358,34680,080f,12,66 66 74 42 7B 14 28 42 DF 0F D4 42
1787904729.153317,34680,0810,12,66 66 D4 42 A4 70 E9 41 12 83 A7 42
1787904729.163977,34680,0811,12,CD CC 64 42 00 00 00 42 23 5B 8F 42
1787904729.174554,34680,0812,12,66 66 05 43 AE 47 E1 41 BA C9 5B 42
1787904729.185234,34680,0813,12,CD CC DD 42 33 33 67 42 00 80 64 42
1787904729.196448,34680,0814,12,33 B3 13 43 B8 1E 2D 42 A8 C6 C8 42
1787904729.206942,34680,0815,12,CD CC 9A 42 1E 85 81 42 D9 8E CA 42
1787904729.218235,34680,0816,12,00 80 0F 43 0A D7 21 42 CD CC 46 42
1787904729.228595,34680,0817,12,CD CC 96 42 C2 F5 7E 42 71 3D 7E 42
1787904729.238945,34680,0818,12,33 33 B3 42 9A 99 3F 42 D9 0E 99 42
1787904729.249438,34680,0819,12,CD CC FA 42 B8 1E 51 42 2D B2 D0 42
1787904729.260206,34680,081a,12,00 80 03 43 00 00 7E 42 23 5B 8F 42
1787904729.270622,34680,081b,12,66 E6 0C 43 85 EB 61 42 46 F6 DD 42
1787904729.282717,34680,081c,12,33 33 7B 42 90 C2 47 42 BC 74 E8 42
1787904729.293848,34680,081d,12,CD CC B0 42 66 66 74 42 8F 82 BB 42
1787904729.304589,34680,081e,12,66 66 15 43 EC 51 0A 42 F6 28 F3 41
1787904729.315024,34680,081f,12,9A 99 8C 42 E1 7A 1E 42 BA 49 FA 41
1787904729.326544,34680,0820,12,66 66 C5 42 0A D7 D3 41 5A E4 29 42
1787904729.337085,34680,0821,12,00 00 52 42 9A 99 03 42 17 99 C6 42
1787904729.347414,34680,0822,12,33 33 8D 42 B8 1E 8B 42 48 E1 96 42
1787904729.357760,34680,0823,12,9A 99 0F 43 7B 14 0A 42 2F DD D3 42
1787904729.368241,34680,0824,12,00 00 C9 42 7B 14 52 42 29 5C 0F 42
1787904729.378464,34680,0825,12,00 00 00 43 9A 99 1B 42 D7 A3 56 42
1787904729.388872,34680,0826,12,66 66 A6 42 D7 A3 08 42 EF A7 7C 42
1787904729.399605,34680,0827,12,CD 4C 06 43 CD CC 64 42 FA BE CB 42
1787904729.410148,34680,0828,12,CD CC E3 42 CC CC 92 42 8B EC 75 42
1787904729.420745,34680,0829,12,00 00 DE 42 E2 7A 12 42 A0 1A 01 42
1787904729.431356,34680,082a,12,9A 99 A4 42 F5 28 50 42 AE C7 A0 42
1787904729.441890,34680,082b,12,00 00 B4 42 A4 70 9B 42 F6 A8 AC 42
1787904729.452335,34680,082c,12,33 B3 15 43 66 66 14 42 C6 4B 3D 42
1787904729.462744,34680,082d,12,00 00 D0 42 90 C2 9F 42 FE 94 A0 42
1787904729.473126,34680,082e,12,00 00 12 43 48 E1 87 42 B6 F3 F3 41
1787904729.483518,34680,082f,12,00 00 60 42 9A 99 27 42 52 B8 4E 42
1787904729.493907,34680,0830,12,00 00 95 42 5C 8F 2E 42 79 69 B1 42
1787904729.504292,34680,0831,12,33 33 4B 42 7B 14 4C 42 94 98 1F 42
1787904729.514713,34680,0832,12,33 33 EB 42 52 B8 12 42 54 E3 A9 42
1787904729.525110,34680,0833,12,00 00 F2 42 14 AE 7F 42 94 D8 C1 42
1787904729.535498,34680,0834,12,33 33 AC 42 B8 1E FD 41 E1 7A 66 42
1787904729.546067,34680,0835,12,00 00 B5 42 00 00 8B 42 7F AA D3 42
1787904729.556549,34680,0836,12,00 00 54 42 E2 7A 30 42 B2 9D 1D 42
1787904729.566932,34680,0837,12,00 00 B0 42 E1 7A 42 42 A4 70 07 42
1787904729.577382,34680,0838,12,00 00 70 42 E1 7A F4 41 F0 A7 19 42
1787904729.588174,34680,0839,12,00 00 06 43 52 B8 24 42 3A 34 B2 42
1787904729.598613,34680,083a,12,9A 99 BD 42 66 66 96 42 48 21 E1 42
1787904729.609036,34680,083b,12,66 66 A6 42 1F 85 7D 42 35 DE AB 42
1787904729.619654,34680,083c,12,00 00 0C 43 85 EB 07 42 70 3D EB 41
1787904729.630284,34680,083d,12,CD CC 0A 43 A3 70 5B 42 81 15 BE 42
1787904729.640692,34680,083e,12,CD CC 96 42 CD CC 9E 42 5A E4 E4 42
1787904729.651107,34680,083f,12,9A 19 06 43 85 EB 13 42 83 40 69 42
1787904729.661513,34680,0840,12,33 B3 12 43 D7 A3 C0 41 33 73 C1 42
1787904729.672026,34680,0841,12,67 66 FD 42 E1 7A 42 42 4E 62 A0 42
1787904729.686031,34680,0842,12,33 33 CA 42 1F 85 93 42 C9 76 AD 41
1787904729.696870,34680,0843,12,33 33 95 42 14 AE 98 42 17 99 C6 42
1787904729.707389,34680,0844,12,00 00 A3 42 5C 8F 8C 42 B2 5D 8E 42
1787904729.717779,34680,0845,12,33 33 94 42 29 5C 2D 42 64 3B 08 42
1787904729.728086,34680,0846,12,9A 99 9C 42 E1 7A 0C 42 9C C4 CA 41
1787904729.738688,34680,0847,12,33 33 EC 42 66 66 93 42 29 5C 72 42
1787904729.749230,34680,0848,12,66 66 D3 42 5C 8F 46 42 9C C4 B5 42
1787904729.759645,34680,0849,12,CD 4C 0B 43 9A 99 33 42 35 5E DD 42
1787904729.770133,34680,084a,12,00 00 0D 43 48 E1 62 42 F8 53 26 42
1787904729.780776,34680,084b,12,66 66 A9 42 F6 28 68 42 EC 51 E3 41
1787904729.791284,34680,084c,12,33 33 A9 42 F6 28 08 42 50 0D D5 42
1787904729.806860,34680,084d,12,66 66 B3 42 99 99 7B 42 B6 B3 94 42
1787904729.817821,34680,084e,12,CD CC A3 42 A4 70 67 42 23 DB C0 42
1787904729.828896,34680,084f,12,66 66 78 42 EC 51 EC 41 9A D9 99 42
1787904729.839454,34680,0850,12,66 66 EB 42 00 00 88 42 38 89 25 42
1787904729.849932,34680,0851,12,33 33 08 43 14 AE D7 41 98 AE 96 42
1787904729.898030,34680,0852,12,9A 99 E1 42 F6 28 26 42 68 51 E2 42
1787904729.908257,34680,0853,12,66 66 01 43 A4 70 31 42 79 69 59 42
1787904729.918796,34680,0854,12,34 33 BD 42 70 3D 18 42 3A 74 99 42
1787904729.929980,34680,0855,12,CD CC 9E 42 29 5C EB 41 66 E6 94 42
1787904729.940693,34680,0856,12,9A 99 61 42 1E 85 41 42 33 F3 8F 42
1787904729.951228,34680,0857,12,9A 99 A4 42 CC CC EC 41 D9 0E 99 42
1787904729.962433,34680,0858,12,9A 99 AC 42 14 AE 25 42 8D 97 9F 42
1787904729.972914,34680,0859,12,00 00 74 42 14 AE BF 41 98 2E C8 42
1787904729.986687,34680,085a,12,CD CC E4 42 B8 1E 1B 42 C7 4B AA 41
1787904729.997069,34680,085b,12,34 33 0A 43 B8 1E 21 42 96 43 C1 41
1787904730.007585,34680,085c,12,00 00 88 42 48 E1 84 42 C1 CA A0 41
1787904730.017897,34680,085d,12,34 33 AB 42 48 E1 44 42 58 B9 E1 42
1787904730.029650,34680,085e,12,CD CC 8A 42 0A D7 1B 42 44 4B A9 42
1787904730.040020,34680,085f,12,00 00 10 43 3E 0A 9F 42 C2 75 68 42
1787904730.050367,34680,0860,12,33 33 9C 42 48 E1 14 42 29 1C E3 42
1787904730.060745,34680,0861,12,00 00 A5 42 A4 70 4F 42 0E 2D B6 41
1787904730.071129,34680,0862,12,66 66 CC 42 66 66 93 42 12 43 C0 42
1787904730.081598,34680,0863,12,66 E6 09 43 67 66 50 42 77 BE F4 41
1787904730.091990,34680,0864,12,66 66 5C 42 0A D7 8E 42 2D B2 78 42
1787904730.102505,34680,0865,12,CD CC E3 42 A4 70 43 42 8B AC E6 42
1787904730.127105,34680,0866,12,34 33 C4 42 34 33 86 42 9A 19 81 42
1787904730.137831,34680,0867,12,33 33 08 43 F6 28 C0 41 62 D0 D8 42
1787904730.148450,34680,0868,12,9A 99 F9 42 E2 7A 5A 42 37 09 AF 42
1787904730.159241,34680,0869,12,66 66 74 42 33 33 FB 41 8B EC CD 42
1787904730.169790,34680,086a,12,33 33 DE 42 A4 70 80 42 94 D8 C1 42
1787904730.180230,34680,086b,12,66 66 C7 42 66 66 93 42 D4 B8 92 42
1787904730.190701,34680,086c,12,33 33 9E 42 F6 28 7A 42 54 63 20 42
1787904730.201088,34680,086d,12,9A 19 06 43 9A 99 0F 42 74 93 21 42
1787904730.211372,34680,086e,12,66 66 A8 42 AE 47 53 42 C9 F6 71 42
1787904730.221699,34680,086f,12,CD CC 8E 42 00 00 0C 42 44 0B C2 42
1787904730.232218,34680,0870,12,66 66 B6 42 15 AE 6D 42 00 40 D5 42
1787904730.242626,34680,0871,12,CD 4C 0A 43 7B 14 0A 42 12 43 C0 42
1787904730.252956,34680,0872,12,9A 99 E0 42 D7 A3 9C 42 62 10 C0 42
1787904730.263297,34680,0873,12,33 33 96 42 B8 1E F1 41 42 A0 D7 42
1787904730.273702,34680,0874,12,33 33 9A 42 5C 8F 5E 42 3B 5F 5D 42
1787904730.284231,34680,0875,12,33 33 D5 42 52 B8 D6 41 FE 54 B9 42
1787904730.295917,34680,0876,12,33 33 C2 42 AE 47 2F 42 A2 C5 35 42
1787904730.306943,34680,0877,12,00 00 D5 42 5C 8F 1C 42 DF CF EC 42
1787904730.318697,34680,0878,12,9A 99 D4 42 D7 A3 08 42 8A C1 72 42
1787904730.330298,34680,0879,12,00 00 5E 42 8F C2 E1 41 5C 8F CB 41
1787904730.340859,34680,087a,12,CD CC 04 43 85 EB 9E 42 E5 D0 C4 42
1787904730.353842,34680,087b,12,33 33 AC 42 1E 85 81 42 A3 70 6A 42
1787904730.364933,34680,087c,12,67 66 F0 42 85 EB 67 42 3A B4 E3 42
1787904730.378999,34680,087d,12,00 00 88 42 A4 70 D1 41 7D FF 9E 42
1787904730.393180,34680,087e,12,9A 99 EE 42 52 B8 5A 42 E5 90 DD 42
1787904730.403397,34680,087f,12,9A 99 13 43 F6 28 81 42 CF F7 A1 42
1787904730.413658,34680,0880,12,9A 19 0D 43 7B 14 7C 42 1F 85 62 42
1787904730.423928,34680,0881,12,CC CC BA 42 1F 85 B7 41 D5 78 AB 42
1787904730.434204,34680,0882,12,66 66 84 42 0A D7 09 42 98 AE 96 42
1787904730.444992,34680,0883,12,33 33 AC 42 F6 28 CC 41 56 8E 23 42
1787904730.455355,34680,0884,12,00 00 0C 43 F6 28 38 42 BA C9 5B 42
1787904730.465673,34680,0885,12,33 33 61 42 29 5C 85 42 C2 B5 A7 42
1787904730.475988,34680,0886,12,66 66 B9 42 3E 0A 81 42 9C C4 5D 42
1787904730.486291,34680,0887,12,CD CC A0 42 CD CC 76 42 7D 3F 86 42
1787904730.496665,34680,0888,12,00 00 CF 42 5C 8F CE 41 F6 28 23 42
1787904730.507246,34680,0889,12,00 00 A6 42 9A 99 2D 42 5C 0F 2D 42
1787904730.518024,34680,088a,12,CD CC 72 42 14 AE 95 42 98 6E AF 42
1787904730.528605,34680,088b,12,33 33 A0 42 66 66 9C 42 E5 10 AC 42
1787904730.538979,34680,088c,12,00 00 7E 42 3E 0A 93 42 CC 4C 15 42
1787904730.549500,34680,088d,12,00 00 58 42 9A 99 45 42 AE 47 E7 41
1787904730.559993,34680,088e,12,66 66 00 43 9A 99 39 42 A2 C5 35 42
1787904730.570268,34680,088f,12,66 66 E3 42 29 5C 63 42 D7 63 C7 42
1787904730.581012,34680,0890,12,33 33 CB 42 85 EB 01 42 06 01 0B 42
1787904730.591334,34680,0891,12,00 00 62 42 3E 0A 7D 42 96 43 C1 41
1787904730.607083,34680,0892,12,9A 99 A0 42 5C 8F E6 41 E5 D0 6C 42
1787904730.617704,34680,0893,12,CD CC 9A 42 C2 F5 5A 42 3F 35 ED 42
1787904730.628294,34680,0894,12,66 66 88 42 7A 14 FE 41 E5 90 DD 42
1787904730.639004,34680,0895,12,CD CC A9 42 3D 0A 65 42 85 6B 6C 42
1787904730.649341,34680,0896,12,34 33 AA 42 A4 70 1F 42 CF 77 18 42
1787904730.660341,34680,0897,12,CD CC B6 42 F6 28 14 42 10 58 4C 42
1787904730.670774,34680,0898,12,9A 99 A0 42 52 B8 72 42 62 90 8E 42
1787904730.681184,34680,0899,12,66 66 5E 42 1E 85 8A 42 F0 A7 19 42
1787904730.691586,34680,089a,12,34 33 AB 42 CD CC 5E 42 29 9C B1 42
1787904730.701870,34680,089b,12,CD CC A9 42 AE 47 8D 42 AA 31 B3 42
1787904730.712238,34680,089c,12,66 66 D7 42 A4 70 49 42 A4 F0 90 42
1787904730.723110,34680,089d,12,CD CC A0 42 3D 0A 77 42 29 5C DF 41
1787904730.733804,34680,089e,12,9A 19 0B 43 D7 A3 62 42 74 93 F1 41
1787904730.745171,34680,089f,12,00 80 05 43 AE 47 29 42 D3 4D A8 42
1787904730.755576,34680,08a0,12,9A 99 AC 42 A4 70 43 42 E8 3B AF 42
1787904730.766026,34680,08a1,12,33 33 02 43 7B 14 6A 42 D7 A3 AE 42
1787904730.776666,34680,08a2,12,00 00 94 42 48 E1 EA 41 0A 17 82 42
1787904730.787467,34680,08a3,12,CD CC 62 42 71 3D 7E 42 31 08 EC 41
1787904730.798797,34680,08a4,12,66 66 96 42 EC 51 4C 42 83 40 06 42
1787904730.809327,34680,08a5,12,66 66 95 42 00 00 9A 42 5E 7A D2 42
1787904730.820088,34680,08a6,12,66 66 48 42 48 E1 0E 42 46 B6 A8 41
1787904730.830592,34680,08a7,12,9A 99 7B 42 3E 0A 93 42 3E CA 9F 42
1787904730.841002,34680,08a8,12,67 66 C9 42 C3 F5 12 42 54 63 DB 42
1787904730.851351,34680,08a9,12,CD CC FA 42 7B 14 6A 42 44 8B A5 41
1787904730.861768,34680,08aa,12,00 00 09 43 AE 47 9F 42 6C E7 E4 41
1787904730.873483,34680,08ab,12,33 33 AC 42 D7 A3 1A 42 2D B2 D0 42
1787904730.883835,34680,08ac,12,CD CC C8 42 67 66 6E 42 F8 D3 AF 42
1787904730.894573,34680,08ad,12,66 66 DE 42 B8 1E 39 42 DD 24 60 42
1787904730.904894,34680,08ae,12,33 33 F3 42 29 5C 9A 42 2C 07 9C 42
1787904730.915284,34680,08af,12,33 33 4B 42 F6 28 20 42 1F 85 CF 41
1787904730.925626,34680,08b0,12,00 00 8A 42 48 E1 6E 42 BC B4 CF 42
1787904730.936049,34680,08b1,12,9A 99 D6 42 29 5C 09 42 95 C3 DD 42
1787904730.946367,34680,08b2,12,CD CC 96 42 AE 47 99 42 B8 DE 97 42
1787904730.956668,34680,08b3,12,CD CC E2 42 71 3D 72 42 94 98 DA 42
1787904730.967016,34680,08b4,12,66 66 8D 42 EC 51 92 42 79 E9 27 42
1787904730.977391,34680,08b5,12,9A 19 05 43 00 00 06 42 87 16 AB 41
1787904730.987714,34680,08b6,12,33 33 BF 42 EC 51 A4 41 83 C0 8F 42
1787904730.998086,34680,08b7,12,CD CC E1 42 E2 7A 91 42 18 C4 C9 42
1787904731.020137,34680,08b8,12,CC CC 0E 43 E1 7A 8B 42 E1 7A 66 42
1787904731.030780,34680,08b9,12,66 66 C0 42 52 B8 91 42 73 28 8F 42
1787904731.043901,34680,08ba,12,CD CC EC 42 33 33 BF 41 52 38 1D 42
1787904731.057849,34680,08bb,12,66 66 93 42 85 EB E9 41 FC 29 B6 42
1787904731.070171,34680,08bc,12,9A 99 E0 42 86 EB 49 42 BA C9 B3 42
1787904731.082881,34680,08bd,12,33 33 73 42 5C 8F 58 42 0A 57 74 42
1787904731.093398,34680,08be,12,CD CC E7 42 CC CC 3A 42 6F D2 EB 42
1787904731.104616,34680,08bf,12,66 66 0F 43 CD CC 98 42 DD 24 B8 42
1787904731.115674,34680,08c0,12,CC CC AD 42 9A 99 39 42 8D 17 79 42
1787904731.128977,34680,08c1,12,67 66 FE 42 66 66 AE 41 64 3B D8 41
1787904731.139575,34680,08c2,12,9A 99 E0 42 66 66 AE 41 48 A1 AF 42
1787904731.150034,34680,08c3,12,CD CC 02 43 33 33 89 42 24 86 92 42
1787904731.160371,34680,08c4,12,00 00 FF 42 1E 85 47 42 94 18 51 42
1787904731.170701,34680,08c5,12,00 00 B1 42 C2 F5 4E 42 EE 7C D1 42
1787904731.181070,34680,08c6,12,34 33 DD 42 15 AE 5B 42 6F D2 EB 42
1787904731.191447,34680,08c7,12,66 66 A7 42 EC 51 E0 41 29 DC 40 42
1787904731.201884,34680,08c8,12,9A 99 87 42 7B 14 80 42 BE 9F EB 42
1787904731.212186,34680,08c9,12,33 33 63 42 0A D7 8E 42 31 08 D7 42
1787904731.222656,34680,08ca,12,34 B3 04 43 71 3D 54 42 92 6D 1C 42
1787904731.233253,34680,08cb,12,CD 4C 0F 43 C2 F5 00 42 31 08 7F 42
1787904731.243639,34680,08cc,12,00 00 50 42 A4 70 25 42 B0 F2 4B 42
1787904731.254567,34680,08cd,12,34 B3 0B 43 90 C2 23 42 9A D9 99 42
1787904731.265319,34680,08ce,12,CD CC 95 42 CC CC 3A 42 29 5C DF 41
1787904731.275913,34680,08cf,12,CD CC 11 43 A4 70 C5 41 AC 9C 45 42
1787904731.286964,34680,08d0,12,9A 99 7B 42 48 E1 EA 41 9E 6F EA 42
1787904731.298337,34680,08d1,12,00 00 DB 42 90 C2 84 42 3F B5 63 42
1787904731.309585,34680,08d2,12,33 33 F1 42 00 00 A0 41 58 B9 E1 42
1787904731.319933,34680,08d3,12,66 66 14 43 52 B8 91 42 72 68 1E 42
1787904731.330274,34680,08d4,12,CC CC AC 42 B8 1E 21 42 17 99 C6 42
1787904731.340651,34680,08d5,12,CD CC C2 42 A4 70 1F 42 56 CE C5 42
1787904731.351044,34680,08d6,12,00 00 C3 42 A4 70 25 42 8F 02 ED 42
1787904731.361438,34680,08d7,12,CC 4C 15 43 D7 A3 9C 42 B0 72 EA 41
1787904731.371813,34680,08d8,12,9A 99 B8 42 70 3D 1E 42 73 68 D9 42
1787904731.382125,34680,08d9,12,00 00 C7 42 E1 7A 9D 42 50 8D A3 42
1787904731.392579,34680,08da,12,00 00 9C 42 9A 99 9A 42 48 61 70 42
1787904731.403709,34680,08db,12,66 66 15 43 E2 7A 82 42 98 2E C8 42
1787904731.414522,34680,08dc,12,CC CC 0D 43 48 E1 90 42 7F 2A A2 42
1787904731.425183,34680,08dd,12,9A 19 14 43 C2 F5 91 42 A3 70 6A 42
1787904731.435616,34680,08de,12,9A 99 98 42 F6 28 FC 41 C9 F6 C9 42
1787904731.446098,34680,08df,12,33 33 A7 42 14 AE 2B 42 46 B6 3B 42
1787904731.456586,34680,08e0,12,9A 99 B5 42 90 C2 53 42 5A E4 E4 42
1787904731.474840,34680,08e1,12,33 33 D2 42 90 C2 1D 42 C5 20 92 42
1787904731.485411,34680,08e2,12,9A 99 09 43 5C 8F DA 41 60 E5 64 42
1787904731.496273,34680,08e3,12,00 00 BB 42 1E 85 8A 42 29 5C CA 42
1787904731.506675,34680,08e4,12,00 00 E5 42 AE 47 17 42 48 61 0D 42
1787904731.517170,34680,08e5,12,CD CC D0 42 5C 8F 3A 42 C6 CB 6E 42
1787904731.527624,34680,08e6,12,33 B3 15 43 29 5C 15 42 40 35 8A 42
1787904731.539671,34680,08e7,12,67 66 F2 42 D7 A3 3E 42 58 39 C5 41
1787904731.550140,34680,08e8,12,33 B3 00 43 00 00 66 42 5E FA A0 42
1787904731.560536,34680,08e9,12,9A 99 A7 42 29 5C 33 42 D9 4E 28 42
1787904731.570840,34680,08ea,12,00 00 FC 42 00 00 85 42 12 83 A7 42
1787904731.582593,34680,08eb,12,9A 99 BF 42 5C 8F 83 42 62 D0 D8 42
1787904731.593550,34680,08ec,12,66 66 9F 42 29 5C 5D 42 E8 FB 0C 42
1787904731.604581,34680,08ed,12,9A 99 01 43 C2 F5 36 42 62 90 8E 42
1787904731.614988,34680,08ee,12,00 00 DD 42 B8 1E 21 42 67 66 C6 42
1787904731.625314,34680,08ef,12,66 66 68 42 3E 0A 11 42 C3 F5 A3 41
1787904731.635603,34680,08f0,12,34 33 DD 42 70 3D E2 41 CF F7 B6 41
1787904731.647199,34680,08f1,12,00 80 0F 43 7B 14 98 42 25 C6 DC 42
1787904731.657599,34680,08f2,12,33 33 81 42 52 B8 94 42 F2 52 A6 42
1787904731.667957,34680,08f3,12,00 80 0D 43 9A 99 4B 42 E5 10 AC 42
1787904731.678371,34680,08f4,12,00 00 11 43 E1 7A 3C 42 8A 01 B2 42
1787904731.688928,34680,08f5,12,33 33 6F 42 A4 70 A1 41 60 E5 D1 41
1787904731.699320,34680,08f6,12,CD CC 5C 42 CD CC 70 42 A8 46 3F 42
1787904731.711088,34680,08f7,12,66 66 0F 43 F6 28 96 42 04 96 DB 42
1787904731.721477,34680,08f8,12,66 E6 11 43 E1 7A 48 42 2B 47 83 42
1787904731.731937,34680,08f9,12,00 80 15 43 3D 0A 77 42 92 6D 1C 42
1787904731.742337,34680,08fa,12,00 00 FC 42 8F C2 0B 42 40 35 32 42
1787904731.753531,34680,08fb,12,00 00 DF 42 9A 99 15 42 83 C0 37 42
1787904731.775803,34680,08fc,12,CC CC 0E 43 D7 A3 02 42 D4 B8 92 42
1787904731.789323,34680,08fd,12,00 00 C1 42 15 AE 49 42 BC B4 CF 42
1787904731.805828,34680,08fe,12,66 66 D7 42 EC 51 EC 41 AA B1 E4 42
1787904731.826183,34680,08ff,12,33 33 77 42 70 3D 30 42 70 3D EB 41
1787904731.838847,34680,0900,12,9A 99 ED 42 33 33 4F 42 56 0E AD 42
1787904731.850947,34680,0901,12,9A 99 AD 42 00 00 88 42 DF 4F 63 42
1787904731.861392,34680,0902,12,00 00 A6 42 00 00 00 42 76 BE DF 42
1787904731.871701,34680,0903,12,66 66 C7 42 0A D7 88 42 87 16 AB 41
1787904731.882167,34680,0904,12,9A 99 E6 42 14 AE E3 41 46 F6 DD 42
1787904731.892577,34680,0905,12,CD CC 9E 42 EC 51 9E 42 64 BB 39 42
1787904731.902913,34680,0906,12,00 00 D8 42 1F 85 93 42 E4 25 90 42
1787904731.913477,34680,0907,12,00 00 CC 42 48 E1 F6 41 B0 F2 A3 42
1787904731.923857,34680,0908,12,67 66 C9 42 A4 70 AD 41 46 36 6D 42
1787904731.934170,34680,0909,12,66 66 58 42 B8 1E 2D 42 B4 48 52 42
1787904731.944609,34680,090a,12,CD CC BB 42 66 66 D2 41 8B EC CD 42
1787904731.955127,34680,090b,12,33 33 5F 42 A4 70 9E 42 B0 32 8B 42
1787904731.965761,34680,090c,12,33 33 F9 42 AE 47 17 42 DF 4F 00 42
1787904731.976632,34680,090d,12,33 33 0E 43 29 5C 45 42 4E 62 48 42
1787904731.987225,34680,090e,12,00 00 CA 42 CD CC B0 41 1A AF 2A 42
1787904731.997561,34680,090f,12,33 33 AD 42 A4 70 61 42 44 8B 90 42
1787904732.008083,34680,0910,12,66 66 87 42 7B 14 28 42 1C 5A B7 42
1787904732.018588,34680,0911,12,33 33 E2 42 3E 0A 4D 42 C6 0B AE 42
1787904732.034062,34680,0912,12,9A 99 8B 42 66 66 20 42 27 31 DC 41
1787904732.044984,34680,0913,12,9A 99 E6 42 29 5C 09 42 CC 0C 86 42
1787904732.055555,34680,0914,12,9A 99 83 42 85 EB 79 42 DB F9 B4 42
1787904732.065995,34680,0915,12,00 00 5A 42 F6 28 08 42 E8 FB C7 42
1787904732.076552,34680,0916,12,CD CC 82 42 0A D7 A3 41 5A 24 CC 42
1787904732.088631,34680,0917,12,00 00 D1 42 D7 A3 A8 41 7F 2A A2 42
1787904732.099456,34680,0918,12,00 00 98 42 9A 99 91 42 12 03 D9 42
1787904732.110131,34680,0919,12,00 00 06 43 7A 14 86 42 79 29 CA 42
1787904732.120689,34680,091a,12,00 00 E9 42 5C 8F 2E 42 75 13 AB 42
1787904732.131112,34680,091b,12,CC CC 0D 43 70 3D 85 42 D3 4D A8 42
1787904732.141958,34680,091c,12,33 33 02 43 14 AE 61 42 F8 53 E1 42
1787904732.152500,34680,091d,12,66 66 E0 42 B8 1E 03 42 C1 CA A0 41
1787904732.174647,34680,091e,12,00 00 D7 42 29 5C 94 42 62 D0 D8 42
1787904732.185681,34680,091f,12,9A 99 A8 42 B8 1E 9A 42 A0 9A ED 42
1787904732.198054,34680,0920,12,66 66 F8 42 14 AE 0D 42 BC 74 2D 42
1787904732.210322,34680,0921,12,00 00 0A 43 14 AE D7 41 EF E7 BB 42
1787904732.221925,34680,0922,12,33 33 DF 42 EC 51 40 42 64 BB 39 42
1787904732.232652,34680,0923,12,00 00 FD 42 B8 1E F1 41 E3 A5 06 42
1787904732.244159,34680,0924,12,00 00 B8 42 C2 F5 C4 41 1D DA 2D 42
1787904732.256205,34680,0925,12,66 66 07 43 29 5C 15 42 9C 44 2C 42
1787904732.266669,34680,0926,12,34 33 A4 42 48 E1 D2 41 B0 72 D5 42
1787904732.277305,34680,0927,12,33 33 A1 42 D7 A3 A8 41 FC 69 9D 42
1787904732.288644,34680,0928,12,9A 19 14 43 D7 A3 68 42 52 B8 4E 42
1787904732.299985,34680,0929,12,9A 99 C4 42 5C 8F 5E 42 B0 32 8B 42
1787904732.310415,34680,092a,12,33 B3 14 43 70 3D 12 42 C5 A0 6B 42
1787904732.321154,34680,092b,12,CD 4C 12 43 5C 8F 95 42 1D DA 85 42
1787904732.331558,34680,092c,12,34 33 9D 42 AE 47 65 42 7D BF B7 42
1787904732.341987,34680,092d,12,66 E6 0E 43 B8 1E A9 41 C1 4A 65 42
1787904732.352248,34680,092e,12,CD CC 96 42 8F C2 6B 42 AE 47 E7 41
1787904732.362646,34680,092f,12,CD CC 83 42 71 3D 4E 42 AE 07 88 42
1787904732.373157,34680,0930,12,CD CC BC 42 F6 28 90 42 A8 C6 70 42
1787904732.383508,34680,0931,12,00 00 5C 42 0A D7 88 42 F0 A7 19 42
1787904732.393922,34680,0932,12,34 33 05 43 B8 1E 3F 42 60 65 8B 42
1787904732.404253,34680,0933,12,66 66 B5 42 7B 14 C2 41 71 3D D6 42
1787904732.414885,34680,0934,12,33 33 4B 42 66 66 3E 42 12 83 BC 41
1787904732.425493,34680,0935,12,33 33 9A 42 86 EB F5 41 0C 02 B3 41
1787904732.435870,34680,0936,12,66 66 D1 42 5C 8F 28 42 E8 BB E0 42
1787904732.446861,34680,0937,12,CC 4C 02 43 00 00 1E 42 17 D9 AD 42
1787904732.457601,34680,0938,12,CD CC 84 42 7B 14 64 42 66 66 DB 41
1787904732.467918,34680,0939,12,CD 4C 00 43 33 33 83 42 DF CF 89 42
1787904732.479155,34680,093a,12,33 33 D1 42 EC 51 22 42 83 40 06 42
1787904732.489833,34680,093b,12,66 66 4A 42 CD CC 10 42 3B 5F B5 42
1787904732.500530,34680,093c,12,CC 4C 01 43 8F C2 87 42 D7 A3 56 42
1787904732.511016,34680,093d,12,33 33 C0 42 29 5C 09 42 B8 DE 97 42
1787904732.524949,34680,093e,12,33 33 EE 42 5C 8F 80 42 F8 93 C8 42
1787904732.535624,34680,093f,12,33 33 91 42 5C 8F 7C 42 C7 4B AA 41
1787904732.546451,34680,0940,12,66 66 01 43 8F C2 7D 42 37 C9 C7 42
1787904732.556950,34680,0941,12,00 00 7E 42 D7 A3 50 42 91 ED 4D 42
1787904732.567860,34680,0942,12,00 80 02 43 29 5C D3 41 2F 9D 89 42
1787904732.578355,34680,0943,12,00 00 04 43 33 33 79 42 1C 9A 9E 42
1787904732.589921,34680,0944,12,66 66 0E 43 14 AE B3 41 12 83 4F 42
1787904732.600423,34680,0945,12,9A 99 0B 43 29 5C 5D 42 31 08 7F 42
1787904732.610733,34680,0946,12,9A 99 6D 42 52 B8 7E 42 79 69 59 42
1787904732.621064,34680,0947,12,CD CC 87 42 7B 14 52 42 6B 7C E5 42
1787904732.631597,34680,0948,12,66 66 A1 42 E1 7A 8B 42 9E 2F A0 42
1787904732.650117,34680,0949,12,66 66 68 42 CD CC E0 41 E4 25 90 42
1787904732.660858,34680,094a,12,66 66 72 42 AE 47 81 42 9C C4 CA 41
1787904732.671393,34680,094b,12,33 33 79 42 5C 8F 9E 42 42 60 35 42
1787904732.682381,34680,094c,12,00 00 E3 42 48 E1 84 42 C5 20 3A 42
1787904732.693326,34680,094d,12,66 66 E3 42 52 B8 00 42 2D F2 B7 42
1787904732.703855,34680,094e,12,33 B3 0F 43 34 33 8F 42 16 D9 C2 41
1787904732.714213,34680,094f,12,33 33 10 43 48 E1 F6 41 E1 7A BE 42
1787904732.724565,34680,0950,12,66 66 F3 42 66 66 02 42 4E 62 A0 42
1787904732.735009,34680,0951,12,CD CC EE 42 9A 99 63 42 56 CE C5 42
1787904732.747728,34680,0952,12,9A 99 F0 42 C2 F5 24 42 DC 39 9C 42
1787904732.758190,34680,0953,12,9A 19 01 43 C2 F5 8B 42 64 FB DB 42
1787904732.773562,34680,0954,12,33 33 0E 43 85 EB 79 42 4E 22 B9 42
1787904732.784135,34680,0955,12,66 E6 15 43 14 AE 8C 42 EE 7C E6 41
1787904732.794664,34680,0956,12,CC CC A7 42 B8 1E 09 42 F4 3D C2 42
1787904732.805083,34680,0957,12,9A 99 E7 42 29 5C 03 42 C9 76 40 42
1787904732.815449,34680,0958,12,66 66 B5 42 5C 8F AA 41 A0 1A BC 42
1787904732.826565,34680,0959,12,CD 4C 09 43 71 3D 6C 42 15 EE 91 42
1787904732.837040,34680,095a,12,CD CC 60 42 48 E1 96 42 EA A6 99 42
1787904732.847462,34680,095b,12,CC CC CF 42 67 66 6E 42 7B 14 83 42
1787904732.858878,34680,095c,12,66 66 02 43 0A D7 97 42 F6 28 F3 41
1787904732.869333,34680,095d,12,99 99 EA 42 70 3D 0C 42 2B 87 E2 41
1787904732.879802,34680,095e,12,00 00 54 42 F6 28 8D 42 4A 0C 9A 42
1787904732.890223,34680,095f,12,66 66 BA 42 85 EB E9 41 C2 75 68 42
1787904732.900977,34680,0960,12,34 B3 0B 43 D7 A3 08 42 BE DF D2 42
1787904732.911874,34680,0961,12,00 00 4C 42 B8 1E 2D 42 EB 11 E7 42
1787904732.922396,34680,0962,12,9A 99 6B 42 E1 7A B8 41 17 99 C6 42
1787904732.936682,34680,0963,12,33 33 79 42 71 3D BE 41 74 93 F1 41
1787904732.955501,34680,0964,12,66 66 9F 42 66 66 93 42 C5 A0 08 42
1787904732.966622,34680,0965,12,66 66 06 43 EB 51 5E 42 EE 3C EA 42
1787904732.977275,34680,0966,12,66 66 F5 42 EC 51 28 42 C1 4A BD 42
1787904732.987814,34680,0967,12,CD CC 98 42 48 E1 EA 41 DD 24 CD 41
1787904733.003918,34680,0968,12,CD CC 9C 42 71 3D 24 42 D7 A3 AE 42
1787904733.014224,34680,0969,12,66 66 06 43 1F 85 4D 42 06 01 C6 42
1787904733.025683,34680,096a,12,33 33 DF 42 CC CC EC 41 D5 38 C4 42
1787904733.036239,34680,096b,12,33 33 85 42 29 5C D3 41 D4 B8 92 42
1787904733.046626,34680,096c,12,00 00 CA 42 5C 8F 2E 42 64 3B D8 41
1787904733.057214,34680,096d,12,9A 99 BD 42 66 66 74 42 5A A4 9A 42
1787904733.067573,34680,096e,12,CC CC 07 43 5C 8F 22 42 FA 7E 29 42
1787904733.078002,34680,096f,12,00 80 15 43 66 66 3E 42 DF 4F BB 42
1787904733.090337,34680,0970,12,33 33 15 43 5C 8F C2 41 C2 F5 8E 42
1787904733.100958,34680,0971,12,CD CC 83 42 D7 A3 14 42 60 25 A4 42
1787904733.111487,34680,0972,12,00 00 99 42 66 66 DE 41 91 6D 7F 42
1787904733.121963,34680,0973,12,99 99 E9 42 85 EB DD 41 50 CD ED 42
1787904733.132509,34680,0974,12,CC CC F4 42 52 B8 66 42 CD 8C B7 42
1787904733.142873,34680,0975,12,CD CC FE 42 B8 1E 3F 42 DF 4F 00 42
1787904733.153464,34680,0976,12,33 33 8B 42 A4 70 55 42 7F 6A 31 42
1787904733.163821,34680,0977,12,00 00 82 42 00 00 3C 42 F4 FD EF 41
1787904733.174290,34680,0978,12,9A 99 B1 42 0A D7 EB 41 08 EC E1 42
1787904733.184755,34680,0979,12,9A 99 F2 42 00 00 82 42 FA 7E F9 41
1787904733.195202,34680,097a,12,33 33 D2 42 1F 85 8D 42 8E 17 16 42
1787904733.205850,34680,097b,12,9A 19 03 43 E2 7A 4E 42 40 B5 00 42
1787904733.216258,34680,097c,12,00 00 0E 43 3D 0A 59 42 9E EF B8 42
1787904733.226593,34680,097d,12,66 66 D3 42 3E 0A 87 42 C9 76 40 42
1787904733.237128,34680,097e,12,00 00 C3 42 70 3D 5A 42 1F 05 31 42
1787904733.247788,34680,097f,12,00 00 82 42 99 99 7B 42 7B 14 83 42
1787904733.258313,34680,0980,12,33 33 49 42 52 B8 06 42 1F 85 62 42
1787904733.270440,34680,0981,12,33 33 5D 42 1F 85 05 42 27 F1 DF 42
1787904733.281533,34680,0982,12,33 33 09 43 7A 14 FE 41 6A 7C 82 42
1787904733.292497,34680,0983,12,9A 19 00 43 14 AE 7F 42 A3 70 6A 42
1787904733.304634,34680,0984,12,CD CC C7 42 3D 0A 8A 42 2B 87 12 42
1787904733.316259,34680,0985,12,66 66 9C 42 29 5C F7 41 E1 7A 03 42
1787904733.327503,34680,0986,12,00 00 9F 42 52 B8 72 42 0A 57 CC 42
1787904733.340607,34680,0987,12,00 00 07 43 90 C2 35 42 7F 6A 89 42
1787904733.351889,34680,0988,12,66 66 F6 42 A4 70 6D 42 99 59 CB 42
1787904733.364247,34680,0989,12,9A 99 FF 42 0A D7 51 42 CB 21 CD 42
1787904733.374786,34680,098a,12,CD CC FE 42 CD CC 40 42 58 79 97 42
1787904733.385852,34680,098b,12,9A 19 0A 43 14 AE 43 42 79 69 B1 42
1787904733.397217,34680,098c,12,9A 99 BD 42 C3 F5 12 42 46 F6 DD 42
1787904733.407731,34680,098d,12,33 33 F4 42 1E 85 41 42 21 70 D6 42
1787904733.418562,34680,098e,12,33 33 15 43 D7 A3 81 42 2B 47 83 42
1787904733.430001,34680,098f,12,CC CC C0 42 5C 8F 0A 42 CA A1 9B 42
1787904733.441944,34680,0990,12,9A 99 AC 42 AE 47 D5 41 DD 24 CD 41
1787904733.452617,34680,0991,12,33 33 D8 42 EC 51 76 42 96 C3 22 42
1787904733.463192,34680,0992,12,33 33 DF 42 D7 A3 84 42 23 DB C0 42
1787904733.473546,34680,0993,12,66 66 9B 42 A4 70 83 42 38 89 25 42
1787904733.483890,34680,0994,12,33 B3 02 43 14 AE D7 41 4C B7 CE 42
1787904733.494267,34680,0995,12,CD 4C 0F 43 29 5C EB 41 3E 8A 60 42
1787904733.505943,34680,0996,12,9A 99 BD 42 EC 51 98 42 CD 4C D0 42
1787904733.516339,34680,0997,12,9A 99 9A 42 1F 85 7D 42 D7 A3 C3 41
1787904733.527033,34680,0998,12,9A 99 BC 42 7A 14 76 42 C8 F6 0E 42
1787904733.537590,34680,0999,12,00 00 B7 42 9A 99 57 42 56 4E 94 42
1787904733.548662,34680,099a,12,00 00 AA 42 14 AE 07 42 7F AA D3 42
1787904733.559371,34680,099b,12,00 80 01 43 29 5C 75 42 14 AE BF 41
1787904733.569919,34680,099c,12,9A 99 C5 42 14 AE FB 41 D1 A2 7E 42
1787904733.580715,34680,099d,12,CC 4C 15 43 29 5C D3 41 F0 A7 E9 41
1787904733.591151,34680,099e,12,66 66 6C 42 52 B8 94 42 1B AF E5 42
1787904733.601838,34680,099f,12,CC CC DA 42 F6 28 8D 42 5E BA CE 41
1787904733.612439,34680,09a0,12,9A 19 14 43 7B 14 E6 41 FC 29 B6 42
1787904733.622845,34680,09a1,12,CD CC FC 42 14 AE B3 41 AE 47 D2 42
1787904733.634012,34680,09a2,12,9A 99 5F 42 F6 28 62 42 70 3D 1B 42
1787904733.644446,34680,09a3,12,CD 4C 06 43 C2 F5 6C 42 24 86 3A 42
1787904733.655071,34680,09a4,12,9A 99 C4 42 B8 1E FD 41 B8 DE 97 42
1787904733.665501,34680,09a5,12,00 80 0D 43 14 AE 01 42 B7 73 AD 42
1787904733.675983,34680,09a6,12,CC CC 08 43 3E 0A 90 42 0E 2D A1 42
1787904733.686430,34680,09a7,12,66 E6 0A 43 C2 F5 94 42 0A 17 E5 42
1787904733.699392,34680,09a8,12,9A 99 DB 42 48 E1 0E 42 A3 30 DB 42
1787904733.710251,34680,09a9,12,00 80 06 43 48 E1 99 42 68 D1 B0 42
1787904733.721305,34680,09aa,12,9A 99 94 42 00 00 18 42 15 EE 91 42
1787904733.731929,34680,09ab,12,66 66 B8 42 5C 8F DA 41 58 39 B0 42
1787904733.742289,34680,09ac,12,33 33 06 43 A4 70 3D 42 71 3D 7E 42
1787904733.753241,34680,09ad,12,9A 99 C1 42 85 EB 2B 42 FE 14 D2 42
1787904733.763867,34680,09ae,12,9A 99 BC 42 14 AE 01 42 6C A7 E8 42
1787904733.774466,34680,09af,12,9A 99 49 42 CD CC 58 42 E1 BA A5 42
1787904733.785185,34680,09b0,12,9A 99 8B 42 0A D7 88 42 25 06 09 42
1787904733.795878,34680,09b1,12,9A 99 D8 42 0A D7 88 42 8C 6C 9C 42
1787904733.806476,34680,09b2,12,9A 99 93 42 66 66 14 42 8F 42 7C 42
1787904733.817252,34680,09b3,12,CC 4C 08 43 8F C2 6B 42 3A F4 CA 42
1787904733.827901,34680,09b4,12,33 B3 06 43 B8 1E 6F 42 5D 0F E8 42
1787904733.838309,34680,09b5,12,33 33 83 42 34 33 7F 42 DD 24 60 42
1787904733.848647,34680,09b6,12,9A 19 0E 43 B8 1E D9 41 E8 FB C7 42
1787904733.859216,34680,09b7,12,34 33 05 43 14 AE 73 42 F2 92 8D 42
1787904733.870001,34680,09b8,12,34 33 B7 42 D7 A3 62 42 A3 70 C2 42
1787904733.880581,34680,09b9,12,CD CC A0 42 EC 51 4C 42 C2 75 C0 42
1787904733.891054,34680,09ba,12,66 66 89 42 0A D7 63 42 7F EA BA 42
1787904733.901684,34680,09bb,12,00 00 C1 42 48 E1 6E 42 EB 91 B5 42
1787904733.912268,34680,09bc,12,9A 99 C8 42 66 66 AE 41 87 96 6F 42
1787904733.922683,34680,09bd,12,9A 99 A7 42 66 66 9C 42 D7 A3 56 42
1787904733.933108,34680,09be,12,66 E6 0E 43 52 B8 E2 41 B8 5E C9 42
1787904733.943505,34680,09bf,12,33 33 61 42 7B 14 3A 42 A3 30 DB 42
1787904733.953791,34680,09c0,12,9A 99 D1 42 D7 A3 9F 42 AE 07 88 42
1787904733.964636,34680,09c1,12,CD 4C 0A 43 14 AE 25 42 06 C1 DE 42
1787904733.975084,34680,09c2,12,66 66 D9 42 0A D7 6F 42 B2 1D 4F 42
1787904733.985468,34680,09c3,12,33 33 EE 42 A4 70 A1 41 BC B4 CF 42
1787904733.995881,34680,09c4,12,66 66 B9 42 C2 F5 36 42 0A 17 82 42
1787904734.006348,34680,09c5,12,00 00 09 43 B8 1E 63 42 8F 02 ED 42
1787904734.017013,34680,09c6,12,9A 19 01 43 52 B8 48 42 27 31 6F 42
1787904734.028012,34680,09c7,12,CD CC A0 42 00 00 88 42 5E BA B9 42
1787904734.038696,34680,09c8,12,9A 19 11 43 E2 7A D0 41 04 16 AA 42
1787904734.049366,34680,09c9,12,9A 99 13 43 7B 14 3A 42 CD 8C B7 42
1787904734.059788,34680,09ca,12,9A 99 00 43 85 EB E9 41 44 8B 90 42
1787904734.070235,34680,09cb,12,67 66 EF 42 F6 28 CC 41 EC 51 13 42
1787904734.080787,34680,09cc,12,33 33 67 42 1F 85 59 42 B6 F3 23 42
1787904734.091267,34680,09cd,12,00 00 F8 42 14 AE D7 41 0E AD 7A 42
1787904734.101753,34680,09ce,12,00 00 DF 42 D7 A3 0E 42 F8 93 C8 42
1787904734.112136,34680,09cf,12,00 00 81 42 00 00 0C 42 8A C1 72 42
1787904734.122483,34680,09d0,12,CD CC 5C 42 CC CC EC 41 DB F9 C9 41
1787904734.133342,34680,09d1,12,9A 99 FE 42 33 33 67 42 48 E1 AB 41
1787904734.143929,34680,09d2,12,66 66 5E 42 D7 A3 D8 41 F2 52 A6 42
1787904734.154451,34680,09d3,12,CD CC FA 42 B8 1E 91 42 F8 93 C8 42
1787904734.165246,34680,09d4,12,00 00 A7 42 14 AE D7 41 12 83 BC 41
1787904734.175643,34680,09d5,12,CD CC A9 42 AE 47 9F 42 8B 6C B1 41
1787904734.186004,34680,09d6,12,9A 99 B6 42 52 B8 88 42 CA A1 43 42
1787904734.197719,34680,09d7,12,9A 99 9C 42 52 B8 D6 41 38 89 25 42
1787904734.209346,34680,09d8,12,CD CC 5E 42 C2 F5 5A 42 93 18 BE 41
1787904734.219953,34680,09d9,12,66 66 DC 42 0A D7 15 42 EB 51 76 42
1787904734.230454,34680,09da,12,9A 99 96 42 33 33 D7 41 E8 BB E0 42
1787904734.240878,34680,09db,12,66 66 AB 42 48 E1 7A 42 72 68 1E 42
1787904734.251302,34680,09dc,12,00 00 FD 42 AE 47 C9 41 A3 70 6A 42
1787904734.261842,34680,09dd,12,CC CC DB 42 C3 F5 12 42 A6 9B C5 42
1787904734.273620,34680,09de,12,00 00 E8 42 EC 51 3A 42 D3 4D 50 42
1787904734.284784,34680,09df,12,33 33 F5 42 F6 28 20 42 F0 27 A3 42
1787904734.298399,34680,09e0,12,66 66 E9 42 7B 14 92 42 48 E1 96 42
1787904734.309407,34680,09e1,12,00 00 F2 42 52 B8 8B 42 AE 47 7A 42
1787904734.321146,34680,09e2,12,CD CC 66 42 B8 1E 15 42 C5 60 DC 42
1787904734.332680,34680,09e3,12,9A 99 10 43 90 C2 23 42 CC 4C 15 42
1787904734.343429,34680,09e4,12,CC CC F5 42 D7 A3 90 42 C1 CA A0 41
1787904734.353787,34680,09e5,12,00 00 BD 42 52 B8 60 42 C1 4A 65 42
1787904734.364126,34680,09e6,12,CD CC DD 42 85 EB 61 42 E9 66 B2 42
1787904734.374524,34680,09e7,12,66 66 C0 42 A3 70 5B 42 AA 71 42 42
1787904734.384931,34680,09e8,12,00 00 50 42 E1 7A 42 42 17 59 DF 42
1787904734.395389,34680,09e9,12,9A 99 ED 42 29 5C 88 42 6E 12 18 42
1787904734.405969,34680,09ea,12,66 66 C4 42 CC CC 16 42 10 58 4C 42
1787904734.416509,34680,09eb,12,66 66 D7 42 D7 A3 44 42 C9 F6 C9 42
1787904734.427772,34680,09ec,12,66 66 78 42 D7 A3 D8 41 A4 70 07 42
1787904734.438329,34680,09ed,12,00 00 CB 42 D7 A3 FC 41 A8 46 3F 42
1787904734.448952,34680,09ee,12,33 33 DF 42 AE 47 05 42 18 04 B1 42
1787904734.459439,34680,09ef,12,66 66 0C 43 48 E1 4A 42 C2 75 68 42
1787904734.469880,34680,09f0,12,66 66 DF 42 29 5C 82 42 68 D1 B0 42
1787904734.481441,34680,09f1,12,67 66 E6 42 66 66 F6 41 2C 07 44 42
1787904734.493211,34680,09f2,12,CD CC D0 42 85 EB 7F 42 C5 20 92 42
1787904734.504380,34680,09f3,12,34 B3 10 43 85 EB 5B 42 00 00 A0 41
1787904734.515479,34680,09f4,12,00 00 D3 42 52 B8 EE 41 A0 9A 8A 42
1787904734.526368,34680,09f5,12,CD CC 9D 42 29 5C 15 42 00 00 8B 42
1787904734.538054,34680,09f6,12,33 33 99 42 1E 85 71 42 B2 9D 1D 42
1787904734.548821,34680,09f7,12,CD CC EC 42 A4 70 1F 42 B0 72 7D 42
1787904734.559679,34680,09f8,12,66 66 C7 42 5C 8F F2 41 D2 22 4D 42
1787904734.570182,34680,09f9,12,00 00 E0 42 CD CC 86 42 A4 F0 38 42
1787904734.580614,34680,09fa,12,33 33 95 42 A4 70 19 42 68 D1 B0 42
1787904734.591932,34680,09fb,12,9A 99 69 42 52 B8 24 42 04 56 39 42
1787904734.602481,34680,09fc,12,66 66 E9 42 F6 28 32 42 83 40 06 42
1787904734.613896,34680,09fd,12,33 33 02 43 52 B8 E2 41 A6 1B 3C 42
1787904734.624303,34680,09fe,12,CD CC D3 42 29 5C 45 42 F4 BD 90 42
1787904734.635276,34680,09ff,12,66 66 F4 42 52 B8 00 42 29 5C DF 41
1787904734.646870,34680,0a00,12,CD CC B5 42 1F 85 96 42 B2 1D A7 42
1787904734.657456,34680,0a01,12,00 00 72 42 29 5C 85 42 D7 E3 95 42
1787904734.667822,34680,0a02,12,00 00 C2 42 C2 F5 00 42 69 91 0E 42
1787904734.678374,34680,0a03,12,66 66 0F 43 00 00 66 42 7D BF B7 42
1787904734.688743,34680,0a04,12,CD CC 86 42 A4 70 73 42 5A E4 E4 42
1787904734.699086,34680,0a05,12,9A 99 D8 42 A4 70 C5 41 EB D1 44 42
1787904734.709966,34680,0a06,12,9A 19 02 43 C3 F5 97 42 00 00 33 42
1787904734.720293,34680,0a07,12,9A 99 8D 42 0A D7 C7 41 6A 3C 9B 42
1787904734.733006,34680,0a08,12,66 66 B8 42 52 B8 E2 41 83 40 C1 42
1787904734.744080,34680,0a09,12,00 00 9E 42 E1 7A 3C 42 1F 85 BA 42
1787904734.765809,34680,0a0a,12,66 66 E7 42 14 AE 7F 42 AA F1 10 42
1787904734.776683,34680,0a0b,12,33 33 B5 42 AE 47 6B 42 68 11 40 42
1787904734.787462,34680,0a0c,12,33 33 AE 42 7B 14 0A 42 E8 3B AF 42
1787904734.798101,34680,0a0d,12,33 33 A6 42 48 E1 1A 42 5D 8F B6 42
1787904734.808697,34680,0a0e,12,9A 99 89 42 F6 28 99 42 D2 62 8C 42
1787904734.819214,34680,0a0f,12,66 66 62 42 D7 A3 3E 42 BA C9 5B 42
1787904734.829604,34680,0a10,12,66 66 88 42 5C 8F 76 42 29 DC 40 42
1787904734.839998,34680,0a11,12,9A 99 98 42 CC CC 4C 42 4E A2 87 42
1787904734.850516,34680,0a12,12,66 66 92 42 5C 8F 98 42 81 D5 D6 42
1787904734.861342,34680,0a13,12,CD CC C3 42 52 B8 06 42 2D F2 B7 42
1787904734.871794,34680,0a14,12,CD CC D7 42 29 5C 9D 42 DC 79 2B 42
1787904734.882283,34680,0a15,12,00 80 0E 43 5C 8F AA 41 16 59 24 42
1787904734.893510,34680,0a16,12,00 80 0B 43 F6 28 44 42 58 39 58 42
1787904734.903880,34680,0a17,12,9A 99 D5 42 B8 1E 3F 42 C6 8B DF 42
1787904734.914483,34680,0a18,12,CC CC BF 42 52 B8 00 42 5E 3A 30 42
1787904734.925267,34680,0a19,12,66 66 FA 42 52 B8 36 42 83 C0 A4 41
1787904734.935973,34680,0a1a,12,00 00 9F 42 AE 47 F9 41 31 88 4D 42
1787904734.946526,34680,0a1b,12,CD 4C 05 43 B8 1E 03 42 27 71 AE 42
1787904734.957304,34680,0a1c,12,CD CC 5A 42 5C 8F AA 41 E1 7A 03 42
1787904734.967865,34680,0a1d,12,66 66 4E 42 F6 28 56 42 A2 45 04 42
1787904734.978481,34680,0a1e,12,9A 99 99 42 7B 14 83 42 4C 37 B2 41
1787904734.988967,34680,0a1f,12,66 66 88 42 AE 47 93 42 5C 8F CB 41
1787904735.000045,34680,0a20,12,34 33 04 43 5D 8F 52 42 B0 B2 BC 42
1787904735.011054,34680,0a21,12,66 66 9B 42 A4 70 4F 42 27 31 6F 42
1787904735.021998,34680,0a22,12,CD CC D7 42 3E 0A C3 41 B8 1E 27 42
1787904735.037514,34680,0a23,12,9A 99 77 42 00 00 1E 42 C6 CB 6E 42
1787904735.048804,34680,0a24,12,00 80 09 43 7B 14 1C 42 10 58 A4 42
1787904735.059709,34680,0a25,12,00 00 04 43 3D 0A F3 41 56 8E 23 42
1787904735.070595,34680,0a26,12,CD CC 78 42 14 AE 9B 42 8B EC 75 42
1787904735.081718,34680,0a27,12,00 00 B2 42 5C 8F 5E 42 60 25 A4 42
1787904735.092855,34680,0a28,12,9A 99 98 42 5C 8F C2 41 40 35 32 42
1787904735.103632,34680,0a29,12,33 33 8E 42 70 3D 1E 42 2F DD 7B 42
1787904735.114128,34680,0a2a,12,00 00 0D 43 70 3D 78 42 99 59 CB 42
1787904735.125456,34680,0a2b,12,00 00 BE 42 70 3D 36 42 0E 2D A1 42
1787904735.136276,34680,0a2c,12,CD CC 05 43 33 33 A7 41 8A 41 99 42
1787904735.148692,34680,0a2d,12,CD CC FA 42 0A D7 91 42 87 96 6F 42
1787904735.159813,34680,0a2e,12,CD CC 5A 42 00 00 94 42 18 04 B1 42
1787904735.170538,34680,0a2f,12,66 66 9C 42 1F 85 59 42 87 96 C7 42
1787904735.181093,34680,0a30,12,CD CC F7 42 B8 1E 8E 42 36 1E 93 42
1787904735.191892,34680,0a31,12,9A 99 F2 42 EC 51 34 42 CF 77 18 42
1787904735.211805,34680,0a32,12,9A 99 04 43 1F 85 87 42 F8 53 F6 41
1787904735.222563,34680,0a33,12,9A 99 6B 42 AE 47 87 42 A2 45 BF 42
1787904735.234728,34680,0a34,12,34 33 0B 43 F6 28 8A 42 23 DB 68 42
1787904735.245384,34680,0a35,12,00 00 C2 42 9A 99 94 42 0A 57 11 42
1787904735.255894,34680,0a36,12,66 66 DF 42 CD CC 76 42 E6 50 93 42
1787904735.266956,34680,0a37,12,33 33 A1 42 7B 14 1C 42 C6 CB 0B 42
1787904735.278174,34680,0a38,12,66 66 B1 42 0A D7 6F 42 8F 42 7C 42
1787904735.290143,34680,0a39,12,33 33 7D 42 67 66 50 42 D5 F8 DC 42
1787904735.302145,34680,0a3a,12,9A 19 10 43 85 EB 79 42 F4 7D A9 42
1787904735.313014,34680,0a3b,12,9A 99 06 43 29 5C 69 42 4C B7 CE 42
1787904735.323447,34680,0a3c,12,CD CC C8 42 52 B8 60 42 A0 9A ED 42
1787904735.336634,34680,0a3d,12,CD CC 7C 42 85 EB 80 42 CD CC 9E 42
1787904735.347289,34680,0a3e,12,00 00 84 42 5C 8F 64 42 06 01 C6 42
1787904735.357775,34680,0a3f,12,CD CC 99 42 F6 28 99 42 CB 61 B4 42
1787904735.368447,34680,0a40,12,9A 99 8C 42 F6 28 93 42 CF 37 EC 42
1787904735.379228,34680,0a41,12,CD CC 8D 42 48 E1 87 42 8A C1 72 42
1787904735.389829,34680,0a42,12,9A 99 A8 42 48 E1 C6 41 54 E3 BE 41
1787904735.400565,34680,0a43,12,34 33 DB 42 66 66 EA 41 DB B9 CD 42
1787904735.411834,34680,0a44,12,00 00 B8 42 48 E1 BA 41 83 40 06 42
1787904735.422993,34680,0a45,12,33 33 98 42 00 00 0C 42 8B EC 75 42
1787904735.434046,34680,0a46,12,66 66 B0 42 A4 70 E9 41 4E E2 D1 42
1787904735.444889,34680,0a47,12,33 33 87 42 F6 28 9F 42 75 13 AB 42
1787904735.455835,34680,0a48,12,00 00 EC 42 D7 A3 32 42 F0 A7 E9 41
1787904735.466749,34680,0a49,12,00 00 76 42 48 E1 84 42 7D 3F 2E 42
1787904735.477529,34680,0a4a,12,9A 99 A1 42 29 5C 45 42 18 04 59 42
1787904735.488079,34680,0a4b,12,9A 19 0D 43 7A 14 2E 42 72 68 EE 41
1787904735.499154,34680,0a4c,12,CD CC 15 43 67 66 62 42 33 B3 50 42
1787904735.509776,34680,0a4d,12,33 33 15 43 D7 A3 8D 42 CB 21 CD 42
1787904735.520352,34680,0a4e,12,33 33 AE 42 90 C2 D5 41 F8 13 97 42
1787904735.531146,34680,0a4f,12,00 00 74 42 B8 1E 03 42 A2 C5 8D 42
1787904735.542099,34680,0a50,12,00 00 03 43 00 00 7E 42 2B 87 12 42
1787904735.552901,34680,0a51,12,9A 99 C7 42 3E 0A 5F 42 2C 07 9C 42
1787904735.563662,34680,0a52,12,9A 99 D3 42 33 33 67 42 B0 32 8B 42
1787904735.574428,34680,0a53,12,9A 19 0E 43 3E 0A 81 42 52 38 D8 42
1787904735.585183,34680,0a54,12,66 66 B5 42 66 66 7A 42 2F DD 18 42
1787904735.595879,34680,0a55,12,9A 99 C6 42 D7 A3 8A 42 3A F4 CA 42
1787904735.606728,34680,0a56,12,CD CC F9 42 CD CC 04 42 54 A3 C2 42
1787904735.617456,34680,0a57,12,66 66 F3 42 F6 28 2C 42 0E AD D2 42
1787904735.628610,34680,0a58,12,9A 99 75 42 E2 7A 00 42 2F 1D BB 42
1787904735.639978,34680,0a59,12,33 33 51 42 B8 1E 85 42 5E BA B9 42
1787904735.652811,34680,0a5a,12,66 66 A5 42 14 AE D7 41 D3 8D 8F 42
1787904735.665336,34680,0a5b,12,33 33 8E 42 48 E1 26 42 83 40 C1 42
1787904735.678578,34680,0a5c,12,33 33 0D 43 B8 1E 91 42 06 81 3C 42
1787904735.690778,34680,0a5d,12,00 80 05 43 F6 28 9C 42 D9 0E 99 42
1787904735.702190,34680,0a5e,12,33 33 83 42 8F C2 87 42 A8 86 E1 42
1787904735.713817,34680,0a5f,12,66 66 BE 42 CD CC 9E 42 89 41 AE 41
1787904735.725781,34680,0a60,12,33 33 EA 42 1F 85 59 42 4E 62 48 42
1787904735.736410,34680,0a61,12,34 33 B6 42 15 AE 5B 42 B2 9D ED 41
1787904735.747963,34680,0a62,12,33 33 93 42 3D 0A 23 42 E8 7B 96 42
1787904735.758923,34680,0a63,12,CD CC 90 42 66 66 14 42 A8 C6 DD 41
1787904735.769601,34680,0a64,12,00 00 11 43 A4 70 0D 42 A3 B0 A9 42
1787904735.780447,34680,0a65,12,00 00 03 43 CC CC 92 42 35 5E DD 42
1787904735.791125,34680,0a66,12,CC CC C5 42 C2 F5 D0 41 FE 94 A0 42
1787904735.802442,34680,0a67,12,33 33 BA 42 3E 0A C3 41 73 A8 C0 42
1787904735.813639,34680,0a68,12,9A 99 4F 42 EC 51 89 42 8A 41 99 42
1787904735.825934,34680,0a69,12,33 33 8C 42 7B 14 64 42 E4 E5 A8 42
1787904735.837025,34680,0a6a,12,66 66 C8 42 5C 8F 86 42 87 96 0C 42
1787904735.856469,34680,0a6b,12,66 66 E1 42 14 AE 61 42 FA 7E F9 41
1787904735.867657,34680,0a6c,12,66 66 68 42 A4 70 92 42 0C 82 77 42
1787904735.878509,34680,0a6d,12,9A 99 FB 42 0A D7 8E 42 DB B9 CD 42
1787904735.889896,34680,0a6e,12,00 00 DD 42 00 00 18 42 DF CF EC 42
1787904735.900717,34680,0a6f,12,9A 99 DB 42 48 E1 2C 42 F4 7D A9 42
1787904735.911610,34680,0a70,12,66 66 DD 42 29 5C 88 42 B4 48 AA 42
1787904735.922448,34680,0a71,12,9A 99 E0 42 34 33 7F 42 A2 45 04 42
1787904735.933286,34680,0a72,12,66 66 F5 42 CC CC 3A 42 94 58 90 42
1787904735.943882,34680,0a73,12,9A 99 D7 42 7B 14 0A 42 79 A9 98 42
1787904735.954618,34680,0a74,12,33 33 8F 42 14 AE 7F 42 0C 82 77 42
1787904735.965238,34680,0a75,12,00 00 84 42 1F 85 4D 42 D5 F8 DC 42
1787904735.975780,34680,0a76,12,9A 99 90 42 AE 47 2F 42 50 8D 4B 42
1787904735.986514,34680,0a77,12,00 00 E5 42 A4 70 07 42 AE C7 A0 42
1787904746.051875,34680,0a79,12,CC CC AC 42 85 EB 89 42 B2 5D 8E 42
1787904746.060542,34680,0a7a,12,9A 19 01 43 29 5C 21 42 C0 8A A4 42
1787904746.071693,34680,0a7b,12,34 B3 04 43 85 EB 7F 42 7F AA D3 42
1787904746.082150,34680,0a7c,12,9A 99 A4 42 66 66 44 42 64 BB 91 42
1787904746.092589,34680,0a7d,12,9A 99 CE 42 90 C2 71 42 31 48 BE 42
1787904746.116128,34680,0a7e,12,33 33 8C 42 00 00 36 42 AE 47 E7 41
1787904746.126791,34680,0a7f,12,CD CC D4 42 7B 14 64 42 CB A1 B0 41
1787904746.139580,34680,0a80,12,33 33 86 42 CD CC 04 42 D7 A3 56 42
1787904746.153964,34680,0a81,12,66 66 BD 42 9A 99 75 42 9A 19 29 42
1787904746.165645,34680,0a82,12,34 33 FE 42 D7 A3 C0 41 0E 2D 49 42
1787904746.176540,34680,0a83,12,33 33 AC 42 3E 0A 7D 42 5E BA 61 42
1787904746.188545,34680,0a84,12,9A 19 10 43 9A 99 CD 41 48 61 70 42
1787904746.199164,34680,0a85,12,33 33 08 43 48 E1 44 42 8B AC E6 42
1787904746.210034,34680,0a86,12,33 33 9B 42 34 33 3D 42 AC 1C E4 41
1787904746.220601,34680,0a87,12,33 33 55 42 66 66 08 42 E5 D0 C4 42
1787904746.231164,34680,0a88,12,33 33 61 42 A4 70 A1 41 68 51 E2 42
1787904746.241628,34680,0a89,12,99 99 EA 42 B8 1E 85 42 DB F9 B4 42
1787904746.251940,34680,0a8a,12,CD CC 83 42 48 E1 96 42 48 61 70 42
1787904746.262468,34680,0a8b,12,00 00 C6 42 A4 70 1F 42 48 E1 96 42
1787904746.274627,34680,0a8c,12,9A 99 91 42 D7 A3 2C 42 8F 02 ED 42
1787904746.285277,34680,0a8d,12,66 66 03 43 E2 7A 5A 42 A6 DB AC 42
1787904746.295746,34680,0a8e,12,9A 19 0B 43 0A D7 97 42 BA 49 E5 42
1787904746.306206,34680,0a8f,12,33 33 06 43 B8 1E 88 42 B0 F2 4B 42
1787904746.316540,34680,0a90,12,CC CC AD 42 5C 8F 76 42 C5 A0 08 42
1787904746.326924,34680,0a91,12,CD CC EB 42 AE 47 53 42 CB 21 75 42
1787904746.337411,34680,0a92,12,34 33 DA 42 00 00 82 42 A6 9B C5 42
1787904746.347788,34680,0a93,12,66 66 97 42 70 3D 06 42 76 3E AE 42
1787904746.358315,34680,0a94,12,00 00 B2 42 C3 F5 88 42 AA B1 E4 42
1787904746.368965,34680,0a95,12,66 66 72 42 70 3D 48 42 60 25 A4 42
1787904746.380414,34680,0a96,12,CD 4C 11 43 90 C2 05 42 8D D7 E9 42
1787904746.391661,34680,0a97,12,9A 99 0F 43 EC 51 E0 41 54 E3 BE 41
1787904746.403755,34680,0a98,12,9A 99 8E 42 C2 F5 91 42 BA C9 B3 42
1787904746.414863,34680,0a99,12,9A 99 FF 42 9A 99 FD 41 9C C4 CA 41
1787904746.425895,34680,0a9a,12,9A 99 81 42 E2 7A 82 42 BC 74 2D 42
1787904746.436452,34680,0a9b,12,CD CC AF 42 0A D7 75 42 2D B2 D0 42
1787904746.446813,34680,0a9c,12,CD 4C 0A 43 00 00 30 42 36 5E 22 42
1787904746.457178,34680,0a9d,12,CC CC AD 42 33 33 98 42 3A B4 28 42
1787904746.467921,34680,0a9e,12,CC CC B3 42 F6 28 02 42 0E ED B9 42
1787904746.478619,34680,0a9f,12,66 E6 0F 43 AE 47 90 42 CD CC 46 42
1787904746.489161,34680,0aa0,12,33 33 E4 42 48 E1 68 42 A8 C6 0D 42
1787904746.499619,34680,0aa1,12,00 80 00 43 7B 14 70 42 8B EC 75 42
1787904746.509974,34680,0aa2,12,9A 99 A4 42 00 00 9D 42 4C 77 84 42
1787904746.520599,34680,0aa3,12,33 B3 07 43 A4 70 80 42 11 D8 7D 42
1787904746.531152,34680,0aa4,12,9A 99 FF 42 B8 1E 09 42 E0 8F A2 42
1787904746.541718,34680,0aa5,12,66 66 DF 42 66 66 5C 42 AE 07 EB 42
1787904746.552272,34680,0aa6,12,00 00 8D 42 0A D7 57 42 18 04 59 42
1787904746.562779,34680,0aa7,12,9A 99 BD 42 F6 28 81 42 F8 D3 AF 42
1787904746.573626,34680,0aa8,12,9A 99 B6 42 34 33 3D 42 E8 FB 6F 42
1787904746.583946,34680,0aa9,12,9A 19 0D 43 E1 7A 54 42 DF CF 31 42
1787904746.594366,34680,0aaa,12,33 33 6D 42 0A D7 94 42 60 E5 D1 41
1787904746.604822,34680,0aab,12,34 33 FF 42 33 33 A7 41 F0 27 4B 42
1787904746.615234,34680,0aac,12,00 00 CA 42 5C 8F 28 42 DD 24 B8 42
1787904746.625559,34680,0aad,12,33 33 E9 42 EC 51 E0 41 94 58 90 42
1787904746.636841,34680,0aae,12,00 00 A0 42 9A 99 4B 42 D3 0D C1 42
1787904746.647167,34680,0aaf,12,9A 99 DE 42 EC 51 89 42 2D 72 E9 42
1787904746.657584,34680,0ab0,12,66 66 BE 42 E1 7A AC 41 6F D2 EB 42
1787904746.667903,34680,0ab1,12,CD CC 6E 42 52 B8 8E 42 25 06 09 42
1787904746.678423,34680,0ab2,12,00 00 EC 42 5C 8F E6 41 7B 54 CD 42
1787904746.688929,34680,0ab3,12,CD CC 6E 42 B8 1E A9 41 85 6B 6C 42
1787904746.699224,34680,0ab4,12,00 80 10 43 5D 8F 70 42 12 83 4F 42
1787904746.709661,34680,0ab5,12,00 00 92 42 5C 8F 8F 42 0A D7 AF 41
1787904746.720075,34680,0ab6,12,00 00 8A 42 29 5C 3F 42 8B EC CD 42
1787904746.730527,34680,0ab7,12,00 00 B1 42 B8 1E 9D 42 C1 CA A0 41
1787904746.741006,34680,0ab8,12,CC CC C0 42 1E 85 71 42 8A C1 72 42
1787904746.751534,34680,0ab9,12,33 33 03 43 F6 28 2C 42 BA 49 E5 42
1787904746.761922,34680,0aba,12,CD CC 95 42 D7 A3 8A 42 3A B4 28 42
1787904746.772645,34680,0abb,12,67 66 EF 42 48 E1 96 42 40 35 8A 42
1787904746.783139,34680,0abc,12,33 33 94 42 48 E1 8A 42 83 40 69 42
1787904746.794827,34680,0abd,12,34 33 CD 42 52 B8 5A 42 54 A3 C2 42
1787904746.805502,34680,0abe,12,00 00 C2 42 1F 85 0B 42 1A AF 2A 42
1787904746.816728,34680,0abf,12,CD CC BB 42 9A 99 75 42 A0 1A 01 42
1787904746.828629,34680,0ac0,12,9A 99 10 43 B8 1E 09 42 3E 8A B8 42
1787904746.839202,34680,0ac1,12,00 00 88 42 0A D7 57 42 FC 29 5E 42
1787904746.850106,34680,0ac2,12,33 33 B8 42 E2 7A 12 42 D2 22 4D 42
1787904746.861010,34680,0ac3,12,33 33 FC 42 0A D7 AF 41 98 EE 25 42
1787904746.871903,34680,0ac4,12,00 00 B8 42 CC CC EC 41 E8 FB C7 42
1787904746.882498,34680,0ac5,12,CC CC 0D 43 AE 47 F9 41 1B 2F 5C 42
1787904746.892907,34680,0ac6,12,CD CC 97 42 AE 47 99 42 BC 34 9E 42
1787904746.903664,34680,0ac7,12,9A 99 01 43 33 33 89 42 FC 29 B6 42
1787904746.914314,34680,0ac8,12,CD CC 78 42 F6 28 44 42 4C 37 45 42
1787904746.924860,34680,0ac9,12,9A 99 B9 42 1F 85 FF 41 C6 4B 95 42
1787904746.938215,34680,0aca,12,00 00 EE 42 9A 99 39 42 B4 88 91 42
1787904746.948847,34680,0acb,12,66 66 81 42 8F C2 87 42 06 81 A9 41
1787904746.959504,34680,0acc,12,33 33 C6 42 71 3D BE 41 9C C4 5D 42
1787904746.970256,34680,0acd,12,CD CC C3 42 8F C2 87 42 50 0D 1A 42
1787904746.980784,34680,0ace,12,33 33 A2 42 A4 70 61 42 48 E1 AB 41
1787904746.991374,34680,0acf,12,66 66 F3 42 66 66 26 42 33 F3 8F 42
1787904747.001788,34680,0ad0,12,9A 99 B6 42 33 33 9B 42 68 51 E2 42
1787904747.012267,34680,0ad1,12,33 33 4F 42 29 5C 91 42 4E E2 D1 42
1787904747.023103,34680,0ad2,12,33 33 49 42 7B 14 04 42 50 0D 1A 42
1787904747.033556,34680,0ad3,12,00 00 50 42 7B 14 64 42 0C 82 14 42
1787904747.044209,34680,0ad4,12,9A 99 81 42 48 E1 8A 42 E1 7A 03 42
1787904747.054787,34680,0ad5,12,9A 99 CF 42 1F 85 59 42 4E 62 B5 41
1787904747.065157,34680,0ad6,12,CD CC 6C 42 F6 28 93 42 E1 7A 03 42
1787904747.076031,34680,0ad7,12,33 33 7B 42 CD CC 80 42 0C 02 B3 41
1787904747.086941,34680,0ad8,12,34 33 AA 42 B9 1E 57 42 58 79 97 42
1787904747.097523,34680,0ad9,12,CC 4C 02 43 70 3D 85 42 4C 37 B2 41
1787904747.108075,34680,0ada,12,00 00 0A 43 1F 85 84 42 EB D1 9C 42
1787904747.118605,34680,0adb,12,9A 99 69 42 A4 70 49 42 E6 50 93 42
1787904747.128915,34680,0adc,12,33 33 C8 42 8F C2 0B 42 0C 02 B3 41
1787904747.140175,34680,0add,12,CD CC A5 42 66 66 5C 42 77 BE F4 41
1787904747.150599,34680,0ade,12,9A 99 CD 42 7B 14 80 42 8D 17 79 42
1787904747.161083,34680,0adf,12,00 80 10 43 90 C2 F9 41 5A E4 29 42
1787904747.171474,34680,0ae0,12,66 66 A5 42 48 E1 32 42 F0 27 A3 42
1787904747.182054,34680,0ae1,12,00 00 8A 42 E2 7A 88 42 C2 35 D9 42
1787904747.192631,34680,0ae2,12,33 33 96 42 0A D7 57 42 62 D0 D8 42
1787904747.203147,34680,0ae3,12,66 66 D9 42 EC 51 A4 41 EB D1 44 42
1787904747.213697,34680,0ae4,12,33 B3 14 43 EC 51 28 42 D3 0D C1 42
1787904747.224257,34680,0ae5,12,33 33 83 42 48 E1 5C 42 F0 67 8A 42
1787904747.234987,34680,0ae6,12,34 33 DA 42 71 3D 6C 42 25 06 6C 42
1787904747.245538,34680,0ae7,12,66 66 DA 42 52 B8 85 42 64 FB DB 42
1787904747.256428,34680,0ae8,12,66 66 82 42 34 33 37 42 CD CC 9E 42
1787904747.266970,34680,0ae9,12,9A 19 0B 43 33 33 6D 42 0E 6D EB 42
1787904747.277586,34680,0aea,12,00 00 6A 42 7B 14 16 42 48 61 C8 42
1787904747.288248,34680,0aeb,12,9A 99 94 42 1F 85 5F 42 E8 BB E0 42
1787904747.299375,34680,0aec,12,00 00 9D 42 3D 0A 23 42 FC 69 9D 42
1787904747.310078,34680,0aed,12,CD CC 4C 42 34 33 80 42 DD 24 CD 41
1787904747.322667,34680,0aee,12,33 33 FA 42 33 33 92 42 85 2B DD 42
1787904747.333129,34680,0aef,12,34 33 AA 42 5C 8F 1C 42 6F 92 A1 42
1787904747.344633,34680,0af0,12,00 00 CF 42 D7 A3 D8 41 33 B3 A8 42
1787904747.355123,34680,0af1,12,34 33 D0 42 7B 14 34 42 E5 D0 C4 42
1787904747.365662,34680,0af2,12,66 66 BC 42 D7 A3 14 42 2D F2 B7 42
1787904747.377723,34680,0af3,12,99 99 D2 42 EC 51 89 42 A8 C6 0D 42
1787904747.388328,34680,0af4,12,66 E6 0A 43 A4 70 B9 41 2B 47 83 42
1787904747.398766,34680,0af5,12,33 33 E4 42 3D 0A 65 42 5A 24 CC 42
1787904747.409891,34680,0af6,12,00 00 8C 42 E1 7A 42 42 60 E5 64 42
1787904747.420437,34680,0af7,12,66 66 AE 42 71 3D 4E 42 E3 A5 06 42
1787904747.430893,34680,0af8,12,9A 99 B1 42 66 66 0E 42 21 B0 D2 41
1787904747.441439,34680,0af9,12,00 00 AB 42 B8 1E 45 42 83 00 DA 42
1787904747.451790,34680,0afa,12,CD CC 5C 42 EC 51 A4 41 18 84 27 42
1787904747.462203,34680,0afb,12,34 33 CE 42 0A D7 57 42 B2 1D A7 42
1787904747.472937,34680,0afc,12,67 66 FE 42 52 B8 66 42 E4 25 38 42
1787904747.483635,34680,0afd,12,9A 99 09 43 A4 70 DD 41 9C 44 E7 42
1787904747.494257,34680,0afe,12,00 00 A0 42 66 66 A2 41 EE 7C D1 42
1787904747.504781,34680,0aff,12,9A 99 08 43 48 E1 08 42 FC 29 B6 42
1787904747.515815,34680,0b00,12,99 99 E8 42 66 66 2C 42 E6 50 3B 42
1787904747.526454,34680,0b01,12,9A 99 AE 42 66 66 84 42 3B DF FB 41
1787904747.536774,34680,0b02,12,9A 99 FA 42 C2 F5 18 42 27 31 DC 41
1787904747.547908,34680,0b03,12,66 66 A6 42 52 B8 9A 42 37 09 57 42
1787904747.558466,34680,0b04,12,66 66 66 42 29 5C 4B 42 E8 FB C7 42
1787904747.569002,34680,0b05,12,33 33 94 42 3E 0A 47 42 6A BC E1 41
1787904747.579449,34680,0b06,12,33 33 93 42 00 00 3C 42 6F 92 49 42
1787904747.589921,34680,0b07,12,00 00 DF 42 A4 70 F5 41 AA 31 B3 42
1787904747.600380,34680,0b08,12,CD CC EB 42 66 66 D2 41 8B EC CD 42
1787904747.610903,34680,0b09,12,CD CC E6 42 7A 14 95 42 AA 71 42 42
1787904747.621719,34680,0b0a,12,66 66 09 43 9A 99 85 42 89 41 AE 41
1787904747.632172,34680,0b0b,12,66 66 5C 42 5C 8F 34 42 7F 6A 31 42
1787904747.650638,34680,0b0c,12,CD CC B0 42 85 EB 95 42 AA B1 E4 42
1787904747.661201,34680,0b0d,12,00 00 AB 42 9A 99 21 42 83 40 C1 42
1787904747.672642,34680,0b0e,12,CC 4C 13 43 00 00 C4 41 C6 4B 95 42
1787904747.683016,34680,0b0f,12,CD CC 8D 42 34 33 9E 42 1F 05 EC 42
1787904747.693428,34680,0b10,12,CD CC 9E 42 EC 51 98 42 0C 02 9E 42
1787904747.703770,34680,0b11,12,9A 99 A9 42 A4 70 0D 42 A6 5B DE 42
1787904747.714249,34680,0b12,12,CD CC AA 42 00 00 1E 42 0E AD 7A 42
1787904747.724764,34680,0b13,12,CD CC DD 42 EC 51 D4 41 31 08 EC 41
1787904747.735511,34680,0b14,12,66 66 AA 42 48 E1 84 42 F2 52 4E 42
1787904747.745901,34680,0b15,12,33 33 00 43 C2 F5 3C 42 E6 50 3B 42
1787904747.756251,34680,0b16,12,CD CC 9F 42 00 00 DC 41 DD E4 D0 42
1787904747.766784,34680,0b17,12,00 00 08 43 EB 51 7C 42 BC 74 85 42
1787904747.777301,34680,0b18,12,34 33 A5 42 E1 7A AC 41 3E 4A D1 42
1787904747.791313,34680,0b19,12,66 66 91 42 B8 1E 8E 42 AA F1 E0 41
1787904747.802207,34680,0b1a,12,66 66 AF 42 66 66 93 42 40 35 8A 42
1787904747.812840,34680,0b1b,12,00 00 81 42 C2 F5 1E 42 6B BC 74 42
1787904747.823176,34680,0b1c,12,CD CC 92 42 0A D7 94 42 3A B4 E3 42
1787904747.833573,34680,0b1d,12,CD 4C 00 43 00 00 97 42 64 FB DB 42
1787904747.843910,34680,0b1e,12,9A 99 6F 42 9A 99 D9 41 60 65 8B 42
1787904747.869506,34680,0b1f,12,9A 99 FD 42 33 33 73 42 58 B9 E1 42
1787904747.880032,34680,0b20,12,00 00 7C 42 48 E1 5C 42 A0 5A A3 42
1787904747.890426,34680,0b21,12,66 66 AF 42 AE 47 4D 42 1C 5A 5F 42
1787904747.900935,34680,0b22,12,33 33 E4 42 48 E1 D2 41 BE 9F 30 42
1787904747.911837,34680,0b23,12,00 00 70 42 9A 99 3F 42 E9 26 CB 42
1787904747.922194,34680,0b24,12,9A 99 EF 42 90 C2 8D 42 8D 97 B4 41
1787904747.932864,34680,0b25,12,00 00 D0 42 AE 47 E1 41 F4 FD EF 41
1787904747.957093,34680,0b26,12,33 33 69 42 0A D7 85 42 1B 2F B4 42
1787904747.967489,34680,0b27,12,33 33 F0 42 1E 85 F3 41 0E 6D 88 42
1787904747.977937,34680,0b28,12,00 00 97 42 90 C2 9C 42 BA 89 CC 42
1787904747.988994,34680,0b29,12,9A 99 93 42 52 B8 30 42 EC 51 13 42
1787904747.999398,34680,0b2a,12,00 00 E5 42 D7 A3 50 42 89 81 80 42
1787904748.009846,34680,0b2b,12,CD CC E2 42 3E 0A 1D 42 7F 6A 31 42
1787904748.020297,34680,0b2c,12,00 00 B4 42 E1 7A 66 42 00 80 01 42
1787904748.031175,34680,0b2d,12,66 66 90 42 EC 51 28 42 5E 3A 88 42
1787904748.043080,34680,0b2e,12,33 33 6D 42 15 AE 67 42 81 15 BE 42
1787904748.053954,34680,0b2f,12,67 66 E5 42 86 EB 49 42 F4 FD EF 41
1787904748.065418,34680,0b30,12,00 00 7E 42 9A 99 88 42 73 E8 A7 42
1787904748.076025,34680,0b31,12,CD CC 4C 42 52 B8 12 42 8F 02 ED 42
1787904748.086736,34680,0b32,12,00 00 15 43 E1 7A 0C 42 7B 14 83 42
1787904748.097064,34680,0b33,12,9A 19 05 43 5C 8F 7C 42 F6 28 F3 41
1787904748.107684,34680,0b34,12,00 00 A5 42 52 B8 97 42 E8 BB E0 42
1787904748.118463,34680,0b35,12,9A 99 75 42 34 33 3D 42 F4 BD 90 42
1787904748.129319,34680,0b36,12,66 66 C1 42 00 00 8E 42 3A B4 80 42
1787904748.140003,34680,0b37,12,00 80 06 43 70 3D CA 41 EE FC 9F 42
1787904748.150681,34680,0b38,12,00 00 82 42 5C 8F B6 41 BA 09 9B 42
1787904748.161287,34680,0b39,12,CC CC F5 42 3E 0A 96 42 1F 85 62 42
1787904748.171977,34680,0b3a,12,CD CC 7C 42 AE 47 8A 42 24 86 3A 42
1787904748.182352,34680,0b3b,12,00 00 C8 42 14 AE 19 42 3A B4 E3 42
1787904748.192863,34680,0b3c,12,9A 99 A4 42 E2 7A D0 41 46 36 C5 42
1787904748.203313,34680,0b3d,12,67 66 E5 42 7B 14 0A 42 11 D8 7D 42
1787904748.213823,34680,0b3e,12,CD CC 50 42 00 00 4E 42 BE DF D2 42
1787904748.224259,34680,0b3f,12,33 33 A8 42 CC CC 8C 42 04 56 39 42
1787904748.234954,34680,0b40,12,34 33 E6 42 7B 14 70 42 EC 51 13 42
1787904748.245487,34680,0b41,12,99 99 E9 42 85 EB 86 42 B4 48 52 42
1787904748.255874,34680,0b42,12,33 33 EB 42 0B D7 7B 42 0C 02 46 42
1787904748.266235,34680,0b43,12,9A 99 4B 42 F6 28 90 42 E5 D0 D9 41
1787904748.276554,34680,0b44,12,33 33 69 42 D7 A3 50 42 A6 DB AC 42
1787904748.287091,34680,0b45,12,66 66 6C 42 3E 0A B7 41 83 C0 A4 41
1787904748.297570,34680,0b46,12,9A 99 AD 42 0A D7 9A 42 60 E5 01 42
1787904748.308166,34680,0b47,12,9A 19 04 43 AE 47 47 42 83 C0 A4 41
1787904748.318636,34680,0b48,12,33 33 EB 42 66 66 1A 42 96 43 C1 41
1787904748.329023,34680,0b49,12,00 00 84 42 66 66 5C 42 F0 A7 E9 41
1787904748.339920,34680,0b4a,12,CD CC EE 42 9A 99 F1 41 00 00 8B 42
1787904748.350782,34680,0b4b,12,CD CC C8 42 5C 8F 1C 42 10 98 8B 42
1787904748.361383,34680,0b4c,12,00 00 9B 42 33 33 D7 41 40 B5 00 42
1787904748.373239,34680,0b4d,12,00 00 54 42 F6 28 87 42 E9 26 CB 42
1787904748.384130,34680,0b4e,12,00 00 00 43 52 B8 00 42 95 43 AC 42
1787904748.395609,34680,0b4f,12,CD CC FC 42 F6 28 9C 42 3E 0A 2F 42
1787904748.416391,34680,0b50,12,CD CC 7E 42 9A 99 3F 42 EB 51 CE 42
1787904748.443037,34680,0b51,12,9A 99 84 42 7B 14 22 42 CD 4C 78 42
1787904748.454299,34680,0b52,12,9A 99 AB 42 E1 7A 66 42 33 73 C1 42
1787904748.464728,34680,0b53,12,00 00 00 43 66 66 EA 41 9C 44 E7 42
1787904748.475286,34680,0b54,12,66 66 CB 42 A4 70 80 42 2F DD 7B 42
1787904748.485582,34680,0b55,12,33 33 15 43 C2 F5 85 42 AE 47 E7 41
1787904748.497272,34680,0b56,12,00 80 11 43 00 00 60 42 FE 94 A0 42
1787904748.508765,34680,0b57,12,34 33 B7 42 33 33 92 42 BA 49 82 42
1787904748.519234,34680,0b58,12,9A 99 C8 42 AE 47 A5 41 D7 A3 56 42
1787904748.529550,34680,0b59,12,CD CC F7 42 A4 70 31 42 B4 48 AA 42
1787904748.539811,34680,0b5a,12,66 66 E7 42 66 66 90 42 EB D1 9C 42
1787904748.550562,34680,0b5b,12,66 66 0D 43 5C 8F 34 42 3F 35 ED 42
1787904748.560846,34680,0b5c,12,9A 99 B3 42 14 AE 25 42 E4 A5 69 42
1787904748.571446,34680,0b5d,12,66 E6 00 43 0A D7 D3 41 FC 29 5E 42
1787904748.581911,34680,0b5e,12,9A 99 91 42 52 B8 97 42 50 CD 8A 42
1787904748.592344,34680,0b5f,12,CD CC 7C 42 52 B8 4E 42 1B 2F C9 41
1787904748.603125,34680,0b60,12,9A 99 D6 42 29 5C 75 42 36 5E 22 42
1787904748.613653,34680,0b61,12,CD CC 8E 42 86 EB 8C 42 5A E4 E4 42
1787904748.624478,34680,0b62,12,00 00 97 42 8F C2 96 42 DD 64 9F 42
1787904748.634978,34680,0b63,12,33 B3 0F 43 C2 F5 4E 42 9A 19 29 42
1787904748.645536,34680,0b64,12,00 00 F8 42 15 AE 5B 42 62 D0 D8 42
1787904748.661675,34680,0b65,12,66 66 EB 42 14 AE BF 41 10 58 B9 41
1787904748.671969,34680,0b66,12,66 66 8B 42 3E 0A 4D 42 6A BC 11 42
1787904748.682797,34680,0b67,12,66 66 A9 42 85 EB 19 42 BE DF D2 42
1787904748.693672,34680,0b68,12,CD CC C3 42 52 B8 06 42 11 D8 7D 42
1787904748.704234,34680,0b69,12,66 66 F3 42 00 00 9D 42 23 DB 68 42
1787904748.714843,34680,0b6a,12,CC CC AD 42 EC 51 8F 42 5A E4 E4 42
1787904748.725329,34680,0b6b,12,9A 99 0F 43 E1 7A 8E 42 8A C1 CA 42
1787904748.736077,34680,0b6c,12,66 66 C0 42 E2 7A 91 42 16 19 95 42
1787904748.747361,34680,0b6d,12,66 66 8E 42 C2 F5 C4 41 1C 1A D0 42
1787904748.757657,34680,0b6e,12,33 33 9A 42 E1 7A E8 41 1B 2F C9 41
1787904748.771034,34680,0b6f,12,66 66 83 42 AE 47 81 42 6B FC B3 42
1787904748.781403,34680,0b70,12,9A 99 B7 42 86 EB 9B 42 D9 4E 80 42
1787904748.792022,34680,0b71,12,CD 4C 10 43 3D 0A 99 42 EA 26 10 42
1787904748.802617,34680,0b72,12,CD CC DE 42 85 EB 19 42 9E AF D1 42
1787904748.813344,34680,0b73,12,00 00 72 42 F6 28 C0 41 04 96 DB 42
1787904748.823822,34680,0b74,12,33 33 0F 43 F6 28 74 42 C8 F6 0E 42
1787904748.834318,34680,0b75,12,66 66 0A 43 66 66 2C 42 DF CF 89 42
1787904748.844665,34680,0b76,12,9A 99 8B 42 7A 14 86 42 BE DF D2 42
1787904748.855333,34680,0b77,12,9A 19 0D 43 9A 99 91 42 06 01 0B 42
1787904748.865927,34680,0b78,12,CD 4C 12 43 3E 0A 9F 42 95 C3 DD 42
1787904748.876505,34680,0b79,12,00 00 DC 42 29 5C 69 42 D1 E2 BD 42
1787904748.887181,34680,0b7a,12,CD CC 6E 42 29 5C 8E 42 15 2E DC 42
1787904748.902283,34680,0b7b,12,34 33 DC 42 70 3D EE 41 B4 C8 F0 41
1787904748.913166,34680,0b7c,12,33 33 D2 42 3E 0A B7 41 3F 35 ED 42
1787904748.923771,34680,0b7d,12,9A 99 E2 42 9A 99 A9 41 68 D1 B0 42
1787904748.944558,34680,0b7e,12,CD CC 9B 42 7B 14 1C 42 04 56 91 42
1787904748.955020,34680,0b7f,12,CD CC D3 42 3E 0A 9C 42 94 18 A9 42
1787904748.965322,34680,0b80,12,CD CC 5C 42 85 EB 37 42 DC 39 9C 42
1787904748.984774,34680,0b81,12,CD CC B1 42 00 00 1E 42 A0 DA D4 42
1787904748.995349,34680,0b82,12,00 80 15 43 EC 51 22 42 17 59 DF 42
1787904749.006334,34680,0b83,12,CC 4C 02 43 A4 70 DD 41 3B 1F CE 42
1787904749.017157,34680,0b84,12,CD CC 9E 42 7B 14 0A 42 52 38 1D 42
1787904749.027853,34680,0b85,12,00 00 AD 42 7B 14 40 42 A6 1B 94 42
1787904749.038700,34680,0b86,12,66 66 AF 42 66 66 9C 42 DD 24 60 42
1787904749.049181,34680,0b87,12,CD CC 85 42 1F 85 4D 42 F4 FD DA 42
1787904749.059647,34680,0b88,12,CC CC CE 42 34 33 37 42 64 3B D8 41
1787904749.070253,34680,0b89,12,33 33 F4 42 1F 85 35 42 BE 1F BA 42
1787904749.081186,34680,0b8a,12,66 66 A7 42 90 C2 53 42 6C 67 46 42
1787904749.091660,34680,0b8b,12,9A 99 95 42 48 E1 99 42 37 89 E0 42
1787904749.102669,34680,0b8c,12,9A 99 BB 42 5C 8F 8C 42 81 15 66 42
1787904749.113508,34680,0b8d,12,00 00 8A 42 E2 7A 82 42 08 2C C9 42
1787904749.124008,34680,0b8e,12,9A 99 07 43 90 C2 41 42 B7 33 C6 42
1787904749.134603,34680,0b8f,12,33 33 6F 42 52 B8 2A 42 3A B4 28 42
1787904749.145027,34680,0b90,12,66 66 0A 43 F6 28 26 42 BC F4 B6 42
1787904749.155838,34680,0b91,12,34 33 A4 42 3E 0A 1D 42 E1 7A 66 42
1787904749.166602,34680,0b92,12,33 33 AE 42 F6 28 93 42 7D 3F E9 42
1787904749.177312,34680,0b93,12,CD CC EE 42 0A D7 94 42 35 9E C4 42
1787904749.188420,34680,0b94,12,66 66 04 43 E1 7A 8E 42 B8 9E 58 42
1787904749.198952,34680,0b95,12,33 33 F8 42 CD CC D4 41 B0 72 1A 42
1787904749.209378,34680,0b96,12,34 33 BC 42 14 AE 8C 42 A2 C5 8D 42
1787904749.219996,34680,0b97,12,33 33 B9 42 F6 28 FC 41 73 68 D9 42
1787904749.230787,34680,0b98,12,CD 4C 04 43 48 E1 81 42 A2 05 D8 42
1787904749.241433,34680,0b99,12,66 66 9E 42 AE 47 E1 41 66 66 0B 42
1787904749.260994,34680,0b9a,12,00 00 9D 42 5C 8F 98 42 3B DF E6 42
1787904749.271785,34680,0b9b,12,00 00 F7 42 CD CC 9E 42 CF B7 BA 42
1787904749.282236,34680,0b9c,12,66 66 4C 42 C2 F5 3C 42 0E AD 17 42
1787904749.292682,34680,0b9d,12,00 00 A5 42 0A D7 2D 42 2F 9D EC 42
1787904749.303146,34680,0b9e,12,CD CC DD 42 8F C2 59 42 44 0B 07 42
1787904749.313650,34680,0b9f,12,9A 99 D9 42 5C 8F 86 42 B2 1D A7 42
1787904749.324039,34680,0ba0,12,34 33 BE 42 0A D7 F7 41 BC 74 E8 42
1787904749.334882,34680,0ba1,12,66 66 B6 42 8F C2 0B 42 EE 7C 16 42
1787904749.345798,34680,0ba2,12,66 66 CB 42 EB 51 5E 42 EE 7C E6 41
1787904749.356526,34680,0ba3,12,33 33 55 42 14 AE 25 42 8D 97 B4 41
1787904749.367018,34680,0ba4,12,33 33 59 42 5C 8F CE 41 21 70 D6 42
1787904749.377540,34680,0ba5,12,33 33 6F 42 33 33 98 42 EA A6 99 42
1787904749.388517,34680,0ba6,12,66 66 B9 42 0A D7 EB 41 50 0D 7D 42
1787904749.398994,34680,0ba7,12,CC 4C 02 43 5C 8F FE 41 DF 4F BB 42
1787904749.409478,34680,0ba8,12,CD CC 8E 42 48 E1 C6 41 FA 7E F9 41
1787904749.420135,34680,0ba9,12,9A 99 0C 43 7B 14 7C 42 D5 F8 21 42
1787904749.431034,34680,0baa,12,33 33 82 42 A4 70 83 42 FC A9 E7 42
1787904749.441634,34680,0bab,12,9A 99 71 42 85 EB 61 42 D5 F8 DC 42
1787904749.452038,34680,0bac,12,9A 99 96 42 3E 0A 93 42 B0 F2 4B 42
1787904749.462627,34680,0bad,12,66 66 5A 42 14 AE 61 42 8D 57 B8 42
1787904749.473099,34680,0bae,12,00 00 B3 42 A4 70 1F 42 0A D7 42 42
1787904749.483653,34680,0baf,12,00 00 A6 42 B8 1E 2D 42 2B 87 CD 42
1787904749.494106,34680,0bb0,12,33 33 75 42 E2 7A 82 42 4E E2 D1 42
1787904749.505027,34680,0bb1,12,66 66 A7 42 B8 1E 15 42 15 AE AA 42
1787904749.515464,34680,0bb2,12,9A 99 D5 42 3E 0A 0B 42 8B EC 75 42
1787904749.545588,34680,0bb3,12,CD CC 15 43 29 5C AF 41 14 AE BF 41
1787904749.555762,34680,0bb4,12,CC CC F5 42 C2 F5 18 42 0C 02 B3 41
1787904749.567608,34680,0bb5,12,9A 99 90 42 F6 28 14 42 5A 64 B3 42
1787904749.578993,34680,0bb6,12,CD 4C 05 43 48 E1 AE 41 C6 CB C6 42
1787904749.590346,34680,0bb7,12,34 33 FF 42 0A D7 9A 42 F0 27 4B 42
1787904749.600769,34680,0bb8,12,9A 99 6B 42 70 3D 78 42 1F 05 EC 42
1787904749.611166,34680,0bb9,12,66 66 BE 42 5C 8F 10 42 E1 7A 03 42
1787904749.621594,34680,0bba,12,33 33 D2 42 EC 51 86 42 0E 6D 88 42
1787904749.632281,34680,0bbb,12,CD CC EB 42 0A D7 97 42 CA 21 12 42
1787904749.643356,34680,0bbc,12,9A 99 E3 42 A4 70 8F 42 C0 CA 33 42
1787904749.654251,34680,0bbd,12,33 33 F4 42 48 E1 87 42 71 7D BD 42
1787904749.664721,34680,0bbe,12,33 33 57 42 00 00 91 42 EE BC B8 42
1787904749.675716,34680,0bbf,12,67 66 FF 42 14 AE 25 42 A8 06 B0 42
1787904749.686301,34680,0bc0,12,00 00 74 42 A4 70 61 42 31 88 4D 42
1787904749.696891,34680,0bc1,12,66 66 ED 42 0A D7 F7 41 62 90 36 42
1787904749.707780,34680,0bc2,12,CD CC 9F 42 A4 70 37 42 54 E3 BE 41
1787904749.718751,34680,0bc3,12,66 E6 08 43 B8 1E 91 42 FE D4 EA 42
1787904749.729697,34680,0bc4,12,66 66 B2 42 AE 47 1D 42 93 18 BE 41
1787904749.740248,34680,0bc5,12,CD CC A5 42 AE 47 41 42 54 A3 C2 42
1787904749.751064,34680,0bc6,12,66 66 0B 43 1F 85 0B 42 64 7B AA 42
1787904749.761615,34680,0bc7,12,33 33 FC 42 85 EB 80 42 96 C3 22 42
1787904749.771985,34680,0bc8,12,CD CC E3 42 5C 8F FE 41 EE BC B8 42
1787904749.791945,34680,0bc9,12,00 00 DF 42 A4 70 67 42 E8 FB 6F 42
1787904749.802648,34680,0bca,12,66 66 94 42 9A 99 3F 42 50 8D B8 41
1787904749.813400,34680,0bcb,12,CD CC F0 42 66 66 2C 42 44 8B 38 42
1787904749.823806,34680,0bcc,12,66 66 96 42 E2 7A 30 42 00 00 A0 41
1787904749.834118,34680,0bcd,12,00 00 E2 42 29 5C 0F 42 8E D7 86 42
1787904749.844718,34680,0bce,12,CD CC A0 42 52 B8 82 42 8B 6C B1 41
1787904749.855205,34680,0bcf,12,CD CC ED 42 EC 51 10 42 F0 A7 E9 41
1787904749.865554,34680,0bd0,12,00 00 54 42 86 EB 55 42 23 DB 68 42
1787904749.875843,34680,0bd1,12,33 B3 0F 43 33 33 5B 42 27 B1 3D 42
1787904749.886391,34680,0bd2,12,CD CC 10 43 0A D7 8E 42 EC 51 E3 41
1787904749.896859,34680,0bd3,12,CD CC B6 42 85 EB 79 42 42 A0 D7 42
1787904749.908384,34680,0bd4,12,33 B3 0D 43 48 E1 4A 42 4E E2 D1 42
1787904749.925598,34680,0bd5,12,9A 99 C1 42 66 66 93 42 C9 76 98 42
1787904749.935943,34680,0bd6,12,CD CC BB 42 9A 99 75 42 7D BF B7 42
1787904749.946374,34680,0bd7,12,66 66 CC 42 15 AE 6D 42 1D DA 2D 42
1787904749.956709,34680,0bd8,12,66 E6 10 43 3E 0A 7D 42 33 33 DA 42
1787904749.969551,34680,0bd9,12,33 33 82 42 1F 85 59 42 DC 39 9C 42
1787904749.979950,34680,0bda,12,66 66 D2 42 00 00 36 42 6F 12 7B 42
1787904749.990455,34680,0bdb,12,CD CC B7 42 66 66 2C 42 8F 42 D4 42
1787904750.001084,34680,0bdc,12,33 33 A0 42 14 AE 73 42 CA A1 9B 42
1787904750.011823,34680,0bdd,12,33 33 EA 42 B8 1E 09 42 15 6E C3 42
1787904750.022120,34680,0bde,12,CD 4C 11 43 52 B8 24 42 36 5E 22 42
1787904750.032460,34680,0bdf,12,9A 99 B8 42 34 33 1F 42 AE 07 88 42
1787904750.055657,34680,0be0,12,66 66 0C 43 9A 99 97 42 8B EC 75 42
1787904750.066107,34680,0be1,12,00 00 B2 42 14 AE 9E 42 2D F2 B7 42
1787904750.076539,34680,0be2,12,00 00 7C 42 5C 8F 10 42 BE 1F BA 42
1787904750.086904,34680,0be3,12,00 00 11 43 E2 7A 30 42 DB B9 CD 42
1787904750.097339,34680,0be4,12,00 80 06 43 E1 7A 1E 42 CF 37 89 42
1787904750.107767,34680,0be5,12,00 00 C2 42 0A D7 9D 42 DC 79 2B 42
1787904750.118196,34680,0be6,12,CD CC EE 42 33 33 CB 41 48 E1 3E 42
1787904750.128705,34680,0be7,12,CD CC 9D 42 66 66 5C 42 B0 F2 A3 42
1787904750.139217,34680,0be8,12,9A 99 5F 42 B8 1E 6F 42 CD CC 9E 42
1787904750.149657,34680,0be9,12,33 33 15 43 71 3D 00 42 F8 53 26 42
1787904750.163536,34680,0bea,12,00 00 EB 42 00 00 3C 42 1A 6F 9B 42
1787904750.174481,34680,0beb,12,CD CC 6A 42 9A 99 F1 41 A2 45 D4 41
1787904750.185263,34680,0bec,12,9A 99 A0 42 66 66 81 42 8A 01 B2 42
1787904750.196120,34680,0bed,12,66 E6 13 43 48 E1 F6 41 D1 A2 D6 42
1787904750.207865,34680,0bee,12,CD CC 76 42 15 AE 49 42 6A BC 11 42
1787904750.218519,34680,0bef,12,66 66 D0 42 14 AE 9E 42 1A 6F 9B 42
1787904750.228977,34680,0bf0,12,33 33 B9 42 0A D7 8B 42 B8 1E F7 41
1787904750.239565,34680,0bf1,12,00 00 E8 42 85 EB 89 42 FE 54 B9 42
1787904750.250041,34680,0bf2,12,9A 99 A5 42 48 E1 BA 41 EE 3C EA 42
1787904750.260494,34680,0bf3,12,CC CC F5 42 1E 85 23 42 D1 A2 1B 42
1787904750.270863,34680,0bf4,12,CD CC 12 43 90 C2 47 42 2D B2 78 42
1787904750.281335,34680,0bf5,12,66 66 81 42 33 33 83 42 04 56 39 42
1787904750.291778,34680,0bf6,12,66 E6 0D 43 7A 14 10 42 21 B0 65 42
1787904750.302111,34680,0bf7,12,66 66 04 43 1E 85 47 42 AA F1 73 42
1787904750.314200,34680,0bf8,12,00 00 0A 43 EC 51 1C 42 DD 24 B8 42
1787904750.324914,34680,0bf9,12,CD 4C 12 43 9A 99 97 42 A8 C6 70 42
1787904750.335353,34680,0bfa,12,9A 99 94 42 52 B8 91 42 70 FD 8B 42
1787904750.345827,34680,0bfb,12,33 33 8C 42 0A D7 EB 41 EB 51 76 42
1787904750.357419,34680,0bfc,12,9A 99 73 42 66 66 A2 41 18 84 27 42
1787904750.368530,34680,0bfd,12,67 66 EF 42 C2 F5 94 42 C2 F5 36 42
1787904750.379501,34680,0bfe,12,66 66 CA 42 1E 85 41 42 C3 F5 A3 41
1787904750.390086,34680,0bff,12,9A 19 0A 43 71 3D 4E 42 D3 8D 8F 42
1787904750.400870,34680,0c00,12,66 66 B3 42 B8 1E 27 42 BE 9F 30 42
1787904750.411952,34680,0c01,12,33 33 9E 42 85 EB 92 42 F8 93 C8 42
1787904750.422743,34680,0c02,12,66 66 8B 42 66 66 AE 41 66 66 0B 42
1787904750.433212,34680,0c03,12,9A 99 5B 42 A4 70 25 42 F8 D3 57 42
1787904750.443461,34680,0c04,12,66 66 B5 42 00 00 C4 41 A2 C5 8D 42
1787904750.453794,34680,0c05,12,CD CC 0F 43 66 66 44 42 83 C0 8F 42
1787904750.464167,34680,0c06,12,66 66 DE 42 70 3D 3C 42 4C 77 E7 42
1787904750.474497,34680,0c07,12,9A 99 BD 42 52 B8 6C 42 91 6D D7 42
1787904750.484811,34680,0c08,12,00 00 14 43 CD CC E0 41 EB D1 9C 42
1787904750.495378,34680,0c09,12,33 33 E8 42 CD CC F8 41 1F 85 BA 42
1787904750.505913,34680,0c0a,12,66 66 CE 42 A4 70 95 42 21 B0 65 42
1787904750.516257,34680,0c0b,12,66 66 CD 42 9A 99 91 42 91 ED A5 42
1787904750.526855,34680,0c0c,12,9A 99 73 42 CD CC 0A 42 AE 47 17 42
1787904750.537285,34680,0c0d,12,33 33 51 42 33 33 83 42 F2 D2 D7 42
1787904750.547608,34680,0c0e,12,67 66 F0 42 29 5C 21 42 0E 2D 49 42
1787904750.558106,34680,0c0f,12,9A 99 79 42 34 33 8F 42 38 89 25 42
1787904750.568482,34680,0c10,12,00 00 D5 42 EC 51 80 42 17 D9 AD 42
1787904750.578871,34680,0c11,12,34 33 BD 42 EB 51 7C 42 DC 39 9C 42
1787904750.589277,34680,0c12,12,9A 99 14 43 B8 1E 6F 42 C6 4B 95 42
1787904750.599679,34680,0c13,12,00 00 FD 42 7B 14 1C 42 83 C0 A4 41
1787904750.610101,34680,0c14,12,66 E6 08 43 AE 47 90 42 79 E9 E2 42
1787904750.620612,34680,0c15,12,66 66 C0 42 66 66 99 42 AA 31 B3 42
1787904750.630961,34680,0c16,12,CC CC F4 42 3E 0A 11 42 1B 2F C9 41
1787904750.641326,34680,0c17,12,CC CC AC 42 F6 28 14 42 DF CF EC 42
1787904750.654995,34680,0c18,12,9A 99 E4 42 A4 70 80 42 99 59 CB 42
1787904750.672014,34680,0c19,12,99 99 F4 42 90 C2 ED 41 0A 17 82 42
1787904750.687687,34680,0c1a,12,00 00 DF 42 85 EB 67 42 73 A8 C0 42
1787904750.698629,34680,0c1b,12,66 66 B4 42 85 EB 5B 42 48 61 70 42
1787904750.710030,34680,0c1c,12,66 66 94 42 0A D7 D3 41 EE FC 9F 42
1787904750.721122,34680,0c1d,12,33 33 D4 42 EC 51 22 42 C9 F6 C9 42
1787904750.731627,34680,0c1e,12,00 00 F0 42 85 EB 9E 42 4C F7 B5 42
1787904750.743196,34680,0c1f,12,CC CC 0E 43 48 E1 32 42 49 CC B2 42
1787904750.754044,34680,0c20,12,33 33 DE 42 66 66 74 42 60 E5 01 42
1787904750.764649,34680,0c21,12,66 66 BB 42 AE 47 3B 42 02 2B A3 41
1787904750.776062,34680,0c22,12,CD CC EB 42 34 33 7F 42 90 C2 A2 42
1787904750.786573,34680,0c23,12,66 66 48 42 F6 28 4A 42 F2 52 A6 42
1787904750.796902,34680,0c24,12,33 33 B9 42 EC 51 58 42 6F 12 D3 42
1787904750.807225,34680,0c25,12,9A 99 51 42 D7 A3 0E 42 4C 77 84 42
1787904750.817733,34680,0c26,12,33 33 8F 42 00 00 1E 42 70 BD 4C 42
1787904750.827994,34680,0c27,12,33 33 EF 42 D7 A3 26 42 D3 8D 8F 42
1787904750.838315,34680,0c28,12,CD CC D2 42 CD CC 76 42 10 58 B9 41
1787904750.848993,34680,0c29,12,33 33 07 43 48 E1 50 42 24 86 92 42
1787904750.859641,34680,0c2a,12,00 00 F9 42 90 C2 65 42 F2 D2 7F 42
1787904750.870115,34680,0c2b,12,33 33 57 42 B8 1E 4B 42 54 63 20 42
1787904750.880613,34680,0c2c,12,9A 99 9D 42 B8 1E A9 41 0E ED B9 42
1787904750.893138,34680,0c2d,12,33 B3 0C 43 7B 14 22 42 23 DB 05 42
1787904750.903651,34680,0c2e,12,00 00 98 42 1F 85 6B 42 2F DD 7B 42
1787904750.920721,34680,0c2f,12,CD 4C 05 43 52 B8 B2 41 6A BC 11 42
1787904750.931096,34680,0c30,12,67 66 FC 42 33 33 92 42 D3 4D A8 42
1787904750.941947,34680,0c31,12,33 B3 01 43 C3 F5 A0 41 98 EE E0 42
1787904750.953515,34680,0c32,12,66 E6 09 43 1F 85 4D 42 AE C7 48 42
1787904750.963949,34680,0c33,12,00 00 8B 42 66 66 90 42 D2 22 A5 42
1787904750.974358,34680,0c34,12,CD CC D0 42 00 00 36 42 D7 A3 AE 42
1787904750.984830,34680,0c35,12,00 00 E7 42 1E 85 90 42 60 E5 64 42
1787904750.995244,34680,0c36,12,9A 99 B4 42 CD CC F8 41 5C 0F 2D 42
1787904751.005969,34680,0c37,12,00 00 EA 42 C2 F5 78 42 9A D9 99 42
1787904751.016687,34680,0c38,12,33 33 E7 42 14 AE E3 41 F8 53 F6 41
1787904751.032480,34680,0c39,12,9A 99 75 42 52 B8 24 42 99 99 B2 42
1787904751.043973,34680,0c3a,12,33 33 7B 42 29 5C 88 42 FE 94 A0 42
1787904751.054471,34680,0c3b,12,CD CC EC 42 71 3D 42 42 16 59 24 42
1787904751.065037,34680,0c3c,12,9A 99 06 43 AE 47 71 42 F2 D2 7F 42
1787904751.075591,34680,0c3d,12,34 33 A3 42 00 00 91 42 93 18 BE 41
1787904751.085925,34680,0c3e,12,00 00 62 42 CD CC 04 42 A8 86 E1 42
1787904751.096373,34680,0c3f,12,66 E6 0E 43 7A 14 FE 41 4A 0C AF 41
1787904751.106639,34680,0c40,12,CD CC 9A 42 70 3D 8E 42 F8 53 E1 42
1787904751.117207,34680,0c41,12,9A 99 02 43 85 EB 01 42 AE 07 EB 42
1787904751.127652,34680,0c42,12,33 33 E4 42 0A D7 94 42 1B 2F 5C 42
1787904751.137997,34680,0c43,12,CD 4C 03 43 A4 70 55 42 B2 1D A7 42
1787904751.148402,34680,0c44,12,CC CC B3 42 1F 85 77 42 46 36 6D 42
1787904751.159286,34680,0c45,12,CD CC A4 42 00 00 1E 42 62 90 8E 42
1787904751.169971,34680,0c46,12,66 66 AB 42 1F 85 17 42 F4 7D A9 42
1787904751.180583,34680,0c47,12,33 33 FC 42 B8 1E 6F 42 CD CC 46 42
1787904751.191325,34680,0c48,12,9A 19 0A 43 1E 85 81 42 35 DE AB 42
1787904751.201845,34680,0c49,12,9A 99 EF 42 C2 F5 C4 41 58 39 B0 42
1787904751.220497,34680,0c4a,12,00 00 9F 42 14 AE 9B 42 FC A9 FC 41
1787904751.231128,34680,0c4b,12,9A 99 95 42 00 00 88 42 67 66 C6 42
1787904751.241624,34680,0c4c,12,CC CC D8 42 0A D7 C7 41 35 9E C4 42
1787904751.251930,34680,0c4d,12,CC 4C 14 43 A4 70 37 42 15 6E C3 42
1787904751.262320,34680,0c4e,12,66 E6 05 43 85 EB 1F 42 2B 47 E6 42
1787904751.272883,34680,0c4f,12,9A 99 D1 42 AE 47 3B 42 04 56 91 42
1787904751.283423,34680,0c50,12,9A 99 CC 42 86 EB 8C 42 C0 CA 8B 42
1787904751.293893,34680,0c51,12,33 33 49 42 7B 14 AA 41 E4 A5 69 42
1787904751.304316,34680,0c52,12,66 66 9C 42 33 33 BF 41 A6 9B C5 42
1787904751.315053,34680,0c53,12,CC CC 0E 43 AE 47 6B 42 81 95 8C 42
1787904751.325500,34680,0c54,12,9A 99 4D 42 34 33 95 42 9E EF B8 42
1787904751.337663,34680,0c55,12,00 00 5A 42 85 EB E9 41 31 C8 8C 42
1787904751.349020,34680,0c56,12,66 66 80 42 9A 99 4B 42 E6 50 3B 42
1787904751.359842,34680,0c57,12,66 66 D9 42 29 5C 97 42 76 FE C6 42
1787904751.370485,34680,0c58,12,34 B3 0A 43 29 5C DF 41 20 30 8C 42
1787904751.380998,34680,0c59,12,66 66 EA 42 5C 8F 40 42 F2 52 A6 42
1787904751.391301,34680,0c5a,12,66 E6 04 43 5C 8F F2 41 A2 45 67 42
1787904751.401660,34680,0c5b,12,9A 99 08 43 71 3D 42 42 9E 6F EA 42
1787904751.411995,34680,0c5c,12,9A 99 7D 42 85 EB 0D 42 87 96 0C 42
1787904751.422418,34680,0c5d,12,66 66 74 42 AE 47 A5 41 C8 F6 0E 42
1787904751.432733,34680,0c5e,12,00 00 4A 42 EC 51 89 42 35 9E C4 42
1787904751.444454,34680,0c5f,12,9A 99 A5 42 EC 51 98 42 71 3D 7E 42
1787904751.454902,34680,0c60,12,33 33 01 43 48 E1 9F 42 29 9C B1 42
1787904751.465493,34680,0c61,12,66 66 A8 42 7B 14 7C 42 67 A6 AD 42
1787904751.475839,34680,0c62,12,CD CC 0A 43 AE 47 41 42 9C C4 CA 41
1787904751.486349,34680,0c63,12,00 00 6E 42 33 33 73 42 50 0D 1A 42
1787904751.496816,34680,0c64,12,00 00 A0 42 29 5C 5D 42 6E 12 18 42
1787904751.507360,34680,0c65,12,9A 19 14 43 0A D7 DF 41 31 88 4D 42
1787904751.517980,34680,0c66,12,CD CC AE 42 9A 99 15 42 0C 42 85 42
1787904751.528694,34680,0c67,12,66 66 9A 42 5C 8F 22 42 62 10 05 42
1787904751.539097,34680,0c68,12,00 00 EB 42 0A D7 09 42 CA E1 82 42
1787904751.549540,34680,0c69,12,00 00 5C 42 C2 F5 9D 42 15 EE 91 42
1787904751.559850,34680,0c6a,12,CD 4C 11 43 33 33 13 42 1D 5A CC 41
1787904751.570218,34680,0c6b,12,34 33 AB 42 9A 99 CD 41 C9 F6 C9 42
1787904751.580609,34680,0c6c,12,CD CC F0 42 7B 14 22 42 1F 85 BA 42
1787904751.591724,34680,0c6d,12,9A 99 A3 42 B8 1E 2D 42 95 03 C5 42
1787904751.602581,34680,0c6e,12,66 66 86 42 3E 0A 47 42 D5 78 C0 41
1787904751.613076,34680,0c6f,12,66 66 CC 42 48 E1 2C 42 8D 97 B4 41
1787904751.623438,34680,0c70,12,33 33 06 43 14 AE 80 42 DF 4F BB 42
1787904751.634180,34680,0c71,12,CC CC F5 42 E1 7A 9A 42 37 49 96 42
1787904751.644705,34680,0c72,12,CC CC 01 43 15 AE 67 42 EA E6 80 42
1787904751.655180,34680,0c73,12,00 80 13 43 B8 1E A9 41 D1 E2 BD 42
1787904751.665578,34680,0c74,12,CD CC 9D 42 33 33 0D 42 99 99 B2 42
1787904751.675855,34680,0c75,12,CD CC AB 42 E2 7A 97 42 E8 FB C7 42
1787904751.686346,34680,0c76,12,66 E6 0E 43 A4 70 73 42 A2 45 67 42
1787904751.696959,34680,0c77,12,66 66 A6 42 00 00 0C 42 99 19 E4 42
1787904751.712374,34680,0c78,12,CD CC 50 42 48 E1 08 42 A4 70 07 42
1787904751.723180,34680,0c79,12,9A 99 9C 42 E1 7A AC 41 21 B0 02 42
1787904751.734190,34680,0c7a,12,9A 19 0A 43 F6 28 84 42 08 6C B0 42
1787904751.744718,34680,0c7b,12,66 66 8C 42 5C 8F E6 41 BC 34 9E 42
1787904751.755713,34680,0c7c,12,00 00 94 42 C2 F5 5A 42 E9 66 B2 42
1787904751.766292,34680,0c7d,12,66 66 6E 42 33 33 CB 41 F2 52 4E 42
1787904751.776696,34680,0c7e,12,66 66 CF 42 C3 F5 A0 41 5A E4 E4 42
1787904751.806627,34680,0c7f,12,66 66 A5 42 14 AE 2B 42 EB 51 CE 42
1787904751.816825,34680,0c80,12,66 66 A6 42 F6 28 4A 42 EA 26 10 42
1787904751.827990,34680,0c81,12,66 66 C7 42 AE 47 35 42 7F EA BA 42
1787904751.840704,34680,0c82,12,66 66 A8 42 3E 0A 29 42 A2 C5 35 42
1787904751.852117,34680,0c83,12,9A 99 97 42 9A 99 C1 41 5A 64 C8 41
1787904751.862797,34680,0c84,12,CD CC FD 42 5C 8F 28 42 2F DD D3 42
1787904751.873632,34680,0c85,12,CD CC F6 42 8F C2 4D 42 4C 37 9D 42
1787904751.885661,34680,0c86,12,00 80 11 43 D7 A3 7A 42 87 96 0C 42
1787904751.896193,34680,0c87,12,00 80 0F 43 AE 47 ED 41 8D 97 9F 42
1787904751.907487,34680,0c88,12,9A 99 80 42 F6 28 C0 41 77 BE 24 42
1787904751.918367,34680,0c89,12,33 33 A2 42 90 C2 8D 42 C3 F5 A3 41
1787904751.928859,34680,0c8a,12,34 33 04 43 CD CC 22 42 E8 FB 6F 42
1787904751.939450,34680,0c8b,12,33 33 B3 42 85 EB 86 42 D1 22 BA 41
1787904751.950108,34680,0c8c,12,00 00 F2 42 52 B8 8E 42 AC 9C 9D 42
1787904751.960817,34680,0c8d,12,9A 99 97 42 00 00 85 42 D3 0D C1 42
1787904751.971556,34680,0c8e,12,33 33 98 42 85 EB B9 41 1B AF E5 42
1787904751.982009,34680,0c8f,12,33 33 A6 42 E1 7A 9D 42 CF F7 B6 41
1787904751.992515,34680,0c90,12,CC 4C 08 43 48 E1 4A 42 08 2C 71 42
1787904752.003223,34680,0c91,12,33 33 94 42 F6 28 90 42 52 F8 8D 42
1787904752.013952,34680,0c92,12,9A 19 06 43 85 EB 67 42 E9 26 CB 42
1787904752.025862,34680,0c93,12,CD CC AB 42 AE 47 29 42 23 9B D9 42
1787904752.036595,34680,0c94,12,9A 99 9E 42 E1 7A 06 42 EB 51 CE 42
1787904752.047482,34680,0c95,12,33 33 97 42 14 AE 9E 42 71 3D D6 42
1787904752.058462,34680,0c96,12,00 00 4A 42 33 33 4F 42 9C C4 B5 42
1787904752.069192,34680,0c97,12,CD CC 99 42 AE 47 77 42 AC 5C B6 42
1787904752.079616,34680,0c98,12,00 00 0D 43 33 33 CB 41 A8 C6 0D 42
1787904752.101527,34680,0c99,12,00 00 8B 42 F6 28 81 42 FC 29 B6 42
1787904752.112096,34680,0c9a,12,9A 99 C6 42 5C 8F AA 41 11 18 BD 42
1787904752.122533,34680,0c9b,12,33 33 71 42 48 E1 90 42 04 96 DB 42
1787904752.133313,34680,0c9c,12,00 00 D0 42 00 00 5A 42 85 6B C4 42
1787904752.143606,34680,0c9d,12,67 66 FB 42 00 00 42 42 EE 3C EA 42
1787904752.153964,34680,0c9e,12,99 99 E9 42 F6 28 56 42 94 D8 C1 42
1787904752.164229,34680,0c9f,12,66 66 BF 42 14 AE 92 42 DD A4 2E 42
1787904752.174546,34680,0ca0,12,CD CC D7 42 66 66 A2 41 27 31 0C 42
1787904752.184886,34680,0ca1,12,66 66 A9 42 CD CC 28 42 50 0D 1A 42
1787904752.195591,34680,0ca2,12,66 66 E9 42 14 AE 9E 42 0E 6D 88 42
1787904752.206001,34680,0ca3,12,33 33 B4 42 9A 99 E5 41 7B 14 FB 41
1787904752.217497,34680,0ca4,12,33 33 0E 43 52 B8 72 42 D9 8E CA 42
1787904752.227912,34680,0ca5,12,00 00 72 42 5C 8F 40 42 98 2E C8 42
1787904752.238879,34680,0ca6,12,66 66 9F 42 1E 85 41 42 D9 CE 59 42
1787904752.249551,34680,0ca7,12,67 66 F1 42 EC 51 04 42 EF A7 7C 42
1787904752.259916,34680,0ca8,12,66 66 48 42 52 B8 91 42 04 16 AA 42
1787904752.270914,34680,0ca9,12,9A 99 10 43 EC 51 28 42 EC 11 84 42
1787904752.281476,34680,0caa,12,33 33 9E 42 CD CC 76 42 1C 5A B7 42
1787904752.291780,34680,0cab,12,CD CC 78 42 70 3D 5A 42 58 B9 E1 42
1787904752.302383,34680,0cac,12,33 33 F8 42 E1 7A 85 42 29 1C E3 42
1787904752.313111,34680,0cad,12,00 00 A9 42 47 E1 74 42 AC 5C B6 42
1787904752.323574,34680,0cae,12,9A 99 0E 43 3E 0A DB 41 B0 32 8B 42
1787904752.334233,34680,0caf,12,CD CC 88 42 B8 1E 88 42 9C C4 B5 42
1787904752.344767,34680,0cb0,12,33 33 0E 43 A4 70 55 42 92 6D 1C 42
1787904752.355296,34680,0cb1,12,66 66 C8 42 E1 7A 7E 42 DC 79 2B 42
1787904752.365866,34680,0cb2,12,33 33 C1 42 66 66 1A 42 8B 2C B5 42
1787904752.376482,34680,0cb3,12,00 80 0B 43 14 AE 3D 42 6B 7C E5 42
1787904752.387067,34680,0cb4,12,CC 4C 02 43 48 E1 84 42 58 39 C5 41
1787904752.397357,34680,0cb5,12,CD CC BD 42 48 E1 3E 42 CB 21 75 42
1787904752.407729,34680,0cb6,12,CD CC F2 42 8F C2 BD 41 23 DB 05 42
1787904752.418149,34680,0cb7,12,66 66 F8 42 0A D7 9D 42 0E 2D A1 42
1787904752.428632,34680,0cb8,12,9A 99 0A 43 52 B8 7E 42 5E BA CE 41
1787904752.438926,34680,0cb9,12,33 33 EE 42 1E 85 99 42 72 68 1E 42
1787904752.449422,34680,0cba,12,33 33 ED 42 71 3D 6C 42 BC 74 2D 42
1787904752.459908,34680,0cbb,12,66 66 C0 42 9A 99 94 42 46 36 C5 42
1787904752.473193,34680,0cbc,12,66 66 10 43 85 EB 9E 42 5E BA CE 41
1787904752.484053,34680,0cbd,12,9A 99 53 42 00 00 06 42 E0 8F A2 42
1787904752.494484,34680,0cbe,12,CD CC 5C 42 0A D7 9D 42 4E 62 B5 41
1787904752.504819,34680,0cbf,12,66 66 00 43 90 C2 ED 41 24 86 3A 42
1787904752.515067,34680,0cc0,12,33 B3 00 43 00 00 91 42 21 70 D6 42
1787904752.525900,34680,0cc1,12,33 33 03 43 B8 1E 15 42 5C CF 9D 42
1787904752.536516,34680,0cc2,12,66 E6 01 43 3D 0A 65 42 3F B5 BB 42
1787904752.547045,34680,0cc3,12,00 00 FB 42 3E 0A FF 41 1B AF E5 42
1787904752.557869,34680,0cc4,12,00 00 7C 42 29 5C 5D 42 71 3D 7E 42
1787904752.568740,34680,0cc5,12,66 66 E3 42 85 EB 79 42 E1 3A D7 42
1787904752.579306,34680,0cc6,12,CC CC 08 43 C2 F5 42 42 2F 9D 89 42
1787904752.593787,34680,0cc7,12,66 66 0B 43 7B 14 16 42 1C 9A 9E 42
1787904752.604552,34680,0cc8,12,66 66 EB 42 A4 70 9E 42 3F 75 D4 42
1787904752.615101,34680,0cc9,12,66 66 4C 42 3D 0A AB 41 50 8D 4B 42
1787904752.625804,34680,0cca,12,00 80 01 43 F6 28 A8 41 6B BC 74 42
1787904752.636742,34680,0ccb,12,9A 99 F2 42 0A D7 85 42 8A C1 72 42
1787904752.647870,34680,0ccc,12,33 33 55 42 67 66 62 42 3E 0A 2F 42
1787904752.658469,34680,0ccd,12,9A 19 0D 43 CD CC 95 42 D9 CE C6 41
1787904752.668947,34680,0cce,12,00 00 E5 42 15 AE 49 42 29 DC 40 42
1787904752.679408,34680,0ccf,12,66 66 48 42 EC 51 80 42 E4 25 38 42
1787904752.689931,34680,0cd0,12,33 33 E8 42 D7 A3 68 42 5D 8F B6 42
1787904752.700409,34680,0cd1,12,66 66 B3 42 C2 F5 8E 42 85 AB AB 42
1787904752.711988,34680,0cd2,12,00 80 11 43 A4 70 83 42 91 AD BE 42
1787904752.722669,34680,0cd3,12,9A 99 B0 42 AE 47 7D 42 6F 92 A1 42
1787904752.733153,34680,0cd4,12,9A 99 01 43 F6 28 D8 41 A6 DB AC 42
1787904752.743783,34680,0cd5,12,9A 99 D1 42 00 00 F4 41 36 5E F2 41
1787904752.755435,34680,0cd6,12,00 00 A3 42 D7 A3 62 42 3B DF 2B 42
1787904752.765866,34680,0cd7,12,9A 99 09 43 C3 F5 12 42 BA 09 9B 42
1787904752.776328,34680,0cd8,12,00 00 F8 42 66 66 F6 41 A6 9B 0A 42
1787904752.786864,34680,0cd9,12,CD CC EE 42 85 EB 79 42 81 15 66 42
1787904752.797330,34680,0cda,12,CD CC E9 42 3E 0A 93 42 AA F1 CB 42
1787904752.807754,34680,0cdb,12,66 66 8D 42 E1 7A 60 42 5C 8F CB 41
1787904752.818338,34680,0cdc,12,00 00 9B 42 00 00 18 42 AC DC 84 42
1787904752.829248,34680,0cdd,12,00 00 76 42 70 3D 66 42 A0 5A A3 42
1787904752.839970,34680,0cde,12,CC CC A1 42 9A 99 15 42 8D 57 B8 42
1787904752.850490,34680,0cdf,12,00 00 BB 42 29 5C 51 42 73 E8 4F 42
1787904752.861532,34680,0ce0,12,34 33 AA 42 F6 28 02 42 D7 23 25 42
1787904752.872014,34680,0ce1,12,9A 99 DC 42 0A D7 91 42 12 43 C0 42
1787904752.882587,34680,0ce2,12,66 66 5C 42 0A D7 C7 41 9C C4 CA 41
1787904752.894010,34680,0ce3,12,CD CC 85 42 71 3D B2 41 44 4B A9 42
1787904752.904398,34680,0ce4,12,33 33 8F 42 00 00 8B 42 C3 75 05 42
1787904752.914969,34680,0ce5,12,66 66 EA 42 F6 28 56 42 9E 6F 2F 42
1787904752.925500,34680,0ce6,12,9A 99 D1 42 14 AE 13 42 25 06 6C 42
1787904752.936834,34680,0ce7,12,66 E6 03 43 CD CC A4 41 B7 73 AD 42
1787904752.947375,34680,0ce8,12,66 66 FA 42 7A 14 58 42 40 F5 A2 42
1787904752.957956,34680,0ce9,12,CD 4C 0B 43 48 E1 EA 41 3A B4 F8 41
1787904752.968523,34680,0cea,12,66 66 5C 42 1E 85 8A 42 D2 62 8C 42
1787904752.980640,34680,0ceb,12,9A 99 A7 42 00 00 D0 41 E6 50 93 42
1787904752.994561,34680,0cec,12,33 33 E8 42 52 B8 18 42 BE DF D2 42
1787904753.005040,34680,0ced,12,CC 4C 07 43 1F 85 59 42 C6 CB 0B 42
1787904753.018446,34680,0cee,12,66 66 DA 42 F6 28 56 42 F2 D2 EC 41
1787904753.031135,34680,0cef,12,9A 99 67 42 1F 85 9C 42 44 8B A5 41
1787904753.042895,34680,0cf0,12,9A 99 E7 42 9A 99 33 42 15 AE AA 42
1787904753.053640,34680,0cf1,12,CD CC 80 42 3E 0A 7D 42 3B DF 2B 42
1787904753.064076,34680,0cf2,12,9A 99 8C 42 85 EB 31 42 D7 63 C7 42
1787904753.074564,34680,0cf3,12,67 66 E5 42 A4 70 07 42 98 EE 25 42
1787904753.084838,34680,0cf4,12,9A 99 9A 42 34 33 1F 42 12 03 D9 42
1787904753.095241,34680,0cf5,12,CD CC F1 42 14 AE 98 42 37 09 AF 42
1787904753.105911,34680,0cf6,12,66 E6 07 43 EC 51 98 42 F6 68 C5 42
1787904753.116762,34680,0cf7,12,33 33 5F 42 EB 51 64 42 0E 2D B6 41
1787904753.127389,34680,0cf8,12,9A 99 D4 42 F6 28 02 42 1F 85 CF 41
1787904753.137981,34680,0cf9,12,00 00 FA 42 D7 A3 14 42 DD 24 CD 41
1787904753.148706,34680,0cfa,12,CD CC BC 42 E2 7A 5A 42 21 B0 65 42
1787904753.159118,34680,0cfb,12,33 33 90 42 52 B8 9D 42 DB F9 B4 42
1787904753.169710,34680,0cfc,12,9A 99 ED 42 C2 F5 2A 42 A8 86 E1 42
1787904753.180428,34680,0cfd,12,00 00 A6 42 D7 A3 62 42 6C A7 E8 42
1787904753.191121,34680,0cfe,12,00 80 0F 43 CD CC 98 42 F6 28 23 42
1787904753.202416,34680,0cff,12,00 00 FF 42 F6 28 87 42 C5 20 A7 41
1787904753.213026,34680,0d00,12,66 66 D0 42 B9 1E 57 42 E6 50 3B 42
1787904753.224494,34680,0d01,12,9A 99 98 42 EC 51 BC 41 DC 79 2B 42
1787904753.235056,34680,0d02,12,9A 19 01 43 0A D7 EB 41 48 E1 3E 42
1787904753.245430,34680,0d03,12,33 B3 06 43 9A 99 4B 42 44 8B A5 41
1787904753.255773,34680,0d04,12,00 00 AF 42 D7 A3 26 42 06 41 AD 42
1787904753.266071,34680,0d05,12,33 33 90 42 EC 51 BC 41 0A D7 42 42
1787904753.279324,34680,0d06,12,9A 99 8F 42 C2 F5 78 42 6C A7 E8 42
1787904753.289758,34680,0d07,12,33 33 14 43 E1 7A F4 41 18 04 C6 41
1787904753.301121,34680,0d08,12,33 33 9C 42 0A D7 75 42 62 50 A7 42
1787904753.311777,34680,0d09,12,67 66 FC 42 66 66 F6 41 60 65 33 42
1787904753.322246,34680,0d0a,12,33 33 99 42 C3 F5 72 42 C5 60 DC 42
1787904753.332693,34680,0d0b,12,66 E6 00 43 85 EB 95 42 5C 0F 85 42
1787904753.343210,34680,0d0c,12,66 66 0D 43 52 B8 B2 41 99 99 5A 42
1787904753.354282,34680,0d0d,12,33 33 F8 42 F6 28 C0 41 83 C0 37 42
1787904753.365873,34680,0d0e,12,66 66 04 43 E1 7A 72 42 50 4D BC 42
1787904753.376526,34680,0d0f,12,9A 99 CB 42 99 99 7B 42 46 F6 DD 42
1787904753.386977,34680,0d10,12,33 33 E4 42 CD CC 52 42 27 B1 3D 42
1787904753.397380,34680,0d11,12,00 00 CA 42 29 5C 3F 42 C5 A0 6B 42
1787904753.407752,34680,0d12,12,CD CC 70 42 E1 7A 66 42 29 1C 80 42
1787904753.418095,34680,0d13,12,00 00 DB 42 0A D7 4B 42 71 3D D6 42
1787904753.428555,34680,0d14,12,00 00 A2 42 E1 7A 6C 42 95 03 C5 42
1787904753.438964,34680,0d15,12,9A 99 09 43 E1 7A 6C 42 E4 25 90 42
1787904753.449501,34680,0d16,12,9A 99 E0 42 A4 70 0D 42 1F 05 EC 42
1787904753.459765,34680,0d17,12,CD CC 85 42 14 AE 13 42 2B 87 75 42
1787904753.470332,34680,0d18,12,CC CC CB 42 85 EB 89 42 96 C3 22 42
1787904753.480827,34680,0d19,12,99 99 D2 42 CD CC F8 41 71 3D D6 42
1787904753.491620,34680,0d1a,12,66 66 DC 42 48 E1 0E 42 BC 74 FD 41
1787904753.502054,34680,0d1b,12,34 33 0A 43 34 33 19 42 83 C0 37 42
1787904753.512816,34680,0d1c,12,33 33 57 42 1F 85 5F 42 12 83 BC 41
1787904753.523155,34680,0d1d,12,66 66 E3 42 70 3D 78 42 E1 FA 8C 42
1787904753.533330,34680,0d1e,12,66 66 AB 42 5C 8F 04 42 74 53 92 42
1787904753.543763,34680,0d1f,12,CD CC 5A 42 A4 70 A1 41 B4 88 91 42
1787904753.554190,34680,0d20,12,9A 99 0B 43 AE 47 41 42 90 02 8A 42
1787904753.564445,34680,0d21,12,00 00 A8 42 5C 8F 22 42 D7 A3 AE 42
1787904753.574885,34680,0d22,12,00 00 8C 42 B8 1E 39 42 49 8C 73 42
1787904753.585709,34680,0d23,12,CC 4C 14 43 CD CC 46 42 9E EF 60 42
1787904753.596572,34680,0d24,12,9A 99 7D 42 7B 14 80 42 7F 6A 31 42
1787904753.607393,34680,0d25,12,33 33 79 42 9A 99 3F 42 68 91 71 42
1787904753.618001,34680,0d26,12,9A 19 0B 43 48 E1 4A 42 E1 3A D7 42
1787904753.628523,34680,0d27,12,33 33 07 43 48 E1 20 42 5D 8F 5E 42
1787904753.639005,34680,0d28,12,67 66 E2 42 00 00 A0 41 8E D7 86 42
1787904753.650388,34680,0d29,12,CC CC 13 43 AE 47 B1 41 BE 1F BA 42
1787904753.660965,34680,0d2a,12,9A 99 53 42 D7 A3 9F 42 6C A7 E8 42
1787904753.671532,34680,0d2b,12,9A 99 FD 42 1F 85 11 42 B0 72 1A 42
1787904753.681963,34680,0d2c,12,CD CC E7 42 3E 0A 8D 42 A6 9B DA 41
1787904753.692453,34680,0d2d,12,9A 99 08 43 66 66 F6 41 0A 57 CC 42
1787904753.702866,34680,0d2e,12,33 33 0F 43 00 00 82 42 3F 35 ED 42
1787904753.713307,34680,0d2f,12,66 66 0F 43 70 3D 12 42 56 8E DE 42
1787904753.723979,34680,0d30,12,33 33 51 42 7B 14 0A 42 48 21 E1 42
1787904753.734730,34680,0d31,12,9A 99 77 42 AE 47 87 42 7F 6A EC 42
1787904753.745366,34680,0d32,12,CD CC 8F 42 C2 F5 3C 42 48 E1 96 42
1787904753.756014,34680,0d33,12,00 00 D8 42 C2 F5 9A 42 AA 71 42 42
1787904753.766638,34680,0d34,12,9A 99 DA 42 66 66 02 42 58 39 C5 41
1787904753.778601,34680,0d35,12,00 00 F3 42 47 E1 74 42 10 D8 1A 42
1787904753.789306,34680,0d36,12,66 E6 0C 43 AE 47 D5 41 27 31 0C 42
1787904753.799899,34680,0d37,12,66 66 8F 42 5C 8F DA 41 18 04 59 42
1787904753.810562,34680,0d38,12,9A 99 5F 42 52 B8 5A 42 0A 97 B3 42
1787904753.821083,34680,0d39,12,CD CC C2 42 14 AE FB 41 D9 8E CA 42
1787904753.832951,34680,0d3a,12,66 66 10 43 3E 0A E7 41 79 69 B1 42
1787904753.843757,34680,0d3b,12,33 33 C8 42 D7 A3 08 42 B0 72 D5 42
1787904753.854405,34680,0d3c,12,9A 99 EC 42 E1 7A 3C 42 E3 A5 06 42
1787904753.865025,34680,0d3d,12,9A 99 75 42 14 AE D7 41 E0 8F A2 42
1787904753.875632,34680,0d3e,12,CD CC 87 42 CC CC 1C 42 E1 3A D7 42
1787904753.885976,34680,0d3f,12,00 80 10 43 52 B8 66 42 27 F1 DF 42
1787904753.896509,34680,0d40,12,33 33 03 43 7A 14 76 42 70 BD 4C 42
1787904753.907439,34680,0d41,12,CC CC DA 42 5C 8F 98 42 FE 94 A0 42
1787904753.917927,34680,0d42,12,66 66 F3 42 C2 F5 D0 41 06 41 AD 42
1787904753.928275,34680,0d43,12,00 00 0B 43 52 B8 3C 42 08 AC 3F 42
1787904753.938851,34680,0d44,12,00 00 7E 42 D7 A3 2C 42 EA 26 10 42
1787904753.967685,34680,0d45,12,00 00 74 42 8F C2 7D 42 46 B6 A8 41
1787904753.978098,34680,0d46,12,34 33 C4 42 1F 85 6B 42 00 00 33 42
1787904753.988538,34680,0d47,12,34 33 DC 42 33 33 89 42 7F 2A A2 42
1787904753.998947,34680,0d48,12,33 33 C8 42 00 00 88 42 A2 05 D8 42
1787904754.009275,34680,0d49,12,33 33 91 42 8F C2 11 42 F2 D2 1C 42
1787904754.019686,34680,0d4a,12,9A 99 9D 42 52 B8 BE 41 C2 75 C0 42
1787904754.030012,34680,0d4b,12,66 66 F5 42 52 B8 36 42 EE FC 47 42
1787904754.040420,34680,0d4c,12,CD CC B0 42 66 66 81 42 5E BA CE 41
1787904754.050814,34680,0d4d,12,33 B3 12 43 A4 70 83 42 00 00 8B 42
1787904754.061100,34680,0d4e,12,67 66 E4 42 29 5C 94 42 81 95 A1 41
1787904754.082677,34680,0d4f,12,66 66 70 42 EC 51 9B 42 7D 3F FE 41
1787904754.093405,34680,0d50,12,00 00 B7 42 E1 7A 72 42 48 E1 3E 42
1787904754.106241,34680,0d51,12,66 66 B5 42 5C 8F 22 42 24 86 3A 42
1787904754.119688,34680,0d52,12,00 00 C3 42 5C 8F C2 41 94 98 DA 42
1787904754.131871,34680,0d53,12,66 E6 15 43 5C 8F 76 42 1C 9A 9E 42
1787904754.143243,34680,0d54,12,9A 99 82 42 9A 99 91 42 8B EC CD 42
1787904754.153859,34680,0d55,12,33 33 51 42 9A 99 B5 41 02 AB 04 42
1787904754.165398,34680,0d56,12,9A 99 84 42 85 EB 61 42 CD 4C 78 42
1787904754.175950,34680,0d57,12,00 00 CE 42 70 3D 94 42 50 0D 7D 42
1787904754.187457,34680,0d58,12,00 00 0B 43 85 EB 79 42 64 7B AA 42
1787904754.197909,34680,0d59,12,00 00 64 42 E2 7A 91 42 60 65 8B 42
1787904754.208646,34680,0d5a,12,CD CC 66 42 3E 0A 84 42 92 ED BA 41
1787904754.219489,34680,0d5b,12,00 00 70 42 1F 85 DB 41 49 8C CB 42
1787904754.230065,34680,0d5c,12,9A 99 A5 42 3E 0A C3 41 B4 48 52 42
1787904754.240481,34680,0d5d,12,34 B3 05 43 CD CC 46 42 21 B0 BD 42
1787904754.250943,34680,0d5e,12,33 33 C5 42 0A D7 8E 42 E1 FA 8C 42
1787904754.261299,34680,0d5f,12,9A 99 CE 42 7B 14 8F 42 FA FE B2 42
1787904754.274659,34680,0d60,12,66 66 D5 42 48 E1 F6 41 FE D4 FF 41
1787904754.285137,34680,0d61,12,CD CC F2 42 EC 51 9B 42 C2 35 D9 42
1787904754.295613,34680,0d62,12,00 00 D5 42 D7 A3 D8 41 95 43 54 42
1787904754.307210,34680,0d63,12,00 00 06 43 85 EB 80 42 E5 D0 6C 42
1787904754.317714,34680,0d64,12,9A 99 51 42 AE 47 2F 42 75 D3 C3 42
1787904754.328417,34680,0d65,12,00 00 89 42 5C 8F 8C 42 31 48 BE 42
1787904754.339931,34680,0d66,12,CD CC 64 42 14 AE 01 42 7F 6A EC 42
1787904754.352353,34680,0d67,12,33 33 96 42 14 AE EF 41 5D 8F B6 42
1787904754.363601,34680,0d68,12,00 00 0E 43 C2 F5 78 42 9C C4 B5 42
1787904754.375002,34680,0d69,12,33 33 71 42 29 5C 03 42 85 6B 09 42
1787904754.386764,34680,0d6a,12,00 00 B3 42 EB 51 7C 42 D9 8E CA 42
1787904754.398992,34680,0d6b,12,33 B3 06 43 9A 99 85 42 37 C9 C7 42
1787904754.409684,34680,0d6c,12,00 00 12 43 29 5C 8E 42 56 8E DE 42
1787904754.420836,34680,0d6d,12,00 00 15 43 C3 F5 DC 41 95 43 AC 42
1787904754.431295,34680,0d6e,12,CC CC BA 42 A4 70 37 42 F2 92 8D 42
1787904754.441646,34680,0d6f,12,00 00 8C 42 0A D7 57 42 3F B5 63 42
1787904754.451892,34680,0d70,12,33 33 8D 42 85 EB 92 42 94 98 1F 42
1787904754.462373,34680,0d71,12,33 33 61 42 85 EB 31 42 C6 CB C6 42
1787904754.472803,34680,0d72,12,00 00 E4 42 5C 8F 22 42 D1 A2 1B 42
1787904754.483140,34680,0d73,12,00 00 C6 42 A4 70 67 42 9E EF 60 42
1787904754.493404,34680,0d74,12,00 00 C8 42 90 C2 ED 41 56 8E 23 42
1787904754.503829,34680,0d75,12,CD CC F0 42 C2 F5 4E 42 CD CC 9E 42
1787904754.518157,34680,0d76,12,00 00 9C 42 8F C2 4D 42 37 49 96 42
1787904754.528440,34680,0d77,12,66 66 8B 42 0A D7 6F 42 42 A0 D7 42
1787904754.539101,34680,0d78,12,CD 4C 12 43 0A D7 3F 42 58 F9 C8 42
1787904754.551681,34680,0d79,12,33 33 85 42 B9 1E 57 42 00 C0 A3 42
1787904754.562106,34680,0d7a,12,9A 99 C8 42 EC 51 95 42 0A 57 CC 42
1787904754.572649,34680,0d7b,12,66 66 74 42 90 C2 29 42 AC 9C 9D 42
1787904754.582961,34680,0d7c,12,00 00 FA 42 52 B8 42 42 1A 6F 9B 42
1787904754.593548,34680,0d7d,12,9A 99 67 42 AE 47 99 42 5A A4 9A 42
1787904754.604008,34680,0d7e,12,34 33 9D 42 00 00 E8 41 64 FB DB 42
1787904754.614928,34680,0d7f,12,00 80 11 43 D7 A3 08 42 18 84 27 42
1787904754.625530,34680,0d80,12,00 00 08 43 29 5C 09 42 15 EE 91 42
1787904754.640524,34680,0d81,12,00 00 8F 42 C2 F5 85 42 11 D8 D5 42
1787904754.651123,34680,0d82,12,33 33 FD 42 14 AE 9B 42 CD 0C E9 42
1787904754.661860,34680,0d83,12,33 33 EA 42 7B 14 9E 42 F6 28 23 42
1787904754.672526,34680,0d84,12,00 00 CE 42 14 AE 8F 42 D1 A2 1B 42
1787904754.683022,34680,0d85,12,CD CC BB 42 15 AE 79 42 4E 62 B5 41
1787904754.693703,34680,0d86,12,66 66 10 43 90 C2 65 42 7D BF B7 42
1787904754.704328,34680,0d87,12,00 00 9B 42 8F C2 BD 41 5E 3A EB 42
1787904754.715051,34680,0d88,12,00 00 84 42 48 E1 26 42 A2 85 A6 42
1787904754.725409,34680,0d89,12,66 66 AE 42 EC 51 D4 41 64 3B 6B 42
1787904754.735778,34680,0d8a,12,9A 99 0B 43 E1 7A A0 41 58 B9 26 42
1787904754.746215,34680,0d8b,12,CC CC A1 42 EC 51 58 42 C9 F6 C9 42
1787904754.756474,34680,0d8c,12,9A 99 4B 42 85 EB 61 42 98 6E C4 41
1787904754.767254,34680,0d8d,12,00 00 92 42 1F 85 0B 42 0C 82 14 42
1787904754.778133,34680,0d8e,12,CC CC CC 42 1F 85 2F 42 85 6B 09 42
1787904754.788633,34680,0d8f,12,CD CC A3 42 71 3D 24 42 3F 75 D4 42
1787904754.801383,34680,0d90,12,CC CC BA 42 48 E1 6E 42 91 6D D7 42
1787904754.812994,34680,0d91,12,66 66 6C 42 D7 A3 93 42 EE BC B8 42
1787904754.823396,34680,0d92,12,33 33 C2 42 3E 0A 2F 42 12 83 A7 42
1787904754.833746,34680,0d93,12,9A 99 7D 42 AE 47 41 42 96 43 C1 41
1787904754.844079,34680,0d94,12,9A 99 B2 42 90 C2 29 42 F2 D2 D7 42
1787904754.854704,34680,0d95,12,9A 99 F1 42 B8 1E 97 42 9E 6F EA 42
1787904754.865146,34680,0d96,12,00 80 0B 43 29 5C 03 42 C9 F6 71 42
1787904754.878820,34680,0d97,12,CC CC 01 43 48 E1 9C 42 DD E4 D0 42
1787904754.890270,34680,0d98,12,9A 99 00 43 CD CC A4 41 50 CD 8A 42
1787904754.901062,34680,0d99,12,66 66 D8 42 48 E1 A2 41 2F DD D3 42
1787904754.911644,34680,0d9a,12,9A 19 08 43 A4 70 6D 42 8D 97 47 42
1787904754.922154,34680,0d9b,12,CC CC A6 42 8F C2 77 42 6F 92 A1 42
1787904754.932621,34680,0d9c,12,66 66 9D 42 0A D7 09 42 7F AA D3 42
1787904754.943173,34680,0d9d,12,00 00 B8 42 3D 0A 65 42 F0 A7 E9 41
1787904754.955976,34680,0d9e,12,9A 19 04 43 8F C2 96 42 9E 6F EA 42
1787904754.966672,34680,0d9f,12,CD CC FE 42 8F C2 7D 42 CD CC 46 42
1787904754.977245,34680,0da0,12,00 00 00 43 E1 7A 3C 42 B8 9E B0 42
1787904754.987726,34680,0da1,12,CD CC BD 42 14 AE EF 41 50 4D BC 42
1787904754.998285,34680,0da2,12,00 00 F9 42 00 00 54 42 87 D6 AE 42
1787904755.009009,34680,0da3,12,66 E6 05 43 AE 47 23 42 04 D6 6A 42
1787904755.019662,34680,0da4,12,66 66 83 42 E1 7A 7E 42 A6 1B 3C 42
1787904755.030027,34680,0da5,12,9A 99 ED 42 71 3D BE 41 A4 70 D7 41
1787904755.041622,34680,0da6,12,33 B3 12 43 1F 85 AB 41 AE 47 17 42
1787904755.052008,34680,0da7,12,9A 99 C8 42 F6 28 D8 41 AC 1C E4 41
1787904755.062430,34680,0da8,12,66 66 BC 42 29 5C 88 42 1B 2F B4 42
1787904755.072974,34680,0da9,12,CD CC 8C 42 47 E1 74 42 81 D5 D6 42
1787904755.083443,34680,0daa,12,9A 99 CB 42 EC 51 BC 41 6F 92 49 42
1787904755.094230,34680,0dab,12,CD CC B1 42 9A 99 85 42 08 EC E1 42
1787904755.104848,34680,0dac,12,99 99 F7 42 F6 28 5C 42 C9 F6 C9 42
1787904755.117037,34680,0dad,12,00 80 0F 43 5C 8F 10 42 79 69 B1 42
1787904755.127899,34680,0dae,12,9A 99 A7 42 15 AE 5B 42 C5 A0 6B 42
1787904755.141512,34680,0daf,12,66 66 CC 42 AE 47 ED 41 D7 63 C7 42
1787904755.151906,34680,0db0,12,CD CC F6 42 C2 F5 94 42 4C 37 45 42
1787904755.162468,34680,0db1,12,33 33 96 42 E1 7A 18 42 29 5C 72 42
1787904755.172810,34680,0db2,12,CC CC D8 42 CC CC 8C 42 79 69 59 42
1787904755.183233,34680,0db3,12,00 00 93 42 86 EB F5 41 10 98 8B 42
1787904755.193906,34680,0db4,12,66 E6 09 43 66 66 8D 42 5D 8F B6 42
1787904755.204576,34680,0db5,12,00 00 DF 42 14 AE D7 41 D1 E2 BD 42
1787904755.222965,34680,0db6,12,9A 99 C9 42 52 B8 A6 41 23 1B A8 42
1787904755.233983,34680,0db7,12,00 00 B7 42 29 5C 2D 42 17 59 DF 42
1787904755.244498,34680,0db8,12,CC CC 07 43 85 EB 83 42 02 2B 8E 42
1787904755.255843,34680,0db9,12,9A 99 14 43 29 5C 9D 42 AC 1C E4 41
1787904755.266825,34680,0dba,12,33 33 EC 42 70 3D 8E 42 A8 C6 0D 42
1787904755.278493,34680,0dbb,12,34 33 E6 42 71 3D 60 42 6F 52 BA 42
1787904755.288920,34680,0dbc,12,00 00 AA 42 66 66 90 42 18 84 27 42
1787904755.301309,34680,0dbd,12,00 00 8E 42 9A 99 09 42 AA 31 B3 42
1787904755.311858,34680,0dbe,12,9A 99 BD 42 E1 7A 6C 42 E8 BB E0 42
1787904755.322314,34680,0dbf,12,33 33 91 42 E1 7A AC 41 A2 05 D8 42
1787904755.332832,34680,0dc0,12,66 66 B8 42 48 E1 7A 42 62 10 C0 42
1787904755.343371,34680,0dc1,12,00 00 D0 42 EC 51 8C 42 9C 84 CE 42
1787904755.353985,34680,0dc2,12,33 33 03 43 A4 70 13 42 18 84 27 42
1787904755.366434,34680,0dc3,12,33 33 75 42 7B 14 6A 42 DB F9 5C 42
1787904755.376892,34680,0dc4,12,66 66 C0 42 C2 F5 9D 42 3E 8A B8 42
1787904755.387309,34680,0dc5,12,99 99 F6 42 85 EB C5 41 9C 04 9D 42
1787904755.397562,34680,0dc6,12,CD CC 66 42 CC CC 4C 42 EA E6 80 42
1787904755.407932,34680,0dc7,12,99 99 F7 42 E1 7A 18 42 7D BF B7 42
1787904755.418859,34680,0dc8,12,33 33 63 42 5C 8F F2 41 29 5C DF 41
1787904755.429684,34680,0dc9,12,CD CC 8A 42 52 B8 85 42 A4 F0 38 42
1787904755.440254,34680,0dca,12,34 33 D0 42 29 5C 8E 42 D3 CD D9 42
1787904755.450700,34680,0dcb,12,9A 99 15 43 9A 99 E5 41 6B BC CC 42
1787904755.461619,34680,0dcc,12,33 33 E2 42 5C 8F 83 42 0C 42 85 42
1787904755.472068,34680,0dcd,12,00 00 72 42 D7 A3 84 42 5C CF 9D 42
1787904755.482546,34680,0dce,12,CD CC C4 42 B8 1E 91 42 4C B7 13 42
1787904755.492904,34680,0dcf,12,CD CC EE 42 1F 85 1D 42 50 0D D5 42
1787904755.503201,34680,0dd0,12,CD CC DD 42 F6 28 44 42 12 83 4F 42
1787904755.515409,34680,0dd1,12,00 00 14 43 48 E1 6E 42 DB F9 5C 42
1787904755.525971,34680,0dd2,12,66 66 B5 42 52 B8 7E 42 AC 9C 45 42
1787904755.536296,34680,0dd3,12,00 00 D6 42 E2 7A 4E 42 4E 62 48 42
1787904755.549863,34680,0dd4,12,33 B3 03 43 14 AE 3D 42 F8 D3 AF 42
1787904755.560603,34680,0dd5,12,CC 4C 13 43 52 B8 E2 41 1A 6F 9B 42
1787904755.571271,34680,0dd6,12,00 00 7C 42 3E 0A 53 42 7F 6A 31 42
1787904755.581932,34680,0dd7,12,33 B3 0F 43 48 E1 3E 42 3B DF 2B 42
1787904755.592639,34680,0dd8,12,9A 99 96 42 52 B8 D6 41 2C 07 44 42
1787904755.603140,34680,0dd9,12,CD CC A2 42 86 EB 43 42 14 2E 21 42
1787904755.613569,34680,0dda,12,CD CC 02 43 90 C2 3B 42 87 96 0C 42
1787904755.623909,34680,0ddb,12,66 66 56 42 85 EB 37 42 50 8D 4B 42
1787904755.634491,34680,0ddc,12,66 E6 00 43 EC 51 86 42 27 31 DC 41
1787904755.645695,34680,0ddd,12,9A 99 AB 42 9A 99 C1 41 77 BE 24 42
1787904755.656200,34680,0dde,12,33 33 49 42 D7 A3 3E 42 99 19 E4 42
1787904755.666711,34680,0ddf,12,CD CC BD 42 F6 28 81 42 BC 74 FD 41
1787904755.677310,34680,0de0,12,33 33 A6 42 71 3D 24 42 73 A8 C0 42
1787904755.687936,34680,0de1,12,CD CC D6 42 B8 1E 94 42 AA B1 E4 42
1787904755.698783,34680,0de2,12,CC CC C0 42 A3 70 79 42 2C 07 44 42
1787904755.709620,34680,0de3,12,33 33 02 43 A4 70 49 42 8F 02 ED 42
1787904755.720371,34680,0de4,12,CD CC FE 42 E1 7A 94 42 83 40 C1 42
1787904755.730872,34680,0de5,12,9A 99 51 42 E1 7A 6C 42 9C 44 84 42
1787904755.741169,34680,0de6,12,33 33 A7 42 00 00 9A 42 1B EF CC 42
1787904755.756379,34680,0de7,12,67 66 FD 42 CD CC F8 41 70 FD 8B 42
1787904755.767639,34680,0de8,12,CC CC C0 42 3E 0A 87 42 FC A9 84 42
1787904755.778347,34680,0de9,12,34 B3 10 43 B8 1E FD 41 FA 7E 29 42
1787904755.788707,34680,0dea,12,33 33 73 42 14 AE EF 41 91 ED 4D 42
1787904755.799165,34680,0deb,12,99 99 F7 42 8F C2 6B 42 A2 45 D4 41
1787904755.809649,34680,0dec,12,33 33 9B 42 5C 8F 10 42 1C 9A 9E 42
1787904755.820772,34680,0ded,12,CD CC A8 42 14 AE FB 41 D3 4D BD 41
1787904755.831264,34680,0dee,12,9A 99 8C 42 3E 0A 9F 42 F4 BD 90 42
1787904755.841751,34680,0def,12,66 66 4A 42 34 33 86 42 04 56 39 42
1787904755.852153,34680,0df0,12,00 00 58 42 52 B8 A6 41 D9 CE B1 42
1787904755.862687,34680,0df1,12,33 33 BA 42 D7 A3 E4 41 E4 65 DA 42
1787904755.874114,34680,0df2,12,00 00 C2 42 0A D7 BB 41 A8 46 3F 42
1787904755.884694,34680,0df3,12,CD CC 78 42 29 5C A3 41 AC 9C 45 42
1787904755.897690,34680,0df4,12,00 00 8B 42 70 3D 48 42 DB B9 CD 42
1787904755.908052,34680,0df5,12,00 00 D4 42 00 00 82 42 00 80 01 42
1787904755.918369,34680,0df6,12,CD CC E1 42 5C 8F E6 41 72 68 1E 42
1787904755.929229,34680,0df7,12,00 80 09 43 5C 8F 86 42 2B 87 CD 42
1787904755.939761,34680,0df8,12,9A 99 AC 42 48 E1 50 42 DD A4 86 42
1787904755.951759,34680,0df9,12,9A 99 8F 42 0A D7 21 42 AA 71 9A 42
1787904755.962419,34680,0dfa,12,9A 99 D6 42 7A 14 86 42 0C 02 B3 41
1787904755.973669,34680,0dfb,12,66 E6 13 43 E1 7A DC 41 E6 50 93 42
1787904756.005850,34680,0dfc,12,66 66 FA 42 E1 7A DC 41 5A A4 9A 42
1787904756.016241,34680,0dfd,12,9A 99 A4 42 C2 F5 78 42 AE 07 EB 42
1787904756.026551,34680,0dfe,12,CD CC C1 42 00 00 78 42 CF F7 A1 42
1787904756.036930,34680,0dff,12,33 33 F9 42 CD CC 95 42 DF CF 89 42
1787904756.047238,34680,0e00,12,33 33 EC 42 B8 1E B5 41 C6 CB 6E 42
1787904766.055674,34680,0e02,12,33 33 73 42 70 3D 3C 42 27 B1 3D 42
1787904766.064860,34680,0e03,12,00 00 EF 42 00 00 D0 41 35 DE AB 42
1787904766.075431,34680,0e04,12,33 33 73 42 52 B8 D6 41 C1 CA A0 41
1787904766.086012,34680,0e05,12,9A 99 5F 42 5C 8F FE 41 48 A1 AF 42
1787904766.096831,34680,0e06,12,9A 99 7B 42 A4 70 8F 42 95 43 AC 42
1787904766.107322,34680,0e07,12,66 66 B7 42 90 C2 84 42 35 DE AB 42
1787904766.119241,34680,0e08,12,9A 99 93 42 C2 F5 5A 42 75 D3 C3 42
1787904766.129796,34680,0e09,12,CC CC C0 42 90 C2 99 42 52 38 1D 42
1787904766.140053,34680,0e0a,12,9A 99 A0 42 48 E1 D2 41 A8 46 97 42
1787904766.150984,34680,0e0b,12,66 66 4C 42 C2 F5 82 42 CC 0C 86 42
1787904766.161523,34680,0e0c,12,66 66 03 43 70 3D E2 41 52 B8 A6 42
1787904766.171921,34680,0e0d,12,66 66 98 42 85 EB 6D 42 AA 31 B3 42
1787904766.182344,34680,0e0e,12,9A 99 4F 42 3D 0A 99 42 F2 D2 D7 42
1787904766.192606,34680,0e0f,12,9A 99 12 43 29 5C C7 41 E8 FB 0C 42
1787904766.203016,34680,0e10,12,CC CC B8 42 33 33 13 42 5C 8F CB 41
1787904766.213367,34680,0e11,12,66 E6 0E 43 8F C2 6B 42 F6 28 23 42
1787904766.223740,34680,0e12,12,33 33 98 42 71 3D B2 41 81 55 A5 42
1787904766.234058,34680,0e13,12,00 00 81 42 14 AE 86 42 A0 9A ED 42
1787904766.244420,34680,0e14,12,66 66 52 42 E1 7A 36 42 96 43 C1 41
1787904766.255823,34680,0e15,12,CD CC 11 43 5C 8F 76 42 48 61 70 42
1787904766.266870,34680,0e16,12,66 66 C3 42 3E 0A 71 42 A0 1A 64 42
1787904766.277642,34680,0e17,12,9A 99 C6 42 14 AE 7F 42 3E 0A EA 42
1787904766.289004,34680,0e18,12,66 66 B4 42 D7 A3 9C 42 5A E4 29 42
1787904766.299961,34680,0e19,12,00 00 EE 42 7B 14 89 42 04 D6 C2 42
1787904766.310531,34680,0e1a,12,00 00 DB 42 3E 0A C3 41 D3 4D BD 41
1787904766.321369,34680,0e1b,12,66 66 AC 42 00 00 A0 41 1A 6F 9B 42
1787904766.331779,34680,0e1c,12,66 66 09 43 C2 F5 60 42 BA 49 82 42
1787904766.342256,34680,0e1d,12,66 66 01 43 52 B8 7E 42 06 41 AD 42
1787904766.352568,34680,0e1e,12,00 00 E2 42 7B 14 0A 42 7D 3F 2E 42
1787904766.362818,34680,0e1f,12,33 33 65 42 A4 70 2B 42 0A D7 42 42
1787904766.373469,34680,0e20,12,00 00 8F 42 00 00 9A 42 20 F0 A4 42
1787904766.383721,34680,0e21,12,66 E6 06 43 90 C2 8A 42 85 6B C4 42
1787904766.394071,34680,0e22,12,34 33 DD 42 F6 28 26 42 E1 FA 34 42
1787904766.404583,34680,0e23,12,00 00 92 42 1E 85 8A 42 62 D0 D8 42
1787904766.415588,34680,0e24,12,00 80 05 43 B8 1E 5D 42 AE 87 B9 42
1787904766.426105,34680,0e25,12,00 00 F7 42 5C 8F 76 42 9C 44 84 42
1787904766.441931,34680,0e26,12,9A 99 9A 42 D7 A3 20 42 42 A0 D7 42
1787904766.452379,34680,0e27,12,00 00 50 42 5C 8F 46 42 8A 41 99 42
1787904766.462808,34680,0e28,12,33 33 D1 42 1F 85 77 42 DF 4F D0 41
1787904766.473689,34680,0e29,12,00 80 10 43 0A D7 21 42 CA A1 43 42
1787904766.484363,34680,0e2a,12,00 00 6C 42 33 33 CB 41 70 BD 4C 42
1787904766.494821,34680,0e2b,12,CD CC C9 42 00 00 C4 41 EF E7 BB 42
1787904766.505229,34680,0e2c,12,9A 99 5F 42 D7 A3 F0 41 A8 C6 70 42
1787904766.515726,34680,0e2d,12,00 00 C8 42 66 66 68 42 54 A3 C2 42
1787904766.526527,34680,0e2e,12,66 66 11 43 00 00 66 42 AA F1 CB 42
1787904766.536963,34680,0e2f,12,00 00 C5 42 29 5C 75 42 E8 7B 96 42
1787904766.547305,34680,0e30,12,33 33 4F 42 3E 0A 2F 42 6C 27 B7 42
1787904766.557907,34680,0e31,12,9A 99 15 43 14 AE 95 42 C1 4A 65 42
1787904766.568732,34680,0e32,12,00 00 84 42 0A D7 63 42 62 50 A7 42
1787904766.579847,34680,0e33,12,66 66 F5 42 5C 8F 9E 42 58 39 58 42
1787904766.590371,34680,0e34,12,CC CC AC 42 AE 47 F9 41 B6 B3 94 42
1787904766.603002,34680,0e35,12,33 B3 08 43 AE 47 71 42 6C 67 46 42
1787904766.613660,34680,0e36,12,66 66 92 42 A4 70 E9 41 77 BE F4 41
1787904766.624373,34680,0e37,12,9A 99 C6 42 D7 A3 F0 41 37 89 E0 42
1787904766.635344,34680,0e38,12,9A 99 10 43 A4 70 95 42 68 51 E2 42
1787904766.646489,34680,0e39,12,67 66 E5 42 C2 F5 9A 42 B8 1E 27 42
1787904766.656937,34680,0e3a,12,CD CC 78 42 D7 A3 8D 42 B2 9D D8 42
1787904766.667507,34680,0e3b,12,9A 99 6F 42 0A D7 F7 41 2F 1D BB 42
1787904766.678021,34680,0e3c,12,33 33 93 42 B8 1E 94 42 7D BF 5F 42
1787904766.688386,34680,0e3d,12,00 00 B6 42 71 3D B2 41 5C 8F CB 41
1787904766.698858,34680,0e3e,12,66 66 D3 42 00 00 9D 42 DF 4F 00 42
1787904766.710273,34680,0e3f,12,00 00 91 42 1F 85 9C 42 EB 11 E7 42
1787904766.722014,34680,0e40,12,9A 99 5F 42 E1 7A 54 42 6B 7C E5 42
1787904766.733418,34680,0e41,12,9A 99 6D 42 33 33 25 42 EE FC 47 42
1787904766.744113,34680,0e42,12,00 00 E4 42 CD CC F8 41 C6 0B AE 42
1787904766.755035,34680,0e43,12,67 66 FB 42 90 C2 17 42 9A D9 99 42
1787904766.766928,34680,0e44,12,CD CC 56 42 C2 F5 E8 41 0C 02 9E 42
1787904766.777505,34680,0e45,12,33 33 EE 42 CD CC 76 42 1F C5 A1 42
1787904766.789809,34680,0e46,12,CD 4C 10 43 70 3D 78 42 87 96 C7 42
1787904766.801151,34680,0e47,12,66 66 8D 42 3E 0A 11 42 76 BE DF 42
1787904766.813014,34680,0e48,12,9A 99 80 42 52 B8 FA 41 D2 22 A5 42
1787904766.825035,34680,0e49,12,9A 99 E0 42 33 33 55 42 68 91 C9 42
1787904766.835997,34680,0e4a,12,66 66 B7 42 5C 8F 9E 42 0E 2D 49 42
1787904766.846344,34680,0e4b,12,66 E6 02 43 D7 A3 96 42 42 E0 66 42
1787904766.856766,34680,0e4c,12,66 66 0D 43 14 AE 8C 42 83 40 69 42
1787904766.867090,34680,0e4d,12,00 00 F0 42 00 00 DC 41 18 04 59 42
1787904766.877484,34680,0e4e,12,00 00 BB 42 66 66 26 42 27 31 0C 42
1787904766.887796,34680,0e4f,12,66 66 78 42 90 C2 53 42 E8 FB 0C 42
1787904766.898275,34680,0e50,12,33 33 63 42 9A 99 8E 42 6E 12 18 42
1787904766.908760,34680,0e51,12,66 66 00 43 85 EB 19 42 46 B6 A8 41
1787904766.919269,34680,0e52,12,CC CC CB 42 14 AE 2B 42 5A 64 C8 41
1787904766.930255,34680,0e53,12,CD CC F7 42 7B 14 46 42 21 B0 D2 41
1787904766.941222,34680,0e54,12,33 33 15 43 A4 70 C5 41 EB D1 44 42
1787904766.951905,34680,0e55,12,34 B3 0A 43 AE 47 B1 41 A8 C6 0D 42
1787904766.962498,34680,0e56,12,00 80 14 43 EC 51 34 42 23 DB 68 42
1787904766.973069,34680,0e57,12,66 66 B9 42 A4 70 49 42 36 5E F2 41
1787904766.983874,34680,0e58,12,66 66 06 43 CC CC 83 42 F2 D2 1C 42
1787904767.003769,34680,0e59,12,66 66 6C 42 70 3D 5A 42 58 39 B0 42
1787904767.014199,34680,0e5a,12,34 33 11 43 29 5C 97 42 96 83 93 42
1787904767.025242,34680,0e5b,12,34 33 E6 42 00 00 D0 41 6C E7 CF 42
1787904767.035969,34680,0e5c,12,00 00 E4 42 29 5C 4B 42 83 40 69 42
1787904767.046495,34680,0e5d,12,33 33 FA 42 D7 A3 8A 42 5E BA B9 42
1787904767.057221,34680,0e5e,12,9A 99 09 43 86 EB 49 42 75 13 AB 42
1787904767.067828,34680,0e5f,12,9A 99 FB 42 AE 47 BD 41 E5 D0 D9 41
1787904767.078745,34680,0e60,12,00 00 58 42 00 00 8E 42 EB 91 B5 42
1787904767.089200,34680,0e61,12,00 00 78 42 EC 51 A4 41 A2 45 67 42
1787904767.099621,34680,0e62,12,00 00 78 42 A4 70 2B 42 C6 4B 3D 42
1787904767.110044,34680,0e63,12,66 66 80 42 0A D7 8B 42 99 19 E4 42
1787904767.121278,34680,0e64,12,00 00 91 42 EC 51 46 42 EF 67 ED 42
1787904767.131864,34680,0e65,12,00 00 0B 43 9A 99 57 42 9E EF 60 42
1787904767.142262,34680,0e66,12,CD CC F6 42 7A 14 10 42 04 96 DB 42
1787904767.152875,34680,0e67,12,CC CC C0 42 52 B8 91 42 BC 74 E8 42
1787904767.163375,34680,0e68,12,CD CC FF 42 34 33 9E 42 5A E4 81 42
1787904767.173984,34680,0e69,12,00 00 D3 42 B8 1E 8B 42 CB 61 B4 42
1787904767.186024,34680,0e6a,12,9A 99 49 42 AE 47 35 42 64 3B 6B 42
1787904767.196990,34680,0e6b,12,99 99 EA 42 66 66 9F 42 F6 A8 AC 42
1787904767.207301,34680,0e6c,12,9A 99 B7 42 A4 70 6D 42 42 60 8D 42
1787904767.218108,34680,0e6d,12,33 33 69 42 00 00 36 42 2D F2 B7 42
1787904767.228648,34680,0e6e,12,CD CC A8 42 48 E1 C6 41 0E 2D 49 42
1787904767.239248,34680,0e6f,12,CD CC 64 42 15 AE 49 42 33 73 C1 42
1787904767.249679,34680,0e70,12,34 33 B6 42 0A D7 DF 41 66 E6 3C 42
1787904767.260545,34680,0e71,12,66 66 96 42 AE 47 BD 41 C3 75 05 42
1787904767.271299,34680,0e72,12,33 33 10 43 33 33 07 42 F8 53 E1 42
1787904767.281733,34680,0e73,12,66 66 CE 42 67 66 62 42 64 FB DB 42
1787904767.292091,34680,0e74,12,00 80 0C 43 3E 0A 11 42 0A 17 82 42
1787904767.302665,34680,0e75,12,CC CC AD 42 9A 99 A9 41 D3 8D 8F 42
1787904767.313864,34680,0e76,12,CD CC E6 42 7B 14 4C 42 94 D8 C1 42
1787904767.324676,34680,0e77,12,00 00 8A 42 00 00 9A 42 6F 12 D3 42
1787904767.335177,34680,0e78,12,33 33 E8 42 AE 47 53 42 EA A6 99 42
1787904767.345721,34680,0e79,12,66 66 D0 42 B8 1E 8E 42 54 A3 C2 42
1787904767.356042,34680,0e7a,12,00 00 A2 42 7B 14 04 42 31 08 EC 41
1787904767.366437,34680,0e7b,12,66 66 02 43 70 3D E2 41 EA 26 10 42
1787904767.376791,34680,0e7c,12,33 B3 15 43 3E 0A 6B 42 2F DD 18 42
1787904767.396242,34680,0e7d,12,CD CC 8F 42 D7 A3 38 42 48 E1 AB 41
1787904767.406951,34680,0e7e,12,34 33 FF 42 34 33 8F 42 95 03 C5 42
1787904767.417412,34680,0e7f,12,66 E6 0D 43 66 66 BA 41 BE 5F A1 42
1787904767.427826,34680,0e80,12,33 33 FD 42 29 5C 45 42 F6 28 DE 42
1787904767.438298,34680,0e81,12,66 66 CF 42 66 66 20 42 3F B5 63 42
1787904767.448796,34680,0e82,12,33 33 D3 42 52 B8 18 42 F8 D3 AF 42
1787904767.459355,34680,0e83,12,9A 19 0E 43 5C 8F 16 42 3E 8A 60 42
1787904767.469930,34680,0e84,12,9A 99 6F 42 3E 0A 35 42 E5 D0 C4 42
1787904767.480862,34680,0e85,12,33 33 C6 42 1F 85 2F 42 BE 9F 88 42
1787904767.491311,34680,0e86,12,33 33 DF 42 E1 7A 66 42 DD A4 2E 42
1787904767.506101,34680,0e87,12,CD CC F1 42 AE 47 5F 42 F2 52 4E 42
1787904767.516608,34680,0e88,12,33 33 15 43 EC 51 E0 41 29 9C B1 42
1787904767.527369,34680,0e89,12,33 33 97 42 52 B8 72 42 D7 23 E0 42
1787904767.538119,34680,0e8a,12,66 66 AE 42 B8 1E CD 41 A8 46 97 42
1787904767.548589,34680,0e8b,12,66 66 04 43 5C 8F 58 42 36 1E 93 42
1787904767.559756,34680,0e8c,12,33 33 B2 42 14 AE 92 42 27 31 C7 42
1787904767.570515,34680,0e8d,12,CD CC A2 42 70 3D 66 42 C9 F6 C9 42
1787904767.580999,34680,0e8e,12,34 33 C4 42 90 C2 93 42 95 C3 DD 42
1787904767.591522,34680,0e8f,12,CD CC D4 42 EC 51 A4 41 B4 88 91 42
1787904767.602245,34680,0e90,12,CC CC B9 42 70 3D 3C 42 62 D0 D8 42
1787904767.612739,34680,0e91,12,00 00 DD 42 7B 14 AA 41 AE 47 7A 42
1787904767.623188,34680,0e92,12,34 33 AA 42 E2 7A 12 42 1F 05 EC 42
1787904767.633759,34680,0e93,12,CC CC F4 42 A4 70 DD 41 3A B4 28 42
1787904767.644091,34680,0e94,12,9A 99 8D 42 EC 51 BC 41 99 59 CB 42
1787904767.655378,34680,0e95,12,9A 99 BD 42 B8 1E 15 42 BE 9F EB 42
1787904767.665740,34680,0e96,12,34 B3 04 43 71 3D 42 42 70 3D EB 41
1787904767.676189,34680,0e97,12,9A 99 98 42 70 3D 78 42 6B BC CC 42
1787904767.686948,34680,0e98,12,33 33 0E 43 1F 85 0B 42 11 18 BD 42
1787904767.697561,34680,0e99,12,00 00 91 42 48 E1 8A 42 29 DC 40 42
1787904767.708611,34680,0e9a,12,34 33 0B 43 EC 51 95 42 74 53 92 42
1787904767.718988,34680,0e9b,12,9A 99 87 42 14 AE 8F 42 58 B9 26 42
1787904767.729300,34680,0e9c,12,CD CC EA 42 1F 85 B7 41 62 10 05 42
1787904767.739690,34680,0e9d,12,66 66 F3 42 48 E1 D2 41 D3 4D A8 42
1787904767.750435,34680,0e9e,12,00 00 99 42 F6 28 8D 42 8F 42 D4 42
1787904767.760792,34680,0e9f,12,66 66 BA 42 1F 85 93 42 9A 19 81 42
1787904767.772526,34680,0ea0,12,33 33 E4 42 C2 F5 60 42 7F 2A A2 42
1787904767.783139,34680,0ea1,12,34 33 A3 42 0A D7 0F 42 1F 45 D3 42
1787904767.793581,34680,0ea2,12,66 66 03 43 9A 99 21 42 AE 47 E7 41
1787904767.804012,34680,0ea3,12,9A 99 BD 42 67 66 6E 42 D5 78 53 42
1787904767.815441,34680,0ea4,12,CD CC AA 42 9A 99 3F 42 77 BE F4 41
1787904767.825960,34680,0ea5,12,CD CC FF 42 71 3D 8B 42 5C 0F 85 42
1787904767.836413,34680,0ea6,12,66 E6 0C 43 B8 1E 33 42 F4 7D 51 42
1787904767.846920,34680,0ea7,12,CD CC 80 42 D7 A3 81 42 A8 C6 C8 42
1787904767.857463,34680,0ea8,12,9A 99 93 42 CC CC 4C 42 6C 67 46 42
1787904767.877419,34680,0ea9,12,9A 99 D3 42 1F 85 FF 41 64 BB 91 42
1787904767.890462,34680,0eaa,12,00 80 12 43 A4 70 86 42 4C 37 45 42
1787904767.924298,34680,0eab,12,66 66 F9 42 CD CC F8 41 87 D6 AE 42
1787904767.950888,34680,0eac,12,66 66 8B 42 F6 28 62 42 12 83 A7 42
1787904767.962015,34680,0ead,12,CD CC FB 42 AE 47 5F 42 DD A4 86 42
1787904767.972272,34680,0eae,12,00 00 58 42 34 33 37 42 C5 60 DC 42
1787904767.985021,34680,0eaf,12,CD CC 04 43 70 3D 48 42 3A B4 28 42
1787904767.995449,34680,0eb0,12,00 00 9C 42 29 5C 51 42 20 30 34 42
1787904768.005917,34680,0eb1,12,66 E6 05 43 7B 14 52 42 87 96 C7 42
1787904768.016340,34680,0eb2,12,00 00 E9 42 00 00 8E 42 35 9E C4 42
1787904768.026891,34680,0eb3,12,9A 99 89 42 33 33 9B 42 B4 48 52 42
1787904768.043891,34680,0eb4,12,00 00 C2 42 33 33 D7 41 08 2C C9 42
1787904768.054620,34680,0eb5,12,66 66 6A 42 29 5C 03 42 E1 7A 66 42
1787904768.065352,34680,0eb6,12,33 33 5F 42 9A 99 2D 42 E8 7B 3E 42
1787904768.075976,34680,0eb7,12,99 99 EB 42 A4 70 8F 42 CB 61 B4 42
1787904768.086624,34680,0eb8,12,CD CC 68 42 52 B8 06 42 83 40 C1 42
1787904768.097486,34680,0eb9,12,CC CC BA 42 5C 8F 9B 42 D1 A2 D6 42
1787904768.108502,34680,0eba,12,CD CC 12 43 90 C2 9C 42 33 B3 50 42
1787904768.119655,34680,0ebb,12,9A 99 53 42 70 3D 1E 42 EC 11 84 42
1787904768.130405,34680,0ebc,12,33 33 69 42 00 00 06 42 69 91 DE 41
1787904768.149678,34680,0ebd,12,9A 99 99 42 66 66 7A 42 DD A4 E9 42
1787904768.163649,34680,0ebe,12,33 33 EB 42 C3 F5 72 42 A8 06 B0 42
1787904768.181872,34680,0ebf,12,CD CC AB 42 F6 28 D8 41 6A 3C 9B 42
1787904768.192658,34680,0ec0,12,33 33 C5 42 B8 1E 1B 42 FA FE B2 42
1787904768.203662,34680,0ec1,12,CC CC CB 42 B8 1E 9A 42 72 68 EE 41
1787904768.214260,34680,0ec2,12,00 80 0C 43 29 5C 94 42 E6 50 3B 42
1787904768.224931,34680,0ec3,12,66 66 6A 42 52 B8 D6 41 D4 B8 92 42
1787904768.235713,34680,0ec4,12,33 33 DF 42 EB 51 52 42 A4 70 D7 41
1787904768.246551,34680,0ec5,12,9A 99 EE 42 8F C2 0B 42 D5 F8 DC 42
1787904768.257512,34680,0ec6,12,9A 99 59 42 70 3D 2A 42 FC A9 2C 42
1787904768.268695,34680,0ec7,12,9A 99 0F 43 29 5C A3 41 31 88 A5 42
1787904768.281134,34680,0ec8,12,00 00 DE 42 7B 14 C2 41 A2 45 04 42
1787904768.291847,34680,0ec9,12,33 33 97 42 F6 28 08 42 2F 9D EC 42
1787904768.302589,34680,0eca,12,9A 99 AD 42 D7 A3 93 42 23 DB C0 42
1787904768.313323,34680,0ecb,12,9A 99 71 42 AE 47 4D 42 AC 9C 45 42
1787904768.324017,34680,0ecc,12,33 B3 14 43 90 C2 17 42 66 E6 3C 42
1787904768.334837,34680,0ecd,12,9A 99 D4 42 AE 47 8A 42 F0 27 A3 42
1787904768.345521,34680,0ece,12,66 66 5A 42 3E 0A 7D 42 C6 8B DF 42
1787904768.356031,34680,0ecf,12,CC CC B3 42 0A D7 F7 41 6A 7C 82 42
1787904768.366757,34680,0ed0,12,66 66 D0 42 E1 7A 24 42 5C 0F 85 42
1787904768.377392,34680,0ed1,12,9A 99 8B 42 E2 7A 88 42 B2 9D D8 42
1787904768.388157,34680,0ed2,12,CD CC 68 42 85 EB E9 41 10 58 A4 42
1787904768.399159,34680,0ed3,12,00 00 9A 42 66 66 08 42 50 0D 7D 42
1787904768.409768,34680,0ed4,12,CC 4C 01 43 70 3D 18 42 2D B2 D0 42
1787904768.421127,34680,0ed5,12,CD CC 56 42 1F 85 DB 41 AC 1C 14 42
1787904768.434689,34680,0ed6,12,00 00 4A 42 F5 28 6E 42 4C 37 9D 42
1787904768.445501,34680,0ed7,12,33 33 65 42 1F 85 B7 41 36 1E 93 42
1787904768.456068,34680,0ed8,12,66 66 0D 43 A3 70 5B 42 0E 6D EB 42
1787904768.466790,34680,0ed9,12,CD CC FE 42 C2 F5 24 42 CF F7 A1 42
1787904768.477637,34680,0eda,12,9A 99 AB 42 9A 99 94 42 60 65 8B 42
1787904768.488210,34680,0edb,12,9A 19 0B 43 A4 70 D1 41 C2 B5 A7 42
1787904768.502347,34680,0edc,12,9A 99 B2 42 66 66 D2 41 02 2B A3 41
1787904768.513717,34680,0edd,12,33 33 A2 42 5C 8F 98 42 CD 4C D0 42
1787904768.524534,34680,0ede,12,9A 99 CD 42 EB 51 70 42 FC A9 FC 41
1787904768.535183,34680,0edf,12,33 33 C7 42 EC 51 8F 42 40 B5 00 42
1787904768.546156,34680,0ee0,12,34 33 B1 42 48 E1 5C 42 A6 9B C5 42
1787904768.557434,34680,0ee1,12,66 66 8A 42 90 C2 81 42 E9 66 B2 42
1787904768.568217,34680,0ee2,12,9A 99 95 42 52 B8 82 42 91 AD BE 42
1787904768.578936,34680,0ee3,12,9A 19 0D 43 F6 28 2C 42 AC 1C CF 42
1787904768.589729,34680,0ee4,12,00 00 10 43 1E 85 29 42 6C 27 B7 42
1787904768.600513,34680,0ee5,12,CC 4C 01 43 8F C2 B1 41 54 A3 C2 42
1787904768.611243,34680,0ee6,12,67 66 E6 42 8F C2 E1 41 17 59 DF 42
1787904768.630420,34680,0ee7,12,66 66 78 42 3E 0A 6B 42 33 B3 50 42
1787904768.641201,34680,0ee8,12,00 00 BD 42 86 EB 9B 42 42 60 35 42
1787904768.651977,34680,0ee9,12,00 00 AE 42 0A D7 85 42 5E BA 61 42
1787904768.662590,34680,0eea,12,99 99 EA 42 A4 70 01 42 7D 7F D0 42
1787904768.673314,34680,0eeb,12,00 00 E2 42 52 B8 97 42 3F 75 D4 42
1787904768.695236,34680,0eec,12,00 00 60 42 CD CC 04 42 79 A9 98 42
1787904768.706292,34680,0eed,12,66 66 8A 42 C2 F5 7E 42 66 E6 94 42
1787904768.717007,34680,0eee,12,66 66 9F 42 67 66 62 42 FC 29 5E 42
1787904768.728016,34680,0eef,12,9A 99 CF 42 29 5C 94 42 64 3B C3 42
1787904768.738732,34680,0ef0,12,33 33 86 42 66 66 F6 41 FA FE 5A 42
1787904768.749530,34680,0ef1,12,00 00 0D 43 48 E1 93 42 77 BE F4 41
1787904768.760072,34680,0ef2,12,33 33 7D 42 E1 7A 18 42 1D DA 2D 42
1787904768.772925,34680,0ef3,12,33 B3 02 43 8F C2 87 42 4E 62 B5 41
1787904768.784102,34680,0ef4,12,00 00 E5 42 9A 99 88 42 1B EF CC 42
1787904768.795289,34680,0ef5,12,66 66 0C 43 9A 99 D9 41 83 40 06 42
1787904768.806202,34680,0ef6,12,66 66 D8 42 EC 51 A4 41 D2 22 A5 42
1787904768.816909,34680,0ef7,12,33 33 6F 42 5C 8F 2E 42 12 83 4F 42
1787904768.830612,34680,0ef8,12,9A 99 9B 42 C2 F5 9A 42 EB D1 9C 42
1787904768.841394,34680,0ef9,12,33 33 91 42 33 33 73 42 89 C1 0F 42
1787904768.852016,34680,0efa,12,CD CC EC 42 A4 70 55 42 C9 36 B1 42
1787904768.862815,34680,0efb,12,99 99 F5 42 66 66 9F 42 E1 BA A5 42
1787904768.873397,34680,0efc,12,00 80 03 43 C2 F5 06 42 5A 64 5B 42
1787904768.884092,34680,0efd,12,00 00 15 43 52 B8 97 42 DF CF 31 42
1787904768.895233,34680,0efe,12,CD CC D4 42 AE 47 E1 41 0E 6D 88 42
1787904768.905886,34680,0eff,12,9A 99 FC 42 1F 85 5F 42 40 B5 00 42
1787904768.916522,34680,0f00,12,9A 99 0A 43 7B 14 92 42 66 E6 94 42
1787904768.927508,34680,0f01,12,99 99 F8 42 9A 99 C1 41 5A E4 81 42
1787904768.938137,34680,0f02,12,9A 99 7F 42 66 66 BA 41 AC 1C 77 42
1787904768.949904,34680,0f03,12,66 66 A2 42 C2 F5 94 42 46 F6 DD 42
1787904768.960622,34680,0f04,12,9A 19 07 43 7B 14 C2 41 29 5C 0F 42
1787904768.971469,34680,0f05,12,66 66 05 43 90 C2 ED 41 3B 1F CE 42
1787904768.982190,34680,0f06,12,CD CC 03 43 E1 7A 36 42 54 23 91 42
1787904768.992864,34680,0f07,12,33 33 14 43 E1 7A 42 42 68 91 C9 42
1787904769.003497,34680,0f08,12,00 00 9C 42 71 3D 72 42 50 0D 1A 42
1787904769.065912,34680,0f09,12,00 00 8A 42 CC CC 3A 42 06 81 3C 42
1787904769.076344,34680,0f0a,12,9A 99 82 42 EC 51 58 42 DD A4 E9 42
1787904769.091884,34680,0f0b,12,CD CC 0F 43 5D 8F 70 42 1C DA E8 42
1787904769.102419,34680,0f0c,12,00 00 0B 43 5C 8F 16 42 31 08 D7 42
1787904769.112905,34680,0f0d,12,9A 99 D3 42 3E 0A FF 41 44 8B A5 41
1787904769.124295,34680,0f0e,12,9A 99 8E 42 A4 70 49 42 1C 1A D0 42
1787904769.134859,34680,0f0f,12,34 33 E5 42 1E 85 53 42 AA 31 B3 42
1787904769.145480,34680,0f10,12,CD CC E0 42 00 00 48 42 E5 D0 09 42
1787904769.155909,34680,0f11,12,00 00 EF 42 70 3D 3C 42 3E CA 9F 42
1787904769.166860,34680,0f12,12,66 E6 11 43 B8 1E A9 41 C9 B6 E2 42
1787904769.177530,34680,0f13,12,34 33 FE 42 3E 0A 96 42 C2 B5 A7 42
1787904769.187950,34680,0f14,12,66 66 CC 42 EC 51 22 42 89 C1 0F 42
1787904769.198479,34680,0f15,12,66 66 02 43 B8 1E 91 42 C2 35 D9 42
1787904769.209099,34680,0f16,12,66 E6 01 43 9A 99 FD 41 DC 79 2B 42
1787904769.219841,34680,0f17,12,9A 99 95 42 F6 28 D8 41 6E 12 E8 41
1787904769.230508,34680,0f18,12,66 66 86 42 B8 1E B5 41 A6 9B 0A 42
1787904769.241184,34680,0f19,12,CC 4C 13 43 1F 85 6B 42 E1 7A D3 41
1787904769.251694,34680,0f1a,12,34 33 E5 42 67 66 50 42 12 83 4F 42
1787904769.263037,34680,0f1b,12,CC CC D9 42 A4 70 9E 42 31 08 D7 42
1787904769.273732,34680,0f1c,12,9A 19 0A 43 0A D7 63 42 5C CF 9D 42
1787904769.284814,34680,0f1d,12,00 00 EB 42 52 B8 94 42 C9 B6 E2 42
1787904769.296984,34680,0f1e,12,CC CC 06 43 70 3D 18 42 16 19 95 42
1787904769.308949,34680,0f1f,12,66 66 A7 42 EC 51 B0 41 1B 2F C9 41
1787904769.322551,34680,0f20,12,00 00 DA 42 C2 F5 94 42 C9 B6 E2 42
1787904769.333406,34680,0f21,12,9A 99 97 42 C2 F5 48 42 2D B2 15 42
1787904769.344193,34680,0f22,12,33 33 D2 42 E1 7A B8 41 2D F2 B7 42
1787904769.355914,34680,0f23,12,33 33 C9 42 1E 85 53 42 F4 FD EF 41
1787904769.366868,34680,0f24,12,66 66 56 42 AE 47 53 42 37 C9 C7 42
1787904769.377534,34680,0f25,12,33 33 65 42 CD CC 2E 42 3B DF 83 42
1787904769.391721,34680,0f26,12,CD CC EB 42 AE 47 B1 41 7B 14 E6 42
1787904769.402722,34680,0f27,12,00 00 06 43 E1 7A 0C 42 76 3E 56 42
1787904769.413892,34680,0f28,12,66 66 78 42 90 C2 53 42 73 28 8F 42
1787904769.424758,34680,0f29,12,33 33 91 42 14 AE 37 42 46 36 C5 42
1787904769.436738,34680,0f2a,12,99 99 EB 42 AE 47 17 42 A0 5A A3 42
1787904769.447772,34680,0f2b,12,33 33 F3 42 14 AE 86 42 60 25 A4 42
1787904769.458573,34680,0f2c,12,CD CC 50 42 CC CC 9B 42 1D 5A CC 41
1787904769.469325,34680,0f2d,12,9A 99 C3 42 00 00 66 42 8C 6C 44 42
1787904769.479957,34680,0f2e,12,33 33 86 42 9A 99 97 42 2D B2 E5 41
1787904769.490710,34680,0f2f,12,66 66 0E 43 F6 28 99 42 85 6B C4 42
1787904769.501362,34680,0f30,12,CC CC 07 43 AE 47 D5 41 B7 33 C6 42
1787904769.512311,34680,0f31,12,9A 99 E7 42 9A 99 F1 41 27 71 AE 42
1787904769.523614,34680,0f32,12,9A 99 A5 42 7B 14 28 42 C1 CA A0 41
1787904769.534352,34680,0f33,12,9A 99 06 43 48 E1 02 42 EA 26 10 42
1787904769.545161,34680,0f34,12,66 66 82 42 66 66 81 42 FA 3E 9A 42
1787904769.555921,34680,0f35,12,33 33 53 42 A4 70 AD 41 54 63 20 42
1787904769.566539,34680,0f36,12,00 00 DE 42 52 B8 3C 42 5A 64 B3 42
1787904769.577279,34680,0f37,12,00 00 8E 42 3D 0A 59 42 35 5E DD 42
1787904769.598337,34680,0f38,12,33 33 84 42 99 99 7B 42 20 30 34 42
1787904769.609907,34680,0f39,12,00 00 DE 42 D7 A3 14 42 C6 CB C6 42
1787904769.620782,34680,0f3a,12,99 99 E9 42 66 66 F6 41 E9 26 CB 42
1787904769.631856,34680,0f3b,12,66 66 D0 42 85 EB D1 41 1C 5A 5F 42
1787904769.642572,34680,0f3c,12,9A 99 0C 43 1F 85 1D 42 2E 5D 4A 42
1787904769.653336,34680,0f3d,12,66 E6 0E 43 7B 14 DA 41 D3 4D A8 42
1787904769.664494,34680,0f3e,12,9A 99 99 42 E1 7A 3C 42 AE C7 A0 42
1787904769.675030,34680,0f3f,12,CD CC 58 42 00 00 C4 41 75 93 DC 42
1787904769.688373,34680,0f40,12,66 66 AF 42 5C 8F 04 42 49 8C 73 42
1787904769.699016,34680,0f41,12,9A 99 F1 42 85 EB 3D 42 5E BA 61 42
1787904769.709737,34680,0f42,12,9A 99 57 42 EC 51 1C 42 5D 4F CF 42
1787904769.720576,34680,0f43,12,33 B3 0F 43 70 3D 78 42 81 95 34 42
1787904769.731135,34680,0f44,12,67 66 EF 42 9A 99 27 42 50 8D 4B 42
1787904769.741913,34680,0f45,12,CC CC D8 42 B8 1E F1 41 F4 BD 90 42
1787904769.752451,34680,0f46,12,66 66 BC 42 1F 85 DB 41 9C 04 9D 42
1787904769.762851,34680,0f47,12,33 33 AD 42 1F 85 3B 42 3E 0A 2F 42
1787904769.775800,34680,0f48,12,CD CC B6 42 E2 7A 5A 42 37 49 96 42
1787904769.786613,34680,0f49,12,66 66 B1 42 E2 7A 12 42 D1 A2 1B 42
1787904769.797530,34680,0f4a,12,9A 99 FF 42 66 66 87 42 50 0D 7D 42
1787904769.808291,34680,0f4b,12,9A 99 55 42 F6 28 62 42 AC 1C E4 41
1787904769.819741,34680,0f4c,12,9A 99 C0 42 AE 47 65 42 3B DF 2B 42
1787904769.830445,34680,0f4d,12,9A 99 AB 42 5D 8F 70 42 9C C4 5D 42
1787904769.841668,34680,0f4e,12,33 33 C5 42 A4 70 86 42 11 D8 7D 42
1787904769.852308,34680,0f4f,12,CD CC 4E 42 48 E1 68 42 5E 3A 30 42
1787904769.863108,34680,0f50,12,CD CC 88 42 F5 28 6E 42 94 98 1F 42
1787904769.873866,34680,0f51,12,CD CC E1 42 F5 28 50 42 EE FC 9F 42
1787904769.884974,34680,0f52,12,33 33 E1 42 33 33 25 42 15 2E DC 42
1787904769.904045,34680,0f53,12,9A 99 87 42 E2 7A 5A 42 99 19 E4 42
1787904769.914848,34680,0f54,12,CD CC A3 42 D7 A3 9C 42 93 18 BE 41
1787904769.925858,34680,0f55,12,66 66 48 42 D7 A3 02 42 E5 10 AC 42
1787904769.936595,34680,0f56,12,66 66 FA 42 8F C2 0B 42 49 8C 73 42
1787904769.947233,34680,0f57,12,33 33 F1 42 70 3D D6 41 18 04 B1 42
1787904769.958257,34680,0f58,12,CD 4C 0B 43 A4 70 25 42 7A D4 9B 42
1787904769.969078,34680,0f59,12,CD CC 62 42 AE 47 F9 41 EE 7C 16 42
1787904769.980247,34680,0f5a,12,00 00 15 43 9A 99 9A 42 9C 84 CE 42
1787904769.991225,34680,0f5b,12,CC CC BF 42 CD CC 28 42 36 5E F2 41
1787904770.002143,34680,0f5c,12,66 E6 13 43 70 3D 36 42 5C 8F CB 41
1787904770.012692,34680,0f5d,12,33 33 03 43 29 5C 5D 42 0E ED B9 42
1787904770.026991,34680,0f5e,12,9A 99 9C 42 AE 47 11 42 D9 4E E3 42
1787904770.037650,34680,0f5f,12,9A 99 59 42 29 5C EB 41 F2 12 BF 42
1787904770.048089,34680,0f60,12,33 33 08 43 66 66 08 42 81 95 34 42
1787904770.058752,34680,0f61,12,CD CC 9C 42 14 AE 98 42 EE 7C 16 42
1787904770.069412,34680,0f62,12,66 66 62 42 29 5C 0F 42 98 2E C8 42
1787904770.080640,34680,0f63,12,CD CC F3 42 B8 1E 7B 42 4A 4C 81 42
1787904770.091355,34680,0f64,12,00 80 0B 43 3D 0A F3 41 00 80 BC 42
1787904770.103841,34680,0f65,12,9A 99 6D 42 52 B8 36 42 B2 1D 4F 42
1787904770.114611,34680,0f66,12,9A 99 86 42 9A 99 6F 42 F6 A8 54 42
1787904770.125584,34680,0f67,12,CC 4C 02 43 5C 8F 4C 42 66 E6 3C 42
1787904770.136454,34680,0f68,12,9A 99 98 42 AE 47 05 42 3E 8A B8 42
1787904770.147360,34680,0f69,12,00 00 B1 42 5C 8F 8C 42 81 15 BE 42
1787904770.159514,34680,0f6a,12,66 66 13 43 C2 F5 8B 42 62 D0 D8 42
1787904770.170346,34680,0f6b,12,33 33 8D 42 1E 85 53 42 0A 17 82 42
1787904770.185413,34680,0f6c,12,33 33 E7 42 E2 7A 2A 42 58 F9 C8 42
1787904770.224346,34680,0f6d,12,00 00 CC 42 14 AE 83 42 06 01 C6 42
1787904770.249478,34680,0f6e,12,66 E6 00 43 B8 1E 63 42 C0 CA 8B 42
1787904770.271415,34680,0f6f,12,9A 99 AF 42 0A D7 AF 41 DB B9 CD 42
1787904770.282146,34680,0f70,12,66 66 DC 42 EC 51 F8 41 D2 22 A5 42
1787904770.293562,34680,0f71,12,66 E6 15 43 14 AE 4F 42 F8 D3 AF 42
1787904770.304251,34680,0f72,12,9A 99 AA 42 AE 47 0B 42 17 59 DF 42
1787904770.315393,34680,0f73,12,CD CC 64 42 85 EB 3D 42 AE 47 17 42
1787904770.326167,34680,0f74,12,66 66 96 42 AE 47 C9 41 64 3B D8 41
1787904770.337086,34680,0f75,12,00 00 06 43 70 3D 85 42 48 61 C8 42
1787904770.348092,34680,0f76,12,CD CC 4C 42 EC 51 28 42 E3 A5 D6 41
1787904770.358709,34680,0f77,12,9A 19 15 43 52 B8 BE 41 BA 49 E5 42
1787904770.369219,34680,0f78,12,CD CC 58 42 D7 A3 02 42 EB D1 44 42
1787904770.379735,34680,0f79,12,9A 99 83 42 5C 8F 98 42 DD 24 B8 42
1787904770.390494,34680,0f7a,12,99 99 F7 42 14 AE 2B 42 4A 0C 9A 42
1787904770.400950,34680,0f7b,12,9A 99 C7 42 48 E1 4A 42 3B 9F 9C 42
1787904770.412908,34680,0f7c,12,CD CC E5 42 3E 0A 7D 42 B6 F3 F3 41
1787904770.423637,34680,0f7d,12,CC CC CD 42 29 5C DF 41 87 16 3E 42
1787904770.434386,34680,0f7e,12,CD 4C 05 43 C2 F5 4E 42 A8 C6 C8 42
1787904770.444994,34680,0f7f,12,00 00 C7 42 1E 85 41 42 0E 6D EB 42
1787904770.455582,34680,0f80,12,9A 99 F0 42 D7 A3 F0 41 62 10 05 42
1787904770.466007,34680,0f81,12,33 33 81 42 0A D7 45 42 E8 FB C7 42
1787904770.476530,34680,0f82,12,66 66 A0 42 90 C2 1D 42 8B 2C B5 42
1787904770.487080,34680,0f83,12,00 80 07 43 70 3D 66 42 DF CF 89 42
1787904770.497683,34680,0f84,12,66 66 5A 42 EB 51 70 42 50 8D 4B 42
1787904770.508224,34680,0f85,12,66 66 4C 42 B8 1E A9 41 C5 20 92 42
1787904770.518874,34680,0f86,12,33 33 FA 42 A4 70 89 42 AA F1 E0 41
1787904770.529835,34680,0f87,12,CC 4C 15 43 34 33 9E 42 8E D7 86 42
1787904770.540956,34680,0f88,12,CD CC 12 43 CC CC 4C 42 16 59 24 42
1787904770.551761,34680,0f89,12,66 66 06 43 B8 1E 2D 42 0E 2D 49 42
1787904770.562461,34680,0f8a,12,9A 99 4F 42 3D 0A 65 42 B8 1E F7 41
1787904770.573150,34680,0f8b,12,34 33 BE 42 C2 F5 78 42 85 2B DD 42
1787904770.583781,34680,0f8c,12,33 33 F4 42 EC 51 D4 41 29 DC 98 42
1787904770.594392,34680,0f8d,12,34 33 CD 42 D7 A3 CC 41 76 BE DF 42
1787904770.605211,34680,0f8e,12,9A 99 7F 42 F5 28 6E 42 3F B5 BB 42
1787904770.615892,34680,0f8f,12,33 33 B4 42 B8 1E 03 42 81 15 66 42
1787904770.626643,34680,0f90,12,9A 99 B4 42 52 B8 42 42 17 D9 55 42
1787904770.637338,34680,0f91,12,CD CC F2 42 14 AE 9B 42 6C E7 CF 42
1787904770.647870,34680,0f92,12,CD CC 09 43 A4 70 55 42 3A 34 5A 42
1787904770.658730,34680,0f93,12,34 33 05 43 14 AE EF 41 92 6D 1C 42
1787904770.670484,34680,0f94,12,CD CC 8C 42 14 AE 25 42 52 78 BF 42
1787904770.681291,34680,0f95,12,33 33 FC 42 5D 8F 70 42 81 D5 D6 42
1787904770.691921,34680,0f96,12,9A 99 CC 42 48 E1 F6 41 18 44 98 42
1787904770.702747,34680,0f97,12,33 33 C7 42 F6 28 4A 42 9C C4 5D 42
1787904770.713556,34680,0f98,12,33 33 D4 42 1F 85 11 42 75 93 DC 42
1787904770.724153,34680,0f99,12,CD 4C 06 43 52 B8 30 42 58 B9 26 42
1787904770.734784,34680,0f9a,12,00 00 7A 42 C2 F5 48 42 73 E8 A7 42
1787904770.745322,34680,0f9b,12,33 B3 03 43 3E 0A DB 41 C5 20 92 42
1787904770.756016,34680,0f9c,12,00 00 8A 42 3D 0A CF 41 EE 7C E6 41
1787904770.766714,34680,0f9d,12,CC CC C6 42 3E 0A 35 42 1D DA 2D 42
1787904770.779704,34680,0f9e,12,00 00 58 42 EC 51 E0 41 B2 9D ED 41
1787904770.790626,34680,0f9f,12,9A 99 CB 42 71 3D 6C 42 5C CF 9D 42
1787904770.801289,34680,0fa0,12,33 33 EB 42 F6 28 02 42 12 03 D9 42
1787904770.815312,34680,0fa1,12,CD CC 90 42 34 33 8F 42 F0 27 4B 42
1787904770.825965,34680,0fa2,12,00 00 00 43 90 C2 47 42 9A 19 29 42
1787904770.836738,34680,0fa3,12,00 00 BC 42 85 EB 5B 42 4E 62 48 42
1787904770.847318,34680,0fa4,12,CC CC BA 42 0A D7 F7 41 15 AE AA 42
1787904770.857947,34680,0fa5,12,00 00 F9 42 33 33 89 42 7B 14 E6 42
1787904770.869153,34680,0fa6,12,CD CC C1 42 85 EB 95 42 BE 5F A1 42
1787904770.880624,34680,0fa7,12,CD CC E2 42 85 EB 19 42 4A 0C AF 41
1787904770.891385,34680,0fa8,12,CD CC 91 42 48 E1 0E 42 29 1C 80 42
1787904770.902144,34680,0fa9,12,00 80 09 43 15 AE 6D 42 2D 72 E9 42
1787904770.914093,34680,0faa,12,CC CC 00 43 F6 28 81 42 B4 08 C3 42
1787904770.924762,34680,0fab,12,66 66 07 43 EC 51 E0 41 AA F1 E0 41
1787904770.935787,34680,0fac,12,33 33 AC 42 3E 0A 9C 42 6A 3C 43 42
1787904770.946486,34680,0fad,12,00 00 87 42 CD CC 98 42 93 18 BE 41
1787904770.957002,34680,0fae,12,00 00 8A 42 5C 8F 92 42 94 18 51 42
1787904770.967640,34680,0faf,12,66 66 74 42 85 EB E9 41 98 AE 96 42
1787904770.978555,34680,0fb0,12,66 66 E3 42 9A 99 45 42 06 C1 DE 42
1787904770.989253,34680,0fb1,12,33 33 F6 42 33 33 0D 42 2F DD D3 42
1787904771.001309,34680,0fb2,12,00 00 A7 42 48 E1 1A 42 74 93 F1 41
1787904771.011988,34680,0fb3,12,00 80 00 43 9A 99 75 42 68 51 E2 42
1787904771.022669,34680,0fb4,12,9A 99 FA 42 A4 70 A1 41 DC 39 9C 42
1787904771.033281,34680,0fb5,12,9A 99 AE 42 33 33 01 42 33 33 DA 42
1787904771.043845,34680,0fb6,12,33 33 8B 42 8F C2 77 42 8D 17 79 42
1787904771.055017,34680,0fb7,12,9A 99 AE 42 14 AE B3 41 C9 36 B1 42
1787904771.065911,34680,0fb8,12,9A 99 59 42 A4 70 6D 42 71 3D D6 42
1787904771.076286,34680,0fb9,12,9A 99 8E 42 E2 7A 82 42 79 E9 E2 42
1787904771.086899,34680,0fba,12,9A 99 04 43 66 66 20 42 04 D6 C2 42
1787904771.097484,34680,0fbb,12,9A 19 07 43 7A 14 76 42 EF A7 D4 42
1787904771.108309,34680,0fbc,12,CD 4C 11 43 C2 F5 42 42 E4 A5 C1 42
1787904771.119931,34680,0fbd,12,66 66 C1 42 90 C2 71 42 27 F1 DF 42
1787904771.131086,34680,0fbe,12,CD CC E1 42 48 E1 99 42 98 6E C4 41
1787904771.142021,34680,0fbf,12,00 00 F9 42 B8 1E 63 42 EB 11 E7 42
1787904771.152510,34680,0fc0,12,33 33 CA 42 48 E1 38 42 75 93 DC 42
1787904771.163221,34680,0fc1,12,CD CC 70 42 5C 8F C2 41 5A E4 E4 42
1787904771.173846,34680,0fc2,12,00 00 08 43 5C 8F 1C 42 31 08 1C 42
1787904771.190882,34680,0fc3,12,CD CC 62 42 C2 F5 5A 42 0C 82 77 42
1787904771.201742,34680,0fc4,12,CC 4C 08 43 EC 51 83 42 5A E4 29 42
1787904771.212468,34680,0fc5,12,9A 99 E4 42 14 AE 19 42 95 C3 DD 42
1787904771.223194,34680,0fc6,12,00 80 11 43 70 3D 12 42 29 1C E3 42
1787904771.233793,34680,0fc7,12,9A 99 8A 42 0A D7 4B 42 7B 94 B4 42
1787904771.244325,34680,0fc8,12,CD CC 10 43 5D 8F 52 42 0C 82 CF 42
1787904771.254920,34680,0fc9,12,66 E6 0E 43 5C 8F 0A 42 96 C3 22 42
1787904771.265754,34680,0fca,12,9A 99 E0 42 0A D7 0F 42 42 60 8D 42
1787904771.276468,34680,0fcb,12,9A 19 07 43 5C 8F 9E 42 A4 70 07 42
1787904771.287098,34680,0fcc,12,00 00 99 42 85 EB A1 41 D1 E2 BD 42
1787904771.297643,34680,0fcd,12,00 00 B1 42 71 3D B2 41 B7 73 AD 42
1787904771.309073,34680,0fce,12,00 00 E5 42 B8 1E 8B 42 EB D1 44 42
1787904771.320069,34680,0fcf,12,66 66 C8 42 85 EB 89 42 B6 F3 F3 41
1787904771.331104,34680,0fd0,12,00 00 E4 42 9A 99 63 42 62 10 05 42
1787904771.342727,34680,0fd1,12,34 33 FE 42 D7 A3 68 42 3E 8A B8 42
1787904771.354406,34680,0fd2,12,9A 99 7F 42 48 E1 A2 41 75 13 53 42
1787904771.379017,34680,0fd3,12,33 33 0E 43 E1 7A 94 42 A3 70 6A 42
1787904771.394168,34680,0fd4,12,9A 99 0F 43 CD CC 89 42 60 E5 D1 41
1787904771.423997,34680,0fd5,12,9A 99 AF 42 A4 70 01 42 BC 74 E8 42
1787904771.436561,34680,0fd6,12,CD CC A8 42 00 00 9D 42 08 AC AC 41
1787904771.447123,34680,0fd7,12,9A 99 B2 42 B8 1E 39 42 C9 B6 E2 42
1787904771.458630,34680,0fd8,12,66 66 0B 43 52 B8 9D 42 15 AE AA 42
1787904771.470183,34680,0fd9,12,33 B3 0C 43 3E 0A 17 42 23 DB 68 42
1787904771.481586,34680,0fda,12,9A 99 88 42 66 66 38 42 0E AD 7A 42
1787904771.491995,34680,0fdb,12,9A 19 14 43 E1 7A 48 42 67 A6 AD 42
1787904771.502687,34680,0fdc,12,00 00 11 43 E1 7A 36 42 B6 B3 94 42
1787904771.513112,34680,0fdd,12,CD CC B0 42 7B 14 92 42 E8 FB DC 41
1787904771.523770,34680,0fde,12,66 66 D4 42 14 AE 13 42 CF 77 7B 42
1787904771.534590,34680,0fdf,12,9A 99 86 42 CC CC 92 42 A2 45 67 42
1787904771.545368,34680,0fe0,12,66 66 BD 42 D7 A3 62 42 CD 4C D0 42
1787904771.556099,34680,0fe1,12,66 66 C4 42 AE 47 65 42 0E ED B9 42
1787904771.570620,34680,0fe2,12,33 33 95 42 9A 99 E5 41 02 2B 36 42
1787904771.581449,34680,0fe3,12,9A 99 93 42 CC CC 3A 42 08 2C 71 42
1787904771.591942,34680,0fe4,12,66 66 D8 42 E1 7A F4 41 54 E3 51 42
1787904771.602585,34680,0fe5,12,00 00 A3 42 AE 47 2F 42 56 CE C5 42
1787904771.614127,34680,0fe6,12,9A 99 CC 42 C2 F5 D0 41 CD CC B3 41
1787904771.626289,34680,0fe7,12,66 66 97 42 90 C2 F9 41 94 58 90 42
1787904771.636953,34680,0fe8,12,CD CC EF 42 66 66 87 42 00 00 A0 41
1787904771.647717,34680,0fe9,12,CD CC 76 42 14 AE 43 42 73 28 8F 42
1787904771.658341,34680,0fea,12,33 33 5F 42 14 AE 4F 42 4E 22 B9 42
1787904771.668914,34680,0feb,12,66 66 05 43 5C 8F 9E 42 04 56 A6 41
1787904771.679382,34680,0fec,12,9A 99 0C 43 52 B8 E2 41 4A 0C AF 41
1787904771.693437,34680,0fed,12,33 B3 0C 43 E1 7A 3C 42 1C 9A 9E 42
1787904771.703952,34680,0fee,12,CC CC E8 42 3D 0A 23 42 29 5C DF 41
1787904771.714674,34680,0fef,12,9A 99 15 43 AE 47 35 42 8B 6C B1 41
1787904771.725289,34680,0ff0,12,00 00 87 42 00 00 06 42 74 53 92 42
1787904771.735916,34680,0ff1,12,9A 99 D0 42 33 33 25 42 E8 BB E0 42
1787904771.746513,34680,0ff2,12,00 00 97 42 90 C2 23 42 52 B8 A6 42
1787904771.757080,34680,0ff3,12,CD CC FB 42 D7 A3 90 42 3B 5F 5D 42
1787904771.767736,34680,0ff4,12,CD CC BC 42 48 E1 D2 41 7B 14 FB 41
1787904771.778326,34680,0ff5,12,33 33 02 43 F6 28 38 42 EB 51 76 42
1787904771.788975,34680,0ff6,12,CD 4C 05 43 B8 1E 9D 42 E4 65 DA 42
1787904771.799750,34680,0ff7,12,9A 99 E2 42 D7 A3 5C 42 5A E4 E4 42
1787904771.810882,34680,0ff8,12,66 66 A9 42 48 E1 9C 42 98 AE 96 42
1787904771.821630,34680,0ff9,12,00 80 0B 43 EC 51 98 42 77 BE F4 41
1787904771.832592,34680,0ffa,12,66 66 7C 42 70 3D 8E 42 54 E3 A9 42
1787904771.843555,34680,0ffb,12,66 E6 09 43 E1 7A 94 42 B2 1D 4F 42
1787904771.854495,34680,0ffc,12,33 33 EB 42 9A 99 33 42 18 C4 C9 42
1787904771.865457,34680,0ffd,12,66 E6 06 43 B8 1E 33 42 54 E3 51 42
1787904771.876081,34680,0ffe,12,00 00 C7 42 15 AE 6D 42 8D 17 79 42
1787904771.903254,34680,0fff,12,66 66 E7 42 71 3D 42 42 10 D8 1A 42
1787904771.913602,34680,1000,12,66 66 E0 42 AE 47 9F 42 3B DF 2B 42
1787904771.923999,34680,1001,12,9A 99 E0 42 D7 A3 9F 42 F0 27 A3 42
1787904771.934442,34680,1002,12,33 33 EA 42 D7 A3 8A 42 D1 22 BA 41
1787904771.944875,34680,1003,12,66 66 07 43 00 00 91 42 0E AD D2 42
1787904771.955329,34680,1004,12,66 66 10 43 8F C2 E1 41 12 03 D9 42
1787904771.965895,34680,1005,12,66 66 ED 42 B8 1E B5 41 A6 1B 3C 42
1787904771.976570,34680,1006,12,66 66 EA 42 1F 85 DB 41 D9 4E E3 42
1787904771.987132,34680,1007,12,CD CC 6C 42 C2 F5 48 42 29 5C DF 41
1787904771.997873,34680,1008,12,66 66 0E 43 66 66 DE 41 AE C7 48 42
1787904772.014918,34680,1009,12,CD CC 81 42 9A 99 75 42 04 D6 6A 42
1787904772.025478,34680,100a,12,33 33 0E 43 EB 51 7C 42 E8 3B AF 42
1787904772.035931,34680,100b,12,99 99 F7 42 AE 47 7D 42 98 EE 25 42
1787904772.046546,34680,100c,12,00 00 A7 42 F6 28 32 42 0A D7 AF 41
1787904772.056996,34680,100d,12,66 66 BC 42 EC 51 4C 42 E8 FB 0C 42
1787904772.067491,34680,100e,12,33 B3 00 43 9A 99 63 42 38 89 25 42
1787904772.083192,34680,100f,12,66 66 87 42 E1 7A 9D 42 1B EF CC 42
1787904772.093839,34680,1010,12,66 66 B9 42 1F 85 17 42 7F AA D3 42
1787904772.105316,34680,1011,12,33 33 8C 42 A4 70 86 42 AA 71 42 42
1787904772.115888,34680,1012,12,00 00 EF 42 B9 1E 75 42 75 13 53 42
1787904772.127729,34680,1013,12,9A 99 07 43 7B 14 6A 42 4C F7 B5 42
1787904772.139532,34680,1014,12,66 66 86 42 0A D7 45 42 2C 07 9C 42
1787904772.150492,34680,1015,12,66 66 82 42 F6 28 62 42 02 EB A6 42
1787904772.161316,34680,1016,12,9A 99 6B 42 70 3D 1E 42 31 08 7F 42
1787904772.171837,34680,1017,12,CC 4C 07 43 86 EB 73 42 3A B4 28 42
1787904772.182900,34680,1018,12,66 66 BA 42 85 EB DD 41 62 90 8E 42
1787904772.193542,34680,1019,12,00 00 A1 42 0A D7 8E 42 27 31 6F 42
1787904772.210315,34680,101a,12,9A 99 57 42 E1 7A C4 41 CA E1 82 42
1787904772.220946,34680,101b,12,00 00 B8 42 CD CC 5E 42 D9 CE 59 42
1787904772.231414,34680,101c,12,66 E6 10 43 66 66 02 42 EE BC B8 42
1787904772.241958,34680,101d,12,00 00 DE 42 8F C2 59 42 2E 5D 4A 42
1787904772.252522,34680,101e,12,66 66 D3 42 C3 F5 66 42 75 13 53 42
1787904772.263277,34680,101f,12,CD CC 92 42 7B 14 92 42 F4 FD 1F 42
1787904772.274326,34680,1020,12,CD CC 81 42 48 E1 D2 41 1F 85 62 42
1787904772.284869,34680,1021,12,34 33 0A 43 0A D7 97 42 F2 52 4E 42
1787904772.298432,34680,1022,12,33 33 8E 42 AE 47 D5 41 46 B6 3B 42
1787904772.310871,34680,1023,12,CD CC 6A 42 C2 F5 D0 41 BA 49 2A 42
1787904772.321409,34680,1024,12,CD CC 54 42 00 00 8B 42 56 0E C2 41
1787904772.331898,34680,1025,12,33 33 AE 42 70 3D 97 42 48 61 0D 42
1787904772.342882,34680,1026,12,00 00 E7 42 B8 1E 82 42 D7 A3 C3 41
1787904772.353576,34680,1027,12,CD CC E0 42 CD CC 52 42 C7 4B AA 41
1787904772.365487,34680,1028,12,CD CC F1 42 3E 0A 93 42 3B DF FB 41
1787904772.376080,34680,1029,12,33 33 79 42 AE 47 93 42 02 2B 8E 42
1787904772.386507,34680,102a,12,CD CC FB 42 EC 51 2E 42 A6 1B 94 42
1787904772.396908,34680,102b,12,00 80 13 43 48 E1 9F 42 90 42 19 42
1787904772.407480,34680,102c,12,34 33 CD 42 EB 51 5E 42 AC 1C E4 41
1787904772.417847,34680,102d,12,66 66 EB 42 48 E1 EA 41 04 D6 C2 42
1787904772.428889,34680,102e,12,34 33 B6 42 B8 1E A9 41 A6 5B DE 42
1787904772.439517,34680,102f,12,67 66 E6 42 00 00 AC 41 42 20 A6 42
1787904772.451144,34680,1030,12,66 66 14 43 8F C2 87 42 CF F7 A1 42
1787904772.461764,34680,1031,12,CD CC 6E 42 14 AE 19 42 C6 8B DF 42
1787904772.472332,34680,1032,12,CD CC E9 42 5C 8F AA 41 21 B0 02 42
1787904772.483095,34680,1033,12,CD CC 8E 42 7B 14 04 42 F8 93 C8 42
1787904772.494745,34680,1034,12,33 B3 01 43 EC 51 4C 42 40 B5 00 42
1787904772.506439,34680,1035,12,33 33 A6 42 90 C2 90 42 56 CE C5 42
1787904772.517100,34680,1036,12,CD CC DF 42 B8 1E 1B 42 06 41 AD 42
1787904772.530414,34680,1037,12,66 66 13 43 8F C2 E1 41 E8 BB E0 42
1787904772.541768,34680,1038,12,9A 99 4B 42 E1 7A A0 41 B2 1D 4F 42
1787904772.554214,34680,1039,12,99 99 EB 42 E1 7A 18 42 A6 9B C5 42
1787904772.568646,34680,103a,12,33 33 C8 42 70 3D 94 42 BC F4 5E 42
1787904772.583385,34680,103b,12,CC CC 14 43 66 66 96 42 46 B6 A8 41
1787904772.594122,34680,103c,12,9A 99 A7 42 5C 8F 9B 42 F0 27 4B 42
1787904772.604743,34680,103d,12,34 33 C4 42 70 3D 18 42 18 C4 C9 42
1787904772.616873,34680,103e,12,00 00 60 42 9A 99 57 42 A3 70 C2 42
1787904772.627717,34680,103f,12,9A 99 A5 42 C2 F5 F4 41 44 8B A5 41
1787904772.638442,34680,1040,12,00 00 C1 42 1F 85 87 42 46 B6 93 42
1787904772.648962,34680,1041,12,00 00 96 42 15 AE 5B 42 E8 7B 96 42
1787904772.659455,34680,1042,12,33 B3 06 43 C3 F5 A0 41 4E E2 D1 42
1787904772.670612,34680,1043,12,66 66 66 42 5C 8F C2 41 46 B6 A8 41
1787904772.681267,34680,1044,12,9A 99 92 42 D7 A3 0E 42 2B 47 83 42
1787904772.691713,34680,1045,12,9A 99 BB 42 86 EB 9B 42 12 83 BC 41
1787904772.702471,34680,1046,12,33 33 EC 42 B9 1E 57 42 96 43 C1 41
1787904772.713273,34680,1047,12,33 33 F9 42 0A D7 D3 41 23 5B 37 42
1787904772.724920,34680,1048,12,34 33 B7 42 C3 F5 0C 42 D5 78 53 42
1787904772.735523,34680,1049,12,9A 99 D3 42 8F C2 2F 42 94 98 DA 42
1787904772.746560,34680,104a,12,9A 99 E7 42 90 C2 17 42 B0 B2 BC 42
1787904772.757363,34680,104b,12,00 00 AD 42 52 B8 CA 41 8E 17 16 42
1787904772.768596,34680,104c,12,9A 99 9B 42 F6 28 8A 42 76 7E 95 42
1787904772.779128,34680,104d,12,33 33 95 42 5C 8F 5E 42 8F C2 B7 41
1787904772.789603,34680,104e,12,CD CC 83 42 E1 7A 94 42 9E EF B8 42
1787904772.800322,34680,104f,12,00 00 96 42 29 5C 51 42 D9 CE 59 42
1787904772.811090,34680,1050,12,00 00 A5 42 A3 70 79 42 7D 3F 86 42
1787904772.821638,34680,1051,12,9A 99 E2 42 3E 0A B7 41 29 5C CA 42
1787904772.832590,34680,1052,12,9A 99 9A 42 1F 85 B7 41 5C 8F CB 41
1787904772.843260,34680,1053,12,00 00 8F 42 5C 8F 16 42 8A 81 E3 42
1787904772.853926,34680,1054,12,CD CC C4 42 CD CC C8 41 3F B5 BB 42
1787904772.864773,34680,1055,12,66 66 89 42 48 E1 32 42 6F 92 A1 42
1787904772.875431,34680,1056,12,66 66 4A 42 5C 8F 83 42 50 0D D5 42
1787904772.886012,34680,1057,12,CD CC E9 42 AE 47 53 42 08 AC 3F 42
1787904772.898402,34680,1058,12,66 66 8C 42 48 E1 90 42 F4 FD EF 41
1787904772.910131,34680,1059,12,66 66 8A 42 E1 7A 7E 42 69 91 DE 41
1787904772.920924,34680,105a,12,CD CC E4 42 48 E1 7A 42 4E 22 B9 42
1787904772.931622,34680,105b,12,00 00 AC 42 1E 85 53 42 B4 C8 F0 41
1787904772.942473,34680,105c,12,66 66 DC 42 C2 F5 00 42 02 AB BF 42
1787904772.953263,34680,105d,12,00 00 58 42 EC 51 86 42 98 AE 96 42
1787904772.963829,34680,105e,12,66 66 0D 43 34 33 61 42 60 65 8B 42
1787904772.974607,34680,105f,12,CC 4C 08 43 EC 51 9B 42 95 43 AC 42
1787904772.986403,34680,1060,12,CD CC 48 42 0A D7 8B 42 87 16 AB 41
1787904772.997028,34680,1061,12,9A 19 04 43 A4 70 92 42 4A 0C 42 42
1787904773.010998,34680,1062,12,00 00 B7 42 EC 51 04 42 92 ED BA 41
1787904773.021752,34680,1063,12,CD CC FB 42 52 B8 4E 42 7D 3F E9 42
1787904773.032441,34680,1064,12,CD 4C 12 43 3E 0A 93 42 06 01 0B 42
1787904773.043193,34680,1065,12,33 33 63 42 F6 28 81 42 64 3B 08 42
1787904773.053926,34680,1066,12,33 33 C9 42 00 00 94 42 B4 88 91 42
1787904773.064478,34680,1067,12,CD CC A9 42 CC CC 9B 42 CC 0C 86 42
1787904773.074912,34680,1068,12,33 33 FA 42 90 C2 53 42 FC A9 FC 41
1787904773.091325,34680,1069,12,9A 99 CA 42 B8 1E 9A 42 C7 4B AA 41
1787904773.101948,34680,106a,12,33 33 B4 42 E2 7A 88 42 E3 A5 D6 41
1787904773.112329,34680,106b,12,CD CC 68 42 99 99 7B 42 33 B3 50 42
1787904773.123753,34680,106c,12,00 00 09 43 E2 7A 4E 42 6C A7 E8 42
1787904773.134354,34680,106d,12,9A 99 15 43 D7 A3 44 42 BC 74 85 42
1787904773.146138,34680,106e,12,00 80 06 43 52 B8 9D 42 E6 50 3B 42
1787904773.156729,34680,106f,12,66 66 A4 42 B8 1E 33 42 CD 4C D0 42
1787904773.167502,34680,1070,12,00 00 B1 42 C2 F5 48 42 71 3D D6 42
1787904773.178017,34680,1071,12,00 80 12 43 48 E1 32 42 1A 6F 9B 42
1787904773.188694,34680,1072,12,66 66 5E 42 48 E1 8A 42 60 E5 D1 41
1787904773.205421,34680,1073,12,00 00 0B 43 A3 70 5B 42 E1 BA A5 42
1787904773.216034,34680,1074,12,00 00 0B 43 5C 8F 89 42 A0 5A A3 42
1787904773.226556,34680,1075,12,66 66 F9 42 14 AE 3D 42 CD 4C D0 42
1787904773.237180,34680,1076,12,00 00 FE 42 7B 14 DA 41 CF 77 D3 42
1787904773.247746,34680,1077,12,66 66 A4 42 A4 70 AD 41 1B 2F B4 42
1787904773.258278,34680,1078,12,00 80 13 43 7B 14 52 42 2F 9D 89 42
1787904773.270044,34680,1079,12,9A 99 FA 42 F6 28 0E 42 B2 9D D8 42
1787904773.281058,34680,107a,12,66 66 83 42 66 66 A2 41 62 90 8E 42
1787904773.291849,34680,107b,12,33 33 ED 42 9A 99 27 42 50 0D 7D 42
1787904773.302598,34680,107c,12,00 00 64 42 AE 47 77 42 12 03 1E 42
1787904773.313157,34680,107d,12,CD CC 96 42 0B D7 7B 42 99 59 CB 42
1787904773.323999,34680,107e,12,66 66 07 43 1F 85 59 42 DF 4F 63 42
1787904773.335320,34680,107f,12,33 33 0F 43 33 33 13 42 98 6E C4 41
1787904773.348868,34680,1080,12,33 33 92 42 33 33 83 42 0A 57 CC 42
1787904773.360224,34680,1081,12,CD CC D7 42 00 00 42 42 62 90 8E 42
1787904773.370702,34680,1082,12,9A 99 5F 42 29 5C 39 42 C2 35 D9 42
1787904773.381095,34680,1083,12,00 00 4A 42 14 AE 86 42 BE DF D2 42
1787904773.391606,34680,1084,12,CD CC AE 42 85 EB 89 42 62 D0 D8 42
1787904773.402077,34680,1085,12,33 33 D7 42 D7 A3 D8 41 DF CF EC 42
1787904773.412678,34680,1086,12,33 33 E0 42 0A D7 2D 42 B8 DE 97 42
1787904773.423834,34680,1087,12,66 66 02 43 D7 A3 2C 42 C9 B6 E2 42
1787904773.434418,34680,1088,12,9A 99 02 43 B8 1E 3F 42 F2 12 BF 42
1787904773.445082,34680,1089,12,34 33 C3 42 A4 70 19 42 3E 0A 2F 42
1787904773.455826,34680,108a,12,9A 99 CF 42 B8 1E 82 42 67 66 6E 42
1787904773.466332,34680,108b,12,00 00 CD 42 0A D7 63 42 83 C0 8F 42
1787904773.476762,34680,108c,12,00 00 9E 42 E1 7A 60 42 A8 06 B0 42
1787904773.487331,34680,108d,12,00 00 66 42 EC 51 F8 41 2B 87 12 42
1787904773.497854,34680,108e,12,00 00 8C 42 D7 A3 96 42 C0 4A 02 42
1787904773.509205,34680,108f,12,33 B3 00 43 EC 51 1C 42 7D 3F FE 41
1787904773.519770,34680,1090,12,CD CC 9D 42 E1 7A DC 41 83 00 DA 42
1787904773.532115,34680,1091,12,CC CC C6 42 5C 8F 80 42 00 00 8B 42
1787904773.543210,34680,1092,12,00 00 F5 42 5C 8F 0A 42 46 B6 A8 41
1787904773.554062,34680,1093,12,00 00 C5 42 D7 A3 8D 42 DF CF 31 42
1787904773.564787,34680,1094,12,33 33 AF 42 52 B8 85 42 91 6D 7F 42
1787904773.575717,34680,1095,12,00 00 A5 42 D7 A3 26 42 77 BE 24 42
1787904773.586638,34680,1096,12,33 33 FB 42 00 00 88 42 40 B5 00 42
1787904773.597104,34680,1097,12,00 00 C5 42 9A 99 27 42 1D 5A CC 41
1787904773.607708,34680,1098,12,00 00 DD 42 66 66 4A 42 DB F9 C9 41
1787904773.618256,34680,1099,12,66 E6 01 43 3D 0A 59 42 5E 3A EB 42
1787904773.628781,34680,109a,12,66 66 F9 42 C2 F5 5A 42 46 F6 DD 42
1787904773.642233,34680,109b,12,00 00 4A 42 70 3D 91 42 CF F7 A1 42
1787904773.657480,34680,109c,12,00 00 C9 42 90 C2 47 42 B8 1E E2 42
1787904773.709315,34680,109d,12,00 00 82 42 48 E1 81 42 F0 A7 E9 41
1787904773.731790,34680,109e,12,CD CC A0 42 00 00 24 42 21 B0 02 42
1787904773.746730,34680,109f,12,00 80 07 43 33 33 01 42 0E 6D 88 42
1787904773.757193,34680,10a0,12,9A 99 DA 42 D7 A3 74 42 54 A3 C2 42
1787904773.767559,34680,10a1,12,33 33 90 42 3E 0A 87 42 40 35 32 42
1787904773.778060,34680,10a2,12,CD CC 05 43 AE 47 8D 42 DF CF 89 42
1787904773.788461,34680,10a3,12,CD CC 68 42 5C 8F 16 42 F8 13 97 42
1787904773.798933,34680,10a4,12,CD CC FF 42 B9 1E 57 42 6C A7 85 42
1787904773.809510,34680,10a5,12,33 33 80 42 F6 28 7A 42 E8 7B 96 42
1787904773.821496,34680,10a6,12,CC CC DC 42 CD CC 46 42 7F 6A 89 42
1787904773.832490,34680,10a7,12,CD CC 4C 42 1E 85 8A 42 35 DE AB 42
1787904773.843429,34680,10a8,12,00 00 DC 42 14 AE BF 41 A6 9B 6D 42
1787904773.854098,34680,10a9,12,CC 4C 0D 43 F6 28 99 42 8D 17 79 42
1787904773.865974,34680,10aa,12,CD CC D6 42 E2 7A 88 42 C6 8B DF 42
1787904773.877362,34680,10ab,12,CD CC DE 42 D7 A3 62 42 83 40 06 42
1787904773.887841,34680,10ac,12,00 00 C1 42 8F C2 A5 41 37 09 AF 42
1787904773.903621,34680,10ad,12,CD CC 7C 42 CC CC 9B 42 14 2E 21 42
1787904773.914165,34680,10ae,12,33 33 C8 42 14 AE 80 42 21 70 D6 42
1787904773.924819,34680,10af,12,33 B3 00 43 7B 14 6A 42 C9 F6 71 42
1787904773.935598,34680,10b0,12,00 00 BF 42 66 66 38 42 A2 45 67 42
1787904773.946308,34680,10b1,12,00 00 DE 42 5C 8F 16 42 BE 5F A1 42
1787904773.957967,34680,10b2,12,00 00 F8 42 90 C2 D5 41 5E BA CE 41
1787904773.968892,34680,10b3,12,9A 99 CE 42 7B 14 98 42 7B 14 E6 42
1787904773.979635,34680,10b4,12,00 00 B6 42 E2 7A 78 42 B8 1E 27 42
1787904773.990525,34680,10b5,12,00 00 48 42 F6 28 C0 41 E5 D0 6C 42
1787904774.000975,34680,10b6,12,CD CC D2 42 D7 A3 A8 41 D3 0D C1 42
1787904774.011530,34680,10b7,12,66 66 A8 42 7A 14 2E 42 F4 7D A9 42
1787904774.021942,34680,10b8,12,9A 99 C4 42 33 33 A7 41 E1 7A 66 42
1787904774.041487,34680,10b9,12,9A 99 A0 42 F6 28 1A 42 6F 12 D3 42
1787904774.051920,34680,10ba,12,CC CC AD 42 A4 70 31 42 EB D1 9C 42
1787904774.063024,34680,10bb,12,CD CC 04 43 8F C2 0B 42 1A 6F 9B 42
1787904774.073720,34680,10bc,12,9A 99 0D 43 66 66 20 42 27 B1 3D 42
1787904774.084316,34680,10bd,12,9A 99 FF 42 C3 F5 DC 41 6B BC 74 42
1787904774.101704,34680,10be,12,33 33 D6 42 E2 7A 97 42 98 AE 96 42
1787904774.113593,34680,10bf,12,CC CC B9 42 1E 85 23 42 60 E5 64 42
1787904774.124635,34680,10c0,12,00 00 60 42 B8 1E 45 42 7D 3F 86 42
1787904774.135109,34680,10c1,12,9A 99 B1 42 AE 47 96 42 1B 2F B4 42
1787904774.145702,34680,10c2,12,CD CC 97 42 29 5C 27 42 9E 6F 2F 42
1787904774.157517,34680,10c3,12,CD CC 12 43 52 B8 30 42 A8 C6 0D 42
1787904774.168041,34680,10c4,12,66 E6 07 43 66 66 81 42 70 3D 1B 42
1787904774.178656,34680,10c5,12,33 33 98 42 E2 7A 88 42 83 40 06 42
1787904774.191953,34680,10c6,12,CC 4C 08 43 48 E1 D2 41 5C 0F 2D 42
1787904774.202481,34680,10c7,12,CC CC AC 42 7B 14 04 42 95 43 AC 42
1787904774.212880,34680,10c8,12,33 33 DF 42 B8 1E 33 42 48 21 E1 42
1787904774.223836,34680,10c9,12,66 66 E9 42 29 5C 3F 42 1B EF CC 42
1787904774.234575,34680,10ca,12,9A 99 5D 42 0A D7 9A 42 29 5C 0F 42
1787904774.245122,34680,10cb,12,00 00 14 43 71 3D 6C 42 21 70 D6 42
1787904774.255792,34680,10cc,12,33 B3 03 43 F6 28 9C 42 C5 20 A7 41
1787904774.266499,34680,10cd,12,99 99 F6 42 EC 51 EC 41 54 E3 51 42
1787904774.277074,34680,10ce,12,CD CC 12 43 70 3D 06 42 5E 3A 88 42
1787904774.287937,34680,10cf,12,66 66 CE 42 90 C2 71 42 C5 A0 C3 42
1787904774.298510,34680,10d0,12,66 66 B2 42 3D 0A 99 42 10 58 A4 42
1787904774.309311,34680,10d1,12,CD CC F2 42 85 EB 01 42 AE C7 48 42
1787904774.319778,34680,10d2,12,00 00 12 43 90 C2 29 42 71 3D D6 42
1787904774.330224,34680,10d3,12,66 66 DB 42 CD CC 8F 42 62 D0 D8 42
1787904774.341079,34680,10d4,12,9A 99 6D 42 70 3D 97 42 11 18 BD 42
1787904774.351654,34680,10d5,12,CD CC 74 42 D7 A3 87 42 E1 BA A5 42
1787904774.363600,34680,10d6,12,66 66 06 43 AE 47 4D 42 91 6D D7 42
1787904774.374413,34680,10d7,12,33 B3 08 43 C2 F5 8B 42 2D B2 E5 41
1787904774.386065,34680,10d8,12,33 33 D2 42 E1 7A A0 41 B2 9D D8 42
1787904774.398480,34680,10d9,12,9A 19 05 43 5C 8F 76 42 71 7D BD 42
1787904774.411737,34680,10da,12,33 33 F8 42 85 EB 8F 42 48 61 0D 42
1787904774.422303,34680,10db,12,CC 4C 13 43 0A D7 39 42 B0 32 8B 42
1787904774.432630,34680,10dc,12,00 00 50 42 C2 F5 42 42 46 B6 3B 42
1787904774.442985,34680,10dd,12,9A 99 86 42 33 33 CB 41 6A BC E1 41
1787904774.453466,34680,10de,12,9A 99 CF 42 52 B8 42 42 AE 47 E7 41
1787904774.464236,34680,10df,12,00 00 F1 42 52 B8 91 42 02 EB A6 42
1787904774.474612,34680,10e0,12,9A 99 96 42 70 3D 5A 42 3F 35 ED 42
1787904774.485184,34680,10e1,12,66 66 F5 42 AE 47 81 42 D5 F8 21 42
1787904774.495717,34680,10e2,12,9A 99 D8 42 EC 51 4C 42 62 90 36 42
1787904774.506102,34680,10e3,12,00 00 95 42 AE 47 0B 42 D3 CD D9 42
1787904774.516544,34680,10e4,12,66 66 0D 43 CD CC 22 42 F6 A8 AC 42
1787904774.529565,34680,10e5,12,00 00 BD 42 AE 47 65 42 CF 37 EC 42
1787904774.540598,34680,10e6,12,00 00 84 42 C2 F5 E8 41 2E 5D A2 42
1787904774.551317,34680,10e7,12,99 99 F5 42 29 5C C7 41 87 16 3E 42
1787904774.561729,34680,10e8,12,66 66 E1 42 0A D7 97 42 2F DD D3 42
1787904774.572145,34680,10e9,12,00 00 5E 42 CC CC 83 42 11 D8 7D 42
1787904774.582694,34680,10ea,12,33 33 98 42 5C 8F CE 41 8A C1 72 42
1787904774.593625,34680,10eb,12,00 00 15 43 00 00 DC 41 8D 17 D1 42
1787904774.604017,34680,10ec,12,33 B3 0E 43 66 66 F6 41 79 29 CA 42
1787904774.615396,34680,10ed,12,9A 99 F1 42 66 66 F6 41 E9 66 B2 42
1787904774.626199,34680,10ee,12,CD CC F2 42 7B 14 34 42 5E 7A D2 42
1787904774.636759,34680,10ef,12,66 E6 02 43 52 B8 54 42 DF 4F 00 42
1787904774.647749,34680,10f0,12,33 33 FD 42 0B D7 7B 42 4A 0C 42 42
1787904774.658232,34680,10f1,12,CD CC BD 42 AE 47 4D 42 D2 22 4D 42
1787904774.668784,34680,10f2,12,00 00 BD 42 48 E1 7A 42 6C 67 46 42
1787904774.683922,34680,10f3,12,00 00 E2 42 A4 70 F5 41 0C 42 85 42
1787904774.694985,34680,10f4,12,CD CC A2 42 F6 28 E4 41 27 F1 DF 42
1787904774.705857,34680,10f5,12,CD CC E3 42 3E 0A 47 42 1F 85 BA 42
1787904774.716415,34680,10f6,12,33 33 8C 42 AE 47 35 42 1C 5A 5F 42
1787904774.727610,34680,10f7,12,9A 99 9C 42 AE 47 8D 42 BC B4 CF 42
1787904774.738093,34680,10f8,12,00 00 6A 42 C3 F5 12 42 F0 27 4B 42
1787904774.748598,34680,10f9,12,33 B3 0D 43 1F 85 59 42 AA B1 E4 42
1787904774.759120,34680,10fa,12,33 33 8D 42 C3 F5 0C 42 A0 1A D1 41
1787904774.769796,34680,10fb,12,00 80 05 43 A4 70 19 42 64 7B AA 42
1787904774.780312,34680,10fc,12,00 00 07 43 D7 A3 81 42 EF 67 ED 42
1787904774.790859,34680,10fd,12,9A 99 59 42 A4 70 80 42 37 49 96 42
1787904774.802545,34680,10fe,12,00 00 7A 42 E2 7A 4E 42 1B AF E5 42
1787904774.813210,34680,10ff,12,33 33 FA 42 29 5C DF 41 EF E7 BB 42
1787904774.823610,34680,1100,12,CD 4C 10 43 33 33 6D 42 3F 75 D4 42
1787904774.834389,34680,1101,12,67 66 FF 42 52 B8 48 42 46 F6 DD 42
1787904774.845642,34680,1102,12,9A 99 F9 42 00 00 94 42 D7 E3 95 42
1787904774.856159,34680,1103,12,00 00 F7 42 14 AE 13 42 74 93 21 42
1787904774.866670,34680,1104,12,00 00 6A 42 3E 0A 96 42 15 6E C3 42
1787904774.877444,34680,1105,12,CD CC F3 42 29 5C 91 42 48 E1 3E 42
1787904774.889041,34680,1106,12,CC CC C5 42 1F 85 8D 42 8A C1 CA 42
1787904774.899655,34680,1107,12,00 00 B3 42 66 66 20 42 B8 1E F7 41
1787904774.911613,34680,1108,12,33 33 7D 42 E2 7A D0 41 CF F7 B6 41
1787904774.922354,34680,1109,12,00 00 78 42 00 00 A0 41 35 9E C4 42
1787904774.932983,34680,110a,12,66 66 4C 42 14 AE 2B 42 91 6D D7 42
1787904774.943618,34680,110b,12,33 33 5B 42 1F 85 3B 42 EF A7 7C 42
1787904774.954325,34680,110c,12,00 00 DF 42 52 B8 E2 41 E5 D0 D9 41
1787904774.964825,34680,110d,12,66 66 85 42 A4 70 7F 42 12 C3 8E 42
1787904774.975631,34680,110e,12,CD CC 6A 42 1E 85 71 42 E5 D0 C4 42
1787904774.986204,34680,110f,12,00 00 AC 42 7B 14 4C 42 89 41 AE 41
1787904774.997050,34680,1110,12,9A 99 83 42 AE 47 29 42 2D B2 E5 41
1787904775.007848,34680,1111,12,33 33 9C 42 85 EB E9 41 81 D5 D6 42
1787904775.018455,34680,1112,12,66 66 8F 42 8F C2 87 42 24 86 3A 42
1787904775.029401,34680,1113,12,33 33 6B 42 EB 51 7C 42 AC DC 84 42
1787904775.039913,34680,1114,12,CC 4C 14 43 CC CC 3A 42 17 D9 55 42
1787904775.050758,34680,1115,12,CC 4C 08 43 AE 47 90 42 6C E7 CF 42
1787904775.061364,34680,1116,12,66 66 6A 42 70 3D FA 41 D1 A2 1B 42
1787904775.071938,34680,1117,12,9A 99 C8 42 C2 F5 F4 41 2B C7 B4 42
1787904775.082452,34680,1118,12,CD CC AE 42 52 B8 2A 42 CA 21 12 42
1787904775.093160,34680,1119,12,33 33 82 42 3E 0A 17 42 A8 06 B0 42
1787904775.103760,34680,111a,12,00 00 FB 42 C2 F5 8E 42 79 A9 98 42
1787904775.114416,34680,111b,12,66 66 04 43 48 E1 1A 42 4C B7 CE 42
1787904775.124805,34680,111c,12,66 E6 03 43 71 3D 8B 42 66 E6 3C 42
1787904775.135805,34680,111d,12,9A 99 FC 42 E2 7A 97 42 79 29 CA 42
1787904775.146349,34680,111e,12,66 66 50 42 D7 A3 E4 41 92 ED BA 41
1787904775.158007,34680,111f,12,9A 19 0E 43 C2 F5 00 42 33 F3 8F 42
1787904775.168850,34680,1120,12,33 33 7D 42 00 00 8E 42 FE D4 EA 42
1787904775.179636,34680,1121,12,66 66 B0 42 15 AE 79 42 83 C0 37 42
1787904775.190302,34680,1122,12,CD CC BD 42 B8 1E 33 42 98 6E 57 42
1787904775.200806,34680,1123,12,33 33 B9 42 34 33 61 42 5C 8F CB 41
1787904775.211876,34680,1124,12,CD CC 68 42 F6 28 7A 42 3A B4 F8 41
1787904775.222865,34680,1125,12,CD CC F0 42 5C 8F FE 41 7F 6A 89 42
1787904775.236152,34680,1126,12,66 66 14 43 9A 99 82 42 C1 CA A0 41
1787904775.246711,34680,1127,12,CC CC C0 42 A4 70 98 42 15 6E C3 42
1787904775.257325,34680,1128,12,9A 99 98 42 85 EB 4F 42 EE 3C EA 42
1787904775.267736,34680,1129,12,9A 99 E0 42 14 AE 95 42 44 8B 38 42
1787904775.278816,34680,112a,12,CD CC F8 42 14 AE A7 41 FC A9 84 42
1787904775.290452,34680,112b,12,CD 4C 0F 43 F6 28 F0 41 4C B7 76 42
1787904775.301239,34680,112c,12,00 80 15 43 C3 F5 B8 41 36 5E F2 41
1787904775.311949,34680,112d,12,00 80 07 43 CD CC 0A 42 B4 88 91 42
1787904775.322439,34680,112e,12,9A 99 9D 42 33 33 E3 41 36 1E 93 42
1787904775.332999,34680,112f,12,00 00 DC 42 9A 99 94 42 8B 2C B5 42
1787904775.343448,34680,1130,12,00 80 09 43 66 66 A2 41 8D 17 D1 42
1787904775.356625,34680,1131,12,66 66 78 42 AE 47 8D 42 58 39 C5 41
1787904775.369136,34680,1132,12,33 33 77 42 A4 70 E9 41 95 43 AC 42
1787904775.379616,34680,1133,12,67 66 EF 42 CD CC 64 42 A6 1B 94 42
1787904775.390145,34680,1134,12,9A 99 F1 42 A3 70 79 42 0A 17 E5 42
1787904775.400525,34680,1135,12,33 33 75 42 A4 70 43 42 72 68 EE 41
1787904775.411158,34680,1136,12,9A 99 71 42 CD CC 52 42 58 39 58 42
1787904775.421887,34680,1137,12,CC CC BF 42 E2 7A 12 42 A4 70 D7 41
1787904775.432390,34680,1138,12,66 66 05 43 29 5C 94 42 2D B2 D0 42
1787904775.443785,34680,1139,12,00 00 EE 42 9A 99 4B 42 BA 09 9B 42
1787904775.454667,34680,113a,12,66 66 7C 42 B8 1E 33 42 12 83 4F 42
1787904775.465120,34680,113b,12,9A 99 67 42 52 B8 4E 42 18 84 E2 42
1787904775.480022,34680,113c,12,34 33 CF 42 14 AE EF 41 7B 94 B4 42
1787904775.490569,34680,113d,12,00 80 13 43 F6 28 14 42 4E 62 A0 42
1787904775.500927,34680,113e,12,00 00 92 42 AE 47 A5 41 AA B1 E4 42
1787904775.511749,34680,113f,12,9A 99 C5 42 29 5C 2D 42 B0 F2 4B 42
1787904775.522611,34680,1140,12,9A 99 14 43 66 66 96 42 02 2B 8E 42
1787904775.533189,34680,1141,12,CD CC AB 42 70 3D FA 41 46 B6 3B 42
1787904775.543652,34680,1142,12,33 33 FB 42 29 5C 5D 42 0C 42 85 42
1787904775.554001,34680,1143,12,9A 99 55 42 90 C2 29 42 37 89 E0 42
1787904775.565615,34680,1144,12,00 00 14 43 5C 8F 5E 42 FA FE 5A 42
1787904775.576184,34680,1145,12,9A 99 B4 42 00 00 97 42 C9 F6 71 42
1787904775.586577,34680,1146,12,00 00 9A 42 F6 28 FC 41 08 AC 3F 42
1787904775.598197,34680,1147,12,00 00 95 42 33 33 2B 42 CB A1 B0 41
1787904775.608702,34680,1148,12,66 66 EB 42 29 5C 15 42 0C 02 9E 42
1787904775.619080,34680,1149,12,66 66 12 43 1E 85 8A 42 AA 71 9A 42
1787904775.629790,34680,114a,12,9A 99 FF 42 66 66 F6 41 5A E4 81 42
1787904775.640952,34680,114b,12,00 00 BE 42 0A D7 D3 41 91 6D D7 42
1787904775.652834,34680,114c,12,CD CC 05 43 29 5C 4B 42 6C E7 E4 41
1787904775.663720,34680,114d,12,99 99 F6 42 0B D7 5D 42 BA 89 CC 42
1787904775.674557,34680,114e,12,CD CC E9 42 48 E1 26 42 B8 5E C9 42
1787904775.685056,34680,114f,12,66 66 0F 43 3E 0A 71 42 02 2B A3 41
1787904775.702397,34680,1150,12,CD CC 5E 42 29 5C 15 42 D3 4D BD 41
1787904775.712978,34680,1151,12,66 66 EB 42 48 E1 DE 41 44 CB DA 42
1787904775.723585,34680,1152,12,CD CC E0 42 00 00 48 42 AC 9C 45 42
1787904775.734381,34680,1153,12,00 00 9B 42 CC CC 83 42 B8 DE 97 42
1787904775.744888,34680,1154,12,CD CC A3 42 90 C2 ED 41 8C EC 12 42
1787904775.757568,34680,1155,12,33 33 CA 42 52 B8 7E 42 31 08 1C 42
1787904775.770116,34680,1156,12,34 33 B0 42 7B 14 4C 42 52 38 1D 42
1787904775.782554,34680,1157,12,00 00 E2 42 E2 7A 88 42 8D 97 47 42
1787904775.794337,34680,1158,12,CD CC 96 42 C2 F5 D0 41 98 EE E0 42
1787904775.804908,34680,1159,12,9A 99 01 43 33 33 89 42 FC 29 B6 42
1787904775.815838,34680,115a,12,00 00 87 42 B8 1E 09 42 0A 57 74 42
1787904775.826349,34680,115b,12,9A 99 09 43 3D 0A 59 42 D5 78 53 42
1787904775.836774,34680,115c,12,9A 99 A8 42 90 C2 3B 42 B2 9D D8 42
1787904775.848026,34680,115d,12,00 00 B4 42 48 E1 68 42 6B FC B3 42
1787904775.861615,34680,115e,12,CD CC C4 42 66 66 38 42 C0 8A A4 42
1787904775.872108,34680,115f,12,CD CC E7 42 3E 0A 3B 42 C3 F5 A3 41
1787904775.882645,34680,1160,12,CC CC CC 42 00 00 82 42 CB E1 E5 42
1787904775.893191,34680,1161,12,CC CC E8 42 0A D7 57 42 EC 51 13 42
1787904775.935157,34680,1162,12,CD CC A5 42 29 5C 85 42 87 D6 AE 42
1787904775.949222,34680,1163,12,9A 99 A4 42 00 00 2A 42 8A C1 CA 42
1787904775.965565,34680,1164,12,CC CC DA 42 CD CC C8 41 2D 32 47 42
1787904775.989506,34680,1165,12,00 80 08 43 D7 A3 93 42 2E 5D 4A 42
1787904776.000462,34680,1166,12,33 33 A8 42 3D 0A 99 42 02 2B A3 41
1787904776.012874,34680,1167,12,CD CC C8 42 5C 8F 80 42 91 2D 8D 42
1787904776.023435,34680,1168,12,CC 4C 13 43 5C 8F F2 41 DF CF EC 42
1787904776.035840,34680,1169,12,00 00 56 42 CC CC 6A 42 2B 87 E2 41
1787904776.046493,34680,116a,12,66 66 F6 42 C2 F5 2A 42 8B 2C B5 42
1787904786.061906,34680,116c,12,33 33 8C 42 C3 F5 66 42 58 B9 E1 42
1787904786.071800,34680,116d,12,00 00 13 43 1E 85 71 42 70 3D 1B 42
1787904786.082178,34680,116e,12,CD 4C 12 43 3D 0A 8A 42 1B 2F C9 41
1787904786.092581,34680,116f,12,00 80 15 43 33 33 73 42 BA C9 5B 42
1787904786.104015,34680,1170,12,9A 99 97 42 9A 99 9A 42 F2 52 A6 42
1787904786.114692,34680,1171,12,33 B3 0E 43 1F 85 E7 41 8A 81 E3 42
1787904786.125158,34680,1172,12,00 00 66 42 70 3D 82 42 00 00 A0 41
1787904786.138974,34680,1173,12,CD CC ED 42 E1 7A E8 41 A4 F0 90 42
1787904786.151624,34680,1174,12,66 66 68 42 34 33 EF 41 FC A9 84 42
1787904786.162082,34680,1175,12,67 66 E4 42 29 5C EB 41 8B AC E6 42
1787904786.174386,34680,1176,12,66 66 64 42 3D 0A 8A 42 A8 86 E1 42
1787904786.195442,34680,1177,12,00 00 FB 42 70 3D CA 41 6C 67 46 42
1787904786.206093,34680,1178,12,33 33 CA 42 3E 0A 6B 42 62 50 A7 42
1787904786.217056,34680,1179,12,67 66 FF 42 AE 47 8A 42 DF CF 31 42
1787904786.227837,34680,117a,12,00 00 BF 42 71 3D BE 41 7B 54 CD 42
1787904786.238431,34680,117b,12,9A 99 C9 42 5D 8F 52 42 E5 D0 C4 42
1787904786.250230,34680,117c,12,CD CC D7 42 3E 0A 11 42 6A BC 11 42
1787904786.261165,34680,117d,12,00 00 DF 42 29 5C 75 42 95 43 AC 42
1787904786.272118,34680,117e,12,66 66 F5 42 00 00 97 42 91 ED 4D 42
1787904786.282608,34680,117f,12,CD CC 95 42 90 C2 41 42 F8 53 F6 41
1787904786.293015,34680,1180,12,66 66 CE 42 5C 8F E6 41 EA A6 41 42
1787904786.303678,34680,1181,12,CD CC 52 42 5C 8F 28 42 F8 93 C8 42
1787904786.314180,34680,1182,12,00 00 82 42 00 00 72 42 B0 32 8B 42
1787904786.324726,34680,1183,12,9A 99 67 42 7B 14 B6 41 FA 3E 9A 42
1787904786.335859,34680,1184,12,66 66 99 42 7A 14 58 42 17 99 C6 42
1787904786.347438,34680,1185,12,CD CC 83 42 66 66 EA 41 EF E7 BB 42
1787904786.358614,34680,1186,12,66 66 E3 42 9A 99 21 42 14 AE BF 41
1787904786.369662,34680,1187,12,00 00 B2 42 CC CC 16 42 D9 0E 99 42
1787904786.382086,34680,1188,12,9A 99 DD 42 29 5C 27 42 DF 4F 63 42
1787904786.392559,34680,1189,12,9A 19 14 43 14 AE 13 42 5C 0F 2D 42
1787904786.402911,34680,118a,12,9A 99 7F 42 7B 14 8F 42 00 80 64 42
1787904786.413215,34680,118b,12,CD 4C 03 43 0A D7 45 42 00 80 BC 42
1787904786.423892,34680,118c,12,66 66 A9 42 CD CC 2E 42 15 EE 91 42
1787904786.434567,34680,118d,12,9A 99 53 42 CD CC 10 42 23 DB 68 42
1787904786.444875,34680,118e,12,9A 99 CD 42 71 3D BE 41 F6 28 23 42
1787904786.455591,34680,118f,12,67 66 E5 42 C2 F5 4E 42 5E 3A EB 42
1787904786.466629,34680,1190,12,66 66 00 43 90 C2 47 42 91 AD BE 42
1787904786.477269,34680,1191,12,00 00 A3 42 3D 0A AB 41 DF CF 89 42
1787904786.489114,34680,1192,12,CD CC 78 42 D7 A3 CC 41 8A C1 72 42
1787904786.499456,34680,1193,12,00 00 B4 42 B9 1E 57 42 B0 72 7D 42
1787904786.509905,34680,1194,12,00 00 89 42 5C 8F 89 42 CD 4C D0 42
1787904786.522091,34680,1195,12,33 33 E8 42 CD CC 9E 42 D5 F8 21 42
1787904786.532631,34680,1196,12,99 99 D2 42 AE 47 9C 42 B4 88 91 42
1787904786.550365,34680,1197,12,33 33 C7 42 48 E1 6E 42 42 60 35 42
1787904786.565200,34680,1198,12,00 00 D0 42 E2 7A 91 42 62 10 68 42
1787904786.582529,34680,1199,12,CD CC 9C 42 33 33 6D 42 06 01 C6 42
1787904786.592959,34680,119a,12,00 00 88 42 48 E1 02 42 0C 82 CF 42
1787904786.603605,34680,119b,12,9A 99 67 42 D7 A3 F0 41 10 98 8B 42
1787904786.613994,34680,119c,12,9A 99 5B 42 D7 A3 F0 41 9C C4 CA 41
1787904786.624385,34680,119d,12,66 66 BA 42 D7 A3 3E 42 87 56 E0 42
1787904786.635015,34680,119e,12,00 00 CF 42 85 EB 92 42 2F DD E8 41
1787904786.645469,34680,119f,12,00 00 03 43 33 33 89 42 AA F1 10 42
1787904786.655805,34680,11a0,12,CD CC 84 42 00 00 D0 41 68 91 71 42
1787904786.666438,34680,11a1,12,34 33 CD 42 EB 51 70 42 70 3D 1B 42
1787904786.676961,34680,11a2,12,66 66 C7 42 AE 47 F9 41 58 79 97 42
1787904786.687473,34680,11a3,12,9A 99 5D 42 CD CC 95 42 A4 70 07 42
1787904786.697876,34680,11a4,12,CD 4C 0A 43 0A D7 03 42 71 3D 7E 42
1787904786.708639,34680,11a5,12,CD CC 56 42 F6 28 1A 42 83 C0 37 42
1787904786.719062,34680,11a6,12,66 E6 08 43 0A D7 8E 42 3E 0A FF 41
1787904786.731334,34680,11a7,12,33 33 89 42 E1 7A 85 42 D1 22 BA 41
1787904786.741652,34680,11a8,12,66 66 ED 42 E1 7A 54 42 FC E9 CE 42
1787904786.752524,34680,11a9,12,9A 99 DC 42 F6 28 20 42 31 C8 8C 42
1787904786.762936,34680,11aa,12,9A 99 8E 42 29 5C D3 41 18 C4 C9 42
1787904786.773435,34680,11ab,12,9A 99 77 42 E2 7A 12 42 C6 4B 3D 42
1787904786.784314,34680,11ac,12,CC CC CE 42 E2 7A 00 42 4C 77 84 42
1787904786.795054,34680,11ad,12,34 33 C3 42 52 B8 82 42 F2 92 8D 42
1787904786.806056,34680,11ae,12,9A 99 75 42 AE 47 47 42 3B DF E6 42
1787904786.816659,34680,11af,12,9A 99 DC 42 00 00 18 42 3F B5 BB 42
1787904786.827185,34680,11b0,12,9A 99 F1 42 5C 8F 3A 42 3E 0A FF 41
1787904786.837675,34680,11b1,12,66 66 BC 42 AE 47 96 42 F8 53 26 42
1787904786.851522,34680,11b2,12,33 33 8B 42 1F 85 AB 41 3F 35 ED 42
1787904786.861939,34680,11b3,12,CD CC B1 42 3E 0A 0B 42 08 6C B0 42
1787904786.872444,34680,11b4,12,33 33 CB 42 EC 51 86 42 3B DF FB 41
1787904786.882925,34680,11b5,12,33 33 8F 42 48 E1 0E 42 10 D8 1A 42
1787904786.893412,34680,11b6,12,9A 99 93 42 90 C2 23 42 35 DE AB 42
1787904786.903778,34680,11b7,12,9A 99 C4 42 C2 F5 9A 42 34 33 EF 41
1787904786.914262,34680,11b8,12,CD CC E5 42 CC CC 34 42 4E E2 D1 42
1787904786.925803,34680,11b9,12,9A 99 9F 42 EC 51 C8 41 7D BF B7 42
1787904786.936287,34680,11ba,12,66 66 F7 42 90 C2 90 42 E8 FB DC 41
1787904786.952057,34680,11bb,12,66 E6 0E 43 15 AE 79 42 D1 22 BA 41
1787904786.962875,34680,11bc,12,CC CC 06 43 0A D7 69 42 B2 1D A7 42
1787904786.973312,34680,11bd,12,33 33 C1 42 33 33 92 42 6A 3C 43 42
1787904786.984928,34680,11be,12,CC CC CF 42 F6 28 C0 41 08 6C B0 42
1787904786.995826,34680,11bf,12,CD CC 99 42 0A D7 A3 41 58 39 B0 42
1787904787.006799,34680,11c0,12,CD CC E6 42 8F C2 C9 41 67 66 C6 42
1787904787.017238,34680,11c1,12,34 33 CE 42 52 B8 1E 42 FC A9 FC 41
1787904787.027847,34680,11c2,12,9A 99 86 42 5C 8F 8C 42 FC 29 B6 42
1787904787.038357,34680,11c3,12,00 80 01 43 5D 8F 70 42 EE 7C 16 42
1787904787.048887,34680,11c4,12,33 33 8C 42 33 33 D7 41 5C 0F 85 42
1787904787.060248,34680,11c5,12,00 80 06 43 99 99 5D 42 AE C7 A0 42
1787904787.070754,34680,11c6,12,34 33 9D 42 90 C2 99 42 48 A1 AF 42
1787904787.081179,34680,11c7,12,66 66 B5 42 AE 47 8A 42 90 C2 A2 42
1787904787.092874,34680,11c8,12,9A 99 79 42 90 C2 3B 42 A3 70 C2 42
1787904787.105957,34680,11c9,12,9A 99 4D 42 C3 F5 12 42 29 1C E3 42
1787904787.117156,34680,11ca,12,9A 99 E5 42 B8 1E 21 42 7D 3F E9 42
1787904787.127631,34680,11cb,12,66 66 DC 42 E2 7A D0 41 64 3B 6B 42
1787904787.137925,34680,11cc,12,9A 99 D0 42 9A 99 2D 42 0A 57 CC 42
1787904787.148191,34680,11cd,12,66 66 91 42 00 00 E8 41 C9 F6 71 42
1787904787.158506,34680,11ce,12,00 00 AA 42 66 66 84 42 4A 0C 9A 42
1787904787.168861,34680,11cf,12,66 66 93 42 EC 51 98 42 44 8B A5 41
1787904787.179283,34680,11d0,12,9A 99 D8 42 3D 0A F3 41 08 AC 3F 42
1787904787.189893,34680,11d1,12,00 00 A8 42 5C 8F 86 42 48 61 0D 42
1787904787.200620,34680,11d2,12,00 00 72 42 0A D7 A3 41 D3 8D 8F 42
1787904787.211664,34680,11d3,12,33 33 E2 42 CD CC E0 41 D3 4D A8 42
1787904787.226216,34680,11d4,12,00 00 F8 42 F6 28 84 42 04 56 39 42
1787904787.237818,34680,11d5,12,33 33 A8 42 A4 70 8C 42 7B 54 CD 42
1787904787.248230,34680,11d6,12,66 66 B8 42 15 AE 79 42 4C B7 76 42
1787904787.258638,34680,11d7,12,66 66 0A 43 85 EB 31 42 AC DC E7 42
1787904787.269397,34680,11d8,12,33 33 FB 42 C3 F5 DC 41 EA A6 99 42
1787904787.280097,34680,11d9,12,33 33 ED 42 1F 85 DB 41 C6 CB C6 42
1787904787.290822,34680,11da,12,00 00 5E 42 AE 47 65 42 F8 D3 AF 42
1787904787.301306,34680,11db,12,9A 99 69 42 5C 8F 7C 42 C3 75 05 42
1787904787.313297,34680,11dc,12,66 66 CE 42 15 AE 49 42 73 28 8F 42
1787904787.325169,34680,11dd,12,00 00 AF 42 CD CC E0 41 E6 50 93 42
1787904787.337066,34680,11de,12,34 33 B6 42 48 E1 26 42 06 01 C6 42
1787904787.347678,34680,11df,12,00 00 AA 42 70 3D 78 42 E8 FB 6F 42
1787904787.359214,34680,11e0,12,33 33 AE 42 B8 1E 45 42 48 E1 3E 42
1787904787.371527,34680,11e1,12,33 33 FA 42 00 00 85 42 C5 60 DC 42
1787904787.382782,34680,11e2,12,CC 4C 0E 43 E1 7A 54 42 25 06 09 42
1787904787.395332,34680,11e3,12,34 33 0B 43 1F 85 84 42 2D 72 86 42
1787904787.405841,34680,11e4,12,00 00 F2 42 F6 28 A8 41 2D B2 E5 41
1787904787.416302,34680,11e5,12,CD CC 8B 42 C3 F5 0C 42 6B BC 74 42
1787904787.426691,34680,11e6,12,9A 99 F3 42 70 3D FA 41 50 8D A3 42
1787904787.437218,34680,11e7,12,00 00 52 42 00 00 06 42 4C 37 9D 42
1787904787.447772,34680,11e8,12,66 66 9D 42 34 33 80 42 8C 6C 9C 42
1787904787.458477,34680,11e9,12,33 33 B8 42 B8 1E 63 42 5E BA CE 41
1787904787.469304,34680,11ea,12,66 66 AE 42 71 3D 7E 42 18 04 59 42
1787904787.480002,34680,11eb,12,9A 99 83 42 EB 51 52 42 42 E0 66 42
1787904787.490810,34680,11ec,12,66 66 12 43 7B 14 E6 41 0C 02 9E 42
1787904787.501437,34680,11ed,12,34 33 F2 42 3D 0A 23 42 AE 47 D2 42
1787904787.511867,34680,11ee,12,00 00 C6 42 70 3D 78 42 92 ED BA 41
1787904787.522333,34680,11ef,12,9A 99 92 42 66 66 0E 42 C9 76 98 42
1787904787.533076,34680,11f0,12,33 33 83 42 66 66 32 42 E1 3A D7 42
1787904787.543951,34680,11f1,12,66 66 82 42 66 66 32 42 1B 2F C9 41
1787904787.555455,34680,11f2,12,33 33 C6 42 F6 28 C0 41 5A 64 C8 41
1787904787.565885,34680,11f3,12,33 33 90 42 CD CC 0A 42 7F EA 62 42
1787904787.576278,34680,11f4,12,00 00 ED 42 AE 47 87 42 AC 1C CF 42
1787904787.586784,34680,11f5,12,CC CC C6 42 7B 14 B6 41 70 BD A4 42
1787904787.598284,34680,11f6,12,33 33 D2 42 CC CC 8C 42 64 7B AA 42
1787904787.608737,34680,11f7,12,33 33 F3 42 A4 70 80 42 73 E8 A7 42
1787904787.619366,34680,11f8,12,33 B3 09 43 7B 14 1C 42 EF A7 D4 42
1787904787.630932,34680,11f9,12,66 66 EA 42 E2 7A 82 42 72 68 1E 42
1787904787.641752,34680,11fa,12,00 00 CE 42 1F 85 77 42 5A E4 29 42
1787904787.652223,34680,11fb,12,CC CC CD 42 A4 70 01 42 B6 F3 23 42
1787904787.662734,34680,11fc,12,66 E6 10 43 71 3D 9A 42 4E E2 16 42
1787904787.673553,34680,11fd,12,33 33 98 42 B8 1E 69 42 4E A2 EA 42
1787904787.683971,34680,11fe,12,CD CC 56 42 1E 85 29 42 3A B4 80 42
1787904787.694324,34680,11ff,12,34 33 FE 42 F6 28 99 42 68 91 C9 42
1787904787.705046,34680,1200,12,00 80 04 43 D7 A3 62 42 7F 6A 31 42
1787904787.715627,34680,1201,12,00 00 A6 42 85 EB 3D 42 DF 4F 63 42
1787904787.725978,34680,1202,12,9A 99 BD 42 9A 99 E5 41 73 A8 C0 42
1787904787.737186,34680,1203,12,33 33 79 42 5C 8F B6 41 94 58 90 42
1787904787.748714,34680,1204,12,9A 99 82 42 C2 F5 48 42 9C 44 2C 42
1787904787.759360,34680,1205,12,34 33 A4 42 E1 7A 42 42 DC 39 9C 42
1787904787.769793,34680,1206,12,33 33 5B 42 9A 99 75 42 3E 8A B8 42
1787904787.780423,34680,1207,12,66 66 58 42 E1 7A A0 41 2D B2 E5 41
1787904787.790851,34680,1208,12,CD CC A9 42 33 33 31 42 C2 75 C0 42
1787904787.802033,34680,1209,12,9A 19 03 43 66 66 C6 41 0C 02 46 42
1787904787.812509,34680,120a,12,CD CC 09 43 29 5C 09 42 C5 60 DC 42
1787904787.822918,34680,120b,12,9A 99 BC 42 8F C2 E1 41 8B EC 75 42
1787904787.833361,34680,120c,12,66 66 F6 42 52 B8 4E 42 33 F3 8F 42
1787904787.846531,34680,120d,12,9A 99 D0 42 85 EB B9 41 46 76 AC 42
1787904787.861243,34680,120e,12,66 66 01 43 66 66 EA 41 58 B9 E1 42
1787904787.871785,34680,120f,12,66 66 9C 42 D7 A3 D8 41 6E 12 18 42
1787904787.882278,34680,1210,12,00 00 B7 42 1E 85 F3 41 83 40 69 42
1787904787.892615,34680,1211,12,66 66 0B 43 EC 51 83 42 F0 27 4B 42
1787904787.903068,34680,1212,12,CD CC 8C 42 EC 51 86 42 AA 31 B3 42
1787904787.913460,34680,1213,12,33 33 E7 42 7B 14 46 42 EB D1 44 42
1787904787.924871,34680,1214,12,9A 99 FD 42 1F 85 84 42 3B 1F CE 42
1787904787.935302,34680,1215,12,00 00 5C 42 5C 8F 86 42 C1 0A D6 42
1787904787.945656,34680,1216,12,9A 99 C6 42 33 33 D7 41 DF 0F D4 42
1787904787.956122,34680,1217,12,00 00 72 42 66 66 C6 41 A3 B0 A9 42
1787904787.967300,34680,1218,12,CC CC 13 43 29 5C 9A 42 98 2E C8 42
1787904787.978315,34680,1219,12,00 00 48 42 33 33 BF 41 CD 4C 78 42
1787904787.988744,34680,121a,12,9A 99 FC 42 F6 28 8A 42 94 98 1F 42
1787904787.999873,34680,121b,12,CD CC 91 42 29 5C 5D 42 8C 6C 44 42
1787904788.010386,34680,121c,12,CD CC FD 42 7B 14 6A 42 73 E8 4F 42
1787904788.020851,34680,121d,12,00 00 BC 42 1E 85 F3 41 A4 70 D7 41
1787904788.031340,34680,121e,12,CC CC BF 42 D7 A3 8A 42 B0 B2 BC 42
1787904788.041929,34680,121f,12,CD CC 8F 42 85 EB 01 42 CD CC B3 41
1787904788.053272,34680,1220,12,66 66 6E 42 66 66 08 42 D3 4D BD 41
1787904788.063770,34680,1221,12,9A 19 13 43 1F 85 CF 41 87 16 3E 42
1787904788.074167,34680,1222,12,9A 99 C2 42 7B 14 28 42 42 A0 D7 42
1787904788.084677,34680,1223,12,33 33 93 42 3E 0A 9C 42 06 41 AD 42
1787904788.095236,34680,1224,12,66 66 E9 42 00 00 7E 42 CF 37 EC 42
1787904788.105741,34680,1225,12,00 00 F1 42 5C 8F 34 42 24 86 92 42
1787904788.123224,34680,1226,12,CD CC D3 42 CD CC 64 42 27 31 DC 41
1787904788.133721,34680,1227,12,66 66 13 43 E2 7A D0 41 58 39 B0 42
1787904788.144282,34680,1228,12,CD CC 0C 43 48 E1 EA 41 08 2C 0E 42
1787904788.154624,34680,1229,12,CC 4C 08 43 71 3D 7E 42 49 4C E4 42
1787904788.165114,34680,122a,12,9A 99 9A 42 CD CC F8 41 BC 34 9E 42
1787904788.175702,34680,122b,12,33 33 03 43 5C 8F 9E 42 B4 C8 F0 41
1787904788.186080,34680,122c,12,66 66 C3 42 3D 0A F3 41 BE 5F A1 42
1787904788.196807,34680,122d,12,66 66 9C 42 66 66 0E 42 EE FC 47 42
1787904788.207044,34680,122e,12,66 66 82 42 9A 99 C1 41 06 41 AD 42
1787904788.217316,34680,122f,12,00 00 68 42 9A 99 4B 42 58 B9 26 42
1787904788.227822,34680,1230,12,33 33 B8 42 85 EB 8F 42 C3 F5 A3 41
1787904788.238062,34680,1231,12,66 66 78 42 B8 1E 82 42 8C 6C 9C 42
1787904788.248385,34680,1232,12,CD CC B4 42 AE 47 65 42 F2 12 BF 42
1787904788.258708,34680,1233,12,9A 99 C1 42 C3 F5 66 42 86 EB 3A 42
1787904788.268931,34680,1234,12,34 B3 0A 43 48 E1 AE 41 BA 49 E5 42
1787904788.279303,34680,1235,12,9A 99 CC 42 C2 F5 4E 42 B7 F3 DE 42
1787904788.289644,34680,1236,12,00 00 06 43 7B 14 5E 42 B2 5D 8E 42
1787904788.302177,34680,1237,12,9A 99 FD 42 7B 14 98 42 8C 6C 44 42
1787904788.312590,34680,1238,12,CD CC A4 42 3D 0A CF 41 6C E7 E4 41
1787904788.322940,34680,1239,12,00 00 6C 42 00 00 36 42 A0 9A 8A 42
1787904788.333362,34680,123a,12,66 E6 05 43 1F 85 35 42 44 8B A5 41
1787904788.347175,34680,123b,12,33 B3 01 43 F6 28 8A 42 81 15 03 42
1787904788.357639,34680,123c,12,CD CC C8 42 14 AE 8F 42 A8 C6 DD 41
1787904788.368230,34680,123d,12,00 00 01 43 7A 14 95 42 42 60 A2 41
1787904788.378598,34680,123e,12,9A 99 88 42 0A D7 6F 42 00 80 64 42
1787904788.388926,34680,123f,12,66 66 84 42 00 00 97 42 08 AC 97 42
1787904788.399281,34680,1240,12,00 00 83 42 D7 A3 26 42 25 06 D9 41
1787904788.409545,34680,1241,12,9A 99 0E 43 5C 8F 7C 42 8D 97 47 42
1787904788.431136,34680,1242,12,9A 99 9C 42 1F 85 6B 42 71 3D D6 42
1787904788.449528,34680,1243,12,CD CC B0 42 1F 85 FF 41 1C 9A 9E 42
1787904788.460871,34680,1244,12,CD CC E0 42 D7 A3 14 42 D3 4D A8 42
1787904788.471956,34680,1245,12,CD CC 58 42 E1 7A A0 41 E9 E6 E3 42
1787904788.482843,34680,1246,12,00 00 72 42 1F 85 2F 42 A8 C6 0D 42
1787904788.493623,34680,1247,12,33 33 C8 42 AE 47 3B 42 C9 36 B1 42
1787904788.504863,34680,1248,12,CD CC D3 42 48 E1 8A 42 21 B0 D2 41
1787904788.515217,34680,1249,12,9A 99 BA 42 E1 7A 7E 42 DF 0F D4 42
1787904788.527807,34680,124a,12,00 00 9A 42 AE 47 8A 42 58 39 C5 41
1787904788.538594,34680,124b,12,00 00 BB 42 CD CC 8F 42 56 8E DE 42
1787904788.551175,34680,124c,12,66 66 C4 42 B8 1E F1 41 CA E1 82 42
1787904788.562256,34680,124d,12,CC CC CC 42 00 00 C4 41 2D B2 E5 41
1787904788.573572,34680,124e,12,00 00 AB 42 AE 47 8A 42 76 BE DF 42
1787904788.584258,34680,124f,12,33 33 D5 42 F6 28 5C 42 DF 4F 00 42
1787904788.597649,34680,1250,12,33 33 C2 42 90 C2 29 42 6E 12 E8 41
1787904788.610716,34680,1251,12,00 80 12 43 AE 47 3B 42 3A B4 F8 41
1787904788.621118,34680,1252,12,00 00 58 42 8F C2 87 42 16 D9 C2 41
1787904788.631525,34680,1253,12,CD CC B4 42 00 00 00 42 33 B3 A8 42
1787904788.641863,34680,1254,12,CC CC 08 43 A4 70 13 42 B4 C8 DB 42
1787904788.652328,34680,1255,12,00 00 0B 43 00 00 B8 41 08 6C B0 42
1787904788.663361,34680,1256,12,00 00 DE 42 5C 8F AA 41 DB F9 5C 42
1787904788.673988,34680,1257,12,00 00 F2 42 C2 F5 8B 42 CB 61 B4 42
1787904788.684498,34680,1258,12,00 00 DD 42 EC 51 D4 41 0C C2 B6 42
1787904788.694791,34680,1259,12,33 33 6B 42 90 C2 47 42 4E 62 B5 41
1787904788.706114,34680,125a,12,33 33 84 42 EC 51 0A 42 6E 12 E8 41
1787904788.716626,34680,125b,12,66 66 F3 42 E1 7A 54 42 74 53 92 42
1787904788.726939,34680,125c,12,9A 99 FE 42 66 66 68 42 D7 A3 56 42
1787904788.740071,34680,125d,12,CD CC B0 42 7B 14 CE 41 46 B6 A8 41
1787904788.751195,34680,125e,12,66 66 08 43 E1 7A 8E 42 2D 32 47 42
1787904788.761927,34680,125f,12,66 66 C8 42 B8 1E 27 42 D3 0D C1 42
1787904788.772511,34680,1260,12,00 00 91 42 33 33 D7 41 E1 FA 34 42
1787904788.783132,34680,1261,12,9A 99 C8 42 52 B8 30 42 E1 3A D7 42
1787904788.793714,34680,1262,12,CD CC AE 42 0A D7 3F 42 70 3D 1B 42
1787904788.808721,34680,1263,12,66 66 A1 42 00 00 AC 41 B2 9D ED 41
1787904788.819319,34680,1264,12,CC CC C6 42 48 E1 68 42 1F 85 BA 42
1787904788.829869,34680,1265,12,9A 99 6B 42 F6 28 A8 41 70 3D 1B 42
1787904788.840345,34680,1266,12,99 99 F7 42 AE 47 17 42 DC 79 2B 42
1787904788.850744,34680,1267,12,66 66 0D 43 33 33 B3 41 2D 32 9F 42
1787904788.861900,34680,1268,12,00 00 95 42 B8 1E 5D 42 B7 73 55 42
1787904788.872225,34680,1269,12,33 33 F1 42 D7 A3 5C 42 1D 5A CC 41
1787904788.882765,34680,126a,12,9A 99 65 42 A4 70 9B 42 CB E1 E5 42
1787904788.893257,34680,126b,12,66 66 B5 42 70 3D 82 42 F6 A8 54 42
1787904788.903603,34680,126c,12,9A 99 E1 42 00 00 54 42 9C C4 B5 42
1787904788.913951,34680,126d,12,66 66 85 42 3E 0A 71 42 12 43 C0 42
1787904788.924576,34680,126e,12,33 33 7F 42 A4 70 A1 41 F8 D3 57 42
1787904788.934867,34680,126f,12,CC 4C 13 43 F6 28 3E 42 CA 21 12 42
1787904788.945298,34680,1270,12,33 33 57 42 C2 F5 24 42 00 00 8B 42
1787904788.955751,34680,1271,12,00 80 09 43 E1 7A DC 41 9C 84 CE 42
1787904788.966604,34680,1272,12,00 00 D3 42 29 5C 6F 42 9E AF D1 42
1787904788.977263,34680,1273,12,66 66 94 42 AE 47 A5 41 6B BC 74 42
1787904788.987682,34680,1274,12,CD CC FA 42 AE 47 B1 41 BA 49 E5 42
1787904788.998306,34680,1275,12,67 66 E5 42 A4 70 9B 42 08 EC E1 42
1787904789.010242,34680,1276,12,CD CC D3 42 8F C2 6B 42 27 B1 3D 42
1787904789.020975,34680,1277,12,00 00 76 42 A4 70 67 42 6B FC B3 42
1787904789.031460,34680,1278,12,CD CC 88 42 5C 8F 80 42 99 99 B2 42
1787904789.042182,34680,1279,12,33 33 83 42 9A 99 33 42 36 5E F2 41
1787904789.053067,34680,127a,12,CD CC FB 42 3E 0A 96 42 8A 01 B2 42
1787904789.063702,34680,127b,12,CD CC F7 42 F6 28 A8 41 B8 1E F7 41
1787904789.074132,34680,127c,12,CD CC FA 42 B8 1E 51 42 85 EB A7 41
1787904789.084915,34680,127d,12,66 E6 08 43 D7 A3 50 42 18 84 27 42
1787904789.095394,34680,127e,12,00 00 D6 42 CD CC 28 42 C9 36 B1 42
1787904789.106480,34680,127f,12,CC CC BA 42 66 66 EA 41 E1 7A 66 42
1787904789.117331,34680,1280,12,9A 99 FA 42 3E 0A 84 42 0E AD 7A 42
1787904789.127796,34680,1281,12,34 33 B6 42 F6 28 84 42 E5 10 AC 42
1787904789.138254,34680,1282,12,66 66 CB 42 14 AE 55 42 92 ED BA 41
1787904789.148770,34680,1283,12,00 00 8B 42 F6 28 5C 42 87 16 3E 42
1787904789.159798,34680,1284,12,00 00 88 42 CC CC 16 42 CC 4C 15 42
1787904789.170570,34680,1285,12,33 33 59 42 5C 8F 16 42 AC 1C 77 42
1787904789.181321,34680,1286,12,9A 99 82 42 A4 70 0D 42 40 35 32 42
1787904789.191666,34680,1287,12,33 33 14 43 CD CC 8F 42 83 40 69 42
1787904789.202131,34680,1288,12,9A 99 94 42 66 66 EA 41 AE 47 7A 42
1787904789.212574,34680,1289,12,CC CC DC 42 D7 A3 90 42 20 30 34 42
1787904789.223269,34680,128a,12,33 B3 0C 43 1E 85 41 42 06 01 C6 42
1787904789.234695,34680,128b,12,99 99 F5 42 1E 85 41 42 1F 05 EC 42
1787904789.245419,34680,128c,12,9A 99 D9 42 33 33 A7 41 DC 79 83 42
1787904789.255867,34680,128d,12,66 E6 13 43 52 B8 85 42 08 AC 97 42
1787904789.267246,34680,128e,12,00 00 64 42 14 AE 73 42 EE 7C 79 42
1787904789.277836,34680,128f,12,CC CC C6 42 29 5C 69 42 3A B4 F8 41
1787904789.288222,34680,1290,12,9A 99 C7 42 A3 70 5B 42 AC 1C 77 42
1787904789.301643,34680,1291,12,66 66 D8 42 86 EB F5 41 33 33 DA 42
1787904789.312389,34680,1292,12,66 E6 0A 43 29 5C 1B 42 52 38 1D 42
1787904789.323142,34680,1293,12,33 33 59 42 EC 51 40 42 EE 3C EA 42
1787904789.333584,34680,1294,12,CD CC A8 42 9A 99 6F 42 2D 72 E9 42
1787904789.344277,34680,1295,12,9A 99 C0 42 70 3D 36 42 85 6B 6C 42
1787904789.354820,34680,1296,12,CD CC EC 42 EC 51 8C 42 72 68 EE 41
1787904789.365405,34680,1297,12,CD CC EB 42 EC 51 F8 41 62 50 A7 42
1787904789.375806,34680,1298,12,CD CC A2 42 EC 51 0A 42 9A D9 99 42
1787904789.386441,34680,1299,12,33 33 E2 42 9A 99 F1 41 C0 CA 33 42
1787904789.396923,34680,129a,12,33 33 0F 43 5C 8F 89 42 79 E9 27 42
1787904789.407259,34680,129b,12,CD CC 0B 43 00 00 8B 42 BA C9 B3 42
1787904789.419028,34680,129c,12,34 33 B0 42 8F C2 C9 41 3B DF E6 42
1787904789.429541,34680,129d,12,66 66 EB 42 B8 1E 8E 42 A2 45 67 42
1787904789.439841,34680,129e,12,00 00 9B 42 D7 A3 8A 42 25 06 C4 42
1787904789.454076,34680,129f,12,CD CC 80 42 A4 70 D1 41 B6 F3 F3 41
1787904789.464411,34680,12a0,12,66 66 D0 42 52 B8 B2 41 0E ED B9 42
1787904789.474725,34680,12a1,12,99 99 F7 42 5C 8F 92 42 20 30 34 42
1787904789.486512,34680,12a2,12,66 66 9A 42 48 E1 D2 41 7B 14 FB 41
1787904789.497435,34680,12a3,12,33 33 83 42 EC 51 86 42 99 99 B2 42
1787904789.508029,34680,12a4,12,33 33 90 42 C2 F5 9A 42 FE D4 EA 42
1787904789.518781,34680,12a5,12,9A 99 E7 42 C2 F5 36 42 10 D8 1A 42
1787904789.529252,34680,12a6,12,66 66 CA 42 48 E1 44 42 EB D1 9C 42
1787904789.539774,34680,12a7,12,9A 19 08 43 B8 1E 97 42 D3 4D 50 42
1787904789.550515,34680,12a8,12,00 00 64 42 7B 14 0A 42 A8 C6 70 42
1787904789.561085,34680,12a9,12,CD CC 5C 42 A4 70 8F 42 12 03 1E 42
1787904789.591317,34680,12aa,12,34 33 FE 42 A4 70 31 42 D4 B8 92 42
1787904789.603507,34680,12ab,12,00 00 9B 42 33 33 9B 42 46 B6 A8 41
1787904789.615420,34680,12ac,12,33 B3 15 43 B8 1E 7B 42 7B 94 5C 42
1787904789.627993,34680,12ad,12,9A 99 A6 42 C2 F5 60 42 29 1C 80 42
1787904789.639392,34680,12ae,12,9A 99 65 42 C2 F5 F4 41 31 08 1C 42
1787904789.655581,34680,12af,12,00 00 80 42 70 3D 48 42 12 83 BC 41
1787904789.668073,34680,12b0,12,66 66 D9 42 52 B8 6C 42 A6 9B 6D 42
1787904789.679927,34680,12b1,12,33 33 6F 42 EC 51 04 42 6C A7 85 42
1787904789.690550,34680,12b2,12,9A 99 DC 42 C3 F5 A0 41 D7 E3 95 42
1787904789.701308,34680,12b3,12,66 66 B0 42 B8 1E 8E 42 29 5C 72 42
1787904789.712183,34680,12b4,12,9A 99 B7 42 C2 F5 5A 42 31 08 EC 41
1787904789.722788,34680,12b5,12,34 33 BE 42 9A 99 63 42 90 02 8A 42
1787904789.733047,34680,12b6,12,34 33 DB 42 85 EB B9 41 6E 12 18 42
1787904789.743212,34680,12b7,12,00 00 F5 42 AE 47 8A 42 E1 FA 34 42
1787904789.753404,34680,12b8,12,33 33 CA 42 71 3D 8B 42 B8 9E B0 42
1787904789.763727,34680,12b9,12,9A 19 05 43 3E 0A 90 42 AC 1C 77 42
1787904789.774014,34680,12ba,12,66 66 0C 43 48 E1 32 42 3B DF 83 42
1787904789.785270,34680,12bb,12,33 33 EE 42 CD CC 28 42 4A 8C 10 42
1787904789.795750,34680,12bc,12,CC CC A7 42 00 00 E8 41 0A D7 AF 41
1787904789.806099,34680,12bd,12,66 66 68 42 0A D7 97 42 69 91 0E 42
1787904789.816624,34680,12be,12,CD CC 04 43 F6 28 14 42 83 00 DA 42
1787904789.827223,34680,12bf,12,9A 99 C7 42 A4 70 2B 42 21 70 D6 42
1787904789.837648,34680,12c0,12,9A 99 6D 42 34 33 EF 41 23 DB D5 41
1787904789.851857,34680,12c1,12,CD CC DE 42 85 EB E9 41 9C C4 5D 42
1787904789.862485,34680,12c2,12,CC 4C 01 43 70 3D 06 42 FC A9 FC 41
1787904789.872927,34680,12c3,12,33 33 9C 42 00 00 06 42 A2 45 BF 42
1787904789.883175,34680,12c4,12,CD CC 66 42 86 EB F5 41 2E 5D A2 42
1787904789.893569,34680,12c5,12,66 66 9F 42 1F 85 2F 42 3B DF 2B 42
1787904789.903998,34680,12c6,12,CC CC D9 42 E1 7A 9D 42 9E 2F A0 42
1787904789.914474,34680,12c7,12,00 00 D1 42 48 E1 5C 42 BE 1F BA 42
1787904789.926049,34680,12c8,12,00 80 11 43 E2 7A 00 42 67 26 DF 42
1787904789.936388,34680,12c9,12,00 00 B0 42 E1 7A 06 42 12 43 C0 42
1787904789.947708,34680,12ca,12,33 33 8B 42 A4 70 6D 42 5E 3A 30 42
1787904789.958069,34680,12cb,12,33 B3 12 43 8F C2 7D 42 48 E1 96 42
1787904789.968819,34680,12cc,12,00 00 66 42 C2 F5 94 42 A6 1B 3C 42
1787904789.980865,34680,12cd,12,CD 4C 0F 43 66 66 3E 42 CF 37 89 42
1787904789.991880,34680,12ce,12,33 33 E2 42 5C 8F 7C 42 79 E9 F7 41
1787904790.002712,34680,12cf,12,9A 99 9A 42 85 EB 92 42 20 F0 A4 42
1787904790.013228,34680,12d0,12,CD CC E3 42 1E 85 99 42 85 6B C4 42
1787904790.024007,34680,12d1,12,00 00 EE 42 A4 70 0D 42 83 00 DA 42
1787904790.034581,34680,12d2,12,00 00 C5 42 E1 7A 6C 42 3B 1F CE 42
1787904790.046230,34680,12d3,12,CC 4C 08 43 66 66 1A 42 54 63 20 42
1787904790.057057,34680,12d4,12,00 00 AD 42 66 66 AE 41 29 DC 98 42
1787904790.067474,34680,12d5,12,34 33 D9 42 85 EB AD 41 F4 7D 51 42
1787904790.077989,34680,12d6,12,00 00 C3 42 90 C2 41 42 6A BC 11 42
1787904790.088463,34680,12d7,12,33 B3 0F 43 E2 7A 00 42 56 0E 55 42
1787904790.098986,34680,12d8,12,33 33 08 43 70 3D 97 42 AE 87 B9 42
1787904790.109386,34680,12d9,12,9A 99 88 42 D7 A3 1A 42 FA 7E F9 41
1787904790.120011,34680,12da,12,CD CC FE 42 E2 7A 30 42 D9 8E CA 42
1787904790.130796,34680,12db,12,00 00 DC 42 B8 1E 9A 42 4C 37 9D 42
1787904790.141337,34680,12dc,12,CD CC C4 42 5C 8F 28 42 49 4C E4 42
1787904790.151752,34680,12dd,12,67 66 FE 42 8F C2 7D 42 6C E7 CF 42
1787904790.162396,34680,12de,12,CD CC 87 42 D7 A3 74 42 25 06 09 42
1787904790.172914,34680,12df,12,00 00 F2 42 AE 47 17 42 36 1E 93 42
1787904790.183713,34680,12e0,12,9A 99 49 42 A4 70 1F 42 7F EA 62 42
1787904790.194278,34680,12e1,12,66 66 94 42 70 3D 94 42 83 00 DA 42
1787904790.204707,34680,12e2,12,67 66 F0 42 48 E1 F6 41 4E A2 EA 42
1787904790.215528,34680,12e3,12,9A 99 B1 42 0A D7 03 42 3E 0A 2F 42
1787904790.225943,34680,12e4,12,9A 99 AB 42 1F 85 05 42 E8 BB E0 42
1787904790.236962,34680,12e5,12,CD CC 7C 42 66 66 AE 41 EC 51 E3 41
1787904790.247311,34680,12e6,12,34 33 DD 42 90 C2 29 42 06 01 6E 42
1787904790.257733,34680,12e7,12,CC 4C 08 43 5C 8F 1C 42 AC 1C E4 41
1787904790.268566,34680,12e8,12,34 33 D0 42 B8 1E 63 42 58 F9 C8 42
1787904790.279914,34680,12e9,12,33 33 D3 42 CD CC E0 41 A8 C6 C8 42
1787904790.290443,34680,12ea,12,00 00 EF 42 A4 70 8F 42 D7 A3 56 42
1787904790.301565,34680,12eb,12,34 33 BE 42 33 33 E3 41 2B 47 83 42
1787904790.312233,34680,12ec,12,66 66 B3 42 C2 F5 C4 41 29 9C B1 42
1787904790.323668,34680,12ed,12,00 00 E6 42 A4 70 A1 41 64 BB 39 42
1787904790.335180,34680,12ee,12,CD CC B5 42 71 3D 00 42 1F 85 BA 42
1787904790.346364,34680,12ef,12,34 33 04 43 00 00 6C 42 AA F1 10 42
1787904790.357793,34680,12f0,12,CD CC 12 43 70 3D 18 42 D7 A3 AE 42
1787904790.368850,34680,12f1,12,66 66 A3 42 86 EB 43 42 8C 6C 44 42
1787904790.379528,34680,12f2,12,33 33 B9 42 EC 51 B0 41 7F EA 62 42
1787904790.390382,34680,12f3,12,9A 99 10 43 5C 8F AA 41 5D 8F 5E 42
1787904790.400898,34680,12f4,12,33 33 B8 42 0A D7 27 42 C6 CB 6E 42
1787904790.411285,34680,12f5,12,CD CC C3 42 CD CC 40 42 D1 E2 BD 42
1787904790.421620,34680,12f6,12,CD CC 80 42 33 33 89 42 0C 82 77 42
1787904790.431952,34680,12f7,12,00 00 76 42 7B 14 83 42 D7 23 E0 42
1787904790.442415,34680,12f8,12,33 33 7B 42 1F 85 17 42 66 66 0B 42
1787904790.453051,34680,12f9,12,33 33 D2 42 33 33 A7 41 1F 85 CF 41
1787904790.463633,34680,12fa,12,00 00 FC 42 14 AE 4F 42 9C 44 84 42
1787904790.474133,34680,12fb,12,9A 99 AA 42 0A D7 57 42 8F 02 ED 42
1787904790.484639,34680,12fc,12,33 B3 02 43 00 00 8B 42 D3 0D C1 42
1787904790.495173,34680,12fd,12,9A 99 CD 42 0A D7 82 42 50 8D 4B 42
1787904790.505973,34680,12fe,12,99 99 F4 42 EB 51 52 42 A8 C6 DD 41
1787904790.517120,34680,12ff,12,66 66 91 42 00 00 AC 41 86 EB 92 42
1787904790.528942,34680,1300,12,9A 99 93 42 29 5C 91 42 02 AB 67 42
1787904790.544279,34680,1301,12,33 33 E3 42 EC 51 1C 42 3F B5 BB 42
1787904790.555497,34680,1302,12,33 33 89 42 48 E1 1A 42 D3 4D A8 42
1787904790.568197,34680,1303,12,33 33 F8 42 52 B8 00 42 2F 9D EC 42
1787904790.582287,34680,1304,12,00 80 0F 43 52 B8 1E 42 4A 0C 9A 42
1787904790.593793,34680,1305,12,66 66 66 42 1F 85 84 42 0E ED B9 42
1787904790.603978,34680,1306,12,9A 99 C3 42 66 66 F6 41 85 6B 09 42
1787904790.614239,34680,1307,12,66 66 B2 42 90 C2 3B 42 3E 0A 2F 42
1787904790.624810,34680,1308,12,00 00 BC 42 29 5C BB 41 CD CC 9E 42
1787904790.635305,34680,1309,12,CD 4C 06 43 D7 A3 A8 41 AA F1 10 42
1787904790.645808,34680,130a,12,9A 99 F3 42 A4 70 49 42 2D B2 E5 41
1787904790.656126,34680,130b,12,00 00 5C 42 C2 F5 36 42 C0 CA 33 42
1787904790.667080,34680,130c,12,00 00 9F 42 1F 85 5F 42 70 FD 8B 42
1787904790.677991,34680,130d,12,66 66 88 42 15 AE 79 42 50 8D B8 41
1787904790.688509,34680,130e,12,9A 99 85 42 9A 99 51 42 0C 82 14 42
1787904790.698969,34680,130f,12,33 33 B2 42 7B 14 5E 42 A2 45 D4 41
1787904790.709487,34680,1310,12,33 B3 14 43 9A 99 15 42 E8 FB 0C 42
1787904790.736076,34680,1311,12,CC CC C5 42 C3 F5 54 42 0A D7 42 42
1787904790.747059,34680,1312,12,CD CC 8A 42 00 00 00 42 3A B4 80 42
1787904790.759610,34680,1313,12,00 00 91 42 EC 51 46 42 44 0B C2 42
1787904790.769988,34680,1314,12,34 33 BE 42 CD CC 04 42 1D DA 85 42
1787904790.780713,34680,1315,12,34 33 AB 42 14 AE 1F 42 2D B2 15 42
1787904790.791361,34680,1316,12,00 00 8B 42 A4 70 86 42 12 C3 8E 42
1787904790.803197,34680,1317,12,00 00 02 43 86 EB 8C 42 FC A9 E7 42
1787904790.815181,34680,1318,12,9A 99 DE 42 7B 14 CE 41 CF 77 18 42
1787904790.826140,34680,1319,12,CD CC 70 42 14 AE 07 42 DF 0F D4 42
1787904790.839698,34680,131a,12,66 66 CE 42 A4 70 C5 41 EC 51 E3 41
1787904790.851246,34680,131b,12,CD CC 04 43 15 AE 49 42 50 4D BC 42
1787904790.862422,34680,131c,12,33 33 B5 42 48 E1 14 42 BC 74 2D 42
1787904790.872940,34680,131d,12,00 00 E6 42 AE 47 A5 41 91 6D D7 42
1787904790.883373,34680,131e,12,33 33 55 42 AE 47 17 42 1B EF CC 42
1787904790.893743,34680,131f,12,34 B3 11 43 CC CC 8C 42 0C 82 CF 42
1787904790.904096,34680,1320,12,00 00 AA 42 52 B8 8B 42 6F 92 A1 42
1787904790.914534,34680,1321,12,CD CC D0 42 E1 7A 1E 42 B0 F2 4B 42
1787904790.924967,34680,1322,12,33 33 6D 42 8F C2 5F 42 E0 8F A2 42
1787904790.935597,34680,1323,12,33 33 D4 42 14 AE 61 42 5C 0F 85 42
1787904790.947048,34680,1324,12,CD CC FF 42 A4 70 43 42 E4 65 DA 42
1787904790.957528,34680,1325,12,CD CC 8C 42 70 3D 1E 42 DD 24 60 42
1787904790.968214,34680,1326,12,34 33 B0 42 5C 8F 16 42 06 01 C6 42
1787904790.978915,34680,1327,12,CD CC 90 42 9A 99 33 42 62 10 05 42
1787904790.989527,34680,1328,12,00 80 01 43 71 3D 9A 42 2E 5D 4A 42
1787904791.000819,34680,1329,12,67 66 FE 42 7B 14 80 42 F0 27 4B 42
1787904791.011433,34680,132a,12,33 33 0F 43 33 33 98 42 83 80 A8 42
1787904791.022337,34680,132b,12,66 66 04 43 48 E1 F6 41 A6 5B DE 42
1787904791.033016,34680,132c,12,33 33 91 42 52 B8 30 42 08 2C 71 42
1787904791.043406,34680,132d,12,CD CC FD 42 34 33 19 42 E1 BA A5 42
1787904791.054492,34680,132e,12,CD CC 0B 43 90 C2 71 42 B2 1D A7 42
1787904791.065025,34680,132f,12,CC CC A7 42 5C 8F 0A 42 D9 0E 99 42
1787904791.075677,34680,1330,12,9A 99 D5 42 C2 F5 78 42 29 5C 72 42
1787904791.086456,34680,1331,12,66 66 99 42 48 E1 5C 42 EE 7C D1 42
1787904791.096932,34680,1332,12,99 99 DF 42 F6 28 8D 42 A8 06 B0 42
1787904791.108551,34680,1333,12,9A 99 8E 42 A4 70 6D 42 F6 A8 AC 42
1787904791.122070,34680,1334,12,66 66 B3 42 C3 F5 DC 41 EA A6 99 42
1787904791.132739,34680,1335,12,67 66 FB 42 33 33 55 42 EF E7 BB 42
1787904791.143101,34680,1336,12,CC CC CC 42 D7 A3 84 42 C3 F5 A3 41
1787904791.154093,34680,1337,12,CD CC 04 43 1F 85 84 42 42 E0 66 42
1787904791.165055,34680,1338,12,00 00 0D 43 90 C2 1D 42 0A 17 82 42
1787904791.176475,34680,1339,12,00 00 E4 42 3E 0A 96 42 74 93 21 42
1787904791.187123,34680,133a,12,00 00 66 42 9A 99 B5 41 7D FF 9E 42
1787904791.197550,34680,133b,12,33 33 95 42 D7 A3 84 42 FE D4 FF 41
1787904791.208034,34680,133c,12,CD CC 7A 42 B8 1E C1 41 A8 06 B0 42
1787904791.218492,34680,133d,12,66 66 BD 42 A4 70 1F 42 58 B9 26 42
1787904791.229027,34680,133e,12,33 33 13 43 00 00 E8 41 F2 D2 7F 42
1787904791.239526,34680,133f,12,66 66 DB 42 52 B8 66 42 D2 22 A5 42
1787904791.249804,34680,1340,12,9A 99 AE 42 E1 7A 18 42 F6 68 C5 42
1787904791.260474,34680,1341,12,00 00 EF 42 85 EB 1F 42 83 C0 8F 42
1787904791.271150,34680,1342,12,9A 99 03 43 CD CC 46 42 B0 F2 4B 42
1787904791.281682,34680,1343,12,67 66 FC 42 90 C2 ED 41 F4 BD 90 42
1787904791.292231,34680,1344,12,00 00 8B 42 EB 51 5E 42 A6 9B 0A 42
1787904791.303057,34680,1345,12,9A 99 F9 42 29 5C 2D 42 64 BB 39 42
1787904791.313770,34680,1346,12,9A 19 01 43 00 00 54 42 02 2B A3 41
1787904791.326180,34680,1347,12,CC 4C 07 43 34 33 95 42 AA F1 CB 42
1787904791.336869,34680,1348,12,34 33 AA 42 0A D7 0F 42 4A 4C 81 42
1787904791.347425,34680,1349,12,66 E6 02 43 9A 99 6F 42 70 FD 8B 42
1787904791.358799,34680,134a,12,33 33 FA 42 D7 A3 99 42 58 B9 26 42
1787904791.369292,34680,134b,12,9A 19 0A 43 85 EB 31 42 AC 9C 45 42
1787904791.379822,34680,134c,12,00 00 CC 42 66 66 14 42 A8 C6 C8 42
1787904791.390586,34680,134d,12,00 00 0B 43 48 E1 F6 41 4E E2 79 42
1787904791.401147,34680,134e,12,66 66 83 42 0A D7 2D 42 25 46 AB 42
1787904791.411684,34680,134f,12,9A 99 A3 42 14 AE 89 42 4E E2 D1 42
1787904791.423632,34680,1350,12,00 00 84 42 0A D7 DF 41 31 08 7F 42
1787904791.433933,34680,1351,12,CD CC AF 42 71 3D 4E 42 B2 5D 8E 42
1787904791.444383,34680,1352,12,66 66 9A 42 66 66 9F 42 E3 A5 06 42
1787904791.454831,34680,1353,12,9A 99 A4 42 5C 8F 16 42 5E 7A D2 42
1787904791.465933,34680,1354,12,66 66 A6 42 9A 99 27 42 EE 3C 87 42
1787904791.476545,34680,1355,12,00 00 E3 42 CD CC E0 41 CB 21 75 42
1787904791.487025,34680,1356,12,34 33 FF 42 D7 A3 56 42 8A 81 E3 42
1787904791.497628,34680,1357,12,66 66 12 43 3E 0A 8D 42 A0 DA D4 42
1787904791.508032,34680,1358,12,00 00 13 43 9A 99 D9 41 44 8B 90 42
1787904791.518433,34680,1359,12,CC 4C 07 43 33 33 6D 42 AA 71 9A 42
1787904791.529258,34680,135a,12,00 00 DE 42 C2 F5 9D 42 54 23 91 42
1787904791.540295,34680,135b,12,00 00 6C 42 1F 85 93 42 C2 75 C0 42
1787904791.550811,34680,135c,12,66 66 B2 42 B9 1E 57 42 90 42 19 42
1787904791.561217,34680,135d,12,00 00 97 42 33 33 A7 41 49 8C 73 42
1787904791.571647,34680,135e,12,66 66 D8 42 33 33 98 42 56 0E AD 42
1787904791.582415,34680,135f,12,00 00 11 43 14 AE D7 41 56 0E C2 41
1787904791.594261,34680,1360,12,CD CC BC 42 5C 8F FE 41 A3 70 C2 42
1787904791.604876,34680,1361,12,66 66 86 42 8F C2 E1 41 46 B6 3B 42
1787904791.615846,34680,1362,12,33 33 81 42 D7 A3 02 42 23 DB D5 41
1787904791.627083,34680,1363,12,66 66 A4 42 B8 1E D9 41 66 66 DB 41
1787904791.637503,34680,1364,12,CC CC C5 42 66 66 93 42 67 66 C6 42
1787904791.653787,34680,1365,12,34 33 DA 42 52 B8 85 42 7B 94 5C 42
1787904791.664366,34680,1366,12,66 66 8F 42 E2 7A 82 42 D7 A3 56 42
1787904791.674967,34680,1367,12,CD CC 0B 43 70 3D 9D 42 DD A4 86 42
1787904791.685544,34680,1368,12,CD CC E4 42 48 E1 4A 42 F6 E8 93 42
1787904791.695996,34680,1369,12,CD CC D4 42 AE 47 7D 42 C5 A0 6B 42
1787904791.706747,34680,136a,12,CC CC A6 42 CD CC 04 42 1F 05 EC 42
1787904791.717512,34680,136b,12,00 00 AD 42 E1 7A AC 41 DF 4F 00 42
1787904791.728052,34680,136c,12,00 00 D2 42 9A 99 0F 42 B7 33 C6 42
1787904791.738680,34680,136d,12,9A 99 F0 42 14 AE 4F 42 8F 02 ED 42
1787904791.749499,34680,136e,12,33 33 96 42 66 66 56 42 AC DC E7 42
1787904791.760001,34680,136f,12,33 33 4D 42 AE 47 96 42 F4 3D C2 42
1787904791.770360,34680,1370,12,9A 99 08 43 7B 14 4C 42 6C 67 9E 42
1787904791.780840,34680,1371,12,00 00 E6 42 85 EB C5 41 83 80 A8 42
1787904791.791295,34680,1372,12,34 33 05 43 1F 85 96 42 AA F1 CB 42
1787904791.801958,34680,1373,12,9A 99 96 42 52 B8 9D 42 0C 42 E8 42
1787904791.812488,34680,1374,12,00 00 07 43 CD CC 40 42 1F 05 89 42
1787904791.823157,34680,1375,12,33 33 AE 42 B8 1E 85 42 58 39 C5 41
1787904791.833622,34680,1376,12,9A 99 9E 42 EC 51 92 42 BA 49 FA 41
1787904791.845268,34680,1377,12,34 B3 0A 43 C2 F5 24 42 4E E2 16 42
1787904791.885578,34680,1378,12,CD CC 0C 43 5C 8F F2 41 17 99 C6 42
1787904791.901133,34680,1379,12,34 33 C3 42 8F C2 A5 41 5D 8F 5E 42
1787904791.915123,34680,137a,12,34 33 FF 42 33 33 67 42 21 B0 65 42
1787904791.925599,34680,137b,12,9A 99 81 42 3E 0A DB 41 04 96 DB 42
1787904791.938412,34680,137c,12,66 E6 04 43 00 00 1E 42 75 93 DC 42
1787904791.949002,34680,137d,12,00 00 B9 42 C2 F5 4E 42 25 46 AB 42
1787904791.960325,34680,137e,12,66 66 D8 42 CC CC 83 42 52 F8 8D 42
1787904791.972270,34680,137f,12,33 33 BF 42 34 33 9E 42 EB D1 9C 42
1787904791.982909,34680,1380,12,00 00 C5 42 0A D7 94 42 D9 CE C6 41
1787904791.994222,34680,1381,12,CD CC F1 42 AE 47 A5 41 58 39 58 42
1787904792.004895,34680,1382,12,CD CC D4 42 00 00 1E 42 E1 7A 03 42
1787904792.015404,34680,1383,12,CD CC E4 42 29 5C 75 42 E8 7B 3E 42
1787904792.025766,34680,1384,12,66 66 F5 42 AE 47 47 42 B4 C8 DB 42
1787904792.036036,34680,1385,12,9A 99 AB 42 52 B8 18 42 24 86 92 42
1787904792.046629,34680,1386,12,CD CC F9 42 CD CC 04 42 DF CF 89 42
1787904792.057133,34680,1387,12,CD 4C 0A 43 85 EB 61 42 20 30 34 42
1787904792.067633,34680,1388,12,CC CC 00 43 0A D7 57 42 D1 A2 1B 42
1787904792.078031,34680,1389,12,9A 99 BA 42 48 E1 87 42 31 88 A5 42
1787904792.088470,34680,138a,12,CD CC 15 43 33 33 55 42 BA 49 FA 41
1787904792.098981,34680,138b,12,33 33 B2 42 0A D7 4B 42 C9 76 98 42
1787904792.109298,34680,138c,12,9A 99 E2 42 F6 28 7A 42 D3 CD D9 42
1787904792.119728,34680,138d,12,00 80 01 43 0A D7 85 42 25 06 D9 41
1787904792.130131,34680,138e,12,33 33 E4 42 D7 A3 56 42 CD 4C 78 42
1787904792.140556,34680,138f,12,33 33 A1 42 52 B8 54 42 10 98 8B 42
1787904792.152020,34680,1390,12,9A 19 14 43 A4 70 8C 42 89 41 AE 41
1787904792.162533,34680,1391,12,CD CC FD 42 5C 8F 92 42 0C 42 85 42
1787904792.172980,34680,1392,12,00 00 0A 43 A4 70 83 42 99 19 E4 42
1787904792.183347,34680,1393,12,9A 99 ED 42 48 E1 14 42 62 D0 D8 42
1787904792.193888,34680,1394,12,33 B3 09 43 29 5C 63 42 BA C9 B3 42
1787904792.205360,34680,1395,12,33 33 A6 42 3D 0A 65 42 2D 32 47 42
1787904792.215847,34680,1396,12,9A 99 D1 42 7B 14 6A 42 0E AD D2 42
1787904792.226287,34680,1397,12,9A 99 9C 42 AE 47 9F 42 BA C9 B3 42
1787904792.236796,34680,1398,12,9A 99 71 42 00 00 0C 42 0C 02 B3 41
1787904792.247273,34680,1399,12,9A 19 06 43 29 5C DF 41 C9 76 AD 41
1787904792.257688,34680,139a,12,66 66 94 42 0A D7 EB 41 D7 E3 95 42
1787904792.272882,34680,139b,12,66 66 96 42 90 C2 99 42 B8 DE 97 42
1787904792.283719,34680,139c,12,00 00 C9 42 9A 99 C1 41 36 5E F2 41
1787904792.296303,34680,139d,12,00 00 C8 42 D7 A3 E4 41 F2 D2 EC 41
1787904792.307837,34680,139e,12,CD CC 9B 42 66 66 38 42 12 03 D9 42
1787904792.318883,34680,139f,12,CD CC 95 42 AE 47 8D 42 FA 7E 81 42
1787904792.330181,34680,13a0,12,66 66 C2 42 AE 47 93 42 48 E1 3E 42
1787904792.340628,34680,13a1,12,9A 99 C5 42 34 33 86 42 A0 DA D4 42
1787904792.350918,34680,13a2,12,CC CC C5 42 F6 28 02 42 21 70 D6 42
1787904792.361262,34680,13a3,12,CD CC 6C 42 EC 51 89 42 9A 19 81 42
1787904792.371663,34680,13a4,12,9A 99 A7 42 5C 8F 9B 42 06 81 A9 41
1787904792.382198,34680,13a5,12,34 B3 0B 43 15 AE 79 42 06 41 AD 42
1787904792.392832,34680,13a6,12,9A 99 55 42 9A 99 4B 42 A2 45 67 42
1787904792.403296,34680,13a7,12,66 66 B5 42 1F 85 2F 42 E8 7B 96 42
1787904792.413546,34680,13a8,12,00 00 9F 42 9A 99 0F 42 3B 1F CE 42
1787904792.423846,34680,13a9,12,66 66 8A 42 66 66 93 42 C0 CA 8B 42
1787904792.434272,34680,13aa,12,33 33 D8 42 EB 51 5E 42 42 E0 03 42
1787904792.444697,34680,13ab,12,34 B3 11 43 1E 85 81 42 42 20 A6 42
1787904792.455126,34680,13ac,12,CC 4C 13 43 29 5C 97 42 46 F6 DD 42
1787904792.466959,34680,13ad,12,66 66 BE 42 CD CC 40 42 B0 F2 4B 42
1787904792.478029,34680,13ae,12,66 66 70 42 29 5C 33 42 C6 CB C6 42
1787904792.488424,34680,13af,12,CD CC C1 42 3D 0A 41 42 14 AE BF 41
1787904792.500453,34680,13b0,12,9A 99 0E 43 EC 51 76 42 52 78 BF 42
1787904792.510863,34680,13b1,12,9A 99 D6 42 AE 47 7D 42 A2 45 D4 41
1787904792.521312,34680,13b2,12,9A 99 AE 42 66 66 3E 42 64 3B C3 42
1787904792.531898,34680,13b3,12,33 33 D1 42 34 33 19 42 2B 87 CD 42
1787904792.542578,34680,13b4,12,33 33 49 42 CC CC 8C 42 EE BC B8 42
1787904792.553338,34680,13b5,12,00 80 01 43 D7 A3 C0 41 77 BE 24 42
1787904792.563883,34680,13b6,12,9A 99 FC 42 D7 A3 2C 42 B2 9D ED 41
1787904792.574233,34680,13b7,12,66 66 4A 42 14 AE 86 42 85 6B 09 42
1787904792.594281,34680,13b8,12,CD CC 66 42 00 00 06 42 AC 1C E4 41
1787904792.604815,34680,13b9,12,CD CC 5E 42 48 E1 BA 41 74 93 F1 41
1787904792.615200,34680,13ba,12,33 33 88 42 99 99 5D 42 91 AD BE 42
1787904792.625752,34680,13bb,12,CD CC E2 42 33 33 4F 42 DC 79 2B 42
1787904792.644721,34680,13bc,12,00 00 C9 42 E2 7A 97 42 17 D9 55 42
1787904792.654886,34680,13bd,12,CD CC 88 42 33 33 01 42 81 15 03 42
1787904792.665370,34680,13be,12,33 33 D1 42 14 AE 9E 42 D5 F8 DC 42
1787904792.675673,34680,13bf,12,66 66 DD 42 90 C2 8D 42 54 23 91 42
1787904792.685979,34680,13c0,12,9A 99 C2 42 B8 1E 21 42 D3 4D BD 41
1787904792.696306,34680,13c1,12,33 33 07 43 3E 0A 47 42 24 86 92 42
1787904792.706791,34680,13c2,12,00 00 F3 42 F6 28 A8 41 92 ED BA 41
1787904792.717008,34680,13c3,12,CD 4C 11 43 7B 14 7C 42 1D DA 85 42
1787904792.727351,34680,13c4,12,CD CC 97 42 EC 51 BC 41 D3 4D BD 41
1787904792.737701,34680,13c5,12,33 33 95 42 29 5C A3 41 FA 7E 29 42
1787904792.748034,34680,13c6,12,9A 99 63 42 70 3D 82 42 96 C3 22 42
1787904792.758459,34680,13c7,12,9A 99 B3 42 66 66 1A 42 CD 4C 78 42
1787904792.771159,34680,13c8,12,00 00 8F 42 7B 14 70 42 91 6D D7 42
1787904792.782204,34680,13c9,12,CC CC F5 42 48 E1 44 42 C6 0B AE 42
1787904792.792493,34680,13ca,12,00 80 0D 43 C3 F5 DC 41 64 BB 39 42
1787904792.802988,34680,13cb,12,9A 99 59 42 A4 70 7F 42 5C 0F 85 42
1787904792.813341,34680,13cc,12,66 66 84 42 1F 85 65 42 11 D8 7D 42
1787904792.823824,34680,13cd,12,66 66 05 43 66 66 EA 41 68 11 40 42
1787904792.834247,34680,13ce,12,9A 99 A9 42 86 EB 73 42 04 56 39 42
1787904792.844640,34680,13cf,12,00 00 DE 42 29 5C 21 42 1A 6F 9B 42
1787904792.854993,34680,13d0,12,9A 99 94 42 D7 A3 96 42 74 53 92 42
1787904792.865524,34680,13d1,12,00 00 C6 42 3D 0A 65 42 62 90 8E 42
1787904792.875877,34680,13d2,12,CD CC 96 42 1E 85 53 42 21 B0 65 42
1787904792.886149,34680,13d3,12,00 00 A6 42 A4 70 98 42 F4 3D C2 42
1787904792.896492,34680,13d4,12,33 33 5F 42 52 B8 D6 41 CD CC 9E 42
1787904792.906898,34680,13d5,12,00 00 C5 42 7B 14 8F 42 5E 7A D2 42
1787904792.917188,34680,13d6,12,CD CC B0 42 48 E1 4A 42 98 6E C4 41
1787904792.927494,34680,13d7,12,9A 99 C5 42 1F 85 11 42 6A 3C 43 42
1787904792.937929,34680,13d8,12,CD CC F8 42 66 66 1A 42 0E AD 17 42
1787904792.948359,34680,13d9,12,00 00 9F 42 B8 1E 9A 42 25 C6 DC 42
1787904792.959542,34680,13da,12,00 00 D3 42 CD CC 95 42 F0 A7 E9 41
1787904792.969883,34680,13db,12,33 33 06 43 66 66 56 42 87 96 0C 42
1787904792.980174,34680,13dc,12,66 66 7A 42 3E 0A 29 42 3B DF FB 41
1787904792.992814,34680,13dd,12,9A 99 E1 42 D7 A3 B4 41 60 E5 BC 42
1787904793.003673,34680,13de,12,CD CC 52 42 00 00 DC 41 56 8E DE 42
1787904793.015771,34680,13df,12,67 66 E2 42 33 33 25 42 6B BC 74 42
1787904793.032303,34680,13e0,12,9A 99 90 42 34 33 1F 42 18 04 C6 41
1787904793.043765,34680,13e1,12,CD CC 56 42 85 EB 19 42 3E 8A 60 42
1787904793.055125,34680,13e2,12,99 99 E9 42 A4 70 55 42 FA 3E 9A 42
1787904793.067748,34680,13e3,12,66 66 85 42 CC CC 9B 42 42 E0 03 42
1787904793.079617,34680,13e4,12,33 33 96 42 A4 70 9E 42 E1 7A D3 41
1787904793.090306,34680,13e5,12,00 00 B6 42 33 33 BF 41 EA A6 99 42
1787904793.103571,34680,13e6,12,66 66 EE 42 B8 1E 27 42 9E EF 60 42
1787904793.114294,34680,13e7,12,33 33 A6 42 A4 70 6D 42 9C 44 84 42
1787904793.124757,34680,13e8,12,66 66 EB 42 AE 47 3B 42 A8 86 E1 42
1787904793.135381,34680,13e9,12,9A 99 BC 42 00 00 36 42 E4 25 90 42
1787904793.145752,34680,13ea,12,CD CC E5 42 A4 70 19 42 3F 75 D4 42
1787904793.156034,34680,13eb,12,9A 99 D9 42 C3 F5 97 42 04 D6 6A 42
1787904793.166464,34680,13ec,12,CD CC 87 42 EC 51 2E 42 62 90 8E 42
1787904793.178697,34680,13ed,12,33 33 D5 42 AE 47 F9 41 16 D9 C2 41
1787904793.189461,34680,13ee,12,66 66 80 42 14 AE 98 42 04 16 AA 42
1787904793.200826,34680,13ef,12,66 66 CC 42 48 E1 38 42 46 36 6D 42
1787904793.211413,34680,13f0,12,00 00 A4 42 5C 8F 9E 42 76 3E AE 42
1787904793.221818,34680,13f1,12,CC CC DC 42 14 AE BF 41 F0 27 4B 42
1787904793.232377,34680,13f2,12,CD CC D2 42 48 E1 1A 42 48 21 E1 42
1787904793.242769,34680,13f3,12,33 B3 01 43 5C 8F 64 42 3E 4A D1 42
1787904793.253125,34680,13f4,12,CD CC C4 42 33 33 49 42 7D BF B7 42
1787904793.264519,34680,13f5,12,CD CC B7 42 CC CC 4C 42 0A 57 11 42
1787904793.274983,34680,13f6,12,CC CC 0D 43 F6 28 9C 42 F6 68 C5 42
1787904793.285345,34680,13f7,12,CD CC E6 42 90 C2 23 42 D7 E3 95 42
1787904793.297381,34680,13f8,12,00 00 68 42 EC 51 58 42 7F 6A 31 42
1787904793.308373,34680,13f9,12,34 33 BE 42 EC 51 C8 41 2F 9D EC 42
1787904793.319399,34680,13fa,12,CD CC FC 42 70 3D 66 42 F2 92 8D 42
1787904793.329978,34680,13fb,12,66 66 72 42 EC 51 2E 42 DB 79 E6 42
1787904793.340431,34680,13fc,12,99 99 EB 42 0A D7 27 42 9C C4 B5 42
1787904793.350765,34680,13fd,12,CD CC D6 42 85 EB 7F 42 F2 12 BF 42
1787904793.361326,34680,13fe,12,00 00 5C 42 1F 85 17 42 23 DB D5 41
1787904793.371765,34680,13ff,12,9A 99 AB 42 52 B8 CA 41 69 91 0E 42
1787904793.382159,34680,1400,12,CD CC E3 42 52 B8 2A 42 B0 72 D5 42
1787904793.393499,34680,1401,12,CD CC 62 42 29 5C 8B 42 B6 F3 F3 41
1787904793.404280,34680,1402,12,33 33 A9 42 29 5C 8B 42 A8 46 3F 42
1787904793.414732,34680,1403,12,9A 99 AF 42 85 EB 5B 42 EC 11 84 42
1787904793.425839,34680,1404,12,33 33 8A 42 3E 0A 17 42 29 9C B1 42
1787904793.436318,34680,1405,12,33 B3 0E 43 14 AE 83 42 B8 1E F7 41
1787904793.447253,34680,1406,12,33 33 57 42 EC 51 8C 42 1D DA 2D 42
1787904793.457844,34680,1407,12,00 00 DF 42 D7 A3 8D 42 8C AC 83 42
1787904793.468443,34680,1408,12,9A 99 0C 43 71 3D 60 42 E8 7B 96 42
1787904793.479028,34680,1409,12,9A 99 E4 42 1F 85 11 42 06 81 A9 41
1787904793.489454,34680,140a,12,9A 99 57 42 C3 F5 97 42 DF CF EC 42
1787904793.499844,34680,140b,12,00 00 06 43 7B 14 3A 42 11 D8 D5 42
1787904793.511646,34680,140c,12,66 66 4C 42 C2 F5 48 42 56 8E DE 42
1787904793.522307,34680,140d,12,00 00 E6 42 AE 47 9F 42 7F 6A 31 42
1787904793.532831,34680,140e,12,33 33 93 42 0A D7 15 42 02 6B D8 42
1787904793.543168,34680,140f,12,CD 4C 11 43 E1 7A 36 42 4C 37 45 42
1787904793.553875,34680,1410,12,00 00 CD 42 A4 70 1F 42 68 51 E2 42
1787904793.564463,34680,1411,12,00 00 94 42 85 EB E9 41 64 FB DB 42
1787904793.574981,34680,1412,12,33 B3 13 43 A4 70 C5 41 31 08 7F 42
1787904793.586052,34680,1413,12,00 00 E0 42 66 66 4A 42 04 56 91 42
1787904793.596626,34680,1414,12,CD CC AA 42 7B 14 70 42 4A 4C 81 42
1787904793.607058,34680,1415,12,66 66 E9 42 34 33 9E 42 72 68 EE 41
1787904793.623824,34680,1416,12,33 33 5D 42 48 E1 BA 41 B6 F3 F3 41
1787904793.634413,34680,1417,12,CC CC AC 42 CD CC 95 42 8E 17 16 42
1787904793.645360,34680,1418,12,00 00 5C 42 8F C2 A5 41 2D B2 D0 42
1787904793.655955,34680,1419,12,CC 4C 0D 43 C2 F5 F4 41 71 3D D6 42
1787904793.666534,34680,141a,12,9A 99 8E 42 14 AE CB 41 A6 9B C5 42
1787904793.676942,34680,141b,12,9A 99 71 42 85 EB AD 41 A0 9A 32 42
1787904793.687288,34680,141c,12,33 33 51 42 70 3D E2 41 1D DA 85 42
1787904793.697807,34680,141d,12,9A 99 82 42 66 66 38 42 33 B3 50 42
1787904793.708589,34680,141e,12,33 33 A1 42 7B 14 C2 41 B2 9D D8 42
1787904793.719893,34680,141f,12,34 33 0A 43 D7 A3 20 42 E1 7A D3 41
1787904793.730371,34680,1420,12,9A 99 00 43 48 E1 90 42 B0 32 8B 42
1787904793.740698,34680,1421,12,33 33 00 43 48 E1 3E 42 C9 F6 C9 42
1787904793.751534,34680,1422,12,CD CC E0 42 9A 99 57 42 58 B9 26 42
1787904793.762696,34680,1423,12,33 33 9A 42 0A D7 21 42 15 2E DC 42
1787904793.773626,34680,1424,12,9A 99 98 42 5C 8F 95 42 D9 CE 59 42
1787904793.784443,34680,1425,12,CD CC A9 42 0A D7 85 42 11 D8 D5 42
1787904793.796316,34680,1426,12,66 66 02 43 48 E1 9C 42 5E FA A0 42
1787904793.806676,34680,1427,12,00 00 A0 42 C2 F5 60 42 87 56 E0 42
1787904793.817050,34680,1428,12,66 66 E1 42 5C 8F 3A 42 38 89 25 42
1787904793.828125,34680,1429,12,33 33 F9 42 C2 F5 60 42 C6 8B DF 42
1787904793.838574,34680,142a,12,CD CC F8 42 33 33 25 42 49 8C CB 42
1787904793.848889,34680,142b,12,34 B3 11 43 CD CC BC 41 23 5B 8F 42
1787904793.860481,34680,142c,12,00 00 EF 42 CD CC 04 42 4E 62 B5 41
1787904793.871464,34680,142d,12,9A 99 C0 42 D7 A3 93 42 AA F1 E0 41
1787904793.882157,34680,142e,12,00 00 BA 42 AE 47 D5 41 21 70 D6 42
1787904793.894559,34680,142f,12,CD CC 54 42 70 3D 36 42 46 36 0A 42
1787904793.905266,34680,1430,12,CD CC 87 42 D7 A3 8A 42 B7 F3 DE 42
1787904793.915728,34680,1431,12,66 66 F5 42 1F 85 C3 41 D3 0D C1 42
1787904793.926123,34680,1432,12,CD CC 8A 42 1F 85 0B 42 12 43 C0 42
1787904793.937050,34680,1433,12,00 00 72 42 EC 51 8C 42 2E 5D 4A 42
1787904793.948654,34680,1434,12,00 00 60 42 14 AE 2B 42 C1 0A D6 42
1787904793.959116,34680,1435,12,34 33 CC 42 B8 1E B5 41 15 AE 52 42
1787904793.969627,34680,1436,12,00 00 9C 42 EC 51 04 42 1D DA 85 42
1787904793.980174,34680,1437,12,9A 99 DE 42 C2 F5 91 42 7D 3F 86 42
1787904793.990525,34680,1438,12,9A 19 01 43 3E 0A 96 42 24 86 92 42
1787904794.000858,34680,1439,12,9A 19 13 43 D7 A3 6E 42 00 00 33 42
1787904794.011508,34680,143a,12,9A 19 14 43 66 66 32 42 54 E3 BE 41
1787904794.022142,34680,143b,12,66 66 88 42 85 EB 01 42 FC 29 B6 42
1787904794.032731,34680,143c,12,9A 99 88 42 F6 28 3E 42 76 BE DF 42
1787904794.043071,34680,143d,12,CD CC A3 42 5C 8F 22 42 F8 93 C8 42
1787904794.053543,34680,143e,12,34 33 AB 42 1F 85 B7 41 B8 5E C9 42
1787904794.063887,34680,143f,12,00 80 05 43 0A D7 15 42 7F EA BA 42
1787904794.080733,34680,1440,12,33 33 8C 42 7B 14 DA 41 4E E2 79 42
1787904794.091581,34680,1441,12,9A 99 73 42 EC 51 9B 42 58 39 C5 41
1787904794.102302,34680,1442,12,CD CC A0 42 66 66 5C 42 D9 4E E3 42
1787904794.112812,34680,1443,12,9A 19 00 43 CC CC 6A 42 DF CF EC 42
1787904794.150887,34680,1444,12,00 00 87 42 33 33 43 42 8D 57 B8 42
1787904794.175901,34680,1445,12,33 B3 14 43 70 3D D6 41 A2 05 D8 42
1787904794.186756,34680,1446,12,66 66 AB 42 E1 7A AC 41 D2 22 4D 42
1787904794.197949,34680,1447,12,CD CC 82 42 F6 28 87 42 AA F1 10 42
1787904794.210364,34680,1448,12,33 33 F5 42 52 B8 12 42 8B EC 75 42
1787904794.221119,34680,1449,12,CD CC 0F 43 70 3D EE 41 BC 74 FD 41
1787904794.233625,34680,144a,12,CD CC C8 42 33 33 13 42 27 F1 DF 42
1787904794.245342,34680,144b,12,00 00 E7 42 F6 28 56 42 E4 25 90 42
1787904794.256316,34680,144c,12,00 00 DD 42 EC 51 95 42 58 39 58 42
1787904794.267331,34680,144d,12,9A 19 0E 43 8F C2 E1 41 5A A4 9A 42
1787904794.277713,34680,144e,12,9A 99 9A 42 29 5C BB 41 75 13 AB 42
1787904794.289474,34680,144f,12,66 66 C1 42 66 66 AE 41 F8 53 F6 41
1787904794.300571,34680,1450,12,CC CC BF 42 29 5C 09 42 44 8B A5 41
1787904794.311183,34680,1451,12,00 00 95 42 F6 28 14 42 38 89 25 42
1787904794.321968,34680,1452,12,00 00 EE 42 1F 85 3B 42 FA BE CB 42
1787904794.334278,34680,1453,12,33 33 E1 42 3E 0A 93 42 F4 FD DA 42
1787904794.344726,34680,1454,12,CC CC B8 42 8F C2 77 42 FA 7E E4 42
1787904794.355053,34680,1455,12,00 00 9F 42 C3 F5 30 42 FC A9 84 42
1787904794.365364,34680,1456,12,CD CC A4 42 70 3D 48 42 11 D8 7D 42
1787904794.375706,34680,1457,12,9A 99 88 42 52 B8 72 42 C5 20 3A 42
1787904794.386073,34680,1458,12,CD CC 9F 42 7A 14 FE 41 B7 F3 DE 42
1787904794.396591,34680,1459,12,00 00 95 42 52 B8 E2 41 EF A7 7C 42
1787904794.406932,34680,145a,12,CD CC AF 42 66 66 1A 42 89 41 AE 41
1787904794.417293,34680,145b,12,9A 99 CD 42 52 B8 06 42 B8 1E F7 41
1787904794.427904,34680,145c,12,00 00 81 42 7B 14 9E 42 F0 27 4B 42
1787904794.441845,34680,145d,12,9A 99 63 42 14 AE 3D 42 0A 17 82 42
1787904794.452862,34680,145e,12,9A 99 CC 42 33 33 9B 42 9A D9 99 42
1787904794.463626,34680,145f,12,66 66 0E 43 5D 8F 52 42 35 9E C4 42
1787904794.474056,34680,1460,12,33 33 AE 42 66 66 4A 42 46 36 6D 42
1787904794.484311,34680,1461,12,00 00 E0 42 90 C2 65 42 AA B1 81 42
1787904794.494566,34680,1462,12,9A 99 7B 42 14 AE 07 42 FE D4 EA 42
1787904794.504914,34680,1463,12,CD CC D7 42 66 66 4A 42 85 6B 09 42
1787904794.515610,34680,1464,12,00 80 0A 43 00 00 0C 42 23 1B A8 42
1787904794.526012,34680,1465,12,66 66 BE 42 8F C2 77 42 33 B3 50 42
1787904794.536416,34680,1466,12,66 66 8C 42 1F 85 1D 42 D1 E2 BD 42
1787904794.546822,34680,1467,12,33 33 79 42 5C 8F 3A 42 72 68 EE 41
1787904794.557155,34680,1468,12,33 33 98 42 7A 14 FE 41 02 2B 8E 42
1787904794.568484,34680,1469,12,9A 99 C4 42 AE 47 9F 42 75 93 DC 42
1787904794.579218,34680,146a,12,67 66 F1 42 1E 85 41 42 1A 6F 9B 42
1787904794.590036,34680,146b,12,CD CC 93 42 52 B8 91 42 AC 9C 9D 42
1787904794.601253,34680,146c,12,00 00 D4 42 66 66 44 42 CF 37 EC 42
1787904794.611759,34680,146d,12,00 00 13 43 14 AE 8F 42 D3 0D C1 42
1787904794.622232,34680,146e,12,00 00 B4 42 F6 28 08 42 E3 A5 D6 41
1787904794.633875,34680,146f,12,33 33 8F 42 F6 28 93 42 A3 70 C2 42
1787904794.644701,34680,1470,12,66 66 ED 42 15 AE 6D 42 27 31 C7 42
1787904794.655122,34680,1471,12,9A 99 49 42 EC 51 2E 42 D9 4E 28 42
1787904794.665399,34680,1472,12,33 33 AE 42 3D 0A 59 42 95 43 AC 42
1787904794.675836,34680,1473,12,66 66 7C 42 0A D7 2D 42 83 C0 8F 42
1787904794.686129,34680,1474,12,33 33 F9 42 71 3D 72 42 15 AE AA 42
1787904794.696500,34680,1475,12,9A 99 C4 42 D7 A3 8D 42 6B BC CC 42
1787904794.706924,34680,1476,12,66 66 A3 42 F6 28 44 42 16 59 24 42
1787904794.717704,34680,1477,12,9A 99 5F 42 7B 14 92 42 23 DB C0 42
1787904794.728712,34680,1478,12,00 00 83 42 48 E1 99 42 B2 1D 4F 42
1787904794.739501,34680,1479,12,66 66 80 42 0A D7 2D 42 DC 39 9C 42
1787904794.749973,34680,147a,12,9A 99 9D 42 3E 0A C3 41 9C 84 CE 42
1787904794.760518,34680,147b,12,9A 99 92 42 0A D7 45 42 0C 42 E8 42
1787904794.771346,34680,147c,12,CD 4C 12 43 9A 99 9A 42 EB D1 44 42
1787904794.782137,34680,147d,12,66 66 6A 42 85 EB 3D 42 FC A9 E7 42
1787904794.792859,34680,147e,12,CD CC 72 42 00 00 97 42 5A 64 C8 41
1787904794.804024,34680,147f,12,33 33 F1 42 14 AE FB 41 23 DB C0 42
1787904794.817797,34680,1480,12,9A 99 A0 42 1E 85 23 42 87 16 AB 41
1787904794.828221,34680,1481,12,66 66 52 42 AE 47 11 42 F4 7D 51 42
1787904794.838786,34680,1482,12,66 66 8B 42 7A 14 10 42 6B BC 74 42
1787904794.849414,34680,1483,12,CD CC D1 42 1F 85 AB 41 15 2E DC 42
1787904794.859991,34680,1484,12,00 00 60 42 7B 14 04 42 A0 1A BC 42
1787904794.870517,34680,1485,12,CD CC 6C 42 33 33 79 42 06 01 C6 42
1787904794.883792,34680,1486,12,66 66 EE 42 E1 7A 85 42 08 AC AC 41
1787904794.894351,34680,1487,12,00 00 A0 42 C2 F5 8E 42 70 BD A4 42
1787904794.904899,34680,1488,12,9A 99 5B 42 3E 0A FF 41 3F B5 BB 42
1787904794.915577,34680,1489,12,33 33 AD 42 66 66 81 42 3B DF 2B 42
1787904794.925985,34680,148a,12,34 33 11 43 15 AE 6D 42 E5 D0 D9 41
1787904794.936673,34680,148b,12,66 66 85 42 5C 8F 1C 42 27 31 6F 42
1787904794.947386,34680,148c,12,9A 99 0B 43 9A 99 4B 42 F8 13 97 42
1787904794.957845,34680,148d,12,67 66 F1 42 85 EB 31 42 7B 94 B4 42
1787904794.969729,34680,148e,12,CD CC 92 42 E1 7A 42 42 42 E0 03 42
1787904794.980346,34680,148f,12,CD CC A2 42 3E 0A 05 42 CD 4C D0 42
1787904794.990700,34680,1490,12,66 66 05 43 66 66 D2 41 D9 0E 99 42
1787904795.001404,34680,1491,12,33 B3 06 43 AE 47 17 42 A0 9A 32 42
1787904795.011818,34680,1492,12,00 00 8D 42 70 3D 30 42 36 5E 22 42
1787904795.022417,34680,1493,12,9A 99 8E 42 8F C2 C9 41 D7 E3 95 42
1787904795.033148,34680,1494,12,66 66 ED 42 48 E1 DE 41 00 80 01 42
1787904795.043782,34680,1495,12,33 33 09 43 EC 51 98 42 94 D8 C1 42
1787904795.054350,34680,1496,12,33 33 B8 42 CD CC 22 42 7D BF B7 42
1787904795.064639,34680,1497,12,CD CC F1 42 A4 70 C5 41 18 44 98 42
1787904795.079680,34680,1498,12,66 E6 14 43 0A D7 1B 42 B2 DD BF 42
1787904795.091096,34680,1499,12,9A 99 FD 42 E1 7A 06 42 D4 B8 92 42
1787904795.101881,34680,149a,12,66 66 54 42 9A 99 57 42 12 83 4F 42
1787904795.112426,34680,149b,12,9A 99 51 42 0A D7 EB 41 79 69 59 42
1787904795.122717,34680,149c,12,33 33 A2 42 7B 14 9B 42 29 5C CA 42
1787904795.133277,34680,149d,12,34 33 AA 42 33 33 98 42 E4 E5 A8 42
1787904795.143752,34680,149e,12,00 00 62 42 1F 85 59 42 33 B3 50 42
1787904795.154305,34680,149f,12,9A 99 BF 42 33 33 49 42 6B FC B3 42
1787904795.164793,34680,14a0,12,CD CC C3 42 00 00 A0 41 0C 82 77 42
1787904795.180856,34680,14a1,12,34 B3 11 43 D7 A3 5C 42 36 5E F2 41
1787904795.191357,34680,14a2,12,99 99 E9 42 52 B8 8B 42 25 06 09 42
1787904795.201955,34680,14a3,12,66 E6 04 43 F6 28 20 42 6E 12 18 42
1787904795.213034,34680,14a4,12,9A 99 A7 42 C3 F5 B8 41 37 89 E0 42
1787904795.223739,34680,14a5,12,CD CC F7 42 AE 47 99 42 08 2C 71 42
1787904795.234303,34680,14a6,12,CC 4C 01 43 86 EB 43 42 06 01 0B 42
1787904795.244782,34680,14a7,12,00 00 F0 42 D7 A3 A8 41 F0 27 A3 42
1787904795.255149,34680,14a8,12,33 B3 02 43 29 5C 82 42 83 40 06 42
1787904795.266713,34680,14a9,12,9A 19 0F 43 D6 A3 4A 42 46 76 AC 42
1787904795.277276,34680,14aa,12,66 66 90 42 0A D7 91 42 FA 7E 29 42
1787904795.288169,34680,14ab,12,33 33 D1 42 52 B8 54 42 2F 1D BB 42
1787904795.298903,34680,14ac,12,00 00 76 42 85 EB 9E 42 C6 CB 0B 42
1787904795.310502,34680,14ad,12,33 33 00 43 14 AE FB 41 E4 25 38 42
1787904795.325518,34680,14ae,12,CD CC D4 42 F6 28 26 42 33 F3 8F 42
1787904795.336925,34680,14af,12,9A 99 75 42 CD CC 5E 42 1F C5 A1 42
1787904795.347275,34680,14b0,12,00 00 EE 42 52 B8 97 42 49 8C CB 42
1787904795.358284,34680,14b1,12,66 66 78 42 48 E1 EA 41 56 0E 55 42
1787904795.370552,34680,14b2,12,CC 4C 07 43 8F C2 4D 42 42 E0 BE 42
1787904795.380919,34680,14b3,12,00 00 94 42 0A D7 9D 42 A8 86 E1 42
1787904795.391748,34680,14b4,12,CD CC B7 42 47 E1 56 42 A4 F0 38 42
1787904795.402224,34680,14b5,12,9A 99 4D 42 29 5C 75 42 7F 6A EC 42
1787904795.412564,34680,14b6,12,9A 99 06 43 E2 7A 12 42 AE 47 17 42
1787904795.423155,34680,14b7,12,9A 99 C4 42 E1 7A 8E 42 48 A1 AF 42
1787904795.434158,34680,14b8,12,00 00 C1 42 D7 A3 20 42 73 E8 A7 42
1787904795.444572,34680,14b9,12,9A 99 98 42 EC 51 86 42 B4 C8 20 42
1787904795.455095,34680,14ba,12,66 66 CD 42 7B 14 C2 41 54 E3 51 42
1787904795.465447,34680,14bb,12,CD CC E1 42 C2 F5 E8 41 64 3B 6B 42
1787904795.475719,34680,14bc,12,00 00 7E 42 86 EB 25 42 06 81 94 42
1787904795.488464,34680,14bd,12,CD CC 0A 43 5C 8F 4C 42 76 FE C6 42
1787904795.499172,34680,14be,12,99 99 F5 42 66 66 32 42 6F 92 49 42
1787904795.509765,34680,14bf,12,33 33 9F 42 C3 F5 A0 41 5A A4 9A 42
1787904795.520136,34680,14c0,12,99 99 F8 42 29 5C 82 42 29 1C 80 42
1787904795.530676,34680,14c1,12,33 33 89 42 7B 14 1C 42 E8 FB C7 42
1787904795.541268,34680,14c2,12,00 80 13 43 5C 8F 28 42 6E 12 18 42
1787904795.551656,34680,14c3,12,9A 99 8C 42 7B 14 34 42 89 C1 0F 42
1787904795.562201,34680,14c4,12,66 66 F4 42 7B 14 92 42 B2 9D ED 41
1787904795.573105,34680,14c5,12,CD CC B4 42 E1 7A 6C 42 2D 72 86 42
1787904795.583647,34680,14c6,12,33 33 B4 42 B8 1E 5D 42 76 FE C6 42
1787904795.594259,34680,14c7,12,66 66 60 42 29 5C EB 41 37 49 96 42
1787904795.604840,34680,14c8,12,CD CC 03 43 CC CC 4C 42 CD 8C B7 42
1787904795.615216,34680,14c9,12,00 00 98 42 99 99 5D 42 C2 75 C0 42
1787904795.635076,34680,14ca,12,CC CC C6 42 AE 47 84 42 76 BE DF 42
1787904795.645752,34680,14cb,12,66 E6 0E 43 C2 F5 8B 42 42 60 A2 41
1787904795.656372,34680,14cc,12,66 66 86 42 B8 1E 0F 42 CB 21 CD 42
1787904795.666889,34680,14cd,12,CC CC A7 42 1F 85 65 42 F4 7D A9 42
1787904795.677397,34680,14ce,12,33 33 CA 42 EC 51 9E 42 95 C3 DD 42
1787904795.687696,34680,14cf,12,66 66 EE 42 52 B8 1E 42 5A 24 CC 42
1787904795.706705,34680,14d0,12,00 00 DE 42 5C 8F FE 41 20 30 8C 42
1787904795.717311,34680,14d1,12,00 80 15 43 71 3D 72 42 7B 14 FB 41
1787904795.730894,34680,14d2,12,66 66 E0 42 A4 70 83 42 D5 38 C4 42
1787904795.741414,34680,14d3,12,66 66 ED 42 9A 99 97 42 DD 64 9F 42
1787904795.751903,34680,14d4,12,00 00 B9 42 CD CC E0 41 EC 11 84 42
1787904795.763131,34680,14d5,12,33 33 C0 42 9A 99 E5 41 11 18 BD 42
1787904795.773665,34680,14d6,12,66 66 7A 42 A4 70 2B 42 68 91 71 42
1787904795.783993,34680,14d7,12,CD CC C8 42 47 E1 56 42 7F EA 62 42
1787904795.794461,34680,14d8,12,66 66 9B 42 34 33 8F 42 68 D1 B0 42
1787904795.804795,34680,14d9,12,9A 99 01 43 00 00 24 42 E8 FB 0C 42
1787904795.817213,34680,14da,12,34 B3 0B 43 86 EB F5 41 83 40 C1 42
1787904795.827764,34680,14db,12,00 00 C2 42 3E 0A FF 41 A2 C5 8D 42
1787904795.838149,34680,14dc,12,CD CC 7E 42 7B 14 80 42 95 43 54 42
1787904795.849093,34680,14dd,12,CD 4C 10 43 EC 51 BC 41 FA BE CB 42
1787904795.859623,34680,14de,12,66 66 68 42 F6 28 E4 41 02 2B 8E 42
1787904795.870210,34680,14df,12,9A 99 CF 42 CC CC 16 42 C3 F5 A3 41
1787904795.880757,34680,14e0,12,9A 99 77 42 85 EB C5 41 A8 46 3F 42
1787904795.892561,34680,14e1,12,66 66 A3 42 7A 14 95 42 4C 77 E7 42
1787904795.903012,34680,14e2,12,9A 99 C6 42 A4 70 43 42 20 30 34 42
1787904795.913593,34680,14e3,12,33 33 9C 42 A3 70 79 42 49 8C CB 42
1787904795.928150,34680,14e4,12,66 66 D2 42 29 5C EB 41 DF 4F 00 42
1787904795.939762,34680,14e5,12,9A 99 DC 42 F6 28 02 42 9C C4 5D 42
1787904795.950487,34680,14e6,12,33 33 E8 42 5C 8F E6 41 14 2E 21 42
1787904795.961306,34680,14e7,12,00 00 86 42 CD CC 10 42 00 00 33 42
1787904795.971777,34680,14e8,12,34 33 AA 42 33 33 89 42 CD CC 9E 42
1787904795.982328,34680,14e9,12,33 33 C7 42 7B 14 22 42 34 33 1F 42
1787904795.992753,34680,14ea,12,66 66 D9 42 A4 70 E9 41 89 81 80 42
1787904796.005119,34680,14eb,12,33 B3 02 43 3E 0A 11 42 DF 4F D0 41
1787904796.015581,34680,14ec,12,00 80 11 43 0A D7 21 42 CA E1 82 42
1787904796.026044,34680,14ed,12,CD CC D5 42 00 00 00 42 4C 37 9D 42
1787904796.037862,34680,14ee,12,CC CC CC 42 E2 7A 97 42 90 42 19 42
1787904796.048423,34680,14ef,12,33 B3 02 43 5C 8F 34 42 7B 14 E6 42
1787904796.058790,34680,14f0,12,66 66 0E 43 52 B8 A6 41 B7 73 AD 42
1787904806.085164,34680,14f2,12,CC CC 13 43 5C 8F 8F 42 CA E1 82 42
1787904806.094808,34680,14f3,12,66 66 8A 42 0A D7 DF 41 3A B4 E3 42
1787904806.105250,34680,14f4,12,33 33 4B 42 85 EB 2B 42 75 13 53 42
1787904806.115870,34680,14f5,12,00 00 E7 42 33 33 31 42 12 03 1E 42
1787904806.126463,34680,14f6,12,9A 99 B2 42 85 EB 86 42 4C 77 84 42
1787904806.137178,34680,14f7,12,9A 99 AD 42 B8 1E D9 41 B4 C8 DB 42
1787904806.147782,34680,14f8,12,9A 99 7F 42 48 E1 87 42 7F 2A A2 42
1787904806.158344,34680,14f9,12,9A 99 9C 42 B8 1E D9 41 D7 A3 AE 42
1787904806.168916,34680,14fa,12,67 66 E2 42 0A D7 69 42 06 81 3C 42
1787904806.179498,34680,14fb,12,CD CC 80 42 52 B8 7E 42 27 B1 3D 42
1787904806.190356,34680,14fc,12,9A 19 03 43 52 B8 97 42 70 3D 1B 42
1787904806.201104,34680,14fd,12,9A 99 61 42 A4 70 25 42 B8 DE 97 42
1787904806.211776,34680,14fe,12,00 00 80 42 A4 70 43 42 F4 BD 90 42
1787904806.222406,34680,14ff,12,CC CC 07 43 52 B8 60 42 D2 22 4D 42
1787904806.235220,34680,1500,12,99 99 DF 42 F6 28 90 42 A3 70 6A 42
1787904806.245791,34680,1501,12,66 66 72 42 00 00 82 42 EC 11 84 42
1787904806.256638,34680,1502,12,33 33 D2 42 CC CC 1C 42 A8 46 3F 42
1787904806.267121,34680,1503,12,33 33 96 42 8F C2 BD 41 67 66 6E 42
1787904806.277751,34680,1504,12,34 33 BC 42 CC CC 83 42 D5 78 53 42
1787904806.288312,34680,1505,12,9A 99 79 42 14 AE 0D 42 CF B7 BA 42
1787904806.298796,34680,1506,12,33 33 8A 42 52 B8 85 42 E1 7A D3 41
1787904806.309670,34680,1507,12,CC CC C5 42 9A 99 4B 42 74 53 92 42
1787904806.320252,34680,1508,12,CC 4C 07 43 00 00 18 42 34 33 1F 42
1787904806.332010,34680,1509,12,66 66 D1 42 29 5C 51 42 AC 9C 9D 42
1787904806.345233,34680,150a,12,34 33 AA 42 9A 99 27 42 06 01 0B 42
1787904806.355864,34680,150b,12,9A 99 E1 42 0A D7 94 42 6F D2 EB 42
1787904806.368305,34680,150c,12,CC CC A1 42 7B 14 F2 41 5E BA 61 42
1787904806.379992,34680,150d,12,9A 99 CC 42 EC 51 E0 41 AE C7 48 42
1787904806.391750,34680,150e,12,66 66 DD 42 3D 0A AB 41 94 58 90 42
1787904806.402759,34680,150f,12,00 00 9C 42 D7 A3 90 42 0C 02 B3 41
1787904806.413333,34680,1510,12,CD CC 4A 42 29 5C 4B 42 C6 CB 6E 42
1787904806.423656,34680,1511,12,33 33 6D 42 E1 7A 6C 42 9A D9 99 42
1787904806.434145,34680,1512,12,34 33 FE 42 C3 F5 88 42 11 18 BD 42
1787904806.444815,34680,1513,12,33 33 87 42 0A D7 1B 42 98 EE E0 42
1787904806.455216,34680,1514,12,9A 99 C4 42 AE 47 8D 42 6A BC E1 41
1787904806.465655,34680,1515,12,00 00 85 42 B8 1E 1B 42 8A 81 E3 42
1787904806.476455,34680,1516,12,66 66 82 42 5C 8F 4C 42 E8 FB 0C 42
1787904806.487189,34680,1517,12,CD CC 84 42 29 5C 1B 42 4E E2 D1 42
1787904806.497698,34680,1518,12,9A 99 97 42 B8 1E 51 42 D7 63 C7 42
1787904806.514528,34680,1519,12,9A 99 0F 43 66 66 81 42 A3 70 C2 42
1787904806.525188,34680,151a,12,00 00 85 42 00 00 3C 42 5A 24 CC 42
1787904806.536023,34680,151b,12,CD CC 98 42 EC 51 28 42 46 F6 DD 42
1787904806.546854,34680,151c,12,66 66 99 42 00 00 60 42 AE 07 EB 42
1787904806.558146,34680,151d,12,33 33 FA 42 00 00 8B 42 16 D9 C2 41
1787904806.569920,34680,151e,12,00 00 B3 42 33 33 5B 42 C9 76 98 42
1787904806.580724,34680,151f,12,67 66 FB 42 48 E1 F6 41 C9 76 40 42
1787904806.591386,34680,1520,12,9A 99 D0 42 A4 70 6D 42 79 A9 98 42
1787904806.602269,34680,1521,12,CD CC 97 42 00 00 06 42 31 C8 8C 42
1787904806.612823,34680,1522,12,CD CC C8 42 5C 8F DA 41 2D 72 86 42
1787904806.624822,34680,1523,12,9A 99 14 43 52 B8 CA 41 7F 6A 31 42
1787904806.637354,34680,1524,12,33 B3 00 43 29 5C 3F 42 20 30 34 42
1787904806.647861,34680,1525,12,9A 99 A6 42 9A 99 4B 42 D5 78 53 42
1787904806.658424,34680,1526,12,99 99 D2 42 14 AE 95 42 00 80 BC 42
1787904806.668959,34680,1527,12,66 66 4A 42 E1 7A 6C 42 33 F3 8F 42
1787904806.679912,34680,1528,12,CD CC 60 42 85 EB 98 42 E4 25 90 42
1787904806.690573,34680,1529,12,CD CC 93 42 0A D7 AF 41 00 80 BC 42
1787904806.701384,34680,152a,12,9A 99 A7 42 29 5C 21 42 8D 17 D1 42
1787904806.711929,34680,152b,12,66 66 04 43 7B 14 8F 42 50 8D A3 42
1787904806.722635,34680,152c,12,9A 99 89 42 EC 51 8F 42 D9 4E 28 42
1787904806.733283,34680,152d,12,33 B3 01 43 0A D7 8B 42 1F 85 CF 41
1787904806.743760,34680,152e,12,CD CC A9 42 5C 8F F2 41 00 00 8B 42
1787904806.757495,34680,152f,12,00 00 03 43 EB 51 52 42 7D FF 9E 42
1787904806.768523,34680,1530,12,9A 19 02 43 0A D7 03 42 BA 49 2A 42
1787904806.779225,34680,1531,12,9A 99 B5 42 A4 70 01 42 16 D9 C2 41
1787904806.789947,34680,1532,12,33 33 E8 42 AE 47 17 42 5D 4F CF 42
1787904806.800508,34680,1533,12,66 E6 01 43 90 C2 41 42 27 31 C7 42
1787904806.811161,34680,1534,12,CC CC C0 42 D7 A3 32 42 F2 52 A6 42
1787904806.848519,34680,1535,12,9A 99 E6 42 CD CC BC 41 31 08 1C 42
1787904806.858828,34680,1536,12,9A 99 A7 42 8F C2 77 42 3A 34 B2 42
1787904806.870195,34680,1537,12,33 33 83 42 7B 14 8F 42 79 69 B1 42
1787904806.882657,34680,1538,12,00 00 C5 42 29 5C 69 42 95 43 54 42
1787904806.894002,34680,1539,12,00 00 B6 42 8F C2 0B 42 F6 A8 54 42
1787904806.904480,34680,153a,12,CD CC 6C 42 29 5C 39 42 A0 1A 64 42
1787904806.915707,34680,153b,12,00 00 60 42 66 66 93 42 46 36 6D 42
1787904806.926697,34680,153c,12,66 E6 06 43 E1 7A E8 41 46 B6 A8 41
1787904806.937271,34680,153d,12,00 00 AA 42 71 3D 7E 42 A0 DA D4 42
1787904806.947787,34680,153e,12,00 00 98 42 85 EB AD 41 91 ED A5 42
1787904806.958398,34680,153f,12,CC CC AD 42 00 00 6C 42 6F 92 A1 42
1787904806.969477,34680,1540,12,00 80 12 43 F6 28 74 42 B4 C8 20 42
1787904806.980078,34680,1541,12,00 00 ED 42 00 00 97 42 27 31 DC 41
1787904806.990891,34680,1542,12,9A 19 11 43 5D 8F 52 42 B4 08 C3 42
1787904807.001611,34680,1543,12,CC CC B8 42 CC CC 9B 42 5D 0F E8 42
1787904807.012961,34680,1544,12,66 66 A9 42 D7 A3 6E 42 7D 3F FE 41
1787904807.023731,34680,1545,12,CD CC D3 42 0A D7 15 42 44 8B 38 42
1787904807.034169,34680,1546,12,66 66 15 43 3E 0A 6B 42 2B C7 B4 42
1787904807.044749,34680,1547,12,33 33 E0 42 7B 14 46 42 49 4C E4 42
1787904807.055224,34680,1548,12,CD CC 9C 42 E1 7A 18 42 A2 45 D4 41
1787904807.065691,34680,1549,12,9A 19 01 43 3E 0A 11 42 94 58 90 42
1787904807.083344,34680,154a,12,CD 4C 09 43 5C 8F 92 42 71 7D BD 42
1787904807.096147,34680,154b,12,CD CC DD 42 D7 A3 A8 41 16 D9 C2 41
1787904807.106696,34680,154c,12,00 00 F3 42 B8 1E 2D 42 B8 1E F7 41
1787904807.117210,34680,154d,12,CC CC B8 42 66 66 A2 41 25 06 D9 41
1787904807.127720,34680,154e,12,00 00 54 42 00 00 36 42 AE 47 17 42
1787904807.138178,34680,154f,12,66 66 BB 42 70 3D 18 42 4E 62 48 42
1787904807.148650,34680,1550,12,00 80 12 43 AE 47 B1 41 B8 DE 97 42
1787904807.158968,34680,1551,12,9A 19 15 43 1F 85 5F 42 B0 72 D5 42
1787904807.170794,34680,1552,12,33 B3 0E 43 3E 0A 0B 42 52 B8 BB 41
1787904807.181466,34680,1553,12,00 00 B0 42 90 C2 17 42 7A D4 9B 42
1787904807.191912,34680,1554,12,CD CC C3 42 85 EB 67 42 D5 78 AB 42
1787904807.202821,34680,1555,12,9A 99 C9 42 7B 14 83 42 98 AE 96 42
1787904807.213591,34680,1556,12,CD 4C 0B 43 52 B8 4E 42 91 2D 8D 42
1787904807.224387,34680,1557,12,66 E6 12 43 E1 7A 42 42 42 E0 03 42
1787904807.234873,34680,1558,12,66 66 BA 42 00 00 72 42 36 1E 93 42
1787904807.245356,34680,1559,12,00 00 CC 42 14 AE 1F 42 83 C0 8F 42
1787904807.255882,34680,155a,12,66 66 84 42 AE 47 77 42 DF 4F BB 42
1787904807.266317,34680,155b,12,00 00 58 42 7B 14 DA 41 1A AF 82 42
1787904807.276634,34680,155c,12,34 B3 0B 43 AE 47 05 42 4C 37 B2 41
1787904807.287181,34680,155d,12,CD CC B5 42 52 B8 0C 42 F2 92 8D 42
1787904807.297868,34680,155e,12,9A 99 EF 42 B8 1E E5 41 29 5C DF 41
1787904807.308355,34680,155f,12,CD CC 09 43 85 EB 86 42 70 3D 1B 42
1787904807.319158,34680,1560,12,9A 99 F2 42 C2 F5 E8 41 A0 1A BC 42
1787904807.329701,34680,1561,12,9A 99 49 42 7B 14 64 42 F6 28 F3 41
1787904807.340141,34680,1562,12,00 80 05 43 B8 1E 15 42 81 15 BE 42
1787904807.350586,34680,1563,12,66 66 88 42 1F 85 93 42 2B 47 E6 42
1787904807.361159,34680,1564,12,66 66 48 42 90 C2 3B 42 C2 F5 8E 42
1787904807.371737,34680,1565,12,33 33 D4 42 52 B8 B2 41 A2 C5 8D 42
1787904807.382377,34680,1566,12,9A 99 BC 42 33 33 55 42 D7 63 C7 42
1787904807.393406,34680,1567,12,33 33 F8 42 F6 28 84 42 B0 32 8B 42
1787904807.404090,34680,1568,12,66 66 5A 42 0A D7 57 42 DD A4 2E 42
