ts,event,session,payload_len,payload_hex
1787904320.942731,34680,008a,12,34 33 CC 42 52 B8 12 42 EE 3C EA 42
1787904320.944730,34680,008b,12,66 66 9E 42 85 EB 92 42 3E CA 9F 42
1787904320.955057,34680,008c,12,00 80 08 43 00 00 91 42 CD 0C E9 42
1787904320.965491,34680,008d,12,00 00 D5 42 48 E1 68 42 25 06 C4 42
1787904320.975905,34680,008e,12,66 66 10 43 66 66 9C 42 DF CF 31 42
1787904320.986533,34680,008f,12,00 80 0B 43 3E 0A DB 41 8A C1 CA 42
1787904320.997089,34680,0090,12,00 00 D3 42 C2 F5 C4 41 4C F7 B5 42
1787904321.007513,34680,0091,12,00 00 03 43 33 33 13 42 62 90 36 42
1787904321.018105,34680,0092,12,33 33 5B 42 5C 8F 04 42 C0 4A 02 42
1787904321.028532,34680,0093,12,66 66 4C 42 C2 F5 C4 41 3E 0A 2F 42
1787904321.039160,34680,0094,12,CC 4C 15 43 85 EB 79 42 BE 9F 30 42
1787904321.063829,34680,0095,12,66 66 14 43 9A 99 39 42 29 5C 72 42
1787904321.075649,34680,0096,12,9A 99 9D 42 D7 A3 A8 41 3B 1F CE 42
1787904321.086445,34680,0097,12,CD CC A8 42 0A D7 AF 41 B2 1D 4F 42
1787904321.098504,34680,0098,12,00 00 FE 42 00 00 AC 41 F2 D2 1C 42
1787904321.121109,34680,0099,12,9A 99 BC 42 29 5C 82 42 21 B0 65 42
1787904321.132609,34680,009a,12,33 33 F3 42 29 5C 1B 42 A0 9A 8A 42
1787904321.144664,34680,009b,12,CD CC 98 42 CD CC E0 41 0E AD D2 42
1787904321.156662,34680,009c,12,CC CC CD 42 E1 7A 06 42 BC 74 2D 42
1787904321.167032,34680,009d,12,66 66 DF 42 7B 14 98 42 21 B0 BD 42
1787904321.177715,34680,009e,12,66 66 BD 42 00 00 9D 42 0C 02 B3 41
1787904321.188476,34680,009f,12,33 33 A2 42 70 3D D6 41 C2 F5 36 42
1787904321.198878,34680,00a0,12,CD CC F1 42 7B 14 8F 42 95 43 AC 42
1787904321.209353,34680,00a1,12,33 33 A2 42 48 E1 D2 41 A6 DB AC 42
1787904321.219794,34680,00a2,12,00 00 A7 42 CD CC 10 42 00 C0 A3 42
1787904321.230171,34680,00a3,12,CD CC AA 42 A4 70 95 42 8F 42 D4 42
1787904321.240640,34680,00a4,12,00 00 B8 42 52 B8 A6 41 CD 4C D0 42
1787904321.251024,34680,00a5,12,66 66 10 43 33 33 73 42 1F C5 A1 42
1787904321.261387,34680,00a6,12,9A 99 83 42 33 33 43 42 B0 72 7D 42
1787904321.271868,34680,00a7,12,66 66 DA 42 F6 28 D8 41 7D BF B7 42
1787904321.282576,34680,00a8,12,99 99 DF 42 71 3D 6C 42 C5 20 3A 42
1787904321.293558,34680,00a9,12,00 00 B0 42 5C 8F 89 42 F2 12 BF 42
1787904321.304064,34680,00aa,12,00 00 9F 42 A4 70 37 42 31 08 D7 42
1787904321.314751,34680,00ab,12,34 33 04 43 14 AE 13 42 FE 54 B9 42
1787904321.325317,34680,00ac,12,00 00 13 43 E2 7A 5A 42 25 06 09 42
1787904321.336984,34680,00ad,12,9A 99 92 42 1F 85 4D 42 76 FE C6 42
1787904321.347365,34680,00ae,12,33 33 10 43 A4 70 4F 42 25 06 6C 42
1787904321.358002,34680,00af,12,33 33 AE 42 B8 1E D9 41 2D B2 D0 42
1787904321.368430,34680,00b0,12,9A 99 B7 42 B8 1E 4B 42 E8 FB C7 42
1787904321.379511,34680,00b1,12,CD 4C 0B 43 9A 99 0F 42 7F 6A 31 42
1787904321.390963,34680,00b2,12,33 33 90 42 00 00 94 42 8C 6C 44 42
1787904321.401896,34680,00b3,12,CD CC 74 42 48 E1 8D 42 EF A7 7C 42
1787904321.413103,34680,00b4,12,66 66 A4 42 14 AE 0D 42 3B 5F 5D 42
1787904321.423886,34680,00b5,12,00 00 C8 42 F6 28 5C 42 29 1C E3 42
1787904321.434351,34680,00b6,12,33 33 0D 43 0A D7 2D 42 3E 8A B8 42
1787904321.445274,34680,00b7,12,9A 99 CF 42 E1 7A E8 41 76 FE C6 42
1787904321.455982,34680,00b8,12,33 33 C5 42 5C 8F 89 42 08 2C C9 42
1787904321.466749,34680,00b9,12,9A 19 08 43 5C 8F FE 41 B0 72 D5 42
1787904321.477634,34680,00ba,12,00 00 F6 42 7B 14 70 42 D9 8E CA 42
1787904321.488265,34680,00bb,12,33 33 C6 42 EC 51 89 42 3B DF E6 42
1787904321.499074,34680,00bc,12,00 00 DE 42 8F C2 A5 41 8C EC 12 42
1787904321.509679,34680,00bd,12,33 33 C5 42 CC CC 8C 42 FE 54 61 42
1787904321.521049,34680,00be,12,34 33 05 43 33 33 79 42 E4 65 DA 42
1787904321.531539,34680,00bf,12,CD CC 9C 42 34 33 95 42 37 49 96 42
1787904321.542500,34680,00c0,12,9A 99 67 42 3E 0A 90 42 4E 62 A0 42
1787904321.553294,34680,00c1,12,66 66 B8 42 14 AE 19 42 D5 F8 21 42
1787904321.563867,34680,00c2,12,66 E6 11 43 48 E1 2C 42 68 51 E2 42
1787904321.574387,34680,00c3,12,00 00 98 42 5C 8F 46 42 79 E9 27 42
1787904321.585250,34680,00c4,12,66 66 0B 43 5C 8F 22 42 F0 27 A3 42
1787904321.596154,34680,00c5,12,9A 19 08 43 90 C2 9C 42 F4 FD 1F 42
1787904321.606661,34680,00c6,12,9A 99 8B 42 AE 47 47 42 EE 3C 87 42
1787904321.617581,34680,00c7,12,66 66 E7 42 0A D7 F7 41 AA B1 81 42
1787904321.628390,34680,00c8,12,67 66 FF 42 48 E1 A2 41 3B 5F 5D 42
1787904321.639329,34680,00c9,12,66 66 E3 42 86 EB 9B 42 48 21 E1 42
1787904321.649935,34680,00ca,12,CC CC A6 42 90 C2 8A 42 EC 51 E3 41
1787904321.660772,34680,00cb,12,33 33 FB 42 00 00 DC 41 68 91 71 42
1787904321.671633,34680,00cc,12,9A 99 BD 42 14 AE A7 41 5A E4 E4 42
1787904321.682557,34680,00cd,12,00 00 7A 42 70 3D 8E 42 F2 D2 1C 42
1787904321.693370,34680,00ce,12,33 33 91 42 C3 F5 12 42 EE FC 9F 42
1787904321.706444,34680,00cf,12,66 66 C7 42 48 E1 14 42 4C 77 84 42
1787904321.716915,34680,00d0,12,66 66 5E 42 F6 28 81 42 FC E9 CE 42
1787904321.727585,34680,00d1,12,CD CC C3 42 71 3D 00 42 00 80 BC 42
1787904321.738115,34680,00d2,12,00 00 AF 42 14 AE 95 42 73 E8 4F 42
1787904321.748822,34680,00d3,12,CD CC 7A 42 CD CC 04 42 2D 32 47 42
1787904321.759305,34680,00d4,12,CC CC BF 42 5C 8F 95 42 1A 6F 9B 42
1787904321.771162,34680,00d5,12,CD CC DF 42 CD CC 04 42 20 30 8C 42
1787904321.782991,34680,00d6,12,67 66 FE 42 14 AE 19 42 90 C2 A2 42
1787904321.793681,34680,00d7,12,9A 99 C2 42 33 33 49 42 A2 45 D4 41
1787904321.804130,34680,00d8,12,9A 99 9C 42 B8 1E 27 42 70 3D 1B 42
1787904321.814834,34680,00d9,12,00 00 7A 42 7B 14 80 42 92 ED BA 41
1787904321.825427,34680,00da,12,66 66 5C 42 29 5C 0F 42 9E AF D1 42
1787904321.835820,34680,00db,12,00 00 4E 42 14 AE FB 41 D5 F8 DC 42
1787904321.855362,34680,00dc,12,CD CC E4 42 A4 70 55 42 3A 34 B2 42
1787904321.866450,34680,00dd,12,9A 99 55 42 0A D7 33 42 E3 A5 D6 41
1787904321.877234,34680,00de,12,33 33 6F 42 EC 51 F8 41 D2 22 4D 42
1787904321.887712,34680,00df,12,66 66 01 43 85 EB 1F 42 6C A7 85 42
1787904321.898156,34680,00e0,12,9A 99 97 42 AE 47 8A 42 46 B6 A8 41
1787904321.908884,34680,00e1,12,CD CC A2 42 AE 47 2F 42 1A AF 2A 42
1787904321.921704,34680,00e2,12,CD CC 54 42 C3 F5 72 42 C2 35 D9 42
1787904321.932529,34680,00e3,12,66 66 02 43 48 E1 38 42 23 DB 68 42
1787904321.942979,34680,00e4,12,00 00 E5 42 00 00 78 42 4C 77 84 42
1787904321.953914,34680,00e5,12,00 00 01 43 99 99 69 42 D9 8E CA 42
1787904321.964448,34680,00e6,12,CD CC 85 42 CD CC F8 41 F4 7D 51 42
1787904321.974926,34680,00e7,12,66 66 EA 42 00 00 9D 42 91 ED A5 42
1787904321.986785,34680,00e8,12,9A 99 4B 42 33 33 49 42 00 80 64 42
1787904321.997522,34680,00e9,12,9A 99 79 42 52 B8 82 42 AC 1C CF 42
1787904322.007999,34680,00ea,12,00 00 F9 42 EC 51 9E 42 10 58 B9 41
1787904322.018617,34680,00eb,12,00 00 68 42 C2 F5 2A 42 AC 1C 77 42
1787904322.029139,34680,00ec,12,66 66 AC 42 52 B8 1E 42 BC 74 FD 41
1787904322.039954,34680,00ed,12,66 66 9A 42 71 3D 54 42 4C 37 9D 42
1787904322.051635,34680,00ee,12,CC CC 07 43 A4 70 3D 42 52 38 1D 42
1787904322.062155,34680,00ef,12,00 00 00 43 29 5C EB 41 4C B7 76 42
1787904322.072918,34680,00f0,12,33 33 0D 43 29 5C 27 42 CB 61 B4 42
1787904322.083487,34680,00f1,12,33 33 6F 42 1F 85 7D 42 A6 9B 0A 42
1787904322.093870,34680,00f2,12,34 33 0A 43 0A D7 69 42 FC 29 B6 42
1787904322.104789,34680,00f3,12,66 E6 00 43 48 E1 02 42 CF B7 BA 42
1787904322.115626,34680,00f4,12,9A 19 0D 43 33 33 25 42 D5 F8 21 42
1787904322.126786,34680,00f5,12,00 00 93 42 C2 F5 8B 42 46 36 C5 42
1787904322.137520,34680,00f6,12,9A 99 C5 42 7B 14 34 42 C9 76 AD 41
1787904322.147979,34680,00f7,12,9A 99 84 42 B8 1E 88 42 F2 D2 7F 42
1787904322.161213,34680,00f8,12,00 00 01 43 00 00 A0 41 1C 5A B7 42
1787904322.172051,34680,00f9,12,CD CC 12 43 A4 70 92 42 C6 8B DF 42
1787904322.182730,34680,00fa,12,CD CC 78 42 B8 1E 6F 42 6B BC 74 42
1787904322.193178,34680,00fb,12,9A 99 5B 42 D7 A3 F0 41 6F 92 A1 42
1787904322.203755,34680,00fc,12,9A 99 A5 42 14 AE 61 42 0C 02 9E 42
1787904322.215812,34680,00fd,12,34 33 CE 42 B8 1E 4B 42 67 26 DF 42
1787904322.226785,34680,00fe,12,00 00 64 42 00 00 4E 42 7F EA 62 42
1787904322.239322,34680,00ff,12,CD CC E7 42 F6 28 9C 42 BA 49 FA 41
1787904322.251332,34680,0100,12,66 E6 15 43 1F 85 C3 41 E5 D0 D9 41
1787904322.262583,34680,0101,12,33 33 A0 42 85 EB 8F 42 16 59 24 42
1787904322.273981,34680,0102,12,66 66 7E 42 15 AE 5B 42 A8 06 B0 42
1787904322.285300,34680,0103,12,33 33 BF 42 9A 99 C1 41 75 D3 C3 42
1787904322.295767,34680,0104,12,9A 19 04 43 86 EB 9B 42 D7 63 C7 42
1787904322.307310,34680,0105,12,00 00 86 42 1F 85 7D 42 DF 4F 00 42
1787904322.318177,34680,0106,12,66 66 C5 42 34 33 8F 42 C5 A0 6B 42
1787904322.329011,34680,0107,12,34 B3 04 43 D7 A3 6E 42 9A 19 81 42
1787904322.340140,34680,0108,12,34 33 B0 42 48 E1 93 42 83 C0 37 42
1787904322.351754,34680,0109,12,66 66 70 42 F6 28 56 42 D1 E2 BD 42
1787904322.362372,34680,010a,12,00 80 05 43 48 E1 8A 42 64 3B 08 42
1787904322.374247,34680,010b,12,33 33 71 42 00 00 12 42 18 C4 C9 42
1787904322.385402,34680,010c,12,66 66 84 42 71 3D 7E 42 FE 54 61 42
1787904322.396682,34680,010d,12,9A 99 5F 42 33 33 55 42 16 D9 C2 41
1787904322.408393,34680,010e,12,CD CC B4 42 C2 F5 94 42 37 89 E0 42
1787904322.419305,34680,010f,12,66 E6 00 43 14 AE 83 42 3B 5F 5D 42
1787904322.431714,34680,0110,12,CD CC E0 42 3D 0A F3 41 3E 0A 87 42
1787904322.442661,34680,0111,12,CD 4C 0A 43 E2 7A 78 42 8F 42 7C 42
1787904322.453032,34680,0112,12,67 66 F1 42 AE 47 ED 41 50 0D 1A 42
1787904322.463396,34680,0113,12,00 00 A8 42 AE 47 77 42 3E 8A 60 42
1787904322.474087,34680,0114,12,CC CC F4 42 5C 8F 22 42 CF 77 18 42
1787904322.484412,34680,0115,12,00 00 B9 42 EC 51 E0 41 D7 A3 C3 41
1787904322.494855,34680,0116,12,CD CC 50 42 A3 70 5B 42 5E 3A 30 42
1787904322.505267,34680,0117,12,00 80 10 43 29 5C 91 42 F4 7D A9 42
1787904322.515795,34680,0118,12,CD CC 99 42 3E 0A 11 42 AA F1 73 42
1787904322.526274,34680,0119,12,66 66 10 43 52 B8 42 42 E8 BB E0 42
1787904322.536809,34680,011a,12,9A 99 05 43 D7 A3 26 42 1F 05 31 42
1787904322.547636,34680,011b,12,00 00 C1 42 C2 F5 82 42 2D B2 D0 42
1787904322.558554,34680,011c,12,00 00 EA 42 A4 70 55 42 B8 9E B0 42
1787904322.569242,34680,011d,12,99 99 D2 42 E2 7A D0 41 CF 37 EC 42
1787904322.579836,34680,011e,12,33 B3 00 43 14 AE 25 42 FC A9 FC 41
1787904322.590267,34680,011f,12,00 00 B1 42 0A D7 3F 42 6B BC 74 42
1787904322.600824,34680,0120,12,CD CC 9F 42 AE 47 96 42 83 C0 37 42
1787904322.611623,34680,0121,12,00 80 01 43 A4 70 3D 42 DD 24 CD 41
1787904322.622694,34680,0122,12,CC CC CE 42 48 E1 1A 42 FC 69 9D 42
1787904322.633335,34680,0123,12,CD 4C 12 43 CD CC C8 41 B6 F3 F3 41
1787904322.643828,34680,0124,12,00 00 F9 42 66 66 4A 42 1C 1A D0 42
1787904322.654344,34680,0125,12,CC CC 13 43 C2 F5 18 42 AC DC E7 42
1787904322.664790,34680,0126,12,66 66 54 42 F6 28 4A 42 27 31 0C 42
1787904322.675440,34680,0127,12,33 33 B2 42 33 33 4F 42 87 56 E0 42
1787904322.686270,34680,0128,12,66 E6 15 43 00 00 E8 41 73 28 8F 42
1787904322.696963,34680,0129,12,33 33 D4 42 52 B8 54 42 E8 FB DC 41
1787904322.707347,34680,012a,12,00 00 BF 42 AE 47 35 42 F6 E8 93 42
1787904322.717924,34680,012b,12,CD CC F0 42 66 66 90 42 EB 51 CE 42
1787904322.728248,34680,012c,12,CD CC 60 42 48 E1 38 42 33 73 C1 42
1787904322.742765,34680,012d,12,CD CC FC 42 5C 8F 58 42 8D D7 E9 42
1787904322.753122,34680,012e,12,33 33 73 42 33 33 B3 41 0C 42 E8 42
1787904322.763521,34680,012f,12,33 33 6B 42 99 99 7B 42 87 D6 AE 42
1787904322.774082,34680,0130,12,9A 99 81 42 E1 7A 42 42 EC 51 E3 41
1787904322.784628,34680,0131,12,66 66 DD 42 D7 A3 56 42 BA 49 82 42
1787904322.795132,34680,0132,12,CD CC FB 42 3E 0A 87 42 6E 12 18 42
1787904322.806130,34680,0133,12,9A 19 08 43 EC 51 34 42 3B 5F B5 42
1787904322.816921,34680,0134,12,66 66 BF 42 66 66 9C 42 B7 33 C6 42
1787904322.827415,34680,0135,12,00 00 EB 42 29 5C 7B 42 8D 97 47 42
1787904322.838057,34680,0136,12,33 33 09 43 14 AE 2B 42 92 ED BA 41
1787904322.848622,34680,0137,12,33 33 CB 42 67 66 6E 42 D2 22 4D 42
1787904322.859746,34680,0138,12,CC 4C 13 43 52 B8 88 42 A6 5B DE 42
1787904322.870566,34680,0139,12,CD CC C4 42 5C 8F 22 42 A0 9A 8A 42
1787904322.881240,34680,013a,12,00 00 C4 42 71 3D 7E 42 73 E8 A7 42
1787904322.891761,34680,013b,12,33 B3 14 43 67 66 62 42 2D F2 B7 42
1787904322.902460,34680,013c,12,9A 99 73 42 7B 14 CE 41 C6 CB 0B 42
1787904322.914382,34680,013d,12,66 66 4E 42 8F C2 A5 41 1C 5A 5F 42
1787904322.925092,34680,013e,12,00 00 DB 42 7B 14 80 42 4A 8C 10 42
1787904322.935921,34680,013f,12,66 66 BF 42 1E 85 23 42 7F 2A A2 42
1787904322.946535,34680,0140,12,66 66 A4 42 70 3D 94 42 60 E5 64 42
1787904322.956907,34680,0141,12,9A 99 49 42 F6 28 9C 42 5E FA A0 42
1787904322.967353,34680,0142,12,00 80 01 43 90 C2 23 42 AA 31 B3 42
1787904322.978293,34680,0143,12,67 66 FC 42 E2 7A 4E 42 6C E7 E4 41
1787904322.988878,34680,0144,12,66 66 7E 42 3E 0A B7 41 3A B4 80 42
1787904322.999501,34680,0145,12,CC CC A6 42 0A D7 85 42 27 B1 3D 42
1787904323.009956,34680,0146,12,33 33 13 43 3E 0A 9C 42 79 E9 E2 42
1787904323.020346,34680,0147,12,00 00 A3 42 1F 85 96 42 A4 70 D7 41
1787904323.031242,34680,0148,12,00 00 06 43 66 66 38 42 3B 5F B5 42
1787904323.041770,34680,0149,12,9A 99 4F 42 3D 0A F3 41 D5 38 C4 42
1787904323.052276,34680,014a,12,66 66 D0 42 EC 51 95 42 2B 87 CD 42
1787904323.062913,34680,014b,12,00 00 8F 42 48 E1 8A 42 E1 FA 8C 42
1787904323.073477,34680,014c,12,9A 99 8A 42 7A 14 76 42 06 81 94 42
1787904323.083982,34680,014d,12,00 80 11 43 14 AE 95 42 DF 4F BB 42
1787904323.094336,34680,014e,12,66 66 95 42 0A D7 03 42 0E ED B9 42
1787904323.107814,34680,014f,12,66 66 D3 42 85 EB 13 42 3A B4 E3 42
1787904323.118658,34680,0150,12,9A 99 96 42 00 00 7E 42 0C 82 77 42
1787904323.129508,34680,0151,12,33 33 AC 42 B8 1E FD 41 12 83 BC 41
1787904323.140109,34680,0152,12,CD CC 9F 42 CD CC 22 42 A3 B0 A9 42
1787904323.150732,34680,0153,12,00 00 DC 42 00 00 0C 42 5A E4 E4 42
1787904323.161280,34680,0154,12,CD CC D5 42 0A D7 8E 42 7F EA 62 42
1787904323.179102,34680,0155,12,99 99 D2 42 A4 70 AD 41 CD CC 9E 42
1787904323.189708,34680,0156,12,CD CC BE 42 A4 70 31 42 27 31 DC 41
1787904323.200264,34680,0157,12,00 00 91 42 48 E1 62 42 91 6D D7 42
1787904323.210687,34680,0158,12,9A 99 90 42 D7 A3 E4 41 B6 B3 94 42
1787904323.221153,34680,0159,12,CD CC B0 42 48 E1 26 42 06 01 C6 42
1787904323.231944,34680,015a,12,33 33 06 43 0A D7 AF 41 83 00 DA 42
1787904323.242725,34680,015b,12,00 00 E7 42 1E 85 29 42 E4 E5 A8 42
1787904323.253354,34680,015c,12,66 66 CE 42 66 66 87 42 9C 44 84 42
1787904323.263860,34680,015d,12,9A 99 03 43 52 B8 30 42 48 E1 96 42
1787904323.274491,34680,015e,12,66 66 B9 42 48 E1 8A 42 DD 24 B8 42
1787904323.284987,34680,015f,12,00 00 A5 42 A4 70 67 42 94 58 90 42
1787904323.297389,34680,0160,12,00 00 4C 42 AE 47 2F 42 66 E6 3C 42
1787904323.308061,34680,0161,12,CD CC 56 42 85 EB 3D 42 8B AC E6 42
1787904323.318874,34680,0162,12,CC CC B8 42 33 33 92 42 18 04 B1 42
1787904323.329254,34680,0163,12,67 66 D6 42 34 33 1F 42 E9 E6 E3 42
1787904323.339823,34680,0164,12,CD CC F1 42 AE 47 0B 42 27 31 6F 42
1787904323.350334,34680,0165,12,9A 19 0D 43 86 EB 25 42 A0 5A A3 42
1787904323.361007,34680,0166,12,33 33 E1 42 E1 7A 1E 42 83 40 C1 42
1787904323.371686,34680,0167,12,00 00 81 42 14 AE BF 41 6C 67 9E 42
1787904323.383777,34680,0168,12,99 99 E8 42 7B 14 89 42 46 F6 DD 42
1787904323.394423,34680,0169,12,34 33 F2 42 F6 28 14 42 C2 75 C0 42
1787904323.405937,34680,016a,12,33 33 D5 42 86 EB 9B 42 EE 7C D1 42
1787904323.417467,34680,016b,12,33 33 C9 42 D7 A3 20 42 4E 62 B5 41
1787904323.430706,34680,016c,12,34 33 0A 43 0A D7 09 42 EB 91 B5 42
1787904323.446539,34680,016d,12,66 66 DA 42 52 B8 97 42 8B AC E6 42
1787904323.457931,34680,016e,12,00 00 A9 42 C3 F5 12 42 D9 CE B1 42
1787904323.468825,34680,016f,12,00 80 04 43 1F 85 FF 41 72 68 EE 41
1787904323.479418,34680,0170,12,00 00 D8 42 C2 F5 24 42 3B 9F 9C 42
1787904323.491013,34680,0171,12,CC 4C 13 43 70 3D 48 42 DC 79 2B 42
1787904323.501887,34680,0172,12,66 66 F4 42 D7 A3 56 42 79 E9 27 42
1787904323.513132,34680,0173,12,66 66 A3 42 F6 28 C0 41 B0 F2 4B 42
1787904323.523664,34680,0174,12,00 00 00 43 8F C2 C9 41 9E EF B8 42
1787904323.534153,34680,0175,12,00 00 83 42 29 5C BB 41 A3 30 DB 42
1787904323.545968,34680,0176,12,9A 99 A6 42 29 5C 51 42 71 3D D6 42
1787904323.556405,34680,0177,12,34 33 CE 42 29 5C 63 42 2D B2 78 42
1787904323.566906,34680,0178,12,00 00 7C 42 CD CC 70 42 C6 8B DF 42
1787904323.577848,34680,0179,12,33 33 07 43 C3 F5 97 42 AA 31 B3 42
1787904323.588444,34680,017a,12,66 66 E3 42 EC 51 E0 41 CF F7 49 42
1787904323.603546,34680,017b,12,9A 99 C4 42 AE 47 7D 42 94 18 51 42
1787904323.614172,34680,017c,12,00 00 A8 42 52 B8 B2 41 6C 67 9E 42
1787904323.624766,34680,017d,12,9A 99 B7 42 AE 47 17 42 A3 70 C2 42
1787904323.635453,34680,017e,12,9A 99 EC 42 9A 99 88 42 E8 7B 3E 42
1787904323.646316,34680,017f,12,33 33 5B 42 33 33 B3 41 B6 F3 F3 41
1787904323.656876,34680,0180,12,9A 19 06 43 9A 99 94 42 CB 61 B4 42
1787904323.667492,34680,0181,12,66 66 D4 42 33 33 79 42 AA B1 E4 42
1787904323.678150,34680,0182,12,34 B3 04 43 8F C2 96 42 C2 75 C0 42
1787904323.688948,34680,0183,12,00 00 93 42 7B 14 16 42 EA 26 10 42
1787904323.699788,34680,0184,12,00 00 8F 42 CD CC C8 41 16 59 24 42
1787904323.710357,34680,0185,12,CD CC E7 42 52 B8 FA 41 8E 17 16 42
1787904323.721758,34680,0186,12,CD CC 8F 42 E1 7A E8 41 8F 42 D4 42
1787904323.732258,34680,0187,12,9A 99 C2 42 A4 70 2B 42 3E 0A 87 42
1787904323.742833,34680,0188,12,CD CC B4 42 F6 28 5C 42 12 83 4F 42
1787904323.753405,34680,0189,12,00 00 14 43 7B 14 16 42 16 59 24 42
1787904323.764053,34680,018a,12,00 00 87 42 66 66 2C 42 C5 60 DC 42
1787904323.774689,34680,018b,12,66 66 B3 42 EC 51 9E 42 27 71 AE 42
1787904323.793102,34680,018c,12,00 00 B4 42 0A D7 AF 41 60 E5 01 42
1787904323.803780,34680,018d,12,00 00 F6 42 52 B8 06 42 3F B5 BB 42
1787904323.814384,34680,018e,12,66 66 50 42 5C 8F 46 42 DD A4 2E 42
1787904323.824994,34680,018f,12,9A 99 CA 42 33 33 8C 42 2D 32 47 42
1787904323.835586,34680,0190,12,66 E6 0F 43 48 E1 7A 42 56 0E 55 42
1787904323.846153,34680,0191,12,66 66 D8 42 29 5C EB 41 A6 5B DE 42
1787904323.856949,34680,0192,12,00 00 CB 42 EC 51 8F 42 A6 5B DE 42
1787904323.867682,34680,0193,12,66 66 98 42 F6 28 68 42 46 36 6D 42
1787904323.878150,34680,0194,12,9A 99 A1 42 3E 0A B7 41 CF F7 49 42
1787904323.888775,34680,0195,12,33 33 9E 42 C2 F5 82 42 C3 75 05 42
1787904323.899498,34680,0196,12,9A 19 10 43 0A D7 2D 42 75 D3 C3 42
1787904323.910138,34680,0197,12,66 66 8A 42 3E 0A 5F 42 B6 B3 94 42
1787904323.921080,34680,0198,12,CD CC 8E 42 EC 51 B0 41 36 5E F2 41
1787904323.931750,34680,0199,12,9A 99 DD 42 7B 14 52 42 9E 2F A0 42
1787904323.942383,34680,019a,12,33 33 93 42 66 66 74 42 0A 17 82 42
1787904323.952801,34680,019b,12,66 66 F5 42 29 5C AF 41 68 11 40 42
1787904323.963694,34680,019c,12,9A 99 0F 43 33 33 31 42 C6 CB 0B 42
1787904323.974080,34680,019d,12,34 33 BD 42 66 66 08 42 33 73 C1 42
1787904323.989388,34680,019e,12,CD 4C 05 43 8F C2 96 42 81 95 8C 42
1787904323.999817,34680,019f,12,00 00 AA 42 B8 1E 15 42 AA F1 CB 42
1787904324.010412,34680,01a0,12,9A 99 87 42 F6 28 0E 42 0E 2D 49 42
1787904324.020851,34680,01a1,12,00 00 C5 42 3D 0A CF 41 C9 B6 E2 42
1787904324.031320,34680,01a2,12,33 33 AF 42 90 C2 47 42 E8 7B 3E 42
1787904324.042186,34680,01a3,12,66 66 02 43 AE 47 05 42 81 D5 D6 42
1787904324.052680,34680,01a4,12,33 33 80 42 D7 A3 32 42 9E EF CD 41
1787904324.063156,34680,01a5,12,00 00 F0 42 29 5C 75 42 AA F1 10 42
1787904324.073751,34680,01a6,12,00 00 12 43 7B 14 1C 42 6C 27 B7 42
1787904324.084818,34680,01a7,12,CD CC 86 42 00 00 E8 41 BE 5F A1 42
1787904324.095328,34680,01a8,12,9A 99 EF 42 EC 51 9B 42 23 DB D5 41
1787904324.107323,34680,01a9,12,00 00 B9 42 EC 51 34 42 DC 79 83 42
1787904324.117988,34680,01aa,12,66 66 AA 42 A4 70 9E 42 71 3D D6 42
1787904324.128674,34680,01ab,12,CC CC 0E 43 48 E1 81 42 71 3D 7E 42
1787904324.139322,34680,01ac,12,CD CC 66 42 D7 A3 E4 41 4C 37 45 42
1787904324.149978,34680,01ad,12,CC 4C 02 43 85 EB C5 41 2F DD 7B 42
1787904324.160398,34680,01ae,12,66 66 AD 42 7B 14 AA 41 9A 19 29 42
1787904324.170950,34680,01af,12,00 80 0A 43 AE 47 99 42 10 98 8B 42
1787904324.181574,34680,01b0,12,33 33 06 43 00 00 94 42 5A 64 5B 42
1787904324.191971,34680,01b1,12,CD CC E1 42 CD CC E0 41 8F 02 ED 42
1787904324.202673,34680,01b2,12,66 66 5A 42 CC CC 1C 42 25 46 AB 42
1787904324.213136,34680,01b3,12,33 33 EB 42 52 B8 B2 41 AC 5C B6 42
1787904324.224152,34680,01b4,12,66 66 03 43 85 EB 86 42 D5 F8 DC 42
1787904324.234951,34680,01b5,12,00 00 0B 43 34 33 7F 42 0C 82 CF 42
1787904324.245392,34680,01b6,12,66 66 E8 42 14 AE E3 41 5A 64 5B 42
1787904324.256041,34680,01b7,12,00 00 F6 42 3D 0A 59 42 5C 0F 85 42
1787904324.266705,34680,01b8,12,67 66 FE 42 00 00 42 42 5E BA 61 42
1787904324.277336,34680,01b9,12,00 00 95 42 8F C2 BD 41 F6 E8 93 42
1787904324.287750,34680,01ba,12,CD CC 7E 42 85 EB 86 42 42 E0 66 42
1787904324.298374,34680,01bb,12,CD CC E0 42 85 EB A1 41 23 DB D5 41
1787904324.308924,34680,01bc,12,34 33 A5 42 70 3D 94 42 96 43 C1 41
1787904324.319250,34680,01bd,12,CD CC 83 42 52 B8 91 42 62 10 D5 41
1787904324.330062,34680,01be,12,33 33 ED 42 1E 85 23 42 2B C7 B4 42
1787904324.341570,34680,01bf,12,CD CC 74 42 52 B8 6C 42 CC 0C 86 42
1787904324.352069,34680,01c0,12,00 80 0B 43 3D 0A 77 42 64 3B 6B 42
1787904324.372263,34680,01c1,12,9A 99 B3 42 8F C2 5F 42 90 02 8A 42
1787904324.386425,34680,01c2,12,9A 99 F3 42 90 C2 ED 41 EE 7C 79 42
1787904324.398018,34680,01c3,12,33 33 C7 42 85 EB E9 41 54 E3 51 42
1787904324.409559,34680,01c4,12,9A 99 C7 42 90 C2 9C 42 98 2E C8 42
1787904324.421318,34680,01c5,12,33 33 DF 42 7B 14 5E 42 00 80 01 42
1787904324.431919,34680,01c6,12,CC CC D8 42 70 3D 88 42 A0 1A D1 41
1787904324.442436,34680,01c7,12,CD CC 9C 42 5C 8F 6A 42 27 B1 3D 42
1787904324.452888,34680,01c8,12,9A 99 BF 42 85 EB DD 41 DD 24 B8 42
1787904324.463470,34680,01c9,12,00 80 02 43 C2 F5 60 42 F6 A8 54 42
1787904324.474071,34680,01ca,12,9A 99 D9 42 5C 8F 2E 42 6E 12 E8 41
1787904324.484654,34680,01cb,12,00 00 AC 42 5C 8F DA 41 2B 87 CD 42
1787904324.495081,34680,01cc,12,00 00 11 43 33 33 BF 41 E3 A5 D6 41
1787904324.505546,34680,01cd,12,66 66 4A 42 70 3D 48 42 99 59 CB 42
1787904324.515911,34680,01ce,12,9A 99 13 43 48 E1 9C 42 F8 D3 57 42
1787904324.526399,34680,01cf,12,00 00 52 42 0A D7 27 42 8C EC 12 42
1787904324.562559,34680,01d0,12,00 80 11 43 5C 8F 64 42 02 2B 36 42
1787904324.573449,34680,01d1,12,66 E6 03 43 0A D7 94 42 1B 2F 5C 42
1787904324.586897,34680,01d2,12,00 00 F4 42 66 66 32 42 25 06 C4 42
1787904324.598394,34680,01d3,12,00 00 02 43 90 C2 8D 42 4C 37 45 42
1787904324.610581,34680,01d4,12,33 33 C9 42 70 3D 30 42 8D 97 9F 42
1787904324.621635,34680,01d5,12,9A 19 0F 43 C2 F5 24 42 0E AD 17 42
1787904324.633325,34680,01d6,12,33 33 87 42 66 66 99 42 A3 B0 A9 42
1787904324.646837,34680,01d7,12,66 66 08 43 0A D7 8E 42 D3 4D 50 42
1787904324.657844,34680,01d8,12,9A 99 09 43 52 B8 54 42 8A C1 CA 42
1787904324.668341,34680,01d9,12,34 B3 11 43 70 3D 97 42 BE 1F BA 42
1787904324.678964,34680,01da,12,CD 4C 10 43 0A D7 0F 42 9E 2F A0 42
1787904324.689565,34680,01db,12,66 66 A1 42 66 66 5C 42 60 65 33 42
1787904324.700184,34680,01dc,12,00 00 C2 42 5C 8F CE 41 A4 70 D7 41
1787904324.713697,34680,01dd,12,CD CC 4A 42 EC 51 95 42 FA 7E F9 41
1787904324.724778,34680,01de,12,66 66 81 42 29 5C 8B 42 A0 1A BC 42
1787904324.735658,34680,01df,12,34 B3 10 43 7B 14 34 42 DF CF 31 42
1787904324.746286,34680,01e0,12,00 00 64 42 66 66 9C 42 68 91 71 42
1787904324.757236,34680,01e1,12,33 33 15 43 15 AE 67 42 0C 02 9E 42
1787904324.768010,34680,01e2,12,9A 99 9F 42 A4 70 92 42 EB D1 9C 42
1787904324.778541,34680,01e3,12,CD CC 64 42 A4 70 98 42 EE 7C D1 42
1787904324.791649,34680,01e4,12,CD CC BB 42 00 00 54 42 70 3D EB 41
1787904324.803638,34680,01e5,12,9A 99 8D 42 E2 7A 00 42 8C 6C 44 42
1787904324.814398,34680,01e6,12,33 33 A1 42 D6 A3 4A 42 4C B7 13 42
1787904324.825089,34680,01e7,12,00 00 B2 42 1F 85 9C 42 C1 0A D6 42
1787904324.835972,34680,01e8,12,9A 99 8B 42 5C 8F B6 41 0E 2D A1 42
1787904324.846582,34680,01e9,12,00 00 F3 42 A4 70 D1 41 54 E3 BE 41
1787904324.857356,34680,01ea,12,66 66 01 43 14 AE 61 42 79 69 B1 42
1787904324.867784,34680,01eb,12,9A 99 E7 42 D7 A3 E4 41 04 56 91 42
1787904324.878714,34680,01ec,12,66 66 D9 42 52 B8 5A 42 68 91 C9 42
1787904324.889305,34680,01ed,12,CD CC DE 42 52 B8 D6 41 F0 A7 E9 41
1787904324.899899,34680,01ee,12,9A 99 B9 42 AE 47 A5 41 D7 E3 95 42
1787904324.911896,34680,01ef,12,66 66 D8 42 85 EB 95 42 AE 87 B9 42
1787904324.922730,34680,01f0,12,66 66 8B 42 B8 1E 21 42 31 C8 8C 42
1787904324.933266,34680,01f1,12,CD CC 54 42 00 00 12 42 C1 0A D6 42
1787904324.943800,34680,01f2,12,33 33 8E 42 D7 A3 02 42 08 EC E1 42
1787904324.954297,34680,01f3,12,00 00 4E 42 66 66 02 42 08 AC AC 41
1787904324.964787,34680,01f4,12,00 80 0C 43 B8 1E B5 41 0C 42 E8 42
1787904324.975405,34680,01f5,12,00 00 9D 42 C3 F5 97 42 D1 E2 BD 42
1787904324.985961,34680,01f6,12,9A 99 DC 42 3E 0A 1D 42 B2 1D 4F 42
1787904324.996443,34680,01f7,12,66 E6 07 43 7A 14 86 42 0A 17 82 42
1787904325.007015,34680,01f8,12,9A 99 CA 42 66 66 32 42 B4 C8 20 42
1787904325.018958,34680,01f9,12,CD CC C7 42 AE 47 8A 42 F0 A7 19 42
1787904325.029391,34680,01fa,12,33 33 E1 42 F6 28 68 42 36 5E F2 41
1787904325.039875,34680,01fb,12,9A 99 D3 42 A4 70 F5 41 DF 4F 63 42
1787904325.050370,34680,01fc,12,66 66 B2 42 90 C2 17 42 44 CB DA 42
1787904325.061021,34680,01fd,12,CD CC 98 42 48 E1 68 42 50 8D A3 42
1787904325.071593,34680,01fe,12,00 00 82 42 66 66 90 42 79 29 CA 42
1787904325.081972,34680,01ff,12,00 80 14 43 00 00 8B 42 A4 F0 38 42
1787904325.092306,34680,0200,12,66 66 01 43 85 EB 31 42 E1 7A BE 42
1787904325.102807,34680,0201,12,34 33 B7 42 0A D7 51 42 6F 12 D3 42
1787904325.113392,34680,0202,12,CD CC 58 42 52 B8 42 42 BE 9F EB 42
1787904325.125865,34680,0203,12,33 33 D1 42 66 66 8D 42 50 0D 1A 42
1787904325.136585,34680,0204,12,CD CC 8F 42 5C 8F 76 42 CA A1 9B 42
1787904325.147167,34680,0205,12,00 00 95 42 AE 47 7D 42 49 8C CB 42
1787904325.158103,34680,0206,12,33 33 C1 42 3E 0A 2F 42 62 10 D5 41
1787904325.168641,34680,0207,12,00 00 D5 42 52 B8 2A 42 6C E7 CF 42
1787904325.179456,34680,0208,12,00 00 8E 42 A4 70 1F 42 17 59 DF 42
1787904325.190002,34680,0209,12,00 00 6E 42 B8 1E 85 42 54 E3 51 42
1787904325.200474,34680,020a,12,CD CC 92 42 B8 1E D9 41 FE 14 D2 42
1787904325.211262,34680,020b,12,66 66 D2 42 E1 7A 1E 42 0C 42 E8 42
1787904325.221778,34680,020c,12,34 33 AA 42 CC CC 3A 42 87 16 AB 41
1787904325.232662,34680,020d,12,9A 99 AA 42 C3 F5 97 42 90 02 8A 42
1787904325.243131,34680,020e,12,66 66 82 42 34 33 61 42 AA 71 42 42
1787904325.253773,34680,020f,12,CD CC FB 42 34 33 61 42 C2 75 68 42
1787904325.264555,34680,0210,12,00 00 11 43 1E 85 23 42 08 AC 3F 42
1787904325.275296,34680,0211,12,66 66 C1 42 00 00 48 42 9C C4 B5 42
1787904325.285801,34680,0212,12,67 66 E6 42 D7 A3 D8 41 5D 4F CF 42
1787904325.297032,34680,0213,12,67 66 F2 42 33 33 0D 42 29 5C CA 42
1787904325.307586,34680,0214,12,CD CC E2 42 34 33 95 42 56 CE C5 42
1787904325.318020,34680,0215,12,9A 99 12 43 CD CC 0A 42 B2 9D ED 41
1787904325.328476,34680,0216,12,9A 99 B5 42 85 EB 37 42 CB 61 B4 42
1787904325.338801,34680,0217,12,66 66 80 42 0A D7 C7 41 48 61 C8 42
1787904325.349449,34680,0218,12,CD CC 9F 42 29 5C 88 42 1B EF CC 42
1787904325.359890,34680,0219,12,CC CC BA 42 1F 85 E7 41 EB 11 E7 42
1787904325.370334,34680,021a,12,CD CC B5 42 C2 F5 7E 42 72 68 EE 41
1787904325.380913,34680,021b,12,CD CC 76 42 AE 47 9F 42 2C 07 44 42
1787904325.391348,34680,021c,12,9A 99 EF 42 5C 8F 92 42 F4 FD 1F 42
1787904325.402014,34680,021d,12,66 66 97 42 B8 1E 7B 42 62 50 A7 42
1787904325.412979,34680,021e,12,33 33 C1 42 1E 85 29 42 50 8D A3 42
1787904325.423536,34680,021f,12,66 E6 12 43 5C 8F 22 42 3F 35 ED 42
1787904325.433992,34680,0220,12,66 66 F6 42 B8 1E C1 41 EE BC B8 42
1787904325.444734,34680,0221,12,33 33 F8 42 1F 85 96 42 60 E5 D1 41
1787904325.455251,34680,0222,12,9A 99 FF 42 9A 99 9D 42 D3 4D BD 41
1787904325.465661,34680,0223,12,CD CC DE 42 1E 85 F3 41 58 B9 26 42
1787904325.482003,34680,0224,12,00 80 12 43 9A 99 F1 41 15 AE 52 42
1787904325.492540,34680,0225,12,67 66 FB 42 EC 51 B0 41 B8 1E F7 41
1787904325.503343,34680,0226,12,9A 19 01 43 5C 8F 28 42 52 B8 BB 41
1787904325.513947,34680,0227,12,66 66 99 42 3E 0A 6B 42 52 F8 8D 42
1787904325.526279,34680,0228,12,CD CC 0C 43 EC 51 16 42 71 3D D6 42
1787904325.537392,34680,0229,12,66 66 0E 43 14 AE 31 42 75 13 53 42
1787904325.549482,34680,022a,12,00 00 8F 42 7B 14 9E 42 D7 23 E0 42
1787904325.559831,34680,022b,12,CC CC E8 42 0A D7 94 42 98 EE E0 42
1787904325.570290,34680,022c,12,66 66 48 42 14 AE 3D 42 50 0D 1A 42
1787904325.580800,34680,022d,12,CC CC F5 42 F6 28 74 42 7F 2A A2 42
1787904325.591176,34680,022e,12,9A 99 EE 42 C2 F5 94 42 FA 7E E4 42
1787904325.601936,34680,022f,12,66 66 8B 42 1F 85 2F 42 D7 A3 C3 41
1787904325.613163,34680,0230,12,00 00 A4 42 D7 A3 56 42 52 78 BF 42
1787904325.623998,34680,0231,12,9A 99 6F 42 F6 28 F0 41 56 8E DE 42
1787904325.634905,34680,0232,12,66 66 81 42 52 B8 9D 42 5A 64 B3 42
1787904325.645871,34680,0233,12,CD CC C2 42 EB 51 7C 42 0E AD D2 42
1787904325.656628,34680,0234,12,66 66 8E 42 86 EB 25 42 BC 74 FD 41
1787904325.667364,34680,0235,12,9A 99 DB 42 29 5C 97 42 1F 85 62 42
1787904325.678011,34680,0236,12,34 B3 05 43 90 C2 90 42 C9 36 B1 42
1787904325.689297,34680,0237,12,9A 99 4D 42 48 E1 9F 42 06 01 0B 42
1787904325.700139,34680,0238,12,CD CC D3 42 AE 47 B1 41 23 DB C0 42
1787904325.720365,34680,0239,12,34 33 0C 43 B8 1E A9 41 D9 CE B1 42
1787904325.730918,34680,023a,12,9A 99 91 42 14 AE 7F 42 66 E6 3C 42
1787904325.743058,34680,023b,12,00 00 86 42 00 00 24 42 D1 22 BA 41
1787904325.758070,34680,023c,12,00 00 09 43 14 AE 7F 42 8C 6C 9C 42
1787904325.769688,34680,023d,12,00 00 F0 42 C2 F5 06 42 EF A7 7C 42
1787904325.780260,34680,023e,12,33 33 9F 42 47 E1 56 42 94 18 A9 42
1787904325.790929,34680,023f,12,00 00 68 42 CC CC 4C 42 BA C9 5B 42
1787904325.801465,34680,0240,12,CC 4C 14 43 71 3D 00 42 08 AC 97 42
1787904325.812004,34680,0241,12,CC CC D9 42 E1 7A 72 42 D1 22 BA 41
1787904325.823687,34680,0242,12,9A 99 63 42 E1 7A 9D 42 98 AE 96 42
1787904325.834168,34680,0243,12,9A 99 99 42 F6 28 84 42 48 61 0D 42
1787904325.844600,34680,0244,12,CD CC 02 43 E1 7A E8 41 44 0B 6A 42
1787904325.855250,34680,0245,12,CC CC B9 42 71 3D 42 42 DF 4F 63 42
1787904325.865671,34680,0246,12,66 66 99 42 C2 F5 1E 42 0E AD 17 42
1787904325.876015,34680,0247,12,66 66 05 43 3D 0A 77 42 E5 90 DD 42
1787904325.886529,34680,0248,12,CC 4C 0E 43 14 AE 13 42 FC 69 9D 42
1787904325.897031,34680,0249,12,9A 99 D8 42 C2 F5 8E 42 9A 19 29 42
1787904325.907417,34680,024a,12,67 66 FE 42 AE 47 A5 41 B6 B3 94 42
1787904325.918068,34680,024b,12,66 66 8A 42 EC 51 F8 41 6C E7 CF 42
1787904325.928570,34680,024c,12,9A 99 4F 42 34 33 80 42 9C C4 B5 42
1787904325.938906,34680,024d,12,33 33 E1 42 52 B8 00 42 5E BA 61 42
1787904325.952088,34680,024e,12,00 00 EC 42 5C 8F 58 42 0C 82 CF 42
1787904325.962543,34680,024f,12,00 00 07 43 EC 51 83 42 00 80 01 42
1787904325.972914,34680,0250,12,66 66 5E 42 48 E1 02 42 1F 05 EC 42
1787904325.983435,34680,0251,12,9A 99 8B 42 14 AE 98 42 06 81 94 42
1787904325.994336,34680,0252,12,66 66 6C 42 C3 F5 AC 41 F6 A8 54 42
1787904326.004978,34680,0253,12,00 00 0D 43 33 33 67 42 BA 49 82 42
1787904326.015595,34680,0254,12,66 66 15 43 52 B8 42 42 7D 3F FE 41
1787904326.026346,34680,0255,12,34 33 FF 42 70 3D 91 42 CA A1 9B 42
1787904326.037095,34680,0256,12,00 00 83 42 3E 0A 7D 42 79 A9 98 42
1787904326.047699,34680,0257,12,00 00 0E 43 00 00 0C 42 3B 5F B5 42
1787904326.058321,34680,0258,12,9A 99 C5 42 E1 7A 48 42 D5 78 AB 42
1787904326.068830,34680,0259,12,9A 99 CA 42 14 AE 3D 42 60 65 8B 42
1787904326.079353,34680,025a,12,33 33 6D 42 EC 51 3A 42 44 4B A9 42
1787904326.089824,34680,025b,12,66 66 E8 42 A4 70 73 42 8A 01 B2 42
1787904326.100906,34680,025c,12,33 33 8C 42 E2 7A 12 42 04 96 DB 42
1787904326.111700,34680,025d,12,00 00 96 42 29 5C 69 42 89 41 AE 41
1787904326.122505,34680,025e,12,33 33 9E 42 D7 A3 2C 42 37 09 57 42
1787904326.133228,34680,025f,12,34 B3 0A 43 66 66 90 42 62 90 36 42
1787904326.143755,34680,0260,12,66 66 A4 42 D7 A3 44 42 BA 89 CC 42
1787904326.154278,34680,0261,12,CD CC 7A 42 90 C2 47 42 C9 76 AD 41
1787904326.168565,34680,0262,12,00 00 5E 42 D7 A3 A8 41 B8 9E 58 42
1787904326.179203,34680,0263,12,33 33 8D 42 90 C2 41 42 23 5B 8F 42
1787904326.189785,34680,0264,12,00 00 DE 42 A4 70 98 42 46 F6 DD 42
1787904326.200269,34680,0265,12,34 33 B0 42 7B 14 34 42 90 02 8A 42
1787904326.210682,34680,0266,12,CC CC F5 42 1E 85 81 42 2B 87 CD 42
1787904326.221195,34680,0267,12,66 66 A7 42 3D 0A AB 41 E8 FB C7 42
1787904326.231671,34680,0268,12,9A 19 0B 43 34 33 37 42 81 95 A1 41
1787904326.242173,34680,0269,12,33 33 15 43 00 00 97 42 2D 32 9F 42
1787904326.253024,34680,026a,12,CD CC AB 42 5C 8F 8F 42 A2 45 67 42
1787904326.263420,34680,026b,12,66 66 AC 42 1F 85 CF 41 7D FF 9E 42
1787904326.273944,34680,026c,12,66 66 ED 42 EC 51 F8 41 94 18 A9 42
1787904326.284816,34680,026d,12,CD CC 05 43 8F C2 C9 41 1F 85 62 42
1787904326.295805,34680,026e,12,9A 99 51 42 1F 85 17 42 31 08 D7 42
1787904326.306653,34680,026f,12,33 33 65 42 29 5C 2D 42 AC DC 84 42
1787904326.317519,34680,0270,12,66 66 9B 42 F6 28 84 42 1D DA 2D 42
1787904326.328933,34680,0271,12,00 00 9D 42 3E 0A 8D 42 CD CC B3 41
1787904326.339353,34680,0272,12,9A 99 81 42 48 E1 1A 42 D2 62 8C 42
1787904326.349796,34680,0273,12,66 66 BB 42 14 AE 98 42 0E 2D A1 42
1787904326.365710,34680,0274,12,00 00 D7 42 67 66 6E 42 B4 C8 F0 41
1787904326.378968,34680,0275,12,66 66 A2 42 00 00 82 42 AC DC 84 42
1787904326.389771,34680,0276,12,00 00 E0 42 0A D7 9D 42 74 93 F1 41
1787904326.400625,34680,0277,12,CD CC D1 42 7B 14 80 42 C9 76 98 42
1787904326.411784,34680,0278,12,33 33 B9 42 34 33 3D 42 23 9B D9 42
1787904326.424201,34680,0279,12,00 00 E4 42 B8 1E 8E 42 12 83 BC 41
1787904326.434713,34680,027a,12,00 00 86 42 00 00 94 42 3F 75 D4 42
1787904326.445185,34680,027b,12,CD CC A8 42 14 AE 9E 42 25 06 C4 42
1787904326.455462,34680,027c,12,9A 19 09 43 0A D7 39 42 31 C8 8C 42
1787904326.465811,34680,027d,12,33 33 C6 42 29 5C 2D 42 98 2E C8 42
1787904326.476241,34680,027e,12,CD CC D6 42 48 E1 BA 41 0E 6D 88 42
1787904326.486874,34680,027f,12,00 00 FB 42 A4 70 95 42 4C B7 76 42
1787904326.497389,34680,0280,12,33 33 AF 42 3E 0A 9C 42 C9 76 98 42
1787904326.507749,34680,0281,12,9A 99 CC 42 5C 8F 5E 42 90 C2 4A 42
1787904326.518199,34680,0282,12,00 00 A8 42 AE 47 9F 42 F2 12 BF 42
1787904326.528483,34680,0283,12,66 66 8B 42 33 33 E3 41 0C C2 B6 42
1787904326.539007,34680,0284,12,66 66 6E 42 EC 51 8F 42 AC DC 84 42
1787904326.550066,34680,0285,12,66 66 05 43 48 E1 0E 42 BA 49 82 42
1787904326.560728,34680,0286,12,CD 4C 06 43 48 E1 C6 41 CB E1 E5 42
1787904326.571291,34680,0287,12,CD CC 09 43 EC 51 6A 42 5C CF 9D 42
1787904326.581819,34680,0288,12,00 00 C4 42 F6 28 02 42 36 1E 93 42
1787904326.599327,34680,0289,12,CD 4C 0F 43 99 99 5D 42 6A 3C 9B 42
1787904326.610260,34680,028a,12,66 66 0E 43 7B 14 4C 42 89 41 AE 41
1787904326.620740,34680,028b,12,CD CC A2 42 70 3D 8E 42 31 08 7F 42
1787904326.631072,34680,028c,12,66 66 89 42 29 5C 91 42 A2 45 BF 42
1787904326.641545,34680,028d,12,9A 99 12 43 3D 0A 23 42 7B 54 CD 42
1787904326.651876,34680,028e,12,CC CC A7 42 C2 F5 85 42 C1 4A 65 42
1787904326.662823,34680,028f,12,34 33 F2 42 14 AE 89 42 D7 A3 C3 41
1787904326.673844,34680,0290,12,CD CC 10 43 C2 F5 9D 42 EF E7 BB 42
1787904326.684464,34680,0291,12,33 B3 0E 43 E2 7A 78 42 44 8B 90 42
1787904326.695525,34680,0292,12,CD CC D0 42 52 B8 2A 42 7D 3F FE 41
1787904326.705870,34680,0293,12,CD CC 86 42 0A D7 D3 41 AA F1 CB 42
1787904326.716254,34680,0294,12,9A 99 CF 42 5C 8F 46 42 38 89 F5 41
1787904326.726588,34680,0295,12,00 00 E9 42 EC 51 28 42 4C B7 76 42
1787904326.737142,34680,0296,12,33 33 8F 42 E1 7A 72 42 40 35 8A 42
1787904326.747705,34680,0297,12,00 00 0E 43 00 00 9D 42 90 02 8A 42
1787904326.758345,34680,0298,12,66 66 F5 42 E1 7A E8 41 BA 89 CC 42
1787904326.769504,34680,0299,12,CD 4C 00 43 90 C2 8A 42 A6 9B 6D 42
1787904326.779993,34680,029a,12,9A 99 4F 42 1E 85 29 42 D9 CE B1 42
1787904326.791270,34680,029b,12,9A 99 A8 42 3E 0A 7D 42 0E 6D EB 42
1787904326.803078,34680,029c,12,9A 99 91 42 52 B8 00 42 14 2E 21 42
1787904326.813912,34680,029d,12,99 99 DF 42 EC 51 8C 42 60 65 8B 42
1787904326.824509,34680,029e,12,00 00 BA 42 52 B8 9A 42 5E FA A0 42
1787904326.835325,34680,029f,12,9A 99 92 42 29 5C 21 42 95 03 C5 42
1787904326.846648,34680,02a0,12,CC CC 0E 43 AE 47 D5 41 E1 7A BE 42
1787904326.859360,34680,02a1,12,CD CC FD 42 1E 85 71 42 A6 1B 94 42
1787904326.870196,34680,02a2,12,00 00 83 42 33 33 83 42 79 A9 98 42
1787904326.881542,34680,02a3,12,99 99 E9 42 9A 99 21 42 EB D1 44 42
1787904326.892832,34680,02a4,12,00 00 62 42 00 00 9A 42 B6 B3 94 42
1787904326.903491,34680,02a5,12,33 33 02 43 A4 70 B9 41 6C 27 B7 42
1787904326.914386,34680,02a6,12,66 66 E1 42 A4 70 19 42 B8 1E E2 42
1787904326.924888,34680,02a7,12,CD CC D2 42 85 EB 01 42 02 6B D8 42
1787904326.935665,34680,02a8,12,66 66 E0 42 E1 7A 94 42 B7 F3 DE 42
1787904326.947146,34680,02a9,12,00 00 D3 42 71 3D BE 41 8D 97 B4 41
1787904326.958174,34680,02aa,12,66 66 9A 42 1F 85 84 42 20 F0 A4 42
1787904326.968607,34680,02ab,12,66 66 72 42 B8 1E 69 42 74 93 F1 41
1787904326.979570,34680,02ac,12,00 00 DC 42 A4 70 83 42 D3 0D C1 42
1787904326.990102,34680,02ad,12,34 33 12 43 3E 0A 3B 42 E1 FA 34 42
1787904327.001098,34680,02ae,12,CD CC BB 42 66 66 20 42 D3 CD D9 42
1787904327.011511,34680,02af,12,CD CC 9A 42 9A 99 B5 41 7B 54 CD 42
1787904327.021820,34680,02b0,12,00 00 14 43 E1 7A 7E 42 FE D4 FF 41
1787904327.032367,34680,02b1,12,9A 19 11 43 B8 1E 8B 42 6A 3C 9B 42
1787904327.042883,34680,02b2,12,00 00 80 42 5C 8F 6A 42 31 C8 8C 42
1787904327.053345,34680,02b3,12,CD CC D4 42 B8 1E 21 42 B2 1D 4F 42
1787904327.063771,34680,02b4,12,33 B3 14 43 9A 99 15 42 D3 4D 50 42
1787904327.074389,34680,02b5,12,33 33 FC 42 1E 85 53 42 6B FC B3 42
1787904327.085092,34680,02b6,12,66 66 94 42 EC 51 1C 42 2E 5D 4A 42
1787904327.095791,34680,02b7,12,CD CC AB 42 D6 A3 4A 42 F8 53 F6 41
1787904327.107094,34680,02b8,12,66 66 B5 42 B8 1E 9D 42 BC 34 9E 42
1787904327.117621,34680,02b9,12,00 00 F6 42 86 EB 73 42 76 FE C6 42
1787904327.128052,34680,02ba,12,00 00 9A 42 1E 85 23 42 CD CC 46 42
1787904327.138674,34680,02bb,12,66 66 AB 42 66 66 3E 42 E5 D0 09 42
1787904327.149012,34680,02bc,12,33 33 79 42 E2 7A 4E 42 E8 FB 0C 42
1787904327.159363,34680,02bd,12,CD CC 87 42 33 33 67 42 1F 05 31 42
1787904327.178797,34680,02be,12,00 00 FF 42 85 EB 7F 42 7B 14 E6 42
1787904327.189364,34680,02bf,12,CD CC 84 42 AE 47 BD 41 DB F9 C9 41
1787904327.199863,34680,02c0,12,66 66 8A 42 AE 47 99 42 42 20 A6 42
1787904327.210320,34680,02c1,12,33 33 8C 42 B8 1E FD 41 C0 8A A4 42
1787904327.220742,34680,02c2,12,CD CC F1 42 F5 28 50 42 B4 08 C3 42
1787904327.231379,34680,02c3,12,00 00 D3 42 70 3D 78 42 7B 14 83 42
1787904327.243800,34680,02c4,12,CD CC 0B 43 29 5C 82 42 93 18 BE 41
1787904327.254659,34680,02c5,12,00 00 5E 42 E1 7A 72 42 5A 64 B3 42
1787904327.269772,34680,02c6,12,CD CC B5 42 C3 F5 0C 42 96 83 93 42
1787904327.282825,34680,02c7,12,66 66 87 42 5C 8F F2 41 49 8C CB 42
1787904327.295256,34680,02c8,12,CD CC 48 42 0A D7 09 42 0A D7 9A 42
1787904327.310691,34680,02c9,12,9A 99 11 43 0A D7 33 42 8D 17 D1 42
1787904327.326537,34680,02ca,12,CD CC 76 42 66 66 02 42 E0 8F A2 42
1787904327.337184,34680,02cb,12,9A 99 6B 42 85 EB 8F 42 18 04 59 42
1787904327.350904,34680,02cc,12,9A 99 82 42 9A 99 B5 41 66 E6 94 42
1787904327.365019,34680,02cd,12,9A 99 00 43 EC 51 8C 42 D9 8E CA 42
1787904327.375914,34680,02ce,12,67 66 D6 42 E1 7A 54 42 A8 C6 0D 42
1787904327.388038,34680,02cf,12,00 00 A0 42 66 66 C6 41 3E 0A EA 42
1787904327.399584,34680,02d0,12,00 80 10 43 E1 7A 8E 42 8D D7 E9 42
1787904327.410259,34680,02d1,12,33 33 EC 42 AE 47 0B 42 BA 49 E5 42
1787904327.420650,34680,02d2,12,33 B3 0D 43 0A D7 EB 41 EC 51 E3 41
1787904327.430963,34680,02d3,12,33 33 91 42 7A 14 86 42 90 42 19 42
1787904327.441399,34680,02d4,12,CD CC 88 42 8F C2 96 42 CF 37 EC 42
1787904327.451775,34680,02d5,12,CD CC 72 42 0A D7 51 42 89 41 AE 41
1787904327.462355,34680,02d6,12,66 66 CE 42 D7 A3 D8 41 A2 45 04 42
1787904327.473044,34680,02d7,12,9A 99 B8 42 EC 51 4C 42 5C 8F CB 41
1787904327.483737,34680,02d8,12,CC 4C 08 43 52 B8 24 42 85 6B C4 42
1787904327.494277,34680,02d9,12,CD CC 54 42 66 66 9F 42 17 D9 55 42
1787904327.505409,34680,02da,12,33 33 E9 42 14 AE D7 41 4E E2 79 42
1787904327.516158,34680,02db,12,67 66 FD 42 14 AE 2B 42 91 6D 7F 42
1787904327.526619,34680,02dc,12,66 66 F7 42 EC 51 2E 42 0E 2D 49 42
1787904327.536978,34680,02dd,12,9A 99 5B 42 66 66 20 42 58 39 C5 41
1787904327.547309,34680,02de,12,9A 19 03 43 A4 70 F5 41 58 B9 26 42
1787904327.557559,34680,02df,12,66 66 F4 42 7B 14 9E 42 8B EC 75 42
1787904327.567815,34680,02e0,12,CD CC AF 42 29 5C 7B 42 B8 1E F7 41
1787904327.578443,34680,02e1,12,00 00 A4 42 7B 14 CE 41 6E D2 88 42
1787904327.589169,34680,02e2,12,CD CC 89 42 A4 70 A1 41 E1 FA 34 42
1787904327.600001,34680,02e3,12,00 00 C5 42 5C 8F 0A 42 90 C2 4A 42
1787904327.611046,34680,02e4,12,CD CC 6E 42 90 C2 65 42 0C 02 9E 42
1787904327.622947,34680,02e5,12,00 00 9B 42 66 66 99 42 25 46 AB 42
1787904327.633370,34680,02e6,12,66 66 E9 42 3E 0A 05 42 FC A9 E7 42
1787904327.643836,34680,02e7,12,33 33 8D 42 67 66 6E 42 CD 8C B7 42
1787904327.654560,34680,02e8,12,66 E6 13 43 0A D7 57 42 BC 74 E8 42
1787904327.665134,34680,02e9,12,CC 4C 15 43 5C 8F 76 42 B0 F2 4B 42
1787904327.675668,34680,02ea,12,CD CC D1 42 1F 85 05 42 F0 27 A3 42
1787904327.686239,34680,02eb,12,33 33 A6 42 E1 7A 8B 42 92 6D 1C 42
1787904327.696735,34680,02ec,12,CD CC 10 43 29 5C 97 42 67 66 6E 42
1787904327.707350,34680,02ed,12,33 33 C2 42 5C 8F C2 41 23 5B 8F 42
1787904327.717672,34680,02ee,12,00 00 E3 42 85 EB 37 42 EB D1 44 42
1787904327.728259,34680,02ef,12,CD CC 02 43 48 E1 0E 42 F0 27 4B 42
1787904327.738685,34680,02f0,12,00 00 C4 42 5C 8F 9E 42 3B DF E6 42
1787904327.749402,34680,02f1,12,66 66 F5 42 85 EB 83 42 20 30 8C 42
1787904327.760090,34680,02f2,12,00 00 E4 42 33 33 07 42 04 D6 C2 42
1787904327.770619,34680,02f3,12,9A 99 E1 42 71 3D 00 42 B4 08 C3 42
1787904327.781067,34680,02f4,12,CD CC A8 42 E1 7A 60 42 D9 0E 99 42
1787904327.791672,34680,02f5,12,00 00 92 42 33 33 D7 41 40 35 8A 42
1787904327.802120,34680,02f6,12,66 66 C8 42 70 3D 48 42 0E AD 17 42
1787904327.812530,34680,02f7,12,33 33 E2 42 34 33 EF 41 68 51 E2 42
1787904327.823013,34680,02f8,12,66 66 F4 42 1E 85 41 42 B0 72 1A 42
1787904327.834832,34680,02f9,12,CD CC 11 43 9A 99 0F 42 27 B1 3D 42
1787904327.845509,34680,02fa,12,9A 19 0A 43 33 33 79 42 F6 28 F3 41
1787904327.855932,34680,02fb,12,67 66 F0 42 E1 7A 18 42 85 2B DD 42
1787904327.866475,34680,02fc,12,CD 4C 0C 43 D7 A3 E4 41 F4 7D A9 42
1787904327.877021,34680,02fd,12,9A 99 FD 42 F6 28 32 42 8B 2C B5 42
1787904327.887657,34680,02fe,12,66 66 09 43 D7 A3 0E 42 0A D7 9A 42
1787904327.898542,34680,02ff,12,66 66 DB 42 34 33 1F 42 6F D2 EB 42
1787904327.917922,34680,0300,12,00 00 DF 42 70 3D 0C 42 E8 FB 6F 42
1787904327.928508,34680,0301,12,66 66 6A 42 0A D7 1B 42 9A 19 29 42
1787904327.938957,34680,0302,12,00 00 05 43 EC 51 EC 41 C9 76 40 42
1787904327.955072,34680,0303,12,66 66 0C 43 48 E1 2C 42 CF 37 89 42
1787904327.965545,34680,0304,12,67 66 F0 42 AE 47 47 42 AE 47 7A 42
1787904327.981176,34680,0305,12,9A 99 CF 42 5C 8F 64 42 0C 82 77 42
1787904327.992253,34680,0306,12,33 33 81 42 E1 7A B8 41 2D 32 9F 42
1787904328.002749,34680,0307,12,33 33 94 42 00 00 9A 42 B6 B3 94 42
1787904328.014928,34680,0308,12,CD CC AF 42 C3 F5 A0 41 D9 4E 80 42
1787904328.027300,34680,0309,12,CD CC 4E 42 85 EB 83 42 90 C2 A2 42
1787904328.037858,34680,030a,12,CD CC 58 42 48 E1 8D 42 73 68 D9 42
1787904328.048418,34680,030b,12,34 B3 04 43 D7 A3 96 42 60 65 8B 42
1787904328.059836,34680,030c,12,9A 99 E7 42 9A 99 97 42 75 13 AB 42
1787904328.070865,34680,030d,12,9A 99 B2 42 85 EB 07 42 C2 B5 A7 42
1787904328.081461,34680,030e,12,00 00 FD 42 0A D7 33 42 BA 49 FA 41
1787904328.092698,34680,030f,12,CD CC D4 42 B8 1E 82 42 6C 27 B7 42
1787904328.104045,34680,0310,12,34 33 11 43 9A 99 15 42 A6 1B 94 42
1787904328.114900,34680,0311,12,33 33 8F 42 48 E1 9F 42 42 60 35 42
1787904328.126001,34680,0312,12,9A 99 49 42 0A D7 82 42 D7 23 25 42
1787904328.136699,34680,0313,12,34 B3 11 43 66 66 2C 42 87 56 E0 42
1787904328.147053,34680,0314,12,CD CC 15 43 52 B8 78 42 58 39 C5 41
1787904328.157700,34680,0315,12,CD CC FA 42 00 00 88 42 00 C0 A3 42
1787904328.168257,34680,0316,12,99 99 EA 42 7B 14 70 42 2D 72 86 42
1787904328.178809,34680,0317,12,CD CC E3 42 EC 51 58 42 D3 8D 8F 42
1787904328.189425,34680,0318,12,99 99 EB 42 C2 F5 F4 41 8A C1 CA 42
1787904328.201062,34680,0319,12,00 00 A9 42 1F 85 AB 41 64 BB 91 42
1787904328.211544,34680,031a,12,9A 99 C1 42 33 33 8C 42 A6 5B DE 42
1787904328.227193,34680,031b,12,9A 99 C3 42 A4 70 B9 41 79 E9 F7 41
1787904328.237921,34680,031c,12,00 00 E9 42 52 B8 30 42 1C DA E8 42
1787904328.248955,34680,031d,12,CC CC 07 43 66 66 20 42 E3 A5 D6 41
1787904328.259784,34680,031e,12,33 33 96 42 29 5C 57 42 AA 71 9A 42
1787904328.270964,34680,031f,12,00 00 F3 42 5C 8F 4C 42 FA BE CB 42
1787904328.281418,34680,0320,12,CD CC B4 42 33 33 FB 41 42 60 35 42
1787904328.291989,34680,0321,12,33 33 AF 42 52 B8 91 42 F8 D3 57 42
1787904328.302594,34680,0322,12,33 33 C7 42 7B 14 04 42 5D 0F E8 42
1787904328.313117,34680,0323,12,00 80 0D 43 C2 F5 18 42 8A 41 99 42
1787904328.323667,34680,0324,12,33 33 E0 42 7B 14 89 42 7A D4 9B 42
1787904328.334454,34680,0325,12,9A 99 A7 42 71 3D 24 42 3B 9F 9C 42
1787904328.345020,34680,0326,12,99 99 F6 42 A4 70 3D 42 DF 4F 00 42
1787904328.355561,34680,0327,12,CC CC E8 42 CD CC 89 42 87 16 96 42
1787904328.366198,34680,0328,12,34 B3 0B 43 CD CC 2E 42 C2 F5 36 42
1787904328.377342,34680,0329,12,00 00 14 43 EC 51 92 42 E5 10 AC 42
1787904328.388209,34680,032a,12,CD CC 90 42 B9 1E 57 42 F8 D3 57 42
1787904328.399407,34680,032b,12,00 00 C0 42 B8 1E 91 42 1B 2F B4 42
1787904328.410127,34680,032c,12,33 33 E0 42 C2 F5 06 42 73 68 D9 42
1787904328.420707,34680,032d,12,00 00 84 42 52 B8 A6 41 B8 DE 97 42
1787904328.431115,34680,032e,12,66 66 CA 42 F6 28 38 42 81 15 03 42
1787904328.441561,34680,032f,12,9A 99 0D 43 D7 A3 38 42 FA 3E 9A 42
1787904328.451874,34680,0330,12,00 00 A9 42 14 AE 37 42 10 98 8B 42
1787904328.462248,34680,0331,12,00 00 62 42 EB 51 52 42 6A BC E1 41
1787904328.476156,34680,0332,12,9A 99 4F 42 14 AE 73 42 44 8B 38 42
1787904328.486660,34680,0333,12,00 00 BD 42 A4 70 86 42 4C 77 84 42
1787904328.496982,34680,0334,12,CD CC EE 42 A4 70 73 42 F8 53 E1 42
1787904328.507373,34680,0335,12,66 66 58 42 90 C2 23 42 CF F7 49 42
1787904328.518124,34680,0336,12,33 33 DF 42 A4 70 3D 42 C1 4A 65 42
1787904328.528585,34680,0337,12,CD CC 8F 42 D7 A3 3E 42 11 D8 D5 42
1787904328.539985,34680,0338,12,66 66 BB 42 CD CC 0A 42 7B 14 FB 41
1787904328.550451,34680,0339,12,67 66 E4 42 34 33 8F 42 27 F1 DF 42
1787904328.560858,34680,033a,12,CC 4C 02 43 52 B8 18 42 40 B5 00 42
1787904328.571338,34680,033b,12,34 33 FE 42 70 3D 88 42 49 CC B2 42
1787904328.581741,34680,033c,12,66 66 B5 42 00 00 A0 41 3B DF E6 42
1787904328.592890,34680,033d,12,CD CC EF 42 AE 47 6B 42 21 70 D6 42
1787904328.603375,34680,033e,12,00 00 66 42 E1 7A 18 42 E4 A5 69 42
1787904328.615847,34680,033f,12,33 B3 06 43 34 33 3D 42 F6 68 C5 42
1787904328.626203,34680,0340,12,9A 99 9D 42 CD CC F8 41 B4 C8 20 42
1787904328.636957,34680,0341,12,CC CC AD 42 70 3D 5A 42 4C B7 CE 42
1787904328.647525,34680,0342,12,00 00 50 42 85 EB 2B 42 E9 26 73 42
1787904328.658083,34680,0343,12,67 66 EF 42 C3 F5 AC 41 81 15 03 42
1787904328.668482,34680,0344,12,33 33 F7 42 E1 7A 06 42 9C 44 2C 42
1787904328.678933,34680,0345,12,33 33 51 42 D7 A3 84 42 1F 05 89 42
1787904328.689413,34680,0346,12,00 00 72 42 C2 F5 60 42 93 18 BE 41
1787904328.699779,34680,0347,12,CD CC EF 42 14 AE 98 42 87 96 C7 42
1787904328.710211,34680,0348,12,00 00 83 42 9A 99 82 42 3F B5 BB 42
1787904328.721169,34680,0349,12,CC CC D8 42 B8 1E D9 41 EA A6 99 42
1787904328.731707,34680,034a,12,66 66 B6 42 1F 85 FF 41 B4 48 52 42
1787904328.742572,34680,034b,12,66 66 DF 42 0A D7 3F 42 11 18 BD 42
1787904328.753175,34680,034c,12,00 00 4C 42 00 00 94 42 83 40 06 42
1787904328.764017,34680,034d,12,9A 99 80 42 C3 F5 97 42 BA 09 9B 42
1787904328.775041,34680,034e,12,00 00 DF 42 33 33 5B 42 21 70 D6 42
1787904328.785776,34680,034f,12,CC CC B8 42 90 C2 81 42 AE 47 17 42
1787904328.796168,34680,0350,12,9A 99 AB 42 85 EB 3D 42 D3 4D A8 42
1787904328.818727,34680,0351,12,00 80 03 43 66 66 A2 41 44 8B A5 41
1787904328.829046,34680,0352,12,00 00 D3 42 1E 85 71 42 E8 7B 96 42
1787904328.839467,34680,0353,12,CD CC FE 42 3E 0A 35 42 36 5E F2 41
1787904328.850246,34680,0354,12,00 00 D1 42 D7 A3 02 42 50 CD ED 42
1787904328.861222,34680,0355,12,66 66 B7 42 52 B8 D6 41 68 11 98 42
1787904328.872027,34680,0356,12,34 33 0B 43 3E 0A 47 42 C3 F5 A3 41
1787904328.883052,34680,0357,12,00 80 06 43 9A 99 39 42 4A 0C 9A 42
1787904328.894102,34680,0358,12,00 00 8A 42 CD CC 5E 42 9E EF 60 42
1787904328.904793,34680,0359,12,00 00 AE 42 85 EB 79 42 F4 BD 90 42
1787904328.915286,34680,035a,12,66 66 9A 42 EC 51 F8 41 CB 61 B4 42
1787904328.925857,34680,035b,12,00 00 95 42 8F C2 7D 42 D3 4D 50 42
1787904328.936447,34680,035c,12,66 E6 00 43 7A 14 10 42 CF B7 BA 42
1787904328.946700,34680,035d,12,9A 99 A1 42 7B 14 7C 42 4E A2 87 42
1787904328.956911,34680,035e,12,CD CC 97 42 B8 1E C1 41 79 A9 98 42
1787904328.967224,34680,035f,12,9A 99 6D 42 14 AE 07 42 B2 9D ED 41
1787904328.977562,34680,0360,12,9A 99 06 43 D7 A3 56 42 DF 4F 63 42
1787904328.988678,34680,0361,12,00 00 8B 42 D7 A3 32 42 35 DE 53 42
1787904328.999095,34680,0362,12,CD CC 99 42 3E 0A 96 42 7B 94 B4 42
1787904329.009442,34680,0363,12,00 00 92 42 33 33 FB 41 74 93 F1 41
1787904329.019796,34680,0364,12,33 33 8A 42 C3 F5 66 42 A0 9A 32 42
1787904329.034268,34680,0365,12,CC CC B3 42 AE 47 05 42 F0 A7 E9 41
1787904329.044744,34680,0366,12,66 66 BB 42 86 EB 49 42 9C C4 B5 42
1787904329.055066,34680,0367,12,9A 99 07 43 33 33 92 42 81 95 34 42
1787904329.065717,34680,0368,12,66 66 B9 42 7B 14 9E 42 C9 76 40 42
1787904329.076700,34680,0369,12,00 00 F2 42 5C 8F 6A 42 0A D7 AF 41
1787904329.087176,34680,036a,12,9A 99 E2 42 F6 28 81 42 C2 75 68 42
1787904329.097725,34680,036b,12,CD CC 4E 42 CD CC 52 42 6A BC 11 42
1787904329.108293,34680,036c,12,66 66 70 42 0A D7 AF 41 0A 97 B3 42
1787904329.118751,34680,036d,12,66 66 B3 42 0A D7 EB 41 D7 A3 C3 41
1787904329.129232,34680,036e,12,CC 4C 08 43 E1 7A 48 42 FA 7E F9 41
1787904329.139880,34680,036f,12,66 66 9E 42 EC 51 28 42 64 BB 39 42
1787904329.151450,34680,0370,12,9A 99 B1 42 29 5C 97 42 9E AF D1 42
1787904329.162854,34680,0371,12,66 66 B2 42 00 00 9A 42 62 90 8E 42
1787904329.173831,34680,0372,12,34 33 B6 42 52 B8 00 42 10 D8 1A 42
1787904329.184614,34680,0373,12,9A 99 FE 42 52 B8 0C 42 72 68 1E 42
1787904329.203090,34680,0374,12,9A 99 B9 42 0A D7 4B 42 33 B3 50 42
1787904329.213838,34680,0375,12,00 00 F4 42 29 5C 27 42 31 08 EC 41
1787904329.224865,34680,0376,12,00 00 DA 42 3E 0A 6B 42 3F 35 ED 42
1787904329.237809,34680,0377,12,9A 99 FA 42 B8 1E 27 42 8B 2C B5 42
1787904329.248845,34680,0378,12,34 33 BD 42 EB 51 64 42 FE 54 B9 42
1787904329.259453,34680,0379,12,33 33 5F 42 48 E1 14 42 2B 87 CD 42
1787904329.271322,34680,037a,12,9A 99 95 42 A4 70 E9 41 02 AB BF 42
1787904329.282223,34680,037b,12,9A 99 88 42 34 33 61 42 E8 FB 6F 42
1787904329.293751,34680,037c,12,33 33 9C 42 E2 7A 5A 42 AA B1 E4 42
1787904329.304554,34680,037d,12,CD CC D2 42 29 5C 03 42 20 F0 A4 42
1787904329.315337,34680,037e,12,66 66 02 43 7B 14 70 42 58 79 97 42
1787904329.325887,34680,037f,12,9A 99 06 43 9A 99 15 42 2F DD E8 41
1787904329.336501,34680,0380,12,9A 99 61 42 AE 47 BD 41 83 40 C1 42
1787904329.346964,34680,0381,12,00 00 EE 42 8F C2 BD 41 73 A8 C0 42
1787904329.357443,34680,0382,12,9A 99 BF 42 CD CC 28 42 85 2B DD 42
1787904329.368328,34680,0383,12,CC 4C 15 43 33 33 0D 42 8A 81 E3 42
1787904329.380464,34680,0384,12,CD CC F1 42 1F 85 84 42 6C 67 46 42
1787904329.391112,34680,0385,12,33 33 D3 42 1E 85 90 42 E9 26 CB 42
1787904329.402661,34680,0386,12,9A 99 B3 42 9A 99 88 42 2B C7 B4 42
1787904329.412999,34680,0387,12,66 66 50 42 3E 0A 81 42 6F D2 EB 42
1787904329.423295,34680,0388,12,66 66 74 42 3D 0A 8A 42 90 C2 4A 42
1787904339.430380,34680,038a,12,66 E6 09 43 B8 1E 39 42 66 66 0B 42
1787904339.439708,34680,038b,12,33 B3 06 43 AE 47 6B 42 27 31 6F 42
1787904339.465101,34680,038c,12,00 00 B5 42 66 66 44 42 50 0D 7D 42
1787904339.475988,34680,038d,12,CD CC 8D 42 29 5C 94 42 81 15 66 42
1787904339.486806,34680,038e,12,00 00 F6 42 14 AE BF 41 F2 52 A6 42
1787904339.500425,34680,038f,12,33 B3 08 43 9A 99 63 42 7B 54 CD 42
1787904339.511078,34680,0390,12,66 66 90 42 66 66 EA 41 EB D1 9C 42
1787904339.522723,34680,0391,12,33 33 EA 42 14 AE 89 42 FC 69 9D 42
1787904339.533189,34680,0392,12,9A 99 C9 42 E2 7A 4E 42 06 01 6E 42
1787904339.544668,34680,0393,12,00 00 95 42 C2 F5 78 42 83 40 C1 42
1787904339.555510,34680,0394,12,66 66 F9 42 00 00 78 42 5E FA A0 42
1787904339.567807,34680,0395,12,00 00 9B 42 E1 7A 48 42 1C DA E8 42
1787904339.578188,34680,0396,12,9A 99 00 43 A4 70 DD 41 15 AE 52 42
1787904339.588847,34680,0397,12,66 66 13 43 85 EB 2B 42 18 44 98 42
1787904339.599859,34680,0398,12,CD CC AB 42 85 EB 7F 42 DD A4 2E 42
1787904339.610159,34680,0399,12,33 33 95 42 9A 99 CD 41 FC 29 5E 42
1787904339.620662,34680,039a,12,66 66 48 42 EC 51 16 42 F6 E8 93 42
1787904339.631076,34680,039b,12,00 00 F8 42 48 E1 0E 42 77 BE F4 41
1787904339.641729,34680,039c,12,CD CC AA 42 F6 28 A8 41 54 63 DB 42
1787904339.652024,34680,039d,12,9A 99 A0 42 85 EB 13 42 B7 33 C6 42
1787904339.662986,34680,039e,12,00 00 83 42 5C 8F 16 42 B8 1E F7 41
1787904339.673698,34680,039f,12,9A 99 67 42 70 3D 85 42 36 5E F2 41
1787904339.684309,34680,03a0,12,66 66 EC 42 5C 8F 95 42 4C 37 B2 41
1787904339.695013,34680,03a1,12,34 33 CE 42 F5 28 6E 42 18 04 59 42
1787904339.705543,34680,03a2,12,CD CC A3 42 33 33 8C 42 12 83 A7 42
1787904339.715834,34680,03a3,12,CD CC 8D 42 A4 70 DD 41 1D 5A CC 41
1787904339.726189,34680,03a4,12,9A 99 BD 42 9A 99 27 42 BC F4 B6 42
1787904339.736641,34680,03a5,12,9A 99 4F 42 EC 51 28 42 92 6D 1C 42
1787904339.747193,34680,03a6,12,9A 99 F9 42 A4 70 E9 41 D3 4D A8 42
1787904339.757726,34680,03a7,12,34 33 E5 42 0A D7 97 42 0A 57 CC 42
1787904339.768583,34680,03a8,12,00 00 82 42 52 B8 B2 41 50 8D 4B 42
1787904339.778996,34680,03a9,12,66 66 15 43 0A D7 9D 42 E1 FA 34 42
1787904339.789859,34680,03aa,12,9A 99 D9 42 7B 14 AA 41 9E 6F EA 42
1787904339.800694,34680,03ab,12,00 80 08 43 3E 0A 47 42 FC A9 FC 41
1787904339.811414,34680,03ac,12,00 00 14 43 5C 8F 58 42 8F 02 ED 42
1787904339.821942,34680,03ad,12,9A 99 FB 42 0A D7 D3 41 46 B6 3B 42
1787904339.832708,34680,03ae,12,00 00 EF 42 CC CC 8C 42 87 D6 AE 42
1787904339.843195,34680,03af,12,34 33 F2 42 48 E1 87 42 33 B3 A8 42
1787904339.853665,34680,03b0,12,9A 99 96 42 0A D7 63 42 BA 49 FA 41
1787904339.864233,34680,03b1,12,33 33 02 43 CD CC 86 42 60 E5 64 42
1787904339.874662,34680,03b2,12,CD CC 89 42 90 C2 81 42 89 41 AE 41
1787904339.884941,34680,03b3,12,CC 4C 08 43 F6 28 9F 42 E5 D0 6C 42
1787904339.895358,34680,03b4,12,00 00 9D 42 A4 70 7F 42 2D 32 9F 42
1787904339.905932,34680,03b5,12,CD 4C 0B 43 C3 F5 30 42 60 65 8B 42
1787904339.916785,34680,03b6,12,66 66 E0 42 5C 8F 80 42 95 03 C5 42
1787904339.927477,34680,03b7,12,66 66 A5 42 D7 A3 38 42 F2 52 A6 42
1787904339.937810,34680,03b8,12,34 33 A4 42 9A 99 4B 42 3B DF FB 41
1787904339.948389,34680,03b9,12,33 33 C6 42 3E 0A E7 41 B4 C8 F0 41
1787904339.958955,34680,03ba,12,CD 4C 12 43 B8 1E 2D 42 21 B0 D2 41
1787904339.969271,34680,03bb,12,33 33 82 42 B8 1E B5 41 1B EF CC 42
1787904339.989831,34680,03bc,12,9A 99 BA 42 E1 7A 7E 42 4E E2 16 42
1787904340.000433,34680,03bd,12,33 33 83 42 29 5C 7B 42 36 5E 22 42
1787904340.010957,34680,03be,12,33 33 97 42 D7 A3 68 42 F4 BD 90 42
1787904340.021839,34680,03bf,12,9A 99 01 43 E2 7A 5A 42 1B 2F 5C 42
1787904340.032271,34680,03c0,12,34 33 E6 42 0A D7 85 42 C3 F5 A3 41
1787904340.042535,34680,03c1,12,66 66 AB 42 48 E1 81 42 1C 9A 9E 42
1787904340.062581,34680,03c2,12,CD CC D1 42 EC 51 1C 42 2D 72 86 42
1787904340.073333,34680,03c3,12,00 00 DB 42 E1 7A 6C 42 E4 25 38 42
1787904340.083995,34680,03c4,12,66 66 AB 42 70 3D 36 42 C6 8B DF 42
1787904340.094867,34680,03c5,12,CD CC 64 42 CD CC 86 42 29 DC 40 42
1787904340.105428,34680,03c6,12,00 00 F0 42 34 33 80 42 18 44 98 42
1787904340.115753,34680,03c7,12,66 E6 09 43 AE 47 41 42 2C 07 44 42
1787904340.126245,34680,03c8,12,33 33 DE 42 AE 47 87 42 EA 26 10 42
1787904340.136774,34680,03c9,12,33 33 AF 42 B8 1E 5D 42 C6 CB 6E 42
1787904340.147055,34680,03ca,12,00 00 BC 42 3E 0A 11 42 E5 D0 D9 41
1787904340.157384,34680,03cb,12,CD CC 85 42 3E 0A 87 42 37 C9 C7 42
1787904340.168130,34680,03cc,12,66 66 0E 43 29 5C 75 42 06 81 A9 41
1787904340.178607,34680,03cd,12,9A 99 E0 42 AE 47 A5 41 0A 57 11 42
1787904340.188921,34680,03ce,12,9A 99 A8 42 7A 14 FE 41 67 A6 AD 42
1787904340.199286,34680,03cf,12,33 33 E1 42 66 66 20 42 56 8E 23 42
1787904340.209653,34680,03d0,12,00 00 ED 42 66 66 F6 41 B4 48 52 42
1787904340.220132,34680,03d1,12,33 33 7D 42 C2 F5 85 42 0E AD 7A 42
1787904340.230707,34680,03d2,12,00 00 E4 42 3E 0A 4D 42 E6 50 3B 42
1787904340.241271,34680,03d3,12,00 00 AC 42 3E 0A C3 41 2E 5D 4A 42
1787904340.251778,34680,03d4,12,66 66 F9 42 EC 51 58 42 BC 74 85 42
1787904340.262396,34680,03d5,12,33 33 D1 42 00 00 60 42 9C 84 CE 42
1787904340.273012,34680,03d6,12,33 33 C5 42 1F 85 11 42 1A 6F 9B 42
1787904340.287805,34680,03d7,12,66 66 05 43 3E 0A 93 42 FE D4 87 42
1787904340.304461,34680,03d8,12,66 66 B9 42 AE 47 1D 42 C1 CA A0 41
1787904340.315008,34680,03d9,12,34 B3 05 43 00 00 36 42 91 ED A5 42
1787904340.327280,34680,03da,12,66 66 89 42 7B 14 E6 41 D9 8E CA 42
1787904340.337975,34680,03db,12,00 00 B2 42 CD CC 64 42 8A 01 B2 42
1787904340.350377,34680,03dc,12,9A 19 05 43 5C 8F DA 41 A6 9B 0A 42
1787904340.362049,34680,03dd,12,66 66 D9 42 F6 28 96 42 90 C2 4A 42
1787904340.372498,34680,03de,12,9A 99 A2 42 52 B8 B2 41 18 04 C6 41
1787904340.383004,34680,03df,12,33 33 D5 42 7B 14 46 42 29 5C 0F 42
1787904340.393310,34680,03e0,12,CD CC E5 42 CD CC 28 42 E1 BA A5 42
1787904340.403659,34680,03e1,12,66 66 03 43 3E 0A 0B 42 FE 54 B9 42
1787904340.413986,34680,03e2,12,66 E6 0A 43 CD CC 28 42 1F 85 62 42
1787904340.424316,34680,03e3,12,33 33 A8 42 C3 F5 0C 42 2B 47 E6 42
1787904340.434678,34680,03e4,12,9A 99 C1 42 5C 8F 5E 42 AE 47 17 42
1787904340.444834,34680,03e5,12,33 33 51 42 EC 51 3A 42 C5 20 92 42
1787904340.455155,34680,03e6,12,33 33 E1 42 B8 1E 27 42 56 CE C5 42
1787904340.465590,34680,03e7,12,33 33 A6 42 90 C2 17 42 B4 08 C3 42
1787904340.476491,34680,03e8,12,33 33 EE 42 0A D7 1B 42 44 0B C2 42
1787904340.486929,34680,03e9,12,9A 99 AA 42 0A D7 3F 42 A0 5A A3 42
1787904340.497585,34680,03ea,12,00 00 58 42 29 5C 91 42 79 69 B1 42
1787904340.511821,34680,03eb,12,66 66 64 42 E1 7A AC 41 1C 5A B7 42
1787904340.524045,34680,03ec,12,33 33 A9 42 1F 85 8D 42 F0 67 8A 42
1787904340.534467,34680,03ed,12,66 E6 0C 43 14 AE 37 42 D5 F8 DC 42
1787904340.546568,34680,03ee,12,00 80 08 43 E1 7A 42 42 F4 BD 90 42
1787904340.557145,34680,03ef,12,CD CC 4E 42 B8 1E 39 42 29 5C 72 42
1787904340.567853,34680,03f0,12,33 33 FD 42 3E 0A 17 42 2F 9D 89 42
1787904340.578833,34680,03f1,12,66 66 54 42 48 E1 EA 41 7D FF 9E 42
1787904340.589450,34680,03f2,12,9A 99 10 43 66 66 0E 42 5E BA CE 41
1787904340.631371,34680,03f3,12,9A 99 8B 42 52 B8 54 42 D5 78 C0 41
1787904340.642858,34680,03f4,12,9A 99 C6 42 3D 0A 41 42 95 43 AC 42
1787904340.653705,34680,03f5,12,66 E6 0D 43 14 AE EF 41 EE 7C E6 41
1787904340.664463,34680,03f6,12,00 00 F2 42 B8 1E FD 41 79 A9 98 42
1787904340.676035,34680,03f7,12,CD CC 8E 42 C2 F5 18 42 08 AC 3F 42
1787904340.686462,34680,03f8,12,66 66 A5 42 66 66 90 42 96 C3 22 42
1787904340.697891,34680,03f9,12,34 33 05 43 E2 7A D0 41 94 18 A9 42
1787904340.708908,34680,03fa,12,33 33 C7 42 AE 47 47 42 CA E1 82 42
1787904340.720183,34680,03fb,12,CD CC C4 42 9A 99 A9 41 F8 D3 57 42
1787904340.730905,34680,03fc,12,9A 99 D8 42 EC 51 3A 42 31 08 7F 42
1787904340.741304,34680,03fd,12,CC CC CE 42 29 5C 9A 42 5A 24 CC 42
1787904340.751769,34680,03fe,12,66 66 88 42 B8 1E 3F 42 CD 8C B7 42
1787904340.762156,34680,03ff,12,00 00 BC 42 5C 8F 83 42 96 C3 22 42
1787904340.772581,34680,0400,12,33 33 7F 42 52 B8 0C 42 91 ED A5 42
1787904340.783069,34680,0401,12,00 80 11 43 00 00 B8 41 2D B2 15 42
1787904340.793517,34680,0402,12,9A 99 EE 42 C2 F5 6C 42 42 E0 BE 42
1787904340.803983,34680,0403,12,66 66 06 43 33 33 B3 41 C5 20 92 42
1787904340.814475,34680,0404,12,33 33 8D 42 90 C2 9F 42 12 43 C0 42
1787904340.825541,34680,0405,12,00 00 BC 42 1F 85 84 42 98 EE E0 42
1787904340.836076,34680,0406,12,00 00 80 42 0A D7 69 42 D3 0D C1 42
1787904340.846539,34680,0407,12,00 00 9B 42 9A 99 82 42 92 ED BA 41
1787904340.857339,34680,0408,12,CD CC 93 42 F6 28 99 42 02 2B 36 42
1787904340.867891,34680,0409,12,9A 99 A2 42 D7 A3 9C 42 E5 10 AC 42
1787904340.878239,34680,040a,12,9A 99 CD 42 C3 F5 0C 42 29 1C 80 42
1787904340.888744,34680,040b,12,00 00 C2 42 29 5C 85 42 23 5B 37 42
1787904340.899323,34680,040c,12,00 00 AD 42 3E 0A E7 41 E1 FA 34 42
1787904340.909727,34680,040d,12,66 66 50 42 70 3D 2A 42 7F AA D3 42
1787904340.920601,34680,040e,12,00 00 90 42 B8 1E 88 42 E1 3A D7 42
1787904340.931424,34680,040f,12,66 66 78 42 C2 F5 60 42 5C 0F 2D 42
1787904340.942008,34680,0410,12,00 80 07 43 52 B8 30 42 B0 72 EA 41
1787904340.952508,34680,0411,12,CC 4C 0E 43 48 E1 DE 41 DF CF 31 42
1787904340.963761,34680,0412,12,00 00 B9 42 9A 99 94 42 60 25 A4 42
1787904340.974953,34680,0413,12,CC CC C0 42 0A D7 A3 41 C5 20 3A 42
1787904340.985483,34680,0414,12,34 B3 0B 43 CD CC 28 42 67 26 DF 42
1787904340.995915,34680,0415,12,34 B3 11 43 29 5C 09 42 77 BE F4 41
1787904341.006452,34680,0416,12,9A 99 86 42 C2 F5 D0 41 77 BE 24 42
1787904341.016742,34680,0417,12,66 66 5C 42 5C 8F 10 42 C2 F5 36 42
1787904341.027098,34680,0418,12,00 00 DF 42 A4 70 A1 41 23 DB C0 42
1787904341.037802,34680,0419,12,00 00 A5 42 C2 F5 82 42 7F AA D3 42
1787904341.048360,34680,041a,12,CD CC DE 42 B8 1E 85 42 E3 A5 D6 41
1787904341.058872,34680,041b,12,CD CC D4 42 E1 7A 8B 42 F6 E8 93 42
1787904341.069672,34680,041c,12,33 B3 13 43 5C 8F 16 42 BA 49 FA 41
1787904341.080309,34680,041d,12,CD CC 04 43 E1 7A 42 42 08 6C B0 42
1787904341.090647,34680,041e,12,CD 4C 0C 43 66 66 DE 41 AA B1 81 42
1787904341.100916,34680,041f,12,66 66 0F 43 A4 70 49 42 64 7B AA 42
1787904341.111465,34680,0420,12,9A 19 10 43 70 3D 1E 42 EA A6 99 42
1787904341.122372,34680,0421,12,CD CC E4 42 29 5C F7 41 B4 48 AA 42
1787904341.132840,34680,0422,12,33 33 CA 42 48 E1 0E 42 58 39 B0 42
1787904341.143500,34680,0423,12,CD CC B5 42 90 C2 F9 41 23 5B 8F 42
1787904341.154007,34680,0424,12,33 B3 12 43 29 5C 9D 42 CB 21 75 42
1787904341.167004,34680,0425,12,33 33 E9 42 3E 0A 6B 42 66 66 0B 42
1787904341.177485,34680,0426,12,34 33 B0 42 EC 51 6A 42 C6 0B AE 42
1787904341.187757,34680,0427,12,9A 99 AA 42 CD CC BC 41 DD 24 CD 41
1787904341.198245,34680,0428,12,00 00 E5 42 1E 85 47 42 CB 21 75 42
1787904341.208600,34680,0429,12,33 33 B5 42 14 AE 73 42 DF 4F BB 42
1787904341.218922,34680,042a,12,66 66 E3 42 48 E1 26 42 E5 90 DD 42
1787904341.229345,34680,042b,12,34 33 A5 42 7A 14 10 42 C9 76 40 42
1787904341.239868,34680,042c,12,66 66 EC 42 3D 0A F3 41 D3 8D 8F 42
1787904341.250314,34680,042d,12,66 66 E3 42 EB 51 70 42 DF 4F 00 42
1787904341.260835,34680,042e,12,CD CC 83 42 14 AE 61 42 C6 CB C6 42
1787904341.271187,34680,042f,12,33 33 AD 42 52 B8 9D 42 FC 29 5E 42
1787904341.281867,34680,0430,12,9A 99 9F 42 66 66 74 42 8C 6C 44 42
1787904341.292290,34680,0431,12,33 33 6D 42 29 5C 09 42 FC 29 B6 42
1787904341.302707,34680,0432,12,34 33 CE 42 33 33 31 42 2B 87 CD 42
1787904341.315376,34680,0433,12,9A 99 5F 42 7A 14 95 42 10 98 8B 42
1787904341.326584,34680,0434,12,33 33 A2 42 29 5C 0F 42 0A D7 AF 41
1787904341.337507,34680,0435,12,66 66 07 43 E1 7A 1E 42 A4 F0 38 42
1787904341.349406,34680,0436,12,CD CC B4 42 90 C2 35 42 F8 D3 AF 42
1787904341.359707,34680,0437,12,9A 99 7B 42 9A 99 CD 41 7D 3F 2E 42
1787904341.370484,34680,0438,12,9A 99 73 42 A4 70 2B 42 CD CC 46 42
1787904341.380966,34680,0439,12,00 00 7E 42 66 66 8D 42 46 B6 A8 41
1787904341.391653,34680,043a,12,9A 99 96 42 8F C2 11 42 71 3D 7E 42
1787904341.402117,34680,043b,12,34 33 A3 42 14 AE 4F 42 42 E0 03 42
1787904341.412530,34680,043c,12,66 66 80 42 8F C2 4D 42 7F EA BA 42
1787904341.422871,34680,043d,12,9A 99 99 42 9A 99 9A 42 B8 9E B0 42
1787904341.433297,34680,043e,12,33 33 8F 42 14 AE 98 42 A0 5A A3 42
1787904341.443701,34680,043f,12,00 00 CF 42 C2 F5 3C 42 CF B7 BA 42
1787904341.453978,34680,0440,12,9A 99 FA 42 3E 0A 35 42 96 43 C1 41
1787904341.464227,34680,0441,12,66 66 A6 42 00 00 12 42 D9 CE 59 42
1787904341.474522,34680,0442,12,9A 99 0C 43 D7 A3 90 42 29 9C B1 42
1787904341.484860,34680,0443,12,66 66 06 43 D7 A3 56 42 46 B6 93 42
1787904341.495200,34680,0444,12,CD CC 6A 42 52 B8 85 42 2F 9D 89 42
1787904341.505620,34680,0445,12,34 B3 0A 43 71 3D 42 42 5E FA A0 42
1787904341.515972,34680,0446,12,CD CC E2 42 EC 51 04 42 94 98 1F 42
1787904341.526242,34680,0447,12,00 00 76 42 14 AE 98 42 C5 A0 C3 42
1787904341.536756,34680,0448,12,33 33 5B 42 5C 8F 92 42 B2 9D 1D 42
1787904341.547264,34680,0449,12,33 33 F5 42 CD CC 46 42 E1 FA 8C 42
1787904341.557844,34680,044a,12,9A 99 C1 42 29 5C 5D 42 77 BE 24 42
1787904341.568312,34680,044b,12,00 00 15 43 F6 28 26 42 58 79 97 42
1787904341.582725,34680,044c,12,34 33 CC 42 AE 47 84 42 74 93 21 42
1787904341.593228,34680,044d,12,34 33 FE 42 EC 51 98 42 B4 08 C3 42
1787904341.603631,34680,044e,12,CC CC 14 43 14 AE 83 42 2E 5D 4A 42
1787904341.613825,34680,044f,12,67 66 FE 42 3E 0A 53 42 4E A2 EA 42
1787904341.623996,34680,0450,12,00 00 FF 42 B8 1E A9 41 79 69 59 42
1787904341.634271,34680,0451,12,33 33 7B 42 66 66 81 42 25 06 6C 42
1787904341.644643,34680,0452,12,9A 99 88 42 EB 51 7C 42 F8 D3 57 42
1787904341.655193,34680,0453,12,66 66 F8 42 1F 85 9C 42 58 79 97 42
1787904341.665735,34680,0454,12,66 66 EA 42 29 5C 15 42 46 B6 A8 41
1787904341.676265,34680,0455,12,00 00 F2 42 14 AE 4F 42 1B AF E5 42
1787904341.686747,34680,0456,12,CD CC F7 42 CC CC 8C 42 76 3E AE 42
1787904341.697007,34680,0457,12,00 00 06 43 9A 99 C1 41 B2 9D D8 42
1787904341.707700,34680,0458,12,9A 99 A1 42 EC 51 76 42 08 2C C9 42
1787904341.718190,34680,0459,12,9A 99 AC 42 66 66 9F 42 73 28 8F 42
1787904341.732436,34680,045a,12,66 66 9F 42 5D 8F 70 42 62 50 A7 42
1787904341.765468,34680,045b,12,66 E6 05 43 29 5C 1B 42 CD 4C 78 42
1787904341.776975,34680,045c,12,33 33 E7 42 99 99 5D 42 D9 CE C6 41
1787904341.790891,34680,045d,12,66 66 CE 42 47 E1 56 42 40 B5 00 42
1787904341.801388,34680,045e,12,66 66 0F 43 7B 14 70 42 E3 A5 06 42
1787904341.813817,34680,045f,12,66 66 7E 42 1F 85 DB 41 6C 27 B7 42
1787904341.825421,34680,0460,12,9A 99 FA 42 E1 7A 9D 42 4E 22 B9 42
1787904341.836903,34680,0461,12,00 00 F3 42 52 B8 12 42 12 83 BC 41
1787904341.847906,34680,0462,12,00 00 AF 42 00 00 78 42 F8 53 E1 42
1787904341.858281,34680,0463,12,34 33 BC 42 3E 0A 8D 42 3E 8A 60 42
1787904341.868741,34680,0464,12,CD CC 9E 42 7B 14 83 42 58 39 B0 42
1787904341.879178,34680,0465,12,CD CC E7 42 99 99 5D 42 40 35 8A 42
1787904341.889725,34680,0466,12,00 80 12 43 E1 7A AC 41 71 3D 7E 42
1787904341.900088,34680,0467,12,66 66 BF 42 C2 F5 00 42 1F 85 BA 42
1787904341.910435,34680,0468,12,CD CC 05 43 14 AE 8C 42 18 44 98 42
1787904341.921114,34680,0469,12,9A 99 C8 42 34 33 37 42 6C 67 46 42
1787904341.931490,34680,046a,12,33 33 A2 42 B8 1E 91 42 68 D1 B0 42
1787904341.942019,34680,046b,12,00 00 B2 42 0A D7 97 42 B7 33 C6 42
1787904341.956426,34680,046c,12,9A 99 C3 42 85 EB 6D 42 62 50 A7 42
1787904341.967533,34680,046d,12,CD CC A9 42 AE 47 11 42 72 68 EE 41
1787904341.978560,34680,046e,12,99 99 F5 42 00 00 36 42 98 EE E0 42
1787904341.989365,34680,046f,12,CC CC DB 42 48 E1 14 42 81 D5 D6 42
1787904341.999763,34680,0470,12,9A 99 01 43 F6 28 68 42 FE 54 B9 42
1787904342.010854,34680,0471,12,34 33 DA 42 3E 0A 3B 42 54 E3 BE 41
1787904342.021260,34680,0472,12,33 33 BF 42 CD CC 89 42 A4 70 07 42
1787904342.031538,34680,0473,12,00 00 86 42 CD CC 46 42 83 80 A8 42
1787904342.042003,34680,0474,12,66 66 C1 42 1F 85 2F 42 A4 70 D7 41
1787904342.052454,34680,0475,12,00 80 0A 43 E1 7A F4 41 90 42 19 42
1787904342.062911,34680,0476,12,9A 19 06 43 B8 1E 51 42 36 1E 93 42
1787904342.073555,34680,0477,12,34 B3 10 43 86 EB 43 42 29 1C E3 42
1787904342.084403,34680,0478,12,00 00 EA 42 EB 51 7C 42 C2 75 68 42
1787904342.094882,34680,0479,12,66 66 C4 42 00 00 0C 42 C3 75 05 42
1787904342.107406,34680,047a,12,CD CC A9 42 EC 51 89 42 F2 12 BF 42
1787904342.118238,34680,047b,12,33 B3 13 43 66 66 74 42 12 03 1E 42
1787904342.128809,34680,047c,12,9A 99 67 42 E1 7A 18 42 D9 CE C6 41
1787904342.139266,34680,047d,12,9A 99 F9 42 3E 0A 05 42 B4 88 91 42
1787904342.149824,34680,047e,12,33 33 55 42 29 5C C7 41 9E EF B8 42
1787904342.160932,34680,047f,12,33 33 57 42 0A D7 75 42 A4 F0 38 42
1787904342.171544,34680,0480,12,00 00 C1 42 1F 85 5F 42 2D B2 15 42
1787904342.182076,34680,0481,12,CD CC BE 42 85 EB 86 42 1F 05 31 42
1787904342.192356,34680,0482,12,00 00 14 43 1F 85 65 42 CA A1 43 42
1787904342.202784,34680,0483,12,66 66 83 42 52 B8 E2 41 C7 4B AA 41
1787904342.213171,34680,0484,12,9A 99 85 42 3E 0A 71 42 FA FE B2 42
1787904342.223694,34680,0485,12,34 33 D0 42 C2 F5 7E 42 95 43 54 42
1787904342.234035,34680,0486,12,9A 99 BD 42 3D 0A 99 42 F6 E8 93 42
1787904342.244711,34680,0487,12,9A 99 F0 42 AE 47 77 42 A4 F0 38 42
1787904342.255178,34680,0488,12,9A 99 12 43 00 00 78 42 29 DC 98 42
1787904342.266181,34680,0489,12,66 66 C2 42 9A 99 27 42 AA F1 10 42
1787904342.276746,34680,048a,12,CD CC E4 42 C2 F5 8B 42 99 99 B2 42
1787904342.287313,34680,048b,12,00 00 11 43 9A 99 57 42 CA E1 82 42
1787904342.297775,34680,048c,12,CD CC 58 42 29 5C C7 41 36 5E 22 42
1787904342.308248,34680,048d,12,CC 4C 13 43 AE 47 7D 42 1F 05 EC 42
1787904342.318705,34680,048e,12,00 00 7C 42 48 E1 26 42 68 11 98 42
1787904342.329137,34680,048f,12,66 66 93 42 A3 70 79 42 38 89 F5 41
1787904342.339845,34680,0490,12,00 00 A6 42 14 AE 7F 42 67 A6 AD 42
1787904342.350411,34680,0491,12,34 33 C4 42 9A 99 21 42 CD 4C 78 42
1787904342.361861,34680,0492,12,9A 99 00 43 F6 28 62 42 02 AB 04 42
1787904342.372822,34680,0493,12,33 33 9E 42 5C 8F 28 42 64 BB 91 42
1787904342.383362,34680,0494,12,00 00 05 43 AE 47 05 42 8C 6C 44 42
1787904342.393630,34680,0495,12,66 66 A8 42 86 EB 25 42 29 9C B1 42
1787904342.403953,34680,0496,12,00 00 FE 42 00 00 24 42 04 56 91 42
1787904342.414434,34680,0497,12,CD CC AF 42 D7 A3 38 42 FE 54 61 42
1787904342.424895,34680,0498,12,66 66 CC 42 3D 0A F3 41 2F DD E8 41
1787904342.435517,34680,0499,12,66 66 BC 42 A4 70 73 42 70 3D 1B 42
1787904342.445992,34680,049a,12,CD CC F9 42 29 5C 85 42 2C 07 44 42
1787904342.456548,34680,049b,12,33 33 90 42 85 EB 67 42 CD 8C B7 42
1787904342.467408,34680,049c,12,66 66 10 43 48 E1 20 42 20 F0 A4 42
1787904342.477947,34680,049d,12,CD CC 0A 43 F6 28 1A 42 6F 92 A1 42
1787904342.488538,34680,049e,12,33 33 09 43 29 5C 45 42 BA 49 82 42
1787904342.499022,34680,049f,12,CD CC D0 42 00 00 9D 42 90 C2 4A 42
1787904342.509370,34680,04a0,12,CD 4C 05 43 52 B8 94 42 DF 4F 63 42
1787904342.519700,34680,04a1,12,33 33 89 42 E1 7A 18 42 D7 A3 AE 42
1787904342.531862,34680,04a2,12,33 33 E0 42 66 66 02 42 3B 5F 5D 42
1787904342.542790,34680,04a3,12,9A 99 C7 42 1E 85 81 42 7D BF B7 42
1787904342.553954,34680,04a4,12,9A 99 FF 42 C3 F5 0C 42 37 89 E0 42
1787904342.564553,34680,04a5,12,CD CC 80 42 3E 0A 9F 42 AA F1 E0 41
1787904342.574866,34680,04a6,12,33 33 AF 42 CD CC 95 42 8F C2 B7 41
1787904342.585814,34680,04a7,12,00 80 05 43 AE 47 3B 42 CB E1 E5 42
1787904342.596041,34680,04a8,12,33 33 80 42 86 EB 9B 42 71 3D D6 42
1787904342.606387,34680,04a9,12,66 66 CB 42 00 00 00 42 7B 94 B4 42
1787904342.616774,34680,04aa,12,33 33 83 42 E2 7A 30 42 20 30 8C 42
1787904342.627243,34680,04ab,12,CC CC 08 43 5C 8F 2E 42 6C E7 77 42
1787904342.637818,34680,04ac,12,00 00 0B 43 3E 0A DB 41 87 96 0C 42
1787904342.649250,34680,04ad,12,CC CC F5 42 29 5C 7B 42 BC B4 CF 42
1787904342.659754,34680,04ae,12,00 00 A4 42 29 5C 69 42 8D 17 D1 42
1787904342.670229,34680,04af,12,CD CC D2 42 3E 0A 3B 42 CA A1 9B 42
1787904342.680849,34680,04b0,12,00 00 62 42 CD CC 89 42 17 99 C6 42
1787904342.691652,34680,04b1,12,66 66 DD 42 5C 8F 8F 42 2D 72 E9 42
1787904342.702643,34680,04b2,12,33 33 DF 42 14 AE 19 42 73 A8 C0 42
1787904342.713388,34680,04b3,12,33 33 0F 43 85 EB 9E 42 58 39 C5 41
1787904342.723734,34680,04b4,12,9A 99 15 43 A4 70 80 42 89 81 80 42
1787904342.734102,34680,04b5,12,66 66 84 42 0A D7 1B 42 8D 97 B4 41
1787904342.744580,34680,04b6,12,00 80 11 43 3D 0A AB 41 BA 89 CC 42
1787904342.755058,34680,04b7,12,CD CC D2 42 52 B8 12 42 0E 2D 49 42
1787904342.766010,34680,04b8,12,99 99 E9 42 14 AE 73 42 B2 DD BF 42
1787904342.776309,34680,04b9,12,9A 99 8D 42 3E 0A C3 41 64 7B AA 42
1787904342.786547,34680,04ba,12,33 33 08 43 EC 51 86 42 C6 4B 3D 42
1787904342.797769,34680,04bb,12,66 66 EA 42 F6 28 5C 42 EE 3C EA 42
1787904342.808144,34680,04bc,12,CD CC 85 42 AE 47 35 42 40 35 32 42
1787904342.818573,34680,04bd,12,9A 99 BE 42 86 EB 73 42 7D 3F FE 41
1787904342.829601,34680,04be,12,00 00 B6 42 E1 7A DC 41 3B DF 83 42
1787904342.840725,34680,04bf,12,CD CC E7 42 F5 28 6E 42 0E 6D EB 42
1787904342.851161,34680,04c0,12,CD CC 85 42 D7 A3 9F 42 8D 17 D1 42
1787904342.861629,34680,04c1,12,33 33 F5 42 14 AE 1F 42 EF E7 BB 42
1787904342.912414,34680,04c2,12,CC 4C 0E 43 E1 7A 6C 42 54 E3 BE 41
1787904342.951367,34680,04c3,12,00 00 8A 42 29 5C BB 41 50 CD 8A 42
1787904342.962100,34680,04c4,12,33 33 AE 42 EC 51 22 42 93 18 BE 41
1787904342.973409,34680,04c5,12,9A 19 12 43 66 66 5C 42 35 DE 53 42
1787904342.986467,34680,04c6,12,CD CC F8 42 29 5C 1B 42 64 3B D8 41
1787904342.997702,34680,04c7,12,66 66 C6 42 D7 A3 81 42 E9 E6 E3 42
1787904343.008064,34680,04c8,12,66 66 0D 43 A4 70 98 42 CB E1 E5 42
1787904343.018643,34680,04c9,12,33 33 F8 42 33 33 6D 42 35 5E DD 42
1787904343.028945,34680,04ca,12,66 66 A8 42 0A D7 39 42 81 15 66 42
1787904343.039497,34680,04cb,12,00 00 BB 42 D7 A3 0E 42 CD 4C D0 42
1787904343.049901,34680,04cc,12,9A 99 EC 42 00 00 8E 42 6B BC CC 42
1787904343.060335,34680,04cd,12,9A 99 DC 42 EC 51 92 42 04 56 39 42
1787904343.070860,34680,04ce,12,9A 99 A6 42 AE 47 47 42 99 19 E4 42
1787904343.081408,34680,04cf,12,00 00 80 42 66 66 74 42 33 73 C1 42
1787904343.091778,34680,04d0,12,00 00 62 42 90 C2 53 42 CF 77 18 42
1787904343.102156,34680,04d1,12,00 00 60 42 29 5C 6F 42 AA F1 CB 42
1787904343.113107,34680,04d2,12,CD CC EC 42 52 B8 EE 41 73 28 8F 42
1787904343.123593,34680,04d3,12,33 33 51 42 D7 A3 FC 41 A2 45 D4 41
1787904343.134055,34680,04d4,12,9A 99 9D 42 0A D7 21 42 40 F5 A2 42
1787904343.144883,34680,04d5,12,00 00 BB 42 29 5C 63 42 BE 9F 88 42
1787904343.155451,34680,04d6,12,9A 99 51 42 5C 8F DA 41 29 DC 40 42
1787904343.167952,34680,04d7,12,CC CC AC 42 34 33 95 42 E1 FA 8C 42
1787904343.178655,34680,04d8,12,66 66 88 42 00 00 78 42 73 A8 C0 42
1787904343.190358,34680,04d9,12,66 66 E1 42 66 66 90 42 1B EF CC 42
1787904343.201307,34680,04da,12,66 66 F8 42 0B D7 7B 42 FE D4 FF 41
1787904343.211686,34680,04db,12,CD CC E5 42 C2 F5 91 42 00 80 64 42
1787904343.222070,34680,04dc,12,00 00 A4 42 A4 70 07 42 94 18 A9 42
1787904343.232440,34680,04dd,12,9A 99 A6 42 14 AE 1F 42 8D 97 B4 41
1787904343.242730,34680,04de,12,9A 99 5B 42 CD CC 52 42 2F DD E8 41
1787904343.253042,34680,04df,12,00 00 CD 42 CD CC D4 41 95 43 AC 42
1787904343.263405,34680,04e0,12,66 66 82 42 52 B8 CA 41 8D 57 B8 42
1787904343.273784,34680,04e1,12,9A 19 11 43 5C 8F 8C 42 6F 12 D3 42
1787904343.284145,34680,04e2,12,00 00 F8 42 A4 70 43 42 DD E4 D0 42
1787904343.294503,34680,04e3,12,CD CC F6 42 33 33 FB 41 CF F7 A1 42
1787904343.305030,34680,04e4,12,00 00 48 42 E1 7A 36 42 95 03 C5 42
1787904343.315381,34680,04e5,12,33 33 55 42 5C 8F CE 41 0C 02 46 42
1787904343.325696,34680,04e6,12,00 00 13 43 5C 8F AA 41 58 39 B0 42
1787904343.336112,34680,04e7,12,00 00 CB 42 00 00 5A 42 8A C1 CA 42
1787904343.346505,34680,04e8,12,66 66 0B 43 7B 14 34 42 6C 27 B7 42
1787904343.357024,34680,04e9,12,CC CC DA 42 3D 0A AB 41 60 E5 BC 42
1787904343.367284,34680,04ea,12,67 66 E5 42 0A D7 82 42 FC A9 FC 41
1787904343.377737,34680,04eb,12,66 66 06 43 C3 F5 97 42 94 58 90 42
1787904343.388101,34680,04ec,12,CD CC 9A 42 8F C2 C9 41 F0 27 A3 42
1787904343.398442,34680,04ed,12,00 00 CB 42 D7 A3 56 42 DD A4 2E 42
1787904343.408848,34680,04ee,12,9A 99 B1 42 0A D7 33 42 6A BC E1 41
1787904343.419486,34680,04ef,12,66 66 88 42 70 3D 1E 42 3B 5F B5 42
1787904343.429851,34680,04f0,12,CD CC E6 42 D7 A3 90 42 98 EE E0 42
1787904343.440295,34680,04f1,12,9A 99 57 42 C3 F5 54 42 40 F5 A2 42
1787904343.451126,34680,04f2,12,9A 99 59 42 AE 47 84 42 34 33 EF 41
1787904343.461583,34680,04f3,12,00 00 C2 42 3D 0A 8A 42 FE D4 2F 42
1787904343.472314,34680,04f4,12,CD 4C 11 43 14 AE 43 42 CD 4C D0 42
1787904343.482849,34680,04f5,12,00 00 58 42 EC 51 16 42 F8 13 97 42
1787904343.493390,34680,04f6,12,CD CC F6 42 A4 70 AD 41 27 31 C7 42
1787904343.503862,34680,04f7,12,33 33 8C 42 EB 51 70 42 31 08 7F 42
1787904343.514219,34680,04f8,12,CC 4C 01 43 B8 1E F1 41 5A A4 9A 42
1787904343.524748,34680,04f9,12,00 00 84 42 90 C2 41 42 95 C3 DD 42
1787904343.535198,34680,04fa,12,33 33 DE 42 CD CC F8 41 FA BE CB 42
1787904343.546010,34680,04fb,12,9A 99 9B 42 3E 0A 11 42 3E 0A FF 41
1787904343.556660,34680,04fc,12,CD CC 96 42 D7 A3 74 42 C2 35 D9 42
1787904343.567471,34680,04fd,12,66 66 D9 42 33 33 BF 41 3B 5F 5D 42
1787904343.578123,34680,04fe,12,CC CC CB 42 85 EB 1F 42 52 B8 BB 41
1787904343.588980,34680,04ff,12,66 66 BC 42 66 66 0E 42 18 04 C6 41
1787904343.599574,34680,0500,12,33 33 15 43 14 AE A7 41 7D BF 5F 42
1787904343.610166,34680,0501,12,66 66 93 42 29 5C 9A 42 77 BE F4 41
1787904343.622176,34680,0502,12,CC CC DC 42 48 E1 32 42 68 11 40 42
1787904343.633021,34680,0503,12,9A 99 D9 42 A4 70 E9 41 23 DB 05 42
1787904343.643559,34680,0504,12,33 33 EC 42 B8 1E 69 42 20 F0 A4 42
1787904343.654141,34680,0505,12,CD CC A3 42 0A D7 C7 41 08 AC AC 41
1787904343.664578,34680,0506,12,9A 99 AA 42 F6 28 2C 42 29 1C E3 42
1787904343.674956,34680,0507,12,9A 99 6B 42 48 E1 9F 42 BE DF D2 42
1787904343.685393,34680,0508,12,CD CC FF 42 F6 28 8D 42 6A BC E1 41
1787904343.695726,34680,0509,12,33 B3 13 43 71 3D 42 42 54 63 20 42
1787904343.706719,34680,050a,12,66 66 A7 42 29 5C 3F 42 66 66 0B 42
1787904343.717207,34680,050b,12,9A 99 A2 42 EC 51 86 42 2F DD D3 42
1787904343.727598,34680,050c,12,33 33 88 42 A4 70 67 42 83 C0 8F 42
1787904343.738008,34680,050d,12,34 33 FE 42 52 B8 00 42 A6 9B 6D 42
1787904343.748611,34680,050e,12,00 00 E5 42 85 EB 95 42 F8 53 E1 42
1787904343.759193,34680,050f,12,66 66 A3 42 33 33 55 42 81 15 66 42
1787904343.774348,34680,0510,12,66 66 60 42 14 AE D7 41 87 56 E0 42
1787904343.785191,34680,0511,12,00 00 FE 42 EC 51 A4 41 27 31 0C 42
1787904343.795751,34680,0512,12,CD CC 91 42 52 B8 85 42 44 8B A5 41
1787904343.806218,34680,0513,12,CD CC 72 42 3E 0A 29 42 F6 28 23 42
1787904343.817179,34680,0514,12,33 33 71 42 CD CC 0A 42 E4 25 90 42
1787904343.830395,34680,0515,12,9A 99 FE 42 33 33 8C 42 1D DA 2D 42
1787904343.840957,34680,0516,12,CD CC 03 43 70 3D 88 42 8A 81 E3 42
1787904343.851454,34680,0517,12,9A 99 96 42 52 B8 2A 42 35 DE AB 42
1787904343.861908,34680,0518,12,00 00 07 43 0A D7 27 42 EF A7 7C 42
1787904343.872316,34680,0519,12,00 00 F5 42 3D 0A F3 41 10 58 4C 42
1787904343.882597,34680,051a,12,9A 99 CF 42 86 EB 49 42 E0 8F A2 42
1787904343.893255,34680,051b,12,CD CC F3 42 8F C2 2F 42 36 5E F2 41
1787904343.904078,34680,051c,12,CC CC B2 42 66 66 DE 41 EB D1 44 42
1787904343.914563,34680,051d,12,00 00 8C 42 00 00 60 42 23 DB 05 42
1787904343.928125,34680,051e,12,CD CC 90 42 52 B8 9D 42 7D BF B7 42
1787904343.938666,34680,051f,12,66 66 A5 42 C3 F5 54 42 15 EE 91 42
1787904343.949322,34680,0520,12,9A 99 9C 42 CD CC 8F 42 1D DA 2D 42
1787904343.959682,34680,0521,12,00 00 C8 42 B8 1E 9D 42 DD 24 60 42
1787904343.970014,34680,0522,12,9A 99 D4 42 29 5C AF 41 48 61 70 42
1787904343.980476,34680,0523,12,9A 99 77 42 70 3D 91 42 5C 8F CB 41
1787904343.991040,34680,0524,12,CD CC 82 42 7B 14 04 42 70 3D 1B 42
1787904344.002541,34680,0525,12,CD CC 83 42 00 00 8B 42 8D 17 79 42
1787904344.013520,34680,0526,12,00 00 FB 42 85 EB 79 42 64 BB 91 42
1787904344.023986,34680,0527,12,00 80 07 43 AE 47 71 42 A8 86 E1 42
1787904344.040605,34680,0528,12,00 00 BF 42 90 C2 71 42 BC F4 B6 42
1787904344.077579,34680,0529,12,9A 99 E1 42 C3 F5 54 42 7B 14 FB 41
1787904344.100508,34680,052a,12,66 66 7A 42 52 B8 36 42 46 36 6D 42
1787904344.110858,34680,052b,12,9A 99 FA 42 52 B8 88 42 8B 2C B5 42
1787904344.121149,34680,052c,12,00 00 B6 42 00 00 78 42 D7 63 C7 42
1787904344.131984,34680,052d,12,66 66 5C 42 0A D7 03 42 E1 BA A5 42
1787904344.142452,34680,052e,12,CD CC C4 42 33 33 A7 41 77 BE 24 42
1787904344.152723,34680,052f,12,33 33 F3 42 0A D7 88 42 50 8D 4B 42
1787904344.162989,34680,0530,12,33 33 5F 42 48 E1 9F 42 FA FE 5A 42
1787904344.173265,34680,0531,12,66 66 98 42 0A D7 51 42 EE FC 9F 42
1787904344.183649,34680,0532,12,00 00 99 42 1F 85 0B 42 B0 72 1A 42
1787904344.194084,34680,0533,12,66 E6 01 43 AE 47 23 42 A6 9B C5 42
1787904344.204453,34680,0534,12,CC CC BF 42 00 00 72 42 3A B4 F8 41
1787904344.214811,34680,0535,12,00 00 6E 42 90 C2 71 42 EB 11 E7 42
1787904344.225135,34680,0536,12,33 33 63 42 90 C2 35 42 DF 4F 00 42
1787904344.235600,34680,0537,12,00 00 8E 42 52 B8 24 42 83 40 06 42
1787904344.245973,34680,0538,12,00 00 0F 43 14 AE 3D 42 90 42 19 42
1787904344.256557,34680,0539,12,CD CC AF 42 48 E1 7A 42 EB 51 CE 42
1787904344.267599,34680,053a,12,00 00 89 42 70 3D 2A 42 44 0B 6A 42
1787904344.278036,34680,053b,12,CC CC 13 43 1F 85 1D 42 23 DB D5 41
1787904344.288493,34680,053c,12,00 00 F3 42 00 00 C4 41 3F 35 ED 42
1787904344.299113,34680,053d,12,9A 99 4F 42 0A D7 03 42 F2 D2 1C 42
1787904344.311535,34680,053e,12,9A 99 57 42 B8 1E 51 42 98 6E AF 42
1787904344.322115,34680,053f,12,9A 99 14 43 33 33 07 42 70 3D EB 41
1787904344.332639,34680,0540,12,00 80 0A 43 90 C2 ED 41 3F B5 63 42
1787904344.343393,34680,0541,12,CD CC B5 42 D7 A3 74 42 6F 92 49 42
1787904344.353782,34680,0542,12,66 66 5A 42 52 B8 18 42 C0 CA 8B 42
1787904344.364130,34680,0543,12,9A 99 FB 42 B8 1E 21 42 48 E1 96 42
1787904344.374536,34680,0544,12,66 66 C2 42 B8 1E 6F 42 94 98 1F 42
1787904344.384836,34680,0545,12,9A 99 8D 42 B8 1E 69 42 06 01 C6 42
1787904344.395357,34680,0546,12,33 33 99 42 7B 14 DA 41 3B DF E6 42
1787904344.405867,34680,0547,12,00 00 F3 42 D7 A3 68 42 B7 F3 DE 42
1787904344.416240,34680,0548,12,00 00 8A 42 AE 47 BD 41 8B EC CD 42
1787904344.427009,34680,0549,12,00 00 EA 42 52 B8 5A 42 96 83 93 42
1787904344.437511,34680,054a,12,66 66 0B 43 48 E1 14 42 B2 9D ED 41
1787904344.448836,34680,054b,12,66 E6 0E 43 48 E1 D2 41 5E BA 61 42
1787904344.459270,34680,054c,12,66 66 54 42 7B 14 52 42 4E E2 79 42
1787904344.469654,34680,054d,12,CD CC 62 42 29 5C 97 42 C9 76 40 42
1787904344.480009,34680,054e,12,66 66 C2 42 AE 47 96 42 C6 4B 3D 42
1787904344.491650,34680,054f,12,CD CC C9 42 EB 51 70 42 60 65 33 42
1787904344.501996,34680,0550,12,9A 99 57 42 0A D7 1B 42 F0 A7 E9 41
1787904344.512889,34680,0551,12,33 33 8D 42 D7 A3 CC 41 BC 74 2D 42
1787904344.523437,34680,0552,12,33 33 D8 42 D7 A3 32 42 11 D8 D5 42
1787904344.534026,34680,0553,12,9A 99 C0 42 66 66 8A 42 CF F7 49 42
1787904344.544564,34680,0554,12,34 33 E5 42 AE 47 35 42 2E 5D 4A 42
1787904344.555543,34680,0555,12,67 66 FE 42 71 3D 24 42 E4 65 DA 42
1787904344.566240,34680,0556,12,33 33 8F 42 B8 1E 9A 42 C5 60 DC 42
1787904344.577024,34680,0557,12,33 33 9F 42 A4 70 07 42 E1 BA A5 42
1787904344.587458,34680,0558,12,00 00 90 42 00 00 82 42 16 D9 C2 41
1787904344.598399,34680,0559,12,00 00 CF 42 3E 0A 93 42 27 B1 95 42
1787904344.608850,34680,055a,12,CD CC 89 42 9A 99 33 42 98 2E C8 42
1787904344.619187,34680,055b,12,00 00 A2 42 8F C2 7D 42 1B 2F C9 41
1787904344.629683,34680,055c,12,00 00 0D 43 52 B8 42 42 D3 4D BD 41
1787904344.640361,34680,055d,12,33 33 CA 42 9A 99 21 42 79 E9 F7 41
1787904344.650677,34680,055e,12,9A 99 8F 42 33 33 92 42 1C DA E8 42
1787904344.660995,34680,055f,12,66 66 D9 42 33 33 E3 41 62 D0 D8 42
1787904344.672289,34680,0560,12,66 66 CE 42 E1 7A 18 42 1B 2F B4 42
1787904344.683877,34680,0561,12,33 B3 0F 43 00 00 66 42 7F 6A 31 42
1787904344.694450,34680,0562,12,33 33 FB 42 00 00 AC 41 64 3B D8 41
1787904344.704893,34680,0563,12,34 33 A3 42 1E 85 8A 42 06 81 94 42
1787904344.715496,34680,0564,12,00 00 E6 42 66 66 2C 42 7D 3F E9 42
1787904344.725949,34680,0565,12,9A 99 A8 42 9A 99 27 42 68 11 40 42
1787904344.736362,34680,0566,12,66 E6 0E 43 0A D7 27 42 66 66 DB 41
1787904344.746744,34680,0567,12,9A 99 FB 42 9A 99 9D 42 8B AC E6 42
1787904344.757281,34680,0568,12,CD CC AB 42 D7 A3 6E 42 76 7E 95 42
1787904344.767992,34680,0569,12,33 B3 07 43 7B 14 04 42 E8 FB 0C 42
1787904344.778719,34680,056a,12,00 00 7E 42 1F 85 05 42 1A 6F 9B 42
1787904344.789207,34680,056b,12,00 00 C8 42 CC CC 8C 42 7F 6A 89 42
1787904344.799635,34680,056c,12,66 66 C2 42 00 00 18 42 04 D6 07 42
1787904344.813823,34680,056d,12,66 66 06 43 9A 99 9A 42 8B AC E6 42
1787904344.829451,34680,056e,12,00 80 09 43 E1 7A 36 42 CD CC B3 41
1787904344.839865,34680,056f,12,9A 99 14 43 D7 A3 68 42 1A AF 82 42
1787904344.850256,34680,0570,12,33 33 8A 42 52 B8 4E 42 4E 62 48 42
1787904344.860540,34680,0571,12,CD CC 9A 42 9A 99 03 42 C2 F5 36 42
1787904344.871015,34680,0572,12,66 66 A9 42 48 E1 87 42 AC 9C 9D 42
1787904344.881298,34680,0573,12,9A 99 83 42 0B D7 7B 42 6E D2 88 42
1787904344.891695,34680,0574,12,9A 99 97 42 F6 28 9C 42 98 6E AF 42
1787904344.902191,34680,0575,12,33 33 C0 42 A4 70 13 42 83 40 06 42
1787904344.912840,34680,0576,12,67 66 E5 42 33 33 07 42 89 81 80 42
1787904344.923413,34680,0577,12,33 33 69 42 CD CC A4 41 C0 4A 02 42
1787904344.933926,34680,0578,12,66 66 01 43 29 5C AF 41 40 35 32 42
1787904344.946738,34680,0579,12,00 00 C1 42 52 B8 82 42 2D F2 B7 42
1787904344.957740,34680,057a,12,67 66 E6 42 D7 A3 A8 41 F0 A7 19 42
1787904344.968293,34680,057b,12,00 00 C7 42 E2 7A 12 42 36 5E 22 42
1787904344.979018,34680,057c,12,33 33 84 42 0A D7 AF 41 EE 7C 16 42
1787904344.989974,34680,057d,12,33 B3 12 43 52 B8 9D 42 95 43 54 42
1787904345.000518,34680,057e,12,67 66 E6 42 E2 7A 12 42 91 2D 8D 42
1787904345.011032,34680,057f,12,00 00 AD 42 90 C2 84 42 BA C9 B3 42
1787904345.022444,34680,0580,12,9A 99 B2 42 A4 70 89 42 00 80 BC 42
1787904345.032896,34680,0581,12,00 00 72 42 52 B8 3C 42 CD 4C D0 42
1787904345.043215,34680,0582,12,CD CC AB 42 AE 47 81 42 AC DC 84 42
1787904345.053489,34680,0583,12,33 33 BA 42 85 EB 7F 42 F4 FD EF 41
1787904345.063888,34680,0584,12,33 33 AC 42 CC CC 3A 42 6B FC B3 42
1787904345.074769,34680,0585,12,9A 99 B1 42 66 66 4A 42 D1 A2 1B 42
1787904345.085442,34680,0586,12,9A 19 07 43 14 AE A7 41 1D DA 85 42
1787904345.099600,34680,0587,12,34 33 BD 42 9A 99 94 42 48 21 E1 42
1787904345.110244,34680,0588,12,9A 99 AA 42 8F C2 B1 41 79 69 59 42
1787904345.120713,34680,0589,12,00 00 EE 42 F6 28 56 42 87 16 96 42
1787904345.131409,34680,058a,12,00 00 F9 42 99 99 69 42 0C 42 85 42
1787904345.142209,34680,058b,12,66 66 03 43 A4 70 1F 42 8A 81 E3 42
1787904345.152794,34680,058c,12,66 66 D9 42 AE 47 BD 41 E5 10 AC 42
1787904345.180450,34680,058d,12,00 00 80 42 29 5C 8B 42 A4 F0 38 42
1787904345.209754,34680,058e,12,66 66 EB 42 29 5C 39 42 B8 DE 97 42
1787904345.248232,34680,058f,12,66 66 B8 42 90 C2 8A 42 95 03 C5 42
1787904345.258534,34680,0590,12,33 33 98 42 F6 28 5C 42 87 D6 AE 42
1787904345.270287,34680,0591,12,66 66 52 42 52 B8 CA 41 74 53 92 42
1787904345.280849,34680,0592,12,9A 99 94 42 1F 85 B7 41 16 59 24 42
1787904345.291288,34680,0593,12,9A 99 C9 42 00 00 DC 41 EC 11 84 42
1787904345.301812,34680,0594,12,CC 4C 07 43 AE 47 23 42 11 18 BD 42
1787904345.312223,34680,0595,12,66 66 05 43 C3 F5 30 42 FE D4 EA 42
1787904345.323023,34680,0596,12,9A 99 0D 43 AE 47 B1 41 D9 CE C6 41
1787904345.333787,34680,0597,12,CD CC BE 42 AE 47 F9 41 EF A7 7C 42
1787904345.344393,34680,0598,12,99 99 D2 42 00 00 A0 41 DC 79 2B 42
1787904345.354841,34680,0599,12,CC CC F5 42 0A D7 75 42 3E 4A D1 42
1787904345.365227,34680,059a,12,00 00 93 42 67 66 62 42 C0 CA 33 42
1787904345.375695,34680,059b,12,9A 99 C4 42 F6 28 62 42 15 AE 52 42
1787904345.386089,34680,059c,12,CD CC 9E 42 85 EB 01 42 1A AF 2A 42
1787904345.396567,34680,059d,12,33 B3 07 43 AE 47 A5 41 C1 4A BD 42
1787904345.406900,34680,059e,12,33 33 EA 42 34 33 3D 42 C9 76 98 42
1787904345.417366,34680,059f,12,66 66 01 43 9A 99 45 42 08 2C C9 42
1787904345.427889,34680,05a0,12,66 66 CE 42 3E 0A 05 42 4A 0C AF 41
1787904345.438372,34680,05a1,12,33 33 82 42 1F 85 FF 41 B0 72 D5 42
1787904345.448688,34680,05a2,12,33 33 D5 42 AE 47 41 42 31 88 4D 42
1787904345.459429,34680,05a3,12,34 33 BC 42 29 5C 15 42 BA C9 B3 42
1787904345.470000,34680,05a4,12,9A 99 73 42 90 C2 23 42 56 0E C2 41
1787904345.480608,34680,05a5,12,00 00 A6 42 15 AE 79 42 6C 67 46 42
1787904345.491174,34680,05a6,12,CD CC 89 42 B8 1E E5 41 70 BD 4C 42
1787904345.501627,34680,05a7,12,34 33 FF 42 1F 85 3B 42 C5 E0 AA 42
1787904345.512058,34680,05a8,12,00 00 D8 42 F6 28 E4 41 DF 4F 63 42
1787904345.522460,34680,05a9,12,66 66 87 42 29 5C C7 41 94 98 1F 42
1787904345.532982,34680,05aa,12,33 33 0D 43 B8 1E 21 42 2F 1D BB 42
1787904345.543570,34680,05ab,12,66 66 83 42 29 5C 45 42 3E CA 9F 42
1787904345.554143,34680,05ac,12,9A 99 C1 42 66 66 BA 41 2D F2 B7 42
1787904345.564799,34680,05ad,12,67 66 F0 42 9A 99 8B 42 17 59 DF 42
1787904345.575246,34680,05ae,12,66 E6 15 43 D7 A3 74 42 04 16 AA 42
1787904345.585616,34680,05af,12,00 80 02 43 D7 A3 26 42 29 5C CA 42
1787904345.595856,34680,05b0,12,CD CC FA 42 99 99 7B 42 24 86 92 42
1787904345.606282,34680,05b1,12,9A 99 05 43 00 00 9D 42 5E 3A 88 42
1787904345.616593,34680,05b2,12,9A 99 A1 42 CD CC BC 41 87 96 6F 42
1787904345.627202,34680,05b3,12,33 33 9A 42 1F 85 4D 42 69 91 0E 42
1787904345.638747,34680,05b4,12,00 00 8E 42 B8 1E A9 41 B0 F2 4B 42
1787904345.649431,34680,05b5,12,67 66 FB 42 29 5C 82 42 4C B7 76 42
1787904345.660178,34680,05b6,12,CD CC EE 42 34 33 3D 42 5D 8F B6 42
1787904345.671356,34680,05b7,12,33 33 D3 42 0A D7 57 42 A8 C6 70 42
1787904345.681812,34680,05b8,12,00 00 A7 42 5C 8F C2 41 AC 1C 77 42
1787904345.692277,34680,05b9,12,33 33 AC 42 52 B8 FA 41 18 04 B1 42
1787904345.702817,34680,05ba,12,33 33 5B 42 9A 99 63 42 8D 57 B8 42
1787904345.713276,34680,05bb,12,CD 4C 00 43 85 EB 2B 42 08 EC E1 42
1787904345.723866,34680,05bc,12,33 B3 09 43 8F C2 5F 42 40 F5 A2 42
1787904345.734398,34680,05bd,12,66 66 0C 43 0A D7 45 42 56 8E 23 42
1787904345.745088,34680,05be,12,33 B3 06 43 9A 99 63 42 EF A7 7C 42
1787904345.755406,34680,05bf,12,CD CC 76 42 B8 1E 88 42 52 38 1D 42
1787904345.766193,34680,05c0,12,00 80 02 43 66 66 68 42 20 30 34 42
1787904345.778144,34680,05c1,12,00 00 E8 42 66 66 7A 42 35 5E DD 42
1787904345.788978,34680,05c2,12,9A 99 F3 42 3E 0A 35 42 12 83 BC 41
1787904345.799724,34680,05c3,12,9A 99 9C 42 B8 1E 27 42 3F B5 63 42
1787904345.810462,34680,05c4,12,00 00 DC 42 C2 F5 24 42 E5 D0 D9 41
1787904345.823173,34680,05c5,12,66 66 12 43 14 AE 73 42 5A 64 5B 42
1787904345.833775,34680,05c6,12,00 00 7E 42 C3 F5 AC 41 E4 E5 A8 42
1787904345.844366,34680,05c7,12,CD CC 9E 42 F5 28 6E 42 0C 82 CF 42
1787904345.854792,34680,05c8,12,CC CC 08 43 B8 1E 27 42 7B 54 CD 42
1787904345.865322,34680,05c9,12,00 00 58 42 C2 F5 48 42 3E 8A 60 42
1787904345.875728,34680,05ca,12,33 33 81 42 48 E1 20 42 CF F7 A1 42
1787904345.886216,34680,05cb,12,33 B3 0E 43 52 B8 D6 41 F6 28 DE 42
1787904345.897045,34680,05cc,12,CC CC BA 42 8F C2 6B 42 3F 35 ED 42
1787904345.907656,34680,05cd,12,33 33 90 42 CD CC 28 42 5D 8F 5E 42
1787904345.918177,34680,05ce,12,9A 99 B2 42 71 3D 8B 42 D1 22 BA 41
1787904345.928799,34680,05cf,12,66 66 F9 42 00 00 8E 42 3B 9F 9C 42
1787904345.940016,34680,05d0,12,9A 99 0F 43 66 66 2C 42 E4 A5 69 42
1787904345.951953,34680,05d1,12,33 33 E4 42 B8 1E 9A 42 2E 5D A2 42
1787904345.963094,34680,05d2,12,00 00 EF 42 C3 F5 DC 41 46 F6 DD 42
1787904345.974768,34680,05d3,12,66 66 56 42 E1 7A 66 42 5D 8F 5E 42
1787904345.985695,34680,05d4,12,66 66 C8 42 AE 47 5F 42 31 08 7F 42
1787904345.996313,34680,05d5,12,9A 99 71 42 E1 7A 8E 42 95 C3 DD 42
1787904346.006960,34680,05d6,12,66 66 90 42 E2 7A 91 42 1F 05 31 42
1787904346.017791,34680,05d7,12,9A 99 BB 42 F6 28 02 42 7B 94 5C 42
1787904346.028543,34680,05d8,12,9A 99 67 42 1F 85 84 42 FE 54 61 42
1787904346.039095,34680,05d9,12,33 33 79 42 EC 51 3A 42 15 2E DC 42
1787904346.052424,34680,05da,12,CD CC C3 42 E1 7A 94 42 29 9C B1 42
1787904346.063404,34680,05db,12,CD CC 03 43 90 C2 8A 42 85 6B 6C 42
1787904346.074454,34680,05dc,12,9A 99 88 42 34 33 19 42 95 03 C5 42
1787904346.085580,34680,05dd,12,33 33 61 42 AE 47 A5 41 CB 61 B4 42
1787904346.096492,34680,05de,12,66 66 BC 42 F6 28 B4 41 6A BC E1 41
1787904346.107488,34680,05df,12,CC CC BF 42 00 00 3C 42 83 80 A8 42
1787904346.118397,34680,05e0,12,CD CC D1 42 52 B8 2A 42 D9 4E 28 42
1787904346.129270,34680,05e1,12,9A 99 F0 42 34 33 EF 41 C5 20 92 42
1787904346.139964,34680,05e2,12,33 B3 14 43 D7 A3 68 42 27 31 C7 42
1787904346.150633,34680,05e3,12,CD CC 4A 42 15 AE 5B 42 1F 05 31 42
1787904346.161317,34680,05e4,12,CD CC 83 42 3E 0A 9F 42 BA C9 B3 42
1787904346.171881,34680,05e5,12,00 00 C3 42 3E 0A FF 41 27 31 0C 42
1787904346.182498,34680,05e6,12,CD CC 6C 42 29 5C 8E 42 DF CF 89 42
1787904346.193217,34680,05e7,12,00 00 5A 42 3E 0A 6B 42 92 6D 1C 42
1787904346.204124,34680,05e8,12,00 00 0E 43 33 33 E3 41 6C 67 46 42
1787904346.214958,34680,05e9,12,66 66 70 42 90 C2 47 42 9E 6F 87 42
1787904346.225551,34680,05ea,12,9A 19 00 43 52 B8 30 42 79 E9 E2 42
1787904346.236091,34680,05eb,12,9A 99 9C 42 66 66 68 42 4A 4C 81 42
1787904346.246663,34680,05ec,12,CC CC B3 42 0A D7 6F 42 DC 79 2B 42
1787904346.257215,34680,05ed,12,66 66 B2 42 70 3D 88 42 D5 78 AB 42
1787904346.267812,34680,05ee,12,33 33 A7 42 00 00 2A 42 B0 F2 4B 42
1787904346.278390,34680,05ef,12,CC CC AD 42 70 3D 0C 42 1C DA E8 42
1787904346.289346,34680,05f0,12,66 66 D8 42 1F 85 05 42 54 A3 C2 42
1787904346.299868,34680,05f1,12,CC 4C 0D 43 5C 8F 92 42 4C B7 CE 42
1787904346.312352,34680,05f2,12,9A 99 82 42 52 B8 4E 42 0C 42 85 42
1787904346.324183,34680,05f3,12,66 E6 0B 43 5C 8F 28 42 76 FE C6 42
1787904346.335473,34680,05f4,12,66 66 87 42 A4 70 A1 41 0C 02 9E 42
1787904346.346675,34680,05f5,12,CC CC A7 42 66 66 DE 41 64 3B C3 42
1787904346.364675,34680,05f6,12,00 00 10 43 F6 28 96 42 3A F4 CA 42
1787904346.398623,34680,05f7,12,00 00 A2 42 9A 99 57 42 3F B5 63 42
1787904346.409429,34680,05f8,12,00 00 B9 42 D7 A3 14 42 6C 67 9E 42
1787904346.419896,34680,05f9,12,9A 99 11 43 5C 8F 58 42 3A B4 28 42
1787904346.430698,34680,05fa,12,00 00 E6 42 33 33 8C 42 6C 67 9E 42
1787904346.441777,34680,05fb,12,67 66 FD 42 C3 F5 12 42 8B 2C B5 42
1787904346.452794,34680,05fc,12,33 33 96 42 B8 1E 6F 42 81 15 BE 42
1787904346.463399,34680,05fd,12,66 66 4E 42 48 E1 6E 42 F0 A7 E9 41
1787904346.473824,34680,05fe,12,66 66 E9 42 AE 47 93 42 FA 7E 81 42
1787904346.484285,34680,05ff,12,66 66 A0 42 48 E1 38 42 60 A5 D5 42
1787904346.494863,34680,0600,12,00 00 94 42 48 E1 08 42 34 33 EF 41
1787904346.505461,34680,0601,12,00 00 85 42 29 5C 88 42 04 16 AA 42
1787904346.516024,34680,0602,12,CD CC 91 42 7A 14 FE 41 4E E2 D1 42
1787904346.526823,34680,0603,12,CD CC 70 42 0A D7 3F 42 AE 07 88 42
1787904346.537483,34680,0604,12,00 00 8A 42 5C 8F 10 42 0A 17 82 42
1787904346.548274,34680,0605,12,9A 99 C1 42 66 66 7A 42 8A 41 99 42
1787904346.559551,34680,0606,12,00 00 BB 42 D7 A3 8A 42 0E 2D A1 42
1787904346.570337,34680,0607,12,33 B3 03 43 29 5C 2D 42 F4 7D A9 42
1787904346.583898,34680,0608,12,00 00 F6 42 7B 14 AA 41 58 39 B0 42
1787904346.594475,34680,0609,12,00 00 4C 42 AE 47 23 42 DD 24 B8 42
1787904346.605246,34680,060a,12,33 33 F5 42 33 33 98 42 D7 A3 C3 41
1787904346.615850,34680,060b,12,66 66 DC 42 33 33 25 42 06 81 94 42
1787904346.626497,34680,060c,12,9A 99 8E 42 1E 85 47 42 8D 97 9F 42
1787904346.637295,34680,060d,12,00 00 CF 42 7A 14 95 42 25 C6 DC 42
1787904346.647883,34680,060e,12,66 E6 03 43 70 3D 2A 42 3E 8A 60 42
1787904346.658871,34680,060f,12,00 00 03 43 B8 1E 45 42 AA F1 CB 42
1787904346.673061,34680,0610,12,34 33 BE 42 1E 85 99 42 6F 92 A1 42
1787904346.683811,34680,0611,12,CD CC B0 42 CD CC 22 42 B4 08 C3 42
1787904346.694890,34680,0612,12,34 B3 0A 43 90 C2 47 42 74 93 F1 41
1787904346.705542,34680,0613,12,9A 99 6B 42 0A D7 69 42 A3 30 DB 42
1787904346.716967,34680,0614,12,66 66 85 42 1F 85 8D 42 8E D7 86 42
1787904346.727719,34680,0615,12,00 00 EF 42 8F C2 87 42 CD CC B3 41
1787904346.738460,34680,0616,12,33 33 9A 42 3E 0A B7 41 96 83 93 42
1787904346.750356,34680,0617,12,9A 99 59 42 33 33 92 42 38 89 25 42
1787904346.760963,34680,0618,12,00 00 81 42 29 5C 39 42 E1 FA 8C 42
1787904346.771676,34680,0619,12,CD CC E1 42 0A D7 97 42 12 83 A7 42
1787904346.782330,34680,061a,12,9A 99 8C 42 F6 28 99 42 B4 08 C3 42
1787904346.795416,34680,061b,12,33 33 73 42 0A D7 75 42 E8 FB 6F 42
1787904346.806219,34680,061c,12,66 E6 11 43 E1 7A 3C 42 04 56 91 42
1787904346.816866,34680,061d,12,CD CC B4 42 EC 51 10 42 1C DA E8 42
1787904346.830854,34680,061e,12,9A 99 9E 42 E1 7A 85 42 5C CF 9D 42
1787904346.841639,34680,061f,12,9A 99 53 42 8F C2 0B 42 33 B3 A8 42
1787904346.852343,34680,0620,12,CD CC C8 42 85 EB 6D 42 FC 29 5E 42
1787904346.863027,34680,0621,12,33 33 88 42 33 33 4F 42 20 F0 A4 42
1787904346.876045,34680,0622,12,34 33 0B 43 8F C2 87 42 95 C3 DD 42
1787904346.887145,34680,0623,12,CD CC 8D 42 EC 51 58 42 12 03 D9 42
1787904346.897849,34680,0624,12,34 33 DA 42 B8 1E 94 42 B8 1E E2 42
1787904346.908413,34680,0625,12,34 33 CF 42 90 C2 90 42 FE 54 B9 42
1787904346.919375,34680,0626,12,33 33 08 43 F6 28 C0 41 60 A5 D5 42
1787904346.930323,34680,0627,12,9A 99 C2 42 70 3D FA 41 9A 19 29 42
1787904346.941127,34680,0628,12,33 33 FA 42 29 5C 97 42 9C 84 CE 42
1787904346.955466,34680,0629,12,66 66 D1 42 7B 14 70 42 D7 E3 95 42
1787904346.966563,34680,062a,12,00 00 C4 42 85 EB 67 42 C3 F5 A3 41
1787904346.977510,34680,062b,12,00 00 DE 42 A4 70 31 42 31 08 EC 41
1787904346.988195,34680,062c,12,66 66 62 42 CD CC 76 42 73 68 D9 42
1787904346.999038,34680,062d,12,CD CC BC 42 8F C2 A5 41 B2 9D D8 42
1787904347.009528,34680,062e,12,00 00 8B 42 52 B8 48 42 D7 A3 56 42
1787904347.020028,34680,062f,12,33 33 B8 42 E1 7A 8B 42 06 81 94 42
1787904347.031091,34680,0630,12,66 66 E7 42 70 3D 5A 42 B0 72 EA 41
1787904347.041642,34680,0631,12,66 66 15 43 C2 F5 F4 41 15 6E C3 42
1787904347.052123,34680,0632,12,CD CC C9 42 EC 51 0A 42 DD A4 86 42
1787904347.066338,34680,0633,12,00 00 FE 42 14 AE 07 42 85 AB AB 42
1787904347.077151,34680,0634,12,66 66 03 43 F6 28 62 42 F4 FD 1F 42
1787904347.087867,34680,0635,12,00 00 81 42 A4 70 13 42 1D DA 2D 42
1787904347.102229,34680,0636,12,CD CC DE 42 D7 A3 93 42 D9 CE C6 41
1787904347.113445,34680,0637,12,33 33 85 42 0A D7 15 42 8F 42 7C 42
1787904347.124125,34680,0638,12,9A 99 57 42 D7 A3 08 42 74 93 21 42
1787904347.135062,34680,0639,12,34 33 A5 42 52 B8 48 42 4C B7 76 42
1787904347.145757,34680,063a,12,9A 99 9E 42 90 C2 41 42 E8 3B AF 42
1787904347.156484,34680,063b,12,9A 99 01 43 9A 99 1B 42 56 0E AD 42
1787904347.167044,34680,063c,12,66 66 AC 42 EC 51 22 42 6B BC CC 42
1787904347.177554,34680,063d,12,66 66 F5 42 D7 A3 20 42 94 18 51 42
1787904347.188097,34680,063e,12,CD 4C 03 43 00 00 97 42 91 ED A5 42
1787904347.198754,34680,063f,12,67 66 FF 42 52 B8 D6 41 8D 17 D1 42
1787904347.209437,34680,0640,12,CD CC 9D 42 70 3D 97 42 F2 D2 1C 42
1787904347.220063,34680,0641,12,9A 99 06 43 EC 51 8C 42 C6 8B DF 42
1787904347.230857,34680,0642,12,33 33 C7 42 00 00 36 42 3B DF FB 41
1787904347.241593,34680,0643,12,66 66 D8 42 1F 85 3B 42 89 41 AE 41
1787904347.252452,34680,0644,12,34 B3 11 43 52 B8 A6 41 3A 34 B2 42
1787904347.263276,34680,0645,12,00 00 AF 42 7A 14 2E 42 6B BC 74 42
1787904347.274036,34680,0646,12,CC CC F5 42 7B 14 98 42 0C 02 B3 41
1787904347.284812,34680,0647,12,66 66 0E 43 90 C2 F9 41 D1 A2 7E 42
1787904347.295709,34680,0648,12,CD CC 9A 42 EB 51 52 42 10 D8 1A 42
1787904347.307020,34680,0649,12,00 00 CA 42 CC CC 1C 42 0E 2D A1 42
1787904347.318193,34680,064a,12,66 66 B4 42 E1 7A 60 42 76 FE C6 42
1787904347.330190,34680,064b,12,33 33 5F 42 AE 47 D5 41 8B AC E6 42
1787904347.341838,34680,064c,12,33 33 D3 42 3E 0A 2F 42 CD CC 9E 42
1787904347.352390,34680,064d,12,34 33 9D 42 14 AE 83 42 1D DA 2D 42
1787904347.362810,34680,064e,12,9A 99 C9 42 90 C2 71 42 3B 9F 9C 42
1787904347.373443,34680,064f,12,33 33 D5 42 9A 99 94 42 5A E4 E4 42
1787904347.384332,34680,0650,12,66 E6 11 43 F5 28 6E 42 A0 1A 01 42
1787904347.394903,34680,0651,12,00 80 02 43 5C 8F 10 42 C3 F5 A3 41
1787904347.405353,34680,0652,12,CD CC 62 42 9A 99 A9 41 BE 9F 30 42
1787904347.415884,34680,0653,12,00 00 68 42 E1 7A 3C 42 CB E1 E5 42
1787904347.426311,34680,0654,12,33 33 67 42 D7 A3 D8 41 20 F0 A4 42
1787904347.436769,34680,0655,12,9A 99 9B 42 1F 85 E7 41 8E D7 86 42
1787904347.457085,34680,0656,12,CD CC 03 43 33 33 31 42 1C DA E8 42
1787904347.468821,34680,0657,12,00 00 BA 42 AE 47 3B 42 C6 CB 0B 42
1787904347.491745,34680,0658,12,9A 99 C4 42 7A 14 2E 42 04 D6 6A 42
1787904347.503223,34680,0659,12,00 80 02 43 D6 A3 4A 42 73 A8 C0 42
1787904347.516361,34680,065a,12,00 80 08 43 7B 14 F2 41 D5 F8 21 42
1787904347.527921,34680,065b,12,CD CC EF 42 9A 99 4B 42 73 E8 4F 42
1787904347.538857,34680,065c,12,CD 4C 11 43 9A 99 63 42 9A D9 99 42
1787904347.550324,34680,065d,12,66 66 7A 42 14 AE 0D 42 1F 05 31 42
1787904347.561195,34680,065e,12,66 66 CA 42 9A 99 3F 42 06 81 3C 42
1787904347.573002,34680,065f,12,66 66 5E 42 F6 28 08 42 CA A1 43 42
1787904347.585502,34680,0660,12,00 00 96 42 34 33 19 42 95 43 54 42
1787904347.596107,34680,0661,12,66 66 02 43 1F 85 5F 42 12 03 D9 42
1787904347.607046,34680,0662,12,66 66 02 43 E1 7A 0C 42 AE 47 D2 42
1787904347.617498,34680,0663,12,CD CC 60 42 7B 14 C2 41 0A D7 42 42
1787904347.627924,34680,0664,12,CC CC CE 42 29 5C 51 42 F8 13 97 42
1787904347.638608,34680,0665,12,CD CC 6C 42 A4 70 83 42 B2 1D 4F 42
1787904347.649322,34680,0666,12,00 00 E8 42 E1 7A 42 42 5E BA CE 41
1787904347.659939,34680,0667,12,9A 99 92 42 90 C2 29 42 67 66 C6 42
1787904347.670676,34680,0668,12,9A 19 0E 43 29 5C 1B 42 49 4C E4 42
1787904347.681310,34680,0669,12,66 66 8B 42 9A 99 21 42 86 EB 3A 42
1787904347.691801,34680,066a,12,9A 19 03 43 8F C2 E1 41 7D 3F E9 42
1787904347.702327,34680,066b,12,66 66 DD 42 EC 51 76 42 C8 F6 0E 42
1787904347.713025,34680,066c,12,66 66 14 43 33 33 55 42 29 1C 80 42
1787904347.723509,34680,066d,12,33 33 5F 42 8F C2 B1 41 20 F0 A4 42
1787904347.734042,34680,066e,12,CD CC D6 42 7B 14 80 42 58 B9 E1 42
1787904347.744430,34680,066f,12,9A 99 83 42 8F C2 87 42 1D DA 2D 42
1787904347.755066,34680,0670,12,33 33 91 42 5C 8F 04 42 48 61 C8 42
1787904347.765970,34680,0671,12,66 E6 0B 43 CC CC EC 41 58 39 B0 42
1787904347.776745,34680,0672,12,00 00 0E 43 EC 51 92 42 E5 10 AC 42
1787904347.787879,34680,0673,12,CD CC 9E 42 5C 8F 80 42 0E 6D EB 42
1787904347.798439,34680,0674,12,CC CC 00 43 66 66 0E 42 1D 5A CC 41
1787904347.808775,34680,0675,12,33 33 9A 42 3E 0A 05 42 D2 22 A5 42
1787904347.819118,34680,0676,12,00 00 AB 42 85 EB 07 42 A2 C5 35 42
1787904347.829739,34680,0677,12,33 33 DE 42 52 B8 CA 41 0A D7 9A 42
1787904347.840335,34680,0678,12,9A 99 B1 42 66 66 3E 42 BC 34 9E 42
1787904347.851029,34680,0679,12,33 B3 00 43 F6 28 87 42 64 3B C3 42
1787904347.861975,34680,067a,12,00 00 ED 42 EC 51 F8 41 AE C7 48 42
1787904347.872519,34680,067b,12,66 66 9B 42 85 EB 37 42 EB D1 44 42
1787904347.883516,34680,067c,12,34 33 E6 42 48 E1 14 42 4C 37 9D 42
1787904347.894572,34680,067d,12,33 33 89 42 5C 8F 7C 42 50 0D D5 42
1787904347.905324,34680,067e,12,00 00 6E 42 00 00 82 42 81 15 03 42
1787904347.916098,34680,067f,12,00 00 6A 42 85 EB E9 41 83 C0 A4 41
1787904347.927176,34680,0680,12,9A 99 D3 42 14 AE 07 42 18 04 B1 42
1787904347.938051,34680,0681,12,00 00 D9 42 0A D7 27 42 AC 1C 14 42
1787904347.948607,34680,0682,12,9A 19 11 43 29 5C 2D 42 9C 04 9D 42
1787904347.959226,34680,0683,12,CD CC EA 42 0A D7 EB 41 06 81 3C 42
1787904347.969884,34680,0684,12,CD CC C3 42 33 33 B3 41 5E BA CE 41
1787904347.980442,34680,0685,12,66 66 9F 42 52 B8 BE 41 76 3E 56 42
1787904347.991165,34680,0686,12,9A 99 A8 42 EC 51 6A 42 7B 94 5C 42
1787904348.001974,34680,0687,12,66 66 7C 42 D7 A3 D8 41 00 00 A0 41
1787904348.012643,34680,0688,12,33 33 90 42 33 33 6D 42 FA FE 5A 42
1787904348.023333,34680,0689,12,CD CC 9F 42 99 99 69 42 6E 12 18 42
1787904348.033926,34680,068a,12,66 66 A5 42 3D 0A F3 41 F4 FD EF 41
1787904348.044996,34680,068b,12,9A 19 00 43 AE 47 29 42 5D 4F CF 42
1787904348.055550,34680,068c,12,CD CC 5A 42 70 3D EE 41 48 E1 AB 41
1787904348.066398,34680,068d,12,00 00 6C 42 CD CC B0 41 AC 1C E4 41
1787904348.077359,34680,068e,12,00 00 03 43 3E 0A 87 42 16 19 95 42
1787904348.088046,34680,068f,12,33 33 09 43 C2 F5 9A 42 10 58 4C 42
1787904348.098794,34680,0690,12,CD CC 85 42 52 B8 66 42 83 C0 37 42
1787904348.109177,34680,0691,12,CD CC A4 42 29 5C 27 42 E5 10 AC 42
1787904348.119790,34680,0692,12,66 66 AD 42 E1 7A 24 42 04 56 39 42
1787904348.130412,34680,0693,12,9A 99 97 42 5C 8F 76 42 20 30 34 42
1787904348.141097,34680,0694,12,9A 99 FE 42 D7 A3 8A 42 B8 9E B0 42
1787904348.152289,34680,0695,12,CD CC 84 42 00 00 3C 42 48 61 70 42
1787904348.163005,34680,0696,12,33 B3 01 43 1E 85 23 42 4E 22 B9 42
1787904348.173826,34680,0697,12,9A 99 92 42 1F 85 AB 41 14 2E 21 42
1787904348.184441,34680,0698,12,9A 99 C3 42 C2 F5 00 42 21 B0 BD 42
1787904348.194858,34680,0699,12,00 00 F4 42 90 C2 23 42 C6 0B AE 42
1787904348.205408,34680,069a,12,33 33 95 42 5C 8F 34 42 3E 4A D1 42
1787904348.215881,34680,069b,12,66 66 56 42 E1 7A 1E 42 17 D9 AD 42
1787904348.226545,34680,069c,12,CD CC E5 42 66 66 1A 42 31 C8 8C 42
1787904348.237080,34680,069d,12,CD CC FD 42 9A 99 45 42 C9 F6 C9 42
1787904348.247924,34680,069e,12,00 00 D7 42 AE 47 3B 42 3F 75 D4 42
1787904348.258923,34680,069f,12,00 00 85 42 29 5C A3 41 27 F1 DF 42
1787904348.269614,34680,06a0,12,66 66 58 42 3E 0A 5F 42 1B 2F B4 42
1787904348.280163,34680,06a1,12,33 33 EB 42 C2 F5 F4 41 1C 5A B7 42
1787904348.290781,34680,06a2,12,33 33 08 43 66 66 26 42 CF F7 B6 41
1787904348.301557,34680,06a3,12,33 33 4B 42 CD CC 5E 42 AA F1 E0 41
1787904348.312587,34680,06a4,12,00 00 DD 42 E2 7A 82 42 D9 CE C6 41
1787904348.324290,34680,06a5,12,66 66 F4 42 A4 70 01 42 A8 C6 0D 42
1787904348.337021,34680,06a6,12,CD 4C 0F 43 33 33 89 42 20 F0 A4 42
1787904348.348819,34680,06a7,12,00 00 F9 42 99 99 69 42 27 F1 DF 42
1787904348.359490,34680,06a8,12,00 00 D4 42 29 5C 9A 42 40 F5 A2 42
1787904348.370023,34680,06a9,12,00 00 00 43 CD CC C8 41 08 AC AC 41
1787904348.380484,34680,06aa,12,00 80 00 43 29 5C 39 42 C6 CB 6E 42
1787904348.391017,34680,06ab,12,CC CC AD 42 85 EB B9 41 5D 0F E8 42
1787904348.401443,34680,06ac,12,CD CC EB 42 B8 1E A9 41 50 8D B8 41
1787904348.412006,34680,06ad,12,CC CC CF 42 9A 99 57 42 1C 1A D0 42
1787904348.423085,34680,06ae,12,99 99 EA 42 7B 14 22 42 52 38 D8 42
1787904348.434032,34680,06af,12,9A 99 0B 43 1F 85 2F 42 25 06 C4 42
1787904348.444703,34680,06b0,12,9A 99 05 43 C2 F5 91 42 70 3D EB 41
1787904348.455144,34680,06b1,12,CD CC 87 42 EC 51 F8 41 92 6D 1C 42
1787904348.473839,34680,06b2,12,99 99 EA 42 14 AE 8F 42 31 08 EC 41
1787904348.484875,34680,06b3,12,00 00 B2 42 AE 47 81 42 50 8D A3 42
1787904348.496158,34680,06b4,12,00 80 0C 43 3D 0A 8A 42 4E E2 79 42
1787904348.507135,34680,06b5,12,00 00 DB 42 33 33 D7 41 BE 1F BA 42
1787904348.517654,34680,06b6,12,33 33 9F 42 9A 99 8B 42 10 58 B9 41
1787904348.528277,34680,06b7,12,CD CC 0F 43 1F 85 84 42 9E EF B8 42
1787904348.538794,34680,06b8,12,33 B3 07 43 F6 28 74 42 5D 0F E8 42
1787904348.551219,34680,06b9,12,CD CC 56 42 14 AE 01 42 2D 32 47 42
1787904348.561902,34680,06ba,12,9A 19 0A 43 70 3D 0C 42 85 6B 6C 42
1787904348.573337,34680,06bb,12,00 00 9D 42 29 5C DF 41 8B 2C B5 42
1787904348.583922,34680,06bc,12,CD CC 85 42 5C 8F 5E 42 0A 57 11 42
1787904348.594729,34680,06bd,12,CD CC F9 42 0A D7 39 42 E8 FB 0C 42
1787904348.611973,34680,06be,12,33 33 C5 42 C2 F5 48 42 A6 5B DE 42
1787904348.641227,34680,06bf,12,66 66 78 42 0A D7 21 42 F6 68 C5 42
1787904348.654429,34680,06c0,12,00 00 D7 42 7B 14 22 42 D7 A3 56 42
1787904348.664793,34680,06c1,12,9A 99 FE 42 A4 70 25 42 40 35 8A 42
1787904348.676052,34680,06c2,12,00 80 07 43 B8 1E 8E 42 EE 7C 16 42
1787904348.687122,34680,06c3,12,9A 99 ED 42 1F 85 7D 42 54 63 DB 42
1787904348.704239,34680,06c4,12,33 B3 00 43 86 EB 8C 42 91 AD BE 42
1787904348.714888,34680,06c5,12,67 66 EF 42 14 AE B3 41 72 68 EE 41
1787904348.726339,34680,06c6,12,66 E6 15 43 85 EB 07 42 62 90 8E 42
1787904348.737164,34680,06c7,12,66 66 E7 42 B8 1E 9A 42 5C 8F CB 41
1787904348.747825,34680,06c8,12,66 66 D0 42 33 33 31 42 6E 12 18 42
1787904348.758491,34680,06c9,12,9A 99 C6 42 7A 14 95 42 C5 20 92 42
1787904348.769027,34680,06ca,12,66 66 DC 42 85 EB 89 42 8A 41 41 42
1787904348.779638,34680,06cb,12,00 00 A0 42 B8 1E 8B 42 1F C5 A1 42
1787904348.790077,34680,06cc,12,00 80 07 43 EC 51 89 42 BA 49 82 42
1787904348.800588,34680,06cd,12,CD CC C8 42 5C 8F 76 42 A2 45 67 42
1787904348.811377,34680,06ce,12,CD CC CA 42 1F 85 17 42 8F 42 7C 42
1787904348.822210,34680,06cf,12,9A 99 D9 42 90 C2 41 42 0A 17 E5 42
1787904348.832698,34680,06d0,12,33 B3 06 43 33 33 98 42 50 0D 7D 42
1787904348.843348,34680,06d1,12,66 66 88 42 E2 7A 91 42 46 B6 A8 41
1787904348.853953,34680,06d2,12,66 66 0D 43 5C 8F 58 42 F6 E8 93 42
1787904348.864923,34680,06d3,12,66 66 83 42 7B 14 C2 41 DF CF 31 42
1787904348.875898,34680,06d4,12,66 E6 10 43 0A D7 DF 41 B0 F2 4B 42
1787904348.886246,34680,06d5,12,CD CC 7C 42 00 00 AC 41 1C 5A 5F 42
1787904348.900362,34680,06d6,12,9A 99 C4 42 85 EB 61 42 C9 76 AD 41
1787904348.910972,34680,06d7,12,CC CC DB 42 B8 1E 82 42 5A E4 E4 42
1787904348.921587,34680,06d8,12,CD CC 54 42 A4 70 7F 42 9C 44 E7 42
1787904348.932186,34680,06d9,12,00 00 E1 42 29 5C 88 42 18 C4 C9 42
1787904348.943120,34680,06da,12,CC CC D9 42 E1 7A 7E 42 7D 3F E9 42
1787904348.953866,34680,06db,12,CC CC CD 42 B8 1E B5 41 87 96 6F 42
1787904348.964684,34680,06dc,12,CD CC FC 42 00 00 9A 42 00 80 01 42
1787904348.980215,34680,06dd,12,00 00 78 42 EC 51 3A 42 CD CC 9E 42
1787904348.990999,34680,06de,12,00 00 90 42 CC CC EC 41 2D 32 9F 42
1787904349.001512,34680,06df,12,00 00 0E 43 CD CC 80 42 25 06 6C 42
1787904349.012018,34680,06e0,12,CD CC 9D 42 F5 28 6E 42 10 58 A4 42
1787904349.027661,34680,06e1,12,66 66 54 42 EC 51 80 42 00 C0 A3 42
1787904349.044385,34680,06e2,12,CD CC D4 42 52 B8 00 42 1D DA 2D 42
1787904349.061342,34680,06e3,12,66 66 AC 42 48 E1 50 42 16 D9 C2 41
1787904349.071906,34680,06e4,12,CD 4C 03 43 1F 85 05 42 EA E6 80 42
1787904349.082881,34680,06e5,12,9A 99 C1 42 71 3D 54 42 44 8B 38 42
1787904349.093558,34680,06e6,12,CD CC 74 42 B8 1E 33 42 71 7D BD 42
1787904349.104086,34680,06e7,12,00 00 E4 42 34 33 9E 42 96 83 93 42
1787904349.115066,34680,06e8,12,66 66 86 42 A4 70 9B 42 18 04 C6 41
1787904349.125793,34680,06e9,12,66 66 99 42 85 EB AD 41 40 35 8A 42
1787904349.136354,34680,06ea,12,00 00 B5 42 1E 85 F3 41 B0 72 7D 42
1787904349.147257,34680,06eb,12,33 33 F0 42 F6 28 7A 42 15 AE AA 42
1787904349.158169,34680,06ec,12,66 66 F4 42 F6 28 84 42 D5 78 53 42
1787904349.173628,34680,06ed,12,00 00 AF 42 5C 8F C2 41 5E 3A EB 42
1787904349.184743,34680,06ee,12,CD CC C3 42 C3 F5 0C 42 6A 3C 43 42
1787904349.195290,34680,06ef,12,66 E6 01 43 8F C2 B1 41 34 33 1F 42
1787904349.206925,34680,06f0,12,9A 99 F3 42 8F C2 77 42 D3 4D 50 42
1787904349.217988,34680,06f1,12,00 00 48 42 7B 14 16 42 04 16 AA 42
1787904349.228453,34680,06f2,12,9A 99 07 43 C2 F5 6C 42 42 E0 03 42
1787904349.239027,34680,06f3,12,9A 99 BF 42 EC 51 F8 41 17 99 C6 42
1787904349.249391,34680,06f4,12,66 66 78 42 86 EB F5 41 58 79 97 42
1787904349.259899,34680,06f5,12,CD CC 7E 42 F6 28 7A 42 BA 89 CC 42
1787904349.270446,34680,06f6,12,66 66 8D 42 99 99 7B 42 60 65 8B 42
1787904349.280864,34680,06f7,12,00 80 04 43 F6 28 0E 42 02 AB BF 42
1787904349.291507,34680,06f8,12,00 00 C3 42 F6 28 99 42 2D 72 E9 42
1787904349.302366,34680,06f9,12,CC CC 0E 43 0A D7 33 42 34 33 1F 42
1787904349.313317,34680,06fa,12,9A 99 8A 42 86 EB 55 42 79 E9 F7 41
1787904349.324086,34680,06fb,12,34 33 FE 42 48 E1 90 42 D9 CE 59 42
1787904349.336083,34680,06fc,12,00 00 97 42 AE 47 1D 42 1C 9A 9E 42
1787904349.348095,34680,06fd,12,00 80 0B 43 29 5C D3 41 B8 1E F7 41
1787904349.359220,34680,06fe,12,00 00 8D 42 00 00 5A 42 18 44 98 42
1787904349.369837,34680,06ff,12,33 33 09 43 00 00 88 42 2D 72 E9 42
1787904349.380159,34680,0700,12,CC CC 07 43 C2 F5 85 42 C0 CA 8B 42
1787904349.390587,34680,0701,12,33 B3 03 43 9A 99 1B 42 0C 42 E8 42
1787904349.401448,34680,0702,12,CD CC C3 42 9A 99 94 42 D5 38 C4 42
1787904349.412026,34680,0703,12,9A 99 A4 42 3E 0A B7 41 C2 75 68 42
1787904349.422671,34680,0704,12,33 33 E4 42 0A D7 27 42 5D 4F CF 42
1787904349.433125,34680,0705,12,33 33 77 42 14 AE 25 42 D3 4D BD 41
1787904349.443637,34680,0706,12,CD CC AA 42 9A 99 B5 41 15 2E DC 42
1787904359.455792,34680,0708,12,33 33 59 42 0A D7 4B 42 B7 73 AD 42
1787904359.465141,34680,0709,12,00 00 6A 42 5C 8F AA 41 A6 9B 0A 42
1787904359.475597,34680,070a,12,33 33 79 42 71 3D A6 41 67 66 6E 42
1787904359.485978,34680,070b,12,34 33 0B 43 8F C2 2F 42 FE 54 B9 42
1787904359.496578,34680,070c,12,CD CC A0 42 00 00 5A 42 EB D1 44 42
1787904359.507349,34680,070d,12,66 66 D3 42 14 AE 0D 42 A4 70 07 42
1787904359.518154,34680,070e,12,9A 99 F9 42 3E 0A 29 42 B8 1E E2 42
1787904359.529345,34680,070f,12,00 80 0D 43 52 B8 94 42 25 06 C4 42
1787904359.539773,34680,0710,12,00 00 14 43 7B 14 80 42 8D 97 47 42
1787904359.550165,34680,0711,12,66 66 D5 42 86 EB 49 42 4C 37 9D 42
1787904359.560588,34680,0712,12,33 B3 01 43 52 B8 94 42 C5 20 92 42
1787904359.570967,34680,0713,12,00 00 F0 42 0B D7 5D 42 4C 37 45 42
1787904359.581415,34680,0714,12,33 33 FC 42 AE 47 BD 41 04 56 91 42
1787904359.592186,34680,0715,12,CC CC CD 42 9A 99 8E 42 71 3D 7E 42
1787904359.603225,34680,0716,12,66 66 EB 42 00 00 91 42 1B 2F 5C 42
1787904359.613937,34680,0717,12,9A 99 00 43 29 5C 09 42 36 1E 93 42
1787904359.624578,34680,0718,12,00 00 AF 42 29 5C 85 42 40 35 32 42
1787904359.635953,34680,0719,12,34 33 E6 42 F6 28 90 42 D7 23 25 42
1787904359.646312,34680,071a,12,9A 99 80 42 9A 99 91 42 1A 6F 9B 42
1787904359.657145,34680,071b,12,CD CC 0B 43 29 5C 75 42 29 5C CA 42
1787904359.667884,34680,071c,12,CD CC 9F 42 1E 85 9F 42 B8 9E 58 42
1787904359.678943,34680,071d,12,CD CC BC 42 D7 A3 87 42 60 65 8B 42
1787904359.689936,34680,071e,12,9A 99 15 43 14 AE 3D 42 31 C8 8C 42
1787904359.700567,34680,071f,12,00 00 E4 42 0A D7 88 42 A6 9B 0A 42
1787904359.711258,34680,0720,12,66 66 D4 42 0A D7 0F 42 DD 24 B8 42
1787904359.721814,34680,0721,12,33 33 8A 42 E1 7A 48 42 12 83 A7 42
1787904359.732387,34680,0722,12,CD 4C 10 43 A4 70 DD 41 56 0E AD 42
1787904359.742907,34680,0723,12,9A 99 FF 42 86 EB 73 42 85 6B C4 42
1787904359.753260,34680,0724,12,CC CC A1 42 71 3D 8B 42 A0 9A ED 42
1787904359.763797,34680,0725,12,CC CC 0E 43 5C 8F 58 42 C5 A0 08 42
1787904359.782792,34680,0726,12,00 00 D9 42 7A 14 86 42 40 35 8A 42
1787904359.793579,34680,0727,12,9A 99 CE 42 D7 A3 9C 42 D9 0E 99 42
1787904359.804891,34680,0728,12,CD 4C 09 43 CD CC 58 42 0E 2D 49 42
1787904359.815685,34680,0729,12,CD CC E6 42 15 AE 5B 42 31 08 7F 42
1787904359.826361,34680,072a,12,34 33 CF 42 33 33 CB 41 6E 12 18 42
1787904359.840953,34680,072b,12,99 99 F8 42 90 C2 8A 42 5C 0F 2D 42
1787904359.851520,34680,072c,12,33 33 C6 42 D7 A3 02 42 44 CB DA 42
1787904359.862015,34680,072d,12,9A 19 0D 43 CC CC 4C 42 86 EB 92 42
1787904359.872468,34680,072e,12,9A 99 CB 42 29 5C 39 42 1B AF E5 42
1787904359.883057,34680,072f,12,33 33 57 42 EB 51 5E 42 EE FC 9F 42
1787904359.893542,34680,0730,12,66 66 5A 42 1F 85 84 42 60 E5 64 42
1787904359.904448,34680,0731,12,9A 99 D6 42 52 B8 3C 42 E5 D0 09 42
1787904359.916057,34680,0732,12,CD CC 66 42 70 3D 48 42 98 EE E0 42
1787904359.927033,34680,0733,12,66 66 AD 42 3E 0A 53 42 27 31 6F 42
1787904359.951956,34680,0734,12,00 00 E7 42 D7 A3 C0 41 52 38 1D 42
1787904359.962362,34680,0735,12,00 00 BA 42 E2 7A 88 42 DF 4F 00 42
1787904359.974172,34680,0736,12,66 66 C2 42 1E 85 23 42 27 31 DC 41
1787904359.985004,34680,0737,12,00 00 F2 42 00 00 36 42 50 0D 1A 42
1787904359.998595,34680,0738,12,33 33 8C 42 33 33 92 42 20 30 8C 42
1787904360.009198,34680,0739,12,33 33 B9 42 66 66 96 42 A6 9B DA 41
1787904360.031378,34680,073a,12,CD CC DE 42 3E 0A 3B 42 C2 75 68 42
1787904360.041917,34680,073b,12,00 00 AB 42 CD CC 0A 42 0E AD 7A 42
1787904360.052397,34680,073c,12,33 33 E8 42 33 33 07 42 62 90 8E 42
1787904360.063039,34680,073d,12,CD CC 7C 42 7B 14 70 42 31 48 BE 42
1787904360.073693,34680,073e,12,9A 99 51 42 14 AE 25 42 29 DC 98 42
1787904360.095692,34680,073f,12,66 66 4A 42 B8 1E 8E 42 04 D6 07 42
1787904360.113238,34680,0740,12,00 00 A2 42 48 E1 68 42 CB A1 B0 41
1787904360.123728,34680,0741,12,00 00 6A 42 1E 85 47 42 A0 9A 8A 42
1787904360.134213,34680,0742,12,66 66 7A 42 E1 7A 9A 42 44 8B 38 42
1787904360.144727,34680,0743,12,00 00 9D 42 D7 A3 08 42 9A D9 99 42
1787904360.155645,34680,0744,12,33 33 84 42 34 33 8F 42 06 01 0B 42
1787904360.166182,34680,0745,12,CD CC EB 42 3E 0A C3 41 B7 73 55 42
1787904360.210694,34680,0746,12,CC CC E8 42 70 3D 5A 42 11 18 BD 42
1787904360.221217,34680,0747,12,00 00 68 42 14 AE 73 42 D3 0D C1 42
1787904360.233482,34680,0748,12,33 33 A0 42 5C 8F 3A 42 69 91 DE 41
1787904360.247440,34680,0749,12,33 33 EC 42 33 33 55 42 1B 2F B4 42
1787904360.258437,34680,074a,12,00 00 74 42 EC 51 92 42 60 E5 D1 41
1787904360.269165,34680,074b,12,67 66 F0 42 5C 8F 89 42 E5 D0 09 42
1787904360.281189,34680,074c,12,33 33 F9 42 7B 14 92 42 EC 11 84 42
1787904360.293463,34680,074d,12,00 00 86 42 AE 47 71 42 2F 9D 89 42
1787904360.303975,34680,074e,12,33 B3 0E 43 5C 8F 40 42 5E 3A 30 42
1787904360.314676,34680,074f,12,66 66 8A 42 48 E1 44 42 04 D6 07 42
1787904360.325253,34680,0750,12,33 33 F6 42 EC 51 28 42 DF 4F D0 41
1787904360.335677,34680,0751,12,33 33 B3 42 8F C2 0B 42 31 88 A5 42
1787904360.346079,34680,0752,12,9A 99 84 42 85 EB 0D 42 08 6C B0 42
1787904360.356467,34680,0753,12,9A 99 05 43 3E 0A 87 42 8B 2C B5 42
1787904360.366897,34680,0754,12,9A 99 15 43 85 EB 3D 42 F2 D2 1C 42
1787904360.378018,34680,0755,12,00 80 0C 43 71 3D B2 41 92 6D 1C 42
1787904360.392016,34680,0756,12,00 00 A9 42 48 E1 14 42 66 E6 94 42
1787904360.403064,34680,0757,12,33 33 DE 42 7A 14 95 42 7F 6A 31 42
1787904360.414076,34680,0758,12,67 66 F2 42 EC 51 04 42 4C B7 CE 42
1787904360.424684,34680,0759,12,CD CC 58 42 1F 85 7D 42 89 C1 0F 42
1787904360.435113,34680,075a,12,9A 19 0C 43 00 00 DC 41 F4 3D C2 42
1787904360.445688,34680,075b,12,33 33 FB 42 C3 F5 30 42 23 DB 68 42
1787904360.456189,34680,075c,12,CD CC FA 42 0A D7 97 42 C1 0A D6 42
1787904360.466707,34680,075d,12,00 00 DE 42 00 00 60 42 F6 A8 54 42
1787904360.477518,34680,075e,12,CC CC DB 42 C3 F5 A0 41 1D 5A CC 41
1787904360.487762,34680,075f,12,66 66 68 42 CD CC F8 41 44 8B A5 41
1787904360.498379,34680,0760,12,00 80 06 43 B8 1E 63 42 B4 48 AA 42
1787904360.508715,34680,0761,12,CC CC CD 42 C2 F5 C4 41 4C 37 9D 42
1787904360.519759,34680,0762,12,CD CC B5 42 EC 51 95 42 81 D5 D6 42
1787904360.530404,34680,0763,12,CD CC 5E 42 8F C2 87 42 52 B8 4E 42
1787904360.540933,34680,0764,12,33 33 EF 42 A3 70 5B 42 62 10 D5 41
1787904360.552776,34680,0765,12,33 33 9C 42 A4 70 07 42 AE C7 A0 42
1787904360.563560,34680,0766,12,33 33 D6 42 9A 99 91 42 FA 7E 81 42
1787904360.574535,34680,0767,12,9A 99 00 43 0A D7 63 42 62 90 8E 42
1787904360.595664,34680,0768,12,CC CC D8 42 A4 70 9B 42 E5 D0 D9 41
1787904360.606596,34680,0769,12,33 33 B3 42 EB 51 5E 42 64 FB DB 42
1787904360.617430,34680,076a,12,CD CC 85 42 F6 28 E4 41 00 C0 A3 42
1787904360.630678,34680,076b,12,99 99 D2 42 E1 7A 3C 42 7F EA BA 42
1787904360.641092,34680,076c,12,33 33 AE 42 D7 A3 C0 41 0A 97 B3 42
1787904360.651436,34680,076d,12,9A 99 A2 42 67 66 62 42 F2 D2 1C 42
1787904360.661670,34680,076e,12,CD CC 5E 42 3E 0A 8D 42 B2 9D ED 41
1787904360.672022,34680,076f,12,66 66 13 43 85 EB 07 42 EC 11 84 42
1787904360.682572,34680,0770,12,CC CC E8 42 34 33 95 42 AA 31 B3 42
1787904360.693109,34680,0771,12,00 00 85 42 86 EB 73 42 37 09 AF 42
1787904360.704777,34680,0772,12,34 33 D0 42 D7 A3 9C 42 91 6D D7 42
1787904360.715441,34680,0773,12,CD CC 9C 42 C2 F5 8B 42 FC A9 E7 42
1787904360.725884,34680,0774,12,00 00 12 43 CD CC 98 42 6C 67 46 42
1787904360.736485,34680,0775,12,66 66 D0 42 52 B8 0C 42 23 1B A8 42
1787904360.746856,34680,0776,12,9A 99 5B 42 D7 A3 26 42 BC F4 B6 42
1787904360.757577,34680,0777,12,00 00 91 42 66 66 08 42 B6 F3 F3 41
1787904360.768158,34680,0778,12,00 80 07 43 CD CC 58 42 68 D1 B0 42
1787904360.778948,34680,0779,12,00 80 03 43 52 B8 D6 41 9E EF B8 42
1787904360.790186,34680,077a,12,CD CC F1 42 1E 85 90 42 95 43 54 42
1787904360.800707,34680,077b,12,9A 99 CB 42 5C 8F AA 41 8A 41 99 42
1787904360.811668,34680,077c,12,34 33 AB 42 70 3D 88 42 E4 E5 A8 42
1787904360.822491,34680,077d,12,00 00 D4 42 48 E1 68 42 52 B8 A6 42
1787904360.833039,34680,077e,12,66 66 52 42 EC 51 28 42 50 CD 8A 42
1787904360.843824,34680,077f,12,CD CC B0 42 5C 8F CE 41 60 25 A4 42
1787904360.854610,34680,0780,12,66 E6 13 43 9A 99 39 42 42 60 35 42
1787904360.865327,34680,0781,12,CC CC 06 43 85 EB 01 42 25 C6 DC 42
1787904360.875639,34680,0782,12,CD CC 4C 42 EC 51 EC 41 23 1B A8 42
1787904360.886269,34680,0783,12,00 00 68 42 5C 8F 46 42 62 90 8E 42
1787904360.896669,34680,0784,12,33 33 5B 42 00 00 00 42 89 C1 0F 42
1787904360.907220,34680,0785,12,00 00 F6 42 B8 1E FD 41 2F 9D 89 42
1787904360.918494,34680,0786,12,33 33 F5 42 9A 99 88 42 06 81 94 42
1787904360.929089,34680,0787,12,9A 99 73 42 C2 F5 9D 42 9C 04 9D 42
1787904360.939560,34680,0788,12,CD CC 50 42 52 B8 78 42 B7 73 AD 42
1787904360.950208,34680,0789,12,00 00 F7 42 AE 47 65 42 B2 9D ED 41
1787904360.961099,34680,078a,12,99 99 E8 42 29 5C 75 42 FC A9 84 42
1787904360.971758,34680,078b,12,9A 99 CC 42 29 5C 6F 42 83 80 A8 42
1787904360.982417,34680,078c,12,CD 4C 03 43 E1 7A 8B 42 44 CB DA 42
1787904360.993255,34680,078d,12,9A 99 69 42 5C 8F 95 42 BA 89 CC 42
1787904361.003747,34680,078e,12,66 66 7C 42 0A D7 3F 42 9E 6F 2F 42
1787904361.014019,34680,078f,12,67 66 FC 42 00 00 D0 41 B8 1E E2 42
1787904361.024355,34680,0790,12,66 66 72 42 70 3D 94 42 A6 9B 6D 42
1787904361.034894,34680,0791,12,9A 99 B2 42 1F 85 87 42 EE 7C 16 42
1787904361.045300,34680,0792,12,33 33 6D 42 52 B8 BE 41 E0 8F A2 42
1787904361.056019,34680,0793,12,9A 99 95 42 52 B8 94 42 7B 14 FB 41
1787904361.066678,34680,0794,12,9A 19 02 43 B8 1E 97 42 E5 D0 09 42
1787904361.077144,34680,0795,12,66 66 CE 42 1F 85 84 42 1B 2F B4 42
1787904361.088175,34680,0796,12,00 00 CF 42 CD CC 80 42 D4 B8 92 42
1787904361.098857,34680,0797,12,CD CC E5 42 00 00 60 42 3B 1F CE 42
1787904361.109579,34680,0798,12,CD CC FF 42 70 3D 0C 42 C6 0B AE 42
1787904361.119939,34680,0799,12,33 33 F1 42 5C 8F 64 42 DF 4F 63 42
1787904361.130566,34680,079a,12,33 33 08 43 71 3D 00 42 00 40 D5 42
1787904361.140959,34680,079b,12,66 66 CF 42 9A 99 94 42 CC 4C 15 42
1787904361.152412,34680,079c,12,00 80 01 43 C2 F5 9A 42 23 5B 37 42
1787904361.163448,34680,079d,12,33 33 E4 42 5C 8F 89 42 36 5E F2 41
1787904361.174789,34680,079e,12,9A 99 6F 42 7A 14 76 42 27 B1 3D 42
1787904361.185251,34680,079f,12,33 33 49 42 90 C2 81 42 BE 5F A1 42
1787904361.195742,34680,07a0,12,9A 99 0B 43 66 66 14 42 06 81 3C 42
1787904361.206387,34680,07a1,12,9A 99 DC 42 B8 1E 27 42 5A E4 E4 42
1787904361.217220,34680,07a2,12,CD CC C3 42 CD CC E0 41 3B DF E6 42
1787904361.227638,34680,07a3,12,66 66 74 42 14 AE 07 42 CF 37 EC 42
1787904361.237938,34680,07a4,12,CD CC 97 42 90 C2 F9 41 24 86 3A 42
1787904361.248294,34680,07a5,12,66 66 D4 42 34 33 19 42 CA 21 12 42
1787904361.258698,34680,07a6,12,99 99 F7 42 9A 99 4B 42 A0 1A 01 42
1787904361.269103,34680,07a7,12,00 00 CC 42 29 5C DF 41 94 58 90 42
1787904361.280130,34680,07a8,12,33 33 5F 42 3E 0A 47 42 D5 F8 DC 42
1787904361.290695,34680,07a9,12,00 00 13 43 A4 70 9B 42 7B 14 2B 42
1787904361.301256,34680,07aa,12,00 00 9E 42 29 5C 03 42 48 21 E1 42
1787904361.326977,34680,07ab,12,9A 99 86 42 CD CC 2E 42 87 96 0C 42
1787904361.337641,34680,07ac,12,33 33 9E 42 14 AE 3D 42 0E AD 7A 42
1787904361.350979,34680,07ad,12,00 00 00 43 B8 1E 4B 42 48 61 C8 42
1787904361.362197,34680,07ae,12,34 33 F2 42 00 00 54 42 04 56 91 42
1787904361.372809,34680,07af,12,CD CC FC 42 F6 28 62 42 06 01 0B 42
1787904361.383692,34680,07b0,12,66 66 AB 42 1F 85 DB 41 62 10 C0 42
1787904361.394377,34680,07b1,12,00 00 02 43 8F C2 7D 42 06 01 0B 42
1787904361.404920,34680,07b2,12,00 00 CA 42 1F 85 E7 41 2F 9D 89 42
1787904361.415680,34680,07b3,12,33 33 14 43 14 AE 9B 42 F8 93 C8 42
1787904361.426654,34680,07b4,12,66 66 EE 42 CD CC E0 41 B2 1D 4F 42
1787904361.437513,34680,07b5,12,00 00 82 42 90 C2 8A 42 BA 09 9B 42
1787904361.448013,34680,07b6,12,66 66 5C 42 29 5C DF 41 E1 7A D3 41
1787904361.458631,34680,07b7,12,66 66 0A 43 66 66 96 42 48 61 C8 42
1787904361.469876,34680,07b8,12,00 00 62 42 1E 85 F3 41 D7 63 C7 42
1787904361.480366,34680,07b9,12,33 33 B2 42 CD CC 28 42 44 8B 38 42
1787904361.490655,34680,07ba,12,66 66 81 42 14 AE B3 41 06 81 94 42
1787904361.501103,34680,07bb,12,9A 99 B8 42 14 AE 0D 42 B2 DD BF 42
1787904361.511584,34680,07bc,12,00 80 0D 43 85 EB 01 42 81 95 34 42
1787904361.522013,34680,07bd,12,00 00 76 42 E1 7A A0 41 FC 29 5E 42
1787904361.532430,34680,07be,12,66 66 8A 42 A4 70 9E 42 0A D7 42 42
1787904361.542796,34680,07bf,12,9A 99 98 42 70 3D 3C 42 EA A6 41 42
1787904361.553160,34680,07c0,12,CD CC D7 42 5C 8F 9E 42 49 8C 73 42
1787904361.563854,34680,07c1,12,33 33 E4 42 E2 7A 88 42 5D 8F 5E 42
1787904361.574692,34680,07c2,12,9A 99 A2 42 7B 14 8F 42 BA C9 5B 42
1787904361.585353,34680,07c3,12,66 66 DA 42 52 B8 91 42 02 2B 36 42
1787904361.595827,34680,07c4,12,9A 99 E4 42 CD CC 58 42 D2 22 4D 42
1787904361.606168,34680,07c5,12,33 33 00 43 66 66 F6 41 5E 3A 88 42
1787904361.616521,34680,07c6,12,33 B3 15 43 29 5C 5D 42 EC 11 84 42
1787904361.626883,34680,07c7,12,66 66 A6 42 B9 1E 57 42 EE 7C 16 42
1787904361.637153,34680,07c8,12,CD CC A8 42 5C 8F C2 41 54 63 20 42
1787904361.663535,34680,07c9,12,9A 99 E6 42 1F 85 59 42 4E 62 B5 41
1787904361.674501,34680,07ca,12,CC CC 13 43 85 EB 37 42 35 DE 53 42
1787904361.685506,34680,07cb,12,34 33 CC 42 1F 85 87 42 B2 9D D8 42
1787904361.697112,34680,07cc,12,CD CC F7 42 1F 85 35 42 7F 6A EC 42
1787904361.708957,34680,07cd,12,33 33 14 43 90 C2 71 42 8F 42 7C 42
1787904361.719639,34680,07ce,12,66 66 7E 42 7A 14 FE 41 F6 28 23 42
1787904361.730471,34680,07cf,12,9A 19 00 43 1F 85 59 42 FE D4 2F 42
1787904361.741082,34680,07d0,12,66 66 D3 42 29 5C 57 42 62 10 68 42
1787904361.751801,34680,07d1,12,9A 99 69 42 D7 A3 C0 41 6A 3C 43 42
1787904361.762394,34680,07d2,12,00 00 4C 42 AE 47 65 42 6C E7 77 42
1787904361.772989,34680,07d3,12,00 00 FD 42 7B 14 64 42 3A 74 99 42
1787904361.783744,34680,07d4,12,66 E6 02 43 3E 0A 93 42 F8 93 C8 42
1787904361.794163,34680,07d5,12,9A 19 11 43 5C 8F B6 41 F0 67 8A 42
1787904361.805111,34680,07d6,12,66 66 D3 42 F5 28 50 42 18 84 27 42
1787904361.815573,34680,07d7,12,00 00 B8 42 C2 F5 42 42 93 18 BE 41
1787904361.826043,34680,07d8,12,9A 99 A3 42 EC 51 E0 41 EB D1 44 42
1787904361.836461,34680,07d9,12,9A 99 A7 42 29 5C 27 42 27 31 0C 42
1787904361.847039,34680,07da,12,66 66 7A 42 B8 1E 45 42 91 AD BE 42
1787904361.857964,34680,07db,12,CD CC 66 42 34 33 86 42 36 5E 22 42
1787904361.868614,34680,07dc,12,66 66 94 42 85 EB 5B 42 18 04 59 42
1787904361.879120,34680,07dd,12,33 33 67 42 66 66 DE 41 C7 4B AA 41
1787904361.889662,34680,07de,12,9A 99 49 42 7A 14 2E 42 6C E7 77 42
1787904361.900124,34680,07df,12,CD CC 9B 42 A4 70 43 42 3B 1F CE 42
1787904361.910547,34680,07e0,12,CC CC B9 42 CC CC 92 42 67 66 6E 42
1787904361.921980,34680,07e1,12,9A 99 9E 42 48 E1 A2 41 74 93 F1 41
1787904361.932967,34680,07e2,12,CD CC F6 42 EC 51 86 42 B0 72 EA 41
1787904361.943789,34680,07e3,12,00 00 7C 42 0A D7 AF 41 94 98 1F 42
1787904361.954662,34680,07e4,12,66 66 5E 42 0A D7 09 42 15 AE AA 42
1787904361.965688,34680,07e5,12,34 B3 04 43 14 AE 92 42 1C 1A D0 42
1787904361.976540,34680,07e6,12,9A 99 ED 42 3E 0A 17 42 E4 A5 C1 42
1787904361.987155,34680,07e7,12,34 B3 0A 43 E1 7A 72 42 F0 A7 19 42
1787904361.997807,34680,07e8,12,33 33 51 42 C2 F5 4E 42 00 00 8B 42
1787904362.008321,34680,07e9,12,CD CC 76 42 F6 28 62 42 EB D1 9C 42
1787904362.018804,34680,07ea,12,9A 99 9F 42 F6 28 3E 42 A3 B0 A9 42
1787904362.029373,34680,07eb,12,00 00 A3 42 29 5C 33 42 E1 3A D7 42
1787904362.039769,34680,07ec,12,9A 99 E1 42 1F 85 93 42 54 63 DB 42
1787904362.050270,34680,07ed,12,66 66 E9 42 9A 99 27 42 AC 1C CF 42
1787904362.060737,34680,07ee,12,9A 99 89 42 EC 51 EC 41 C5 20 A7 41
1787904362.077184,34680,07ef,12,34 33 A4 42 14 AE 9E 42 42 E0 66 42
1787904362.087804,34680,07f0,12,9A 99 E7 42 5C 8F 2E 42 5E BA B9 42
1787904362.098422,34680,07f1,12,00 00 07 43 CD CC 70 42 16 19 95 42
1787904362.109747,34680,07f2,12,00 00 D2 42 33 33 5B 42 7F EA BA 42
1787904362.120517,34680,07f3,12,66 66 CD 42 F6 28 93 42 50 0D 7D 42
1787904362.131344,34680,07f4,12,9A 99 D1 42 0B D7 7B 42 F2 92 8D 42
1787904362.141710,34680,07f5,12,66 E6 14 43 00 00 F4 41 99 99 5A 42
1787904362.152204,34680,07f6,12,66 66 78 42 EC 51 4C 42 6A BC E1 41
1787904362.163455,34680,07f7,12,66 66 54 42 90 C2 81 42 36 5E 22 42
1787904362.174050,34680,07f8,12,9A 99 69 42 C3 F5 54 42 1F 05 31 42
1787904362.184981,34680,07f9,12,CC CC BF 42 EC 51 34 42 44 0B 07 42
1787904362.195400,34680,07fa,12,00 00 D1 42 52 B8 B2 41 70 3D 1B 42
1787904362.205931,34680,07fb,12,67 66 EF 42 EC 51 46 42 50 0D 1A 42
1787904362.216481,34680,07fc,12,67 66 F1 42 3E 0A 2F 42 15 AE AA 42
1787904362.232856,34680,07fd,12,00 00 EC 42 D7 A3 1A 42 9C 04 9D 42
1787904362.243542,34680,07fe,12,33 33 AE 42 AE 47 2F 42 3F B5 BB 42
1787904362.254165,34680,07ff,12,CD CC 7A 42 90 C2 90 42 D1 A2 D6 42
1787904362.264420,34680,0800,12,33 33 9A 42 33 33 07 42 A8 06 B0 42
1787904362.274770,34680,0801,12,66 E6 0C 43 C2 F5 82 42 BC 74 FD 41
1787904362.285083,34680,0802,12,67 66 E6 42 00 00 12 42 2B 47 E6 42
1787904362.295335,34680,0803,12,66 66 6C 42 48 E1 84 42 CF 77 18 42
1787904362.305645,34680,0804,12,33 33 E1 42 48 E1 4A 42 60 E5 D1 41
1787904362.315969,34680,0805,12,9A 99 67 42 0A D7 39 42 77 BE F4 41
1787904362.326299,34680,0806,12,9A 99 6B 42 5C 8F 0A 42 20 30 34 42
1787904362.336773,34680,0807,12,CC CC C0 42 B8 1E 27 42 5A E4 E4 42
1787904362.347070,34680,0808,12,00 00 7A 42 66 66 02 42 00 00 A0 41
1787904362.357391,34680,0809,12,34 33 0B 43 29 5C 45 42 C8 F6 0E 42
1787904362.367819,34680,080a,12,9A 99 E6 42 F6 28 2C 42 68 D1 B0 42
1787904362.379827,34680,080b,12,00 00 C0 42 9A 99 CD 41 A0 1A 01 42
1787904362.390842,34680,080c,12,00 00 DB 42 E1 7A 0C 42 8B 6C B1 41
1787904362.401229,34680,080d,12,9A 19 0B 43 3E 0A 9F 42 08 AC AC 41
1787904362.412920,34680,080e,12,33 33 A7 42 85 EB 86 42 D5 78 C0 41
1787904362.423533,34680,080f,12,66 66 74 42 7B 14 28 42 DF 0F D4 42
1787904362.433972,34680,0810,12,66 66 D4 42 A4 70 E9 41 12 83 A7 42
1787904362.444422,34680,0811,12,CD CC 64 42 00 00 00 42 23 5B 8F 42
1787904362.456612,34680,0812,12,66 66 05 43 AE 47 E1 41 BA C9 5B 42
1787904362.493914,34680,0813,12,CD CC DD 42 33 33 67 42 00 80 64 42
1787904362.533779,34680,0814,12,33 B3 13 43 B8 1E 2D 42 A8 C6 C8 42
1787904362.545282,34680,0815,12,CD CC 9A 42 1E 85 81 42 D9 8E CA 42
1787904362.557219,34680,0816,12,00 80 0F 43 0A D7 21 42 CD CC 46 42
1787904362.567900,34680,0817,12,CD CC 96 42 C2 F5 7E 42 71 3D 7E 42
1787904362.579114,34680,0818,12,33 33 B3 42 9A 99 3F 42 D9 0E 99 42
1787904362.589491,34680,0819,12,CD CC FA 42 B8 1E 51 42 2D B2 D0 42
1787904362.601875,34680,081a,12,00 80 03 43 00 00 7E 42 23 5B 8F 42
1787904362.612260,34680,081b,12,66 E6 0C 43 85 EB 61 42 46 F6 DD 42
1787904362.622748,34680,081c,12,33 33 7B 42 90 C2 47 42 BC 74 E8 42
1787904362.633402,34680,081d,12,CD CC B0 42 66 66 74 42 8F 82 BB 42
1787904362.644056,34680,081e,12,66 66 15 43 EC 51 0A 42 F6 28 F3 41
1787904362.654481,34680,081f,12,9A 99 8C 42 E1 7A 1E 42 BA 49 FA 41
1787904362.664970,34680,0820,12,66 66 C5 42 0A D7 D3 41 5A E4 29 42
1787904362.675324,34680,0821,12,00 00 52 42 9A 99 03 42 17 99 C6 42
1787904362.685814,34680,0822,12,33 33 8D 42 B8 1E 8B 42 48 E1 96 42
1787904362.696243,34680,0823,12,9A 99 0F 43 7B 14 0A 42 2F DD D3 42
1787904362.706859,34680,0824,12,00 00 C9 42 7B 14 52 42 29 5C 0F 42
1787904362.717251,34680,0825,12,00 00 00 43 9A 99 1B 42 D7 A3 56 42
1787904362.727654,34680,0826,12,66 66 A6 42 D7 A3 08 42 EF A7 7C 42
1787904362.738163,34680,0827,12,CD 4C 06 43 CD CC 64 42 FA BE CB 42
1787904362.748722,34680,0828,12,CD CC E3 42 CC CC 92 42 8B EC 75 42
1787904362.763258,34680,0829,12,00 00 DE 42 E2 7A 12 42 A0 1A 01 42
1787904362.774573,34680,082a,12,9A 99 A4 42 F5 28 50 42 AE C7 A0 42
1787904362.785216,34680,082b,12,00 00 B4 42 A4 70 9B 42 F6 A8 AC 42
1787904362.795754,34680,082c,12,33 B3 15 43 66 66 14 42 C6 4B 3D 42
1787904362.806193,34680,082d,12,00 00 D0 42 90 C2 9F 42 FE 94 A0 42
1787904362.816549,34680,082e,12,00 00 12 43 48 E1 87 42 B6 F3 F3 41
1787904362.826924,34680,082f,12,00 00 60 42 9A 99 27 42 52 B8 4E 42
1787904362.837850,34680,0830,12,00 00 95 42 5C 8F 2E 42 79 69 B1 42
1787904362.848687,34680,0831,12,33 33 4B 42 7B 14 4C 42 94 98 1F 42
1787904362.859790,34680,0832,12,33 33 EB 42 52 B8 12 42 54 E3 A9 42
1787904362.870549,34680,0833,12,00 00 F2 42 14 AE 7F 42 94 D8 C1 42
1787904362.881196,34680,0834,12,33 33 AC 42 B8 1E FD 41 E1 7A 66 42
1787904362.891650,34680,0835,12,00 00 B5 42 00 00 8B 42 7F AA D3 42
1787904362.902431,34680,0836,12,00 00 54 42 E2 7A 30 42 B2 9D 1D 42
1787904362.913786,34680,0837,12,00 00 B0 42 E1 7A 42 42 A4 70 07 42
1787904362.924671,34680,0838,12,00 00 70 42 E1 7A F4 41 F0 A7 19 42
1787904362.935199,34680,0839,12,00 00 06 43 52 B8 24 42 3A 34 B2 42
1787904362.945775,34680,083a,12,9A 99 BD 42 66 66 96 42 48 21 E1 42
1787904362.956348,34680,083b,12,66 66 A6 42 1F 85 7D 42 35 DE AB 42
1787904362.967206,34680,083c,12,00 00 0C 43 85 EB 07 42 70 3D EB 41
1787904362.977688,34680,083d,12,CD CC 0A 43 A3 70 5B 42 81 15 BE 42
1787904362.990245,34680,083e,12,CD CC 96 42 CD CC 9E 42 5A E4 E4 42
1787904363.001277,34680,083f,12,9A 19 06 43 85 EB 13 42 83 40 69 42
1787904363.012837,34680,0840,12,33 B3 12 43 D7 A3 C0 41 33 73 C1 42
1787904363.023437,34680,0841,12,67 66 FD 42 E1 7A 42 42 4E 62 A0 42
1787904363.033837,34680,0842,12,33 33 CA 42 1F 85 93 42 C9 76 AD 41
1787904363.044547,34680,0843,12,33 33 95 42 14 AE 98 42 17 99 C6 42
1787904363.055107,34680,0844,12,00 00 A3 42 5C 8F 8C 42 B2 5D 8E 42
1787904363.065566,34680,0845,12,33 33 94 42 29 5C 2D 42 64 3B 08 42
1787904363.075925,34680,0846,12,9A 99 9C 42 E1 7A 0C 42 9C C4 CA 41
1787904363.086688,34680,0847,12,33 33 EC 42 66 66 93 42 29 5C 72 42
1787904363.097238,34680,0848,12,66 66 D3 42 5C 8F 46 42 9C C4 B5 42
1787904363.107743,34680,0849,12,CD 4C 0B 43 9A 99 33 42 35 5E DD 42
1787904363.118489,34680,084a,12,00 00 0D 43 48 E1 62 42 F8 53 26 42
1787904363.129034,34680,084b,12,66 66 A9 42 F6 28 68 42 EC 51 E3 41
1787904363.139941,34680,084c,12,33 33 A9 42 F6 28 08 42 50 0D D5 42
1787904363.152722,34680,084d,12,66 66 B3 42 99 99 7B 42 B6 B3 94 42
1787904363.163809,34680,084e,12,CD CC A3 42 A4 70 67 42 23 DB C0 42
1787904363.174454,34680,084f,12,66 66 78 42 EC 51 EC 41 9A D9 99 42
1787904363.185557,34680,0850,12,66 66 EB 42 00 00 88 42 38 89 25 42
1787904363.196978,34680,0851,12,33 33 08 43 14 AE D7 41 98 AE 96 42
1787904363.207577,34680,0852,12,9A 99 E1 42 F6 28 26 42 68 51 E2 42
1787904363.218107,34680,0853,12,66 66 01 43 A4 70 31 42 79 69 59 42
1787904363.228550,34680,0854,12,34 33 BD 42 70 3D 18 42 3A 74 99 42
1787904363.239022,34680,0855,12,CD CC 9E 42 29 5C EB 41 66 E6 94 42
1787904363.249409,34680,0856,12,9A 99 61 42 1E 85 41 42 33 F3 8F 42
1787904363.259732,34680,0857,12,9A 99 A4 42 CC CC EC 41 D9 0E 99 42
1787904363.270415,34680,0858,12,9A 99 AC 42 14 AE 25 42 8D 97 9F 42
1787904363.280895,34680,0859,12,00 00 74 42 14 AE BF 41 98 2E C8 42
1787904363.291439,34680,085a,12,CD CC E4 42 B8 1E 1B 42 C7 4B AA 41
1787904363.302163,34680,085b,12,34 33 0A 43 B8 1E 21 42 96 43 C1 41
1787904363.312899,34680,085c,12,00 00 88 42 48 E1 84 42 C1 CA A0 41
1787904363.323430,34680,085d,12,34 33 AB 42 48 E1 44 42 58 B9 E1 42
1787904363.334396,34680,085e,12,CD CC 8A 42 0A D7 1B 42 44 4B A9 42
1787904363.344726,34680,085f,12,00 00 10 43 3E 0A 9F 42 C2 75 68 42
1787904363.355579,34680,0860,12,33 33 9C 42 48 E1 14 42 29 1C E3 42
1787904363.366186,34680,0861,12,00 00 A5 42 A4 70 4F 42 0E 2D B6 41
1787904363.377062,34680,0862,12,66 66 CC 42 66 66 93 42 12 43 C0 42
1787904363.387711,34680,0863,12,66 E6 09 43 67 66 50 42 77 BE F4 41
1787904363.398089,34680,0864,12,66 66 5C 42 0A D7 8E 42 2D B2 78 42
1787904363.409141,34680,0865,12,CD CC E3 42 A4 70 43 42 8B AC E6 42
1787904363.419922,34680,0866,12,34 33 C4 42 34 33 86 42 9A 19 81 42
1787904363.430241,34680,0867,12,33 33 08 43 F6 28 C0 41 62 D0 D8 42
1787904363.440604,34680,0868,12,9A 99 F9 42 E2 7A 5A 42 37 09 AF 42
1787904363.451103,34680,0869,12,66 66 74 42 33 33 FB 41 8B EC CD 42
1787904363.461604,34680,086a,12,33 33 DE 42 A4 70 80 42 94 D8 C1 42
1787904363.471956,34680,086b,12,66 66 C7 42 66 66 93 42 D4 B8 92 42
1787904363.482290,34680,086c,12,33 33 9E 42 F6 28 7A 42 54 63 20 42
1787904363.492755,34680,086d,12,9A 19 06 43 9A 99 0F 42 74 93 21 42
1787904363.503172,34680,086e,12,66 66 A8 42 AE 47 53 42 C9 F6 71 42
1787904363.513605,34680,086f,12,CD CC 8E 42 00 00 0C 42 44 0B C2 42
1787904363.523922,34680,0870,12,66 66 B6 42 15 AE 6D 42 00 40 D5 42
1787904363.534304,34680,0871,12,CD 4C 0A 43 7B 14 0A 42 12 43 C0 42
1787904363.544914,34680,0872,12,9A 99 E0 42 D7 A3 9C 42 62 10 C0 42
1787904363.555227,34680,0873,12,33 33 96 42 B8 1E F1 41 42 A0 D7 42
1787904363.565665,34680,0874,12,33 33 9A 42 5C 8F 5E 42 3B 5F 5D 42
1787904363.575966,34680,0875,12,33 33 D5 42 52 B8 D6 41 FE 54 B9 42
1787904363.586496,34680,0876,12,33 33 C2 42 AE 47 2F 42 A2 C5 35 42
1787904363.596897,34680,0877,12,00 00 D5 42 5C 8F 1C 42 DF CF EC 42
1787904363.617975,34680,0878,12,9A 99 D4 42 D7 A3 08 42 8A C1 72 42
1787904363.628299,34680,0879,12,00 00 5E 42 8F C2 E1 41 5C 8F CB 41
1787904363.646191,34680,087a,12,CD CC 04 43 85 EB 9E 42 E5 D0 C4 42
1787904363.657102,34680,087b,12,33 33 AC 42 1E 85 81 42 A3 70 6A 42
1787904363.667913,34680,087c,12,67 66 F0 42 85 EB 67 42 3A B4 E3 42
1787904363.681010,34680,087d,12,00 00 88 42 A4 70 D1 41 7D FF 9E 42
1787904363.692034,34680,087e,12,9A 99 EE 42 52 B8 5A 42 E5 90 DD 42
1787904363.702643,34680,087f,12,9A 99 13 43 F6 28 81 42 CF F7 A1 42
1787904363.714313,34680,0880,12,9A 19 0D 43 7B 14 7C 42 1F 85 62 42
1787904363.724959,34680,0881,12,CC CC BA 42 1F 85 B7 41 D5 78 AB 42
1787904363.735418,34680,0882,12,66 66 84 42 0A D7 09 42 98 AE 96 42
1787904363.746021,34680,0883,12,33 33 AC 42 F6 28 CC 41 56 8E 23 42
1787904363.756511,34680,0884,12,00 00 0C 43 F6 28 38 42 BA C9 5B 42
1787904363.766980,34680,0885,12,33 33 61 42 29 5C 85 42 C2 B5 A7 42
1787904363.777472,34680,0886,12,66 66 B9 42 3E 0A 81 42 9C C4 5D 42
1787904363.787787,34680,0887,12,CD CC A0 42 CD CC 76 42 7D 3F 86 42
1787904363.798219,34680,0888,12,00 00 CF 42 5C 8F CE 41 F6 28 23 42
1787904363.808500,34680,0889,12,00 00 A6 42 9A 99 2D 42 5C 0F 2D 42
1787904363.819502,34680,088a,12,CD CC 72 42 14 AE 95 42 98 6E AF 42
1787904363.830494,34680,088b,12,33 33 A0 42 66 66 9C 42 E5 10 AC 42
1787904363.841411,34680,088c,12,00 00 7E 42 3E 0A 93 42 CC 4C 15 42
1787904363.851890,34680,088d,12,00 00 58 42 9A 99 45 42 AE 47 E7 41
1787904363.862331,34680,088e,12,66 66 00 43 9A 99 39 42 A2 C5 35 42
1787904363.873714,34680,088f,12,66 66 E3 42 29 5C 63 42 D7 63 C7 42
1787904363.884224,34680,0890,12,33 33 CB 42 85 EB 01 42 06 01 0B 42
1787904363.897356,34680,0891,12,00 00 62 42 3E 0A 7D 42 96 43 C1 41
1787904363.908677,34680,0892,12,9A 99 A0 42 5C 8F E6 41 E5 D0 6C 42
1787904363.919543,34680,0893,12,CD CC 9A 42 C2 F5 5A 42 3F 35 ED 42
1787904363.930393,34680,0894,12,66 66 88 42 7A 14 FE 41 E5 90 DD 42
1787904363.941747,34680,0895,12,CD CC A9 42 3D 0A 65 42 85 6B 6C 42
1787904363.952324,34680,0896,12,34 33 AA 42 A4 70 1F 42 CF 77 18 42
1787904363.963162,34680,0897,12,CD CC B6 42 F6 28 14 42 10 58 4C 42
1787904363.973587,34680,0898,12,9A 99 A0 42 52 B8 72 42 62 90 8E 42
1787904363.983955,34680,0899,12,66 66 5E 42 1E 85 8A 42 F0 A7 19 42
1787904363.994304,34680,089a,12,34 33 AB 42 CD CC 5E 42 29 9C B1 42
1787904364.004741,34680,089b,12,CD CC A9 42 AE 47 8D 42 AA 31 B3 42
1787904364.017537,34680,089c,12,66 66 D7 42 A4 70 49 42 A4 F0 90 42
1787904364.027786,34680,089d,12,CD CC A0 42 3D 0A 77 42 29 5C DF 41
1787904364.038036,34680,089e,12,9A 19 0B 43 D7 A3 62 42 74 93 F1 41
1787904364.048511,34680,089f,12,00 80 05 43 AE 47 29 42 D3 4D A8 42
1787904364.059031,34680,08a0,12,9A 99 AC 42 A4 70 43 42 E8 3B AF 42
1787904364.069446,34680,08a1,12,33 33 02 43 7B 14 6A 42 D7 A3 AE 42
1787904364.079779,34680,08a2,12,00 00 94 42 48 E1 EA 41 0A 17 82 42
1787904364.090734,34680,08a3,12,CD CC 62 42 71 3D 7E 42 31 08 EC 41
1787904364.101433,34680,08a4,12,66 66 96 42 EC 51 4C 42 83 40 06 42
1787904364.112048,34680,08a5,12,66 66 95 42 00 00 9A 42 5E 7A D2 42
1787904364.122998,34680,08a6,12,66 66 48 42 48 E1 0E 42 46 B6 A8 41
1787904364.133409,34680,08a7,12,9A 99 7B 42 3E 0A 93 42 3E CA 9F 42
1787904364.143845,34680,08a8,12,67 66 C9 42 C3 F5 12 42 54 63 DB 42
1787904364.154268,34680,08a9,12,CD CC FA 42 7B 14 6A 42 44 8B A5 41
1787904364.164712,34680,08aa,12,00 00 09 43 AE 47 9F 42 6C E7 E4 41
1787904364.174999,34680,08ab,12,33 33 AC 42 D7 A3 1A 42 2D B2 D0 42
1787904364.185598,34680,08ac,12,CD CC C8 42 67 66 6E 42 F8 D3 AF 42
1787904364.195990,34680,08ad,12,66 66 DE 42 B8 1E 39 42 DD 24 60 42
1787904364.206575,34680,08ae,12,33 33 F3 42 29 5C 9A 42 2C 07 9C 42
1787904364.217435,34680,08af,12,33 33 4B 42 F6 28 20 42 1F 85 CF 41
1787904364.228694,34680,08b0,12,00 00 8A 42 48 E1 6E 42 BC B4 CF 42
1787904364.239226,34680,08b1,12,9A 99 D6 42 29 5C 09 42 95 C3 DD 42
1787904364.249740,34680,08b2,12,CD CC 96 42 AE 47 99 42 B8 DE 97 42
1787904364.260044,34680,08b3,12,CD CC E2 42 71 3D 72 42 94 98 DA 42
1787904364.270512,34680,08b4,12,66 66 8D 42 EC 51 92 42 79 E9 27 42
1787904364.280884,34680,08b5,12,9A 19 05 43 00 00 06 42 87 16 AB 41
1787904364.291432,34680,08b6,12,33 33 BF 42 EC 51 A4 41 83 C0 8F 42
1787904364.301880,34680,08b7,12,CD CC E1 42 E2 7A 91 42 18 C4 C9 42
1787904364.312345,34680,08b8,12,CC CC 0E 43 E1 7A 8B 42 E1 7A 66 42
1787904364.323212,34680,08b9,12,66 66 C0 42 52 B8 91 42 73 28 8F 42
1787904364.334056,34680,08ba,12,CD CC EC 42 33 33 BF 41 52 38 1D 42
1787904364.344735,34680,08bb,12,66 66 93 42 85 EB E9 41 FC 29 B6 42
1787904364.355070,34680,08bc,12,9A 99 E0 42 86 EB 49 42 BA C9 B3 42
1787904364.365515,34680,08bd,12,33 33 73 42 5C 8F 58 42 0A 57 74 42
1787904364.375869,34680,08be,12,CD CC E7 42 CC CC 3A 42 6F D2 EB 42
1787904364.386234,34680,08bf,12,66 66 0F 43 CD CC 98 42 DD 24 B8 42
1787904364.396987,34680,08c0,12,CC CC AD 42 9A 99 39 42 8D 17 79 42
1787904364.407663,34680,08c1,12,67 66 FE 42 66 66 AE 41 64 3B D8 41
1787904364.418268,34680,08c2,12,9A 99 E0 42 66 66 AE 41 48 A1 AF 42
1787904364.428710,34680,08c3,12,CD CC 02 43 33 33 89 42 24 86 92 42
1787904364.439147,34680,08c4,12,00 00 FF 42 1E 85 47 42 94 18 51 42
1787904364.449482,34680,08c5,12,00 00 B1 42 C2 F5 4E 42 EE 7C D1 42
1787904364.460373,34680,08c6,12,34 33 DD 42 15 AE 5B 42 6F D2 EB 42
1787904364.471350,34680,08c7,12,66 66 A7 42 EC 51 E0 41 29 DC 40 42
1787904364.481724,34680,08c8,12,9A 99 87 42 7B 14 80 42 BE 9F EB 42
1787904364.492097,34680,08c9,12,33 33 63 42 0A D7 8E 42 31 08 D7 42
1787904364.502369,34680,08ca,12,34 B3 04 43 71 3D 54 42 92 6D 1C 42
1787904364.512697,34680,08cb,12,CD 4C 0F 43 C2 F5 00 42 31 08 7F 42
1787904364.523064,34680,08cc,12,00 00 50 42 A4 70 25 42 B0 F2 4B 42
1787904364.533627,34680,08cd,12,34 B3 0B 43 90 C2 23 42 9A D9 99 42
1787904364.544004,34680,08ce,12,CD CC 95 42 CC CC 3A 42 29 5C DF 41
1787904364.554389,34680,08cf,12,CD CC 11 43 A4 70 C5 41 AC 9C 45 42
1787904364.564786,34680,08d0,12,9A 99 7B 42 48 E1 EA 41 9E 6F EA 42
1787904364.575289,34680,08d1,12,00 00 DB 42 90 C2 84 42 3F B5 63 42
1787904364.585583,34680,08d2,12,33 33 F1 42 00 00 A0 41 58 B9 E1 42
1787904364.595878,34680,08d3,12,66 66 14 43 52 B8 91 42 72 68 1E 42
1787904364.606238,34680,08d4,12,CC CC AC 42 B8 1E 21 42 17 99 C6 42
1787904364.616674,34680,08d5,12,CD CC C2 42 A4 70 1F 42 56 CE C5 42
1787904364.627099,34680,08d6,12,00 00 C3 42 A4 70 25 42 8F 02 ED 42
1787904364.637444,34680,08d7,12,CC 4C 15 43 D7 A3 9C 42 B0 72 EA 41
1787904364.647744,34680,08d8,12,9A 99 B8 42 70 3D 1E 42 73 68 D9 42
1787904364.658181,34680,08d9,12,00 00 C7 42 E1 7A 9D 42 50 8D A3 42
1787904364.669281,34680,08da,12,00 00 9C 42 9A 99 9A 42 48 61 70 42
1787904364.679708,34680,08db,12,66 66 15 43 E2 7A 82 42 98 2E C8 42
1787904364.690036,34680,08dc,12,CC CC 0D 43 48 E1 90 42 7F 2A A2 42
1787904364.700500,34680,08dd,12,9A 19 14 43 C2 F5 91 42 A3 70 6A 42
1787904364.711057,34680,08de,12,9A 99 98 42 F6 28 FC 41 C9 F6 C9 42
1787904364.721575,34680,08df,12,33 33 A7 42 14 AE 2B 42 46 B6 3B 42
1787904364.731818,34680,08e0,12,9A 99 B5 42 90 C2 53 42 5A E4 E4 42
1787904364.742338,34680,08e1,12,33 33 D2 42 90 C2 1D 42 C5 20 92 42
1787904364.752900,34680,08e2,12,9A 99 09 43 5C 8F DA 41 60 E5 64 42
1787904364.782437,34680,08e3,12,00 00 BB 42 1E 85 8A 42 29 5C CA 42
1787904364.794581,34680,08e4,12,00 00 E5 42 AE 47 17 42 48 61 0D 42
1787904364.806713,34680,08e5,12,CD CC D0 42 5C 8F 3A 42 C6 CB 6E 42
1787904364.817651,34680,08e6,12,33 B3 15 43 29 5C 15 42 40 35 8A 42
1787904364.829387,34680,08e7,12,67 66 F2 42 D7 A3 3E 42 58 39 C5 41
1787904364.840718,34680,08e8,12,33 B3 00 43 00 00 66 42 5E FA A0 42
1787904364.851638,34680,08e9,12,9A 99 A7 42 29 5C 33 42 D9 4E 28 42
1787904364.862143,34680,08ea,12,00 00 FC 42 00 00 85 42 12 83 A7 42
1787904364.872916,34680,08eb,12,9A 99 BF 42 5C 8F 83 42 62 D0 D8 42
1787904364.883459,34680,08ec,12,66 66 9F 42 29 5C 5D 42 E8 FB 0C 42
1787904364.894031,34680,08ed,12,9A 99 01 43 C2 F5 36 42 62 90 8E 42
1787904364.904611,34680,08ee,12,00 00 DD 42 B8 1E 21 42 67 66 C6 42
1787904364.916081,34680,08ef,12,66 66 68 42 3E 0A 11 42 C3 F5 A3 41
1787904364.926556,34680,08f0,12,34 33 DD 42 70 3D E2 41 CF F7 B6 41
1787904364.936908,34680,08f1,12,00 80 0F 43 7B 14 98 42 25 C6 DC 42
1787904364.947426,34680,08f2,12,33 33 81 42 52 B8 94 42 F2 52 A6 42
1787904364.958148,34680,08f3,12,00 80 0D 43 9A 99 4B 42 E5 10 AC 42
1787904364.968649,34680,08f4,12,00 00 11 43 E1 7A 3C 42 8A 01 B2 42
1787904364.979496,34680,08f5,12,33 33 6F 42 A4 70 A1 41 60 E5 D1 41
1787904364.990478,34680,08f6,12,CD CC 5C 42 CD CC 70 42 A8 46 3F 42
1787904365.000973,34680,08f7,12,66 66 0F 43 F6 28 96 42 04 96 DB 42
1787904365.011636,34680,08f8,12,66 E6 11 43 E1 7A 48 42 2B 47 83 42
1787904365.022249,34680,08f9,12,00 80 15 43 3D 0A 77 42 92 6D 1C 42
1787904365.032693,34680,08fa,12,00 00 FC 42 8F C2 0B 42 40 35 32 42
1787904365.042999,34680,08fb,12,00 00 DF 42 9A 99 15 42 83 C0 37 42
1787904365.053316,34680,08fc,12,CC CC 0E 43 D7 A3 02 42 D4 B8 92 42
1787904365.063864,34680,08fd,12,00 00 C1 42 15 AE 49 42 BC B4 CF 42
1787904365.074714,34680,08fe,12,66 66 D7 42 EC 51 EC 41 AA B1 E4 42
1787904365.089874,34680,08ff,12,33 33 77 42 70 3D 30 42 70 3D EB 41
1787904365.100690,34680,0900,12,9A 99 ED 42 33 33 4F 42 56 0E AD 42
1787904365.111609,34680,0901,12,9A 99 AD 42 00 00 88 42 DF 4F 63 42
1787904365.122232,34680,0902,12,00 00 A6 42 00 00 00 42 76 BE DF 42
1787904365.132921,34680,0903,12,66 66 C7 42 0A D7 88 42 87 16 AB 41
1787904365.143624,34680,0904,12,9A 99 E6 42 14 AE E3 41 46 F6 DD 42
1787904365.154155,34680,0905,12,CD CC 9E 42 EC 51 9E 42 64 BB 39 42
1787904365.164783,34680,0906,12,00 00 D8 42 1F 85 93 42 E4 25 90 42
1787904365.175721,34680,0907,12,00 00 CC 42 48 E1 F6 41 B0 F2 A3 42
1787904365.186496,34680,0908,12,67 66 C9 42 A4 70 AD 41 46 36 6D 42
1787904365.197014,34680,0909,12,66 66 58 42 B8 1E 2D 42 B4 48 52 42
1787904365.207290,34680,090a,12,CD CC BB 42 66 66 D2 41 8B EC CD 42
1787904365.217674,34680,090b,12,33 33 5F 42 A4 70 9E 42 B0 32 8B 42
1787904365.228507,34680,090c,12,33 33 F9 42 AE 47 17 42 DF 4F 00 42
1787904365.238875,34680,090d,12,33 33 0E 43 29 5C 45 42 4E 62 48 42
1787904365.249306,34680,090e,12,00 00 CA 42 CD CC B0 41 1A AF 2A 42
1787904365.260023,34680,090f,12,33 33 AD 42 A4 70 61 42 44 8B 90 42
1787904365.270859,34680,0910,12,66 66 87 42 7B 14 28 42 1C 5A B7 42
1787904365.281359,34680,0911,12,33 33 E2 42 3E 0A 4D 42 C6 0B AE 42
1787904365.291800,34680,0912,12,9A 99 8B 42 66 66 20 42 27 31 DC 41
1787904365.302676,34680,0913,12,9A 99 E6 42 29 5C 09 42 CC 0C 86 42
1787904365.313190,34680,0914,12,9A 99 83 42 85 EB 79 42 DB F9 B4 42
1787904365.323902,34680,0915,12,00 00 5A 42 F6 28 08 42 E8 FB C7 42
1787904365.335833,34680,0916,12,CD CC 82 42 0A D7 A3 41 5A 24 CC 42
1787904365.346464,34680,0917,12,00 00 D1 42 D7 A3 A8 41 7F 2A A2 42
1787904365.357074,34680,0918,12,00 00 98 42 9A 99 91 42 12 03 D9 42
1787904365.369328,34680,0919,12,00 00 06 43 7A 14 86 42 79 29 CA 42
1787904365.381159,34680,091a,12,00 00 E9 42 5C 8F 2E 42 75 13 AB 42
1787904365.391527,34680,091b,12,CC CC 0D 43 70 3D 85 42 D3 4D A8 42
1787904365.401858,34680,091c,12,33 33 02 43 14 AE 61 42 F8 53 E1 42
1787904365.412097,34680,091d,12,66 66 E0 42 B8 1E 03 42 C1 CA A0 41
1787904365.422421,34680,091e,12,00 00 D7 42 29 5C 94 42 62 D0 D8 42
1787904365.432689,34680,091f,12,9A 99 A8 42 B8 1E 9A 42 A0 9A ED 42
1787904365.446960,34680,0920,12,66 66 F8 42 14 AE 0D 42 BC 74 2D 42
1787904365.457261,34680,0921,12,00 00 0A 43 14 AE D7 41 EF E7 BB 42
1787904365.467623,34680,0922,12,33 33 DF 42 EC 51 40 42 64 BB 39 42
1787904365.478193,34680,0923,12,00 00 FD 42 B8 1E F1 41 E3 A5 06 42
1787904365.488518,34680,0924,12,00 00 B8 42 C2 F5 C4 41 1D DA 2D 42
1787904365.499304,34680,0925,12,66 66 07 43 29 5C 15 42 9C 44 2C 42
1787904365.510210,34680,0926,12,34 33 A4 42 48 E1 D2 41 B0 72 D5 42
1787904365.522696,34680,0927,12,33 33 A1 42 D7 A3 A8 41 FC 69 9D 42
1787904365.533186,34680,0928,12,9A 19 14 43 D7 A3 68 42 52 B8 4E 42
1787904365.543798,34680,0929,12,9A 99 C4 42 5C 8F 5E 42 B0 32 8B 42
1787904365.554195,34680,092a,12,33 B3 14 43 70 3D 12 42 C5 A0 6B 42
1787904365.564541,34680,092b,12,CD 4C 12 43 5C 8F 95 42 1D DA 85 42
1787904365.582318,34680,092c,12,34 33 9D 42 AE 47 65 42 7D BF B7 42
1787904365.593344,34680,092d,12,66 E6 0E 43 B8 1E A9 41 C1 4A 65 42
1787904365.604491,34680,092e,12,CD CC 96 42 8F C2 6B 42 AE 47 E7 41
1787904365.615110,34680,092f,12,CD CC 83 42 71 3D 4E 42 AE 07 88 42
1787904365.625627,34680,0930,12,CD CC BC 42 F6 28 90 42 A8 C6 70 42
1787904365.636354,34680,0931,12,00 00 5C 42 0A D7 88 42 F0 A7 19 42
1787904365.646882,34680,0932,12,34 33 05 43 B8 1E 3F 42 60 65 8B 42
1787904365.658451,34680,0933,12,66 66 B5 42 7B 14 C2 41 71 3D D6 42
1787904365.668861,34680,0934,12,33 33 4B 42 66 66 3E 42 12 83 BC 41
1787904365.679704,34680,0935,12,33 33 9A 42 86 EB F5 41 0C 02 B3 41
1787904365.690384,34680,0936,12,66 66 D1 42 5C 8F 28 42 E8 BB E0 42
1787904365.701314,34680,0937,12,CC 4C 02 43 00 00 1E 42 17 D9 AD 42
1787904365.712042,34680,0938,12,CD CC 84 42 7B 14 64 42 66 66 DB 41
1787904365.722789,34680,0939,12,CD 4C 00 43 33 33 83 42 DF CF 89 42
1787904365.733234,34680,093a,12,33 33 D1 42 EC 51 22 42 83 40 06 42
1787904365.743556,34680,093b,12,66 66 4A 42 CD CC 10 42 3B 5F B5 42
1787904365.754446,34680,093c,12,CC 4C 01 43 8F C2 87 42 D7 A3 56 42
1787904365.764887,34680,093d,12,33 33 C0 42 29 5C 09 42 B8 DE 97 42
1787904365.775200,34680,093e,12,33 33 EE 42 5C 8F 80 42 F8 93 C8 42
1787904365.785470,34680,093f,12,33 33 91 42 5C 8F 7C 42 C7 4B AA 41
1787904365.795803,34680,0940,12,66 66 01 43 8F C2 7D 42 37 C9 C7 42
1787904365.806276,34680,0941,12,00 00 7E 42 D7 A3 50 42 91 ED 4D 42
1787904365.816785,34680,0942,12,00 80 02 43 29 5C D3 41 2F 9D 89 42
1787904365.827197,34680,0943,12,00 00 04 43 33 33 79 42 1C 9A 9E 42
1787904365.837514,34680,0944,12,66 66 0E 43 14 AE B3 41 12 83 4F 42
1787904365.848687,34680,0945,12,9A 99 0B 43 29 5C 5D 42 31 08 7F 42
1787904365.859435,34680,0946,12,9A 99 6D 42 52 B8 7E 42 79 69 59 42
1787904365.870112,34680,0947,12,CD CC 87 42 7B 14 52 42 6B 7C E5 42
1787904365.880959,34680,0948,12,66 66 A1 42 E1 7A 8B 42 9E 2F A0 42
1787904365.893034,34680,0949,12,66 66 68 42 CD CC E0 41 E4 25 90 42
1787904365.903761,34680,094a,12,66 66 72 42 AE 47 81 42 9C C4 CA 41
1787904365.933882,34680,094b,12,33 33 79 42 5C 8F 9E 42 42 60 35 42
1787904365.944454,34680,094c,12,00 00 E3 42 48 E1 84 42 C5 20 3A 42
1787904365.955087,34680,094d,12,66 66 E3 42 52 B8 00 42 2D F2 B7 42
1787904365.966692,34680,094e,12,33 B3 0F 43 34 33 8F 42 16 D9 C2 41
1787904365.979562,34680,094f,12,33 33 10 43 48 E1 F6 41 E1 7A BE 42
1787904365.990358,34680,0950,12,66 66 F3 42 66 66 02 42 4E 62 A0 42
1787904366.000947,34680,0951,12,CD CC EE 42 9A 99 63 42 56 CE C5 42
1787904366.012078,34680,0952,12,9A 99 F0 42 C2 F5 24 42 DC 39 9C 42
1787904366.023211,34680,0953,12,9A 19 01 43 C2 F5 8B 42 64 FB DB 42
1787904366.035126,34680,0954,12,33 33 0E 43 85 EB 79 42 4E 22 B9 42
1787904366.045618,34680,0955,12,66 E6 15 43 14 AE 8C 42 EE 7C E6 41
1787904366.056792,34680,0956,12,CC CC A7 42 B8 1E 09 42 F4 3D C2 42
1787904366.069881,34680,0957,12,9A 99 E7 42 29 5C 03 42 C9 76 40 42
1787904366.080233,34680,0958,12,66 66 B5 42 5C 8F AA 41 A0 1A BC 42
1787904366.090566,34680,0959,12,CD 4C 09 43 71 3D 6C 42 15 EE 91 42
1787904366.101012,34680,095a,12,CD CC 60 42 48 E1 96 42 EA A6 99 42
1787904366.111490,34680,095b,12,CC CC CF 42 67 66 6E 42 7B 14 83 42
1787904366.121996,34680,095c,12,66 66 02 43 0A D7 97 42 F6 28 F3 41
1787904366.132432,34680,095d,12,99 99 EA 42 70 3D 0C 42 2B 87 E2 41
1787904366.143369,34680,095e,12,00 00 54 42 F6 28 8D 42 4A 0C 9A 42
1787904366.154557,34680,095f,12,66 66 BA 42 85 EB E9 41 C2 75 68 42
1787904366.165157,34680,0960,12,34 B3 0B 43 D7 A3 08 42 BE DF D2 42
1787904366.175943,34680,0961,12,00 00 4C 42 B8 1E 2D 42 EB 11 E7 42
1787904366.186498,34680,0962,12,9A 99 6B 42 E1 7A B8 41 17 99 C6 42
1787904366.197244,34680,0963,12,33 33 79 42 71 3D BE 41 74 93 F1 41
1787904366.207923,34680,0964,12,66 66 9F 42 66 66 93 42 C5 A0 08 42
1787904366.218550,34680,0965,12,66 66 06 43 EB 51 5E 42 EE 3C EA 42
1787904366.229086,34680,0966,12,66 66 F5 42 EC 51 28 42 C1 4A BD 42
1787904366.239657,34680,0967,12,CD CC 98 42 48 E1 EA 41 DD 24 CD 41
1787904366.250190,34680,0968,12,CD CC 9C 42 71 3D 24 42 D7 A3 AE 42
1787904366.261563,34680,0969,12,66 66 06 43 1F 85 4D 42 06 01 C6 42
1787904366.272977,34680,096a,12,33 33 DF 42 CC CC EC 41 D5 38 C4 42
1787904366.283798,34680,096b,12,33 33 85 42 29 5C D3 41 D4 B8 92 42
1787904366.294826,34680,096c,12,00 00 CA 42 5C 8F 2E 42 64 3B D8 41
1787904366.305523,34680,096d,12,9A 99 BD 42 66 66 74 42 5A A4 9A 42
1787904366.315945,34680,096e,12,CC CC 07 43 5C 8F 22 42 FA 7E 29 42
1787904366.326427,34680,096f,12,00 80 15 43 66 66 3E 42 DF 4F BB 42
1787904366.337304,34680,0970,12,33 33 15 43 5C 8F C2 41 C2 F5 8E 42
1787904366.348410,34680,0971,12,CD CC 83 42 D7 A3 14 42 60 25 A4 42
1787904366.359025,34680,0972,12,00 00 99 42 66 66 DE 41 91 6D 7F 42
1787904366.369874,34680,0973,12,99 99 E9 42 85 EB DD 41 50 CD ED 42
1787904366.380248,34680,0974,12,CC CC F4 42 52 B8 66 42 CD 8C B7 42
1787904366.391736,34680,0975,12,CD CC FE 42 B8 1E 3F 42 DF 4F 00 42
1787904366.402130,34680,0976,12,33 33 8B 42 A4 70 55 42 7F 6A 31 42
1787904366.412402,34680,0977,12,00 00 82 42 00 00 3C 42 F4 FD EF 41
1787904366.422619,34680,0978,12,9A 99 B1 42 0A D7 EB 41 08 EC E1 42
1787904366.432897,34680,0979,12,9A 99 F2 42 00 00 82 42 FA 7E F9 41
1787904366.443267,34680,097a,12,33 33 D2 42 1F 85 8D 42 8E 17 16 42
1787904366.453485,34680,097b,12,9A 19 03 43 E2 7A 4E 42 40 B5 00 42
1787904366.463761,34680,097c,12,00 00 0E 43 3D 0A 59 42 9E EF B8 42
1787904366.474023,34680,097d,12,66 66 D3 42 3E 0A 87 42 C9 76 40 42
1787904366.484448,34680,097e,12,00 00 C3 42 70 3D 5A 42 1F 05 31 42
1787904366.494856,34680,097f,12,00 00 82 42 99 99 7B 42 7B 14 83 42
1787904366.505115,34680,0980,12,33 33 49 42 52 B8 06 42 1F 85 62 42
1787904366.515504,34680,0981,12,33 33 5D 42 1F 85 05 42 27 F1 DF 42
1787904366.525943,34680,0982,12,33 33 09 43 7A 14 FE 41 6A 7C 82 42
1787904366.537170,34680,0983,12,9A 19 00 43 14 AE 7F 42 A3 70 6A 42
1787904366.547765,34680,0984,12,CD CC C7 42 3D 0A 8A 42 2B 87 12 42
1787904366.558188,34680,0985,12,66 66 9C 42 29 5C F7 41 E1 7A 03 42
1787904366.568830,34680,0986,12,00 00 9F 42 52 B8 72 42 0A 57 CC 42
1787904366.579235,34680,0987,12,00 00 07 43 90 C2 35 42 7F 6A 89 42
1787904366.589915,34680,0988,12,66 66 F6 42 A4 70 6D 42 99 59 CB 42
1787904366.600657,34680,0989,12,9A 99 FF 42 0A D7 51 42 CB 21 CD 42
1787904366.611346,34680,098a,12,CD CC FE 42 CD CC 40 42 58 79 97 42
1787904366.621983,34680,098b,12,9A 19 0A 43 14 AE 43 42 79 69 B1 42
1787904366.632609,34680,098c,12,9A 99 BD 42 C3 F5 12 42 46 F6 DD 42
1787904366.642886,34680,098d,12,33 33 F4 42 1E 85 41 42 21 70 D6 42
1787904366.653338,34680,098e,12,33 33 15 43 D7 A3 81 42 2B 47 83 42
1787904366.663710,34680,098f,12,CC CC C0 42 5C 8F 0A 42 CA A1 9B 42
1787904366.674131,34680,0990,12,9A 99 AC 42 AE 47 D5 41 DD 24 CD 41
1787904366.685228,34680,0991,12,33 33 D8 42 EC 51 76 42 96 C3 22 42
1787904366.695883,34680,0992,12,33 33 DF 42 D7 A3 84 42 23 DB C0 42
1787904366.706506,34680,0993,12,66 66 9B 42 A4 70 83 42 38 89 25 42
1787904366.717434,34680,0994,12,33 B3 02 43 14 AE D7 41 4C B7 CE 42
1787904366.727819,34680,0995,12,CD 4C 0F 43 29 5C EB 41 3E 8A 60 42
1787904366.738319,34680,0996,12,9A 99 BD 42 EC 51 98 42 CD 4C D0 42
1787904366.748817,34680,0997,12,9A 99 9A 42 1F 85 7D 42 D7 A3 C3 41
1787904366.759733,34680,0998,12,9A 99 BC 42 7A 14 76 42 C8 F6 0E 42
1787904366.770621,34680,0999,12,00 00 B7 42 9A 99 57 42 56 4E 94 42
1787904366.781317,34680,099a,12,00 00 AA 42 14 AE 07 42 7F AA D3 42
1787904366.792074,34680,099b,12,00 80 01 43 29 5C 75 42 14 AE BF 41
1787904366.802556,34680,099c,12,9A 99 C5 42 14 AE FB 41 D1 A2 7E 42
1787904366.813048,34680,099d,12,CC 4C 15 43 29 5C D3 41 F0 A7 E9 41
1787904366.823735,34680,099e,12,66 66 6C 42 52 B8 94 42 1B AF E5 42
1787904366.834452,34680,099f,12,CC CC DA 42 F6 28 8D 42 5E BA CE 41
1787904366.845033,34680,09a0,12,9A 19 14 43 7B 14 E6 41 FC 29 B6 42
1787904366.855579,34680,09a1,12,CD CC FC 42 14 AE B3 41 AE 47 D2 42
1787904366.866538,34680,09a2,12,9A 99 5F 42 F6 28 62 42 70 3D 1B 42
1787904366.877175,34680,09a3,12,CD 4C 06 43 C2 F5 6C 42 24 86 3A 42
1787904366.887635,34680,09a4,12,9A 99 C4 42 B8 1E FD 41 B8 DE 97 42
1787904366.898039,34680,09a5,12,00 80 0D 43 14 AE 01 42 B7 73 AD 42
1787904366.908711,34680,09a6,12,CC CC 08 43 3E 0A 90 42 0E 2D A1 42
1787904366.919072,34680,09a7,12,66 E6 0A 43 C2 F5 94 42 0A 17 E5 42
1787904366.929559,34680,09a8,12,9A 99 DB 42 48 E1 0E 42 A3 30 DB 42
1787904366.939985,34680,09a9,12,00 80 06 43 48 E1 99 42 68 D1 B0 42
1787904366.950458,34680,09aa,12,9A 99 94 42 00 00 18 42 15 EE 91 42
1787904366.960826,34680,09ab,12,66 66 B8 42 5C 8F DA 41 58 39 B0 42
1787904366.971274,34680,09ac,12,33 33 06 43 A4 70 3D 42 71 3D 7E 42
1787904366.981817,34680,09ad,12,9A 99 C1 42 85 EB 2B 42 FE 14 D2 42
1787904366.994474,34680,09ae,12,9A 99 BC 42 14 AE 01 42 6C A7 E8 42
1787904367.013277,34680,09af,12,9A 99 49 42 CD CC 58 42 E1 BA A5 42
1787904367.023833,34680,09b0,12,9A 99 8B 42 0A D7 88 42 25 06 09 42
1787904367.035662,34680,09b1,12,9A 99 D8 42 0A D7 88 42 8C 6C 9C 42
1787904367.046626,34680,09b2,12,9A 99 93 42 66 66 14 42 8F 42 7C 42
1787904367.057214,34680,09b3,12,CC 4C 08 43 8F C2 6B 42 3A F4 CA 42
1787904367.075704,34680,09b4,12,33 B3 06 43 B8 1E 6F 42 5D 0F E8 42
1787904367.086710,34680,09b5,12,33 33 83 42 34 33 7F 42 DD 24 60 42
1787904367.097371,34680,09b6,12,9A 19 0E 43 B8 1E D9 41 E8 FB C7 42
1787904367.108578,34680,09b7,12,34 33 05 43 14 AE 73 42 F2 92 8D 42
1787904367.121239,34680,09b8,12,34 33 B7 42 D7 A3 62 42 A3 70 C2 42
1787904367.131990,34680,09b9,12,CD CC A0 42 EC 51 4C 42 C2 75 C0 42
1787904367.144578,34680,09ba,12,66 66 89 42 0A D7 63 42 7F EA BA 42
1787904367.155411,34680,09bb,12,00 00 C1 42 48 E1 6E 42 EB 91 B5 42
1787904367.166177,34680,09bc,12,9A 99 C8 42 66 66 AE 41 87 96 6F 42
1787904367.176930,34680,09bd,12,9A 99 A7 42 66 66 9C 42 D7 A3 56 42
1787904367.187509,34680,09be,12,66 E6 0E 43 52 B8 E2 41 B8 5E C9 42
1787904367.198573,34680,09bf,12,33 33 61 42 7B 14 3A 42 A3 30 DB 42
1787904367.209253,34680,09c0,12,9A 99 D1 42 D7 A3 9F 42 AE 07 88 42
1787904367.219695,34680,09c1,12,CD 4C 0A 43 14 AE 25 42 06 C1 DE 42
1787904367.230249,34680,09c2,12,66 66 D9 42 0A D7 6F 42 B2 1D 4F 42
1787904367.240628,34680,09c3,12,33 33 EE 42 A4 70 A1 41 BC B4 CF 42
1787904367.250936,34680,09c4,12,66 66 B9 42 C2 F5 36 42 0A 17 82 42
1787904367.261394,34680,09c5,12,00 00 09 43 B8 1E 63 42 8F 02 ED 42
1787904367.271780,34680,09c6,12,9A 19 01 43 52 B8 48 42 27 31 6F 42
1787904367.282010,34680,09c7,12,CD CC A0 42 00 00 88 42 5E BA B9 42
1787904367.292518,34680,09c8,12,9A 19 11 43 E2 7A D0 41 04 16 AA 42
1787904367.302906,34680,09c9,12,9A 99 13 43 7B 14 3A 42 CD 8C B7 42
1787904367.313192,34680,09ca,12,9A 99 00 43 85 EB E9 41 44 8B 90 42
1787904367.323666,34680,09cb,12,67 66 EF 42 F6 28 CC 41 EC 51 13 42
1787904367.334249,34680,09cc,12,33 33 67 42 1F 85 59 42 B6 F3 23 42
1787904367.344932,34680,09cd,12,00 00 F8 42 14 AE D7 41 0E AD 7A 42
1787904367.357121,34680,09ce,12,00 00 DF 42 D7 A3 0E 42 F8 93 C8 42
1787904367.367699,34680,09cf,12,00 00 81 42 00 00 0C 42 8A C1 72 42
1787904367.378198,34680,09d0,12,CD CC 5C 42 CC CC EC 41 DB F9 C9 41
1787904367.388438,34680,09d1,12,9A 99 FE 42 33 33 67 42 48 E1 AB 41
1787904367.398957,34680,09d2,12,66 66 5E 42 D7 A3 D8 41 F2 52 A6 42
1787904367.409443,34680,09d3,12,CD CC FA 42 B8 1E 91 42 F8 93 C8 42
1787904367.419730,34680,09d4,12,00 00 A7 42 14 AE D7 41 12 83 BC 41
1787904367.430204,34680,09d5,12,CD CC A9 42 AE 47 9F 42 8B 6C B1 41
1787904367.440739,34680,09d6,12,9A 99 B6 42 52 B8 88 42 CA A1 43 42
1787904367.451099,34680,09d7,12,9A 99 9C 42 52 B8 D6 41 38 89 25 42
1787904367.461527,34680,09d8,12,CD CC 5E 42 C2 F5 5A 42 93 18 BE 41
1787904367.471841,34680,09d9,12,66 66 DC 42 0A D7 15 42 EB 51 76 42
1787904367.482275,34680,09da,12,9A 99 96 42 33 33 D7 41 E8 BB E0 42
1787904367.495530,34680,09db,12,66 66 AB 42 48 E1 7A 42 72 68 1E 42
1787904367.513000,34680,09dc,12,00 00 FD 42 AE 47 C9 41 A3 70 6A 42
1787904367.530299,34680,09dd,12,CC CC DB 42 C3 F5 12 42 A6 9B C5 42
1787904367.546113,34680,09de,12,00 00 E8 42 EC 51 3A 42 D3 4D 50 42
1787904367.556579,34680,09df,12,33 33 F5 42 F6 28 20 42 F0 27 A3 42
1787904367.567176,34680,09e0,12,66 66 E9 42 7B 14 92 42 48 E1 96 42
1787904367.577623,34680,09e1,12,00 00 F2 42 52 B8 8B 42 AE 47 7A 42
1787904367.587964,34680,09e2,12,CD CC 66 42 B8 1E 15 42 C5 60 DC 42
1787904367.598304,34680,09e3,12,9A 99 10 43 90 C2 23 42 CC 4C 15 42
1787904367.608745,34680,09e4,12,CC CC F5 42 D7 A3 90 42 C1 CA A0 41
1787904367.619027,34680,09e5,12,00 00 BD 42 52 B8 60 42 C1 4A 65 42
1787904367.629904,34680,09e6,12,CD CC DD 42 85 EB 61 42 E9 66 B2 42
1787904367.641007,34680,09e7,12,66 66 C0 42 A3 70 5B 42 AA 71 42 42
1787904367.651410,34680,09e8,12,00 00 50 42 E1 7A 42 42 17 59 DF 42
1787904367.661994,34680,09e9,12,9A 99 ED 42 29 5C 88 42 6E 12 18 42
1787904367.672461,34680,09ea,12,66 66 C4 42 CC CC 16 42 10 58 4C 42
1787904367.683185,34680,09eb,12,66 66 D7 42 D7 A3 44 42 C9 F6 C9 42
1787904367.693725,34680,09ec,12,66 66 78 42 D7 A3 D8 41 A4 70 07 42
1787904367.704231,34680,09ed,12,00 00 CB 42 D7 A3 FC 41 A8 46 3F 42
1787904367.714680,34680,09ee,12,33 33 DF 42 AE 47 05 42 18 04 B1 42
1787904367.732580,34680,09ef,12,66 66 0C 43 48 E1 4A 42 C2 75 68 42
1787904367.742899,34680,09f0,12,66 66 DF 42 29 5C 82 42 68 D1 B0 42
1787904367.753201,34680,09f1,12,67 66 E6 42 66 66 F6 41 2C 07 44 42
1787904367.765588,34680,09f2,12,CD CC D0 42 85 EB 7F 42 C5 20 92 42
1787904367.775898,34680,09f3,12,34 B3 10 43 85 EB 5B 42 00 00 A0 41
1787904367.786260,34680,09f4,12,00 00 D3 42 52 B8 EE 41 A0 9A 8A 42
1787904367.796680,34680,09f5,12,CD CC 9D 42 29 5C 15 42 00 00 8B 42
1787904367.807351,34680,09f6,12,33 33 99 42 1E 85 71 42 B2 9D 1D 42
1787904367.818093,34680,09f7,12,CD CC EC 42 A4 70 1F 42 B0 72 7D 42
1787904367.828350,34680,09f8,12,66 66 C7 42 5C 8F F2 41 D2 22 4D 42
1787904367.838735,34680,09f9,12,00 00 E0 42 CD CC 86 42 A4 F0 38 42
1787904367.849232,34680,09fa,12,33 33 95 42 A4 70 19 42 68 D1 B0 42
1787904367.859583,34680,09fb,12,9A 99 69 42 52 B8 24 42 04 56 39 42
1787904367.870652,34680,09fc,12,66 66 E9 42 F6 28 32 42 83 40 06 42
1787904367.881146,34680,09fd,12,33 33 02 43 52 B8 E2 41 A6 1B 3C 42
1787904367.891855,34680,09fe,12,CD CC D3 42 29 5C 45 42 F4 BD 90 42
1787904367.902344,34680,09ff,12,66 66 F4 42 52 B8 00 42 29 5C DF 41
1787904367.912960,34680,0a00,12,CD CC B5 42 1F 85 96 42 B2 1D A7 42
1787904367.923366,34680,0a01,12,00 00 72 42 29 5C 85 42 D7 E3 95 42
1787904367.933993,34680,0a02,12,00 00 C2 42 C2 F5 00 42 69 91 0E 42
1787904367.944757,34680,0a03,12,66 66 0F 43 00 00 66 42 7D BF B7 42
1787904367.955852,34680,0a04,12,CD CC 86 42 A4 70 73 42 5A E4 E4 42
1787904367.966663,34680,0a05,12,9A 99 D8 42 A4 70 C5 41 EB D1 44 42
1787904367.977495,34680,0a06,12,9A 19 02 43 C3 F5 97 42 00 00 33 42
1787904367.988015,34680,0a07,12,9A 99 8D 42 0A D7 C7 41 6A 3C 9B 42
1787904367.998459,34680,0a08,12,66 66 B8 42 52 B8 E2 41 83 40 C1 42
1787904368.009121,34680,0a09,12,00 00 9E 42 E1 7A 3C 42 1F 85 BA 42
1787904368.019708,34680,0a0a,12,66 66 E7 42 14 AE 7F 42 AA F1 10 42
1787904368.030218,34680,0a0b,12,33 33 B5 42 AE 47 6B 42 68 11 40 42
1787904368.040696,34680,0a0c,12,33 33 AE 42 7B 14 0A 42 E8 3B AF 42
1787904368.051639,34680,0a0d,12,33 33 A6 42 48 E1 1A 42 5D 8F B6 42
1787904368.062305,34680,0a0e,12,9A 99 89 42 F6 28 99 42 D2 62 8C 42
1787904368.072629,34680,0a0f,12,66 66 62 42 D7 A3 3E 42 BA C9 5B 42
1787904368.083151,34680,0a10,12,66 66 88 42 5C 8F 76 42 29 DC 40 42
1787904368.093677,34680,0a11,12,9A 99 98 42 CC CC 4C 42 4E A2 87 42
1787904368.104074,34680,0a12,12,66 66 92 42 5C 8F 98 42 81 D5 D6 42
1787904368.114524,34680,0a13,12,CD CC C3 42 52 B8 06 42 2D F2 B7 42
1787904368.125072,34680,0a14,12,CD CC D7 42 29 5C 9D 42 DC 79 2B 42
1787904368.135647,34680,0a15,12,00 80 0E 43 5C 8F AA 41 16 59 24 42
1787904368.146061,34680,0a16,12,00 80 0B 43 F6 28 44 42 58 39 58 42
1787904368.156592,34680,0a17,12,9A 99 D5 42 B8 1E 3F 42 C6 8B DF 42
1787904368.166989,34680,0a18,12,CC CC BF 42 52 B8 00 42 5E 3A 30 42
1787904368.181147,34680,0a19,12,66 66 FA 42 52 B8 36 42 83 C0 A4 41
1787904368.191932,34680,0a1a,12,00 00 9F 42 AE 47 F9 41 31 88 4D 42
1787904368.202893,34680,0a1b,12,CD 4C 05 43 B8 1E 03 42 27 71 AE 42
1787904368.213518,34680,0a1c,12,CD CC 5A 42 5C 8F AA 41 E1 7A 03 42
1787904368.224575,34680,0a1d,12,66 66 4E 42 F6 28 56 42 A2 45 04 42
1787904368.235086,34680,0a1e,12,9A 99 99 42 7B 14 83 42 4C 37 B2 41
1787904368.245951,34680,0a1f,12,66 66 88 42 AE 47 93 42 5C 8F CB 41
1787904368.256886,34680,0a20,12,34 33 04 43 5D 8F 52 42 B0 B2 BC 42
1787904368.268565,34680,0a21,12,66 66 9B 42 A4 70 4F 42 27 31 6F 42
1787904368.279404,34680,0a22,12,CD CC D7 42 3E 0A C3 41 B8 1E 27 42
1787904368.290449,34680,0a23,12,9A 99 77 42 00 00 1E 42 C6 CB 6E 42
1787904368.301294,34680,0a24,12,00 80 09 43 7B 14 1C 42 10 58 A4 42
1787904368.313042,34680,0a25,12,00 00 04 43 3D 0A F3 41 56 8E 23 42
1787904368.323484,34680,0a26,12,CD CC 78 42 14 AE 9B 42 8B EC 75 42
1787904368.334097,34680,0a27,12,00 00 B2 42 5C 8F 5E 42 60 25 A4 42
1787904368.345081,34680,0a28,12,9A 99 98 42 5C 8F C2 41 40 35 32 42
1787904368.355739,34680,0a29,12,33 33 8E 42 70 3D 1E 42 2F DD 7B 42
1787904368.366767,34680,0a2a,12,00 00 0D 43 70 3D 78 42 99 59 CB 42
1787904368.377300,34680,0a2b,12,00 00 BE 42 70 3D 36 42 0E 2D A1 42
1787904368.387792,34680,0a2c,12,CD CC 05 43 33 33 A7 41 8A 41 99 42
1787904368.398304,34680,0a2d,12,CD CC FA 42 0A D7 91 42 87 96 6F 42
1787904368.409066,34680,0a2e,12,CD CC 5A 42 00 00 94 42 18 04 B1 42
1787904368.419757,34680,0a2f,12,66 66 9C 42 1F 85 59 42 87 96 C7 42
1787904368.430210,34680,0a30,12,CD CC F7 42 B8 1E 8E 42 36 1E 93 42
1787904368.440743,34680,0a31,12,9A 99 F2 42 EC 51 34 42 CF 77 18 42
1787904368.451473,34680,0a32,12,9A 99 04 43 1F 85 87 42 F8 53 F6 41
1787904368.462871,34680,0a33,12,9A 99 6B 42 AE 47 87 42 A2 45 BF 42
1787904368.473686,34680,0a34,12,34 33 0B 43 F6 28 8A 42 23 DB 68 42
1787904368.484180,34680,0a35,12,00 00 C2 42 9A 99 94 42 0A 57 11 42
1787904368.494570,34680,0a36,12,66 66 DF 42 CD CC 76 42 E6 50 93 42
1787904368.505093,34680,0a37,12,33 33 A1 42 7B 14 1C 42 C6 CB 0B 42
1787904368.515430,34680,0a38,12,66 66 B1 42 0A D7 6F 42 8F 42 7C 42
1787904368.531825,34680,0a39,12,33 33 7D 42 67 66 50 42 D5 F8 DC 42
1787904368.542130,34680,0a3a,12,9A 19 10 43 85 EB 79 42 F4 7D A9 42
1787904368.552863,34680,0a3b,12,9A 99 06 43 29 5C 69 42 4C B7 CE 42
1787904368.563163,34680,0a3c,12,CD CC C8 42 52 B8 60 42 A0 9A ED 42
1787904368.573386,34680,0a3d,12,CD CC 7C 42 85 EB 80 42 CD CC 9E 42
1787904368.583711,34680,0a3e,12,00 00 84 42 5C 8F 64 42 06 01 C6 42
1787904368.594118,34680,0a3f,12,CD CC 99 42 F6 28 99 42 CB 61 B4 42
1787904368.605950,34680,0a40,12,9A 99 8C 42 F6 28 93 42 CF 37 EC 42
1787904368.619409,34680,0a41,12,CD CC 8D 42 48 E1 87 42 8A C1 72 42
1787904368.629865,34680,0a42,12,9A 99 A8 42 48 E1 C6 41 54 E3 BE 41
1787904368.641980,34680,0a43,12,34 33 DB 42 66 66 EA 41 DB B9 CD 42
1787904368.652446,34680,0a44,12,00 00 B8 42 48 E1 BA 41 83 40 06 42
1787904368.662894,34680,0a45,12,33 33 98 42 00 00 0C 42 8B EC 75 42
1787904368.673296,34680,0a46,12,66 66 B0 42 A4 70 E9 41 4E E2 D1 42
1787904368.683627,34680,0a47,12,33 33 87 42 F6 28 9F 42 75 13 AB 42
1787904368.694008,34680,0a48,12,00 00 EC 42 D7 A3 32 42 F0 A7 E9 41
1787904368.704558,34680,0a49,12,00 00 76 42 48 E1 84 42 7D 3F 2E 42
1787904368.714943,34680,0a4a,12,9A 99 A1 42 29 5C 45 42 18 04 59 42
1787904368.725676,34680,0a4b,12,9A 19 0D 43 7A 14 2E 42 72 68 EE 41
1787904368.737521,34680,0a4c,12,CD CC 15 43 67 66 62 42 33 B3 50 42
1787904368.747804,34680,0a4d,12,33 33 15 43 D7 A3 8D 42 CB 21 CD 42
1787904368.758015,34680,0a4e,12,33 33 AE 42 90 C2 D5 41 F8 13 97 42
1787904368.768547,34680,0a4f,12,00 00 74 42 B8 1E 03 42 A2 C5 8D 42
1787904368.779152,34680,0a50,12,00 00 03 43 00 00 7E 42 2B 87 12 42
1787904368.789682,34680,0a51,12,9A 99 C7 42 3E 0A 5F 42 2C 07 9C 42
1787904368.804238,34680,0a52,12,9A 99 D3 42 33 33 67 42 B0 32 8B 42
1787904368.814909,34680,0a53,12,9A 19 0E 43 3E 0A 81 42 52 38 D8 42
1787904368.825467,34680,0a54,12,66 66 B5 42 66 66 7A 42 2F DD 18 42
1787904368.835778,34680,0a55,12,9A 99 C6 42 D7 A3 8A 42 3A F4 CA 42
1787904368.846384,34680,0a56,12,CD CC F9 42 CD CC 04 42 54 A3 C2 42
1787904368.857229,34680,0a57,12,66 66 F3 42 F6 28 2C 42 0E AD D2 42
1787904368.867685,34680,0a58,12,9A 99 75 42 E2 7A 00 42 2F 1D BB 42
1787904368.879267,34680,0a59,12,33 33 51 42 B8 1E 85 42 5E BA B9 42
1787904368.889563,34680,0a5a,12,66 66 A5 42 14 AE D7 41 D3 8D 8F 42
1787904368.901909,34680,0a5b,12,33 33 8E 42 48 E1 26 42 83 40 C1 42
1787904368.912234,34680,0a5c,12,33 33 0D 43 B8 1E 91 42 06 81 3C 42
1787904368.922651,34680,0a5d,12,00 80 05 43 F6 28 9C 42 D9 0E 99 42
1787904368.933969,34680,0a5e,12,33 33 83 42 8F C2 87 42 A8 86 E1 42
1787904368.945360,34680,0a5f,12,66 66 BE 42 CD CC 9E 42 89 41 AE 41
1787904368.955766,34680,0a60,12,33 33 EA 42 1F 85 59 42 4E 62 48 42
1787904368.966168,34680,0a61,12,34 33 B6 42 15 AE 5B 42 B2 9D ED 41
1787904368.976769,34680,0a62,12,33 33 93 42 3D 0A 23 42 E8 7B 96 42
1787904368.988331,34680,0a63,12,CD CC 90 42 66 66 14 42 A8 C6 DD 41
1787904368.999433,34680,0a64,12,00 00 11 43 A4 70 0D 42 A3 B0 A9 42
1787904369.010442,34680,0a65,12,00 00 03 43 CC CC 92 42 35 5E DD 42
1787904369.020937,34680,0a66,12,CC CC C5 42 C2 F5 D0 41 FE 94 A0 42
1787904369.031422,34680,0a67,12,33 33 BA 42 3E 0A C3 41 73 A8 C0 42
1787904369.042310,34680,0a68,12,9A 99 4F 42 EC 51 89 42 8A 41 99 42
1787904369.066237,34680,0a69,12,33 33 8C 42 7B 14 64 42 E4 E5 A8 42
1787904369.076902,34680,0a6a,12,66 66 C8 42 5C 8F 86 42 87 96 0C 42
1787904369.087488,34680,0a6b,12,66 66 E1 42 14 AE 61 42 FA 7E F9 41
1787904369.098562,34680,0a6c,12,66 66 68 42 A4 70 92 42 0C 82 77 42
1787904369.108955,34680,0a6d,12,9A 99 FB 42 0A D7 8E 42 DB B9 CD 42
1787904369.119525,34680,0a6e,12,00 00 DD 42 00 00 18 42 DF CF EC 42
1787904369.130214,34680,0a6f,12,9A 99 DB 42 48 E1 2C 42 F4 7D A9 42
1787904369.140573,34680,0a70,12,66 66 DD 42 29 5C 88 42 B4 48 AA 42
1787904369.151061,34680,0a71,12,9A 99 E0 42 34 33 7F 42 A2 45 04 42
1787904369.161515,34680,0a72,12,66 66 F5 42 CC CC 3A 42 94 58 90 42
1787904369.171999,34680,0a73,12,9A 99 D7 42 7B 14 0A 42 79 A9 98 42
1787904369.182761,34680,0a74,12,33 33 8F 42 14 AE 7F 42 0C 82 77 42
1787904369.193255,34680,0a75,12,00 00 84 42 1F 85 4D 42 D5 F8 DC 42
1787904369.203937,34680,0a76,12,9A 99 90 42 AE 47 2F 42 50 8D 4B 42
1787904369.215603,34680,0a77,12,00 00 E5 42 A4 70 07 42 AE C7 A0 42
1787904369.225951,34680,0a78,12,CC CC AC 42 85 EB 89 42 B2 5D 8E 42
1787904369.236227,34680,0a79,12,9A 19 01 43 29 5C 21 42 C0 8A A4 42
1787904369.246662,34680,0a7a,12,34 B3 04 43 85 EB 7F 42 7F AA D3 42
1787904369.265108,34680,0a7b,12,9A 99 A4 42 66 66 44 42 64 BB 91 42
1787904369.275538,34680,0a7c,12,9A 99 CE 42 90 C2 71 42 31 48 BE 42
1787904369.285848,34680,0a7d,12,33 33 8C 42 00 00 36 42 AE 47 E7 41
1787904369.296162,34680,0a7e,12,CD CC D4 42 7B 14 64 42 CB A1 B0 41
1787904369.306510,34680,0a7f,12,33 33 86 42 CD CC 04 42 D7 A3 56 42
1787904369.316864,34680,0a80,12,66 66 BD 42 9A 99 75 42 9A 19 29 42
1787904369.327293,34680,0a81,12,34 33 FE 42 D7 A3 C0 41 0E 2D 49 42
1787904369.339695,34680,0a82,12,33 33 AC 42 3E 0A 7D 42 5E BA 61 42
1787904369.352766,34680,0a83,12,9A 19 10 43 9A 99 CD 41 48 61 70 42
1787904369.363640,34680,0a84,12,33 33 08 43 48 E1 44 42 8B AC E6 42
1787904369.375035,34680,0a85,12,33 33 9B 42 34 33 3D 42 AC 1C E4 41
1787904369.386948,34680,0a86,12,33 33 55 42 66 66 08 42 E5 D0 C4 42
1787904369.398380,34680,0a87,12,33 33 61 42 A4 70 A1 41 68 51 E2 42
1787904369.409226,34680,0a88,12,99 99 EA 42 B8 1E 85 42 DB F9 B4 42
1787904369.421409,34680,0a89,12,CD CC 83 42 48 E1 96 42 48 61 70 42
1787904369.434325,34680,0a8a,12,00 00 C6 42 A4 70 1F 42 48 E1 96 42
1787904369.445116,34680,0a8b,12,9A 99 91 42 D7 A3 2C 42 8F 02 ED 42
1787904369.455765,34680,0a8c,12,66 66 03 43 E2 7A 5A 42 A6 DB AC 42
1787904379.491290,34680,0a8e,12,9A 19 0B 43 0A D7 97 42 BA 49 E5 42
1787904379.501580,34680,0a8f,12,33 33 06 43 B8 1E 88 42 B0 F2 4B 42
1787904379.512404,34680,0a90,12,CC CC AD 42 5C 8F 76 42 C5 A0 08 42
1787904379.522915,34680,0a91,12,CD CC EB 42 AE 47 53 42 CB 21 75 42
1787904379.534154,34680,0a92,12,34 33 DA 42 00 00 82 42 A6 9B C5 42
1787904379.545333,34680,0a93,12,66 66 97 42 70 3D 06 42 76 3E AE 42
1787904379.559478,34680,0a94,12,00 00 B2 42 C3 F5 88 42 AA B1 E4 42
1787904379.570138,34680,0a95,12,66 66 72 42 70 3D 48 42 60 25 A4 42
1787904379.580697,34680,0a96,12,CD 4C 11 43 90 C2 05 42 8D D7 E9 42
1787904379.591153,34680,0a97,12,9A 99 0F 43 EC 51 E0 41 54 E3 BE 41
1787904379.601928,34680,0a98,12,9A 99 8E 42 C2 F5 91 42 BA C9 B3 42
1787904379.617175,34680,0a99,12,9A 99 FF 42 9A 99 FD 41 9C C4 CA 41
1787904379.628260,34680,0a9a,12,9A 99 81 42 E2 7A 82 42 BC 74 2D 42
1787904379.639172,34680,0a9b,12,CD CC AF 42 0A D7 75 42 2D B2 D0 42
1787904379.650430,34680,0a9c,12,CD 4C 0A 43 00 00 30 42 36 5E 22 42
1787904379.661229,34680,0a9d,12,CC CC AD 42 33 33 98 42 3A B4 28 42
1787904379.671892,34680,0a9e,12,CC CC B3 42 F6 28 02 42 0E ED B9 42
1787904379.682794,34680,0a9f,12,66 E6 0F 43 AE 47 90 42 CD CC 46 42
1787904379.695270,34680,0aa0,12,33 33 E4 42 48 E1 68 42 A8 C6 0D 42
1787904379.706456,34680,0aa1,12,00 80 00 43 7B 14 70 42 8B EC 75 42
1787904379.717134,34680,0aa2,12,9A 99 A4 42 00 00 9D 42 4C 77 84 42
1787904379.734316,34680,0aa3,12,33 B3 07 43 A4 70 80 42 11 D8 7D 42
1787904379.772717,34680,0aa4,12,9A 99 FF 42 B8 1E 09 42 E0 8F A2 42
1787904379.784414,34680,0aa5,12,66 66 DF 42 66 66 5C 42 AE 07 EB 42
1787904379.795282,34680,0aa6,12,00 00 8D 42 0A D7 57 42 18 04 59 42
1787904379.809203,34680,0aa7,12,9A 99 BD 42 F6 28 81 42 F8 D3 AF 42
1787904379.820241,34680,0aa8,12,9A 99 B6 42 34 33 3D 42 E8 FB 6F 42
1787904379.832346,34680,0aa9,12,9A 19 0D 43 E1 7A 54 42 DF CF 31 42
1787904379.846135,34680,0aaa,12,33 33 6D 42 0A D7 94 42 60 E5 D1 41
1787904379.857025,34680,0aab,12,34 33 FF 42 33 33 A7 41 F0 27 4B 42
1787904379.867990,34680,0aac,12,00 00 CA 42 5C 8F 28 42 DD 24 B8 42
1787904379.878797,34680,0aad,12,33 33 E9 42 EC 51 E0 41 94 58 90 42
1787904379.889634,34680,0aae,12,00 00 A0 42 9A 99 4B 42 D3 0D C1 42
1787904379.900259,34680,0aaf,12,9A 99 DE 42 EC 51 89 42 2D 72 E9 42
1787904379.911162,34680,0ab0,12,66 66 BE 42 E1 7A AC 41 6F D2 EB 42
1787904379.921879,34680,0ab1,12,CD CC 6E 42 52 B8 8E 42 25 06 09 42
1787904379.932395,34680,0ab2,12,00 00 EC 42 5C 8F E6 41 7B 54 CD 42
1787904379.943137,34680,0ab3,12,CD CC 6E 42 B8 1E A9 41 85 6B 6C 42
1787904379.953966,34680,0ab4,12,00 80 10 43 5D 8F 70 42 12 83 4F 42
1787904379.964395,34680,0ab5,12,00 00 92 42 5C 8F 8F 42 0A D7 AF 41
1787904379.974952,34680,0ab6,12,00 00 8A 42 29 5C 3F 42 8B EC CD 42
1787904379.985485,34680,0ab7,12,00 00 B1 42 B8 1E 9D 42 C1 CA A0 41
1787904379.996217,34680,0ab8,12,CC CC C0 42 1E 85 71 42 8A C1 72 42
1787904380.007902,34680,0ab9,12,33 33 03 43 F6 28 2C 42 BA 49 E5 42
1787904380.019019,34680,0aba,12,CD CC 95 42 D7 A3 8A 42 3A B4 28 42
1787904380.029825,34680,0abb,12,67 66 EF 42 48 E1 96 42 40 35 8A 42
1787904380.040446,34680,0abc,12,33 33 94 42 48 E1 8A 42 83 40 69 42
1787904380.052007,34680,0abd,12,34 33 CD 42 52 B8 5A 42 54 A3 C2 42
1787904380.062687,34680,0abe,12,00 00 C2 42 1F 85 0B 42 1A AF 2A 42
1787904380.073339,34680,0abf,12,CD CC BB 42 9A 99 75 42 A0 1A 01 42
1787904380.083960,34680,0ac0,12,9A 99 10 43 B8 1E 09 42 3E 8A B8 42
1787904380.094634,34680,0ac1,12,00 00 88 42 0A D7 57 42 FC 29 5E 42
1787904380.105240,34680,0ac2,12,33 33 B8 42 E2 7A 12 42 D2 22 4D 42
1787904380.115756,34680,0ac3,12,33 33 FC 42 0A D7 AF 41 98 EE 25 42
1787904380.126477,34680,0ac4,12,00 00 B8 42 CC CC EC 41 E8 FB C7 42
1787904380.137371,34680,0ac5,12,CC CC 0D 43 AE 47 F9 41 1B 2F 5C 42
1787904380.148006,34680,0ac6,12,CD CC 97 42 AE 47 99 42 BC 34 9E 42
1787904380.159345,34680,0ac7,12,9A 99 01 43 33 33 89 42 FC 29 B6 42
1787904380.169766,34680,0ac8,12,CD CC 78 42 F6 28 44 42 4C 37 45 42
1787904380.180293,34680,0ac9,12,9A 99 B9 42 1F 85 FF 41 C6 4B 95 42
1787904380.190737,34680,0aca,12,00 00 EE 42 9A 99 39 42 B4 88 91 42
1787904380.205761,34680,0acb,12,66 66 81 42 8F C2 87 42 06 81 A9 41
1787904380.217054,34680,0acc,12,33 33 C6 42 71 3D BE 41 9C C4 5D 42
1787904380.230779,34680,0acd,12,CD CC C3 42 8F C2 87 42 50 0D 1A 42
1787904380.241494,34680,0ace,12,33 33 A2 42 A4 70 61 42 48 E1 AB 41
1787904380.252074,34680,0acf,12,66 66 F3 42 66 66 26 42 33 F3 8F 42
1787904380.262743,34680,0ad0,12,9A 99 B6 42 33 33 9B 42 68 51 E2 42
1787904380.273255,34680,0ad1,12,33 33 4F 42 29 5C 91 42 4E E2 D1 42
1787904380.283881,34680,0ad2,12,33 33 49 42 7B 14 04 42 50 0D 1A 42
1787904380.294867,34680,0ad3,12,00 00 50 42 7B 14 64 42 0C 82 14 42
1787904380.305444,34680,0ad4,12,9A 99 81 42 48 E1 8A 42 E1 7A 03 42
1787904380.319549,34680,0ad5,12,9A 99 CF 42 1F 85 59 42 4E 62 B5 41
1787904380.330417,34680,0ad6,12,CD CC 6C 42 F6 28 93 42 E1 7A 03 42
1787904380.341542,34680,0ad7,12,33 33 7B 42 CD CC 80 42 0C 02 B3 41
1787904380.352158,34680,0ad8,12,34 33 AA 42 B9 1E 57 42 58 79 97 42
1787904380.363039,34680,0ad9,12,CC 4C 02 43 70 3D 85 42 4C 37 B2 41
1787904380.374169,34680,0ada,12,00 00 0A 43 1F 85 84 42 EB D1 9C 42
1787904380.385282,34680,0adb,12,9A 99 69 42 A4 70 49 42 E6 50 93 42
1787904380.395936,34680,0adc,12,33 33 C8 42 8F C2 0B 42 0C 02 B3 41
1787904380.406451,34680,0add,12,CD CC A5 42 66 66 5C 42 77 BE F4 41
1787904380.416922,34680,0ade,12,9A 99 CD 42 7B 14 80 42 8D 17 79 42
1787904380.427585,34680,0adf,12,00 80 10 43 90 C2 F9 41 5A E4 29 42
1787904380.438275,34680,0ae0,12,66 66 A5 42 48 E1 32 42 F0 27 A3 42
1787904380.449014,34680,0ae1,12,00 00 8A 42 E2 7A 88 42 C2 35 D9 42
1787904380.464846,34680,0ae2,12,33 33 96 42 0A D7 57 42 62 D0 D8 42
1787904380.484335,34680,0ae3,12,66 66 D9 42 EC 51 A4 41 EB D1 44 42
1787904380.495462,34680,0ae4,12,33 B3 14 43 EC 51 28 42 D3 0D C1 42
1787904380.506008,34680,0ae5,12,33 33 83 42 48 E1 5C 42 F0 67 8A 42
1787904380.516749,34680,0ae6,12,34 33 DA 42 71 3D 6C 42 25 06 6C 42
1787904380.539532,34680,0ae7,12,66 66 DA 42 52 B8 85 42 64 FB DB 42
1787904380.553139,34680,0ae8,12,66 66 82 42 34 33 37 42 CD CC 9E 42
1787904380.566596,34680,0ae9,12,9A 19 0B 43 33 33 6D 42 0E 6D EB 42
1787904380.577636,34680,0aea,12,00 00 6A 42 7B 14 16 42 48 61 C8 42
1787904380.592332,34680,0aeb,12,9A 99 94 42 1F 85 5F 42 E8 BB E0 42
1787904380.605594,34680,0aec,12,00 00 9D 42 3D 0A 23 42 FC 69 9D 42
1787904380.617640,34680,0aed,12,CD CC 4C 42 34 33 80 42 DD 24 CD 41
1787904380.630914,34680,0aee,12,33 33 FA 42 33 33 92 42 85 2B DD 42
1787904380.641566,34680,0aef,12,34 33 AA 42 5C 8F 1C 42 6F 92 A1 42
1787904380.651919,34680,0af0,12,00 00 CF 42 D7 A3 D8 41 33 B3 A8 42
1787904380.662596,34680,0af1,12,34 33 D0 42 7B 14 34 42 E5 D0 C4 42
1787904380.673238,34680,0af2,12,66 66 BC 42 D7 A3 14 42 2D F2 B7 42
1787904380.684169,34680,0af3,12,99 99 D2 42 EC 51 89 42 A8 C6 0D 42
1787904380.694908,34680,0af4,12,66 E6 0A 43 A4 70 B9 41 2B 47 83 42
1787904380.705283,34680,0af5,12,33 33 E4 42 3D 0A 65 42 5A 24 CC 42
1787904380.715866,34680,0af6,12,00 00 8C 42 E1 7A 42 42 60 E5 64 42
1787904380.726385,34680,0af7,12,66 66 AE 42 71 3D 4E 42 E3 A5 06 42
1787904380.736967,34680,0af8,12,9A 99 B1 42 66 66 0E 42 21 B0 D2 41
1787904380.747660,34680,0af9,12,00 00 AB 42 B8 1E 45 42 83 00 DA 42
1787904380.758649,34680,0afa,12,CD CC 5C 42 EC 51 A4 41 18 84 27 42
1787904380.769419,34680,0afb,12,34 33 CE 42 0A D7 57 42 B2 1D A7 42
1787904380.780276,34680,0afc,12,67 66 FE 42 52 B8 66 42 E4 25 38 42
1787904380.790970,34680,0afd,12,9A 99 09 43 A4 70 DD 41 9C 44 E7 42
1787904380.801439,34680,0afe,12,00 00 A0 42 66 66 A2 41 EE 7C D1 42
1787904380.812206,34680,0aff,12,9A 99 08 43 48 E1 08 42 FC 29 B6 42
1787904380.822755,34680,0b00,12,99 99 E8 42 66 66 2C 42 E6 50 3B 42
1787904380.833500,34680,0b01,12,9A 99 AE 42 66 66 84 42 3B DF FB 41
1787904380.844118,34680,0b02,12,9A 99 FA 42 C2 F5 18 42 27 31 DC 41
1787904380.855122,34680,0b03,12,66 66 A6 42 52 B8 9A 42 37 09 57 42
1787904380.865715,34680,0b04,12,66 66 66 42 29 5C 4B 42 E8 FB C7 42
1787904380.876253,34680,0b05,12,33 33 94 42 3E 0A 47 42 6A BC E1 41
1787904380.886842,34680,0b06,12,33 33 93 42 00 00 3C 42 6F 92 49 42
1787904380.898060,34680,0b07,12,00 00 DF 42 A4 70 F5 41 AA 31 B3 42
1787904380.908654,34680,0b08,12,CD CC EB 42 66 66 D2 41 8B EC CD 42
1787904380.919423,34680,0b09,12,CD CC E6 42 7A 14 95 42 AA 71 42 42
1787904380.944735,34680,0b0a,12,66 66 09 43 9A 99 85 42 89 41 AE 41
1787904380.956315,34680,0b0b,12,66 66 5C 42 5C 8F 34 42 7F 6A 31 42
1787904380.969835,34680,0b0c,12,CD CC B0 42 85 EB 95 42 AA B1 E4 42
1787904380.981189,34680,0b0d,12,00 00 AB 42 9A 99 21 42 83 40 C1 42
1787904380.991829,34680,0b0e,12,CC 4C 13 43 00 00 C4 41 C6 4B 95 42
1787904381.002562,34680,0b0f,12,CD CC 8D 42 34 33 9E 42 1F 05 EC 42
1787904381.013088,34680,0b10,12,CD CC 9E 42 EC 51 98 42 0C 02 9E 42
1787904381.023734,34680,0b11,12,9A 99 A9 42 A4 70 0D 42 A6 5B DE 42
1787904381.034349,34680,0b12,12,CD CC AA 42 00 00 1E 42 0E AD 7A 42
1787904381.045079,34680,0b13,12,CD CC DD 42 EC 51 D4 41 31 08 EC 41
1787904381.055694,34680,0b14,12,66 66 AA 42 48 E1 84 42 F2 52 4E 42
1787904381.066373,34680,0b15,12,33 33 00 43 C2 F5 3C 42 E6 50 3B 42
1787904381.077259,34680,0b16,12,CD CC 9F 42 00 00 DC 41 DD E4 D0 42
1787904381.087943,34680,0b17,12,00 00 08 43 EB 51 7C 42 BC 74 85 42
1787904381.098718,34680,0b18,12,34 33 A5 42 E1 7A AC 41 3E 4A D1 42
1787904381.109399,34680,0b19,12,66 66 91 42 B8 1E 8E 42 AA F1 E0 41
1787904381.119883,34680,0b1a,12,66 66 AF 42 66 66 93 42 40 35 8A 42
1787904381.130804,34680,0b1b,12,00 00 81 42 C2 F5 1E 42 6B BC 74 42
1787904381.141311,34680,0b1c,12,CD CC 92 42 0A D7 94 42 3A B4 E3 42
1787904381.151848,34680,0b1d,12,CD 4C 00 43 00 00 97 42 64 FB DB 42
1787904381.162816,34680,0b1e,12,9A 99 6F 42 9A 99 D9 41 60 65 8B 42
1787904381.173432,34680,0b1f,12,9A 99 FD 42 33 33 73 42 58 B9 E1 42
1787904381.184260,34680,0b20,12,00 00 7C 42 48 E1 5C 42 A0 5A A3 42
1787904381.195720,34680,0b21,12,66 66 AF 42 AE 47 4D 42 1C 5A 5F 42
1787904381.206934,34680,0b22,12,33 33 E4 42 48 E1 D2 41 BE 9F 30 42
1787904381.217918,34680,0b23,12,00 00 70 42 9A 99 3F 42 E9 26 CB 42
1787904381.228647,34680,0b24,12,9A 99 EF 42 90 C2 8D 42 8D 97 B4 41
1787904381.239512,34680,0b25,12,00 00 D0 42 AE 47 E1 41 F4 FD EF 41
1787904381.250090,34680,0b26,12,33 33 69 42 0A D7 85 42 1B 2F B4 42
1787904381.260815,34680,0b27,12,33 33 F0 42 1E 85 F3 41 0E 6D 88 42
1787904381.271674,34680,0b28,12,00 00 97 42 90 C2 9C 42 BA 89 CC 42
1787904381.282299,34680,0b29,12,9A 99 93 42 52 B8 30 42 EC 51 13 42
1787904381.292874,34680,0b2a,12,00 00 E5 42 D7 A3 50 42 89 81 80 42
1787904381.313729,34680,0b2b,12,CD CC E2 42 3E 0A 1D 42 7F 6A 31 42
1787904381.324495,34680,0b2c,12,00 00 B4 42 E1 7A 66 42 00 80 01 42
1787904381.334952,34680,0b2d,12,66 66 90 42 EC 51 28 42 5E 3A 88 42
1787904381.345842,34680,0b2e,12,33 33 6D 42 15 AE 67 42 81 15 BE 42
1787904381.356697,34680,0b2f,12,67 66 E5 42 86 EB 49 42 F4 FD EF 41
1787904381.367113,34680,0b30,12,00 00 7E 42 9A 99 88 42 73 E8 A7 42
1787904381.377749,34680,0b31,12,CD CC 4C 42 52 B8 12 42 8F 02 ED 42
1787904381.388454,34680,0b32,12,00 00 15 43 E1 7A 0C 42 7B 14 83 42
1787904381.399107,34680,0b33,12,9A 19 05 43 5C 8F 7C 42 F6 28 F3 41
1787904381.409624,34680,0b34,12,00 00 A5 42 52 B8 97 42 E8 BB E0 42
1787904381.420255,34680,0b35,12,9A 99 75 42 34 33 3D 42 F4 BD 90 42
1787904381.431014,34680,0b36,12,66 66 C1 42 00 00 8E 42 3A B4 80 42
1787904381.441765,34680,0b37,12,00 80 06 43 70 3D CA 41 EE FC 9F 42
1787904381.452372,34680,0b38,12,00 00 82 42 5C 8F B6 41 BA 09 9B 42
1787904381.463195,34680,0b39,12,CC CC F5 42 3E 0A 96 42 1F 85 62 42
1787904381.474775,34680,0b3a,12,CD CC 7C 42 AE 47 8A 42 24 86 3A 42
1787904381.485434,34680,0b3b,12,00 00 C8 42 14 AE 19 42 3A B4 E3 42
1787904381.495984,34680,0b3c,12,9A 99 A4 42 E2 7A D0 41 46 36 C5 42
1787904381.506620,34680,0b3d,12,67 66 E5 42 7B 14 0A 42 11 D8 7D 42
1787904381.517411,34680,0b3e,12,CD CC 50 42 00 00 4E 42 BE DF D2 42
1787904381.527921,34680,0b3f,12,33 33 A8 42 CC CC 8C 42 04 56 39 42
1787904381.538719,34680,0b40,12,34 33 E6 42 7B 14 70 42 EC 51 13 42
1787904381.549692,34680,0b41,12,99 99 E9 42 85 EB 86 42 B4 48 52 42
1787904381.560426,34680,0b42,12,33 33 EB 42 0B D7 7B 42 0C 02 46 42
1787904381.574278,34680,0b43,12,9A 99 4B 42 F6 28 90 42 E5 D0 D9 41
1787904381.585113,34680,0b44,12,33 33 69 42 D7 A3 50 42 A6 DB AC 42
1787904381.595824,34680,0b45,12,66 66 6C 42 3E 0A B7 41 83 C0 A4 41
1787904381.606356,34680,0b46,12,9A 99 AD 42 0A D7 9A 42 60 E5 01 42
1787904381.617510,34680,0b47,12,9A 19 04 43 AE 47 47 42 83 C0 A4 41
1787904381.628109,34680,0b48,12,33 33 EB 42 66 66 1A 42 96 43 C1 41
1787904381.638672,34680,0b49,12,00 00 84 42 66 66 5C 42 F0 A7 E9 41
1787904381.649148,34680,0b4a,12,CD CC EE 42 9A 99 F1 41 00 00 8B 42
1787904381.660294,34680,0b4b,12,CD CC C8 42 5C 8F 1C 42 10 98 8B 42
1787904381.671245,34680,0b4c,12,00 00 9B 42 33 33 D7 41 40 B5 00 42
1787904381.681911,34680,0b4d,12,00 00 54 42 F6 28 87 42 E9 26 CB 42
1787904381.692430,34680,0b4e,12,00 00 00 43 52 B8 00 42 95 43 AC 42
1787904381.702976,34680,0b4f,12,CD CC FC 42 F6 28 9C 42 3E 0A 2F 42
1787904381.713522,34680,0b50,12,CD CC 7E 42 9A 99 3F 42 EB 51 CE 42
1787904381.724024,34680,0b51,12,9A 99 84 42 7B 14 22 42 CD 4C 78 42
1787904381.734573,34680,0b52,12,9A 99 AB 42 E1 7A 66 42 33 73 C1 42
1787904381.745107,34680,0b53,12,00 00 00 43 66 66 EA 41 9C 44 E7 42
1787904381.758021,34680,0b54,12,66 66 CB 42 A4 70 80 42 2F DD 7B 42
1787904381.768712,34680,0b55,12,33 33 15 43 C2 F5 85 42 AE 47 E7 41
1787904381.779694,34680,0b56,12,00 80 11 43 00 00 60 42 FE 94 A0 42
1787904381.790168,34680,0b57,12,34 33 B7 42 33 33 92 42 BA 49 82 42
1787904381.800958,34680,0b58,12,9A 99 C8 42 AE 47 A5 41 D7 A3 56 42
1787904381.811628,34680,0b59,12,CD CC F7 42 A4 70 31 42 B4 48 AA 42
1787904381.822546,34680,0b5a,12,66 66 E7 42 66 66 90 42 EB D1 9C 42
1787904381.833228,34680,0b5b,12,66 66 0D 43 5C 8F 34 42 3F 35 ED 42
1787904381.843919,34680,0b5c,12,9A 99 B3 42 14 AE 25 42 E4 A5 69 42
1787904381.854633,34680,0b5d,12,66 E6 00 43 0A D7 D3 41 FC 29 5E 42
1787904381.865161,34680,0b5e,12,9A 99 91 42 52 B8 97 42 50 CD 8A 42
1787904381.876333,34680,0b5f,12,CD CC 7C 42 52 B8 4E 42 1B 2F C9 41
1787904381.886837,34680,0b60,12,9A 99 D6 42 29 5C 75 42 36 5E 22 42
1787904381.897207,34680,0b61,12,CD CC 8E 42 86 EB 8C 42 5A E4 E4 42
1787904381.907615,34680,0b62,12,00 00 97 42 8F C2 96 42 DD 64 9F 42
1787904381.918066,34680,0b63,12,33 B3 0F 43 C2 F5 4E 42 9A 19 29 42
1787904381.928537,34680,0b64,12,00 00 F8 42 15 AE 5B 42 62 D0 D8 42
1787904381.939700,34680,0b65,12,66 66 EB 42 14 AE BF 41 10 58 B9 41
1787904381.950380,34680,0b66,12,66 66 8B 42 3E 0A 4D 42 6A BC 11 42
1787904381.961093,34680,0b67,12,66 66 A9 42 85 EB 19 42 BE DF D2 42
1787904381.971709,34680,0b68,12,CD CC C3 42 52 B8 06 42 11 D8 7D 42
1787904381.982509,34680,0b69,12,66 66 F3 42 00 00 9D 42 23 DB 68 42
1787904381.993046,34680,0b6a,12,CC CC AD 42 EC 51 8F 42 5A E4 E4 42
1787904382.008692,34680,0b6b,12,9A 99 0F 43 E1 7A 8E 42 8A C1 CA 42
1787904382.019685,34680,0b6c,12,66 66 C0 42 E2 7A 91 42 16 19 95 42
1787904382.030346,34680,0b6d,12,66 66 8E 42 C2 F5 C4 41 1C 1A D0 42
1787904382.040950,34680,0b6e,12,33 33 9A 42 E1 7A E8 41 1B 2F C9 41
1787904382.051369,34680,0b6f,12,66 66 83 42 AE 47 81 42 6B FC B3 42
1787904382.062312,34680,0b70,12,9A 99 B7 42 86 EB 9B 42 D9 4E 80 42
1787904382.074326,34680,0b71,12,CD 4C 10 43 3D 0A 99 42 EA 26 10 42
1787904382.084907,34680,0b72,12,CD CC DE 42 85 EB 19 42 9E AF D1 42
1787904382.097160,34680,0b73,12,00 00 72 42 F6 28 C0 41 04 96 DB 42
1787904382.108738,34680,0b74,12,33 33 0F 43 F6 28 74 42 C8 F6 0E 42
1787904382.124153,34680,0b75,12,66 66 0A 43 66 66 2C 42 DF CF 89 42
1787904382.136252,34680,0b76,12,9A 99 8B 42 7A 14 86 42 BE DF D2 42
1787904382.147147,34680,0b77,12,9A 19 0D 43 9A 99 91 42 06 01 0B 42
1787904382.158715,34680,0b78,12,CD 4C 12 43 3E 0A 9F 42 95 C3 DD 42
1787904382.170071,34680,0b79,12,00 00 DC 42 29 5C 69 42 D1 E2 BD 42
1787904382.180625,34680,0b7a,12,CD CC 6E 42 29 5C 8E 42 15 2E DC 42
1787904382.191312,34680,0b7b,12,34 33 DC 42 70 3D EE 41 B4 C8 F0 41
1787904382.201972,34680,0b7c,12,33 33 D2 42 3E 0A B7 41 3F 35 ED 42
1787904382.212529,34680,0b7d,12,9A 99 E2 42 9A 99 A9 41 68 D1 B0 42
1787904382.223150,34680,0b7e,12,CD CC 9B 42 7B 14 1C 42 04 56 91 42
1787904382.235073,34680,0b7f,12,CD CC D3 42 3E 0A 9C 42 94 18 A9 42
1787904382.245947,34680,0b80,12,CD CC 5C 42 85 EB 37 42 DC 39 9C 42
1787904382.256932,34680,0b81,12,CD CC B1 42 00 00 1E 42 A0 DA D4 42
1787904382.267545,34680,0b82,12,00 80 15 43 EC 51 22 42 17 59 DF 42
1787904382.277972,34680,0b83,12,CC 4C 02 43 A4 70 DD 41 3B 1F CE 42
1787904382.288483,34680,0b84,12,CD CC 9E 42 7B 14 0A 42 52 38 1D 42
1787904382.299237,34680,0b85,12,00 00 AD 42 7B 14 40 42 A6 1B 94 42
1787904382.309550,34680,0b86,12,66 66 AF 42 66 66 9C 42 DD 24 60 42
1787904382.320155,34680,0b87,12,CD CC 85 42 1F 85 4D 42 F4 FD DA 42
1787904382.330822,34680,0b88,12,CC CC CE 42 34 33 37 42 64 3B D8 41
1787904382.341392,34680,0b89,12,33 33 F4 42 1F 85 35 42 BE 1F BA 42
1787904382.351992,34680,0b8a,12,66 66 A7 42 90 C2 53 42 6C 67 46 42
1787904382.363425,34680,0b8b,12,9A 99 95 42 48 E1 99 42 37 89 E0 42
1787904382.374910,34680,0b8c,12,9A 99 BB 42 5C 8F 8C 42 81 15 66 42
1787904382.385622,34680,0b8d,12,00 00 8A 42 E2 7A 82 42 08 2C C9 42
1787904382.396282,34680,0b8e,12,9A 99 07 43 90 C2 41 42 B7 33 C6 42
1787904382.406831,34680,0b8f,12,33 33 6F 42 52 B8 2A 42 3A B4 28 42
1787904382.417197,34680,0b90,12,66 66 0A 43 F6 28 26 42 BC F4 B6 42
1787904382.427754,34680,0b91,12,34 33 A4 42 3E 0A 1D 42 E1 7A 66 42
1787904382.438700,34680,0b92,12,33 33 AE 42 F6 28 93 42 7D 3F E9 42
1787904382.449834,34680,0b93,12,CD CC EE 42 0A D7 94 42 35 9E C4 42
1787904382.460876,34680,0b94,12,66 66 04 43 E1 7A 8E 42 B8 9E 58 42
1787904382.471718,34680,0b95,12,33 33 F8 42 CD CC D4 41 B0 72 1A 42
1787904382.482531,34680,0b96,12,34 33 BC 42 14 AE 8C 42 A2 C5 8D 42
1787904382.493868,34680,0b97,12,33 33 B9 42 F6 28 FC 41 73 68 D9 42
1787904382.504559,34680,0b98,12,CD 4C 04 43 48 E1 81 42 A2 05 D8 42
1787904382.518458,34680,0b99,12,66 66 9E 42 AE 47 E1 41 66 66 0B 42
1787904382.529209,34680,0b9a,12,00 00 9D 42 5C 8F 98 42 3B DF E6 42
1787904382.540958,34680,0b9b,12,00 00 F7 42 CD CC 9E 42 CF B7 BA 42
1787904382.551803,34680,0b9c,12,66 66 4C 42 C2 F5 3C 42 0E AD 17 42
1787904382.562267,34680,0b9d,12,00 00 A5 42 0A D7 2D 42 2F 9D EC 42
1787904382.577015,34680,0b9e,12,CD CC DD 42 8F C2 59 42 44 0B 07 42
1787904382.587607,34680,0b9f,12,9A 99 D9 42 5C 8F 86 42 B2 1D A7 42
1787904382.601152,34680,0ba0,12,34 33 BE 42 0A D7 F7 41 BC 74 E8 42
1787904382.612072,34680,0ba1,12,66 66 B6 42 8F C2 0B 42 EE 7C 16 42
1787904382.622758,34680,0ba2,12,66 66 CB 42 EB 51 5E 42 EE 7C E6 41
1787904382.634287,34680,0ba3,12,33 33 55 42 14 AE 25 42 8D 97 B4 41
1787904382.644831,34680,0ba4,12,33 33 59 42 5C 8F CE 41 21 70 D6 42
1787904382.655326,34680,0ba5,12,33 33 6F 42 33 33 98 42 EA A6 99 42
1787904382.665600,34680,0ba6,12,66 66 B9 42 0A D7 EB 41 50 0D 7D 42
1787904382.675902,34680,0ba7,12,CC 4C 02 43 5C 8F FE 41 DF 4F BB 42
1787904382.686339,34680,0ba8,12,CD CC 8E 42 48 E1 C6 41 FA 7E F9 41
1787904382.699184,34680,0ba9,12,9A 99 0C 43 7B 14 7C 42 D5 F8 21 42
1787904382.709845,34680,0baa,12,33 33 82 42 A4 70 83 42 FC A9 E7 42
1787904382.720902,34680,0bab,12,9A 99 71 42 85 EB 61 42 D5 F8 DC 42
1787904382.731411,34680,0bac,12,9A 99 96 42 3E 0A 93 42 B0 F2 4B 42
1787904382.742142,34680,0bad,12,66 66 5A 42 14 AE 61 42 8D 57 B8 42
1787904382.752529,34680,0bae,12,00 00 B3 42 A4 70 1F 42 0A D7 42 42
1787904382.763062,34680,0baf,12,00 00 A6 42 B8 1E 2D 42 2B 87 CD 42
1787904382.773564,34680,0bb0,12,33 33 75 42 E2 7A 82 42 4E E2 D1 42
1787904382.783877,34680,0bb1,12,66 66 A7 42 B8 1E 15 42 15 AE AA 42
1787904382.794490,34680,0bb2,12,9A 99 D5 42 3E 0A 0B 42 8B EC 75 42
1787904382.804910,34680,0bb3,12,CD CC 15 43 29 5C AF 41 14 AE BF 41
1787904382.815509,34680,0bb4,12,CC CC F5 42 C2 F5 18 42 0C 02 B3 41
1787904382.826087,34680,0bb5,12,9A 99 90 42 F6 28 14 42 5A 64 B3 42
1787904382.836714,34680,0bb6,12,CD 4C 05 43 48 E1 AE 41 C6 CB C6 42
1787904382.847277,34680,0bb7,12,34 33 FF 42 0A D7 9A 42 F0 27 4B 42
1787904382.857756,34680,0bb8,12,9A 99 6B 42 70 3D 78 42 1F 05 EC 42
1787904382.868311,34680,0bb9,12,66 66 BE 42 5C 8F 10 42 E1 7A 03 42
1787904382.878899,34680,0bba,12,33 33 D2 42 EC 51 86 42 0E 6D 88 42
1787904382.889448,34680,0bbb,12,CD CC EB 42 0A D7 97 42 CA 21 12 42
1787904382.899872,34680,0bbc,12,9A 99 E3 42 A4 70 8F 42 C0 CA 33 42
1787904382.910311,34680,0bbd,12,33 33 F4 42 48 E1 87 42 71 7D BD 42
1787904382.920884,34680,0bbe,12,33 33 57 42 00 00 91 42 EE BC B8 42
1787904382.931442,34680,0bbf,12,67 66 FF 42 14 AE 25 42 A8 06 B0 42
1787904382.942045,34680,0bc0,12,00 00 74 42 A4 70 61 42 31 88 4D 42
1787904382.952595,34680,0bc1,12,66 66 ED 42 0A D7 F7 41 62 90 36 42
1787904382.963043,34680,0bc2,12,CD CC 9F 42 A4 70 37 42 54 E3 BE 41
1787904382.973580,34680,0bc3,12,66 E6 08 43 B8 1E 91 42 FE D4 EA 42
1787904382.984241,34680,0bc4,12,66 66 B2 42 AE 47 1D 42 93 18 BE 41
1787904382.994781,34680,0bc5,12,CD CC A5 42 AE 47 41 42 54 A3 C2 42
1787904383.005752,34680,0bc6,12,66 66 0B 43 1F 85 0B 42 64 7B AA 42
1787904383.016330,34680,0bc7,12,33 33 FC 42 85 EB 80 42 96 C3 22 42
1787904383.031810,34680,0bc8,12,CD CC E3 42 5C 8F FE 41 EE BC B8 42
1787904383.042904,34680,0bc9,12,00 00 DF 42 A4 70 67 42 E8 FB 6F 42
1787904383.053553,34680,0bca,12,66 66 94 42 9A 99 3F 42 50 8D B8 41
1787904383.064948,34680,0bcb,12,CD CC F0 42 66 66 2C 42 44 8B 38 42
1787904383.075808,34680,0bcc,12,66 66 96 42 E2 7A 30 42 00 00 A0 41
1787904383.086869,34680,0bcd,12,00 00 E2 42 29 5C 0F 42 8E D7 86 42
1787904383.097793,34680,0bce,12,CD CC A0 42 52 B8 82 42 8B 6C B1 41
1787904383.108493,34680,0bcf,12,CD CC ED 42 EC 51 10 42 F0 A7 E9 41
1787904383.119042,34680,0bd0,12,00 00 54 42 86 EB 55 42 23 DB 68 42
1787904383.129683,34680,0bd1,12,33 B3 0F 43 33 33 5B 42 27 B1 3D 42
1787904383.140799,34680,0bd2,12,CD CC 10 43 0A D7 8E 42 EC 51 E3 41
1787904383.151715,34680,0bd3,12,CD CC B6 42 85 EB 79 42 42 A0 D7 42
1787904383.162292,34680,0bd4,12,33 B3 0D 43 48 E1 4A 42 4E E2 D1 42
1787904383.172829,34680,0bd5,12,9A 99 C1 42 66 66 93 42 C9 76 98 42
1787904383.183867,34680,0bd6,12,CD CC BB 42 9A 99 75 42 7D BF B7 42
1787904383.194486,34680,0bd7,12,66 66 CC 42 15 AE 6D 42 1D DA 2D 42
1787904383.205987,34680,0bd8,12,66 E6 10 43 3E 0A 7D 42 33 33 DA 42
1787904383.216791,34680,0bd9,12,33 33 82 42 1F 85 59 42 DC 39 9C 42
1787904383.227366,34680,0bda,12,66 66 D2 42 00 00 36 42 6F 12 7B 42
1787904383.264575,34680,0bdb,12,CD CC B7 42 66 66 2C 42 8F 42 D4 42
1787904383.275755,34680,0bdc,12,33 33 A0 42 14 AE 73 42 CA A1 9B 42
1787904383.287788,34680,0bdd,12,33 33 EA 42 B8 1E 09 42 15 6E C3 42
1787904383.299840,34680,0bde,12,CD 4C 11 43 52 B8 24 42 36 5E 22 42
1787904383.310301,34680,0bdf,12,9A 99 B8 42 34 33 1F 42 AE 07 88 42
1787904383.320831,34680,0be0,12,66 66 0C 43 9A 99 97 42 8B EC 75 42
1787904383.331653,34680,0be1,12,00 00 B2 42 14 AE 9E 42 2D F2 B7 42
1787904383.342855,34680,0be2,12,00 00 7C 42 5C 8F 10 42 BE 1F BA 42
1787904383.353804,34680,0be3,12,00 00 11 43 E2 7A 30 42 DB B9 CD 42
1787904383.364410,34680,0be4,12,00 80 06 43 E1 7A 1E 42 CF 37 89 42
1787904383.375000,34680,0be5,12,00 00 C2 42 0A D7 9D 42 DC 79 2B 42
1787904383.385501,34680,0be6,12,CD CC EE 42 33 33 CB 41 48 E1 3E 42
1787904383.396081,34680,0be7,12,CD CC 9D 42 66 66 5C 42 B0 F2 A3 42
1787904383.406743,34680,0be8,12,9A 99 5F 42 B8 1E 6F 42 CD CC 9E 42
1787904383.417331,34680,0be9,12,33 33 15 43 71 3D 00 42 F8 53 26 42
1787904383.427785,34680,0bea,12,00 00 EB 42 00 00 3C 42 1A 6F 9B 42
1787904383.438291,34680,0beb,12,CD CC 6A 42 9A 99 F1 41 A2 45 D4 41
1787904383.448796,34680,0bec,12,9A 99 A0 42 66 66 81 42 8A 01 B2 42
1787904383.459497,34680,0bed,12,66 E6 13 43 48 E1 F6 41 D1 A2 D6 42
1787904383.470091,34680,0bee,12,CD CC 76 42 15 AE 49 42 6A BC 11 42
1787904383.480733,34680,0bef,12,66 66 D0 42 14 AE 9E 42 1A 6F 9B 42
1787904383.491363,34680,0bf0,12,33 33 B9 42 0A D7 8B 42 B8 1E F7 41
1787904383.501825,34680,0bf1,12,00 00 E8 42 85 EB 89 42 FE 54 B9 42
1787904383.513289,34680,0bf2,12,9A 99 A5 42 48 E1 BA 41 EE 3C EA 42
1787904383.526312,34680,0bf3,12,CC CC F5 42 1E 85 23 42 D1 A2 1B 42
1787904383.537309,34680,0bf4,12,CD CC 12 43 90 C2 47 42 2D B2 78 42
1787904383.547870,34680,0bf5,12,66 66 81 42 33 33 83 42 04 56 39 42
1787904383.558732,34680,0bf6,12,66 E6 0D 43 7A 14 10 42 21 B0 65 42
1787904383.570917,34680,0bf7,12,66 66 04 43 1E 85 47 42 AA F1 73 42
1787904383.581600,34680,0bf8,12,00 00 0A 43 EC 51 1C 42 DD 24 B8 42
1787904383.592178,34680,0bf9,12,CD 4C 12 43 9A 99 97 42 A8 C6 70 42
1787904383.603355,34680,0bfa,12,9A 99 94 42 52 B8 91 42 70 FD 8B 42
1787904383.613860,34680,0bfb,12,33 33 8C 42 0A D7 EB 41 EB 51 76 42
1787904383.624901,34680,0bfc,12,9A 99 73 42 66 66 A2 41 18 84 27 42
1787904383.635411,34680,0bfd,12,67 66 EF 42 C2 F5 94 42 C2 F5 36 42
1787904383.646087,34680,0bfe,12,66 66 CA 42 1E 85 41 42 C3 F5 A3 41
1787904383.681886,34680,0bff,12,9A 19 0A 43 71 3D 4E 42 D3 8D 8F 42
1787904383.692651,34680,0c00,12,66 66 B3 42 B8 1E 27 42 BE 9F 30 42
1787904383.703057,34680,0c01,12,33 33 9E 42 85 EB 92 42 F8 93 C8 42
1787904383.713475,34680,0c02,12,66 66 8B 42 66 66 AE 41 66 66 0B 42
1787904383.723816,34680,0c03,12,9A 99 5B 42 A4 70 25 42 F8 D3 57 42
1787904383.734409,34680,0c04,12,66 66 B5 42 00 00 C4 41 A2 C5 8D 42
1787904383.745019,34680,0c05,12,CD CC 0F 43 66 66 44 42 83 C0 8F 42
1787904383.755644,34680,0c06,12,66 66 DE 42 70 3D 3C 42 4C 77 E7 42
1787904383.766384,34680,0c07,12,9A 99 BD 42 52 B8 6C 42 91 6D D7 42
1787904383.776873,34680,0c08,12,00 00 14 43 CD CC E0 41 EB D1 9C 42
1787904383.787423,34680,0c09,12,33 33 E8 42 CD CC F8 41 1F 85 BA 42
1787904383.798189,34680,0c0a,12,66 66 CE 42 A4 70 95 42 21 B0 65 42
1787904383.808683,34680,0c0b,12,66 66 CD 42 9A 99 91 42 91 ED A5 42
1787904383.819323,34680,0c0c,12,9A 99 73 42 CD CC 0A 42 AE 47 17 42
1787904383.829735,34680,0c0d,12,33 33 51 42 33 33 83 42 F2 D2 D7 42
1787904383.845709,34680,0c0e,12,67 66 F0 42 29 5C 21 42 0E 2D 49 42
1787904383.856669,34680,0c0f,12,9A 99 79 42 34 33 8F 42 38 89 25 42
1787904383.867462,34680,0c10,12,00 00 D5 42 EC 51 80 42 17 D9 AD 42
1787904383.878334,34680,0c11,12,34 33 BD 42 EB 51 7C 42 DC 39 9C 42
1787904383.889063,34680,0c12,12,9A 99 14 43 B8 1E 6F 42 C6 4B 95 42
1787904383.899939,34680,0c13,12,00 00 FD 42 7B 14 1C 42 83 C0 A4 41
1787904383.910437,34680,0c14,12,66 E6 08 43 AE 47 90 42 79 E9 E2 42
1787904383.920867,34680,0c15,12,66 66 C0 42 66 66 99 42 AA 31 B3 42
1787904383.931306,34680,0c16,12,CC CC F4 42 3E 0A 11 42 1B 2F C9 41
1787904383.941646,34680,0c17,12,CC CC AC 42 F6 28 14 42 DF CF EC 42
1787904383.952875,34680,0c18,12,9A 99 E4 42 A4 70 80 42 99 59 CB 42
1787904383.963397,34680,0c19,12,99 99 F4 42 90 C2 ED 41 0A 17 82 42
1787904383.974114,34680,0c1a,12,00 00 DF 42 85 EB 67 42 73 A8 C0 42
1787904383.985027,34680,0c1b,12,66 66 B4 42 85 EB 5B 42 48 61 70 42
1787904383.995669,34680,0c1c,12,66 66 94 42 0A D7 D3 41 EE FC 9F 42
1787904384.006371,34680,0c1d,12,33 33 D4 42 EC 51 22 42 C9 F6 C9 42
1787904384.017455,34680,0c1e,12,00 00 F0 42 85 EB 9E 42 4C F7 B5 42
1787904384.028161,34680,0c1f,12,CC CC 0E 43 48 E1 32 42 49 CC B2 42
1787904384.039267,34680,0c20,12,33 33 DE 42 66 66 74 42 60 E5 01 42
1787904384.050225,34680,0c21,12,66 66 BB 42 AE 47 3B 42 02 2B A3 41
1787904384.060868,34680,0c22,12,CD CC EB 42 34 33 7F 42 90 C2 A2 42
1787904384.071338,34680,0c23,12,66 66 48 42 F6 28 4A 42 F2 52 A6 42
1787904384.084475,34680,0c24,12,33 33 B9 42 EC 51 58 42 6F 12 D3 42
1787904384.094859,34680,0c25,12,9A 99 51 42 D7 A3 0E 42 4C 77 84 42
1787904384.105263,34680,0c26,12,33 33 8F 42 00 00 1E 42 70 BD 4C 42
1787904384.115925,34680,0c27,12,33 33 EF 42 D7 A3 26 42 D3 8D 8F 42
1787904384.127187,34680,0c28,12,CD CC D2 42 CD CC 76 42 10 58 B9 41
1787904384.139272,34680,0c29,12,33 33 07 43 48 E1 50 42 24 86 92 42
1787904384.149851,34680,0c2a,12,00 00 F9 42 90 C2 65 42 F2 D2 7F 42
1787904384.161687,34680,0c2b,12,33 33 57 42 B8 1E 4B 42 54 63 20 42
1787904384.172201,34680,0c2c,12,9A 99 9D 42 B8 1E A9 41 0E ED B9 42
1787904384.182811,34680,0c2d,12,33 B3 0C 43 7B 14 22 42 23 DB 05 42
1787904384.193624,34680,0c2e,12,00 00 98 42 1F 85 6B 42 2F DD 7B 42
1787904384.204402,34680,0c2f,12,CD 4C 05 43 52 B8 B2 41 6A BC 11 42
1787904384.215129,34680,0c30,12,67 66 FC 42 33 33 92 42 D3 4D A8 42
1787904384.225833,34680,0c31,12,33 B3 01 43 C3 F5 A0 41 98 EE E0 42
1787904384.236250,34680,0c32,12,66 E6 09 43 1F 85 4D 42 AE C7 48 42
1787904384.246795,34680,0c33,12,00 00 8B 42 66 66 90 42 D2 22 A5 42
1787904384.257232,34680,0c34,12,CD CC D0 42 00 00 36 42 D7 A3 AE 42
1787904384.267724,34680,0c35,12,00 00 E7 42 1E 85 90 42 60 E5 64 42
1787904384.278153,34680,0c36,12,9A 99 B4 42 CD CC F8 41 5C 0F 2D 42
1787904384.288568,34680,0c37,12,00 00 EA 42 C2 F5 78 42 9A D9 99 42
1787904384.299083,34680,0c38,12,33 33 E7 42 14 AE E3 41 F8 53 F6 41
1787904384.309482,34680,0c39,12,9A 99 75 42 52 B8 24 42 99 99 B2 42
1787904384.320038,34680,0c3a,12,33 33 7B 42 29 5C 88 42 FE 94 A0 42
1787904384.330473,34680,0c3b,12,CD CC EC 42 71 3D 42 42 16 59 24 42
1787904384.341896,34680,0c3c,12,9A 99 06 43 AE 47 71 42 F2 D2 7F 42
1787904384.352636,34680,0c3d,12,34 33 A3 42 00 00 91 42 93 18 BE 41
1787904384.365221,34680,0c3e,12,00 00 62 42 CD CC 04 42 A8 86 E1 42
1787904384.375858,34680,0c3f,12,66 E6 0E 43 7A 14 FE 41 4A 0C AF 41
1787904384.388659,34680,0c40,12,CD CC 9A 42 70 3D 8E 42 F8 53 E1 42
1787904384.399387,34680,0c41,12,9A 99 02 43 85 EB 01 42 AE 07 EB 42
1787904384.411756,34680,0c42,12,33 33 E4 42 0A D7 94 42 1B 2F 5C 42
1787904384.422436,34680,0c43,12,CD 4C 03 43 A4 70 55 42 B2 1D A7 42
1787904384.433119,34680,0c44,12,CC CC B3 42 1F 85 77 42 46 36 6D 42
1787904384.443863,34680,0c45,12,CD CC A4 42 00 00 1E 42 62 90 8E 42
1787904384.455013,34680,0c46,12,66 66 AB 42 1F 85 17 42 F4 7D A9 42
1787904384.465445,34680,0c47,12,33 33 FC 42 B8 1E 6F 42 CD CC 46 42
1787904384.476826,34680,0c48,12,9A 19 0A 43 1E 85 81 42 35 DE AB 42
1787904384.487321,34680,0c49,12,9A 99 EF 42 C2 F5 C4 41 58 39 B0 42
1787904384.498407,34680,0c4a,12,00 00 9F 42 14 AE 9B 42 FC A9 FC 41
1787904384.509228,34680,0c4b,12,9A 99 95 42 00 00 88 42 67 66 C6 42
1787904384.521876,34680,0c4c,12,CC CC D8 42 0A D7 C7 41 35 9E C4 42
1787904384.532346,34680,0c4d,12,CC 4C 14 43 A4 70 37 42 15 6E C3 42
1787904384.542770,34680,0c4e,12,66 E6 05 43 85 EB 1F 42 2B 47 E6 42
1787904384.553246,34680,0c4f,12,9A 99 D1 42 AE 47 3B 42 04 56 91 42
1787904384.563846,34680,0c50,12,9A 99 CC 42 86 EB 8C 42 C0 CA 8B 42
1787904384.574281,34680,0c51,12,33 33 49 42 7B 14 AA 41 E4 A5 69 42
1787904384.584948,34680,0c52,12,66 66 9C 42 33 33 BF 41 A6 9B C5 42
1787904384.595553,34680,0c53,12,CC CC 0E 43 AE 47 6B 42 81 95 8C 42
1787904384.606219,34680,0c54,12,9A 99 4D 42 34 33 95 42 9E EF B8 42
1787904384.616906,34680,0c55,12,00 00 5A 42 85 EB E9 41 31 C8 8C 42
1787904384.627929,34680,0c56,12,66 66 80 42 9A 99 4B 42 E6 50 3B 42
1787904384.638658,34680,0c57,12,66 66 D9 42 29 5C 97 42 76 FE C6 42
1787904384.652540,34680,0c58,12,34 B3 0A 43 29 5C DF 41 20 30 8C 42
1787904384.662945,34680,0c59,12,66 66 EA 42 5C 8F 40 42 F2 52 A6 42
1787904384.673543,34680,0c5a,12,66 E6 04 43 5C 8F F2 41 A2 45 67 42
1787904384.684038,34680,0c5b,12,9A 99 08 43 71 3D 42 42 9E 6F EA 42
1787904384.694475,34680,0c5c,12,9A 99 7D 42 85 EB 0D 42 87 96 0C 42
1787904384.705369,34680,0c5d,12,66 66 74 42 AE 47 A5 41 C8 F6 0E 42
1787904384.715868,34680,0c5e,12,00 00 4A 42 EC 51 89 42 35 9E C4 42
1787904384.726284,34680,0c5f,12,9A 99 A5 42 EC 51 98 42 71 3D 7E 42
1787904384.736980,34680,0c60,12,33 33 01 43 48 E1 9F 42 29 9C B1 42
1787904384.747515,34680,0c61,12,66 66 A8 42 7B 14 7C 42 67 A6 AD 42
1787904384.757926,34680,0c62,12,CD CC 0A 43 AE 47 41 42 9C C4 CA 41
1787904384.768581,34680,0c63,12,00 00 6E 42 33 33 73 42 50 0D 1A 42
1787904384.779090,34680,0c64,12,00 00 A0 42 29 5C 5D 42 6E 12 18 42
1787904384.789629,34680,0c65,12,9A 19 14 43 0A D7 DF 41 31 88 4D 42
1787904384.803552,34680,0c66,12,CD CC AE 42 9A 99 15 42 0C 42 85 42
1787904384.814477,34680,0c67,12,66 66 9A 42 5C 8F 22 42 62 10 05 42
1787904384.825396,34680,0c68,12,00 00 EB 42 0A D7 09 42 CA E1 82 42
1787904384.836096,34680,0c69,12,00 00 5C 42 C2 F5 9D 42 15 EE 91 42
1787904384.847733,34680,0c6a,12,CD 4C 11 43 33 33 13 42 1D 5A CC 41
1787904384.859526,34680,0c6b,12,34 33 AB 42 9A 99 CD 41 C9 F6 C9 42
1787904384.870234,34680,0c6c,12,CD CC F0 42 7B 14 22 42 1F 85 BA 42
1787904384.880825,34680,0c6d,12,9A 99 A3 42 B8 1E 2D 42 95 03 C5 42
1787904384.891440,34680,0c6e,12,66 66 86 42 3E 0A 47 42 D5 78 C0 41
1787904384.902165,34680,0c6f,12,66 66 CC 42 48 E1 2C 42 8D 97 B4 41
1787904384.912731,34680,0c70,12,33 33 06 43 14 AE 80 42 DF 4F BB 42
1787904384.923789,34680,0c71,12,CC CC F5 42 E1 7A 9A 42 37 49 96 42
1787904384.934294,34680,0c72,12,CC CC 01 43 15 AE 67 42 EA E6 80 42
1787904384.944664,34680,0c73,12,00 80 13 43 B8 1E A9 41 D1 E2 BD 42
1787904384.955144,34680,0c74,12,CD CC 9D 42 33 33 0D 42 99 99 B2 42
1787904384.970097,34680,0c75,12,CD CC AB 42 E2 7A 97 42 E8 FB C7 42
1787904384.981412,34680,0c76,12,66 E6 0E 43 A4 70 73 42 A2 45 67 42
1787904384.991923,34680,0c77,12,66 66 A6 42 00 00 0C 42 99 19 E4 42
1787904385.002373,34680,0c78,12,CD CC 50 42 48 E1 08 42 A4 70 07 42
1787904385.013144,34680,0c79,12,9A 99 9C 42 E1 7A AC 41 21 B0 02 42
1787904385.023629,34680,0c7a,12,9A 19 0A 43 F6 28 84 42 08 6C B0 42
1787904385.038984,34680,0c7b,12,66 66 8C 42 5C 8F E6 41 BC 34 9E 42
1787904385.049939,34680,0c7c,12,00 00 94 42 C2 F5 5A 42 E9 66 B2 42
1787904385.060624,34680,0c7d,12,66 66 6E 42 33 33 CB 41 F2 52 4E 42
1787904385.072076,34680,0c7e,12,66 66 CF 42 C3 F5 A0 41 5A E4 E4 42
1787904385.082856,34680,0c7f,12,66 66 A5 42 14 AE 2B 42 EB 51 CE 42
1787904385.093928,34680,0c80,12,66 66 A6 42 F6 28 4A 42 EA 26 10 42
1787904385.105000,34680,0c81,12,66 66 C7 42 AE 47 35 42 7F EA BA 42
1787904385.115909,34680,0c82,12,66 66 A8 42 3E 0A 29 42 A2 C5 35 42
1787904385.126695,34680,0c83,12,9A 99 97 42 9A 99 C1 41 5A 64 C8 41
1787904385.137253,34680,0c84,12,CD CC FD 42 5C 8F 28 42 2F DD D3 42
1787904385.147768,34680,0c85,12,CD CC F6 42 8F C2 4D 42 4C 37 9D 42
1787904385.158389,34680,0c86,12,00 80 11 43 D7 A3 7A 42 87 96 0C 42
1787904385.169186,34680,0c87,12,00 80 0F 43 AE 47 ED 41 8D 97 9F 42
1787904385.179786,34680,0c88,12,9A 99 80 42 F6 28 C0 41 77 BE 24 42
1787904385.190172,34680,0c89,12,33 33 A2 42 90 C2 8D 42 C3 F5 A3 41
1787904385.200838,34680,0c8a,12,34 33 04 43 CD CC 22 42 E8 FB 6F 42
1787904385.212810,34680,0c8b,12,33 33 B3 42 85 EB 86 42 D1 22 BA 41
1787904385.223427,34680,0c8c,12,00 00 F2 42 52 B8 8E 42 AC 9C 9D 42
1787904385.234150,34680,0c8d,12,9A 99 97 42 00 00 85 42 D3 0D C1 42
1787904385.244651,34680,0c8e,12,33 33 98 42 85 EB B9 41 1B AF E5 42
1787904385.255024,34680,0c8f,12,33 33 A6 42 E1 7A 9D 42 CF F7 B6 41
1787904385.265505,34680,0c90,12,CC 4C 08 43 48 E1 4A 42 08 2C 71 42
1787904385.275910,34680,0c91,12,33 33 94 42 F6 28 90 42 52 F8 8D 42
1787904385.286385,34680,0c92,12,9A 19 06 43 85 EB 67 42 E9 26 CB 42
1787904385.296835,34680,0c93,12,CD CC AB 42 AE 47 29 42 23 9B D9 42
1787904385.307183,34680,0c94,12,9A 99 9E 42 E1 7A 06 42 EB 51 CE 42
1787904385.317708,34680,0c95,12,33 33 97 42 14 AE 9E 42 71 3D D6 42
1787904385.328106,34680,0c96,12,00 00 4A 42 33 33 4F 42 9C C4 B5 42
1787904385.338803,34680,0c97,12,CD CC 99 42 AE 47 77 42 AC 5C B6 42
1787904385.349907,34680,0c98,12,00 00 0D 43 33 33 CB 41 A8 C6 0D 42
1787904385.360301,34680,0c99,12,00 00 8B 42 F6 28 81 42 FC 29 B6 42
1787904385.371091,34680,0c9a,12,9A 99 C6 42 5C 8F AA 41 11 18 BD 42
1787904385.384081,34680,0c9b,12,33 33 71 42 48 E1 90 42 04 96 DB 42
1787904385.394922,34680,0c9c,12,00 00 D0 42 00 00 5A 42 85 6B C4 42
1787904385.405408,34680,0c9d,12,67 66 FB 42 00 00 42 42 EE 3C EA 42
1787904385.415911,34680,0c9e,12,99 99 E9 42 F6 28 56 42 94 D8 C1 42
1787904385.426624,34680,0c9f,12,66 66 BF 42 14 AE 92 42 DD A4 2E 42
1787904385.437103,34680,0ca0,12,CD CC D7 42 66 66 A2 41 27 31 0C 42
1787904385.447766,34680,0ca1,12,66 66 A9 42 CD CC 28 42 50 0D 1A 42
1787904385.458366,34680,0ca2,12,66 66 E9 42 14 AE 9E 42 0E 6D 88 42
1787904385.468958,34680,0ca3,12,33 33 B4 42 9A 99 E5 41 7B 14 FB 41
1787904385.479675,34680,0ca4,12,33 33 0E 43 52 B8 72 42 D9 8E CA 42
1787904385.490168,34680,0ca5,12,00 00 72 42 5C 8F 40 42 98 2E C8 42
1787904385.500552,34680,0ca6,12,66 66 9F 42 1E 85 41 42 D9 CE 59 42
1787904385.511098,34680,0ca7,12,67 66 F1 42 EC 51 04 42 EF A7 7C 42
1787904385.538721,34680,0ca8,12,66 66 48 42 52 B8 91 42 04 16 AA 42
1787904385.576535,34680,0ca9,12,9A 99 10 43 EC 51 28 42 EC 11 84 42
1787904385.598592,34680,0caa,12,33 33 9E 42 CD CC 76 42 1C 5A B7 42
1787904385.610024,34680,0cab,12,CD CC 78 42 70 3D 5A 42 58 B9 E1 42
1787904385.620544,34680,0cac,12,33 33 F8 42 E1 7A 85 42 29 1C E3 42
1787904385.632069,34680,0cad,12,00 00 A9 42 47 E1 74 42 AC 5C B6 42
1787904385.642683,34680,0cae,12,9A 99 0E 43 3E 0A DB 41 B0 32 8B 42
1787904385.653751,34680,0caf,12,CD CC 88 42 B8 1E 88 42 9C C4 B5 42
1787904385.664582,34680,0cb0,12,33 33 0E 43 A4 70 55 42 92 6D 1C 42
1787904385.677500,34680,0cb1,12,66 66 C8 42 E1 7A 7E 42 DC 79 2B 42
1787904385.691153,34680,0cb2,12,33 33 C1 42 66 66 1A 42 8B 2C B5 42
1787904385.702466,34680,0cb3,12,00 80 0B 43 14 AE 3D 42 6B 7C E5 42
1787904385.713489,34680,0cb4,12,CC 4C 02 43 48 E1 84 42 58 39 C5 41
1787904385.729131,34680,0cb5,12,CD CC BD 42 48 E1 3E 42 CB 21 75 42
1787904385.739793,34680,0cb6,12,CD CC F2 42 8F C2 BD 41 23 DB 05 42
1787904385.750334,34680,0cb7,12,66 66 F8 42 0A D7 9D 42 0E 2D A1 42
1787904385.761009,34680,0cb8,12,9A 99 0A 43 52 B8 7E 42 5E BA CE 41
1787904385.771543,34680,0cb9,12,33 33 EE 42 1E 85 99 42 72 68 1E 42
1787904385.782569,34680,0cba,12,33 33 ED 42 71 3D 6C 42 BC 74 2D 42
1787904385.793046,34680,0cbb,12,66 66 C0 42 9A 99 94 42 46 36 C5 42
1787904385.803682,34680,0cbc,12,66 66 10 43 85 EB 9E 42 5E BA CE 41
1787904385.814180,34680,0cbd,12,9A 99 53 42 00 00 06 42 E0 8F A2 42
1787904385.824476,34680,0cbe,12,CD CC 5C 42 0A D7 9D 42 4E 62 B5 41
1787904385.834922,34680,0cbf,12,66 66 00 43 90 C2 ED 41 24 86 3A 42
1787904385.846136,34680,0cc0,12,33 B3 00 43 00 00 91 42 21 70 D6 42
1787904385.856926,34680,0cc1,12,33 33 03 43 B8 1E 15 42 5C CF 9D 42
1787904385.867600,34680,0cc2,12,66 E6 01 43 3D 0A 65 42 3F B5 BB 42
1787904385.878012,34680,0cc3,12,00 00 FB 42 3E 0A FF 41 1B AF E5 42
1787904385.889321,34680,0cc4,12,00 00 7C 42 29 5C 5D 42 71 3D 7E 42
1787904385.899808,34680,0cc5,12,66 66 E3 42 85 EB 79 42 E1 3A D7 42
1787904385.910285,34680,0cc6,12,CC CC 08 43 C2 F5 42 42 2F 9D 89 42
1787904385.920746,34680,0cc7,12,66 66 0B 43 7B 14 16 42 1C 9A 9E 42
1787904385.931159,34680,0cc8,12,66 66 EB 42 A4 70 9E 42 3F 75 D4 42
1787904385.941576,34680,0cc9,12,66 66 4C 42 3D 0A AB 41 50 8D 4B 42
1787904385.951863,34680,0cca,12,00 80 01 43 F6 28 A8 41 6B BC 74 42
1787904385.962298,34680,0ccb,12,9A 99 F2 42 0A D7 85 42 8A C1 72 42
1787904385.972991,34680,0ccc,12,33 33 55 42 67 66 62 42 3E 0A 2F 42
1787904385.983388,34680,0ccd,12,9A 19 0D 43 CD CC 95 42 D9 CE C6 41
1787904385.994001,34680,0cce,12,00 00 E5 42 15 AE 49 42 29 DC 40 42
1787904386.004641,34680,0ccf,12,66 66 48 42 EC 51 80 42 E4 25 38 42
1787904386.015055,34680,0cd0,12,33 33 E8 42 D7 A3 68 42 5D 8F B6 42
1787904386.031687,34680,0cd1,12,66 66 B3 42 C2 F5 8E 42 85 AB AB 42
1787904386.042666,34680,0cd2,12,00 80 11 43 A4 70 83 42 91 AD BE 42
1787904386.053764,34680,0cd3,12,9A 99 B0 42 AE 47 7D 42 6F 92 A1 42
1787904386.064759,34680,0cd4,12,9A 99 01 43 F6 28 D8 41 A6 DB AC 42
1787904386.075806,34680,0cd5,12,9A 99 D1 42 00 00 F4 41 36 5E F2 41
1787904386.086740,34680,0cd6,12,00 00 A3 42 D7 A3 62 42 3B DF 2B 42
1787904386.097429,34680,0cd7,12,9A 99 09 43 C3 F5 12 42 BA 09 9B 42
1787904386.107986,34680,0cd8,12,00 00 F8 42 66 66 F6 41 A6 9B 0A 42
1787904386.118371,34680,0cd9,12,CD CC EE 42 85 EB 79 42 81 15 66 42
1787904386.129184,34680,0cda,12,CD CC E9 42 3E 0A 93 42 AA F1 CB 42
1787904386.139790,34680,0cdb,12,66 66 8D 42 E1 7A 60 42 5C 8F CB 41
1787904386.150806,34680,0cdc,12,00 00 9B 42 00 00 18 42 AC DC 84 42
1787904386.161474,34680,0cdd,12,00 00 76 42 70 3D 66 42 A0 5A A3 42
1787904386.172059,34680,0cde,12,CC CC A1 42 9A 99 15 42 8D 57 B8 42
1787904386.183007,34680,0cdf,12,00 00 BB 42 29 5C 51 42 73 E8 4F 42
1787904386.193911,34680,0ce0,12,34 33 AA 42 F6 28 02 42 D7 23 25 42
1787904386.204802,34680,0ce1,12,9A 99 DC 42 0A D7 91 42 12 43 C0 42
1787904386.215407,34680,0ce2,12,66 66 5C 42 0A D7 C7 41 9C C4 CA 41
1787904386.227806,34680,0ce3,12,CD CC 85 42 71 3D B2 41 44 4B A9 42
1787904386.238153,34680,0ce4,12,33 33 8F 42 00 00 8B 42 C3 75 05 42
1787904386.248555,34680,0ce5,12,66 66 EA 42 F6 28 56 42 9E 6F 2F 42
1787904386.259085,34680,0ce6,12,9A 99 D1 42 14 AE 13 42 25 06 6C 42
1787904386.269582,34680,0ce7,12,66 E6 03 43 CD CC A4 41 B7 73 AD 42
1787904386.279955,34680,0ce8,12,66 66 FA 42 7A 14 58 42 40 F5 A2 42
1787904386.290402,34680,0ce9,12,CD 4C 0B 43 48 E1 EA 41 3A B4 F8 41
1787904386.300807,34680,0cea,12,66 66 5C 42 1E 85 8A 42 D2 62 8C 42
1787904386.311298,34680,0ceb,12,9A 99 A7 42 00 00 D0 41 E6 50 93 42
1787904386.321832,34680,0cec,12,33 33 E8 42 52 B8 18 42 BE DF D2 42
1787904386.332471,34680,0ced,12,CC 4C 07 43 1F 85 59 42 C6 CB 0B 42
1787904386.343354,34680,0cee,12,66 66 DA 42 F6 28 56 42 F2 D2 EC 41
1787904386.353991,34680,0cef,12,9A 99 67 42 1F 85 9C 42 44 8B A5 41
1787904386.364618,34680,0cf0,12,9A 99 E7 42 9A 99 33 42 15 AE AA 42
1787904386.377653,34680,0cf1,12,CD CC 80 42 3E 0A 7D 42 3B DF 2B 42
1787904386.388910,34680,0cf2,12,9A 99 8C 42 85 EB 31 42 D7 63 C7 42
1787904386.400331,34680,0cf3,12,67 66 E5 42 A4 70 07 42 98 EE 25 42
1787904386.414037,34680,0cf4,12,9A 99 9A 42 34 33 1F 42 12 03 D9 42
1787904386.425215,34680,0cf5,12,CD CC F1 42 14 AE 98 42 37 09 AF 42
1787904386.436646,34680,0cf6,12,66 E6 07 43 EC 51 98 42 F6 68 C5 42
1787904386.447142,34680,0cf7,12,33 33 5F 42 EB 51 64 42 0E 2D B6 41
1787904386.457592,34680,0cf8,12,9A 99 D4 42 F6 28 02 42 1F 85 CF 41
1787904386.467941,34680,0cf9,12,00 00 FA 42 D7 A3 14 42 DD 24 CD 41
1787904386.478288,34680,0cfa,12,CD CC BC 42 E2 7A 5A 42 21 B0 65 42
1787904386.488763,34680,0cfb,12,33 33 90 42 52 B8 9D 42 DB F9 B4 42
1787904386.499742,34680,0cfc,12,9A 99 ED 42 C2 F5 2A 42 A8 86 E1 42
1787904386.510323,34680,0cfd,12,00 00 A6 42 D7 A3 62 42 6C A7 E8 42
1787904386.520779,34680,0cfe,12,00 80 0F 43 CD CC 98 42 F6 28 23 42
1787904386.531260,34680,0cff,12,00 00 FF 42 F6 28 87 42 C5 20 A7 41
1787904386.542457,34680,0d00,12,66 66 D0 42 B9 1E 57 42 E6 50 3B 42
1787904386.552958,34680,0d01,12,9A 99 98 42 EC 51 BC 41 DC 79 2B 42
1787904386.563505,34680,0d02,12,9A 19 01 43 0A D7 EB 41 48 E1 3E 42
1787904386.574085,34680,0d03,12,33 B3 06 43 9A 99 4B 42 44 8B A5 41
1787904386.584737,34680,0d04,12,00 00 AF 42 D7 A3 26 42 06 41 AD 42
1787904386.595689,34680,0d05,12,33 33 90 42 EC 51 BC 41 0A D7 42 42
1787904386.606585,34680,0d06,12,9A 99 8F 42 C2 F5 78 42 6C A7 E8 42
1787904386.617377,34680,0d07,12,33 33 14 43 E1 7A F4 41 18 04 C6 41
1787904386.628285,34680,0d08,12,33 33 9C 42 0A D7 75 42 62 50 A7 42
1787904386.639429,34680,0d09,12,67 66 FC 42 66 66 F6 41 60 65 33 42
1787904386.652153,34680,0d0a,12,33 33 99 42 C3 F5 72 42 C5 60 DC 42
1787904386.662896,34680,0d0b,12,66 E6 00 43 85 EB 95 42 5C 0F 85 42
1787904386.673359,34680,0d0c,12,66 66 0D 43 52 B8 B2 41 99 99 5A 42
1787904386.683780,34680,0d0d,12,33 33 F8 42 F6 28 C0 41 83 C0 37 42
1787904386.694298,34680,0d0e,12,66 66 04 43 E1 7A 72 42 50 4D BC 42
1787904386.704772,34680,0d0f,12,9A 99 CB 42 99 99 7B 42 46 F6 DD 42
1787904386.741036,34680,0d10,12,33 33 E4 42 CD CC 52 42 27 B1 3D 42
1787904386.753492,34680,0d11,12,00 00 CA 42 29 5C 3F 42 C5 A0 6B 42
1787904386.763985,34680,0d12,12,CD CC 70 42 E1 7A 66 42 29 1C 80 42
1787904386.775148,34680,0d13,12,00 00 DB 42 0A D7 4B 42 71 3D D6 42
1787904386.785856,34680,0d14,12,00 00 A2 42 E1 7A 6C 42 95 03 C5 42
1787904386.796937,34680,0d15,12,9A 99 09 43 E1 7A 6C 42 E4 25 90 42
1787904386.811208,34680,0d16,12,9A 99 E0 42 A4 70 0D 42 1F 05 EC 42
1787904386.821781,34680,0d17,12,CD CC 85 42 14 AE 13 42 2B 87 75 42
1787904386.832394,34680,0d18,12,CC CC CB 42 85 EB 89 42 96 C3 22 42
1787904386.843195,34680,0d19,12,99 99 D2 42 CD CC F8 41 71 3D D6 42
1787904386.853736,34680,0d1a,12,66 66 DC 42 48 E1 0E 42 BC 74 FD 41
1787904386.864237,34680,0d1b,12,34 33 0A 43 34 33 19 42 83 C0 37 42
1787904386.874957,34680,0d1c,12,33 33 57 42 1F 85 5F 42 12 83 BC 41
1787904386.885262,34680,0d1d,12,66 66 E3 42 70 3D 78 42 E1 FA 8C 42
1787904386.895680,34680,0d1e,12,66 66 AB 42 5C 8F 04 42 74 53 92 42
1787904386.906046,34680,0d1f,12,CD CC 5A 42 A4 70 A1 41 B4 88 91 42
1787904386.916519,34680,0d20,12,9A 99 0B 43 AE 47 41 42 90 02 8A 42
1787904386.926977,34680,0d21,12,00 00 A8 42 5C 8F 22 42 D7 A3 AE 42
1787904386.937564,34680,0d22,12,00 00 8C 42 B8 1E 39 42 49 8C 73 42
1787904386.947868,34680,0d23,12,CC 4C 14 43 CD CC 46 42 9E EF 60 42
1787904386.958661,34680,0d24,12,9A 99 7D 42 7B 14 80 42 7F 6A 31 42
1787904386.969384,34680,0d25,12,33 33 79 42 9A 99 3F 42 68 91 71 42
1787904386.980079,34680,0d26,12,9A 19 0B 43 48 E1 4A 42 E1 3A D7 42
1787904386.990643,34680,0d27,12,33 33 07 43 48 E1 20 42 5D 8F 5E 42
1787904387.001791,34680,0d28,12,67 66 E2 42 00 00 A0 41 8E D7 86 42
1787904387.012424,34680,0d29,12,CC CC 13 43 AE 47 B1 41 BE 1F BA 42
1787904387.022834,34680,0d2a,12,9A 99 53 42 D7 A3 9F 42 6C A7 E8 42
1787904387.033886,34680,0d2b,12,9A 99 FD 42 1F 85 11 42 B0 72 1A 42
1787904387.044511,34680,0d2c,12,CD CC E7 42 3E 0A 8D 42 A6 9B DA 41
1787904387.055036,34680,0d2d,12,9A 99 08 43 66 66 F6 41 0A 57 CC 42
1787904387.065598,34680,0d2e,12,33 33 0F 43 00 00 82 42 3F 35 ED 42
1787904387.075971,34680,0d2f,12,66 66 0F 43 70 3D 12 42 56 8E DE 42
1787904387.086398,34680,0d30,12,33 33 51 42 7B 14 0A 42 48 21 E1 42
1787904387.100589,34680,0d31,12,9A 99 77 42 AE 47 87 42 7F 6A EC 42
1787904387.111503,34680,0d32,12,CD CC 8F 42 C2 F5 3C 42 48 E1 96 42
1787904387.122314,34680,0d33,12,00 00 D8 42 C2 F5 9A 42 AA 71 42 42
1787904387.133105,34680,0d34,12,9A 99 DA 42 66 66 02 42 58 39 C5 41
1787904387.144009,34680,0d35,12,00 00 F3 42 47 E1 74 42 10 D8 1A 42
1787904387.163524,34680,0d36,12,66 E6 0C 43 AE 47 D5 41 27 31 0C 42
1787904387.174069,34680,0d37,12,66 66 8F 42 5C 8F DA 41 18 04 59 42
1787904387.186022,34680,0d38,12,9A 99 5F 42 52 B8 5A 42 0A 97 B3 42
1787904387.196967,34680,0d39,12,CD CC C2 42 14 AE FB 41 D9 8E CA 42
1787904387.207597,34680,0d3a,12,66 66 10 43 3E 0A E7 41 79 69 B1 42
1787904387.218066,34680,0d3b,12,33 33 C8 42 D7 A3 08 42 B0 72 D5 42
1787904387.228691,34680,0d3c,12,9A 99 EC 42 E1 7A 3C 42 E3 A5 06 42
1787904387.240419,34680,0d3d,12,9A 99 75 42 14 AE D7 41 E0 8F A2 42
1787904387.251133,34680,0d3e,12,CD CC 87 42 CC CC 1C 42 E1 3A D7 42
1787904387.261781,34680,0d3f,12,00 80 10 43 52 B8 66 42 27 F1 DF 42
1787904387.272709,34680,0d40,12,33 33 03 43 7A 14 76 42 70 BD 4C 42
1787904387.283365,34680,0d41,12,CC CC DA 42 5C 8F 98 42 FE 94 A0 42
1787904387.293688,34680,0d42,12,66 66 F3 42 C2 F5 D0 41 06 41 AD 42
1787904387.304113,34680,0d43,12,00 00 0B 43 52 B8 3C 42 08 AC 3F 42
1787904387.314507,34680,0d44,12,00 00 7E 42 D7 A3 2C 42 EA 26 10 42
1787904387.325381,34680,0d45,12,00 00 74 42 8F C2 7D 42 46 B6 A8 41
1787904387.337249,34680,0d46,12,34 33 C4 42 1F 85 6B 42 00 00 33 42
1787904387.347876,34680,0d47,12,34 33 DC 42 33 33 89 42 7F 2A A2 42
1787904387.358664,34680,0d48,12,33 33 C8 42 00 00 88 42 A2 05 D8 42
1787904387.369295,34680,0d49,12,33 33 91 42 8F C2 11 42 F2 D2 1C 42
1787904387.379796,34680,0d4a,12,9A 99 9D 42 52 B8 BE 41 C2 75 C0 42
1787904387.391403,34680,0d4b,12,66 66 F5 42 52 B8 36 42 EE FC 47 42
1787904387.402005,34680,0d4c,12,CD CC B0 42 66 66 81 42 5E BA CE 41
1787904387.413196,34680,0d4d,12,33 B3 12 43 A4 70 83 42 00 00 8B 42
1787904387.424081,34680,0d4e,12,67 66 E4 42 29 5C 94 42 81 95 A1 41
1787904387.435189,34680,0d4f,12,66 66 70 42 EC 51 9B 42 7D 3F FE 41
1787904387.446186,34680,0d50,12,00 00 B7 42 E1 7A 72 42 48 E1 3E 42
1787904387.456983,34680,0d51,12,66 66 B5 42 5C 8F 22 42 24 86 3A 42
1787904387.467437,34680,0d52,12,00 00 C3 42 5C 8F C2 41 94 98 DA 42
1787904387.477893,34680,0d53,12,66 E6 15 43 5C 8F 76 42 1C 9A 9E 42
1787904387.489065,34680,0d54,12,9A 99 82 42 9A 99 91 42 8B EC CD 42
1787904387.499861,34680,0d55,12,33 33 51 42 9A 99 B5 41 02 AB 04 42
1787904387.510551,34680,0d56,12,9A 99 84 42 85 EB 61 42 CD 4C 78 42
1787904387.521004,34680,0d57,12,00 00 CE 42 70 3D 94 42 50 0D 7D 42
1787904387.531912,34680,0d58,12,00 00 0B 43 85 EB 79 42 64 7B AA 42
1787904387.542491,34680,0d59,12,00 00 64 42 E2 7A 91 42 60 65 8B 42
1787904387.553637,34680,0d5a,12,CD CC 66 42 3E 0A 84 42 92 ED BA 41
1787904387.564288,34680,0d5b,12,00 00 70 42 1F 85 DB 41 49 8C CB 42
1787904387.574731,34680,0d5c,12,9A 99 A5 42 3E 0A C3 41 B4 48 52 42
1787904387.585100,34680,0d5d,12,34 B3 05 43 CD CC 46 42 21 B0 BD 42
1787904387.595499,34680,0d5e,12,33 33 C5 42 0A D7 8E 42 E1 FA 8C 42
1787904387.605862,34680,0d5f,12,9A 99 CE 42 7B 14 8F 42 FA FE B2 42
1787904387.616231,34680,0d60,12,66 66 D5 42 48 E1 F6 41 FE D4 FF 41
1787904387.626621,34680,0d61,12,CD CC F2 42 EC 51 9B 42 C2 35 D9 42
1787904387.637170,34680,0d62,12,00 00 D5 42 D7 A3 D8 41 95 43 54 42
1787904387.647624,34680,0d63,12,00 00 06 43 85 EB 80 42 E5 D0 6C 42
1787904387.658156,34680,0d64,12,9A 99 51 42 AE 47 2F 42 75 D3 C3 42
1787904387.668763,34680,0d65,12,00 00 89 42 5C 8F 8C 42 31 48 BE 42
1787904387.679321,34680,0d66,12,CD CC 64 42 14 AE 01 42 7F 6A EC 42
1787904387.689668,34680,0d67,12,33 33 96 42 14 AE EF 41 5D 8F B6 42
1787904387.703410,34680,0d68,12,00 00 0E 43 C2 F5 78 42 9C C4 B5 42
1787904387.714066,34680,0d69,12,33 33 71 42 29 5C 03 42 85 6B 09 42
1787904387.724941,34680,0d6a,12,00 00 B3 42 EB 51 7C 42 D9 8E CA 42
1787904387.735633,34680,0d6b,12,33 B3 06 43 9A 99 85 42 37 C9 C7 42
1787904387.746096,34680,0d6c,12,00 00 12 43 29 5C 8E 42 56 8E DE 42
1787904387.756554,34680,0d6d,12,00 00 15 43 C3 F5 DC 41 95 43 AC 42
1787904387.767001,34680,0d6e,12,CC CC BA 42 A4 70 37 42 F2 92 8D 42
1787904387.777336,34680,0d6f,12,00 00 8C 42 0A D7 57 42 3F B5 63 42
1787904387.790761,34680,0d70,12,33 33 8D 42 85 EB 92 42 94 98 1F 42
1787904387.812799,34680,0d71,12,33 33 61 42 85 EB 31 42 C6 CB C6 42
1787904387.821569,34680,0d72,12,00 00 E4 42 5C 8F 22 42 D1 A2 1B 42
1787904387.839123,34680,0d73,12,00 00 C6 42 A4 70 67 42 9E EF 60 42
1787904387.864581,34680,0d74,12,00 00 C8 42 90 C2 ED 41 56 8E 23 42
1787904387.876426,34680,0d75,12,CD CC F0 42 C2 F5 4E 42 CD CC 9E 42
1787904387.887169,34680,0d76,12,00 00 9C 42 8F C2 4D 42 37 49 96 42
1787904387.899211,34680,0d77,12,66 66 8B 42 0A D7 6F 42 42 A0 D7 42
1787904387.910766,34680,0d78,12,CD 4C 12 43 0A D7 3F 42 58 F9 C8 42
1787904387.922604,34680,0d79,12,33 33 85 42 B9 1E 57 42 00 C0 A3 42
1787904387.933329,34680,0d7a,12,9A 99 C8 42 EC 51 95 42 0A 57 CC 42
1787904387.944053,34680,0d7b,12,66 66 74 42 90 C2 29 42 AC 9C 9D 42
1787904387.954638,34680,0d7c,12,00 00 FA 42 52 B8 42 42 1A 6F 9B 42
1787904387.965393,34680,0d7d,12,9A 99 67 42 AE 47 99 42 5A A4 9A 42
1787904387.976252,34680,0d7e,12,34 33 9D 42 00 00 E8 41 64 FB DB 42
1787904387.986832,34680,0d7f,12,00 80 11 43 D7 A3 08 42 18 84 27 42
1787904387.997323,34680,0d80,12,00 00 08 43 29 5C 09 42 15 EE 91 42
1787904388.008042,34680,0d81,12,00 00 8F 42 C2 F5 85 42 11 D8 D5 42
1787904388.018605,34680,0d82,12,33 33 FD 42 14 AE 9B 42 CD 0C E9 42
1787904388.029174,34680,0d83,12,33 33 EA 42 7B 14 9E 42 F6 28 23 42
1787904388.040396,34680,0d84,12,00 00 CE 42 14 AE 8F 42 D1 A2 1B 42
1787904388.050853,34680,0d85,12,CD CC BB 42 15 AE 79 42 4E 62 B5 41
1787904388.061396,34680,0d86,12,66 66 10 43 90 C2 65 42 7D BF B7 42
1787904388.072069,34680,0d87,12,00 00 9B 42 8F C2 BD 41 5E 3A EB 42
1787904388.082709,34680,0d88,12,00 00 84 42 48 E1 26 42 A2 85 A6 42
1787904388.093139,34680,0d89,12,66 66 AE 42 EC 51 D4 41 64 3B 6B 42
1787904388.103988,34680,0d8a,12,9A 99 0B 43 E1 7A A0 41 58 B9 26 42
1787904388.114704,34680,0d8b,12,CC CC A1 42 EC 51 58 42 C9 F6 C9 42
1787904388.125289,34680,0d8c,12,9A 99 4B 42 85 EB 61 42 98 6E C4 41
1787904388.135634,34680,0d8d,12,00 00 92 42 1F 85 0B 42 0C 82 14 42
1787904388.147238,34680,0d8e,12,CC CC CC 42 1F 85 2F 42 85 6B 09 42
1787904388.157856,34680,0d8f,12,CD CC A3 42 71 3D 24 42 3F 75 D4 42
1787904388.168465,34680,0d90,12,CC CC BA 42 48 E1 6E 42 91 6D D7 42
1787904388.179413,34680,0d91,12,66 66 6C 42 D7 A3 93 42 EE BC B8 42
1787904388.190113,34680,0d92,12,33 33 C2 42 3E 0A 2F 42 12 83 A7 42
1787904388.200603,34680,0d93,12,9A 99 7D 42 AE 47 41 42 96 43 C1 41
1787904388.210990,34680,0d94,12,9A 99 B2 42 90 C2 29 42 F2 D2 D7 42
1787904388.221593,34680,0d95,12,9A 99 F1 42 B8 1E 97 42 9E 6F EA 42
1787904388.232196,34680,0d96,12,00 80 0B 43 29 5C 03 42 C9 F6 71 42
1787904388.243111,34680,0d97,12,CC CC 01 43 48 E1 9C 42 DD E4 D0 42
1787904388.253710,34680,0d98,12,9A 99 00 43 CD CC A4 41 50 CD 8A 42
1787904388.264175,34680,0d99,12,66 66 D8 42 48 E1 A2 41 2F DD D3 42
1787904388.274601,34680,0d9a,12,9A 19 08 43 A4 70 6D 42 8D 97 47 42
1787904388.286146,34680,0d9b,12,CC CC A6 42 8F C2 77 42 6F 92 A1 42
1787904388.296732,34680,0d9c,12,66 66 9D 42 0A D7 09 42 7F AA D3 42
1787904388.307440,34680,0d9d,12,00 00 B8 42 3D 0A 65 42 F0 A7 E9 41
1787904388.317843,34680,0d9e,12,9A 19 04 43 8F C2 96 42 9E 6F EA 42
1787904388.329042,34680,0d9f,12,CD CC FE 42 8F C2 7D 42 CD CC 46 42
1787904388.339788,34680,0da0,12,00 00 00 43 E1 7A 3C 42 B8 9E B0 42
1787904388.350449,34680,0da1,12,CD CC BD 42 14 AE EF 41 50 4D BC 42
1787904388.360901,34680,0da2,12,00 00 F9 42 00 00 54 42 87 D6 AE 42
1787904388.371506,34680,0da3,12,66 E6 05 43 AE 47 23 42 04 D6 6A 42
1787904388.383374,34680,0da4,12,66 66 83 42 E1 7A 7E 42 A6 1B 3C 42
1787904388.395024,34680,0da5,12,9A 99 ED 42 71 3D BE 41 A4 70 D7 41
1787904388.406807,34680,0da6,12,33 B3 12 43 1F 85 AB 41 AE 47 17 42
1787904388.417280,34680,0da7,12,9A 99 C8 42 F6 28 D8 41 AC 1C E4 41
1787904388.428805,34680,0da8,12,66 66 BC 42 29 5C 88 42 1B 2F B4 42
1787904388.439325,34680,0da9,12,CD CC 8C 42 47 E1 74 42 81 D5 D6 42
1787904388.450491,34680,0daa,12,9A 99 CB 42 EC 51 BC 41 6F 92 49 42
1787904388.461447,34680,0dab,12,CD CC B1 42 9A 99 85 42 08 EC E1 42
1787904388.472138,34680,0dac,12,99 99 F7 42 F6 28 5C 42 C9 F6 C9 42
1787904388.482630,34680,0dad,12,00 80 0F 43 5C 8F 10 42 79 69 B1 42
1787904388.493405,34680,0dae,12,9A 99 A7 42 15 AE 5B 42 C5 A0 6B 42
1787904388.503957,34680,0daf,12,66 66 CC 42 AE 47 ED 41 D7 63 C7 42
1787904388.514532,34680,0db0,12,CD CC F6 42 C2 F5 94 42 4C 37 45 42
1787904388.525089,34680,0db1,12,33 33 96 42 E1 7A 18 42 29 5C 72 42
1787904388.535681,34680,0db2,12,CC CC D8 42 CC CC 8C 42 79 69 59 42
1787904388.546454,34680,0db3,12,00 00 93 42 86 EB F5 41 10 98 8B 42
1787904388.560161,34680,0db4,12,66 E6 09 43 66 66 8D 42 5D 8F B6 42
1787904388.570555,34680,0db5,12,00 00 DF 42 14 AE D7 41 D1 E2 BD 42
1787904388.580966,34680,0db6,12,9A 99 C9 42 52 B8 A6 41 23 1B A8 42
1787904388.591626,34680,0db7,12,00 00 B7 42 29 5C 2D 42 17 59 DF 42
1787904388.602499,34680,0db8,12,CC CC 07 43 85 EB 83 42 02 2B 8E 42
1787904388.613020,34680,0db9,12,9A 99 14 43 29 5C 9D 42 AC 1C E4 41
1787904388.623384,34680,0dba,12,33 33 EC 42 70 3D 8E 42 A8 C6 0D 42
1787904388.641159,34680,0dbb,12,34 33 E6 42 71 3D 60 42 6F 52 BA 42
1787904388.652883,34680,0dbc,12,00 00 AA 42 66 66 90 42 18 84 27 42
1787904388.663325,34680,0dbd,12,00 00 8E 42 9A 99 09 42 AA 31 B3 42
1787904388.673770,34680,0dbe,12,9A 99 BD 42 E1 7A 6C 42 E8 BB E0 42
1787904388.684246,34680,0dbf,12,33 33 91 42 E1 7A AC 41 A2 05 D8 42
1787904388.694551,34680,0dc0,12,66 66 B8 42 48 E1 7A 42 62 10 C0 42
1787904388.704922,34680,0dc1,12,00 00 D0 42 EC 51 8C 42 9C 84 CE 42
1787904388.715283,34680,0dc2,12,33 33 03 43 A4 70 13 42 18 84 27 42
1787904388.726503,34680,0dc3,12,33 33 75 42 7B 14 6A 42 DB F9 5C 42
1787904388.737068,34680,0dc4,12,66 66 C0 42 C2 F5 9D 42 3E 8A B8 42
1787904388.747444,34680,0dc5,12,99 99 F6 42 85 EB C5 41 9C 04 9D 42
1787904388.758002,34680,0dc6,12,CD CC 66 42 CC CC 4C 42 EA E6 80 42
1787904388.768477,34680,0dc7,12,99 99 F7 42 E1 7A 18 42 7D BF B7 42
1787904388.778828,34680,0dc8,12,33 33 63 42 5C 8F F2 41 29 5C DF 41
1787904388.789159,34680,0dc9,12,CD CC 8A 42 52 B8 85 42 A4 F0 38 42
1787904388.799528,34680,0dca,12,34 33 D0 42 29 5C 8E 42 D3 CD D9 42
1787904388.810161,34680,0dcb,12,9A 99 15 43 9A 99 E5 41 6B BC CC 42
1787904388.820570,34680,0dcc,12,33 33 E2 42 5C 8F 83 42 0C 42 85 42
1787904388.830907,34680,0dcd,12,00 00 72 42 D7 A3 84 42 5C CF 9D 42
1787904388.841307,34680,0dce,12,CD CC C4 42 B8 1E 91 42 4C B7 13 42
1787904388.856102,34680,0dcf,12,CD CC EE 42 1F 85 1D 42 50 0D D5 42
1787904388.866755,34680,0dd0,12,CD CC DD 42 F6 28 44 42 12 83 4F 42
1787904388.877355,34680,0dd1,12,00 00 14 43 48 E1 6E 42 DB F9 5C 42
1787904388.887838,34680,0dd2,12,66 66 B5 42 52 B8 7E 42 AC 9C 45 42
1787904388.898100,34680,0dd3,12,00 00 D6 42 E2 7A 4E 42 4E 62 48 42
1787904388.908672,34680,0dd4,12,33 B3 03 43 14 AE 3D 42 F8 D3 AF 42
1787904388.919050,34680,0dd5,12,CC 4C 13 43 52 B8 E2 41 1A 6F 9B 42
1787904388.929367,34680,0dd6,12,00 00 7C 42 3E 0A 53 42 7F 6A 31 42
1787904388.939684,34680,0dd7,12,33 B3 0F 43 48 E1 3E 42 3B DF 2B 42
1787904388.950093,34680,0dd8,12,9A 99 96 42 52 B8 D6 41 2C 07 44 42
1787904388.960451,34680,0dd9,12,CD CC A2 42 86 EB 43 42 14 2E 21 42
1787904388.971010,34680,0dda,12,CD CC 02 43 90 C2 3B 42 87 96 0C 42
1787904388.981381,34680,0ddb,12,66 66 56 42 85 EB 37 42 50 8D 4B 42
1787904388.991837,34680,0ddc,12,66 E6 00 43 EC 51 86 42 27 31 DC 41
1787904389.002523,34680,0ddd,12,9A 99 AB 42 9A 99 C1 41 77 BE 24 42
1787904389.012995,34680,0dde,12,33 33 49 42 D7 A3 3E 42 99 19 E4 42
1787904389.025167,34680,0ddf,12,CD CC BD 42 F6 28 81 42 BC 74 FD 41
1787904389.039575,34680,0de0,12,33 33 A6 42 71 3D 24 42 73 A8 C0 42
1787904389.051886,34680,0de1,12,CD CC D6 42 B8 1E 94 42 AA B1 E4 42
1787904389.063040,34680,0de2,12,CC CC C0 42 A3 70 79 42 2C 07 44 42
1787904389.074337,34680,0de3,12,33 33 02 43 A4 70 49 42 8F 02 ED 42
1787904389.086693,34680,0de4,12,CD CC FE 42 E1 7A 94 42 83 40 C1 42
1787904389.097210,34680,0de5,12,9A 99 51 42 E1 7A 6C 42 9C 44 84 42
1787904389.107692,34680,0de6,12,33 33 A7 42 00 00 9A 42 1B EF CC 42
1787904389.118075,34680,0de7,12,67 66 FD 42 CD CC F8 41 70 FD 8B 42
1787904389.128503,34680,0de8,12,CC CC C0 42 3E 0A 87 42 FC A9 84 42
1787904389.139028,34680,0de9,12,34 B3 10 43 B8 1E FD 41 FA 7E 29 42
1787904389.149515,34680,0dea,12,33 33 73 42 14 AE EF 41 91 ED 4D 42
1787904389.159948,34680,0deb,12,99 99 F7 42 8F C2 6B 42 A2 45 D4 41
1787904389.170858,34680,0dec,12,33 33 9B 42 5C 8F 10 42 1C 9A 9E 42
1787904389.181482,34680,0ded,12,CD CC A8 42 14 AE FB 41 D3 4D BD 41
1787904389.195168,34680,0dee,12,9A 99 8C 42 3E 0A 9F 42 F4 BD 90 42
1787904389.205577,34680,0def,12,66 66 4A 42 34 33 86 42 04 56 39 42
1787904389.217402,34680,0df0,12,00 00 58 42 52 B8 A6 41 D9 CE B1 42
1787904389.228634,34680,0df1,12,33 33 BA 42 D7 A3 E4 41 E4 65 DA 42
1787904389.239416,34680,0df2,12,00 00 C2 42 0A D7 BB 41 A8 46 3F 42
1787904389.250033,34680,0df3,12,CD CC 78 42 29 5C A3 41 AC 9C 45 42
1787904389.260476,34680,0df4,12,00 00 8B 42 70 3D 48 42 DB B9 CD 42
1787904389.270969,34680,0df5,12,00 00 D4 42 00 00 82 42 00 80 01 42
1787904389.281364,34680,0df6,12,CD CC E1 42 5C 8F E6 41 72 68 1E 42
1787904389.291823,34680,0df7,12,00 80 09 43 5C 8F 86 42 2B 87 CD 42
1787904389.302205,34680,0df8,12,9A 99 AC 42 48 E1 50 42 DD A4 86 42
1787904389.312546,34680,0df9,12,9A 99 8F 42 0A D7 21 42 AA 71 9A 42
1787904389.323015,34680,0dfa,12,9A 99 D6 42 7A 14 86 42 0C 02 B3 41
1787904389.333492,34680,0dfb,12,66 E6 13 43 E1 7A DC 41 E6 50 93 42
1787904389.344576,34680,0dfc,12,66 66 FA 42 E1 7A DC 41 5A A4 9A 42
1787904389.355269,34680,0dfd,12,9A 99 A4 42 C2 F5 78 42 AE 07 EB 42
1787904389.366222,34680,0dfe,12,CD CC C1 42 00 00 78 42 CF F7 A1 42
1787904389.377052,34680,0dff,12,33 33 F9 42 CD CC 95 42 DF CF 89 42
1787904389.388102,34680,0e00,12,33 33 EC 42 B8 1E B5 41 C6 CB 6E 42
1787904389.400440,34680,0e01,12,33 33 73 42 70 3D 3C 42 27 B1 3D 42
1787904389.411536,34680,0e02,12,00 00 EF 42 00 00 D0 41 35 DE AB 42
1787904389.422333,34680,0e03,12,33 33 73 42 52 B8 D6 41 C1 CA A0 41
1787904389.432897,34680,0e04,12,9A 99 5F 42 5C 8F FE 41 48 A1 AF 42
1787904389.443805,34680,0e05,12,9A 99 7B 42 A4 70 8F 42 95 43 AC 42
1787904389.454401,34680,0e06,12,66 66 B7 42 90 C2 84 42 35 DE AB 42
1787904389.465051,34680,0e07,12,9A 99 93 42 C2 F5 5A 42 75 D3 C3 42
1787904389.475503,34680,0e08,12,CC CC C0 42 90 C2 99 42 52 38 1D 42
1787904389.486190,34680,0e09,12,9A 99 A0 42 48 E1 D2 41 A8 46 97 42
1787904389.496761,34680,0e0a,12,66 66 4C 42 C2 F5 82 42 CC 0C 86 42
1787904389.507437,34680,0e0b,12,66 66 03 43 70 3D E2 41 52 B8 A6 42
1787904389.518593,34680,0e0c,12,66 66 98 42 85 EB 6D 42 AA 31 B3 42
1787904389.529464,34680,0e0d,12,9A 99 4F 42 3D 0A 99 42 F2 D2 D7 42
1787904399.544073,34680,0e0f,12,9A 99 12 43 29 5C C7 41 E8 FB 0C 42
1787904399.552067,34680,0e10,12,CC CC B8 42 33 33 13 42 5C 8F CB 41
1787904399.562614,34680,0e11,12,66 E6 0E 43 8F C2 6B 42 F6 28 23 42
1787904399.572966,34680,0e12,12,33 33 98 42 71 3D B2 41 81 55 A5 42
1787904399.583570,34680,0e13,12,00 00 81 42 14 AE 86 42 A0 9A ED 42
1787904399.594183,34680,0e14,12,66 66 52 42 E1 7A 36 42 96 43 C1 41
1787904399.604778,34680,0e15,12,CD CC 11 43 5C 8F 76 42 48 61 70 42
1787904399.615283,34680,0e16,12,66 66 C3 42 3E 0A 71 42 A0 1A 64 42
1787904399.625705,34680,0e17,12,9A 99 C6 42 14 AE 7F 42 3E 0A EA 42
1787904399.636510,34680,0e18,12,66 66 B4 42 D7 A3 9C 42 5A E4 29 42
1787904399.647062,34680,0e19,12,00 00 EE 42 7B 14 89 42 04 D6 C2 42
1787904399.657691,34680,0e1a,12,00 00 DB 42 3E 0A C3 41 D3 4D BD 41
1787904399.668021,34680,0e1b,12,66 66 AC 42 00 00 A0 41 1A 6F 9B 42
1787904399.678573,34680,0e1c,12,66 66 09 43 C2 F5 60 42 BA 49 82 42
1787904399.688974,34680,0e1d,12,66 66 01 43 52 B8 7E 42 06 41 AD 42
1787904399.699450,34680,0e1e,12,00 00 E2 42 7B 14 0A 42 7D 3F 2E 42
1787904399.713756,34680,0e1f,12,33 33 65 42 A4 70 2B 42 0A D7 42 42
1787904399.724304,34680,0e20,12,00 00 8F 42 00 00 9A 42 20 F0 A4 42
1787904399.734841,34680,0e21,12,66 E6 06 43 90 C2 8A 42 85 6B C4 42
1787904399.745309,34680,0e22,12,34 33 DD 42 F6 28 26 42 E1 FA 34 42
1787904399.755692,34680,0e23,12,00 00 92 42 1E 85 8A 42 62 D0 D8 42
1787904399.765974,34680,0e24,12,00 80 05 43 B8 1E 5D 42 AE 87 B9 42
1787904399.776719,34680,0e25,12,00 00 F7 42 5C 8F 76 42 9C 44 84 42
1787904399.787819,34680,0e26,12,9A 99 9A 42 D7 A3 20 42 42 A0 D7 42
1787904399.798322,34680,0e27,12,00 00 50 42 5C 8F 46 42 8A 41 99 42
1787904399.808644,34680,0e28,12,33 33 D1 42 1F 85 77 42 DF 4F D0 41
1787904399.819076,34680,0e29,12,00 80 10 43 0A D7 21 42 CA A1 43 42
1787904399.829393,34680,0e2a,12,00 00 6C 42 33 33 CB 41 70 BD 4C 42
1787904399.839757,34680,0e2b,12,CD CC C9 42 00 00 C4 41 EF E7 BB 42
1787904399.850157,34680,0e2c,12,9A 99 5F 42 D7 A3 F0 41 A8 C6 70 42
1787904399.860749,34680,0e2d,12,00 00 C8 42 66 66 68 42 54 A3 C2 42
1787904399.871150,34680,0e2e,12,66 66 11 43 00 00 66 42 AA F1 CB 42
1787904399.881578,34680,0e2f,12,00 00 C5 42 29 5C 75 42 E8 7B 96 42
1787904399.892030,34680,0e30,12,33 33 4F 42 3E 0A 2F 42 6C 27 B7 42
1787904399.904970,34680,0e31,12,9A 99 15 43 14 AE 95 42 C1 4A 65 42
1787904399.916334,34680,0e32,12,00 00 84 42 0A D7 63 42 62 50 A7 42
1787904399.926672,34680,0e33,12,66 66 F5 42 5C 8F 9E 42 58 39 58 42
1787904399.937714,34680,0e34,12,CC CC AC 42 AE 47 F9 41 B6 B3 94 42
1787904399.948167,34680,0e35,12,33 B3 08 43 AE 47 71 42 6C 67 46 42
1787904399.962456,34680,0e36,12,66 66 92 42 A4 70 E9 41 77 BE F4 41
1787904399.973171,34680,0e37,12,9A 99 C6 42 D7 A3 F0 41 37 89 E0 42
1787904399.984475,34680,0e38,12,9A 99 10 43 A4 70 95 42 68 51 E2 42
1787904399.994935,34680,0e39,12,67 66 E5 42 C2 F5 9A 42 B8 1E 27 42
1787904400.005361,34680,0e3a,12,CD CC 78 42 D7 A3 8D 42 B2 9D D8 42
1787904400.016919,34680,0e3b,12,9A 99 6F 42 0A D7 F7 41 2F 1D BB 42
1787904400.027299,34680,0e3c,12,33 33 93 42 B8 1E 94 42 7D BF 5F 42
1787904400.037744,34680,0e3d,12,00 00 B6 42 71 3D B2 41 5C 8F CB 41
1787904400.048012,34680,0e3e,12,66 66 D3 42 00 00 9D 42 DF 4F 00 42
1787904400.058319,34680,0e3f,12,00 00 91 42 1F 85 9C 42 EB 11 E7 42
1787904400.068714,34680,0e40,12,9A 99 5F 42 E1 7A 54 42 6B 7C E5 42
1787904400.082107,34680,0e41,12,9A 99 6D 42 33 33 25 42 EE FC 47 42
1787904400.093361,34680,0e42,12,00 00 E4 42 CD CC F8 41 C6 0B AE 42
1787904400.103895,34680,0e43,12,67 66 FB 42 90 C2 17 42 9A D9 99 42
1787904400.114903,34680,0e44,12,CD CC 56 42 C2 F5 E8 41 0C 02 9E 42
1787904400.125500,34680,0e45,12,33 33 EE 42 CD CC 76 42 1F C5 A1 42
1787904400.136138,34680,0e46,12,CD 4C 10 43 70 3D 78 42 87 96 C7 42
1787904400.146818,34680,0e47,12,66 66 8D 42 3E 0A 11 42 76 BE DF 42
1787904400.157475,34680,0e48,12,9A 99 80 42 52 B8 FA 41 D2 22 A5 42
1787904400.167891,34680,0e49,12,9A 99 E0 42 33 33 55 42 68 91 C9 42
1787904400.178407,34680,0e4a,12,66 66 B7 42 5C 8F 9E 42 0E 2D 49 42
1787904400.188997,34680,0e4b,12,66 E6 02 43 D7 A3 96 42 42 E0 66 42
1787904400.201170,34680,0e4c,12,66 66 0D 43 14 AE 8C 42 83 40 69 42
1787904400.211286,34680,0e4d,12,00 00 F0 42 00 00 DC 41 18 04 59 42
1787904400.221939,34680,0e4e,12,00 00 BB 42 66 66 26 42 27 31 0C 42
1787904400.232498,34680,0e4f,12,66 66 78 42 90 C2 53 42 E8 FB 0C 42
1787904400.242931,34680,0e50,12,33 33 63 42 9A 99 8E 42 6E 12 18 42
1787904400.253368,34680,0e51,12,66 66 00 43 85 EB 19 42 46 B6 A8 41
1787904400.263655,34680,0e52,12,CC CC CB 42 14 AE 2B 42 5A 64 C8 41
1787904400.273996,34680,0e53,12,CD CC F7 42 7B 14 46 42 21 B0 D2 41
1787904400.285818,34680,0e54,12,33 33 15 43 A4 70 C5 41 EB D1 44 42
1787904400.296208,34680,0e55,12,34 B3 0A 43 AE 47 B1 41 A8 C6 0D 42
1787904400.308371,34680,0e56,12,00 80 14 43 EC 51 34 42 23 DB 68 42
1787904400.318758,34680,0e57,12,66 66 B9 42 A4 70 49 42 36 5E F2 41
1787904400.329144,34680,0e58,12,66 66 06 43 CC CC 83 42 F2 D2 1C 42
1787904400.340386,34680,0e59,12,66 66 6C 42 70 3D 5A 42 58 39 B0 42
1787904400.352399,34680,0e5a,12,34 33 11 43 29 5C 97 42 96 83 93 42
1787904400.363225,34680,0e5b,12,34 33 E6 42 00 00 D0 41 6C E7 CF 42
1787904400.374466,34680,0e5c,12,00 00 E4 42 29 5C 4B 42 83 40 69 42
1787904400.399760,34680,0e5d,12,33 33 FA 42 D7 A3 8A 42 5E BA B9 42
1787904400.411410,34680,0e5e,12,9A 99 09 43 86 EB 49 42 75 13 AB 42
1787904400.424332,34680,0e5f,12,9A 99 FB 42 AE 47 BD 41 E5 D0 D9 41
1787904400.436037,34680,0e60,12,00 00 58 42 00 00 8E 42 EB 91 B5 42
1787904400.446990,34680,0e61,12,00 00 78 42 EC 51 A4 41 A2 45 67 42
1787904400.457504,34680,0e62,12,00 00 78 42 A4 70 2B 42 C6 4B 3D 42
1787904400.469890,34680,0e63,12,66 66 80 42 0A D7 8B 42 99 19 E4 42
1787904400.480832,34680,0e64,12,00 00 91 42 EC 51 46 42 EF 67 ED 42
1787904400.491467,34680,0e65,12,00 00 0B 43 9A 99 57 42 9E EF 60 42
1787904400.501955,34680,0e66,12,CD CC F6 42 7A 14 10 42 04 96 DB 42
1787904400.512459,34680,0e67,12,CC CC C0 42 52 B8 91 42 BC 74 E8 42
1787904400.523031,34680,0e68,12,CD CC FF 42 34 33 9E 42 5A E4 81 42
1787904400.533571,34680,0e69,12,00 00 D3 42 B8 1E 8B 42 CB 61 B4 42
1787904400.544009,34680,0e6a,12,9A 99 49 42 AE 47 35 42 64 3B 6B 42
1787904400.554282,34680,0e6b,12,99 99 EA 42 66 66 9F 42 F6 A8 AC 42
1787904400.564849,34680,0e6c,12,9A 99 B7 42 A4 70 6D 42 42 60 8D 42
1787904400.575359,34680,0e6d,12,33 33 69 42 00 00 36 42 2D F2 B7 42
1787904400.586028,34680,0e6e,12,CD CC A8 42 48 E1 C6 41 0E 2D 49 42
1787904400.596414,34680,0e6f,12,CD CC 64 42 15 AE 49 42 33 73 C1 42
1787904400.606799,34680,0e70,12,34 33 B6 42 0A D7 DF 41 66 E6 3C 42
1787904400.617322,34680,0e71,12,66 66 96 42 AE 47 BD 41 C3 75 05 42
1787904400.627650,34680,0e72,12,33 33 10 43 33 33 07 42 F8 53 E1 42
1787904400.638668,34680,0e73,12,66 66 CE 42 67 66 62 42 64 FB DB 42
1787904400.649556,34680,0e74,12,00 80 0C 43 3E 0A 11 42 0A 17 82 42
1787904400.659903,34680,0e75,12,CC CC AD 42 9A 99 A9 41 D3 8D 8F 42
1787904400.670700,34680,0e76,12,CD CC E6 42 7B 14 4C 42 94 D8 C1 42
1787904400.681424,34680,0e77,12,00 00 8A 42 00 00 9A 42 6F 12 D3 42
1787904400.691857,34680,0e78,12,33 33 E8 42 AE 47 53 42 EA A6 99 42
1787904400.702671,34680,0e79,12,66 66 D0 42 B8 1E 8E 42 54 A3 C2 42
1787904400.713133,34680,0e7a,12,00 00 A2 42 7B 14 04 42 31 08 EC 41
1787904400.723709,34680,0e7b,12,66 66 02 43 70 3D E2 41 EA 26 10 42
1787904400.734084,34680,0e7c,12,33 B3 15 43 3E 0A 6B 42 2F DD 18 42
1787904400.744748,34680,0e7d,12,CD CC 8F 42 D7 A3 38 42 48 E1 AB 41
1787904400.755286,34680,0e7e,12,34 33 FF 42 34 33 8F 42 95 03 C5 42
1787904400.770318,34680,0e7f,12,66 E6 0D 43 66 66 BA 41 BE 5F A1 42
1787904400.780990,34680,0e80,12,33 33 FD 42 29 5C 45 42 F6 28 DE 42
1787904400.791379,34680,0e81,12,66 66 CF 42 66 66 20 42 3F B5 63 42
1787904400.801911,34680,0e82,12,33 33 D3 42 52 B8 18 42 F8 D3 AF 42
1787904400.812429,34680,0e83,12,9A 19 0E 43 5C 8F 16 42 3E 8A 60 42
1787904400.823266,34680,0e84,12,9A 99 6F 42 3E 0A 35 42 E5 D0 C4 42
1787904400.833834,34680,0e85,12,33 33 C6 42 1F 85 2F 42 BE 9F 88 42
1787904400.844193,34680,0e86,12,33 33 DF 42 E1 7A 66 42 DD A4 2E 42
1787904400.856832,34680,0e87,12,CD CC F1 42 AE 47 5F 42 F2 52 4E 42
1787904400.867443,34680,0e88,12,33 33 15 43 EC 51 E0 41 29 9C B1 42
1787904400.877859,34680,0e89,12,33 33 97 42 52 B8 72 42 D7 23 E0 42
1787904400.888278,34680,0e8a,12,66 66 AE 42 B8 1E CD 41 A8 46 97 42
1787904400.898865,34680,0e8b,12,66 66 04 43 5C 8F 58 42 36 1E 93 42
1787904400.910711,34680,0e8c,12,33 33 B2 42 14 AE 92 42 27 31 C7 42
1787904400.921135,34680,0e8d,12,CD CC A2 42 70 3D 66 42 C9 F6 C9 42
1787904400.932090,34680,0e8e,12,34 33 C4 42 90 C2 93 42 95 C3 DD 42
1787904400.942569,34680,0e8f,12,CD CC D4 42 EC 51 A4 41 B4 88 91 42
1787904400.953128,34680,0e90,12,CC CC B9 42 70 3D 3C 42 62 D0 D8 42
1787904400.966876,34680,0e91,12,00 00 DD 42 7B 14 AA 41 AE 47 7A 42
1787904400.977370,34680,0e92,12,34 33 AA 42 E2 7A 12 42 1F 05 EC 42
1787904400.987971,34680,0e93,12,CC CC F4 42 A4 70 DD 41 3A B4 28 42
1787904400.998497,34680,0e94,12,9A 99 8D 42 EC 51 BC 41 99 59 CB 42
1787904401.008894,34680,0e95,12,9A 99 BD 42 B8 1E 15 42 BE 9F EB 42
1787904401.025919,34680,0e96,12,34 B3 04 43 71 3D 42 42 70 3D EB 41
1787904401.036426,34680,0e97,12,9A 99 98 42 70 3D 78 42 6B BC CC 42
1787904401.046998,34680,0e98,12,33 33 0E 43 1F 85 0B 42 11 18 BD 42
1787904401.057463,34680,0e99,12,00 00 91 42 48 E1 8A 42 29 DC 40 42
1787904401.067707,34680,0e9a,12,34 33 0B 43 EC 51 95 42 74 53 92 42
1787904401.078199,34680,0e9b,12,9A 99 87 42 14 AE 8F 42 58 B9 26 42
1787904401.088618,34680,0e9c,12,CD CC EA 42 1F 85 B7 41 62 10 05 42
1787904401.099074,34680,0e9d,12,66 66 F3 42 48 E1 D2 41 D3 4D A8 42
1787904401.109805,34680,0e9e,12,00 00 99 42 F6 28 8D 42 8F 42 D4 42
1787904401.120339,34680,0e9f,12,66 66 BA 42 1F 85 93 42 9A 19 81 42
1787904401.130763,34680,0ea0,12,33 33 E4 42 C2 F5 60 42 7F 2A A2 42
1787904401.141144,34680,0ea1,12,34 33 A3 42 0A D7 0F 42 1F 45 D3 42
1787904401.151611,34680,0ea2,12,66 66 03 43 9A 99 21 42 AE 47 E7 41
1787904401.162364,34680,0ea3,12,9A 99 BD 42 67 66 6E 42 D5 78 53 42
1787904401.172956,34680,0ea4,12,CD CC AA 42 9A 99 3F 42 77 BE F4 41
1787904401.183478,34680,0ea5,12,CD CC FF 42 71 3D 8B 42 5C 0F 85 42
1787904401.194022,34680,0ea6,12,66 E6 0C 43 B8 1E 33 42 F4 7D 51 42
1787904401.205067,34680,0ea7,12,CD CC 80 42 D7 A3 81 42 A8 C6 C8 42
1787904401.216714,34680,0ea8,12,9A 99 93 42 CC CC 4C 42 6C 67 46 42
1787904401.228660,34680,0ea9,12,9A 99 D3 42 1F 85 FF 41 64 BB 91 42
1787904401.239176,34680,0eaa,12,00 80 12 43 A4 70 86 42 4C 37 45 42
1787904401.249713,34680,0eab,12,66 66 F9 42 CD CC F8 41 87 D6 AE 42
1787904401.260069,34680,0eac,12,66 66 8B 42 F6 28 62 42 12 83 A7 42
1787904401.270612,34680,0ead,12,CD CC FB 42 AE 47 5F 42 DD A4 86 42
1787904401.281050,34680,0eae,12,00 00 58 42 34 33 37 42 C5 60 DC 42
1787904401.291876,34680,0eaf,12,CD CC 04 43 70 3D 48 42 3A B4 28 42
1787904401.302317,34680,0eb0,12,00 00 9C 42 29 5C 51 42 20 30 34 42
1787904401.313087,34680,0eb1,12,66 E6 05 43 7B 14 52 42 87 96 C7 42
1787904401.323783,34680,0eb2,12,00 00 E9 42 00 00 8E 42 35 9E C4 42
1787904401.334194,34680,0eb3,12,9A 99 89 42 33 33 9B 42 B4 48 52 42
1787904401.346478,34680,0eb4,12,00 00 C2 42 33 33 D7 41 08 2C C9 42
1787904401.358711,34680,0eb5,12,66 66 6A 42 29 5C 03 42 E1 7A 66 42
1787904401.370077,34680,0eb6,12,33 33 5F 42 9A 99 2D 42 E8 7B 3E 42
1787904401.380599,34680,0eb7,12,99 99 EB 42 A4 70 8F 42 CB 61 B4 42
1787904401.391042,34680,0eb8,12,CD CC 68 42 52 B8 06 42 83 40 C1 42
1787904401.401480,34680,0eb9,12,CC CC BA 42 5C 8F 9B 42 D1 A2 D6 42
1787904401.411887,34680,0eba,12,CD CC 12 43 90 C2 9C 42 33 B3 50 42
1787904401.422331,34680,0ebb,12,9A 99 53 42 70 3D 1E 42 EC 11 84 42
1787904401.432794,34680,0ebc,12,33 33 69 42 00 00 06 42 69 91 DE 41
1787904401.443295,34680,0ebd,12,9A 99 99 42 66 66 7A 42 DD A4 E9 42
1787904401.453727,34680,0ebe,12,33 33 EB 42 C3 F5 72 42 A8 06 B0 42
1787904401.464072,34680,0ebf,12,CD CC AB 42 F6 28 D8 41 6A 3C 9B 42
1787904401.475310,34680,0ec0,12,33 33 C5 42 B8 1E 1B 42 FA FE B2 42
1787904401.485724,34680,0ec1,12,CC CC CB 42 B8 1E 9A 42 72 68 EE 41
1787904401.504318,34680,0ec2,12,00 80 0C 43 29 5C 94 42 E6 50 3B 42
1787904401.539819,34680,0ec3,12,66 66 6A 42 52 B8 D6 41 D4 B8 92 42
1787904401.551222,34680,0ec4,12,33 33 DF 42 EB 51 52 42 A4 70 D7 41
1787904401.567181,34680,0ec5,12,9A 99 EE 42 8F C2 0B 42 D5 F8 DC 42
1787904401.578782,34680,0ec6,12,9A 99 59 42 70 3D 2A 42 FC A9 2C 42
1787904401.590697,34680,0ec7,12,9A 99 0F 43 29 5C A3 41 31 88 A5 42
1787904401.606219,34680,0ec8,12,00 00 DE 42 7B 14 C2 41 A2 45 04 42
1787904401.619789,34680,0ec9,12,33 33 97 42 F6 28 08 42 2F 9D EC 42
1787904401.631176,34680,0eca,12,9A 99 AD 42 D7 A3 93 42 23 DB C0 42
1787904401.641796,34680,0ecb,12,9A 99 71 42 AE 47 4D 42 AC 9C 45 42
1787904401.652189,34680,0ecc,12,33 B3 14 43 90 C2 17 42 66 E6 3C 42
1787904401.662690,34680,0ecd,12,9A 99 D4 42 AE 47 8A 42 F0 27 A3 42
1787904401.673056,34680,0ece,12,66 66 5A 42 3E 0A 7D 42 C6 8B DF 42
1787904401.683614,34680,0ecf,12,CC CC B3 42 0A D7 F7 41 6A 7C 82 42
1787904401.694005,34680,0ed0,12,66 66 D0 42 E1 7A 24 42 5C 0F 85 42
1787904401.704316,34680,0ed1,12,9A 99 8B 42 E2 7A 88 42 B2 9D D8 42
1787904401.714810,34680,0ed2,12,CD CC 68 42 85 EB E9 41 10 58 A4 42
1787904401.725216,34680,0ed3,12,00 00 9A 42 66 66 08 42 50 0D 7D 42
1787904401.735933,34680,0ed4,12,CC 4C 01 43 70 3D 18 42 2D B2 D0 42
1787904401.746423,34680,0ed5,12,CD CC 56 42 1F 85 DB 41 AC 1C 14 42
1787904401.756779,34680,0ed6,12,00 00 4A 42 F5 28 6E 42 4C 37 9D 42
1787904401.770054,34680,0ed7,12,33 33 65 42 1F 85 B7 41 36 1E 93 42
1787904401.780528,34680,0ed8,12,66 66 0D 43 A3 70 5B 42 0E 6D EB 42
1787904401.791130,34680,0ed9,12,CD CC FE 42 C2 F5 24 42 CF F7 A1 42
1787904401.801517,34680,0eda,12,9A 99 AB 42 9A 99 94 42 60 65 8B 42
1787904401.811781,34680,0edb,12,9A 19 0B 43 A4 70 D1 41 C2 B5 A7 42
1787904401.822355,34680,0edc,12,9A 99 B2 42 66 66 D2 41 02 2B A3 41
1787904401.833161,34680,0edd,12,33 33 A2 42 5C 8F 98 42 CD 4C D0 42
1787904401.843803,34680,0ede,12,9A 99 CD 42 EB 51 70 42 FC A9 FC 41
1787904401.855183,34680,0edf,12,33 33 C7 42 EC 51 8F 42 40 B5 00 42
1787904401.866022,34680,0ee0,12,34 33 B1 42 48 E1 5C 42 A6 9B C5 42
1787904401.876688,34680,0ee1,12,66 66 8A 42 90 C2 81 42 E9 66 B2 42
1787904401.890092,34680,0ee2,12,9A 99 95 42 52 B8 82 42 91 AD BE 42
1787904401.900962,34680,0ee3,12,9A 19 0D 43 F6 28 2C 42 AC 1C CF 42
1787904401.911353,34680,0ee4,12,00 00 10 43 1E 85 29 42 6C 27 B7 42
1787904401.922177,34680,0ee5,12,CC 4C 01 43 8F C2 B1 41 54 A3 C2 42
1787904401.932885,34680,0ee6,12,67 66 E6 42 8F C2 E1 41 17 59 DF 42
1787904401.943677,34680,0ee7,12,66 66 78 42 3E 0A 6B 42 33 B3 50 42
1787904401.954506,34680,0ee8,12,00 00 BD 42 86 EB 9B 42 42 60 35 42
1787904401.964976,34680,0ee9,12,00 00 AE 42 0A D7 85 42 5E BA 61 42
1787904401.976066,34680,0eea,12,99 99 EA 42 A4 70 01 42 7D 7F D0 42
1787904401.986526,34680,0eeb,12,00 00 E2 42 52 B8 97 42 3F 75 D4 42
1787904401.996872,34680,0eec,12,00 00 60 42 CD CC 04 42 79 A9 98 42
1787904402.008245,34680,0eed,12,66 66 8A 42 C2 F5 7E 42 66 E6 94 42
1787904402.018764,34680,0eee,12,66 66 9F 42 67 66 62 42 FC 29 5E 42
1787904402.029408,34680,0eef,12,9A 99 CF 42 29 5C 94 42 64 3B C3 42
1787904402.039900,34680,0ef0,12,33 33 86 42 66 66 F6 41 FA FE 5A 42
1787904402.050741,34680,0ef1,12,00 00 0D 43 48 E1 93 42 77 BE F4 41
1787904402.061205,34680,0ef2,12,33 33 7D 42 E1 7A 18 42 1D DA 2D 42
1787904402.072823,34680,0ef3,12,33 B3 02 43 8F C2 87 42 4E 62 B5 41
1787904402.083294,34680,0ef4,12,00 00 E5 42 9A 99 88 42 1B EF CC 42
1787904402.093666,34680,0ef5,12,66 66 0C 43 9A 99 D9 41 83 40 06 42
1787904402.104077,34680,0ef6,12,66 66 D8 42 EC 51 A4 41 D2 22 A5 42
1787904402.114640,34680,0ef7,12,33 33 6F 42 5C 8F 2E 42 12 83 4F 42
1787904402.125458,34680,0ef8,12,9A 99 9B 42 C2 F5 9A 42 EB D1 9C 42
1787904402.136190,34680,0ef9,12,33 33 91 42 33 33 73 42 89 C1 0F 42
1787904402.146530,34680,0efa,12,CD CC EC 42 A4 70 55 42 C9 36 B1 42
1787904402.156965,34680,0efb,12,99 99 F5 42 66 66 9F 42 E1 BA A5 42
1787904402.167379,34680,0efc,12,00 80 03 43 C2 F5 06 42 5A 64 5B 42
1787904402.177694,34680,0efd,12,00 00 15 43 52 B8 97 42 DF CF 31 42
1787904402.188028,34680,0efe,12,CD CC D4 42 AE 47 E1 41 0E 6D 88 42
1787904402.198307,34680,0eff,12,9A 99 FC 42 1F 85 5F 42 40 B5 00 42
1787904402.210640,34680,0f00,12,9A 99 0A 43 7B 14 92 42 66 E6 94 42
1787904402.220948,34680,0f01,12,99 99 F8 42 9A 99 C1 41 5A E4 81 42
1787904402.231686,34680,0f02,12,9A 99 7F 42 66 66 BA 41 AC 1C 77 42
1787904402.242095,34680,0f03,12,66 66 A2 42 C2 F5 94 42 46 F6 DD 42
1787904402.252384,34680,0f04,12,9A 19 07 43 7B 14 C2 41 29 5C 0F 42
1787904402.263343,34680,0f05,12,66 66 05 43 90 C2 ED 41 3B 1F CE 42
1787904402.274017,34680,0f06,12,CD CC 03 43 E1 7A 36 42 54 23 91 42
1787904402.285512,34680,0f07,12,33 33 14 43 E1 7A 42 42 68 91 C9 42
1787904402.298171,34680,0f08,12,00 00 9C 42 71 3D 72 42 50 0D 1A 42
1787904402.308691,34680,0f09,12,00 00 8A 42 CC CC 3A 42 06 81 3C 42
1787904402.319108,34680,0f0a,12,9A 99 82 42 EC 51 58 42 DD A4 E9 42
1787904402.329606,34680,0f0b,12,CD CC 0F 43 5D 8F 70 42 1C DA E8 42
1787904402.340211,34680,0f0c,12,00 00 0B 43 5C 8F 16 42 31 08 D7 42
1787904402.352350,34680,0f0d,12,9A 99 D3 42 3E 0A FF 41 44 8B A5 41
1787904402.364662,34680,0f0e,12,9A 99 8E 42 A4 70 49 42 1C 1A D0 42
1787904402.375481,34680,0f0f,12,34 33 E5 42 1E 85 53 42 AA 31 B3 42
1787904402.386232,34680,0f10,12,CD CC E0 42 00 00 48 42 E5 D0 09 42
1787904402.398739,34680,0f11,12,00 00 EF 42 70 3D 3C 42 3E CA 9F 42
1787904402.409328,34680,0f12,12,66 E6 11 43 B8 1E A9 41 C9 B6 E2 42
1787904402.419703,34680,0f13,12,34 33 FE 42 3E 0A 96 42 C2 B5 A7 42
1787904402.430372,34680,0f14,12,66 66 CC 42 EC 51 22 42 89 C1 0F 42
1787904402.440776,34680,0f15,12,66 66 02 43 B8 1E 91 42 C2 35 D9 42
1787904402.451170,34680,0f16,12,66 E6 01 43 9A 99 FD 41 DC 79 2B 42
1787904402.461993,34680,0f17,12,9A 99 95 42 F6 28 D8 41 6E 12 E8 41
1787904402.472370,34680,0f18,12,66 66 86 42 B8 1E B5 41 A6 9B 0A 42
1787904402.482685,34680,0f19,12,CC 4C 13 43 1F 85 6B 42 E1 7A D3 41
1787904402.493074,34680,0f1a,12,34 33 E5 42 67 66 50 42 12 83 4F 42
1787904402.503409,34680,0f1b,12,CC CC D9 42 A4 70 9E 42 31 08 D7 42
1787904402.514227,34680,0f1c,12,9A 19 0A 43 0A D7 63 42 5C CF 9D 42
1787904402.524646,34680,0f1d,12,00 00 EB 42 52 B8 94 42 C9 B6 E2 42
1787904402.535003,34680,0f1e,12,CC CC 06 43 70 3D 18 42 16 19 95 42
1787904402.546677,34680,0f1f,12,66 66 A7 42 EC 51 B0 41 1B 2F C9 41
1787904402.557466,34680,0f20,12,00 00 DA 42 C2 F5 94 42 C9 B6 E2 42
1787904402.567879,34680,0f21,12,9A 99 97 42 C2 F5 48 42 2D B2 15 42
1787904402.578353,34680,0f22,12,33 33 D2 42 E1 7A B8 41 2D F2 B7 42
1787904402.588823,34680,0f23,12,33 33 C9 42 1E 85 53 42 F4 FD EF 41
1787904402.599308,34680,0f24,12,66 66 56 42 AE 47 53 42 37 C9 C7 42
1787904402.609757,34680,0f25,12,33 33 65 42 CD CC 2E 42 3B DF 83 42
1787904402.620065,34680,0f26,12,CD CC EB 42 AE 47 B1 41 7B 14 E6 42
1787904402.631660,34680,0f27,12,00 00 06 43 E1 7A 0C 42 76 3E 56 42
1787904402.642366,34680,0f28,12,66 66 78 42 90 C2 53 42 73 28 8F 42
1787904402.671415,34680,0f29,12,33 33 91 42 14 AE 37 42 46 36 C5 42
1787904402.683021,34680,0f2a,12,99 99 EB 42 AE 47 17 42 A0 5A A3 42
1787904402.696290,34680,0f2b,12,33 33 F3 42 14 AE 86 42 60 25 A4 42
1787904402.707798,34680,0f2c,12,CD CC 50 42 CC CC 9B 42 1D 5A CC 41
1787904402.719024,34680,0f2d,12,9A 99 C3 42 00 00 66 42 8C 6C 44 42
1787904402.730091,34680,0f2e,12,33 33 86 42 9A 99 97 42 2D B2 E5 41
1787904402.742453,34680,0f2f,12,66 66 0E 43 F6 28 99 42 85 6B C4 42
1787904402.753886,34680,0f30,12,CC CC 07 43 AE 47 D5 41 B7 33 C6 42
1787904402.764750,34680,0f31,12,9A 99 E7 42 9A 99 F1 41 27 71 AE 42
1787904402.778322,34680,0f32,12,9A 99 A5 42 7B 14 28 42 C1 CA A0 41
1787904402.789722,34680,0f33,12,9A 99 06 43 48 E1 02 42 EA 26 10 42
1787904402.800316,34680,0f34,12,66 66 82 42 66 66 81 42 FA 3E 9A 42
1787904402.810696,34680,0f35,12,33 33 53 42 A4 70 AD 41 54 63 20 42
1787904402.821336,34680,0f36,12,00 00 DE 42 52 B8 3C 42 5A 64 B3 42
1787904402.831848,34680,0f37,12,00 00 8E 42 3D 0A 59 42 35 5E DD 42
1787904402.842438,34680,0f38,12,33 33 84 42 99 99 7B 42 20 30 34 42
1787904402.852940,34680,0f39,12,00 00 DE 42 D7 A3 14 42 C6 CB C6 42
1787904402.863301,34680,0f3a,12,99 99 E9 42 66 66 F6 41 E9 26 CB 42
1787904402.873948,34680,0f3b,12,66 66 D0 42 85 EB D1 41 1C 5A 5F 42
1787904402.884507,34680,0f3c,12,9A 99 0C 43 1F 85 1D 42 2E 5D 4A 42
1787904402.895102,34680,0f3d,12,66 E6 0E 43 7B 14 DA 41 D3 4D A8 42
1787904402.905609,34680,0f3e,12,9A 99 99 42 E1 7A 3C 42 AE C7 A0 42
1787904402.915982,34680,0f3f,12,CD CC 58 42 00 00 C4 41 75 93 DC 42
1787904402.926469,34680,0f40,12,66 66 AF 42 5C 8F 04 42 49 8C 73 42
1787904402.936970,34680,0f41,12,9A 99 F1 42 85 EB 3D 42 5E BA 61 42
1787904402.947511,34680,0f42,12,9A 99 57 42 EC 51 1C 42 5D 4F CF 42
1787904402.957911,34680,0f43,12,33 B3 0F 43 70 3D 78 42 81 95 34 42
1787904402.968419,34680,0f44,12,67 66 EF 42 9A 99 27 42 50 8D 4B 42
1787904402.979302,34680,0f45,12,CC CC D8 42 B8 1E F1 41 F4 BD 90 42
1787904402.989626,34680,0f46,12,66 66 BC 42 1F 85 DB 41 9C 04 9D 42
1787904402.999979,34680,0f47,12,33 33 AD 42 1F 85 3B 42 3E 0A 2F 42
1787904403.013760,34680,0f48,12,CD CC B6 42 E2 7A 5A 42 37 49 96 42
1787904403.024754,34680,0f49,12,66 66 B1 42 E2 7A 12 42 D1 A2 1B 42
1787904403.035206,34680,0f4a,12,9A 99 FF 42 66 66 87 42 50 0D 7D 42
1787904403.045712,34680,0f4b,12,9A 99 55 42 F6 28 62 42 AC 1C E4 41
1787904403.056630,34680,0f4c,12,9A 99 C0 42 AE 47 65 42 3B DF 2B 42
1787904403.067280,34680,0f4d,12,9A 99 AB 42 5D 8F 70 42 9C C4 5D 42
1787904403.077812,34680,0f4e,12,33 33 C5 42 A4 70 86 42 11 D8 7D 42
1787904403.088216,34680,0f4f,12,CD CC 4E 42 48 E1 68 42 5E 3A 30 42
1787904403.098737,34680,0f50,12,CD CC 88 42 F5 28 6E 42 94 98 1F 42
1787904403.109175,34680,0f51,12,CD CC E1 42 F5 28 50 42 EE FC 9F 42
1787904403.119713,34680,0f52,12,33 33 E1 42 33 33 25 42 15 2E DC 42
1787904403.130167,34680,0f53,12,9A 99 87 42 E2 7A 5A 42 99 19 E4 42
1787904403.140655,34680,0f54,12,CD CC A3 42 D7 A3 9C 42 93 18 BE 41
1787904403.150972,34680,0f55,12,66 66 48 42 D7 A3 02 42 E5 10 AC 42
1787904403.161455,34680,0f56,12,66 66 FA 42 8F C2 0B 42 49 8C 73 42
1787904403.172047,34680,0f57,12,33 33 F1 42 70 3D D6 41 18 04 B1 42
1787904403.182439,34680,0f58,12,CD 4C 0B 43 A4 70 25 42 7A D4 9B 42
1787904403.193117,34680,0f59,12,CD CC 62 42 AE 47 F9 41 EE 7C 16 42
1787904403.203776,34680,0f5a,12,00 00 15 43 9A 99 9A 42 9C 84 CE 42
1787904403.214272,34680,0f5b,12,CC CC BF 42 CD CC 28 42 36 5E F2 41
1787904403.227738,34680,0f5c,12,66 E6 13 43 70 3D 36 42 5C 8F CB 41
1787904403.238224,34680,0f5d,12,33 33 03 43 29 5C 5D 42 0E ED B9 42
1787904403.249043,34680,0f5e,12,9A 99 9C 42 AE 47 11 42 D9 4E E3 42
1787904403.259663,34680,0f5f,12,9A 99 59 42 29 5C EB 41 F2 12 BF 42
1787904403.269933,34680,0f60,12,33 33 08 43 66 66 08 42 81 95 34 42
1787904403.280320,34680,0f61,12,CD CC 9C 42 14 AE 98 42 EE 7C 16 42
1787904403.290882,34680,0f62,12,66 66 62 42 29 5C 0F 42 98 2E C8 42
1787904403.301172,34680,0f63,12,CD CC F3 42 B8 1E 7B 42 4A 4C 81 42
1787904403.314441,34680,0f64,12,00 80 0B 43 3D 0A F3 41 00 80 BC 42
1787904403.325243,34680,0f65,12,9A 99 6D 42 52 B8 36 42 B2 1D 4F 42
1787904403.337259,34680,0f66,12,9A 99 86 42 9A 99 6F 42 F6 A8 54 42
1787904403.348292,34680,0f67,12,CC 4C 02 43 5C 8F 4C 42 66 E6 3C 42
1787904403.359040,34680,0f68,12,9A 99 98 42 AE 47 05 42 3E 8A B8 42
1787904403.369592,34680,0f69,12,00 00 B1 42 5C 8F 8C 42 81 15 BE 42
1787904403.380128,34680,0f6a,12,66 66 13 43 C2 F5 8B 42 62 D0 D8 42
1787904403.390554,34680,0f6b,12,33 33 8D 42 1E 85 53 42 0A 17 82 42
1787904403.401358,34680,0f6c,12,33 33 E7 42 E2 7A 2A 42 58 F9 C8 42
1787904403.411897,34680,0f6d,12,00 00 CC 42 14 AE 83 42 06 01 C6 42
1787904403.422396,34680,0f6e,12,66 E6 00 43 B8 1E 63 42 C0 CA 8B 42
1787904403.432888,34680,0f6f,12,9A 99 AF 42 0A D7 AF 41 DB B9 CD 42
1787904403.443702,34680,0f70,12,66 66 DC 42 EC 51 F8 41 D2 22 A5 42
1787904403.454150,34680,0f71,12,66 E6 15 43 14 AE 4F 42 F8 D3 AF 42
1787904403.465287,34680,0f72,12,9A 99 AA 42 AE 47 0B 42 17 59 DF 42
1787904403.476082,34680,0f73,12,CD CC 64 42 85 EB 3D 42 AE 47 17 42
1787904403.486586,34680,0f74,12,66 66 96 42 AE 47 C9 41 64 3B D8 41
1787904403.496877,34680,0f75,12,00 00 06 43 70 3D 85 42 48 61 C8 42
1787904403.507325,34680,0f76,12,CD CC 4C 42 EC 51 28 42 E3 A5 D6 41
1787904403.518355,34680,0f77,12,9A 19 15 43 52 B8 BE 41 BA 49 E5 42
1787904403.528977,34680,0f78,12,CD CC 58 42 D7 A3 02 42 EB D1 44 42
1787904403.539476,34680,0f79,12,9A 99 83 42 5C 8F 98 42 DD 24 B8 42
1787904403.549903,34680,0f7a,12,99 99 F7 42 14 AE 2B 42 4A 0C 9A 42
1787904403.560226,34680,0f7b,12,9A 99 C7 42 48 E1 4A 42 3B 9F 9C 42
1787904403.570768,34680,0f7c,12,CD CC E5 42 3E 0A 7D 42 B6 F3 F3 41
1787904403.581295,34680,0f7d,12,CC CC CD 42 29 5C DF 41 87 16 3E 42
1787904403.591584,34680,0f7e,12,CD 4C 05 43 C2 F5 4E 42 A8 C6 C8 42
1787904403.601912,34680,0f7f,12,00 00 C7 42 1E 85 41 42 0E 6D EB 42
1787904403.612944,34680,0f80,12,9A 99 F0 42 D7 A3 F0 41 62 10 05 42
1787904403.623275,34680,0f81,12,33 33 81 42 0A D7 45 42 E8 FB C7 42
1787904403.633795,34680,0f82,12,66 66 A0 42 90 C2 1D 42 8B 2C B5 42
1787904403.644119,34680,0f83,12,00 80 07 43 70 3D 66 42 DF CF 89 42
1787904403.654539,34680,0f84,12,66 66 5A 42 EB 51 70 42 50 8D 4B 42
1787904403.665048,34680,0f85,12,66 66 4C 42 B8 1E A9 41 C5 20 92 42
1787904403.675440,34680,0f86,12,33 33 FA 42 A4 70 89 42 AA F1 E0 41
1787904403.685767,34680,0f87,12,CC 4C 15 43 34 33 9E 42 8E D7 86 42
1787904403.696115,34680,0f88,12,CD CC 12 43 CC CC 4C 42 16 59 24 42
1787904403.706643,34680,0f89,12,66 66 06 43 B8 1E 2D 42 0E 2D 49 42
1787904403.717165,34680,0f8a,12,9A 99 4F 42 3D 0A 65 42 B8 1E F7 41
1787904403.727425,34680,0f8b,12,34 33 BE 42 C2 F5 78 42 85 2B DD 42
1787904403.737878,34680,0f8c,12,33 33 F4 42 EC 51 D4 41 29 DC 98 42
1787904403.748491,34680,0f8d,12,34 33 CD 42 D7 A3 CC 41 76 BE DF 42
1787904403.759163,34680,0f8e,12,9A 99 7F 42 F5 28 6E 42 3F B5 BB 42
1787904403.769712,34680,0f8f,12,33 33 B4 42 B8 1E 03 42 81 15 66 42
1787904403.780229,34680,0f90,12,9A 99 B4 42 52 B8 42 42 17 D9 55 42
1787904403.790689,34680,0f91,12,CD CC F2 42 14 AE 9B 42 6C E7 CF 42
1787904403.838493,34680,0f92,12,CD CC 09 43 A4 70 55 42 3A 34 5A 42
1787904403.868497,34680,0f93,12,34 33 05 43 14 AE EF 41 92 6D 1C 42
1787904403.878716,34680,0f94,12,CD CC 8C 42 14 AE 25 42 52 78 BF 42
1787904403.889126,34680,0f95,12,33 33 FC 42 5D 8F 70 42 81 D5 D6 42
1787904403.899531,34680,0f96,12,9A 99 CC 42 48 E1 F6 41 18 44 98 42
1787904403.910038,34680,0f97,12,33 33 C7 42 F6 28 4A 42 9C C4 5D 42
1787904403.920439,34680,0f98,12,33 33 D4 42 1F 85 11 42 75 93 DC 42
1787904403.930866,34680,0f99,12,CD 4C 06 43 52 B8 30 42 58 B9 26 42
1787904403.941383,34680,0f9a,12,00 00 7A 42 C2 F5 48 42 73 E8 A7 42
1787904403.951882,34680,0f9b,12,33 B3 03 43 3E 0A DB 41 C5 20 92 42
1787904403.962948,34680,0f9c,12,00 00 8A 42 3D 0A CF 41 EE 7C E6 41
1787904403.973779,34680,0f9d,12,CC CC C6 42 3E 0A 35 42 1D DA 2D 42
1787904403.984373,34680,0f9e,12,00 00 58 42 EC 51 E0 41 B2 9D ED 41
1787904403.994877,34680,0f9f,12,9A 99 CB 42 71 3D 6C 42 5C CF 9D 42
1787904404.005325,34680,0fa0,12,33 33 EB 42 F6 28 02 42 12 03 D9 42
1787904404.015849,34680,0fa1,12,CD CC 90 42 34 33 8F 42 F0 27 4B 42
1787904404.026223,34680,0fa2,12,00 00 00 43 90 C2 47 42 9A 19 29 42
1787904404.036854,34680,0fa3,12,00 00 BC 42 85 EB 5B 42 4E 62 48 42
1787904404.047316,34680,0fa4,12,CC CC BA 42 0A D7 F7 41 15 AE AA 42
1787904404.057774,34680,0fa5,12,00 00 F9 42 33 33 89 42 7B 14 E6 42
1787904404.071802,34680,0fa6,12,CD CC C1 42 85 EB 95 42 BE 5F A1 42
1787904404.082163,34680,0fa7,12,CD CC E2 42 85 EB 19 42 4A 0C AF 41
1787904404.092727,34680,0fa8,12,CD CC 91 42 48 E1 0E 42 29 1C 80 42
1787904404.103651,34680,0fa9,12,00 80 09 43 15 AE 6D 42 2D 72 E9 42
1787904404.114432,34680,0faa,12,CC CC 00 43 F6 28 81 42 B4 08 C3 42
1787904404.125441,34680,0fab,12,66 66 07 43 EC 51 E0 41 AA F1 E0 41
1787904404.135919,34680,0fac,12,33 33 AC 42 3E 0A 9C 42 6A 3C 43 42
1787904404.146423,34680,0fad,12,00 00 87 42 CD CC 98 42 93 18 BE 41
1787904404.156926,34680,0fae,12,00 00 8A 42 5C 8F 92 42 94 18 51 42
1787904404.167251,34680,0faf,12,66 66 74 42 85 EB E9 41 98 AE 96 42
1787904404.177656,34680,0fb0,12,66 66 E3 42 9A 99 45 42 06 C1 DE 42
1787904404.193537,34680,0fb1,12,33 33 F6 42 33 33 0D 42 2F DD D3 42
1787904404.203928,34680,0fb2,12,00 00 A7 42 48 E1 1A 42 74 93 F1 41
1787904404.214254,34680,0fb3,12,00 80 00 43 9A 99 75 42 68 51 E2 42
1787904404.225725,34680,0fb4,12,9A 99 FA 42 A4 70 A1 41 DC 39 9C 42
1787904404.236005,34680,0fb5,12,9A 99 AE 42 33 33 01 42 33 33 DA 42
1787904404.248438,34680,0fb6,12,33 33 8B 42 8F C2 77 42 8D 17 79 42
1787904404.258907,34680,0fb7,12,9A 99 AE 42 14 AE B3 41 C9 36 B1 42
1787904404.269452,34680,0fb8,12,9A 99 59 42 A4 70 6D 42 71 3D D6 42
1787904404.279910,34680,0fb9,12,9A 99 8E 42 E2 7A 82 42 79 E9 E2 42
1787904404.290462,34680,0fba,12,9A 99 04 43 66 66 20 42 04 D6 C2 42
1787904404.300920,34680,0fbb,12,9A 19 07 43 7A 14 76 42 EF A7 D4 42
1787904404.311436,34680,0fbc,12,CD 4C 11 43 C2 F5 42 42 E4 A5 C1 42
1787904404.322188,34680,0fbd,12,66 66 C1 42 90 C2 71 42 27 F1 DF 42
1787904404.332690,34680,0fbe,12,CD CC E1 42 48 E1 99 42 98 6E C4 41
1787904404.344727,34680,0fbf,12,00 00 F9 42 B8 1E 63 42 EB 11 E7 42
1787904404.356190,34680,0fc0,12,33 33 CA 42 48 E1 38 42 75 93 DC 42
1787904404.367476,34680,0fc1,12,CD CC 70 42 5C 8F C2 41 5A E4 E4 42
1787904404.378074,34680,0fc2,12,00 00 08 43 5C 8F 1C 42 31 08 1C 42
1787904404.388555,34680,0fc3,12,CD CC 62 42 C2 F5 5A 42 0C 82 77 42
1787904404.402120,34680,0fc4,12,CC 4C 08 43 EC 51 83 42 5A E4 29 42
1787904404.412751,34680,0fc5,12,9A 99 E4 42 14 AE 19 42 95 C3 DD 42
1787904404.423194,34680,0fc6,12,00 80 11 43 70 3D 12 42 29 1C E3 42
1787904404.433654,34680,0fc7,12,9A 99 8A 42 0A D7 4B 42 7B 94 B4 42
1787904404.444036,34680,0fc8,12,CD CC 10 43 5D 8F 52 42 0C 82 CF 42
1787904404.454346,34680,0fc9,12,66 E6 0E 43 5C 8F 0A 42 96 C3 22 42
1787904404.464854,34680,0fca,12,9A 99 E0 42 0A D7 0F 42 42 60 8D 42
1787904404.475380,34680,0fcb,12,9A 19 07 43 5C 8F 9E 42 A4 70 07 42
1787904404.486104,34680,0fcc,12,00 00 99 42 85 EB A1 41 D1 E2 BD 42
1787904404.496967,34680,0fcd,12,00 00 B1 42 71 3D B2 41 B7 73 AD 42
1787904404.507567,34680,0fce,12,00 00 E5 42 B8 1E 8B 42 EB D1 44 42
1787904404.519198,34680,0fcf,12,66 66 C8 42 85 EB 89 42 B6 F3 F3 41
1787904404.529745,34680,0fd0,12,00 00 E4 42 9A 99 63 42 62 10 05 42
1787904404.540216,34680,0fd1,12,34 33 FE 42 D7 A3 68 42 3E 8A B8 42
1787904404.550640,34680,0fd2,12,9A 99 7F 42 48 E1 A2 41 75 13 53 42
1787904404.560936,34680,0fd3,12,33 33 0E 43 E1 7A 94 42 A3 70 6A 42
1787904404.571626,34680,0fd4,12,9A 99 0F 43 CD CC 89 42 60 E5 D1 41
1787904404.582317,34680,0fd5,12,9A 99 AF 42 A4 70 01 42 BC 74 E8 42
1787904404.592975,34680,0fd6,12,CD CC A8 42 00 00 9D 42 08 AC AC 41
1787904404.603472,34680,0fd7,12,9A 99 B2 42 B8 1E 39 42 C9 B6 E2 42
1787904404.613744,34680,0fd8,12,66 66 0B 43 52 B8 9D 42 15 AE AA 42
1787904404.624486,34680,0fd9,12,33 B3 0C 43 3E 0A 17 42 23 DB 68 42
1787904404.634977,34680,0fda,12,9A 99 88 42 66 66 38 42 0E AD 7A 42
1787904404.645475,34680,0fdb,12,9A 19 14 43 E1 7A 48 42 67 A6 AD 42
1787904404.655821,34680,0fdc,12,00 00 11 43 E1 7A 36 42 B6 B3 94 42
1787904404.666578,34680,0fdd,12,CD CC B0 42 7B 14 92 42 E8 FB DC 41
1787904404.680936,34680,0fde,12,66 66 D4 42 14 AE 13 42 CF 77 7B 42
1787904404.692684,34680,0fdf,12,9A 99 86 42 CC CC 92 42 A2 45 67 42
1787904404.703215,34680,0fe0,12,66 66 BD 42 D7 A3 62 42 CD 4C D0 42
1787904404.713680,34680,0fe1,12,66 66 C4 42 AE 47 65 42 0E ED B9 42
1787904404.724064,34680,0fe2,12,33 33 95 42 9A 99 E5 41 02 2B 36 42
1787904404.734378,34680,0fe3,12,9A 99 93 42 CC CC 3A 42 08 2C 71 42
1787904404.744965,34680,0fe4,12,66 66 D8 42 E1 7A F4 41 54 E3 51 42
1787904404.755592,34680,0fe5,12,00 00 A3 42 AE 47 2F 42 56 CE C5 42
1787904404.766078,34680,0fe6,12,9A 99 CC 42 C2 F5 D0 41 CD CC B3 41
1787904404.776444,34680,0fe7,12,66 66 97 42 90 C2 F9 41 94 58 90 42
1787904404.787135,34680,0fe8,12,CD CC EF 42 66 66 87 42 00 00 A0 41
1787904404.797616,34680,0fe9,12,CD CC 76 42 14 AE 43 42 73 28 8F 42
1787904404.812476,34680,0fea,12,33 33 5F 42 14 AE 4F 42 4E 22 B9 42
1787904404.823112,34680,0feb,12,66 66 05 43 5C 8F 9E 42 04 56 A6 41
1787904404.833670,34680,0fec,12,9A 99 0C 43 52 B8 E2 41 4A 0C AF 41
1787904404.844490,34680,0fed,12,33 B3 0C 43 E1 7A 3C 42 1C 9A 9E 42
1787904404.854948,34680,0fee,12,CC CC E8 42 3D 0A 23 42 29 5C DF 41
1787904404.865970,34680,0fef,12,9A 99 15 43 AE 47 35 42 8B 6C B1 41
1787904404.876429,34680,0ff0,12,00 00 87 42 00 00 06 42 74 53 92 42
1787904404.887269,34680,0ff1,12,9A 99 D0 42 33 33 25 42 E8 BB E0 42
1787904404.897781,34680,0ff2,12,00 00 97 42 90 C2 23 42 52 B8 A6 42
1787904404.908368,34680,0ff3,12,CD CC FB 42 D7 A3 90 42 3B 5F 5D 42
1787904404.927007,34680,0ff4,12,CD CC BC 42 48 E1 D2 41 7B 14 FB 41
1787904404.941511,34680,0ff5,12,33 33 02 43 F6 28 38 42 EB 51 76 42
1787904404.988148,34680,0ff6,12,CD 4C 05 43 B8 1E 9D 42 E4 65 DA 42
1787904405.001987,34680,0ff7,12,9A 99 E2 42 D7 A3 5C 42 5A E4 E4 42
1787904405.012394,34680,0ff8,12,66 66 A9 42 48 E1 9C 42 98 AE 96 42
1787904405.022966,34680,0ff9,12,00 80 0B 43 EC 51 98 42 77 BE F4 41
1787904405.033334,34680,0ffa,12,66 66 7C 42 70 3D 8E 42 54 E3 A9 42
1787904405.043739,34680,0ffb,12,66 E6 09 43 E1 7A 94 42 B2 1D 4F 42
1787904405.054355,34680,0ffc,12,33 33 EB 42 9A 99 33 42 18 C4 C9 42
1787904405.064933,34680,0ffd,12,66 E6 06 43 B8 1E 33 42 54 E3 51 42
1787904405.075427,34680,0ffe,12,00 00 C7 42 15 AE 6D 42 8D 17 79 42
1787904405.086107,34680,0fff,12,66 66 E7 42 71 3D 42 42 10 D8 1A 42
1787904405.096946,34680,1000,12,66 66 E0 42 AE 47 9F 42 3B DF 2B 42
1787904405.109154,34680,1001,12,9A 99 E0 42 D7 A3 9F 42 F0 27 A3 42
1787904405.119728,34680,1002,12,33 33 EA 42 D7 A3 8A 42 D1 22 BA 41
1787904405.130523,34680,1003,12,66 66 07 43 00 00 91 42 0E AD D2 42
1787904405.141033,34680,1004,12,66 66 10 43 8F C2 E1 41 12 03 D9 42
1787904405.151855,34680,1005,12,66 66 ED 42 B8 1E B5 41 A6 1B 3C 42
1787904405.162613,34680,1006,12,66 66 EA 42 1F 85 DB 41 D9 4E E3 42
1787904405.173210,34680,1007,12,CD CC 6C 42 C2 F5 48 42 29 5C DF 41
1787904405.184139,34680,1008,12,66 66 0E 43 66 66 DE 41 AE C7 48 42
1787904405.194784,34680,1009,12,CD CC 81 42 9A 99 75 42 04 D6 6A 42
1787904405.206295,34680,100a,12,33 33 0E 43 EB 51 7C 42 E8 3B AF 42
1787904405.216820,34680,100b,12,99 99 F7 42 AE 47 7D 42 98 EE 25 42
1787904405.227613,34680,100c,12,00 00 A7 42 F6 28 32 42 0A D7 AF 41
1787904405.238175,34680,100d,12,66 66 BC 42 EC 51 4C 42 E8 FB 0C 42
1787904405.248919,34680,100e,12,33 B3 00 43 9A 99 63 42 38 89 25 42
1787904405.259672,34680,100f,12,66 66 87 42 E1 7A 9D 42 1B EF CC 42
1787904405.270467,34680,1010,12,66 66 B9 42 1F 85 17 42 7F AA D3 42
1787904405.281273,34680,1011,12,33 33 8C 42 A4 70 86 42 AA 71 42 42
1787904405.291744,34680,1012,12,00 00 EF 42 B9 1E 75 42 75 13 53 42
1787904405.302134,34680,1013,12,9A 99 07 43 7B 14 6A 42 4C F7 B5 42
1787904405.312696,34680,1014,12,66 66 86 42 0A D7 45 42 2C 07 9C 42
1787904405.324995,34680,1015,12,66 66 82 42 F6 28 62 42 02 EB A6 42
1787904405.335631,34680,1016,12,9A 99 6B 42 70 3D 1E 42 31 08 7F 42
1787904405.346220,34680,1017,12,CC 4C 07 43 86 EB 73 42 3A B4 28 42
1787904405.356886,34680,1018,12,66 66 BA 42 85 EB DD 41 62 90 8E 42
1787904405.367576,34680,1019,12,00 00 A1 42 0A D7 8E 42 27 31 6F 42
1787904405.378690,34680,101a,12,9A 99 57 42 E1 7A C4 41 CA E1 82 42
1787904405.389581,34680,101b,12,00 00 B8 42 CD CC 5E 42 D9 CE 59 42
1787904405.400371,34680,101c,12,66 E6 10 43 66 66 02 42 EE BC B8 42
1787904405.411288,34680,101d,12,00 00 DE 42 8F C2 59 42 2E 5D 4A 42
1787904405.421935,34680,101e,12,66 66 D3 42 C3 F5 66 42 75 13 53 42
1787904405.432558,34680,101f,12,CD CC 92 42 7B 14 92 42 F4 FD 1F 42
1787904405.443443,34680,1020,12,CD CC 81 42 48 E1 D2 41 1F 85 62 42
1787904405.454067,34680,1021,12,34 33 0A 43 0A D7 97 42 F2 52 4E 42
1787904405.464858,34680,1022,12,33 33 8E 42 AE 47 D5 41 46 B6 3B 42
1787904405.475410,34680,1023,12,CD CC 6A 42 C2 F5 D0 41 BA 49 2A 42
1787904405.485920,34680,1024,12,CD CC 54 42 00 00 8B 42 56 0E C2 41
1787904405.496550,34680,1025,12,33 33 AE 42 70 3D 97 42 48 61 0D 42
1787904405.507079,34680,1026,12,00 00 E7 42 B8 1E 82 42 D7 A3 C3 41
1787904405.517689,34680,1027,12,CD CC E0 42 CD CC 52 42 C7 4B AA 41
1787904405.528286,34680,1028,12,CD CC F1 42 3E 0A 93 42 3B DF FB 41
1787904405.538716,34680,1029,12,33 33 79 42 AE 47 93 42 02 2B 8E 42
1787904405.549523,34680,102a,12,CD CC FB 42 EC 51 2E 42 A6 1B 94 42
1787904405.560156,34680,102b,12,00 80 13 43 48 E1 9F 42 90 42 19 42
1787904405.570646,34680,102c,12,34 33 CD 42 EB 51 5E 42 AC 1C E4 41
1787904405.581119,34680,102d,12,66 66 EB 42 48 E1 EA 41 04 D6 C2 42
1787904405.591708,34680,102e,12,34 33 B6 42 B8 1E A9 41 A6 5B DE 42
1787904405.602315,34680,102f,12,67 66 E6 42 00 00 AC 41 42 20 A6 42
1787904405.614198,34680,1030,12,66 66 14 43 8F C2 87 42 CF F7 A1 42
1787904405.624684,34680,1031,12,CD CC 6E 42 14 AE 19 42 C6 8B DF 42
1787904405.635169,34680,1032,12,CD CC E9 42 5C 8F AA 41 21 B0 02 42
1787904405.645840,34680,1033,12,CD CC 8E 42 7B 14 04 42 F8 93 C8 42
1787904405.656743,34680,1034,12,33 B3 01 43 EC 51 4C 42 40 B5 00 42
1787904405.667263,34680,1035,12,33 33 A6 42 90 C2 90 42 56 CE C5 42
1787904405.677917,34680,1036,12,CD CC DF 42 B8 1E 1B 42 06 41 AD 42
1787904405.688359,34680,1037,12,66 66 13 43 8F C2 E1 41 E8 BB E0 42
1787904405.698699,34680,1038,12,9A 99 4B 42 E1 7A A0 41 B2 1D 4F 42
1787904405.709060,34680,1039,12,99 99 EB 42 E1 7A 18 42 A6 9B C5 42
1787904405.719730,34680,103a,12,33 33 C8 42 70 3D 94 42 BC F4 5E 42
1787904405.730540,34680,103b,12,CC CC 14 43 66 66 96 42 46 B6 A8 41
1787904405.741319,34680,103c,12,9A 99 A7 42 5C 8F 9B 42 F0 27 4B 42
1787904405.751713,34680,103d,12,34 33 C4 42 70 3D 18 42 18 C4 C9 42
1787904405.762291,34680,103e,12,00 00 60 42 9A 99 57 42 A3 70 C2 42
1787904405.772718,34680,103f,12,9A 99 A5 42 C2 F5 F4 41 44 8B A5 41
1787904405.787092,34680,1040,12,00 00 C1 42 1F 85 87 42 46 B6 93 42
1787904405.801274,34680,1041,12,00 00 96 42 15 AE 5B 42 E8 7B 96 42
1787904405.811633,34680,1042,12,33 B3 06 43 C3 F5 A0 41 4E E2 D1 42
1787904405.821973,34680,1043,12,66 66 66 42 5C 8F C2 41 46 B6 A8 41
1787904405.832363,34680,1044,12,9A 99 92 42 D7 A3 0E 42 2B 47 83 42
1787904405.842994,34680,1045,12,9A 99 BB 42 86 EB 9B 42 12 83 BC 41
1787904405.853629,34680,1046,12,33 33 EC 42 B9 1E 57 42 96 43 C1 41
1787904405.864323,34680,1047,12,33 33 F9 42 0A D7 D3 41 23 5B 37 42
1787904405.874914,34680,1048,12,34 33 B7 42 C3 F5 0C 42 D5 78 53 42
1787904405.885301,34680,1049,12,9A 99 D3 42 8F C2 2F 42 94 98 DA 42
1787904405.895769,34680,104a,12,9A 99 E7 42 90 C2 17 42 B0 B2 BC 42
1787904405.906223,34680,104b,12,00 00 AD 42 52 B8 CA 41 8E 17 16 42
1787904405.916520,34680,104c,12,9A 99 9B 42 F6 28 8A 42 76 7E 95 42
1787904405.926952,34680,104d,12,33 33 95 42 5C 8F 5E 42 8F C2 B7 41
1787904405.937380,34680,104e,12,CD CC 83 42 E1 7A 94 42 9E EF B8 42
1787904405.947717,34680,104f,12,00 00 96 42 29 5C 51 42 D9 CE 59 42
1787904405.958133,34680,1050,12,00 00 A5 42 A3 70 79 42 7D 3F 86 42
1787904405.968549,34680,1051,12,9A 99 E2 42 3E 0A B7 41 29 5C CA 42
1787904405.979035,34680,1052,12,9A 99 9A 42 1F 85 B7 41 5C 8F CB 41
1787904405.989765,34680,1053,12,00 00 8F 42 5C 8F 16 42 8A 81 E3 42
1787904406.000341,34680,1054,12,CD CC C4 42 CD CC C8 41 3F B5 BB 42
1787904406.051761,34680,1055,12,66 66 89 42 48 E1 32 42 6F 92 A1 42
1787904406.066593,34680,1056,12,66 66 4A 42 5C 8F 83 42 50 0D D5 42
1787904406.077129,34680,1057,12,CD CC E9 42 AE 47 53 42 08 AC 3F 42
1787904406.088813,34680,1058,12,66 66 8C 42 48 E1 90 42 F4 FD EF 41
1787904406.122693,34680,1059,12,66 66 8A 42 E1 7A 7E 42 69 91 DE 41
1787904406.134166,34680,105a,12,CD CC E4 42 48 E1 7A 42 4E 22 B9 42
1787904406.146261,34680,105b,12,00 00 AC 42 1E 85 53 42 B4 C8 F0 41
1787904406.164229,34680,105c,12,66 66 DC 42 C2 F5 00 42 02 AB BF 42
1787904406.174936,34680,105d,12,00 00 58 42 EC 51 86 42 98 AE 96 42
1787904406.185333,34680,105e,12,66 66 0D 43 34 33 61 42 60 65 8B 42
1787904406.195815,34680,105f,12,CC 4C 08 43 EC 51 9B 42 95 43 AC 42
1787904406.206434,34680,1060,12,CD CC 48 42 0A D7 8B 42 87 16 AB 41
1787904406.216897,34680,1061,12,9A 19 04 43 A4 70 92 42 4A 0C 42 42
1787904406.227204,34680,1062,12,00 00 B7 42 EC 51 04 42 92 ED BA 41
1787904406.238703,34680,1063,12,CD CC FB 42 52 B8 4E 42 7D 3F E9 42
1787904406.249140,34680,1064,12,CD 4C 12 43 3E 0A 93 42 06 01 0B 42
1787904406.259610,34680,1065,12,33 33 63 42 F6 28 81 42 64 3B 08 42
1787904406.270200,34680,1066,12,33 33 C9 42 00 00 94 42 B4 88 91 42
1787904406.280555,34680,1067,12,CD CC A9 42 CC CC 9B 42 CC 0C 86 42
1787904406.294737,34680,1068,12,33 33 FA 42 90 C2 53 42 FC A9 FC 41
1787904406.305331,34680,1069,12,9A 99 CA 42 B8 1E 9A 42 C7 4B AA 41
1787904406.315988,34680,106a,12,33 33 B4 42 E2 7A 88 42 E3 A5 D6 41
1787904406.328279,34680,106b,12,CD CC 68 42 99 99 7B 42 33 B3 50 42
1787904406.338962,34680,106c,12,00 00 09 43 E2 7A 4E 42 6C A7 E8 42
1787904406.350605,34680,106d,12,9A 99 15 43 D7 A3 44 42 BC 74 85 42
1787904406.361936,34680,106e,12,00 80 06 43 52 B8 9D 42 E6 50 3B 42
1787904406.373228,34680,106f,12,66 66 A4 42 B8 1E 33 42 CD 4C D0 42
1787904406.383728,34680,1070,12,00 00 B1 42 C2 F5 48 42 71 3D D6 42
1787904406.394038,34680,1071,12,00 80 12 43 48 E1 32 42 1A 6F 9B 42
1787904406.404461,34680,1072,12,66 66 5E 42 48 E1 8A 42 60 E5 D1 41
1787904406.414793,34680,1073,12,00 00 0B 43 A3 70 5B 42 E1 BA A5 42
1787904406.425107,34680,1074,12,00 00 0B 43 5C 8F 89 42 A0 5A A3 42
1787904406.435429,34680,1075,12,66 66 F9 42 14 AE 3D 42 CD 4C D0 42
1787904406.445747,34680,1076,12,00 00 FE 42 7B 14 DA 41 CF 77 D3 42
1787904406.456136,34680,1077,12,66 66 A4 42 A4 70 AD 41 1B 2F B4 42
1787904406.466510,34680,1078,12,00 80 13 43 7B 14 52 42 2F 9D 89 42
1787904406.477912,34680,1079,12,9A 99 FA 42 F6 28 0E 42 B2 9D D8 42
1787904406.491119,34680,107a,12,66 66 83 42 66 66 A2 41 62 90 8E 42
1787904406.502512,34680,107b,12,33 33 ED 42 9A 99 27 42 50 0D 7D 42
1787904406.512976,34680,107c,12,00 00 64 42 AE 47 77 42 12 03 1E 42
1787904406.523475,34680,107d,12,CD CC 96 42 0B D7 7B 42 99 59 CB 42
1787904406.533884,34680,107e,12,66 66 07 43 1F 85 59 42 DF 4F 63 42
1787904406.544376,34680,107f,12,33 33 0F 43 33 33 13 42 98 6E C4 41
1787904406.555398,34680,1080,12,33 33 92 42 33 33 83 42 0A 57 CC 42
1787904406.565858,34680,1081,12,CD CC D7 42 00 00 42 42 62 90 8E 42
1787904406.578156,34680,1082,12,9A 99 5F 42 29 5C 39 42 C2 35 D9 42
1787904406.588609,34680,1083,12,00 00 4A 42 14 AE 86 42 BE DF D2 42
1787904406.598926,34680,1084,12,CD CC AE 42 85 EB 89 42 62 D0 D8 42
1787904406.609350,34680,1085,12,33 33 D7 42 D7 A3 D8 41 DF CF EC 42
1787904406.619805,34680,1086,12,33 33 E0 42 0A D7 2D 42 B8 DE 97 42
1787904406.630299,34680,1087,12,66 66 02 43 D7 A3 2C 42 C9 B6 E2 42
1787904406.641151,34680,1088,12,9A 99 02 43 B8 1E 3F 42 F2 12 BF 42
1787904406.652161,34680,1089,12,34 33 C3 42 A4 70 19 42 3E 0A 2F 42
1787904406.662653,34680,108a,12,9A 99 CF 42 B8 1E 82 42 67 66 6E 42
1787904406.673099,34680,108b,12,00 00 CD 42 0A D7 63 42 83 C0 8F 42
1787904406.683594,34680,108c,12,00 00 9E 42 E1 7A 60 42 A8 06 B0 42
1787904406.693976,34680,108d,12,00 00 66 42 EC 51 F8 41 2B 87 12 42
1787904406.704458,34680,108e,12,00 00 8C 42 D7 A3 96 42 C0 4A 02 42
1787904406.714729,34680,108f,12,33 B3 00 43 EC 51 1C 42 7D 3F FE 41
1787904406.725106,34680,1090,12,CD CC 9D 42 E1 7A DC 41 83 00 DA 42
1787904406.736878,34680,1091,12,CC CC C6 42 5C 8F 80 42 00 00 8B 42
1787904406.747315,34680,1092,12,00 00 F5 42 5C 8F 0A 42 46 B6 A8 41
1787904406.757981,34680,1093,12,00 00 C5 42 D7 A3 8D 42 DF CF 31 42
1787904406.771383,34680,1094,12,33 33 AF 42 52 B8 85 42 91 6D 7F 42
1787904406.781888,34680,1095,12,00 00 A5 42 D7 A3 26 42 77 BE 24 42
1787904406.797380,34680,1096,12,33 33 FB 42 00 00 88 42 40 B5 00 42
1787904406.808298,34680,1097,12,00 00 C5 42 9A 99 27 42 1D 5A CC 41
1787904406.818727,34680,1098,12,00 00 DD 42 66 66 4A 42 DB F9 C9 41
1787904406.829241,34680,1099,12,66 E6 01 43 3D 0A 59 42 5E 3A EB 42
1787904406.839681,34680,109a,12,66 66 F9 42 C2 F5 5A 42 46 F6 DD 42
1787904406.850653,34680,109b,12,00 00 4A 42 70 3D 91 42 CF F7 A1 42
1787904406.861377,34680,109c,12,00 00 C9 42 90 C2 47 42 B8 1E E2 42
1787904406.871741,34680,109d,12,00 00 82 42 48 E1 81 42 F0 A7 E9 41
1787904406.882183,34680,109e,12,CD CC A0 42 00 00 24 42 21 B0 02 42
1787904406.892562,34680,109f,12,00 80 07 43 33 33 01 42 0E 6D 88 42
1787904406.903151,34680,10a0,12,9A 99 DA 42 D7 A3 74 42 54 A3 C2 42
1787904406.913668,34680,10a1,12,33 33 90 42 3E 0A 87 42 40 35 32 42
1787904406.924322,34680,10a2,12,CD CC 05 43 AE 47 8D 42 DF CF 89 42
1787904406.935604,34680,10a3,12,CD CC 68 42 5C 8F 16 42 F8 13 97 42
1787904406.946161,34680,10a4,12,CD CC FF 42 B9 1E 57 42 6C A7 85 42
1787904406.956665,34680,10a5,12,33 33 80 42 F6 28 7A 42 E8 7B 96 42
1787904406.967052,34680,10a6,12,CC CC DC 42 CD CC 46 42 7F 6A 89 42
1787904406.977381,34680,10a7,12,CD CC 4C 42 1E 85 8A 42 35 DE AB 42
1787904406.989162,34680,10a8,12,00 00 DC 42 14 AE BF 41 A6 9B 6D 42
1787904406.999918,34680,10a9,12,CC 4C 0D 43 F6 28 99 42 8D 17 79 42
1787904407.010318,34680,10aa,12,CD CC D6 42 E2 7A 88 42 C6 8B DF 42
1787904407.020890,34680,10ab,12,CD CC DE 42 D7 A3 62 42 83 40 06 42
1787904407.031402,34680,10ac,12,00 00 C1 42 8F C2 A5 41 37 09 AF 42
1787904407.041865,34680,10ad,12,CD CC 7C 42 CC CC 9B 42 14 2E 21 42
1787904407.052288,34680,10ae,12,33 33 C8 42 14 AE 80 42 21 70 D6 42
1787904407.062681,34680,10af,12,33 B3 00 43 7B 14 6A 42 C9 F6 71 42
1787904407.073106,34680,10b0,12,00 00 BF 42 66 66 38 42 A2 45 67 42
1787904407.083577,34680,10b1,12,00 00 DE 42 5C 8F 16 42 BE 5F A1 42
1787904407.093916,34680,10b2,12,00 00 F8 42 90 C2 D5 41 5E BA CE 41
1787904407.104459,34680,10b3,12,9A 99 CE 42 7B 14 98 42 7B 14 E6 42
1787904407.115050,34680,10b4,12,00 00 B6 42 E2 7A 78 42 B8 1E 27 42
1787904407.125373,34680,10b5,12,00 00 48 42 F6 28 C0 41 E5 D0 6C 42
1787904407.135875,34680,10b6,12,CD CC D2 42 D7 A3 A8 41 D3 0D C1 42
1787904407.146600,34680,10b7,12,66 66 A8 42 7A 14 2E 42 F4 7D A9 42
1787904407.157045,34680,10b8,12,9A 99 C4 42 33 33 A7 41 E1 7A 66 42
1787904407.174282,34680,10b9,12,9A 99 A0 42 F6 28 1A 42 6F 12 D3 42
1787904407.197634,34680,10ba,12,CC CC AD 42 A4 70 31 42 EB D1 9C 42
1787904407.214113,34680,10bb,12,CD CC 04 43 8F C2 0B 42 1A 6F 9B 42
1787904407.231901,34680,10bc,12,9A 99 0D 43 66 66 20 42 27 B1 3D 42
1787904407.269804,34680,10bd,12,9A 99 FF 42 C3 F5 DC 41 6B BC 74 42
1787904407.280261,34680,10be,12,33 33 D6 42 E2 7A 97 42 98 AE 96 42
1787904407.290810,34680,10bf,12,CC CC B9 42 1E 85 23 42 60 E5 64 42
1787904407.301499,34680,10c0,12,00 00 60 42 B8 1E 45 42 7D 3F 86 42
1787904407.312366,34680,10c1,12,9A 99 B1 42 AE 47 96 42 1B 2F B4 42
1787904407.324489,34680,10c2,12,CD CC 97 42 29 5C 27 42 9E 6F 2F 42
1787904407.335863,34680,10c3,12,CD CC 12 43 52 B8 30 42 A8 C6 0D 42
1787904407.346825,34680,10c4,12,66 E6 07 43 66 66 81 42 70 3D 1B 42
1787904407.357111,34680,10c5,12,33 33 98 42 E2 7A 88 42 83 40 06 42
1787904407.367411,34680,10c6,12,CC 4C 08 43 48 E1 D2 41 5C 0F 2D 42
1787904407.378046,34680,10c7,12,CC CC AC 42 7B 14 04 42 95 43 AC 42
1787904407.388512,34680,10c8,12,33 33 DF 42 B8 1E 33 42 48 21 E1 42
1787904407.399624,34680,10c9,12,66 66 E9 42 29 5C 3F 42 1B EF CC 42
1787904407.410283,34680,10ca,12,9A 99 5D 42 0A D7 9A 42 29 5C 0F 42
1787904407.421262,34680,10cb,12,00 00 14 43 71 3D 6C 42 21 70 D6 42
1787904407.432122,34680,10cc,12,33 B3 03 43 F6 28 9C 42 C5 20 A7 41
1787904407.442982,34680,10cd,12,99 99 F6 42 EC 51 EC 41 54 E3 51 42
1787904407.453754,34680,10ce,12,CD CC 12 43 70 3D 06 42 5E 3A 88 42
1787904407.464479,34680,10cf,12,66 66 CE 42 90 C2 71 42 C5 A0 C3 42
1787904407.475093,34680,10d0,12,66 66 B2 42 3D 0A 99 42 10 58 A4 42
1787904407.485933,34680,10d1,12,CD CC F2 42 85 EB 01 42 AE C7 48 42
1787904407.496818,34680,10d2,12,00 00 12 43 90 C2 29 42 71 3D D6 42
1787904407.507432,34680,10d3,12,66 66 DB 42 CD CC 8F 42 62 D0 D8 42
1787904407.518022,34680,10d4,12,9A 99 6D 42 70 3D 97 42 11 18 BD 42
1787904407.528560,34680,10d5,12,CD CC 74 42 D7 A3 87 42 E1 BA A5 42
1787904407.539696,34680,10d6,12,66 66 06 43 AE 47 4D 42 91 6D D7 42
1787904407.550413,34680,10d7,12,33 B3 08 43 C2 F5 8B 42 2D B2 E5 41
1787904407.560863,34680,10d8,12,33 33 D2 42 E1 7A A0 41 B2 9D D8 42
1787904407.571529,34680,10d9,12,9A 19 05 43 5C 8F 76 42 71 7D BD 42
1787904407.582116,34680,10da,12,33 33 F8 42 85 EB 8F 42 48 61 0D 42
1787904407.592351,34680,10db,12,CC 4C 13 43 0A D7 39 42 B0 32 8B 42
1787904407.603086,34680,10dc,12,00 00 50 42 C2 F5 42 42 46 B6 3B 42
1787904407.613878,34680,10dd,12,9A 99 86 42 33 33 CB 41 6A BC E1 41
1787904407.624357,34680,10de,12,9A 99 CF 42 52 B8 42 42 AE 47 E7 41
1787904407.635015,34680,10df,12,00 00 F1 42 52 B8 91 42 02 EB A6 42
1787904407.645890,34680,10e0,12,9A 99 96 42 70 3D 5A 42 3F 35 ED 42
1787904407.656413,34680,10e1,12,66 66 F5 42 AE 47 81 42 D5 F8 21 42
1787904407.667408,34680,10e2,12,9A 99 D8 42 EC 51 4C 42 62 90 36 42
1787904407.678370,34680,10e3,12,00 00 95 42 AE 47 0B 42 D3 CD D9 42
1787904407.689050,34680,10e4,12,66 66 0D 43 CD CC 22 42 F6 A8 AC 42
1787904407.699414,34680,10e5,12,00 00 BD 42 AE 47 65 42 CF 37 EC 42
1787904407.710140,34680,10e6,12,00 00 84 42 C2 F5 E8 41 2E 5D A2 42
1787904407.720754,34680,10e7,12,99 99 F5 42 29 5C C7 41 87 16 3E 42
1787904407.731388,34680,10e8,12,66 66 E1 42 0A D7 97 42 2F DD D3 42
1787904407.741888,34680,10e9,12,00 00 5E 42 CC CC 83 42 11 D8 7D 42
1787904407.752395,34680,10ea,12,33 33 98 42 5C 8F CE 41 8A C1 72 42
1787904407.762858,34680,10eb,12,00 00 15 43 00 00 DC 41 8D 17 D1 42
1787904407.773259,34680,10ec,12,33 B3 0E 43 66 66 F6 41 79 29 CA 42
1787904407.783877,34680,10ed,12,9A 99 F1 42 66 66 F6 41 E9 66 B2 42
1787904407.794846,34680,10ee,12,CD CC F2 42 7B 14 34 42 5E 7A D2 42
1787904407.805329,34680,10ef,12,66 E6 02 43 52 B8 54 42 DF 4F 00 42
1787904407.816333,34680,10f0,12,33 33 FD 42 0B D7 7B 42 4A 0C 42 42
1787904407.826834,34680,10f1,12,CD CC BD 42 AE 47 4D 42 D2 22 4D 42
1787904407.837147,34680,10f2,12,00 00 BD 42 48 E1 7A 42 6C 67 46 42
1787904407.853914,34680,10f3,12,00 00 E2 42 A4 70 F5 41 0C 42 85 42
1787904407.864488,34680,10f4,12,CD CC A2 42 F6 28 E4 41 27 F1 DF 42
1787904407.874921,34680,10f5,12,CD CC E3 42 3E 0A 47 42 1F 85 BA 42
1787904407.885556,34680,10f6,12,33 33 8C 42 AE 47 35 42 1C 5A 5F 42
1787904407.896006,34680,10f7,12,9A 99 9C 42 AE 47 8D 42 BC B4 CF 42
1787904407.906995,34680,10f8,12,00 00 6A 42 C3 F5 12 42 F0 27 4B 42
1787904407.917506,34680,10f9,12,33 B3 0D 43 1F 85 59 42 AA B1 E4 42
1787904407.927963,34680,10fa,12,33 33 8D 42 C3 F5 0C 42 A0 1A D1 41
1787904407.938509,34680,10fb,12,00 80 05 43 A4 70 19 42 64 7B AA 42
1787904407.948948,34680,10fc,12,00 00 07 43 D7 A3 81 42 EF 67 ED 42
1787904407.959466,34680,10fd,12,9A 99 59 42 A4 70 80 42 37 49 96 42
1787904407.970459,34680,10fe,12,00 00 7A 42 E2 7A 4E 42 1B AF E5 42
1787904407.982101,34680,10ff,12,33 33 FA 42 29 5C DF 41 EF E7 BB 42
1787904407.992715,34680,1100,12,CD 4C 10 43 33 33 6D 42 3F 75 D4 42
1787904408.003290,34680,1101,12,67 66 FF 42 52 B8 48 42 46 F6 DD 42
1787904408.013830,34680,1102,12,9A 99 F9 42 00 00 94 42 D7 E3 95 42
1787904408.024220,34680,1103,12,00 00 F7 42 14 AE 13 42 74 93 21 42
1787904408.034674,34680,1104,12,00 00 6A 42 3E 0A 96 42 15 6E C3 42
1787904408.049026,34680,1105,12,CD CC F3 42 29 5C 91 42 48 E1 3E 42
1787904408.065114,34680,1106,12,CC CC C5 42 1F 85 8D 42 8A C1 CA 42
1787904408.081614,34680,1107,12,00 00 B3 42 66 66 20 42 B8 1E F7 41
1787904408.103507,34680,1108,12,33 33 7D 42 E2 7A D0 41 CF F7 B6 41
1787904408.120029,34680,1109,12,00 00 78 42 00 00 A0 41 35 9E C4 42
1787904408.130631,34680,110a,12,66 66 4C 42 14 AE 2B 42 91 6D D7 42
1787904408.147610,34680,110b,12,33 33 5B 42 1F 85 3B 42 EF A7 7C 42
1787904408.158335,34680,110c,12,00 00 DF 42 52 B8 E2 41 E5 D0 D9 41
1787904408.169383,34680,110d,12,66 66 85 42 A4 70 7F 42 12 C3 8E 42
1787904408.179792,34680,110e,12,CD CC 6A 42 1E 85 71 42 E5 D0 C4 42
1787904408.192620,34680,110f,12,00 00 AC 42 7B 14 4C 42 89 41 AE 41
1787904408.203138,34680,1110,12,9A 99 83 42 AE 47 29 42 2D B2 E5 41
1787904408.213453,34680,1111,12,33 33 9C 42 85 EB E9 41 81 D5 D6 42
1787904408.229764,34680,1112,12,66 66 8F 42 8F C2 87 42 24 86 3A 42
1787904408.240505,34680,1113,12,33 33 6B 42 EB 51 7C 42 AC DC 84 42
1787904408.251244,34680,1114,12,CC 4C 14 43 CC CC 3A 42 17 D9 55 42
1787904408.261966,34680,1115,12,CC 4C 08 43 AE 47 90 42 6C E7 CF 42
1787904408.272883,34680,1116,12,66 66 6A 42 70 3D FA 41 D1 A2 1B 42
1787904408.284611,34680,1117,12,9A 99 C8 42 C2 F5 F4 41 2B C7 B4 42
1787904408.295036,34680,1118,12,CD CC AE 42 52 B8 2A 42 CA 21 12 42
1787904408.305636,34680,1119,12,33 33 82 42 3E 0A 17 42 A8 06 B0 42
1787904408.319113,34680,111a,12,00 00 FB 42 C2 F5 8E 42 79 A9 98 42
1787904408.333704,34680,111b,12,66 66 04 43 48 E1 1A 42 4C B7 CE 42
1787904408.344506,34680,111c,12,66 E6 03 43 71 3D 8B 42 66 E6 3C 42
1787904408.358378,34680,111d,12,9A 99 FC 42 E2 7A 97 42 79 29 CA 42
1787904408.375668,34680,111e,12,66 66 50 42 D7 A3 E4 41 92 ED BA 41
1787904408.387388,34680,111f,12,9A 19 0E 43 C2 F5 00 42 33 F3 8F 42
1787904408.399444,34680,1120,12,33 33 7D 42 00 00 8E 42 FE D4 EA 42
1787904408.409935,34680,1121,12,66 66 B0 42 15 AE 79 42 83 C0 37 42
1787904408.420461,34680,1122,12,CD CC BD 42 B8 1E 33 42 98 6E 57 42
1787904408.431612,34680,1123,12,33 33 B9 42 34 33 61 42 5C 8F CB 41
1787904408.442130,34680,1124,12,CD CC 68 42 F6 28 7A 42 3A B4 F8 41
1787904408.452752,34680,1125,12,CD CC F0 42 5C 8F FE 41 7F 6A 89 42
1787904408.463125,34680,1126,12,66 66 14 43 9A 99 82 42 C1 CA A0 41
1787904408.473672,34680,1127,12,CC CC C0 42 A4 70 98 42 15 6E C3 42
1787904408.485223,34680,1128,12,9A 99 98 42 85 EB 4F 42 EE 3C EA 42
1787904408.496399,34680,1129,12,9A 99 E0 42 14 AE 95 42 44 8B 38 42
1787904408.507305,34680,112a,12,CD CC F8 42 14 AE A7 41 FC A9 84 42
1787904408.517862,34680,112b,12,CD 4C 0F 43 F6 28 F0 41 4C B7 76 42
1787904408.528517,34680,112c,12,00 80 15 43 C3 F5 B8 41 36 5E F2 41
1787904408.538961,34680,112d,12,00 80 07 43 CD CC 0A 42 B4 88 91 42
1787904408.549339,34680,112e,12,9A 99 9D 42 33 33 E3 41 36 1E 93 42
1787904408.559833,34680,112f,12,00 00 DC 42 9A 99 94 42 8B 2C B5 42
1787904408.570474,34680,1130,12,00 80 09 43 66 66 A2 41 8D 17 D1 42
1787904408.581379,34680,1131,12,66 66 78 42 AE 47 8D 42 58 39 C5 41
1787904408.591997,34680,1132,12,33 33 77 42 A4 70 E9 41 95 43 AC 42
1787904408.603485,34680,1133,12,67 66 EF 42 CD CC 64 42 A6 1B 94 42
1787904408.613969,34680,1134,12,9A 99 F1 42 A3 70 79 42 0A 17 E5 42
1787904408.624537,34680,1135,12,33 33 75 42 A4 70 43 42 72 68 EE 41
1787904408.635080,34680,1136,12,9A 99 71 42 CD CC 52 42 58 39 58 42
1787904408.645960,34680,1137,12,CC CC BF 42 E2 7A 12 42 A4 70 D7 41
1787904408.656621,34680,1138,12,66 66 05 43 29 5C 94 42 2D B2 D0 42
1787904408.667178,34680,1139,12,00 00 EE 42 9A 99 4B 42 BA 09 9B 42
1787904408.677737,34680,113a,12,66 66 7C 42 B8 1E 33 42 12 83 4F 42
1787904408.688040,34680,113b,12,9A 99 67 42 52 B8 4E 42 18 84 E2 42
1787904408.698572,34680,113c,12,34 33 CF 42 14 AE EF 41 7B 94 B4 42
1787904408.709439,34680,113d,12,00 80 13 43 F6 28 14 42 4E 62 A0 42
1787904408.719946,34680,113e,12,00 00 92 42 AE 47 A5 41 AA B1 E4 42
1787904408.730612,34680,113f,12,9A 99 C5 42 29 5C 2D 42 B0 F2 4B 42
1787904408.741281,34680,1140,12,9A 99 14 43 66 66 96 42 02 2B 8E 42
1787904408.752038,34680,1141,12,CD CC AB 42 70 3D FA 41 46 B6 3B 42
1787904408.762615,34680,1142,12,33 33 FB 42 29 5C 5D 42 0C 42 85 42
1787904408.773077,34680,1143,12,9A 99 55 42 90 C2 29 42 37 89 E0 42
1787904408.783772,34680,1144,12,00 00 14 43 5C 8F 5E 42 FA FE 5A 42
1787904408.794574,34680,1145,12,9A 99 B4 42 00 00 97 42 C9 F6 71 42
1787904408.805157,34680,1146,12,00 00 9A 42 F6 28 FC 41 08 AC 3F 42
1787904408.816827,34680,1147,12,00 00 95 42 33 33 2B 42 CB A1 B0 41
1787904408.827623,34680,1148,12,66 66 EB 42 29 5C 15 42 0C 02 9E 42
1787904408.838035,34680,1149,12,66 66 12 43 1E 85 8A 42 AA 71 9A 42
1787904408.853112,34680,114a,12,9A 99 FF 42 66 66 F6 41 5A E4 81 42
1787904408.863670,34680,114b,12,00 00 BE 42 0A D7 D3 41 91 6D D7 42
1787904408.873993,34680,114c,12,CD CC 05 43 29 5C 4B 42 6C E7 E4 41
1787904408.884628,34680,114d,12,99 99 F6 42 0B D7 5D 42 BA 89 CC 42
1787904408.895251,34680,114e,12,CD CC E9 42 48 E1 26 42 B8 5E C9 42
1787904408.905851,34680,114f,12,66 66 0F 43 3E 0A 71 42 02 2B A3 41
1787904408.919259,34680,1150,12,CD CC 5E 42 29 5C 15 42 D3 4D BD 41
1787904408.929979,34680,1151,12,66 66 EB 42 48 E1 DE 41 44 CB DA 42
1787904408.940480,34680,1152,12,CD CC E0 42 00 00 48 42 AC 9C 45 42
1787904408.950941,34680,1153,12,00 00 9B 42 CC CC 83 42 B8 DE 97 42
1787904408.961462,34680,1154,12,CD CC A3 42 90 C2 ED 41 8C EC 12 42
1787904408.971879,34680,1155,12,33 33 CA 42 52 B8 7E 42 31 08 1C 42
1787904408.982427,34680,1156,12,34 33 B0 42 7B 14 4C 42 52 38 1D 42
1787904408.992971,34680,1157,12,00 00 E2 42 E2 7A 88 42 8D 97 47 42
1787904409.003515,34680,1158,12,CD CC 96 42 C2 F5 D0 41 98 EE E0 42
1787904409.014104,34680,1159,12,9A 99 01 43 33 33 89 42 FC 29 B6 42
1787904409.024470,34680,115a,12,00 00 87 42 B8 1E 09 42 0A 57 74 42
1787904409.040298,34680,115b,12,9A 99 09 43 3D 0A 59 42 D5 78 53 42
1787904409.050720,34680,115c,12,9A 99 A8 42 90 C2 3B 42 B2 9D D8 42
1787904409.061085,34680,115d,12,00 00 B4 42 48 E1 68 42 6B FC B3 42
1787904409.071653,34680,115e,12,CD CC C4 42 66 66 38 42 C0 8A A4 42
1787904409.082020,34680,115f,12,CD CC E7 42 3E 0A 3B 42 C3 F5 A3 41
1787904409.094078,34680,1160,12,CC CC CC 42 00 00 82 42 CB E1 E5 42
1787904409.104591,34680,1161,12,CC CC E8 42 0A D7 57 42 EC 51 13 42
1787904409.114986,34680,1162,12,CD CC A5 42 29 5C 85 42 87 D6 AE 42
1787904409.125472,34680,1163,12,9A 99 A4 42 00 00 2A 42 8A C1 CA 42
1787904409.135957,34680,1164,12,CC CC DA 42 CD CC C8 41 2D 32 47 42
1787904409.146518,34680,1165,12,00 80 08 43 D7 A3 93 42 2E 5D 4A 42
1787904409.156988,34680,1166,12,33 33 A8 42 3D 0A 99 42 02 2B A3 41
1787904409.167533,34680,1167,12,CD CC C8 42 5C 8F 80 42 91 2D 8D 42
1787904409.177968,34680,1168,12,CC 4C 13 43 5C 8F F2 41 DF CF EC 42
1787904409.189454,34680,1169,12,00 00 56 42 CC CC 6A 42 2B 87 E2 41
1787904409.199813,34680,116a,12,66 66 F6 42 C2 F5 2A 42 8B 2C B5 42
1787904409.210214,34680,116b,12,33 33 8C 42 C3 F5 66 42 58 B9 E1 42
1787904409.220741,34680,116c,12,00 00 13 43 1E 85 71 42 70 3D 1B 42
1787904409.231194,34680,116d,12,CD 4C 12 43 3D 0A 8A 42 1B 2F C9 41
1787904409.241728,34680,116e,12,00 80 15 43 33 33 73 42 BA C9 5B 42
1787904409.252246,34680,116f,12,9A 99 97 42 9A 99 9A 42 F2 52 A6 42
1787904409.262811,34680,1170,12,33 B3 0E 43 1F 85 E7 41 8A 81 E3 42
1787904409.273359,34680,1171,12,00 00 66 42 70 3D 82 42 00 00 A0 41
1787904409.283763,34680,1172,12,CD CC ED 42 E1 7A E8 41 A4 F0 90 42
1787904409.296424,34680,1173,12,66 66 68 42 34 33 EF 41 FC A9 84 42
1787904409.307039,34680,1174,12,67 66 E4 42 29 5C EB 41 8B AC E6 42
1787904409.319044,34680,1175,12,66 66 64 42 3D 0A 8A 42 A8 86 E1 42
1787904409.329404,34680,1176,12,00 00 FB 42 70 3D CA 41 6C 67 46 42
1787904409.339680,34680,1177,12,33 33 CA 42 3E 0A 6B 42 62 50 A7 42
1787904409.350338,34680,1178,12,67 66 FF 42 AE 47 8A 42 DF CF 31 42
1787904409.361486,34680,1179,12,00 00 BF 42 71 3D BE 41 7B 54 CD 42
1787904409.371958,34680,117a,12,9A 99 C9 42 5D 8F 52 42 E5 D0 C4 42
1787904409.382530,34680,117b,12,CD CC D7 42 3E 0A 11 42 6A BC 11 42
1787904409.393018,34680,117c,12,00 00 DF 42 29 5C 75 42 95 43 AC 42
1787904409.403455,34680,117d,12,66 66 F5 42 00 00 97 42 91 ED 4D 42
1787904409.413832,34680,117e,12,CD CC 95 42 90 C2 41 42 F8 53 F6 41
1787904409.424325,34680,117f,12,66 66 CE 42 5C 8F E6 41 EA A6 41 42
1787904409.434812,34680,1180,12,CD CC 52 42 5C 8F 28 42 F8 93 C8 42
1787904409.445227,34680,1181,12,00 00 82 42 00 00 72 42 B0 32 8B 42
1787904409.460202,34680,1182,12,9A 99 67 42 7B 14 B6 41 FA 3E 9A 42
1787904409.481885,34680,1183,12,66 66 99 42 7A 14 58 42 17 99 C6 42
1787904409.521711,34680,1184,12,CD CC 83 42 66 66 EA 41 EF E7 BB 42
1787904409.541091,34680,1185,12,66 66 E3 42 9A 99 21 42 14 AE BF 41
1787904419.611079,34680,1187,12,00 00 B2 42 CC CC 16 42 D9 0E 99 42
1787904419.621480,34680,1188,12,9A 99 DD 42 29 5C 27 42 DF 4F 63 42
1787904419.631876,34680,1189,12,9A 19 14 43 14 AE 13 42 5C 0F 2D 42
1787904419.643004,34680,118a,12,9A 99 7F 42 7B 14 8F 42 00 80 64 42
1787904419.653450,34680,118b,12,CD 4C 03 43 0A D7 45 42 00 80 BC 42
1787904419.663882,34680,118c,12,66 66 A9 42 CD CC 2E 42 15 EE 91 42
1787904419.674425,34680,118d,12,9A 99 53 42 CD CC 10 42 23 DB 68 42
1787904419.684819,34680,118e,12,9A 99 CD 42 71 3D BE 41 F6 28 23 42
1787904419.695186,34680,118f,12,67 66 E5 42 C2 F5 4E 42 5E 3A EB 42
1787904419.705794,34680,1190,12,66 66 00 43 90 C2 47 42 91 AD BE 42
1787904419.716345,34680,1191,12,00 00 A3 42 3D 0A AB 41 DF CF 89 42
1787904419.726851,34680,1192,12,CD CC 78 42 D7 A3 CC 41 8A C1 72 42
1787904419.738003,34680,1193,12,00 00 B4 42 B9 1E 57 42 B0 72 7D 42
1787904419.748891,34680,1194,12,00 00 89 42 5C 8F 89 42 CD 4C D0 42
1787904419.759511,34680,1195,12,33 33 E8 42 CD CC 9E 42 D5 F8 21 42
1787904419.769928,34680,1196,12,99 99 D2 42 AE 47 9C 42 B4 88 91 42
1787904419.780957,34680,1197,12,33 33 C7 42 48 E1 6E 42 42 60 35 42
1787904419.795606,34680,1198,12,00 00 D0 42 E2 7A 91 42 62 10 68 42
1787904419.806449,34680,1199,12,CD CC 9C 42 33 33 6D 42 06 01 C6 42
1787904419.816946,34680,119a,12,00 00 88 42 48 E1 02 42 0C 82 CF 42
1787904419.827425,34680,119b,12,9A 99 67 42 D7 A3 F0 41 10 98 8B 42
1787904419.837852,34680,119c,12,9A 99 5B 42 D7 A3 F0 41 9C C4 CA 41
1787904419.875190,34680,119d,12,66 66 BA 42 D7 A3 3E 42 87 56 E0 42
1787904419.887937,34680,119e,12,00 00 CF 42 85 EB 92 42 2F DD E8 41
1787904419.901384,34680,119f,12,00 00 03 43 33 33 89 42 AA F1 10 42
1787904419.913954,34680,11a0,12,CD CC 84 42 00 00 D0 41 68 91 71 42
1787904419.925497,34680,11a1,12,34 33 CD 42 EB 51 70 42 70 3D 1B 42
1787904419.937016,34680,11a2,12,66 66 C7 42 AE 47 F9 41 58 79 97 42
1787904419.947684,34680,11a3,12,9A 99 5D 42 CD CC 95 42 A4 70 07 42
1787904419.959970,34680,11a4,12,CD 4C 0A 43 0A D7 03 42 71 3D 7E 42
1787904419.971131,34680,11a5,12,CD CC 56 42 F6 28 1A 42 83 C0 37 42
1787904419.981827,34680,11a6,12,66 E6 08 43 0A D7 8E 42 3E 0A FF 41
1787904419.993330,34680,11a7,12,33 33 89 42 E1 7A 85 42 D1 22 BA 41
1787904420.003888,34680,11a8,12,66 66 ED 42 E1 7A 54 42 FC E9 CE 42
1787904420.014378,34680,11a9,12,9A 99 DC 42 F6 28 20 42 31 C8 8C 42
1787904420.025071,34680,11aa,12,9A 99 8E 42 29 5C D3 41 18 C4 C9 42
1787904420.035708,34680,11ab,12,9A 99 77 42 E2 7A 12 42 C6 4B 3D 42
1787904420.047346,34680,11ac,12,CC CC CE 42 E2 7A 00 42 4C 77 84 42
1787904420.058038,34680,11ad,12,34 33 C3 42 52 B8 82 42 F2 92 8D 42
1787904420.068574,34680,11ae,12,9A 99 75 42 AE 47 47 42 3B DF E6 42
1787904420.081405,34680,11af,12,9A 99 DC 42 00 00 18 42 3F B5 BB 42
1787904420.097718,34680,11b0,12,9A 99 F1 42 5C 8F 3A 42 3E 0A FF 41
1787904420.110089,34680,11b1,12,66 66 BC 42 AE 47 96 42 F8 53 26 42
1787904420.121974,34680,11b2,12,33 33 8B 42 1F 85 AB 41 3F 35 ED 42
1787904420.132376,34680,11b3,12,CD CC B1 42 3E 0A 0B 42 08 6C B0 42
1787904420.142736,34680,11b4,12,33 33 CB 42 EC 51 86 42 3B DF FB 41
1787904420.153214,34680,11b5,12,33 33 8F 42 48 E1 0E 42 10 D8 1A 42
1787904420.163752,34680,11b6,12,9A 99 93 42 90 C2 23 42 35 DE AB 42
1787904420.174241,34680,11b7,12,9A 99 C4 42 C2 F5 9A 42 34 33 EF 41
1787904420.184683,34680,11b8,12,CD CC E5 42 CC CC 34 42 4E E2 D1 42
1787904420.195249,34680,11b9,12,9A 99 9F 42 EC 51 C8 41 7D BF B7 42
1787904420.205856,34680,11ba,12,66 66 F7 42 90 C2 90 42 E8 FB DC 41
1787904420.216389,34680,11bb,12,66 E6 0E 43 15 AE 79 42 D1 22 BA 41
1787904420.229446,34680,11bc,12,CC CC 06 43 0A D7 69 42 B2 1D A7 42
1787904420.240117,34680,11bd,12,33 33 C1 42 33 33 92 42 6A 3C 43 42
1787904420.250980,34680,11be,12,CC CC CF 42 F6 28 C0 41 08 6C B0 42
1787904420.261392,34680,11bf,12,CD CC 99 42 0A D7 A3 41 58 39 B0 42
1787904420.271799,34680,11c0,12,CD CC E6 42 8F C2 C9 41 67 66 C6 42
1787904420.282424,34680,11c1,12,34 33 CE 42 52 B8 1E 42 FC A9 FC 41
1787904420.292849,34680,11c2,12,9A 99 86 42 5C 8F 8C 42 FC 29 B6 42
1787904420.307145,34680,11c3,12,00 80 01 43 5D 8F 70 42 EE 7C 16 42
1787904420.317830,34680,11c4,12,33 33 8C 42 33 33 D7 41 5C 0F 85 42
1787904420.328496,34680,11c5,12,00 80 06 43 99 99 5D 42 AE C7 A0 42
1787904420.338953,34680,11c6,12,34 33 9D 42 90 C2 99 42 48 A1 AF 42
1787904420.349455,34680,11c7,12,66 66 B5 42 AE 47 8A 42 90 C2 A2 42
1787904420.359894,34680,11c8,12,9A 99 79 42 90 C2 3B 42 A3 70 C2 42
1787904420.370849,34680,11c9,12,9A 99 4D 42 C3 F5 12 42 29 1C E3 42
1787904420.383151,34680,11ca,12,9A 99 E5 42 B8 1E 21 42 7D 3F E9 42
1787904420.394021,34680,11cb,12,66 66 DC 42 E2 7A D0 41 64 3B 6B 42
1787904420.404981,34680,11cc,12,9A 99 D0 42 9A 99 2D 42 0A 57 CC 42
1787904420.419626,34680,11cd,12,66 66 91 42 00 00 E8 41 C9 F6 71 42
1787904420.430148,34680,11ce,12,00 00 AA 42 66 66 84 42 4A 0C 9A 42
1787904420.440584,34680,11cf,12,66 66 93 42 EC 51 98 42 44 8B A5 41
1787904420.451151,34680,11d0,12,9A 99 D8 42 3D 0A F3 41 08 AC 3F 42
1787904420.461792,34680,11d1,12,00 00 A8 42 5C 8F 86 42 48 61 0D 42
1787904420.472393,34680,11d2,12,00 00 72 42 0A D7 A3 41 D3 8D 8F 42
1787904420.482894,34680,11d3,12,33 33 E2 42 CD CC E0 41 D3 4D A8 42
1787904420.493377,34680,11d4,12,00 00 F8 42 F6 28 84 42 04 56 39 42
1787904420.503869,34680,11d5,12,33 33 A8 42 A4 70 8C 42 7B 54 CD 42
1787904420.514490,34680,11d6,12,66 66 B8 42 15 AE 79 42 4C B7 76 42
1787904420.525154,34680,11d7,12,66 66 0A 43 85 EB 31 42 AC DC E7 42
1787904420.535549,34680,11d8,12,33 33 FB 42 C3 F5 DC 41 EA A6 99 42
1787904420.546272,34680,11d9,12,33 33 ED 42 1F 85 DB 41 C6 CB C6 42
1787904420.556886,34680,11da,12,00 00 5E 42 AE 47 65 42 F8 D3 AF 42
1787904420.567495,34680,11db,12,9A 99 69 42 5C 8F 7C 42 C3 75 05 42
1787904420.578132,34680,11dc,12,66 66 CE 42 15 AE 49 42 73 28 8F 42
1787904420.588683,34680,11dd,12,00 00 AF 42 CD CC E0 41 E6 50 93 42
1787904420.599372,34680,11de,12,34 33 B6 42 48 E1 26 42 06 01 C6 42
1787904420.610120,34680,11df,12,00 00 AA 42 70 3D 78 42 E8 FB 6F 42
1787904420.620832,34680,11e0,12,33 33 AE 42 B8 1E 45 42 48 E1 3E 42
1787904420.631246,34680,11e1,12,33 33 FA 42 00 00 85 42 C5 60 DC 42
1787904420.641823,34680,11e2,12,CC 4C 0E 43 E1 7A 54 42 25 06 09 42
1787904420.652880,34680,11e3,12,34 33 0B 43 1F 85 84 42 2D 72 86 42
1787904420.663869,34680,11e4,12,00 00 F2 42 F6 28 A8 41 2D B2 E5 41
1787904420.675232,34680,11e5,12,CD CC 8B 42 C3 F5 0C 42 6B BC 74 42
1787904420.686193,34680,11e6,12,9A 99 F3 42 70 3D FA 41 50 8D A3 42
1787904420.697402,34680,11e7,12,00 00 52 42 00 00 06 42 4C 37 9D 42
1787904420.707819,34680,11e8,12,66 66 9D 42 34 33 80 42 8C 6C 9C 42
1787904420.718296,34680,11e9,12,33 33 B8 42 B8 1E 63 42 5E BA CE 41
1787904420.730004,34680,11ea,12,66 66 AE 42 71 3D 7E 42 18 04 59 42
1787904420.740592,34680,11eb,12,9A 99 83 42 EB 51 52 42 42 E0 66 42
1787904420.751177,34680,11ec,12,66 66 12 43 7B 14 E6 41 0C 02 9E 42
1787904420.761799,34680,11ed,12,34 33 F2 42 3D 0A 23 42 AE 47 D2 42
1787904420.773262,34680,11ee,12,00 00 C6 42 70 3D 78 42 92 ED BA 41
1787904420.783826,34680,11ef,12,9A 99 92 42 66 66 0E 42 C9 76 98 42
1787904420.796647,34680,11f0,12,33 33 83 42 66 66 32 42 E1 3A D7 42
1787904420.807438,34680,11f1,12,66 66 82 42 66 66 32 42 1B 2F C9 41
1787904420.818650,34680,11f2,12,33 33 C6 42 F6 28 C0 41 5A 64 C8 41
1787904420.829260,34680,11f3,12,33 33 90 42 CD CC 0A 42 7F EA 62 42
1787904420.839846,34680,11f4,12,00 00 ED 42 AE 47 87 42 AC 1C CF 42
1787904420.850614,34680,11f5,12,CC CC C6 42 7B 14 B6 41 70 BD A4 42
1787904420.861121,34680,11f6,12,33 33 D2 42 CC CC 8C 42 64 7B AA 42
1787904420.873877,34680,11f7,12,33 33 F3 42 A4 70 80 42 73 E8 A7 42
1787904420.884585,34680,11f8,12,33 B3 09 43 7B 14 1C 42 EF A7 D4 42
1787904420.895305,34680,11f9,12,66 66 EA 42 E2 7A 82 42 72 68 1E 42
1787904420.906256,34680,11fa,12,00 00 CE 42 1F 85 77 42 5A E4 29 42
1787904420.916792,34680,11fb,12,CC CC CD 42 A4 70 01 42 B6 F3 23 42
1787904420.927947,34680,11fc,12,66 E6 10 43 71 3D 9A 42 4E E2 16 42
1787904420.938317,34680,11fd,12,33 33 98 42 B8 1E 69 42 4E A2 EA 42
1787904420.948926,34680,11fe,12,CD CC 56 42 1E 85 29 42 3A B4 80 42
1787904420.959543,34680,11ff,12,34 33 FE 42 F6 28 99 42 68 91 C9 42
1787904420.970241,34680,1200,12,00 80 04 43 D7 A3 62 42 7F 6A 31 42
1787904420.980721,34680,1201,12,00 00 A6 42 85 EB 3D 42 DF 4F 63 42
1787904420.994597,34680,1202,12,9A 99 BD 42 9A 99 E5 41 73 A8 C0 42
1787904421.024241,34680,1203,12,33 33 79 42 5C 8F B6 41 94 58 90 42
1787904421.035130,34680,1204,12,9A 99 82 42 C2 F5 48 42 9C 44 2C 42
1787904421.045716,34680,1205,12,34 33 A4 42 E1 7A 42 42 DC 39 9C 42
1787904421.057483,34680,1206,12,33 33 5B 42 9A 99 75 42 3E 8A B8 42
1787904421.068816,34680,1207,12,66 66 58 42 E1 7A A0 41 2D B2 E5 41
1787904421.079353,34680,1208,12,CD CC A9 42 33 33 31 42 C2 75 C0 42
1787904421.090111,34680,1209,12,9A 19 03 43 66 66 C6 41 0C 02 46 42
1787904421.101119,34680,120a,12,CD CC 09 43 29 5C 09 42 C5 60 DC 42
1787904421.111715,34680,120b,12,9A 99 BC 42 8F C2 E1 41 8B EC 75 42
1787904421.122266,34680,120c,12,66 66 F6 42 52 B8 4E 42 33 F3 8F 42
1787904421.133891,34680,120d,12,9A 99 D0 42 85 EB B9 41 46 76 AC 42
1787904421.144835,34680,120e,12,66 66 01 43 66 66 EA 41 58 B9 E1 42
1787904421.155465,34680,120f,12,66 66 9C 42 D7 A3 D8 41 6E 12 18 42
1787904421.165815,34680,1210,12,00 00 B7 42 1E 85 F3 41 83 40 69 42
1787904421.176294,34680,1211,12,66 66 0B 43 EC 51 83 42 F0 27 4B 42
1787904421.186799,34680,1212,12,CD CC 8C 42 EC 51 86 42 AA 31 B3 42
1787904421.197235,34680,1213,12,33 33 E7 42 7B 14 46 42 EB D1 44 42
1787904421.207788,34680,1214,12,9A 99 FD 42 1F 85 84 42 3B 1F CE 42
1787904421.218577,34680,1215,12,00 00 5C 42 5C 8F 86 42 C1 0A D6 42
1787904421.229292,34680,1216,12,9A 99 C6 42 33 33 D7 41 DF 0F D4 42
1787904421.239965,34680,1217,12,00 00 72 42 66 66 C6 41 A3 B0 A9 42
1787904421.250684,34680,1218,12,CC CC 13 43 29 5C 9A 42 98 2E C8 42
1787904421.261874,34680,1219,12,00 00 48 42 33 33 BF 41 CD 4C 78 42
1787904421.272772,34680,121a,12,9A 99 FC 42 F6 28 8A 42 94 98 1F 42
1787904421.283212,34680,121b,12,CD CC 91 42 29 5C 5D 42 8C 6C 44 42
1787904421.293800,34680,121c,12,CD CC FD 42 7B 14 6A 42 73 E8 4F 42
1787904421.304310,34680,121d,12,00 00 BC 42 1E 85 F3 41 A4 70 D7 41
1787904421.314756,34680,121e,12,CC CC BF 42 D7 A3 8A 42 B0 B2 BC 42
1787904421.325704,34680,121f,12,CD CC 8F 42 85 EB 01 42 CD CC B3 41
1787904421.336509,34680,1220,12,66 66 6E 42 66 66 08 42 D3 4D BD 41
1787904421.347240,34680,1221,12,9A 19 13 43 1F 85 CF 41 87 16 3E 42
1787904421.357699,34680,1222,12,9A 99 C2 42 7B 14 28 42 42 A0 D7 42
1787904421.368700,34680,1223,12,33 33 93 42 3E 0A 9C 42 06 41 AD 42
1787904421.380468,34680,1224,12,66 66 E9 42 00 00 7E 42 CF 37 EC 42
1787904421.391958,34680,1225,12,00 00 F1 42 5C 8F 34 42 24 86 92 42
1787904421.402812,34680,1226,12,CD CC D3 42 CD CC 64 42 27 31 DC 41
1787904421.413600,34680,1227,12,66 66 13 43 E2 7A D0 41 58 39 B0 42
1787904421.424046,34680,1228,12,CD CC 0C 43 48 E1 EA 41 08 2C 0E 42
1787904421.434447,34680,1229,12,CC 4C 08 43 71 3D 7E 42 49 4C E4 42
1787904421.444965,34680,122a,12,9A 99 9A 42 CD CC F8 41 BC 34 9E 42
1787904421.455489,34680,122b,12,33 33 03 43 5C 8F 9E 42 B4 C8 F0 41
1787904421.465832,34680,122c,12,66 66 C3 42 3D 0A F3 41 BE 5F A1 42
1787904421.476703,34680,122d,12,66 66 9C 42 66 66 0E 42 EE FC 47 42
1787904421.487111,34680,122e,12,66 66 82 42 9A 99 C1 41 06 41 AD 42
1787904421.498157,34680,122f,12,00 00 68 42 9A 99 4B 42 58 B9 26 42
1787904421.508965,34680,1230,12,33 33 B8 42 85 EB 8F 42 C3 F5 A3 41
1787904421.519571,34680,1231,12,66 66 78 42 B8 1E 82 42 8C 6C 9C 42
1787904421.530400,34680,1232,12,CD CC B4 42 AE 47 65 42 F2 12 BF 42
1787904421.541253,34680,1233,12,9A 99 C1 42 C3 F5 66 42 86 EB 3A 42
1787904421.551915,34680,1234,12,34 B3 0A 43 48 E1 AE 41 BA 49 E5 42
1787904421.562800,34680,1235,12,9A 99 CC 42 C2 F5 4E 42 B7 F3 DE 42
1787904421.573583,34680,1236,12,00 00 06 43 7B 14 5E 42 B2 5D 8E 42
1787904421.585219,34680,1237,12,9A 99 FD 42 7B 14 98 42 8C 6C 44 42
1787904421.595791,34680,1238,12,CD CC A4 42 3D 0A CF 41 6C E7 E4 41
1787904421.606270,34680,1239,12,00 00 6C 42 00 00 36 42 A0 9A 8A 42
1787904421.623057,34680,123a,12,66 E6 05 43 1F 85 35 42 44 8B A5 41
1787904421.633629,34680,123b,12,33 B3 01 43 F6 28 8A 42 81 15 03 42
1787904421.644235,34680,123c,12,CD CC C8 42 14 AE 8F 42 A8 C6 DD 41
1787904421.654890,34680,123d,12,00 00 01 43 7A 14 95 42 42 60 A2 41
1787904421.665456,34680,123e,12,9A 99 88 42 0A D7 6F 42 00 80 64 42
1787904421.676178,34680,123f,12,66 66 84 42 00 00 97 42 08 AC 97 42
1787904421.686895,34680,1240,12,00 00 83 42 D7 A3 26 42 25 06 D9 41
1787904421.697297,34680,1241,12,9A 99 0E 43 5C 8F 7C 42 8D 97 47 42
1787904421.709499,34680,1242,12,9A 99 9C 42 1F 85 6B 42 71 3D D6 42
1787904421.719878,34680,1243,12,CD CC B0 42 1F 85 FF 41 1C 9A 9E 42
1787904421.730443,34680,1244,12,CD CC E0 42 D7 A3 14 42 D3 4D A8 42
1787904421.741074,34680,1245,12,CD CC 58 42 E1 7A A0 41 E9 E6 E3 42
1787904421.751623,34680,1246,12,00 00 72 42 1F 85 2F 42 A8 C6 0D 42
1787904421.762195,34680,1247,12,33 33 C8 42 AE 47 3B 42 C9 36 B1 42
1787904421.772840,34680,1248,12,CD CC D3 42 48 E1 8A 42 21 B0 D2 41
1787904421.783379,34680,1249,12,9A 99 BA 42 E1 7A 7E 42 DF 0F D4 42
1787904421.793816,34680,124a,12,00 00 9A 42 AE 47 8A 42 58 39 C5 41
1787904421.804328,34680,124b,12,00 00 BB 42 CD CC 8F 42 56 8E DE 42
1787904421.814711,34680,124c,12,66 66 C4 42 B8 1E F1 41 CA E1 82 42
1787904421.825163,34680,124d,12,CC CC CC 42 00 00 C4 41 2D B2 E5 41
1787904421.835530,34680,124e,12,00 00 AB 42 AE 47 8A 42 76 BE DF 42
1787904421.845985,34680,124f,12,33 33 D5 42 F6 28 5C 42 DF 4F 00 42
1787904421.856398,34680,1250,12,33 33 C2 42 90 C2 29 42 6E 12 E8 41
1787904421.866874,34680,1251,12,00 80 12 43 AE 47 3B 42 3A B4 F8 41
1787904421.877477,34680,1252,12,00 00 58 42 8F C2 87 42 16 D9 C2 41
1787904421.888006,34680,1253,12,CD CC B4 42 00 00 00 42 33 B3 A8 42
1787904421.898864,34680,1254,12,CC CC 08 43 A4 70 13 42 B4 C8 DB 42
1787904421.909793,34680,1255,12,00 00 0B 43 00 00 B8 41 08 6C B0 42
1787904421.920697,34680,1256,12,00 00 DE 42 5C 8F AA 41 DB F9 5C 42
1787904421.931329,34680,1257,12,00 00 F2 42 C2 F5 8B 42 CB 61 B4 42
1787904421.942192,34680,1258,12,00 00 DD 42 EC 51 D4 41 0C C2 B6 42
1787904421.952742,34680,1259,12,33 33 6B 42 90 C2 47 42 4E 62 B5 41
1787904421.963261,34680,125a,12,33 33 84 42 EC 51 0A 42 6E 12 E8 41
1787904421.973624,34680,125b,12,66 66 F3 42 E1 7A 54 42 74 53 92 42
1787904421.986788,34680,125c,12,9A 99 FE 42 66 66 68 42 D7 A3 56 42
1787904421.997688,34680,125d,12,CD CC B0 42 7B 14 CE 41 46 B6 A8 41
1787904422.008500,34680,125e,12,66 66 08 43 E1 7A 8E 42 2D 32 47 42
1787904422.018970,34680,125f,12,66 66 C8 42 B8 1E 27 42 D3 0D C1 42
1787904422.029433,34680,1260,12,00 00 91 42 33 33 D7 41 E1 FA 34 42
1787904422.040094,34680,1261,12,9A 99 C8 42 52 B8 30 42 E1 3A D7 42
1787904422.050469,34680,1262,12,CD CC AE 42 0A D7 3F 42 70 3D 1B 42
1787904422.060839,34680,1263,12,66 66 A1 42 00 00 AC 41 B2 9D ED 41
1787904422.071181,34680,1264,12,CC CC C6 42 48 E1 68 42 1F 85 BA 42
1787904422.081753,34680,1265,12,9A 99 6B 42 F6 28 A8 41 70 3D 1B 42
1787904422.092244,34680,1266,12,99 99 F7 42 AE 47 17 42 DC 79 2B 42
1787904422.102756,34680,1267,12,66 66 0D 43 33 33 B3 41 2D 32 9F 42
1787904422.113312,34680,1268,12,00 00 95 42 B8 1E 5D 42 B7 73 55 42
1787904422.123784,34680,1269,12,33 33 F1 42 D7 A3 5C 42 1D 5A CC 41
1787904422.134233,34680,126a,12,9A 99 65 42 A4 70 9B 42 CB E1 E5 42
1787904422.144718,34680,126b,12,66 66 B5 42 70 3D 82 42 F6 A8 54 42
1787904422.155508,34680,126c,12,9A 99 E1 42 00 00 54 42 9C C4 B5 42
1787904422.166818,34680,126d,12,66 66 85 42 3E 0A 71 42 12 43 C0 42
1787904422.177538,34680,126e,12,33 33 7F 42 A4 70 A1 41 F8 D3 57 42
1787904422.192780,34680,126f,12,CC 4C 13 43 F6 28 3E 42 CA 21 12 42
1787904422.205461,34680,1270,12,33 33 57 42 C2 F5 24 42 00 00 8B 42
1787904422.216932,34680,1271,12,00 80 09 43 E1 7A DC 41 9C 84 CE 42
1787904422.227801,34680,1272,12,00 00 D3 42 29 5C 6F 42 9E AF D1 42
1787904422.242688,34680,1273,12,66 66 94 42 AE 47 A5 41 6B BC 74 42
1787904422.253389,34680,1274,12,CD CC FA 42 AE 47 B1 41 BA 49 E5 42
1787904422.263774,34680,1275,12,67 66 E5 42 A4 70 9B 42 08 EC E1 42
1787904422.274247,34680,1276,12,CD CC D3 42 8F C2 6B 42 27 B1 3D 42
1787904422.285059,34680,1277,12,00 00 76 42 A4 70 67 42 6B FC B3 42
1787904422.295576,34680,1278,12,CD CC 88 42 5C 8F 80 42 99 99 B2 42
1787904422.306161,34680,1279,12,33 33 83 42 9A 99 33 42 36 5E F2 41
1787904422.316601,34680,127a,12,CD CC FB 42 3E 0A 96 42 8A 01 B2 42
1787904422.327006,34680,127b,12,CD CC F7 42 F6 28 A8 41 B8 1E F7 41
1787904422.337527,34680,127c,12,CD CC FA 42 B8 1E 51 42 85 EB A7 41
1787904422.347952,34680,127d,12,66 E6 08 43 D7 A3 50 42 18 84 27 42
1787904422.358577,34680,127e,12,00 00 D6 42 CD CC 28 42 C9 36 B1 42
1787904422.370136,34680,127f,12,CC CC BA 42 66 66 EA 41 E1 7A 66 42
1787904422.380855,34680,1280,12,9A 99 FA 42 3E 0A 84 42 0E AD 7A 42
1787904422.392121,34680,1281,12,34 33 B6 42 F6 28 84 42 E5 10 AC 42
1787904422.403831,34680,1282,12,66 66 CB 42 14 AE 55 42 92 ED BA 41
1787904422.415221,34680,1283,12,00 00 8B 42 F6 28 5C 42 87 16 3E 42
1787904422.426454,34680,1284,12,00 00 88 42 CC CC 16 42 CC 4C 15 42
1787904422.437153,34680,1285,12,33 33 59 42 5C 8F 16 42 AC 1C 77 42
1787904422.447648,34680,1286,12,9A 99 82 42 A4 70 0D 42 40 35 32 42
1787904422.458237,34680,1287,12,33 33 14 43 CD CC 8F 42 83 40 69 42
1787904422.468716,34680,1288,12,9A 99 94 42 66 66 EA 41 AE 47 7A 42
1787904422.479161,34680,1289,12,CC CC DC 42 D7 A3 90 42 20 30 34 42
1787904422.489830,34680,128a,12,33 B3 0C 43 1E 85 41 42 06 01 C6 42
1787904422.500587,34680,128b,12,99 99 F5 42 1E 85 41 42 1F 05 EC 42
1787904422.511025,34680,128c,12,9A 99 D9 42 33 33 A7 41 DC 79 83 42
1787904422.521521,34680,128d,12,66 E6 13 43 52 B8 85 42 08 AC 97 42
1787904422.532033,34680,128e,12,00 00 64 42 14 AE 73 42 EE 7C 79 42
1787904422.542479,34680,128f,12,CC CC C6 42 29 5C 69 42 3A B4 F8 41
1787904422.556234,34680,1290,12,9A 99 C7 42 A3 70 5B 42 AC 1C 77 42
1787904422.567016,34680,1291,12,66 66 D8 42 86 EB F5 41 33 33 DA 42
1787904422.577576,34680,1292,12,66 E6 0A 43 29 5C 1B 42 52 38 1D 42
1787904422.587968,34680,1293,12,33 33 59 42 EC 51 40 42 EE 3C EA 42
1787904422.598561,34680,1294,12,CD CC A8 42 9A 99 6F 42 2D 72 E9 42
1787904422.609471,34680,1295,12,9A 99 C0 42 70 3D 36 42 85 6B 6C 42
1787904422.619988,34680,1296,12,CD CC EC 42 EC 51 8C 42 72 68 EE 41
1787904422.630626,34680,1297,12,CD CC EB 42 EC 51 F8 41 62 50 A7 42
1787904422.641906,34680,1298,12,CD CC A2 42 EC 51 0A 42 9A D9 99 42
1787904422.652337,34680,1299,12,33 33 E2 42 9A 99 F1 41 C0 CA 33 42
1787904422.662828,34680,129a,12,33 33 0F 43 5C 8F 89 42 79 E9 27 42
1787904422.674628,34680,129b,12,CD CC 0B 43 00 00 8B 42 BA C9 B3 42
1787904422.685539,34680,129c,12,34 33 B0 42 8F C2 C9 41 3B DF E6 42
1787904422.696218,34680,129d,12,66 66 EB 42 B8 1E 8E 42 A2 45 67 42
1787904422.707611,34680,129e,12,00 00 9B 42 D7 A3 8A 42 25 06 C4 42
1787904422.717999,34680,129f,12,CD CC 80 42 A4 70 D1 41 B6 F3 F3 41
1787904422.728457,34680,12a0,12,66 66 D0 42 52 B8 B2 41 0E ED B9 42
1787904422.739120,34680,12a1,12,99 99 F7 42 5C 8F 92 42 20 30 34 42
1787904422.749700,34680,12a2,12,66 66 9A 42 48 E1 D2 41 7B 14 FB 41
1787904422.760257,34680,12a3,12,33 33 83 42 EC 51 86 42 99 99 B2 42
1787904422.770818,34680,12a4,12,33 33 90 42 C2 F5 9A 42 FE D4 EA 42
1787904422.781431,34680,12a5,12,9A 99 E7 42 C2 F5 36 42 10 D8 1A 42
1787904422.792779,34680,12a6,12,66 66 CA 42 48 E1 44 42 EB D1 9C 42
1787904422.803659,34680,12a7,12,9A 19 08 43 B8 1E 97 42 D3 4D 50 42
1787904422.814436,34680,12a8,12,00 00 64 42 7B 14 0A 42 A8 C6 70 42
1787904422.825329,34680,12a9,12,CD CC 5C 42 A4 70 8F 42 12 03 1E 42
1787904422.835861,34680,12aa,12,34 33 FE 42 A4 70 31 42 D4 B8 92 42
1787904422.846335,34680,12ab,12,00 00 9B 42 33 33 9B 42 46 B6 A8 41
1787904422.857188,34680,12ac,12,33 B3 15 43 B8 1E 7B 42 7B 94 5C 42
1787904422.868550,34680,12ad,12,9A 99 A6 42 C2 F5 60 42 29 1C 80 42
1787904422.879202,34680,12ae,12,9A 99 65 42 C2 F5 F4 41 31 08 1C 42
1787904422.889727,34680,12af,12,00 00 80 42 70 3D 48 42 12 83 BC 41
1787904422.901090,34680,12b0,12,66 66 D9 42 52 B8 6C 42 A6 9B 6D 42
1787904422.911641,34680,12b1,12,33 33 6F 42 EC 51 04 42 6C A7 85 42
1787904422.922241,34680,12b2,12,9A 99 DC 42 C3 F5 A0 41 D7 E3 95 42
1787904422.932875,34680,12b3,12,66 66 B0 42 B8 1E 8E 42 29 5C 72 42
1787904422.943454,34680,12b4,12,9A 99 B7 42 C2 F5 5A 42 31 08 EC 41
1787904422.953800,34680,12b5,12,34 33 BE 42 9A 99 63 42 90 02 8A 42
1787904422.964451,34680,12b6,12,34 33 DB 42 85 EB B9 41 6E 12 18 42
1787904422.974885,34680,12b7,12,00 00 F5 42 AE 47 8A 42 E1 FA 34 42
1787904422.986617,34680,12b8,12,33 33 CA 42 71 3D 8B 42 B8 9E B0 42
1787904422.997233,34680,12b9,12,9A 19 05 43 3E 0A 90 42 AC 1C 77 42
1787904423.007784,34680,12ba,12,66 66 0C 43 48 E1 32 42 3B DF 83 42
1787904423.018347,34680,12bb,12,33 33 EE 42 CD CC 28 42 4A 8C 10 42
1787904423.028997,34680,12bc,12,CC CC A7 42 00 00 E8 41 0A D7 AF 41
1787904423.039961,34680,12bd,12,66 66 68 42 0A D7 97 42 69 91 0E 42
1787904423.050768,34680,12be,12,CD CC 04 43 F6 28 14 42 83 00 DA 42
1787904423.061339,34680,12bf,12,9A 99 C7 42 A4 70 2B 42 21 70 D6 42
1787904423.073760,34680,12c0,12,9A 99 6D 42 34 33 EF 41 23 DB D5 41
1787904423.084241,34680,12c1,12,CD CC DE 42 85 EB E9 41 9C C4 5D 42
1787904423.095809,34680,12c2,12,CC 4C 01 43 70 3D 06 42 FC A9 FC 41
1787904423.106305,34680,12c3,12,33 33 9C 42 00 00 06 42 A2 45 BF 42
1787904423.118378,34680,12c4,12,CD CC 66 42 86 EB F5 41 2E 5D A2 42
1787904423.129198,34680,12c5,12,66 66 9F 42 1F 85 2F 42 3B DF 2B 42
1787904423.139848,34680,12c6,12,CC CC D9 42 E1 7A 9D 42 9E 2F A0 42
1787904423.150409,34680,12c7,12,00 00 D1 42 48 E1 5C 42 BE 1F BA 42
1787904423.160820,34680,12c8,12,00 80 11 43 E2 7A 00 42 67 26 DF 42
1787904423.171166,34680,12c9,12,00 00 B0 42 E1 7A 06 42 12 43 C0 42
1787904423.181633,34680,12ca,12,33 33 8B 42 A4 70 6D 42 5E 3A 30 42
1787904423.192097,34680,12cb,12,33 B3 12 43 8F C2 7D 42 48 E1 96 42
1787904423.202585,34680,12cc,12,00 00 66 42 C2 F5 94 42 A6 1B 3C 42
1787904423.213217,34680,12cd,12,CD 4C 0F 43 66 66 3E 42 CF 37 89 42
1787904423.223922,34680,12ce,12,33 33 E2 42 5C 8F 7C 42 79 E9 F7 41
1787904423.234565,34680,12cf,12,9A 99 9A 42 85 EB 92 42 20 F0 A4 42
1787904423.245340,34680,12d0,12,CD CC E3 42 1E 85 99 42 85 6B C4 42
1787904423.255867,34680,12d1,12,00 00 EE 42 A4 70 0D 42 83 00 DA 42
1787904423.266396,34680,12d2,12,00 00 C5 42 E1 7A 6C 42 3B 1F CE 42
1787904423.278111,34680,12d3,12,CC 4C 08 43 66 66 1A 42 54 63 20 42
1787904423.288776,34680,12d4,12,00 00 AD 42 66 66 AE 41 29 DC 98 42
1787904423.299683,34680,12d5,12,34 33 D9 42 85 EB AD 41 F4 7D 51 42
1787904423.310326,34680,12d6,12,00 00 C3 42 90 C2 41 42 6A BC 11 42
1787904423.320980,34680,12d7,12,33 B3 0F 43 E2 7A 00 42 56 0E 55 42
1787904423.331691,34680,12d8,12,33 33 08 43 70 3D 97 42 AE 87 B9 42
1787904423.342415,34680,12d9,12,9A 99 88 42 D7 A3 1A 42 FA 7E F9 41
1787904423.353649,34680,12da,12,CD CC FE 42 E2 7A 30 42 D9 8E CA 42
1787904423.364446,34680,12db,12,00 00 DC 42 B8 1E 9A 42 4C 37 9D 42
1787904423.375159,34680,12dc,12,CD CC C4 42 5C 8F 28 42 49 4C E4 42
1787904423.385808,34680,12dd,12,67 66 FE 42 8F C2 7D 42 6C E7 CF 42
1787904423.396260,34680,12de,12,CD CC 87 42 D7 A3 74 42 25 06 09 42
1787904423.407741,34680,12df,12,00 00 F2 42 AE 47 17 42 36 1E 93 42
1787904423.418176,34680,12e0,12,9A 99 49 42 A4 70 1F 42 7F EA 62 42
1787904423.428758,34680,12e1,12,66 66 94 42 70 3D 94 42 83 00 DA 42
1787904423.439354,34680,12e2,12,67 66 F0 42 48 E1 F6 41 4E A2 EA 42
1787904423.449935,34680,12e3,12,9A 99 B1 42 0A D7 03 42 3E 0A 2F 42
1787904423.460539,34680,12e4,12,9A 99 AB 42 1F 85 05 42 E8 BB E0 42
1787904423.470953,34680,12e5,12,CD CC 7C 42 66 66 AE 41 EC 51 E3 41
1787904423.481587,34680,12e6,12,34 33 DD 42 90 C2 29 42 06 01 6E 42
1787904423.492004,34680,12e7,12,CC 4C 08 43 5C 8F 1C 42 AC 1C E4 41
1787904423.502642,34680,12e8,12,34 33 D0 42 B8 1E 63 42 58 F9 C8 42
1787904423.513276,34680,12e9,12,33 33 D3 42 CD CC E0 41 A8 C6 C8 42
1787904423.523732,34680,12ea,12,00 00 EF 42 A4 70 8F 42 D7 A3 56 42
1787904423.534217,34680,12eb,12,34 33 BE 42 33 33 E3 41 2B 47 83 42
1787904423.544786,34680,12ec,12,66 66 B3 42 C2 F5 C4 41 29 9C B1 42
1787904423.555227,34680,12ed,12,00 00 E6 42 A4 70 A1 41 64 BB 39 42
1787904423.565742,34680,12ee,12,CD CC B5 42 71 3D 00 42 1F 85 BA 42
1787904423.576101,34680,12ef,12,34 33 04 43 00 00 6C 42 AA F1 10 42
1787904423.586582,34680,12f0,12,CD CC 12 43 70 3D 18 42 D7 A3 AE 42
1787904423.597126,34680,12f1,12,66 66 A3 42 86 EB 43 42 8C 6C 44 42
1787904423.612112,34680,12f2,12,33 33 B9 42 EC 51 B0 41 7F EA 62 42
1787904423.622962,34680,12f3,12,9A 99 10 43 5C 8F AA 41 5D 8F 5E 42
1787904423.633797,34680,12f4,12,33 33 B8 42 0A D7 27 42 C6 CB 6E 42
1787904423.644409,34680,12f5,12,CD CC C3 42 CD CC 40 42 D1 E2 BD 42
1787904423.654783,34680,12f6,12,CD CC 80 42 33 33 89 42 0C 82 77 42
1787904423.666588,34680,12f7,12,00 00 76 42 7B 14 83 42 D7 23 E0 42
1787904423.676933,34680,12f8,12,33 33 7B 42 1F 85 17 42 66 66 0B 42
1787904423.687438,34680,12f9,12,33 33 D2 42 33 33 A7 41 1F 85 CF 41
1787904423.697966,34680,12fa,12,00 00 FC 42 14 AE 4F 42 9C 44 84 42
1787904423.708797,34680,12fb,12,9A 99 AA 42 0A D7 57 42 8F 02 ED 42
1787904423.719698,34680,12fc,12,33 B3 02 43 00 00 8B 42 D3 0D C1 42
1787904423.730208,34680,12fd,12,9A 99 CD 42 0A D7 82 42 50 8D 4B 42
1787904423.740868,34680,12fe,12,99 99 F4 42 EB 51 52 42 A8 C6 DD 41
1787904423.751515,34680,12ff,12,66 66 91 42 00 00 AC 41 86 EB 92 42
1787904423.762121,34680,1300,12,9A 99 93 42 29 5C 91 42 02 AB 67 42
1787904423.773841,34680,1301,12,33 33 E3 42 EC 51 1C 42 3F B5 BB 42
1787904423.784747,34680,1302,12,33 33 89 42 48 E1 1A 42 D3 4D A8 42
1787904423.795356,34680,1303,12,33 33 F8 42 52 B8 00 42 2F 9D EC 42
1787904423.810993,34680,1304,12,00 80 0F 43 52 B8 1E 42 4A 0C 9A 42
1787904423.823272,34680,1305,12,66 66 66 42 1F 85 84 42 0E ED B9 42
1787904423.834316,34680,1306,12,9A 99 C3 42 66 66 F6 41 85 6B 09 42
1787904423.844848,34680,1307,12,66 66 B2 42 90 C2 3B 42 3E 0A 2F 42
1787904423.855276,34680,1308,12,00 00 BC 42 29 5C BB 41 CD CC 9E 42
1787904423.865800,34680,1309,12,CD 4C 06 43 D7 A3 A8 41 AA F1 10 42
1787904423.876555,34680,130a,12,9A 99 F3 42 A4 70 49 42 2D B2 E5 41
1787904423.887105,34680,130b,12,00 00 5C 42 C2 F5 36 42 C0 CA 33 42
1787904423.897495,34680,130c,12,00 00 9F 42 1F 85 5F 42 70 FD 8B 42
1787904423.908064,34680,130d,12,66 66 88 42 15 AE 79 42 50 8D B8 41
1787904423.918596,34680,130e,12,9A 99 85 42 9A 99 51 42 0C 82 14 42
1787904423.937759,34680,130f,12,33 33 B2 42 7B 14 5E 42 A2 45 D4 41
1787904423.948257,34680,1310,12,33 B3 14 43 9A 99 15 42 E8 FB 0C 42
1787904423.958915,34680,1311,12,CC CC C5 42 C3 F5 54 42 0A D7 42 42
1787904423.969755,34680,1312,12,CD CC 8A 42 00 00 00 42 3A B4 80 42
1787904423.980196,34680,1313,12,00 00 91 42 EC 51 46 42 44 0B C2 42
1787904423.991665,34680,1314,12,34 33 BE 42 CD CC 04 42 1D DA 85 42
1787904424.002646,34680,1315,12,34 33 AB 42 14 AE 1F 42 2D B2 15 42
1787904424.013306,34680,1316,12,00 00 8B 42 A4 70 86 42 12 C3 8E 42
1787904424.024058,34680,1317,12,00 00 02 43 86 EB 8C 42 FC A9 E7 42
1787904424.034728,34680,1318,12,9A 99 DE 42 7B 14 CE 41 CF 77 18 42
1787904424.045400,34680,1319,12,CD CC 70 42 14 AE 07 42 DF 0F D4 42
1787904424.055842,34680,131a,12,66 66 CE 42 A4 70 C5 41 EC 51 E3 41
1787904424.066204,34680,131b,12,CD CC 04 43 15 AE 49 42 50 4D BC 42
1787904424.076707,34680,131c,12,33 33 B5 42 48 E1 14 42 BC 74 2D 42
1787904424.087732,34680,131d,12,00 00 E6 42 AE 47 A5 41 91 6D D7 42
1787904424.098334,34680,131e,12,33 33 55 42 AE 47 17 42 1B EF CC 42
1787904424.116278,34680,131f,12,34 B3 11 43 CC CC 8C 42 0C 82 CF 42
1787904424.127122,34680,1320,12,00 00 AA 42 52 B8 8B 42 6F 92 A1 42
1787904424.137842,34680,1321,12,CD CC D0 42 E1 7A 1E 42 B0 F2 4B 42
1787904424.148383,34680,1322,12,33 33 6D 42 8F C2 5F 42 E0 8F A2 42
1787904424.159297,34680,1323,12,33 33 D4 42 14 AE 61 42 5C 0F 85 42
1787904424.173020,34680,1324,12,CD CC FF 42 A4 70 43 42 E4 65 DA 42
1787904424.183841,34680,1325,12,CD CC 8C 42 70 3D 1E 42 DD 24 60 42
1787904424.194404,34680,1326,12,34 33 B0 42 5C 8F 16 42 06 01 C6 42
1787904424.204841,34680,1327,12,CD CC 90 42 9A 99 33 42 62 10 05 42
1787904424.215466,34680,1328,12,00 80 01 43 71 3D 9A 42 2E 5D 4A 42
1787904424.225810,34680,1329,12,67 66 FE 42 7B 14 80 42 F0 27 4B 42
1787904424.237227,34680,132a,12,33 33 0F 43 33 33 98 42 83 80 A8 42
1787904424.247813,34680,132b,12,66 66 04 43 48 E1 F6 41 A6 5B DE 42
1787904424.258411,34680,132c,12,33 33 91 42 52 B8 30 42 08 2C 71 42
1787904424.269995,34680,132d,12,CD CC FD 42 34 33 19 42 E1 BA A5 42
1787904424.280435,34680,132e,12,CD CC 0B 43 90 C2 71 42 B2 1D A7 42
1787904424.291275,34680,132f,12,CC CC A7 42 5C 8F 0A 42 D9 0E 99 42
1787904424.304220,34680,1330,12,9A 99 D5 42 C2 F5 78 42 29 5C 72 42
1787904424.314833,34680,1331,12,66 66 99 42 48 E1 5C 42 EE 7C D1 42
1787904424.325303,34680,1332,12,99 99 DF 42 F6 28 8D 42 A8 06 B0 42
1787904424.335779,34680,1333,12,9A 99 8E 42 A4 70 6D 42 F6 A8 AC 42
1787904424.346306,34680,1334,12,66 66 B3 42 C3 F5 DC 41 EA A6 99 42
1787904424.357382,34680,1335,12,67 66 FB 42 33 33 55 42 EF E7 BB 42
1787904424.368355,34680,1336,12,CC CC CC 42 D7 A3 84 42 C3 F5 A3 41
1787904424.379837,34680,1337,12,CD CC 04 43 1F 85 84 42 42 E0 66 42
1787904424.391569,34680,1338,12,00 00 0D 43 90 C2 1D 42 0A 17 82 42
1787904424.403213,34680,1339,12,00 00 E4 42 3E 0A 96 42 74 93 21 42
1787904424.414702,34680,133a,12,00 00 66 42 9A 99 B5 41 7D FF 9E 42
1787904424.425211,34680,133b,12,33 33 95 42 D7 A3 84 42 FE D4 FF 41
1787904424.436564,34680,133c,12,CD CC 7A 42 B8 1E C1 41 A8 06 B0 42
1787904424.449472,34680,133d,12,66 66 BD 42 A4 70 1F 42 58 B9 26 42
1787904424.461318,34680,133e,12,33 33 13 43 00 00 E8 41 F2 D2 7F 42
1787904424.476758,34680,133f,12,66 66 DB 42 52 B8 66 42 D2 22 A5 42
1787904424.491167,34680,1340,12,9A 99 AE 42 E1 7A 18 42 F6 68 C5 42
1787904424.505496,34680,1341,12,00 00 EF 42 85 EB 1F 42 83 C0 8F 42
1787904424.515976,34680,1342,12,9A 99 03 43 CD CC 46 42 B0 F2 4B 42
1787904424.527352,34680,1343,12,67 66 FC 42 90 C2 ED 41 F4 BD 90 42
1787904424.538716,34680,1344,12,00 00 8B 42 EB 51 5E 42 A6 9B 0A 42
1787904424.549292,34680,1345,12,9A 99 F9 42 29 5C 2D 42 64 BB 39 42
1787904424.559876,34680,1346,12,9A 19 01 43 00 00 54 42 02 2B A3 41
1787904424.570751,34680,1347,12,CC 4C 07 43 34 33 95 42 AA F1 CB 42
1787904424.581324,34680,1348,12,34 33 AA 42 0A D7 0F 42 4A 4C 81 42
1787904424.591865,34680,1349,12,66 E6 02 43 9A 99 6F 42 70 FD 8B 42
1787904424.602571,34680,134a,12,33 33 FA 42 D7 A3 99 42 58 B9 26 42
1787904424.613117,34680,134b,12,9A 19 0A 43 85 EB 31 42 AC 9C 45 42
1787904424.623490,34680,134c,12,00 00 CC 42 66 66 14 42 A8 C6 C8 42
1787904424.633956,34680,134d,12,00 00 0B 43 48 E1 F6 41 4E E2 79 42
1787904424.644688,34680,134e,12,66 66 83 42 0A D7 2D 42 25 46 AB 42
1787904424.655204,34680,134f,12,9A 99 A3 42 14 AE 89 42 4E E2 D1 42
1787904424.665770,34680,1350,12,00 00 84 42 0A D7 DF 41 31 08 7F 42
1787904424.676991,34680,1351,12,CD CC AF 42 71 3D 4E 42 B2 5D 8E 42
1787904424.687850,34680,1352,12,66 66 9A 42 66 66 9F 42 E3 A5 06 42
1787904424.698535,34680,1353,12,9A 99 A4 42 5C 8F 16 42 5E 7A D2 42
1787904424.708923,34680,1354,12,66 66 A6 42 9A 99 27 42 EE 3C 87 42
1787904424.719321,34680,1355,12,00 00 E3 42 CD CC E0 41 CB 21 75 42
1787904424.729689,34680,1356,12,34 33 FF 42 D7 A3 56 42 8A 81 E3 42
1787904424.742629,34680,1357,12,66 66 12 43 3E 0A 8D 42 A0 DA D4 42
1787904424.753064,34680,1358,12,00 00 13 43 9A 99 D9 41 44 8B 90 42
1787904424.763534,34680,1359,12,CC 4C 07 43 33 33 6D 42 AA 71 9A 42
1787904424.773920,34680,135a,12,00 00 DE 42 C2 F5 9D 42 54 23 91 42
1787904424.784501,34680,135b,12,00 00 6C 42 1F 85 93 42 C2 75 C0 42
1787904424.795031,34680,135c,12,66 66 B2 42 B9 1E 57 42 90 42 19 42
1787904424.805515,34680,135d,12,00 00 97 42 33 33 A7 41 49 8C 73 42
1787904424.815867,34680,135e,12,66 66 D8 42 33 33 98 42 56 0E AD 42
1787904424.826616,34680,135f,12,00 00 11 43 14 AE D7 41 56 0E C2 41
1787904424.837120,34680,1360,12,CD CC BC 42 5C 8F FE 41 A3 70 C2 42
1787904424.847622,34680,1361,12,66 66 86 42 8F C2 E1 41 46 B6 3B 42
1787904424.858270,34680,1362,12,33 33 81 42 D7 A3 02 42 23 DB D5 41
1787904424.868940,34680,1363,12,66 66 A4 42 B8 1E D9 41 66 66 DB 41
1787904424.879777,34680,1364,12,CC CC C5 42 66 66 93 42 67 66 C6 42
1787904424.890476,34680,1365,12,34 33 DA 42 52 B8 85 42 7B 94 5C 42
1787904424.900980,34680,1366,12,66 66 8F 42 E2 7A 82 42 D7 A3 56 42
1787904424.911328,34680,1367,12,CD CC 0B 43 70 3D 9D 42 DD A4 86 42
1787904424.921832,34680,1368,12,CD CC E4 42 48 E1 4A 42 F6 E8 93 42
1787904424.932231,34680,1369,12,CD CC D4 42 AE 47 7D 42 C5 A0 6B 42
1787904424.942542,34680,136a,12,CC CC A6 42 CD CC 04 42 1F 05 EC 42
1787904424.952901,34680,136b,12,00 00 AD 42 E1 7A AC 41 DF 4F 00 42
1787904424.963839,34680,136c,12,00 00 D2 42 9A 99 0F 42 B7 33 C6 42
1787904424.974390,34680,136d,12,9A 99 F0 42 14 AE 4F 42 8F 02 ED 42
1787904424.985295,34680,136e,12,33 33 96 42 66 66 56 42 AC DC E7 42
1787904424.995757,34680,136f,12,33 33 4D 42 AE 47 96 42 F4 3D C2 42
1787904425.006228,34680,1370,12,9A 99 08 43 7B 14 4C 42 6C 67 9E 42
1787904425.016598,34680,1371,12,00 00 E6 42 85 EB C5 41 83 80 A8 42
1787904425.026880,34680,1372,12,34 33 05 43 1F 85 96 42 AA F1 CB 42
1787904425.037395,34680,1373,12,9A 99 96 42 52 B8 9D 42 0C 42 E8 42
1787904425.047738,34680,1374,12,00 00 07 43 CD CC 40 42 1F 05 89 42
1787904425.058688,34680,1375,12,33 33 AE 42 B8 1E 85 42 58 39 C5 41
1787904425.069828,34680,1376,12,9A 99 9E 42 EC 51 92 42 BA 49 FA 41
1787904425.080801,34680,1377,12,34 B3 0A 43 C2 F5 24 42 4E E2 16 42
1787904425.091629,34680,1378,12,CD CC 0C 43 5C 8F F2 41 17 99 C6 42
1787904425.102437,34680,1379,12,34 33 C3 42 8F C2 A5 41 5D 8F 5E 42
1787904425.113284,34680,137a,12,34 33 FF 42 33 33 67 42 21 B0 65 42
1787904425.124027,34680,137b,12,9A 99 81 42 3E 0A DB 41 04 96 DB 42
1787904425.134668,34680,137c,12,66 E6 04 43 00 00 1E 42 75 93 DC 42
1787904425.145404,34680,137d,12,00 00 B9 42 C2 F5 4E 42 25 46 AB 42
1787904425.155837,34680,137e,12,66 66 D8 42 CC CC 83 42 52 F8 8D 42
1787904425.166285,34680,137f,12,33 33 BF 42 34 33 9E 42 EB D1 9C 42
1787904425.177094,34680,1380,12,00 00 C5 42 0A D7 94 42 D9 CE C6 41
1787904425.187789,34680,1381,12,CD CC F1 42 AE 47 A5 41 58 39 58 42
1787904425.198421,34680,1382,12,CD CC D4 42 00 00 1E 42 E1 7A 03 42
1787904425.209202,34680,1383,12,CD CC E4 42 29 5C 75 42 E8 7B 3E 42
1787904425.219816,34680,1384,12,66 66 F5 42 AE 47 47 42 B4 C8 DB 42
1787904425.237912,34680,1385,12,9A 99 AB 42 52 B8 18 42 24 86 92 42
1787904425.248250,34680,1386,12,CD CC F9 42 CD CC 04 42 DF CF 89 42
1787904425.258913,34680,1387,12,CD 4C 0A 43 85 EB 61 42 20 30 34 42
1787904425.269344,34680,1388,12,CC CC 00 43 0A D7 57 42 D1 A2 1B 42
1787904425.279778,34680,1389,12,9A 99 BA 42 48 E1 87 42 31 88 A5 42
1787904425.290336,34680,138a,12,CD CC 15 43 33 33 55 42 BA 49 FA 41
1787904425.300940,34680,138b,12,33 33 B2 42 0A D7 4B 42 C9 76 98 42
1787904425.311577,34680,138c,12,9A 99 E2 42 F6 28 7A 42 D3 CD D9 42
1787904425.321927,34680,138d,12,00 80 01 43 0A D7 85 42 25 06 D9 41
1787904425.332441,34680,138e,12,33 33 E4 42 D7 A3 56 42 CD 4C 78 42
1787904425.343400,34680,138f,12,33 33 A1 42 52 B8 54 42 10 98 8B 42
1787904425.354915,34680,1390,12,9A 19 14 43 A4 70 8C 42 89 41 AE 41
1787904425.365833,34680,1391,12,CD CC FD 42 5C 8F 92 42 0C 42 85 42
1787904425.378875,34680,1392,12,00 00 0A 43 A4 70 83 42 99 19 E4 42
1787904425.390375,34680,1393,12,9A 99 ED 42 48 E1 14 42 62 D0 D8 42
1787904425.401957,34680,1394,12,33 B3 09 43 29 5C 63 42 BA C9 B3 42
1787904425.412369,34680,1395,12,33 33 A6 42 3D 0A 65 42 2D 32 47 42
1787904425.422989,34680,1396,12,9A 99 D1 42 7B 14 6A 42 0E AD D2 42
1787904425.433749,34680,1397,12,9A 99 9C 42 AE 47 9F 42 BA C9 B3 42
1787904425.444214,34680,1398,12,9A 99 71 42 00 00 0C 42 0C 02 B3 41
1787904425.454636,34680,1399,12,9A 19 06 43 29 5C DF 41 C9 76 AD 41
1787904425.465077,34680,139a,12,66 66 94 42 0A D7 EB 41 D7 E3 95 42
1787904425.475615,34680,139b,12,66 66 96 42 90 C2 99 42 B8 DE 97 42
1787904425.486242,34680,139c,12,00 00 C9 42 9A 99 C1 41 36 5E F2 41
1787904425.496884,34680,139d,12,00 00 C8 42 D7 A3 E4 41 F2 D2 EC 41
1787904425.507867,34680,139e,12,CD CC 9B 42 66 66 38 42 12 03 D9 42
1787904425.518322,34680,139f,12,CD CC 95 42 AE 47 8D 42 FA 7E 81 42
1787904425.528945,34680,13a0,12,66 66 C2 42 AE 47 93 42 48 E1 3E 42
1787904425.539655,34680,13a1,12,9A 99 C5 42 34 33 86 42 A0 DA D4 42
1787904425.550114,34680,13a2,12,CC CC C5 42 F6 28 02 42 21 70 D6 42
1787904425.560565,34680,13a3,12,CD CC 6C 42 EC 51 89 42 9A 19 81 42
1787904425.571043,34680,13a4,12,9A 99 A7 42 5C 8F 9B 42 06 81 A9 41
1787904425.581583,34680,13a5,12,34 B3 0B 43 15 AE 79 42 06 41 AD 42
1787904425.593586,34680,13a6,12,9A 99 55 42 9A 99 4B 42 A2 45 67 42
1787904425.604918,34680,13a7,12,66 66 B5 42 1F 85 2F 42 E8 7B 96 42
1787904425.615656,34680,13a8,12,00 00 9F 42 9A 99 0F 42 3B 1F CE 42
1787904425.627306,34680,13a9,12,66 66 8A 42 66 66 93 42 C0 CA 8B 42
1787904425.638322,34680,13aa,12,33 33 D8 42 EB 51 5E 42 42 E0 03 42
1787904425.649701,34680,13ab,12,34 B3 11 43 1E 85 81 42 42 20 A6 42
1787904425.660880,34680,13ac,12,CC 4C 13 43 29 5C 97 42 46 F6 DD 42
1787904425.674104,34680,13ad,12,66 66 BE 42 CD CC 40 42 B0 F2 4B 42
1787904425.684917,34680,13ae,12,66 66 70 42 29 5C 33 42 C6 CB C6 42
1787904425.696081,34680,13af,12,CD CC C1 42 3D 0A 41 42 14 AE BF 41
1787904425.706880,34680,13b0,12,9A 99 0E 43 EC 51 76 42 52 78 BF 42
1787904425.718747,34680,13b1,12,9A 99 D6 42 AE 47 7D 42 A2 45 D4 41
1787904425.729538,34680,13b2,12,9A 99 AE 42 66 66 3E 42 64 3B C3 42
1787904425.740034,34680,13b3,12,33 33 D1 42 34 33 19 42 2B 87 CD 42
1787904425.750786,34680,13b4,12,33 33 49 42 CC CC 8C 42 EE BC B8 42
1787904425.761308,34680,13b5,12,00 80 01 43 D7 A3 C0 41 77 BE 24 42
1787904425.772055,34680,13b6,12,9A 99 FC 42 D7 A3 2C 42 B2 9D ED 41
1787904425.783109,34680,13b7,12,66 66 4A 42 14 AE 86 42 85 6B 09 42
1787904425.793778,34680,13b8,12,CD CC 66 42 00 00 06 42 AC 1C E4 41
1787904425.804750,34680,13b9,12,CD CC 5E 42 48 E1 BA 41 74 93 F1 41
1787904425.815521,34680,13ba,12,33 33 88 42 99 99 5D 42 91 AD BE 42
1787904425.825982,34680,13bb,12,CD CC E2 42 33 33 4F 42 DC 79 2B 42
1787904425.836407,34680,13bc,12,00 00 C9 42 E2 7A 97 42 17 D9 55 42
1787904425.846793,34680,13bd,12,CD CC 88 42 33 33 01 42 81 15 03 42
1787904425.857398,34680,13be,12,33 33 D1 42 14 AE 9E 42 D5 F8 DC 42
1787904425.867751,34680,13bf,12,66 66 DD 42 90 C2 8D 42 54 23 91 42
1787904425.878135,34680,13c0,12,9A 99 C2 42 B8 1E 21 42 D3 4D BD 41
1787904425.888593,34680,13c1,12,33 33 07 43 3E 0A 47 42 24 86 92 42
1787904425.899006,34680,13c2,12,00 00 F3 42 F6 28 A8 41 92 ED BA 41
1787904425.909456,34680,13c3,12,CD 4C 11 43 7B 14 7C 42 1D DA 85 42
1787904425.920277,34680,13c4,12,CD CC 97 42 EC 51 BC 41 D3 4D BD 41
1787904425.930889,34680,13c5,12,33 33 95 42 29 5C A3 41 FA 7E 29 42
1787904425.941477,34680,13c6,12,9A 99 63 42 70 3D 82 42 96 C3 22 42
1787904425.951807,34680,13c7,12,9A 99 B3 42 66 66 1A 42 CD 4C 78 42
1787904425.962452,34680,13c8,12,00 00 8F 42 7B 14 70 42 91 6D D7 42
1787904425.973022,34680,13c9,12,CC CC F5 42 48 E1 44 42 C6 0B AE 42
1787904425.983499,34680,13ca,12,00 80 0D 43 C3 F5 DC 41 64 BB 39 42
1787904425.994014,34680,13cb,12,9A 99 59 42 A4 70 7F 42 5C 0F 85 42
1787904426.004511,34680,13cc,12,66 66 84 42 1F 85 65 42 11 D8 7D 42
1787904426.015052,34680,13cd,12,66 66 05 43 66 66 EA 41 68 11 40 42
1787904426.025593,34680,13ce,12,9A 99 A9 42 86 EB 73 42 04 56 39 42
1787904426.035921,34680,13cf,12,00 00 DE 42 29 5C 21 42 1A 6F 9B 42
1787904426.048983,34680,13d0,12,9A 99 94 42 D7 A3 96 42 74 53 92 42
1787904426.059453,34680,13d1,12,00 00 C6 42 3D 0A 65 42 62 90 8E 42
1787904426.069932,34680,13d2,12,CD CC 96 42 1E 85 53 42 21 B0 65 42
1787904426.080560,34680,13d3,12,00 00 A6 42 A4 70 98 42 F4 3D C2 42
1787904426.091215,34680,13d4,12,33 33 5F 42 52 B8 D6 41 CD CC 9E 42
1787904426.101849,34680,13d5,12,00 00 C5 42 7B 14 8F 42 5E 7A D2 42
1787904426.112478,34680,13d6,12,CD CC B0 42 48 E1 4A 42 98 6E C4 41
1787904426.122994,34680,13d7,12,9A 99 C5 42 1F 85 11 42 6A 3C 43 42
1787904426.133522,34680,13d8,12,CD CC F8 42 66 66 1A 42 0E AD 17 42
1787904426.144032,34680,13d9,12,00 00 9F 42 B8 1E 9A 42 25 C6 DC 42
1787904426.154446,34680,13da,12,00 00 D3 42 CD CC 95 42 F0 A7 E9 41
1787904426.166008,34680,13db,12,33 33 06 43 66 66 56 42 87 96 0C 42
1787904426.176877,34680,13dc,12,66 66 7A 42 3E 0A 29 42 3B DF FB 41
1787904426.187575,34680,13dd,12,9A 99 E1 42 D7 A3 B4 41 60 E5 BC 42
1787904426.201547,34680,13de,12,CD CC 52 42 00 00 DC 41 56 8E DE 42
1787904426.212036,34680,13df,12,67 66 E2 42 33 33 25 42 6B BC 74 42
1787904426.222873,34680,13e0,12,9A 99 90 42 34 33 1F 42 18 04 C6 41
1787904426.233539,34680,13e1,12,CD CC 56 42 85 EB 19 42 3E 8A 60 42
1787904426.243958,34680,13e2,12,99 99 E9 42 A4 70 55 42 FA 3E 9A 42
1787904426.254488,34680,13e3,12,66 66 85 42 CC CC 9B 42 42 E0 03 42
1787904426.264905,34680,13e4,12,33 33 96 42 A4 70 9E 42 E1 7A D3 41
1787904426.275290,34680,13e5,12,00 00 B6 42 33 33 BF 41 EA A6 99 42
1787904426.286103,34680,13e6,12,66 66 EE 42 B8 1E 27 42 9E EF 60 42
1787904426.296761,34680,13e7,12,33 33 A6 42 A4 70 6D 42 9C 44 84 42
1787904426.307380,34680,13e8,12,66 66 EB 42 AE 47 3B 42 A8 86 E1 42
1787904426.317928,34680,13e9,12,9A 99 BC 42 00 00 36 42 E4 25 90 42
1787904426.328459,34680,13ea,12,CD CC E5 42 A4 70 19 42 3F 75 D4 42
1787904426.338905,34680,13eb,12,9A 99 D9 42 C3 F5 97 42 04 D6 6A 42
1787904426.349273,34680,13ec,12,CD CC 87 42 EC 51 2E 42 62 90 8E 42
1787904426.359758,34680,13ed,12,33 33 D5 42 AE 47 F9 41 16 D9 C2 41
1787904426.371637,34680,13ee,12,66 66 80 42 14 AE 98 42 04 16 AA 42
1787904426.383441,34680,13ef,12,66 66 CC 42 48 E1 38 42 46 36 6D 42
1787904426.394665,34680,13f0,12,00 00 A4 42 5C 8F 9E 42 76 3E AE 42
1787904426.405536,34680,13f1,12,CC CC DC 42 14 AE BF 41 F0 27 4B 42
1787904426.416928,34680,13f2,12,CD CC D2 42 48 E1 1A 42 48 21 E1 42
1787904426.427707,34680,13f3,12,33 B3 01 43 5C 8F 64 42 3E 4A D1 42
1787904426.438110,34680,13f4,12,CD CC C4 42 33 33 49 42 7D BF B7 42
1787904426.448646,34680,13f5,12,CD CC B7 42 CC CC 4C 42 0A 57 11 42
1787904426.459173,34680,13f6,12,CC CC 0D 43 F6 28 9C 42 F6 68 C5 42
1787904426.469600,34680,13f7,12,CD CC E6 42 90 C2 23 42 D7 E3 95 42
1787904426.480077,34680,13f8,12,00 00 68 42 EC 51 58 42 7F 6A 31 42
1787904426.490482,34680,13f9,12,34 33 BE 42 EC 51 C8 41 2F 9D EC 42
1787904426.503345,34680,13fa,12,CD CC FC 42 70 3D 66 42 F2 92 8D 42
1787904426.515665,34680,13fb,12,66 66 72 42 EC 51 2E 42 DB 79 E6 42
1787904426.526231,34680,13fc,12,99 99 EB 42 0A D7 27 42 9C C4 B5 42
1787904426.536684,34680,13fd,12,CD CC D6 42 85 EB 7F 42 F2 12 BF 42
1787904426.548356,34680,13fe,12,00 00 5C 42 1F 85 17 42 23 DB D5 41
1787904426.559371,34680,13ff,12,9A 99 AB 42 52 B8 CA 41 69 91 0E 42
1787904426.570174,34680,1400,12,CD CC E3 42 52 B8 2A 42 B0 72 D5 42
1787904426.581896,34680,1401,12,CD CC 62 42 29 5C 8B 42 B6 F3 F3 41
1787904426.592289,34680,1402,12,33 33 A9 42 29 5C 8B 42 A8 46 3F 42
1787904426.602726,34680,1403,12,9A 99 AF 42 85 EB 5B 42 EC 11 84 42
1787904426.613285,34680,1404,12,33 33 8A 42 3E 0A 17 42 29 9C B1 42
1787904426.623766,34680,1405,12,33 B3 0E 43 14 AE 83 42 B8 1E F7 41
1787904426.634389,34680,1406,12,33 33 57 42 EC 51 8C 42 1D DA 2D 42
1787904426.645018,34680,1407,12,00 00 DF 42 D7 A3 8D 42 8C AC 83 42
1787904426.655440,34680,1408,12,9A 99 0C 43 71 3D 60 42 E8 7B 96 42
1787904426.666183,34680,1409,12,9A 99 E4 42 1F 85 11 42 06 81 A9 41
1787904426.677060,34680,140a,12,9A 99 57 42 C3 F5 97 42 DF CF EC 42
1787904426.688497,34680,140b,12,00 00 06 43 7B 14 3A 42 11 D8 D5 42
1787904426.699236,34680,140c,12,66 66 4C 42 C2 F5 48 42 56 8E DE 42
1787904426.709930,34680,140d,12,00 00 E6 42 AE 47 9F 42 7F 6A 31 42
1787904426.720534,34680,140e,12,33 33 93 42 0A D7 15 42 02 6B D8 42
1787904426.731076,34680,140f,12,CD 4C 11 43 E1 7A 36 42 4C 37 45 42
1787904426.741968,34680,1410,12,00 00 CD 42 A4 70 1F 42 68 51 E2 42
1787904426.753597,34680,1411,12,00 00 94 42 85 EB E9 41 64 FB DB 42
1787904426.764249,34680,1412,12,33 B3 13 43 A4 70 C5 41 31 08 7F 42
1787904426.775065,34680,1413,12,00 00 E0 42 66 66 4A 42 04 56 91 42
1787904426.787085,34680,1414,12,CD CC AA 42 7B 14 70 42 4A 4C 81 42
1787904426.799394,34680,1415,12,66 66 E9 42 34 33 9E 42 72 68 EE 41
1787904426.812361,34680,1416,12,33 33 5D 42 48 E1 BA 41 B6 F3 F3 41
1787904426.825403,34680,1417,12,CC CC AC 42 CD CC 95 42 8E 17 16 42
1787904426.836485,34680,1418,12,00 00 5C 42 8F C2 A5 41 2D B2 D0 42
1787904426.847793,34680,1419,12,CC 4C 0D 43 C2 F5 F4 41 71 3D D6 42
1787904426.859129,34680,141a,12,9A 99 8E 42 14 AE CB 41 A6 9B C5 42
1787904426.869733,34680,141b,12,9A 99 71 42 85 EB AD 41 A0 9A 32 42
1787904426.880271,34680,141c,12,33 33 51 42 70 3D E2 41 1D DA 85 42
1787904426.890579,34680,141d,12,9A 99 82 42 66 66 38 42 33 B3 50 42
1787904426.900932,34680,141e,12,33 33 A1 42 7B 14 C2 41 B2 9D D8 42
1787904426.911360,34680,141f,12,34 33 0A 43 D7 A3 20 42 E1 7A D3 41
1787904426.921638,34680,1420,12,9A 99 00 43 48 E1 90 42 B0 32 8B 42
1787904426.933900,34680,1421,12,33 33 00 43 48 E1 3E 42 C9 F6 C9 42
1787904426.944208,34680,1422,12,CD CC E0 42 9A 99 57 42 58 B9 26 42
1787904426.954751,34680,1423,12,33 33 9A 42 0A D7 21 42 15 2E DC 42
1787904426.968520,34680,1424,12,9A 99 98 42 5C 8F 95 42 D9 CE 59 42
1787904426.979247,34680,1425,12,CD CC A9 42 0A D7 85 42 11 D8 D5 42
1787904426.989758,34680,1426,12,66 66 02 43 48 E1 9C 42 5E FA A0 42
1787904427.000980,34680,1427,12,00 00 A0 42 C2 F5 60 42 87 56 E0 42
1787904427.011580,34680,1428,12,66 66 E1 42 5C 8F 3A 42 38 89 25 42
1787904427.022106,34680,1429,12,33 33 F9 42 C2 F5 60 42 C6 8B DF 42
1787904427.032484,34680,142a,12,CD CC F8 42 33 33 25 42 49 8C CB 42
1787904427.045960,34680,142b,12,34 B3 11 43 CD CC BC 41 23 5B 8F 42
1787904427.056595,34680,142c,12,00 00 EF 42 CD CC 04 42 4E 62 B5 41
1787904427.067116,34680,142d,12,9A 99 C0 42 D7 A3 93 42 AA F1 E0 41
1787904427.077645,34680,142e,12,00 00 BA 42 AE 47 D5 41 21 70 D6 42
1787904427.088015,34680,142f,12,CD CC 54 42 70 3D 36 42 46 36 0A 42
1787904427.098510,34680,1430,12,CD CC 87 42 D7 A3 8A 42 B7 F3 DE 42
1787904427.109276,34680,1431,12,66 66 F5 42 1F 85 C3 41 D3 0D C1 42
1787904427.119725,34680,1432,12,CD CC 8A 42 1F 85 0B 42 12 43 C0 42
1787904427.130342,34680,1433,12,00 00 72 42 EC 51 8C 42 2E 5D 4A 42
1787904427.140794,34680,1434,12,00 00 60 42 14 AE 2B 42 C1 0A D6 42
1787904427.152074,34680,1435,12,34 33 CC 42 B8 1E B5 41 15 AE 52 42
1787904427.162711,34680,1436,12,00 00 9C 42 EC 51 04 42 1D DA 85 42
1787904427.173144,34680,1437,12,9A 99 DE 42 C2 F5 91 42 7D 3F 86 42
1787904427.183750,34680,1438,12,9A 19 01 43 3E 0A 96 42 24 86 92 42
1787904427.194360,34680,1439,12,9A 19 13 43 D7 A3 6E 42 00 00 33 42
1787904427.205584,34680,143a,12,9A 19 14 43 66 66 32 42 54 E3 BE 41
1787904427.215641,34680,143b,12,66 66 88 42 85 EB 01 42 FC 29 B6 42
1787904427.225945,34680,143c,12,9A 99 88 42 F6 28 3E 42 76 BE DF 42
1787904427.241373,34680,143d,12,CD CC A3 42 5C 8F 22 42 F8 93 C8 42
1787904427.252471,34680,143e,12,34 33 AB 42 1F 85 B7 41 B8 5E C9 42
1787904427.262868,34680,143f,12,00 80 05 43 0A D7 15 42 7F EA BA 42
1787904427.274204,34680,1440,12,33 33 8C 42 7B 14 DA 41 4E E2 79 42
1787904427.284709,34680,1441,12,9A 99 73 42 EC 51 9B 42 58 39 C5 41
1787904427.297601,34680,1442,12,CD CC A0 42 66 66 5C 42 D9 4E E3 42
1787904427.308112,34680,1443,12,9A 19 00 43 CC CC 6A 42 DF CF EC 42
1787904427.318572,34680,1444,12,00 00 87 42 33 33 43 42 8D 57 B8 42
1787904427.329143,34680,1445,12,33 B3 14 43 70 3D D6 41 A2 05 D8 42
1787904427.340565,34680,1446,12,66 66 AB 42 E1 7A AC 41 D2 22 4D 42
1787904427.356900,34680,1447,12,CD CC 82 42 F6 28 87 42 AA F1 10 42
1787904427.367594,34680,1448,12,33 33 F5 42 52 B8 12 42 8B EC 75 42
1787904427.378248,34680,1449,12,CD CC 0F 43 70 3D EE 41 BC 74 FD 41
1787904427.388728,34680,144a,12,CD CC C8 42 33 33 13 42 27 F1 DF 42
1787904427.399186,34680,144b,12,00 00 E7 42 F6 28 56 42 E4 25 90 42
1787904427.409553,34680,144c,12,00 00 DD 42 EC 51 95 42 58 39 58 42
1787904427.420273,34680,144d,12,9A 19 0E 43 8F C2 E1 41 5A A4 9A 42
1787904427.431211,34680,144e,12,9A 99 9A 42 29 5C BB 41 75 13 AB 42
1787904427.443001,34680,144f,12,66 66 C1 42 66 66 AE 41 F8 53 F6 41
1787904427.454046,34680,1450,12,CC CC BF 42 29 5C 09 42 44 8B A5 41
1787904427.464566,34680,1451,12,00 00 95 42 F6 28 14 42 38 89 25 42
1787904427.474923,34680,1452,12,00 00 EE 42 1F 85 3B 42 FA BE CB 42
1787904427.485362,34680,1453,12,33 33 E1 42 3E 0A 93 42 F4 FD DA 42
1787904427.495760,34680,1454,12,CC CC B8 42 8F C2 77 42 FA 7E E4 42
1787904427.506210,34680,1455,12,00 00 9F 42 C3 F5 30 42 FC A9 84 42
1787904427.516830,34680,1456,12,CD CC A4 42 70 3D 48 42 11 D8 7D 42
1787904427.527216,34680,1457,12,9A 99 88 42 52 B8 72 42 C5 20 3A 42
1787904427.537655,34680,1458,12,CD CC 9F 42 7A 14 FE 41 B7 F3 DE 42
1787904427.548192,34680,1459,12,00 00 95 42 52 B8 E2 41 EF A7 7C 42
1787904427.558975,34680,145a,12,CD CC AF 42 66 66 1A 42 89 41 AE 41
1787904427.569494,34680,145b,12,9A 99 CD 42 52 B8 06 42 B8 1E F7 41
1787904427.580173,34680,145c,12,00 00 81 42 7B 14 9E 42 F0 27 4B 42
1787904427.590646,34680,145d,12,9A 99 63 42 14 AE 3D 42 0A 17 82 42
1787904427.603737,34680,145e,12,9A 99 CC 42 33 33 9B 42 9A D9 99 42
1787904427.614355,34680,145f,12,66 66 0E 43 5D 8F 52 42 35 9E C4 42
1787904427.624761,34680,1460,12,33 33 AE 42 66 66 4A 42 46 36 6D 42
1787904427.635345,34680,1461,12,00 00 E0 42 90 C2 65 42 AA B1 81 42
1787904427.645843,34680,1462,12,9A 99 7B 42 14 AE 07 42 FE D4 EA 42
1787904427.656288,34680,1463,12,CD CC D7 42 66 66 4A 42 85 6B 09 42
1787904427.666912,34680,1464,12,00 80 0A 43 00 00 0C 42 23 1B A8 42
1787904427.677454,34680,1465,12,66 66 BE 42 8F C2 77 42 33 B3 50 42
1787904427.688418,34680,1466,12,66 66 8C 42 1F 85 1D 42 D1 E2 BD 42
1787904427.698999,34680,1467,12,33 33 79 42 5C 8F 3A 42 72 68 EE 41
1787904427.709313,34680,1468,12,33 33 98 42 7A 14 FE 41 02 2B 8E 42
1787904427.723469,34680,1469,12,9A 99 C4 42 AE 47 9F 42 75 93 DC 42
1787904427.734615,34680,146a,12,67 66 F1 42 1E 85 41 42 1A 6F 9B 42
1787904427.745286,34680,146b,12,CD CC 93 42 52 B8 91 42 AC 9C 9D 42
1787904427.755847,34680,146c,12,00 00 D4 42 66 66 44 42 CF 37 EC 42
1787904427.766299,34680,146d,12,00 00 13 43 14 AE 8F 42 D3 0D C1 42
1787904427.776693,34680,146e,12,00 00 B4 42 F6 28 08 42 E3 A5 D6 41
1787904427.787324,34680,146f,12,33 33 8F 42 F6 28 93 42 A3 70 C2 42
1787904427.798289,34680,1470,12,66 66 ED 42 15 AE 6D 42 27 31 C7 42
1787904427.808917,34680,1471,12,9A 99 49 42 EC 51 2E 42 D9 4E 28 42
1787904427.819367,34680,1472,12,33 33 AE 42 3D 0A 59 42 95 43 AC 42
1787904427.829985,34680,1473,12,66 66 7C 42 0A D7 2D 42 83 C0 8F 42
1787904427.840741,34680,1474,12,33 33 F9 42 71 3D 72 42 15 AE AA 42
1787904427.851380,34680,1475,12,9A 99 C4 42 D7 A3 8D 42 6B BC CC 42
1787904427.862032,34680,1476,12,66 66 A3 42 F6 28 44 42 16 59 24 42
1787904427.873895,34680,1477,12,9A 99 5F 42 7B 14 92 42 23 DB C0 42
1787904427.884455,34680,1478,12,00 00 83 42 48 E1 99 42 B2 1D 4F 42
1787904427.896523,34680,1479,12,66 66 80 42 0A D7 2D 42 DC 39 9C 42
1787904427.910499,34680,147a,12,9A 99 9D 42 3E 0A C3 41 9C 84 CE 42
1787904427.922778,34680,147b,12,9A 99 92 42 0A D7 45 42 0C 42 E8 42
1787904427.933431,34680,147c,12,CD 4C 12 43 9A 99 9A 42 EB D1 44 42
1787904427.944341,34680,147d,12,66 66 6A 42 85 EB 3D 42 FC A9 E7 42
1787904427.955486,34680,147e,12,CD CC 72 42 00 00 97 42 5A 64 C8 41
1787904427.968787,34680,147f,12,33 33 F1 42 14 AE FB 41 23 DB C0 42
1787904427.979635,34680,1480,12,9A 99 A0 42 1E 85 23 42 87 16 AB 41
1787904427.990324,34680,1481,12,66 66 52 42 AE 47 11 42 F4 7D 51 42
1787904428.000725,34680,1482,12,66 66 8B 42 7A 14 10 42 6B BC 74 42
1787904428.011226,34680,1483,12,CD CC D1 42 1F 85 AB 41 15 2E DC 42
1787904428.021913,34680,1484,12,00 00 60 42 7B 14 04 42 A0 1A BC 42
1787904428.032753,34680,1485,12,CD CC 6C 42 33 33 79 42 06 01 C6 42
1787904428.043150,34680,1486,12,66 66 EE 42 E1 7A 85 42 08 AC AC 41
1787904428.055670,34680,1487,12,00 00 A0 42 C2 F5 8E 42 70 BD A4 42
1787904428.066825,34680,1488,12,9A 99 5B 42 3E 0A FF 41 3F B5 BB 42
1787904428.077611,34680,1489,12,33 33 AD 42 66 66 81 42 3B DF 2B 42
1787904428.088111,34680,148a,12,34 33 11 43 15 AE 6D 42 E5 D0 D9 41
1787904428.098637,34680,148b,12,66 66 85 42 5C 8F 1C 42 27 31 6F 42
1787904428.109018,34680,148c,12,9A 99 0B 43 9A 99 4B 42 F8 13 97 42
1787904428.119508,34680,148d,12,67 66 F1 42 85 EB 31 42 7B 94 B4 42
1787904428.130457,34680,148e,12,CD CC 92 42 E1 7A 42 42 42 E0 03 42
1787904428.141039,34680,148f,12,CD CC A2 42 3E 0A 05 42 CD 4C D0 42
1787904428.151719,34680,1490,12,66 66 05 43 66 66 D2 41 D9 0E 99 42
1787904428.173588,34680,1491,12,33 B3 06 43 AE 47 17 42 A0 9A 32 42
1787904428.184183,34680,1492,12,00 00 8D 42 70 3D 30 42 36 5E 22 42
1787904428.194617,34680,1493,12,9A 99 8E 42 8F C2 C9 41 D7 E3 95 42
1787904428.205216,34680,1494,12,66 66 ED 42 48 E1 DE 41 00 80 01 42
1787904428.215769,34680,1495,12,33 33 09 43 EC 51 98 42 94 D8 C1 42
1787904428.226289,34680,1496,12,33 33 B8 42 CD CC 22 42 7D BF B7 42
1787904428.236959,34680,1497,12,CD CC F1 42 A4 70 C5 41 18 44 98 42
1787904428.247414,34680,1498,12,66 E6 14 43 0A D7 1B 42 B2 DD BF 42
1787904428.257788,34680,1499,12,9A 99 FD 42 E1 7A 06 42 D4 B8 92 42
1787904428.268135,34680,149a,12,66 66 54 42 9A 99 57 42 12 83 4F 42
1787904428.278619,34680,149b,12,9A 99 51 42 0A D7 EB 41 79 69 59 42
1787904428.289426,34680,149c,12,33 33 A2 42 7B 14 9B 42 29 5C CA 42
1787904428.299894,34680,149d,12,34 33 AA 42 33 33 98 42 E4 E5 A8 42
1787904428.310326,34680,149e,12,00 00 62 42 1F 85 59 42 33 B3 50 42
1787904428.320665,34680,149f,12,9A 99 BF 42 33 33 49 42 6B FC B3 42
1787904428.334369,34680,14a0,12,CD CC C3 42 00 00 A0 41 0C 82 77 42
1787904428.344893,34680,14a1,12,34 B3 11 43 D7 A3 5C 42 36 5E F2 41
1787904428.355573,34680,14a2,12,99 99 E9 42 52 B8 8B 42 25 06 09 42
1787904428.366850,34680,14a3,12,66 E6 04 43 F6 28 20 42 6E 12 18 42
1787904428.377948,34680,14a4,12,9A 99 A7 42 C3 F5 B8 41 37 89 E0 42
1787904428.390666,34680,14a5,12,CD CC F7 42 AE 47 99 42 08 2C 71 42
1787904428.405490,34680,14a6,12,CC 4C 01 43 86 EB 43 42 06 01 0B 42
1787904428.418718,34680,14a7,12,00 00 F0 42 D7 A3 A8 41 F0 27 A3 42
1787904428.433704,34680,14a8,12,33 B3 02 43 29 5C 82 42 83 40 06 42
1787904428.450689,34680,14a9,12,9A 19 0F 43 D6 A3 4A 42 46 76 AC 42
1787904428.462136,34680,14aa,12,66 66 90 42 0A D7 91 42 FA 7E 29 42
1787904428.474774,34680,14ab,12,33 33 D1 42 52 B8 54 42 2F 1D BB 42
1787904428.486593,34680,14ac,12,00 00 76 42 85 EB 9E 42 C6 CB 0B 42
1787904428.497856,34680,14ad,12,33 33 00 43 14 AE FB 41 E4 25 38 42
1787904428.508231,34680,14ae,12,CD CC D4 42 F6 28 26 42 33 F3 8F 42
1787904428.518719,34680,14af,12,9A 99 75 42 CD CC 5E 42 1F C5 A1 42
1787904428.529123,34680,14b0,12,00 00 EE 42 52 B8 97 42 49 8C CB 42
1787904428.539660,34680,14b1,12,66 66 78 42 48 E1 EA 41 56 0E 55 42
1787904428.550239,34680,14b2,12,CC 4C 07 43 8F C2 4D 42 42 E0 BE 42
1787904428.560663,34680,14b3,12,00 00 94 42 0A D7 9D 42 A8 86 E1 42
1787904428.571373,34680,14b4,12,CD CC B7 42 47 E1 56 42 A4 F0 38 42
1787904428.582172,34680,14b5,12,9A 99 4D 42 29 5C 75 42 7F 6A EC 42
1787904428.592799,34680,14b6,12,9A 99 06 43 E2 7A 12 42 AE 47 17 42
1787904428.603345,34680,14b7,12,9A 99 C4 42 E1 7A 8E 42 48 A1 AF 42
1787904428.614037,34680,14b8,12,00 00 C1 42 D7 A3 20 42 73 E8 A7 42
1787904428.624395,34680,14b9,12,9A 99 98 42 EC 51 86 42 B4 C8 20 42
1787904428.634827,34680,14ba,12,66 66 CD 42 7B 14 C2 41 54 E3 51 42
1787904428.645479,34680,14bb,12,CD CC E1 42 C2 F5 E8 41 64 3B 6B 42
1787904428.655995,34680,14bc,12,00 00 7E 42 86 EB 25 42 06 81 94 42
1787904428.666651,34680,14bd,12,CD CC 0A 43 5C 8F 4C 42 76 FE C6 42
1787904428.677275,34680,14be,12,99 99 F5 42 66 66 32 42 6F 92 49 42
1787904428.687829,34680,14bf,12,33 33 9F 42 C3 F5 A0 41 5A A4 9A 42
1787904428.698150,34680,14c0,12,99 99 F8 42 29 5C 82 42 29 1C 80 42
1787904428.708898,34680,14c1,12,33 33 89 42 7B 14 1C 42 E8 FB C7 42
1787904428.719326,34680,14c2,12,00 80 13 43 5C 8F 28 42 6E 12 18 42
1787904428.730150,34680,14c3,12,9A 99 8C 42 7B 14 34 42 89 C1 0F 42
1787904428.741116,34680,14c4,12,66 66 F4 42 7B 14 92 42 B2 9D ED 41
1787904428.751949,34680,14c5,12,CD CC B4 42 E1 7A 6C 42 2D 72 86 42
1787904428.762970,34680,14c6,12,33 33 B4 42 B8 1E 5D 42 76 FE C6 42
1787904428.773591,34680,14c7,12,66 66 60 42 29 5C EB 41 37 49 96 42
1787904428.784101,34680,14c8,12,CD CC 03 43 CC CC 4C 42 CD 8C B7 42
1787904428.794427,34680,14c9,12,00 00 98 42 99 99 5D 42 C2 75 C0 42
1787904428.804834,34680,14ca,12,CC CC C6 42 AE 47 84 42 76 BE DF 42
1787904428.815365,34680,14cb,12,66 E6 0E 43 C2 F5 8B 42 42 60 A2 41
1787904428.825862,34680,14cc,12,66 66 86 42 B8 1E 0F 42 CB 21 CD 42
1787904428.836162,34680,14cd,12,CC CC A7 42 1F 85 65 42 F4 7D A9 42
1787904428.846971,34680,14ce,12,33 33 CA 42 EC 51 9E 42 95 C3 DD 42
1787904428.857810,34680,14cf,12,66 66 EE 42 52 B8 1E 42 5A 24 CC 42
1787904428.868420,34680,14d0,12,00 00 DE 42 5C 8F FE 41 20 30 8C 42
1787904428.879232,34680,14d1,12,00 80 15 43 71 3D 72 42 7B 14 FB 41
1787904428.889674,34680,14d2,12,66 66 E0 42 A4 70 83 42 D5 38 C4 42
1787904428.900064,34680,14d3,12,66 66 ED 42 9A 99 97 42 DD 64 9F 42
1787904428.910600,34680,14d4,12,00 00 B9 42 CD CC E0 41 EC 11 84 42
1787904428.921085,34680,14d5,12,33 33 C0 42 9A 99 E5 41 11 18 BD 42
1787904428.931565,34680,14d6,12,66 66 7A 42 A4 70 2B 42 68 91 71 42
1787904428.941921,34680,14d7,12,CD CC C8 42 47 E1 56 42 7F EA 62 42
1787904428.953460,34680,14d8,12,66 66 9B 42 34 33 8F 42 68 D1 B0 42
1787904428.963832,34680,14d9,12,9A 99 01 43 00 00 24 42 E8 FB 0C 42
1787904428.974236,34680,14da,12,34 B3 0B 43 86 EB F5 41 83 40 C1 42
1787904428.984643,34680,14db,12,00 00 C2 42 3E 0A FF 41 A2 C5 8D 42
1787904428.995031,34680,14dc,12,CD CC 7E 42 7B 14 80 42 95 43 54 42
1787904429.005387,34680,14dd,12,CD 4C 10 43 EC 51 BC 41 FA BE CB 42
1787904429.019130,34680,14de,12,66 66 68 42 F6 28 E4 41 02 2B 8E 42
1787904429.031011,34680,14df,12,9A 99 CF 42 CC CC 16 42 C3 F5 A3 41
1787904429.042140,34680,14e0,12,9A 99 77 42 85 EB C5 41 A8 46 3F 42
1787904429.053859,34680,14e1,12,66 66 A3 42 7A 14 95 42 4C 77 E7 42
1787904429.066293,34680,14e2,12,9A 99 C6 42 A4 70 43 42 20 30 34 42
1787904429.079705,34680,14e3,12,33 33 9C 42 A3 70 79 42 49 8C CB 42
1787904429.090786,34680,14e4,12,66 66 D2 42 29 5C EB 41 DF 4F 00 42
1787904429.101804,34680,14e5,12,9A 99 DC 42 F6 28 02 42 9C C4 5D 42
1787904429.114453,34680,14e6,12,33 33 E8 42 5C 8F E6 41 14 2E 21 42
1787904429.128243,34680,14e7,12,00 00 86 42 CD CC 10 42 00 00 33 42
1787904429.139148,34680,14e8,12,34 33 AA 42 33 33 89 42 CD CC 9E 42
1787904429.149686,34680,14e9,12,33 33 C7 42 7B 14 22 42 34 33 1F 42
1787904429.160375,34680,14ea,12,66 66 D9 42 A4 70 E9 41 89 81 80 42
1787904429.170962,34680,14eb,12,33 B3 02 43 3E 0A 11 42 DF 4F D0 41
1787904429.181568,34680,14ec,12,00 80 11 43 0A D7 21 42 CA E1 82 42
1787904429.192341,34680,14ed,12,CD CC D5 42 00 00 00 42 4C 37 9D 42
1787904429.202899,34680,14ee,12,CC CC CC 42 E2 7A 97 42 90 42 19 42
1787904429.213356,34680,14ef,12,33 B3 02 43 5C 8F 34 42 7B 14 E6 42
1787904429.224528,34680,14f0,12,66 66 0E 43 52 B8 A6 41 B7 73 AD 42
1787904429.235121,34680,14f1,12,CC CC 13 43 5C 8F 8F 42 CA E1 82 42
1787904429.245513,34680,14f2,12,66 66 8A 42 0A D7 DF 41 3A B4 E3 42
1787904429.256394,34680,14f3,12,33 33 4B 42 85 EB 2B 42 75 13 53 42
1787904429.266971,34680,14f4,12,00 00 E7 42 33 33 31 42 12 03 1E 42
1787904429.280745,34680,14f5,12,9A 99 B2 42 85 EB 86 42 4C 77 84 42
1787904429.296524,34680,14f6,12,9A 99 AD 42 B8 1E D9 41 B4 C8 DB 42
1787904429.312081,34680,14f7,12,9A 99 7F 42 48 E1 87 42 7F 2A A2 42
1787904429.326669,34680,14f8,12,9A 99 9C 42 B8 1E D9 41 D7 A3 AE 42
1787904429.337083,34680,14f9,12,67 66 E2 42 0A D7 69 42 06 81 3C 42
1787904429.348711,34680,14fa,12,CD CC 80 42 52 B8 7E 42 27 B1 3D 42
1787904429.359452,34680,14fb,12,9A 19 03 43 52 B8 97 42 70 3D 1B 42
1787904429.370122,34680,14fc,12,9A 99 61 42 A4 70 25 42 B8 DE 97 42
1787904429.381072,34680,14fd,12,00 00 80 42 A4 70 43 42 F4 BD 90 42
1787904429.391648,34680,14fe,12,CC CC 07 43 52 B8 60 42 D2 22 4D 42
1787904429.402107,34680,14ff,12,99 99 DF 42 F6 28 90 42 A3 70 6A 42
1787904429.413057,34680,1500,12,66 66 72 42 00 00 82 42 EC 11 84 42
1787904429.424981,34680,1501,12,33 33 D2 42 CC CC 1C 42 A8 46 3F 42
1787904429.435623,34680,1502,12,33 33 96 42 8F C2 BD 41 67 66 6E 42
1787904429.446006,34680,1503,12,34 33 BC 42 CC CC 83 42 D5 78 53 42
1787904429.457068,34680,1504,12,9A 99 79 42 14 AE 0D 42 CF B7 BA 42
1787904429.467687,34680,1505,12,33 33 8A 42 52 B8 85 42 E1 7A D3 41
1787904429.478261,34680,1506,12,CC CC C5 42 9A 99 4B 42 74 53 92 42
1787904429.488684,34680,1507,12,CC 4C 07 43 00 00 18 42 34 33 1F 42
1787904429.500206,34680,1508,12,66 66 D1 42 29 5C 51 42 AC 9C 9D 42
1787904429.511365,34680,1509,12,34 33 AA 42 9A 99 27 42 06 01 0B 42
1787904429.521904,34680,150a,12,9A 99 E1 42 0A D7 94 42 6F D2 EB 42
1787904429.532456,34680,150b,12,CC CC A1 42 7B 14 F2 41 5E BA 61 42
1787904429.542895,34680,150c,12,9A 99 CC 42 EC 51 E0 41 AE C7 48 42
1787904429.553476,34680,150d,12,66 66 DD 42 3D 0A AB 41 94 58 90 42
1787904429.563761,34680,150e,12,00 00 9C 42 D7 A3 90 42 0C 02 B3 41
1787904429.574325,34680,150f,12,CD CC 4A 42 29 5C 4B 42 C6 CB 6E 42
1787904429.584830,34680,1510,12,33 33 6D 42 E1 7A 6C 42 9A D9 99 42
1787904429.595478,34680,1511,12,34 33 FE 42 C3 F5 88 42 11 18 BD 42
1787904429.606131,34680,1512,12,33 33 87 42 0A D7 1B 42 98 EE E0 42
1787904439.616763,34680,1514,12,9A 99 C4 42 AE 47 8D 42 6A BC E1 41
1787904439.626443,34680,1515,12,00 00 85 42 B8 1E 1B 42 8A 81 E3 42
1787904439.636941,34680,1516,12,66 66 82 42 5C 8F 4C 42 E8 FB 0C 42
1787904439.647321,34680,1517,12,CD CC 84 42 29 5C 1B 42 4E E2 D1 42
1787904439.657669,34680,1518,12,9A 99 97 42 B8 1E 51 42 D7 63 C7 42
1787904439.667978,34680,1519,12,9A 99 0F 43 66 66 81 42 A3 70 C2 42
1787904439.678382,34680,151a,12,00 00 85 42 00 00 3C 42 5A 24 CC 42
1787904439.689188,34680,151b,12,CD CC 98 42 EC 51 28 42 46 F6 DD 42
1787904439.699792,34680,151c,12,66 66 99 42 00 00 60 42 AE 07 EB 42
1787904439.710160,34680,151d,12,33 33 FA 42 00 00 8B 42 16 D9 C2 41
1787904439.720611,34680,151e,12,00 00 B3 42 33 33 5B 42 C9 76 98 42
1787904439.730989,34680,151f,12,67 66 FB 42 48 E1 F6 41 C9 76 40 42
1787904439.741447,34680,1520,12,9A 99 D0 42 A4 70 6D 42 79 A9 98 42
1787904439.751939,34680,1521,12,CD CC 97 42 00 00 06 42 31 C8 8C 42
1787904439.762427,34680,1522,12,CD CC C8 42 5C 8F DA 41 2D 72 86 42
1787904439.773083,34680,1523,12,9A 99 14 43 52 B8 CA 41 7F 6A 31 42
1787904439.784024,34680,1524,12,33 B3 00 43 29 5C 3F 42 20 30 34 42
1787904439.795405,34680,1525,12,9A 99 A6 42 9A 99 4B 42 D5 78 53 42
1787904439.806058,34680,1526,12,99 99 D2 42 14 AE 95 42 00 80 BC 42
1787904439.816431,34680,1527,12,66 66 4A 42 E1 7A 6C 42 33 F3 8F 42
1787904439.827918,34680,1528,12,CD CC 60 42 85 EB 98 42 E4 25 90 42
1787904439.838281,34680,1529,12,CD CC 93 42 0A D7 AF 41 00 80 BC 42
1787904439.848752,34680,152a,12,9A 99 A7 42 29 5C 21 42 8D 17 D1 42
1787904439.859020,34680,152b,12,66 66 04 43 7B 14 8F 42 50 8D A3 42
1787904439.871155,34680,152c,12,9A 99 89 42 EC 51 8F 42 D9 4E 28 42
1787904439.882492,34680,152d,12,33 B3 01 43 0A D7 8B 42 1F 85 CF 41
1787904439.893120,34680,152e,12,CD CC A9 42 5C 8F F2 41 00 00 8B 42
1787904439.903450,34680,152f,12,00 00 03 43 EB 51 52 42 7D FF 9E 42
1787904439.913907,34680,1530,12,9A 19 02 43 0A D7 03 42 BA 49 2A 42
1787904439.926851,34680,1531,12,9A 99 B5 42 A4 70 01 42 16 D9 C2 41
1787904439.937635,34680,1532,12,33 33 E8 42 AE 47 17 42 5D 4F CF 42
1787904439.948934,34680,1533,12,66 E6 01 43 90 C2 41 42 27 31 C7 42
1787904439.959599,34680,1534,12,CC CC C0 42 D7 A3 32 42 F2 52 A6 42
1787904439.969898,34680,1535,12,9A 99 E6 42 CD CC BC 41 31 08 1C 42
1787904439.980361,34680,1536,12,9A 99 A7 42 8F C2 77 42 3A 34 B2 42
1787904439.990833,34680,1537,12,33 33 83 42 7B 14 8F 42 79 69 B1 42
1787904440.001230,34680,1538,12,00 00 C5 42 29 5C 69 42 95 43 54 42
1787904440.011723,34680,1539,12,00 00 B6 42 8F C2 0B 42 F6 A8 54 42
1787904440.022737,34680,153a,12,CD CC 6C 42 29 5C 39 42 A0 1A 64 42
1787904440.032967,34680,153b,12,00 00 60 42 66 66 93 42 46 36 6D 42
1787904440.043317,34680,153c,12,66 E6 06 43 E1 7A E8 41 46 B6 A8 41
1787904440.053988,34680,153d,12,00 00 AA 42 71 3D 7E 42 A0 DA D4 42
1787904440.064688,34680,153e,12,00 00 98 42 85 EB AD 41 91 ED A5 42
1787904440.075227,34680,153f,12,CC CC AD 42 00 00 6C 42 6F 92 A1 42
1787904440.085984,34680,1540,12,00 80 12 43 F6 28 74 42 B4 C8 20 42
1787904440.097754,34680,1541,12,00 00 ED 42 00 00 97 42 27 31 DC 41
1787904440.108238,34680,1542,12,9A 19 11 43 5D 8F 52 42 B4 08 C3 42
1787904440.118624,34680,1543,12,CC CC B8 42 CC CC 9B 42 5D 0F E8 42
1787904440.132498,34680,1544,12,66 66 A9 42 D7 A3 6E 42 7D 3F FE 41
1787904440.144117,34680,1545,12,CD CC D3 42 0A D7 15 42 44 8B 38 42
1787904440.155454,34680,1546,12,66 66 15 43 3E 0A 6B 42 2B C7 B4 42
1787904440.165864,34680,1547,12,33 33 E0 42 7B 14 46 42 49 4C E4 42
1787904440.176175,34680,1548,12,CD CC 9C 42 E1 7A 18 42 A2 45 D4 41
1787904440.187004,34680,1549,12,9A 19 01 43 3E 0A 11 42 94 58 90 42
1787904440.197414,34680,154a,12,CD 4C 09 43 5C 8F 92 42 71 7D BD 42
1787904440.207859,34680,154b,12,CD CC DD 42 D7 A3 A8 41 16 D9 C2 41
1787904440.218442,34680,154c,12,00 00 F3 42 B8 1E 2D 42 B8 1E F7 41
1787904440.228912,34680,154d,12,CC CC B8 42 66 66 A2 41 25 06 D9 41
1787904440.244009,34680,154e,12,00 00 54 42 00 00 36 42 AE 47 17 42
1787904440.254463,34680,154f,12,66 66 BB 42 70 3D 18 42 4E 62 48 42
1787904440.264945,34680,1550,12,00 80 12 43 AE 47 B1 41 B8 DE 97 42
1787904440.275506,34680,1551,12,9A 19 15 43 1F 85 5F 42 B0 72 D5 42
1787904440.285928,34680,1552,12,33 B3 0E 43 3E 0A 0B 42 52 B8 BB 41
1787904440.296605,34680,1553,12,00 00 B0 42 90 C2 17 42 7A D4 9B 42
1787904440.308487,34680,1554,12,CD CC C3 42 85 EB 67 42 D5 78 AB 42
1787904440.319760,34680,1555,12,9A 99 C9 42 7B 14 83 42 98 AE 96 42
1787904440.330366,34680,1556,12,CD 4C 0B 43 52 B8 4E 42 91 2D 8D 42
1787904440.341177,34680,1557,12,66 E6 12 43 E1 7A 42 42 42 E0 03 42
1787904440.351591,34680,1558,12,66 66 BA 42 00 00 72 42 36 1E 93 42
1787904440.361993,34680,1559,12,00 00 CC 42 14 AE 1F 42 83 C0 8F 42
1787904440.402146,34680,155a,12,66 66 84 42 AE 47 77 42 DF 4F BB 42
1787904440.435901,34680,155b,12,00 00 58 42 7B 14 DA 41 1A AF 82 42
1787904440.447707,34680,155c,12,34 B3 0B 43 AE 47 05 42 4C 37 B2 41
1787904440.460171,34680,155d,12,CD CC B5 42 52 B8 0C 42 F2 92 8D 42
1787904440.470956,34680,155e,12,9A 99 EF 42 B8 1E E5 41 29 5C DF 41
1787904440.481402,34680,155f,12,CD CC 09 43 85 EB 86 42 70 3D 1B 42
1787904440.491788,34680,1560,12,9A 99 F2 42 C2 F5 E8 41 A0 1A BC 42
1787904440.502398,34680,1561,12,9A 99 49 42 7B 14 64 42 F6 28 F3 41
1787904440.512880,34680,1562,12,00 80 05 43 B8 1E 15 42 81 15 BE 42
1787904440.523176,34680,1563,12,66 66 88 42 1F 85 93 42 2B 47 E6 42
1787904440.533578,34680,1564,12,66 66 48 42 90 C2 3B 42 C2 F5 8E 42
1787904440.543904,34680,1565,12,33 33 D4 42 52 B8 B2 41 A2 C5 8D 42
1787904440.554314,34680,1566,12,9A 99 BC 42 33 33 55 42 D7 63 C7 42
1787904440.564707,34680,1567,12,33 33 F8 42 F6 28 84 42 B0 32 8B 42
1787904440.575060,34680,1568,12,66 66 5A 42 0A D7 57 42 DD A4 2E 42
1787904440.586257,34680,1569,12,66 E6 00 43 A4 70 37 42 81 55 A5 42
1787904440.596965,34680,156a,12,66 E6 12 43 85 EB 61 42 48 A1 AF 42
1787904440.607538,34680,156b,12,9A 99 57 42 0A D7 45 42 46 B6 93 42
1787904440.617920,34680,156c,12,00 00 48 42 AE 47 99 42 96 43 C1 41
1787904440.628675,34680,156d,12,33 33 49 42 85 EB 8F 42 E9 E6 E3 42
1787904440.658482,34680,156e,12,00 00 8C 42 A4 70 8C 42 35 DE 53 42
1787904440.668751,34680,156f,12,CD 4C 12 43 1F 85 11 42 17 99 C6 42
1787904440.679116,34680,1570,12,00 00 E6 42 00 00 60 42 21 B0 D2 41
1787904440.689471,34680,1571,12,CC CC AC 42 0A D7 1B 42 37 09 57 42
1787904440.700074,34680,1572,12,33 33 9E 42 E1 7A 9D 42 81 15 BE 42
1787904440.710518,34680,1573,12,9A 99 0D 43 C2 F5 82 42 D5 F8 DC 42
1787904440.720873,34680,1574,12,33 33 FB 42 5C 8F 0A 42 79 E9 27 42
1787904440.731434,34680,1575,12,33 33 8B 42 EC 51 3A 42 3B 5F B5 42
1787904440.741832,34680,1576,12,00 00 89 42 C2 F5 48 42 3B 5F 5D 42
1787904440.752415,34680,1577,12,00 00 0C 43 7B 14 8F 42 EE BC B8 42
1787904440.762857,34680,1578,12,66 66 92 42 C3 F5 88 42 F6 A8 54 42
1787904440.773226,34680,1579,12,CD CC A9 42 C2 F5 2A 42 40 B5 00 42
1787904440.783618,34680,157a,12,9A 99 A4 42 D7 A3 56 42 98 AE 96 42
1787904440.794549,34680,157b,12,CD CC E2 42 00 00 82 42 CF F7 B6 41
1787904440.804937,34680,157c,12,9A 99 E3 42 5C 8F 10 42 75 13 53 42
1787904440.815309,34680,157d,12,33 33 B4 42 E1 7A AC 41 4A 0C 9A 42
1787904440.825793,34680,157e,12,67 66 D6 42 14 AE 25 42 E5 D0 D9 41
1787904440.836174,34680,157f,12,66 66 0B 43 9A 99 03 42 D5 F8 21 42
1787904440.846520,34680,1580,12,66 66 A8 42 E1 7A B8 41 B0 72 D5 42
1787904440.857113,34680,1581,12,CD CC 5C 42 B8 1E 9A 42 5D 8F 5E 42
1787904440.867637,34680,1582,12,CD CC E9 42 A4 70 9E 42 CB 21 75 42
1787904440.878364,34680,1583,12,00 00 06 43 00 00 48 42 B2 1D A7 42
1787904440.888922,34680,1584,12,CD CC 93 42 C2 F5 9A 42 BA 49 FA 41
1787904440.899601,34680,1585,12,66 66 B7 42 85 EB 13 42 37 89 E0 42
1787904440.910095,34680,1586,12,00 00 CE 42 5C 8F FE 41 C2 35 D9 42
1787904440.920738,34680,1587,12,33 33 E7 42 29 5C D3 41 94 98 1F 42
