ts,event,session,payload_len,payload_hex
1787900428.562228,34680,03d1,12,B4 F5 BC 42 90 89 9E 42 00 00 BE 42
1787900428.563150,34680,03d2,12,C0 17 B3 42 31 C1 9A 42 00 00 C0 42
1787900428.564491,34680,03d3,12,16 6F A9 42 E0 C9 94 42 00 00 C2 42
1787900428.565853,34680,03d4,12,CB 14 A0 42 BE E0 8C 42 00 00 C4 42
1787900428.567325,34680,03d5,12,9B 20 97 42 6C 56 83 42 00 00 C6 42
1787900428.569005,34680,03d6,12,6D A9 8E 42 92 18 71 42 00 00 C8 42
1787900428.570375,34680,03d7,12,E7 C4 86 42 E3 E0 59 42 00 00 CA 42
1787900428.571708,34680,03d8,12,2F 0E 7F 42 46 F2 41 42 00 00 CC 42
1787900428.572950,34680,03d9,12,99 05 72 42 E7 41 2A 42 00 00 CE 42
1787900428.574147,34680,03da,12,15 91 66 42 13 C1 13 42 00 00 D0 42
1787900428.575485,34680,03db,12,F2 CD 5C 42 E5 AA FE 41 00 00 D2 42
1787900428.576857,34680,03dc,12,26 D5 54 42 D7 9E DB 41 00 00 D4 42
1787900428.578151,34680,03dd,12,FE BA 4E 42 34 C3 BF 41 00 00 D6 42
1787900428.579474,34680,03de,12,50 8F 4A 42 60 35 AC 41 00 00 D8 42
1787900428.580835,34680,03df,12,A5 5C 48 42 4C BC A1 41 00 00 DA 42
1787900428.582172,34680,03e0,12,9C 28 48 42 DA C2 A0 41 00 00 DC 42
1787900428.583979,34680,03e1,12,BA F3 49 42 FB 52 A9 41 00 00 DE 42
1787900428.585189,34680,03e2,12,80 B9 4D 42 BA 15 BB 41 00 00 E0 42
1787900428.586413,34680,03e3,12,22 70 53 42 25 55 D5 41 00 00 E2 42
1787900428.587708,34680,03e4,12,12 09 5B 42 9D 05 F7 41 00 00 E4 42
1787900428.588939,34680,03e5,12,E1 70 64 42 A8 67 0F 42 00 00 E6 42
1787900428.590303,34680,03e6,12,7F 8F 6F 42 19 8E 25 42 00 00 E8 42
1787900428.591679,34680,03e7,12,BF 48 7C 42 88 14 3D 42 00 00 EA 42
1787900428.593017,34680,03e8,12,CC 3D 85 42 F6 09 55 42 00 00 EC 42
1787900428.594356,34680,03e9,12,F9 01 8D 42 53 7A 6C 42 00 00 EE 42
1787900428.595601,34680,03ea,12,0A 5D 95 42 34 3B 81 42 00 00 A0 41
1787900428.598585,34680,03eb,12,A0 39 9E 42 EC 0E 8B 42 00 00 A8 41
1787900428.599813,34680,03ec,12,3E 81 A7 42 2C 54 93 42 00 00 B0 41
1787900428.601186,34680,03ed,12,CE 1B B1 42 39 B6 99 42 00 00 B8 41
1787900428.602435,34680,03ee,12,EA F0 BA 42 1D F4 9D 42 00 00 C0 41
1787900428.603738,34680,03ef,12,6D E7 C4 42 8E E2 9F 42 00 00 C8 41
1787900428.605080,34680,03f0,12,DB E5 CE 42 D5 6D 9F 42 00 00 D0 41
1787900428.606281,34680,03f1,12,D6 D2 D8 42 86 9A 9C 42 00 00 D8 41
1787900428.607637,34680,03f2,12,97 94 E2 42 93 85 97 42 00 00 E0 41
1787900428.608853,34680,03f3,12,5B 12 EC 42 D0 62 90 42 00 00 E8 41
1787900428.610126,34680,03f4,12,DC 33 F5 42 10 7B 87 42 00 00 F0 41
1787900428.611455,34680,03f5,12,BE E1 FD 42 6E 52 7A 42 00 00 F8 41
1787900428.612803,34680,03f6,12,FB 02 03 43 B6 AC 63 42 00 00 00 42
1787900428.614042,34680,03f7,12,B0 C5 06 43 FB EC 4B 42 00 00 04 42
1787900428.615376,34680,03f8,12,74 2F 0A 43 30 05 34 42 00 00 08 42
1787900428.616588,34680,03f9,12,8D 37 0D 43 4C E9 1C 42 00 00 0C 42
1787900428.617841,34680,03fa,12,39 D6 0F 43 27 85 07 42 00 00 10 42
1787900428.620647,34680,03fb,12,CE 04 12 43 74 65 E9 41 00 00 14 42
1787900428.621994,34680,03fc,12,A3 BD 13 43 AF 65 CA 41 00 00 18 42
1787900428.623349,34680,03fd,12,5C FC 14 43 91 46 B3 41 00 00 1C 42
1787900428.624736,34680,03fe,12,C8 BD 15 43 14 F4 A4 41 00 00 20 42
1787900428.626087,34680,03ff,12,FB FF 15 43 62 00 A0 41 00 00 24 42
1787900428.627501,34680,0400,12,47 C2 15 43 32 9E A4 41 00 00 28 42
1787900428.628906,34680,0401,12,4E 05 15 43 3B 9E B2 41 00 00 2C 42
1787900428.630200,34680,0402,12,F2 CA 13 43 9A 71 C9 41 00 00 30 42
1787900428.632111,34680,0403,12,58 16 12 43 5B 2F E8 41 00 00 34 42
1787900428.633442,34680,0404,12,DB EB 0F 43 E2 CE 06 42 00 00 38 42
1787900428.634892,34680,0405,12,FA 50 0D 43 D8 1F 1C 42 00 00 3C 42
1787900428.636227,34680,0406,12,76 4C 0A 43 31 30 33 42 00 00 40 42
1787900428.638091,34680,0407,12,FD E5 06 43 EF 14 4B 42 00 00 44 42
1787900428.639449,34680,0408,12,41 26 03 43 3A DA 62 42 00 00 48 42
1787900428.640868,34680,0409,12,B0 2D FE 42 78 8D 79 42 00 00 4C 42
1787900428.642151,34680,040a,12,1F 84 F5 42 B1 23 87 42 00 00 50 42
1787900428.643420,34680,040b,12,4C 66 EC 42 D0 19 90 42 00 00 54 42
1787900428.644899,34680,040c,12,5E EB E2 42 DD 4D 97 42 00 00 58 42
1787900428.646352,34680,040d,12,95 2B D9 42 52 76 9C 42 00 00 5C 42
1787900428.647650,34680,040e,12,E2 3F CF 42 8C 5E 9F 42 00 00 60 42
1787900428.649075,34680,040f,12,72 41 C5 42 DD E8 9F 42 00 00 64 42
1787900428.650348,34680,0410,12,38 4A BB 42 BB 0F 9E 42 00 00 68 42
1787900428.651650,34680,0411,12,82 73 B1 42 0C E6 99 42 00 00 6C 42
1787900428.653116,34680,0412,12,78 D6 A7 42 4B 96 93 42 00 00 70 42
1787900428.654537,34680,0413,12,B1 8B 9E 42 E3 60 8B 42 00 00 74 42
1787900428.655783,34680,0414,12,C7 AA 95 42 65 99 81 42 00 00 78 42
1787900428.657051,34680,0415,12,C9 4A 8D 42 01 48 6D 42 00 00 7C 42
1787900428.659626,34680,0416,12,F4 80 85 42 BD E0 55 42 00 00 80 42
1787900428.660985,34680,0417,12,69 C2 7C 42 D8 EB 3D 42 00 00 82 42
1787900428.662504,34680,0418,12,87 FB 6F 42 CF 5D 26 42 00 00 84 42
1787900428.663826,34680,0419,12,BA CD 64 42 9C 26 10 42 00 00 86 42
1787900428.666087,34680,041a,12,0C 56 5B 42 AA 53 F8 41 00 00 88 42
1787900428.668520,34680,041b,12,79 AC 53 42 07 66 D6 41 00 00 8A 42
1787900428.670688,34680,041c,12,98 E4 4D 42 92 DE BB 41 00 00 8C 42
1787900428.671157,34680,041d,12,33 0D 4A 42 07 CC A9 41 00 00 8E 42
1787900428.672585,34680,041e,12,19 30 48 42 C5 E6 A0 41 00 00 90 42
1787900428.673950,34680,041f,12,22 52 48 42 EA 89 A1 41 00 00 92 42
1787900428.675308,34680,0420,12,E7 72 4A 42 B5 AE AB 41 00 00 94 42
1787900428.676650,34680,0421,12,F7 8C 4E 42 9D ED BE 41 00 00 96 42
1787900428.677998,34680,0422,12,D5 95 54 42 3A 82 DA 41 00 00 98 42
1787900428.679778,34680,0423,12,3E 7E 5C 42 CE 53 FD 41 00 00 9A 42
1787900428.681191,34680,0424,12,A7 31 66 42 D4 FE 12 42 00 00 9C 42
1787900428.682649,34680,0425,12,63 97 71 42 B2 70 29 42 00 00 9E 42
1787900428.683975,34680,0426,12,4E 92 7E 42 72 1A 41 42 00 00 A0 42
1787900428.685337,34680,0427,12,99 80 86 42 95 0A 59 42 00 00 A2 42
1787900428.686672,34680,0428,12,BB 5F 8E 42 3E 4D 70 42 00 00 A4 42
1787900428.687969,34680,0429,12,1D D2 96 42 11 FA 82 42 00 00 A6 42
1787900428.689295,34680,042a,12,49 C2 9F 42 60 91 8C 42 00 00 A8 42
1787900428.690623,34680,042b,12,63 19 A9 42 AA 8A 94 42 00 00 AA 42
1787900428.691921,34680,042c,12,86 BF B2 42 8E 94 9A 42 00 00 AC 42
1787900428.693666,34680,042d,12,36 9C BC 42 7A 71 9E 42 00 00 AE 42
1787900428.695166,34680,042e,12,D8 95 C6 42 DA F9 9F 42 00 00 B0 42
1787900428.697270,34680,042f,12,18 93 D0 42 23 1E 9F 42 00 00 B2 42
1787900428.698610,34680,0430,12,6A 7A DA 42 16 E7 9B 42 00 00 B4 42
1787900428.700737,34680,0431,12,78 32 E4 42 85 75 96 42 00 00 B6 42
1787900428.702173,34680,0432,12,95 A2 ED 42 D2 00 8F 42 00 00 B8 42
1787900428.703564,34680,0433,12,3E B2 F6 42 60 D5 85 42 00 00 BA 42
1787900428.704888,34680,0434,12,78 4A FF 42 48 A1 76 42 00 00 BC 42
1787900428.706239,34680,0435,12,A3 AA 03 43 ED BB 5F 42 00 00 BE 42
1787900428.707563,34680,0436,12,0A 5F 07 43 59 E4 47 42 00 00 C0 42
1787900428.708942,34680,0437,12,09 B9 0A 43 69 0D 30 42 00 00 C2 42
1787900428.710264,34680,0438,12,EA AF 0D 43 58 2B 19 42 00 00 C4 42
1787900428.711617,34680,0439,12,2B 3C 10 43 36 27 04 42 00 00 C6 42
1787900428.712997,34680,043a,12,47 57 12 43 FF AE E3 41 00 00 C8 42
1787900428.714456,34680,043b,12,DB FB 13 43 29 EE C5 41 00 00 CA 42
1787900428.717024,34680,043c,12,B8 25 15 43 3B 3B B0 41 00 00 CC 42
1787900428.718457,34680,043d,12,D9 D1 15 43 80 74 A3 41 00 00 CE 42
1787900428.719782,34680,043e,12,8D FE 15 43 DA 1B A0 41 00 00 D0 42
1787900428.721135,34680,043f,12,60 AB 15 43 70 53 A6 41 00 00 D2 42
1787900428.722535,34680,0440,12,28 D9 14 43 CE DB B5 41 00 00 D4 42
1787900428.723824,34680,0441,12,F7 89 13 43 FE 16 CE 41 00 00 D6 42
1787900428.725192,34680,0442,12,32 C1 11 43 C2 0C EE 41 00 00 D8 42
1787900428.726501,34680,0443,12,66 83 0F 43 AA 3B 0A 42 00 00 DA 42
1787900428.727990,34680,0444,12,4E D6 0C 43 50 E7 1F 42 00 00 DC 42
1787900428.729434,34680,0445,12,C2 C0 09 43 2C 2C 37 42 00 00 DE 42
1787900428.730787,34680,0446,12,93 4A 06 43 3C 1D 4F 42 00 00 E0 42
1787900428.732161,34680,0447,12,BF 7C 02 43 3A C5 66 42 00 00 E2 42
1787900428.733509,34680,0448,12,E0 C1 FC 42 30 33 7D 42 00 00 E4 42
1787900428.734945,34680,0449,12,50 03 F4 42 1C C1 88 42 00 00 E6 42
1787900428.736330,34680,044a,12,2E D4 EA 42 85 71 91 42 00 00 E8 42
1787900428.737732,34680,044b,12,C5 4B E1 42 45 52 98 42 00 00 EA 42
1787900428.739160,34680,044c,12,D8 82 D7 42 E5 1C 9D 42 00 00 EC 42
1787900428.740622,34680,044d,12,3D 92 CD 42 A6 A0 9F 42 00 00 EE 42
1787900428.742063,34680,044e,12,63 93 C3 42 DE C3 9F 42 00 00 A0 41
1787900428.743460,34680,044f,12,DA 9F B9 42 26 85 9D 42 00 00 A8 41
1787900428.744787,34680,0450,12,E5 D0 AF 42 4B FB 98 42 00 00 B0 41
1787900428.746197,34680,0451,12,FE 3F A6 42 CB 54 92 42 00 00 B8 41
1787900428.747623,34680,0452,12,69 05 9D 42 74 D5 89 42 00 00 C0 41
1787900428.749078,34680,0453,12,C4 38 94 42 00 A8 7F 42 00 00 C8 41
1787900428.750478,34680,0454,12,8E F0 8B 42 17 6D 69 42 00 00 D0 41
1787900428.751802,34680,0455,12,D2 41 84 42 93 DC 51 42 00 00 D8 41
1787900428.753211,34680,0456,12,08 81 7A 42 DE E7 39 42 00 00 E0 41
1787900428.754678,34680,0457,12,CD FC 6D 42 FF 82 22 42 00 00 E8 41
1787900428.756430,34680,0458,12,F8 16 63 42 B8 9C 0C 42 00 00 F0 41
1787900428.757866,34680,0459,12,66 EB 59 42 11 29 F2 41 00 00 F8 41
1787900428.759282,34680,045a,12,6E 91 52 42 F7 62 D1 41 00 00 00 42
1787900428.760699,34680,045b,12,26 1C 4D 42 E6 36 B8 41 00 00 04 42
1787900428.762104,34680,045c,12,5B 99 49 42 0D A5 A7 41 00 00 08 42
1787900428.763443,34680,045d,12,08 12 48 42 87 56 A0 41 00 00 0C 42
1787900428.764890,34680,045e,12,15 8A 48 42 E7 95 A2 41 00 00 10 42
1787900428.766311,34680,045f,12,61 00 4B 42 8D 4C AE 41 00 00 14 42
1787900428.767596,34680,0460,12,88 6E 4F 42 7A 02 C3 41 00 00 18 42
1787900428.769099,34680,0461,12,3B C9 55 42 74 E4 DF 41 00 00 1C 42
1787900428.770410,34680,0462,12,3A 00 5E 42 DC E5 01 42 00 00 20 42
1787900428.771712,34680,0463,12,82 FE 67 42 EC A4 16 42 00 00 24 42
1787900428.773182,34680,0464,12,C0 AA 73 42 26 5C 2D 42 00 00 28 42
1787900428.774504,34680,0465,12,54 73 80 42 D3 22 45 42 00 00 2C 42
1787900428.776003,34680,0466,12,49 C8 87 42 BB 06 5D 42 00 00 30 42
1787900428.777404,34680,0467,12,80 C1 8F 42 0D 14 74 42 00 00 34 42
1787900428.778780,34680,0468,12,94 4A 98 42 C3 AF 84 42 00 00 38 42
1787900428.780096,34680,0469,12,DC 4D A1 42 14 08 8E 42 00 00 3C 42
1787900428.781392,34680,046a,12,F3 B3 AA 42 3E B3 95 42 00 00 40 42
1787900428.782809,34680,046b,12,F9 64 B4 42 30 63 9B 42 00 00 44 42
1787900428.784228,34680,046c,12,25 48 BE 42 DF DD 9E 42 00 00 48 42
1787900428.785599,34680,046d,12,2C 44 C8 42 C8 FF 9F 42 00 00 4C 42
1787900428.787000,34680,046e,12,B6 3F D2 42 52 BD 9E 42 00 00 50 42
1787900428.788304,34680,046f,12,D8 20 DC 42 62 23 9B 42 00 00 54 42
1787900428.789588,34680,0470,12,7E CE E5 42 BB 56 95 42 00 00 58 42
1787900428.790905,34680,0471,12,E6 2F EF 42 8C 92 8D 42 00 00 5C 42
1787900428.792299,34680,0472,12,14 2D F8 42 17 26 84 42 00 00 60 42
1787900428.793691,34680,0473,12,98 57 00 43 A2 E2 72 42 00 00 64 42
1787900428.795065,34680,0474,12,12 50 04 43 CF C3 5B 42 00 00 68 42
1787900428.797113,34680,0475,12,E6 F5 07 43 46 DB 43 42 00 00 6C 42
1787900428.798483,34680,0476,12,C0 3F 0B 43 07 1D 2C 42 00 00 70 42
1787900428.799767,34680,0477,12,35 25 0E 43 61 7B 15 42 00 00 74 42
1787900428.801217,34680,0478,12,E9 9E 10 43 EC DC 00 42 00 00 78 42
1787900428.802525,34680,0479,12,6E A6 12 43 C5 29 DE 41 00 00 7C 42
1787900428.803843,34680,047a,12,A1 36 14 43 A0 B0 C1 41 00 00 80 42
1787900428.805213,34680,047b,12,82 4B 15 43 01 71 AD 41 00 00 82 42
1787900428.806534,34680,047c,12,4D E2 15 43 8C 39 A2 41 00 00 84 42
1787900428.807804,34680,047d,12,80 F9 15 43 C9 7C A0 41 00 00 86 42
1787900428.809113,34680,047e,12,DE 90 15 43 86 4C A8 41 00 00 88 42
1787900428.810451,34680,047f,12,74 A9 14 43 EA 58 B9 41 00 00 8A 42
1787900428.811715,34680,0480,12,92 45 13 43 F6 F3 D2 41 00 00 8C 42
1787900428.813122,34680,0481,12,C8 68 11 43 59 18 F4 41 00 00 8E 42
1787900428.814427,34680,0482,12,CB 17 0F 43 54 BA 0D 42 00 00 90 42
1787900428.815701,34680,0483,12,A0 58 0C 43 D4 BA 23 42 00 00 92 42
1787900428.817017,34680,0484,12,42 32 09 43 7D 2D 3B 42 00 00 94 42
1787900428.818459,34680,0485,12,C0 AC 05 43 02 23 53 42 00 00 96 42
1787900428.819724,34680,0486,12,1C D1 01 43 DE A6 6A 42 00 00 98 42
1787900428.821151,34680,0487,12,3D 52 FB 42 C0 64 80 42 00 00 9A 42
1787900428.822539,34680,0488,12,26 7F F2 42 12 54 8A 42 00 00 9C 42
1787900428.844476,34680,0489,12,5C 3F E9 42 39 BC 92 42 00 00 9E 42
1787900428.845941,34680,048a,12,88 AA DF 42 6A 47 99 42 00 00 A0 42
1787900428.846469,34680,048b,12,2C D9 D5 42 DD B2 9D 42 00 00 A2 42
1787900428.850960,34680,048c,12,31 E4 CB 42 7B D1 9F 42 00 00 A4 42
1787900428.874141,34680,048d,12,75 E5 C1 42 8E 8D 9F 42 00 00 A6 42
1787900428.877054,34680,048e,12,54 F6 B7 42 DA E9 9C 42 00 00 A8 42
1787900428.906095,34680,048f,12,3A 30 AE 42 50 01 98 42 00 00 AA 42
1787900428.907628,34680,0490,12,24 AC A4 42 08 06 91 42 00 00 AC 42
1787900428.908115,34680,0491,12,3E 82 9B 42 12 3F 88 42 00 00 AE 42
1787900428.919891,34680,0492,12,54 CA 92 42 B1 0C 7C 42 00 00 B0 42
1787900428.921657,34680,0493,12,83 9A 8A 42 0D 88 65 42 00 00 B2 42
1787900428.926591,34680,0494,12,BC 07 83 42 05 D6 4D 42 00 00 B4 42
1787900428.928218,34680,0495,12,BB 4A 78 42 6F E8 35 42 00 00 B6 42
1787900428.937840,34680,0496,12,CF 09 6C 42 0C B3 1E 42 00 00 B8 42
1787900428.938178,34680,0497,12,85 6C 61 42 9E 23 09 42 00 00 BA 42
1787900428.938353,34680,0498,12,C3 8D 58 42 72 2B EC 41 00 00 BC 42
1787900428.939015,34680,0499,12,39 84 51 42 A5 97 CC 41 00 00 BE 42
1787900428.940359,34680,049a,12,E5 61 4C 42 18 CE B4 41 00 00 C0 42
1787900428.945581,34680,049b,12,E0 33 49 42 5C C1 A5 41 00 00 C2 42
1787900428.948776,34680,049c,12,6C 02 48 42 9D 0B A0 41 00 00 C4 42
1787900428.950610,34680,049d,12,7F D0 48 42 BF E6 A3 41 00 00 C6 42
1787900428.953221,34680,049e,12,0C 9C 4B 42 69 2B B1 41 00 00 C8 42
1787900428.953930,34680,049f,12,ED 5D 50 42 31 52 C7 41 00 00 CA 42
1787900428.955393,34680,04a0,12,1C 0A 57 42 AF 79 E5 41 00 00 CC 42
1787900428.957271,34680,04a1,12,45 8F 5F 42 7C 36 05 42 00 00 CE 42
1787900428.957986,34680,04a2,12,BB D7 69 42 BA 59 1A 42 00 00 D0 42
1787900428.959544,34680,04a3,12,2F C9 75 42 DA 4E 31 42 00 00 D2 42
1787900428.961122,34680,04a4,12,8B A2 81 42 90 2B 49 42 00 00 D4 42
1787900428.962839,34680,04a5,12,A0 14 89 42 CB FC 60 42 00 00 D6 42
1787900428.964111,34680,04a6,12,80 27 91 42 8A CE 77 42 00 00 D8 42
1787900428.965558,34680,04a7,12,AA C6 99 42 32 5C 86 42 00 00 DA 42
1787900428.966849,34680,04a8,12,0E DC A2 42 74 72 8F 42 00 00 DC 42
1787900428.968247,34680,04a9,12,72 50 AC 42 4F CD 96 42 00 00 DE 42
1787900428.969543,34680,04aa,12,D7 0B B6 42 C8 21 9C 42 00 00 E0 42
1787900428.970882,34680,04ab,12,F9 F4 BF 42 45 39 9F 42 00 00 E2 42
1787900428.972240,34680,04ac,12,AD F2 C9 42 58 F4 9F 42 00 00 E4 42
1787900428.973574,34680,04ad,12,65 EB D3 42 8C 4B 9E 42 00 00 E6 42
1787900428.974799,34680,04ae,12,A1 C5 DD 42 D0 4F 9A 42 00 00 E8 42
1787900428.976091,34680,04af,12,5C 68 E7 42 A8 29 94 42 00 00 EA 42
1787900428.977425,34680,04b0,12,90 BA F0 42 11 18 8C 42 00 00 EC 42
1787900428.978812,34680,04b1,12,98 A4 F9 42 4C 6D 82 42 00 00 EE 42
1787900428.980105,34680,04b2,12,D3 07 01 43 00 18 6F 42 00 00 A0 41
1787900428.981393,34680,04b3,12,18 F3 04 43 6F C6 57 42 00 00 A8 41
1787900428.982714,34680,04b4,12,28 8A 08 43 67 D3 3F 42 00 00 B0 41
1787900428.983939,34680,04b5,12,AF C3 0B 43 43 34 28 42 00 00 B8 41
1787900428.985264,34680,04b6,12,81 97 0E 43 9D D9 11 42 00 00 C0 41
1787900428.986592,34680,04b7,12,61 FE 10 43 33 4F FB 41 00 00 C8 41
1787900428.987798,34680,04b8,12,2C F2 12 43 A6 D8 D8 41 00 00 D0 41
1787900428.989080,34680,04b9,12,EA 6D 14 43 D7 AE BD 41 00 00 D8 41
1787900428.990278,34680,04ba,12,BF 6D 15 43 0C E8 AA 41 00 00 E0 41
1787900428.991620,34680,04bb,12,26 EF 15 43 4B 43 A1 41 00 00 E8 41
1787900428.992848,34680,04bc,12,D6 F0 15 43 00 23 A1 41 00 00 F0 41
1787900428.994157,34680,04bd,12,C8 72 15 43 72 88 AA 41 00 00 F8 41
1787900428.995409,34680,04be,12,3A 76 14 43 30 14 BD 41 00 00 00 42
1787900428.996739,34680,04bf,12,BA FD 12 43 3B 08 D8 41 00 00 04 42
1787900428.998088,34680,04c0,12,0A 0D 11 43 C7 51 FA 41 00 00 08 42
1787900428.999306,34680,04c1,12,1E A9 0E 43 74 49 11 42 00 00 0C 42
1787900429.000669,34680,04c2,12,14 D8 0B 43 66 98 27 42 00 00 10 42
1787900429.001992,34680,04c3,12,10 A1 08 43 84 32 3F 42 00 00 14 42
1787900429.003308,34680,04c4,12,6A 0C 05 43 06 26 57 42 00 00 18 42
1787900429.004662,34680,04c5,12,3C 23 01 43 EE 7E 6E 42 00 00 1C 42
1787900429.006010,34680,04c6,12,0E DF F9 42 7B 27 82 42 00 00 20 42
1787900429.007255,34680,04c7,12,15 F8 F0 42 C2 DB 8B 42 00 00 24 42
1787900429.008631,34680,04c8,12,22 A8 E7 42 64 F9 93 42 00 00 28 42
1787900429.009968,34680,04c9,12,64 07 DE 42 3F 2D 9A 42 00 00 2C 42
1787900429.011821,34680,04ca,12,4E 2E D4 42 32 38 9E 42 00 00 30 42
1787900429.013209,34680,04cb,12,0F 36 CA 42 FB F0 9F 42 00 00 34 42
1787900429.014571,34680,04cc,12,29 38 C0 42 07 46 9F 42 00 00 38 42
1787900429.015851,34680,04cd,12,F8 4D B6 42 12 3E 9C 42 00 00 3C 42
1787900429.017104,34680,04ce,12,3C 91 AC 42 29 F8 96 42 00 00 40 42
1787900429.018531,34680,04cf,12,AB 1A A3 42 14 AA 8F 42 00 00 44 42
1787900429.019864,34680,04d0,12,78 02 9A 42 60 9E 86 42 00 00 48 42
1787900429.021139,34680,04d1,12,E9 5F 91 42 BC 62 78 42 00 00 4C 42
1787900429.022434,34680,04d2,12,EA 48 89 42 75 9A 61 42 00 00 50 42
1787900429.023681,34680,04d3,12,7F D2 81 42 50 CD 49 42 00 00 54 42
1787900429.025049,34680,04d4,12,27 1F 76 42 C6 ED 31 42 00 00 58 42
1787900429.026401,34680,04d5,12,E8 22 6A 42 7C EF 1A 42 00 00 5C 42
1787900429.027787,34680,04d6,12,E7 CE 5F 42 1C BD 05 42 00 00 60 42
1787900429.029145,34680,04d7,12,68 3D 57 42 46 5D E6 41 00 00 64 42
1787900429.030462,34680,04d8,12,AE 84 50 42 59 04 C8 41 00 00 68 42
1787900429.031776,34680,04d9,12,B7 B5 4B 42 5E A4 B1 41 00 00 6C 42
1787900429.033176,34680,04da,12,D3 DC 48 42 AE 21 A4 41 00 00 70 42
1787900429.034524,34680,04db,12,4A 01 48 42 2D 06 A0 41 00 00 74 42
1787900429.035868,34680,04dc,12,55 25 49 42 F7 7B A5 41 00 00 78 42
1787900429.037220,34680,04dd,12,01 46 4C 42 1F 4B B4 41 00 00 7C 42
1787900429.038589,34680,04de,12,4E 5B 51 42 83 DC CB 41 00 00 80 42
1787900429.039858,34680,04df,12,3A 58 58 42 9D 3F EB 41 00 00 82 42
1787900429.041277,34680,04e0,12,E7 2A 61 42 0E 9A 08 42 00 00 84 42
1787900429.042632,34680,04e1,12,FD BC 6B 42 C1 1B 1E 42 00 00 86 42
1787900429.043894,34680,04e2,12,07 F3 77 42 96 48 35 42 00 00 88 42
1787900429.045161,34680,04e3,12,FE D6 82 42 6F 34 4D 42 00 00 8A 42
1787900429.047551,34680,04e4,12,5D 65 8A 42 29 EB 64 42 00 00 8C 42
1787900429.048959,34680,04e5,12,4F 91 92 42 C2 7A 7B 42 00 00 8E 42
1787900429.050463,34680,04e6,12,19 46 9B 42 AC FE 87 42 00 00 90 42
1787900429.051871,34680,04e7,12,1E 6D A4 42 69 D0 90 42 00 00 92 42
1787900429.053318,34680,04e8,12,22 EF AD 42 CA D8 97 42 00 00 94 42
1787900429.054805,34680,04e9,12,D1 B3 B7 42 0B D0 9C 42 00 00 96 42
1787900429.056211,34680,04ea,12,30 A2 C1 42 7C 83 9F 42 00 00 98 42
1787900429.057597,34680,04eb,12,09 A1 CB 42 8B D7 9F 42 00 00 9A 42
1787900429.059076,34680,04ec,12,68 96 D5 42 D8 C8 9D 42 00 00 9C 42
1787900429.060480,34680,04ed,12,06 69 DF 42 6C 6C 99 42 00 00 9E 42
1787900429.062030,34680,04ee,12,C4 FF E8 42 C7 EE 92 42 00 00 A0 42
1787900429.063364,34680,04ef,12,1A 42 F2 42 28 92 8A 42 00 00 A2 42
1787900429.064831,34680,04f0,12,84 18 FB 42 B2 AB 80 42 00 00 A4 42
1787900429.066193,34680,04f1,12,08 B6 01 43 9D 41 6B 42 00 00 A6 42
1787900429.067712,34680,04f2,12,CF 93 05 43 07 C4 53 42 00 00 A8 42
1787900429.069124,34680,04f3,12,B4 1B 09 43 5E CE 3B 42 00 00 AA 42
1787900429.070548,34680,04f4,12,AF 44 0C 43 26 55 24 42 00 00 AC 42
1787900429.071868,34680,04f5,12,B7 06 0F 43 88 47 0E 42 00 00 AE 42
1787900429.073351,34680,04f6,12,A3 5A 11 43 DD 0E F5 41 00 00 B0 42
1787900429.075629,34680,04f7,12,8D 3A 13 43 F0 BB D3 41 00 00 B2 42
1787900429.076968,34680,04f8,12,AA A1 14 43 62 EA B9 41 00 00 B4 42
1787900429.078432,34680,04f9,12,64 8C 15 43 B0 A1 A8 41 00 00 B6 42
1787900429.079842,34680,04fa,12,62 F8 15 43 2E 92 A0 41 00 00 B8 42
1787900429.081241,34680,04fb,12,8D E4 15 43 71 0E A2 41 00 00 BA 42
1787900429.082828,34680,04fc,12,1B 51 15 43 0F 07 AD 41 00 00 BC 42
1787900429.084161,34680,04fd,12,84 3F 14 43 11 0C C1 41 00 00 BE 42
1787900429.085638,34680,04fe,12,84 B2 12 43 27 51 DD 41 00 00 C0 42
1787900429.087089,34680,04ff,12,08 AE 10 43 48 5B 00 42 00 00 C2 42
1787900429.088557,34680,0500,12,4D 37 0E 43 D5 E8 14 42 00 00 C4 42
1787900429.090040,34680,0501,12,98 54 0B 43 CC 7F 2B 42 00 00 C6 42
1787900429.091488,34680,0502,12,48 0D 08 43 A1 39 43 42 00 00 C8 42
1787900429.092935,34680,0503,12,B0 69 04 43 A7 24 5B 42 00 00 CA 42
1787900429.094259,34680,0504,12,55 73 00 43 67 4B 72 42 00 00 CC 42
1787900429.095711,34680,0505,12,18 68 F8 42 B0 E1 83 42 00 00 CE 42
1787900429.097018,34680,0506,12,B2 6D EF 42 40 58 8D 42 00 00 D0 42
1787900429.098484,34680,0507,12,CD 0E E6 42 88 28 95 42 00 00 D2 42
1787900429.099834,34680,0508,12,A8 62 DC 42 64 03 9B 42 00 00 D4 42
1787900429.101172,34680,0509,12,C0 82 D2 42 9E AC 9E 42 00 00 D6 42
1787900429.102626,34680,050a,12,92 87 C8 42 24 FF 9F 42 00 00 D8 42
1787900429.103920,34680,050b,12,0A 8B BE 42 43 ED 9E 42 00 00 DA 42
1787900429.105265,34680,050c,12,15 A7 B4 42 17 82 9B 42 00 00 DC 42
1787900429.106596,34680,050d,12,3B F4 AA 42 40 E0 95 42 00 00 DE 42
1787900429.107891,34680,050e,12,0B 8C A1 42 A6 41 8E 42 00 00 E0 42
1787900429.109210,34680,050f,12,DA 85 98 42 78 F3 84 42 00 00 E2 42
1787900429.110567,34680,0510,12,1E F9 8F 42 E9 A9 74 42 00 00 E4 42
1787900429.111888,34680,0511,12,02 FC 87 42 EA A5 5D 42 00 00 E6 42
1787900429.113263,34680,0512,12,57 A2 80 42 14 C4 45 42 00 00 E8 42
1787900429.114648,34680,0513,12,F7 FE 73 42 F7 F9 2D 42 00 00 EA 42
1787900429.115954,34680,0514,12,CA 47 68 42 8A 38 17 42 00 00 EC 42
1787900429.117268,34680,0515,12,AB 3D 5E 42 02 69 02 42 00 00 EE 42
1787900429.119054,34680,0516,12,94 FA 55 42 DF C0 E0 41 00 00 A0 41
1787900429.120433,34680,0517,12,00 93 4F 42 F7 AA C3 41 00 00 A8 41
1787900429.121918,34680,0518,12,D2 17 4B 42 5A BB AE 41 00 00 B0 41
1787900429.123237,34680,0519,12,27 94 48 42 1B C6 A2 41 00 00 B8 41
1787900429.124721,34680,051a,12,A4 0E 48 42 42 46 A0 41 00 00 C0 41
1787900429.126579,34680,051b,12,85 88 49 42 DF 54 A7 41 00 00 C8 41
1787900429.127913,34680,051c,12,22 FE 4C 42 74 AA B7 41 00 00 D0 41
1787900429.129382,34680,051d,12,5C 66 52 42 10 9F D0 41 00 00 D8 41
1787900429.130685,34680,051e,12,CA B3 59 42 EA 35 F1 41 00 00 E0 41
1787900429.132041,34680,051f,12,92 D3 62 42 C7 10 0C 42 00 00 E8 41
1787900429.133389,34680,0520,12,E8 AD 6D 42 78 E9 21 42 00 00 F0 41
1787900429.134830,34680,0521,12,E1 27 7A 42 BE 47 39 42 00 00 F8 41
1787900429.136144,34680,0522,12,4D 10 84 42 54 3B 51 42 00 00 00 42
1787900429.137431,34680,0523,12,B8 BA 8B 42 9D D1 68 42 00 00 04 42
1787900429.138824,34680,0524,12,51 FF 93 42 EA 18 7F 42 00 00 08 42
1787900429.140190,34680,0525,12,98 C8 9C 42 8C 96 89 42 00 00 0C 42
1787900429.141500,34680,0526,12,C2 00 A6 42 63 21 92 42 00 00 10 42
1787900429.142835,34680,0527,12,85 8F AF 42 25 D5 98 42 00 00 14 42
1787900429.144331,34680,0528,12,2A 5D B9 42 EF 6D 9D 42 00 00 18 42
1787900429.145831,34680,0529,12,41 50 C3 42 87 BC 9F 42 00 00 1C 42
1787900429.147278,34680,052a,12,F1 4E CD 42 70 A9 9F 42 00 00 20 42
1787900429.148798,34680,052b,12,70 40 D7 42 68 35 9D 42 00 00 24 42
1787900429.150258,34680,052c,12,8A 0A E1 42 AC 79 98 42 00 00 28 42
1787900429.151623,34680,052d,12,F8 94 EA 42 2B A6 91 42 00 00 2C 42
1787900429.156937,34680,052e,12,EE C6 F3 42 B8 00 89 42 00 00 30 42
1787900429.164246,34680,052f,12,92 88 FC 42 FE C3 7D 42 00 00 34 42
1787900429.165713,34680,0530,12,16 62 02 43 04 61 67 42 00 00 38 42
1787900429.167250,34680,0531,12,05 32 06 43 AF BE 4F 42 00 00 3C 42
1787900429.168717,34680,0532,12,A1 AA 09 43 64 CC 37 42 00 00 40 42
1787900429.170128,34680,0533,12,E2 C2 0C 43 79 7F 20 42 00 00 44 42
1787900429.171622,34680,0534,12,C3 72 0F 43 91 C6 0A 42 00 00 48 42
1787900429.173015,34680,0535,12,9C B3 11 43 65 FB EE 41 00 00 4C 42
1787900429.175152,34680,0536,12,7A 7F 13 43 4E D6 CE 41 00 00 50 42
1787900429.179782,34680,0537,12,EC D1 14 43 7A 63 B6 41 00 00 54 42
1787900429.183108,34680,0538,12,79 A7 15 43 D5 9D A6 41 00 00 58 42
1787900429.184360,34680,0539,12,00 FE 15 43 71 26 A0 41 00 00 5C 42
1787900429.185687,34680,053a,12,A8 D4 15 43 CB 3E A3 41 00 00 60 42
1787900429.187269,34680,053b,12,E0 2B 15 43 12 C7 AF 41 00 00 64 42
1787900429.188938,34680,053c,12,4A 05 14 43 54 40 C5 41 00 00 68 42
1787900429.190373,34680,053d,12,DA 63 12 43 12 CF E2 41 00 00 6C 42
1787900429.191773,34680,053e,12,D6 4B 10 43 08 A2 03 42 00 00 70 42
1787900429.193252,34680,053f,12,6E C2 0D 43 02 97 18 42 00 00 74 42
1787900429.194665,34680,0540,12,52 CE 0A 43 FE 6E 2F 42 00 00 78 42
1787900429.196078,34680,0541,12,D4 76 07 43 97 42 47 42 00 00 7C 42
1787900429.197574,34680,0542,12,9C C4 03 43 BD 1D 5F 42 00 00 80 42
1787900429.199038,34680,0543,12,94 82 FF 42 12 0C 76 42 00 00 82 42
1787900429.200519,34680,0544,12,A1 ED F6 42 A8 92 85 42 00 00 84 42
1787900429.201832,34680,0545,12,FE E0 ED 42 44 C8 8E 42 00 00 86 42
1787900429.203274,34680,0546,12,1B 73 E4 42 94 49 96 42 00 00 88 42
1787900429.204758,34680,0547,12,72 BC DA 42 9A C9 9B 42 00 00 8A 42
1787900429.206193,34680,0548,12,3D D6 D0 42 1C 10 9F 42 00 00 8C 42
1787900429.207688,34680,0549,12,0B D9 C6 42 EC FB 9F 42 00 00 8E 42
1787900429.209085,34680,054a,12,2F DF BC 42 93 83 9E 42 00 00 90 42
1787900429.210598,34680,054b,12,67 01 B3 42 F4 B5 9A 42 00 00 92 42
1787900429.211981,34680,054c,12,54 59 A9 42 E5 B9 94 42 00 00 94 42
1787900429.213474,34680,054d,12,06 00 A0 42 D2 CC 8C 42 00 00 96 42
1787900429.214890,34680,054e,12,AC 0C 97 42 06 3F 83 42 00 00 98 42
1787900429.216359,34680,054f,12,DE 96 8E 42 76 E5 70 42 00 00 9A 42
1787900429.217868,34680,0550,12,96 B3 86 42 A4 AA 59 42 00 00 9C 42
1787900429.219293,34680,0551,12,B4 EE 7E 42 7F BB 41 42 00 00 9E 42
1787900429.220764,34680,0552,12,D2 E9 71 42 3B 0D 2A 42 00 00 A0 42
1787900429.222116,34680,0553,12,D1 78 66 42 B8 8F 13 42 00 00 A2 42
1787900429.223495,34680,0554,12,D7 B9 5C 42 66 54 FE 41 00 00 A4 42
1787900429.225187,34680,0555,12,10 C5 54 42 8E 56 DB 41 00 00 A6 42
1787900429.226679,34680,0556,12,41 AF 4E 42 C1 8C BF 41 00 00 A8 42
1787900429.228000,34680,0557,12,1C 88 4A 42 39 13 AC 41 00 00 AA 42
1787900429.229490,34680,0558,12,EB 59 48 42 3A AF A1 41 00 00 AC 42
1787900429.231296,34680,0559,12,6F 2A 48 42 9A CB A0 41 00 00 AE 42
1787900429.232734,34680,055a,12,1E FA 49 42 5B 71 A9 41 00 00 B0 42
1787900429.234074,34680,055b,12,60 C4 4D 42 71 48 BB 41 00 00 B2 42
1787900429.235476,34680,055c,12,42 7F 53 42 94 99 D5 41 00 00 B4 42
1787900429.236920,34680,055d,12,8E 1C 5B 42 34 5A F7 41 00 00 B6 42
1787900429.238310,34680,055e,12,30 88 64 42 A2 97 0F 42 00 00 B8 42
1787900429.239761,34680,055f,12,CE AA 6F 42 A7 C2 25 42 00 00 BA 42
1787900429.241199,34680,0560,12,94 67 7C 42 29 4B 3D 42 00 00 BC 42
1787900429.242591,34680,0561,12,AC 4E 85 42 04 40 55 42 00 00 BE 42
1787900429.243884,34680,0562,12,6F 14 8D 42 90 AE 6C 42 00 00 C0 42
1787900429.245397,34680,0563,12,96 70 95 42 F0 52 81 42 00 00 C2 42
1787900429.247332,34680,0564,12,64 4E 9E 42 B9 23 8B 42 00 00 C4 42
1787900429.248765,34680,0565,12,DC 96 A7 42 02 65 93 42 00 00 C6 42
1787900429.250156,34680,0566,12,DD 31 B1 42 52 C2 99 42 00 00 C8 42
1787900429.251505,34680,0567,12,92 07 BB 42 31 FB 9D 42 00 00 CA 42
1787900429.252971,34680,0568,12,13 FE C4 42 36 E4 9F 42 00 00 CC 42
1787900429.254432,34680,0569,12,A8 FC CE 42 09 6A 9F 42 00 00 CE 42
1787900429.255787,34680,056a,12,5D E9 D8 42 68 91 9C 42 00 00 D0 42
1787900429.257240,34680,056b,12,6E AA E2 42 9E 77 97 42 00 00 D2 42
1787900429.258570,34680,056c,12,AB 27 EC 42 57 50 90 42 00 00 D4 42
1787900429.265973,34680,056d,12,11 48 F5 42 20 65 87 42 00 00 D6 42
1787900429.268481,34680,056e,12,FE F4 FD 42 9E 20 7A 42 00 00 D8 42
1787900429.270782,34680,056f,12,F1 0B 03 43 54 77 63 42 00 00 DA 42
1787900429.275652,34680,0570,12,D4 CD 06 43 A1 B6 4B 42 00 00 DC 42
1787900429.279791,34680,0571,12,D4 36 0A 43 1C CF 33 42 00 00 DE 42
1787900429.281414,34680,0572,12,F6 3D 0D 43 8F B6 1C 42 00 00 E0 42
1787900429.282072,34680,0573,12,B7 DB 0F 43 EC 56 07 42 00 00 E2 42
1787900429.283240,34680,0574,12,45 09 12 43 8F 16 E9 41 00 00 E4 42
1787900429.287080,34680,0575,12,00 C1 13 43 09 28 CA 41 00 00 E6 42
1787900429.289076,34680,0576,12,A4 FE 14 43 96 1B B3 41 00 00 E8 42
1787900429.293000,34680,0577,12,EE BE 15 43 31 DE A4 41 00 00 EA 42
1787900429.294389,34680,0578,12,FF FF 15 43 17 00 A0 41 00 00 EC 42
1787900429.294879,34680,0579,12,27 C1 15 43 B6 B3 A4 41 00 00 EE 42
1787900429.298385,34680,057a,12,11 03 15 43 52 C8 B2 41 00 00 A0 41
1787900429.301094,34680,057b,12,95 C7 13 43 4D AF C9 41 00 00 A8 41
1787900429.306282,34680,057c,12,F2 11 12 43 2D 7D E8 41 00 00 B0 41
1787900429.310445,34680,057d,12,64 E6 0F 43 F5 FC 06 42 00 00 B8 41
1787900429.311194,34680,057e,12,89 4A 0D 43 EA 52 1C 42 00 00 C0 41
1787900429.311740,34680,057f,12,2D 45 0A 43 C1 65 33 42 00 00 C8 41
1787900429.312975,34680,0580,12,CE DD 06 43 C3 4B 4B 42 00 00 D0 41
1787900429.314790,34680,0581,12,64 1D 03 43 37 0F 63 42 00 00 D8 41
1787900429.315116,34680,0582,12,7A 1A FE 42 68 BF 79 42 00 00 E0 41
1787900429.315468,34680,0583,12,C4 6F F5 42 E8 39 87 42 00 00 E8 41
1787900429.315812,34680,0584,12,30 51 EC 42 3C 2C 90 42 00 00 F0 41
1787900429.316535,34680,0585,12,5A D5 E2 42 10 5C 97 42 00 00 F8 41
1787900429.317421,34680,0586,12,43 15 D9 42 7F 7F 9C 42 00 00 00 42
1787900429.318789,34680,0587,12,17 29 CF 42 7E 62 9F 42 00 00 04 42
1787900429.320094,34680,0588,12,9A 2A C5 42 56 E7 9F 42 00 00 08 42
1787900429.321443,34680,0589,12,BF 33 BB 42 DA 08 9E 42 00 00 0C 42
1787900429.322756,34680,058a,12,3E 5D B1 42 FA D9 99 42 00 00 10 42
1787900429.324024,34680,058b,12,04 C1 A7 42 B6 85 93 42 00 00 14 42
1787900429.325420,34680,058c,12,E6 76 9E 42 2E 4C 8B 42 00 00 18 42
1787900429.326797,34680,058d,12,09 97 95 42 87 81 81 42 00 00 1C 42
1787900429.328164,34680,058e,12,72 38 8D 42 4C 14 6D 42 00 00 20 42
1787900429.329502,34680,058f,12,E4 6F 85 42 40 AA 55 42 00 00 24 42
1787900429.331643,34680,0590,12,C2 A3 7C 42 A9 B5 3D 42 00 00 28 42
1787900429.333038,34680,0591,12,1F E0 6F 42 2C 29 26 42 00 00 2C 42
1787900429.334473,34680,0592,12,1E B6 64 42 15 F6 0F 42 00 00 30 42
1787900429.335794,34680,0593,12,A1 42 5B 42 70 FF F7 41 00 00 34 42
1787900429.337252,34680,0594,12,1B 9D 53 42 8F 20 D6 41 00 00 38 42
1787900429.338661,34680,0595,12,B1 D9 4D 42 C8 AB BB 41 00 00 3C 42
1787900429.340007,34680,0596,12,B0 06 4A 42 19 AD A9 41 00 00 40 42
1787900429.341429,34680,0597,12,24 2E 48 42 5E DD A0 41 00 00 44 42
1787900429.342816,34680,0598,12,B8 54 48 42 4F 96 A1 41 00 00 48 42
1787900429.344229,34680,0599,12,0D 7A 4A 42 9B D0 AB 41 00 00 4C 42
1787900429.345644,34680,059a,12,7D 98 4E 42 1B 23 BF 41 00 00 50 42
1787900429.347013,34680,059b,12,D0 A5 54 42 13 CA DA 41 00 00 54 42
1787900429.348459,34680,059c,12,6A 92 5C 42 B2 AA FD 41 00 00 58 42
1787900429.349874,34680,059d,12,9C 49 66 42 A3 2F 13 42 00 00 5C 42
1787900429.351347,34680,059e,12,4F B3 71 42 C0 A5 29 42 00 00 60 42
1787900429.352801,34680,059f,12,6E B1 7E 42 BE 50 41 42 00 00 64 42
1787900429.354196,34680,05a0,12,E0 91 86 42 DE 40 59 42 00 00 68 42
1787900429.355512,34680,05a1,12,6A 72 8E 42 E4 80 70 42 00 00 6C 42
1787900429.357002,34680,05a2,12,D9 E5 96 42 57 11 83 42 00 00 70 42
1787900429.358330,34680,05a3,12,36 D7 9F 42 90 A5 8C 42 00 00 74 42
1787900429.359804,34680,05a4,12,F0 2E A9 42 A0 9A 94 42 00 00 78 42
1787900429.361260,34680,05a5,12,DC D5 B2 42 ED 9F 9A 42 00 00 7C 42
1787900429.362651,34680,05a6,12,EB B2 BC 42 A9 77 9E 42 00 00 80 42
1787900429.363951,34680,05a7,12,80 AC C6 42 99 FA 9F 42 00 00 82 42
1787900429.365415,34680,05a8,12,DD A9 D0 42 6D 19 9F 42 00 00 84 42
1787900429.368764,34680,05a9,12,AE 90 DA 42 30 DD 9B 42 00 00 86 42
1787900429.370215,34680,05aa,12,64 48 E4 42 A9 66 96 42 00 00 88 42
1787900429.371707,34680,05ab,12,C0 B7 ED 42 AE ED 8E 42 00 00 8A 42
1787900429.373379,34680,05ac,12,47 C6 F6 42 E8 BE 85 42 00 00 8C 42
1787900429.374816,34680,05ad,12,82 5D FF 42 BA 6E 76 42 00 00 8E 42
1787900429.376205,34680,05ae,12,66 B3 03 43 9C 86 5F 42 00 00 90 42
1787900429.377636,34680,05af,12,1D 67 07 43 7F AD 47 42 00 00 92 42
1787900429.378987,34680,05b0,12,42 C0 0A 43 AD D7 2F 42 00 00 94 42
1787900429.381087,34680,05b1,12,2A B6 0D 43 4B F9 18 42 00 00 96 42
1787900429.382525,34680,05b2,12,7E 41 10 43 00 FA 03 42 00 00 98 42
1787900429.383895,34680,05b3,12,87 5B 12 43 5D 63 E3 41 00 00 9A 42
1787900429.385333,34680,05b4,12,10 FF 13 43 0F B3 C5 41 00 00 9C 42
1787900429.386688,34680,05b5,12,D1 27 15 43 AA 13 B0 41 00 00 9E 42
1787900429.388032,34680,05b6,12,CE D2 15 43 34 62 A3 41 00 00 A0 42
1787900429.389536,34680,05b7,12,60 FE 15 43 40 1F A0 41 00 00 A2 42
1787900429.390951,34680,05b8,12,12 AA 15 43 56 6C A6 41 00 00 A4 42
1787900429.392409,34680,05b9,12,B6 D6 14 43 A2 09 B6 41 00 00 A6 42
1787900429.393773,34680,05ba,12,6B 86 13 43 B6 57 CE 41 00 00 A8 42
1787900429.395247,34680,05bb,12,A0 BC 11 43 17 5D EE 41 00 00 AA 42
1787900429.396555,34680,05bc,12,C4 7D 0F 43 B6 6A 0A 42 00 00 AC 42
1787900429.397913,34680,05bd,12,C4 CF 0C 43 96 1A 20 42 00 00 AE 42
1787900429.399349,34680,05be,12,43 B9 09 43 7C 62 37 42 00 00 B0 42
1787900429.400663,34680,05bf,12,41 42 06 43 FC 53 4F 42 00 00 B2 42
1787900429.402287,34680,05c0,12,C3 73 02 43 C7 F9 66 42 00 00 B4 42
1787900429.403770,34680,05c1,12,74 AE FC 42 55 64 7D 42 00 00 B6 42
1787900429.405239,34680,05c2,12,F7 EE F3 42 96 D6 88 42 00 00 B8 42
1787900429.406681,34680,05c3,12,C1 BE EA 42 68 83 91 42 00 00 BA 42
1787900429.407998,34680,05c4,12,A8 35 E1 42 AC 5F 98 42 00 00 BC 42
1787900429.409470,34680,05c5,12,75 6C D7 42 34 25 9D 42 00 00 BE 42
1787900429.410901,34680,05c6,12,6C 7B CD 42 AD A3 9F 42 00 00 C0 42
1787900429.412353,34680,05c7,12,C0 7C C3 42 71 C1 9F 42 00 00 C2 42
1787900429.413692,34680,05c8,12,3C 89 B9 42 52 7D 9D 42 00 00 C4 42
1787900429.414993,34680,05c9,12,B9 BA AF 42 66 EE 98 42 00 00 C6 42
1787900429.416370,34680,05ca,12,AA 2A A6 42 7F 43 92 42 00 00 C8 42
1787900429.417815,34680,05cb,12,C8 F0 9C 42 28 C0 89 42 00 00 CA 42
1787900429.419223,34680,05cc,12,62 25 94 42 CD 77 7F 42 00 00 CC 42
1787900429.420663,34680,05cd,12,49 DE 8B 42 66 38 69 42 00 00 CE 42
1787900429.422000,34680,05ce,12,04 31 84 42 E8 A5 51 42 00 00 D0 42
1787900429.423689,34680,05cf,12,F1 62 7A 42 DE B1 39 42 00 00 D2 42
1787900429.424997,34680,05d0,12,04 E2 6D 42 E8 4E 22 42 00 00 D4 42
1787900429.426438,34680,05d1,12,36 00 63 42 7E 6D 0C 42 00 00 D6 42
1787900429.427875,34680,05d2,12,82 D8 59 42 7E D6 F1 41 00 00 D8 42
1787900429.429286,34680,05d3,12,C9 82 52 42 63 20 D1 41 00 00 DA 42
1787900429.430631,34680,05d4,12,FD 11 4D 42 60 07 B8 41 00 00 DC 42
1787900429.431983,34680,05d5,12,9B 93 49 42 AE 89 A7 41 00 00 DE 42
1787900429.433446,34680,05d6,12,D9 10 48 42 DA 50 A0 41 00 00 E0 42
1787900429.434789,34680,05d7,12,75 8D 48 42 0F A6 A2 41 00 00 E2 42
1787900429.436123,34680,05d8,12,4A 08 4B 42 F1 71 AE 41 00 00 E4 42
1787900429.438881,34680,05d9,12,CA 7A 4F 42 20 3B C3 41 00 00 E6 42
1787900429.440175,34680,05da,12,ED D9 55 42 0E 2F E0 41 00 00 E8 42
1787900429.441615,34680,05db,12,E8 14 5E 42 06 12 02 42 00 00 EA 42
1787900429.443051,34680,05dc,12,52 17 68 42 F0 D6 16 42 00 00 EC 42
1787900429.444418,34680,05dd,12,46 C7 73 42 A4 91 2D 42 00 00 EE 42
1787900429.445884,34680,05de,12,2A 83 80 42 31 59 45 42 00 00 A0 41
1787900429.447323,34680,05df,12,D0 D9 87 42 B9 3C 5D 42 00 00 A8 41
1787900429.448726,34680,05e0,12,3E D4 8F 42 9D 46 74 42 00 00 B0 41
1787900429.450168,34680,05e1,12,AA 5E 98 42 BF C6 84 42 00 00 B8 41
1787900429.451547,34680,05e2,12,F0 62 A1 42 A2 1B 8E 42 00 00 C0 41
1787900429.453239,34680,05e3,12,9E C9 AA 42 75 C2 95 42 00 00 C8 41
1787900429.454575,34680,05e4,12,62 7B B4 42 B6 6D 9B 42 00 00 D0 41
1787900429.455885,34680,05e5,12,B2 5E BE 42 1B E3 9E 42 00 00 D8 41
1787900429.457290,34680,05e6,12,06 5B C8 42 9C FF 9F 42 00 00 E0 41
1787900429.459184,34680,05e7,12,72 56 D2 42 B4 B7 9E 42 00 00 E8 41
1787900429.460724,34680,05e8,12,0A 37 DC 42 A4 18 9B 42 00 00 F0 41
1787900429.462154,34680,05e9,12,4E E4 E5 42 1B 47 95 42 00 00 F8 41
1787900429.463630,34680,05ea,12,BE 44 EF 42 EC 7E 8D 42 00 00 00 42
1787900429.465070,34680,05eb,12,19 41 F8 42 EC 0E 84 42 00 00 04 42
1787900429.466526,34680,05ec,12,01 61 00 43 63 AF 72 42 00 00 08 42
1787900429.467867,34680,05ed,12,B7 58 04 43 2A 8E 5B 42 00 00 0C 42
1787900429.469332,34680,05ee,12,D6 FD 07 43 76 A4 43 42 00 00 10 42
1787900429.470798,34680,05ef,12,C4 46 0B 43 26 E8 2B 42 00 00 14 42
1787900429.472152,34680,05f0,12,5A 2B 0E 43 A6 49 15 42 00 00 18 42
1787900429.473737,34680,05f1,12,10 A4 10 43 C8 B0 00 42 00 00 1C 42
1787900429.475183,34680,05f2,12,81 AA 12 43 CE E0 DD 41 00 00 20 42
1787900429.476619,34680,05f3,12,A7 39 14 43 AA 78 C1 41 00 00 24 42
1787900429.478067,34680,05f4,12,66 4D 15 43 35 4D AD 41 00 00 28 42
1787900429.479527,34680,05f5,12,13 E3 15 43 BD 2A A2 41 00 00 2C 42
1787900429.481002,34680,05f6,12,21 F9 15 43 DF 83 A0 41 00 00 30 42
1787900429.482450,34680,05f7,12,5F 8F 15 43 F9 68 A8 41 00 00 34 42
1787900429.483867,34680,05f8,12,D2 A6 14 43 12 8A B9 41 00 00 38 42
1787900429.485189,34680,05f9,12,E0 41 13 43 0A 37 D3 41 00 00 3C 42
1787900429.486623,34680,05fa,12,FE 63 11 43 CF 6B F4 41 00 00 40 42
1787900429.487961,34680,05fb,12,FE 11 0F 43 4D EA 0D 42 00 00 44 42
1787900429.489334,34680,05fc,12,EE 51 0C 43 AE EE 23 42 00 00 48 42
1787900429.490779,34680,05fd,12,9E 2A 09 43 07 64 3B 42 00 00 4C 42
1787900429.492092,34680,05fe,12,5F A4 05 43 26 59 53 42 00 00 50 42
1787900429.493616,34680,05ff,12,EF C7 01 43 5E DB 6A 42 00 00 54 42
1787900429.495007,34680,0600,12,9E 3E FB 42 E6 7C 80 42 00 00 58 42
1787900429.496484,34680,0601,12,A2 6A F2 42 F9 68 8A 42 00 00 5C 42
1787900429.497913,34680,0602,12,CE 29 E9 42 67 CD 92 42 00 00 60 42
1787900429.499328,34680,0603,12,84 94 DF 42 E6 53 99 42 00 00 64 42
1787900429.500740,34680,0604,12,89 C2 D5 42 5D BA 9D 42 00 00 68 42
1787900429.502244,34680,0605,12,5B CD CB 42 97 D3 9F 42 00 00 6C 42
1787900429.503750,34680,0606,12,D7 CE C1 42 37 8A 9F 42 00 00 70 42
1787900429.505183,34680,0607,12,C6 DF B7 42 25 E1 9C 42 00 00 74 42
1787900429.506522,34680,0608,12,56 1A AE 42 BB F3 97 42 00 00 78 42
1787900429.507857,34680,0609,12,C4 96 A4 42 E2 F3 90 42 00 00 7C 42
1787900429.509415,34680,060a,12,C8 6D 9B 42 33 29 88 42 00 00 80 42
1787900429.510916,34680,060b,12,26 B7 92 42 AC DB 7B 42 00 00 82 42
1787900429.512362,34680,060c,12,7A 88 8A 42 E0 52 65 42 00 00 84 42
1787900429.513808,34680,060d,12,56 F7 82 42 B4 9F 4D 42 00 00 86 42
1787900429.515333,34680,060e,12,F6 2C 78 42 38 B2 35 42 00 00 88 42
1787900429.516701,34680,060f,12,A7 EF 6B 42 90 7F 1E 42 00 00 8A 42
1787900429.518195,34680,0610,12,6D 56 61 42 52 F5 08 42 00 00 8C 42
1787900429.519626,34680,0611,12,93 7B 58 42 59 DB EB 41 00 00 8E 42
1787900429.520993,34680,0612,12,6D 76 51 42 94 58 CC 41 00 00 90 42
1787900429.522466,34680,0613,12,66 58 4C 42 82 A1 B4 41 00 00 92 42
1787900429.523856,34680,0614,12,E4 2E 49 42 94 A9 A5 41 00 00 94 42
1787900429.525357,34680,0615,12,00 02 48 42 98 09 A0 41 00 00 96 42
1787900429.526833,34680,0616,12,A3 D4 48 42 8B FA A3 41 00 00 98 42
1787900429.528105,34680,0617,12,A3 A4 4B 42 E6 53 B1 41 00 00 9A 42
1787900429.529555,34680,0618,12,08 6B 50 42 71 8E C7 41 00 00 9C 42
1787900429.530993,34680,0619,12,84 1B 57 42 F2 C6 E5 41 00 00 9E 42
1787900429.532546,34680,061a,12,A1 A4 5F 42 B0 63 05 42 00 00 A0 42
1787900429.534015,34680,061b,12,30 F1 69 42 79 8C 1A 42 00 00 A2 42
1787900429.535452,34680,061c,12,0E E6 75 42 43 84 31 42 00 00 A4 42
1787900429.537035,34680,061d,12,CA B2 81 42 69 62 49 42 00 00 A6 42
1787900429.538490,34680,061e,12,65 26 89 42 6E 32 61 42 00 00 A8 42
1787900429.539843,34680,061f,12,74 3A 91 42 66 00 78 42 00 00 AA 42
1787900429.541317,34680,0620,12,EF DA 99 42 A9 72 86 42 00 00 AC 42
1787900429.542605,34680,0621,12,19 F1 A2 42 30 85 8F 42 00 00 AE 42
1787900429.545546,34680,0622,12,68 66 AC 42 E1 DB 96 42 00 00 B0 42
1787900429.547009,34680,0623,12,53 22 B6 42 72 2B 9C 42 00 00 B2 42
1787900429.548456,34680,0624,12,8F 0B C0 42 9B 3D 9F 42 00 00 B4 42
1787900429.549830,34680,0625,12,86 09 CA 42 40 F3 9F 42 00 00 B6 42
1787900429.551353,34680,0626,12,E4 01 D4 42 16 45 9E 42 00 00 B8 42
1787900429.552840,34680,0627,12,EE DB DD 42 22 44 9A 42 00 00 BA 42
1787900429.554247,34680,0628,12,0D 7E E7 42 48 19 94 42 00 00 BC 42
1787900429.555699,34680,0629,12,41 CF F0 42 D3 03 8C 42 00 00 BE 42
1787900429.556988,34680,062a,12,6D B8 F9 42 A6 55 82 42 00 00 C0 42
1787900429.558467,34680,062b,12,0B 11 01 43 92 E4 6E 42 00 00 C2 42
1787900429.559788,34680,062c,12,B0 FB 04 43 0E 90 57 42 00 00 C4 42
1787900429.561265,34680,062d,12,F4 91 08 43 AF 9C 3F 42 00 00 C6 42
1787900429.562615,34680,062e,12,8C CA 0B 43 D6 FF 27 42 00 00 C8 42
1787900429.563899,34680,062f,12,7C 9D 0E 43 B0 A8 11 42 00 00 CA 42
1787900429.565375,34680,0630,12,51 03 11 43 E2 F9 FA 41 00 00 CC 42
1787900429.567921,34680,0631,12,1A F6 12 43 D5 91 D8 41 00 00 CE 42
1787900429.569198,34680,0632,12,C0 70 14 43 15 7A BD 41 00 00 D0 42
1787900429.570552,34680,0633,12,73 6F 15 43 BA C7 AA 41 00 00 D2 42
1787900429.571831,34680,0634,12,BB EF 15 43 28 38 A1 41 00 00 D4 42
1787900429.573344,34680,0635,12,48 F0 15 43 AB 2D A1 41 00 00 D6 42
1787900429.574798,34680,0636,12,15 71 15 43 AE A8 AA 41 00 00 D8 42
1787900429.576097,34680,0637,12,68 73 14 43 9D 48 BD 41 00 00 DA 42
1787900429.577422,34680,0638,12,DA F9 12 43 27 4E D8 41 00 00 DC 42
1787900429.578715,34680,0639,12,14 08 11 43 97 A7 FA 41 00 00 DE 42
1787900429.580060,34680,063a,12,34 A3 0E 43 E0 79 11 42 00 00 E0 42
1787900429.581392,34680,063b,12,2C D1 0B 43 39 CD 27 42 00 00 E2 42
1787900429.582877,34680,063c,12,48 99 08 43 39 69 3F 42 00 00 E4 42
1787900429.584181,34680,063d,12,E9 03 05 43 F6 5B 57 42 00 00 E6 42
1787900429.585484,34680,063e,12,F2 19 01 43 DD B2 6E 42 00 00 E8 42
1787900429.586951,34680,063f,12,6A CB F9 42 FA 3E 82 42 00 00 EA 42
1787900429.588407,34680,0640,12,3B E3 F0 42 3D F0 8B 42 00 00 EC 42
1787900429.589800,34680,0641,12,74 92 E7 42 D8 09 94 42 00 00 EE 42
1787900429.591244,34680,0642,12,49 F1 DD 42 E9 38 9A 42 00 00 A0 41
1787900429.592546,34680,0643,12,9E 17 D4 42 CE 3E 9E 42 00 00 A8 41
1787900429.593873,34680,0644,12,68 1F CA 42 28 F2 9F 42 00 00 B0 41
1787900429.595585,34680,0645,12,60 21 C0 42 C0 41 9F 42 00 00 B8 41
1787900429.596950,34680,0646,12,7A 37 B6 42 7E 34 9C 42 00 00 C0 41
1787900429.598401,34680,0647,12,72 7B AC 42 CB E9 96 42 00 00 C8 41
1787900429.599826,34680,0648,12,6E 05 A3 42 40 97 8F 42 00 00 D0 41
1787900429.601790,34680,0649,12,5B EE 99 42 27 88 86 42 00 00 D8 41
1787900429.603221,34680,064a,12,C6 4C 91 42 86 30 78 42 00 00 E0 41
1787900429.604669,34680,064b,12,1E 37 89 42 DC 64 61 42 00 00 E8 41
1787900429.605989,34680,064c,12,5C C2 81 42 F0 96 49 42 00 00 F0 41
1787900429.607303,34680,064d,12,F9 01 76 42 DE B7 31 42 00 00 F8 41
1787900429.608854,34680,064e,12,99 09 6A 42 1B BD 1A 42 00 00 00 42
1787900429.610287,34680,064f,12,4A B9 5F 42 68 8F 05 42 00 00 04 42
1787900429.611710,34680,0650,12,ED 2B 57 42 BF 0F E6 41 00 00 08 42
1787900429.613049,34680,0651,12,9D 77 50 42 4C C8 C7 41 00 00 0C 42
1787900429.614381,34680,0652,12,FA AC 4B 42 2D 7B B1 41 00 00 10 42
1787900429.615867,34680,0653,12,A4 D8 48 42 AE 0D A4 41 00 00 14 42
1787900429.617335,34680,0654,12,A1 01 48 42 D3 07 A0 41 00 00 18 42
1787900429.618812,34680,0655,12,3D 2A 49 42 61 93 A5 41 00 00 1C 42
1787900429.620095,34680,0656,12,57 4F 4C 42 FA 76 B4 41 00 00 20 42
1787900429.621428,34680,0657,12,24 69 51 42 CE 1B CC 41 00 00 24 42
1787900429.622783,34680,0658,12,30 6A 58 42 C4 8E EB 41 00 00 28 42
1787900429.624137,34680,0659,12,1E 41 61 42 A6 C8 08 42 00 00 2C 42
1787900429.625597,34680,065a,12,14 D7 6B 42 2C 4F 1E 42 00 00 30 42
1787900429.627058,34680,065b,12,7B 10 78 42 50 7E 35 42 00 00 34 42
1787900429.628525,34680,065c,12,81 E7 82 42 3B 6B 4D 42 00 00 38 42
1787900429.629855,34680,065d,12,38 77 8A 42 ED 1F 65 42 00 00 3C 42
1787900429.631304,34680,065e,12,A2 A4 92 42 48 AC 7B 42 00 00 40 42
1787900429.632741,34680,065f,12,8B 5A 9B 42 9A 14 88 42 00 00 44 42
1787900429.634186,34680,0660,12,4D 82 A4 42 78 E2 90 42 00 00 48 42
1787900429.635503,34680,0661,12,33 05 AE 42 92 E6 97 42 00 00 4C 42
1787900429.636999,34680,0662,12,2C CA B7 42 C3 D8 9C 42 00 00 50 42
1787900429.638336,34680,0663,12,FF B8 C1 42 F2 86 9F 42 00 00 54 42
1787900429.639763,34680,0664,12,E0 B7 CB 42 87 D5 9F 42 00 00 58 42
1787900429.641215,34680,0665,12,DB AC D5 42 80 C1 9D 42 00 00 5C 42
1787900429.642524,34680,0666,12,3E 7F DF 42 EA 5F 99 42 00 00 60 42
1787900429.643867,34680,0667,12,27 15 E9 42 D2 DD 92 42 00 00 64 42
1787900429.645209,34680,0668,12,CF 56 F2 42 23 7D 8A 42 00 00 68 42
1787900429.646661,34680,0669,12,28 2C FB 42 97 93 80 42 00 00 6C 42
1787900429.647940,34680,066a,12,24 BF 01 43 9E 0D 6B 42 00 00 70 42
1787900429.649256,34680,066b,12,46 9C 05 43 70 8D 53 42 00 00 74 42
1787900429.652472,34680,066c,12,4B 23 09 43 46 98 3B 42 00 00 78 42
1787900429.653943,34680,066d,12,74 4B 0C 43 CB 20 24 42 00 00 7C 42
1787900429.655394,34680,066e,12,88 0C 0F 43 78 17 0E 42 00 00 80 42
1787900429.656744,34680,066f,12,66 5F 11 43 DD BB F4 41 00 00 82 42
1787900429.658383,34680,0670,12,4C 3E 13 43 FB 77 D3 41 00 00 84 42
1787900429.659697,34680,0671,12,4B A4 14 43 4F B9 B9 41 00 00 86 42
1787900429.660994,34680,0672,12,EB 8D 15 43 A1 84 A8 41 00 00 88 42
1787900429.662460,34680,0673,12,C6 F8 15 43 B8 8A A0 41 00 00 8A 42
1787900429.663759,34680,0674,12,CE E3 15 43 BE 1C A2 41 00 00 8C 42
1787900429.665237,34680,0675,12,37 4F 15 43 CE 2A AD 41 00 00 8E 42
1787900429.666684,34680,0676,12,8A 3C 14 43 3A 43 C1 41 00 00 90 42
1787900429.667965,34680,0677,12,6E AE 12 43 76 9A DD 41 00 00 92 42
1787900429.669436,34680,0678,12,E6 A8 10 43 4F 87 00 42 00 00 94 42
1787900429.670738,34680,0679,12,3A 31 0E 43 0F 1A 15 42 00 00 96 42
1787900429.672720,34680,067a,12,88 4D 0B 43 17 B5 2B 42 00 00 98 42
1787900429.674070,34680,067b,12,6E 05 08 43 F8 6F 43 42 00 00 9A 42
1787900429.675541,34680,067c,12,0E 61 04 43 54 5A 5B 42 00 00 9C 42
1787900429.676996,34680,067d,12,DA 69 00 43 27 7F 72 42 00 00 9E 42
1787900429.678344,34680,067e,12,44 54 F8 42 B5 F8 83 42 00 00 A0 42
1787900429.679715,34680,067f,12,DE 58 EF 42 F0 6B 8D 42 00 00 A2 42
1787900429.681015,34680,0680,12,30 F9 E5 42 1A 38 95 42 00 00 A4 42
1787900429.682384,34680,0681,12,78 4C DC 42 38 0E 9B 42 00 00 A6 42
1787900429.683724,34680,0682,12,D3 6B D2 42 60 B2 9E 42 00 00 A8 42
1787900429.685074,34680,0683,12,E9 70 C8 42 67 FF 9F 42 00 00 AA 42
1787900429.688447,34680,0684,12,7B 74 BE 42 1E E8 9E 42 00 00 AC 42
1787900429.689930,34680,0685,12,DA 90 B4 42 BF 77 9B 42 00 00 AE 42
1787900429.691402,34680,0686,12,8D DE AA 42 1D D1 95 42 00 00 B0 42
1787900429.692867,34680,0687,12,C5 76 A1 42 FF 2D 8E 42 00 00 B2 42
1787900429.694196,34680,0688,12,EA 71 98 42 BC DC 84 42 00 00 B4 42
1787900429.696533,34680,0689,12,5B E6 8F 42 6B 77 74 42 00 00 B6 42
1787900429.697992,34680,068a,12,9C EA 87 42 6A 70 5D 42 00 00 B8 42
1787900429.699293,34680,068b,12,7A 92 80 42 B5 8D 45 42 00 00 BA 42
1787900429.700672,34680,068c,12,22 E2 73 42 F9 C3 2D 42 00 00 BC 42
1787900429.702479,34680,068d,12,1E 2F 68 42 E0 06 17 42 00 00 BE 42
1787900429.703769,34680,068e,12,EA 28 5E 42 BC 3C 02 42 00 00 C0 42
1787900429.705208,34680,068f,12,F3 E9 55 42 A1 76 E0 41 00 00 C2 42
1787900429.706666,34680,0690,12,AB 86 4F 42 FF 71 C3 41 00 00 C4 42
1787900429.707984,34680,0691,12,C4 0F 4B 42 47 95 AE 41 00 00 C6 42
1787900429.709439,34680,0692,12,BA 90 48 42 B6 B5 A2 41 00 00 C8 42
1787900429.710886,34680,0693,12,BE 0F 48 42 8E 4B A0 41 00 00 CA 42
1787900429.712302,34680,0694,12,23 8E 49 42 A4 6F A7 41 00 00 CC 42
1787900429.713614,34680,0695,12,37 08 4D 42 A3 D9 B7 41 00 00 CE 42
1787900429.715167,34680,0696,12,0D 75 52 42 E7 E1 D0 41 00 00 D0 42
1787900429.716674,34680,0697,12,73 C6 59 42 88 87 F1 41 00 00 D2 42
1787900429.718084,34680,0698,12,43 EA 62 42 EA 3F 0C 42 00 00 D4 42
1787900429.719533,34680,0699,12,66 C8 6D 42 0E 1D 22 42 00 00 D6 42
1787900429.720979,34680,069a,12,E8 45 7A 42 B8 7D 39 42 00 00 D8 42
1787900429.722312,34680,069b,12,39 21 84 42 7A 72 51 42 00 00 DA 42
1787900429.723811,34680,069c,12,CE CC 8B 42 E8 05 69 42 00 00 DC 42
1787900429.725247,34680,069d,12,AC 12 94 42 34 49 7F 42 00 00 DE 42
1787900429.726717,34680,069e,12,08 DD 9C 42 BA AB 89 42 00 00 E0 42
1787900429.728032,34680,069f,12,12 16 A6 42 C2 32 92 42 00 00 E2 42
1787900429.729512,34680,06a0,12,DF A5 AF 42 3C E2 98 42 00 00 E4 42
1787900429.730964,34680,06a1,12,95 73 B9 42 C8 75 9D 42 00 00 E6 42
1787900429.732390,34680,06a2,12,E3 66 C3 42 0D BF 9F 42 00 00 E8 42
1787900429.733781,34680,06a3,12,91 65 CD 42 87 A6 9F 42 00 00 EA 42
1787900429.735111,34680,06a4,12,D4 56 D7 42 30 2D 9D 42 00 00 EC 42
1787900429.736589,34680,06a5,12,DA 20 E1 42 3D 6C 98 42 00 00 EE 42
1787900429.737910,34680,06a6,12,3A AA EA 42 81 94 91 42 00 00 A0 41
1787900429.739327,34680,06a7,12,4C DB F3 42 4D EB 88 42 00 00 A8 41
1787900429.740770,34680,06a8,12,D9 9B FC 42 5B 93 7D 42 00 00 B0 41
1787900429.742084,34680,06a9,12,15 6B 02 43 84 2C 67 42 00 00 B8 41
1787900429.743573,34680,06aa,12,6C 3A 06 43 7A 87 4F 42 00 00 C0 41
1787900429.744964,34680,06ab,12,13 B2 09 43 84 96 37 42 00 00 C8 41
1787900429.746424,34680,06ac,12,70 C9 0C 43 24 4C 20 42 00 00 D0 41
1787900429.747833,34680,06ad,12,5D 78 0F 43 D2 97 0A 42 00 00 D8 41
1787900429.749204,34680,06ae,12,33 B8 11 43 CF AA EE 41 00 00 E0 41
1787900429.750659,34680,06af,12,13 83 13 43 BA 94 CE 41 00 00 E8 41
1787900429.751978,34680,06b0,12,5D D4 14 43 B1 35 B6 41 00 00 F0 41
1787900429.753317,34680,06b1,12,CC A8 15 43 90 84 A6 41 00 00 F8 41
1787900429.754760,34680,06b2,12,32 FE 15 43 B1 22 A0 41 00 00 00 42
1787900429.756090,34680,06b3,12,B8 D3 15 43 B6 50 A3 41 00 00 04 42
1787900429.759036,34680,06b4,12,C8 29 15 43 9E EE AF 41 00 00 08 42
1787900429.761168,34680,06b5,12,20 02 14 43 9B 7A C5 41 00 00 0C 42
1787900429.762615,34680,06b6,12,9F 5F 12 43 6E 1A E3 41 00 00 10 42
1787900429.764870,34680,06b7,12,94 46 10 43 C0 CE 03 42 00 00 14 42
1787900429.767897,34680,06b8,12,32 BC 0D 43 FC C8 18 42 00 00 18 42
1787900429.770185,34680,06b9,12,0C C7 0A 43 26 A5 2F 42 00 00 1C 42
1787900429.771454,34680,06ba,12,D6 6E 07 43 F8 78 47 42 00 00 20 42
1787900429.773973,34680,06bb,12,DC BB 03 43 17 53 5F 42 00 00 24 42
1787900429.776755,34680,06bc,12,BA 6F FF 42 46 3E 76 42 00 00 28 42
1787900429.777143,34680,06bd,12,9E D9 F6 42 2E A9 85 42 00 00 2C 42
1787900429.778106,34680,06be,12,A8 CB ED 42 A4 DB 8E 42 00 00 30 42
1787900429.779522,34680,06bf,12,62 5D E4 42 64 58 96 42 00 00 34 42
1787900429.781314,34680,06c0,12,2F A6 DA 42 96 D3 9B 42 00 00 38 42
1787900429.782666,34680,06c1,12,AB BF D0 42 DF 14 9F 42 00 00 3C 42
1787900429.783971,34680,06c2,12,63 C2 C6 42 46 FB 9F 42 00 00 40 42
1787900429.785754,34680,06c3,12,47 C8 BC 42 6F 7D 9E 42 00 00 44 42
1787900429.787187,34680,06c4,12,40 EB B2 42 C5 AA 9A 42 00 00 48 42
1787900429.788558,34680,06c5,12,C3 43 A9 42 02 AA 94 42 00 00 4C 42
1787900429.789948,34680,06c6,12,42 EB 9F 42 DE B8 8C 42 00 00 50 42
1787900429.791301,34680,06c7,12,EB F8 96 42 CC 27 83 42 00 00 54 42
1787900429.794304,34680,06c8,12,00 84 8E 42 70 B1 70 42 00 00 58 42
1787900429.795737,34680,06c9,12,6E A2 86 42 D8 74 59 42 00 00 5C 42
1787900429.797108,34680,06ca,12,86 CF 7E 42 31 85 41 42 00 00 60 42
1787900429.798439,34680,06cb,12,13 CE 71 42 95 D8 29 42 00 00 64 42
1787900429.799855,34680,06cc,12,C9 60 66 42 D3 5E 13 42 00 00 68 42
1787900429.801183,34680,06cd,12,6B A5 5C 42 88 FC FD 41 00 00 6C 42
1787900429.802503,34680,06ce,12,25 B5 54 42 08 0F DB 41 00 00 70 42
1787900429.803843,34680,06cf,12,A8 A3 4E 42 EE 56 BF 41 00 00 74 42
1787900429.805214,34680,06d0,12,F0 80 4A 42 40 F1 AB 41 00 00 78 42
1787900429.806647,34680,06d1,12,41 57 48 42 75 A2 A1 41 00 00 7C 42
1787900429.808830,34680,06d2,12,55 2C 48 42 B4 D4 A0 41 00 00 80 42
1787900429.810193,34680,06d3,12,7E 00 4A 42 A8 8F A9 41 00 00 82 42
1787900429.811564,34680,06d4,12,33 CF 4D 42 E4 7A BB 41 00 00 84 42
1787900429.812906,34680,06d5,12,6C 8E 53 42 2A DE D5 41 00 00 86 42
1787900429.819964,34680,06d6,12,E7 2F 5B 42 30 AE F7 41 00 00 88 42
1787900429.821327,34680,06d7,12,F0 9F 64 42 7C C8 0F 42 00 00 8A 42
1787900429.823064,34680,06d8,12,E9 C5 6F 42 C9 F6 25 42 00 00 8C 42
1787900429.824414,34680,06d9,12,2C 86 7C 42 54 81 3D 42 00 00 8E 42
1787900429.825747,34680,06da,12,90 5F 85 42 0F 76 55 42 00 00 90 42
1787900429.827093,34680,06db,12,BF 26 8D 42 53 E2 6C 42 00 00 92 42
1787900429.829674,34680,06dc,12,7A 84 95 42 0E 6B 81 42 00 00 94 42
1787900429.831071,34680,06dd,12,FE 62 9E 42 51 38 8B 42 00 00 96 42
1787900429.832440,34680,06de,12,4D AC A7 42 AA 75 93 42 00 00 98 42
1787900429.833850,34680,06df,12,ED 47 B1 42 60 CE 99 42 00 00 9A 42
1787900429.835723,34680,06e0,12,0A 1E BB 42 2A 02 9E 42 00 00 9C 42
1787900429.837227,34680,06e1,12,1D 15 C5 42 DA E5 9F 42 00 00 9E 42
1787900429.838603,34680,06e2,12,42 13 CF 42 38 66 9F 42 00 00 A0 42
1787900429.839926,34680,06e3,12,B1 FF D8 42 51 88 9C 42 00 00 A2 42
1787900429.841350,34680,06e4,12,44 C0 E2 42 9F 69 97 42 00 00 A4 42
1787900429.843525,34680,06e5,12,CA 3C EC 42 FE 3D 90 42 00 00 A6 42
1787900429.844902,34680,06e6,12,9D 5C F5 42 C6 4E 87 42 00 00 A8 42
1787900429.846287,34680,06e7,12,10 08 FE 42 30 EF 79 42 00 00 AA 42
1787900429.847655,34680,06e8,12,D2 14 03 43 62 42 63 42 00 00 AC 42
1787900429.848978,34680,06e9,12,F5 D5 06 43 45 80 4B 42 00 00 AE 42
1787900429.850330,34680,06ea,12,21 3E 0A 43 83 99 33 42 00 00 B0 42
1787900429.851674,34680,06eb,12,78 44 0D 43 FC 82 1C 42 00 00 B2 42
1787900429.853073,34680,06ec,12,26 E1 0F 43 22 29 07 42 00 00 B4 42
1787900429.854460,34680,06ed,12,B0 0D 12 43 79 C8 E8 41 00 00 B6 42
1787900429.855757,34680,06ee,12,5A C4 13 43 8B EA C9 41 00 00 B8 42
1787900429.857134,34680,06ef,12,E6 00 15 43 25 F1 B2 41 00 00 BA 42
1787900429.858590,34680,06f0,12,16 C0 15 43 1E C8 A4 41 00 00 BC 42
1787900429.859807,34680,06f1,12,00 00 16 43 00 00 A0 41 00 00 BE 42
1787900429.861179,34680,06f2,12,07 C0 15 43 3A C9 A4 41 00 00 C0 42
1787900429.862499,34680,06f3,12,D2 00 15 43 97 F2 B2 41 00 00 C2 42
1787900429.865108,34680,06f4,12,3D C4 13 43 A4 EC C9 41 00 00 C4 42
1787900429.866586,34680,06f5,12,76 0D 12 43 7A CC E8 41 00 00 C6 42
1787900429.867906,34680,06f6,12,F7 E0 0F 43 B1 2A 07 42 00 00 C8 42
1787900429.869380,34680,06f7,12,24 44 0D 43 95 85 1C 42 00 00 CA 42
1787900429.871305,34680,06f8,12,E2 3D 0A 43 56 9B 33 42 00 00 CC 42
1787900429.872741,34680,06f9,12,AE D5 06 43 1F 82 4B 42 00 00 CE 42
1787900429.874125,34680,06fa,12,5D 14 03 43 19 45 63 42 00 00 D0 42
1787900429.875627,34680,06fb,12,6A 07 FE 42 DF F0 79 42 00 00 D2 42
1787900429.876940,34680,06fc,12,94 5B F5 42 E7 4F 87 42 00 00 D4 42
1787900429.878438,34680,06fd,12,12 3C EC 42 9E 3E 90 42 00 00 D6 42
1787900429.879841,34680,06fe,12,86 BF E2 42 19 6A 97 42 00 00 D8 42
1787900429.881279,34680,06ff,12,8C FE D8 42 C9 88 9C 42 00 00 DA 42
1787900429.882774,34680,0700,12,7D 12 CF 42 5A 66 9F 42 00 00 DC 42
1787900429.884095,34680,0701,12,F3 13 C5 42 C5 E5 9F 42 00 00 DE 42
1787900429.885494,34680,0702,12,47 1D BB 42 ED 01 9E 42 00 00 E0 42
1787900429.886973,34680,0703,12,2D 47 B1 42 F6 CD 99 42 00 00 E2 42
1787900429.888409,34680,0704,12,33 AB A7 42 CF 74 93 42 00 00 E4 42
1787900429.889859,34680,0705,12,4A 62 9E 42 9E 37 8B 42 00 00 E6 42
1787900429.891195,34680,0706,12,79 83 95 42 D7 69 81 42 00 00 E8 42
1787900429.892672,34680,0707,12,20 26 8D 42 90 E0 6C 42 00 00 EA 42
1787900429.894115,34680,0708,12,FC 5E 85 42 38 74 55 42 00 00 EC 42
1787900429.895470,34680,0709,12,9B 84 7C 42 8C 7E 3D 42 00 00 EE 42
1787900429.896967,34680,070a,12,FC C4 6F 42 02 F5 25 42 00 00 A0 41
1787900429.898270,34680,070b,12,BD 9E 64 42 05 C6 0F 42 00 00 A8 41
1787900429.900337,34680,070c,12,3E 2F 5B 42 54 AB F7 41 00 00 B0 41
1787900429.901814,34680,070d,12,E7 8D 53 42 D4 DB D5 41 00 00 B8 41
1787900429.903266,34680,070e,12,A5 CE 4D 42 4C 78 BB 41 00 00 C0 41
1787900429.904713,34680,070f,12,46 00 4A 42 9E 8E A9 41 00 00 C8 41
1787900429.906198,34680,0710,12,3C 2C 48 42 3D D4 A0 41 00 00 D0 41
1787900429.907656,34680,0711,12,58 57 48 42 E4 A2 A1 41 00 00 D8 41
1787900429.909104,34680,0712,12,2F 81 4A 42 67 F2 AB 41 00 00 E0 41
1787900429.910448,34680,0713,12,40 A4 4E 42 B0 59 BF 41 00 00 E8 41
1787900429.911839,34680,0714,12,B1 B5 54 42 76 11 DB 41 00 00 F0 41
1787900429.913179,34680,0715,12,73 A6 5C 42 F6 00 FE 41 00 00 F8 41
1787900429.914591,34680,0716,12,9A 61 66 42 7E 60 13 42 00 00 00 42
1787900429.915895,34680,0717,12,05 CF 71 42 60 DA 29 42 00 00 04 42
1787900429.917356,34680,0718,12,1E D1 7E 42 FA 87 41 42 00 00 08 42
1787900429.918852,34680,0719,12,04 A3 86 42 AD 76 59 42 00 00 0C 42
1787900429.920310,34680,071a,12,F3 84 8E 42 10 B4 70 42 00 00 10 42
1787900429.921778,34680,071b,12,97 F9 96 42 97 28 83 42 00 00 14 42
1787900429.923202,34680,071c,12,F8 EB 9F 42 8C B9 8C 42 00 00 18 42
1787900429.924625,34680,071d,12,DE 44 A9 42 D3 AA 94 42 00 00 1C 42
1787900429.926011,34680,071e,12,01 EC B2 42 27 AB 9A 42 00 00 20 42
1787900429.927398,34680,071f,12,6F C9 BC 42 BE 7D 9E 42 00 00 24 42
1787900429.928794,34680,0720,12,28 C3 C6 42 4B FB 9F 42 00 00 28 42
1787900429.933133,34680,0721,12,70 C0 D0 42 B6 14 9F 42 00 00 2C 42
1787900429.933407,34680,0722,12,54 A7 DA 42 13 D3 9B 42 00 00 30 42
1787900429.934943,34680,0723,12,1F 5E E4 42 E3 57 96 42 00 00 34 42
1787900429.935276,34680,0724,12,BB CC ED 42 AA DA 8E 42 00 00 38 42
1787900429.935857,34680,0725,12,4C DA F6 42 6A A8 85 42 00 00 3C 42
1787900429.937356,34680,0726,12,5E 70 FF 42 90 3C 76 42 00 00 40 42
1787900429.938898,34680,0727,12,4F BC 03 43 5B 50 5F 42 00 00 44 42
1787900429.940308,34680,0728,12,1C 6F 07 43 1E 77 47 42 00 00 48 42
1787900429.941848,34680,0729,12,6A C7 0A 43 6B A2 2F 42 00 00 4C 42
1787900429.943320,34680,072a,12,68 BC 0D 43 48 C7 18 42 00 00 50 42
1787900429.944746,34680,072b,12,C2 46 10 43 3A CD 03 42 00 00 54 42
1787900429.946237,34680,072c,12,D7 5F 12 43 90 16 E3 41 00 00 58 42
1787900429.947602,34680,072d,12,3C 02 14 43 9F 78 C5 41 00 00 5C 42
1787900429.948981,34680,072e,12,E3 29 15 43 9E EC AF 41 00 00 60 42
1787900429.950445,34680,072f,12,C0 D3 15 43 1A 50 A3 41 00 00 64 42
1787900429.951782,34680,0730,12,30 FE 15 43 D1 22 A0 41 00 00 68 42
1787900429.953138,34680,0731,12,BB A8 15 43 DB 85 A6 41 00 00 6C 42
1787900429.955308,34680,0732,12,48 D4 14 43 40 37 B6 41 00 00 70 42
1787900429.957227,34680,0733,12,E4 82 13 43 07 98 CE 41 00 00 74 42
1787900429.958647,34680,0734,12,0B B8 11 43 8D AD EE 41 00 00 78 42
1787900429.959984,34680,0735,12,2C 78 0F 43 69 99 0A 42 00 00 7C 42
1787900429.961427,34680,0736,12,1A C9 0C 43 C6 4E 20 42 00 00 80 42
1787900429.962834,34680,0737,12,D2 B1 09 43 5A 98 37 42 00 00 82 42
1787900429.964218,34680,0738,12,00 3A 06 43 43 8A 4F 42 00 00 84 42
1787900429.965690,34680,0739,12,C6 6A 02 43 4E 2E 67 42 00 00 86 42
1787900429.967142,34680,073a,12,31 9B FC 42 03 95 7D 42 00 00 88 42
1787900429.968528,34680,073b,12,41 DA F3 42 66 EC 88 42 00 00 8A 42
1787900429.969879,34680,073c,12,80 A9 EA 42 1C 95 91 42 00 00 8C 42
1787900429.971519,34680,073d,12,BA 1F E1 42 EB 6C 98 42 00 00 8E 42
1787900429.973000,34680,073e,12,11 56 D7 42 78 2D 9D 42 00 00 90 42
1787900429.974454,34680,073f,12,CC 64 CD 42 A1 A6 9F 42 00 00 92 42
1787900429.975856,34680,0740,12,BA 65 C3 42 EC BE 9F 42 00 00 94 42
1787900429.977408,34680,0741,12,D1 72 B9 42 84 75 9D 42 00 00 96 42
1787900429.978842,34680,0742,12,BE A4 AF 42 93 E1 98 42 00 00 98 42
1787900429.980244,34680,0743,12,58 15 A6 42 2A 32 92 42 00 00 9A 42
1787900429.981736,34680,0744,12,56 DC 9C 42 01 AB 89 42 00 00 9C 42
1787900429.983084,34680,0745,12,AE 11 94 42 BA 46 7F 42 00 00 9E 42
1787900429.984544,34680,0746,12,30 CC 8B 42 20 04 69 42 00 00 A0 42
1787900429.985870,34680,0747,12,5E 20 84 42 B2 6F 51 42 00 00 A2 42
1787900429.987240,34680,0748,12,E2 44 7A 42 E1 7B 39 42 00 00 A4 42
1787900429.988717,34680,0749,12,7E C7 6D 42 4C 1B 22 42 00 00 A6 42
1787900429.990121,34680,074a,12,19 E9 62 42 7F 3D 0C 42 00 00 A8 42
1787900429.991587,34680,074b,12,D0 C5 59 42 C0 84 F1 41 00 00 AA 42
1787900429.993002,34680,074c,12,4F 74 52 42 88 DE D0 41 00 00 AC 42
1787900429.994501,34680,074d,12,DF 07 4D 42 07 D8 B7 41 00 00 AE 42
1787900429.995856,34680,074e,12,F3 8D 49 42 BA 6E A7 41 00 00 B0 42
1787900429.997204,34680,074f,12,B0 0F 48 42 47 4B A0 41 00 00 B2 42
1787900430.013216,34680,0750,12,D8 90 48 42 44 B6 A2 41 00 00 B4 42
1787900430.043714,34680,0751,12,2C 10 4B 42 32 97 AE 41 00 00 B6 42
1787900430.080791,34680,0752,12,16 87 4F 42 EF 73 C3 41 00 00 B8 42
1787900430.091822,34680,0753,12,84 EA 55 42 28 79 E0 41 00 00 BA 42
1787900430.096310,34680,0754,12,FB 29 5E 42 02 3F 02 42 00 00 BC 42
1787900430.101236,34680,0755,12,F5 2F 68 42 90 08 17 42 00 00 BE 42
1787900430.101605,34680,0756,12,96 E3 73 42 B2 C6 2D 42 00 00 C0 42
1787900430.102155,34680,0757,12,04 93 80 42 8F 8F 45 42 00 00 C2 42
1787900430.103475,34680,0758,12,33 EB 87 42 3D 72 5D 42 00 00 C4 42
1787900430.105070,34680,0759,12,51 E7 8F 42 02 7A 74 42 00 00 C6 42
1787900430.108162,34680,075a,12,98 72 98 42 82 DD 84 42 00 00 C8 42
1787900430.118342,34680,075b,12,D8 77 A1 42 FD 2E 8E 42 00 00 CA 42
1787900430.124051,34680,075c,12,4A DF AA 42 A2 D1 95 42 00 00 CC 42
1787900430.125229,34680,075d,12,9C 91 B4 42 19 78 9B 42 00 00 CE 42
1787900430.127022,34680,075e,12,A4 75 BE 42 62 E8 9E 42 00 00 D0 42
1787900430.129287,34680,075f,12,AF 71 C8 42 65 FF 9F 42 00 00 D2 42
1787900430.130548,34680,0760,12,FB 6C D2 42 16 B2 9E 42 00 00 D4 42
1787900430.131944,34680,0761,12,3A 4D DC 42 DA 0D 9B 42 00 00 D6 42
1787900430.133485,34680,0762,12,EC F9 E5 42 93 37 95 42 00 00 D8 42
1787900430.153365,34680,0763,12,F0 59 EF 42 EE 6A 8D 42 00 00 DA 42
1787900430.154626,34680,0764,12,F0 54 F8 42 EC F7 83 42 00 00 DC 42
1787900430.155884,34680,0765,12,54 6A 00 43 8C 7C 72 42 00 00 DE 42
1787900430.158489,34680,0766,12,5A 61 04 43 80 58 5B 42 00 00 E0 42
1787900430.159996,34680,0767,12,B2 05 08 43 1E 6E 43 42 00 00 E2 42
1787900430.162244,34680,0768,12,E4 4D 0B 43 61 B2 2B 42 00 00 E4 42
1787900430.163532,34680,0769,12,6F 31 0E 43 62 18 15 42 00 00 E6 42
1787900430.164849,34680,076a,12,29 A9 10 43 12 85 00 42 00 00 E8 42
1787900430.166221,34680,076b,12,91 AE 12 43 FC 97 DD 41 00 00 EA 42
1787900430.167677,34680,076c,12,A4 3C 14 43 58 41 C1 41 00 00 EC 42
1787900430.169171,34680,076d,12,50 4F 15 43 FB 28 AD 41 00 00 EE 42
1787900430.170564,34680,076e,12,D5 E3 15 43 41 1C A2 41 00 00 A0 41
1787900430.171773,34680,076f,12,C1 F8 15 43 17 8B A0 41 00 00 A8 41
1787900430.173116,34680,0770,12,DE 8D 15 43 9B 85 A8 41 00 00 B0 41
1787900430.174376,34680,0771,12,34 A4 14 43 FA BA B9 41 00 00 B8 41
1787900430.175736,34680,0772,12,1C 3E 13 43 6F 7B D3 41 00 00 C0 41
1787900430.177177,34680,0773,12,3D 5F 11 43 B0 BE F4 41 00 00 C8 41
1787900430.178604,34680,0774,12,3C 0C 0F 43 E9 19 0E 42 00 00 D0 41
1787900430.179907,34680,0775,12,39 4B 0C 43 90 22 24 42 00 00 D8 41
1787900430.181197,34680,0776,12,09 23 09 43 1D 9A 3B 42 00 00 E0 41
1787900430.182518,34680,0777,12,D8 9B 05 43 37 90 53 42 00 00 E8 41
1787900430.183885,34680,0778,12,D4 BE 01 43 64 0F 6B 42 00 00 F0 41
1787900430.185262,34680,0779,12,28 2B FB 42 D1 94 80 42 00 00 F8 41
1787900430.186640,34680,077a,12,1C 56 F2 42 D9 7D 8A 42 00 00 00 42
1787900430.187889,34680,077b,12,6C 14 E9 42 66 DE 92 42 00 00 04 42
1787900430.189139,34680,077c,12,1D 7E DF 42 8E 60 99 42 00 00 08 42
1787900430.190413,34680,077d,12,17 AC D5 42 C0 C1 9D 42 00 00 0C 42
1787900430.191797,34680,077e,12,B7 B6 CB 42 A2 D5 9F 42 00 00 10 42
1787900430.193156,34680,077f,12,3A B8 C1 42 D5 86 9F 42 00 00 14 42
1787900430.194502,34680,0780,12,6A C9 B7 42 78 D8 9C 42 00 00 18 42
1787900430.195810,34680,0781,12,14 04 AE 42 DF E5 97 42 00 00 1C 42
1787900430.197195,34680,0782,12,94 81 A4 42 DB E1 90 42 00 00 20 42
1787900430.198602,34680,0783,12,80 59 9B 42 7C 13 88 42 00 00 24 42
1787900430.199882,34680,0784,12,FB A3 92 42 9C AA 7B 42 00 00 28 42
1787900430.201166,34680,0785,12,9C 76 8A 42 22 1E 65 42 00 00 2C 42
1787900430.202518,34680,0786,12,AA E6 82 42 71 68 4D 42 00 00 30 42
1787900430.203845,34680,0787,12,7A 0F 78 42 7B 7C 35 42 00 00 34 42
1787900430.205558,34680,0788,12,C0 D5 6B 42 8E 4C 1E 42 00 00 38 42
1787900430.206987,34680,0789,12,5E 40 61 42 13 C7 08 42 00 00 3C 42
1787900430.208204,34680,078a,12,93 69 58 42 12 8C EB 41 00 00 40 42
1787900430.209532,34680,078b,12,6F 68 51 42 96 18 CC 41 00 00 44 42
1787900430.210929,34680,078c,12,06 4F 4C 42 7C 75 B4 41 00 00 48 42
1787900430.212210,34680,078d,12,FD 29 49 42 2F 92 A5 41 00 00 4C 42
1787900430.213604,34680,078e,12,9E 01 48 42 C4 07 A0 41 00 00 50 42
1787900430.214889,34680,078f,12,C9 D8 48 42 5C 0E A4 41 00 00 54 42
1787900430.216276,34680,0790,12,6B AD 4B 42 44 7D B1 41 00 00 58 42
1787900430.217529,34680,0791,12,0F 78 50 42 56 CA C7 41 00 00 5C 42
1787900430.218910,34680,0792,12,D0 2C 57 42 AF 13 E6 41 00 00 60 42
1787900430.220204,34680,0793,12,05 BA 5F 42 F3 90 05 42 00 00 64 42
1787900430.221564,34680,0794,12,76 0A 6A 42 D2 BE 1A 42 00 00 68 42
1787900430.222856,34680,0795,12,75 03 76 42 9C BA 31 42 00 00 6C 42
1787900430.224131,34680,0796,12,E9 C2 81 42 CA 98 49 42 00 00 70 42
1787900430.226058,34680,0797,12,06 38 89 42 96 67 61 42 00 00 74 42
1787900430.227463,34680,0798,12,6B 4D 91 42 38 32 78 42 00 00 78 42
1787900430.228872,34680,0799,12,0A EF 99 42 E9 88 86 42 00 00 7C 42
1787900430.230211,34680,079a,12,82 06 A3 42 36 98 8F 42 00 00 80 42
1787900430.231467,34680,079b,12,31 7C AC 42 49 EA 96 42 00 00 82 42
1787900430.232766,34680,079c,12,9F 38 B6 42 FC 34 9C 42 00 00 84 42
1787900430.234180,34680,079d,12,25 22 C0 42 E5 41 9F 42 00 00 86 42
1787900430.235548,34680,079e,12,2D 20 CA 42 1E F2 9F 42 00 00 88 42
1787900430.236833,34680,079f,12,C6 18 D4 42 78 3E 9E 42 00 00 8A 42
1787900430.238206,34680,07a0,12,0A F2 DD 42 84 38 9A 42 00 00 8C 42
1787900430.239623,34680,07a1,12,8E 93 E7 42 02 09 94 42 00 00 8E 42
1787900430.240984,34680,07a2,12,F0 E3 F0 42 8C EF 8B 42 00 00 90 42
1787900430.242353,34680,07a3,12,15 CC F9 42 2D 3E 82 42 00 00 92 42
1787900430.243724,34680,07a4,12,6B 1A 01 43 39 B0 6E 42 00 00 94 42
1787900430.245007,34680,07a5,12,33 04 05 43 20 5A 57 42 00 00 96 42
1787900430.246420,34680,07a6,12,AD 99 08 43 71 66 3F 42 00 00 98 42
1787900430.247670,34680,07a7,12,68 D1 0B 43 70 CB 27 42 00 00 9A 42
1787900430.249075,34680,07a8,12,68 A3 0E 43 3A 78 11 42 00 00 9C 42
1787900430.250353,34680,07a9,12,54 08 11 43 39 A3 FA 41 00 00 9E 42
1787900430.251732,34680,07aa,12,FC F9 12 43 C5 4B D8 41 00 00 A0 42
1787900430.253093,34680,07ab,12,8D 73 14 43 F1 45 BD 41 00 00 A2 42
1787900430.254468,34680,07ac,12,24 71 15 43 96 A7 AA 41 00 00 A4 42
1787900430.255780,34680,07ad,12,4C F0 15 43 4D 2D A1 41 00 00 A6 42
1787900430.257157,34680,07ae,12,B4 EF 15 43 B7 38 A1 41 00 00 A8 42
1787900430.258507,34680,07af,12,64 6F 15 43 D3 C8 AA 41 00 00 AA 42
1787900430.259776,34680,07b0,12,9B 70 14 43 C3 7C BD 41 00 00 AC 42
1787900430.262293,34680,07b1,12,F8 F5 12 43 39 94 D8 41 00 00 AE 42
1787900430.263768,34680,07b2,12,26 03 11 43 CA FC FA 41 00 00 B0 42
1787900430.265234,34680,07b3,12,2E 9D 0E 43 2D AB 11 42 00 00 B2 42
1787900430.266670,34680,07b4,12,51 CA 0B 43 9F 01 28 42 00 00 B4 42
1787900430.268060,34680,07b5,12,8E 91 08 43 78 9F 3F 42 00 00 B6 42
1787900430.269490,34680,07b6,12,66 FB 04 43 E4 91 57 42 00 00 B8 42
1787900430.270936,34680,07b7,12,BB 10 01 43 53 E6 6E 42 00 00 BA 42
1787900430.272425,34680,07b8,12,6B B7 F9 42 DA 56 82 42 00 00 BC 42
1787900430.273779,34680,07b9,12,8C CE F0 42 84 04 8C 42 00 00 BE 42
1787900430.275262,34680,07ba,12,F3 7C E7 42 1D 1A 94 42 00 00 C0 42
1787900430.276713,34680,07bb,12,2E DB DD 42 88 44 9A 42 00 00 C2 42
1787900430.278146,34680,07bc,12,20 01 D4 42 4F 45 9E 42 00 00 C4 42
1787900430.279604,34680,07bd,12,5D 08 CA 42 4E F3 9F 42 00 00 C6 42
1787900430.280921,34680,07be,12,CA 0A C0 42 75 3D 9F 42 00 00 C8 42
1787900430.282315,34680,07bf,12,2E 21 B6 42 F4 2A 9C 42 00 00 CA 42
1787900430.285591,34680,07c0,12,AA 65 AC 42 63 DB 96 42 00 00 CC 42
1787900430.288309,34680,07c1,12,61 F0 A2 42 8D 84 8F 42 00 00 CE 42
1787900430.290134,34680,07c2,12,E7 D9 99 42 85 71 86 42 00 00 D0 42
1787900430.294117,34680,07c3,12,CF 39 91 42 B3 FE 77 42 00 00 D2 42
1787900430.295751,34680,07c4,12,7D 25 89 42 B4 2F 61 42 00 00 D4 42
1787900430.296434,34680,07c5,12,3E B2 81 42 8F 60 49 42 00 00 D6 42
1787900430.302226,34680,07c6,12,12 E5 75 42 71 82 31 42 00 00 D8 42
1787900430.306499,34680,07c7,12,E4 EF 69 42 E4 89 1A 42 00 00 DA 42
1787900430.309335,34680,07c8,12,E6 A3 5F 42 26 62 05 42 00 00 DC 42
1787900430.310835,34680,07c9,12,A2 1A 57 42 03 C3 E5 41 00 00 DE 42
1787900430.311445,34680,07ca,12,96 6A 50 42 67 8C C7 41 00 00 E0 42
1787900430.312488,34680,07cb,12,58 A4 4B 42 84 52 B1 41 00 00 E2 42
1787900430.313563,34680,07cc,12,6D D4 48 42 88 F9 A3 41 00 00 E4 42
1787900430.315529,34680,07cd,12,03 02 48 42 A9 09 A0 41 00 00 E6 42
1787900430.317540,34680,07ce,12,25 2F 49 42 C8 AA A5 41 00 00 E8 42
1787900430.322855,34680,07cf,12,B8 58 4C 42 04 A3 B4 41 00 00 EA 42
1787900430.324197,34680,07d0,12,E6 76 51 42 BA 5A CC 41 00 00 EC 42
1787900430.325822,34680,07d1,12,7F 7C 58 42 6C DF EB 41 00 00 EE 42
1787900430.329681,34680,07d2,12,2E 57 61 42 E6 F6 08 42 00 00 A0 41
1787900430.332509,34680,07d3,12,FB F0 6B 42 2E 82 1E 42 00 00 A8 41
1787900430.339228,34680,07d4,12,F7 2D 78 42 0C B4 35 42 00 00 B0 41
1787900430.339861,34680,07d5,12,E4 F7 82 42 8D A1 4D 42 00 00 B8 41
1787900430.348215,34680,07d6,12,65 89 8A 42 94 55 65 42 00 00 C0 41
1787900430.354430,34680,07d7,12,CD B7 92 42 58 DD 7B 42 00 00 C8 41
1787900430.358367,34680,07d8,12,D2 6E 9B 42 50 2A 88 42 00 00 D0 41
1787900430.373622,34680,07d9,12,7C 97 A4 42 7F F4 90 42 00 00 D8 41
1787900430.376955,34680,07da,12,15 1B AE 42 32 F4 97 42 00 00 E0 41
1787900430.389285,34680,07db,12,EC E0 B7 42 96 E1 9C 42 00 00 E8 41
1787900430.390128,34680,07dc,12,9C CF C1 42 54 8A 9F 42 00 00 F0 41
1787900430.394616,34680,07dd,12,84 CE CB 42 7C D3 9F 42 00 00 F8 41
1787900430.399699,34680,07de,12,4D C3 D5 42 1C BA 9D 42 00 00 00 42
1787900430.403908,34680,07df,12,44 95 DF 42 79 53 99 42 00 00 04 42
1787900430.405638,34680,07e0,12,E6 2A E9 42 88 CC 92 42 00 00 08 42
1787900430.408518,34680,07e1,12,55 6B F2 42 43 68 8A 42 00 00 0C 42
1787900430.412341,34680,07e2,12,9E 3F FB 42 AC 7B 80 42 00 00 10 42
1787900430.413759,34680,07e3,12,3E C8 01 43 98 D9 6A 42 00 00 14 42
1787900430.415497,34680,07e4,12,A8 A4 05 43 4E 57 53 42 00 00 18 42
1787900430.416593,34680,07e5,12,01 2B 09 43 41 61 3B 42 00 00 1C 42
1787900430.418007,34680,07e6,12,28 52 0C 43 EA EC 23 42 00 00 20 42
1787900430.418588,34680,07e7,12,4A 12 0F 43 DC E7 0D 42 00 00 24 42
1787900430.419361,34680,07e8,12,28 64 11 43 FE 68 F4 41 00 00 28 42
1787900430.420767,34680,07e9,12,01 42 13 43 C1 34 D3 41 00 00 2C 42
1787900430.422580,34680,07ea,12,F4 A6 14 43 91 87 B9 41 00 00 30 42
1787900430.424504,34680,07eb,12,6C 8F 15 43 00 68 A8 41 00 00 34 42
1787900430.426300,34680,07ec,12,26 F9 15 43 83 83 A0 41 00 00 38 42
1787900430.429967,34680,07ed,12,0C E3 15 43 3D 2B A2 41 00 00 3C 42
1787900430.430450,34680,07ee,12,56 4D 15 43 6D 4E AD 41 00 00 40 42
1787900430.431518,34680,07ef,12,80 39 14 43 81 7B C1 41 00 00 44 42
1787900430.432880,34680,07f0,12,5D AA 12 43 4A E3 DD 41 00 00 48 42
1787900430.433533,34680,07f1,12,CD A3 10 43 06 B3 00 42 00 00 4C 42
1787900430.437279,34680,07f2,12,25 2B 0E 43 54 4B 15 42 00 00 50 42
1787900430.438032,34680,07f3,12,86 46 0B 43 F2 E9 2B 42 00 00 54 42
1787900430.438995,34680,07f4,12,6F FD 07 43 3F A7 43 42 00 00 58 42
1787900430.441013,34680,07f5,12,6C 58 04 43 FE 8F 5B 42 00 00 5C 42
1787900430.443369,34680,07f6,12,87 60 00 43 FE B1 72 42 00 00 60 42
1787900430.443879,34680,07f7,12,6C 40 F8 42 B4 0F 84 42 00 00 64 42
1787900430.444279,34680,07f8,12,08 44 EF 42 98 7F 8D 42 00 00 68 42
1787900430.444538,34680,07f9,12,32 E3 E5 42 E6 47 95 42 00 00 6C 42
1787900430.445954,34680,07fa,12,48 36 DC 42 02 19 9B 42 00 00 70 42
1787900430.447297,34680,07fb,12,4A 55 D2 42 FD B7 9E 42 00 00 74 42
1787900430.448549,34680,07fc,12,41 5A C8 42 9E FF 9F 42 00 00 78 42
1787900430.449839,34680,07fd,12,ED 5D BE 42 EE E2 9E 42 00 00 7C 42
1787900430.451159,34680,07fe,12,3F 7A B4 42 2D 6D 9B 42 00 00 80 42
1787900430.452609,34680,07ff,12,E0 C8 AA 42 F1 C1 95 42 00 00 82 42
1787900430.453922,34680,0800,12,DE 61 A1 42 A4 1A 8E 42 00 00 84 42
1787900430.455472,34680,0801,12,FD 5D 98 42 F9 C5 84 42 00 00 86 42
1787900430.456745,34680,0802,12,9A D3 8F 42 E4 44 74 42 00 00 88 42
1787900430.457994,34680,0803,12,EC D8 87 42 FA 39 5D 42 00 00 8A 42
1787900430.459251,34680,0804,12,A0 82 80 42 57 57 45 42 00 00 8C 42
1787900430.460522,34680,0805,12,D3 C5 73 42 EB 8E 2D 42 00 00 8E 42
1787900430.461710,34680,0806,12,7B 16 68 42 40 D5 16 42 00 00 90 42
1787900430.462982,34680,0807,12,33 14 5E 42 84 10 02 42 00 00 92 42
1787900430.464214,34680,0808,12,13 D9 55 42 42 2B E0 41 00 00 94 42
1787900430.465398,34680,0809,12,5F 7A 4F 42 31 39 C3 41 00 00 96 42
1787900430.466666,34680,080a,12,E3 07 4B 42 09 70 AE 41 00 00 98 42
1787900430.467885,34680,080b,12,58 8D 48 42 82 A5 A2 41 00 00 9A 42
1787900430.469133,34680,080c,12,E3 10 48 42 0B 51 A0 41 00 00 9C 42
1787900430.470388,34680,080d,12,E6 93 49 42 10 8B A7 41 00 00 9E 42
1787900430.471684,34680,080e,12,55 12 4D 42 FD 08 B8 41 00 00 A0 42
1787900430.473013,34680,080f,12,88 83 52 42 C4 23 D1 41 00 00 A2 42
1787900430.474426,34680,0810,12,25 D9 59 42 46 D9 F1 41 00 00 A4 42
1787900430.475773,34680,0811,12,FB 00 63 42 19 6F 0C 42 00 00 A6 42
1787900430.477163,34680,0812,12,61 E3 6D 42 8E 51 22 42 00 00 A8 42
1787900430.478477,34680,0813,12,F7 63 7A 42 B5 B3 39 42 00 00 AA 42
1787900430.479770,34680,0814,12,DF 31 84 42 B0 A8 51 42 00 00 AC 42
1787900430.481141,34680,0815,12,E7 DE 8B 42 2D 3A 69 42 00 00 AE 42
1787900430.482559,34680,0816,12,0B 26 94 42 72 79 7F 42 00 00 B0 42
1787900430.483780,34680,0817,12,D4 F1 9C 42 3D C1 89 42 00 00 B2 42
1787900430.485099,34680,0818,12,64 2B A6 42 16 44 92 42 00 00 B4 42
1787900430.486399,34680,0819,12,DA BB AF 42 0E EF 98 42 00 00 B6 42
1787900430.487722,34680,081a,12,00 8A B9 42 96 7D 9D 42 00 00 B8 42
1787900430.489061,34680,081b,12,86 7D C3 42 86 C1 9F 42 00 00 BA 42
1787900430.490437,34680,081c,12,95 7C CD 42 86 A3 9F 42 00 00 BC 42
1787900430.491805,34680,081d,12,38 6D D7 42 EC 24 9D 42 00 00 BE 42
1787900430.493074,34680,081e,12,C8 36 E1 42 FE 5E 98 42 00 00 C0 42
1787900430.494389,34680,081f,12,7A BF EA 42 CE 82 91 42 00 00 C2 42
1787900430.495697,34680,0820,12,A8 EF F3 42 DA D5 88 42 00 00 C4 42
1787900430.497021,34680,0821,12,71 AF FC 42 D6 61 7D 42 00 00 C6 42
1787900430.498393,34680,0822,12,12 74 02 43 FD F7 66 42 00 00 C8 42
1787900430.499753,34680,0823,12,AE 42 06 43 33 51 4F 42 00 00 CA 42
1787900430.501079,34680,0824,12,84 B9 09 43 A7 60 37 42 00 00 CC 42
1787900430.502451,34680,0825,12,FD CF 0C 43 D6 18 20 42 00 00 CE 42
1787900430.503755,34680,0826,12,0E 7E 0F 43 51 68 0A 42 00 00 D0 42
1787900430.505123,34680,0827,12,C8 BC 11 43 5A 5A EE 41 00 00 D2 42
1787900430.506516,34680,0828,12,99 86 13 43 6A 54 CE 41 00 00 D4 42
1787900430.507724,34680,0829,12,CC D6 14 43 16 08 B6 41 00 00 D6 42
1787900430.509006,34680,082a,12,1D AA 15 43 7C 6B A6 41 00 00 D8 42
1787900430.510387,34680,082b,12,62 FE 15 43 13 1F A0 41 00 00 DA 42
1787900430.511766,34680,082c,12,C6 D2 15 43 D3 62 A3 41 00 00 DC 42
1787900430.513110,34680,082d,12,B6 27 15 43 AC 15 B0 41 00 00 DE 42
1787900430.514514,34680,082e,12,F4 FE 13 43 0D B5 C5 41 00 00 E0 42
1787900430.516110,34680,082f,12,62 5B 12 43 EF 65 E3 41 00 00 E2 42
1787900430.517468,34680,0830,12,38 41 10 43 4C FC 03 42 00 00 E4 42
1787900430.518816,34680,0831,12,F4 B5 0D 43 00 FB 18 42 00 00 E6 42
1787900430.520096,34680,0832,12,E4 BF 0A 43 68 DA 2F 42 00 00 E8 42
1787900430.521462,34680,0833,12,D7 66 07 43 59 AF 47 42 00 00 EA 42
1787900430.522888,34680,0834,12,1A B3 03 43 6D 88 5F 42 00 00 EC 42
1787900430.524258,34680,0835,12,8A 5C FF 42 4C 71 76 42 00 00 EE 42
1787900430.525606,34680,0836,12,98 C5 F6 42 AC BF 85 42 00 00 A0 41
1787900430.526860,34680,0837,12,AD B6 ED 42 A7 EE 8E 42 00 00 A8 41
1787900430.528206,34680,0838,12,A7 47 E4 42 2A 67 96 42 00 00 B0 41
1787900430.529554,34680,0839,12,EC 8F DA 42 87 DD 9B 42 00 00 B8 41
1787900430.530818,34680,083a,12,B5 A8 D0 42 AA 19 9F 42 00 00 C0 41
1787900430.532081,34680,083b,12,BB AB C6 42 92 FA 9F 42 00 00 C8 41
1787900430.533467,34680,083c,12,C4 B1 BC 42 59 77 9E 42 00 00 D0 41
1787900430.534823,34680,083d,12,1A D5 B2 42 8A 9F 9A 42 00 00 D8 41
1787900430.536076,34680,083e,12,34 2E A9 42 15 9A 94 42 00 00 E0 41
1787900430.537361,34680,083f,12,26 D6 9F 42 8A A4 8C 42 00 00 E8 41
1787900430.538727,34680,0840,12,2D E5 96 42 8C 10 83 42 00 00 F0 41
1787900430.540009,34680,0841,12,77 71 8E 42 43 7E 70 42 00 00 F8 41
1787900430.541275,34680,0842,12,4A 91 86 42 09 3F 59 42 00 00 00 42
1787900430.542602,34680,0843,12,5F B0 7E 42 E4 4E 41 42 00 00 04 42
1787900430.543915,34680,0844,12,E3 B1 71 42 0D A3 29 42 00 00 08 42
1787900430.545179,34680,0845,12,CB 48 66 42 FA 2D 13 42 00 00 0C 42
1787900430.546624,34680,0846,12,62 91 5C 42 46 A6 FD 41 00 00 10 42
1787900430.547895,34680,0847,12,45 A5 54 42 A6 C7 DA 41 00 00 14 42
1787900430.549290,34680,0848,12,18 98 4E 42 48 21 BF 41 00 00 18 42
1787900430.550662,34680,0849,12,B0 79 4A 42 E1 CE AB 41 00 00 1C 42
1787900430.551880,34680,084a,12,A1 54 48 42 E2 95 A1 41 00 00 20 42
1787900430.553210,34680,084b,12,3D 2E 48 42 D7 DD A0 41 00 00 24 42
1787900430.554570,34680,084c,12,E9 06 4A 42 24 AE A9 41 00 00 28 42
1787900430.555849,34680,084d,12,11 DA 4D 42 83 AD BB 41 00 00 2C 42
1787900430.557090,34680,084e,12,E3 9D 53 42 16 24 D6 41 00 00 30 42
1787900430.558500,34680,084f,12,4A 43 5B 42 4D 02 F8 41 00 00 34 42
1787900430.559843,34680,0850,12,51 B7 64 42 8D F8 0F 42 00 00 38 42
1787900430.561122,34680,0851,12,0C E1 6F 42 F2 2A 26 42 00 00 3C 42
1787900430.562499,34680,0852,12,CD A4 7C 42 81 B7 3D 42 00 00 40 42
1787900430.563821,34680,0853,12,C2 70 85 42 06 AD 55 42 00 00 44 42
1787900430.565078,34680,0854,12,12 39 8D 42 0F 16 6D 42 00 00 48 42
1787900430.566332,34680,0855,12,0A 98 95 42 BE 82 81 42 00 00 4C 42
1787900430.568369,34680,0856,12,9A 77 9E 42 E1 4C 8B 42 00 00 50 42
1787900430.569715,34680,0857,12,BF C1 A7 42 48 86 93 42 00 00 54 42
1787900430.571105,34680,0858,12,60 5E B1 42 97 DA 99 42 00 00 58 42
1787900430.572573,34680,0859,12,83 34 BB 42 16 09 9E 42 00 00 5C 42
1787900430.573969,34680,085a,12,C3 2B C5 42 6A E7 9F 42 00 00 60 42
1787900430.575331,34680,085b,12,DC 29 CF 42 5C 62 9F 42 00 00 64 42
1787900430.576623,34680,085c,12,05 16 D9 42 30 7F 9C 42 00 00 68 42
1787900430.577992,34680,085d,12,79 D6 E2 42 57 5B 97 42 00 00 6C 42
1787900430.579243,34680,085e,12,E8 51 EC 42 9B 2B 90 42 00 00 70 42
1787900430.580719,34680,085f,12,CE 70 F5 42 C7 38 87 42 00 00 74 42
1787900430.582093,34680,0860,12,20 1B FE 42 B8 BD 79 42 00 00 78 42
1787900430.583459,34680,0861,12,B1 1D 03 43 69 0D 63 42 00 00 7C 42
1787900430.584883,34680,0862,12,38 DE 06 43 FA 48 4B 42 00 00 80 42
1787900430.586354,34680,0863,12,6C 45 0A 43 EE 63 33 42 00 00 82 42
1787900430.587730,34680,0864,12,DD 4A 0D 43 51 50 1C 42 00 00 84 42
1787900430.589198,34680,0865,12,94 E6 0F 43 67 FB 06 42 00 00 86 42
1787900430.590628,34680,0866,12,18 12 12 43 86 7A E8 41 00 00 88 42
1787900430.591923,34680,0867,12,C1 C7 13 43 29 AC C9 41 00 00 8A 42
1787900430.593414,34680,0868,12,25 03 15 43 E2 C6 B2 41 00 00 8C 42
1787900430.594766,34680,0869,12,36 C1 15 43 9C B2 A4 41 00 00 8E 42
1787900430.596115,34680,086a,12,FF FF 15 43 19 00 A0 41 00 00 90 42
1787900430.597609,34680,086b,12,E4 BE 15 43 EF DE A4 41 00 00 92 42
1787900430.598931,34680,086c,12,87 FE 14 43 C4 1D B3 41 00 00 94 42
1787900430.600389,34680,086d,12,E3 C0 13 43 22 2A CA 41 00 00 96 42
1787900430.601812,34680,086e,12,0B 09 12 43 91 1A E9 41 00 00 98 42
1787900430.603268,34680,086f,12,87 DB 0F 43 7B 58 07 42 00 00 9A 42
1787900430.604727,34680,0870,12,BE 3D 0D 43 49 B8 1C 42 00 00 9C 42
1787900430.606093,34680,0871,12,74 36 0A 43 DC D1 33 42 00 00 9E 42
1787900430.607414,34680,0872,12,8C CD 06 43 7A B8 4B 42 00 00 A0 42
1787900430.608850,34680,0873,12,7D 0B 03 43 0C 7A 63 42 00 00 A2 42
1787900430.610215,34680,0874,12,58 F4 FD 42 4D 22 7A 42 00 00 A4 42
1787900430.611662,34680,0875,12,61 47 F5 42 DF 65 87 42 00 00 A6 42
1787900430.612987,34680,0876,12,96 26 EC 42 48 51 90 42 00 00 A8 42
1787900430.614331,34680,0877,12,B0 A9 E2 42 18 78 97 42 00 00 AA 42
1787900430.616094,34680,0878,12,38 E8 D8 42 DE 91 9C 42 00 00 AC 42
1787900430.617550,34680,0879,12,E3 FB CE 42 2A 6A 9F 42 00 00 AE 42
1787900430.618982,34680,087a,12,4D FD C4 42 28 E4 9F 42 00 00 B0 42
1787900430.620448,34680,087b,12,6C 06 BB 42 D5 FA 9D 42 00 00 B2 42
1787900430.621792,34680,087c,12,1C 31 B1 42 E8 C1 99 42 00 00 B4 42
1787900430.623271,34680,087d,12,C3 95 A7 42 27 64 93 42 00 00 B6 42
1787900430.624638,34680,087e,12,B1 4D 9E 42 06 23 8B 42 00 00 B8 42
1787900430.626079,34680,087f,12,EB 6F 95 42 21 52 81 42 00 00 BA 42
1787900430.627535,34680,0880,12,7E 13 8D 42 E8 AB 6C 42 00 00 BC 42
1787900430.628844,34680,0881,12,19 4E 85 42 2D 3E 55 42 00 00 BE 42
1787900430.630174,34680,0882,12,03 66 7C 42 61 48 3D 42 00 00 C0 42
1787900430.631659,34680,0883,12,E2 A9 6F 42 E0 C0 25 42 00 00 C2 42
1787900430.633089,34680,0884,12,65 87 64 42 00 96 0F 42 00 00 C4 42
1787900430.634425,34680,0885,12,90 1B 5B 42 E5 55 F7 41 00 00 C6 42
1787900430.635737,34680,0886,12,BE 7E 53 42 3F 97 D5 41 00 00 C8 42
1787900430.637220,34680,0887,12,D3 C3 4D 42 DB 45 BB 41 00 00 CA 42
1787900430.638625,34680,0888,12,E7 F9 49 42 53 70 A9 41 00 00 CC 42
1787900430.639945,34680,0889,12,5F 2A 48 42 4D CB A0 41 00 00 CE 42
1787900430.641289,34680,088a,12,0E 5A 48 42 E3 AF A1 41 00 00 D0 42
1787900430.642588,34680,088b,12,5A 88 4A 42 62 14 AC 41 00 00 D2 42
1787900430.643902,34680,088c,12,DA AF 4E 42 85 8F BF 41 00 00 D4 42
1787900430.645320,34680,088d,12,9B C5 54 42 FE 58 DB 41 00 00 D6 42
1787900430.646762,34680,088e,12,86 BA 5C 42 58 57 FE 41 00 00 D8 42
1787900430.648034,34680,088f,12,0C 7A 66 42 3A 92 13 42 00 00 DA 42
1787900430.649370,34680,0890,12,C4 EA 71 42 06 0F 2A 42 00 00 DC 42
1787900430.651733,34680,0891,12,4E F0 7E 42 48 BE 41 42 00 00 DE 42
1787900430.653061,34680,0892,12,2C B4 86 42 79 AC 59 42 00 00 E0 42
1787900430.654540,34680,0893,12,7F 97 8E 42 34 E7 70 42 00 00 E2 42
1787900430.655860,34680,0894,12,B0 0D 97 42 37 40 83 42 00 00 E4 42
1787900430.657325,34680,0895,12,BB 00 A0 42 80 CD 8C 42 00 00 E6 42
1787900430.658782,34680,0896,12,6F 5A A9 42 B5 BA 94 42 00 00 E8 42
1787900430.660079,34680,0897,12,28 02 B3 42 56 B6 9A 42 00 00 EA 42
1787900430.661560,34680,0898,12,F3 DF BC 42 C7 83 9E 42 00 00 EC 42
1787900430.662879,34680,0899,12,35 DA C6 42 F4 FB 9F 42 00 00 EE 42
1787900430.664181,34680,089a,12,02 D7 D0 42 F2 0F 9F 42 00 00 A0 41
1787900430.665629,34680,089b,12,96 BD DA 42 16 C9 9B 42 00 00 A8 41
1787900430.666976,34680,089c,12,D9 73 E4 42 13 49 96 42 00 00 B0 41
1787900430.668417,34680,089d,12,B5 E1 ED 42 9E C7 8E 42 00 00 B8 41
1787900430.669754,34680,089e,12,A8 EE F6 42 80 91 85 42 00 00 C0 41
1787900430.671099,34680,089f,12,39 83 FF 42 5C 0A 76 42 00 00 C8 41
1787900430.672590,34680,08a0,12,0F C5 03 43 00 1B 5F 42 00 00 D0 41
1787900430.673985,34680,08a1,12,19 77 07 43 BD 40 47 42 00 00 D8 41
1787900430.675429,34680,08a2,12,90 CE 0A 43 2E 6D 2F 42 00 00 E0 41
1787900430.676838,34680,08a3,12,C0 C2 0D 43 72 94 18 42 00 00 E8 41
1787900430.678341,34680,08a4,12,04 4C 10 43 82 A0 03 42 00 00 F0 41
1787900430.679814,34680,08a5,12,12 64 12 43 36 CB E2 41 00 00 F8 41
1787900430.681332,34680,08a6,12,65 05 14 43 58 3E C5 41 00 00 00 42
1787900430.682842,34680,08a7,12,F2 2B 15 43 C0 C5 AF 41 00 00 04 42
1787900430.684187,34680,08a8,12,B4 D4 15 43 E1 3D A3 41 00 00 08 42
1787900430.685586,34680,08a9,12,FE FD 15 43 92 26 A0 41 00 00 0C 42
1787900430.688907,34680,08aa,12,68 A7 15 43 23 9F A6 41 00 00 10 42
1787900430.690391,34680,08ab,12,D6 D1 14 43 09 65 B6 41 00 00 14 42
1787900430.691880,34680,08ac,12,5C 7F 13 43 82 D8 CE 41 00 00 18 42
1787900430.693257,34680,08ad,12,5F B3 11 43 88 FF EE 41 00 00 1C 42
1787900430.694698,34680,08ae,12,92 72 0F 43 28 C8 0A 42 00 00 20 42
1787900430.696049,34680,08af,12,8B C2 0C 43 1C 82 20 42 00 00 24 42
1787900430.697430,34680,08b0,12,60 AA 09 43 3A CE 37 42 00 00 28 42
1787900430.698865,34680,08b1,12,BD 31 06 43 88 C0 4F 42 00 00 2C 42
1787900430.700224,34680,08b2,12,A0 61 02 43 B5 63 67 42 00 00 30 42
1787900430.701771,34680,08b3,12,EA 87 FC 42 A6 C5 7D 42 00 00 34 42
1787900430.703160,34680,08b4,12,E3 C5 F3 42 D2 01 89 42 00 00 38 42
1787900430.704679,34680,08b5,12,3E 94 EA 42 C5 A6 91 42 00 00 3C 42
1787900430.706184,34680,08b6,12,CB 09 E1 42 1E 7A 98 42 00 00 40 42
1787900430.707536,34680,08b7,12,4A 3F D7 42 D4 35 9D 42 00 00 44 42
1787900430.708941,34680,08b8,12,2B 4E CD 42 88 A9 9F 42 00 00 48 42
1787900430.710375,34680,08b9,12,18 4F C3 42 66 BC 9F 42 00 00 4C 42
1787900430.711773,34680,08ba,12,67 5C B9 42 AA 6D 9D 42 00 00 50 42
1787900430.713136,34680,08bb,12,C5 8E AF 42 B5 D4 98 42 00 00 54 42
1787900430.714511,34680,08bc,12,AA FF A5 42 7F 20 92 42 00 00 58 42
1787900430.716331,34680,08bd,12,E6 C7 9C 42 D4 95 89 42 00 00 5C 42
1787900430.717885,34680,08be,12,52 FE 93 42 70 16 7F 42 00 00 60 42
1787900430.719299,34680,08bf,12,1A BA 8B 42 D5 CF 68 42 00 00 64 42
1787900430.720786,34680,08c0,12,BC 0F 84 42 7B 39 51 42 00 00 68 42
1787900430.722142,34680,08c1,12,57 26 7A 42 F9 44 39 42 00 00 6C 42
1787900430.725720,34680,08c2,12,01 AD 6D 42 B6 E7 21 42 00 00 70 42
1787900430.727191,34680,08c3,12,69 D2 62 42 5C 0E 0C 42 00 00 74 42
1787900430.728606,34680,08c4,12,28 B3 59 42 23 33 F1 41 00 00 78 42
1787900430.729989,34680,08c5,12,DE 65 52 42 D4 9C D0 41 00 00 7C 42
1787900430.731500,34680,08c6,12,9E FD 4C 42 0A A8 B7 41 00 00 80 42
1787900430.732883,34680,08c7,12,54 88 49 42 F7 53 A7 41 00 00 82 42
1787900430.734412,34680,08c8,12,96 0E 48 42 FE 45 A0 41 00 00 84 42
1787900430.735885,34680,08c9,12,45 94 48 42 AA C6 A2 41 00 00 86 42
1787900430.737252,34680,08ca,12,18 18 4B 42 A1 BC AE 41 00 00 88 42
1787900430.738789,34680,08cb,12,A2 93 4F 42 E4 AD C3 41 00 00 8A 42
1787900430.740166,34680,08cc,12,24 FB 55 42 67 C3 E0 41 00 00 8C 42
1787900430.741705,34680,08cd,12,BC 3E 5E 42 48 6B 02 42 00 00 8E 42
1787900430.743093,34680,08ce,12,A1 48 68 42 3B 3A 17 42 00 00 90 42
1787900430.744477,34680,08cf,12,EE FF 73 42 C6 FB 2D 42 00 00 92 42
1787900430.745998,34680,08d0,12,28 A3 80 42 DE C6 45 42 00 00 94 42
1787900430.748365,34680,08d1,12,9A FC 87 42 BC A7 5D 42 00 00 96 42
1787900430.749786,34680,08d2,12,14 FA 8F 42 80 AC 74 42 00 00 98 42
1787900430.751302,34680,08d3,12,88 86 98 42 3E F4 84 42 00 00 9A 42
1787900430.752839,34680,08d4,12,C2 8C A1 42 4E 42 8E 42 00 00 9C 42
1787900430.754228,34680,08d5,12,58 F5 AA 42 06 E1 95 42 00 00 9E 42
1787900430.755747,34680,08d6,12,D7 A7 B4 42 71 82 9B 42 00 00 A0 42
1787900430.757275,34680,08d7,12,32 8C BE 42 86 ED 9E 42 00 00 A2 42
1787900430.758746,34680,08d8,12,58 88 C8 42 21 FF 9F 42 00 00 A4 42
1787900430.760535,34680,08d9,12,84 83 D2 42 6D AC 9E 42 00 00 A6 42
1787900430.761944,34680,08da,12,CB 63 DC 42 D5 02 9B 42 00 00 A8 42
1787900430.763471,34680,08db,12,89 0F E6 42 00 28 95 42 00 00 AA 42
1787900430.764984,34680,08dc,12,C4 6E EF 42 3D 57 8D 42 00 00 AC 42
1787900430.766510,34680,08dd,12,C6 68 F8 42 E7 E0 83 42 00 00 AE 42
1787900430.767952,34680,08de,12,A6 73 00 43 AC 49 72 42 00 00 B0 42
1787900430.769488,34680,08df,12,21 6A 04 43 E6 21 5B 42 00 00 B2 42
1787900430.771011,34680,08e0,12,8D 0D 08 43 C7 37 43 42 00 00 B4 42
1787900430.772420,34680,08e1,12,E4 54 0B 43 8B 7D 2B 42 00 00 B6 42
1787900430.773964,34680,08e2,12,82 37 0E 43 28 E7 14 42 00 00 B8 42
1787900430.775414,34680,08e3,12,40 AE 10 43 6B 59 00 42 00 00 BA 42
1787900430.777387,34680,08e4,12,B0 B2 12 43 0E 4E DD 41 00 00 BC 42
1787900430.778853,34680,08e5,12,9E 3F 14 43 31 0A C1 41 00 00 BE 42
1787900430.780232,34680,08e6,12,2F 51 15 43 8D 05 AD 41 00 00 C0 42
1787900430.781610,34680,08e7,12,94 E4 15 43 F6 0D A2 41 00 00 C2 42
1787900430.783048,34680,08e8,12,5E F8 15 43 81 92 A0 41 00 00 C4 42
1787900430.784532,34680,08e9,12,53 8C 15 43 EC A2 A8 41 00 00 C6 42
1787900430.786024,34680,08ea,12,93 A1 14 43 0F EC B9 41 00 00 C8 42
1787900430.787535,34680,08eb,12,64 3A 13 43 D2 BE D3 41 00 00 CA 42
1787900430.788912,34680,08ec,12,79 5A 11 43 B0 11 F5 41 00 00 CC 42
1787900430.790821,34680,08ed,12,78 06 0F 43 90 49 0E 42 00 00 CE 42
1787900430.792174,34680,08ee,12,66 44 0C 43 5E 57 24 42 00 00 D0 42
1787900430.793617,34680,08ef,12,72 1B 09 43 35 D0 3B 42 00 00 D2 42
1787900430.795130,34680,08f0,12,73 93 05 43 56 C6 53 42 00 00 D4 42
1787900430.796517,34680,08f1,12,B8 B5 01 43 62 43 6B 42 00 00 D6 42
1787900430.797906,34680,08f2,12,AF 17 FB 42 B6 AC 80 42 00 00 D8 42
1787900430.799775,34680,08f3,12,39 41 F2 42 0C 93 8A 42 00 00 DA 42
1787900430.801311,34680,08f4,12,0A FF E8 42 5B EF 92 42 00 00 DC 42
1787900430.802831,34680,08f5,12,16 68 DF 42 F3 6C 99 42 00 00 DE 42
1787900430.804222,34680,08f6,12,A5 95 D5 42 18 C9 9D 42 00 00 E0 42
1787900430.805764,34680,08f7,12,12 A0 CB 42 A0 D7 9F 42 00 00 E2 42
1787900430.807140,34680,08f8,12,39 A1 C1 42 57 83 9F 42 00 00 E4 42
1787900430.808646,34680,08f9,12,0E B3 B7 42 BE CF 9C 42 00 00 E6 42
1787900430.810169,34680,08fa,12,33 EE AD 42 34 D8 97 42 00 00 E8 42
1787900430.811643,34680,08fb,12,66 6C A4 42 CB CF 90 42 00 00 EA 42
1787900430.813153,34680,08fc,12,3B 45 9B 42 BF FD 87 42 00 00 EC 42
1787900430.814651,34680,08fd,12,7E 90 92 42 A9 78 7B 42 00 00 EE 42
1787900430.815988,34680,08fe,12,C2 64 8A 42 5D E9 64 42 00 00 A0 41
1787900430.817464,34680,08ff,12,4A D6 82 42 1D 32 4D 42 00 00 A8 41
1787900430.818911,34680,0900,12,06 F2 77 42 C2 46 35 42 00 00 B0 41
1787900430.820882,34680,0901,12,E2 BB 6B 42 94 19 1E 42 00 00 B8 41
1787900430.822307,34680,0902,12,F7 29 61 42 15 98 08 42 00 00 C0 41
1787900430.823689,34680,0903,12,9D 57 58 42 EB 3C EB 41 00 00 C8 41
1787900430.825211,34680,0904,12,B8 5A 51 42 D5 D9 CB 41 00 00 D0 41
1787900430.826703,34680,0905,12,B0 45 4C 42 A1 49 B4 41 00 00 D8 41
1787900430.828068,34680,0906,12,21 25 49 42 FB 7A A5 41 00 00 E0 41
1787900430.829478,34680,0907,12,46 01 48 42 1C 06 A0 41 00 00 E8 41
1787900430.830993,34680,0908,12,F8 DC 48 42 5D 22 A4 41 00 00 F0 41
1787900430.832438,34680,0909,12,17 B6 4B 42 1D A6 B1 41 00 00 F8 41
1787900430.833920,34680,090a,12,20 85 50 42 65 06 C8 41 00 00 00 42
1787900430.835738,34680,090b,12,26 3E 57 42 8F 60 E6 41 00 00 04 42
1787900430.837263,34680,090c,12,D1 CF 5F 42 0C BF 05 42 00 00 08 42
1787900430.838785,34680,090d,12,C4 23 6A 42 34 F1 1A 42 00 00 0C 42
1787900430.840123,34680,090e,12,64 20 76 42 0E F0 31 42 00 00 10 42
1787900430.841655,34680,090f,12,0C D3 81 42 2A CF 49 42 00 00 14 42
1787900430.843036,34680,0910,12,AA 49 89 42 BA 9C 61 42 00 00 18 42
1787900430.844369,34680,0911,12,B8 60 91 42 DC 64 78 42 00 00 1C 42
1787900430.845899,34680,0912,12,28 03 9A 42 22 9F 86 42 00 00 20 42
1787900430.847282,34680,0913,12,91 1B A3 42 E0 AA 8F 42 00 00 24 42
1787900430.848661,34680,0914,12,FA 91 AC 42 A6 F8 96 42 00 00 28 42
1787900430.851223,34680,0915,12,EC 4E B6 42 79 3E 9C 42 00 00 2C 42
1787900430.852621,34680,0916,12,20 39 C0 42 35 46 9F 42 00 00 30 42
1787900430.854168,34680,0917,12,D5 36 CA 42 F0 F0 9F 42 00 00 34 42
1787900430.855511,34680,0918,12,43 2F D4 42 EA 37 9E 42 00 00 38 42
1787900430.857705,34680,0919,12,25 08 DE 42 DA 2C 9A 42 00 00 3C 42
1787900430.859202,34680,091a,12,0D A9 E7 42 B2 F8 93 42 00 00 40 42
1787900430.860718,34680,091b,12,F7 F8 F0 42 E4 DA 8B 42 00 00 44 42
1787900430.862227,34680,091c,12,BA DF F9 42 AE 26 82 42 00 00 48 42
1787900430.863756,34680,091d,12,A1 23 01 43 BB 7C 6E 42 00 00 4C 42
1787900430.865268,34680,091e,12,B4 0C 05 43 30 24 57 42 00 00 50 42
1787900430.866692,34680,091f,12,64 A1 08 43 34 30 3F 42 00 00 54 42
1787900430.868025,34680,0920,12,5F D8 0B 43 2A 96 27 42 00 00 58 42
1787900430.869420,34680,0921,12,52 A9 0E 43 CE 47 11 42 00 00 5C 42
1787900430.870785,34680,0922,12,3F 0D 11 43 26 4E FA 41 00 00 60 42
1787900430.873874,34680,0923,12,DC FD 12 43 DA 05 D8 41 00 00 64 42
1787900430.875391,34680,0924,12,58 76 14 43 F8 11 BD 41 00 00 68 42
1787900430.876908,34680,0925,12,DA 72 15 43 16 87 AA 41 00 00 6C 42
1787900430.878273,34680,0926,12,DA F0 15 43 A4 22 A1 41 00 00 70 42
1787900430.881341,34680,0927,12,20 EF 15 43 C5 43 A1 41 00 00 74 42
1787900430.882784,34680,0928,12,B0 6D 15 43 27 E9 AA 41 00 00 78 42
1787900430.884640,34680,0929,12,CA 6D 14 43 14 B1 BD 41 00 00 7C 42
1787900430.886645,34680,092a,12,02 F2 12 43 A6 DB D8 41 00 00 80 42
1787900430.891964,34680,092b,12,36 FE 10 43 1C 52 FB 41 00 00 82 42
1787900430.893440,34680,092c,12,40 97 0E 43 B0 DB 11 42 00 00 84 42
1787900430.894951,34680,092d,12,73 C3 0B 43 0C 36 28 42 00 00 86 42
1787900430.896318,34680,092e,12,D4 89 08 43 B8 D5 3F 42 00 00 88 42
1787900430.897774,34680,092f,12,BC F2 04 43 BC C8 57 42 00 00 8A 42
1787900430.899290,34680,0930,12,82 07 01 43 C1 19 6F 42 00 00 8C 42
1787900430.900717,34680,0931,12,C1 A3 F9 42 4C 6E 82 42 00 00 8E 42
1787900430.902220,34680,0932,12,DC B9 F0 42 C2 18 8C 42 00 00 90 42
1787900430.903692,34680,0933,12,70 67 E7 42 59 2A 94 42 00 00 92 42
1787900430.905102,34680,0934,12,AF C4 DD 42 4E 50 9A 42 00 00 94 42
1787900430.906691,34680,0935,12,A1 EA D3 42 C4 4B 9E 42 00 00 96 42
1787900430.908096,34680,0936,12,B5 F1 C9 42 64 F4 9F 42 00 00 98 42
1787900430.910673,34680,0937,12,34 F4 BF 42 1F 39 9F 42 00 00 9A 42
1787900430.915370,34680,0938,12,E4 0A B6 42 5F 21 9C 42 00 00 9C 42
1787900430.916897,34680,0939,12,84 4F AC 42 B0 CC 96 42 00 00 9E 42
1787900430.918365,34680,093a,12,56 DB A2 42 D0 71 8F 42 00 00 A0 42
1787900430.919770,34680,093b,12,CE C5 99 42 3E 5B 86 42 00 00 A2 42
1787900430.921239,34680,093c,12,DB 26 91 42 D7 CC 77 42 00 00 A4 42
1787900430.922621,34680,093d,12,E0 13 89 42 86 FA 60 42 00 00 A6 42
1787900430.924116,34680,093e,12,DB A1 81 42 3E 29 49 42 00 00 A8 42
1787900430.926454,34680,093f,12,34 C8 75 42 09 4D 31 42 00 00 AA 42
1787900430.930182,34680,0940,12,A7 D6 69 42 95 57 1A 42 00 00 AC 42
1787900430.931395,34680,0941,12,8C 8E 5F 42 F2 34 05 42 00 00 AE 42
1787900430.932881,34680,0942,12,60 09 57 42 6A 76 E5 41 00 00 B0 42
1787900430.934367,34680,0943,12,5F 5D 50 42 A5 4F C7 41 00 00 B2 42
1787900430.935739,34680,0944,12,C2 9B 4B 42 08 2A B1 41 00 00 B4 42
1787900430.937233,34680,0945,12,52 D0 48 42 EA E5 A3 41 00 00 B6 42
1787900430.938938,34680,0946,12,6F 02 48 42 B0 0B A0 41 00 00 B8 42
1787900430.940417,34680,0947,12,16 34 49 42 5E C2 A5 41 00 00 BA 42
1787900430.941998,34680,0948,12,4C 62 4C 42 FD CF B4 41 00 00 BC 42
1787900430.943371,34680,0949,12,B1 84 51 42 CC 99 CC 41 00 00 BE 42
1787900430.944839,34680,094a,12,88 8E 58 42 D7 2E EC 41 00 00 C0 42
1787900430.949461,34680,094b,12,46 6D 61 42 32 25 09 42 00 00 C2 42
1787900430.954311,34680,094c,12,EB 0A 6C 42 3A B5 1E 42 00 00 C4 42
1787900430.956967,34680,094d,12,FD 4B 78 42 BA EA 35 42 00 00 C6 42
1787900430.959653,34680,094e,12,4A 08 83 42 DF D7 4D 42 00 00 C8 42
1787900430.962851,34680,094f,12,46 9B 8A 42 4C 8A 65 42 00 00 CA 42
1787900430.964025,34680,0950,12,FB CA 92 42 5C 0E 7C 42 00 00 CC 42
1787900430.965557,34680,0951,12,1C 83 9B 42 FE 3F 88 42 00 00 CE 42
1787900430.966944,34680,0952,12,0C AD A4 42 CC 06 91 42 00 00 D0 42
1787900430.970827,34680,0953,12,F9 30 AE 42 C6 01 98 42 00 00 D2 42
1787900430.972390,34680,0954,12,49 F7 B7 42 38 EA 9C 42 00 00 D4 42
1787900430.975895,34680,0955,12,3A E6 C1 42 AA 8D 9F 42 00 00 D6 42
1787900430.979063,34680,0956,12,29 E5 CB 42 64 D1 9F 42 00 00 D8 42
1787900430.988391,34680,0957,12,21 DA D5 42 8C B2 9D 42 00 00 DA 42
1787900430.988925,34680,0958,12,48 AB DF 42 FE 46 99 42 00 00 DC 42
1787900430.990600,34680,0959,12,46 40 E9 42 7F BB 92 42 00 00 DE 42
1787900430.991843,34680,095a,12,D9 7F F2 42 5B 53 8A 42 00 00 E0 42
1787900430.993370,34680,095b,12,12 53 FB 42 BA 63 80 42 00 00 E2 42
1787900430.994780,34680,095c,12,7F D1 01 43 A6 A4 6A 42 00 00 E4 42
1787900430.996129,34680,095d,12,09 AD 05 43 2A 21 53 42 00 00 E6 42
1787900430.997695,34680,095e,12,94 32 09 43 2E 2B 3B 42 00 00 E8 42
1787900430.999274,34680,095f,12,DA 58 0C 43 10 B9 23 42 00 00 EA 42
1787900431.000805,34680,0960,12,0A 18 0F 43 4C B8 0D 42 00 00 EC 42
1787900431.002312,34680,0961,12,FC 68 11 43 D1 14 F4 41 00 00 EE 42
1787900431.003760,34680,0962,12,B3 45 13 43 AE F1 D2 41 00 00 A0 41
1787900431.005428,34680,0963,12,90 A9 14 43 D6 56 B9 41 00 00 A8 41
1787900431.006973,34680,0964,12,EA 90 15 43 90 4B A8 41 00 00 B0 41
1787900431.008379,34680,0965,12,84 F9 15 43 7E 7C A0 41 00 00 B8 41
1787900431.009880,34680,0966,12,45 E2 15 43 2D 3A A2 41 00 00 C0 41
1787900431.011410,34680,0967,12,72 4B 15 43 3A 72 AD 41 00 00 C8 41
1787900431.013191,34680,0968,12,80 36 14 43 00 B3 C1 41 00 00 D0 41
1787900431.014781,34680,0969,12,4A A6 12 43 42 2C DE 41 00 00 D8 41
1787900431.016193,34680,096a,12,B1 9E 10 43 CA DE 00 42 00 00 E0 41
1787900431.017767,34680,096b,12,F2 24 0E 43 7C 7D 15 42 00 00 E8 41
1787900431.019147,34680,096c,12,82 3F 0B 43 D4 1E 2C 42 00 00 F0 41
1787900431.020588,34680,096d,12,90 F5 07 43 98 DD 43 42 00 00 F8 41
1787900431.022182,34680,096e,12,C7 4F 04 43 A3 C5 5B 42 00 00 00 42
1787900431.023714,34680,096f,12,32 57 00 43 CC E4 72 42 00 00 04 42
1787900431.025264,34680,0970,12,3A 2C F8 42 12 27 84 42 00 00 08 42
1787900431.026623,34680,0971,12,31 2F EF 42 37 93 8D 42 00 00 0C 42
1787900431.028173,34680,0972,12,92 CD E5 42 64 57 95 42 00 00 10 42
1787900431.029588,34680,0973,12,17 20 DC 42 C0 23 9B 42 00 00 14 42
1787900431.031000,34680,0974,12,C0 3E D2 42 8E BD 9E 42 00 00 18 42
1787900431.032350,34680,0975,12,34 43 C8 42 CA FF 9F 42 00 00 1C 42
1787900431.033721,34680,0976,12,60 47 BE 42 B1 DD 9E 42 00 00 20 42
1787900431.035174,34680,0977,12,06 64 B4 42 BE 62 9B 42 00 00 24 42
1787900431.036575,34680,0978,12,36 B3 AA 42 BA B2 95 42 00 00 28 42
1787900431.038092,34680,0979,12,F8 4C A1 42 41 07 8E 42 00 00 2C 42
1787900431.039535,34680,097a,12,BA 49 98 42 CA AE 84 42 00 00 30 42
1787900431.041045,34680,097b,12,DD C0 8F 42 54 12 74 42 00 00 34 42
1787900431.043330,34680,097c,12,8C C7 87 42 72 04 5D 42 00 00 38 42
1787900431.044820,34680,097d,12,CA 72 80 42 F9 20 45 42 00 00 3C 42
1787900431.046332,34680,097e,12,8C A9 73 42 E3 59 2D 42 00 00 40 42
1787900431.047822,34680,097f,12,75 FD 67 42 CE A2 16 42 00 00 44 42
1787900431.049365,34680,0980,12,86 FF 5D 42 5A E4 01 42 00 00 48 42
1787900431.050775,34680,0981,12,86 C8 55 42 4D E1 DF 41 00 00 4C 42
1787900431.052150,34680,0982,12,1D 6E 4F 42 8D 00 C3 41 00 00 50 42
1787900431.053652,34680,0983,12,0C 00 4B 42 F9 4A AE 41 00 00 54 42
1787900431.055110,34680,0984,12,F0 89 48 42 39 95 A2 41 00 00 58 42
1787900431.056516,34680,0985,12,12 12 48 42 BA 56 A0 41 00 00 5C 42
1787900431.058121,34680,0986,12,99 99 49 42 36 A6 A7 41 00 00 60 42
1787900431.059638,34680,0987,12,7F 1C 4D 42 85 38 B8 41 00 00 64 42
1787900431.061184,34680,0988,12,0C 92 52 42 C9 65 D1 41 00 00 68 42
1787900431.062725,34680,0989,12,33 EC 59 42 8F 2C F2 41 00 00 6C 42
1787900431.064084,34680,098a,12,BE 17 63 42 54 9E 0C 42 00 00 70 42
1787900431.065610,34680,098b,12,F0 FD 6D 42 34 85 22 42 00 00 74 42
1787900431.067158,34680,098c,12,0F 82 7A 42 B4 E9 39 42 00 00 78 42
1787900431.068606,34680,098d,12,88 42 84 42 E3 DE 51 42 00 00 7C 42
1787900431.069970,34680,098e,12,53 F1 8B 42 51 6F 69 42 00 00 80 42
1787900431.071534,34680,098f,12,6C 39 94 42 A4 A9 7F 42 00 00 82 42
1787900431.073023,34680,0990,12,49 06 9D 42 5B D6 89 42 00 00 84 42
1787900431.074522,34680,0991,12,B8 40 A6 42 62 55 92 42 00 00 86 42
1787900431.075968,34680,0992,12,D6 D1 AF 42 D6 FB 98 42 00 00 88 42
1787900431.077460,34680,0993,12,CF A0 B9 42 7B 85 9D 42 00 00 8A 42
1787900431.078965,34680,0994,12,29 94 C3 42 F3 C3 9F 42 00 00 8C 42
1787900431.081064,34680,0995,12,35 93 CD 42 85 A0 9F 42 00 00 8E 42
1787900431.082449,34680,0996,12,9B 83 D7 42 9C 1C 9D 42 00 00 90 42
1787900431.083980,34680,0997,12,B4 4C E1 42 B4 51 98 42 00 00 92 42
1787900431.085441,34680,0998,12,16 D5 EA 42 C3 70 91 42 00 00 94 42
1787900431.086891,34680,0999,12,02 04 F4 42 60 C0 88 42 00 00 96 42
1787900431.088302,34680,099a,12,B2 C2 FC 42 1C 31 7D 42 00 00 98 42
1787900431.089802,34680,099b,12,0D 7D 02 43 70 C3 66 42 00 00 9A 42
1787900431.091171,34680,099c,12,ED 4A 06 43 EB 1A 4F 42 00 00 9C 42
1787900431.092692,34680,099d,12,13 C1 09 43 E0 29 37 42 00 00 9E 42
1787900431.095885,34680,099e,12,87 D6 0C 43 91 E5 1F 42 00 00 A0 42
1787900431.097422,34680,099f,12,A4 83 0F 43 AC 39 0A 42 00 00 A2 42
1787900431.098944,34680,09a0,12,5A C1 11 43 06 0A EE 41 00 00 A4 42
1787900431.100301,34680,09a1,12,1D 8A 13 43 41 14 CE 41 00 00 A6 42
1787900431.101847,34680,09a2,12,42 D9 14 43 DE D9 B5 41 00 00 A8 42
1787900431.103185,34680,09a3,12,6B AB 15 43 97 52 A6 41 00 00 AA 42
1787900431.104597,34680,09a4,12,8E FE 15 43 B6 1B A0 41 00 00 AC 42
1787900431.106107,34680,09a5,12,D1 D1 15 43 20 75 A3 41 00 00 AE 42
1787900431.107654,34680,09a6,12,A2 25 15 43 E8 3C B0 41 00 00 B0 42
1787900431.109063,34680,09a7,12,B8 FB 13 43 AA F0 C5 41 00 00 B2 42
1787900431.110816,34680,09a8,12,22 57 12 43 93 B1 E3 41 00 00 B4 42
1787900431.112171,34680,09a9,12,F1 3B 10 43 20 29 04 42 00 00 B6 42
1787900431.113699,34680,09aa,12,B4 AF 0D 43 0C 2D 19 42 00 00 B8 42
1787900431.115058,34680,09ab,12,BA B8 0A 43 AF 0F 30 42 00 00 BA 42
1787900431.116576,34680,09ac,12,B3 5E 07 43 AB E6 47 42 00 00 BC 42
1787900431.117992,34680,09ad,12,56 AA 03 43 BE BD 5F 42 00 00 BE 42
1787900431.119514,34680,09ae,12,AA 49 FF 42 6C A3 76 42 00 00 C0 42
1787900431.120938,34680,09af,12,90 B1 F6 42 24 D6 85 42 00 00 C2 42
1787900431.122417,34680,09b0,12,B0 A1 ED 42 A1 01 8F 42 00 00 C4 42
1787900431.124744,34680,09b1,12,8A 31 E4 42 26 76 96 42 00 00 C6 42
1787900431.126131,34680,09b2,12,A8 79 DA 42 6C E7 9B 42 00 00 C8 42
1787900431.127650,34680,09b3,12,22 92 D0 42 56 1E 9F 42 00 00 CA 42
1787900431.129086,34680,09b4,12,13 95 C6 42 D4 F9 9F 42 00 00 CC 42
1787900431.130575,34680,09b5,12,41 9B BC 42 37 71 9E 42 00 00 CE 42
1787900431.132007,34680,09b6,12,94 BE B2 42 13 94 9A 42 00 00 D0 42
1787900431.133717,34680,09b7,12,A7 18 A9 42 1F 8A 94 42 00 00 D2 42
1787900431.135238,34680,09b8,12,66 C1 9F 42 85 90 8C 42 00 00 D4 42
1787900431.136758,34680,09b9,12,71 D1 96 42 46 F9 82 42 00 00 D6 42
1787900431.138273,34680,09ba,12,F1 5E 8E 42 0E 4B 70 42 00 00 D8 42
1787900431.139808,34680,09bb,12,DE 7F 86 42 49 08 59 42 00 00 DA 42
1787900431.141192,34680,09bc,12,3F 91 7E 42 99 18 41 42 00 00 DC 42
1787900431.142697,34680,09bd,12,36 96 71 42 74 6E 29 42 00 00 DE 42
1787900431.144039,34680,09be,12,D6 30 66 42 2B FD 12 42 00 00 E0 42
1787900431.145540,34680,09bf,12,63 7D 5C 42 22 50 FD 41 00 00 E2 42
1787900431.146963,34680,09c0,12,28 95 54 42 30 7F DA 41 00 00 E4 42
1787900431.148322,34680,09c1,12,93 8C 4E 42 CC EB BE 41 00 00 E6 42
1787900431.149849,34680,09c2,12,99 72 4A 42 46 AD AB 41 00 00 E8 42
1787900431.151264,34680,09c3,12,0B 52 48 42 7F 89 A1 41 00 00 EA 42
1787900431.152787,34680,09c4,12,2F 30 48 42 2C E7 A0 41 00 00 EC 42
1787900431.154238,34680,09c5,12,7A 0D 4A 42 57 CD A9 41 00 00 EE 42
1787900431.155650,34680,09c6,12,F7 E4 4D 42 4D E0 BB 41 00 00 A0 41
1787900431.157165,34680,09c7,12,20 AD 53 42 F9 68 D6 41 00 00 A8 41
1787900431.158682,34680,09c8,12,B6 56 5B 42 88 56 F8 41 00 00 B0 41
1787900431.160042,34680,09c9,12,BA CE 64 42 A9 28 10 42 00 00 B8 41
1787900431.161587,34680,09ca,12,AF FC 6F 42 09 60 26 42 00 00 C0 41
1787900431.162982,34680,09cb,12,75 C3 7C 42 B0 ED 3D 42 00 00 C8 41
1787900431.164353,34680,09cc,12,AD 81 85 42 0B E3 55 42 00 00 D0 41
1787900431.165879,34680,09cd,12,69 4B 8D 42 C3 49 6D 42 00 00 D8 41
1787900431.167266,34680,09ce,12,9D AB 95 42 67 9A 81 42 00 00 E0 41
1787900431.169341,34680,09cf,12,92 8C 9E 42 C3 61 8B 42 00 00 E8 41
1787900431.170858,34680,09d0,12,32 D7 A7 42 DC 96 93 42 00 00 F0 41
1787900431.172198,34680,09d1,12,73 74 B1 42 8E E6 99 42 00 00 F8 41
1787900431.173721,34680,09d2,12,FC 4A BB 42 F7 0F 9E 42 00 00 00 42
1787900431.175248,34680,09d3,12,69 42 C5 42 ED E8 9F 42 00 00 04 42
1787900431.176636,34680,09d4,12,D9 40 CF 42 61 5E 9F 42 00 00 08 42
1787900431.178150,34680,09d5,12,58 2C D9 42 02 76 9C 42 00 00 0C 42
1787900431.179657,34680,09d6,12,4C EC E2 42 43 4D 97 42 00 00 10 42
1787900431.181176,34680,09d7,12,04 67 EC 42 30 19 90 42 00 00 14 42
1787900431.182538,34680,09d8,12,FB 84 F5 42 C0 22 87 42 00 00 18 42
1787900431.183919,34680,09d9,12,81 2E FE 42 5C 8B 79 42 00 00 1C 42
1787900431.185455,34680,09da,12,8E 26 03 43 6B D8 62 42 00 00 20 42
1787900431.186912,34680,09db,12,56 E6 06 43 9D 12 4B 42 00 00 24 42
1787900431.188253,34680,09dc,12,B6 4C 0A 43 5E 2E 33 42 00 00 28 42
1787900431.189647,34680,09dd,12,40 51 0D 43 AF 1D 1C 42 00 00 2C 42
1787900431.191229,34680,09de,12,16 EC 0F 43 EF CC 06 42 00 00 30 42
1787900431.201704,34680,09df,12,7E 16 12 43 B5 2C E8 41 00 00 34 42
1787900431.203333,34680,09e0,12,16 CB 13 43 FE 6E C9 41 00 00 38 42
1787900431.205853,34680,09e1,12,61 05 15 43 CD 9C B2 41 00 00 3C 42
1787900431.207282,34680,09e2,12,53 C2 15 43 4A 9D A4 41 00 00 40 42
1787900431.208903,34680,09e3,12,FB FF 15 43 66 00 A0 41 00 00 44 42
1787900431.210525,34680,09e4,12,BE BD 15 43 D4 F4 A4 41 00 00 48 42
1787900431.212008,34680,09e5,12,43 FC 14 43 64 48 B3 41 00 00 4C 42
1787900431.213518,34680,09e6,12,86 BD 13 43 C9 67 CA 41 00 00 50 42
1787900431.215022,34680,09e7,12,9E 04 12 43 CB 68 E9 41 00 00 54 42
1787900431.216393,34680,09e8,12,FD D5 0F 43 1C 87 07 42 00 00 58 42
1787900431.217915,34680,09e9,12,55 37 0D 43 06 EB 1C 42 00 00 5C 42
1787900431.219314,34680,09ea,12,24 2F 0A 43 79 07 34 42 00 00 60 42
1787900431.220845,34680,09eb,12,69 C5 06 43 D5 EE 4B 42 00 00 64 42
1787900431.222376,34680,09ec,12,9A 02 03 43 F8 AE 63 42 00 00 68 42
1787900431.227353,34680,09ed,12,EE E0 FD 42 8A 54 7A 42 00 00 6C 42
1787900431.229544,34680,09ee,12,2C 33 F5 42 D0 7B 87 42 00 00 70 42
1787900431.232391,34680,09ef,12,74 11 EC 42 98 63 90 42 00 00 74 42
1787900431.234131,34680,09f0,12,D9 93 E2 42 0C 86 97 42 00 00 78 42
1787900431.235185,34680,09f1,12,E2 D1 D8 42 E8 9A 9C 42 00 00 7C 42
1787900431.238592,34680,09f2,12,E4 E4 CE 42 FE 6D 9F 42 00 00 80 42
1787900431.242056,34680,09f3,12,A7 E6 C4 42 7F E2 9F 42 00 00 82 42
1787900431.242923,34680,09f4,12,F4 EF BA 42 D0 F3 9D 42 00 00 84 42
1787900431.243607,34680,09f5,12,0D 1B B1 42 CF B5 99 42 00 00 86 42
1787900431.247093,34680,09f6,12,54 80 A7 42 75 53 93 42 00 00 88 42
1787900431.252351,34680,09f7,12,BF 38 9E 42 0A 0E 8B 42 00 00 8A 42
1787900431.255827,34680,09f8,12,60 5C 95 42 65 3A 81 42 00 00 8C 42
1787900431.256730,34680,09f9,12,31 01 8D 42 1D 78 6C 42 00 00 8E 42
1787900431.281086,34680,09fa,12,39 3D 85 42 1F 08 55 42 00 00 90 42
1787900431.308706,34680,09fb,12,72 47 7C 42 39 12 3D 42 00 00 92 42
1787900431.313164,34680,09fc,12,58 8E 6F 42 E0 8B 25 42 00 00 94 42
1787900431.313506,34680,09fd,12,16 70 64 42 06 66 0F 42 00 00 96 42
1787900431.313834,34680,09fe,12,3F 08 5B 42 09 02 F7 41 00 00 98 42
1787900431.314164,34680,09ff,12,9F 6F 53 42 D1 52 D5 41 00 00 9A 42
1787900431.316804,34680,0a00,12,0B B9 4D 42 96 13 BB 41 00 00 9C 42
1787900431.324540,34680,0a01,12,75 F3 49 42 B3 51 A9 41 00 00 9E 42
1787900431.326512,34680,0a02,12,8C 28 48 42 8F C2 A0 41 00 00 A0 42
1787900431.330848,34680,0a03,12,C3 5C 48 42 DB BC A1 41 00 00 A2 42
1787900431.336126,34680,0a04,12,AF 8F 4A 42 22 37 AC 41 00 00 A4 42
1787900431.337076,34680,0a05,12,B1 BB 4E 42 72 C6 BF 41 00 00 A6 42
1787900431.337925,34680,0a06,12,8F D5 54 42 AB A0 DB 41 00 00 A8 42
1787900431.338882,34680,0a07,12,A1 CE 5C 42 D8 AD FE 41 00 00 AA 42
1787900431.341441,34680,0a08,12,1C 92 66 42 2A C3 13 42 00 00 AC 42
1787900431.344145,34680,0a09,12,05 07 72 42 9B 44 2A 42 00 00 AE 42
1787900431.345014,34680,0a0a,12,0E 10 7F 42 87 F5 41 42 00 00 B0 42
1787900431.346324,34680,0a0b,12,56 C5 86 42 41 E2 59 42 00 00 B2 42
1787900431.349390,34680,0a0c,12,0E AA 8E 42 4F 1A 71 42 00 00 B4 42
1787900431.352289,34680,0a0d,12,73 21 97 42 6A 57 83 42 00 00 B6 42
1787900431.352828,34680,0a0e,12,DC 15 A0 42 C3 E1 8C 42 00 00 B8 42
1787900431.353600,34680,0a0f,12,60 70 A9 42 D3 CA 94 42 00 00 BA 42
1787900431.355517,34680,0a10,12,50 18 B3 42 79 C1 9A 42 00 00 BC 42
1787900431.357033,34680,0a11,12,78 F6 BC 42 C5 89 9E 42 00 00 BE 42
1787900431.358359,34680,0a12,12,DD F0 C6 42 8E FC 9F 42 00 00 C0 42
1787900431.360126,34680,0a13,12,F7 ED D0 42 0C 0B 9F 42 00 00 C2 42
1787900431.362193,34680,0a14,12,39 D4 DA 42 E2 BE 9B 42 00 00 C4 42
1787900431.364009,34680,0a15,12,91 89 E4 42 38 3A 96 42 00 00 C6 42
1787900431.366694,34680,0a16,12,AC F6 ED 42 89 B4 8E 42 00 00 C8 42
1787900431.368083,34680,0a17,12,A9 02 F7 42 F4 7A 85 42 00 00 CA 42
1787900431.370220,34680,0a18,12,63 96 FF 42 42 D7 75 42 00 00 CC 42
1787900431.371631,34680,0a19,12,F5 CD 03 43 B5 E4 5E 42 00 00 CE 42
1787900431.373417,34680,0a1a,12,15 7F 07 43 5B 0A 47 42 00 00 D0 42
1787900431.374790,34680,0a1b,12,B4 D5 0A 43 F6 37 2F 42 00 00 D2 42
1787900431.375982,34680,0a1c,12,FA C8 0D 43 83 62 18 42 00 00 D4 42
1787900431.377333,34680,0a1d,12,5C 51 10 43 14 73 03 42 00 00 D6 42
1787900431.378737,34680,0a1e,12,5E 68 12 43 B2 7E E2 41 00 00 D8 42
1787900431.379991,34680,0a1f,12,8C 08 14 43 3B 04 C5 41 00 00 DA 42
1787900431.381366,34680,0a20,12,FE 2D 15 43 0F 9F AF 41 00 00 DC 42
1787900431.382958,34680,0a21,12,A1 D5 15 43 28 2C A3 41 00 00 DE 42
1787900431.384178,34680,0a22,12,C8 FD 15 43 97 2A A0 41 00 00 E0 42
1787900431.385675,34680,0a23,12,0C A6 15 43 0B B9 A6 41 00 00 E2 42
1787900431.387139,34680,0a24,12,63 CF 14 43 00 93 B6 41 00 00 E4 42
1787900431.388552,34680,0a25,12,D0 7B 13 43 23 19 CF 41 00 00 E6 42
1787900431.390000,34680,0a26,12,C5 AE 11 43 41 50 EF 41 00 00 E8 42
1787900431.391322,34680,0a27,12,DD 6C 0F 43 C3 F7 0A 42 00 00 EA 42
1787900431.392842,34680,0a28,12,DE BB 0C 43 5C B6 20 42 00 00 EC 42
1787900431.394254,34680,0a29,12,EC A2 09 43 1E 04 38 42 00 00 EE 42
1787900431.395715,34680,0a2a,12,78 29 06 43 CB F6 4F 42 00 00 A0 41
1787900431.397153,34680,0a2b,12,A0 58 02 43 2F 98 67 42 00 00 A8 41
1787900431.398472,34680,0a2c,12,4C 74 FC 42 14 F7 7D 42 00 00 B0 41
1787900431.399904,34680,0a2d,12,28 B1 F3 42 93 17 89 42 00 00 B8 41
1787900431.401251,34680,0a2e,12,FB 7E EA 42 66 B8 91 42 00 00 C0 41
1787900431.402572,34680,0a2f,12,DA F3 E0 42 48 87 98 42 00 00 C8 41
1787900431.403873,34680,0a30,12,E5 28 D7 42 00 3E 9D 42 00 00 D0 41
1787900431.405222,34680,0a31,12,27 37 CD 42 70 AC 9F 42 00 00 D8 41
1787900431.407413,34680,0a32,12,12 38 C3 42 C8 B9 9F 42 00 00 E0 41
1787900431.408774,34680,0a33,12,FD 45 B9 42 C4 65 9D 42 00 00 E8 41
1787900431.410210,34680,0a34,12,CD 78 AF 42 CC C7 98 42 00 00 F0 41
1787900431.411646,34680,0a35,12,5C EA A5 42 17 0F 92 42 00 00 F8 41
1787900431.413035,34680,0a36,12,1E B3 9C 42 40 80 89 42 00 00 00 42
1787900431.414317,34680,0a37,12,A4 EA 93 42 44 E5 7E 42 00 00 04 42
1787900431.415738,34680,0a38,12,07 A8 8B 42 83 9B 68 42 00 00 08 42
1787900431.417116,34680,0a39,12,1E FF 83 42 42 03 51 42 00 00 0C 42
1787900431.418436,34680,0a3a,12,57 08 7A 42 02 0F 39 42 00 00 10 42
1787900431.420036,34680,0a3b,12,17 92 6D 42 45 B3 21 42 00 00 14 42
1787900431.421479,34680,0a3c,12,5E BB 62 42 77 DE 0B 42 00 00 18 42
1787900431.422938,34680,0a3d,12,89 A0 59 42 A7 E1 F0 41 00 00 1C 42
1787900431.424209,34680,0a3e,12,77 57 52 42 48 5B D0 41 00 00 20 42
1787900431.425696,34680,0a3f,12,93 F3 4C 42 0B 79 B7 41 00 00 24 42
1787900431.427041,34680,0a40,12,A8 82 49 42 EE 38 A7 41 00 00 28 42
1787900431.428445,34680,0a41,12,81 0D 48 42 D0 40 A0 41 00 00 2C 42
1787900431.429940,34680,0a42,12,BD 97 48 42 41 D7 A2 41 00 00 30 42
1787900431.431348,34680,0a43,12,0D 20 4B 42 3F E2 AE 41 00 00 34 42
1787900431.432766,34680,0a44,12,02 A0 4F 42 08 E7 C3 41 00 00 38 42
1787900431.434262,34680,0a45,12,18 0C 56 42 12 0F E1 41 00 00 3C 42
1787900431.435688,34680,0a46,12,E2 53 5E 42 62 98 02 42 00 00 40 42
1787900431.437101,34680,0a47,12,56 61 68 42 F0 6B 17 42 00 00 44 42
1787900431.438562,34680,0a48,12,4E 1C 74 42 DF 30 2E 42 00 00 48 42
1787900431.439877,34680,0a49,12,08 B3 80 42 3E FD 45 42 00 00 4C 42
1787900431.441349,34680,0a4a,12,51 0E 88 42 23 DE 5D 42 00 00 50 42
1787900431.442719,34680,0a4b,12,2E 0D 90 42 D3 DF 74 42 00 00 54 42
1787900431.444016,34680,0a4c,12,7A 9A 98 42 F4 0A 85 42 00 00 58 42
1787900431.445493,34680,0a4d,12,AD A1 A1 42 98 55 8E 42 00 00 5C 42
1787900431.446931,34680,0a4e,12,07 0B AB 42 1E F0 95 42 00 00 60 42
1787900431.448227,34680,0a4f,12,74 BE B4 42 EB 8C 9B 42 00 00 64 42
1787900431.449672,34680,0a50,12,24 A3 BE 42 B5 F2 9E 42 00 00 68 42
1787900431.451095,34680,0a51,12,00 9F C8 42 D1 FE 9F 42 00 00 6C 42
1787900431.452432,34680,0a52,12,0C 9A D2 42 B7 A6 9E 42 00 00 70 42
1787900431.453872,34680,0a53,12,F9 79 DC 42 F4 F7 9A 42 00 00 74 42
1787900431.455329,34680,0a54,12,84 25 E6 42 1F 18 95 42 00 00 78 42
1787900431.456706,34680,0a55,12,F1 83 EF 42 2D 43 8D 42 00 00 7C 42
1787900431.458049,34680,0a56,12,98 7C F8 42 DA C9 83 42 00 00 80 42
1787900431.459430,34680,0a57,12,F6 7C 00 43 C2 16 72 42 00 00 82 42
1787900431.460859,34680,0a58,12,C0 72 04 43 35 EC 5A 42 00 00 84 42
1787900431.462243,34680,0a59,12,88 15 08 43 81 00 43 42 00 00 86 42
1787900431.463689,34680,0a5a,12,00 5C 0B 43 D2 47 2B 42 00 00 88 42
1787900431.465095,34680,0a5b,12,93 3D 0E 43 F9 B5 14 42 00 00 8A 42
1787900431.466593,34680,0a5c,12,54 B3 10 43 D3 2D 00 42 00 00 8C 42
1787900431.468006,34680,0a5d,12,BC B6 12 43 86 05 DD 41 00 00 8E 42
1787900431.469449,34680,0a5e,12,A2 42 14 43 42 D2 C0 41 00 00 90 42
1787900431.470761,34680,0a5f,12,14 53 15 43 B2 E1 AC 41 00 00 92 42
1787900431.472078,34680,0a60,12,50 E5 15 43 DA FF A1 41 00 00 94 42
1787900431.473529,34680,0a61,12,F8 F7 15 43 1B 9A A0 41 00 00 96 42
1787900431.474860,34680,0a62,12,CD 8A 15 43 EE BF A8 41 00 00 98 42
1787900431.476129,34680,0a63,12,E4 9E 14 43 2A 1E BA 41 00 00 9A 42
1787900431.477570,34680,0a64,12,9A 36 13 43 85 03 D4 41 00 00 9C 42
1787900431.479058,34680,0a65,12,B3 55 11 43 D1 64 F5 41 00 00 9E 42
1787900431.480360,34680,0a66,12,B1 00 0F 43 44 79 0E 42 00 00 A0 42
1787900431.481703,34680,0a67,12,AD 3D 0C 43 4E 8B 24 42 00 00 A2 42
1787900431.483178,34680,0a68,12,B7 13 09 43 3F 07 3C 42 00 00 A4 42
1787900431.484550,34680,0a69,12,E8 8A 05 43 62 FD 53 42 00 00 A6 42
1787900431.486038,34680,0a6a,12,9B AC 01 43 5A 77 6B 42 00 00 A8 42
1787900431.488009,34680,0a6b,12,33 04 FB 42 96 C4 80 42 00 00 AA 42
1787900431.489534,34680,0a6c,12,AF 2C F2 42 DC A7 8A 42 00 00 AC 42
1787900431.491012,34680,0a6d,12,46 E9 E8 42 91 00 93 42 00 00 AE 42
1787900431.492398,34680,0a6e,12,AD 51 DF 42 84 79 99 42 00 00 B0 42
1787900431.494598,34680,0a6f,12,32 7F D5 42 64 D0 9D 42 00 00 B2 42
1787900431.495885,34680,0a70,12,6D 89 CB 42 92 D9 9F 42 00 00 B4 42
1787900431.497431,34680,0a71,12,9C 8A C1 42 DC 7F 9F 42 00 00 B6 42
1787900431.498862,34680,0a72,12,51 9C B7 42 D3 C6 9C 42 00 00 B8 42
1787900431.500244,34680,0a73,12,F3 D7 AD 42 43 CA 97 42 00 00 BA 42
1787900431.501881,34680,0a74,12,3A 57 A4 42 B2 BD 90 42 00 00 BC 42
1787900431.506281,34680,0a75,12,F8 30 9B 42 FA E7 87 42 00 00 BE 42
1787900431.511540,34680,0a76,12,58 7D 92 42 84 47 7B 42 00 00 C0 42
1787900431.512477,34680,0a77,12,9B 52 8A 42 AA B3 64 42 00 00 C2 42
1787900431.514728,34680,0a78,12,A7 C5 82 42 D9 FA 4C 42 00 00 C4 42
1787900431.515207,34680,0a79,12,9A D4 77 42 0D 11 35 42 00 00 C6 42
1787900431.519764,34680,0a7a,12,0D A2 6B 42 A4 E6 1D 42 00 00 C8 42
1787900431.522489,34680,0a7b,12,F9 13 61 42 F0 69 08 42 00 00 CA 42
1787900431.524863,34680,0a7c,12,62 45 58 42 8B EC EA 41 00 00 CC 42
1787900431.525980,34680,0a7d,12,CE 4C 51 42 2A 9A CB 41 00 00 CE 42
1787900431.530039,34680,0a7e,12,64 3C 4C 42 F4 1D B4 41 00 00 D0 42
1787900431.531713,34680,0a7f,12,4E 20 49 42 F7 63 A5 41 00 00 D2 42
1787900431.535670,34680,0a80,12,F9 00 48 42 AC 04 A0 41 00 00 D4 42
1787900431.537465,34680,0a81,12,45 E1 48 42 E9 36 A4 41 00 00 D6 42
1787900431.537941,34680,0a82,12,F3 BE 4B 42 D9 CF B1 41 00 00 D8 42
1787900431.538671,34680,0a83,12,3B 92 50 42 9C 42 C8 41 00 00 DA 42
1787900431.541970,34680,0a84,12,85 4F 57 42 92 AD E6 41 00 00 DC 42
1787900431.542391,34680,0a85,12,47 E5 5F 42 6A EC 05 42 00 00 DE 42
1787900431.543222,34680,0a86,12,8C 3D 6A 42 7E 24 1B 42 00 00 E0 42
1787900431.544581,34680,0a87,12,DB 3D 76 42 70 26 32 42 00 00 E2 42
1787900431.546066,34680,0a88,12,32 E3 81 42 89 05 4A 42 00 00 E4 42
1787900431.547513,34680,0a89,12,52 5B 89 42 D8 D1 61 42 00 00 E6 42
1787900431.548942,34680,0a8a,12,B4 73 91 42 9A 96 78 42 00 00 E8 42
1787900431.550349,34680,0a8b,12,A1 17 9A 42 B5 B5 86 42 00 00 EA 42
1787900431.551754,34680,0a8c,12,FE 30 A3 42 D3 BD 8F 42 00 00 EC 42
1787900431.553184,34680,0a8d,12,C5 A7 AC 42 F9 06 97 42 00 00 EE 42
1787900431.554967,34680,0a8e,12,39 65 B6 42 EC 47 9C 42 00 00 A0 41
1787900431.556257,34680,0a8f,12,B7 4F C0 42 66 4A 9F 42 00 00 A8 41
1787900431.557610,34680,0a90,12,E0 4D CA 42 B0 EF 9F 42 00 00 B0 41
1787900431.558967,34680,0a91,12,24 46 D4 42 34 31 9E 42 00 00 B8 41
1787900431.560283,34680,0a92,12,3E 1E DE 42 24 21 9A 42 00 00 C0 41
1787900431.561613,34680,0a93,12,8A BE E7 42 58 E8 93 42 00 00 C8 41
1787900431.563080,34680,0a94,12,A2 0D F1 42 8C C6 8B 42 00 00 D0 41
1787900431.564470,34680,0a95,12,B3 F3 F9 42 C1 0E 82 42 00 00 D8 41
1787900431.565866,34680,0a96,12,FE 2C 01 43 52 48 6E 42 00 00 E0 41
1787900431.567172,34680,0a97,12,34 15 05 43 3C EE 56 42 00 00 E8 41
1787900431.568561,34680,0a98,12,19 A9 08 43 F9 F9 3E 42 00 00 F0 41
1787900431.569968,34680,0a99,12,36 DF 0B 43 D1 61 27 42 00 00 F8 41
1787900431.571401,34680,0a9a,12,53 AF 0E 43 98 16 11 42 00 00 00 42
1787900431.572823,34680,0a9b,12,3E 12 11 43 BC F7 F9 41 00 00 04 42
1787900431.574142,34680,0a9c,12,BA 01 13 43 15 C0 D7 41 00 00 08 42
1787900431.575847,34680,0a9d,12,20 79 14 43 2B DE BC 41 00 00 0C 42
1787900431.577276,34680,0a9e,12,86 74 15 43 51 67 AA 41 00 00 10 42
1787900431.578697,34680,0a9f,12,69 F1 15 43 FE 17 A1 41 00 00 14 42
1787900431.580017,34680,0aa0,12,87 EE 15 43 37 4F A1 41 00 00 18 42
1787900431.581313,34680,0aa1,12,F9 6B 15 43 AA 09 AB 41 00 00 1C 42
1787900431.582666,34680,0aa2,12,F8 6A 14 43 8F E5 BD 41 00 00 20 42
1787900431.584169,34680,0aa3,12,1A EE 12 43 04 22 D9 41 00 00 24 42
1787900431.585628,34680,0aa4,12,2E F9 10 43 04 A9 FB 41 00 00 28 42
1787900431.586953,34680,0aa5,12,35 91 0E 43 14 0D 12 42 00 00 2C 42
1787900431.588321,34680,0aa6,12,94 BC 0B 43 7F 6A 28 42 00 00 30 42
1787900431.589772,34680,0aa7,12,17 82 08 43 FA 0B 40 42 00 00 34 42
1787900431.591231,34680,0aa8,12,35 EA 04 43 A3 FE 57 42 00 00 38 42
1787900431.592680,34680,0aa9,12,20 FE 00 43 09 4E 6F 42 00 00 3C 42
1787900431.594197,34680,0aaa,12,BD 8F F9 42 1F 86 82 42 00 00 40 42
1787900431.595662,34680,0aab,12,29 A5 F0 42 F8 2C 8C 42 00 00 44 42
1787900431.597118,34680,0aac,12,EC 51 E7 42 8B 3A 94 42 00 00 48 42
1787900431.598458,34680,0aad,12,91 AE DD 42 D6 5B 9A 42 00 00 4C 42
1787900431.599709,34680,0aae,12,BE D3 D3 42 49 52 9E 42 00 00 50 42
1787900431.601144,34680,0aaf,12,AA DA C9 42 70 F5 9F 42 00 00 54 42
1787900431.602576,34680,0ab0,12,9E DD BF 42 BC 34 9F 42 00 00 58 42
1787900431.603832,34680,0ab1,12,9A F4 B5 42 BE 17 9C 42 00 00 5C 42
1787900431.605279,34680,0ab2,12,BF 39 AC 42 33 BE 96 42 00 00 60 42
1787900431.606706,34680,0ab3,12,F1 C5 A2 42 B8 5E 8F 42 00 00 64 42
1787900431.607913,34680,0ab4,12,5F B1 99 42 8D 44 86 42 00 00 68 42
1787900431.609272,34680,0ab5,12,EA 13 91 42 F0 9A 77 42 00 00 6C 42
1787900431.610700,34680,0ab6,12,44 02 89 42 52 C5 60 42 00 00 70 42
1787900431.612029,34680,0ab7,12,C4 91 81 42 DD F2 48 42 00 00 74 42
1787900431.613383,34680,0ab8,12,DE AA 75 42 BA 16 31 42 00 00 78 42
1787900431.614851,34680,0ab9,12,04 BD 69 42 71 24 1A 42 00 00 7C 42
1787900431.616078,34680,0aba,12,3A 79 5F 42 CB 07 05 42 00 00 80 42
1787900431.617534,34680,0abb,12,27 F8 56 42 F5 29 E5 41 00 00 82 42
1787900431.618920,34680,0abc,12,6D 50 50 42 15 14 C7 41 00 00 84 42
1787900431.620222,34680,0abd,12,0F 93 4B 42 0A 01 B1 41 00 00 86 42
1787900431.621541,34680,0abe,12,31 CC 48 42 27 D2 A3 41 00 00 88 42
1787900431.622862,34680,0abf,12,E5 02 48 42 E7 0D A0 41 00 00 8A 42
1787900431.624134,34680,0ac0,12,12 39 49 42 26 DA A5 41 00 00 8C 42
1787900431.625632,34680,0ac1,12,C1 6B 4C 42 60 FC B4 41 00 00 8E 42
1787900431.627111,34680,0ac2,12,C3 92 51 42 1E DA CC 41 00 00 90 42
1787900431.628549,34680,0ac3,12,EB A0 58 42 C3 7F EC 41 00 00 92 42
1787900431.629983,34680,0ac4,12,68 83 61 42 8C 53 09 42 00 00 94 42
1787900431.631305,34680,0ac5,12,E2 24 6C 42 4D E8 1E 42 00 00 96 42
1787900431.632782,34680,0ac6,12,89 69 78 42 7E 20 36 42 00 00 98 42
1787900431.634212,34680,0ac7,12,FE 18 83 42 1F 0F 4E 42 00 00 9A 42
1787900431.635635,34680,0ac8,12,79 AD 8A 42 E7 BF 65 42 00 00 9C 42
1787900431.637037,34680,0ac9,12,2C DE 92 42 56 3F 7C 42 00 00 9E 42
1787900431.638471,34680,0aca,12,68 97 9B 42 A5 55 88 42 00 00 A0 42
1787900431.639895,34680,0acb,12,40 C2 A4 42 C0 18 91 42 00 00 A2 42
1787900431.641348,34680,0acc,12,3E 47 AE 42 8C 0F 98 42 00 00 A4 42
1787900431.642750,34680,0acd,12,0A 0E B8 42 F3 F2 9C 42 00 00 A6 42
1787900431.644095,34680,0ace,12,D8 FC C1 42 F4 90 9F 42 00 00 A8 42
1787900431.645531,34680,0acf,12,CD FB CB 42 40 CF 9F 42 00 00 AA 42
1787900431.646958,34680,0ad0,12,91 F0 D5 42 10 AB 9D 42 00 00 AC 42
1787900431.648285,34680,0ad1,12,AC C1 DF 42 3F 3A 99 42 00 00 AE 42
1787900431.649707,34680,0ad2,12,02 56 E9 42 21 AA 92 42 00 00 B0 42
1787900431.651109,34680,0ad3,12,5A 94 F2 42 6C 3E 8A 42 00 00 B2 42
1787900431.652579,34680,0ad4,12,82 66 FB 42 C3 4B 80 42 00 00 B4 42
1787900431.653989,34680,0ad5,12,96 DA 01 43 91 70 6A 42 00 00 B6 42
1787900431.655283,34680,0ad6,12,8D B5 05 43 14 EA 52 42 00 00 B8 42
1787900431.657001,34680,0ad7,12,47 3A 09 43 2F F4 3A 42 00 00 BA 42
1787900431.658488,34680,0ad8,12,8A 5F 0C 43 3E 85 23 42 00 00 BC 42
1787900431.659851,34680,0ad9,12,C8 1D 0F 43 C9 88 0D 42 00 00 BE 42
1787900431.661211,34680,0ada,12,B8 6D 11 43 32 C2 F3 41 00 00 C0 42
1787900431.662521,34680,0adb,12,72 49 13 43 9B AD D2 41 00 00 C2 42
1787900431.663890,34680,0adc,12,35 AC 14 43 72 25 B9 41 00 00 C4 42
1787900431.665311,34680,0add,12,66 92 15 43 4E 2F A8 41 00 00 C6 42
1787900431.666754,34680,0ade,12,DF F9 15 43 AB 75 A0 41 00 00 C8 42
1787900431.668031,34680,0adf,12,7E E1 15 43 0E 49 A2 41 00 00 CA 42
1787900431.669495,34680,0ae0,12,82 49 15 43 D5 96 AD 41 00 00 CC 42
1787900431.670830,34680,0ae1,12,71 33 14 43 9F EB C1 41 00 00 CE 42
1787900431.672223,34680,0ae2,12,36 A2 12 43 5F 75 DE 41 00 00 D0 42
1787900431.673623,34680,0ae3,12,93 99 10 43 9E 0A 01 42 00 00 D2 42
1787900431.675158,34680,0ae4,12,D8 1E 0E 43 D6 AE 15 42 00 00 D4 42
1787900431.676538,34680,0ae5,12,5E 38 0B 43 A5 54 2C 42 00 00 D6 42
1787900431.677999,34680,0ae6,12,8E ED 07 43 E2 14 44 42 00 00 D8 42
1787900431.679527,34680,0ae7,12,21 47 04 43 44 FB 5B 42 00 00 DA 42
1787900431.680905,34680,0ae8,12,DC 4D 00 43 92 17 73 42 00 00 DC 42
1787900431.682429,34680,0ae9,12,5E 18 F8 42 03 3E 84 42 00 00 DE 42
1787900431.683899,34680,0aea,12,FB 19 EF 42 24 A7 8D 42 00 00 E0 42
1787900431.685295,34680,0aeb,12,90 B7 E5 42 1C 67 95 42 00 00 E2 42
1787900431.688028,34680,0aec,12,E4 09 DC 42 72 2E 9B 42 00 00 E4 42
1787900431.689575,34680,0aed,12,36 28 D2 42 13 C3 9E 42 00 00 E6 42
1787900431.691088,34680,0aee,12,8C 2C C8 42 E8 FF 9F 42 00 00 E8 42
1787900431.692450,34680,0aef,12,70 30 BE 42 50 D8 9E 42 00 00 EA 42
1787900431.694181,34680,0af0,12,6D 4D B4 42 15 58 9B 42 00 00 EC 42
1787900431.695552,34680,0af1,12,8C 9D AA 42 79 A3 95 42 00 00 EE 42
1787900431.697082,34680,0af2,12,14 38 A1 42 D5 F3 8D 42 00 00 A0 41
1787900431.698728,34680,0af3,12,D1 35 98 42 F9 97 84 42 00 00 A8 41
1787900431.700406,34680,0af4,12,CF AD 8F 42 DC DE 73 42 00 00 B0 41
1787900431.701952,34680,0af5,12,E2 B5 87 42 F9 CD 5C 42 00 00 B8 41
1787900431.703448,34680,0af6,12,F7 62 80 42 9C EA 44 42 00 00 C0 41
1787900431.704963,34680,0af7,12,4C 8D 73 42 E0 24 2D 42 00 00 C8 41
1787900431.706348,34680,0af8,12,E3 E4 67 42 42 71 16 42 00 00 D0 41
1787900431.707726,34680,0af9,12,86 EA 5D 42 7C B7 01 42 00 00 D8 41
1787900431.709266,34680,0afa,12,BA B7 55 42 37 96 DF 41 00 00 E0 41
1787900431.710638,34680,0afb,12,E5 61 4F 42 13 C8 C2 41 00 00 E8 41
1787900431.711912,34680,0afc,12,3F F8 4A 42 17 26 AE 41 00 00 F0 41
1787900431.713434,34680,0afd,12,A3 86 48 42 67 85 A2 41 00 00 F8 41
1787900431.714780,34680,0afe,12,51 13 48 42 B3 5C A0 41 00 00 00 42
1787900431.716089,34680,0aff,12,70 9F 49 42 04 C2 A7 41 00 00 04 42
1787900431.717613,34680,0b00,12,B2 26 4D 42 38 68 B8 41 00 00 08 42
1787900431.719008,34680,0b01,12,9B A0 52 42 F4 A7 D1 41 00 00 0C 42
1787900431.720410,34680,0b02,12,F8 FE 59 42 90 7E F2 41 00 00 10 42
1787900431.721782,34680,0b03,12,ED 2E 63 42 6D CE 0C 42 00 00 14 42
1787900431.725907,34680,0b04,12,FC 18 6E 42 C5 B9 22 42 00 00 18 42
1787900431.727375,34680,0b05,12,2D A0 7A 42 B7 1F 3A 42 00 00 1C 42
1787900431.728822,34680,0b06,12,34 53 84 42 14 15 52 42 00 00 20 42
1787900431.730197,34680,0b07,12,73 03 8C 42 88 A3 69 42 00 00 24 42
1787900431.731665,34680,0b08,12,26 4D 94 42 A0 DA 7F 42 00 00 28 42
1787900431.733069,34680,0b09,12,1A 1B 9D 42 CE EB 89 42 00 00 2C 42
1787900431.734455,34680,0b0a,12,0D 56 A6 42 A3 66 92 42 00 00 30 42
1787900431.735835,34680,0b0b,12,D3 E7 AF 42 93 08 99 42 00 00 34 42
1787900431.737702,34680,0b0c,12,3C B7 B9 42 31 8D 9D 42 00 00 38 42
1787900431.739123,34680,0b0d,12,30 AB C3 42 5E C6 9F 42 00 00 3C 42
1787900431.740531,34680,0b0e,12,38 AA CD 42 6A 9D 9F 42 00 00 40 42
1787900431.741977,34680,0b0f,12,FD 99 D7 42 41 14 9D 42 00 00 44 42
1787900431.743284,34680,0b10,12,A0 62 E1 42 5E 44 98 42 00 00 48 42
1787900431.744728,34680,0b11,12,52 EA EA 42 FD 5E 91 42 00 00 4C 42
1787900431.746096,34680,0b12,12,B3 18 F4 42 7F AA 88 42 00 00 50 42
1787900431.747540,34680,0b13,12,46 D6 FC 42 80 FF 7C 42 00 00 54 42
1787900431.748934,34680,0b14,12,07 86 02 43 DC 8E 66 42 00 00 58 42
1787900431.750247,34680,0b15,12,2B 53 06 43 A1 E4 4E 42 00 00 5C 42
1787900431.751814,34680,0b16,12,80 C8 09 43 0A F4 36 42 00 00 60 42
1787900431.753286,34680,0b17,12,2C DD 0C 43 72 B1 1F 42 00 00 64 42
1787900431.754607,34680,0b18,12,50 89 0F 43 45 0A 0A 42 00 00 68 42
1787900431.755965,34680,0b19,12,EA C5 11 43 D3 B9 ED 41 00 00 6C 42
1787900431.757259,34680,0b1a,12,9E 8D 13 43 42 D4 CD 41 00 00 70 42
1787900431.760274,34680,0b1b,12,AC DB 14 43 9E AC B5 41 00 00 74 42
1787900431.761743,34680,0b1c,12,BC AC 15 43 76 39 A6 41 00 00 78 42
1787900431.763195,34680,0b1d,12,BA FE 15 43 7C 18 A0 41 00 00 7C 42
1787900431.764492,34680,0b1e,12,DA D0 15 43 9D 87 A3 41 00 00 80 42
1787900431.766312,34680,0b1f,12,8B 23 15 43 53 64 B0 41 00 00 82 42
1787900431.767725,34680,0b20,12,88 F8 13 43 6F 2B C6 41 00 00 84 42
1787900431.769183,34680,0b21,12,CC 52 12 43 A9 FE E3 41 00 00 86 42
1787900431.770612,34680,0b22,12,90 36 10 43 C9 56 04 42 00 00 88 42
1787900431.771900,34680,0b23,12,71 A9 0D 43 24 5F 19 42 00 00 8A 42
1787900431.773244,34680,0b24,12,8E B1 0A 43 FC 44 30 42 00 00 8C 42
1787900431.774690,34680,0b25,12,B0 56 07 43 0C 1D 48 42 00 00 8E 42
1787900431.775971,34680,0b26,12,6A A1 03 43 F5 F3 5F 42 00 00 90 42
1787900431.777334,34680,0b27,12,74 36 FF 42 5F D6 76 42 00 00 92 42
1787900431.778608,34680,0b28,12,85 9D F6 42 95 EC 85 42 00 00 94 42
1787900431.779910,34680,0b29,12,B0 8C ED 42 93 14 8F 42 00 00 96 42
1787900431.781299,34680,0b2a,12,CC 1B E4 42 D6 84 96 42 00 00 98 42
1787900431.782643,34680,0b2b,12,00 63 DA 42 72 F1 9B 42 00 00 9A 42
1787900431.783953,34680,0b2c,12,2A 7B D0 42 08 23 9F 42 00 00 9C 42
1787900431.785410,34680,0b2d,12,6B 7E C6 42 08 F9 9F 42 00 00 9E 42
1787900431.786827,34680,0b2e,12,BE 84 BC 42 09 6B 9E 42 00 00 A0 42
1787900431.788169,34680,0b2f,12,70 A8 B2 42 C2 88 9A 42 00 00 A2 42
1787900431.789625,34680,0b30,12,BC 02 A9 42 D8 79 94 42 00 00 A4 42
1787900431.791077,34680,0b31,12,4E AC 9F 42 20 7C 8C 42 00 00 A6 42
1787900431.792399,34680,0b32,12,B8 BD 96 42 F9 E1 82 42 00 00 A8 42
1787900431.795777,34680,0b33,12,6E 4C 8E 42 D1 17 70 42 00 00 AA 42
1787900431.796934,34680,0b34,12,C0 6E 86 42 72 D2 58 42 00 00 AC 42
1787900431.798298,34680,0b35,12,9E 71 7E 42 60 E1 40 42 00 00 AE 42
1787900431.799669,34680,0b36,12,16 7A 71 42 F9 38 29 42 00 00 B0 42
1787900431.801594,34680,0b37,12,E9 18 66 42 67 CC 12 42 00 00 B2 42
1787900431.803052,34680,0b38,12,6D 69 5C 42 1B FA FC 41 00 00 B4 42
1787900431.804495,34680,0b39,12,5B 85 54 42 1A 38 DA 41 00 00 B6 42
1787900431.805878,34680,0b3a,12,E4 80 4E 42 8F B5 BE 41 00 00 B8 42
1787900431.807169,34680,0b3b,12,6E 6B 4A 42 47 8B AB 41 00 00 BA 42
1787900431.808520,34680,0b3c,12,80 4F 48 42 4D 7D A1 41 00 00 BC 42
1787900431.809838,34680,0b3d,12,2B 32 48 42 B1 F0 A0 41 00 00 BE 42
1787900431.811280,34680,0b3e,12,F8 13 4A 42 33 EC A9 41 00 00 C0 42
1787900431.812726,34680,0b3f,12,19 F0 4D 42 24 14 BC 41 00 00 C2 42
1787900431.814013,34680,0b40,12,AA BC 53 42 32 AF D6 41 00 00 C4 42
1787900431.815480,34680,0b41,12,2C 6A 5B 42 E4 AA F8 41 00 00 C6 42
1787900431.817096,34680,0b42,12,2D E6 64 42 D2 58 10 42 00 00 C8 42
1787900431.818574,34680,0b43,12,E3 17 70 42 40 94 26 42 00 00 CA 42
1787900431.819869,34680,0b44,12,AB E2 7C 42 D1 24 3E 42 00 00 CC 42
1787900431.821172,34680,0b45,12,E6 92 85 42 FC 19 56 42 00 00 CE 42
1787900431.822603,34680,0b46,12,C2 5D 8D 42 70 7D 6D 42 00 00 D0 42
1787900431.823883,34680,0b47,12,33 BF 95 42 0B B2 81 42 00 00 D2 42
1787900431.825216,34680,0b48,12,32 A1 9E 42 42 76 8B 42 00 00 D4 42
1787900431.826657,34680,0b49,12,06 ED A7 42 AF A7 93 42 00 00 D6 42
1787900431.827934,34680,0b4a,12,E8 8A B1 42 AF F2 99 42 00 00 D8 42
1787900431.829416,34680,0b4b,12,76 61 BB 42 CC 16 9E 42 00 00 DA 42
1787900431.831083,34680,0b4c,12,10 59 C5 42 64 EA 9F 42 00 00 DC 42
1787900431.832563,34680,0b4d,12,72 57 CF 42 6C 5A 9F 42 00 00 DE 42
1787900431.834005,34680,0b4e,12,0C 43 D9 42 A0 6C 9C 42 00 00 E0 42
1787900431.835313,34680,0b4f,12,7E 02 E3 42 E6 3E 97 42 00 00 E2 42
1787900431.836705,34680,0b50,12,1D 7C EC 42 BB 06 90 42 00 00 E4 42
1787900431.838145,34680,0b51,12,27 99 F5 42 B2 0C 87 42 00 00 E6 42
1787900431.839605,34680,0b52,12,8B 41 FE 42 CF 59 79 42 00 00 E8 42
1787900431.841050,34680,0b53,12,91 2F 03 43 7E A2 62 42 00 00 EA 42
1787900431.842406,34680,0b54,12,96 EE 06 43 50 DB 4A 42 00 00 EC 42
1787900431.844551,34680,0b55,12,FE 53 0A 43 D2 F8 32 42 00 00 EE 42
1787900431.845948,34680,0b56,12,A0 57 0D 43 16 EB 1B 42 00 00 A0 41
1787900431.847422,34680,0b57,12,7F F1 0F 43 4E 9F 06 42 00 00 A8 41
1787900431.848900,34680,0b58,12,F4 1A 12 43 B0 DD E7 41 00 00 B0 41
1787900431.850209,34680,0b59,12,78 CE 13 43 EF 30 C9 41 00 00 B8 41
1787900431.851640,34680,0b5a,12,9B 07 15 43 E5 72 B2 41 00 00 C0 41
1787900431.853076,34680,0b5b,12,6E C3 15 43 29 88 A4 41 00 00 C8 41
1787900431.854392,34680,0b5c,12,F4 FF 15 43 E3 00 A0 41 00 00 D0 41
1787900431.855818,34680,0b5d,12,91 BC 15 43 4B 0B A5 41 00 00 D8 41
1787900431.857139,34680,0b5e,12,F2 F9 14 43 EF 73 B3 41 00 00 E0 41
1787900431.858501,34680,0b5f,12,26 BA 13 43 98 A5 CA 41 00 00 E8 41
1787900431.859856,34680,0b60,12,2E 00 12 43 26 B7 E9 41 00 00 F0 41
1787900431.861315,34680,0b61,12,89 D0 0F 43 00 B5 07 42 00 00 F8 41
1787900431.862641,34680,0b62,12,CE 30 0D 43 AC 1E 1D 42 00 00 00 42
1787900431.863937,34680,0b63,12,B3 27 0A 43 08 3E 34 42 00 00 04 42
1787900431.866271,34680,0b64,12,44 BD 06 43 2F 25 4C 42 00 00 08 42
1787900431.867728,34680,0b65,12,B6 F9 02 43 E0 E3 63 42 00 00 0C 42
1787900431.869041,34680,0b66,12,D6 CD FD 42 E3 85 7A 42 00 00 10 42
1787900431.870507,34680,0b67,12,9B 1E F5 42 1A 92 87 42 00 00 14 42
1787900431.871951,34680,0b68,12,F4 FB EB 42 2F 76 90 42 00 00 18 42
1787900431.873369,34680,0b69,12,00 7E E2 42 F6 93 97 42 00 00 1C 42
1787900431.874862,34680,0b6a,12,8C BB D8 42 E7 A3 9C 42 00 00 20 42
1787900431.876220,34680,0b6b,12,49 CE CE 42 B5 71 9F 42 00 00 24 42
1787900431.877673,34680,0b6c,12,9E CF C4 42 C2 E0 9F 42 00 00 28 42
1787900431.879740,34680,0b6d,12,1A D9 BA 42 A0 EC 9D 42 00 00 2C 42
1787900431.881201,34680,0b6e,12,FF 04 B1 42 AB A9 99 42 00 00 30 42
1787900431.882572,34680,0b6f,12,E8 6A A7 42 B9 42 93 42 00 00 34 42
1787900431.883872,34680,0b70,12,2A 24 9E 42 62 F9 8A 42 00 00 38 42
1787900431.885185,34680,0b71,12,81 48 95 42 3A 22 81 42 00 00 3C 42
1787900431.886892,34680,0b72,12,96 EE 8C 42 65 43 6C 42 00 00 40 42
1787900431.888241,34680,0b73,12,5C 2C 85 42 0F D2 54 42 00 00 44 42
1787900431.889629,34680,0b74,12,E9 28 7C 42 12 DC 3C 42 00 00 48 42
1787900431.891076,34680,0b75,12,4D 73 6F 42 CC 57 25 42 00 00 4C 42
1787900431.892370,34680,0b76,12,69 58 64 42 45 35 0F 42 00 00 50 42
1787900431.893844,34680,0b77,12,A4 F4 5A 42 DB AC F6 41 00 00 54 42
1787900431.895280,34680,0b78,12,89 60 53 42 89 0E D5 41 00 00 58 42
1787900431.896674,34680,0b79,12,4C AE 4D 42 7D E1 BA 41 00 00 5C 42
1787900431.898118,34680,0b7a,12,29 ED 49 42 C8 33 A9 41 00 00 60 42
1787900431.899441,34680,0b7b,12,BC 26 48 42 DC B9 A0 41 00 00 64 42
1787900431.903446,34680,0b7c,12,8E 5F 48 42 3E CA A1 41 00 00 68 42
1787900431.904928,34680,0b7d,12,CF 96 4A 42 E3 58 AC 41 00 00 6C 42
1787900431.906266,34680,0b7e,12,2B C7 4E 42 AE FB BF 41 00 00 70 42
1787900431.907777,34680,0b7f,12,D3 E5 54 42 BA E9 DB 41 00 00 74 42
1787900431.909249,34680,0b80,12,1F E3 5C 42 F3 05 FF 41 00 00 78 42
1787900431.910646,34680,0b81,12,9F AA 66 42 FD F4 13 42 00 00 7C 42
1787900431.911928,34680,0b82,12,59 22 72 42 65 78 2A 42 00 00 80 42
1787900431.913358,34680,0b83,12,C1 2E 7F 42 E7 2A 42 42 00 00 82 42
1787900431.915371,34680,0b84,12,D1 D6 86 42 F2 18 5A 42 00 00 84 42
1787900431.916751,34680,0b85,12,F2 BC 8E 42 44 4E 71 42 00 00 86 42
1787900431.918085,34680,0b86,12,90 35 97 42 FC 6E 83 42 00 00 88 42
1787900431.919508,34680,0b87,12,48 2A A0 42 4E F5 8C 42 00 00 8A 42
1787900431.920811,34680,0b88,12,95 85 A9 42 5C DA 94 42 00 00 8C 42
1787900431.922296,34680,0b89,12,DB 2E B3 42 C2 CC 9A 42 00 00 8E 42
1787900431.923706,34680,0b8a,12,61 0D BD 42 D0 8F 9E 42 00 00 90 42
1787900431.925172,34680,0b8b,12,E9 07 C7 42 1E FD 9F 42 00 00 92 42
1787900431.926492,34680,0b8c,12,25 04 D1 42 46 06 9F 42 00 00 94 42
1787900431.927799,34680,0b8d,12,18 EA DA 42 FA B4 9B 42 00 00 96 42
1787900431.929275,34680,0b8e,12,A8 9F E4 42 12 2B 96 42 00 00 98 42
1787900431.930718,34680,0b8f,12,FE 0B EE 42 17 A1 8E 42 00 00 9A 42
1787900431.931997,34680,0b90,12,00 17 F7 42 FC 63 85 42 00 00 9C 42
1787900431.933334,34680,0b91,12,E4 A8 FF 42 DA A5 75 42 00 00 9E 42
1787900431.934637,34680,0b92,12,8B D6 03 43 3D B0 5E 42 00 00 A0 42
1787900431.936495,34680,0b93,12,32 87 07 43 0A D3 46 42 00 00 A2 42
1787900431.937815,34680,0b94,12,F5 DC 0A 43 D8 01 2F 42 00 00 A4 42
1787900431.939302,34680,0b95,12,4D CF 0D 43 C1 2F 18 42 00 00 A6 42
1787900431.941364,34680,0b96,12,82 56 10 43 3D 47 03 42 00 00 A8 42
1787900431.942701,34680,0b97,12,81 6C 12 43 EA 34 E2 41 00 00 AA 42
1787900431.944063,34680,0b98,12,BE 0B 14 43 49 C9 C4 41 00 00 AC 42
1787900431.945518,34680,0b99,12,11 30 15 43 E5 77 AF 41 00 00 AE 42
1787900431.946836,34680,0b9a,12,90 D6 15 43 54 1A A3 41 00 00 B0 42
1787900431.948167,34680,0b9b,12,92 FD 15 43 AA 2E A0 41 00 00 B2 42
1787900431.949490,34680,0b9c,12,BA A4 15 43 40 D2 A6 41 00 00 B4 42
1787900431.950985,34680,0b9d,12,E2 CC 14 43 EF C1 B6 41 00 00 B6 42
1787900431.952435,34680,0b9e,12,33 78 13 43 0B 5B CF 41 00 00 B8 42
1787900431.953880,34680,0b9f,12,15 AA 11 43 80 A2 EF 41 00 00 BA 42
1787900431.955192,34680,0ba0,12,57 67 0F 43 CD 25 0B 42 00 00 BC 42
1787900431.956532,34680,0ba1,12,68 B5 0C 43 E0 E8 20 42 00 00 BE 42
1787900431.957995,34680,0ba2,12,54 9B 09 43 F3 3A 38 42 00 00 C0 42
1787900431.959342,34680,0ba3,12,0C 21 06 43 FD 2D 50 42 00 00 C2 42
1787900431.960668,34680,0ba4,12,76 4F 02 43 89 CD 67 42 00 00 C4 42
1787900431.962129,34680,0ba5,12,55 61 FC 42 CB 26 7E 42 00 00 C6 42
1787900431.963469,34680,0ba6,12,20 9D F3 42 90 2C 89 42 00 00 C8 42
1787900431.964939,34680,0ba7,12,58 69 EA 42 4A CA 91 42 00 00 CA 42
1787900431.966401,34680,0ba8,12,88 DD E0 42 A0 94 98 42 00 00 CC 42
1787900431.967814,34680,0ba9,12,1C 12 D7 42 44 46 9D 42 00 00 CE 42
1787900431.969281,34680,0baa,12,EA 20 CD 42 33 AF 9F 42 00 00 D0 42
1787900431.970613,34680,0bab,12,D4 21 C3 42 34 B7 9F 42 00 00 D2 42
1787900431.973691,34680,0bac,12,31 2F B9 42 AF 5D 9D 42 00 00 D4 42
1787900431.975196,34680,0bad,12,75 62 AF 42 9F BA 98 42 00 00 D6 42
1787900431.976639,34680,0bae,12,B2 D4 A5 42 58 FD 91 42 00 00 D8 42
1787900431.978043,34680,0baf,12,0C 9F 9C 42 60 6B 89 42 00 00 DA 42
1787900431.979400,34680,0bb0,12,A3 D7 93 42 B9 B5 7E 42 00 00 DC 42
1787900431.980740,34680,0bb1,12,A7 95 8B 42 42 66 68 42 00 00 DE 42
1787900431.982207,34680,0bb2,12,39 EE 83 42 17 CC 50 42 00 00 E0 42
1787900431.983667,34680,0bb3,12,DB E9 79 42 21 D8 38 42 00 00 E2 42
1787900431.985103,34680,0bb4,12,20 78 6D 42 A3 80 21 42 00 00 E4 42
1787900431.986436,34680,0bb5,12,24 A5 62 42 3D B0 0B 42 00 00 E6 42
1787900431.987824,34680,0bb6,12,A2 8D 59 42 E5 8E F0 41 00 00 E8 42
1787900431.989288,34680,0bb7,12,DA 48 52 42 C2 18 D0 41 00 00 EA 42
1787900431.990607,34680,0bb8,12,67 E9 4C 42 69 49 B7 41 00 00 EC 42
1787900431.991913,34680,0bb9,12,36 7D 49 42 FF 1E A7 41 00 00 EE 42
1787900431.993394,34680,0bba,12,80 0C 48 42 FF 3B A0 41 00 00 A0 41
1787900431.994719,34680,0bbb,12,4E 9B 48 42 54 E8 A2 41 00 00 A8 41
1787900431.995997,34680,0bbc,12,31 28 4B 42 B2 08 AF 41 00 00 B0 41
1787900431.997460,34680,0bbd,12,A3 AC 4F 42 53 21 C4 41 00 00 B8 41
1787900431.998756,34680,0bbe,12,82 1C 56 42 50 58 E1 41 00 00 C0 41
1787900432.000069,34680,0bbf,12,59 68 5E 42 02 C4 02 42 00 00 C8 41
1787900432.001539,34680,0bc0,12,80 7A 68 42 8A 9E 17 42 00 00 D0 41
1787900432.002976,34680,0bc1,12,33 39 74 42 E8 66 2E 42 00 00 D8 41
1787900432.004421,34680,0bc2,12,34 C3 80 42 8D 34 46 42 00 00 E0 41
1787900432.005720,34680,0bc3,12,71 1F 88 42 AD 12 5E 42 00 00 E8 41
1787900432.008390,34680,0bc4,12,A4 1F 90 42 5F 11 75 42 00 00 F0 41
1787900432.009843,34680,0bc5,12,C8 AE 98 42 07 22 85 42 00 00 F8 41
1787900432.011287,34680,0bc6,12,F7 B6 A1 42 2D 69 8E 42 00 00 00 42
1787900432.012659,34680,0bc7,12,17 21 AB 42 6E FF 95 42 00 00 04 42
1787900432.014073,34680,0bc8,12,4F D4 B4 42 FE 96 9B 42 00 00 08 42
1787900432.015518,34680,0bc9,12,50 B9 BE 42 AA F7 9E 42 00 00 0C 42
1787900432.016963,34680,0bca,12,0D B6 C8 42 72 FE 9F 42 00 00 10 42
1787900432.018386,34680,0bcb,12,F7 B0 D2 42 DC A0 9E 42 00 00 14 42
1787900432.019708,34680,0bcc,12,88 90 DC 42 D8 EC 9A 42 00 00 18 42
1787900432.021154,34680,0bcd,12,BF 3A E6 42 BE 08 95 42 00 00 1C 42
1787900432.022824,34680,0bce,12,64 98 EF 42 C3 2F 8D 42 00 00 20 42
1787900432.024128,34680,0bcf,12,BF 90 F8 42 62 B2 83 42 00 00 24 42
1787900432.025450,34680,0bd0,12,6E 86 00 43 F0 E2 71 42 00 00 28 42
1787900432.026771,34680,0bd1,12,84 7B 04 43 92 B5 5A 42 00 00 2C 42
1787900432.028142,34680,0bd2,12,3C 1D 08 43 1C CB 42 42 00 00 30 42
1787900432.029604,34680,0bd3,12,DD 62 0B 43 F1 13 2B 42 00 00 34 42
1787900432.031051,34680,0bd4,12,BD 43 0E 43 FC 83 14 42 00 00 38 42
1787900432.032489,34680,0bd5,12,7D B8 10 43 89 01 00 42 00 00 3C 42
1787900432.033782,34680,0bd6,12,D6 BA 12 43 E2 BB DC 41 00 00 40 42
1787900432.037538,34680,0bd7,12,8A 45 14 43 62 9C C0 41 00 00 44 42
1787900432.039011,34680,0bd8,12,E6 54 15 43 3D BF AC 41 00 00 48 42
1787900432.040798,34680,0bd9,12,0D E6 15 43 B3 F1 A1 41 00 00 4C 42
1787900432.042067,34680,0bda,12,8F F7 15 43 09 A2 A0 41 00 00 50 42
1787900432.043914,34680,0bdb,12,3D 89 15 43 A0 DD A8 41 00 00 54 42
1787900432.046270,34680,0bdc,12,4A 9C 14 43 BC 4E BA 41 00 00 58 42
1787900432.047701,34680,0bdd,12,EF 32 13 43 0B 46 D4 41 00 00 5C 42
1787900432.049475,34680,0bde,12,D5 50 11 43 80 B9 F5 41 00 00 60 42
1787900432.052707,34680,0bdf,12,CE FA 0E 43 D6 A9 0E 42 00 00 64 42
1787900432.055601,34680,0be0,12,D5 36 0C 43 2B C0 24 42 00 00 68 42
1787900432.056718,34680,0be1,12,3E 0C 09 43 6D 3C 3C 42 00 00 6C 42
1787900432.058283,34680,0be2,12,A6 82 05 43 8E 32 54 42 00 00 70 42
1787900432.059691,34680,0be3,12,54 A3 01 43 2E AC 6B 42 00 00 74 42
1787900432.063116,34680,0be4,12,5F F0 FA 42 D9 DC 80 42 00 00 78 42
1787900432.064575,34680,0be5,12,C8 17 F2 42 FF BC 8A 42 00 00 7C 42
1787900432.065814,34680,0be6,12,3E D4 E8 42 28 11 93 42 00 00 80 42
1787900432.067099,34680,0be7,12,05 3C DF 42 9D 85 99 42 00 00 82 42
1787900432.068478,34680,0be8,12,5A 68 D5 42 C3 D7 9D 42 00 00 84 42
1787900432.069694,34680,0be9,12,64 72 CB 42 81 DB 9F 42 00 00 86 42
1787900432.071912,34680,0bea,12,9C 73 C1 42 44 7C 9F 42 00 00 88 42
1787900432.073248,34680,0beb,12,5A 86 B7 42 29 BE 9C 42 00 00 8A 42
1787900432.074556,34680,0bec,12,76 C2 AD 42 C0 BC 97 42 00 00 8C 42
1787900432.075742,34680,0bed,12,B2 41 A4 42 3F AB 90 42 00 00 8E 42
1787900432.077025,34680,0bee,12,5E 1C 9B 42 CD D1 87 42 00 00 90 42
1787900432.078343,34680,0bef,12,E1 69 92 42 7B 15 7B 42 00 00 92 42
1787900432.079662,34680,0bf0,12,16 41 8A 42 C2 7F 64 42 00 00 94 42
1787900432.081009,34680,0bf1,12,97 B5 82 42 72 C5 4C 42 00 00 96 42
1787900432.082399,34680,0bf2,12,B3 B6 77 42 6F DA 34 42 00 00 98 42
1787900432.083713,34680,0bf3,12,CD 87 6B 42 DA B2 1D 42 00 00 9A 42
1787900432.085509,34680,0bf4,12,A5 FD 60 42 0D 3B 08 42 00 00 9C 42
1787900432.086755,34680,0bf5,12,CE 33 58 42 04 9F EA 41 00 00 9E 42
1787900432.088161,34680,0bf6,12,67 3F 51 42 CE 5C CB 41 00 00 A0 42
1787900432.089434,34680,0bf7,12,F9 32 4C 42 B4 F1 B3 41 00 00 A2 42
1787900432.090761,34680,0bf8,12,71 1B 49 42 BF 4C A5 41 00 00 A4 42
1787900432.092138,34680,0bf9,12,B6 00 48 42 68 03 A0 41 00 00 A6 42
1787900432.093409,34680,0bfa,12,76 E5 48 42 F2 4A A4 41 00 00 A8 42
1787900432.094687,34680,0bfb,12,8C C7 4B 42 58 F8 B1 41 00 00 AA 42
1787900432.096057,34680,0bfc,12,99 9F 50 42 08 80 C8 41 00 00 AC 42
1787900432.097297,34680,0bfd,12,3A 61 57 42 0D FC E6 41 00 00 AE 42
1787900432.098644,34680,0bfe,12,26 FB 5F 42 9E 1A 06 42 00 00 B0 42
1787900432.100673,34680,0bff,12,7B 56 6A 42 14 56 1B 42 00 00 B2 42
1787900432.104865,34680,0c00,12,59 5A 76 42 00 5B 32 42 00 00 B4 42
1787900432.106459,34680,0c01,12,A3 F3 81 42 D9 3C 4A 42 00 00 B6 42
1787900432.109864,34680,0c02,12,4C 6D 89 42 DB 07 62 42 00 00 B8 42
1787900432.112732,34680,0c03,12,07 87 91 42 2A C9 78 42 00 00 BA 42
1787900432.113017,34680,0c04,12,6A 2B 9A 42 7E CB 86 42 00 00 BC 42
1787900432.113705,34680,0c05,12,B3 45 A3 42 19 D0 8F 42 00 00 BE 42
1787900432.118645,34680,0c06,12,F1 BD AC 42 80 15 97 42 00 00 C0 42
1787900432.121140,34680,0c07,12,EA 7B B6 42 7C 51 9C 42 00 00 C2 42
1787900432.122401,34680,0c08,12,B2 66 C0 42 9E 4E 9F 42 00 00 C4 42
1787900432.123700,34680,0c09,12,23 64 CA 42 70 EE 9F 42 00 00 C6 42
1787900432.125028,34680,0c0a,12,3D 5C D4 42 AB 2A 9E 42 00 00 C8 42
1787900432.126221,34680,0c0b,12,B8 34 DE 42 30 15 9A 42 00 00 CA 42
1787900432.127467,34680,0c0c,12,65 D4 E7 42 AC D7 93 42 00 00 CC 42
1787900432.128847,34680,0c0d,12,A5 22 F1 42 D2 B1 8B 42 00 00 CE 42
1787900432.130065,34680,0c0e,12,FC 06 FA 42 9E F7 81 42 00 00 D0 42
1787900432.131387,34680,0c0f,12,08 36 01 43 A7 15 6E 42 00 00 D2 42
1787900432.132694,34680,0c10,12,D7 1D 05 43 57 B7 56 42 00 00 D4 42
1787900432.134043,34680,0c11,12,EE B0 08 43 D0 C2 3E 42 00 00 D6 42
1787900432.136420,34680,0c12,12,29 E6 0B 43 98 2C 27 42 00 00 D8 42
1787900432.137991,34680,0c13,12,1E B5 0E 43 19 E7 10 42 00 00 DA 42
1787900432.139372,34680,0c14,12,0F 17 11 43 5E A4 F9 41 00 00 DC 42
1787900432.140668,34680,0c15,12,A6 05 13 43 44 79 D7 41 00 00 DE 42
1787900432.142093,34680,0c16,12,F3 7B 14 43 A7 A9 BC 41 00 00 E0 42
1787900432.143328,34680,0c17,12,38 76 15 43 31 47 AA 41 00 00 E2 42
1787900432.144578,34680,0c18,12,F0 F1 15 43 E4 0D A1 41 00 00 E4 42
1787900432.145974,34680,0c19,12,F1 ED 15 43 75 5A A1 41 00 00 E6 42
1787900432.147207,34680,0c1a,12,39 6A 15 43 EE 2A AB 41 00 00 E8 42
1787900432.148574,34680,0c1b,12,16 68 14 43 20 1B BE 41 00 00 EA 42
1787900432.149885,34680,0c1c,12,1F EA 12 43 BE 69 D9 41 00 00 EC 42
1787900432.151232,34680,0c1d,12,4F F4 10 43 1A FD FB 41 00 00 EE 42
1787900432.152613,34680,0c1e,12,5D 8B 0E 43 D6 3C 12 42 00 00 A0 41
1787900432.153877,34680,0c1f,12,94 B5 0B 43 E1 9F 28 42 00 00 A8 41
1787900432.155261,34680,0c20,12,36 7A 08 43 2D 43 40 42 00 00 B0 41
1787900432.156517,34680,0c21,12,87 E1 04 43 74 35 58 42 00 00 B8 41
1787900432.157810,34680,0c22,12,0C F5 00 43 84 80 6F 42 00 00 C0 41
1787900432.159144,34680,0c23,12,65 7C F9 42 1E 9D 82 42 00 00 C8 41
1787900432.160549,34680,0c24,12,18 90 F0 42 7E 41 8C 42 00 00 D0 41
1787900432.161875,34680,0c25,12,08 3C E7 42 FA 4A 94 42 00 00 D8 41
1787900432.163156,34680,0c26,12,10 98 DD 42 86 67 9A 42 00 00 E0 41
1787900432.164446,34680,0c27,12,A1 BD D3 42 8A 58 9E 42 00 00 E8 41
1787900432.165871,34680,0c28,12,66 C4 C9 42 68 F6 9F 42 00 00 F0 41
1787900432.167180,34680,0c29,12,A5 C6 BF 42 3A 30 9F 42 00 00 F8 41
1787900432.168422,34680,0c2a,12,EF DD B5 42 E6 0D 9C 42 00 00 00 42
1787900432.170259,34680,0c2b,12,9B 23 AC 42 6B AF 96 42 00 00 04 42
1787900432.171664,34680,0c2c,12,47 B1 A2 42 3C 4C 8F 42 00 00 08 42
1787900432.172951,34680,0c2d,12,A4 9D 99 42 9A 2E 86 42 00 00 0C 42
1787900432.174360,34680,0c2e,12,A9 00 91 42 24 68 77 42 00 00 10 42
1787900432.175596,34680,0c2f,12,60 F0 88 42 2F 8F 60 42 00 00 14 42
1787900432.177058,34680,0c30,12,68 81 81 42 8C BB 48 42 00 00 18 42
1787900432.178407,34680,0c31,12,8E 8E 75 42 46 E2 30 42 00 00 1C 42
1787900432.179770,34680,0c32,12,47 A4 69 42 13 F3 19 42 00 00 20 42
1787900432.181133,34680,0c33,12,93 63 5F 42 EB D9 04 42 00 00 24 42
1787900432.182473,34680,0c34,12,AC E6 56 42 52 DC E4 41 00 00 28 42
1787900432.185556,34680,0c35,12,4A 43 50 42 A7 D7 C6 41 00 00 2C 42
1787900432.186921,34680,0c36,12,B2 8A 4B 42 9C D9 B0 41 00 00 30 42
1787900432.188280,34680,0c37,12,3C C8 48 42 3F BF A3 41 00 00 34 42
1787900432.189568,34680,0c38,12,69 03 48 42 5B 10 A0 41 00 00 38 42
1787900432.191021,34680,0c39,12,2F 3E 49 42 88 F2 A5 41 00 00 3C 42
1787900432.192330,34680,0c3a,12,6A 75 4C 42 B7 29 B5 41 00 00 40 42
1787900432.193712,34680,0c3b,12,65 A0 51 42 69 18 CD 41 00 00 44 42
1787900432.195080,34680,0c3c,12,B7 B2 58 42 13 CE EC 41 00 00 48 42
1787900432.196381,34680,0c3d,12,F4 99 61 42 BF 82 09 42 00 00 4C 42
1787900432.197814,34680,0c3e,12,55 3F 6C 42 4B 1C 1F 42 00 00 50 42
1787900432.199184,34680,0c3f,12,A0 87 78 42 34 57 36 42 00 00 54 42
1787900432.200531,34680,0c40,12,22 29 83 42 7E 44 4E 42 00 00 58 42
1787900432.201932,34680,0c41,12,12 BF 8A 42 AA F3 65 42 00 00 5C 42
1787900432.203274,34680,0c42,12,B4 F1 92 42 1D 71 7C 42 00 00 60 42
1787900432.204651,34680,0c43,12,10 AC 9B 42 A4 6B 88 42 00 00 64 42
1787900432.205943,34680,0c44,12,D2 D7 A4 42 FA 2A 91 42 00 00 68 42
1787900432.207328,34680,0c45,12,C3 5C AE 42 CF 1C 98 42 00 00 6C 42
1787900432.208697,34680,0c46,12,06 24 B8 42 57 FB 9C 42 00 00 70 42
1787900432.210139,34680,0c47,12,DA 13 C2 42 40 94 9F 42 00 00 74 42
1787900432.211593,34680,0c48,12,D5 12 CC 42 06 CD 9F 42 00 00 78 42
1787900432.213039,34680,0c49,12,64 07 D6 42 67 A3 9D 42 00 00 7C 42
1787900432.214370,34680,0c4a,12,4D D7 DF 42 E4 2D 99 42 00 00 80 42
1787900432.215762,34680,0c4b,12,FF 6A E9 42 50 99 92 42 00 00 82 42
1787900432.217122,34680,0c4c,12,34 A9 F2 42 18 29 8A 42 00 00 84 42
1787900432.218483,34680,0c4d,12,47 7A FB 42 5C 33 80 42 00 00 86 42
1787900432.222058,34680,0c4e,12,D4 E3 01 43 90 3B 6A 42 00 00 88 42
1787900432.223510,34680,0c4f,12,C5 BD 05 43 DA B4 52 42 00 00 8A 42
1787900432.224930,34680,0c50,12,B5 41 09 43 10 BF 3A 42 00 00 8C 42
1787900432.226814,34680,0c51,12,55 66 0C 43 8E 50 23 42 00 00 8E 42
1787900432.228259,34680,0c52,12,9C 23 0F 43 80 58 0D 42 00 00 90 42
1787900432.229574,34680,0c53,12,88 72 11 43 48 6E F3 41 00 00 92 42
1787900432.230998,34680,0c54,12,10 4D 13 43 FC 6B D2 41 00 00 94 42
1787900432.232357,34680,0c55,12,C0 AE 14 43 E7 F5 B8 41 00 00 96 42
1787900432.233790,34680,0c56,12,E6 93 15 43 C1 12 A8 41 00 00 98 42
1787900432.235228,34680,0c57,12,39 FA 15 43 ED 6E A0 41 00 00 9A 42
1787900432.236611,34680,0c58,12,B1 E0 15 43 62 58 A2 41 00 00 9C 42
1787900432.238043,34680,0c59,12,A2 47 15 43 60 BA AD 41 00 00 9E 42
1787900432.239468,34680,0c5a,12,7A 30 14 43 7B 22 C2 41 00 00 A0 42
1787900432.240921,34680,0c5b,12,0C 9E 12 43 E3 BF DE 41 00 00 A2 42
1787900432.242378,34680,0c5c,12,5C 94 10 43 42 37 01 42 00 00 A4 42
1787900432.243788,34680,0c5d,12,A2 18 0E 43 13 E1 15 42 00 00 A6 42
1787900432.245249,34680,0c5e,12,75 31 0B 43 A9 88 2C 42 00 00 A8 42
1787900432.246554,34680,0c5f,12,CE E5 07 43 4C 4A 44 42 00 00 AA 42
1787900432.248017,34680,0c60,12,53 3E 04 43 CE 31 5C 42 00 00 AC 42
1787900432.249348,34680,0c61,12,5B 44 00 43 2E 4B 73 42 00 00 AE 42
1787900432.250677,34680,0c62,12,28 04 F8 42 54 55 84 42 00 00 B0 42
1787900432.251952,34680,0c63,12,7B 05 EF 42 5B BA 8D 42 00 00 B2 42
1787900432.253271,34680,0c64,12,4C A2 E5 42 41 76 95 42 00 00 B4 42
1787900432.256062,34680,0c65,12,4F F3 DB 42 49 39 9B 42 00 00 B6 42
1787900432.257430,34680,0c66,12,47 11 D2 42 A4 C8 9E 42 00 00 B8 42
1787900432.258881,34680,0c67,12,7F 15 C8 42 FA FF 9F 42 00 00 BA 42
1787900432.260241,34680,0c68,12,47 1A BE 42 13 D3 9E 42 00 00 BC 42
1787900432.262274,34680,0c69,12,98 37 B4 42 BE 4D 9B 42 00 00 BE 42
1787900432.263728,34680,0c6a,12,85 87 AA 42 EA 93 95 42 00 00 C0 42
1787900432.265130,34680,0c6b,12,D6 22 A1 42 0A E0 8D 42 00 00 C2 42
1787900432.267291,34680,0c6c,12,94 21 98 42 BD 80 84 42 00 00 C4 42
1787900432.269289,34680,0c6d,12,6A 9B 8F 42 19 AD 73 42 00 00 C6 42
1787900432.270763,34680,0c6e,12,D6 A4 87 42 55 99 5C 42 00 00 C8 42
1787900432.272039,34680,0c6f,12,E2 52 80 42 50 B3 44 42 00 00 CA 42
1787900432.273518,34680,0c70,12,99 70 73 42 F8 EE 2C 42 00 00 CC 42
1787900432.274861,34680,0c71,12,EE CB 67 42 E6 3E 16 42 00 00 CE 42
1787900432.276228,34680,0c72,12,45 D6 5D 42 32 8C 01 42 00 00 D0 42
1787900432.277652,34680,0c73,12,89 A7 55 42 D0 4D DF 41 00 00 D2 42
1787900432.279026,34680,0c74,12,81 55 4F 42 CC 8E C2 41 00 00 D4 42
1787900432.280507,34680,0c75,12,5A F0 4A 42 C2 00 AE 41 00 00 D6 42
1787900432.281807,34680,0c76,12,51 83 48 42 82 75 A2 41 00 00 D8 42
1787900432.283240,34680,0c77,12,8F 14 48 42 A9 62 A0 41 00 00 DA 42
1787900432.284707,34680,0c78,12,1F A5 49 42 11 DD A7 41 00 00 DC 42
1787900432.286043,34680,0c79,12,1C 31 4D 42 EC 98 B8 41 00 00 DE 42
1787900432.287472,34680,0c7a,12,74 AF 52 42 6C EB D1 41 00 00 E0 42
1787900432.288790,34680,0c7b,12,18 12 5A 42 1B D2 F2 41 00 00 E2 42
1787900432.290570,34680,0c7c,12,5C 45 63 42 F0 FC 0C 42 00 00 E4 42
1787900432.291889,34680,0c7d,12,26 33 6E 42 95 EC 22 42 00 00 E6 42
1787900432.293334,34680,0c7e,12,D8 BE 7A 42 AB 56 3A 42 00 00 E8 42
1787900432.294774,34680,0c7f,12,2F 64 84 42 33 4C 52 42 00 00 EA 42
1787900432.296209,34680,0c80,12,E6 15 8C 42 9E D8 69 42 00 00 EC 42
1787900432.297634,34680,0c81,12,37 60 94 42 F4 04 80 42 00 00 EE 42
1787900432.298979,34680,0c82,12,38 2F 9D 42 80 00 8A 42 00 00 A0 41
1787900432.300323,34680,0c83,12,C2 6B A6 42 27 78 92 42 00 00 A8 41
1787900432.301781,34680,0c84,12,32 FE AF 42 7D 15 99 42 00 00 B0 41
1787900432.303087,34680,0c85,12,0C CE B9 42 FD 94 9D 42 00 00 B8 41
1787900432.304483,34680,0c86,12,6F C1 C3 42 A8 C8 9F 42 00 00 C0 41
1787900432.306030,34680,0c87,12,73 C0 CD 42 5F 9A 9F 42 00 00 C8 41
1787900432.307436,34680,0c88,12,C1 B0 D7 42 B4 0B 9D 42 00 00 D0 41
1787900432.308872,34680,0c89,12,EA 78 E1 42 C4 36 98 42 00 00 D8 41
1787900432.310192,34680,0c8a,12,EB FF EA 42 DE 4C 91 42 00 00 E0 41
1787900432.311622,34680,0c8b,12,AE 2C F4 42 54 95 88 42 00 00 E8 41
1787900432.312980,34680,0c8c,12,2C E9 FC 42 88 CF 7C 42 00 00 F0 41
1787900432.314432,34680,0c8d,12,27 8F 02 43 5A 59 66 42 00 00 F8 41
1787900432.315815,34680,0c8e,12,8C 5B 06 43 66 AD 4E 42 00 00 00 42
1787900432.317139,34680,0c8f,12,0B D0 09 43 4A BD 36 42 00 00 04 42
1787900432.318517,34680,0c90,12,96 E3 0C 43 20 7F 1F 42 00 00 08 42
1787900432.319839,34680,0c91,12,C8 8E 0F 43 87 DC 09 42 00 00 0C 42
1787900432.321267,34680,0c92,12,8D CA 11 43 61 68 ED 41 00 00 10 42
1787900432.322709,34680,0c93,12,2D 91 13 43 4F 93 CD 41 00 00 14 42
1787900432.324027,34680,0c94,12,1E DE 14 43 C2 7E B5 41 00 00 18 42
1787900432.325376,34680,0c95,12,00 AE 15 43 5D 21 A6 41 00 00 1C 42
1787900432.326795,34680,0c96,12,E0 FE 15 43 90 15 A0 41 00 00 20 42
1787900432.328188,34680,0c97,12,DB CF 15 43 9E 9A A3 41 00 00 24 42
1787900432.329642,34680,0c98,12,68 21 15 43 9A 8C B0 41 00 00 28 42
1787900432.331062,34680,0c99,12,46 F5 13 43 62 67 C6 41 00 00 2C 42
1787900432.332868,34680,0c9a,12,9B 4E 12 43 45 49 E4 41 00 00 30 42
1787900432.334198,34680,0c9b,12,5C 31 10 43 F3 82 04 42 00 00 34 42
1787900432.335679,34680,0c9c,12,10 A3 0D 43 21 92 19 42 00 00 38 42
1787900432.337079,34680,0c9d,12,41 AA 0A 43 38 7B 30 42 00 00 3C 42
1787900432.338409,34680,0c9e,12,88 4E 07 43 5E 54 48 42 00 00 40 42
1787900432.339809,34680,0c9f,12,CA 98 03 43 50 28 60 42 00 00 44 42
1787900432.341168,34680,0ca0,12,E1 23 FF 42 8F 07 77 42 00 00 48 42
1787900432.342621,34680,0ca1,12,20 89 F6 42 62 03 86 42 00 00 4C 42
1787900432.343924,34680,0ca2,12,52 77 ED 42 CE 27 8F 42 00 00 50 42
1787900432.345231,34680,0ca3,12,AD 05 E4 42 BD 93 96 42 00 00 54 42
1787900432.346618,34680,0ca4,12,1C 4D DA 42 15 FB 9B 42 00 00 58 42
1787900432.347938,34680,0ca5,12,FA 64 D0 42 87 27 9F 42 00 00 5C 42
1787900432.349394,34680,0ca6,12,5F 67 C6 42 2C F8 9F 42 00 00 60 42
1787900432.350763,34680,0ca7,12,D9 6D BC 42 B4 64 9E 42 00 00 64 42
1787900432.352124,34680,0ca8,12,EC 91 B2 42 34 7D 9A 42 00 00 68 42
1787900432.353648,34680,0ca9,12,90 ED A8 42 14 6A 94 42 00 00 6C 42
1787900432.355075,34680,0caa,12,EE 97 9F 42 62 68 8C 42 00 00 70 42
1787900432.356511,34680,0cab,12,AA A9 96 42 3F CA 82 42 00 00 74 42
1787900432.357958,34680,0cac,12,9C 39 8E 42 A9 E3 6F 42 00 00 78 42
1787900432.359320,34680,0cad,12,5B 5D 86 42 AB 9B 58 42 00 00 7C 42
1787900432.362026,34680,0cae,12,16 53 7E 42 07 AC 40 42 00 00 80 42
1787900432.363456,34680,0caf,12,F2 5E 71 42 54 05 29 42 00 00 82 42
1787900432.364901,34680,0cb0,12,9B 00 66 42 D7 9A 12 42 00 00 84 42
1787900432.366379,34680,0cb1,12,28 55 5C 42 B9 A2 FC 41 00 00 86 42
1787900432.367784,34680,0cb2,12,52 75 54 42 F0 EF D9 41 00 00 88 42
1787900432.369164,34680,0cb3,12,A6 75 4E 42 54 81 BE 41 00 00 8A 42
1787900432.371966,34680,0cb4,12,8B 64 4A 42 9E 6A AB 41 00 00 8C 42
1787900432.373478,34680,0cb5,12,F4 4C 48 42 19 71 A1 41 00 00 8E 42
1787900432.375083,34680,0cb6,12,3B 34 48 42 93 FA A0 41 00 00 90 42
1787900432.376542,34680,0cb7,12,9F 1A 4A 42 C7 0B AA 41 00 00 92 42
1787900432.378114,34680,0cb8,12,E2 FA 4D 42 65 46 BC 41 00 00 94 42
1787900432.381369,34680,0cb9,12,B7 CB 53 42 31 F3 D6 41 00 00 96 42
1787900432.383846,34680,0cba,12,01 7E 5B 42 D2 00 F9 41 00 00 98 42
1787900432.388111,34680,0cbb,12,10 FE 64 42 DA 89 10 42 00 00 9A 42
1787900432.391652,34680,0cbc,12,98 33 70 42 65 C9 26 42 00 00 9C 42
1787900432.395382,34680,0cbd,12,DB 00 7D 42 15 5A 3E 42 00 00 9E 42
1787900432.396443,34680,0cbe,12,8C A3 85 42 0D 4F 56 42 00 00 A0 42
1787900432.398592,34680,0cbf,12,70 70 8D 42 F8 B1 6D 42 00 00 A2 42
1787900432.402084,34680,0cc0,12,22 D3 95 42 10 CA 81 42 00 00 A4 42
1787900432.403738,34680,0cc1,12,2F B6 9E 42 14 8B 8B 42 00 00 A6 42
1787900432.408713,34680,0cc2,12,1F 02 A8 42 E6 B7 93 42 00 00 A8 42
1787900432.432374,34680,0cc3,12,9C A0 B1 42 5C FE 99 42 00 00 AA 42
1787900432.433915,34680,0cc4,12,54 78 BB 42 B2 1D 9E 42 00 00 AC 42
1787900432.454457,34680,0cc5,12,1A 70 C5 42 D6 EB 9F 42 00 00 AE 42
1787900432.502516,34680,0cc6,12,6F 6E CF 42 59 56 9F 42 00 00 B0 42
1787900432.503099,34680,0cc7,12,FB 58 D9 42 84 63 9C 42 00 00 B2 42
1787900432.504455,34680,0cc8,12,EE 17 E3 42 FA 30 97 42 00 00 B4 42
1787900432.506067,34680,0cc9,12,92 91 EC 42 EC F3 8F 42 00 00 B6 42
1787900432.509289,34680,0cca,12,A9 AD F5 42 3C F6 86 42 00 00 B8 42
1787900432.510595,34680,0ccb,12,E6 54 FE 42 5D 27 79 42 00 00 BA 42
1787900432.511605,34680,0ccc,12,44 38 03 43 5F 6E 62 42 00 00 BC 42
1787900432.512327,34680,0ccd,12,8C F6 06 43 E2 A5 4A 42 00 00 BE 42
1787900432.513000,34680,0cce,12,63 5B 0A 43 5D C2 32 42 00 00 C0 42
1787900432.513832,34680,0ccf,12,1A 5E 0D 43 A8 B7 1B 42 00 00 C2 42
1787900432.514758,34680,0cd0,12,FE F6 0F 43 F2 70 06 42 00 00 C4 42
1787900432.516768,34680,0cd1,12,42 1F 12 43 7A 91 E7 41 00 00 C6 42
1787900432.519398,34680,0cd2,12,BA D1 13 43 23 F5 C8 41 00 00 C8 42
1787900432.521948,34680,0cd3,12,DC 09 15 43 72 48 B2 41 00 00 CA 42
1787900432.522580,34680,0cd4,12,8C C4 15 43 DC 72 A4 41 00 00 CC 42
1787900432.525884,34680,0cd5,12,EB FF 15 43 94 01 A0 41 00 00 CE 42
1787900432.526755,34680,0cd6,12,6C BB 15 43 2F 21 A5 41 00 00 D0 42
1787900432.529627,34680,0cd7,12,B3 F7 14 43 2C 9E B3 41 00 00 D2 42
1787900432.538629,34680,0cd8,12,B6 B6 13 43 A2 E4 CA 41 00 00 D4 42
1787900432.541022,34680,0cd9,12,A9 FB 11 43 00 07 EA 41 00 00 D6 42
1787900432.544804,34680,0cda,12,FA CA 0F 43 BC E3 07 42 00 00 D8 42
1787900432.546745,34680,0cdb,12,7D 2A 0D 43 9A 50 1D 42 00 00 DA 42
1787900432.550356,34680,0cdc,12,80 20 0A 43 C0 72 34 42 00 00 DC 42
1787900432.550976,34680,0cdd,12,F9 B4 06 43 77 5C 4C 42 00 00 DE 42
1787900432.554492,34680,0cde,12,AA F0 02 43 AA 19 64 42 00 00 E0 42
1787900432.555534,34680,0cdf,12,67 BA FD 42 0A B8 7A 42 00 00 E2 42
1787900432.556955,34680,0ce0,12,BB 0A F5 42 9B A7 87 42 00 00 E4 42
1787900432.557473,34680,0ce1,12,2C E7 EB 42 1C 88 90 42 00 00 E6 42
1787900432.558159,34680,0ce2,12,C5 67 E2 42 12 A2 97 42 00 00 E8 42
1787900432.559393,34680,0ce3,12,D2 A4 D8 42 01 AD 9C 42 00 00 EA 42
1787900432.560715,34680,0ce4,12,4A B7 CE 42 70 75 9F 42 00 00 EC 42
1787900432.562099,34680,0ce5,12,5C B9 C4 42 08 DF 9F 42 00 00 EE 42
1787900432.563492,34680,0ce6,12,08 C3 BA 42 A2 E5 9D 42 00 00 A0 41
1787900432.565015,34680,0ce7,12,91 EE B0 42 46 9D 99 42 00 00 A8 41
1787900432.566339,34680,0ce8,12,1E 55 A7 42 AA 31 93 42 00 00 B0 41
1787900432.568191,34680,0ce9,12,3C 0F 9E 42 56 E4 8A 42 00 00 B8 41
1787900432.570917,34680,0cea,12,51 35 95 42 DB 0A 81 42 00 00 C0 41
1787900432.572202,34680,0ceb,12,A0 DC 8C 42 70 10 6C 42 00 00 C8 41
1787900432.573663,34680,0cec,12,38 1B 85 42 0D 9B 54 42 00 00 D0 41
1787900432.575023,34680,0ced,12,E1 09 7C 42 FF A4 3C 42 00 00 D8 41
1787900432.576288,34680,0cee,12,D4 57 6F 42 D9 22 25 42 00 00 E0 41
1787900432.577552,34680,0cef,12,92 41 64 42 36 06 0F 42 00 00 E8 41
1787900432.578833,34680,0cf0,12,BC E1 5A 42 B0 5A F6 41 00 00 F0 41
1787900432.580116,34680,0cf1,12,3B 51 53 42 3B C9 D4 41 00 00 F8 41
1787900432.581474,34680,0cf2,12,68 A3 4D 42 B3 AE BA 41 00 00 00 42
1787900432.582808,34680,0cf3,12,CD E6 49 42 88 15 A9 41 00 00 04 42
1787900432.584136,34680,0cf4,12,05 25 48 42 A4 B1 A0 41 00 00 08 42
1787900432.585412,34680,0cf5,12,4C 62 48 42 5E D7 A1 41 00 00 0C 42
1787900432.586692,34680,0cf6,12,39 9E 4A 42 04 7C AC 41 00 00 10 42
1787900432.590786,34680,0cf7,12,17 D3 4E 42 F2 32 C0 41 00 00 14 42
1787900432.591871,34680,0cf8,12,21 F6 54 42 F0 32 DC 41 00 00 18 42
1787900432.593119,34680,0cf9,12,F5 F6 5C 42 30 5B FF 41 00 00 1C 42
1787900432.594394,34680,0cfa,12,56 C2 66 42 2A 25 14 42 00 00 20 42
1787900432.595731,34680,0cfb,12,AB 3E 72 42 06 AE 2A 42 00 00 24 42
1787900432.596995,34680,0cfc,12,91 4E 7F 42 29 62 42 42 00 00 28 42
1787900432.598282,34680,0cfd,12,4E E8 86 42 A0 4F 5A 42 00 00 2C 42
1787900432.599543,34680,0cfe,12,36 CF 8E 42 6D 80 71 42 00 00 30 42
1787900432.600847,34680,0cff,12,02 49 97 42 BC 85 83 42 00 00 34 42
1787900432.602185,34680,0d00,12,6D 3F A0 42 80 09 8D 42 00 00 38 42
1787900432.603526,34680,0d01,12,8A 9B A9 42 65 EA 94 42 00 00 3C 42
1787900432.604894,34680,0d02,12,67 45 B3 42 00 D8 9A 42 00 00 40 42
1787900432.606230,34680,0d03,12,84 23 BD 42 9B 95 9E 42 00 00 44 42
1787900432.607451,34680,0d04,12,2E 1E C7 42 9C FD 9F 42 00 00 48 42
1787900432.608852,34680,0d05,12,19 1B D1 42 48 01 9F 42 00 00 4C 42
1787900432.610206,34680,0d06,12,B9 00 DB 42 AE AA 9B 42 00 00 50 42
1787900432.611607,34680,0d07,12,BC B5 E4 42 E1 1B 96 42 00 00 54 42
1787900432.612898,34680,0d08,12,95 20 EE 42 45 8E 8E 42 00 00 58 42
1787900432.614095,34680,0d09,12,A4 2A F7 42 C5 4D 85 42 00 00 5C 42
1787900432.615488,34680,0d0a,12,09 BC FF 42 AC 72 75 42 00 00 60 42
1787900432.616898,34680,0d0b,12,6D DF 03 43 E8 79 5E 42 00 00 64 42
1787900432.618184,34680,0d0c,12,4D 8F 07 43 BA 9B 46 42 00 00 68 42
1787900432.619587,34680,0d0d,12,F6 E3 0A 43 95 CD 2E 42 00 00 6C 42
1787900432.620901,34680,0d0e,12,67 D5 0D 43 C1 FE 17 42 00 00 70 42
1787900432.622190,34680,0d0f,12,D4 5B 10 43 EB 19 03 42 00 00 74 42
1787900432.623515,34680,0d10,12,C8 70 12 43 B0 E8 E1 41 00 00 78 42
1787900432.624944,34680,0d11,12,ED 0E 14 43 82 8E C4 41 00 00 7C 42
1787900432.626201,34680,0d12,12,10 32 15 43 3A 52 AF 41 00 00 80 42
1787900432.627527,34680,0d13,12,74 D7 15 43 49 09 A3 41 00 00 82 42
1787900432.628932,34680,0d14,12,57 FD 15 43 12 33 A0 41 00 00 84 42
1787900432.630324,34680,0d15,12,58 A3 15 43 8A EC A6 41 00 00 86 42
1787900432.631609,34680,0d16,12,5E CA 14 43 0D F1 B6 41 00 00 88 42
1787900432.633040,34680,0d17,12,B2 74 13 43 DD 9A CF 41 00 00 8A 42
1787900432.634393,34680,0d18,12,8B A5 11 43 16 F2 EF 41 00 00 8C 42
1787900432.635708,34680,0d19,12,9D 61 0F 43 81 55 0B 42 00 00 8E 42
1787900432.637116,34680,0d1a,12,B6 AE 0C 43 31 1D 21 42 00 00 90 42
1787900432.638424,34680,0d1b,12,BB 93 09 43 CB 71 38 42 00 00 92 42
1787900432.639811,34680,0d1c,12,E9 18 06 43 4E 63 50 42 00 00 94 42
1787900432.641190,34680,0d1d,12,9A 46 02 43 0E 01 68 42 00 00 96 42
1787900432.642411,34680,0d1e,12,B1 4D FC 42 23 58 7E 42 00 00 98 42
1787900432.643703,34680,0d1f,12,60 88 F3 42 42 42 89 42 00 00 9A 42
1787900432.645115,34680,0d20,12,B2 53 EA 42 25 DC 91 42 00 00 9C 42
1787900432.646455,34680,0d21,12,F6 C7 E0 42 7A A1 98 42 00 00 9E 42
1787900432.647840,34680,0d22,12,18 FC D6 42 35 4E 9D 42 00 00 A0 42
1787900432.649258,34680,0d23,12,E5 09 CD 42 02 B2 9F 42 00 00 A2 42
1787900432.650578,34680,0d24,12,CE 0A C3 42 7E B4 9F 42 00 00 A4 42
1787900432.651796,34680,0d25,12,66 18 B9 42 8E 55 9D 42 00 00 A6 42
1787900432.653130,34680,0d26,12,E1 4C AF 42 DA AD 98 42 00 00 A8 42
1787900432.654500,34680,0d27,12,C6 BF A5 42 2A EC 91 42 00 00 AA 42
1787900432.655788,34680,0d28,12,49 8A 9C 42 BE 55 89 42 00 00 AC 42
1787900432.657091,34680,0d29,12,FA C3 93 42 77 84 7E 42 00 00 AE 42
1787900432.658473,34680,0d2a,12,4B 83 8B 42 FC 30 68 42 00 00 B0 42
1787900432.659731,34680,0d2b,12,EB DD 83 42 CA 96 50 42 00 00 B2 42
1787900432.660989,34680,0d2c,12,6F CC 79 42 1E A3 38 42 00 00 B4 42
1787900432.662333,34680,0d2d,12,47 5D 6D 42 42 4C 21 42 00 00 B6 42
1787900432.663604,34680,0d2e,12,2B 8E 62 42 70 80 0B 42 00 00 B8 42
1787900432.665258,34680,0d2f,12,C4 7A 59 42 44 3C F0 41 00 00 BA 42
1787900432.666648,34680,0d30,12,C6 3A 52 42 A4 D8 CF 41 00 00 BC 42
1787900432.667882,34680,0d31,12,9C DF 4C 42 91 1B B7 41 00 00 BE 42
1787900432.669238,34680,0d32,12,9E 77 49 42 57 04 A7 41 00 00 C0 42
1787900432.670653,34680,0d33,12,81 0B 48 42 36 37 A0 41 00 00 C2 42
1787900432.672187,34680,0d34,12,E9 9E 48 42 98 F9 A2 41 00 00 C4 42
1787900432.673567,34680,0d35,12,18 30 4B 42 04 2E AF 41 00 00 C6 42
1787900432.674891,34680,0d36,12,E0 B8 4F 42 CD 59 C4 41 00 00 C8 42
1787900432.676180,34680,0d37,12,8A 2D 56 42 44 A4 E1 41 00 00 CA 42
1787900432.677578,34680,0d38,12,92 7D 5E 42 38 F1 02 42 00 00 CC 42
1787900432.684230,34680,0d39,12,B2 93 68 42 2F D1 17 42 00 00 CE 42
1787900432.685407,34680,0d3a,12,25 55 74 42 21 9B 2E 42 00 00 D0 42
1787900432.686912,34680,0d3b,12,D6 D2 80 42 FE 69 46 42 00 00 D2 42
1787900432.688307,34680,0d3c,12,2F 31 88 42 0A 49 5E 42 00 00 D4 42
1787900432.689560,34680,0d3d,12,C3 32 90 42 9F 44 75 42 00 00 D6 42
1787900432.690772,34680,0d3e,12,17 C3 98 42 12 39 85 42 00 00 D8 42
1787900432.692005,34680,0d3f,12,8A CB A1 42 10 7C 8E 42 00 00 DA 42
1787900432.693382,34680,0d40,12,6A 36 AB 42 2E 0E 96 42 00 00 DC 42
1787900432.694745,34680,0d41,12,EE EA B4 42 61 A1 9B 42 00 00 DE 42
1787900432.695968,34680,0d42,12,44 D0 BE 42 C0 FC 9E 42 00 00 E0 42
1787900432.697330,34680,0d43,12,19 CD C8 42 07 FE 9F 42 00 00 E2 42
1787900432.699116,34680,0d44,12,1B C7 D2 42 28 9B 9E 42 00 00 E4 42
1787900432.700610,34680,0d45,12,53 A6 DC 42 12 E2 9A 42 00 00 E6 42
1787900432.701945,34680,0d46,12,B7 50 E6 42 C8 F8 94 42 00 00 E8 42
1787900432.703400,34680,0d47,12,8E AD EF 42 A1 1B 8D 42 00 00 EA 42
1787900432.704896,34680,0d48,12,E4 A4 F8 42 E2 9A 83 42 00 00 EC 42
1787900432.706189,34680,0d49,12,92 8F 00 43 D7 B0 71 42 00 00 EE 42
1787900432.708482,34680,0d4a,12,FA 83 04 43 C6 80 5A 42 00 00 A0 41
1787900432.709923,34680,0d4b,12,34 25 08 43 D8 93 42 42 00 00 A8 41
1787900432.711355,34680,0d4c,12,F6 69 0B 43 44 DE 2A 42 00 00 B0 41
1787900432.712826,34680,0d4d,12,E4 49 0E 43 0A 52 14 42 00 00 B8 41
1787900432.715424,34680,0d4e,12,77 BD 10 43 9E AD FF 41 00 00 C0 41
1787900432.716849,34680,0d4f,12,CB BE 12 43 E3 74 DC 41 00 00 C8 41
1787900432.718269,34680,0d50,12,8A 48 14 43 CA 64 C0 41 00 00 D0 41
1787900432.719727,34680,0d51,12,C5 56 15 43 C1 9B AC 41 00 00 D8 41
1787900432.721172,34680,0d52,12,C8 E6 15 43 BF E3 A1 41 00 00 E0 41
1787900432.722621,34680,0d53,12,26 F7 15 43 E3 A9 A0 41 00 00 E8 41
1787900432.723933,34680,0d54,12,B8 87 15 43 80 FA A8 41 00 00 F0 41
1787900432.725378,34680,0d55,12,96 99 14 43 30 81 BA 41 00 00 F8 41
1787900432.726763,34680,0d56,12,20 2F 13 43 0C 8B D4 41 00 00 00 42
1787900432.728148,34680,0d57,12,F5 4B 11 43 51 0E F6 41 00 00 04 42
1787900432.729523,34680,0d58,12,1D F5 0E 43 CF D8 0E 42 00 00 08 42
1787900432.730852,34680,0d59,12,36 30 0C 43 44 F3 24 42 00 00 0C 42
1787900432.732265,34680,0d5a,12,80 04 09 43 7C 73 3C 42 00 00 10 42
1787900432.733709,34680,0d5b,12,17 7A 05 43 95 69 54 42 00 00 14 42
1787900432.735156,34680,0d5c,12,0A 9A 01 43 FC E0 6B 42 00 00 18 42
1787900432.736548,34680,0d5d,12,34 DD FA 42 43 F4 80 42 00 00 1C 42
1787900432.737980,34680,0d5e,12,93 03 F2 42 63 D1 8A 42 00 00 20 42
1787900432.739418,34680,0d5f,12,78 BE E8 42 4A 22 93 42 00 00 24 42
1787900432.740837,34680,0d60,12,99 25 DF 42 18 92 99 42 00 00 28 42
1787900432.742169,34680,0d61,12,83 51 D5 42 17 DF 9D 42 00 00 2C 42
1787900432.743632,34680,0d62,12,23 5C CB 42 52 DD 9F 42 00 00 30 42
1787900432.744979,34680,0d63,12,64 5D C1 42 C1 78 9F 42 00 00 34 42
1787900432.746413,34680,0d64,12,9E 6F B7 42 26 B5 9C 42 00 00 38 42
1787900432.747758,34680,0d65,12,38 AC AD 42 B8 AE 97 42 00 00 3C 42
1787900432.749080,34680,0d66,12,2C 2C A4 42 C3 98 90 42 00 00 40 42
1787900432.752508,34680,0d67,12,7A 08 9B 42 5A BC 87 42 00 00 44 42
1787900432.753942,34680,0d68,12,15 57 92 42 1A E5 7A 42 00 00 48 42
1787900432.755393,34680,0d69,12,F6 2E 8A 42 03 4A 64 42 00 00 4C 42
1787900432.757334,34680,0d6a,12,FA A4 82 42 2C 8E 4C 42 00 00 50 42
1787900432.758753,34680,0d6b,12,D5 98 77 42 D5 A3 34 42 00 00 54 42
1787900432.760063,34680,0d6c,12,7A 6E 6B 42 DC 80 1D 42 00 00 58 42
1787900432.761481,34680,0d6d,12,1A E8 60 42 CD 0D 08 42 00 00 5C 42
1787900432.762829,34680,0d6e,12,A6 21 58 42 E9 4E EA 41 00 00 60 42
1787900432.764218,34680,0d6f,12,90 31 51 42 74 1D CB 41 00 00 64 42
1787900432.765650,34680,0d70,12,99 29 4C 42 A4 C5 B3 41 00 00 68 42
1787900432.766985,34680,0d71,12,C7 16 49 42 80 36 A5 41 00 00 6C 42
1787900432.768420,34680,0d72,12,7F 00 48 42 60 02 A0 41 00 00 70 42
1787900432.769737,34680,0d73,12,D7 E9 48 42 E0 5F A4 41 00 00 74 42
1787900432.771446,34680,0d74,12,7C D0 4B 42 70 22 B2 41 00 00 78 42
1787900432.772856,34680,0d75,12,03 AD 50 42 9E BD C8 41 00 00 7C 42
1787900432.774235,34680,0d76,12,60 72 57 42 00 48 E7 41 00 00 80 42
1787900432.775666,34680,0d77,12,50 10 60 42 4E 47 06 42 00 00 82 42
1787900432.777000,34680,0d78,12,54 70 6A 42 71 89 1B 42 00 00 84 42
1787900432.778775,34680,0d79,12,E1 77 76 42 6B 91 32 42 00 00 86 42
1787900432.780099,34680,0d7a,12,18 04 82 42 28 74 4A 42 00 00 88 42
1787900432.781537,34680,0d7b,12,AC 7E 89 42 04 3C 62 42 00 00 8A 42
1787900432.782871,34680,0d7c,12,B5 99 91 42 F9 F9 78 42 00 00 8C 42
1787900432.784212,34680,0d7d,12,E8 3F 9A 42 02 E2 86 42 00 00 8E 42
1787900432.786271,34680,0d7e,12,24 5B A3 42 FA E2 8F 42 00 00 90 42
1787900432.787710,34680,0d7f,12,1F D4 AC 42 FD 23 97 42 00 00 92 42
1787900432.789159,34680,0d80,12,D7 91 B6 42 AE 5A 9C 42 00 00 94 42
1787900432.790595,34680,0d81,12,E7 7C C0 42 A4 52 9F 42 00 00 96 42
1787900432.792123,34680,0d82,12,2E 7B CA 42 16 ED 9F 42 00 00 98 42
1787900432.793550,34680,0d83,12,1C 73 D4 42 DC 23 9E 42 00 00 9A 42
1787900432.794992,34680,0d84,12,31 4B DE 42 30 09 9A 42 00 00 9C 42
1787900432.796412,34680,0d85,12,80 E9 E7 42 87 C7 93 42 00 00 9E 42
1787900432.797863,34680,0d86,12,F0 36 F1 42 C5 9D 8B 42 00 00 A0 42
1787900432.799830,34680,0d87,12,F0 1A FA 42 A4 DF 81 42 00 00 A2 42
1787900432.801239,34680,0d88,12,61 3F 01 43 2E E1 6D 42 00 00 A4 42
1787900432.802672,34680,0d89,12,78 26 05 43 6F 80 56 42 00 00 A6 42
1787900432.804005,34680,0d8a,12,7E B8 08 43 89 8D 3E 42 00 00 A8 42
1787900432.805316,34680,0d8b,12,DE EC 0B 43 34 F9 26 42 00 00 AA 42
1787900432.806739,34680,0d8c,12,1B BB 0E 43 FA B5 10 42 00 00 AC 42
1787900432.808028,34680,0d8d,12,08 1C 11 43 32 4E F9 41 00 00 AE 42
1787900432.809467,34680,0d8e,12,90 09 13 43 99 32 D7 41 00 00 B0 42
1787900432.810900,34680,0d8f,12,AA 7E 14 43 14 77 BC 41 00 00 B2 42
1787900432.812224,34680,0d90,12,D8 77 15 43 56 28 AA 41 00 00 B4 42
1787900432.813533,34680,0d91,12,78 F2 15 43 A1 03 A1 41 00 00 B6 42
1787900432.814886,34680,0d92,12,53 ED 15 43 49 66 A1 41 00 00 B8 42
1787900432.816317,34680,0d93,12,75 68 15 43 61 4C AB 41 00 00 BA 42
1787900432.817649,34680,0d94,12,4C 65 14 43 09 4F BE 41 00 00 BC 42
1787900432.819101,34680,0d95,12,44 E6 12 43 2F AF D9 41 00 00 BE 42
1787900432.821954,34680,0d96,12,42 EF 10 43 41 54 FC 41 00 00 C0 42
1787900432.823409,34680,0d97,12,4E 85 0E 43 50 6E 12 42 00 00 C2 42
1787900432.824846,34680,0d98,12,92 AE 0B 43 49 D5 28 42 00 00 C4 42
1787900432.826325,34680,0d99,12,98 72 08 43 83 78 40 42 00 00 C6 42
1787900432.827821,34680,0d9a,12,23 D9 04 43 67 6A 58 42 00 00 C8 42
1787900432.829268,34680,0d9b,12,A7 EB 00 43 BC B4 6F 42 00 00 CA 42
1787900432.830692,34680,0d9c,12,5C 68 F9 42 E4 B4 82 42 00 00 CC 42
1787900432.831986,34680,0d9d,12,06 7B F0 42 FD 55 8C 42 00 00 CE 42
1787900432.833390,34680,0d9e,12,E0 26 E7 42 D1 5A 94 42 00 00 D0 42
1787900432.834884,34680,0d9f,12,51 82 DD 42 C6 72 9A 42 00 00 D2 42
1787900432.836227,34680,0da0,12,BD A6 D3 42 F8 5E 9E 42 00 00 D4 42
1787900432.837579,34680,0da1,12,5A AD C9 42 5C F7 9F 42 00 00 D6 42
1787900432.838952,34680,0da2,12,AD AF BF 42 AB 2B 9F 42 00 00 D8 42
1787900432.840364,34680,0da3,12,09 C8 B5 42 59 04 9C 42 00 00 DA 42
1787900432.841904,34680,0da4,12,39 0E AC 42 1A A1 96 42 00 00 DC 42
1787900432.843259,34680,0da5,12,E6 9B A2 42 12 39 8F 42 00 00 DE 42
1787900432.844625,34680,0da6,12,39 89 99 42 DC 17 86 42 00 00 E0 42
1787900432.846065,34680,0da7,12,6A ED 90 42 4E 35 77 42 00 00 E2 42
1787900432.847370,34680,0da8,12,18 DF 88 42 DD 5A 60 42 00 00 E4 42
1787900432.848820,34680,0da9,12,9F 71 81 42 1B 86 48 42 00 00 E6 42
1787900432.850723,34680,0daa,12,48 71 75 42 00 AC 30 42 00 00 E8 42
1787900432.852017,34680,0dab,12,B4 8A 69 42 02 C0 19 42 00 00 EA 42
1787900432.853458,34680,0dac,12,F6 4D 5F 42 1A AC 04 42 00 00 EC 42
1787900432.854767,34680,0dad,12,D3 D5 56 42 73 91 E4 41 00 00 EE 42
1787900432.857737,34680,0dae,12,A4 36 50 42 6E 9D C6 41 00 00 A0 41
1787900432.859161,34680,0daf,12,15 82 4B 42 FA B0 B0 41 00 00 A8 41
1787900432.860640,34680,0db0,12,2F C4 48 42 DF AB A3 41 00 00 B0 41
1787900432.861963,34680,0db1,12,F6 03 48 42 02 13 A0 41 00 00 B8 41
1787900432.863514,34680,0db2,12,29 43 49 42 44 0A A6 41 00 00 C0 41
1787900432.864954,34680,0db3,12,C9 7E 4C 42 AF 55 B5 41 00 00 C8 41
1787900432.866352,34680,0db4,12,8B AE 51 42 0D 59 CD 41 00 00 D0 41
1787900432.867785,34680,0db5,12,2C C5 58 42 43 1F ED 41 00 00 D8 41
1787900432.869101,34680,0db6,12,8A B0 61 42 00 B2 09 42 00 00 E0 41
1787900432.870551,34680,0db7,12,EB 58 6C 42 8D 4E 1F 42 00 00 E8 41
1787900432.871849,34680,0db8,12,B9 A4 78 42 12 8C 36 42 00 00 F0 41
1787900432.873280,34680,0db9,12,DC 39 83 42 BC 7B 4E 42 00 00 F8 41
1787900432.874639,34680,0dba,12,4C D1 8A 42 38 29 66 42 00 00 00 42
1787900432.875939,34680,0dbb,12,3F 05 93 42 DA A2 7C 42 00 00 04 42
1787900432.877254,34680,0dbc,12,07 C0 9B 42 DD 80 88 42 00 00 08 42
1787900432.878611,34680,0dbd,12,AC EC A4 42 8C 3C 91 42 00 00 0C 42
1787900432.879924,34680,0dbe,12,0B 73 AE 42 7F 2A 98 42 00 00 10 42
1787900432.881370,34680,0dbf,12,C8 3A B8 42 FA 03 9D 42 00 00 14 42
1787900432.882773,34680,0dc0,12,DC 2A C2 42 7E 97 9F 42 00 00 18 42
1787900432.884444,34680,0dc1,12,14 29 CC 42 D3 CA 9F 42 00 00 1C 42
1787900432.885874,34680,0dc2,12,70 1D D6 42 F5 9B 9D 42 00 00 20 42
1787900432.887313,34680,0dc3,12,AF ED DF 42 10 21 99 42 00 00 24 42
1787900432.888753,34680,0dc4,12,B8 80 E9 42 DF 87 92 42 00 00 28 42
1787900432.890065,34680,0dc5,12,0C BE F2 42 BC 13 8A 42 00 00 2C 42
1787900432.892542,34680,0dc6,12,5C 8D FB 42 C3 1B 80 42 00 00 30 42
1787900432.893996,34680,0dc7,12,C1 EC 01 43 54 08 6A 42 00 00 34 42
1787900432.895430,34680,0dc8,12,45 C6 05 43 C0 7D 52 42 00 00 38 42
1787900432.896887,34680,0dc9,12,63 49 09 43 17 88 3A 42 00 00 3C 42
1787900432.898282,34680,0dca,12,1E 6D 0C 43 E7 1B 23 42 00 00 40 42
1787900432.899581,34680,0dcb,12,3C 29 0F 43 E6 29 0D 42 00 00 44 42
1787900432.901020,34680,0dcc,12,2B 77 11 43 55 1D F3 41 00 00 48 42
1787900432.902354,34680,0dcd,12,CA 50 13 43 38 28 D2 41 00 00 4C 42
1787900432.903790,34680,0dce,12,5F B1 14 43 DD C4 B8 41 00 00 50 42
1787900432.905121,34680,0dcf,12,64 95 15 43 65 F6 A7 41 00 00 54 42
1787900432.906581,34680,0dd0,12,8D FA 15 43 99 68 A0 41 00 00 58 42
1787900432.907919,34680,0dd1,12,E8 DF 15 43 62 67 A2 41 00 00 5C 42
1787900432.909351,34680,0dd2,12,AE 45 15 43 5A DF AD 41 00 00 60 42
1787900432.910784,34680,0dd3,12,66 2D 14 43 70 5B C2 41 00 00 64 42
1787900432.912194,34680,0dd4,12,E0 99 12 43 8E 0A DF 41 00 00 68 42
1787900432.913546,34680,0dd5,12,50 8F 10 43 70 62 01 42 00 00 6C 42
1787900432.914976,34680,0dd6,12,9F 12 0E 43 A7 11 16 42 00 00 70 42
1787900432.916414,34680,0dd7,12,4C 2A 0B 43 85 BE 2C 42 00 00 74 42
1787900432.917815,34680,0dd8,12,C8 DD 07 43 97 81 44 42 00 00 78 42
1787900432.919134,34680,0dd9,12,83 35 04 43 53 68 5C 42 00 00 7C 42
1787900432.920941,34680,0dda,12,2C 3B 00 43 02 7D 73 42 00 00 80 42
1787900432.922372,34680,0ddb,12,9E F0 F7 42 D3 6B 84 42 00 00 82 42
1787900432.923716,34680,0ddc,12,41 F0 EE 42 37 CE 8D 42 00 00 84 42
1787900432.925144,34680,0ddd,12,48 8C E5 42 E4 85 95 42 00 00 86 42
1787900432.927832,34680,0dde,12,B8 DC DB 42 14 44 9B 42 00 00 88 42
1787900432.929292,34680,0ddf,12,20 FB D1 42 F8 CD 9E 42 00 00 8A 42
1787900432.930738,34680,0de0,12,3A FF C7 42 00 00 A0 42 00 00 8C 42
1787900432.932034,34680,0de1,12,57 03 BE 42 9A CD 9E 42 00 00 8E 42
1787900432.933433,34680,0de2,12,01 21 B4 42 FE 42 9B 42 00 00 90 42
1787900432.934835,34680,0de3,12,7F 71 AA 42 50 84 95 42 00 00 92 42
1787900432.936166,34680,0de4,12,53 0E A1 42 E2 CC 8D 42 00 00 94 42
1787900432.937594,34680,0de5,12,08 0E 98 42 44 6A 84 42 00 00 96 42
1787900432.939026,34680,0de6,12,63 88 8F 42 8E 79 73 42 00 00 98 42
1787900432.940469,34680,0de7,12,32 93 87 42 D4 62 5C 42 00 00 9A 42
1787900432.941891,34680,0de8,12,D2 42 80 42 04 7C 44 42 00 00 9C 42
1787900432.943327,34680,0de9,12,E6 54 73 42 EA BA 2C 42 00 00 9E 42
1787900432.944756,34680,0dea,12,DA B3 67 42 49 0E 16 42 00 00 A0 42
1787900432.946150,34680,0deb,12,58 C1 5D 42 72 5F 01 42 00 00 A2 42
1787900432.947478,34680,0dec,12,D0 96 55 42 04 03 DF 41 00 00 A4 42
1787900432.948884,34680,0ded,12,28 49 4F 42 AF 55 C2 41 00 00 A6 42
1787900432.950216,34680,0dee,12,C3 E8 4A 42 DF DC AD 41 00 00 A8 42
1787900432.951662,34680,0def,12,25 80 48 42 56 66 A2 41 00 00 AA 42
1787900432.953099,34680,0df0,12,E3 15 48 42 08 69 A0 41 00 00 AC 42
1787900432.954557,34680,0df1,12,0B AB 49 42 40 F9 A7 41 00 00 AE 42
1787900432.955894,34680,0df2,12,91 3B 4D 42 CC C9 B8 41 00 00 B0 42
1787900432.957320,34680,0df3,12,D5 BD 52 42 C0 2C D2 41 00 00 B2 42
1787900432.959831,34680,0df4,12,9D 24 5A 42 F0 22 F3 41 00 00 B4 42
1787900432.961195,34680,0df5,12,9E 5C 63 42 21 2D 0D 42 00 00 B6 42
1787900432.964119,34680,0df6,12,42 4E 6E 42 36 21 23 42 00 00 B8 42
1787900432.965554,34680,0df7,12,8C DD 7A 42 A2 8D 3A 42 00 00 BA 42
1787900432.967000,34680,0df8,12,99 74 84 42 71 81 52 42 00 00 BC 42
1787900432.968456,34680,0df9,12,BB 27 8C 42 E1 0B 6A 42 00 00 BE 42
1787900432.969857,34680,0dfa,12,F6 73 94 42 66 1D 80 42 00 00 C0 42
1787900432.971294,34680,0dfb,12,0E 44 9D 42 E4 15 8A 42 00 00 C2 42
1787900432.972630,34680,0dfc,12,79 81 A6 42 A2 89 92 42 00 00 C4 42
1787900432.974058,34680,0dfd,12,D1 13 B0 42 EC 21 99 42 00 00 C6 42
1787900432.975384,34680,0dfe,12,17 E4 B9 42 7A 9C 9D 42 00 00 C8 42
1787900432.976949,34680,0dff,12,76 D8 C3 42 FB CA 9F 42 00 00 CA 42
1787900432.978243,34680,0e00,12,76 D7 CD 42 2B 97 9F 42 00 00 CC 42
1787900432.979548,34680,0e01,12,84 C7 D7 42 1C 03 9D 42 00 00 CE 42
1787900432.980983,34680,0e02,12,72 8E E1 42 95 29 98 42 00 00 D0 42
1787900432.982309,34680,0e03,12,C6 14 EB 42 54 3B 91 42 00 00 D2 42
1787900432.983671,34680,0e04,12,5B 41 F4 42 64 7F 88 42 00 00 D4 42
1787900432.985118,34680,0e05,12,BA FC FC 42 D6 9D 7C 42 00 00 D6 42
1787900432.986550,34680,0e06,12,46 98 02 43 D2 23 66 42 00 00 D8 42
1787900432.987860,34680,0e07,12,A1 63 06 43 09 78 4E 42 00 00 DA 42
1787900432.989186,34680,0e08,12,53 D7 09 43 68 88 36 42 00 00 DC 42
1787900432.990520,34680,0e09,12,37 EA 0C 43 11 4B 1F 42 00 00 DE 42
1787900432.991835,34680,0e0a,12,70 94 0F 43 3B AD 09 42 00 00 E0 42
1787900432.993268,34680,0e0b,12,2C CF 11 43 11 17 ED 41 00 00 E2 42
1787900432.994611,34680,0e0c,12,9A 94 13 43 B7 54 CD 41 00 00 E4 42
1787900432.995906,34680,0e0d,12,78 E0 14 43 A1 52 B5 41 00 00 E6 42
1787900432.997680,34680,0e0e,12,4C AF 15 43 9E 08 A6 41 00 00 E8 42
1787900432.999553,34680,0e0f,12,06 FF 15 43 BB 12 A0 41 00 00 EA 42
1787900433.000983,34680,0e10,12,DA CE 15 43 D1 AD A3 41 00 00 EC 42
1787900433.002430,34680,0e11,12,56 1F 15 43 B1 B3 B0 41 00 00 EE 42
1787900433.003834,34680,0e12,12,1F F2 13 43 76 A1 C6 41 00 00 A0 41
1787900433.005284,34680,0e13,12,41 4A 12 43 A3 96 E4 41 00 00 A8 41
1787900433.006619,34680,0e14,12,F7 2B 10 43 B8 B0 04 42 00 00 B0 41
1787900433.007908,34680,0e15,12,AE 9C 0D 43 28 C5 19 42 00 00 B8 41
1787900433.009333,34680,0e16,12,31 A3 0A 43 A2 AF 30 42 00 00 C0 41
1787900433.010644,34680,0e17,12,A4 46 07 43 CF 89 48 42 00 00 C8 41
1787900433.011962,34680,0e18,12,DA 8F 03 43 7E 5E 60 42 00 00 D0 41
1787900433.013446,34680,0e19,12,A5 10 FF 42 6E 3A 77 42 00 00 D8 41
1787900433.014788,34680,0e1a,12,B8 74 F6 42 28 1A 86 42 00 00 E0 41
1787900433.016140,34680,0e1b,12,AC 62 ED 42 5B 3A 8F 42 00 00 E8 41
1787900433.017448,34680,0e1c,12,4C F0 E3 42 18 A2 96 42 00 00 F0 41
1787900433.018844,34680,0e1d,12,73 36 DA 42 03 05 9C 42 00 00 F8 41
1787900433.020275,34680,0e1e,12,02 4E D0 42 21 2C 9F 42 00 00 00 42
1787900433.021741,34680,0e1f,12,53 50 C6 42 44 F7 9F 42 00 00 04 42
1787900433.023179,34680,0e20,12,BB 57 BC 42 8A 5E 9E 42 00 00 08 42
1787900433.024502,34680,0e21,12,2D 7C B2 42 FE 71 9A 42 00 00 0C 42
1787900433.026012,34680,0e22,12,A9 D7 A8 42 B8 59 94 42 00 00 10 42
1787900433.027436,34680,0e23,12,DA 82 9F 42 EC 53 8C 42 00 00 14 42
1787900433.028865,34680,0e24,12,9F 95 96 42 7E B2 82 42 00 00 18 42
1787900433.030253,34680,0e25,12,70 27 8E 42 3D B1 6F 42 00 00 1C 42
1787900433.031577,34680,0e26,12,90 4C 86 42 BC 66 58 42 00 00 20 42
1787900433.035706,34680,0e27,12,84 33 7E 42 D1 74 40 42 00 00 24 42
1787900433.037141,34680,0e28,12,E3 42 71 42 E6 CF 28 42 00 00 28 42
1787900433.038520,34680,0e29,12,57 E8 65 42 52 69 12 42 00 00 2C 42
1787900433.039891,34680,0e2a,12,9B 41 5C 42 6B 4E FC 41 00 00 30 42
1787900433.041343,34680,0e2b,12,DD 65 54 42 5E AA D9 41 00 00 34 42
1787900433.042729,34680,0e2c,12,0C 6A 4E 42 6F 4B BE 41 00 00 38 42
1787900433.044060,34680,0e2d,12,74 5D 4A 42 FE 48 AB 41 00 00 3C 42
1787900433.045484,34680,0e2e,12,73 4A 48 42 16 65 A1 41 00 00 40 42
1787900433.046999,34680,0e2f,12,43 36 48 42 4F 04 A1 41 00 00 44 42
1787900433.048887,34680,0e30,12,15 21 4A 42 78 2A AA 41 00 00 48 42
1787900433.050095,34680,0e31,12,18 06 4E 42 94 7A BC 41 00 00 4C 42
1787900433.051458,34680,0e32,12,55 DB 53 42 B8 39 D7 41 00 00 50 42
1787900433.052720,34680,0e33,12,DF 91 5B 42 E1 56 F9 41 00 00 54 42
1787900433.053986,34680,0e34,12,2D 15 65 42 44 B9 10 42 00 00 58 42
1787900433.055356,34680,0e35,12,64 4E 70 42 C3 FC 26 42 00 00 5C 42
1787900433.056758,34680,0e36,12,21 20 7D 42 3A 91 3E 42 00 00 60 42
1787900433.058042,34680,0e37,12,CC B4 85 42 F8 85 56 42 00 00 64 42
1787900433.059408,34680,0e38,12,20 83 8D 42 79 E6 6D 42 00 00 68 42
1787900433.061247,34680,0e39,12,66 E6 95 42 40 E1 81 42 00 00 6C 42
1787900433.062627,34680,0e3a,12,78 CA 9E 42 29 9F 8B 42 00 00 70 42
1787900433.063818,34680,0e3b,12,F6 17 A8 42 A6 C8 93 42 00 00 74 42
1787900433.065190,34680,0e3c,12,13 B7 B1 42 66 0A 9A 42 00 00 78 42
1787900433.066603,34680,0e3d,12,33 8F BB 42 8C 24 9E 42 00 00 7C 42
1787900433.068779,34680,0e3e,12,5D 86 C5 42 2E ED 9F 42 00 00 80 42
1787900433.069875,34680,0e3f,12,A3 84 CF 42 5D 52 9F 42 00 00 82 42
1787900433.071390,34680,0e40,12,AE 6F D9 42 0B 5A 9C 42 00 00 84 42
1787900433.072749,34680,0e41,12,1E 2E E3 42 88 22 97 42 00 00 86 42
1787900433.074018,34680,0e42,12,05 A7 EC 42 13 E1 8F 42 00 00 88 42
1787900433.075821,34680,0e43,12,77 C1 F5 42 80 E0 86 42 00 00 8A 42
1787900433.077230,34680,0e44,12,96 67 FE 42 97 F6 78 42 00 00 8C 42
1787900433.078475,34680,0e45,12,44 41 03 43 67 38 62 42 00 00 8E 42
1787900433.079694,34680,0e46,12,C8 FE 06 43 94 6E 4A 42 00 00 90 42
1787900433.080938,34680,0e47,12,C7 62 0A 43 EE 8B 32 42 00 00 92 42
1787900433.082221,34680,0e48,12,5A 64 0D 43 00 86 1B 42 00 00 94 42
1787900433.083648,34680,0e49,12,4A FC 0F 43 36 44 06 42 00 00 96 42
1787900433.084974,34680,0e4a,12,B4 23 12 43 BB 42 E7 41 00 00 98 42
1787900433.086342,34680,0e4b,12,16 D5 13 43 66 B7 C8 41 00 00 9A 42
1787900433.087678,34680,0e4c,12,1B 0C 15 43 30 1E B2 41 00 00 9C 42
1787900433.089177,34680,0e4d,12,9D C5 15 43 78 5E A4 41 00 00 9E 42
1787900433.090460,34680,0e4e,12,E0 FF 15 43 70 02 A0 41 00 00 A0 42
1787900433.091728,34680,0e4f,12,3A BA 15 43 08 38 A5 41 00 00 A2 42
1787900433.093105,34680,0e50,12,5E F5 14 43 13 CA B3 41 00 00 A4 42
1787900433.094329,34680,0e51,12,42 B3 13 43 D6 23 CB 41 00 00 A6 42
1787900433.095565,34680,0e52,12,49 F7 11 43 45 54 EA 41 00 00 A8 42
1787900433.096955,34680,0e53,12,9A C5 0F 43 F0 10 08 42 00 00 AA 42
1787900433.098215,34680,0e54,12,F1 23 0D 43 52 84 1D 42 00 00 AC 42
1787900433.099545,34680,0e55,12,0A 19 0A 43 56 A9 34 42 00 00 AE 42
1787900433.100903,34680,0e56,12,AC AC 06 43 BF 93 4C 42 00 00 B0 42
1787900433.102152,34680,0e57,12,EA E7 02 43 9C 4D 64 42 00 00 B2 42
1787900433.103438,34680,0e58,12,9E A7 FD 42 75 E8 7A 42 00 00 B4 42
1787900433.104768,34680,0e59,12,26 F6 F4 42 D6 BD 87 42 00 00 B6 42
1787900433.106142,34680,0e5a,12,A8 D1 EB 42 A0 9A 90 42 00 00 B8 42
1787900433.107527,34680,0e5b,12,8A 51 E2 42 23 B0 97 42 00 00 BA 42
1787900433.108923,34680,0e5c,12,DC 8E D8 42 C1 B5 9C 42 00 00 BC 42
1787900433.110317,34680,0e5d,12,12 A1 CE 42 00 79 9F 42 00 00 BE 42
1787900433.111670,34680,0e5e,12,53 A2 C4 42 32 DD 9F 42 00 00 C0 42
1787900433.112952,34680,0e5f,12,2F AC BA 42 5A DE 9D 42 00 00 C2 42
1787900433.114306,34680,0e60,12,24 D8 B0 42 D6 90 99 42 00 00 C4 42
1787900433.115666,34680,0e61,12,13 40 A7 42 25 21 93 42 00 00 C6 42
1787900433.116926,34680,0e62,12,06 FB 9D 42 FA CF 8A 42 00 00 C8 42
1787900433.118181,34680,0e63,12,78 21 95 42 A4 F2 80 42 00 00 CA 42
1787900433.119593,34680,0e64,12,0B CA 8C 42 A9 DB 6B 42 00 00 CC 42
1787900433.120929,34680,0e65,12,18 0A 85 42 08 64 54 42 00 00 CE 42
1787900433.122228,34680,0e66,12,EE EB 7B 42 CC 6F 3C 42 00 00 D0 42
1787900433.123546,34680,0e67,12,52 3D 6F 42 B9 EF 24 42 00 00 D2 42
1787900433.124905,34680,0e68,12,F7 29 64 42 8D D5 0E 42 00 00 D4 42
1787900433.126248,34680,0e69,12,33 CE 5A 42 C2 05 F6 41 00 00 D6 42
1787900433.127488,34680,0e6a,12,F6 41 53 42 15 84 D4 41 00 00 D8 42
1787900433.128662,34680,0e6b,12,ED 98 4D 42 CD 7D BA 41 00 00 DA 42
1787900433.129910,34680,0e6c,12,B1 E0 49 42 7E F8 A8 41 00 00 DC 42
1787900433.131245,34680,0e6d,12,4A 23 48 42 56 A9 A0 41 00 00 DE 42
1787900433.132547,34680,0e6e,12,2C 65 48 42 25 E5 A1 41 00 00 E0 42
1787900433.133882,34680,0e6f,12,AD A5 4A 42 53 9F AC 41 00 00 E2 42
1787900433.135148,34680,0e70,12,A4 DE 4E 42 81 68 C0 41 00 00 E4 42
1787900433.136413,34680,0e71,12,EC 05 55 42 CE 79 DC 41 00 00 E6 42
1787900433.137667,34680,0e72,12,85 0B 5D 42 89 B3 FF 41 00 00 E8 42
1787900433.139681,34680,0e73,12,EB DA 66 42 12 57 14 42 00 00 EA 42
1787900433.141052,34680,0e74,12,05 5B 72 42 AD E3 2A 42 00 00 EC 42
1787900433.142438,34680,0e75,12,53 6D 7F 42 8C 97 42 42 00 00 EE 42
1787900433.143808,34680,0e76,12,38 F9 86 42 6F 84 5A 42 00 00 A0 41
1787900433.145189,34680,0e77,12,1F E2 8E 42 50 B4 71 42 00 00 A8 41
1787900433.146563,34680,0e78,12,24 5D 97 42 41 9D 83 42 00 00 B0 41
1787900433.147821,34680,0e79,12,94 54 A0 42 A9 1D 8D 42 00 00 B8 41
1787900433.149091,34680,0e7a,12,C2 B0 A9 42 DA F9 94 42 00 00 C0 41
1787900433.150435,34680,0e7b,12,30 5B B3 42 D1 E2 9A 42 00 00 C8 41
1787900433.151676,34680,0e7c,12,6E 3A BD 42 8E 9B 9E 42 00 00 D0 41
1787900433.153154,34680,0e7d,12,3A 35 C7 42 13 FE 9F 42 00 00 D8 41
1787900433.155051,34680,0e7e,12,0D 32 D1 42 3D FC 9E 42 00 00 E0 41
1787900433.156569,34680,0e7f,12,95 16 DB 42 B0 A0 9B 42 00 00 E8 41
1787900433.158433,34680,0e80,12,10 CB E4 42 29 0D 96 42 00 00 F0 41
1787900433.159775,34680,0e81,12,E3 35 EE 42 C0 7A 8E 42 00 00 F8 41
1787900433.164581,34680,0e82,12,F6 3E F7 42 C0 36 85 42 00 00 00 42
1787900433.165892,34680,0e83,12,2B CF FF 42 74 3F 75 42 00 00 04 42
1787900433.167633,34680,0e84,12,01 E8 03 43 67 45 5E 42 00 00 08 42
1787900433.169024,34680,0e85,12,20 97 07 43 49 66 46 42 00 00 0C 42
1787900433.170345,34680,0e86,12,33 EB 0A 43 82 97 2E 42 00 00 10 42
1787900433.171708,34680,0e87,12,B6 DB 0D 43 13 CC 17 42 00 00 14 42
1787900433.173104,34680,0e88,12,25 61 10 43 A8 EC 02 42 00 00 18 42
1787900433.175726,34680,0e89,12,E6 74 12 43 2D 9F E1 41 00 00 1C 42
1787900433.177197,34680,0e8a,12,FE 11 14 43 E2 55 C4 41 00 00 20 42
1787900433.178602,34680,0e8b,12,1D 34 15 43 6D 2B AF 41 00 00 24 42
1787900433.179918,34680,0e8c,12,5D D8 15 43 D8 F7 A2 41 00 00 28 42
1787900433.181393,34680,0e8d,12,1A FD 15 43 AF 37 A0 41 00 00 2C 42
1787900433.182762,34680,0e8e,12,01 A2 15 43 1E 06 A7 41 00 00 30 42
1787900433.184074,34680,0e8f,12,EE C7 14 43 BD 1E B7 41 00 00 34 42
1787900433.185556,34680,0e90,12,10 71 13 43 15 DD CF 41 00 00 38 42
1787900433.186874,34680,0e91,12,D5 A0 11 43 98 44 F0 41 00 00 3C 42
1787900433.189150,34680,0e92,12,E1 5B 0F 43 42 85 0B 42 00 00 40 42
1787900433.192116,34680,0e93,12,3C A8 0C 43 C4 4F 21 42 00 00 44 42
1787900433.193261,34680,0e94,12,62 8C 09 43 CB A6 38 42 00 00 48 42
1787900433.194557,34680,0e95,12,7A 10 06 43 7C 9A 50 42 00 00 4C 42
1787900433.197050,34680,0e96,12,6E 3D 02 43 5C 36 68 42 00 00 50 42
1787900433.201398,34680,0e97,12,0B 3A FC 42 6F 89 7E 42 00 00 54 42
1787900433.202361,34680,0e98,12,53 74 F3 42 30 57 89 42 00 00 58 42
1787900433.206378,34680,0e99,12,C7 3E EA 42 5B ED 91 42 00 00 5C 42
1787900433.209503,34680,0e9a,12,A0 B1 E0 42 BC AE 98 42 00 00 60 42
1787900433.210432,34680,0e9b,12,4E E5 D6 42 60 56 9D 42 00 00 64 42
1787900433.211836,34680,0e9c,12,E0 F2 CC 42 C4 B4 9F 42 00 00 68 42
1787900433.213061,34680,0e9d,12,91 F4 C2 42 D2 B1 9F 42 00 00 6C 42
1787900433.214617,34680,0e9e,12,61 02 B9 42 A8 4D 9D 42 00 00 70 42
1787900433.215800,34680,0e9f,12,8C 36 AF 42 96 A0 98 42 00 00 74 42
1787900433.217139,34680,0ea0,12,1E AA A5 42 58 DA 91 42 00 00 78 42
1787900433.218450,34680,0ea1,12,88 75 9C 42 12 40 89 42 00 00 7C 42
1787900433.219713,34680,0ea2,12,FE B0 93 42 D6 54 7E 42 00 00 80 42
1787900433.221098,34680,0ea3,12,90 71 8B 42 7C FD 67 42 00 00 82 42
1787900433.222409,34680,0ea4,12,0E CD 83 42 9C 5F 50 42 00 00 84 42
1787900433.223726,34680,0ea5,12,03 AE 79 42 43 6C 38 42 00 00 86 42
1787900433.224955,34680,0ea6,12,76 42 6D 42 EA 17 21 42 00 00 88 42
1787900433.226460,34680,0ea7,12,03 78 62 42 4F 52 0B 42 00 00 8A 42
1787900433.227725,34680,0ea8,12,93 68 59 42 90 EC EF 41 00 00 8C 42
1787900433.228953,34680,0ea9,12,3D 2C 52 42 6F 96 CF 41 00 00 8E 42
1787900433.230354,34680,0eaa,12,84 D5 4C 42 4A EC B6 41 00 00 90 42
1787900433.233457,34680,0eab,12,10 72 49 42 E1 E9 A6 41 00 00 92 42
1787900433.234712,34680,0eac,12,94 0A 48 42 C6 32 A0 41 00 00 94 42
1787900433.235911,34680,0ead,12,70 A2 48 42 76 0A A3 41 00 00 96 42
1787900433.237272,34680,0eae,12,4F 38 4B 42 D5 54 AF 41 00 00 98 42
1787900433.238567,34680,0eaf,12,94 C5 4F 42 6D 94 C4 41 00 00 9A 42
1787900433.239751,34680,0eb0,12,9A 3E 56 42 5D F0 E1 41 00 00 9C 42
1787900433.241065,34680,0eb1,12,1B 92 5E 42 F4 1C 03 42 00 00 9E 42
1787900433.242326,34680,0eb2,12,14 AC 68 42 26 02 18 42 00 00 A0 42
1787900433.243536,34680,0eb3,12,1B 72 74 42 34 D1 2E 42 00 00 A2 42
1787900433.245553,34680,0eb4,12,09 E3 80 42 4E A1 46 42 00 00 A4 42
1787900433.246945,34680,0eb5,12,F0 42 88 42 63 7F 5E 42 00 00 A6 42
1787900433.248305,34680,0eb6,12,3F 45 90 42 19 76 75 42 00 00 A8 42
1787900433.249649,34680,0eb7,12,B9 D6 98 42 50 4F 85 42 00 00 AA 42
1787900433.251054,34680,0eb8,12,D8 E0 A1 42 93 8F 8E 42 00 00 AC 42
1787900433.252412,34680,0eb9,12,7E 4C AB 42 69 1D 96 42 00 00 AE 42
1787900433.253685,34680,0eba,12,8F 01 B5 42 B8 AB 9B 42 00 00 B0 42
1787900433.255045,34680,0ebb,12,70 E6 BE 42 9E 01 9F 42 00 00 B2 42
1787900433.256422,34680,0ebc,12,5D E3 C8 42 94 FD 9F 42 00 00 B4 42
1787900433.257650,34680,0ebd,12,05 DE D2 42 34 95 9E 42 00 00 B6 42
1787900433.258875,34680,0ebe,12,E0 BC DC 42 DE D6 9A 42 00 00 B8 42
1787900433.260241,34680,0ebf,12,AD 66 E6 42 C8 E8 94 42 00 00 BA 42
1787900433.261615,34680,0ec0,12,FE C1 EF 42 26 08 8D 42 00 00 BC 42
1787900433.262821,34680,0ec1,12,57 B8 F8 42 28 84 83 42 00 00 BE 42
1787900433.264003,34680,0ec2,12,07 99 00 43 F3 7C 71 42 00 00 C0 42
1787900433.265400,34680,0ec3,12,BB 8C 04 43 1C 4A 5A 42 00 00 C2 42
1787900433.266800,34680,0ec4,12,29 2D 08 43 96 5C 42 42 00 00 C4 42
1787900433.268048,34680,0ec5,12,CE 70 0B 43 6E AA 2A 42 00 00 C6 42
1787900433.269419,34680,0ec6,12,D4 4F 0E 43 D3 21 14 42 00 00 C8 42
1787900433.270747,34680,0ec7,12,9B C2 10 43 47 55 FF 41 00 00 CA 42
1787900433.271975,34680,0ec8,12,E1 C2 12 43 8C 2B DC 41 00 00 CC 42
1787900433.273410,34680,0ec9,12,88 4B 14 43 5D 2D C0 41 00 00 CE 42
1787900433.274748,34680,0eca,12,92 58 15 43 A8 79 AC 41 00 00 D0 42
1787900433.275980,34680,0ecb,12,79 E7 15 43 74 D6 A1 41 00 00 D2 42
1787900433.277346,34680,0ecc,12,B7 F6 15 43 35 B2 A0 41 00 00 D4 42
1787900433.278584,34680,0ecd,12,24 86 15 43 93 18 A9 41 00 00 D6 42
1787900433.279870,34680,0ece,12,E0 96 14 43 D0 B3 BA 41 00 00 D8 42
1787900433.281267,34680,0ecf,12,70 2B 13 43 DE CD D4 41 00 00 DA 42
1787900433.282542,34680,0ed0,12,3D 47 11 43 60 60 F6 41 00 00 DC 42
1787900433.283844,34680,0ed1,12,36 EF 0E 43 79 09 0F 42 00 00 DE 42
1787900433.285227,34680,0ed2,12,5A 29 0C 43 30 28 25 42 00 00 E0 42
1787900433.286643,34680,0ed3,12,C0 FC 08 43 8D AA 3C 42 00 00 E2 42
1787900433.288512,34680,0ed4,12,D1 71 05 43 BC 9E 54 42 00 00 E4 42
1787900433.289775,34680,0ed5,12,11 91 01 43 F8 13 6C 42 00 00 E6 42
1787900433.291131,34680,0ed6,12,5A C9 FA 42 7A 0C 81 42 00 00 E8 42
1787900433.292494,34680,0ed7,12,A8 EE F1 42 76 E6 8A 42 00 00 EA 42
1787900433.293766,34680,0ed8,12,B0 A8 E8 42 63 33 93 42 00 00 EC 42
1787900433.295143,34680,0ed9,12,EE 0F DF 42 1B 9E 99 42 00 00 EE 42
1787900433.296503,34680,0eda,12,71 3B D5 42 1F E6 9D 42 00 00 A0 41
1787900433.297877,34680,0edb,12,19 45 CB 42 27 DF 9F 42 00 00 A8 41
1787900433.299114,34680,0edc,12,64 46 C1 42 11 75 9F 42 00 00 B0 41
1787900433.300424,34680,0edd,12,E4 58 B7 42 16 AC 9C 42 00 00 B8 41
1787900433.301922,34680,0ede,12,BE 96 AD 42 20 A1 97 42 00 00 C0 41
1787900433.303218,34680,0edf,12,63 17 A4 42 DE 86 90 42 00 00 C8 41
1787900433.304604,34680,0ee0,12,E4 F3 9A 42 1E A6 87 42 00 00 D0 41
1787900433.305963,34680,0ee1,12,A3 43 92 42 FC B2 7A 42 00 00 D8 41
1787900433.307201,34680,0ee2,12,DA 1C 8A 42 3E 14 64 42 00 00 E0 41
1787900433.308591,34680,0ee3,12,F1 94 82 42 C4 58 4C 42 00 00 E8 41
1787900433.309956,34680,0ee4,12,02 7C 77 42 18 6F 34 42 00 00 F0 41
1787900433.311216,34680,0ee5,12,4C 54 6B 42 24 4D 1D 42 00 00 F8 41
1787900433.312583,34680,0ee6,12,D8 D1 60 42 05 DF 07 42 00 00 00 42
1787900433.313810,34680,0ee7,12,88 0F 58 42 F0 FE E9 41 00 00 04 42
1787900433.315876,34680,0ee8,12,3C 24 51 42 68 E0 CA 41 00 00 08 42
1787900433.317327,34680,0ee9,12,94 20 4C 42 3D 9B B3 41 00 00 0C 42
1787900433.318682,34680,0eea,12,FF 11 49 42 A9 1F A5 41 00 00 10 42
1787900433.319962,34680,0eeb,12,50 00 48 42 80 01 A0 41 00 00 14 42
1787900433.321277,34680,0eec,12,43 EE 48 42 00 75 A4 41 00 00 18 42
1787900433.322723,34680,0eed,12,2A D9 4B 42 49 4B B2 41 00 00 1C 42
1787900433.324015,34680,0eee,12,01 BA 50 42 46 F9 C8 41 00 00 20 42
1787900433.325353,34680,0eef,12,28 84 57 42 C1 96 E7 41 00 00 24 42
1787900433.326782,34680,0ef0,12,40 26 60 42 9E 75 06 42 00 00 28 42
1787900433.328102,34680,0ef1,12,35 8A 6A 42 D7 BC 1B 42 00 00 2C 42
1787900433.329455,34680,0ef2,12,6F 94 76 42 03 C6 32 42 00 00 30 42
1787900433.330889,34680,0ef3,12,02 14 82 42 96 A9 4A 42 00 00 34 42
1787900433.332294,34680,0ef4,12,AC 90 89 42 FC 71 62 42 00 00 38 42
1787900433.333725,34680,0ef5,12,0E AD 91 42 74 2C 79 42 00 00 3C 42
1787900433.335066,34680,0ef6,12,68 54 9A 42 80 F8 86 42 00 00 40 42
1787900433.336702,34680,0ef7,12,DE 6F A3 42 2F F5 8F 42 00 00 44 42
1787900433.338154,34680,0ef8,12,8E E9 AC 42 F2 31 97 42 00 00 48 42
1787900433.339516,34680,0ef9,12,8A A8 B6 42 26 64 9C 42 00 00 4C 42
1787900433.340942,34680,0efa,12,E3 93 C0 42 C3 56 9F 42 00 00 50 42
1787900433.342255,34680,0efb,12,38 92 CA 42 B1 EB 9F 42 00 00 54 42
1787900433.343896,34680,0efc,12,34 89 D4 42 3C 1D 9E 42 00 00 58 42
1787900433.345349,34680,0efd,12,E6 60 DE 42 8D FD 99 42 00 00 5C 42
1787900433.346795,34680,0efe,12,58 FF E7 42 C7 B6 93 42 00 00 60 42
1787900433.348090,34680,0eff,12,EF 4B F1 42 FB 88 8B 42 00 00 64 42
1787900433.349430,34680,0f00,12,E1 2E FA 42 A4 C7 81 42 00 00 68 42
1787900433.353075,34680,0f01,12,68 48 01 43 74 AE 6D 42 00 00 6C 42
1787900433.354503,34680,0f02,12,CD 2E 05 43 60 4B 56 42 00 00 70 42
1787900433.355779,34680,0f03,12,4F C0 08 43 64 56 3E 42 00 00 74 42
1787900433.357153,34680,0f04,12,CD F3 0B 43 08 C4 26 42 00 00 78 42
1787900433.358557,34680,0f05,12,16 C1 0E 43 E7 84 10 42 00 00 7C 42
1787900433.359840,34680,0f06,12,D5 20 11 43 10 FB F8 41 00 00 80 42
1787900433.361277,34680,0f07,12,55 0D 13 43 79 EE D6 41 00 00 82 42
1787900433.362644,34680,0f08,12,77 81 14 43 E7 42 BC 41 00 00 84 42
1787900433.363911,34680,0f09,12,83 79 15 43 96 08 AA 41 00 00 86 42
1787900433.365357,34680,0f0a,12,FF F2 15 43 92 F9 A0 41 00 00 88 42
1787900433.366774,34680,0f0b,12,B8 EC 15 43 E8 71 A1 41 00 00 8A 42
1787900433.368119,34680,0f0c,12,BF 66 15 43 E0 6C AB 41 00 00 8C 42
1787900433.369395,34680,0f0d,12,65 62 14 43 F1 84 BE 41 00 00 8E 42
1787900433.370714,34680,0f0e,12,44 E2 12 43 36 F7 D9 41 00 00 90 42
1787900433.372125,34680,0f0f,12,34 EA 10 43 87 AB FC 41 00 00 92 42
1787900433.373551,34680,0f10,12,71 7F 0E 43 28 9E 12 42 00 00 94 42
1787900433.374946,34680,0f11,12,CB A7 0B 43 E8 08 29 42 00 00 96 42
1787900433.376377,34680,0f12,12,B3 6A 08 43 BA AF 40 42 00 00 98 42
1787900433.377687,34680,0f13,12,72 D0 04 43 32 A1 58 42 00 00 9A 42
1787900433.379364,34680,0f14,12,3F E2 00 43 EC E8 6F 42 00 00 9C 42
1787900433.380718,34680,0f15,12,FE 54 F9 42 D6 CB 82 42 00 00 9E 42
1787900433.382136,34680,0f16,12,A8 66 F0 42 C1 69 8C 42 00 00 A0 42
1787900433.383529,34680,0f17,12,F8 10 E7 42 2C 6B 94 42 00 00 A2 42
1787900433.384931,34680,0f18,12,CE 6B DD 42 5E 7E 9A 42 00 00 A4 42
1787900433.388458,34680,0f19,12,D8 8F D3 42 58 65 9E 42 00 00 A6 42
1787900433.390064,34680,0f1a,12,16 97 C9 42 3B F8 9F 42 00 00 A8 42
1787900433.392146,34680,0f1b,12,7C 99 BF 42 38 27 9F 42 00 00 AA 42
1787900433.394628,34680,0f1c,12,60 B1 B5 42 6A FA 9B 42 00 00 AC 42
1787900433.397939,34680,0f1d,12,18 F8 AB 42 3C 92 96 42 00 00 AE 42
1787900433.399233,34680,0f1e,12,86 86 A2 42 DE 25 8F 42 00 00 B0 42
1787900433.400456,34680,0f1f,12,82 75 99 42 DB 01 86 42 00 00 B2 42
1787900433.400894,34680,0f20,12,D6 DA 90 42 26 04 77 42 00 00 B4 42
1787900433.403793,34680,0f21,12,3A CD 88 42 B0 24 60 42 00 00 B6 42
1787900433.405850,34680,0f22,12,4B 61 81 42 CA 4E 48 42 00 00 B8 42
1787900433.409642,34680,0f23,12,0A 54 75 42 BF 75 30 42 00 00 BA 42
1787900433.412939,34680,0f24,12,08 72 69 42 B6 8E 19 42 00 00 BC 42
1787900433.414567,34680,0f25,12,1C 39 5F 42 E3 7F 04 42 00 00 BE 42
1787900433.419760,34680,0f26,12,6C C4 56 42 18 44 E4 41 00 00 C0 42
1787900433.420440,34680,0f27,12,96 29 50 42 54 61 C6 41 00 00 C2 42
1787900433.421132,34680,0f28,12,81 79 4B 42 88 88 B0 41 00 00 C4 42
1787900433.423386,34680,0f29,12,4E C0 48 42 57 99 A3 41 00 00 C6 42
1787900433.426865,34680,0f2a,12,88 04 48 42 C3 15 A0 41 00 00 C8 42
1787900433.429400,34680,0f2b,12,5A 48 49 42 08 23 A6 41 00 00 CA 42
1787900433.432426,34680,0f2c,12,86 88 4C 42 60 83 B5 41 00 00 CC 42
1787900433.434408,34680,0f2d,12,BC BC 51 42 DA 99 CD 41 00 00 CE 42
1787900433.434668,34680,0f2e,12,0B D7 58 42 D4 6D ED 41 00 00 D0 42
1787900433.434887,34680,0f2f,12,64 C6 61 42 B2 DF 09 42 00 00 D2 42
1787900433.436158,34680,0f30,12,70 73 6C 42 9C 82 1F 42 00 00 D4 42
1787900433.437317,34680,0f31,12,DF C2 78 42 CF C2 36 42 00 00 D6 42
1787900433.438812,34680,0f32,12,9A 4A 83 42 F8 B2 4E 42 00 00 D8 42
1787900433.440017,34680,0f33,12,EA E2 8A 42 F0 5C 66 42 00 00 DA 42
1787900433.441309,34680,0f34,12,24 18 93 42 DC D2 7C 42 00 00 DC 42
1787900433.442611,34680,0f35,12,B4 D4 9B 42 CC 96 88 42 00 00 DE 42
1787900433.443841,34680,0f36,12,43 02 A5 42 B3 4E 91 42 00 00 E0 42
1787900433.445191,34680,0f37,12,55 89 AE 42 24 38 98 42 00 00 E2 42
1787900433.446614,34680,0f38,12,C6 50 B8 42 48 0C 9D 42 00 00 E4 42
1787900433.447817,34680,0f39,12,17 41 C2 42 95 9A 9F 42 00 00 E6 42
1787900433.449200,34680,0f3a,12,1C 40 CC 42 80 C8 9F 42 00 00 E8 42
1787900433.450444,34680,0f3b,12,41 34 D6 42 34 94 9D 42 00 00 EA 42
1787900433.451756,34680,0f3c,12,10 04 E0 42 30 14 99 42 00 00 EC 42
1787900433.452967,34680,0f3d,12,B2 95 E9 42 FC 76 92 42 00 00 EE 42
1787900433.454308,34680,0f3e,12,2C D2 F2 42 11 FF 89 42 00 00 A0 41
1787900433.455552,34680,0f3f,12,1C A1 FB 42 51 03 80 42 00 00 A8 41
1787900433.457303,34680,0f40,12,FB F5 01 43 44 D3 69 42 00 00 B0 41
1787900433.458680,34680,0f41,12,C4 CE 05 43 A4 46 52 42 00 00 B8 41
1787900433.459933,34680,0f42,12,CE 50 09 43 FD 52 3A 42 00 00 C0 41
1787900433.461300,34680,0f43,12,AB 73 0C 43 10 E9 22 42 00 00 C8 41
1787900433.462686,34680,0f44,12,0C 2F 0F 43 B6 F9 0C 42 00 00 D0 41
1787900433.463912,34680,0f45,12,F5 7B 11 43 AC C9 F2 41 00 00 D8 41
1787900433.465287,34680,0f46,12,83 54 13 43 9C E4 D1 41 00 00 E0 41
1787900433.466549,34680,0f47,12,E6 B3 14 43 A7 95 B8 41 00 00 E8 41
1787900433.467822,34680,0f48,12,D2 96 15 43 2F DB A7 41 00 00 F0 41
1787900433.469089,34680,0f49,12,E2 FA 15 43 3E 62 A0 41 00 00 F8 41
1787900433.470409,34680,0f4a,12,16 DF 15 43 1A 77 A2 41 00 00 00 42
1787900433.471734,34680,0f4b,12,B7 43 15 43 84 04 AE 41 00 00 04 42
1787900433.473117,34680,0f4c,12,6A 2A 14 43 A0 92 C2 41 00 00 08 42
1787900433.474452,34680,0f4d,12,D6 95 12 43 D3 52 DF 41 00 00 0C 42
1787900433.475764,34680,0f4e,12,15 8A 10 43 32 8F 01 42 00 00 10 42
1787900433.477031,34680,0f4f,12,64 0C 0E 43 FA 43 16 42 00 00 14 42
1787900433.478399,34680,0f50,12,21 23 0B 43 68 F4 2C 42 00 00 18 42
1787900433.479782,34680,0f51,12,05 D6 07 43 04 B7 44 42 00 00 1C 42
1787900433.481088,34680,0f52,12,FE 2C 04 43 FB 9C 5C 42 00 00 20 42
1787900433.482432,34680,0f53,12,A8 31 00 43 8C B0 73 42 00 00 24 42
1787900433.483689,34680,0f54,12,62 DC F7 42 15 83 84 42 00 00 28 42
1787900433.485076,34680,0f55,12,05 DB EE 42 09 E2 8D 42 00 00 2C 42
1787900433.486464,34680,0f56,12,01 77 E5 42 F5 94 95 42 00 00 30 42
1787900433.487815,34680,0f57,12,E5 C6 DB 42 75 4E 9B 42 00 00 34 42
1787900433.489089,34680,0f58,12,30 E4 D1 42 70 D3 9E 42 00 00 38 42
1787900433.490321,34680,0f59,12,2E E8 C7 42 F9 FF 9F 42 00 00 3C 42
1787900433.492407,34680,0f5a,12,68 EC BD 42 14 C8 9E 42 00 00 40 42
1787900433.493810,34680,0f5b,12,2E 0B B4 42 90 38 9B 42 00 00 44 42
1787900433.495185,34680,0f5c,12,3A 5C AA 42 34 75 95 42 00 00 48 42
1787900433.496561,34680,0f5d,12,19 F9 A0 42 06 B9 8D 42 00 00 4C 42
1787900433.497880,34680,0f5e,12,CE F9 97 42 FA 52 84 42 00 00 50 42
1787900433.499244,34680,0f5f,12,5E 75 8F 42 FA 45 73 42 00 00 54 42
1787900433.500508,34680,0f60,12,2C 82 87 42 27 2E 5C 42 00 00 58 42
1787900433.501781,34680,0f61,12,50 33 80 42 99 46 44 42 00 00 5C 42
1787900433.503172,34680,0f62,12,42 38 73 42 0E 85 2C 42 00 00 60 42
1787900433.504429,34680,0f63,12,F7 9A 67 42 02 DC 15 42 00 00 64 42
1787900433.505873,34680,0f64,12,73 AC 5D 42 C0 32 01 42 00 00 68 42
1787900433.507229,34680,0f65,12,B2 86 55 42 E4 BA DE 41 00 00 6C 42
1787900433.508598,34680,0f66,12,44 3D 4F 42 AC 1E C2 41 00 00 70 42
1787900433.509899,34680,0f67,12,F3 E0 4A 42 E8 B7 AD 41 00 00 74 42
1787900433.511280,34680,0f68,12,E9 7C 48 42 D5 56 A2 41 00 00 78 42
1787900433.512636,34680,0f69,12,41 17 48 42 98 6F A0 41 00 00 7C 42
1787900433.514056,34680,0f6a,12,CD B0 49 42 AA 14 A8 41 00 00 80 42
1787900433.515867,34680,0f6b,12,B4 45 4D 42 31 F9 B8 41 00 00 82 42
1787900433.517144,34680,0f6c,12,C2 CC 52 42 87 70 D2 41 00 00 84 42
1787900433.518440,34680,0f6d,12,D2 37 5A 42 BD 76 F3 41 00 00 86 42
1787900433.519900,34680,0f6e,12,E9 73 63 42 5E 5D 0D 42 00 00 88 42
1787900433.521272,34680,0f6f,12,7C 68 6E 42 15 54 23 42 00 00 8A 42
1787900433.522644,34680,0f70,12,3C FB 7A 42 BF C2 3A 42 00 00 8C 42
1787900433.523902,34680,0f71,12,9A 85 84 42 8B B8 52 42 00 00 8E 42
1787900433.525254,34680,0f72,12,34 3A 8C 42 E9 40 6A 42 00 00 90 42
1787900433.526525,34680,0f73,12,B8 87 94 42 D3 35 80 42 00 00 92 42
1787900433.527885,34680,0f74,12,31 58 9D 42 86 2A 8A 42 00 00 94 42
1787900433.529256,34680,0f75,12,75 96 A6 42 7B 9A 92 42 00 00 96 42
1787900433.530623,34680,0f76,12,32 2A B0 42 C0 2E 99 42 00 00 98 42
1787900433.531863,34680,0f77,12,E9 FA B9 42 2D A4 9D 42 00 00 9A 42
1787900433.533142,34680,0f78,12,7E EF C3 42 40 CD 9F 42 00 00 9C 42
1787900433.534527,34680,0f79,12,B1 ED CD 42 08 94 9F 42 00 00 9E 42
1787900433.535769,34680,0f7a,12,80 DD D7 42 C2 FA 9C 42 00 00 A0 42
1787900433.537046,34680,0f7b,12,BA A4 E1 42 E4 1B 98 42 00 00 A2 42
1787900433.538436,34680,0f7c,12,5B 2A EB 42 24 29 91 42 00 00 A4 42
1787900433.539649,34680,0f7d,12,05 56 F4 42 6C 69 88 42 00 00 A6 42
1787900433.541006,34680,0f7e,12,9B 0F FD 42 C8 6D 7C 42 00 00 A8 42
1787900433.542370,34680,0f7f,12,13 A1 02 43 14 F0 65 42 00 00 AA 42
1787900433.543704,34680,0f80,12,FE 6B 06 43 CC 40 4E 42 00 00 AC 42
1787900433.545039,34680,0f81,12,DA DE 09 43 AF 51 36 42 00 00 AE 42
1787900433.546402,34680,0f82,12,D5 F0 0C 43 0C 17 1F 42 00 00 B0 42
1787900433.547674,34680,0f83,12,E4 99 0F 43 95 7F 09 42 00 00 B2 42
1787900433.549062,34680,0f84,12,A1 D3 11 43 A4 C8 EC 41 00 00 B4 42
1787900433.550393,34680,0f85,12,23 98 13 43 17 14 CD 41 00 00 B6 42
1787900433.551763,34680,0f86,12,E4 E2 14 43 22 25 B5 41 00 00 B8 42
1787900433.553133,34680,0f87,12,96 B0 15 43 10 F0 A5 41 00 00 BA 42
1787900433.554388,34680,0f88,12,28 FF 15 43 2F 10 A0 41 00 00 BC 42
1787900433.555646,34680,0f89,12,E0 CD 15 43 8E C0 A3 41 00 00 BE 42
1787900433.557039,34680,0f8a,12,2E 1D 15 43 56 DC B0 41 00 00 C0 42
1787900433.558293,34680,0f8b,12,D9 EE 13 43 BD DD C6 41 00 00 C2 42
1787900433.559696,34680,0f8c,12,E4 45 12 43 25 E4 E4 41 00 00 C4 42
1787900433.560941,34680,0f8d,12,BE 26 10 43 FD DC 04 42 00 00 C6 42
1787900433.562231,34680,0f8e,12,81 96 0D 43 7E F6 19 42 00 00 C8 42
1787900433.563770,34680,0f8f,12,DF 9B 0A 43 E8 E5 30 42 00 00 CA 42
1787900433.565127,34680,0f90,12,79 3E 07 43 21 C1 48 42 00 00 CC 42
1787900433.566588,34680,0f91,12,E9 86 03 43 A5 94 60 42 00 00 CE 42
1787900433.567920,34680,0f92,12,0D FE FE 42 8B 6B 77 42 00 00 D0 42
1787900433.570006,34680,0f93,12,FE 60 F6 42 20 30 86 42 00 00 D2 42
1787900433.571322,34680,0f94,12,4A 4D ED 42 85 4D 8F 42 00 00 D4 42
1787900433.572695,34680,0f95,12,29 DA E3 42 EA B0 96 42 00 00 D6 42
1787900433.574141,34680,0f96,12,C8 1F DA 42 E5 0E 9C 42 00 00 D8 42
1787900433.575521,34680,0f97,12,D1 37 D0 42 88 30 9F 42 00 00 DA 42
1787900433.576877,34680,0f98,12,0F 3A C6 42 57 F6 9F 42 00 00 DC 42
1787900433.578330,34680,0f99,12,D7 40 BC 42 1C 58 9E 42 00 00 DE 42
1787900433.579762,34680,0f9a,12,AB 65 B2 42 59 66 9A 42 00 00 E0 42
1787900433.581148,34680,0f9b,12,C3 C1 A8 42 52 49 94 42 00 00 E2 42
1787900433.582576,34680,0f9c,12,7E 6E 9F 42 1F 40 8C 42 00 00 E4 42
1787900433.583908,34680,0f9d,12,44 82 96 42 86 9B 82 42 00 00 E6 42
1787900433.586751,34680,0f9e,12,A5 14 8E 42 05 7D 6F 42 00 00 E8 42
1787900433.588040,34680,0f9f,12,31 3B 86 42 ED 2F 58 42 00 00 EA 42
1787900433.589371,34680,0fa0,12,FA 13 7E 42 9C 3D 40 42 00 00 EC 42
1787900433.591496,34680,0fa1,12,CF 27 71 42 4E 9C 28 42 00 00 EE 42
1787900433.603481,34680,0fa2,12,EE D0 65 42 86 39 12 42 00 00 A0 41
1787900433.636225,34680,0fa3,12,69 2D 5C 42 45 F7 FB 41 00 00 A8 41
1787900433.639054,34680,0fa4,12,E8 55 54 42 80 62 D9 41 00 00 B0 41
1787900433.645897,34680,0fa5,12,7C 5E 4E 42 B6 15 BE 41 00 00 B8 41
1787900433.648471,34680,0fa6,12,A5 56 4A 42 B2 28 AB 41 00 00 C0 41
1787900433.650212,34680,0fa7,12,10 48 48 42 AC 59 A1 41 00 00 C8 41
1787900433.652802,34680,0fa8,12,67 38 48 42 95 0E A1 41 00 00 D0 41
1787900433.653462,34680,0fa9,12,D0 27 4A 42 6C 4A AA 41 00 00 D8 41
1787900433.660178,34680,0faa,12,57 11 4E 42 F0 AE BC 41 00 00 E0 41
1787900433.664055,34680,0fab,12,74 EA 53 42 01 7E D7 41 00 00 E8 41
1787900433.667288,34680,0fac,12,1B A5 5B 42 24 AA F9 41 00 00 F0 41
1787900433.667985,34680,0fad,12,22 2D 65 42 63 EA 10 42 00 00 F8 41
1787900433.668923,34680,0fae,12,28 6A 70 42 F6 31 27 42 00 00 00 42
1787900433.671962,34680,0faf,12,6F 3F 7D 42 60 C8 3E 42 00 00 04 42
1787900433.673810,34680,0fb0,12,7A C5 85 42 04 BB 56 42 00 00 08 42
1787900433.676320,34680,0fb1,12,32 95 8D 42 2A 19 6E 42 00 00 0C 42
1787900433.680942,34680,0fb2,12,5A FA 95 42 38 F9 81 42 00 00 10 42
1787900433.682115,34680,0fb3,12,7A DF 9E 42 EA B3 8B 42 00 00 14 42
1787900433.682685,34680,0fb4,12,CF 2D A8 42 5B D9 93 42 00 00 18 42
1787900433.684851,34680,0fb5,12,C9 CC B1 42 FD 15 9A 42 00 00 1C 42
1787900433.685555,34680,0fb6,12,4B A5 BB 42 20 2B 9E 42 00 00 20 42
1787900433.687948,34680,0fb7,12,68 9D C5 42 86 EE 9F 42 00 00 24 42
1787900433.689411,34680,0fb8,12,9F 9B CF 42 31 4E 9F 42 00 00 28 42
1787900433.695077,34680,0fb9,12,60 86 D9 42 85 50 9C 42 00 00 2C 42
1787900433.695650,34680,0fba,12,8B 43 E3 42 88 14 97 42 00 00 30 42
1787900433.696599,34680,0fbb,12,BC BB EC 42 D5 CE 8F 42 00 00 34 42
1787900433.713655,34680,0fbc,12,F5 D5 F5 42 FB C9 86 42 00 00 38 42
1787900433.715178,34680,0fbd,12,EC 7A FE 42 11 C4 78 42 00 00 3C 42
1787900433.716523,34680,0fbe,12,42 4A 03 43 68 02 62 42 00 00 40 42
1787900433.723847,34680,0fbf,12,BC 06 07 43 25 39 4A 42 00 00 44 42
1787900433.728432,34680,0fc0,12,E8 69 0A 43 5B 57 32 42 00 00 48 42
1787900433.732426,34680,0fc1,12,D0 6A 0D 43 A4 52 1B 42 00 00 4C 42
1787900433.733495,34680,0fc2,12,C4 01 10 43 F4 15 06 42 00 00 50 42
1787900433.735143,34680,0fc3,12,24 28 12 43 21 F4 E6 41 00 00 54 42
1787900433.739263,34680,0fc4,12,53 D8 13 43 EA 7B C8 41 00 00 58 42
1787900433.739838,34680,0fc5,12,43 0E 15 43 88 F5 B1 41 00 00 5C 42
1787900433.742475,34680,0fc6,12,B5 C6 15 43 8C 49 A4 41 00 00 60 42
1787900433.743389,34680,0fc7,12,D1 FF 15 43 87 03 A0 41 00 00 64 42
1787900433.743861,34680,0fc8,12,04 B9 15 43 14 4F A5 41 00 00 68 42
1787900433.744540,34680,0fc9,12,1A F3 14 43 A9 F4 B3 41 00 00 6C 42
1787900433.745835,34680,0fca,12,EB AF 13 43 0E 61 CB 41 00 00 70 42
1787900433.747218,34680,0fcb,12,BE F2 11 43 64 A4 EA 41 00 00 74 42
1787900433.748633,34680,0fcc,12,07 C0 0F 43 C7 3F 08 42 00 00 78 42
1787900433.749943,34680,0fcd,12,64 1D 0D 43 13 B8 1D 42 00 00 7C 42
1787900433.751236,34680,0fce,12,D3 11 0A 43 17 DE 34 42 00 00 80 42
1787900433.752782,34680,0fcf,12,A6 A4 06 43 26 C9 4C 42 00 00 82 42
1787900433.754047,34680,0fd0,12,DA DE 02 43 5B 83 64 42 00 00 84 42
1787900433.755436,34680,0fd1,12,29 94 FD 42 87 1A 7B 42 00 00 86 42
1787900433.756694,34680,0fd2,12,8E E1 F4 42 0A D4 87 42 00 00 88 42
1787900433.757977,34680,0fd3,12,DD BC EB 42 7C AC 90 42 00 00 8A 42
1787900433.759293,34680,0fd4,12,0D 3C E2 42 B0 BD 97 42 00 00 8C 42
1787900433.760657,34680,0fd5,12,20 78 D8 42 C3 BE 9C 42 00 00 8E 42
1787900433.761981,34680,0fd6,12,12 8A CE 42 A2 7C 9F 42 00 00 90 42
1787900433.763329,34680,0fd7,12,49 8B C4 42 50 DB 9F 42 00 00 92 42
1787900433.764703,34680,0fd8,12,1E 96 BA 42 46 D7 9D 42 00 00 94 42
1787900433.765945,34680,0fd9,12,7B C2 B0 42 C7 84 99 42 00 00 96 42
1787900433.767296,34680,0fda,12,4C 2A A7 42 02 10 93 42 00 00 98 42
1787900433.768656,34680,0fdb,12,1D E6 9D 42 DE BA 8A 42 00 00 9A 42
1787900433.769988,34680,0fdc,12,A1 0D 95 42 67 DA 80 42 00 00 9C 42
1787900433.771335,34680,0fdd,12,1B B8 8C 42 A5 A8 6B 42 00 00 9E 42
1787900433.772590,34680,0fde,12,90 F9 84 42 DF 2E 54 42 00 00 A0 42
1787900433.774188,34680,0fdf,12,F5 CC 7B 42 BE 38 3C 42 00 00 A2 42
1787900433.775714,34680,0fe0,12,E9 21 6F 42 D6 BA 24 42 00 00 A4 42
1787900433.777084,34680,0fe1,12,65 12 64 42 F0 A4 0E 42 00 00 A6 42
1787900433.778467,34680,0fe2,12,5D BB 5A 42 D4 B3 F5 41 00 00 A8 42
1787900433.779676,34680,0fe3,12,40 33 53 42 6D 41 D4 41 00 00 AA 42
1787900433.781236,34680,0fe4,12,1E 8E 4D 42 5C 4B BA 41 00 00 AC 42
1787900433.782601,34680,0fe5,12,69 DA 49 42 9F DA A8 41 00 00 AE 42
1787900433.783832,34680,0fe6,12,9A 21 48 42 3A A1 A0 41 00 00 B0 42
1787900433.785115,34680,0fe7,12,FD 67 48 42 A4 F2 A1 41 00 00 B2 42
1787900433.786489,34680,0fe8,12,EB AC 4A 42 9F C1 AC 41 00 00 B4 42
1787900433.787760,34680,0fe9,12,A4 EA 4E 42 1C A0 C0 41 00 00 B6 42
1787900433.789033,34680,0fea,12,4D 16 55 42 4E C3 DC 41 00 00 B8 42
1787900433.790398,34680,0feb,12,20 20 5D 42 00 06 00 42 00 00 BA 42
1787900433.791762,34680,0fec,12,B4 F2 66 42 54 87 14 42 00 00 BC 42
1787900433.793030,34680,0fed,12,72 76 72 42 89 17 2B 42 00 00 BE 42
1787900433.794254,34680,0fee,12,32 8D 7F 42 D0 CE 42 42 00 00 C0 42
1787900433.795820,34680,0fef,12,BC 0A 87 42 15 BB 5A 42 00 00 C2 42
1787900433.797173,34680,0ff0,12,0C F5 8E 42 2B E8 71 42 00 00 C4 42
1787900433.798486,34680,0ff1,12,9A 70 97 42 F4 B3 83 42 00 00 C6 42
1787900433.799841,34680,0ff2,12,06 69 A0 42 1C 31 8D 42 00 00 C8 42
1787900433.801072,34680,0ff3,12,BA C6 A9 42 CF 09 95 42 00 00 CA 42
1787900433.802353,34680,0ff4,12,BE 71 B3 42 F8 ED 9A 42 00 00 CC 42
1787900433.803740,34680,0ff5,12,58 51 BD 42 74 A1 9E 42 00 00 CE 42
1787900433.805098,34680,0ff6,12,7E 4B C7 42 79 FE 9F 42 00 00 D0 42
1787900433.806450,34680,0ff7,12,39 48 D1 42 53 F7 9E 42 00 00 D2 42
1787900433.807714,34680,0ff8,12,35 2D DB 42 4C 96 9B 42 00 00 D4 42
1787900433.809114,34680,0ff9,12,22 E1 E4 42 E3 FD 95 42 00 00 D6 42
1787900433.810436,34680,0ffa,12,2F 4B EE 42 34 67 8E 42 00 00 D8 42
1787900433.811816,34680,0ffb,12,94 52 F7 42 7C 20 85 42 00 00 DA 42
1787900433.813213,34680,0ffc,12,A4 E1 FF 42 F0 0D 75 42 00 00 DC 42
1787900433.814578,34680,0ffd,12,DF F0 03 43 09 0F 5E 42 00 00 DE 42
1787900433.815831,34680,0ffe,12,37 9F 07 43 F9 2E 46 42 00 00 E0 42
1787900433.817122,34680,0fff,12,6E F2 0A 43 74 61 2E 42 00 00 E2 42
1787900433.818425,34680,1000,12,CC E1 0D 43 26 9B 17 42 00 00 E4 42
1787900433.819803,34680,1001,12,45 66 10 43 FB C0 02 42 00 00 E6 42
1787900433.821152,34680,1002,12,28 79 12 43 3B 53 E1 41 00 00 E8 42
1787900433.822388,34680,1003,12,29 15 14 43 6F 1B C4 41 00 00 EA 42
1787900433.823774,34680,1004,12,28 36 15 43 CF 04 AF 41 00 00 EC 42
1787900433.825161,34680,1005,12,3C D9 15 43 2D E7 A2 41 00 00 EE 42
1787900433.826561,34680,1006,12,DC FC 15 43 53 3C A0 41 00 00 A0 41
1787900433.827824,34680,1007,12,9A A0 15 43 C9 20 A7 41 00 00 A8 41
1787900433.829109,34680,1008,12,65 C5 14 43 35 4E B7 41 00 00 B0 41
1787900433.830808,34680,1009,12,6B 6D 13 43 76 1F D0 41 00 00 B8 41
1787900433.832027,34680,100a,12,47 9C 11 43 6E 94 F0 41 00 00 C0 41
1787900433.833408,34680,100b,12,54 56 0F 43 70 B3 0B 42 00 00 C8 41
1787900433.834678,34680,100c,12,85 A1 0C 43 25 84 21 42 00 00 D0 41
1787900433.835971,34680,100d,12,C4 84 09 43 AA DD 38 42 00 00 D8 41
1787900433.837610,34680,100e,12,0A 08 06 43 A8 D1 50 42 00 00 E0 41
1787900433.839051,34680,100f,12,8F 34 02 43 D4 69 68 42 00 00 E8 41
1787900433.840449,34680,1010,12,0C 27 FC 42 05 B9 7E 42 00 00 F0 41
1787900433.841882,34680,1011,12,90 5F F3 42 D3 6C 89 42 00 00 F8 41
1787900433.843227,34680,1012,12,1E 29 EA 42 23 FF 91 42 00 00 00 42
1787900433.846306,34680,1013,12,4A 9B E0 42 F4 BB 98 42 00 00 04 42
1787900433.847757,34680,1014,12,48 CF D6 42 3A 5E 9D 42 00 00 08 42
1787900433.849188,34680,1015,12,A2 DC CC 42 63 B7 9F 42 00 00 0C 42
1787900433.850496,34680,1016,12,8C DD C2 42 02 AF 9F 42 00 00 10 42
1787900433.851899,34680,1017,12,98 EB B8 42 6F 45 9D 42 00 00 14 42
1787900433.853342,34680,1018,12,38 20 AF 42 48 93 98 42 00 00 18 42
1787900433.854671,34680,1019,12,35 95 A5 42 18 C9 91 42 00 00 1C 42
1787900433.856009,34680,101a,12,7D 61 9C 42 1C 2B 89 42 00 00 20 42
1787900433.857302,34680,101b,12,5A 9D 93 42 7D 23 7E 42 00 00 24 42
1787900433.859040,34680,101c,12,3A 5F 8B 42 28 C8 67 42 00 00 28 42
1787900433.860383,34680,101d,12,34 BC 83 42 6C 28 50 42 00 00 2C 42
1787900433.861760,34680,101e,12,A6 90 79 42 47 37 38 42 00 00 30 42
1787900433.863097,34680,101f,12,97 28 6D 42 5F E5 20 42 00 00 34 42
1787900433.864397,34680,1020,12,1C 61 62 42 9C 22 0B 42 00 00 38 42
1787900433.865714,34680,1021,12,C8 55 59 42 33 9A EF 41 00 00 3C 42
1787900433.867171,34680,1022,12,BE 1D 52 42 64 54 CF 41 00 00 40 42
1787900433.868466,34680,1023,12,CD CB 4C 42 C9 BE B6 41 00 00 44 42
1787900433.869899,34680,1024,12,BD 6C 49 42 80 D0 A6 41 00 00 48 42
1787900433.871345,34680,1025,12,A9 09 48 42 60 2E A0 41 00 00 4C 42
1787900433.873261,34680,1026,12,21 A6 48 42 1E 1C A3 41 00 00 50 42
1787900433.874686,34680,1027,12,92 40 4B 42 D6 7B AF 41 00 00 54 42
1787900433.875982,34680,1028,12,E4 D1 4F 42 3A CD C4 41 00 00 58 42
1787900433.877436,34680,1029,12,21 4F 56 42 06 3A E2 41 00 00 5C 42
1787900433.878742,34680,102a,12,65 A7 5E 42 46 4A 03 42 00 00 60 42
1787900433.881248,34680,102b,12,58 C5 68 42 DF 34 18 42 00 00 64 42
1787900433.882672,34680,102c,12,18 8F 74 42 4D 07 2F 42 00 00 68 42
1787900433.883959,34680,102d,12,B2 F2 80 42 BF D6 46 42 00 00 6C 42
1787900433.885412,34680,102e,12,1A 54 88 42 E0 B3 5E 42 00 00 70 42
1787900433.886927,34680,102f,12,64 58 90 42 46 A9 75 42 00 00 74 42
1787900433.888364,34680,1030,12,0D EB 98 42 4D 66 85 42 00 00 78 42
1787900433.889779,34680,1031,12,28 F6 A1 42 0D A3 8E 42 00 00 7C 42
1787900433.891206,34680,1032,12,D3 61 AB 42 16 2C 96 42 00 00 80 42
1787900433.892541,34680,1033,12,6C 17 B5 42 AA B5 9B 42 00 00 82 42
1787900433.894273,34680,1034,12,65 FD BE 42 9B 06 9F 42 00 00 84 42
1787900433.895740,34680,1035,12,6A FA C8 42 10 FD 9F 42 00 00 86 42
1787900433.897113,34680,1036,12,EE F4 D2 42 34 8F 9E 42 00 00 88 42
1787900433.898544,34680,1037,12,A8 D2 DC 42 02 CC 9A 42 00 00 8A 42
1787900433.899851,34680,1038,12,E3 7B E6 42 48 D9 94 42 00 00 8C 42
1787900433.901630,34680,1039,12,23 D7 EF 42 F4 F3 8C 42 00 00 8E 42
1787900433.903010,34680,103a,12,77 CC F8 42 9C 6C 83 42 00 00 90 42
1787900433.904443,34680,103b,12,7B A2 00 43 07 49 71 42 00 00 92 42
1787900433.905911,34680,103c,12,2E 95 04 43 49 15 5A 42 00 00 94 42
1787900433.907197,34680,103d,12,D8 34 08 43 34 27 42 42 00 00 96 42
1787900433.908646,34680,103e,12,E3 77 0B 43 CE 74 2A 42 00 00 98 42
1787900433.909987,34680,103f,12,F6 55 0E 43 F6 EF 13 42 00 00 9A 42
1787900433.911319,34680,1040,12,BC C7 10 43 0F FD FE 41 00 00 9C 42
1787900433.912755,34680,1041,12,D1 C6 12 43 D5 E4 DB 41 00 00 9E 42
1787900433.914084,34680,1042,12,68 4E 14 43 FC F7 BF 41 00 00 A0 42
1787900433.916498,34680,1043,12,6C 5A 15 43 8B 56 AC 41 00 00 A2 42
1787900433.917938,34680,1044,12,2E E8 15 43 E2 C8 A1 41 00 00 A4 42
1787900433.919363,34680,1045,12,46 F6 15 43 BA BA A0 41 00 00 A6 42
1787900433.920829,34680,1046,12,9A 84 15 43 CF 35 A9 41 00 00 A8 42
1787900433.922604,34680,1047,12,3E 94 14 43 E5 E4 BA 41 00 00 AA 42
1787900433.923891,34680,1048,12,9C 27 13 43 2E 13 D5 41 00 00 AC 42
1787900433.925242,34680,1049,12,58 42 11 43 72 B5 F6 41 00 00 AE 42
1787900433.926625,34680,104a,12,4D E9 0E 43 30 3A 0F 42 00 00 B0 42
1787900433.927944,34680,104b,12,B7 22 0C 43 58 5B 25 42 00 00 B2 42
1787900433.929378,34680,104c,12,41 F5 08 43 C2 DF 3C 42 00 00 B4 42
1787900433.930713,34680,104d,12,3F 69 05 43 BE D5 54 42 00 00 B6 42
1787900433.932046,34680,104e,12,C5 87 01 43 B6 48 6C 42 00 00 B8 42
1787900433.933470,34680,104f,12,7E B5 FA 42 AA 24 81 42 00 00 BA 42
1787900433.934826,34680,1050,12,70 DA F1 42 CA FA 8A 42 00 00 BC 42
1787900433.937756,34680,1051,12,A3 93 E8 42 DE 43 93 42 00 00 BE 42
1787900433.939187,34680,1052,12,80 F9 DE 42 80 AA 99 42 00 00 C0 42
1787900433.940553,34680,1053,12,98 24 D5 42 5A ED 9D 42 00 00 C2 42
1787900433.942005,34680,1054,12,10 2E CB 42 F0 E0 9F 42 00 00 C4 42
1787900433.943510,34680,1055,12,2D 30 C1 42 75 71 9F 42 00 00 C6 42
1787900433.944969,34680,1056,12,EF 42 B7 42 4A A3 9C 42 00 00 C8 42
1787900433.946392,34680,1057,12,83 80 AD 42 04 93 97 42 00 00 CA 42
1787900433.947805,34680,1058,12,E0 01 A4 42 4F 74 90 42 00 00 CC 42
1787900433.949114,34680,1059,12,52 DF 9A 42 DB 8F 87 42 00 00 CE 42
1787900433.953147,34680,105a,12,DD 30 92 42 86 82 7A 42 00 00 D0 42
1787900433.954605,34680,105b,12,5D 0B 8A 42 45 E0 63 42 00 00 D2 42
1787900433.955961,34680,105c,12,5C 84 82 42 7B 21 4C 42 00 00 D4 42
1787900433.957357,34680,105d,12,34 5E 77 42 87 38 34 42 00 00 D6 42
1787900433.958793,34680,105e,12,27 3A 6B 42 76 19 1D 42 00 00 D8 42
1787900433.960089,34680,105f,12,5F BC 60 42 DF B1 07 42 00 00 DA 42
1787900433.961426,34680,1060,12,10 FE 57 42 D0 B1 E9 41 00 00 DC 42
1787900433.962850,34680,1061,12,7A 16 51 42 61 A1 CA 41 00 00 DE 42
1787900433.964445,34680,1062,12,48 17 4C 42 88 6F B3 41 00 00 E0 42
1787900433.966439,34680,1063,12,41 0D 49 42 05 09 A5 41 00 00 E2 42
1787900433.967765,34680,1064,12,2D 00 48 42 D9 00 A0 41 00 00 E4 42
1787900433.969199,34680,1065,12,92 F2 48 42 98 89 A4 41 00 00 E6 42
1787900433.970529,34680,1066,12,2F E2 4B 42 BE 75 B2 41 00 00 E8 42
1787900433.971874,34680,1067,12,7E C7 50 42 2F 37 C9 41 00 00 EA 42
1787900433.973292,34680,1068,12,FA 95 57 42 A7 E5 E7 41 00 00 EC 42
1787900433.975951,34680,1069,12,7C 3B 60 42 6A A2 06 42 00 00 EE 42
1787900433.977292,34680,106a,12,3D A3 6A 42 88 EE 1B 42 00 00 A0 41
1787900433.978903,34680,106b,12,06 B2 76 42 77 FC 32 42 00 00 A8 41
1787900433.980683,34680,106c,12,7E 24 82 42 E4 E0 4A 42 00 00 B0 41
1787900433.982169,34680,106d,12,AE A2 89 42 EF A7 62 42 00 00 B8 41
1787900433.983630,34680,106e,12,C1 BF 91 42 2F 5D 79 42 00 00 C0 41
1787900433.984963,34680,106f,12,38 68 9A 42 33 0E 87 42 00 00 C8 41
1787900433.987000,34680,1070,12,53 85 A3 42 FD 07 90 42 00 00 D0 41
1787900433.988450,34680,1071,12,BF FF AC 42 59 40 97 42 00 00 D8 41
1787900433.989897,34680,1072,12,3E BF B6 42 93 6D 9C 42 00 00 E0 41
1787900433.991333,34680,1073,12,18 AA C0 42 B2 5A 9F 42 00 00 E8 41
1787900433.993612,34680,1074,12,7B A8 CA 42 4C EA 9F 42 00 00 F0 41
1787900433.996434,34680,1075,12,12 A0 D4 42 55 16 9E 42 00 00 F8 41
1787900433.997904,34680,1076,12,5C 77 DE 42 76 F1 99 42 00 00 00 42
1787900433.999215,34680,1077,12,2D 15 E8 42 FD A5 93 42 00 00 04 42
1787900434.000658,34680,1078,12,36 60 F1 42 DD 74 8B 42 00 00 08 42
1787900434.002107,34680,1079,12,22 42 FA 42 6F B0 81 42 00 00 0C 42
1787900434.003562,34680,107a,12,BF 51 01 43 EB 79 6D 42 00 00 10 42
1787900434.004862,34680,107b,12,6C 37 05 43 72 14 56 42 00 00 14 42
1787900434.006203,34680,107c,12,1F C8 08 43 42 1F 3E 42 00 00 18 42
1787900434.007686,34680,107d,12,7E FA 0B 43 B2 90 26 42 00 00 1C 42
1787900434.008985,34680,107e,12,DB C6 0E 43 8A 55 10 42 00 00 20 42
1787900434.010298,34680,107f,12,CA 25 11 43 24 A5 F8 41 00 00 24 42
1787900434.011675,34680,1080,12,3A 11 13 43 1B A8 D6 41 00 00 28 42
1787900434.013019,34680,1081,12,42 84 14 43 E8 0E BC 41 00 00 2C 42
1787900434.014467,34680,1082,12,1E 7B 15 43 17 EA A9 41 00 00 30 42
1787900434.015807,34680,1083,12,7E F3 15 43 09 F0 A0 41 00 00 34 42
1787900434.017267,34680,1084,12,15 EC 15 43 20 7E A1 41 00 00 38 42
1787900434.018581,34680,1085,12,F6 64 15 43 B3 8E AB 41 00 00 3C 42
1787900434.019917,34680,1086,12,7C 5F 14 43 05 BB BE 41 00 00 40 42
1787900434.022252,34680,1087,12,64 DE 12 43 F0 3C DA 41 00 00 44 42
1787900434.023741,34680,1088,12,4E E5 10 43 F6 FF FC 41 00 00 48 42
1787900434.025028,34680,1089,12,5E 79 0E 43 B9 CF 12 42 00 00 4C 42
1787900434.026508,34680,108a,12,C5 A0 0B 43 5E 3E 29 42 00 00 50 42
1787900434.027901,34680,108b,12,CD 62 08 43 F2 E6 40 42 00 00 54 42
1787900434.029363,34680,108c,12,0B C8 04 43 1D D6 58 42 00 00 58 42
1787900434.030765,34680,108d,12,28 D9 00 43 4E 1B 70 42 00 00 5C 42
1787900434.032055,34680,108e,12,F0 40 F9 42 90 E3 82 42 00 00 60 42
1787900434.033355,34680,108f,12,92 51 F0 42 2E 7E 8C 42 00 00 64 42
1787900434.035254,34680,1090,12,0E FB E6 42 7C 7B 94 42 00 00 68 42
1787900434.036720,34680,1091,12,0E 56 DD 42 88 89 9A 42 00 00 6C 42
1787900434.038054,34680,1092,12,BA 79 D3 42 75 6B 9E 42 00 00 70 42
1787900434.039483,34680,1093,12,0A 80 C9 42 16 F9 9F 42 00 00 74 42
1787900434.040801,34680,1094,12,85 82 BF 42 90 22 9F 42 00 00 78 42
1787900434.042304,34680,1095,12,B7 9A B5 42 70 F0 9B 42 00 00 7C 42
1787900434.043737,34680,1096,12,B9 E2 AB 42 D6 83 96 42 00 00 80 42
1787900434.045030,34680,1097,12,E2 71 A2 42 49 13 8F 42 00 00 82 42
1787900434.046494,34680,1098,12,1D 61 99 42 0E EB 85 42 00 00 84 42
1787900434.047788,34680,1099,12,9C C7 90 42 3C D1 76 42 00 00 86 42
1787900434.049337,34680,109a,12,5F BB 88 42 7D EE 5F 42 00 00 88 42
1787900434.050806,34680,109b,12,89 51 81 42 58 19 48 42 00 00 8A 42
1787900434.052125,34680,109c,12,D2 37 75 42 5A 41 30 42 00 00 8C 42
1787900434.053559,34680,109d,12,88 58 69 42 BA 5B 19 42 00 00 8E 42
1787900434.054843,34680,109e,12,92 23 5F 42 2E 52 04 42 00 00 90 42
1787900434.061173,34680,109f,12,0D B3 56 42 E1 F6 E3 41 00 00 92 42
1787900434.062608,34680,10a0,12,02 1D 50 42 6E 27 C6 41 00 00 94 42
1787900434.063935,34680,10a1,12,42 71 4B 42 A2 61 B0 41 00 00 96 42
1787900434.065257,34680,10a2,12,56 BC 48 42 59 86 A3 41 00 00 98 42
1787900434.066693,34680,10a3,12,2B 05 48 42 CE 18 A0 41 00 00 9A 42
1787900434.067970,34680,10a4,12,96 4D 49 42 FC 3B A6 41 00 00 9C 42
1787900434.069306,34680,10a5,12,F8 91 4C 42 B1 AF B5 41 00 00 9E 42
1787900434.070709,34680,10a6,12,7B CA 51 42 9C D8 CD 41 00 00 A0 42
1787900434.071994,34680,10a7,12,94 E9 58 42 48 BF ED 41 00 00 A2 42
1787900434.073313,34680,10a8,12,0C DD 61 42 0D 0F 0A 42 00 00 A4 42
1787900434.074651,34680,10a9,12,FD 8D 6C 42 B4 B6 1F 42 00 00 A6 42
1787900434.075927,34680,10aa,12,07 E0 78 42 B4 F7 36 42 00 00 A8 42
1787900434.077402,34680,10ab,12,C9 5A 83 42 54 E8 4E 42 00 00 AA 42
1787900434.078711,34680,10ac,12,2A F5 8A 42 71 92 66 42 00 00 AC 42
1787900434.080084,34680,10ad,12,B4 2B 93 42 81 04 7D 42 00 00 AE 42
1787900434.081491,34680,10ae,12,63 E9 9B 42 B4 AC 88 42 00 00 B0 42
1787900434.082912,34680,10af,12,20 17 A5 42 33 60 91 42 00 00 B2 42
1787900434.085095,34680,10b0,12,DE 9E AE 42 48 45 98 42 00 00 B4 42
1787900434.086500,34680,10b1,12,8A 67 B8 42 D3 14 9D 42 00 00 B6 42
1787900434.087800,34680,10b2,12,1A 58 C2 42 BB 9D 9F 42 00 00 B8 42
1787900434.089255,34680,10b3,12,23 57 CC 42 20 C6 9F 42 00 00 BA 42
1787900434.090556,34680,10b4,12,4B 4A D6 42 AA 8C 9D 42 00 00 BC 42
1787900434.092453,34680,10b5,12,AD 19 E0 42 B6 07 99 42 00 00 BE 42
1787900434.093823,34680,10b6,12,67 AB E9 42 77 65 92 42 00 00 C0 42
1787900434.095246,34680,10b7,12,00 E7 F2 42 A5 E9 89 42 00 00 C2 42
1787900434.096725,34680,10b8,12,D8 B4 FB 42 B0 D5 7F 42 00 00 C4 42
1787900434.098069,34680,10b9,12,E5 FE 01 43 FA 9F 69 42 00 00 C6 42
1787900434.105006,34680,10ba,12,F7 D6 05 43 63 11 52 42 00 00 C8 42
1787900434.106486,34680,10bb,12,78 58 09 43 09 1C 3A 42 00 00 CA 42
1787900434.107747,34680,10bc,12,70 7A 0C 43 77 B4 22 42 00 00 CC 42
1787900434.109106,34680,10bd,12,DA 34 0F 43 92 C9 0C 42 00 00 CE 42
1787900434.110487,34680,10be,12,94 80 11 43 F9 78 F2 41 00 00 D0 42
1787900434.111792,34680,10bf,12,19 58 13 43 71 A3 D1 41 00 00 D2 42
1787900434.113483,34680,10c0,12,80 B6 14 43 F6 64 B8 41 00 00 D4 42
1787900434.114894,34680,10c1,12,4A 98 15 43 34 BF A7 41 00 00 D6 42
1787900434.116354,34680,10c2,12,34 FB 15 43 16 5C A0 41 00 00 D8 42
1787900434.117666,34680,10c3,12,49 DE 15 43 7A 86 A2 41 00 00 DA 42
1787900434.119151,34680,10c4,12,CE 41 15 43 99 28 AE 41 00 00 DC 42
1787900434.120481,34680,10c5,12,52 27 14 43 EB CB C2 41 00 00 DE 42
1787900434.121946,34680,10c6,12,A5 91 12 43 C8 9D DF 41 00 00 E0 42
1787900434.123389,34680,10c7,12,D7 84 10 43 02 BC 01 42 00 00 E2 42
1787900434.124844,34680,10c8,12,5C 06 0E 43 A2 74 16 42 00 00 E4 42
1787900434.126143,34680,10c9,12,32 1C 0B 43 7C 28 2D 42 00 00 E6 42
1787900434.127753,34680,10ca,12,FA CD 07 43 50 EE 44 42 00 00 E8 42
1787900434.129220,34680,10cb,12,2B 24 04 43 78 D3 5C 42 00 00 EA 42
1787900434.130684,34680,10cc,12,22 28 00 43 0D E4 73 42 00 00 EC 42
1787900434.131951,34680,10cd,12,D4 C8 F7 42 88 99 84 42 00 00 EE 42
1787900434.133396,34680,10ce,12,80 C6 EE 42 28 F5 8D 42 00 00 A0 41
1787900434.134739,34680,10cf,12,FA 60 E5 42 83 A4 95 42 00 00 A8 41
1787900434.136050,34680,10d0,12,4C B0 DB 42 29 59 9B 42 00 00 B0 41
1787900434.137461,34680,10d1,12,40 CD D1 42 DC D8 9E 42 00 00 B8 41
1787900434.138914,34680,10d2,12,E9 D1 C7 42 E6 FF 9F 42 00 00 C0 41
1787900434.140341,34680,10d3,12,41 D6 BD 42 B3 C2 9E 42 00 00 C8 41
1787900434.141679,34680,10d4,12,99 F4 B3 42 B8 2D 9B 42 00 00 D0 41
1787900434.143161,34680,10d5,12,38 46 AA 42 86 65 95 42 00 00 D8 41
1787900434.144541,34680,10d6,12,E2 E3 A0 42 22 A5 8D 42 00 00 E0 41
1787900434.145902,34680,10d7,12,48 E6 97 42 74 3C 84 42 00 00 E8 41
1787900434.147351,34680,10d8,12,02 63 8F 42 1D 14 73 42 00 00 F0 41
1787900434.148678,34680,10d9,12,90 70 87 42 9D F7 5B 42 00 00 F8 41
1787900434.150035,34680,10da,12,47 23 80 42 4E 0F 44 42 00 00 00 42
1787900434.151323,34680,10db,12,A7 1B 73 42 37 4F 2C 42 00 00 04 42
1787900434.152769,34680,10dc,12,F4 82 67 42 79 AB 15 42 00 00 08 42
1787900434.154098,34680,10dd,12,4E 98 5D 42 A1 07 01 42 00 00 0C 42
1787900434.155539,34680,10de,12,0C 76 55 42 62 70 DE 41 00 00 10 42
1787900434.156924,34680,10df,12,FF 30 4F 42 E6 E5 C1 41 00 00 14 42
1787900434.158362,34680,10e0,12,2E D9 4A 42 22 93 AD 41 00 00 18 42
1787900434.159740,34680,10e1,12,D2 79 48 42 09 48 A2 41 00 00 1C 42
1787900434.161068,34680,10e2,12,9E 18 48 42 21 76 A0 41 00 00 20 42
1787900434.167948,34680,10e3,12,CE B6 49 42 39 31 A8 41 00 00 24 42
1787900434.170290,34680,10e4,12,3D 50 4D 42 6B 2A B9 41 00 00 28 42
1787900434.171734,34680,10e5,12,B9 DB 52 42 77 B4 D2 41 00 00 2C 42
1787900434.173047,34680,10e6,12,68 4A 5A 42 D2 C7 F3 41 00 00 30 42
1787900434.174482,34680,10e7,12,72 8A 63 42 05 8C 0D 42 00 00 34 42
1787900434.177585,34680,10e8,12,AB 83 6E 42 C5 88 23 42 00 00 38 42
1787900434.179025,34680,10e9,12,FF 19 7B 42 BB F9 3A 42 00 00 3C 42
1787900434.180316,34680,10ea,12,9E 96 84 42 A2 EF 52 42 00 00 40 42
1787900434.181633,34680,10eb,12,10 4C 8C 42 1E 74 6A 42 00 00 44 42
1787900434.183149,34680,10ec,12,D0 9A 94 42 65 4D 80 42 00 00 48 42
1787900434.184615,34680,10ed,12,0B 6D 9D 42 D9 3F 8A 42 00 00 4C 42
1787900434.186050,34680,10ee,12,30 AC A6 42 E2 AB 92 42 00 00 50 42
1787900434.187475,34680,10ef,12,96 40 B0 42 88 3B 99 42 00 00 54 42
1787900434.188799,34680,10f0,12,F6 10 BA 42 93 AB 9D 42 00 00 58 42
1787900434.190358,34680,10f1,12,BE 05 C4 42 66 CF 9F 42 00 00 5C 42
1787900434.191798,34680,10f2,12,B3 04 CE 42 BB 90 9F 42 00 00 60 42
1787900434.193140,34680,10f3,12,42 F4 D7 42 12 F2 9C 42 00 00 64 42
1787900434.194581,34680,10f4,12,01 BB E1 42 28 0E 98 42 00 00 68 42
1787900434.195863,34680,10f5,12,32 3F EB 42 87 17 91 42 00 00 6C 42
1787900434.198320,34680,10f6,12,FA 69 F4 42 2C 54 88 42 00 00 70 42
1787900434.199750,34680,10f7,12,23 23 FD 42 00 3C 7C 42 00 00 74 42
1787900434.201214,34680,10f8,12,2E AA 02 43 7F BA 65 42 00 00 78 42
1787900434.202645,34680,10f9,12,59 74 06 43 8D 09 4E 42 00 00 7C 42
1787900434.204587,34680,10fa,12,1E E6 09 43 D5 1C 36 42 00 00 80 42
1787900434.205995,34680,10fb,12,39 F7 0C 43 D2 E4 1E 42 00 00 82 42
1787900434.207391,34680,10fc,12,87 9F 0F 43 63 50 09 42 00 00 84 42
1787900434.208669,34680,10fd,12,3C D8 11 43 99 77 EC 41 00 00 86 42
1787900434.210009,34680,10fe,12,AA 9B 13 43 9F D3 CC 41 00 00 88 42
1787900434.211633,34680,10ff,12,39 E5 14 43 59 F9 B4 41 00 00 8A 42
1787900434.213068,34680,1100,12,D1 B1 15 43 85 D8 A5 41 00 00 8C 42
1787900434.214504,34680,1101,12,49 FF 15 43 BE 0D A0 41 00 00 8E 42
1787900434.215768,34680,1102,12,D9 CC 15 43 23 D4 A3 41 00 00 90 42
1787900434.217097,34680,1103,12,04 1B 15 43 2B 05 B1 41 00 00 92 42
1787900434.218840,34680,1104,12,AC EB 13 43 22 18 C7 41 00 00 94 42
1787900434.220256,34680,1105,12,AB 41 12 43 2A 2F E5 41 00 00 96 42
1787900434.221703,34680,1106,12,55 21 10 43 DE 0A 05 42 00 00 98 42
1787900434.223138,34680,1107,12,1A 90 0D 43 99 29 1A 42 00 00 9A 42
1787900434.224581,34680,1108,12,8B 94 0A 43 34 1C 31 42 00 00 9C 42
1787900434.225981,34680,1109,12,92 36 07 43 92 F6 48 42 00 00 9E 42
1787900434.227351,34680,110a,12,44 7E 03 43 F2 C8 60 42 00 00 A0 42
1787900434.228794,34680,110b,12,CC EA FE 42 57 9E 77 42 00 00 A2 42
1787900434.230212,34680,110c,12,92 4C F6 42 D8 46 86 42 00 00 A4 42
1787900434.231523,34680,110d,12,E6 37 ED 42 A6 60 8F 42 00 00 A6 42
1787900434.233682,34680,110e,12,C6 C4 E3 42 30 BF 96 42 00 00 A8 42
1787900434.235156,34680,110f,12,E2 09 DA 42 66 18 9C 42 00 00 AA 42
1787900434.236599,34680,1110,12,D8 20 D0 42 09 35 9F 42 00 00 AC 42
1787900434.237975,34680,1111,12,03 23 C6 42 56 F5 9F 42 00 00 AE 42
1787900434.239814,34680,1112,12,F3 29 BC 42 A2 51 9E 42 00 00 B0 42
1787900434.241273,34680,1113,12,ED 4F B2 42 0E 5B 9A 42 00 00 B2 42
1787900434.242589,34680,1114,12,9C AC A8 42 71 39 94 42 00 00 B4 42
1787900434.243865,34680,1115,12,6E 59 9F 42 98 2B 8C 42 00 00 B6 42
1787900434.245162,34680,1116,12,3E 6E 96 42 B8 83 82 42 00 00 B8 42
1787900434.246475,34680,1117,12,DC 01 8E 42 C4 48 6F 42 00 00 BA 42
1787900434.248127,34680,1118,12,6C 2A 86 42 F7 FA 57 42 00 00 BC 42
1787900434.249614,34680,1119,12,88 F5 7D 42 48 08 40 42 00 00 BE 42
1787900434.250932,34680,111a,12,D1 0B 71 42 EC 66 28 42 00 00 C0 42
1787900434.252263,34680,111b,12,BB B8 65 42 18 08 12 42 00 00 C2 42
1787900434.253712,34680,111c,12,40 19 5C 42 3F A0 FB 41 00 00 C4 42
1787900434.255093,34680,111d,12,87 46 54 42 38 1D D9 41 00 00 C6 42
1787900434.256554,34680,111e,12,5B 53 4E 42 FB E1 BD 41 00 00 C8 42
1787900434.258007,34680,111f,12,A3 4F 4A 42 72 07 AB 41 00 00 CA 42
1787900434.259294,34680,1120,12,A4 45 48 42 0D 4E A1 41 00 00 CC 42
1787900434.260732,34680,1121,12,96 3A 48 42 0D 19 A1 41 00 00 CE 42
1787900434.262168,34680,1122,12,5A 2E 4A 42 79 69 AA 41 00 00 D0 42
1787900434.263471,34680,1123,12,40 1C 4E 42 B2 E1 BC 41 00 00 D2 42
1787900434.264895,34680,1124,12,26 FA 53 42 D5 C4 D7 41 00 00 D4 42
1787900434.266207,34680,1125,12,0C B9 5B 42 71 00 FA 41 00 00 D6 42
1787900434.270469,34680,1126,12,20 45 65 42 8E 1B 11 42 00 00 D8 42
1787900434.271836,34680,1127,12,05 85 70 42 62 65 27 42 00 00 DA 42
1787900434.273147,34680,1128,12,B5 5D 7D 42 AB FD 3E 42 00 00 DC 42
1787900434.275243,34680,1129,12,C1 D6 85 42 E9 F1 56 42 00 00 DE 42
1787900434.276597,34680,112a,12,E8 A7 8D 42 9B 4D 6E 42 00 00 E0 42
1787900434.278114,34680,112b,12,51 0E 96 42 2B 11 82 42 00 00 E2 42
1787900434.279856,34680,112c,12,C7 F3 9E 42 EF C7 8B 42 00 00 E4 42
1787900434.281203,34680,112d,12,EC 42 A8 42 76 E9 93 42 00 00 E6 42
1787900434.282666,34680,112e,12,43 E3 B1 42 F0 21 9A 42 00 00 E8 42
1787900434.284010,34680,112f,12,2B BC BB 42 E1 31 9E 42 00 00 EA 42
1787900434.285364,34680,1130,12,73 B4 C5 42 D2 EF 9F 42 00 00 EC 42
1787900434.286661,34680,1131,12,D3 B1 CF 42 1E 4A 9F 42 00 00 EE 42
1787900434.287957,34680,1132,12,4C 9C D9 42 47 47 9C 42 00 00 A0 41
1787900434.290280,34680,1133,12,B7 59 E3 42 00 06 97 42 00 00 A8 41
1787900434.291705,34680,1134,12,2B D1 EC 42 EA BB 8F 42 00 00 B0 41
1787900434.293216,34680,1135,12,70 EA F5 42 6E B3 86 42 00 00 B8 41
1787900434.294542,34680,1136,12,97 8D FE 42 37 93 78 42 00 00 C0 41
1787900434.295850,34680,1137,12,F1 52 03 43 3A CE 61 42 00 00 C8 41
1787900434.297911,34680,1138,12,F4 0E 07 43 D5 01 4A 42 00 00 D0 41
1787900434.302880,34680,1139,12,48 71 0A 43 F4 20 32 42 00 00 D8 41
1787900434.305434,34680,113a,12,44 71 0D 43 52 1F 1B 42 00 00 E0 41
1787900434.306725,34680,113b,12,0C 07 10 43 52 E9 05 42 00 00 E8 41
1787900434.309042,34680,113c,12,6A 2C 12 43 53 A8 E6 41 00 00 F0 41
1787900434.313269,34680,113d,12,AA DB 13 43 82 3E C8 41 00 00 F8 41
1787900434.314412,34680,113e,12,7C 10 15 43 A1 CB B1 41 00 00 00 42
1787900434.315756,34680,113f,12,CB C7 15 43 D4 34 A4 41 00 00 04 42
1787900434.318472,34680,1140,12,C0 FF 15 43 C4 04 A0 41 00 00 08 42
1787900434.319781,34680,1141,12,D8 B7 15 43 87 65 A5 41 00 00 0C 42
1787900434.321267,34680,1142,12,BE F0 14 43 EC 20 B4 41 00 00 10 42
1787900434.322697,34680,1143,12,73 AC 13 43 94 A0 CB 41 00 00 14 42
1787900434.324093,34680,1144,12,32 EE 11 43 A4 F4 EA 41 00 00 18 42
1787900434.325634,34680,1145,12,A2 BA 0F 43 14 6D 08 42 00 00 1C 42
1787900434.326962,34680,1146,12,0C 17 0D 43 1C EA 1D 42 00 00 20 42
1787900434.328800,34680,1147,12,5A 0A 0A 43 B6 14 35 42 00 00 24 42
1787900434.330226,34680,1148,12,56 9C 06 43 6C 00 4D 42 00 00 28 42
1787900434.331649,34680,1149,12,C8 D5 02 43 14 B9 64 42 00 00 2C 42
1787900434.333035,34680,114a,12,5A 81 FD 42 DD 4A 7B 42 00 00 30 42
1787900434.334332,34680,114b,12,A6 CD F4 42 76 E9 87 42 00 00 34 42
1787900434.335625,34680,114c,12,55 A7 EB 42 EE BE 90 42 00 00 38 42
1787900434.337077,34680,114d,12,CF 25 E2 42 AC CB 97 42 00 00 3C 42
1787900434.338558,34680,114e,12,64 61 D8 42 BA C7 9C 42 00 00 40 42
1787900434.340049,34680,114f,12,DA 73 CE 42 19 80 9F 42 00 00 44 42
1787900434.341968,34680,1150,12,08 75 C4 42 71 D9 9F 42 00 00 48 42
1787900434.343212,34680,1151,12,47 7F BA 42 E5 CF 9D 42 00 00 4C 42
1787900434.344905,34680,1152,12,11 AC B0 42 40 78 99 42 00 00 50 42
1787900434.352174,34680,1153,12,88 14 A7 42 D5 FE 92 42 00 00 54 42
1787900434.353497,34680,1154,12,EB D1 9D 42 71 A6 8A 42 00 00 58 42
1787900434.354966,34680,1155,12,79 FA 94 42 F6 C2 80 42 00 00 5C 42
1787900434.356364,34680,1156,12,8C A5 8C 42 D0 73 6B 42 00 00 60 42
1787900434.357727,34680,1157,12,76 E8 84 42 D5 F7 53 42 00 00 64 42
1787900434.359012,34680,1158,12,04 AE 7B 42 B2 01 3C 42 00 00 68 42
1787900434.360379,34680,1159,12,77 07 6F 42 C4 87 24 42 00 00 6C 42
1787900434.363651,34680,115a,12,A9 FB 63 42 04 76 0E 42 00 00 70 42
1787900434.365152,34680,115b,12,E7 A7 5A 42 26 5F F5 41 00 00 74 42
1787900434.366664,34680,115c,12,0F 24 53 42 96 FC D3 41 00 00 78 42
1787900434.368008,34680,115d,12,59 83 4D 42 1A 19 BA 41 00 00 7C 42
1787900434.369475,34680,115e,12,61 D4 49 42 F3 BD A8 41 00 00 80 42
1787900434.373154,34680,115f,12,02 20 48 42 95 99 A0 41 00 00 82 42
1787900434.374896,34680,1160,12,F2 6A 48 42 CF 00 A2 41 00 00 84 42
1787900434.376310,34680,1161,12,74 B4 4A 42 4E E5 AC 41 00 00 86 42
1787900434.377663,34680,1162,12,AE F6 4E 42 E4 D7 C0 41 00 00 88 42
1787900434.379161,34680,1163,12,2B 26 55 42 75 0A DD 41 00 00 8A 42
1787900434.382608,34680,1164,12,10 34 5D 42 CA 30 00 42 00 00 8C 42
1787900434.383994,34680,1165,12,5A 0B 67 42 52 B9 14 42 00 00 8E 42
1787900434.385645,34680,1166,12,DC 92 72 42 3D 4D 2B 42 00 00 90 42
1787900434.387515,34680,1167,12,17 AD 7F 42 14 06 43 42 00 00 92 42
1787900434.389215,34680,1168,12,AC 1B 87 42 DD EF 5A 42 00 00 94 42
1787900434.390903,34680,1169,12,58 07 8F 42 3A 1A 72 42 00 00 96 42
1787900434.392533,34680,116a,12,C2 84 97 42 6C CB 83 42 00 00 98 42
1787900434.393885,34680,116b,12,32 7E A0 42 34 45 8D 42 00 00 9A 42
1787900434.395213,34680,116c,12,B3 DC A9 42 BA 19 95 42 00 00 9C 42
1787900434.396691,34680,116d,12,8A 87 B3 42 B2 F8 9A 42 00 00 9E 42
1787900434.398032,34680,116e,12,7D 67 BD 42 1B A7 9E 42 00 00 A0 42
1787900434.399477,34680,116f,12,8B 62 C7 42 D6 FE 9F 42 00 00 A2 42
1787900434.400930,34680,1170,12,2C 5F D1 42 30 F2 9E 42 00 00 A4 42
1787900434.402243,34680,1171,12,D4 43 DB 42 DD 8B 9B 42 00 00 A6 42
1787900434.403628,34680,1172,12,73 F6 E4 42 17 EF 95 42 00 00 A8 42
1787900434.405298,34680,1173,12,C0 5F EE 42 47 54 8E 42 00 00 AA 42
1787900434.406666,34680,1174,12,E1 66 F7 42 68 09 85 42 00 00 AC 42
1787900434.409310,34680,1175,12,C0 F4 FF 42 A6 DA 74 42 00 00 AE 42
1787900434.413553,34680,1176,12,BC F9 03 43 A6 D8 5D 42 00 00 B0 42
1787900434.415460,34680,1177,12,06 A7 07 43 8A F9 45 42 00 00 B2 42
1787900434.419490,34680,1178,12,68 F9 0A 43 41 2D 2E 42 00 00 B4 42
1787900434.423408,34680,1179,12,16 E8 0D 43 8D 68 17 42 00 00 B6 42
1787900434.424023,34680,117a,12,90 6B 10 43 D4 93 02 42 00 00 B8 42
1787900434.426862,34680,117b,12,68 7D 12 43 6F 07 E1 41 00 00 BA 42
1787900434.428593,34680,117c,12,36 18 14 43 22 E3 C3 41 00 00 BC 42
1787900434.434277,34680,117d,12,20 38 15 43 AE DF AE 41 00 00 BE 42
1787900434.435959,34680,117e,12,20 DA 15 43 1F D6 A2 41 00 00 C0 42
1787900434.437802,34680,117f,12,99 FC 15 43 53 41 A0 41 00 00 C2 42
1787900434.442344,34680,1180,12,32 9F 15 43 A6 3B A7 41 00 00 C4 42
1787900434.443123,34680,1181,12,F0 C2 14 43 3C 7C B7 41 00 00 C6 42
1787900434.443665,34680,1182,12,E4 69 13 43 BD 5F D0 41 00 00 C8 42
1787900434.445307,34680,1183,12,8C 97 11 43 33 E7 F0 41 00 00 CA 42
1787900434.446810,34680,1184,12,94 50 0F 43 4B E3 0B 42 00 00 CC 42
1787900434.447811,34680,1185,12,CC 9A 0C 43 8F B8 21 42 00 00 CE 42
1787900434.449349,34680,1186,12,68 7D 09 43 AF 12 39 42 00 00 D0 42
1787900434.451880,34680,1187,12,E0 FF 05 43 F3 06 51 42 00 00 D2 42
1787900434.453151,34680,1188,12,5F 2B 02 43 13 9F 68 42 00 00 D4 42
1787900434.454603,34680,1189,12,60 13 FC 42 3A EA 7E 42 00 00 D6 42
1787900434.455776,34680,118a,12,CA 4A F3 42 6E 82 89 42 00 00 D8 42
1787900434.457124,34680,118b,12,30 14 EA 42 47 10 92 42 00 00 DA 42
1787900434.458488,34680,118c,12,B4 85 E0 42 AE C8 98 42 00 00 DC 42
1787900434.459782,34680,118d,12,7C B8 D6 42 4E 66 9D 42 00 00 DE 42
1787900434.460990,34680,118e,12,9C C5 CC 42 0C BA 9F 42 00 00 E0 42
1787900434.462273,34680,118f,12,87 C6 C2 42 26 AC 9F 42 00 00 E2 42
1787900434.463534,34680,1190,12,95 D5 B8 42 72 3D 9D 42 00 00 E4 42
1787900434.464813,34680,1191,12,A7 0A AF 42 63 86 98 42 00 00 E6 42
1787900434.466187,34680,1192,12,92 7F A5 42 32 B7 91 42 00 00 E8 42
1787900434.467535,34680,1193,12,C0 4C 9C 42 62 15 89 42 00 00 EA 42
1787900434.468804,34680,1194,12,BA 89 93 42 19 F2 7D 42 00 00 EC 42
1787900434.470160,34680,1195,12,87 4D 8B 42 9C 94 67 42 00 00 EE 42
1787900434.471502,34680,1196,12,F0 AB 83 42 19 F3 4F 42 00 00 A0 41
1787900434.472778,34680,1197,12,49 72 79 42 72 00 38 42 00 00 A8 41
1787900434.474149,34680,1198,12,D8 0D 6D 42 17 B1 20 42 00 00 B0 41
1787900434.475507,34680,1199,12,3F 4A 62 42 F5 F2 0A 42 00 00 B8 41
1787900434.476897,34680,119a,12,AA 43 59 42 C0 4A EF 41 00 00 C0 41
1787900434.478148,34680,119b,12,C7 0F 52 42 BB 14 CF 41 00 00 C8 41
1787900434.479636,34680,119c,12,CA C1 4C 42 DD 8F B6 41 00 00 D0 41
1787900434.480985,34680,119d,12,44 67 49 42 6B B6 A6 41 00 00 D8 41
1787900434.482355,34680,119e,12,C9 08 48 42 2D 2A A0 41 00 00 E0 41
1787900434.483728,34680,119f,12,BC A9 48 42 5C 2D A3 41 00 00 E8 41
1787900434.484969,34680,11a0,12,96 48 4B 42 B1 A1 AF 41 00 00 F0 41
1787900434.486190,34680,11a1,12,AD DE 4F 42 30 08 C5 41 00 00 F8 41
1787900434.489552,34680,11a2,12,45 60 56 42 68 86 E2 41 00 00 00 42
1787900434.489705,34680,11a3,12,B9 BC 5E 42 A8 77 03 42 00 00 04 42
1787900434.490010,34680,11a4,12,CA DD 68 42 E9 65 18 42 00 00 08 42
1787900434.491256,34680,11a5,12,23 AB 74 42 96 3B 2F 42 00 00 0C 42
1787900434.492766,34680,11a6,12,EC 02 81 42 10 0E 47 42 00 00 10 42
1787900434.494153,34680,11a7,12,E2 65 88 42 2F EA 5E 42 00 00 14 42
1787900434.495578,34680,11a8,12,8C 6B 90 42 6A DC 75 42 00 00 18 42
1787900434.496781,34680,11a9,12,B4 FE 98 42 7D 7C 85 42 00 00 1C 42
1787900434.498111,34680,11aa,12,C2 0A A2 42 D6 B5 8E 42 00 00 20 42
1787900434.499396,34680,11ab,12,EA 77 AB 42 3C 3B 96 42 00 00 24 42
1787900434.500694,34680,11ac,12,0F 2E B5 42 E9 BF 9B 42 00 00 28 42
1787900434.502009,34680,11ad,12,5A 14 BF 42 8B 0B 9F 42 00 00 2C 42
1787900434.503303,34680,11ae,12,AE 10 C9 42 84 FC 9F 42 00 00 30 42
1787900434.504525,34680,11af,12,10 0B D3 42 5C 89 9E 42 00 00 34 42
1787900434.505791,34680,11b0,12,32 E9 DC 42 B8 C0 9A 42 00 00 38 42
1787900434.507583,34680,11b1,12,D6 91 E6 42 34 C9 94 42 00 00 3C 42
1787900434.509000,34680,11b2,12,46 EC EF 42 B8 DF 8C 42 00 00 40 42
1787900434.510280,34680,11b3,12,E6 DF F8 42 D5 55 83 42 00 00 44 42
1787900434.511663,34680,11b4,12,9B AB 00 43 D4 16 71 42 00 00 48 42
1787900434.512854,34680,11b5,12,EA 9D 04 43 97 DE 59 42 00 00 4C 42
1787900434.515167,34680,11b6,12,CA 3C 08 43 F4 EF 41 42 00 00 50 42
1787900434.516553,34680,11b7,12,F5 7E 0B 43 33 3F 2A 42 00 00 54 42
1787900434.517902,34680,11b8,12,E2 5B 0E 43 D4 BF 13 42 00 00 58 42
1787900434.519292,34680,11b9,12,B0 CC 10 43 F2 A7 FE 41 00 00 5C 42
1787900434.520633,34680,11ba,12,E2 CA 12 43 C7 9B DB 41 00 00 60 42
1787900434.522019,34680,11bb,12,60 51 14 43 E6 C0 BF 41 00 00 64 42
1787900434.523384,34680,11bc,12,44 5C 15 43 9F 33 AC 41 00 00 68 42
1787900434.524608,34680,11bd,12,DB E8 15 43 F7 BB A1 41 00 00 6C 42
1787900434.525959,34680,11be,12,D5 F5 15 43 26 C3 A0 41 00 00 70 42
1787900434.527168,34680,11bf,12,00 83 15 43 43 54 A9 41 00 00 74 42
1787900434.528521,34680,11c0,12,82 91 14 43 DF 17 BB 41 00 00 78 42
1787900434.530197,34680,11c1,12,C6 23 13 43 A6 58 D5 41 00 00 7C 42
1787900434.531515,34680,11c2,12,9C 3D 11 43 BF 07 F7 41 00 00 80 42
1787900434.532844,34680,11c3,12,95 E3 0E 43 4A 69 0F 42 00 00 82 42
1787900434.534180,34680,11c4,12,D6 1B 0C 43 52 90 25 42 00 00 84 42
1787900434.535546,34680,11c5,12,7C ED 08 43 D8 16 3D 42 00 00 86 42
1787900434.536943,34680,11c6,12,AB 60 05 43 BC 0C 55 42 00 00 88 42
1787900434.538172,34680,11c7,12,C8 7E 01 43 A4 7B 6C 42 00 00 8A 42
1787900434.539504,34680,11c8,12,4C A2 FA 42 03 3C 81 42 00 00 8C 42
1787900434.540861,34680,11c9,12,7F C5 F1 42 CD 0F 8B 42 00 00 8E 42
1787900434.542785,34680,11ca,12,D8 7D E8 42 E2 54 93 42 00 00 90 42
1787900434.544121,34680,11cb,12,11 E3 DE 42 D8 B6 99 42 00 00 92 42
1787900434.545556,34680,11cc,12,84 0E D5 42 4B F4 9D 42 00 00 94 42
1787900434.546900,34680,11cd,12,CE 17 CB 42 9C E2 9F 42 00 00 96 42
1787900434.548221,34680,11ce,12,2E 19 C1 42 AC 6D 9F 42 00 00 98 42
1787900434.549569,34680,11cf,12,36 2C B7 42 24 9A 9C 42 00 00 9A 42
1787900434.551186,34680,11d0,12,4A 6A AD 42 DC 84 97 42 00 00 9C 42
1787900434.552666,34680,11d1,12,1B ED A3 42 58 62 90 42 00 00 9E 42
1787900434.553994,34680,11d2,12,74 CB 9A 42 51 7A 87 42 00 00 A0 42
1787900434.555279,34680,11d3,12,71 1D 92 42 53 50 7A 42 00 00 A2 42
1787900434.556728,34680,11d4,12,47 F9 89 42 74 AA 63 42 00 00 A4 42
1787900434.558201,34680,11d5,12,CA 73 82 42 31 EA 4B 42 00 00 A6 42
1787900434.559661,34680,11d6,12,71 41 77 42 D2 03 34 42 00 00 A8 42
1787900434.561110,34680,11d7,12,ED 20 6B 42 91 E7 1C 42 00 00 AA 42
1787900434.562471,34680,11d8,12,2F A6 60 42 32 83 07 42 00 00 AC 42
1787900434.563789,34680,11d9,12,05 EC 57 42 1D 62 E9 41 00 00 AE 42
1787900434.565229,34680,11da,12,C2 08 51 42 84 62 CA 41 00 00 B0 42
1787900434.566583,34680,11db,12,56 0E 4C 42 7B 45 B3 41 00 00 B2 42
1787900434.567849,34680,11dc,12,B6 08 49 42 55 F3 A4 41 00 00 B4 42
1787900434.569201,34680,11dd,12,14 00 48 42 5E 00 A0 41 00 00 B6 42
1787900434.570562,34680,11de,12,14 F7 48 42 1A 9F A4 41 00 00 B8 42
1787900434.572673,34680,11df,12,3E EB 4B 42 63 A0 B2 41 00 00 BA 42
1787900434.574116,34680,11e0,12,90 D4 50 42 27 73 C9 41 00 00 BC 42
1787900434.575492,34680,11e1,12,3C A7 57 42 01 32 E8 41 00 00 BE 42
1787900434.576957,34680,11e2,12,7F 51 60 42 D4 D0 06 42 00 00 C0 42
1787900434.578256,34680,11e3,12,2F BD 6A 42 01 22 1C 42 00 00 C2 42
1787900434.579849,34680,11e4,12,A4 CF 76 42 F0 32 33 42 00 00 C4 42
1787900434.581274,34680,11e5,12,6E 34 82 42 51 16 4B 42 00 00 C6 42
1787900434.582654,34680,11e6,12,18 B4 89 42 08 DC 62 42 00 00 C8 42
1787900434.584567,34680,11e7,12,1F D3 91 42 96 8F 79 42 00 00 CA 42
1787900434.585820,34680,11e8,12,BE 7C 9A 42 A2 24 87 42 00 00 CC 42
1787900434.587289,34680,11e9,12,CA 9A A3 42 C2 1A 90 42 00 00 CE 42
1787900434.588729,34680,11ea,12,30 15 AD 42 38 4E 97 42 00 00 D0 42
1787900434.590162,34680,11eb,12,2D D5 B6 42 A2 76 9C 42 00 00 D2 42
1787900434.591689,34680,11ec,12,15 C1 C0 42 B7 5E 9F 42 00 00 D4 42
1787900434.593030,34680,11ed,12,86 BF CA 42 CD E8 9F 42 00 00 D6 42
1787900434.594477,34680,11ee,12,EF B6 D4 42 61 0F 9E 42 00 00 D8 42
1787900434.595809,34680,11ef,12,0E 8D DE 42 BE E5 99 42 00 00 DA 42
1787900434.597111,34680,11f0,12,44 2A E8 42 BB 95 93 42 00 00 DC 42
1787900434.598743,34680,11f1,12,30 75 F1 42 03 60 8B 42 00 00 DE 42
1787900434.600136,34680,11f2,12,0E 56 FA 42 62 98 81 42 00 00 E0 42
1787900434.601537,34680,11f3,12,14 5B 01 43 5A 45 6D 42 00 00 E2 42
1787900434.602911,34680,11f4,12,BD 3F 05 43 5D DF 55 42 00 00 E4 42
1787900434.604249,34680,11f5,12,A9 CF 08 43 FF E9 3D 42 00 00 E6 42
1787900434.606341,34680,11f6,12,68 01 0C 43 94 5B 26 42 00 00 E8 42
1787900434.607681,34680,11f7,12,D1 CC 0E 43 8E 24 10 42 00 00 EA 42
1787900434.609133,34680,11f8,12,BC 2A 11 43 57 4F F8 41 00 00 EC 42
1787900434.610573,34680,11f9,12,FB 14 13 43 46 64 D6 41 00 00 EE 42
1787900434.611885,34680,11fa,12,F2 86 14 43 D6 DC BB 41 00 00 A0 41
1787900434.613553,34680,11fb,12,C5 7C 15 43 B7 CA A9 41 00 00 A8 41
1787900434.614869,34680,11fc,12,FF F3 15 43 5D E6 A0 41 00 00 B0 41
1787900434.616310,34680,11fd,12,6F EB 15 43 8C 8A A1 41 00 00 B8 41
1787900434.617614,34680,11fe,12,3B 63 15 43 8F AF AB 41 00 00 C0 41
1787900434.618964,34680,11ff,12,A9 5C 14 43 6F EF BE 41 00 00 C8 41
1787900434.621526,34680,1200,12,60 DA 12 43 43 85 DA 41 00 00 D0 41
1787900434.622993,34680,1201,12,3A E0 10 43 7B 57 FD 41 00 00 D8 41
1787900434.624426,34680,1202,12,48 73 0E 43 55 01 13 42 00 00 E0 41
1787900434.625715,34680,1203,12,FA 99 0B 43 09 72 29 42 00 00 E8 41
1787900434.627194,34680,1204,12,29 5B 08 43 4C 1C 41 42 00 00 F0 41
1787900434.628613,34680,1205,12,56 BF 04 43 E1 0C 59 42 00 00 F8 41
1787900434.630056,34680,1206,12,BD CF 00 43 6D 4F 70 42 00 00 00 42
1787900434.631533,34680,1207,12,E0 2C F9 42 43 FB 82 42 00 00 04 42
1787900434.632957,34680,1208,12,30 3D F0 42 E2 91 8C 42 00 00 08 42
1787900434.634318,34680,1209,12,E2 E5 E6 42 36 8B 94 42 00 00 0C 42
1787900434.635750,34680,120a,12,88 3F DD 42 0A 95 9A 42 00 00 10 42
1787900434.637219,34680,120b,12,D4 62 D3 42 BE 71 9E 42 00 00 14 42
1787900434.638520,34680,120c,12,FE 68 C9 42 E4 F9 9F 42 00 00 18 42
1787900434.639839,34680,120d,12,55 6C BF 42 04 1E 9F 42 00 00 1C 42
1787900434.641288,34680,120e,12,D4 84 B5 42 C0 E6 9B 42 00 00 20 42
1787900434.642705,34680,120f,12,9B CC AB 42 E4 74 96 42 00 00 24 42
1787900434.643980,34680,1210,12,86 5C A2 42 03 00 8F 42 00 00 28 42
1787900434.645445,34680,1211,12,BA 4C 99 42 3A D4 85 42 00 00 2C 42
1787900434.646744,34680,1212,12,0D B5 90 42 02 A0 76 42 00 00 30 42
1787900434.648448,34680,1213,12,22 AA 88 42 1C BA 5F 42 00 00 34 42
1787900434.649905,34680,1214,12,3D 41 81 42 07 E2 47 42 00 00 38 42
1787900434.651241,34680,1215,12,A5 1A 75 42 23 0B 30 42 00 00 3C 42
1787900434.652667,34680,1216,12,0F 3F 69 42 C6 28 19 42 00 00 40 42
1787900434.654018,34680,1217,12,CB 0E 5F 42 12 26 04 42 00 00 44 42
1787900434.661439,34680,1218,12,50 A2 56 42 6B AC E3 41 00 00 48 42
1787900434.662727,34680,1219,12,08 10 50 42 A9 EB C5 41 00 00 4C 42
1787900434.664030,34680,121a,12,C3 68 4B 42 8E 39 B0 41 00 00 50 42
1787900434.665484,34680,121b,12,68 B8 48 42 8E 73 A3 41 00 00 54 42
1787900434.666892,34680,121c,12,D2 05 48 42 EE 1B A0 41 00 00 58 42
1787900434.668336,34680,121d,12,AE 52 49 42 47 54 A6 41 00 00 5C 42
1787900434.669696,34680,121e,12,CA 9B 4C 42 BD DD B5 41 00 00 60 42
1787900434.671134,34680,121f,12,BF D8 51 42 BA 19 CE 41 00 00 64 42
1787900434.672429,34680,1220,12,26 FC 58 42 E0 10 EE 41 00 00 68 42
1787900434.673871,34680,1221,12,F7 F2 61 42 D9 3C 0A 42 00 00 6C 42
1787900434.675315,34680,1222,12,AC A7 6C 42 0F E9 1F 42 00 00 70 42
1787900434.676632,34680,1223,12,3C FE 78 42 78 2E 37 42 00 00 74 42
1787900434.677999,34680,1224,12,8E 6B 83 42 8D 1F 4F 42 00 00 78 42
1787900434.679433,34680,1225,12,6E 07 8B 42 EC C7 66 42 00 00 7C 42
1787900434.680868,34680,1226,12,9E 3E 93 42 6E 34 7D 42 00 00 80 42
1787900434.682237,34680,1227,12,61 FD 9B 42 D7 C1 88 42 00 00 82 42
1787900434.683697,34680,1228,12,BA 2C A5 42 47 72 91 42 00 00 84 42
1787900434.685055,34680,1229,12,2A B5 AE 42 D6 52 98 42 00 00 86 42
1787900434.686521,34680,122a,12,4E 7E B8 42 52 1D 9D 42 00 00 88 42
1787900434.687797,34680,122b,12,56 6E C2 42 BA A0 9F 42 00 00 8A 42
1787900434.689143,34680,122c,12,62 6D CC 42 CA C3 9F 42 00 00 8C 42
1787900434.694446,34680,122d,12,1B 61 D6 42 D2 84 9D 42 00 00 8E 42
1787900434.695880,34680,122e,12,0B 30 E0 42 BF FA 98 42 00 00 90 42
1787900434.698595,34680,122f,12,1A C1 E9 42 E8 53 92 42 00 00 92 42
1787900434.699920,34680,1230,12,1C FB F2 42 EB D4 89 42 00 00 94 42
1787900434.701266,34680,1231,12,E6 C7 FB 42 5C A6 7F 42 00 00 96 42
1787900434.702663,34680,1232,12,1C 08 02 43 DC 6A 69 42 00 00 98 42
1787900434.704023,34680,1233,12,72 DF 05 43 43 DA 51 42 00 00 9A 42
1787900434.705488,34680,1234,12,21 60 09 43 18 E5 39 42 00 00 9C 42
1787900434.706945,34680,1235,12,F8 80 0C 43 AF 81 22 42 00 00 9E 42
1787900434.708386,34680,1236,12,74 3A 0F 43 1C 9B 0C 42 00 00 A0 42
1787900434.709704,34680,1237,12,5A 85 11 43 91 25 F2 41 00 00 A2 42
1787900434.712155,34680,1238,12,CC 5B 13 43 25 60 D1 41 00 00 A4 42
1787900434.713635,34680,1239,12,18 B9 14 43 74 34 B8 41 00 00 A6 42
1787900434.715010,34680,123a,12,B2 99 15 43 5C A4 A7 41 00 00 A8 42
1787900434.716345,34680,123b,12,81 FB 15 43 55 56 A0 41 00 00 AA 42
1787900434.717740,34680,123c,12,72 DD 15 43 95 96 A2 41 00 00 AC 42
1787900434.719125,34680,123d,12,D2 3F 15 43 21 4E AE 41 00 00 AE 42
1787900434.720510,34680,123e,12,36 24 14 43 61 05 C3 41 00 00 B0 42
1787900434.721942,34680,123f,12,96 8D 12 43 55 E6 DF 41 00 00 B2 42
1787900434.723277,34680,1240,12,C4 7F 10 43 5C E7 01 42 00 00 B4 42
1787900434.724594,34680,1241,12,1C 00 0E 43 09 A7 16 42 00 00 B6 42
1787900434.727460,34680,1242,12,03 15 0B 43 69 5E 2D 42 00 00 B8 42
1787900434.728855,34680,1243,12,EE C5 07 43 9D 25 45 42 00 00 BA 42
1787900434.730346,34680,1244,12,A3 1B 04 43 18 08 5D 42 00 00 BC 42
1787900434.731695,34680,1245,12,EE 1E 00 43 C6 15 74 42 00 00 BE 42
1787900434.733045,34680,1246,12,93 B4 F7 42 BC B0 84 42 00 00 C0 42
1787900434.734424,34680,1247,12,40 B1 EE 42 E9 08 8E 42 00 00 C2 42
1787900434.736553,34680,1248,12,F1 4A E5 42 07 B4 95 42 00 00 C4 42
1787900434.737965,34680,1249,12,76 9A DB 42 74 63 9B 42 00 00 C6 42
1787900434.740895,34680,124a,12,17 B7 D1 42 0D DE 9E 42 00 00 C8 42
1787900434.742211,34680,124b,12,DD BA C7 42 C6 FF 9F 42 00 00 CA 42
1787900434.743930,34680,124c,12,53 BF BD 42 15 BD 9E 42 00 00 CC 42
1787900434.745361,34680,124d,12,04 DE B3 42 D6 22 9B 42 00 00 CE 42
1787900434.746817,34680,124e,12,F5 30 AA 42 56 56 95 42 00 00 D0 42
1787900434.748170,34680,124f,12,64 CF A0 42 E1 91 8D 42 00 00 D2 42
1787900434.749636,34680,1250,12,14 D2 97 42 1C 25 84 42 00 00 D4 42
1787900434.751113,34680,1251,12,04 50 8F 42 76 E0 72 42 00 00 D6 42
1787900434.752434,34680,1252,12,F8 5E 87 42 0F C1 5B 42 00 00 D8 42
1787900434.754052,34680,1253,12,CC 13 80 42 E5 D9 43 42 00 00 DA 42
1787900434.755484,34680,1254,12,0C 00 73 42 3A 1B 2C 42 00 00 DC 42
1787900434.756868,34680,1255,12,22 6A 67 42 46 79 15 42 00 00 DE 42
1787900434.758294,34680,1256,12,7C 83 5D 42 0E DB 00 42 00 00 E0 42
1787900434.759613,34680,1257,12,72 65 55 42 06 26 DE 41 00 00 E2 42
1787900434.761229,34680,1258,12,2E 25 4F 42 36 AF C1 41 00 00 E4 42
1787900434.762697,34680,1259,12,B5 D1 4A 42 C8 6F AD 41 00 00 E6 42
1787900434.763998,34680,125a,12,A9 76 48 42 EA 38 A2 41 00 00 E8 42
1787900434.765449,34680,125b,12,11 1A 48 42 15 7D A0 41 00 00 EA 42
1787900434.766914,34680,125c,12,D8 BC 49 42 FC 4D A8 41 00 00 EC 42
1787900434.768361,34680,125d,12,75 5A 4D 42 27 5A B9 41 00 00 EE 42
1787900434.769688,34680,125e,12,37 EA 52 42 3E F6 D2 41 00 00 A0 41
1787900434.771140,34680,125f,12,AF 5D 5A 42 E1 1B F4 41 00 00 A8 41
1787900434.772588,34680,1260,12,CF A1 63 42 5B BC 0D 42 00 00 B0 41
1787900434.773944,34680,1261,12,E1 9E 6E 42 7D BD 23 42 00 00 B8 41
1787900434.775270,34680,1262,12,BF 37 7B 42 DD 2E 3B 42 00 00 C0 41
1787900434.805428,34680,1263,12,12 A7 84 42 DA 24 53 42 00 00 C8 41
1787900434.824657,34680,1264,12,8F 5E 8C 42 17 A9 6A 42 00 00 D0 41
1787900434.832479,34680,1265,12,98 AE 94 42 C6 65 80 42 00 00 D8 41
1787900434.860094,34680,1266,12,E8 81 9D 42 24 55 8A 42 00 00 E0 41
1787900434.861026,34680,1267,12,2F C1 A6 42 A8 BC 92 42 00 00 E8 41
1787900434.865525,34680,1268,12,38 56 B0 42 D8 47 99 42 00 00 F0 41
1787900434.867732,34680,1269,12,CA 27 BA 42 2F B3 9D 42 00 00 F8 41
1787900434.869083,34680,126a,12,C6 1C C4 42 92 D1 9F 42 00 00 00 42
1787900434.870490,34680,126b,12,B4 1B CE 42 62 8D 9F 42 00 00 04 42
1787900434.871801,34680,126c,12,3D 0A D8 42 A2 E9 9C 42 00 00 08 42
1787900434.873199,34680,126d,12,85 D0 E1 42 DA 00 98 42 00 00 0C 42
1787900434.874551,34680,126e,12,C4 54 EB 42 43 05 91 42 00 00 10 42
1787900434.875836,34680,126f,12,9F 7E F4 42 25 3E 88 42 00 00 14 42
1787900434.877168,34680,1270,12,A8 36 FD 42 2E 0A 7C 42 00 00 18 42
1787900434.878556,34680,1271,12,F9 B2 02 43 B5 86 65 42 00 00 1C 42
1787900434.881718,34680,1272,12,6A 7C 06 43 2C D4 4D 42 00 00 20 42
1787900434.882938,34680,1273,12,A2 ED 09 43 24 E6 35 42 00 00 24 42
1787900434.886878,34680,1274,12,D3 FD 0C 43 DE B0 1E 42 00 00 28 42
1787900434.888241,34680,1275,12,27 A5 0F 43 3E 21 09 42 00 00 2C 42
1787900434.892215,34680,1276,12,AD DC 11 43 6D 29 EC 41 00 00 30 42
1787900434.894620,34680,1277,12,10 9F 13 43 7F 95 CC 41 00 00 34 42
1787900434.896653,34680,1278,12,A0 E7 14 43 35 CC B4 41 00 00 38 42
1787900434.898832,34680,1279,12,16 B3 15 43 5A C0 A5 41 00 00 3C 42
1787900434.899940,34680,127a,12,67 FF 15 43 81 0B A0 41 00 00 40 42
1787900434.901323,34680,127b,12,DA CB 15 43 3E E7 A3 41 00 00 44 42
1787900434.902743,34680,127c,12,EA 18 15 43 CA 2C B1 41 00 00 48 42
1787900434.904058,34680,127d,12,61 E8 13 43 BD 54 C7 41 00 00 4C 42
1787900434.905384,34680,127e,12,4A 3D 12 43 F3 7C E5 41 00 00 50 42
1787900434.906904,34680,127f,12,E8 1B 10 43 CD 38 05 42 00 00 54 42
1787900434.908217,34680,1280,12,E8 89 0D 43 02 5B 1A 42 00 00 58 42
1787900434.909902,34680,1281,12,75 8D 0A 43 AC 50 31 42 00 00 5C 42
1787900434.911438,34680,1282,12,62 2E 07 43 E3 2D 49 42 00 00 60 42
1787900434.913570,34680,1283,12,50 75 03 43 10 FF 60 42 00 00 64 42
1787900434.914587,34680,1284,12,87 D7 FE 42 19 D1 77 42 00 00 68 42
1787900434.915849,34680,1285,12,D4 38 F6 42 C2 5C 86 42 00 00 6C 42
1787900434.917256,34680,1286,12,3A 23 ED 42 17 73 8F 42 00 00 70 42
1787900434.918526,34680,1287,12,A0 AE E3 42 ED CD 96 42 00 00 74 42
1787900434.919780,34680,1288,12,35 F3 D9 42 31 22 9C 42 00 00 78 42
1787900434.921174,34680,1289,12,DF 09 D0 42 7E 39 9F 42 00 00 7C 42
1787900434.922524,34680,128a,12,C0 0C C6 42 51 F4 9F 42 00 00 80 42
1787900434.923781,34680,128b,12,D7 13 BC 42 54 4B 9E 42 00 00 82 42
1787900434.925178,34680,128c,12,6E 39 B2 42 52 4F 9A 42 00 00 84 42
1787900434.926534,34680,128d,12,B9 96 A8 42 F7 28 94 42 00 00 86 42
1787900434.927792,34680,128e,12,60 44 9F 42 08 17 8C 42 00 00 88 42
1787900434.929172,34680,128f,12,E8 5A 96 42 B3 6C 82 42 00 00 8A 42
1787900434.930537,34680,1290,12,BA EF 8D 42 40 16 6F 42 00 00 8C 42
1787900434.931801,34680,1291,12,14 19 86 42 22 C4 57 42 00 00 8E 42
1787900434.933225,34680,1292,12,0D D6 7D 42 17 D1 3F 42 00 00 90 42
1787900434.934489,34680,1293,12,DB EF 70 42 92 31 28 42 00 00 92 42
1787900434.935765,34680,1294,12,63 A1 65 42 61 D8 11 42 00 00 94 42
1787900434.937094,34680,1295,12,CF 05 5C 42 4B 4C FB 41 00 00 96 42
1787900434.938488,34680,1296,12,A5 36 54 42 A6 D5 D8 41 00 00 98 42
1787900434.939737,34680,1297,12,E0 47 4E 42 9A AC BD 41 00 00 9A 42
1787900434.941106,34680,1298,12,AB 48 4A 42 62 E6 AA 41 00 00 9C 42
1787900434.942382,34680,1299,12,56 43 48 42 03 43 A1 41 00 00 9E 42
1787900434.943625,34680,129a,12,BC 3C 48 42 5C 23 A1 41 00 00 A0 42
1787900434.944958,34680,129b,12,29 35 4A 42 CE 89 AA 41 00 00 A2 42
1787900434.946313,34680,129c,12,94 27 4E 42 67 16 BD 41 00 00 A4 42
1787900434.947653,34680,129d,12,E2 09 54 42 D1 0B D8 41 00 00 A6 42
1787900434.949008,34680,129e,12,5A CC 5B 42 F1 53 FA 41 00 00 A8 42
1787900434.950408,34680,129f,12,57 5C 65 42 1A 4B 11 42 00 00 AA 42
1787900434.951968,34680,12a0,12,DB A0 70 42 A2 9A 27 42 00 00 AC 42
1787900434.953362,34680,12a1,12,12 7D 7D 42 D5 34 3F 42 00 00 AE 42
1787900434.954661,34680,12a2,12,0C E8 85 42 CA 28 57 42 00 00 B0 42
1787900434.955892,34680,12a3,12,00 BA 8D 42 3D 80 6E 42 00 00 B2 42
1787900434.957204,34680,12a4,12,9D 21 96 42 48 28 82 42 00 00 B4 42
1787900434.958568,34680,12a5,12,CC 08 9F 42 9F DC 8B 42 00 00 B6 42
1787900434.959798,34680,12a6,12,C8 58 A8 42 17 FA 93 42 00 00 B8 42
1787900434.961179,34680,12a7,12,BE F9 B1 42 D9 2D 9A 42 00 00 BA 42
1787900434.962528,34680,12a8,12,45 D2 BB 42 5D 38 9E 42 00 00 BC 42
1787900434.963753,34680,12a9,12,B6 CA C5 42 06 F1 9F 42 00 00 BE 42
1787900434.965044,34680,12aa,12,CE C8 CF 42 D9 45 9F 42 00 00 C0 42
1787900434.966417,34680,12ab,12,FC B2 D9 42 AA 3D 9C 42 00 00 C2 42
1787900434.967776,34680,12ac,12,E2 6F E3 42 6D F7 96 42 00 00 C4 42
1787900434.968982,34680,12ad,12,DE E5 EC 42 9A A9 8F 42 00 00 C6 42
1787900434.970397,34680,12ae,12,37 FE F5 42 9E 9D 86 42 00 00 C8 42
1787900434.971701,34680,12af,12,E7 A0 FE 42 9D 60 78 42 00 00 CA 42
1787900434.973077,34680,12b0,12,EC 5B 03 43 31 98 61 42 00 00 CC 42
1787900434.974425,34680,12b1,12,2A 17 07 43 86 CA 49 42 00 00 CE 42
1787900434.975767,34680,12b2,12,65 78 0A 43 6A EC 31 42 00 00 D0 42
1787900434.977018,34680,12b3,12,7D 77 0D 43 C5 ED 1A 42 00 00 D2 42
1787900434.978265,34680,12b4,12,81 0C 10 43 2D BB 05 42 00 00 D4 42
1787900434.979681,34680,12b5,12,D5 30 12 43 FE 59 E6 41 00 00 D6 42
1787900434.980873,34680,12b6,12,00 DF 13 43 43 01 C8 41 00 00 D8 42
1787900434.982221,34680,12b7,12,A0 12 15 43 53 A3 B1 41 00 00 DA 42
1787900434.983548,34680,12b8,12,D4 C8 15 43 FF 20 A4 41 00 00 DC 42
1787900434.984785,34680,12b9,12,AD FF 15 43 3E 06 A0 41 00 00 DE 42
1787900434.986114,34680,12ba,12,9E B6 15 43 F4 7C A5 41 00 00 E0 42
1787900434.987385,34680,12bb,12,61 EE 14 43 5D 4D B4 41 00 00 E2 42
1787900434.988642,34680,12bc,12,16 A9 13 43 1B DE CB 41 00 00 E4 42
1787900434.989952,34680,12bd,12,CA E9 11 43 4E 42 EB 41 00 00 E6 42
1787900434.991200,34680,12be,12,0A B5 0F 43 06 9C 08 42 00 00 E8 42
1787900434.992503,34680,12bf,12,7A 10 0D 43 EE 1D 1E 42 00 00 EA 42
1787900434.993797,34680,12c0,12,DE 02 0A 43 58 4B 35 42 00 00 EC 42
1787900434.995186,34680,12c1,12,4C 94 06 43 D1 35 4D 42 00 00 EE 42
1787900434.996382,34680,12c2,12,04 CD 02 43 F5 EC 64 42 00 00 A0 41
1787900434.997756,34680,12c3,12,E0 6D FD 42 DA 7C 7B 42 00 00 A8 41
1787900434.998974,34680,12c4,12,0A B9 F4 42 9A FF 87 42 00 00 B0 41
1787900435.000420,34680,12c5,12,CC 91 EB 42 56 D1 90 42 00 00 B8 41
1787900435.001835,34680,12c6,12,50 10 E2 42 23 D9 97 42 00 00 C0 41
1787900435.003194,34680,12c7,12,6C 4B D8 42 57 D0 9C 42 00 00 C8 41
1787900435.004555,34680,12c8,12,D9 5C CE 42 A2 83 9F 42 00 00 D0 41
1787900435.005783,34680,12c9,12,FF 5D C4 42 75 D7 9F 42 00 00 D8 41
1787900435.007152,34680,12ca,12,71 68 BA 42 78 C8 9D 42 00 00 E0 41
1787900435.008567,34680,12cb,12,6A 96 B0 42 1B 6C 99 42 00 00 E8 41
1787900435.009850,34680,12cc,12,82 FF A6 42 34 EE 92 42 00 00 F0 41
1787900435.011181,34680,12cd,12,06 BD 9D 42 45 91 8A 42 00 00 F8 41
1787900435.012578,34680,12ce,12,A8 E6 94 42 AD AA 80 42 00 00 00 42
1787900435.013856,34680,12cf,12,01 93 8C 42 F2 3E 6B 42 00 00 04 42
1787900435.015201,34680,12d0,12,F4 D7 84 42 A7 C2 53 42 00 00 08 42
1787900435.016581,34680,12d1,12,27 90 7B 42 86 CC 3B 42 00 00 0C 42
1787900435.017910,34680,12d2,12,20 EC 6E 42 EF 52 24 42 00 00 10 42
1787900435.019135,34680,12d3,12,29 E4 63 42 7F 45 0E 42 00 00 14 42
1787900435.020504,34680,12d4,12,7B 94 5A 42 99 0A F5 41 00 00 18 42
1787900435.021735,34680,12d5,12,6C 15 53 42 39 BA D3 41 00 00 1C 42
1787900435.023235,34680,12d6,12,FC 78 4D 42 B6 E8 B9 41 00 00 20 42
1787900435.024446,34680,12d7,12,2E CE 49 42 74 A0 A8 41 00 00 24 42
1787900435.025810,34680,12d8,12,65 1E 48 42 DD 91 A0 41 00 00 28 42
1787900435.027048,34680,12d9,12,F2 6D 48 42 2C 0F A2 41 00 00 2C 42
1787900435.028265,34680,12da,12,C6 BB 4A 42 F5 07 AD 41 00 00 30 42
1787900435.029619,34680,12db,12,59 02 4F 42 F1 0D C1 41 00 00 34 42
1787900435.030976,34680,12dc,12,A0 36 55 42 40 54 DD 41 00 00 38 42
1787900435.032206,34680,12dd,12,BD 48 5D 42 24 5D 00 42 00 00 3C 42
1787900435.033553,34680,12de,12,09 24 67 42 5C EB 14 42 00 00 40 42
1787900435.034954,34680,12df,12,58 AE 72 42 24 81 2B 42 00 00 44 42
1787900435.036404,34680,12e0,12,F0 CB 7F 42 7A 3B 43 42 00 00 48 42
1787900435.037788,34680,12e1,12,37 2D 87 42 7B 26 5B 42 00 00 4C 42
1787900435.039035,34680,12e2,12,4A 1A 8F 42 03 4E 72 42 00 00 50 42
1787900435.040456,34680,12e3,12,EC 98 97 42 DE E2 83 42 00 00 54 42
1787900435.041697,34680,12e4,12,A8 92 A0 42 95 58 8D 42 00 00 58 42
1787900435.043816,34680,12e5,12,EF F1 A9 42 10 29 95 42 00 00 5C 42
1787900435.045251,34680,12e6,12,1A 9E B3 42 C2 03 9B 42 00 00 60 42
1787900435.046638,34680,12e7,12,68 7E BD 42 E9 AC 9E 42 00 00 64 42
1787900435.047857,34680,12e8,12,98 79 C7 42 27 FF 9F 42 00 00 68 42
1787900435.049301,34680,12e9,12,57 75 D1 42 2D ED 9E 42 00 00 6C 42
1787900435.050555,34680,12ea,12,AD 59 DB 42 BD 81 9B 42 00 00 70 42
1787900435.051811,34680,12eb,12,82 0C E5 42 BC DF 95 42 00 00 74 42
1787900435.053048,34680,12ec,12,08 75 EE 42 A9 40 8E 42 00 00 78 42
1787900435.054407,34680,12ed,12,2C 7B F7 42 4E F2 84 42 00 00 7C 42
1787900435.055618,34680,12ee,12,9A 03 00 43 10 A9 74 42 00 00 80 42
1787900435.057023,34680,12ef,12,4B 02 04 43 17 A4 5D 42 00 00 82 42
1787900435.058412,34680,12f0,12,1A AF 07 43 3A C2 45 42 00 00 84 42
1787900435.059623,34680,12f1,12,A0 00 0B 43 3E F7 2D 42 00 00 86 42
1787900435.060960,34680,12f2,12,5F EE 0D 43 FE 35 17 42 00 00 88 42
1787900435.062174,34680,12f3,12,AC 70 10 43 44 68 02 42 00 00 8A 42
1787900435.063448,34680,12f4,12,80 81 12 43 57 BE E0 41 00 00 8C 42
1787900435.064791,34680,12f5,12,5B 1B 14 43 05 A9 C3 41 00 00 8E 42
1787900435.066173,34680,12f6,12,26 3A 15 43 6D B9 AE 41 00 00 90 42
1787900435.067537,34680,12f7,12,02 DB 15 43 42 C5 A2 41 00 00 92 42
1787900435.068937,34680,12f8,12,56 FC 15 43 58 46 A0 41 00 00 94 42
1787900435.070233,34680,12f9,12,D2 9D 15 43 C8 55 A7 41 00 00 96 42
1787900435.071975,34680,12fa,12,62 C0 14 43 0F AC B7 41 00 00 98 42
1787900435.073199,34680,12fb,12,3A 66 13 43 6E A2 D0 41 00 00 9A 42
1787900435.074594,34680,12fc,12,D0 92 11 43 19 3A F1 41 00 00 9C 42
1787900435.075835,34680,12fd,12,03 4B 0F 43 92 11 0C 42 00 00 9E 42
1787900435.077272,34680,12fe,12,4C 94 0C 43 3A EB 21 42 00 00 A0 42
1787900435.078733,34680,12ff,12,C6 75 09 43 94 49 39 42 00 00 A2 42
1787900435.079985,34680,1300,12,6C F7 05 43 1C 3E 51 42 00 00 A4 42
1787900435.081398,34680,1301,12,2E 22 02 43 4C D4 68 42 00 00 A6 42
1787900435.082733,34680,1302,12,5C 00 FC 42 BA 19 7F 42 00 00 A8 42
1787900435.083966,34680,1303,12,B6 36 F3 42 45 97 89 42 00 00 AA 42
1787900435.085307,34680,1304,12,84 FE E9 42 FB 21 92 42 00 00 AC 42
1787900435.086585,34680,1305,12,5B 6F E0 42 CE D5 98 42 00 00 AE 42
1787900435.087811,34680,1306,12,B0 A1 D6 42 56 6E 9D 42 00 00 B0 42
1787900435.089188,34680,1307,12,5E AF CC 42 92 BC 9F 42 00 00 B2 42
1787900435.090414,34680,1308,12,4A B0 C2 42 56 A9 9F 42 00 00 B4 42
1787900435.091693,34680,1309,12,CD BE B8 42 21 35 9D 42 00 00 B6 42
1787900435.092955,34680,130a,12,56 F4 AE 42 FE 78 98 42 00 00 B8 42
1787900435.094254,34680,130b,12,F1 69 A5 42 44 A5 91 42 00 00 BA 42
1787900435.095500,34680,130c,12,BA 38 9C 42 5C 00 89 42 00 00 BC 42
1787900435.096885,34680,130d,12,C6 76 93 42 56 C2 7D 42 00 00 BE 42
1787900435.098150,34680,130e,12,37 3B 8B 42 3A 5F 67 42 00 00 C0 42
1787900435.099897,34680,130f,12,1E 9B 83 42 E6 BB 4F 42 00 00 C2 42
1787900435.101329,34680,1310,12,F5 53 79 42 A1 C9 37 42 00 00 C4 42
1787900435.102658,34680,1311,12,09 F4 6C 42 9C 7E 20 42 00 00 C6 42
1787900435.103982,34680,1312,12,31 34 62 42 F9 C4 0A 42 00 00 C8 42
1787900435.105467,34680,1313,12,F2 30 59 42 A6 F8 EE 41 00 00 CA 42
1787900435.106746,34680,1314,12,5C 01 52 42 FF D2 CE 41 00 00 CC 42
1787900435.108190,34680,1315,12,D0 B7 4C 42 1F 61 B6 41 00 00 CE 42
1787900435.109494,34680,1316,12,04 62 49 42 68 9D A6 41 00 00 D0 42
1787900435.110947,34680,1317,12,FB 07 48 42 4F 26 A0 41 00 00 D2 42
1787900435.114047,34680,1318,12,80 AD 48 42 67 3F A3 41 00 00 D4 42
1787900435.115360,34680,1319,12,ED 50 4B 42 10 C9 AF 41 00 00 D6 42
1787900435.116798,34680,131a,12,80 EB 4F 42 50 43 C5 41 00 00 D8 42
1787900435.118107,34680,131b,12,DE 70 56 42 56 D0 E2 41 00 00 DA 42
1787900435.119485,34680,131c,12,5E D1 5E 42 8E A3 03 42 00 00 DC 42
1787900435.120808,34680,131d,12,20 F7 68 42 B6 98 18 42 00 00 DE 42
1787900435.122327,34680,131e,12,31 C8 74 42 B9 71 2F 42 00 00 E0 42
1787900435.123660,34680,131f,12,2A 13 81 42 61 45 47 42 00 00 E2 42
1787900435.124999,34680,1320,12,12 77 88 42 A3 1E 5F 42 00 00 E4 42
1787900435.126435,34680,1321,12,10 7E 90 42 C8 0D 76 42 00 00 E6 42
1787900435.128560,34680,1322,12,0D 13 99 42 6D 93 85 42 00 00 E8 42
1787900435.130045,34680,1323,12,16 20 A2 42 3E C9 8E 42 00 00 EA 42
1787900435.131423,34680,1324,12,02 8E AB 42 57 4A 96 42 00 00 EC 42
1787900435.132785,34680,1325,12,EE 43 B5 42 C4 C9 9B 42 00 00 EE 42
1787900435.134122,34680,1326,12,88 2A BF 42 45 10 9F 42 00 00 A0 41
1787900435.135604,34680,1327,12,BA 27 C9 42 E6 FB 9F 42 00 00 A8 41
1787900435.137039,34680,1328,12,F9 21 D3 42 44 83 9E 42 00 00 B0 41
1787900435.138371,34680,1329,12,BC FF DC 42 62 B5 9A 42 00 00 B8 41
1787900435.139658,34680,132a,12,09 A7 E6 42 A0 B9 94 42 00 00 C0 41
1787900435.141402,34680,132b,12,B0 00 F0 42 24 CC 8C 42 00 00 C8 41
1787900435.142731,34680,132c,12,00 F4 F8 42 3B 3E 83 42 00 00 D0 41
1787900435.144072,34680,132d,12,0B B5 00 43 D6 E2 70 42 00 00 D8 41
1787900435.145324,34680,132e,12,A6 A6 04 43 E2 A7 59 42 00 00 E0 41
1787900435.146590,34680,132f,12,75 44 08 43 95 BA 41 42 00 00 E8 41
1787900435.147917,34680,1330,12,C8 85 0B 43 70 0B 2A 42 00 00 F0 41
1787900435.149294,34680,1331,12,00 62 0E 43 0E 8E 13 42 00 00 F8 41
1787900435.150689,34680,1332,12,CC D1 10 43 F7 4F FE 41 00 00 00 42
1787900435.151895,34680,1333,12,F0 CE 12 43 E2 52 DB 41 00 00 04 42
1787900435.153300,34680,1334,12,3C 54 14 43 D8 8B BF 41 00 00 08 42
1787900435.155099,34680,1335,12,09 5E 15 43 10 12 AC 41 00 00 0C 42
1787900435.156487,34680,1336,12,8B E9 15 43 CA AE A1 41 00 00 10 42
1787900435.157751,34680,1337,12,5E F5 15 43 0E CC A0 41 00 00 14 42
1787900435.159003,34680,1338,12,64 81 15 43 E7 72 A9 41 00 00 18 42
1787900435.160427,34680,1339,12,DC 8E 14 43 49 49 BB 41 00 00 1C 42
1787900435.161841,34680,133a,12,0E 20 13 43 EA 9B D5 41 00 00 20 42
1787900435.163074,34680,133b,12,B2 38 11 43 10 5D F7 41 00 00 24 42
1787900435.164450,34680,133c,12,A7 DD 0E 43 19 9A 0F 42 00 00 28 42
1787900435.165677,34680,133d,12,F4 14 0C 43 54 C5 25 42 00 00 2C 42
1787900435.167039,34680,133e,12,FA E5 08 43 12 4C 3D 42 00 00 30 42
1787900435.168465,34680,133f,12,60 58 05 43 DC 41 55 42 00 00 34 42
1787900435.170007,34680,1340,12,79 75 01 43 53 B0 6C 42 00 00 38 42
1787900435.171336,34680,1341,12,6A 8E FA 42 27 54 81 42 00 00 3C 42
1787900435.172637,34680,1342,12,8D B0 F1 42 C8 24 8B 42 00 00 40 42
1787900435.174003,34680,1343,12,C7 68 E8 42 4A 65 93 42 00 00 44 42
1787900435.175397,34680,1344,12,63 CD DE 42 BB C2 99 42 00 00 48 42
1787900435.176764,34680,1345,12,AA F7 D4 42 6E FB 9D 42 00 00 4C 42
1787900435.178126,34680,1346,12,C4 00 CB 42 4C E4 9F 42 00 00 50 42
1787900435.179441,34680,1347,12,30 02 C1 42 D7 69 9F 42 00 00 54 42
1787900435.180817,34680,1348,12,43 16 B7 42 40 91 9C 42 00 00 58 42
1787900435.182018,34680,1349,12,D3 54 AD 42 24 77 97 42 00 00 5C 42
1787900435.183379,34680,134a,12,9D D7 A3 42 B7 4F 90 42 00 00 60 42
1787900435.184774,34680,134b,12,E6 B6 9A 42 FF 63 87 42 00 00 64 42
1787900435.186154,34680,134c,12,08 0A 92 42 15 1E 7A 42 00 00 68 42
1787900435.187509,34680,134d,12,D1 E7 89 42 70 76 63 42 00 00 6C 42
1787900435.188758,34680,134e,12,CC 63 82 42 C7 B4 4B 42 00 00 70 42
1787900435.189991,34680,134f,12,B2 23 77 42 49 CD 33 42 00 00 74 42
1787900435.191890,34680,1350,12,D9 06 6B 42 F5 B3 1C 42 00 00 78 42
1787900435.193244,34680,1351,12,08 90 60 42 92 54 07 42 00 00 7C 42
1787900435.194582,34680,1352,12,9F DA 57 42 3F 15 E9 41 00 00 80 42
1787900435.195805,34680,1353,12,8B FB 50 42 F0 25 CA 41 00 00 82 42
1787900435.197025,34680,1354,12,1F 05 4C 42 23 1A B3 41 00 00 84 42
1787900435.198420,34680,1355,12,0D 04 49 42 13 DD A4 41 00 00 86 42
1787900435.199762,34680,1356,12,05 00 48 42 16 00 A0 41 00 00 88 42
1787900435.201007,34680,1357,12,77 FB 48 42 12 B4 A4 41 00 00 8A 42
1787900435.202384,34680,1358,12,09 F4 4B 42 C2 C9 B2 41 00 00 8C 42
1787900435.203736,34680,1359,12,21 E2 50 42 64 B1 C9 41 00 00 8E 42
1787900435.205008,34680,135a,12,22 B9 57 42 2C 81 E8 41 00 00 90 42
1787900435.206316,34680,135b,12,8C 67 60 42 4D FF 06 42 00 00 92 42
1787900435.207665,34680,135c,12,49 D6 6A 42 C4 53 1C 42 00 00 94 42
1787900435.209027,34680,135d,12,4A EC 76 42 94 67 33 42 00 00 96 42
1787900435.210389,34680,135e,12,F2 44 82 42 9D 4D 4B 42 00 00 98 42
1787900435.211735,34680,135f,12,22 C6 89 42 EF 11 63 42 00 00 9A 42
1787900435.212977,34680,1360,12,80 E6 91 42 F2 C1 79 42 00 00 9C 42
1787900435.214326,34680,1361,12,93 90 9A 42 47 3A 87 42 00 00 9E 42
1787900435.215690,34680,1362,12,88 AF A3 42 DC 2C 90 42 00 00 A0 42
1787900435.216930,34680,1363,12,64 2B AD 42 8A 5C 97 42 00 00 A2 42
1787900435.218367,34680,1364,12,E3 EB B6 42 F7 7F 9C 42 00 00 A4 42
1787900435.219745,34680,1365,12,12 D8 C0 42 B0 62 9F 42 00 00 A6 42
1787900435.221084,34680,1366,12,C8 D5 CA 42 4F E7 9F 42 00 00 A8 42
1787900435.222472,34680,1367,12,05 CD D4 42 9E 08 9E 42 00 00 AA 42
1787900435.223716,34680,1368,12,82 A3 DE 42 91 D9 99 42 00 00 AC 42
1787900435.224962,34680,1369,12,16 40 E8 42 DC 84 93 42 00 00 AE 42
1787900435.226359,34680,136a,12,29 8A F1 42 20 4B 8B 42 00 00 B0 42
1787900435.227653,34680,136b,12,4B 69 FA 42 21 81 81 42 00 00 B2 42
1787900435.229021,34680,136c,12,17 64 01 43 89 12 6D 42 00 00 B4 42
1787900435.230387,34680,136d,12,58 48 05 43 69 A8 55 42 00 00 B6 42
1787900435.231724,34680,136e,12,74 D7 08 43 E1 B2 3D 42 00 00 B8 42
1787900435.233076,34680,136f,12,51 08 0C 43 7E 26 26 42 00 00 BA 42
1787900435.234440,34680,1370,12,92 D2 0E 43 46 F5 0F 42 00 00 BC 42
1787900435.235778,34680,1371,12,82 2F 11 43 92 FC F7 41 00 00 BE 42
1787900435.237002,34680,1372,12,DA 18 13 43 37 1E D6 41 00 00 C0 42
1787900435.238395,34680,1373,12,B8 89 14 43 2F A9 BB 41 00 00 C2 42
1787900435.239759,34680,1374,12,69 7E 15 43 88 AB A9 41 00 00 C4 42
1787900435.241015,34680,1375,12,79 F4 15 43 36 DD A0 41 00 00 C6 42
1787900435.242406,34680,1376,12,CC EA 15 43 BB 96 A1 41 00 00 C8 42
1787900435.243730,34680,1377,12,6D 61 15 43 C1 D1 AB 41 00 00 CA 42
1787900435.244957,34680,1378,12,BB 59 14 43 DA 25 BF 41 00 00 CC 42
1787900435.246208,34680,1379,12,58 D6 12 43 BC CD DA 41 00 00 CE 42
1787900435.247817,34680,137a,12,50 DB 10 43 25 AC FD 41 00 00 D0 42
1787900435.249221,34680,137b,12,64 6D 0E 43 4D 31 13 42 00 00 D2 42
1787900435.250599,34680,137c,12,F0 92 0B 43 8B A7 29 42 00 00 D4 42
1787900435.251819,34680,137d,12,3E 53 08 43 87 53 41 42 00 00 D6 42
1787900435.253916,34680,137e,12,A0 B6 04 43 A1 43 59 42 00 00 D8 42
1787900435.255326,34680,137f,12,A3 C6 00 43 C0 81 70 42 00 00 DA 42
1787900435.256674,34680,1380,12,7B 19 F9 42 22 12 83 42 00 00 DC 42
1787900435.258024,34680,1381,12,15 28 F0 42 3F A6 8C 42 00 00 DE 42
1787900435.259233,34680,1382,12,F5 CF E6 42 72 9B 94 42 00 00 E0 42
1787900435.260507,34680,1383,12,02 29 DD 42 80 A0 9A 42 00 00 E2 42
1787900435.261726,34680,1384,12,B4 4C D3 42 C3 77 9E 42 00 00 E4 42
1787900435.263289,34680,1385,12,BA 52 C9 42 9F FA 9F 42 00 00 E6 42
1787900435.264512,34680,1386,12,5E 55 BF 42 44 19 9F 42 00 00 E8 42
1787900435.265888,34680,1387,12,2E 6E B5 42 AE DC 9B 42 00 00 EA 42
1787900435.267294,34680,1388,12,7E B6 AB 42 E7 65 96 42 00 00 EC 42
1787900435.268481,34680,1389,12,E6 47 A2 42 5C ED 8E 42 00 00 EE 42
1787900435.269850,34680,138a,12,0B 39 99 42 24 BE 85 42 00 00 A0 41
1787900435.271196,34680,138b,12,DA A1 90 42 04 6D 76 42 00 00 A8 41
1787900435.272547,34680,138c,12,4D 98 88 42 E0 83 5F 42 00 00 B0 41
1787900435.273981,34680,138d,12,F4 30 81 42 B5 AA 47 42 00 00 B8 41
1787900435.275309,34680,138e,12,7C FE 74 42 C7 D6 2F 42 00 00 C0 41
1787900435.276598,34680,138f,12,7D 26 69 42 97 F7 18 42 00 00 C8 41
1787900435.278191,34680,1390,12,53 F9 5E 42 79 F8 03 42 00 00 D0 41
1787900435.279464,34680,1391,12,06 91 56 42 7C 5F E3 41 00 00 D8 41
1787900435.280919,34680,1392,12,18 03 50 42 0E B0 C5 41 00 00 E0 41
1787900435.282234,34680,1393,12,98 60 4B 42 02 13 B0 41 00 00 E8 41
1787900435.283668,34680,1394,12,A6 B4 48 42 95 61 A3 41 00 00 F0 41
1787900435.285072,34680,1395,12,89 06 48 42 5E 1F A0 41 00 00 F8 41
1787900435.286523,34680,1396,12,FE 57 49 42 9E 6D A6 41 00 00 00 42
1787900435.287838,34680,1397,12,A6 A5 4C 42 F8 0B B6 41 00 00 04 42
1787900435.289366,34680,1398,12,91 E6 51 42 CB 58 CE 41 00 00 08 42
1787900435.290816,34680,1399,12,20 0E 59 42 D3 5F EE 41 00 00 0C 42
1787900435.292223,34680,139a,12,B1 09 62 42 4D 6C 0A 42 00 00 10 42
1787900435.293649,34680,139b,12,4A C2 6C 42 37 1D 20 42 00 00 14 42
1787900435.295095,34680,139c,12,7B 1C 79 42 40 65 37 42 00 00 18 42
1787900435.296428,34680,139d,12,C4 7B 83 42 E6 54 4F 42 00 00 1C 42
1787900435.297889,34680,139e,12,16 19 8B 42 91 FB 66 42 00 00 20 42
1787900435.299295,34680,139f,12,34 52 93 42 FE 65 7D 42 00 00 24 42
1787900435.300742,34680,13a0,12,14 12 9C 42 AF D7 88 42 00 00 28 42
1787900435.302469,34680,13a1,12,56 42 A5 42 51 84 91 42 00 00 2C 42
1787900435.303748,34680,13a2,12,B6 CA AE 42 E5 5F 98 42 00 00 30 42
1787900435.305225,34680,13a3,12,4E 94 B8 42 7D 25 9D 42 00 00 34 42
1787900435.306636,34680,13a4,12,5A 85 C2 42 C7 A3 9F 42 00 00 38 42
1787900435.307956,34680,13a5,12,69 84 CC 42 50 C1 9F 42 00 00 3C 42
1787900435.309461,34680,13a6,12,EA 77 D6 42 EC 7C 9D 42 00 00 40 42
1787900435.310925,34680,13a7,12,A6 45 E0 42 2F EE 98 42 00 00 44 42
1787900435.312226,34680,13a8,12,10 D6 E9 42 E8 42 92 42 00 00 48 42
1787900435.314959,34680,13a9,12,EA 0F F3 42 70 BF 89 42 00 00 4C 42
1787900435.316725,34680,13aa,12,9C DB FB 42 54 75 7F 42 00 00 50 42
1787900435.321323,34680,13ab,12,52 11 02 43 B7 35 69 42 00 00 54 42
1787900435.322057,34680,13ac,12,A2 E7 05 43 FE A4 51 42 00 00 58 42
1787900435.324443,34680,13ad,12,85 67 09 43 07 B0 39 42 00 00 5C 42
1787900435.325899,34680,13ae,12,B9 87 0C 43 26 4D 22 42 00 00 60 42
1787900435.327333,34680,13af,12,3D 40 0F 43 12 6B 0C 42 00 00 64 42
1787900435.328768,34680,13b0,12,1D 8A 11 43 4C D2 F1 41 00 00 68 42
1787900435.330231,34680,13b1,12,5D 5F 13 43 47 1F D1 41 00 00 6C 42
1787900435.331687,34680,13b2,12,97 BB 14 43 C2 05 B8 41 00 00 70 42
1787900435.332998,34680,13b3,12,26 9B 15 43 C2 88 A7 41 00 00 74 42
1787900435.334424,34680,13b4,12,CE FB 15 43 91 50 A0 41 00 00 78 42
1787900435.335721,34680,13b5,12,98 DC 15 43 E3 A6 A2 41 00 00 7C 42
1787900435.337061,34680,13b6,12,E5 3D 15 43 91 72 AE 41 00 00 80 42
1787900435.338359,34680,13b7,12,33 21 14 43 0E 3D C3 41 00 00 82 42
1787900435.339900,34680,13b8,12,60 89 12 43 93 31 E0 41 00 00 84 42
1787900435.341242,34680,13b9,12,82 7A 10 43 4A 14 02 42 00 00 86 42
1787900435.342679,34680,13ba,12,DB F9 0D 43 7B D9 16 42 00 00 88 42
1787900435.343956,34680,13bb,12,10 0E 0B 43 88 92 2D 42 00 00 8A 42
1787900435.345382,34680,13bc,12,26 BE 07 43 0B 5B 45 42 00 00 8C 42
1787900435.346820,34680,13bd,12,CC 12 04 43 8C 3E 5D 42 00 00 8E 42
1787900435.348186,34680,13be,12,66 15 00 43 34 49 74 42 00 00 90 42
1787900435.349591,34680,13bf,12,50 A0 F7 42 EA C7 84 42 00 00 92 42
1787900435.350912,34680,13c0,12,B6 9C EE 42 F6 1B 8E 42 00 00 94 42
1787900435.352359,34680,13c1,12,A6 35 E5 42 FA C2 95 42 00 00 96 42
1787900435.353647,34680,13c2,12,DC 83 DB 42 11 6E 9B 42 00 00 98 42
1787900435.355093,34680,13c3,12,26 A0 D1 42 60 E3 9E 42 00 00 9A 42
1787900435.356486,34680,13c4,12,D0 A3 C7 42 9A FF 9F 42 00 00 9C 42
1787900435.357817,34680,13c5,12,2D A9 BD 42 9C B7 9E 42 00 00 9E 42
1787900435.361103,34680,13c6,12,35 C8 B3 42 46 18 9B 42 00 00 A0 42
1787900435.362542,34680,13c7,12,F6 1A AA 42 94 46 95 42 00 00 A2 42
1787900435.363839,34680,13c8,12,30 BA A0 42 EA 7D 8D 42 00 00 A4 42
1787900435.365321,34680,13c9,12,E2 BD 97 42 BE 0D 84 42 00 00 A6 42
1787900435.366760,34680,13ca,12,AD 3D 8F 42 88 AE 72 42 00 00 A8 42
1787900435.368055,34680,13cb,12,FC 4D 87 42 56 8C 5B 42 00 00 AA 42
1787900435.369477,34680,13cc,12,CB 03 80 42 9C A2 43 42 00 00 AC 42
1787900435.370905,34680,13cd,12,82 E3 72 42 6F E5 2B 42 00 00 AE 42
1787900435.372341,34680,13ce,12,59 51 67 42 1E 47 15 42 00 00 B0 42
1787900435.373773,34680,13cf,12,69 6F 5D 42 0B B0 00 42 00 00 B2 42
1787900435.375136,34680,13d0,12,6F 55 55 42 53 DE DD 41 00 00 B4 42
1787900435.376767,34680,13d1,12,FC 18 4F 42 C7 76 C1 41 00 00 B6 42
1787900435.378054,34680,13d2,12,04 CA 4A 42 60 4B AD 41 00 00 B8 42
1787900435.379591,34680,13d3,12,8C 73 48 42 FE 29 A2 41 00 00 BA 42
1787900435.380990,34680,13d4,12,81 1B 48 42 FE 83 A0 41 00 00 BC 42
1787900435.382419,34680,13d5,12,B9 C2 49 42 F2 69 A8 41 00 00 BE 42
1787900435.383786,34680,13d6,12,12 65 4D 42 BC 8B B9 41 00 00 C0 42
1787900435.385222,34680,13d7,12,41 F9 52 42 7C 3A D3 41 00 00 C2 42
1787900435.388247,34680,13d8,12,01 71 5A 42 10 70 F4 41 00 00 C4 42
1787900435.389598,34680,13d9,12,6A B8 63 42 1A EB 0D 42 00 00 C6 42
1787900435.390890,34680,13da,12,34 B9 6E 42 72 F0 23 42 00 00 C8 42
1787900435.392231,34680,13db,12,91 56 7B 42 DF 65 3B 42 00 00 CA 42
1787900435.394130,34680,13dc,12,1E B8 84 42 ED 5B 53 42 00 00 CC 42
1787900435.395689,34680,13dd,12,12 71 8C 42 0A DE 6A 42 00 00 CE 42
1787900435.397580,34680,13de,12,B5 C1 94 42 4D 7D 80 42 00 00 D0 42
1787900435.398787,34680,13df,12,11 96 9D 42 AF 69 8A 42 00 00 D2 42
1787900435.400103,34680,13e0,12,ED D6 A6 42 FB CD 92 42 00 00 D4 42
1787900435.401457,34680,13e1,12,9E 6C B0 42 8A 54 99 42 00 00 D6 42
1787900435.402840,34680,13e2,12,9E 3E BA 42 BE BA 9D 42 00 00 D8 42
1787900435.404310,34680,13e3,12,06 33 C4 42 A0 D3 9F 42 00 00 DA 42
1787900435.405667,34680,13e4,12,EE 31 CE 42 1A 8A 9F 42 00 00 DC 42
1787900435.407013,34680,13e5,12,FD 20 D8 42 D9 E0 9C 42 00 00 DE 42
1787900435.408371,34680,13e6,12,C9 E6 E1 42 08 F3 97 42 00 00 E0 42
1787900435.409685,34680,13e7,12,52 6A EB 42 F6 F2 90 42 00 00 E2 42
1787900435.411027,34680,13e8,12,90 92 F4 42 D6 28 88 42 00 00 E4 42
1787900435.412382,34680,13e9,12,82 49 FD 42 00 DA 7B 42 00 00 E6 42
1787900435.413712,34680,13ea,12,11 BC 02 43 14 51 65 42 00 00 E8 42
1787900435.415488,34680,13eb,12,C1 84 06 43 EA 9C 4D 42 00 00 EA 42
1787900435.417536,34680,13ec,12,23 F5 09 43 76 AF 35 42 00 00 EC 42
1787900435.420417,34680,13ed,12,32 04 0D 43 B4 7E 1E 42 00 00 EE 42
1787900435.422202,34680,13ee,12,95 AA 0F 43 BF F3 08 42 00 00 A0 41
1787900435.423725,34680,13ef,12,42 E1 11 43 A6 D8 EB 41 00 00 A8 41
1787900435.426482,34680,13f0,12,92 A2 13 43 59 55 CC 41 00 00 B0 41
1787900435.428133,34680,13f1,12,05 EA 14 43 3F 9F B4 41 00 00 B8 41
1787900435.429482,34680,13f2,12,4C B4 15 43 2E A9 A5 41 00 00 C0 41
1787900435.431751,34680,13f3,12,81 FF 15 43 87 09 A0 41 00 00 C8 41
1787900435.433674,34680,13f4,12,CE CA 15 43 36 FB A3 41 00 00 D0 41
1787900435.435551,34680,13f5,12,BB 16 15 43 FA 55 B1 41 00 00 D8 41
1787900435.438251,34680,13f6,12,14 E5 13 43 83 91 C7 41 00 00 E0 41
1787900435.441720,34680,13f7,12,0C 39 12 43 3C C8 E5 41 00 00 E8 41
1787900435.443796,34680,13f8,12,A9 16 10 43 3B 65 05 42 00 00 F0 41
1787900435.444358,34680,13f9,12,7D 83 0D 43 30 8E 1A 42 00 00 F8 41
1787900435.445017,34680,13fa,12,1E 86 0A 43 01 87 31 42 00 00 00 42
1787900435.446461,34680,13fb,12,31 26 07 43 33 65 49 42 00 00 04 42
1787900435.448632,34680,13fc,12,A8 6C 03 43 53 33 61 42 00 00 08 42
1787900435.450009,34680,13fd,12,E6 C4 FE 42 18 02 78 42 00 00 0C 42
1787900435.452678,34680,13fe,12,62 24 F6 42 6C 73 86 42 00 00 10 42
1787900435.455836,34680,13ff,12,D3 0D ED 42 26 86 8F 42 00 00 14 42
1787900435.456761,34680,1400,12,7A 98 E3 42 9E DC 96 42 00 00 18 42
1787900435.458878,34680,1401,12,4D DD D9 42 9B 2B 9C 42 00 00 1C 42
1787900435.460834,34680,1402,12,AC F3 CF 42 C0 3D 9F 42 00 00 20 42
1787900435.462074,34680,1403,12,EC F4 C5 42 2D F3 9F 42 00 00 24 42
1787900435.463250,34680,1404,12,F5 FC BB 42 C1 44 9E 42 00 00 28 42
1787900435.464735,34680,1405,12,B2 23 B2 42 F1 43 9A 42 00 00 2C 42
1787900435.466403,34680,1406,12,D8 80 A8 42 72 18 94 42 00 00 30 42
1787900435.468493,34680,1407,12,0B 30 9F 42 22 03 8C 42 00 00 34 42
1787900435.471611,34680,1408,12,3A 46 96 42 0A 54 82 42 00 00 38 42
1787900435.474354,34680,1409,12,F7 DC 8D 42 EF E1 6E 42 00 00 3C 42
1787900435.476892,34680,140a,12,56 08 86 42 26 8F 57 42 00 00 40 42
1787900435.477734,34680,140b,12,9A B6 7D 42 E7 99 3F 42 00 00 44 42
1787900435.479836,34680,140c,12,DF D4 70 42 0D FE 27 42 00 00 48 42
1787900435.481019,34680,140d,12,71 88 65 42 5E A5 11 42 00 00 4C 42
1787900435.484104,34680,140e,12,B9 F1 5B 42 83 F5 FA 41 00 00 50 42
1787900435.485242,34680,140f,12,56 27 54 42 A8 90 D8 41 00 00 54 42
1787900435.488397,34680,1410,12,6E 3C 4E 42 67 77 BD 41 00 00 58 42
1787900435.489999,34680,1411,12,FA 41 4A 42 A1 C6 AA 41 00 00 5C 42
1787900435.491721,34680,1412,12,EB 40 48 42 67 37 A1 41 00 00 60 42
1787900435.493049,34680,1413,12,00 3F 48 42 38 2E A1 41 00 00 64 42
1787900435.495120,34680,1414,12,C8 3B 4A 42 38 A9 AA 41 00 00 68 42
1787900435.496246,34680,1415,12,F2 32 4E 42 48 4B BD 41 00 00 6C 42
1787900435.499279,34680,1416,12,1E 19 54 42 8A 50 D8 41 00 00 70 42
1787900435.504152,34680,1417,12,0B E1 5B 42 6D AD FA 41 00 00 74 42
1787900435.516160,34680,1418,12,66 74 65 42 5C 7C 11 42 00 00 78 42
1787900435.526313,34680,1419,12,C7 BB 70 42 1A CE 27 42 00 00 7C 42
1787900435.527456,34680,141a,12,76 9C 7D 42 01 6C 3F 42 00 00 80 42
1787900435.527730,34680,141b,12,C3 F8 85 42 CD 5D 57 42 00 00 82 42
1787900435.528123,34680,141c,12,5F CD 8D 42 64 B6 6E 42 00 00 84 42
1787900435.538917,34680,141d,12,98 35 96 42 2E 40 82 42 00 00 86 42
1787900435.542489,34680,141e,12,1E 1D 9F 42 94 F0 8B 42 00 00 88 42
1787900435.552529,34680,141f,12,A7 6E A8 42 AE 0A 94 42 00 00 8A 42
1787900435.555997,34680,1420,12,77 0F B2 42 4E 39 9A 42 00 00 8C 42
1787900435.556278,34680,1421,12,EC E9 BB 42 40 3F 9E 42 00 00 8E 42
1787900435.556419,34680,1422,12,C2 E1 C5 42 38 F2 9F 42 00 00 90 42
1787900435.556777,34680,1423,12,01 DF CF 42 AD 41 9F 42 00 00 92 42
1787900435.558307,34680,1424,12,AB C9 D9 42 02 34 9C 42 00 00 94 42
1787900435.559670,34680,1425,12,4B 85 E3 42 4E E9 96 42 00 00 96 42
1787900435.561042,34680,1426,12,04 FC EC 42 F8 95 8F 42 00 00 98 42
1787900435.562395,34680,1427,12,AD 12 F6 42 03 87 86 42 00 00 9A 42
1787900435.563655,34680,1428,12,8C B3 FE 42 B0 2F 78 42 00 00 9C 42
1787900435.565041,34680,1429,12,E4 64 03 43 22 62 61 42 00 00 9E 42
1787900435.566389,34680,142a,12,18 1F 07 43 15 95 49 42 00 00 A0 42
1787900435.567653,34680,142b,12,00 80 0A 43 35 B4 31 42 00 00 A2 42
1787900435.568919,34680,142c,12,ED 7D 0D 43 85 BA 1A 42 00 00 A4 42
1787900435.570381,34680,142d,12,C4 11 10 43 A6 8E 05 42 00 00 A6 42
1787900435.571757,34680,142e,12,3E 35 12 43 CE 0B E6 41 00 00 A8 42
1787900435.573120,34680,142f,12,35 E2 13 43 41 C6 C7 41 00 00 AA 42
1787900435.574501,34680,1430,12,E8 14 15 43 62 78 B1 41 00 00 AC 42
1787900435.575768,34680,1431,12,E5 C9 15 43 A9 0C A4 41 00 00 AE 42
1787900435.577159,34680,1432,12,97 FF 15 43 DB 07 A0 41 00 00 B0 42
1787900435.578555,34680,1433,12,61 B5 15 43 93 94 A5 41 00 00 B2 42
1787900435.579797,34680,1434,12,16 EC 14 43 7A 78 B4 41 00 00 B4 42
1787900435.581043,34680,1435,12,7B A5 13 43 1E 20 CC 41 00 00 B6 42
1787900435.582266,34680,1436,12,39 E5 11 43 D4 92 EB 41 00 00 B8 42
1787900435.583788,34680,1437,12,A1 AF 0F 43 6D C9 08 42 00 00 BA 42
1787900435.587110,34680,1438,12,E6 09 0D 43 C9 51 1E 42 00 00 BC 42
1787900435.588487,34680,1439,12,A1 FB 09 43 24 80 35 42 00 00 BE 42
1787900435.589746,34680,143a,12,B0 8B 06 43 F4 6E 4D 42 00 00 C0 42
1787900435.591222,34680,143b,12,EF C3 02 43 A2 22 65 42 00 00 C2 42
1787900435.592463,34680,143c,12,0C 5B FD 42 1B AD 7B 42 00 00 C4 42
1787900435.593716,34680,143d,12,6B A4 F4 42 B7 15 88 42 00 00 C6 42
1787900435.595073,34680,143e,12,FB 7C EB 42 16 E3 90 42 00 00 C8 42
1787900435.596327,34680,143f,12,4D F9 E1 42 82 E7 97 42 00 00 CA 42
1787900435.598198,34680,1440,12,AE 34 D8 42 36 D9 9C 42 00 00 CC 42
1787900435.599609,34680,1441,12,A0 46 CE 42 01 87 9F 42 00 00 CE 42
1787900435.600907,34680,1442,12,F7 46 C4 42 6C D5 9F 42 00 00 D0 42
1787900435.602222,34680,1443,12,61 52 BA 42 40 C1 9D 42 00 00 D2 42
1787900435.603456,34680,1444,12,40 7F B0 42 10 5F 99 42 00 00 D4 42
1787900435.606001,34680,1445,12,C0 E9 A6 42 F3 DC 92 42 00 00 D6 42
1787900435.606614,34680,1446,12,D8 A8 9D 42 C9 7C 8A 42 00 00 D8 42
1787900435.607840,34680,1447,12,D9 D2 94 42 5D 92 80 42 00 00 DA 42
1787900435.609231,34680,1448,12,1A 81 8C 42 D9 0B 6B 42 00 00 DC 42
1787900435.610560,34680,1449,12,4E C6 84 42 BA 89 53 42 00 00 DE 42
1787900435.611846,34680,144a,12,46 71 7B 42 7F 95 3B 42 00 00 E0 42
1787900435.613207,34680,144b,12,BE D1 6E 42 EC 1F 24 42 00 00 E2 42
1787900435.614570,34680,144c,12,B2 CC 63 42 06 15 0E 42 00 00 E4 42
1787900435.615832,34680,144d,12,C1 81 5A 42 0A B9 F4 41 00 00 E6 42
1787900435.617207,34680,144e,12,CB 05 53 42 5F 73 D3 41 00 00 E8 42
1787900435.619942,34680,144f,12,4B 6E 4D 42 CC B6 B9 41 00 00 EA 42
1787900435.621572,34680,1450,12,3B C8 49 42 25 84 A8 41 00 00 EC 42
1787900435.623001,34680,1451,12,D4 1C 48 42 58 8A A0 41 00 00 EE 42
1787900435.624424,34680,1452,12,E2 70 48 42 3C 1D A2 41 00 00 A0 41
1787900435.626053,34680,1453,12,A6 C3 4A 42 3D 2D AD 41 00 00 A8 41
1787900435.627435,34680,1454,12,77 0E 4F 42 0F 46 C1 41 00 00 B0 41
1787900435.628849,34680,1455,12,90 46 55 42 AF 9B DD 41 00 00 B8 41
1787900435.630218,34680,1456,12,73 5D 5D 42 8D 89 00 42 00 00 C0 41
1787900435.631588,34680,1457,12,EB 3B 67 42 BC 1B 15 42 00 00 C8 41
1787900435.633168,34680,1458,12,CB CB 72 42 B6 B8 2B 42 00 00 D0 41
1787900435.634621,34680,1459,12,E6 EB 7F 42 C1 72 43 42 00 00 D8 41
1787900435.635908,34680,145a,12,2E 3E 87 42 3B 5B 5B 42 00 00 E0 41
1787900435.637235,34680,145b,12,40 2D 8F 42 C3 81 72 42 00 00 E8 41
1787900435.638527,34680,145c,12,6A AC 97 42 7E F9 83 42 00 00 F0 41
1787900435.640340,34680,145d,12,8F A8 A0 42 49 6D 8D 42 00 00 F8 41
1787900435.641817,34680,145e,12,EC 07 AA 42 E6 38 95 42 00 00 00 42
1787900435.643262,34680,145f,12,E7 B3 B3 42 67 0E 9B 42 00 00 04 42
1787900435.644654,34680,1460,12,55 95 BD 42 AA B2 9E 42 00 00 08 42
1787900435.645966,34680,1461,12,DC 8F C7 42 69 FF 9F 42 00 00 0C 42
1787900435.647919,34680,1462,12,10 8D D1 42 C4 E7 9E 42 00 00 10 42
1787900435.649377,34680,1463,12,4A 70 DB 42 37 77 9B 42 00 00 14 42
1787900435.650801,34680,1464,12,D0 21 E5 42 DC D0 95 42 00 00 18 42
1787900435.652239,34680,1465,12,4E 8A EE 42 01 2D 8E 42 00 00 1C 42
1787900435.653679,34680,1466,12,C4 8E F7 42 F6 DB 84 42 00 00 20 42
1787900435.655017,34680,1467,12,77 0D 00 43 F5 73 74 42 00 00 24 42
1787900435.656459,34680,1468,12,24 0B 04 43 AC 6D 5D 42 00 00 28 42
1787900435.657782,34680,1469,12,E6 B6 07 43 CB 8C 45 42 00 00 2C 42
1787900435.659195,34680,146a,12,D4 07 0B 43 40 C1 2D 42 00 00 30 42
1787900435.660498,34680,146b,12,6E F4 0D 43 2F 05 17 42 00 00 34 42
1787900435.662414,34680,146c,12,20 76 10 43 B4 39 02 42 00 00 38 42
1787900435.663783,34680,146d,12,BA 85 12 43 D4 72 E0 41 00 00 3C 42
1787900435.665086,34680,146e,12,63 1E 14 43 0A 71 C3 41 00 00 40 42
1787900435.666520,34680,146f,12,29 3C 15 43 5D 93 AE 41 00 00 44 42
1787900435.668311,34680,1470,12,D9 DB 15 43 28 B5 A2 41 00 00 48 42
1787900435.669724,34680,1471,12,0C FC 15 43 ED 4B A0 41 00 00 4C 42
1787900435.671049,34680,1472,12,64 9C 15 43 05 71 A7 41 00 00 50 42
1787900435.672471,34680,1473,12,E8 BD 14 43 6F DA B7 41 00 00 54 42
1787900435.673773,34680,1474,12,8D 62 13 43 48 E5 D0 41 00 00 58 42
1787900435.676310,34680,1475,12,3B 8E 11 43 50 8A F1 41 00 00 5C 42
1787900435.677751,34680,1476,12,0C 45 0F 43 25 43 0C 42 00 00 60 42
1787900435.679182,34680,1477,12,90 8D 0C 43 B3 1F 22 42 00 00 64 42
1787900435.680621,34680,1478,12,66 6E 09 43 A0 7E 39 42 00 00 68 42
1787900435.682045,34680,1479,12,F6 EE 05 43 42 75 51 42 00 00 6C 42
1787900435.683478,34680,147a,12,4A 19 02 43 B0 07 69 42 00 00 70 42
1787900435.684951,34680,147b,12,00 EC FB 42 82 4C 7F 42 00 00 74 42
1787900435.686202,34680,147c,12,EC 21 F3 42 D0 AC 89 42 00 00 78 42
1787900435.687659,34680,147d,12,92 E9 E9 42 0C 33 92 42 00 00 7C 42
1787900435.689115,34680,147e,12,00 59 E0 42 E4 E2 98 42 00 00 80 42
1787900435.690458,34680,147f,12,A8 8B D6 42 0D 76 9D 42 00 00 82 42
1787900435.691759,34680,1480,12,90 97 CC 42 38 BF 9F 42 00 00 84 42
1787900435.693170,34680,1481,12,46 99 C2 42 61 A6 9F 42 00 00 86 42
1787900435.695033,34680,1482,12,CB A8 B8 42 0C 2D 9D 42 00 00 88 42
1787900435.697976,34680,1483,12,06 DE AE 42 8F 6B 98 42 00 00 8A 42
1787900435.699363,34680,1484,12,0D 55 A5 42 E7 93 91 42 00 00 8C 42
1787900435.700811,34680,1485,12,4E 23 9C 42 D5 E9 88 42 00 00 8E 42
1787900435.702166,34680,1486,12,2A 63 93 42 DC 90 7D 42 00 00 90 42
1787900435.704130,34680,1487,12,89 29 8B 42 A2 2B 67 42 00 00 92 42
1787900435.705584,34680,1488,12,4E 8A 83 42 B1 84 4F 42 00 00 94 42
1787900435.706917,34680,1489,12,AF 36 79 42 AE 94 37 42 00 00 96 42
1787900435.708349,34680,148a,12,74 D8 6C 42 9F 48 20 42 00 00 98 42
1787900435.709662,34680,148b,12,66 1D 62 42 6C 95 0A 42 00 00 9A 42
1787900435.711756,34680,148c,12,E6 1E 59 42 74 A9 EE 41 00 00 9C 42
1787900435.713202,34680,148d,12,FB F2 51 42 6D 91 CE 41 00 00 9E 42
1787900435.714624,34680,148e,12,37 AE 4C 42 23 34 B6 41 00 00 A0 42
1787900435.715945,34680,148f,12,72 5C 49 42 D7 82 A6 41 00 00 A2 42
1787900435.717356,34680,1490,12,31 07 48 42 80 22 A0 41 00 00 A4 42
1787900435.718841,34680,1491,12,2F B1 48 42 04 51 A3 41 00 00 A6 42
1787900435.720163,34680,1492,12,4E 59 4B 42 9E F0 AF 41 00 00 A8 42
1787900435.721649,34680,1493,12,EE F7 4F 42 98 7C C5 41 00 00 AA 42
1787900435.722999,34680,1494,12,AB 82 56 42 9A 1F E3 41 00 00 AC 42
1787900435.724348,34680,1495,12,C4 E6 5E 42 0C D1 03 42 00 00 AE 42
1787900435.726146,34680,1496,12,A3 0F 69 42 D3 C9 18 42 00 00 B0 42
1787900435.727657,34680,1497,12,47 E5 74 42 E1 A7 2F 42 00 00 B2 42
1787900435.729065,34680,1498,12,DE 22 81 42 D2 7A 47 42 00 00 B4 42
1787900435.730448,34680,1499,12,7C 89 88 42 BF 56 5F 42 00 00 B6 42
1787900435.731780,34680,149a,12,3E 91 90 42 D8 40 76 42 00 00 B8 42
1787900435.733212,34680,149b,12,B8 26 99 42 8F A9 85 42 00 00 BA 42
1787900435.734601,34680,149c,12,6C 35 A2 42 9E DC 8E 42 00 00 BC 42
1787900435.735884,34680,149d,12,5C A3 AB 42 E5 58 96 42 00 00 BE 42
1787900435.737182,34680,149e,12,57 5B B5 42 45 D4 9B 42 00 00 C0 42
1787900435.738555,34680,149f,12,7E 41 BF 42 1D 15 9F 42 00 00 C2 42
1787900435.739850,34680,14a0,12,FF 3D C9 42 43 FB 9F 42 00 00 C4 42
1787900435.741305,34680,14a1,12,E0 38 D3 42 1F 7D 9E 42 00 00 C6 42
1787900435.742727,34680,14a2,12,81 15 DD 42 64 AA 9A 42 00 00 C8 42
1787900435.744028,34680,14a3,12,B7 BD E6 42 EB A8 94 42 00 00 CA 42
1787900435.745346,34680,14a4,12,CE 15 F0 42 D8 B7 8C 42 00 00 CC 42
1787900435.747505,34680,14a5,12,6A 07 F9 42 68 27 83 42 00 00 CE 42
1787900435.748973,34680,14a6,12,7A BE 00 43 D0 AE 70 42 00 00 D0 42
1787900435.750423,34680,14a7,12,14 AF 04 43 03 73 59 42 00 00 D2 42
1787900435.751817,34680,14a8,12,A7 4C 08 43 78 81 41 42 00 00 D4 42
1787900435.753293,34680,14a9,12,D6 8C 0B 43 E2 D5 29 42 00 00 D6 42
1787900435.754726,34680,14aa,12,E8 67 0E 43 01 5E 13 42 00 00 D8 42
1787900435.756168,34680,14ab,12,E7 D6 10 43 1A F8 FD 41 00 00 DA 42
1787900435.757569,34680,14ac,12,D9 D2 12 43 98 0C DB 41 00 00 DC 42
1787900435.758894,34680,14ad,12,49 57 14 43 40 53 BF 41 00 00 DE 42
1787900435.760192,34680,14ae,12,DB 5F 15 43 83 EF AB 41 00 00 E0 42
1787900435.762540,34680,14af,12,32 EA 15 43 3F A2 A1 41 00 00 E2 42
1787900435.764362,34680,14b0,12,E5 F4 15 43 2A D5 A0 41 00 00 E4 42
1787900435.765831,34680,14b1,12,D2 7F 15 43 B1 90 A9 41 00 00 E6 42
1787900435.767713,34680,14b2,12,04 8C 14 43 5B 7E BB 41 00 00 E8 42
1787900435.770013,34680,14b3,12,33 1C 13 43 B0 E1 D5 41 00 00 EA 42
1787900435.771684,34680,14b4,12,F2 33 11 43 9A AF F7 41 00 00 EC 42
1787900435.774458,34680,14b5,12,B7 D7 0E 43 F3 CA 0F 42 00 00 EE 42
1787900435.776906,34680,14b6,12,4B 0E 0C 43 90 F8 25 42 00 00 A0 41
1787900435.779498,34680,14b7,12,EE DD 08 43 0A 85 3D 42 00 00 A8 41
1787900435.781322,34680,14b8,12,C9 4F 05 43 D5 78 55 42 00 00 B0 41
1787900435.784869,34680,14b9,12,79 6C 01 43 32 E3 6C 42 00 00 B8 41
1787900435.786862,34680,14ba,12,86 7A FA 42 45 6C 81 42 00 00 C0 41
1787900435.788383,34680,14bb,12,4E 9C F1 42 04 39 8B 42 00 00 C8 41
1787900435.790650,34680,14bc,12,3B 52 E8 42 CD 76 93 42 00 00 D0 41
1787900435.795007,34680,14bd,12,F1 B6 DE 42 FD CE 99 42 00 00 D8 41
1787900435.796129,34680,14be,12,95 E1 D4 42 48 02 9E 42 00 00 E0 41
1787900435.799699,34680,14bf,12,BA E9 CA 42 EF E5 9F 42 00 00 E8 41
1787900435.800861,34680,14c0,12,F9 EB C0 42 17 66 9F 42 00 00 F0 41
1787900435.801319,34680,14c1,12,C7 FE B6 42 B2 87 9C 42 00 00 F8 41
1787900435.802184,34680,14c2,12,9D 3E AD 42 E7 68 97 42 00 00 00 42
1787900435.806069,34680,14c3,12,DA C2 A3 42 AE 3D 90 42 00 00 04 42
1787900435.807285,34680,14c4,12,5A A2 9A 42 A6 4D 87 42 00 00 08 42
1787900435.809150,34680,14c5,12,4A F7 91 42 81 ED 79 42 00 00 0C 42
1787900435.810557,34680,14c6,12,25 D5 89 42 C0 3E 63 42 00 00 10 42
1787900435.811903,34680,14c7,12,41 53 82 42 7C 7D 4B 42 00 00 14 42
1787900435.813384,34680,14c8,12,FE 06 77 42 9C 98 33 42 00 00 18 42
1787900435.814720,34680,14c9,12,CE EC 6A 42 62 80 1C 42 00 00 1C 42
1787900435.816000,34680,14ca,12,AA 7A 60 42 94 27 07 42 00 00 20 42
1787900435.817448,34680,14cb,12,0C C8 57 42 20 C3 E8 41 00 00 24 42
1787900435.818799,34680,14cc,12,E7 ED 50 42 65 E7 C9 41 00 00 28 42
1787900435.820046,34680,14cd,12,41 FC 4B 42 6E F0 B2 41 00 00 2C 42
1787900435.821290,34680,14ce,12,6F FF 48 42 02 C7 A4 41 00 00 30 42
1787900435.822714,34680,14cf,12,00 00 48 42 00 00 A0 41 00 00 34 42
1787900435.823946,34680,14d0,12,34 00 49 42 B5 CA A4 41 00 00 38 42
1787900435.825311,34680,14d1,12,2D FD 4B 42 C3 F4 B2 41 00 00 3C 42
1787900435.826689,34680,14d2,12,45 EF 50 42 AC ED C9 41 00 00 40 42
1787900435.827940,34680,14d3,12,11 CB 57 42 7A D0 E8 41 00 00 44 42
1787900435.829210,34680,14d4,12,E2 7C 60 42 40 2C 07 42 00 00 48 42
1787900435.830619,34680,14d5,12,2E F1 6A 42 0E 89 1C 42 00 00 4C 42
1787900435.831812,34680,14d6,12,F9 09 77 42 16 9E 33 42 00 00 50 42
1787900435.833287,34680,14d7,12,EA 54 82 42 09 83 4B 42 00 00 54 42
1787900435.834668,34680,14d8,12,2E D8 89 42 D0 47 63 42 00 00 58 42
1787900435.835937,34680,14d9,12,3C F9 91 42 8E F2 79 42 00 00 5C 42
1787900435.837210,34680,14da,12,CE A5 9A 42 69 51 87 42 00 00 60 42
1787900435.838573,34680,14db,12,03 C5 A3 42 8F 3F 90 42 00 00 64 42
1787900435.839790,34680,14dc,12,D8 40 AD 42 56 6A 97 42 00 00 68 42
1787900435.841136,34680,14dd,12,99 02 B7 42 40 89 9C 42 00 00 6C 42
1787900435.842842,34680,14de,12,48 EE C0 42 7B 66 9F 42 00 00 70 42
1787900435.844220,34680,14df,12,9A ED CA 42 A9 E5 9F 42 00 00 74 42
1787900435.845574,34680,14e0,12,E0 E3 D4 42 92 01 9E 42 00 00 78 42
1787900435.846961,34680,14e1,12,32 B9 DE 42 C2 CD 99 42 00 00 7C 42
1787900435.848267,34680,14e2,12,E6 55 E8 42 F4 73 93 42 00 00 80 42
1787900435.849494,34680,14e3,12,69 9E F1 42 EA 36 8B 42 00 00 82 42
1787900435.851103,34680,14e4,12,DE 7D FA 42 37 68 81 42 00 00 84 42
1787900435.852514,34680,14e5,12,68 6D 01 43 E8 DD 6C 42 00 00 86 42
1787900435.853897,34680,14e6,12,A6 50 05 43 4F 73 55 42 00 00 88 42
1787900435.855242,34680,14e7,12,3E DF 08 43 C5 7B 3D 42 00 00 8A 42
1787900435.856476,34680,14e8,12,FC 0E 0C 43 3C F3 25 42 00 00 8C 42
1787900435.857887,34680,14e9,12,B7 D8 0E 43 BA C2 0F 42 00 00 8E 42
1787900435.859272,34680,14ea,12,70 34 11 43 05 A7 F7 41 00 00 90 42
1787900435.860643,34680,14eb,12,96 1C 13 43 AC DA D5 41 00 00 92 42
1787900435.861858,34680,14ec,12,7A 8C 14 43 B4 75 BB 41 00 00 94 42
1787900435.863176,34680,14ed,12,FC 7F 15 43 96 8D A9 41 00 00 96 42
1787900435.864527,34680,14ee,12,F9 F4 15 43 9E D3 A0 41 00 00 98 42
1787900435.865925,34680,14ef,12,21 EA 15 43 8B A3 A1 41 00 00 9A 42
1787900435.867314,34680,14f0,12,AD 5F 15 43 FA F2 AB 41 00 00 9C 42
1787900435.868611,34680,14f1,12,CA 56 14 43 72 5C BF 41 00 00 9E 42
1787900435.869982,34680,14f2,12,71 D2 12 43 E6 13 DB 41 00 00 A0 42
1787900435.871381,34680,14f3,12,0B D6 10 43 E0 06 FE 41 00 00 A2 42
1787900435.872736,34680,14f4,12,4A 67 0E 43 FF 62 13 42 00 00 A4 42
1787900435.873993,34680,14f5,12,21 8C 0B 43 43 DB 29 42 00 00 A6 42
1787900435.875368,34680,14f6,12,52 4B 08 43 C3 8A 41 42 00 00 A8 42
1787900435.876724,34680,14f7,12,33 AE 04 43 82 78 59 42 00 00 AA 42
1787900435.877935,34680,14f8,12,E4 BC 00 43 91 B7 70 42 00 00 AC 42
1787900435.879303,34680,14f9,12,65 05 F9 42 C8 29 83 42 00 00 AE 42
1787900435.880652,34680,14fa,12,AF 13 F0 42 E2 B9 8C 42 00 00 B0 42
1787900435.881938,34680,14fb,12,06 BA E6 42 A4 AB 94 42 00 00 B2 42
1787900435.883331,34680,14fc,12,3E 13 DD 42 88 AB 9A 42 00 00 B4 42
1787900435.884583,34680,14fd,12,06 35 D3 42 28 7E 9E 42 00 00 B6 42
1787900435.887217,34680,14fe,12,AE 3B C9 42 54 FB 9F 42 00 00 B8 42
1787900435.888595,34680,14ff,12,2F 3F BF 42 A1 14 9F 42 00 00 BA 42
1787900435.889956,34680,1500,12,88 57 B5 42 90 D2 9B 42 00 00 BC 42
1787900435.891193,34680,1501,12,23 A1 AB 42 62 57 96 42 00 00 BE 42
1787900435.892634,34680,1502,12,D4 31 A2 42 5C D9 8E 42 00 00 C0 42
1787900435.894072,34680,1503,12,AD 24 99 42 42 A7 85 42 00 00 C2 42
1787900435.895452,34680,1504,12,50 8F 90 42 B8 3B 76 42 00 00 C4 42
1787900435.896877,34680,1505,12,7C 86 88 42 9E 4D 5F 42 00 00 C6 42
1787900435.898207,34680,1506,12,3C 21 81 42 44 75 47 42 00 00 C8 42
1787900435.899637,34680,1507,12,62 E0 74 42 C4 9E 2F 42 00 00 CA 42
1787900435.901061,34680,1508,12,16 0D 69 42 B8 C4 18 42 00 00 CC 42
1787900435.902389,34680,1509,12,9E E4 5E 42 7A CC 03 42 00 00 CE 42
1787900435.903797,34680,150a,12,C5 7F 56 42 B2 12 E3 41 00 00 D0 42
1787900435.905220,34680,150b,12,A3 F6 4F 42 A2 76 C5 41 00 00 D2 42
1787900435.906676,34680,150c,12,E5 57 4B 42 F2 E9 AF 41 00 00 D4 42
1787900435.908761,34680,150d,12,CD B0 48 42 2E 4F A3 41 00 00 D6 42
1787900435.910182,34680,150e,12,44 07 48 42 E0 22 A0 41 00 00 D8 42
1787900435.911620,34680,150f,12,59 5D 49 42 26 87 A6 41 00 00 DA 42
1787900435.912918,34680,1510,12,36 AF 4C 42 CE 38 B6 41 00 00 DC 42
1787900435.914797,34680,1511,12,65 F5 51 42 72 9C CE 41 00 00 DE 42
1787900435.916173,34680,1512,12,C6 20 59 42 AE B1 EE 41 00 00 E0 42
1787900435.917583,34680,1513,12,AF 1F 62 42 32 9A 0A 42 00 00 E2 42
1787900435.918917,34680,1514,12,F0 DC 6C 42 68 51 20 42 00 00 E4 42
1787900435.920251,34680,1515,12,B9 39 79 42 2F 9A 37 42 00 00 E6 42
1787900435.921635,34680,1516,12,22 8D 83 42 FB 8D 4F 42 00 00 E8 42
1787900435.929472,34680,1517,12,60 2B 8B 42 FF 30 67 42 00 00 EA 42
1787900435.930883,34680,1518,12,22 65 93 42 D4 95 7D 42 00 00 EC 42
1787900435.932315,34680,1519,12,CA 26 9C 42 80 ED 88 42 00 00 EE 42
1787900435.933763,34680,151a,12,39 57 A5 42 B6 95 91 42 00 00 A0 41
1787900435.935492,34680,151b,12,C7 E1 AE 42 D3 6D 98 42 00 00 A8 41
1787900435.939229,34680,151c,12,15 AB B8 42 E4 2D 9D 42 00 00 B0 41
1787900435.959782,34680,151d,12,96 9B C2 42 AE A6 9F 42 00 00 B8 41
1787900435.975785,34680,151e,12,6F 9B CC 42 CB BE 9F 42 00 00 C0 41
1787900435.995546,34680,151f,12,F2 8D D6 42 40 75 9D 42 00 00 C8 41
1787900436.027446,34680,1520,12,C3 5C E0 42 B2 E0 98 42 00 00 D0 41
1787900436.034302,34680,1521,12,BF EB E9 42 46 31 92 42 00 00 D8 41
1787900436.036374,34680,1522,12,02 24 F3 42 A6 AA 89 42 00 00 E0 41
1787900436.039471,34680,1523,12,50 EF FB 42 40 44 7F 42 00 00 E8 41
1787900436.043643,34680,1524,12,37 1A 02 43 59 02 69 42 00 00 F0 41
1787900436.049006,34680,1525,12,63 F0 05 43 FB 6B 51 42 00 00 F8 41
1787900436.053337,34680,1526,12,2A 6F 09 43 1C 79 39 42 00 00 00 42
1787900436.054800,34680,1527,12,3D 8E 0C 43 6E 1A 22 42 00 00 04 42
1787900436.062042,34680,1528,12,04 46 0F 43 13 3B 0C 42 00 00 08 42
1787900436.065912,34680,1529,12,B5 8E 11 43 F8 81 F1 41 00 00 0C 42
1787900436.068967,34680,152a,12,2C 63 13 43 06 DA D0 41 00 00 10 42
1787900436.069531,34680,152b,12,2A BE 14 43 9A D5 B7 41 00 00 14 42
1787900436.069962,34680,152c,12,8A 9C 15 43 46 6E A7 41 00 00 18 42
1787900436.071321,34680,152d,12,18 FC 15 43 01 4B A0 41 00 00 1C 42
1787900436.072781,34680,152e,12,C3 DB 15 43 D3 B6 A2 41 00 00 20 42
1787900436.074428,34680,152f,12,D2 3B 15 43 C1 99 AE 41 00 00 24 42
1787900436.075918,34680,1530,12,12 1E 14 43 DA 76 C3 41 00 00 28 42
1787900436.077318,34680,1531,12,4D 85 12 43 68 7A E0 41 00 00 2C 42
1787900436.078758,34680,1532,12,3D 75 10 43 46 41 02 42 00 00 30 42
1787900436.080140,34680,1533,12,CD F3 0D 43 42 0A 17 42 00 00 34 42
1787900436.081547,34680,1534,12,9E 06 0B 43 55 CA 2D 42 00 00 38 42
1787900436.083205,34680,1535,12,16 B6 07 43 59 92 45 42 00 00 3C 42
1787900436.084717,34680,1536,12,41 0A 04 43 23 73 5D 42 00 00 40 42
1787900436.086108,34680,1537,12,DC 0B 00 43 9A 7C 74 42 00 00 44 42
1787900436.087469,34680,1538,12,BA 8C F7 42 48 DE 84 42 00 00 48 42
1787900436.088690,34680,1539,12,BA 86 EE 42 50 30 8E 42 00 00 4C 42
1787900436.090017,34680,153a,12,99 1F E5 42 68 D2 95 42 00 00 50 42
1787900436.091374,34680,153b,12,04 6E DB 42 46 78 9B 42 00 00 54 42
1787900436.092727,34680,153c,12,34 89 D1 42 A6 E8 9E 42 00 00 58 42
1787900436.094167,34680,153d,12,8B 8D C7 42 63 FF 9F 42 00 00 5C 42
1787900436.095344,34680,153e,12,79 91 BD 42 B4 B1 9E 42 00 00 60 42
1787900436.096744,34680,153f,12,A3 B1 B3 42 4C 0D 9B 42 00 00 64 42
1787900436.098033,34680,1540,12,B7 05 AA 42 50 37 95 42 00 00 68 42
1787900436.099430,34680,1541,12,FF A4 A0 42 EB 69 8D 42 00 00 6C 42
1787900436.100759,34680,1542,12,62 AA 97 42 24 F7 83 42 00 00 70 42
1787900436.102108,34680,1543,12,10 2A 8F 42 0F 79 72 42 00 00 74 42
1787900436.103493,34680,1544,12,6A 3C 87 42 C0 55 5B 42 00 00 78 42
1787900436.104794,34680,1545,12,B0 E8 7F 42 34 6D 43 42 00 00 7C 42
1787900436.106165,34680,1546,12,FF C6 72 42 AB AF 2B 42 00 00 80 42
1787900436.107524,34680,1547,12,70 39 67 42 B4 16 15 42 00 00 82 42
1787900436.108851,34680,1548,12,F7 59 5D 42 14 82 00 42 00 00 84 42
1787900436.110226,34680,1549,12,E8 44 55 42 41 94 DD 41 00 00 86 42
1787900436.111450,34680,154a,12,3F 0D 4F 42 6A 40 C1 41 00 00 88 42
1787900436.112813,34680,154b,12,5D C2 4A 42 29 27 AD 41 00 00 8A 42
1787900436.114156,34680,154c,12,93 70 48 42 C4 1B A2 41 00 00 8C 42
1787900436.115380,34680,154d,12,17 1D 48 42 98 8B A0 41 00 00 8E 42
1787900436.116599,34680,154e,12,D8 C8 49 42 14 87 A8 41 00 00 90 42
1787900436.117833,34680,154f,12,5D 6F 4D 42 CD BB B9 41 00 00 92 42
1787900436.119220,34680,1550,12,56 08 53 42 E3 7E D3 41 00 00 94 42
1787900436.120571,34680,1551,12,B2 83 5A 42 84 C1 F4 41 00 00 96 42
1787900436.121796,34680,1552,12,A4 D0 63 42 2C 1D 0E 42 00 00 98 42
1787900436.123163,34680,1553,12,7B D4 6E 42 39 25 24 42 00 00 9A 42
1787900436.124597,34680,1554,12,60 74 7B 42 06 9B 3B 42 00 00 9C 42
1787900436.125922,34680,1555,12,2D C9 84 42 FE 92 53 42 00 00 9E 42
1787900436.127303,34680,1556,12,F6 82 8C 42 29 11 6B 42 00 00 A0 42
1787900436.128680,34680,1557,12,2E D6 94 42 75 96 80 42 00 00 A2 42
1787900436.130014,34680,1558,12,F2 AA 9D 42 EA 7E 8A 42 00 00 A4 42
1787900436.131307,34680,1559,12,F0 EB A6 42 AF DE 92 42 00 00 A6 42
1787900436.138217,34680,155a,12,04 83 B0 42 30 61 99 42 00 00 A8 42
1787900436.139644,34680,155b,12,AD 54 BA 42 00 C2 9D 42 00 00 AA 42
1787900436.140914,34680,155c,12,D7 4A C4 42 C5 D5 9F 42 00 00 AC 42
1787900436.142146,34680,155d,12,EF 48 CE 42 A8 86 9F 42 00 00 AE 42
1787900436.143538,34680,155e,12,F7 36 D8 42 52 D8 9C 42 00 00 B0 42
1787900436.144763,34680,155f,12,0C FD E1 42 2C E5 97 42 00 00 B2 42
1787900436.146043,34680,1560,12,25 7F EB 42 3E E1 90 42 00 00 B4 42
1787900436.147400,34680,1561,12,E3 A7 F4 42 FF 11 88 42 00 00 B6 42
1787900436.148756,34680,1562,12,01 5D FD 42 18 A8 7B 42 00 00 B8 42
1787900436.150023,34680,1563,12,D8 C4 02 43 3E 1D 65 42 00 00 BA 42
1787900436.151456,34680,1564,12,16 8D 06 43 A8 65 4D 42 00 00 BC 42
1787900436.153553,34680,1565,12,62 FC 09 43 A6 7A 35 42 00 00 BE 42
1787900436.155246,34680,1566,12,02 0B 0D 43 10 49 1E 42 00 00 C0 42
1787900436.156387,34680,1567,12,31 B0 0F 43 B4 C4 08 42 00 00 C2 42
1787900436.157682,34680,1568,12,AE E5 11 43 BC 8A EB 41 00 00 C4 42
1787900436.159055,34680,1569,12,11 A6 13 43 5C 15 CC 41 00 00 C6 42
1787900436.160436,34680,156a,12,53 EC 14 43 FC 73 B4 41 00 00 C8 42
1787900436.161819,34680,156b,12,96 B5 15 43 96 90 A5 41 00 00 CA 42
1787900436.163053,34680,156c,12,9A FF 15 43 AE 07 A0 41 00 00 CC 42
1787900436.164399,34680,156d,12,C9 C9 15 43 B2 0E A4 41 00 00 CE 42
1787900436.165628,34680,156e,12,89 14 15 43 5B 7F B1 41 00 00 D0 42
1787900436.166902,34680,156f,12,E0 E1 13 43 61 CC C7 41 00 00 D2 42
1787900436.168270,34680,1570,12,80 34 12 43 F3 18 E6 41 00 00 D4 42
1787900436.169634,34680,1571,12,38 11 10 43 46 93 05 42 00 00 D6 42
1787900436.171013,34680,1572,12,47 7D 0D 43 AB BF 1A 42 00 00 D8 42
1787900436.172445,34680,1573,12,C4 7E 0A 43 5A BD 31 42 00 00 DA 42
1787900436.173879,34680,1574,12,45 1E 07 43 A4 9A 49 42 00 00 DC 42
1787900436.175242,34680,1575,12,62 63 03 43 3B 6B 61 42 00 00 DE 42
1787900436.176624,34680,1576,12,9C B1 FE 42 C6 34 78 42 00 00 E0 42
1787900436.177934,34680,1577,12,9F 10 F6 42 49 89 86 42 00 00 E2 42
1787900436.179288,34680,1578,12,69 F8 EC 42 2B 99 8F 42 00 00 E4 42
1787900436.180559,34680,1579,12,12 83 E3 42 C6 EA 96 42 00 00 E6 42
1787900436.181798,34680,157a,12,DA C5 D9 42 A2 35 9C 42 00 00 E8 42
1787900436.183173,34680,157b,12,B2 DC CF 42 1D 42 9F 42 00 00 EA 42
1787900436.184522,34680,157c,12,71 DF C5 42 1A F2 9F 42 00 00 EC 42
1787900436.185746,34680,157d,12,13 E6 BB 42 22 3E 9E 42 00 00 EE 42
1787900436.186971,34680,157e,12,35 0D B2 42 1E 38 9A 42 00 00 A0 41
1787900436.188255,34680,157f,12,F9 6A A8 42 E4 07 94 42 00 00 A8 41
1787900436.189628,34680,1580,12,01 1B 9F 42 82 EE 8B 42 00 00 B0 41
1787900436.190944,34680,1581,12,97 33 96 42 C8 3D 82 42 00 00 B8 41
1787900436.192301,34680,1582,12,38 CA 8D 42 95 AD 6E 42 00 00 C0 41
1787900436.193634,34680,1583,12,06 F7 85 42 4A 58 57 42 00 00 C8 41
1787900436.195233,34680,1584,12,2E 97 7D 42 B9 62 3F 42 00 00 D0 41
1787900436.196522,34680,1585,12,FA B8 70 42 C0 C8 27 42 00 00 D8 41
1787900436.197906,34680,1586,12,FB 71 65 42 69 77 11 42 00 00 E0 41
1787900436.199261,34680,1587,12,AD DD 5B 42 DB 9E FA 41 00 00 E8 41
1787900436.200660,34680,1588,12,88 17 54 42 63 49 D8 41 00 00 F0 41
1787900436.202334,34680,1589,12,07 31 4E 42 60 42 BD 41 00 00 F8 41
1787900436.203646,34680,158a,12,17 3B 4A 42 F2 A5 AA 41 00 00 00 42
1787900436.205008,34680,158b,12,C6 3E 48 42 1F 2D A1 41 00 00 04 42
1787900436.206382,34680,158c,12,4F 41 48 42 47 39 A1 41 00 00 08 42
1787900436.207690,34680,158d,12,AC 42 4A 42 EC C9 AA 41 00 00 0C 42
1787900436.209048,34680,158e,12,5A 3E 4E 42 57 80 BD 41 00 00 10 42
1787900436.210417,34680,158f,12,ED 28 54 42 D2 97 D8 41 00 00 14 42
1787900436.211759,34680,1590,12,BD F3 5B 42 39 FE FA 41 00 00 18 42
1787900436.213020,34680,1591,12,80 8C 65 42 AA AD 11 42 00 00 1C 42
1787900436.214310,34680,1592,12,AD D7 70 42 68 03 28 42 00 00 20 42
1787900436.215684,34680,1593,12,E4 BB 7D 42 30 A3 3F 42 00 00 24 42
1787900436.217019,34680,1594,12,14 0A 86 42 A8 94 57 42 00 00 28 42
1787900436.218353,34680,1595,12,DA DE 8D 42 30 E7 6E 42 00 00 2C 42
1787900436.219714,34680,1596,12,97 49 96 42 0E 58 82 42 00 00 30 42
1787900436.221053,34680,1597,12,28 32 9F 42 34 05 8C 42 00 00 34 42
1787900436.222475,34680,1598,12,86 84 A8 42 3A 1B 94 42 00 00 38 42
1787900436.223754,34680,1599,12,F5 25 B2 42 20 45 9A 42 00 00 3C 42
1787900436.225005,34680,159a,12,41 FF BB 42 6B 45 9E 42 00 00 40 42
1787900436.226339,34680,159b,12,CD F8 C5 42 5D F3 9F 42 00 00 44 42
1787900436.227710,34680,159c,12,FB F5 CF 42 50 3D 9F 42 00 00 48 42
1787900436.228920,34680,159d,12,59 E0 D9 42 4C 2A 9C 42 00 00 4C 42
1787900436.230349,34680,159e,12,73 9B E3 42 A6 DA 96 42 00 00 50 42
1787900436.231695,34680,159f,12,F9 0F ED 42 3C 84 8F 42 00 00 54 42
1787900436.233078,34680,15a0,12,21 27 F6 42 61 70 86 42 00 00 58 42
1787900436.234299,34680,15a1,12,D6 C6 FE 42 01 FD 77 42 00 00 5C 42
1787900436.235519,34680,15a2,12,DC 6D 03 43 0F 2C 61 42 00 00 60 42
1787900436.236841,34680,15a3,12,4B 27 07 43 C5 5D 49 42 00 00 64 42
1787900436.238268,34680,15a4,12,DA 86 0A 43 8B 81 31 42 00 00 68 42
1787900436.239653,34680,15a5,12,5A 84 0D 43 4F 87 1A 42 00 00 6C 42
1787900436.240999,34680,15a6,12,35 17 10 43 9C 60 05 42 00 00 70 42
1787900436.242366,34680,15a7,12,A3 39 12 43 C2 BD E5 41 00 00 74 42
1787900436.243719,34680,15a8,12,85 E5 13 43 56 89 C7 41 00 00 78 42
1787900436.245081,34680,15a9,12,F3 16 15 43 D5 51 B1 41 00 00 7C 42
1787900436.246480,34680,15aa,12,F2 CA 15 43 85 F8 A3 41 00 00 80 42
1787900436.247766,34680,15ab,12,7E FF 15 43 BA 09 A0 41 00 00 82 42
1787900436.249010,34680,15ac,12,21 B4 15 43 64 AC A5 41 00 00 84 42
1787900436.250304,34680,15ad,12,B3 E9 14 43 47 A5 B4 41 00 00 86 42
1787900436.251542,34680,15ae,12,38 A2 13 43 C9 5B CC 41 00 00 88 42
1787900436.252873,34680,15af,12,A5 E0 11 43 7E E3 EB 41 00 00 8A 42
1787900436.254094,34680,15b0,12,04 AA 0F 43 79 F8 08 42 00 00 8C 42
1787900436.255468,34680,15b1,12,50 03 0D 43 AE 85 1E 42 00 00 8E 42
1787900436.256815,34680,15b2,12,21 F4 09 43 CE B6 35 42 00 00 90 42
1787900436.258212,34680,15b3,12,EB 83 06 43 77 A2 4D 42 00 00 92 42
1787900436.259541,34680,15b4,12,D8 BA 02 43 49 58 65 42 00 00 94 42
1787900436.260943,34680,15b5,12,8C 47 FD 42 03 DF 7B 42 00 00 96 42
1787900436.262232,34680,15b6,12,CA 8F F4 42 CC 2B 88 42 00 00 98 42
1787900436.263551,34680,15b7,12,6D 67 EB 42 6C F5 90 42 00 00 9A 42
1787900436.264916,34680,15b8,12,8D E4 E1 42 6C F4 97 42 00 00 9C 42
1787900436.266334,34680,15b9,12,EF 1D D8 42 08 E2 9C 42 00 00 9E 42
1787900436.267545,34680,15ba,12,9F 2F CE 42 72 8A 9F 42 00 00 A0 42
1787900436.268914,34680,15bb,12,EE 2F C4 42 58 D3 9F 42 00 00 A2 42
1787900436.270195,34680,15bc,12,8D 3B BA 42 BB B9 9D 42 00 00 A4 42
1787900436.271424,34680,15bd,12,5E 6A B0 42 44 53 99 42 00 00 A6 42
1787900436.272846,34680,15be,12,01 D4 A6 42 A8 CB 92 42 00 00 A8 42
1787900436.274220,34680,15bf,12,F8 93 9D 42 8D 67 8A 42 00 00 AA 42
1787900436.275460,34680,15c0,12,0D BF 94 42 08 7A 80 42 00 00 AC 42
1787900436.276792,34680,15c1,12,95 6E 8C 42 ED D6 6A 42 00 00 AE 42
1787900436.278030,34680,15c2,12,68 B6 84 42 65 56 53 42 00 00 B0 42
1787900436.279354,34680,15c3,12,6D 52 7B 42 7B 5E 3B 42 00 00 B2 42
1787900436.280732,34680,15c4,12,77 B6 6E 42 26 EB 23 42 00 00 B4 42
1787900436.282059,34680,15c5,12,45 B5 63 42 99 E4 0D 42 00 00 B6 42
1787900436.283358,34680,15c6,12,68 6E 5A 42 BE 64 F4 41 00 00 B8 42
1787900436.284733,34680,15c7,12,BE F7 52 42 A0 33 D3 41 00 00 BA 42
1787900436.286114,34680,15c8,12,A4 63 4D 42 0F 85 B9 41 00 00 BC 42
1787900436.287856,34680,15c9,12,1C C2 49 42 07 67 A8 41 00 00 BE 42
1787900436.289154,34680,15ca,12,4E 1B 48 42 06 83 A0 41 00 00 C0 42
1787900436.290551,34680,15cb,12,F6 73 48 42 FC 2B A2 41 00 00 C2 42
1787900436.291842,34680,15cc,12,C9 CA 4A 42 06 4F AD 41 00 00 C4 42
1787900436.293307,34680,15cd,12,9F 1A 4F 42 59 7E C1 41 00 00 C6 42
1787900436.294669,34680,15ce,12,19 57 55 42 C6 E5 DD 41 00 00 C8 42
1787900436.295889,34680,15cf,12,33 72 5D 42 05 B6 00 42 00 00 CA 42
1787900436.297141,34680,15d0,12,AC 54 67 42 DB 4D 15 42 00 00 CC 42
1787900436.298512,34680,15d1,12,60 E6 72 42 D6 EA 2B 42 00 00 CE 42
1787900436.299835,34680,15d2,12,F1 05 80 42 09 AA 43 42 00 00 D0 42
1787900436.301132,34680,15d3,12,C0 4F 87 42 D1 91 5B 42 00 00 D2 42
1787900436.302495,34680,15d4,12,3A 40 8F 42 7A B5 72 42 00 00 D4 42
1787900436.303794,34680,15d5,12,98 C0 97 42 E2 10 84 42 00 00 D6 42
1787900436.305158,34680,15d6,12,51 BC A0 42 EC 7F 8D 42 00 00 D8 42
1787900436.306396,34680,15d7,12,EA 1D AA 42 B2 48 95 42 00 00 DA 42
1787900436.329830,34680,15d8,12,7A CA B3 42 60 19 9B 42 00 00 DC 42
1787900436.331685,34680,15d9,12,41 AC BD 42 60 B8 9E 42 00 00 DE 42
1787900436.333434,34680,15da,12,E9 A6 C7 42 A1 FF 9F 42 00 00 E0 42
1787900436.334816,34680,15db,12,74 A2 D1 42 D8 E2 9E 42 00 00 E2 42
1787900436.342003,34680,15dc,12,E5 86 DB 42 A5 6C 9B 42 00 00 E4 42
1787900436.343338,34680,15dd,12,DC 37 E5 42 6C C1 95 42 00 00 E6 42
1787900436.344857,34680,15de,12,91 9F EE 42 50 19 8E 42 00 00 E8 42
1787900436.346315,34680,15df,12,09 A3 F7 42 CE C4 84 42 00 00 EA 42
1787900436.347788,34680,15e0,12,5B 16 00 43 0A 44 74 42 00 00 EC 42
1787900436.349566,34680,15e1,12,FC 13 04 43 3C 37 5D 42 00 00 EE 42
1787900436.351047,34680,15e2,12,F5 BE 07 43 7D 55 45 42 00 00 A0 41
1787900436.352511,34680,15e3,12,07 0F 0B 43 49 8B 2D 42 00 00 A8 41
1787900436.353903,34680,15e4,12,B2 FA 0D 43 B4 D2 16 42 00 00 B0 41
1787900436.355194,34680,15e5,12,0A 7B 10 43 C6 0F 02 42 00 00 B8 41
1787900436.356607,34680,15e6,12,F2 89 12 43 75 27 E0 41 00 00 C0 41
1787900436.358378,34680,15e7,12,83 21 14 43 43 37 C3 41 00 00 C8 41
1787900436.359667,34680,15e8,12,2A 3E 15 43 7D 6D AE 41 00 00 D0 41
1787900436.361039,34680,15e9,12,B5 DC 15 43 AE A4 A2 41 00 00 D8 41
1787900436.362345,34680,15ea,12,C6 FB 15 43 23 51 A0 41 00 00 E0 41
1787900436.363615,34680,15eb,12,F4 9A 15 43 74 8C A7 41 00 00 E8 41
1787900436.364965,34680,15ec,12,54 BB 14 43 9B 0A B8 41 00 00 F0 41
1787900436.366325,34680,15ed,12,DE 5E 13 43 4A 28 D1 41 00 00 F8 41
1787900436.367674,34680,15ee,12,79 89 11 43 79 DD F1 41 00 00 00 42
1787900436.369069,34680,15ef,12,A8 3F 0F 43 E4 6F 0C 42 00 00 04 42
1787900436.370441,34680,15f0,12,D0 86 0C 43 35 54 22 42 00 00 08 42
1787900436.371712,34680,15f1,12,C0 66 09 43 8B B5 39 42 00 00 0C 42
1787900436.373028,34680,15f2,12,7E E6 05 43 67 AC 51 42 00 00 10 42
1787900436.374403,34680,15f3,12,16 10 02 43 DB 3C 69 42 00 00 14 42
1787900436.375647,34680,15f4,12,A2 D9 FB 42 41 7A 7F 42 00 00 18 42
1787900436.377026,34680,15f5,12,1F 0D F3 42 52 C2 89 42 00 00 1C 42
1787900436.378335,34680,15f6,12,E2 D3 E9 42 AD 44 92 42 00 00 20 42
1787900436.379667,34680,15f7,12,A5 42 E0 42 EF EF 98 42 00 00 24 42
1787900436.381027,34680,15f8,12,DA 74 D6 42 FC 7D 9D 42 00 00 28 42
1787900436.382352,34680,15f9,12,19 82 CC 42 91 C1 9F 42 00 00 2C 42
1787900436.383584,34680,15fa,12,42 82 C2 42 5F A3 9F 42 00 00 30 42
1787900436.384917,34680,15fb,12,05 92 B8 42 A4 24 9D 42 00 00 34 42
1787900436.386264,34680,15fc,12,B7 C7 AE 42 15 5E 98 42 00 00 38 42
1787900436.387520,34680,15fd,12,6F 3F A5 42 E5 81 91 42 00 00 3C 42
1787900436.388910,34680,15fe,12,00 10 9C 42 7E D5 88 42 00 00 40 42
1787900436.390196,34680,15ff,12,92 4F 93 42 56 5F 7D 42 00 00 44 42
1787900436.391384,34680,1600,12,40 17 8B 42 33 F6 66 42 00 00 48 42
1787900436.392857,34680,1601,12,83 79 83 42 7B 4D 4F 42 00 00 4C 42
1787900436.394194,34680,1602,12,6A 18 79 42 E4 5D 37 42 00 00 50 42
1787900436.395357,34680,1603,12,9C BF 6C 42 FA 17 20 42 00 00 54 42
1787900436.396648,34680,1604,12,A3 06 62 42 EC 65 0A 42 00 00 58 42
1787900436.398047,34680,1605,12,41 0C 59 42 9D 57 EE 41 00 00 5C 42
1787900436.399386,34680,1606,12,A4 E4 51 42 03 50 CE 41 00 00 60 42
1787900436.400698,34680,1607,12,52 A4 4C 42 BF 05 B6 41 00 00 64 42
1787900436.402072,34680,1608,12,75 57 49 42 10 6B A6 41 00 00 68 42
1787900436.403412,34680,1609,12,70 06 48 42 E5 1E A0 41 00 00 6C 42
1787900436.404637,34680,160a,12,09 B5 48 42 72 63 A3 41 00 00 70 42
1787900436.406036,34680,160b,12,BA 61 4B 42 5B 18 B0 41 00 00 74 42
1787900436.407851,34680,160c,12,D5 04 50 42 0D B8 C5 41 00 00 78 42
1787900436.409237,34680,160d,12,C2 92 56 42 35 67 E3 41 00 00 7C 42
1787900436.410421,34680,160e,12,34 FC 5E 42 98 FE 03 42 00 00 80 42
1787900436.411661,34680,160f,12,0B 29 69 42 B4 FC 18 42 00 00 82 42
1787900436.418491,34680,1610,12,66 02 75 42 0F DE 2F 42 00 00 84 42
1787900436.419821,34680,1611,12,24 33 81 42 23 B2 47 42 00 00 86 42
1787900436.421219,34680,1612,12,18 9A 88 42 52 89 5F 42 00 00 88 42
1787900436.422644,34680,1613,12,6E A4 90 42 DF 73 76 42 00 00 8A 42
1787900436.423946,34680,1614,12,16 3B 99 42 70 C0 85 42 00 00 8C 42
1787900436.425287,34680,1615,12,C4 4A A2 42 F4 EF 8E 42 00 00 8E 42
1787900436.427080,34680,1616,12,77 B9 AB 42 EB 67 96 42 00 00 90 42
1787900436.428554,34680,1617,12,74 70 B5 42 B2 DD 9B 42 00 00 92 42
1787900436.430023,34680,1618,12,74 58 BF 42 E8 19 9F 42 00 00 94 42
1787900436.431431,34680,1619,12,0B 55 C9 42 8C FA 9F 42 00 00 96 42
1787900436.432940,34680,161a,12,C7 4F D3 42 EE 76 9E 42 00 00 98 42
1787900436.436238,34680,161b,12,08 2C DD 42 F7 9E 9A 42 00 00 9A 42
1787900436.439690,34680,161c,12,29 D2 E6 42 D1 99 94 42 00 00 9C 42
1787900436.440233,34680,161d,12,EB 2A F0 42 83 A3 8C 42 00 00 9E 42
1787900436.441772,34680,161e,12,7F 1B F9 42 C2 0F 83 42 00 00 A0 42
1787900436.446484,34680,161f,12,E7 C7 00 43 C1 7A 70 42 00 00 A2 42
1787900436.447989,34680,1620,12,CB B7 04 43 46 3C 59 42 00 00 A4 42
1787900436.451682,34680,1621,12,0A 54 08 43 FA 4D 41 42 00 00 A6 42
1787900436.453721,34680,1622,12,E2 93 0B 43 5A A0 29 42 00 00 A8 42
1787900436.457259,34680,1623,12,02 6E 0E 43 50 2C 13 42 00 00 AA 42
1787900436.460821,34680,1624,12,FF DB 10 43 5E A0 FD 41 00 00 AC 42
1787900436.462567,34680,1625,12,E3 D6 12 43 FE C3 DA 41 00 00 AE 42
1787900436.465699,34680,1626,12,06 5A 14 43 61 20 BF 41 00 00 B0 42
1787900436.467525,34680,1627,12,AC 61 15 43 26 CD AB 41 00 00 B2 42
1787900436.468103,34680,1628,12,DE EA 15 43 75 95 A1 41 00 00 B4 42
1787900436.468548,34680,1629,12,68 F4 15 43 79 DE A0 41 00 00 B6 42
1787900436.469568,34680,162a,12,31 7E 15 43 B6 AF A9 41 00 00 B8 42
1787900436.470994,34680,162b,12,70 89 14 43 5C AE BB 41 00 00 BA 42
1787900436.471198,34680,162c,12,56 18 13 43 9D 27 D6 41 00 00 BC 42
1787900436.471406,34680,162d,12,03 2F 11 43 2B 05 F8 41 00 00 BE 42
1787900436.472256,34680,162e,12,C5 D1 0E 43 D8 FB 0F 42 00 00 C0 42
1787900436.473745,34680,162f,12,64 07 0C 43 A0 2D 26 42 00 00 C2 42
1787900436.475074,34680,1630,12,AC D6 08 43 6A B8 3D 42 00 00 C4 42
1787900436.476440,34680,1631,12,30 47 05 43 CB AF 55 42 00 00 C6 42
1787900436.477712,34680,1632,12,27 63 01 43 D2 17 6D 42 00 00 C8 42
1787900436.478975,34680,1633,12,9E 66 FA 42 5D 84 81 42 00 00 CA 42
1787900436.480352,34680,1634,12,58 87 F1 42 EE 4D 8B 42 00 00 CC 42
1787900436.481586,34680,1635,12,E5 3D E8 42 8F 86 93 42 00 00 CE 42
1787900436.482957,34680,1636,12,7E A0 DE 42 34 DB 99 42 00 00 D0 42
1787900436.484258,34680,1637,12,B9 CA D4 42 52 09 9E 42 00 00 D2 42
1787900436.485621,34680,1638,12,B0 D2 CA 42 85 E7 9F 42 00 00 D4 42
1787900436.487000,34680,1639,12,FB D4 C0 42 28 62 9F 42 00 00 D6 42
1787900436.488389,34680,163a,12,9B E9 B6 42 08 7F 9C 42 00 00 D8 42
1787900436.489829,34680,163b,12,68 28 AD 42 9E 5A 97 42 00 00 DA 42
1787900436.491114,34680,163c,12,60 AD A3 42 FB 2A 90 42 00 00 DC 42
1787900436.492461,34680,163d,12,D0 8D 9A 42 45 37 87 42 00 00 DE 42
1787900436.493813,34680,163e,12,E6 E3 91 42 2E BB 79 42 00 00 E0 42
1787900436.495124,34680,163f,12,52 C4 89 42 85 0C 63 42 00 00 E2 42
1787900436.496323,34680,1640,12,BA 42 82 42 30 46 4B 42 00 00 E4 42
1787900436.497621,34680,1641,12,50 E9 76 42 1B 62 33 42 00 00 E6 42
1787900436.498884,34680,1642,12,CC D2 6A 42 D8 4C 1C 42 00 00 E8 42
1787900436.500183,34680,1643,12,95 64 60 42 0E F9 06 42 00 00 EA 42
1787900436.501531,34680,1644,12,55 B7 57 42 36 79 E8 41 00 00 EC 42
1787900436.502742,34680,1645,12,4D E0 50 42 05 A9 C9 41 00 00 EE 42
1787900436.504020,34680,1646,12,1E F3 4B 42 73 C5 B2 41 00 00 A0 41
1787900436.505496,34680,1647,12,DA FA 48 42 24 B1 A4 41 00 00 A8 41
1787900436.506782,34680,1648,12,06 00 48 42 1C 00 A0 41 00 00 B0 41
1787900436.508232,34680,1649,12,84 04 49 42 4D DF A4 41 00 00 B8 41
1787900436.509481,34680,164a,12,5B 06 4C 42 F2 1F B3 41 00 00 C0 41
1787900436.513032,34680,164b,12,EA FC 50 42 3A 2C CA 41 00 00 C8 41
1787900436.517395,34680,164c,12,0A DD 57 42 EC 1F E9 41 00 00 D0 41
1787900436.517858,34680,164d,12,01 93 60 42 D4 5A 07 42 00 00 D8 41
1787900436.519058,34680,164e,12,77 09 6B 42 24 B9 1C 42 00 00 E0 41
1787900436.524761,34680,164f,12,B0 27 77 42 9C D4 33 42 00 00 E8 41
1787900436.525915,34680,1650,12,75 65 82 42 54 BA 4B 42 00 00 F0 41
1787900436.530756,34680,1651,12,3E EA 89 42 AC 7D 63 42 00 00 F8 41
1787900436.532012,34680,1652,12,A3 0C 92 42 D6 24 7A 42 00 00 00 42
1787900436.533451,34680,1653,12,F6 B8 9A 42 3E 66 87 42 00 00 04 42
1787900436.535041,34680,1654,12,80 DA A3 42 38 52 90 42 00 00 08 42
1787900436.536447,34680,1655,12,0E 57 AD 42 92 78 97 42 00 00 0C 42
1787900436.537658,34680,1656,12,50 19 B7 42 7E 92 9C 42 00 00 10 42
1787900436.539409,34680,1657,12,46 05 C1 42 5C 6A 9F 42 00 00 14 42
1787900436.541103,34680,1658,12,14 03 CB 42 21 E4 9F 42 00 00 18 42
1787900436.542416,34680,1659,12,BC FA D4 42 7A FA 9D 42 00 00 1C 42
1787900436.543845,34680,165a,12,A4 CF DE 42 7F C1 99 42 00 00 20 42
1787900436.545058,34680,165b,12,B5 6B E8 42 02 63 93 42 00 00 24 42
1787900436.546437,34680,165c,12,5E B3 F1 42 F7 21 8B 42 00 00 28 42
1787900436.547703,34680,165d,12,69 90 FA 42 BB 51 81 42 00 00 2C 42
1787900436.548990,34680,165e,12,B9 76 01 43 40 A9 6C 42 00 00 30 42
1787900436.550233,34680,165f,12,3D 59 05 43 56 3C 55 42 00 00 34 42
1787900436.551522,34680,1660,12,06 E7 08 43 AB 44 3D 42 00 00 38 42
1787900436.554816,34680,1661,12,E0 15 0C 43 34 BE 25 42 00 00 3C 42
1787900436.556081,34680,1662,12,40 DE 0E 43 31 95 0F 42 00 00 40 42
1787900436.557388,34680,1663,12,5C 39 11 43 98 51 F7 41 00 00 44 42
1787900436.558662,34680,1664,12,72 20 13 43 EA 94 D5 41 00 00 48 42
1787900436.559849,34680,1665,12,3B 8F 14 43 68 42 BB 41 00 00 4C 42
1787900436.561186,34680,1666,12,9B 81 15 43 C7 6E A9 41 00 00 50 42
1787900436.562663,34680,1667,12,6A F5 15 43 27 CB A0 41 00 00 54 42
1787900436.563909,34680,1668,12,74 E9 15 43 8C B0 A1 41 00 00 58 42
1787900436.565213,34680,1669,12,DA 5D 15 43 8B 15 AC 41 00 00 5C 42
1787900436.566502,34680,166a,12,D6 53 14 43 36 93 BF 41 00 00 60 42
1787900436.567739,34680,166b,12,65 CE 12 43 AB 5C DB 41 00 00 64 42
1787900436.569641,34680,166c,12,49 D1 10 43 CC 58 FE 41 00 00 68 42
1787900436.570912,34680,166d,12,2E 61 0E 43 BC 94 13 42 00 00 6C 42
1787900436.572205,34680,166e,12,12 85 0B 43 D1 10 2A 42 00 00 70 42
1787900436.573462,34680,166f,12,64 43 08 43 01 C2 41 42 00 00 74 42
1787900436.574785,34680,1670,12,7A A5 04 43 3B AF 59 42 00 00 78 42
1787900436.575991,34680,1671,12,18 B4 00 43 10 E8 70 42 00 00 7C 42
1787900436.577289,34680,1672,12,4D F1 F8 42 68 41 83 42 00 00 80 42
1787900436.578660,34680,1673,12,90 FE EF 42 2E CE 8C 42 00 00 82 42
1787900436.579863,34680,1674,12,16 A4 E6 42 CC BB 94 42 00 00 84 42
1787900436.581816,34680,1675,12,B5 FC DC 42 E8 B6 9A 42 00 00 86 42
1787900436.583069,34680,1676,12,AC 1F D3 42 E2 83 9E 42 00 00 88 42
1787900436.584369,34680,1677,12,A2 24 C9 42 FC FB 9F 42 00 00 8A 42
1787900436.585623,34680,1678,12,39 28 BF 42 C8 0F 9F 42 00 00 8C 42
1787900436.586848,34680,1679,12,E4 40 B5 42 66 C8 9B 42 00 00 8E 42
1787900436.588204,34680,167a,12,0A 8B AB 42 50 48 96 42 00 00 90 42
1787900436.590404,34680,167b,12,F1 1D A2 42 4C C7 8E 42 00 00 92 42
1787900436.593869,34680,167c,12,51 10 99 42 58 90 85 42 00 00 94 42
1787900436.594669,34680,167d,12,23 7C 90 42 A6 08 76 42 00 00 96 42
1787900436.597790,34680,167e,12,AE 74 88 42 58 17 5F 42 00 00 98 42
1787900436.598022,34680,167f,12,FC 10 81 42 F2 3D 47 42 00 00 9A 42
1787900436.599037,34680,1680,12,45 C5 74 42 48 6C 2F 42 00 00 9C 42
1787900436.600410,34680,1681,12,B9 F3 68 42 E2 91 18 42 00 00 9E 42
1787900436.601702,34680,1682,12,38 CF 5E 42 FC 9E 03 42 00 00 A0 42
1787900436.603495,34680,1683,12,8F 6E 56 42 0D C6 E2 41 00 00 A2 42
1787900436.604915,34680,1684,12,C6 E9 4F 42 5C 3B C5 41 00 00 A4 42
1787900436.606307,34680,1685,12,16 50 4B 42 19 C5 AF 41 00 00 A6 42
1787900436.607712,34680,1686,12,FE AC 48 42 F7 3C A3 41 00 00 A8 42
1787900436.609080,34680,1687,12,10 08 48 42 B4 26 A0 41 00 00 AA 42
1787900436.610345,34680,1688,12,BF 62 49 42 E0 A0 A6 41 00 00 AC 42
1787900436.611698,34680,1689,12,26 B9 4C 42 64 67 B6 41 00 00 AE 42
1787900436.613068,34680,168a,12,CE 02 52 42 97 D9 CE 41 00 00 B0 42
1787900436.614352,34680,168b,12,75 33 59 42 AB 03 EF 41 00 00 B2 42
1787900436.615656,34680,168c,12,7B 36 62 42 C0 C9 0A 42 00 00 B4 42
1787900436.617046,34680,168d,12,A0 F7 6C 42 A0 85 20 42 00 00 B6 42
1787900436.618329,34680,168e,12,07 58 79 42 FE D0 37 42 00 00 B8 42
1787900436.619696,34680,168f,12,CE 9C 83 42 71 C1 4F 42 00 00 BA 42
1787900436.621049,34680,1690,12,AC 3D 8B 42 66 66 67 42 00 00 BC 42
1787900436.622274,34680,1691,12,BE 78 93 42 4E C7 7D 42 00 00 BE 42
1787900436.623618,34680,1692,12,82 3B 9C 42 49 03 89 42 00 00 C0 42
1787900436.625000,34680,1693,12,D8 6C A5 42 AD A7 91 42 00 00 C2 42
1787900436.626359,34680,1694,12,94 F6 AE 42 57 7A 98 42 00 00 C4 42
1787900436.627693,34680,1695,12,DC C1 B8 42 40 36 9D 42 00 00 C6 42
1787900436.628968,34680,1696,12,9A B2 C2 42 A2 A9 9F 42 00 00 C8 42
1787900436.630375,34680,1697,12,76 B2 CC 42 39 BC 9F 42 00 00 CA 42
1787900436.631696,34680,1698,12,C0 A4 D6 42 43 6D 9D 42 00 00 CC 42
1787900436.633043,34680,1699,12,9A 71 E0 42 7D D4 98 42 00 00 CE 42
1787900436.634324,34680,169a,12,6D 01 EA 42 9A 1F 92 42 00 00 D0 42
1787900436.635686,34680,169b,12,CD 38 F3 42 1A 95 89 42 00 00 D2 42
1787900436.637126,34680,169c,12,01 03 FC 42 20 13 7F 42 00 00 D4 42
1787900436.638824,34680,169d,12,6A 23 02 43 26 CD 68 42 00 00 D6 42
1787900436.640210,34680,169e,12,46 F8 05 43 92 38 51 42 00 00 D8 42
1787900436.641489,34680,169f,12,CD 76 09 43 34 42 39 42 00 00 DA 42
1787900436.642768,34680,16a0,12,F9 94 0C 43 F5 E5 21 42 00 00 DC 42
1787900436.644555,34680,16a1,12,C9 4B 0F 43 22 0B 0C 42 00 00 DE 42
1787900436.646005,34680,16a2,12,73 93 11 43 F4 2E F1 41 00 00 E0 42
1787900436.647342,34680,16a3,12,98 66 13 43 B9 9B D0 41 00 00 E2 42
1787900436.648815,34680,16a4,12,BA C0 14 43 A0 A5 B7 41 00 00 E4 42
1787900436.650141,34680,16a5,12,F7 9D 15 43 0E 53 A7 41 00 00 E6 42
1787900436.651498,34680,16a6,12,5F FC 15 43 A4 45 A0 41 00 00 E8 42
1787900436.652970,34680,16a7,12,E4 DA 15 43 83 C7 A2 41 00 00 EA 42
1787900436.654366,34680,16a8,12,F2 39 15 43 43 BD AE 41 00 00 EC 42
1787900436.655678,34680,16a9,12,EF 1A 14 43 D1 B0 C3 41 00 00 EE 42
1787900436.656978,34680,16aa,12,13 81 12 43 EF C5 E0 41 00 00 A0 41
1787900436.659712,34680,16ab,12,F6 6F 10 43 52 6E 02 42 00 00 A8 41
1787900436.661159,34680,16ac,12,87 ED 0D 43 C8 3C 17 42 00 00 B0 41
1787900436.662616,34680,16ad,12,E6 FF 0A 43 AA FC 2D 42 00 00 B8 41
1787900436.663924,34680,16ae,12,04 AE 07 43 A8 C9 45 42 00 00 C0 41
1787900436.665558,34680,16af,12,67 01 04 43 8E A9 5D 42 00 00 C8 41
1787900436.666982,34680,16b0,12,51 02 00 43 F5 AF 74 42 00 00 D0 41
1787900436.668306,34680,16b1,12,72 78 F7 42 69 F5 84 42 00 00 D8 41
1787900436.669703,34680,16b2,12,E4 72 EE 42 A2 42 8E 42 00 00 E0 41
1787900436.670981,34680,16b3,12,8C 09 E5 42 CC E1 95 42 00 00 E8 41
1787900436.672465,34680,16b4,12,68 57 DB 42 CB 82 9B 42 00 00 F0 41
1787900436.673835,34680,16b5,12,42 72 D1 42 E0 ED 9E 42 00 00 F8 41
1787900436.675279,34680,16b6,12,7F 76 C7 42 1D FF 9F 42 00 00 00 42
1787900436.676641,34680,16b7,12,1B 7C BD 42 54 AC 9E 42 00 00 04 42
1787900436.677936,34680,16b8,12,12 9B B3 42 46 02 9B 42 00 00 08 42
1787900436.679410,34680,16b9,12,BA EF A9 42 78 27 95 42 00 00 0C 42
1787900436.681300,34680,16ba,12,D0 8F A0 42 E4 55 8D 42 00 00 10 42
1787900436.682777,34680,16bb,12,36 96 97 42 B8 DF 83 42 00 00 14 42
1787900436.684074,34680,16bc,12,64 18 8F 42 D0 48 72 42 00 00 18 42
1787900436.685379,34680,16bd,12,DC 2A 87 42 25 1F 5B 42 00 00 1C 42
1787900436.686836,34680,16be,12,BB C8 7F 42 ED 35 43 42 00 00 20 42
1787900436.688250,34680,16bf,12,86 AA 72 42 EC 79 2B 42 00 00 24 42
1787900436.689696,34680,16c0,12,B8 20 67 42 A2 E4 14 42 00 00 28 42
1787900436.691017,34680,16c1,12,A9 46 5D 42 AF 58 00 42 00 00 2C 42
1787900436.692358,34680,16c2,12,69 34 55 42 54 4A DD 41 00 00 30 42
1787900436.693696,34680,16c3,12,21 01 4F 42 51 08 C1 41 00 00 34 42
1787900436.695106,34680,16c4,12,C0 BA 4A 42 21 03 AD 41 00 00 38 42
1787900436.696532,34680,16c5,12,8A 6D 48 42 3B 0D A2 41 00 00 3C 42
1787900436.697995,34680,16c6,12,8F 1E 48 42 A1 92 A0 41 00 00 40 42
1787900436.699282,34680,16c7,12,03 CF 49 42 68 A4 A8 41 00 00 44 42
1787900436.700726,34680,16c8,12,0F 7A 4D 42 BC ED B9 41 00 00 48 42
1787900436.702125,34680,16c9,12,74 17 53 42 71 C3 D3 41 00 00 4C 42
1787900436.703546,34680,16ca,12,17 97 5A 42 F4 15 F5 41 00 00 50 42
1787900436.704869,34680,16cb,12,84 E6 63 42 5E 4A 0E 42 00 00 54 42
1787900436.706162,34680,16cc,12,CB EF 6E 42 08 5A 24 42 00 00 58 42
1787900436.707516,34680,16cd,12,42 93 7B 42 0D D2 3B 42 00 00 5C 42
1787900436.709231,34680,16ce,12,40 DA 84 42 0C CA 53 42 00 00 60 42
1787900436.710683,34680,16cf,12,7E 95 8C 42 0D 46 6B 42 00 00 64 42
1787900436.711988,34680,16d0,12,A5 E8 94 42 1D AD 80 42 00 00 68 42
1787900436.713307,34680,16d1,12,D4 BF 9D 42 1E 94 8A 42 00 00 6C 42
1787900436.714740,34680,16d2,12,B1 01 A7 42 EE EF 92 42 00 00 70 42
1787900436.716013,34680,16d3,12,6D 99 B0 42 CC 6D 99 42 00 00 74 42
1787900436.717448,34680,16d4,12,82 6B BA 42 78 C9 9D 42 00 00 78 42
1787900436.718826,34680,16d5,12,50 60 C4 42 A9 D7 9F 42 00 00 7C 42
1787900436.720153,34680,16d6,12,F0 5F CE 42 29 83 9F 42 00 00 80 42
1787900436.721830,34680,16d7,12,B5 4D D8 42 72 CF 9C 42 00 00 82 42
1787900436.723271,34680,16d8,12,4D 13 E2 42 44 D7 97 42 00 00 84 42
1787900436.724694,34680,16d9,12,B0 94 EB 42 DE CE 90 42 00 00 86 42
1787900436.726114,34680,16da,12,1C BB F4 42 61 FD 87 42 00 00 88 42
1787900436.727416,34680,16db,12,7E 70 FD 42 24 76 7B 42 00 00 8A 42
1787900436.729951,34680,16dc,12,ED CD 02 43 91 E7 64 42 00 00 8C 42
1787900436.731426,34680,16dd,12,6A 95 06 43 64 2E 4D 42 00 00 8E 42
1787900436.732855,34680,16de,12,DF 03 0A 43 01 44 35 42 00 00 90 42
1787900436.734219,34680,16df,12,23 11 0D 43 B9 18 1E 42 00 00 92 42
1787900436.735960,34680,16e0,12,CA B5 0F 43 B7 95 08 42 00 00 94 42
1787900436.737400,34680,16e1,12,40 EA 11 43 3A 3A EB 41 00 00 96 42
1787900436.738771,34680,16e2,12,8E A9 13 43 8B D5 CB 41 00 00 98 42
1787900436.740172,34680,16e3,12,B2 EE 14 43 62 47 B4 41 00 00 9A 42
1787900436.741538,34680,16e4,12,BD B6 15 43 97 7A A5 41 00 00 9C 42
1787900436.742901,34680,16e5,12,B0 FF 15 43 08 06 A0 41 00 00 9E 42
1787900436.744177,34680,16e6,12,B9 C8 15 43 0D 23 A4 41 00 00 A0 42
1787900436.745603,34680,16e7,12,54 12 15 43 EB A8 B1 41 00 00 A2 42
1787900436.746923,34680,16e8,12,8D DE 13 43 7B 09 C8 41 00 00 A4 42
1787900436.748218,34680,16e9,12,64 30 12 43 DA 61 E6 41 00 00 A6 42
1787900436.749647,34680,16ea,12,C6 0B 10 43 5F C1 05 42 00 00 A8 42
1787900436.751781,34680,16eb,12,D8 76 0D 43 EC F2 1A 42 00 00 AA 42
1787900436.753201,34680,16ec,12,68 77 0A 43 B8 F3 31 42 00 00 AC 42
1787900436.754623,34680,16ed,12,10 16 07 43 F4 D1 49 42 00 00 AE 42
1787900436.755918,34680,16ee,12,05 5B 03 43 9E 9D 61 42 00 00 B0 42
1787900436.757354,34680,16ef,12,4F 9E FE 42 6A 67 78 42 00 00 B2 42
1787900436.758778,34680,16f0,12,29 FC F5 42 E3 9F 86 42 00 00 B4 42
1787900436.760090,34680,16f1,12,FE E2 EC 42 27 AC 8F 42 00 00 B6 42
1787900436.761500,34680,16f2,12,E8 6C E3 42 62 F9 96 42 00 00 B8 42
1787900436.762855,34680,16f3,12,B4 B0 D9 42 A2 3E 9C 42 00 00 BA 42
1787900436.764951,34680,16f4,12,B8 C5 CF 42 6C 46 9F 42 00 00 BC 42
1787900436.766374,34680,16f5,12,66 C8 C5 42 E6 F0 9F 42 00 00 BE 42
1787900436.767784,34680,16f6,12,32 CF BB 42 77 37 9E 42 00 00 C0 42
1787900436.769205,34680,16f7,12,B9 F6 B1 42 40 2C 9A 42 00 00 C2 42
1787900436.770601,34680,16f8,12,96 56 A8 42 6C F8 93 42 00 00 C4 42
1787900436.771887,34680,16f9,12,FA 05 9F 42 D8 D9 8B 42 00 00 C6 42
1787900436.773302,34680,16fa,12,9B 1F 96 42 E1 25 82 42 00 00 C8 42
1787900436.774612,34680,16fb,12,7B B7 8D 42 34 79 6E 42 00 00 CA 42
1787900436.775889,34680,16fc,12,B8 E5 85 42 6B 21 57 42 00 00 CC 42
1787900436.777319,34680,16fd,12,EB 79 7D 42 4A 2F 3F 42 00 00 CE 42
1787900436.779220,34680,16fe,12,1D 9D 70 42 7A 93 27 42 00 00 D0 42
1787900436.780913,34680,16ff,12,EC 59 65 42 28 46 11 42 00 00 D2 42
1787900436.782325,34680,1700,12,A9 C9 5B 42 53 48 FA 41 00 00 D4 42
1787900436.783663,34680,1701,12,C4 07 54 42 46 02 D8 41 00 00 D6 42
1787900436.785092,34680,1702,12,6F 26 4E 42 19 11 BD 41 00 00 D8 42
1787900436.786448,34680,1703,12,3F 34 4A 42 73 85 AA 41 00 00 DA 42
1787900436.787791,34680,1704,12,83 3C 48 42 47 22 A1 41 00 00 DC 42
1787900436.789211,34680,1705,12,A8 43 48 42 89 44 A1 41 00 00 DE 42
1787900436.790513,34680,1706,12,9A 49 4A 42 D1 EA AA 41 00 00 E0 42
1787900436.791865,34680,1707,12,06 49 4E 42 F5 B1 BD 41 00 00 E2 42
1787900436.793343,34680,1708,12,C6 38 54 42 41 DF D8 41 00 00 E4 42
1787900436.794696,34680,1709,12,D4 07 5C 42 04 55 FB 41 00 00 E6 42
1787900436.796076,34680,170a,12,A2 A4 65 42 03 DF 11 42 00 00 E8 42
1787900436.797434,34680,170b,12,9C F3 70 42 BD 38 28 42 00 00 EA 42
1787900436.799836,34680,170c,12,36 D9 7D 42 A2 D6 3F 42 00 00 EC 42
1787900436.801302,34680,170d,12,69 1B 86 42 80 CB 57 42 00 00 EE 42
1787900436.802639,34680,170e,12,9C F1 8D 42 81 1B 6F 42 00 00 A0 41
1787900436.803969,34680,170f,12,98 5D 96 42 E7 6F 82 42 00 00 A8 41
1787900436.805349,34680,1710,12,34 47 9F 42 CB 19 8C 42 00 00 B0 41
1787900436.806701,34680,1711,12,EC 98 A8 42 9F 2A 94 42 00 00 B8 41
1787900436.808022,34680,1712,12,73 3C B2 42 E6 50 9A 42 00 00 C0 41
1787900436.809475,34680,1713,12,23 16 BC 42 FC 4B 9E 42 00 00 C8 41
1787900436.810923,34680,1714,12,D8 0F C6 42 76 F4 9F 42 00 00 D0 41
1787900436.812365,34680,1715,12,F5 0C D0 42 E6 38 9F 42 00 00 D8 41
1787900436.813690,34680,1716,12,7C F5 D9 42 36 21 9C 42 00 00 E0 41
1787900436.815152,34680,1717,12,9A B1 E3 42 F3 CB 96 42 00 00 E8 41
1787900436.816562,34680,1718,12,61 25 ED 42 2D 71 8F 42 00 00 F0 41
1787900436.818017,34680,1719,12,92 3B F6 42 B7 59 86 42 00 00 F8 41
1787900436.819349,34680,171a,12,1E DA FE 42 48 CA 77 42 00 00 00 42
1787900436.820801,34680,171b,12,36 76 03 43 A0 F9 60 42 00 00 04 42
1787900436.822206,34680,171c,12,7C 2F 07 43 74 26 49 42 00 00 08 42
1787900436.823551,34680,171d,12,32 8E 0A 43 37 4B 31 42 00 00 0C 42
1787900436.825003,34680,171e,12,C5 8A 0D 43 22 54 1A 42 00 00 10 42
1787900436.826409,34680,171f,12,A3 1C 10 43 A0 32 05 42 00 00 14 42
1787900436.827718,34680,1720,12,BA 3D 12 43 21 75 E5 41 00 00 18 42
1787900436.829193,34680,1721,12,D3 E8 13 43 96 4C C7 41 00 00 1C 42
1787900436.830555,34680,1722,12,22 19 15 43 A9 28 B1 41 00 00 20 42
1787900436.831851,34680,1723,12,FD CB 15 43 94 E4 A3 41 00 00 24 42
1787900436.833273,34680,1724,12,63 FF 15 43 CB 0B A0 41 00 00 28 42
1787900436.839859,34680,1725,12,F5 B2 15 43 C5 C2 A5 41 00 00 2C 42
1787900436.841086,34680,1726,12,4E E7 14 43 42 D2 B4 41 00 00 30 42
1787900436.842908,34680,1727,12,B6 9E 13 43 F3 9B CC 41 00 00 34 42
1787900436.846487,34680,1728,12,0F DC 11 43 4A 34 EC 41 00 00 38 42
1787900436.848981,34680,1729,12,66 A4 0F 43 92 27 09 42 00 00 3C 42
1787900436.850302,34680,172a,12,2A FD 0C 43 15 B6 1E 42 00 00 40 42
1787900436.851669,34680,172b,12,A0 EC 09 43 7C ED 35 42 00 00 44 42
1787900436.853108,34680,172c,12,93 7B 06 43 B9 D9 4D 42 00 00 48 42
1787900436.855739,34680,172d,12,C0 B1 02 43 E9 8D 65 42 00 00 4C 42
1787900436.861325,34680,172e,12,09 34 FD 42 E0 10 7C 42 00 00 50 42
1787900436.862645,34680,172f,12,8C 7C F4 42 5C 40 88 42 00 00 54 42
1787900436.863897,34680,1730,12,DE 51 EB 42 B8 07 91 42 00 00 58 42
1787900436.865448,34680,1731,12,49 CE E1 42 3C 02 98 42 00 00 5C 42
1787900436.866889,34680,1732,12,2F 07 D8 42 CF EA 9C 42 00 00 60 42
1787900436.868244,34680,1733,12,9D 18 CE 42 D6 8D 9F 42 00 00 64 42
1787900436.870635,34680,1734,12,76 1A C4 42 5B D1 9F 42 00 00 68 42
1787900436.871920,34680,1735,12,B9 24 BA 42 2A B2 9D 42 00 00 6C 42
1787900436.873342,34680,1736,12,F8 53 B0 42 90 46 99 42 00 00 70 42
1787900436.874644,34680,1737,12,44 BE A6 42 54 BA 92 42 00 00 74 42
1787900436.876341,34680,1738,12,1A 7F 9D 42 48 52 8A 42 00 00 78 42
1787900436.877765,34680,1739,12,9A AC 94 42 53 63 80 42 00 00 7C 42
1787900436.879050,34680,173a,12,13 5C 8C 42 FA A1 6A 42 00 00 80 42
1787900436.880468,34680,173b,12,5C A5 84 42 52 1F 53 42 00 00 82 42
1787900436.881778,34680,173c,12,9C 33 7B 42 7A 27 3B 42 00 00 84 42
1787900436.883214,34680,173d,12,39 9B 6E 42 68 B6 23 42 00 00 86 42
1787900436.884535,34680,173e,12,76 9F 63 42 80 B7 0D 42 00 00 88 42
1787900436.885956,34680,173f,12,18 5B 5A 42 94 10 F4 41 00 00 8A 42
1787900436.887321,34680,1740,12,B5 E8 52 42 66 EF D2 41 00 00 8C 42
1787900436.888608,34680,1741,12,09 59 4D 42 81 53 B9 41 00 00 8E 42
1787900436.890073,34680,1742,12,08 BC 49 42 1C 4A A8 41 00 00 90 42
1787900436.891358,34680,1743,12,EB 19 48 42 60 7C A0 41 00 00 92 42
1787900436.892677,34680,1744,12,15 77 48 42 EF 3A A2 41 00 00 94 42
1787900436.894096,34680,1745,12,7B D2 4A 42 73 73 AD 41 00 00 96 42
1787900436.895516,34680,1746,12,D2 26 4F 42 CF B6 C1 41 00 00 98 42
1787900436.896957,34680,1747,12,AC 67 55 42 01 30 DE 41 00 00 9A 42
1787900436.898334,34680,1748,12,94 85 5D 42 87 DF 00 42 00 00 9C 42
1787900436.899767,34680,1749,12,77 6D 67 42 04 80 15 42 00 00 9E 42
1787900436.901188,34680,174a,12,EB 02 73 42 A1 20 2C 42 00 00 A0 42
1787900436.902535,34680,174b,12,F4 15 80 42 52 E1 43 42 00 00 A2 42
1787900436.903963,34680,174c,12,55 61 87 42 63 C8 5B 42 00 00 A4 42
1787900436.906109,34680,174d,12,EC 51 8F 42 A7 E5 72 42 00 00 A6 42
1787900436.907551,34680,174e,12,CA D4 97 42 3F 28 84 42 00 00 A8 42
1787900436.908991,34680,174f,12,85 D1 A0 42 E2 93 8D 42 00 00 AA 42
1787900436.910441,34680,1750,12,EA 33 AA 42 74 58 95 42 00 00 AC 42
1787900436.911725,34680,1751,12,0D E1 B3 42 4C 24 9B 42 00 00 AE 42
1787900436.913152,34680,1752,12,A1 C1 BD 42 A6 BD 9E 42 00 00 B0 42
1787900436.914584,34680,1753,12,F5 BD C7 42 CC FF 9F 42 00 00 B2 42
1787900436.915877,34680,1754,12,65 B9 D1 42 83 DD 9E 42 00 00 B4 42
1787900436.917190,34680,1755,12,80 9D DB 42 06 62 9B 42 00 00 B6 42
1787900436.918632,34680,1756,12,E7 4D E5 42 F2 B1 95 42 00 00 B8 42
1787900436.919962,34680,1757,12,62 B3 EE 42 ED 06 8E 42 00 00 BA 42
1787900436.921415,34680,1758,12,4C B7 F7 42 9E AD 84 42 00 00 BC 42
1787900436.922844,34680,1759,12,E3 1F 00 43 9B 10 74 42 00 00 BE 42
1787900436.924150,34680,175a,12,D3 1C 04 43 C7 00 5D 42 00 00 C0 42
1787900436.925577,34680,175b,12,03 C7 07 43 2F 1E 45 42 00 00 C2 42
1787900436.926997,34680,175c,12,BC 15 0B 43 FE 58 2D 42 00 00 C4 42
1787900436.928420,34680,175d,12,F4 00 0E 43 44 A0 16 42 00 00 C6 42
1787900436.929841,34680,175e,12,4C 80 10 43 DA E2 01 42 00 00 C8 42
1787900436.931151,34680,175f,12,27 8E 12 43 3C DC DF 41 00 00 CA 42
1787900436.932492,34680,1760,12,A1 24 14 43 A7 FD C2 41 00 00 CC 42
1787900436.933911,34680,1761,12,06 40 15 43 5A 4A AE 41 00 00 CE 42
1787900436.935308,34680,1762,12,8F DD 15 43 68 94 A2 41 00 00 D0 42
1787900436.936723,34680,1763,12,79 FB 15 43 EC 56 A0 41 00 00 D2 42
1787900436.938037,34680,1764,12,80 99 15 43 14 A8 A7 41 00 00 D4 42
1787900436.940374,34680,1765,12,BF B8 14 43 F6 3A B8 41 00 00 D6 42
1787900436.941821,34680,1766,12,6D 5B 13 43 E6 66 D1 41 00 00 D8 42
1787900436.943158,34680,1767,12,B6 84 11 43 C3 30 F2 41 00 00 DA 42
1787900436.944445,34680,1768,12,DF 39 0F 43 F0 9F 0C 42 00 00 DC 42
1787900436.946558,34680,1769,12,10 80 0C 43 BE 88 22 42 00 00 DE 42
1787900436.947859,34680,176a,12,1A 5F 09 43 7A EC 39 42 00 00 E0 42
1787900436.949240,34680,176b,12,98 DE 05 43 CC DF 51 42 00 00 E2 42
1787900436.950669,34680,176c,12,E0 06 02 43 FF 71 69 42 00 00 E4 42
1787900436.952008,34680,176d,12,EB C5 FB 42 48 AB 7F 42 00 00 E6 42
1787900436.953687,34680,176e,12,50 F8 F2 42 CD D7 89 42 00 00 E8 42
1787900436.955106,34680,176f,12,30 BE E9 42 44 56 92 42 00 00 EA 42
1787900436.956545,34680,1770,12,CC 2D E0 42 0D FC 98 42 00 00 EC 42
1787900436.957938,34680,1771,12,0A 5E D6 42 E0 85 9D 42 00 00 EE 42
1787900436.959237,34680,1772,12,12 6B CC 42 08 C4 9F 42 00 00 A0 41
1787900436.960988,34680,1773,12,3F 6B C2 42 50 A0 9F 42 00 00 A8 41
1787900436.962409,34680,1774,12,3F 7B B8 42 2F 1C 9D 42 00 00 B0 41
1787900436.963787,34680,1775,12,ED B2 AE 42 7A 51 98 42 00 00 B8 41
1787900436.965074,34680,1776,12,D3 29 A5 42 DA 6F 91 42 00 00 C0 41
1787900436.966488,34680,1777,12,4D FB 9B 42 A5 BF 88 42 00 00 C8 41
1787900436.967770,34680,1778,12,FC 3B 93 42 C4 2D 7D 42 00 00 D0 41
1787900436.969196,34680,1779,12,FA 04 8B 42 BE C0 66 42 00 00 D8 41
1787900436.970606,34680,177a,12,DE 69 83 42 01 1A 4F 42 00 00 E0 41
1787900436.971889,34680,177b,12,2D FA 78 42 1D 27 37 42 00 00 E8 41
1787900436.973236,34680,177c,12,FF A4 6C 42 D2 E3 1F 42 00 00 F0 41
1787900436.976942,34680,177d,12,EB EF 61 42 7A 36 0A 42 00 00 F8 41
1787900436.978363,34680,177e,12,A7 F9 58 42 E8 05 EE 41 00 00 00 42
1787900436.979787,34680,177f,12,50 D7 51 42 2E 13 CE 41 00 00 04 42
1787900436.981213,34680,1780,12,78 9A 4C 42 8B D7 B5 41 00 00 08 42
1787900436.982629,34680,1781,12,26 52 49 42 BE 51 A6 41 00 00 0C 42
1787900436.983958,34680,1782,12,BA 05 48 42 7D 1B A0 41 00 00 10 42
1787900436.985284,34680,1783,12,EE B8 48 42 12 76 A3 41 00 00 14 42
1787900436.986708,34680,1784,12,9D 69 4B 42 92 3D B0 41 00 00 18 42
1787900436.989066,34680,1785,12,C6 11 50 42 AD F3 C5 41 00 00 1C 42
1787900436.990504,34680,1786,12,0E A4 56 42 27 B4 E3 41 00 00 20 42
1787900436.991790,34680,1787,12,AE 11 5F 42 34 2C 04 42 00 00 24 42
1787900436.993207,34680,1788,12,7B 42 69 42 9E 2F 19 42 00 00 28 42
1787900436.994644,34680,1789,12,92 1D 75 42 95 10 30 42 00 00 2C 42
1787900436.995939,34680,178a,12,6D 43 81 42 75 E9 47 42 00 00 30 42
1787900436.997319,34680,178b,12,EC AB 88 42 8E BF 5F 42 00 00 34 42
1787900436.998754,34680,178c,12,A2 B7 90 42 DB A6 76 42 00 00 38 42
1787900437.000020,34680,178d,12,77 4F 99 42 4B D7 85 42 00 00 3C 42
1787900437.001349,34680,178e,12,AB 5E A2 42 F3 01 8F 42 00 00 40 42
1787900437.002775,34680,178f,12,93 CF AB 42 E7 76 96 42 00 00 44 42
1787900437.004100,34680,1790,12,1B 87 B5 42 C2 E7 9B 42 00 00 48 42
1787900437.005516,34680,1791,12,6B 6F BF 42 A7 1E 9F 42 00 00 4C 42
1787900437.006877,34680,1792,12,17 6C C9 42 C9 F9 9F 42 00 00 50 42
1787900437.008206,34680,1793,12,20 65 D3 42 1C 71 9E 42 00 00 54 42
1787900437.010086,34680,1794,12,8F 42 DD 42 7F 93 9A 42 00 00 58 42
1787900437.012370,34680,1795,12,15 E8 E6 42 93 89 94 42 00 00 5C 42
1787900437.013597,34680,1796,12,06 40 F0 42 26 8F 8C 42 00 00 60 42
1787900437.014919,34680,1797,12,92 2F F9 42 14 F8 82 42 00 00 64 42
1787900437.016327,34680,1798,12,B0 D0 00 43 31 4A 70 42 00 00 68 42
1787900437.017762,34680,1799,12,82 C0 04 43 86 05 59 42 00 00 6C 42
1787900437.019318,34680,179a,12,F4 5B 08 43 C0 16 41 42 00 00 70 42
1787900437.020741,34680,179b,12,EC 9A 0B 43 D9 6A 29 42 00 00 74 42
1787900437.022047,34680,179c,12,19 74 0E 43 AA FA 12 42 00 00 78 42
1787900437.023808,34680,179d,12,BD E0 10 43 AF 4E FD 41 00 00 7C 42
1787900437.025163,34680,179e,12,EA DA 12 43 8A 7B DA 41 00 00 80 42
1787900437.026589,34680,179f,12,F4 5C 14 43 FA E9 BE 41 00 00 82 42
1787900437.027874,34680,17a0,12,78 63 15 43 FA AA AB 41 00 00 84 42
1787900437.029170,34680,17a1,12,86 EB 15 43 DE 88 A1 41 00 00 86 42
1787900437.030668,34680,17a2,12,F2 F3 15 43 54 E7 A0 41 00 00 88 42
1787900437.031993,34680,17a3,12,8C 7C 15 43 EB CE A9 41 00 00 8A 42
1787900437.033330,34680,17a4,12,AA 86 14 43 09 E2 BB 41 00 00 8C 42
1787900437.034716,34680,17a5,12,75 14 13 43 B2 6D D6 41 00 00 8E 42
1787900437.036022,34680,17a6,12,12 2A 11 43 DC 5A F8 41 00 00 90 42
1787900437.037659,34680,17a7,12,38 CC 0E 43 78 29 10 42 00 00 92 42
1787900437.039092,34680,17a8,12,7B 00 0C 43 B6 62 26 42 00 00 94 42
1787900437.040471,34680,17a9,12,E0 CE 08 43 89 EF 3D 42 00 00 96 42
1787900437.041888,34680,17aa,12,95 3E 05 43 BF E6 55 42 00 00 98 42
1787900437.043192,34680,17ab,12,D3 59 01 43 6A 4C 6D 42 00 00 9A 42
1787900437.045452,34680,17ac,12,0E 54 FA 42 CD 9A 81 42 00 00 9C 42
1787900437.046902,34680,17ad,12,5F 72 F1 42 D0 62 8B 42 00 00 9E 42
1787900437.048320,34680,17ae,12,12 28 E8 42 6C 97 93 42 00 00 A0 42
1787900437.049765,34680,17af,12,0A 8A DE 42 60 E7 99 42 00 00 A2 42
1787900437.051191,34680,17b0,12,DC B3 D4 42 51 10 9E 42 00 00 A4 42
1787900437.052615,34680,17b1,12,35 BD CA 42 F4 E8 9F 42 00 00 A6 42
1787900437.054028,34680,17b2,12,FE BD C0 42 2E 5E 9F 42 00 00 A8 42
1787900437.055426,34680,17b3,12,E5 D2 B6 42 B2 75 9C 42 00 00 AA 42
1787900447.069526,34680,17b6,12,E7 97 A3 42 3E 18 90 42 00 00 AE 42
1787900447.070218,34680,17b7,12,AE 7A 9A 42 61 22 87 42 00 00 B0 42
1787900447.071426,34680,17b8,12,85 D0 91 42 D1 88 79 42 00 00 B2 42
1787900447.073067,34680,17b9,12,49 B2 89 42 9D D6 62 42 00 00 B4 42
1787900447.074462,34680,17ba,12,37 32 82 42 E3 0E 4B 42 00 00 B6 42
1787900447.075779,34680,17bb,12,AA CB 76 42 9E 2B 33 42 00 00 B8 42
1787900447.077202,34680,17bc,12,94 BA 6A 42 D5 1C 1C 42 00 00 BA 42
1787900447.078584,34680,17bd,12,8A 4E 60 42 98 CA 06 42 00 00 BC 42
1787900447.079851,34680,17be,12,70 A5 57 42 0F 2A E8 41 00 00 BE 42
1787900447.081154,34680,17bf,12,BE D2 50 42 CE 6A C9 41 00 00 C0 42
1787900447.082548,34680,17c0,12,06 EA 4B 42 A6 9A B2 41 00 00 C2 42
1787900447.092766,34680,17c1,12,9F F6 48 42 EF 9C A4 41 00 00 C4 42
1787900447.094542,34680,17c2,12,17 00 48 42 6B 00 A0 41 00 00 C6 42
1787900447.096134,34680,17c3,12,2F 09 49 42 94 F5 A4 41 00 00 C8 42
1787900447.097808,34680,17c4,12,94 0F 4C 42 51 4B B3 41 00 00 CA 42
1787900447.099182,34680,17c5,12,9A 0A 51 42 F4 6A CA 41 00 00 CC 42
1787900447.100618,34680,17c6,12,D4 ED 57 42 1C 6A E9 41 00 00 CE 42
1787900447.102238,34680,17c7,12,2A A9 60 42 76 89 07 42 00 00 D0 42
1787900447.103623,34680,17c8,12,8C 23 6B 42 C0 EC 1C 42 00 00 D2 42
1787900447.105566,34680,17c9,12,70 45 77 42 26 0B 34 42 00 00 D4 42
1787900447.106887,34680,17ca,12,04 76 82 42 9F F1 4B 42 00 00 D6 42
1787900447.108294,34680,17cb,12,18 FB 89 42 DC AF 63 42 00 00 D8 42
1787900447.109707,34680,17cc,12,0C 20 92 42 12 57 7A 42 00 00 DA 42
1787900447.111009,34680,17cd,12,84 CD 9A 42 8F 7C 87 42 00 00 DC 42
1787900447.112427,34680,17ce,12,FE EF A3 42 D9 64 90 42 00 00 DE 42
1787900447.113741,34680,17cf,12,46 6D AD 42 C3 86 97 42 00 00 E0 42
1787900447.115149,34680,17d0,12,7E 2E B7 42 10 9B 9C 42 00 00 E2 42
1787900447.116561,34680,17d1,12,45 1C C1 42 2F 6E 9F 42 00 00 E4 42
1787900447.117837,34680,17d2,12,1E 1A CB 42 70 E2 9F 42 00 00 E6 42
1787900447.119929,34680,17d3,12,96 11 D5 42 54 F3 9D 42 00 00 E8 42
1787900447.121242,34680,17d4,12,14 E6 DE 42 30 B5 99 42 00 00 EA 42
1787900447.122568,34680,17d5,12,08 80 E8 42 2D 53 93 42 00 00 EC 42
1787900447.123837,34680,17d6,12,50 C8 F1 42 FB 0C 8B 42 00 00 EE 42
1787900447.125171,34680,17d7,12,4A A4 FA 42 96 39 81 42 00 00 A0 41
1787900447.126534,34680,17d8,12,08 80 01 43 90 74 6C 42 00 00 A8 41
1787900447.127801,34680,17d9,12,D2 61 05 43 59 05 55 42 00 00 B0 41
1787900447.129271,34680,17da,12,44 EE 08 43 50 11 3D 42 00 00 B8 41
1787900447.130709,34680,17db,12,C3 1C 0C 43 34 89 25 42 00 00 C0 41
1787900447.131975,34680,17dc,12,2E E4 0E 43 64 64 0F 42 00 00 C8 41
1787900447.133323,34680,17dd,12,45 3E 11 43 4B FC F6 41 00 00 D0 41
1787900447.134655,34680,17de,12,4A 24 13 43 4F 4F D5 41 00 00 D8 41
1787900447.135946,34680,17df,12,C9 91 14 43 BE 12 BB 41 00 00 E0 41
1787900447.137235,34680,17e0,12,38 83 15 43 29 50 A9 41 00 00 E8 41
1787900447.138648,34680,17e1,12,E1 F5 15 43 43 C2 A0 41 00 00 F0 41
1787900447.139910,34680,17e2,12,C3 E8 15 43 C0 BD A1 41 00 00 F8 41
1787900447.141232,34680,17e3,12,04 5C 15 43 4D 38 AC 41 00 00 00 42
1787900447.142632,34680,17e4,12,14 51 14 43 6C C6 BF 41 00 00 04 42
1787900447.143879,34680,17e5,12,56 CA 12 43 96 A5 DB 41 00 00 08 42
1787900447.145226,34680,17e6,12,2C CC 10 43 CA B0 FE 41 00 00 0C 42
1787900447.146740,34680,17e7,12,0F 5B 0E 43 85 C6 13 42 00 00 10 42
1787900447.148101,34680,17e8,12,02 7E 0B 43 66 46 2A 42 00 00 14 42
1787900447.149508,34680,17e9,12,FE 3B 08 43 81 F5 41 42 00 00 18 42
1787900447.150813,34680,17ea,12,BE 9C 04 43 F0 E5 59 42 00 00 1C 42
1787900447.152085,34680,17eb,12,A8 AA 00 43 0D 1C 71 42 00 00 20 42
1787900447.153381,34680,17ec,12,32 DD F8 42 00 59 83 42 00 00 24 42
1787900447.155481,34680,17ed,12,6F E9 EF 42 71 E2 8C 42 00 00 28 42
1787900447.156933,34680,17ee,12,A2 8F E6 42 D2 CA 94 42 00 00 2C 42
1787900447.158342,34680,17ef,12,2B E6 DC 42 3C C2 9A 42 00 00 30 42
1787900447.159646,34680,17f0,12,C3 08 D3 42 F9 89 9E 42 00 00 34 42
1787900447.161008,34680,17f1,12,96 0D C9 42 98 FC 9F 42 00 00 38 42
1787900447.162434,34680,17f2,12,44 11 BF 42 E2 0A 9F 42 00 00 3C 42
1787900447.163709,34680,17f3,12,C9 2B B5 42 E2 BE 9B 42 00 00 40 42
1787900447.165015,34680,17f4,12,F2 74 AB 42 34 39 96 42 00 00 44 42
1787900447.166429,34680,17f5,12,9D 08 A2 42 E2 B3 8E 42 00 00 48 42
1787900447.167726,34680,17f6,12,F8 FB 98 42 68 79 85 42 00 00 4C 42
1787900447.168999,34680,17f7,12,F9 68 90 42 8C D5 75 42 00 00 50 42
1787900447.170414,34680,17f8,12,18 64 88 42 BB E4 5E 42 00 00 54 42
1787900447.171664,34680,17f9,12,BE 00 81 42 A1 06 47 42 00 00 58 42
1787900447.173003,34680,17fa,12,38 A8 74 42 26 36 2F 42 00 00 5C 42
1787900447.174819,34680,17fb,12,63 DA 68 42 17 5F 18 42 00 00 60 42
1787900447.176110,34680,17fc,12,DB B9 5E 42 8E 71 03 42 00 00 64 42
1787900447.177563,34680,17fd,12,8C 5E 56 42 BA 7E E2 41 00 00 68 42
1787900447.178851,34680,17fe,12,F5 DC 4F 42 41 00 C5 41 00 00 6C 42
1787900447.180272,34680,17ff,12,C0 47 4B 42 C0 9D AF 41 00 00 70 42
1787900447.181682,34680,1800,12,3B A9 48 42 F4 2A A3 41 00 00 74 42
1787900447.183118,34680,1801,12,E7 08 48 42 BB 2A A0 41 00 00 78 42
1787900447.184520,34680,1802,12,D0 67 49 42 08 B9 A6 41 00 00 7C 42
1787900447.185914,34680,1803,12,22 C3 4C 42 28 96 B6 41 00 00 80 42
1787900447.187196,34680,1804,12,3A 11 52 42 57 1B CF 41 00 00 82 42
1787900447.189020,34680,1805,12,2E 46 59 42 CB 55 EF 41 00 00 84 42
1787900447.190465,34680,1806,12,50 4D 62 42 5B F9 0A 42 00 00 86 42
1787900447.191761,34680,1807,12,87 10 6D 42 57 B6 20 42 00 00 88 42
1787900447.193174,34680,1808,12,5D 76 79 42 D0 07 38 42 00 00 8A 42
1787900447.194604,34680,1809,12,A0 AD 83 42 A5 F8 4F 42 00 00 8C 42
1787900447.195875,34680,180a,12,FC 4F 8B 42 C7 9B 67 42 00 00 8E 42
1787900447.197330,34680,180b,12,5C 8C 93 42 BC F8 7D 42 00 00 90 42
1787900447.198725,34680,180c,12,D6 4E 9C 42 90 17 89 42 00 00 92 42
1787900447.200046,34680,180d,12,7A 82 A5 42 9A B9 91 42 00 00 94 42
1787900447.202557,34680,180e,12,E5 0C AF 42 BA 87 98 42 00 00 96 42
1787900447.203841,34680,180f,12,A4 D8 B8 42 8F 3E 9D 42 00 00 98 42
1787900447.205274,34680,1810,12,9E C9 C2 42 89 AC 9F 42 00 00 9A 42
1787900447.206681,34680,1811,12,EC C7 CC 42 C8 B9 9F 42 00 00 9C 42
1787900447.207940,34680,1812,12,8C BB D6 42 39 65 9D 42 00 00 9E 42
1787900447.209255,34680,1813,12,F2 87 E0 42 5B C7 98 42 00 00 A0 42
1787900447.210677,34680,1814,12,19 17 EA 42 E5 0D 92 42 00 00 A2 42
1787900447.211927,34680,1815,12,94 4D F3 42 87 7F 89 42 00 00 A4 42
1787900447.213229,34680,1816,12,5A 15 FC 42 4A E5 7E 42 00 00 A6 42
1787900447.214528,34680,1817,12,9B 2C 02 43 EC 97 68 42 00 00 A8 42
1787900447.215820,34680,1818,12,BA 00 06 43 69 01 51 42 00 00 AA 42
1787900447.217205,34680,1819,12,6E 7E 09 43 50 0B 39 42 00 00 AC 42
1787900447.218529,34680,181a,12,B4 9B 0C 43 84 B1 21 42 00 00 AE 42
1787900447.219792,34680,181b,12,28 51 0F 43 7C DE 0B 42 00 00 B0 42
1787900447.221077,34680,181c,12,2F 98 11 43 13 DC F0 41 00 00 B2 42
1787900447.223512,34680,181d,12,42 6A 13 43 0D 59 D0 41 00 00 B4 42
1787900447.224936,34680,181e,12,47 C3 14 43 D4 75 B7 41 00 00 B6 42
1787900447.226351,34680,181f,12,62 9F 15 43 06 38 A7 41 00 00 B8 42
1787900447.227745,34680,1820,12,A0 FC 15 43 D1 40 A0 41 00 00 BA 42
1787900447.229233,34680,1821,12,02 DA 15 43 66 D8 A2 41 00 00 BC 42
1787900447.230629,34680,1822,12,EB 37 15 43 87 E3 AE 41 00 00 BE 42
1787900447.231899,34680,1823,12,C9 17 14 43 F4 EA C3 41 00 00 C0 42
1787900447.233270,34680,1824,12,D6 7C 12 43 9B 11 E1 41 00 00 C2 42
1787900447.234639,34680,1825,12,08 6B 10 43 5D 98 02 42 00 00 C4 42
1787900447.236054,34680,1826,12,3E E7 0D 43 58 6F 17 42 00 00 C6 42
1787900447.237499,34680,1827,12,AF F8 0A 43 AE 32 2E 42 00 00 C8 42
1787900447.238748,34680,1828,12,F0 A5 07 43 F8 00 46 42 00 00 CA 42
1787900447.240172,34680,1829,12,8C F8 03 43 F5 DF 5D 42 00 00 CC 42
1787900447.241576,34680,182a,12,D4 F2 FF 42 CD DF 74 42 00 00 CE 42
1787900447.242946,34680,182b,12,27 64 F7 42 82 0C 85 42 00 00 D0 42
1787900447.244377,34680,182c,12,9C 5D EE 42 40 56 8E 42 00 00 D2 42
1787900447.245760,34680,182d,12,7D F3 E4 42 26 F1 95 42 00 00 D4 42
1787900447.247177,34680,182e,12,CA 40 DB 42 44 8D 9B 42 00 00 D6 42
1787900447.248488,34680,182f,12,DE 5C D1 42 B4 F2 9E 42 00 00 D8 42
1787900447.250744,34680,1830,12,72 5F C7 42 CA FE 9F 42 00 00 DA 42
1787900447.251932,34680,1831,12,2F 65 BD 42 86 A6 9E 42 00 00 DC 42
1787900447.253225,34680,1832,12,82 84 B3 42 36 F7 9A 42 00 00 DE 42
1787900447.257130,34680,1833,12,BF D9 A9 42 97 17 95 42 00 00 E0 42
1787900447.258347,34680,1834,12,12 7C A0 42 2F 43 8D 42 00 00 E2 42
1787900447.259718,34680,1835,12,0C 82 97 42 46 C8 83 42 00 00 E4 42
1787900447.261151,34680,1836,12,70 05 8F 42 06 15 72 42 00 00 E6 42
1787900447.262429,34680,1837,12,51 19 87 42 86 E8 5A 42 00 00 E8 42
1787900447.264544,34680,1838,12,CF A8 7F 42 A8 FE 42 42 00 00 EA 42
1787900447.265799,34680,1839,12,01 90 72 42 D8 47 2B 42 00 00 EC 42
1787900447.267105,34680,183a,12,09 08 67 42 9A B2 14 42 00 00 EE 42
1787900447.268494,34680,183b,12,FD 31 5D 42 57 2C 00 42 00 00 A0 41
1787900447.269885,34680,183c,12,F5 23 55 42 8E 00 DD 41 00 00 A8 41
1787900447.271258,34680,183d,12,0F F5 4E 42 63 D0 C0 41 00 00 B0 41
1787900447.272597,34680,183e,12,B2 B3 4A 42 B6 E1 AC 41 00 00 B8 41
1787900447.274031,34680,183f,12,8C 6A 48 42 E5 FE A1 41 00 00 C0 41
1787900447.275430,34680,1840,12,2B 20 48 42 5E 9A A0 41 00 00 C8 41
1787900447.276791,34680,1841,12,38 D5 49 42 ED C1 A8 41 00 00 D0 41
1787900447.278190,34680,1842,12,CB 84 4D 42 D7 1F BA 41 00 00 D8 41
1787900447.279661,34680,1843,12,95 25 53 42 7E 03 D4 41 00 00 E0 41
1787900447.280998,34680,1844,12,84 AA 5A 42 84 6A F5 41 00 00 E8 41
1787900447.282412,34680,1845,12,06 FE 63 42 E4 7A 0E 42 00 00 F0 41
1787900447.283727,34680,1846,12,24 0B 6F 42 DE 8E 24 42 00 00 F8 41
1787900447.285543,34680,1847,12,2C B2 7B 42 17 09 3C 42 00 00 00 42
1787900447.286834,34680,1848,12,2E EA 84 42 5C FD 53 42 00 00 04 42
1787900447.288237,34680,1849,12,0A A8 8C 42 E9 7A 6B 42 00 00 08 42
1787900447.289654,34680,184a,12,76 FC 94 42 66 C5 80 42 00 00 0C 42
1787900447.292718,34680,184b,12,BA D4 9D 42 48 A9 8A 42 00 00 10 42
1787900447.294011,34680,184c,12,74 17 A7 42 24 01 93 42 00 00 14 42
1787900447.295435,34680,184d,12,51 AE B0 42 82 79 99 42 00 00 18 42
1787900447.296864,34680,184e,12,58 82 BA 42 E3 D0 9D 42 00 00 1C 42
1787900447.298200,34680,184f,12,59 77 C4 42 A3 D9 9F 42 00 00 20 42
1787900447.299634,34680,1850,12,F1 76 CE 42 9E 7F 9F 42 00 00 24 42
1787900447.300903,34680,1851,12,72 64 D8 42 86 C6 9C 42 00 00 28 42
1787900447.302209,34680,1852,12,0A 28 E2 42 44 CA 97 42 00 00 2C 42
1787900447.303648,34680,1853,12,3A AA EB 42 74 BC 90 42 00 00 30 42
1787900447.304949,34680,1854,12,B8 CF F4 42 3C E7 87 42 00 00 34 42
1787900447.306960,34680,1855,12,F8 83 FD 42 25 44 7B 42 00 00 38 42
1787900447.308393,34680,1856,12,00 D7 02 43 DD B1 64 42 00 00 3C 42
1787900447.309747,34680,1857,12,2C 9D 06 43 DE FA 4C 42 00 00 40 42
1787900447.311022,34680,1858,12,5A 0B 0A 43 5F 0D 35 42 00 00 44 42
1787900447.312450,34680,1859,12,B5 17 0D 43 E8 E4 1D 42 00 00 48 42
1787900447.313856,34680,185a,12,62 BB 0F 43 C7 66 08 42 00 00 4C 42
1787900447.315264,34680,185b,12,CE EE 11 43 DA E9 EA 41 00 00 50 42
1787900447.319255,34680,185c,12,CC AC 13 43 31 9A CB 41 00 00 54 42
1787900447.326845,34680,185d,12,10 F1 14 43 F7 1A B4 41 00 00 58 42
1787900447.330086,34680,185e,12,F7 B7 15 43 2F 63 A5 41 00 00 5C 42
1787900447.331032,34680,185f,12,C3 FF 15 43 95 04 A0 41 00 00 60 42
1787900447.332500,34680,1860,12,A6 C7 15 43 9A 37 A4 41 00 00 64 42
1787900447.333933,34680,1861,12,44 10 15 43 D4 CF B1 41 00 00 68 42
1787900447.335343,34680,1862,12,38 DB 13 43 BF 46 C8 41 00 00 6C 42
1787900447.336797,34680,1863,12,F9 2B 12 43 32 B0 E6 41 00 00 70 42
1787900447.338096,34680,1864,12,50 06 10 43 86 EF 05 42 00 00 74 42
1787900447.339784,34680,1865,12,66 70 0D 43 36 26 1B 42 00 00 78 42
1787900447.341229,34680,1866,12,8A 70 0A 43 6B 26 32 42 00 00 7C 42
1787900447.342547,34680,1867,12,D9 0D 07 43 43 09 4A 42 00 00 80 42
1787900447.343802,34680,1868,12,0A 52 03 43 A7 D3 61 42 00 00 82 42
1787900447.345248,34680,1869,12,FE 8A FE 42 02 9A 78 42 00 00 84 42
1787900447.347311,34680,186a,12,B0 E7 F5 42 76 B6 86 42 00 00 86 42
1787900447.348543,34680,186b,12,04 CF EC 42 D1 BD 8F 42 00 00 88 42
1787900447.349897,34680,186c,12,BD 56 E3 42 F4 07 97 42 00 00 8A 42
1787900447.351260,34680,186d,12,04 9A D9 42 3E 48 9C 42 00 00 8C 42
1787900447.352557,34680,186e,12,BD AE CF 42 B0 4A 9F 42 00 00 8E 42
1787900447.353914,34680,186f,12,5B B1 C5 42 A6 EF 9F 42 00 00 90 42
1787900447.355319,34680,1870,12,DF B9 BB 42 34 31 9E 42 00 00 92 42
1787900447.356665,34680,1871,12,3E E0 B1 42 56 20 9A 42 00 00 94 42
1787900447.358081,34680,1872,12,BA 40 A8 42 C9 E7 93 42 00 00 96 42
1787900447.359372,34680,1873,12,F4 F0 9E 42 27 C5 8B 42 00 00 98 42
1787900447.362456,34680,1874,12,A2 0B 96 42 F4 0D 82 42 00 00 9A 42
1787900447.363745,34680,1875,12,07 A6 8D 42 57 48 6E 42 00 00 9C 42
1787900447.365189,34680,1876,12,6E D4 85 42 89 EA 56 42 00 00 9E 42
1787900447.366492,34680,1877,12,8F 5A 7D 42 20 F8 3E 42 00 00 A0 42
1787900447.367773,34680,1878,12,48 81 70 42 3B 5E 27 42 00 00 A2 42
1787900447.369200,34680,1879,12,E6 41 65 42 F3 14 11 42 00 00 A4 42
1787900447.370497,34680,187a,12,0B B7 5B 42 C5 F7 F9 41 00 00 A6 42
1787900447.371790,34680,187b,12,0A F8 53 42 4F BB D7 41 00 00 A8 42
1787900447.373073,34680,187c,12,1D 1B 4E 42 69 DC BC 41 00 00 AA 42
1787900447.374494,34680,187d,12,71 2D 4A 42 25 65 AA 41 00 00 AC 42
1787900447.376275,34680,187e,12,4B 3A 48 42 A3 17 A1 41 00 00 AE 42
1787900447.377585,34680,187f,12,E2 45 48 42 35 4F A1 41 00 00 B0 42
1787900447.379032,34680,1880,12,93 50 4A 42 E6 0B AB 41 00 00 B2 42
1787900447.380391,34680,1881,12,83 54 4E 42 5A E7 BD 41 00 00 B4 42
1787900447.381699,34680,1882,12,AA 48 54 42 D7 26 D9 41 00 00 B6 42
1787900447.383025,34680,1883,12,F5 1B 5C 42 EF AB FB 41 00 00 B8 42
1787900447.384396,34680,1884,12,29 BB 65 42 0E 0D 12 42 00 00 BA 42
1787900447.385776,34680,1885,12,93 0F 71 42 18 6E 28 42 00 00 BC 42
1787900447.387064,34680,1886,12,B2 F8 7D 42 D3 0D 40 42 00 00 BE 42
1787900447.388500,34680,1887,12,C1 2C 86 42 54 02 58 42 00 00 C0 42
1787900447.389894,34680,1888,12,62 04 8E 42 C9 4F 6F 42 00 00 C2 42
1787900447.391205,34680,1889,12,41 70 96 42 1D 86 82 42 00 00 C4 42
1787900447.392609,34680,188a,12,42 5C 9F 42 5A 2E 8C 42 00 00 C6 42
1787900447.393895,34680,188b,12,CF AE A8 42 18 3B 94 42 00 00 C8 42
1787900447.396099,34680,188c,12,F3 52 B2 42 A0 5C 9A 42 00 00 CA 42
1787900447.397548,34680,188d,12,06 2D BC 42 81 52 9E 42 00 00 CC 42
1787900447.398981,34680,188e,12,54 25 C6 42 70 F5 9F 42 00 00 CE 42
1787900447.400396,34680,188f,12,EE 23 D0 42 6F 34 9F 42 00 00 D0 42
1787900447.401977,34680,1890,12,28 0C DA 42 6A 17 9C 42 00 00 D2 42
1787900447.403420,34680,1891,12,BF C7 E3 42 35 BD 96 42 00 00 D4 42
1787900447.404823,34680,1892,12,C6 3A ED 42 14 5E 8F 42 00 00 D6 42
1787900447.406125,34680,1893,12,9F 4E F6 42 90 44 86 42 00 00 D8 42
1787900447.407471,34680,1894,12,62 ED FE 42 85 97 77 42 00 00 DA 42
1787900447.409829,34680,1895,12,2A 7F 03 43 82 C3 60 42 00 00 DC 42
1787900447.411212,34680,1896,12,AB 37 07 43 23 EF 48 42 00 00 DE 42
1787900447.412622,34680,1897,12,88 95 0A 43 E8 14 31 42 00 00 E0 42
1787900447.413910,34680,1898,12,BE 90 0D 43 77 24 1A 42 00 00 E2 42
1787900447.415179,34680,1899,12,0F 22 10 43 B3 04 05 42 00 00 E4 42
1787900447.416530,34680,189a,12,1C 42 12 43 5B 27 E5 41 00 00 E6 42
1787900447.418101,34680,189b,12,1E EC 13 43 00 10 C7 41 00 00 E8 42
1787900447.419444,34680,189c,12,4F 1B 15 43 AC FF B0 41 00 00 EA 42
1787900447.420982,34680,189d,12,F4 CC 15 43 29 D2 A3 41 00 00 EC 42
1787900447.422894,34680,189e,12,44 FF 15 43 10 0E A0 41 00 00 EE 42
1787900447.424254,34680,189f,12,B0 B1 15 43 F6 DA A5 41 00 00 A0 41
1787900447.425739,34680,18a0,12,E6 E4 14 43 6D FF B4 41 00 00 A8 41
1787900447.427082,34680,18a1,12,31 9B 13 43 46 DC CC 41 00 00 B0 41
1787900447.429008,34680,18a2,12,C6 D7 11 43 BB 7F EC 41 00 00 B8 41
1787900447.430358,34680,18a3,12,C5 9E 0F 43 B9 56 09 42 00 00 C0 41
1787900447.433650,34680,18a4,12,8F F6 0C 43 0A EA 1E 42 00 00 C8 41
1787900447.435479,34680,18a5,12,1C E5 09 43 2E 24 36 42 00 00 D0 41
1787900447.438733,34680,18a6,12,3A 73 06 43 F9 10 4E 42 00 00 D8 41
1787900447.441413,34680,18a7,12,44 A9 02 43 E1 BF 65 42 00 00 E0 41
1787900447.442478,34680,18a8,12,83 20 FD 42 B1 42 7C 42 00 00 E8 41
1787900447.443496,34680,18a9,12,E7 67 F4 42 62 56 88 42 00 00 F0 41
1787900447.445173,34680,18aa,12,4C 3C EB 42 FA 19 91 42 00 00 F8 41
1787900447.448321,34680,18ab,12,03 B8 E1 42 02 10 98 42 00 00 00 42
1787900447.449375,34680,18ac,12,F9 F1 D7 42 F2 F2 9C 42 00 00 04 42
1787900447.450284,34680,18ad,12,9B 01 CE 42 2D 91 9F 42 00 00 08 42
1787900447.452327,34680,18ae,12,6E 03 C4 42 2D CF 9F 42 00 00 0C 42
1787900447.455389,34680,18af,12,E5 0D BA 42 8C AA 9D 42 00 00 10 42
1787900447.457914,34680,18b0,12,94 3D B0 42 D2 39 99 42 00 00 14 42
1787900447.460237,34680,18b1,12,01 AA A6 42 23 AA 92 42 00 00 18 42
1787900447.463409,34680,18b2,12,3E 6A 9D 42 FC 3C 8A 42 00 00 1C 42
1787900447.464386,34680,18b3,12,D4 98 94 42 F2 4A 80 42 00 00 20 42
1787900447.466798,34680,18b4,12,94 49 8C 42 FF 6C 6A 42 00 00 24 42
1787900447.469872,34680,18b5,12,54 94 84 42 3C E8 52 42 00 00 28 42
1787900447.470892,34680,18b6,12,E8 16 7B 42 35 F4 3A 42 00 00 2C 42
1787900447.475983,34680,18b7,12,04 80 6E 42 B1 81 23 42 00 00 30 42
1787900447.479543,34680,18b8,12,1A 88 63 42 2B 87 0D 42 00 00 34 42
1787900447.480823,34680,18b9,12,D2 47 5A 42 8A BC F3 41 00 00 38 42
1787900447.484107,34680,18ba,12,B5 D9 52 42 54 AB D2 41 00 00 3C 42
1787900447.490742,34680,18bb,12,2E 4F 4D 42 78 25 B9 41 00 00 40 42
1787900447.491515,34680,18bc,12,FF B5 49 42 60 2D A8 41 00 00 44 42
1787900447.495467,34680,18bd,12,79 18 48 42 71 75 A0 41 00 00 48 42
1787900447.498447,34680,18be,12,3F 7A 48 42 15 4A A2 41 00 00 4C 42
1787900447.499374,34680,18bf,12,38 DA 4A 42 10 98 AD 41 00 00 50 42
1787900447.502477,34680,18c0,12,39 32 4F 42 98 EB C1 41 00 00 54 42
1787900447.504830,34680,18c1,12,48 78 55 42 62 7A DE 41 00 00 58 42
1787900447.505669,34680,18c2,12,66 9A 5D 42 1C 0C 01 42 00 00 5C 42
1787900447.510483,34680,18c3,12,4A 86 67 42 38 B2 15 42 00 00 60 42
1787900447.511425,34680,18c4,12,7E 1F 73 42 72 56 2C 42 00 00 64 42
1787900447.514500,34680,18c5,12,E3 24 80 42 DC 14 44 42 00 00 68 42
1787900447.514992,34680,18c6,12,EE 72 87 42 F1 FE 5B 42 00 00 6C 42
1787900447.518183,34680,18c7,12,EB 64 8F 42 4C 19 73 42 00 00 70 42
1787900447.518726,34680,18c8,12,FE E8 97 42 96 3F 84 42 00 00 74 42
1787900447.519301,34680,18c9,12,BB E6 A0 42 CE A7 8D 42 00 00 78 42
1787900447.520578,34680,18ca,12,6D 48 AA 42 1A 67 95 42 00 00 7C 42
1787900447.521926,34680,18cb,12,A1 F7 B3 42 2E 2F 9B 42 00 00 80 42
1787900447.523267,34680,18cc,12,8F D8 BD 42 43 C3 9E 42 00 00 82 42
1787900447.524588,34680,18cd,12,02 D5 C7 42 EA FF 9F 42 00 00 84 42
1787900447.526477,34680,18ce,12,55 D0 D1 42 22 D8 9E 42 00 00 86 42
1787900447.528692,34680,18cf,12,91 B2 DB 42 16 58 9B 42 00 00 88 42
1787900447.532310,34680,18d0,12,F0 63 E5 42 6D A2 95 42 00 00 8A 42
1787900447.532653,34680,18d1,12,A2 C8 EE 42 2B F3 8D 42 00 00 8C 42
1787900447.533519,34680,18d2,12,8C CB F7 42 69 96 84 42 00 00 8E 42
1787900447.534940,34680,18d3,12,6A 29 00 43 22 DD 73 42 00 00 90 42
1787900447.536228,34680,18d4,12,0E 25 04 43 FF CD 5C 42 00 00 92 42
1787900447.538590,34680,18d5,12,0F CF 07 43 E2 E6 44 42 00 00 94 42
1787900447.539696,34680,18d6,12,EA 1C 0B 43 11 23 2D 42 00 00 96 42
1787900447.543900,34680,18d7,12,33 07 0E 43 DD 6D 16 42 00 00 98 42
1787900447.546417,34680,18d8,12,8C 85 10 43 FC B5 01 42 00 00 9A 42
1787900447.548112,34680,18d9,12,11 92 12 43 3F 96 DF 41 00 00 9C 42
1787900447.549488,34680,18da,12,BC 27 14 43 36 C4 C2 41 00 00 9E 42
1787900447.550781,34680,18db,12,01 42 15 43 D6 24 AE 41 00 00 A0 42
1787900447.552341,34680,18dc,12,66 DE 15 43 54 84 A2 41 00 00 A2 42
1787900447.553930,34680,18dd,12,29 FB 15 43 E7 5C A0 41 00 00 A4 42
1787900447.556785,34680,18de,12,24 98 15 43 02 C2 A7 41 00 00 A6 42
1787900447.558055,34680,18df,12,27 B6 14 43 7F 6B B8 41 00 00 A8 42
1787900447.559177,34680,18e0,12,BA 57 13 43 36 AA D1 41 00 00 AA 42
1787900447.561230,34680,18e1,12,F0 7F 11 43 30 84 F2 41 00 00 AC 42
1787900447.566541,34680,18e2,12,13 34 0F 43 09 D0 0C 42 00 00 AE 42
1787900447.567631,34680,18e3,12,C2 79 0C 43 BF B9 22 42 00 00 B0 42
1787900447.568081,34680,18e4,12,70 57 09 43 6B 23 3A 42 00 00 B2 42
1787900447.568969,34680,18e5,12,1D D6 05 43 ED 16 52 42 00 00 B4 42
1787900447.573373,34680,18e6,12,A8 FD 01 43 1C A7 69 42 00 00 B6 42
1787900447.574525,34680,18e7,12,31 B2 FB 42 44 DC 7F 42 00 00 B8 42
1787900447.575895,34680,18e8,12,E8 E4 F2 42 CC EB 89 42 00 00 BA 42
1787900447.577600,34680,18e9,12,7D A8 E9 42 D2 67 92 42 00 00 BC 42
1787900447.579506,34680,18ea,12,6E 17 E0 42 02 09 99 42 00 00 BE 42
1787900447.581178,34680,18eb,12,3B 47 D6 42 B8 8D 9D 42 00 00 C0 42
1787900447.582672,34680,18ec,12,0B 54 CC 42 73 C6 9F 42 00 00 C2 42
1787900447.584126,34680,18ed,12,CB 55 C2 42 6B 9D 9F 42 00 00 C4 42
1787900447.585461,34680,18ee,12,7B 64 B8 42 AE 13 9D 42 00 00 C6 42
1787900447.586835,34680,18ef,12,A1 9C AE 42 EA 43 98 42 00 00 C8 42
1787900447.588331,34680,18f0,12,39 14 A5 42 C5 5D 91 42 00 00 CA 42
1787900447.590628,34680,18f1,12,9C E6 9B 42 C4 A9 88 42 00 00 CC 42
1787900447.591882,34680,18f2,12,BD 29 93 42 85 FF 7C 42 00 00 CE 42
1787900447.593224,34680,18f3,12,B7 F2 8A 42 42 8B 66 42 00 00 D0 42
1787900447.594406,34680,18f4,12,1A 59 83 42 C8 E2 4E 42 00 00 D2 42
1787900447.595677,34680,18f5,12,F9 DB 78 42 59 F0 36 42 00 00 D4 42
1787900447.597032,34680,18f6,12,6B 8A 6C 42 B3 AF 1F 42 00 00 D6 42
1787900447.598307,34680,18f7,12,C5 DA 61 42 4A 0A 0A 42 00 00 D8 42
1787900447.599616,34680,18f8,12,16 E7 58 42 55 B4 ED 41 00 00 DA 42
1787900447.600871,34680,18f9,12,0C C9 51 42 14 D2 CD 41 00 00 DC 42
1787900447.602204,34680,18fa,12,A8 90 4C 42 84 A9 B5 41 00 00 DE 42
1787900447.603540,34680,18fb,12,E1 4C 49 42 9F 38 A6 41 00 00 E0 42
1787900447.604828,34680,18fc,12,1A 05 48 42 7D 18 A0 41 00 00 E2 42
1787900447.606182,34680,18fd,12,DE BC 48 42 E4 88 A3 41 00 00 E4 42
1787900447.607512,34680,18fe,12,1D 72 4B 42 AB 65 B0 41 00 00 E6 42
1787900447.608853,34680,18ff,12,C2 1E 50 42 78 2F C6 41 00 00 E8 42
1787900447.610190,34680,1900,12,62 B5 56 42 3E 01 E4 41 00 00 EA 42
1787900447.611537,34680,1901,12,BC 25 5F 42 C4 56 04 42 00 00 EC 42
1787900447.612865,34680,1902,12,F4 5B 69 42 92 62 19 42 00 00 EE 42
1787900447.614133,34680,1903,12,C0 3A 75 42 CC 46 30 42 00 00 A0 41
1787900447.615379,34680,1904,12,BA 53 81 42 C6 20 48 42 00 00 A8 41
1787900447.618567,34680,1905,12,C5 BD 88 42 C5 F5 5F 42 00 00 B0 41
1787900447.619745,34680,1906,12,8A C9 90 42 5A D6 76 42 00 00 B8 41
1787900447.621171,34680,1907,12,DA 63 99 42 1F EE 85 42 00 00 C0 41
1787900447.622493,34680,1908,12,07 74 A2 42 38 15 8F 42 00 00 C8 41
1787900447.623747,34680,1909,12,B1 E5 AB 42 D8 85 96 42 00 00 D0 41
1787900447.625028,34680,190a,12,C2 9D B5 42 C8 F1 9B 42 00 00 D8 41
1787900447.626379,34680,190b,12,D3 84 BF 42 08 23 9F 42 00 00 E0 41
1787900447.627733,34680,190c,12,23 83 C9 42 FA F8 9F 42 00 00 E8 41
1787900447.628887,34680,190d,12,06 7C D3 42 D3 6A 9E 42 00 00 F0 41
1787900447.630283,34680,190e,12,14 59 DD 42 FB 87 9A 42 00 00 F8 41
1787900447.631588,34680,190f,12,00 FE E6 42 4C 79 94 42 00 00 00 42
1787900447.632898,34680,1910,12,B0 53 F0 42 22 7C 8C 42 00 00 04 42
1787900447.634244,34680,1911,12,A2 43 F9 42 60 E0 82 42 00 00 08 42
1787900447.635422,34680,1912,12,1A DA 00 43 12 16 70 42 00 00 0C 42
1787900447.636638,34680,1913,12,36 C9 04 43 C2 CE 58 42 00 00 10 42
1787900447.637890,34680,1914,12,DC 63 08 43 86 DF 40 42 00 00 14 42
1787900447.639230,34680,1915,12,7A A1 0B 43 FF 38 29 42 00 00 18 42
1787900447.640590,34680,1916,12,2E 7A 0E 43 10 C9 12 42 00 00 1C 42
1787900447.641925,34680,1917,12,D0 E5 10 43 2E F7 FC 41 00 00 20 42
1787900447.643287,34680,1918,12,EE DE 12 43 3C 33 DA 41 00 00 24 42
1787900447.644523,34680,1919,12,E0 5F 14 43 BF B3 BE 41 00 00 28 42
1787900447.645879,34680,191a,12,24 65 15 43 4B 8B AB 41 00 00 2C 42
1787900447.647220,34680,191b,12,2B EC 15 43 7A 7C A1 41 00 00 30 42
1787900447.648426,34680,191c,12,71 F3 15 43 05 F1 A0 41 00 00 34 42
1787900447.649605,34680,191d,12,E5 7A 15 43 52 EE A9 41 00 00 38 42
1787900447.650832,34680,191e,12,E2 83 14 43 E2 15 BC 41 00 00 3C 42
1787900447.652081,34680,191f,12,D6 10 13 43 2B AF D6 41 00 00 40 42
1787900447.653444,34680,1920,12,20 25 11 43 AD B0 F8 41 00 00 44 42
1787900447.654704,34680,1921,12,42 C6 0E 43 76 5A 10 42 00 00 48 42
1787900447.655919,34680,1922,12,90 F9 0B 43 D4 97 26 42 00 00 4C 42
1787900447.657280,34680,1923,12,12 C7 08 43 A9 26 3E 42 00 00 50 42
1787900447.658607,34680,1924,12,8E 36 05 43 F6 19 56 42 00 00 54 42
1787900447.659812,34680,1925,12,7E 50 01 43 FA 80 6D 42 00 00 58 42
1787900447.661032,34680,1926,12,22 40 FA 42 D9 B2 81 42 00 00 5C 42
1787900447.662348,34680,1927,12,64 5D F1 42 AA 77 8B 42 00 00 60 42
1787900447.663573,34680,1928,12,3E 12 E8 42 3F A8 93 42 00 00 64 42
1787900447.664931,34680,1929,12,1A 75 DE 42 AE F2 99 42 00 00 68 42
1787900447.666228,34680,192a,12,FF 9C D4 42 43 17 9E 42 00 00 6C 42
1787900447.667589,34680,192b,12,2B A6 CA 42 71 EA 9F 42 00 00 70 42
1787900447.668816,34680,192c,12,01 A7 C0 42 26 5A 9F 42 00 00 74 42
1787900447.670024,34680,192d,12,31 BC B6 42 50 6C 9C 42 00 00 78 42
1787900447.672330,34680,192e,12,84 FD AC 42 E7 3E 97 42 00 00 7C 42
1787900447.673688,34680,192f,12,70 82 A3 42 77 05 90 42 00 00 80 42
1787900447.675045,34680,1930,12,29 66 9A 42 F2 0B 87 42 00 00 82 42
1787900447.676391,34680,1931,12,27 BD 91 42 69 56 79 42 00 00 84 42
1787900447.677734,34680,1932,12,43 A0 89 42 B0 A0 62 42 00 00 86 42
1787900447.679070,34680,1933,12,D6 22 82 42 56 DB 4A 42 00 00 88 42
1787900447.680398,34680,1934,12,0C AE 76 42 26 F5 32 42 00 00 8A 42
1787900447.681639,34680,1935,12,A3 A0 6A 42 5E E9 1B 42 00 00 8C 42
1787900447.682995,34680,1936,12,88 38 60 42 2E 9C 06 42 00 00 8E 42
1787900447.684302,34680,1937,12,95 93 57 42 0B DB E7 41 00 00 90 42
1787900447.685509,34680,1938,12,23 C6 50 42 F6 30 C9 41 00 00 92 42
1787900447.687047,34680,1939,12,F8 E0 4B 42 07 70 B2 41 00 00 94 42
1787900447.688365,34680,193a,12,20 F2 48 42 71 87 A4 41 00 00 96 42
1787900447.689654,34680,193b,12,31 00 48 42 ED 00 A0 41 00 00 98 42
1787900447.690859,34680,193c,12,E3 0D 49 42 0D 0C A5 41 00 00 9A 42
1787900447.692222,34680,193d,12,36 18 4C 42 EA 73 B3 41 00 00 9C 42
1787900447.693572,34680,193e,12,53 18 51 42 D7 A9 CA 41 00 00 9E 42
1787900447.694836,34680,193f,12,E1 FF 57 42 D3 B9 E9 41 00 00 A0 42
1787900447.696071,34680,1940,12,5B BF 60 42 26 B8 07 42 00 00 A2 42
1787900447.697422,34680,1941,12,A9 3D 6B 42 67 20 1D 42 00 00 A4 42
1787900447.698756,34680,1942,12,32 61 77 42 02 3E 34 42 00 00 A6 42
1787900447.700063,34680,1943,12,96 86 82 42 E8 28 4C 42 00 00 A8 42
1787900447.701505,34680,1944,12,2E 0D 8A 42 AD E5 63 42 00 00 AA 42
1787900447.702895,34680,1945,12,79 33 92 42 44 89 7A 42 00 00 AC 42
1787900447.704335,34680,1946,12,15 E2 9A 42 D9 92 87 42 00 00 AE 42
1787900447.706585,34680,1947,12,0A 04 A4 42 2D 76 90 42 00 00 B0 42
1787900447.707866,34680,1948,12,7F 83 AD 42 EA 94 97 42 00 00 B2 42
1787900447.709298,34680,1949,12,37 45 B7 42 35 A4 9C 42 00 00 B4 42
1787900447.710719,34680,194a,12,44 33 C1 42 F6 71 9F 42 00 00 B6 42
1787900447.712183,34680,194b,12,28 31 CB 42 B3 E0 9F 42 00 00 B8 42
1787900447.713502,34680,194c,12,E3 26 D5 42 A1 EC 9D 42 00 00 BA 42
1787900447.714849,34680,194d,12,84 FC DE 42 D6 A8 99 42 00 00 BC 42
1787900447.716285,34680,194e,12,D3 95 E8 42 27 42 93 42 00 00 BE 42
1787900447.717578,34680,194f,12,3F DD F1 42 F7 F7 8A 42 00 00 C0 42
1787900447.718998,34680,1950,12,29 B8 FA 42 6B 21 81 42 00 00 C2 42
1787900447.720267,34680,1951,12,B4 88 01 43 6B 43 6C 42 00 00 C4 42
1787900447.721572,34680,1952,12,66 6A 05 43 5A CE 54 42 00 00 C6 42
1787900447.723002,34680,1953,12,08 F6 08 43 3A DA 3C 42 00 00 C8 42
1787900447.724390,34680,1954,12,A3 23 0C 43 3A 54 25 42 00 00 CA 42
1787900447.725672,34680,1955,12,18 EA 0E 43 A4 33 0F 42 00 00 CC 42
1787900447.727093,34680,1956,12,D6 42 11 43 E5 AC F6 41 00 00 CE 42
1787900447.728476,34680,1957,12,20 28 13 43 DC 09 D5 41 00 00 D0 42
1787900447.729866,34680,1958,12,84 94 14 43 C9 DF BA 41 00 00 D2 42
1787900447.731133,34680,1959,12,D1 84 15 43 BC 31 A9 41 00 00 D4 42
1787900447.732424,34680,195a,12,55 F6 15 43 92 B9 A0 41 00 00 D6 42
1787900447.733976,34680,195b,12,1C E8 15 43 3D CA A1 41 00 00 D8 42
1787900447.735356,34680,195c,12,2C 5A 15 43 40 5B AC 41 00 00 DA 42
1787900447.736679,34680,195d,12,1C 4E 14 43 86 FD BF 41 00 00 DC 42
1787900447.738075,34680,195e,12,45 C6 12 43 A7 EE DB 41 00 00 DE 42
1787900447.739357,34680,195f,12,0C C7 10 43 E7 08 FF 41 00 00 E0 42
1787900447.741669,34680,1960,12,59 55 0E 43 F8 F4 13 42 00 00 E2 42
1787900447.743113,34680,1961,12,F0 76 0B 43 02 7C 2A 42 00 00 E4 42
1787900447.744491,34680,1962,12,0C 34 08 43 C1 2C 42 42 00 00 E6 42
1787900447.745905,34680,1963,12,01 94 04 43 A1 1C 5A 42 00 00 E8 42
1787900447.747805,34680,1964,12,36 A1 00 43 01 50 71 42 00 00 EA 42
1787900447.749129,34680,1965,12,72 CA F8 42 FA 6E 83 42 00 00 EC 42
1787900447.750527,34680,1966,12,4C D4 EF 42 AB F6 8C 42 00 00 EE 42
1787900447.751794,34680,1967,12,AF 79 E6 42 E5 DA 94 42 00 00 A0 41
1787900447.753067,34680,1968,12,A0 CF DC 42 85 CD 9A 42 00 00 A8 41
1787900447.754383,34680,1969,12,DA F1 D2 42 03 90 9E 42 00 00 B0 41
1787900447.755705,34680,196a,12,19 F8 C8 42 1D FD 9F 42 00 00 B8 41
1787900447.757019,34680,196b,12,4F FA BE 42 F0 05 9F 42 00 00 C0 41
1787900447.758424,34680,196c,12,26 15 B5 42 A2 B4 9B 42 00 00 C8 41
1787900447.759727,34680,196d,12,DC 5E AB 42 0C 2A 96 42 00 00 D0 41
1787900447.761095,34680,196e,12,4B F3 A1 42 70 A0 8E 42 00 00 D8 41
1787900447.762496,34680,196f,12,02 E9 98 42 FE 63 85 42 00 00 E0 41
1787900447.763761,34680,1970,12,D1 55 90 42 67 A2 75 42 00 00 E8 41
1787900447.765162,34680,1971,12,51 52 88 42 6B AE 5E 42 00 00 F0 41
1787900447.766465,34680,1972,12,85 F0 80 42 50 CF 46 42 00 00 F8 41
1787900447.768320,34680,1973,12,34 8B 74 42 08 00 2F 42 00 00 00 42
1787900447.769759,34680,1974,12,CE C2 68 42 C6 2F 18 42 00 00 04 42
1787900447.771029,34680,1975,12,88 A4 5E 42 2F 44 03 42 00 00 08 42
1787900447.772450,34680,1976,12,68 4D 56 42 5C 32 E2 41 00 00 0C 42
1787900447.773725,34680,1977,12,2D D0 4F 42 52 C5 C4 41 00 00 10 42
1787900447.775919,34680,1978,12,75 3F 4B 42 95 76 AF 41 00 00 14 42
1787900447.777340,34680,1979,12,C2 A5 48 42 55 1A A3 41 00 00 18 42
1787900447.778738,34680,197a,12,C9 09 48 42 F4 2E A0 41 00 00 1C 42
1787900447.780059,34680,197b,12,4A 6D 49 42 21 D3 A6 41 00 00 20 42
1787900447.781394,34680,197c,12,26 CD 4C 42 1B C5 B6 41 00 00 24 42
1787900447.782724,34680,197d,12,B0 1F 52 42 40 5D CF 41 00 00 28 42
1787900447.784075,34680,197e,12,AB 57 59 42 77 A2 EF 41 00 00 2C 42
1787900447.785495,34680,197f,12,2F 64 62 42 03 29 0B 42 00 00 30 42
1787900447.786927,34680,1980,12,47 2B 6D 42 A0 EA 20 42 00 00 34 42
1787900447.788215,34680,1981,12,BB 94 79 42 A5 3E 38 42 00 00 38 42
1787900447.789625,34680,1982,12,77 BE 83 42 D6 2F 50 42 00 00 3C 42
1787900447.791027,34680,1983,12,12 61 8B 42 84 CD 67 42 00 00 40 42
1787900447.792410,34680,1984,12,FE 9F 93 42 1F 2A 7E 42 00 00 44 42
1787900447.793802,34680,1985,12,92 63 9C 42 4A 2D 89 42 00 00 48 42
1787900447.795206,34680,1986,12,1E 98 A5 42 7E CB 91 42 00 00 4C 42
1787900447.797042,34680,1987,12,38 23 AF 42 12 95 98 42 00 00 50 42
1787900447.798427,34680,1988,12,E2 ED B8 42 43 46 9D 42 00 00 54 42
1787900447.799691,34680,1989,12,A3 E0 C2 42 64 AF 9F 42 00 00 58 42
1787900447.801096,34680,198a,12,F2 DE CC 42 1E B7 9F 42 00 00 5C 42
1787900447.802606,34680,198b,12,58 D2 D6 42 24 5D 9D 42 00 00 60 42
1787900447.803875,34680,198c,12,4A 9E E0 42 2E BA 98 42 00 00 64 42
1787900447.805278,34680,198d,12,4C 2B EA 42 5A FD 91 42 00 00 68 42
1787900447.806669,34680,198e,12,5A 62 F3 42 EB 69 89 42 00 00 6C 42
1787900447.807925,34680,198f,12,06 29 FC 42 13 B4 7E 42 00 00 70 42
1787900447.809683,34680,1990,12,CB 35 02 43 AC 62 68 42 00 00 74 42
1787900447.811111,34680,1991,12,2C 09 06 43 3F CA 50 42 00 00 78 42
1787900447.812509,34680,1992,12,88 85 09 43 27 D8 38 42 00 00 7C 42
1787900447.813907,34680,1993,12,6C A2 0C 43 1C 7D 21 42 00 00 80 42
1787900447.815202,34680,1994,12,E8 56 0F 43 A3 AE 0B 42 00 00 82 42
1787900447.816765,34680,1995,12,E9 9C 11 43 52 89 F0 41 00 00 84 42
1787900447.818169,34680,1996,12,E9 6D 13 43 88 16 D0 41 00 00 86 42
1787900447.819511,34680,1997,12,A6 C5 14 43 6E 49 B7 41 00 00 88 42
1787900447.820822,34680,1998,12,CB A0 15 43 31 1D A7 41 00 00 8A 42
1787900447.822106,34680,1999,12,E2 FC 15 43 D6 3B A0 41 00 00 8C 42
1787900447.824356,34680,199a,12,1D D9 15 43 7C E9 A2 41 00 00 8E 42
1787900447.825732,34680,199b,12,E2 35 15 43 FC 09 AF 41 00 00 90 42
1787900447.827121,34680,199c,12,D8 14 14 43 4C 21 C4 41 00 00 92 42
1787900447.828424,34680,199d,12,96 78 12 43 6D 5D E1 41 00 00 94 42
1787900447.829755,34680,199e,12,BC 65 10 43 84 C5 02 42 00 00 96 42
1787900447.832459,34680,199f,12,F4 E0 0D 43 F4 A1 17 42 00 00 98 42
1787900447.833920,34680,19a0,12,75 F1 0A 43 B7 68 2E 42 00 00 9A 42
1787900447.835341,34680,19a1,12,67 9E 07 43 87 34 46 42 00 00 9C 42
1787900447.836740,34680,19a2,12,AE EF 03 43 57 16 5E 42 00 00 9E 42
1787900447.841543,34680,19a3,12,B8 DF FF 42 16 13 75 42 00 00 A0 42
1787900447.843140,34680,19a4,12,DA 4F F7 42 94 23 85 42 00 00 A2 42
1787900447.844658,34680,19a5,12,52 48 EE 42 D4 69 8E 42 00 00 A4 42
1787900447.851576,34680,19a6,12,EB DE E4 42 6C FF 95 42 00 00 A6 42
1787900447.856830,34680,19a7,12,2B 2A DB 42 B2 97 9B 42 00 00 A8 42
1787900447.859169,34680,19a8,12,EB 45 D1 42 D6 F7 9E 42 00 00 AA 42
1787900447.860425,34680,19a9,12,66 48 C7 42 6C FE 9F 42 00 00 AC 42
1787900447.861772,34680,19aa,12,44 4E BD 42 AA A0 9E 42 00 00 AE 42
1787900447.863740,34680,19ab,12,7A 6F B3 42 DA EC 9A 42 00 00 B0 42
1787900447.868749,34680,19ac,12,C6 C3 A9 42 AB 07 95 42 00 00 B2 42
1787900447.869970,34680,19ad,12,E6 66 A0 42 16 2F 8D 42 00 00 B4 42
1787900447.871391,34680,19ae,12,E5 6D 97 42 CC B0 83 42 00 00 B6 42
1787900447.872705,34680,19af,12,81 F2 8E 42 34 E1 71 42 00 00 B8 42
1787900447.873992,34680,19b0,12,FA 08 87 42 98 B5 5A 42 00 00 BA 42
1787900447.875298,34680,19b1,12,E9 88 7F 42 63 C7 42 42 00 00 BC 42
1787900447.876592,34680,19b2,12,97 73 72 42 25 12 2B 42 00 00 BE 42
1787900447.877911,34680,19b3,12,64 EF 66 42 9E 80 14 42 00 00 C0 42
1787900447.879181,34680,19b4,12,5A 1D 5D 42 0E 00 00 42 00 00 C2 42
1787900447.880513,34680,19b5,12,A8 14 55 42 EB BB DC 41 00 00 C4 42
1787900447.881901,34680,19b6,12,06 E9 4E 42 A2 98 C0 41 00 00 C6 42
1787900447.883289,34680,19b7,12,2A AC 4A 42 0C BE AC 41 00 00 C8 42
1787900447.884537,34680,19b8,12,98 67 48 42 C1 F0 A1 41 00 00 CA 42
1787900447.885888,34680,19b9,12,D3 21 48 42 4E A2 A0 41 00 00 CC 42
1787900447.887241,34680,19ba,12,0A DB 49 42 9D DD A8 41 00 00 CE 42
1787900447.888459,34680,19bb,12,91 8F 4D 42 21 52 BA 41 00 00 D0 42
1787900447.889825,34680,19bc,12,C7 34 53 42 5A 48 D4 41 00 00 D2 42
1787900447.891090,34680,19bd,12,FB BD 5A 42 37 BF F5 41 00 00 D4 42
1787900447.892457,34680,19be,12,8F 15 64 42 77 AB 0E 42 00 00 D6 42
1787900447.893828,34680,19bf,12,AA 24 6F 42 25 C0 24 42 00 00 D8 42
1787900447.895209,34680,19c0,12,1E D1 7B 42 23 40 3C 42 00 00 DA 42
1787900447.896582,34680,19c1,12,48 FB 84 42 66 34 54 42 00 00 DC 42
1787900447.897836,34680,19c2,12,9A BA 8C 42 BE AF 6B 42 00 00 DE 42
1787900447.899196,34680,19c3,12,4B 10 95 42 A8 DD 80 42 00 00 E0 42
1787900447.900547,34680,19c4,12,36 E8 9D 42 FD BC 8A 42 00 00 E2 42
1787900447.901811,34680,19c5,12,39 2D A7 42 50 12 93 42 00 00 E4 42
1787900447.903169,34680,19c6,12,BC C4 B0 42 08 86 99 42 00 00 E6 42
1787900447.904550,34680,19c7,12,30 99 BA 42 42 D8 9D 42 00 00 E8 42
1787900447.905958,34680,19c8,12,62 8E C4 42 91 DB 9F 42 00 00 EA 42
1787900447.907202,34680,19c9,12,62 8C CE 42 45 7C 9F 42 00 00 EC 42
1787900447.908532,34680,19ca,12,2E 7B D8 42 8E BD 9C 42 00 00 EE 42
1787900447.909860,34680,19cb,12,49 3E E2 42 48 BC 97 42 00 00 A0 41
1787900447.911157,34680,19cc,12,C2 BF EB 42 00 AA 90 42 00 00 A8 41
1787900447.912411,34680,19cd,12,52 E4 F4 42 0F D1 87 42 00 00 B0 41
1787900447.913720,34680,19ce,12,1D 96 FD 42 80 15 7B 42 00 00 B8 41
1787900447.915081,34680,19cf,12,12 E0 02 43 24 7C 64 42 00 00 C0 41
1787900447.916443,34680,19d0,12,7C A5 06 43 99 C3 4C 42 00 00 C8 41
1787900447.917800,34680,19d1,12,D4 12 0A 43 C1 D6 34 42 00 00 D0 41
1787900447.918992,34680,19d2,12,45 1E 0D 43 1F B1 1D 42 00 00 D8 41
1787900447.920228,34680,19d3,12,96 C0 0F 43 12 3B 08 42 00 00 E0 41
1787900447.921557,34680,19d4,12,5B F3 11 43 9E 99 EA 41 00 00 E8 41
1787900447.922909,34680,19d5,12,44 B0 13 43 AE 5A CB 41 00 00 F0 41
1787900447.924118,34680,19d6,12,6A F3 14 43 BA EE B3 41 00 00 F8 41
1787900447.925417,34680,19d7,12,2E B9 15 43 F8 4B A5 41 00 00 00 42
1787900447.926749,34680,19d8,12,D2 FF 15 43 68 03 A0 41 00 00 04 42
1787900447.927973,34680,19d9,12,90 C6 15 43 59 4C A4 41 00 00 08 42
1787900447.929232,34680,19da,12,0A 0E 15 43 C0 F9 B1 41 00 00 0C 42
1787900447.930586,34680,19db,12,E0 D7 13 43 2E 84 C8 41 00 00 10 42
1787900447.931788,34680,19dc,12,8C 27 12 43 AE FE E6 41 00 00 14 42
1787900447.933115,34680,19dd,12,37 01 10 43 99 1A 06 42 00 00 18 42
1787900447.934471,34680,19de,12,F2 69 0D 43 8A 59 1B 42 00 00 1C 42
1787900447.935732,34680,19df,12,2A 69 0A 43 D2 5C 32 42 00 00 20 42
1787900447.937091,34680,19e0,12,A0 05 07 43 93 40 4A 42 00 00 24 42
1787900447.938432,34680,19e1,12,0D 49 03 43 AA 09 62 42 00 00 28 42
1787900447.939618,34680,19e2,12,FB 78 FE 42 24 C9 78 42 00 00 2C 42
1787900447.941060,34680,19e3,12,34 D3 F5 42 02 CD 86 42 00 00 30 42
1787900447.942257,34680,19e4,12,95 B9 EC 42 BB D0 8F 42 00 00 34 42
1787900447.943604,34680,19e5,12,90 40 E3 42 7B 16 97 42 00 00 38 42
1787900447.944978,34680,19e6,12,53 83 D9 42 CE 51 9C 42 00 00 3C 42
1787900447.946212,34680,19e7,12,50 99 CF 42 9D 4E 9F 42 00 00 40 42
1787900447.947727,34680,19e8,12,50 9A C5 42 58 EE 9F 42 00 00 44 42
1787900447.949118,34680,19e9,12,FF A2 BB 42 71 2A 9E 42 00 00 48 42
1787900447.950459,34680,19ea,12,C4 C9 B1 42 61 14 9A 42 00 00 4C 42
1787900447.951749,34680,19eb,12,E0 2A A8 42 1D D7 93 42 00 00 50 42
1787900447.953133,34680,19ec,12,5E DD 9E 42 D5 B1 8B 42 00 00 54 42
1787900447.955651,34680,19ed,12,AC F7 95 42 00 F6 81 42 00 00 58 42
1787900447.956962,34680,19ee,12,51 93 8D 42 E6 13 6E 42 00 00 5C 42
1787900447.958249,34680,19ef,12,28 C3 85 42 A4 B3 56 42 00 00 60 42
1787900447.959455,34680,19f0,12,3A 3B 7D 42 F8 C0 3E 42 00 00 64 42
1787900447.960827,34680,19f1,12,5E 67 70 42 9E 2C 27 42 00 00 68 42
1787900447.962198,34680,19f2,12,E9 29 65 42 C9 E3 10 42 00 00 6C 42
1787900447.963465,34680,19f3,12,1A A3 5B 42 7A A1 F9 41 00 00 70 42
1787900447.964823,34680,19f4,12,59 E8 53 42 80 74 D7 41 00 00 74 42
1787900447.966252,34680,19f5,12,D4 0F 4E 42 E6 A7 BC 41 00 00 78 42
1787900447.967665,34680,19f6,12,23 27 4A 42 34 47 AA 41 00 00 7C 42
1787900447.969072,34680,19f7,12,1D 38 48 42 31 0D A1 41 00 00 80 42
1787900447.970413,34680,19f8,12,50 48 48 42 D9 5A A1 41 00 00 82 42
1787900447.971712,34680,19f9,12,97 57 4A 42 2C 2D AB 41 00 00 84 42
1787900447.973137,34680,19fa,12,0A 60 4E 42 EB 1C BE 41 00 00 86 42
1787900447.974404,34680,19fb,12,82 57 54 42 B6 69 D9 41 00 00 88 42
1787900447.975739,34680,19fc,12,1F 30 5C 42 F8 02 FC 41 00 00 8A 42
1787900447.977169,34680,19fd,12,5C D3 65 42 7D 3E 12 42 00 00 8C 42
1787900447.978506,34680,19fe,12,92 2B 71 42 7A A3 28 42 00 00 8E 42
1787900447.979752,34680,19ff,12,35 18 7E 42 07 45 40 42 00 00 90 42
1787900447.981062,34680,1a00,12,F0 3C 86 42 6F 35 58 42 00 00 92 42
1787900447.983728,34680,1a01,12,2B 17 8E 42 09 84 6F 42 00 00 94 42
1787900447.985152,34680,1a02,12,47 84 96 42 EA 9D 82 42 00 00 96 42
1787900447.986592,34680,1a03,12,53 71 9F 42 E0 42 8C 42 00 00 98 42
1787900447.987866,34680,1a04,12,B4 C4 A8 42 86 4B 94 42 00 00 9A 42
1787900447.989350,34680,1a05,12,EE 67 B2 42 85 67 9A 42 00 00 9C 42
1787900447.990830,34680,1a06,12,EA 43 BC 42 FA 58 9E 42 00 00 9E 42
1787900447.992404,34680,1a07,12,60 3C C6 42 70 F6 9F 42 00 00 A0 42
1787900447.993681,34680,1a08,12,E7 3A D0 42 EC 2F 9F 42 00 00 A2 42
1787900447.995035,34680,1a09,12,D4 22 DA 42 92 0D 9C 42 00 00 A4 42
1787900447.996444,34680,1a0a,12,63 DC E3 42 6D AF 96 42 00 00 A6 42
1787900447.997787,34680,1a0b,12,2A 50 ED 42 F2 4A 8F 42 00 00 A8 42
1787900447.999181,34680,1a0c,12,0B 63 F6 42 D8 2D 86 42 00 00 AA 42
1787900448.000487,34680,1a0d,12,A3 00 FF 42 B8 64 77 42 00 00 AC 42
1787900448.001761,34680,1a0e,12,1D 88 03 43 5F 8D 60 42 00 00 AE 42
1787900448.003211,34680,1a0f,12,4B 3F 07 43 92 BB 48 42 00 00 B0 42
1787900448.004537,34680,1a10,12,DB 9C 0A 43 9E DE 30 42 00 00 B2 42
1787900448.005957,34680,1a11,12,25 97 0D 43 5D F1 19 42 00 00 B4 42
1787900448.007360,34680,1a12,12,78 27 10 43 D4 D6 04 42 00 00 B6 42
1787900448.008626,34680,1a13,12,7A 46 12 43 BA D9 E4 41 00 00 B8 42
1787900448.010627,34680,1a14,12,2D EF 13 43 AE D7 C6 41 00 00 BA 42
1787900448.011896,34680,1a15,12,78 1D 15 43 DE D6 B0 41 00 00 BC 42
1787900448.013189,34680,1a16,12,FA CD 15 43 98 BE A3 41 00 00 BE 42
1787900448.014566,34680,1a17,12,24 FF 15 43 87 10 A0 41 00 00 C0 42
1787900448.015854,34680,1a18,12,6A B0 15 43 59 F3 A5 41 00 00 C2 42
1787900448.018054,34680,1a19,12,A6 E2 14 43 B1 29 B5 41 00 00 C4 42
1787900448.019510,34680,1a1a,12,AA 97 13 43 C3 1C CD 41 00 00 C6 42
1787900448.020911,34680,1a1b,12,2B D3 11 43 CA D0 EC 41 00 00 C8 42
1787900448.022341,34680,1a1c,12,22 99 0F 43 EE 85 09 42 00 00 CA 42
1787900448.023670,34680,1a1d,12,F2 EF 0C 43 08 1E 1F 42 00 00 CC 42
1787900448.025061,34680,1a1e,12,19 DE 09 43 2E 57 36 42 00 00 CE 42
1787900448.026451,34680,1a1f,12,DE 6A 06 43 37 48 4E 42 00 00 D0 42
1787900448.027714,34680,1a20,12,29 A0 02 43 76 F5 65 42 00 00 D2 42
1787900448.029136,34680,1a21,12,FB 0C FD 42 78 74 7C 42 00 00 D4 42
1787900448.031575,34680,1a22,12,3F 53 F4 42 60 6C 88 42 00 00 D6 42
1787900448.033018,34680,1a23,12,30 28 EB 42 F8 2A 91 42 00 00 D8 42
1787900448.034423,34680,1a24,12,BC A1 E1 42 BC 1D 98 42 00 00 DA 42
1787900448.035710,34680,1a25,12,37 DB D7 42 A1 FB 9C 42 00 00 DC 42
1787900448.036973,34680,1a26,12,99 EA CD 42 78 94 9F 42 00 00 DE 42
1787900448.038320,34680,1a27,12,66 EC C3 42 F3 CC 9F 42 00 00 E0 42
1787900448.039686,34680,1a28,12,9F F8 B9 42 68 A3 9D 42 00 00 E2 42
1787900448.041047,34680,1a29,12,31 27 B0 42 08 2D 99 42 00 00 E4 42
1787900448.042465,34680,1a2a,12,46 94 A6 42 BB 98 92 42 00 00 E6 42
1787900448.043830,34680,1a2b,12,64 55 9D 42 A8 27 8A 42 00 00 E8 42
1787900448.045253,34680,1a2c,12,10 85 94 42 8B 32 80 42 00 00 EA 42
1787900448.046567,34680,1a2d,12,59 38 8C 42 96 3B 6A 42 00 00 EC 42
1787900448.047831,34680,1a2e,12,51 83 84 42 24 B1 52 42 00 00 EE 42
1787900448.049256,34680,1a2f,12,26 F8 7A 42 39 BD 3A 42 00 00 A0 41
1787900448.050542,34680,1a30,12,D7 64 6E 42 02 4D 23 42 00 00 A8 41
1787900448.052335,34680,1a31,12,C7 70 63 42 E3 56 0D 42 00 00 B0 41
1787900448.053757,34680,1a32,12,E3 35 5A 42 51 6E F3 41 00 00 B8 41
1787900448.055166,34680,1a33,12,C0 CA 52 42 6A 67 D2 41 00 00 C0 41
1787900448.056574,34680,1a34,12,A6 44 4D 42 42 F4 B8 41 00 00 C8 41
1787900448.058131,34680,1a35,12,FF AF 49 42 D7 10 A8 41 00 00 D0 41
1787900448.059512,34680,1a36,12,11 17 48 42 B4 6E A0 41 00 00 D8 41
1787900448.060912,34680,1a37,12,3B 7D 48 42 62 58 A2 41 00 00 E0 41
1787900448.062324,34680,1a38,12,FF E1 4A 42 DD BC AD 41 00 00 E8 41
1787900448.063627,34680,1a39,12,80 3E 4F 42 63 24 C2 41 00 00 F0 41
1787900448.065442,34680,1a3a,12,EF 88 55 42 E9 C4 DE 41 00 00 F8 41
1787900448.066881,34680,1a3b,12,41 AF 5D 42 C0 38 01 42 00 00 00 42
1787900448.068288,34680,1a3c,12,76 9D 67 42 0E E1 15 42 00 00 04 42
1787900448.069543,34680,1a3d,12,1A 3C 73 42 4A 8C 2C 42 00 00 08 42
1787900448.070825,34680,1a3e,12,EC 34 80 42 26 4C 44 42 00 00 0C 42
1787900448.072240,34680,1a3f,12,8A 84 87 42 7A 35 5C 42 00 00 10 42
1787900448.073657,34680,1a40,12,EC 77 8F 42 E8 4C 73 42 00 00 14 42
1787900448.074940,34680,1a41,12,D6 FB 97 42 51 55 84 42 00 00 18 42
1787900448.076361,34680,1a42,12,F3 FB A0 42 B2 BB 8D 42 00 00 1C 42
1787900448.077648,34680,1a43,12,70 5E AA 42 C7 76 95 42 00 00 20 42
1787900448.079082,34680,1a44,12,37 0E B4 42 04 3A 9B 42 00 00 24 42
1787900448.080539,34680,1a45,12,7D EF BD 42 D3 C8 9E 42 00 00 28 42
1787900448.081944,34680,1a46,12,7E EA C7 42 FA FF 9F 42 00 00 2C 42
1787900448.083356,34680,1a47,12,45 E7 D1 42 B5 D2 9E 42 00 00 30 42
1787900448.084647,34680,1a48,12,2A C9 DB 42 62 4D 9B 42 00 00 34 42
1787900448.087914,34680,1a49,12,F7 79 E5 42 DD 92 95 42 00 00 38 42
1787900448.089334,34680,1a4a,12,E0 DD EE 42 60 DF 8D 42 00 00 3C 42
1787900448.090750,34680,1a4b,12,6A DE F7 42 BF 80 84 42 00 00 40 42
1787900448.092038,34680,1a4c,12,EF 32 00 43 A0 A9 73 42 00 00 44 42
1787900448.093335,34680,1a4d,12,E1 2D 04 43 82 97 5C 42 00 00 48 42
1787900448.094806,34680,1a4e,12,1A D7 07 43 96 AF 44 42 00 00 4C 42
1787900448.096118,34680,1a4f,12,17 24 0B 43 2A ED 2C 42 00 00 50 42
1787900448.097512,34680,1a50,12,04 0D 0E 43 EC 3E 16 42 00 00 54 42
1787900448.098769,34680,1a51,12,C9 8A 10 43 2E 89 01 42 00 00 58 42
1787900448.100142,34680,1a52,12,42 96 12 43 4F 4B DF 41 00 00 5C 42
1787900448.101532,34680,1a53,12,D5 2A 14 43 F1 8A C2 41 00 00 60 42
1787900448.102871,34680,1a54,12,FA 43 15 43 83 FF AD 41 00 00 64 42
1787900448.104263,34680,1a55,12,2C DF 15 43 83 75 A2 41 00 00 68 42
1787900448.105567,34680,1a56,12,D6 FA 15 43 16 63 A0 41 00 00 6C 42
1787900448.106875,34680,1a57,12,AC 96 15 43 02 DE A7 41 00 00 70 42
1787900448.108275,34680,1a58,12,8C B3 14 43 34 9C B8 41 00 00 74 42
1787900448.109576,34680,1a59,12,03 54 13 43 AF ED D1 41 00 00 78 42
1787900448.110971,34680,1a5a,12,7A 7B 11 43 11 D2 F2 41 00 00 7C 42
1787900448.112272,34680,1a5b,12,45 2E 0F 43 2F 00 0D 42 00 00 80 42
1787900448.113674,34680,1a5c,12,FC 72 0C 43 58 EE 22 42 00 00 82 42
1787900448.115080,34680,1a5d,12,C6 4F 09 43 5F 5A 3A 42 00 00 84 42
1787900448.116472,34680,1a5e,12,A0 CD 05 43 0B 4E 52 42 00 00 86 42
1787900448.117772,34680,1a5f,12,0E F5 01 43 98 D8 69 42 00 00 88 42
1787900448.119043,34680,1a60,12,75 9E FB 42 9A 06 80 42 00 00 8A 42
1787900448.120407,34680,1a61,12,15 D0 F2 42 38 01 8A 42 00 00 8C 42
1787900448.122421,34680,1a62,12,C8 92 E9 42 55 79 92 42 00 00 8E 42
1787900448.123714,34680,1a63,12,0E 01 E0 42 EC 15 99 42 00 00 90 42
1787900448.125119,34680,1a64,12,F6 31 D6 42 FC 94 9D 42 00 00 92 42
1787900448.126558,34680,1a65,12,04 3D CC 42 D1 C8 9F 42 00 00 94 42
1787900448.127818,34680,1a66,12,C8 3E C2 42 44 9A 9F 42 00 00 96 42
1787900448.129120,34680,1a67,12,B7 4D B8 42 20 0B 9D 42 00 00 98 42
1787900448.130507,34680,1a68,12,56 86 AE 42 4F 36 98 42 00 00 9A 42
1787900448.131773,34680,1a69,12,18 00 A5 42 E0 4C 91 42 00 00 9C 42
1787900448.133061,34680,1a6a,12,ED D1 9B 42 DA 93 88 42 00 00 9E 42
1787900448.134411,34680,1a6b,12,2C 16 93 42 DE CD 7C 42 00 00 A0 42
1787900448.135902,34680,1a6c,12,77 E0 8A 42 BF 55 66 42 00 00 A2 42
1787900448.137343,34680,1a6d,12,5A 48 83 42 8D AB 4E 42 00 00 A4 42
1787900448.138742,34680,1a6e,12,D7 BF 78 42 4F BD 36 42 00 00 A6 42
1787900448.140083,34680,1a6f,12,DF 6F 6C 42 9D 7B 1F 42 00 00 A8 42
1787900448.141564,34680,1a70,12,1D C4 61 42 F2 DA 09 42 00 00 AA 42
1787900448.143198,34680,1a71,12,8F D4 58 42 E6 62 ED 41 00 00 AC 42
1787900448.144738,34680,1a72,12,D3 BA 51 42 23 91 CD 41 00 00 AE 42
1787900448.146109,34680,1a73,12,8B 87 4C 42 C7 7E B5 41 00 00 B0 42
1787900448.147500,34680,1a74,12,A7 47 49 42 B1 1F A6 41 00 00 B2 42
1787900448.148801,34680,1a75,12,79 04 48 42 77 15 A0 41 00 00 B4 42
1787900448.150150,34680,1a76,12,D8 C0 48 42 E7 9B A3 41 00 00 B6 42
1787900448.151600,34680,1a77,12,A7 7A 4B 42 F4 8D B0 41 00 00 B8 42
1787900448.152930,34680,1a78,12,E5 2A 50 42 5C 67 C6 41 00 00 BA 42
1787900448.154142,34680,1a79,12,C1 C6 56 42 7A 4E E4 41 00 00 BC 42
1787900448.155424,34680,1a7a,12,47 3B 5F 42 7B 84 04 42 00 00 BE 42
1787900448.156733,34680,1a7b,12,76 75 69 42 91 95 19 42 00 00 C0 42
1787900448.158086,34680,1a7c,12,F7 57 75 42 09 7D 30 42 00 00 C2 42
1787900448.159421,34680,1a7d,12,EF 62 81 42 58 54 48 42 00 00 C4 42
1787900448.160646,34680,1a7e,12,A0 CF 88 42 F7 2B 60 42 00 00 C6 42
1787900448.162000,34680,1a7f,12,C4 DC 90 42 43 09 77 42 00 00 C8 42
1787900448.163338,34680,1a80,12,40 78 99 42 EB 04 86 42 00 00 CA 42
1787900448.164695,34680,1a81,12,65 89 A2 42 73 28 8F 42 00 00 CC 42
1787900448.166039,34680,1a82,12,51 FA AB 42 BB 93 96 42 00 00 CE 42
1787900448.167335,34680,1a83,12,6B B4 B5 42 C0 FB 9B 42 00 00 D0 42
1787900448.168527,34680,1a84,12,CB 9B BF 42 AE 27 9F 42 00 00 D2 42
1787900448.169846,34680,1a85,12,2F 9A C9 42 1D F8 9F 42 00 00 D4 42
1787900448.171185,34680,1a86,12,EC 92 D3 42 7D 64 9E 42 00 00 D6 42
1787900448.172516,34680,1a87,12,11 6E DD 42 35 7D 9A 42 00 00 D8 42
1787900448.173788,34680,1a88,12,E9 13 E7 42 FA 68 94 42 00 00 DA 42
1787900448.175016,34680,1a89,12,C6 68 F0 42 B4 67 8C 42 00 00 DC 42
1787900448.176447,34680,1a8a,12,B0 57 F9 42 A6 C8 82 42 00 00 DE 42
1787900448.177656,34680,1a8b,12,83 E3 00 43 EA E1 6F 42 00 00 E0 42
1787900448.178956,34680,1a8c,12,52 D1 04 43 B1 9B 58 42 00 00 E2 42
1787900448.180198,34680,1a8d,12,C3 6B 08 43 4F A8 40 42 00 00 E4 42
1787900448.181411,34680,1a8e,12,80 A8 0B 43 8A 03 29 42 00 00 E6 42
1787900448.182659,34680,1a8f,12,42 80 0E 43 80 97 12 42 00 00 E8 42
1787900448.183832,34680,1a90,12,E2 EA 10 43 CD 9F FC 41 00 00 EA 42
1787900448.185048,34680,1a91,12,AB E2 12 43 F8 EF D9 41 00 00 EC 42
1787900448.186255,34680,1a92,12,C8 62 14 43 B1 7D BE 41 00 00 EE 42
1787900448.187497,34680,1a93,12,EC 66 15 43 7D 69 AB 41 00 00 A0 41
1787900448.188737,34680,1a94,12,CE EC 15 43 48 70 A1 41 00 00 A8 41
1787900448.190141,34680,1a95,12,ED F2 15 43 E9 FA A0 41 00 00 B0 41
1787900448.191489,34680,1a96,12,58 79 15 43 C4 0B AA 41 00 00 B8 41
1787900448.192835,34680,1a97,12,17 81 14 43 E7 49 BC 41 00 00 C0 41
1787900448.194144,34680,1a98,12,F1 0C 13 43 8D F5 D6 41 00 00 C8 41
1787900448.195338,34680,1a99,12,2A 20 11 43 9D 06 F9 41 00 00 D0 41
1787900448.196633,34680,1a9a,12,49 C0 0E 43 7E 8B 10 42 00 00 D8 41
1787900448.197840,34680,1a9b,12,1B F3 0B 43 5F C9 26 42 00 00 E0 41
1787900448.199177,34680,1a9c,12,42 BF 08 43 CC 5D 3E 42 00 00 E8 41
1787900448.200515,34680,1a9d,12,F0 2D 05 43 E4 50 56 42 00 00 F0 41
1787900448.201747,34680,1a9e,12,27 47 01 43 82 B5 6D 42 00 00 F8 41
1787900448.202934,34680,1a9f,12,33 2C FA 42 DE CA 81 42 00 00 00 42
1787900448.204162,34680,1aa0,12,D3 49 F1 42 12 8B 8B 42 00 00 04 42
1787900448.205515,34680,1aa1,12,69 FC E7 42 08 B9 93 42 00 00 08 42
1787900448.206741,34680,1aa2,12,A4 5E DE 42 C3 FE 99 42 00 00 0C 42
1787900448.207975,34680,1aa3,12,21 86 D4 42 29 1E 9E 42 00 00 10 42
1787900448.209165,34680,1aa4,12,20 8F CA 42 E2 EB 9F 42 00 00 14 42
1787900448.210503,34680,1aa5,12,94 91 C0 42 5A 56 9F 42 00 00 18 42
1787900448.211706,34680,1aa6,12,7D A5 B6 42 E1 62 9C 42 00 00 1C 42
1787900448.213022,34680,1aa7,12,54 E7 AC 42 7F 30 97 42 00 00 20 42
1787900448.214340,34680,1aa8,12,FC 6C A3 42 A7 F2 8F 42 00 00 24 42
1787900448.215698,34680,1aa9,12,A7 51 9A 42 7B F5 86 42 00 00 28 42
1787900448.217124,34680,1aaa,12,1C AB 91 42 62 27 79 42 00 00 2C 42
1787900448.218367,34680,1aab,12,40 8E 89 42 BC 6A 62 42 00 00 30 42
1787900448.219690,34680,1aac,12,5A 12 82 42 08 A4 4A 42 00 00 34 42
1787900448.221023,34680,1aad,12,76 90 76 42 B2 BE 32 42 00 00 38 42
1787900448.222254,34680,1aae,12,BA 86 6A 42 EF B5 1B 42 00 00 3C 42
1787900448.223610,34680,1aaf,12,0C 24 60 42 F7 70 06 42 00 00 40 42
1787900448.224851,34680,1ab0,12,C4 81 57 42 2B 8C E7 41 00 00 44 42
1787900448.226188,34680,1ab1,12,A7 B8 50 42 10 F3 C8 41 00 00 48 42
1787900448.227522,34680,1ab2,12,F4 D7 4B 42 98 45 B2 41 00 00 4C 42
1787900448.228760,34680,1ab3,12,AA ED 48 42 27 72 A4 41 00 00 50 42
1787900448.229963,34680,1ab4,12,54 00 48 42 94 01 A0 41 00 00 54 42
1787900448.231324,34680,1ab5,12,A3 12 49 42 B7 22 A5 41 00 00 58 42
1787900448.232686,34680,1ab6,12,83 21 4C 42 A3 9F B3 41 00 00 5C 42
1787900448.233958,34680,1ab7,12,16 26 51 42 E4 E8 CA 41 00 00 60 42
1787900448.235302,34680,1ab8,12,F6 11 58 42 AD 09 EA 41 00 00 64 42
1787900448.236503,34680,1ab9,12,13 D4 60 42 B8 E3 07 42 00 00 68 42
1787900448.237805,34680,1aba,12,D0 57 6B 42 16 54 1D 42 00 00 6C 42
1787900448.239161,34680,1abb,12,01 7F 77 42 94 74 34 42 00 00 70 42
1787900448.240499,34680,1abc,12,2C 97 82 42 31 60 4C 42 00 00 74 42
1787900448.241766,34680,1abd,12,48 1F 8A 42 77 1B 64 42 00 00 78 42
1787900448.243007,34680,1abe,12,97 45 92 42 05 B8 7A 42 00 00 7C 42
1787900448.244332,34680,1abf,12,A8 F6 9A 42 1B A9 87 42 00 00 80 42
1787900448.245611,34680,1ac0,12,8C 19 A4 42 BB 88 90 42 00 00 82 42
1787900448.246933,34680,1ac1,12,BA 99 AD 42 05 A3 97 42 00 00 84 42
1787900448.248206,34680,1ac2,12,F1 5B B7 42 4F AD 9C 42 00 00 86 42
1787900448.249561,34680,1ac3,12,B4 48 C1 42 70 75 9F 42 00 00 88 42
1787900448.250824,34680,1ac4,12,31 48 CB 42 E9 DE 9F 42 00 00 8A 42
1787900448.252103,34680,1ac5,12,BC 3D D5 42 64 E5 9D 42 00 00 8C 42
1787900448.253365,34680,1ac6,12,F2 12 DF 42 70 9C 99 42 00 00 8E 42
1787900448.256032,34680,1ac7,12,9D AB E8 42 18 31 93 42 00 00 90 42
1787900448.256198,34680,1ac8,12,C2 F0 F1 42 58 E4 8A 42 00 00 92 42
1787900448.257090,34680,1ac9,12,05 CC FA 42 39 09 81 42 00 00 94 42
1787900448.258663,34680,1aca,12,00 92 01 43 AC 0E 6C 42 00 00 96 42
1787900448.259923,34680,1acb,12,F8 72 05 43 58 97 54 42 00 00 98 42
1787900448.261282,34680,1acc,12,CA FD 08 43 27 A3 3C 42 00 00 9A 42
1787900448.262640,34680,1acd,12,0A 2A 0C 43 DF 22 25 42 00 00 9C 42
1787900448.263820,34680,1ace,12,01 F0 0E 43 EF 02 0F 42 00 00 9E 42
1787900448.265329,34680,1acf,12,BB 47 11 43 D7 57 F6 41 00 00 A0 42
1787900448.266689,34680,1ad0,12,F3 2B 13 43 92 C4 D4 41 00 00 A2 42
1787900448.267883,34680,1ad1,12,3D 97 14 43 01 AD BA 41 00 00 A4 42
1787900448.269107,34680,1ad2,12,4D 86 15 43 8C 15 A9 41 00 00 A6 42
1787900448.270453,34680,1ad3,12,C6 F6 15 43 14 B1 A0 41 00 00 A8 42
1787900448.271646,34680,1ad4,12,67 E7 15 43 D4 D7 A1 41 00 00 AA 42
1787900448.272872,34680,1ad5,12,52 58 15 43 63 7E AC 41 00 00 AC 42
1787900448.274159,34680,1ad6,12,21 4B 14 43 CD 34 C0 41 00 00 AE 42
1787900448.275374,34680,1ad7,12,78 C2 12 43 E7 32 DC 41 00 00 B0 42
1787900448.276707,34680,1ad8,12,EA C1 10 43 23 61 FF 41 00 00 B2 42
1787900448.277924,34680,1ad9,12,36 4F 0E 43 D6 26 14 42 00 00 B4 42
1787900448.279276,34680,1ada,12,DB 6F 0B 43 A3 B1 2A 42 00 00 B6 42
1787900448.280582,34680,1adb,12,18 2C 08 43 02 64 42 42 00 00 B8 42
1787900448.281933,34680,1adc,12,DA 8B 04 43 9A 4F 5A 42 00 00 BA 42
1787900448.283259,34680,1add,12,C2 97 00 43 EC 83 71 42 00 00 BC 42
1787900448.284585,34680,1ade,12,52 B6 F8 42 86 86 83 42 00 00 BE 42
1787900448.286081,34680,1adf,12,26 BF EF 42 DC 0A 8D 42 00 00 C0 42
1787900448.287428,34680,1ae0,12,BA 63 E6 42 EE EA 94 42 00 00 C2 42
1787900448.288800,34680,1ae1,12,9C BA DC 42 FF D7 9A 42 00 00 C4 42
1787900448.290123,34680,1ae2,12,F1 DA D2 42 02 96 9E 42 00 00 C6 42
1787900448.291430,34680,1ae3,12,0D E1 C8 42 A0 FD 9F 42 00 00 C8 42
1787900448.293091,34680,1ae4,12,5B E3 BE 42 F1 00 9F 42 00 00 CA 42
1787900448.294470,34680,1ae5,12,85 FE B4 42 55 AA 9B 42 00 00 CC 42
1787900448.295745,34680,1ae6,12,46 4A AB 42 E2 1B 96 42 00 00 CE 42
1787900448.297100,34680,1ae7,12,FC DD A1 42 F4 8C 8E 42 00 00 D0 42
1787900448.298332,34680,1ae8,12,AE D4 98 42 00 4D 85 42 00 00 D2 42
1787900448.299680,34680,1ae9,12,AD 42 90 42 38 6F 75 42 00 00 D4 42
1787900448.301015,34680,1aea,12,8D 40 88 42 16 78 5E 42 00 00 D6 42
1787900448.302197,34680,1aeb,12,68 E1 80 42 C0 9B 46 42 00 00 D8 42
1787900448.303581,34680,1aec,12,36 6E 74 42 F0 C9 2E 42 00 00 DA 42
1787900448.304838,34680,1aed,12,8B A9 68 42 0E FD 17 42 00 00 DC 42
1787900448.306194,34680,1aee,12,3E 8F 5E 42 DE 16 03 42 00 00 DE 42
1787900448.307578,34680,1aef,12,4F 3C 56 42 23 E6 E1 41 00 00 E0 42
1787900448.308939,34680,1af0,12,4D C4 4F 42 88 8E C4 41 00 00 E2 42
1787900448.310314,34680,1af1,12,34 37 4B 42 9B 4F AF 41 00 00 E4 42
1787900448.311573,34680,1af2,12,12 A2 48 42 B3 08 A3 41 00 00 E6 42
1787900448.312863,34680,1af3,12,B5 0A 48 42 60 33 A0 41 00 00 E8 42
1787900448.314223,34680,1af4,12,CF 72 49 42 6D ED A6 41 00 00 EA 42
1787900448.319380,34680,1af5,12,87 D6 4C 42 07 F1 B6 41 00 00 EC 42
1787900448.322820,34680,1af6,12,30 2E 52 42 52 9F CF 41 00 00 EE 42
1787900448.324742,34680,1af7,12,76 6A 59 42 D8 F4 EF 41 00 00 A0 41
1787900448.326327,34680,1af8,12,17 7B 62 42 B8 58 0B 42 00 00 A8 41
1787900448.329998,34680,1af9,12,10 46 6D 42 F2 1E 21 42 00 00 B0 41
1787900448.331418,34680,1afa,12,11 B1 79 42 C5 71 38 42 00 00 B8 41
1787900448.333635,34680,1afb,12,51 CF 83 42 06 67 50 42 00 00 C0 41
1787900448.334427,34680,1afc,12,68 73 8B 42 D8 02 68 42 00 00 C8 41
1787900448.335863,34680,1afd,12,A1 B3 93 42 76 5B 7E 42 00 00 D0 41
1787900448.337287,34680,1afe,12,52 78 9C 42 FC 42 89 42 00 00 D8 41
1787900448.338764,34680,1aff,12,4B AC A5 42 23 DC 91 42 00 00 E0 41
1787900448.340250,34680,1b00,12,8C 39 AF 42 5F A2 98 42 00 00 E8 41
1787900448.341735,34680,1b01,12,AB 04 B9 42 7B 4E 9D 42 00 00 F0 41
1787900448.343196,34680,1b02,12,A8 F7 C2 42 32 B2 9F 42 00 00 F8 41
1787900448.344730,34680,1b03,12,F7 F5 CC 42 66 B4 9F 42 00 00 00 42
1787900448.346189,34680,1b04,12,98 E7 D6 42 8F 55 9D 42 00 00 04 42
1787900448.347621,34680,1b05,12,A0 B4 E0 42 F5 AC 98 42 00 00 08 42
1787900448.349132,34680,1b06,12,F4 40 EA 42 92 EB 91 42 00 00 0C 42
1787900448.350580,34680,1b07,12,1D 77 F3 42 48 54 89 42 00 00 10 42
1787900448.352197,34680,1b08,12,AF 3C FC 42 D1 82 7E 42 00 00 14 42
1787900448.353803,34680,1b09,12,5A 3E 02 43 01 31 68 42 00 00 18 42
1787900448.355341,34680,1b0a,12,9C 11 06 43 12 93 50 42 00 00 1C 42
1787900448.356998,34680,1b0b,12,26 8D 09 43 48 A1 38 42 00 00 20 42
1787900448.358506,34680,1b0c,12,22 A9 0C 43 BB 48 21 42 00 00 24 42
1787900448.360102,34680,1b0d,12,A6 5C 0F 43 D7 7E 0B 42 00 00 28 42
1787900448.361595,34680,1b0e,12,4F A1 11 43 4D 3C F0 41 00 00 2C 42
1787900448.363052,34680,1b0f,12,8D 71 13 43 2E D4 CF 41 00 00 30 42
1787900448.364733,34680,1b10,12,2E C8 14 43 FB 19 B7 41 00 00 34 42
1787900448.366355,34680,1b11,12,30 A2 15 43 8D 02 A7 41 00 00 38 42
1787900448.367764,34680,1b12,12,22 FD 15 43 0D 37 A0 41 00 00 3C 42
1787900448.369319,34680,1b13,12,46 D8 15 43 96 F9 A2 41 00 00 40 42
1787900448.370901,34680,1b14,12,D7 33 15 43 A0 30 AF 41 00 00 44 42
1787900448.372514,34680,1b15,12,AD 11 14 43 C4 5B C4 41 00 00 48 42
1787900448.374209,34680,1b16,12,54 74 12 43 64 A9 E1 41 00 00 4C 42
1787900448.375744,34680,1b17,12,6E 60 10 43 BC F2 02 42 00 00 50 42
1787900448.377156,34680,1b18,12,14 DB 0D 43 2A D1 17 42 00 00 54 42
1787900448.378746,34680,1b19,12,3A EA 0A 43 C5 9E 2E 42 00 00 58 42
1787900448.380369,34680,1b1a,12,50 96 07 43 D8 6B 46 42 00 00 5C 42
1787900448.381824,34680,1b1b,12,D0 E6 03 43 B4 4C 5E 42 00 00 60 42
1787900448.383199,34680,1b1c,12,99 CC FF 42 56 46 75 42 00 00 64 42
1787900448.384588,34680,1b1d,12,EB 3C F7 42 10 39 85 42 00 00 68 42
1787900448.385931,34680,1b1e,12,06 33 EE 42 60 7D 8E 42 00 00 6C 42
1787900448.387323,34680,1b1f,12,D9 C8 E4 42 B1 0E 96 42 00 00 70 42
1787900448.388602,34680,1b20,12,8B 13 DB 42 14 A2 9B 42 00 00 74 42
1787900448.390095,34680,1b21,12,F8 2E D1 42 EC FC 9E 42 00 00 78 42
1787900448.391542,34680,1b22,12,E9 32 C7 42 07 FE 9F 42 00 00 7C 42
1787900448.392859,34680,1b23,12,5A 37 BD 42 C2 9A 9E 42 00 00 80 42
1787900448.394290,34680,1b24,12,EC 58 B3 42 B2 E1 9A 42 00 00 82 42
1787900448.395556,34680,1b25,12,CE AD A9 42 B4 F7 94 42 00 00 84 42
1787900448.397167,34680,1b26,12,BD 51 A0 42 F4 1A 8D 42 00 00 86 42
1787900448.398465,34680,1b27,12,1E 5B 97 42 E5 9A 83 42 00 00 88 42
1787900448.399798,34680,1b28,12,94 DF 8E 42 58 AD 71 42 00 00 8A 42
1787900448.401238,34680,1b29,12,76 F7 86 42 F2 7E 5A 42 00 00 8C 42
1787900448.402505,34680,1b2a,12,0C 69 7F 42 1F 90 42 42 00 00 8E 42
1787900448.403800,34680,1b2b,12,36 57 72 42 78 DC 2A 42 00 00 90 42
1787900448.405198,34680,1b2c,12,73 D8 66 42 0F 52 14 42 00 00 92 42
1787900448.406596,34680,1b2d,12,C2 08 5D 42 A9 A7 FF 41 00 00 94 42
1787900448.407864,34680,1b2e,12,47 04 55 42 6E 72 DC 41 00 00 96 42
1787900448.409177,34680,1b2f,12,09 DD 4E 42 0C 61 C0 41 00 00 98 42
1787900448.410457,34680,1b30,12,AC A4 4A 42 92 9A AC 41 00 00 9A 42
1787900448.411797,34680,1b31,12,E2 64 48 42 C0 E3 A1 41 00 00 9C 42
1787900448.413114,34680,1b32,12,85 23 48 42 70 AA A0 41 00 00 9E 42
1787900448.414559,34680,1b33,12,54 E1 49 42 81 FB A8 41 00 00 A0 42
1787900448.415867,34680,1b34,12,62 9A 4D 42 97 84 BA 41 00 00 A2 42
1787900448.417234,34680,1b35,12,02 44 53 42 5D 8D D4 41 00 00 A4 42
1787900448.418671,34680,1b36,12,29 D0 5A 42 48 0E F6 41 00 00 A6 42
1787900448.419984,34680,1b37,12,22 2D 64 42 16 DC 0E 42 00 00 A8 42
1787900448.421264,34680,1b38,12,13 40 6F 42 0A F5 24 42 00 00 AA 42
1787900448.422689,34680,1b39,12,17 F0 7B 42 32 77 3C 42 00 00 AC 42
1787900448.424638,34680,1b3a,12,64 0C 85 42 6D 6B 54 42 00 00 AE 42
1787900448.426104,34680,1b3b,12,E9 CB 8C 42 F6 E0 6B 42 00 00 B0 42
1787900448.427464,34680,1b3c,12,22 24 95 42 E5 F5 80 42 00 00 B2 42
1787900448.428805,34680,1b3d,12,20 FD 9D 42 18 D2 8A 42 00 00 B4 42
1787900448.430079,34680,1b3e,12,00 43 A7 42 72 23 93 42 00 00 B6 42
1787900448.431395,34680,1b3f,12,28 DB B0 42 82 92 99 42 00 00 B8 42
1787900448.433208,34680,1b40,12,7B AE BA 42 16 DF 9D 42 00 00 BA 42
1787900448.434641,34680,1b41,12,6B A5 C4 42 72 DD 9F 42 00 00 BC 42
1787900448.435916,34680,1b42,12,61 A3 CE 42 A1 78 9F 42 00 00 BE 42
1787900448.437362,34680,1b43,12,EA 91 D8 42 8A B4 9C 42 00 00 C0 42
1787900448.438764,34680,1b44,12,86 54 E2 42 40 AE 97 42 00 00 C2 42
1787900448.440137,34680,1b45,12,D2 D3 EB 42 C5 98 90 42 00 00 C4 42
1787900448.441519,34680,1b46,12,EA F8 F4 42 DA BA 87 42 00 00 C6 42
1787900448.442818,34680,1b47,12,92 A9 FD 42 6D E3 7A 42 00 00 C8 42
1787900448.444126,34680,1b48,12,21 E9 02 43 64 46 64 42 00 00 CA 42
1787900448.445514,34680,1b49,12,CA AD 06 43 52 8C 4C 42 00 00 CC 42
1787900448.447784,34680,1b4a,12,CA 19 0A 43 DB A3 34 42 00 00 CE 42
1787900448.449194,34680,1b4b,12,D2 24 0D 43 5F 7D 1D 42 00 00 D0 42
1787900448.450553,34680,1b4c,12,29 C6 0F 43 3C 0C 08 42 00 00 D2 42
1787900448.452502,34680,1b4d,12,E5 F7 11 43 84 49 EA 41 00 00 D4 42
1787900448.453861,34680,1b4e,12,BA B3 13 43 57 1B CB 41 00 00 D6 42
1787900448.455273,34680,1b4f,12,9A F5 14 43 A8 C5 B3 41 00 00 D8 42
1787900448.456700,34680,1b50,12,63 BA 15 43 F4 34 A5 41 00 00 DA 42
1787900448.458144,34680,1b51,12,E1 FF 15 43 57 02 A0 41 00 00 DC 42
1787900448.459586,34680,1b52,12,77 C5 15 43 4A 61 A4 41 00 00 DE 42
1787900448.460856,34680,1b53,12,CE 0B 15 43 DA 23 B2 41 00 00 E0 42
1787900448.462251,34680,1b54,12,C0 D4 13 43 98 BD C8 41 00 00 E2 42
1787900448.463637,34680,1b55,12,1C 23 12 43 4E 4D E7 41 00 00 E4 42
1787900448.464969,34680,1b56,12,BD FB 0F 43 DC 48 06 42 00 00 E6 42
1787900448.466427,34680,1b57,12,7C 63 0D 43 E7 8C 1B 42 00 00 E8 42
1787900448.467725,34680,1b58,12,C8 61 0A 43 3E 93 32 42 00 00 EA 42
1787900448.469183,34680,1b59,12,F5 FD 06 43 22 74 4A 42 00 00 EC 42
1787900448.470590,34680,1b5a,12,0F 40 03 43 A7 3F 62 42 00 00 EE 42
1787900448.471854,34680,1b5b,12,A5 65 FE 42 AA FB 78 42 00 00 A0 41
1787900448.473179,34680,1b5c,12,B6 BE F5 42 86 E3 86 42 00 00 A8 41
1787900448.474596,34680,1b5d,12,24 A4 EC 42 9C E3 8F 42 00 00 B0 41
1787900448.475854,34680,1b5e,12,E3 2B E3 42 FC 23 97 42 00 00 B8 41
1787900448.477141,34680,1b5f,12,A1 6C D9 42 51 5B 9C 42 00 00 C0 41
1787900448.478434,34680,1b60,12,54 82 CF 42 C8 52 9F 42 00 00 C8 41
1787900448.479715,34680,1b61,12,45 83 C5 42 FF EC 9F 42 00 00 D0 41
1787900448.481159,34680,1b62,12,20 8C BB 42 A2 23 9E 42 00 00 D8 41
1787900448.482586,34680,1b63,12,D1 B4 B1 42 31 09 9A 42 00 00 E0 41
1787900448.483848,34680,1b64,12,07 15 A8 42 66 C6 93 42 00 00 E8 41
1787900448.485142,34680,1b65,12,5C C8 9E 42 13 9D 8B 42 00 00 F0 41
1787900448.486504,34680,1b66,12,B8 E3 95 42 06 DE 81 42 00 00 F8 41
1787900448.487790,34680,1b67,12,9D 80 8D 42 6C DF 6D 42 00 00 00 42
1787900448.489213,34680,1b68,12,11 B3 85 42 74 80 56 42 00 00 04 42
1787900448.490596,34680,1b69,12,ED 1B 7D 42 D1 89 3E 42 00 00 08 42
1787900448.491863,34680,1b6a,12,9A 4B 70 42 6C F7 26 42 00 00 0C 42
1787900448.493304,34680,1b6b,12,F5 11 65 42 AC B2 10 42 00 00 10 42
1787900448.494614,34680,1b6c,12,34 8F 5B 42 50 4B F9 41 00 00 14 42
1787900448.495898,34680,1b6d,12,C3 D9 53 42 A0 32 D7 41 00 00 18 42
1787900448.497330,34680,1b6e,12,96 04 4E 42 8F 73 BC 41 00 00 1C 42
1787900448.498651,34680,1b6f,12,69 20 4A 42 45 27 AA 41 00 00 20 42
1787900448.499955,34680,1b70,12,FA 35 48 42 F2 02 A1 41 00 00 24 42
1787900448.501410,34680,1b71,12,C8 4A 48 42 B0 66 A1 41 00 00 28 42
1787900448.502823,34680,1b72,12,2A 5E 4A 42 5D 4C AB 41 00 00 2C 42
1787900448.504235,34680,1b73,12,9A 6B 4E 42 AA 52 BE 41 00 00 30 42
1787900448.505673,34680,1b74,12,78 67 54 42 97 B1 D9 41 00 00 34 42
1787900448.507198,34680,1b75,12,52 44 5C 42 22 5A FC 41 00 00 38 42
1787900448.508529,34680,1b76,12,99 EB 65 42 F8 6F 12 42 00 00 3C 42
1787900448.509808,34680,1b77,12,B4 45 71 42 44 D5 28 42 00 00 40 42
1787900448.511314,34680,1b78,12,C1 37 7E 42 3B 7C 40 42 00 00 44 42
1787900448.512630,34680,1b79,12,4E 4E 86 42 3D 6C 58 42 00 00 48 42
1787900448.514062,34680,1b7a,12,F7 29 8E 42 40 B8 6F 42 00 00 4C 42
1787900448.515443,34680,1b7b,12,50 98 96 42 B0 B5 82 42 00 00 50 42
1787900448.516820,34680,1b7c,12,F8 84 9F 42 FB 55 8C 42 00 00 54 42
1787900448.518228,34680,1b7d,12,9A DA A8 42 EB 5B 94 42 00 00 58 42
1787900448.519496,34680,1b7e,12,70 7E B2 42 29 73 9A 42 00 00 5C 42
1787900448.521290,34680,1b7f,12,CE 5A BC 42 66 5F 9E 42 00 00 60 42
1787900448.522692,34680,1b80,12,6B 53 C6 42 64 F7 9F 42 00 00 64 42
1787900448.523981,34680,1b81,12,51 50 D0 42 AB 2B 9F 42 00 00 68 42
1787900448.525318,34680,1b82,12,7E 39 DA 42 AE 03 9C 42 00 00 6C 42
1787900448.526576,34680,1b83,12,85 F2 E3 42 9A A0 96 42 00 00 70 42
1787900448.527845,34680,1b84,12,8B 65 ED 42 C7 37 8F 42 00 00 74 42
1787900448.529269,34680,1b85,12,76 77 F6 42 18 17 86 42 00 00 78 42
1787900448.530682,34680,1b86,12,94 12 FF 42 53 35 77 42 00 00 7C 42
1787900448.531947,34680,1b87,12,0E 91 03 43 37 57 60 42 00 00 80 42
1787900448.533372,34680,1b88,12,76 47 07 43 41 84 48 42 00 00 82 42
1787900448.535350,34680,1b89,12,2C A4 0A 43 58 A8 30 42 00 00 84 42
1787900448.536777,34680,1b8a,12,8A 9D 0D 43 4D BE 19 42 00 00 86 42
1787900448.538182,34680,1b8b,12,82 2C 10 43 1E AC 04 42 00 00 88 42
1787900448.539606,34680,1b8c,12,D6 4A 12 43 3C 8C E4 41 00 00 8A 42
1787900448.541016,34680,1b8d,12,73 F2 13 43 6A 9B C6 41 00 00 8C 42
1787900448.542435,34680,1b8e,12,A0 1F 15 43 3F AE B0 41 00 00 8E 42
1787900448.543700,34680,1b8f,12,FD CE 15 43 3A AB A3 41 00 00 90 42
1787900448.545094,34680,1b90,12,02 FF 15 43 02 13 A0 41 00 00 92 42
1787900448.546522,34680,1b91,12,20 AF 15 43 EE 0B A6 41 00 00 94 42
1787900448.547799,34680,1b92,12,39 E0 14 43 36 57 B5 41 00 00 96 42
1787900448.549136,34680,1b93,12,20 94 13 43 6A 5D CD 41 00 00 98 42
1787900448.550539,34680,1b94,12,8D CE 11 43 FC 21 ED 41 00 00 9A 42
1787900448.551799,34680,1b95,12,DE 93 0F 43 FA B1 09 42 00 00 9C 42
1787900448.553139,34680,1b96,12,53 E9 0C 43 0F 52 1F 42 00 00 9E 42
1787900448.554416,34680,1b97,12,91 D6 09 43 E7 8D 36 42 00 00 A0 42
1787900448.555700,34680,1b98,12,82 62 06 43 75 7F 4E 42 00 00 A2 42
1787900448.557378,34680,1b99,12,0C 97 02 43 03 2B 66 42 00 00 A4 42
1787900448.558763,34680,1b9a,12,C3 FA FC 42 D4 A2 7C 42 00 00 A6 42
1787900448.560130,34680,1b9b,12,94 3E F4 42 57 82 88 42 00 00 A8 42
1787900448.561409,34680,1b9c,12,9B 12 EB 42 28 3D 91 42 00 00 AA 42
1787900448.562775,34680,1b9d,12,74 8B E1 42 6A 2B 98 42 00 00 AC 42
1787900448.564160,34680,1b9e,12,75 C4 D7 42 44 04 9D 42 00 00 AE 42
1787900448.565564,34680,1b9f,12,26 D5 CD 42 7E 97 9F 42 00 00 B0 42
1787900448.566905,34680,1ba0,12,5E D5 C3 42 AC CA 9F 42 00 00 B2 42
1787900448.568213,34680,1ba1,12,CD E1 B9 42 B3 9B 9D 42 00 00 B4 42
1787900448.569625,34680,1ba2,12,CF 10 B0 42 32 20 99 42 00 00 B6 42
1787900448.571564,34680,1ba3,12,8E 7E A6 42 49 87 92 42 00 00 B8 42
1787900448.572865,34680,1ba4,12,F6 41 9D 42 BE 13 8A 42 00 00 BA 42
1787900448.574311,34680,1ba5,12,4E 71 94 42 1E 1A 80 42 00 00 BC 42
1787900448.575644,34680,1ba6,12,E0 25 8C 42 8D 06 6A 42 00 00 BE 42
1787900448.576995,34680,1ba7,12,50 72 84 42 0A 7A 52 42 00 00 C0 42
1787900448.578387,34680,1ba8,12,6B D9 7A 42 40 86 3A 42 00 00 C2 42
1787900448.579725,34680,1ba9,12,89 4B 6E 42 EC 1B 23 42 00 00 C4 42
1787900448.581031,34680,1baa,12,7E 59 63 42 A7 26 0D 42 00 00 C6 42
1787900448.582317,34680,1bab,12,B0 22 5A 42 88 1A F3 41 00 00 C8 42
1787900448.583709,34680,1bac,12,D5 BB 52 42 A8 23 D2 41 00 00 CA 42
1787900448.585108,34680,1bad,12,29 3A 4D 42 39 C3 B8 41 00 00 CC 42
1787900448.586515,34680,1bae,12,72 AA 49 42 69 F6 A7 41 00 00 CE 42
1787900448.587772,34680,1baf,12,B4 15 48 42 29 68 A0 41 00 00 D0 42
1787900448.589052,34680,1bb0,12,7A 80 48 42 E8 67 A2 41 00 00 D2 42
1787900448.614087,34680,1bb1,12,D1 E9 4A 42 DA E1 AD 41 00 00 D4 42
1787900448.616456,34680,1bb2,12,D1 4A 4F 42 59 5D C2 41 00 00 D6 42
1787900448.618578,34680,1bb3,12,7D 98 55 42 85 0A DF 41 00 00 D8 42
1787900448.622513,34680,1bb4,12,26 C4 5D 42 74 65 01 42 00 00 DA 42
1787900448.623927,34680,1bb5,12,5A B6 67 42 56 13 16 42 00 00 DC 42
1787900448.626707,34680,1bb6,12,BF 58 73 42 26 C2 2C 42 00 00 DE 42
1787900448.634501,34680,1bb7,12,FA 44 80 42 71 83 44 42 00 00 E0 42
1787900448.636763,34680,1bb8,12,F8 94 87 42 4D 68 5C 42 00 00 E2 42
1787900448.637850,34680,1bb9,12,F1 8A 8F 42 7B 80 73 42 00 00 E4 42
1787900448.638247,34680,1bba,12,10 10 98 42 9A 6C 84 42 00 00 E6 42
1787900448.640124,34680,1bbb,12,2D 11 A1 42 8D CF 8D 42 00 00 E8 42
1787900448.641823,34680,1bbc,12,75 74 AA 42 6A 86 95 42 00 00 EA 42
1787900448.648688,34680,1bbd,12,46 23 B4 42 12 44 9B 42 00 00 EC 42
1787900448.651455,34680,1bbe,12,6C 06 BE 42 57 CE 9E 42 00 00 EE 42
1787900448.653784,34680,1bbf,12,8B 01 C8 42 00 00 A0 42 00 00 A0 41
1787900448.655010,34680,1bc0,12,34 FE D1 42 3B CD 9E 42 00 00 A8 41
1787900448.658443,34680,1bc1,12,C1 DF DB 42 A1 42 9B 42 00 00 B0 41
1787900448.659081,34680,1bc2,12,7E 8E E5 42 52 84 95 42 00 00 B8 41
1787900448.660105,34680,1bc3,12,1B F3 EE 42 8C CB 8D 42 00 00 C0 41
1787900448.665109,34680,1bc4,12,A6 F2 F7 42 7C 69 84 42 00 00 C8 41
1787900448.669135,34680,1bc5,12,73 3C 00 43 15 76 73 42 00 00 D0 41
1787900448.671776,34680,1bc6,12,B2 36 04 43 00 61 5C 42 00 00 D8 41
1787900448.672753,34680,1bc7,12,96 DE 07 43 0A 7C 44 42 00 00 E0 41
1787900448.674840,34680,1bc8,12,42 2B 0B 43 49 B7 2C 42 00 00 E8 41
1787900448.678746,34680,1bc9,12,3F 13 0E 43 9A 0C 16 42 00 00 F0 41
1787900448.680088,34680,1bca,12,04 90 10 43 6E 5C 01 42 00 00 F8 41
1787900448.685088,34680,1bcb,12,70 9A 12 43 83 00 DF 41 00 00 00 42
1787900448.685652,34680,1bcc,12,B6 2D 14 43 B6 55 C2 41 00 00 04 42
1787900448.687171,34680,1bcd,12,F1 45 15 43 5F DA AD 41 00 00 08 42
1787900448.687814,34680,1bce,12,FE DF 15 43 D1 65 A2 41 00 00 0C 42
1787900448.688999,34680,1bcf,12,82 FA 15 43 77 69 A0 41 00 00 10 42
1787900448.690860,34680,1bd0,12,31 95 15 43 32 FA A7 41 00 00 14 42
1787900448.692302,34680,1bd1,12,1C B1 14 43 C7 C9 B8 41 00 00 18 42
1787900448.693071,34680,1bd2,12,4A 50 13 43 50 31 D2 41 00 00 1C 42
1787900448.696107,34680,1bd3,12,B0 76 11 43 BE 25 F3 41 00 00 20 42
1787900448.698383,34680,1bd4,12,74 28 0F 43 60 30 0D 42 00 00 24 42
1787900448.699611,34680,1bd5,12,35 6C 0C 43 F9 22 23 42 00 00 28 42
1787900448.701062,34680,1bd6,12,9E 48 09 43 9C 8D 3A 42 00 00 2C 42
1787900448.702505,34680,1bd7,12,21 C5 05 43 27 85 52 42 00 00 30 42
1787900448.703403,34680,1bd8,12,D3 EB 01 43 A8 0D 6A 42 00 00 34 42
1787900448.705060,34680,1bd9,12,B6 8A FB 42 0C 1F 80 42 00 00 38 42
1787900448.708995,34680,1bda,12,3F BB F2 42 9A 16 8A 42 00 00 3C 42
1787900448.710832,34680,1bdb,12,8A 7E E9 42 A0 89 92 42 00 00 40 42
1787900448.712893,34680,1bdc,12,AD EA DF 42 CA 22 99 42 00 00 44 42
1787900448.715196,34680,1bdd,12,25 1B D6 42 BC 9C 9D 42 00 00 48 42
1787900448.717805,34680,1bde,12,FC 25 CC 42 22 CB 9F 42 00 00 4C 42
1787900448.719170,34680,1bdf,12,C5 27 C2 42 10 97 9F 42 00 00 50 42
1787900448.719945,34680,1be0,12,7F 38 B8 42 1D 03 9D 42 00 00 54 42
1787900448.720270,34680,1be1,12,0D 70 AE 42 A9 28 98 42 00 00 58 42
1787900448.720886,34680,1be2,12,81 EA A4 42 B9 3A 91 42 00 00 5C 42
1787900448.722033,34680,1be3,12,40 BD 9B 42 EA 7D 88 42 00 00 60 42
1787900448.723409,34680,1be4,12,9F 02 93 42 2C 9C 7C 42 00 00 64 42
1787900448.724713,34680,1be5,12,77 CF 8A 42 D8 23 66 42 00 00 68 42
1787900448.726004,34680,1be6,12,9C 37 83 42 50 74 4E 42 00 00 6C 42
1787900448.727332,34680,1be7,12,B2 A1 78 42 93 86 36 42 00 00 70 42
1787900448.728711,34680,1be8,12,5C 55 6C 42 90 47 1F 42 00 00 74 42
1787900448.730135,34680,1be9,12,80 AD 61 42 A5 AB 09 42 00 00 78 42
1787900448.731520,34680,1bea,12,51 C3 58 42 1A 17 ED 41 00 00 7C 42
1787900448.732890,34680,1beb,12,A4 AC 51 42 5C 50 CD 41 00 00 80 42
1787900448.734185,34680,1bec,12,CF 7D 4C 42 1A 51 B5 41 00 00 82 42
1787900448.735599,34680,1bed,12,77 42 49 42 F5 06 A6 41 00 00 84 42
1787900448.736998,34680,1bee,12,E3 03 48 42 A4 12 A0 41 00 00 86 42
1787900448.738340,34680,1bef,12,97 C4 48 42 CE AD A3 41 00 00 88 42
1787900448.742112,34680,1bf0,12,3C 83 4B 42 6D B6 B0 41 00 00 8A 42
1787900448.743729,34680,1bf1,12,F4 37 50 42 7A A3 C6 41 00 00 8C 42
1787900448.745111,34680,1bf2,12,2A D8 56 42 DB 9B E4 41 00 00 8E 42
1787900448.746510,34680,1bf3,12,DC 50 5F 42 40 B2 04 42 00 00 90 42
1787900448.747777,34680,1bf4,12,46 8D 69 42 23 C5 19 42 00 00 92 42
1787900448.750657,34680,1bf5,12,36 75 75 42 4A B3 30 42 00 00 94 42
1787900448.752086,34680,1bf6,12,43 73 81 42 A9 8B 48 42 00 00 96 42
1787900448.753599,34680,1bf7,12,80 E1 88 42 24 62 60 42 00 00 98 42
1787900448.754984,34680,1bf8,12,00 F0 90 42 22 3C 77 42 00 00 9A 42
1787900448.756391,34680,1bf9,12,46 8B 99 42 25 1A 86 42 00 00 9C 42
1787900448.757845,34680,1bfa,12,C5 9E A2 42 A6 3B 8F 42 00 00 9E 42
1787900448.759249,34680,1bfb,12,72 10 AC 42 97 A2 96 42 00 00 A0 42
1787900448.760725,34680,1bfc,12,14 CB B5 42 AE 05 9C 42 00 00 A2 42
1787900448.762113,34680,1bfd,12,C3 B2 BF 42 48 2C 9F 42 00 00 A4 42
1787900448.763469,34680,1bfe,12,AB AF C9 42 44 F7 9F 42 00 00 A6 42
1787900448.764935,34680,1bff,12,D0 A9 D3 42 1B 5E 9E 42 00 00 A8 42
1787900448.766356,34680,1c00,12,94 84 DD 42 9B 71 9A 42 00 00 AA 42
1787900448.767741,34680,1c01,12,D1 29 E7 42 9E 58 94 42 00 00 AC 42
1787900448.770469,34680,1c02,12,DB 7D F0 42 3C 53 8C 42 00 00 AE 42
1787900448.771804,34680,1c03,12,5F 6A F9 42 81 B2 82 42 00 00 B0 42
1787900448.773019,34680,1c04,12,EA EC 00 43 B9 AD 6F 42 00 00 B2 42
1787900448.774346,34680,1c05,12,03 DA 04 43 E6 64 58 42 00 00 B4 42
1787900448.775588,34680,1c06,12,A7 73 08 43 19 71 40 42 00 00 B6 42
1787900448.778816,34680,1c07,12,83 AF 0B 43 1C CE 28 42 00 00 B8 42
1787900448.780129,34680,1c08,12,EA 85 0E 43 57 69 12 42 00 00 BA 42
1787900448.781475,34680,1c09,12,F0 EF 10 43 8A 48 FC 41 00 00 BC 42
1787900448.782785,34680,1c0a,12,AB E6 12 43 F5 A7 D9 41 00 00 BE 42
1787900448.784007,34680,1c0b,12,AF 65 14 43 CF 47 BE 41 00 00 C0 42
1787900448.785195,34680,1c0c,12,B2 68 15 43 E0 47 AB 41 00 00 C2 42
1787900448.786519,34680,1c0d,12,63 ED 15 43 17 65 A1 41 00 00 C4 42
1787900448.787718,34680,1c0e,12,66 F2 15 43 FF 04 A1 41 00 00 C6 42
1787900448.788959,34680,1c0f,12,AC 77 15 43 89 2B AA 41 00 00 C8 42
1787900448.790317,34680,1c10,12,4A 7E 14 43 1A 7E BC 41 00 00 CA 42
1787900448.791661,34680,1c11,12,09 09 13 43 15 3C D7 41 00 00 CC 42
1787900448.792994,34680,1c12,12,89 1B 11 43 D8 56 F9 41 00 00 CE 42
1787900448.794227,34680,1c13,12,4E BA 0E 43 93 BC 10 42 00 00 D0 42
1787900448.795575,34680,1c14,12,2C EC 0B 43 8B FE 26 42 00 00 D2 42
1787900448.796931,34680,1c15,12,71 B7 08 43 F1 94 3E 42 00 00 D4 42
1787900448.798950,34680,1c16,12,50 25 05 43 CF 87 56 42 00 00 D6 42
1787900448.800311,34680,1c17,12,71 3E 01 43 74 E6 6D 42 00 00 D8 42
1787900448.801516,34680,1c18,12,42 18 FA 42 DD E2 81 42 00 00 DA 42
1787900448.802780,34680,1c19,12,D4 34 F1 42 DB 9F 8B 42 00 00 DC 42
1787900448.804196,34680,1c1a,12,91 E6 E7 42 C6 C9 93 42 00 00 DE 42
1787900448.805534,34680,1c1b,12,2C 48 DE 42 CD 0A 9A 42 00 00 E0 42
1787900448.806866,34680,1c1c,12,D0 70 D4 42 8C 24 9E 42 00 00 E2 42
1787900448.808106,34680,1c1d,12,15 78 CA 42 46 ED 9F 42 00 00 E4 42
1787900448.809403,34680,1c1e,12,98 7A C0 42 3A 52 9F 42 00 00 E6 42
1787900448.810734,34680,1c1f,12,CB 8E B6 42 67 59 9C 42 00 00 E8 42
1787900448.813219,34680,1c20,12,24 D1 AC 42 0C 22 97 42 00 00 EA 42
1787900448.814448,34680,1c21,12,FD 58 A3 42 15 E1 8F 42 00 00 EC 42
1787900448.815712,34680,1c22,12,27 3D 9A 42 FC DE 86 42 00 00 EE 42
1787900448.817009,34680,1c23,12,C4 97 91 42 E6 F4 78 42 00 00 A0 41
1787900448.818503,34680,1c24,12,42 7C 89 42 C4 34 62 42 00 00 A8 41
1787900448.819776,34680,1c25,12,E2 01 82 42 BA 6C 4A 42 00 00 B0 41
1787900448.821083,34680,1c26,12,E8 74 76 42 F4 8B 32 42 00 00 B8 41
1787900448.822480,34680,1c27,12,DA 6C 6A 42 8A 82 1B 42 00 00 C0 41
1787900448.823752,34680,1c28,12,1C 0E 60 42 A8 42 06 42 00 00 C8 41
1787900448.825063,34680,1c29,12,FD 6F 57 42 6F 3D E7 41 00 00 D0 41
1787900448.826453,34680,1c2a,12,34 AB 50 42 56 B5 C8 41 00 00 D8 41
1787900448.827727,34680,1c2b,12,96 CF 4B 42 33 1E B2 41 00 00 E0 41
1787900448.829044,34680,1c2c,12,40 E9 48 42 0D 5D A4 41 00 00 E8 41
1787900448.830317,34680,1c2d,12,84 00 48 42 79 02 A0 41 00 00 F0 41
1787900448.832234,34680,1c2e,12,6D 17 49 42 94 39 A5 41 00 00 F8 41
1787900448.833639,34680,1c2f,12,DB 2A 4C 42 8C CB B3 41 00 00 00 42
1787900448.835014,34680,1c30,12,F4 32 51 42 D0 23 CB 41 00 00 04 42
1787900448.836405,34680,1c31,12,16 24 58 42 AA 59 EA 41 00 00 08 42
1787900448.837691,34680,1c32,12,57 EA 60 42 81 12 08 42 00 00 0C 42
1787900448.839103,34680,1c33,12,FF 71 6B 42 CE 87 1D 42 00 00 10 42
1787900448.840510,34680,1c34,12,D9 9C 77 42 2A AB 34 42 00 00 14 42
1787900448.841815,34680,1c35,12,A5 A6 82 42 B9 93 4C 42 00 00 18 42
1787900448.843214,34680,1c36,12,65 31 8A 42 3C 51 64 42 00 00 1C 42
1787900448.844501,34680,1c37,12,09 59 92 42 22 EA 7A 42 00 00 20 42
1787900448.847682,34680,1c38,12,3E 0B 9B 42 56 BF 87 42 00 00 24 42
1787900448.849097,34680,1c39,12,10 2F A4 42 3F 9B 90 42 00 00 28 42
1787900448.850527,34680,1c3a,12,74 AE AD 42 22 B0 97 42 00 00 2C 42
1787900448.851788,34680,1c3b,12,AC 72 B7 42 5C B6 9C 42 00 00 30 42
1787900448.853214,34680,1c3c,12,B3 5F C1 42 1F 79 9F 42 00 00 34 42
1787900448.854524,34680,1c3d,12,3B 5F CB 42 12 DD 9F 42 00 00 38 42
1787900448.855787,34680,1c3e,12,94 54 D5 42 1C DE 9D 42 00 00 3C 42
1787900448.857191,34680,1c3f,12,D9 27 DF 42 D7 90 99 42 00 00 40 42
1787900448.858475,34680,1c40,12,65 C1 E8 42 FE 1F 93 42 00 00 44 42
1787900448.859753,34680,1c41,12,AD 05 F2 42 45 CF 8A 42 00 00 48 42
1787900448.861151,34680,1c42,12,DE DF FA 42 02 F1 80 42 00 00 4C 42
1787900448.862466,34680,1c43,12,4A 9B 01 43 E5 D9 6B 42 00 00 50 42
1787900448.863731,34680,1c44,12,F3 7A 05 43 0E 64 54 42 00 00 54 42
1787900448.865012,34680,1c45,12,8A 05 09 43 16 6C 3C 42 00 00 58 42
1787900448.866426,34680,1c46,12,E6 30 0C 43 F4 ED 24 42 00 00 5C 42
1787900448.867719,34680,1c47,12,E8 F5 0E 43 46 D2 0E 42 00 00 60 42
1787900448.869125,34680,1c48,12,9D 4C 11 43 EA 02 F6 41 00 00 64 42
1787900448.870425,34680,1c49,12,82 2F 13 43 1D 84 D4 41 00 00 68 42
1787900448.871711,34680,1c4a,12,F4 99 14 43 65 7A BA 41 00 00 6C 42
1787900448.874010,34680,1c4b,12,E1 87 15 43 7E F7 A8 41 00 00 70 42
1787900448.875293,34680,1c4c,12,35 F7 15 43 C8 A8 A0 41 00 00 74 42
1787900448.876695,34680,1c4d,12,AF E6 15 43 9B E5 A1 41 00 00 78 42
1787900448.878085,34680,1c4e,12,95 56 15 43 4F 9F AC 41 00 00 7C 42
1787900448.879405,34680,1c4f,12,23 48 14 43 3E 6C C0 41 00 00 80 42
1787900448.880960,34680,1c50,12,62 BE 12 43 43 7C DC 41 00 00 82 42
1787900448.882377,34680,1c51,12,C6 BC 10 43 7E B9 FF 41 00 00 84 42
1787900448.883726,34680,1c52,12,10 49 0E 43 BE 58 14 42 00 00 86 42
1787900448.885129,34680,1c53,12,40 69 0B 43 A8 E3 2A 42 00 00 88 42
1787900448.886529,34680,1c54,12,22 24 08 43 45 9B 42 42 00 00 8A 42
1787900448.887804,34680,1c55,12,19 83 04 43 44 86 5A 42 00 00 8C 42
1787900448.889201,34680,1c56,12,4D 8E 00 43 CF B7 71 42 00 00 8E 42
1787900448.890591,34680,1c57,12,2F A2 F8 42 0B 9E 83 42 00 00 90 42
1787900448.891860,34680,1c58,12,6E AB EF 42 A7 1D 8D 42 00 00 92 42
1787900448.893172,34680,1c59,12,C4 4D E6 42 ED FA 94 42 00 00 94 42
1787900448.894574,34680,1c5a,12,0F A4 DC 42 31 E3 9A 42 00 00 96 42
1787900448.895834,34680,1c5b,12,07 C4 D2 42 F4 9B 9E 42 00 00 98 42
1787900448.897244,34680,1c5c,12,00 CA C8 42 16 FE 9F 42 00 00 9A 42
1787900448.898618,34680,1c5d,12,F6 CD BE 42 3E FC 9E 42 00 00 9C 42
1787900448.899907,34680,1c5e,12,E4 E7 B4 42 FD 9F 9B 42 00 00 9E 42
1787900448.901231,34680,1c5f,12,32 34 AB 42 A6 0C 96 42 00 00 A0 42
1787900448.902627,34680,1c60,12,AE C8 A1 42 70 79 8E 42 00 00 A2 42
1787900448.903885,34680,1c61,12,5C C0 98 42 FA 35 85 42 00 00 A4 42
1787900448.905203,34680,1c62,12,D7 30 90 42 7A 3F 75 42 00 00 A6 42
1787900448.906508,34680,1c63,12,CC 2E 88 42 BD 41 5E 42 00 00 A8 42
1787900448.907768,34680,1c64,12,36 D1 80 42 6F 64 46 42 00 00 AA 42
1787900448.909166,34680,1c65,12,42 51 74 42 DE 93 2E 42 00 00 AC 42
1787900448.910525,34680,1c66,12,4F 90 68 42 61 CA 17 42 00 00 AE 42
1787900448.911786,34680,1c67,12,6F 7B 5E 42 AC EC 02 42 00 00 B0 42
1787900448.913196,34680,1c68,12,3F 2B 56 42 0E 9A E1 41 00 00 B2 42
1787900448.915716,34680,1c69,12,99 B7 4F 42 EC 53 C4 41 00 00 B4 42
1787900448.917138,34680,1c6a,12,FE 2E 4B 42 D0 28 AF 41 00 00 B6 42
1787900448.918535,34680,1c6b,12,6D 9E 48 42 43 F7 A2 41 00 00 B8 42
1787900448.919799,34680,1c6c,12,9A 0B 48 42 AF 37 A0 41 00 00 BA 42
1787900448.921213,34680,1c6d,12,5D 78 49 42 E9 07 A7 41 00 00 BC 42
1787900448.922536,34680,1c6e,12,A0 E0 4C 42 53 20 B7 41 00 00 BE 42
1787900448.923848,34680,1c6f,12,BA 3C 52 42 8C E1 CF 41 00 00 C0 42
1787900448.925231,34680,1c70,12,4C 7D 59 42 5C 47 F0 41 00 00 C2 42
1787900448.926661,34680,1c71,12,79 90 62 42 3D 85 0B 42 00 00 C4 42
1787900448.927911,34680,1c72,12,E2 60 6D 42 4B 53 21 42 00 00 C6 42
1787900448.929215,34680,1c73,12,7E CF 79 42 A1 A8 38 42 00 00 C8 42
1787900448.930608,34680,1c74,12,2F E0 83 42 33 9E 50 42 00 00 CA 42
1787900448.931912,34680,1c75,12,C2 85 8B 42 24 38 68 42 00 00 CC 42
1787900448.933215,34680,1c76,12,F3 C5 93 42 6A 89 7E 42 00 00 CE 42
1787900448.934515,34680,1c77,12,13 8D 9C 42 A6 58 89 42 00 00 D0 42
1787900448.935806,34680,1c78,12,F2 C1 A5 42 F4 ED 91 42 00 00 D2 42
1787900448.937171,34680,1c79,12,E1 4F AF 42 A1 AF 98 42 00 00 D4 42
1787900448.938572,34680,1c7a,12,76 1B B9 42 A6 56 9D 42 00 00 D6 42
1787900448.939846,34680,1c7b,12,1E 0D C3 42 C4 B4 9F 42 00 00 D8 42
1787900448.941158,34680,1c7c,12,FD 0C CD 42 A2 B1 9F 42 00 00 DA 42
1787900448.942529,34680,1c7d,12,62 FE D6 42 62 4D 9D 42 00 00 DC 42
1787900448.943796,34680,1c7e,12,F6 CA E0 42 B1 9F 98 42 00 00 DE 42
1787900448.945112,34680,1c7f,12,9B 56 EA 42 BF D9 91 42 00 00 E0 42
1787900448.946500,34680,1c80,12,76 8A F3 42 15 40 89 42 00 00 E2 42
1787900448.947767,34680,1c81,12,55 50 FC 42 83 51 7E 42 00 00 E4 42
1787900448.951453,34680,1c82,12,86 47 02 43 B4 FB 67 42 00 00 E6 42
1787900448.952870,34680,1c83,12,0A 1A 06 43 E4 5B 50 42 00 00 E8 42
1787900448.954266,34680,1c84,12,C0 94 09 43 6D 6A 38 42 00 00 EA 42
1787900448.955699,34680,1c85,12,62 AF 0C 43 EF 17 21 42 00 00 EC 42
1787900448.957009,34680,1c86,12,62 62 0F 43 18 4F 0B 42 00 00 EE 42
1787900448.958391,34680,1c87,12,04 A6 11 43 CE E9 EF 41 00 00 A0 41
1787900448.959700,34680,1c88,12,30 75 13 43 FB 91 CF 41 00 00 A8 41
1787900448.961113,34680,1c89,12,B4 CA 14 43 B6 EA B6 41 00 00 B0 41
1787900448.962521,34680,1c8a,12,7C A3 15 43 E4 E9 A6 41 00 00 B8 41
1787900448.963807,34680,1c8b,12,5F FD 15 43 78 32 A0 41 00 00 C0 41
1787900448.965223,34680,1c8c,12,5C D7 15 43 0D 0B A3 41 00 00 C8 41
1787900448.966592,34680,1c8d,12,C9 31 15 43 74 57 AF 41 00 00 D0 41
1787900448.967852,34680,1c8e,12,80 0E 14 43 65 96 C4 41 00 00 D8 41
1787900448.969260,34680,1c8f,12,5A 70 12 43 56 F0 E1 41 00 00 E0 41
1787900448.970671,34680,1c90,12,1E 5B 10 43 01 20 03 42 00 00 E8 41
1787900448.971998,34680,1c91,12,C5 D4 0D 43 D8 03 18 42 00 00 F0 41
1787900448.973399,34680,1c92,12,FC E2 0A 43 D9 D4 2E 42 00 00 F8 41
1787900448.974702,34680,1c93,12,36 8E 07 43 28 A3 46 42 00 00 00 42
1787900448.975991,34680,1c94,12,89 DE 03 43 5E 7F 5E 42 00 00 04 42
1787900448.977702,34680,1c95,12,77 B9 FF 42 8C 79 75 42 00 00 08 42
1787900448.979087,34680,1c96,12,99 28 F7 42 14 50 85 42 00 00 0C 42
1787900448.980486,34680,1c97,12,B8 1D EE 42 E3 90 8E 42 00 00 10 42
1787900448.981785,34680,1c98,12,C5 B2 E4 42 EC 1D 96 42 00 00 14 42
1787900448.983104,34680,1c99,12,73 FE DA 42 B7 AB 9B 42 00 00 18 42
1787900448.984570,34680,1c9a,12,04 18 D1 42 F4 01 9F 42 00 00 1C 42
1787900448.985933,34680,1c9b,12,DD 1B C7 42 90 FD 9F 42 00 00 20 42
1787900448.988600,34680,1c9c,12,70 20 BD 42 CD 94 9E 42 00 00 24 42
1787900448.989884,34680,1c9d,12,5F 42 B3 42 7E D6 9A 42 00 00 28 42
1787900448.991212,34680,1c9e,12,55 99 A9 42 C9 E8 94 42 00 00 2C 42
1787900448.992631,34680,1c9f,12,96 3C A0 42 CA 06 8D 42 00 00 30 42
1787900448.994011,34680,1ca0,12,FC 46 97 42 5F 83 83 42 00 00 34 42
1787900448.995417,34680,1ca1,12,AB CC 8E 42 74 79 71 42 00 00 38 42
1787900448.996740,34680,1ca2,12,F4 E5 86 42 48 48 5A 42 00 00 3C 42
1787900448.998140,34680,1ca3,12,5E 4B 7F 42 9C 5C 42 42 00 00 40 42
1787900448.999402,34680,1ca4,12,DC 3A 72 42 D1 A6 2A 42 00 00 44 42
1787900449.000837,34680,1ca5,12,DF BF 66 42 27 20 14 42 00 00 48 42
1787900449.002200,34680,1ca6,12,32 F4 5C 42 55 4F FF 41 00 00 4C 42
1787900449.003507,34680,1ca7,12,F0 F3 54 42 18 29 DC 41 00 00 50 42
1787900449.004905,34680,1ca8,12,E4 D1 4E 42 63 2D C0 41 00 00 54 42
1787900449.006294,34680,1ca9,12,39 9D 4A 42 48 77 AC 41 00 00 58 42
1787900449.007633,34680,1caa,12,03 62 48 42 FF D5 A1 41 00 00 5C 42
1787900449.009033,34680,1cab,12,42 25 48 42 C6 B2 A0 41 00 00 60 42
1787900449.010327,34680,1cac,12,A7 E7 49 42 96 19 A9 41 00 00 64 42
1787900449.011710,34680,1cad,12,80 A4 4D 42 CB B3 BA 41 00 00 68 42
1787900449.013118,34680,1cae,12,48 53 53 42 88 D2 D4 41 00 00 6C 42
1787900449.014416,34680,1caf,12,B2 E3 5A 42 39 63 F6 41 00 00 70 42
1787900449.015701,34680,1cb0,12,BE 44 64 42 C1 0C 0F 42 00 00 74 42
1787900449.017102,34680,1cb1,12,85 5B 6F 42 F6 29 25 42 00 00 78 42
1787900449.019953,34680,1cb2,12,FE 0C 7C 42 87 AA 3C 42 00 00 7C 42
1787900449.020990,34680,1cb3,12,86 1D 85 42 71 A2 54 42 00 00 80 42
1787900449.022423,34680,1cb4,12,7E DE 8C 42 BC 15 6C 42 00 00 82 42
1787900449.023710,34680,1cb5,12,FC 37 95 42 1B 0E 81 42 00 00 84 42
1787900449.025174,34680,1cb6,12,0C 12 9E 42 2B E7 8A 42 00 00 86 42
1787900449.026579,34680,1cb7,12,4E 57 A7 42 61 33 93 42 00 00 88 42
1787900449.027836,34680,1cb8,12,94 F1 B0 42 F1 9E 99 42 00 00 8A 42
1787900449.029123,34680,1cb9,12,53 C5 BA 42 5D E6 9D 42 00 00 8C 42
1787900449.030484,34680,1cba,12,74 BC C4 42 46 DF 9F 42 00 00 8E 42
1787900449.031780,34680,1cbb,12,61 BA CE 42 F1 74 9F 42 00 00 90 42
1787900449.033181,34680,1cbc,12,1A A7 D8 42 18 AC 9C 42 00 00 92 42
1787900449.034537,34680,1cbd,12,C2 6A E2 42 2E A0 97 42 00 00 94 42
1787900449.035827,34680,1cbe,12,56 E9 EB 42 3F 86 90 42 00 00 96 42
1787900449.037221,34680,1cbf,12,7E 0D F5 42 9E A4 87 42 00 00 98 42
1787900449.038524,34680,1cc0,12,03 BD FD 42 4E B1 7A 42 00 00 9A 42
1787900449.039798,34680,1cc1,12,92 F1 02 43 43 14 64 42 00 00 9C 42
1787900449.041165,34680,1cc2,12,16 B6 06 43 0A 55 4C 42 00 00 9E 42
1787900449.042493,34680,1cc3,12,3F 21 0A 43 45 6D 34 42 00 00 A0 42
1787900449.043766,34680,1cc4,12,5E 2B 0D 43 A8 49 1D 42 00 00 A2 42
1787900449.045179,34680,1cc5,12,BA CB 0F 43 74 DD 07 42 00 00 A4 42
1787900449.046590,34680,1cc6,12,1E FC 11 43 F9 FE E9 41 00 00 A6 42
1787900449.047854,34680,1cc7,12,2C B7 13 43 28 DC CA 41 00 00 A8 42
1787900449.049251,34680,1cc8,12,EF F7 14 43 C6 99 B3 41 00 00 AA 42
1787900449.050639,34680,1cc9,12,95 BB 15 43 21 1E A5 41 00 00 AC 42
1787900449.051958,34680,1cca,12,EC FF 15 43 7A 01 A0 41 00 00 AE 42
1787900449.053852,34680,1ccb,12,6F C4 15 43 FD 74 A4 41 00 00 B0 42
1787900449.055274,34680,1ccc,12,8F 09 15 43 23 4E B2 41 00 00 B2 42
1787900449.056672,34680,1ccd,12,63 D1 13 43 58 FB C8 41 00 00 B4 42
1787900449.058069,34680,1cce,12,A9 1E 12 43 11 9C E7 41 00 00 B6 42
1787900449.059601,34680,1ccf,12,41 F6 0F 43 2C 77 06 42 00 00 B8 42
1787900449.060902,34680,1cd0,12,74 5D 0D 43 D2 BC 1B 42 00 00 BA 42
1787900449.062332,34680,1cd1,12,65 5A 0A 43 AE C9 32 42 00 00 BC 42
1787900449.063695,34680,1cd2,12,B8 F5 06 43 70 AB 4A 42 00 00 BE 42
1787900449.065104,34680,1cd3,12,0F 37 03 43 9F 75 62 42 00 00 C0 42
1787900449.067129,34680,1cd4,12,4C 52 FE 42 24 2E 79 42 00 00 C2 42
1787900449.068619,34680,1cd5,12,9A AB F5 42 7D F8 86 42 00 00 C4 42
1787900449.070025,34680,1cd6,12,B0 8E EC 42 73 F6 8F 42 00 00 C6 42
1787900449.071395,34680,1cd7,12,B4 15 E3 42 6D 32 97 42 00 00 C8 42
1787900449.072894,34680,1cd8,12,EE 55 D9 42 C9 64 9C 42 00 00 CA 42
1787900449.074175,34680,1cd9,12,58 6B CF 42 E6 56 9F 42 00 00 CC 42
1787900449.075534,34680,1cda,12,CA 6D C5 42 B1 EB 9F 42 00 00 CE 42
1787900449.076925,34680,1cdb,12,42 75 BB 42 C6 1C 9E 42 00 00 D0 42
1787900449.078315,34680,1cdc,12,5A 9E B1 42 26 FD 99 42 00 00 D2 42
1787900449.079629,34680,1cdd,12,30 FF A7 42 A6 B5 93 42 00 00 D4 42
1787900449.081308,34680,1cde,12,5D B3 9E 42 48 88 8B 42 00 00 D6 42
1787900449.082682,34680,1cdf,12,21 D1 95 42 A7 C7 81 42 00 00 D8 42
1787900449.083946,34680,1ce0,12,ED 6D 8D 42 EA AA 6D 42 00 00 DA 42
1787900449.085266,34680,1ce1,12,D2 A1 85 42 89 49 56 42 00 00 DC 42
1787900449.088109,34680,1ce2,12,A8 FC 7C 42 AD 52 3E 42 00 00 DE 42
1787900449.089345,34680,1ce3,12,DF 2F 70 42 41 C2 26 42 00 00 E0 42
1787900449.090621,34680,1ce4,12,AA FB 64 42 EC 84 10 42 00 00 E2 42
1787900449.091895,34680,1ce5,12,57 7B 5B 42 45 F5 F8 41 00 00 E4 42
1787900449.093171,34680,1ce6,12,26 CA 53 42 1E EC D6 41 00 00 E6 42
1787900449.094490,34680,1ce7,12,62 F9 4D 42 65 3F BC 41 00 00 E8 42
1787900449.095717,34680,1ce8,12,BA 19 4A 42 86 07 AA 41 00 00 EA 42
1787900449.096998,34680,1ce9,12,05 34 48 42 93 F9 A0 41 00 00 EC 42
1787900449.098307,34680,1cea,12,4B 4D 48 42 B9 72 A1 41 00 00 EE 42
1787900449.099627,34680,1ceb,12,42 65 4A 42 01 6E AB 41 00 00 A0 41
1787900449.100987,34680,1cec,12,36 77 4E 42 94 88 BE 41 00 00 A8 41
1787900449.102671,34680,1ced,12,79 77 54 42 A0 F9 D9 41 00 00 B0 41
1787900449.103947,34680,1cee,12,30 57 5C 42 7E AB FC 41 00 00 B8 41
1787900449.105355,34680,1cef,12,DE 03 66 42 7E A1 12 42 00 00 C0 41
1787900449.106645,34680,1cf0,12,C4 61 71 42 B2 0A 29 42 00 00 C8 41
1787900449.107945,34680,1cf1,12,54 57 7E 42 72 B3 40 42 00 00 D0 41
1787900449.109232,34680,1cf2,12,B1 5F 86 42 07 A3 58 42 00 00 D8 41
1787900449.110720,34680,1cf3,12,80 3B 8E 42 E6 E8 6F 42 00 00 E0 41
1787900449.112049,34680,1cf4,12,5B AC 96 42 6F CD 82 42 00 00 E8 41
1787900449.113461,34680,1cf5,12,0C 9A 9F 42 70 6A 8C 42 00 00 F0 41
1787900449.114921,34680,1cf6,12,82 F0 A8 42 45 6C 94 42 00 00 F8 41
1787900449.116333,34680,1cf7,12,F3 94 B2 42 C2 7E 9A 42 00 00 00 42
1787900449.117604,34680,1cf8,12,25 70 BC 42 57 65 9E 42 00 00 04 42
1787900449.118996,34680,1cf9,12,77 6A C6 42 4A F8 9F 42 00 00 08 42
1787900449.120397,34680,1cfa,12,49 67 D0 42 10 27 9F 42 00 00 0C 42
1787900449.126117,34680,1cfb,12,27 50 DA 42 BE F9 9B 42 00 00 10 42
1787900449.127409,34680,1cfc,12,A6 08 E4 42 BD 91 96 42 00 00 14 42
1787900449.128814,34680,1cfd,12,78 79 ED 42 E0 25 8F 42 00 00 18 42
1787900449.130211,34680,1cfe,12,DD 8B F6 42 52 00 86 42 00 00 1C 42
1787900449.131595,34680,1cff,12,D0 25 FF 42 72 02 77 42 00 00 20 42
1787900449.132993,34680,1d00,12,FD 99 03 43 09 21 60 42 00 00 24 42
1787900449.134269,34680,1d01,12,A0 4F 07 43 EF 4C 48 42 00 00 28 42
1787900449.135605,34680,1d02,12,FC AA 0A 43 C5 75 30 42 00 00 2C 42
1787900449.137015,34680,1d03,12,EC A3 0D 43 47 8B 19 42 00 00 30 42
1787900449.138404,34680,1d04,12,E7 31 10 43 5B 7E 04 42 00 00 34 42
1787900449.139692,34680,1d05,12,30 4F 12 43 E3 3E E4 41 00 00 38 42
1787900449.141046,34680,1d06,12,B6 F5 13 43 53 5F C6 41 00 00 3C 42
1787900449.142750,34680,1d07,12,A0 21 15 43 8C 88 B0 41 00 00 40 42
1787900449.144109,34680,1d08,12,FE CF 15 43 0E 98 A3 41 00 00 44 42
1787900449.145483,34680,1d09,12,DC FE 15 43 DC 15 A0 41 00 00 48 42
1787900449.146895,34680,1d0a,12,D3 AD 15 43 B4 24 A6 41 00 00 4C 42
1787900449.148244,34680,1d0b,12,CA DD 14 43 E8 84 B5 41 00 00 50 42
1787900449.149740,34680,1d0c,12,D2 90 13 43 D3 99 CD 41 00 00 54 42
1787900449.151154,34680,1d0d,12,EE C9 11 43 50 73 ED 41 00 00 58 42
1787900449.152489,34680,1d0e,12,36 8E 0F 43 48 E1 09 42 00 00 5C 42
1787900449.153901,34680,1d0f,12,B2 E2 0C 43 1E 86 1F 42 00 00 60 42
1787900449.155098,34680,1d10,12,08 CF 09 43 A4 C4 36 42 00 00 64 42
1787900449.156444,34680,1d11,12,B4 5A 06 43 F2 B2 4E 42 00 00 68 42
1787900449.157868,34680,1d12,12,EE 8D 02 43 8B 60 66 42 00 00 6C 42
1787900449.159168,34680,1d13,12,35 E7 FC 42 85 D4 7C 42 00 00 70 42
1787900449.160429,34680,1d14,12,E7 29 F4 42 46 98 88 42 00 00 74 42
1787900449.161808,34680,1d15,12,04 FD EA 42 4E 4F 91 42 00 00 78 42
1787900449.163123,34680,1d16,12,AE 76 E1 42 22 38 98 42 00 00 7C 42
1787900449.164473,34680,1d17,12,B2 AD D7 42 DB 0C 9D 42 00 00 80 42
1787900449.165730,34680,1d18,12,24 BE CD 42 B0 9A 9F 42 00 00 82 42
1787900449.167008,34680,1d19,12,57 BE C3 42 58 C8 9F 42 00 00 84 42
1787900449.168338,34680,1d1a,12,FC CA B9 42 F1 93 9D 42 00 00 86 42
1787900449.169701,34680,1d1b,12,F3 FB AF 42 32 14 99 42 00 00 88 42
1787900449.170931,34680,1d1c,12,D8 68 A6 42 CE 75 92 42 00 00 8A 42
1787900449.172986,34680,1d1d,12,21 2D 9D 42 5A FE 89 42 00 00 8C 42
1787900449.174202,34680,1d1e,12,90 5D 94 42 AB 01 80 42 00 00 8E 42
1787900449.175604,34680,1d1f,12,6B 13 8C 42 7D D1 69 42 00 00 90 42
1787900449.177261,34680,1d20,12,7A 62 84 42 AA 46 52 42 00 00 92 42
1787900449.178600,34680,1d21,12,BA BA 7A 42 49 4F 3A 42 00 00 94 42
1787900449.179772,34680,1d22,12,6D 30 6E 42 4C E7 22 42 00 00 96 42
1787900449.181146,34680,1d23,12,3E 42 63 42 78 F6 0C 42 00 00 98 42
1787900449.182521,34680,1d24,12,87 0F 5A 42 DF C6 F2 41 00 00 9A 42
1787900449.184317,34680,1d25,12,F6 AD 52 42 A4 E4 D1 41 00 00 9C 42
1787900449.185610,34680,1d26,12,B5 2F 4D 42 5D 92 B8 41 00 00 9E 42
1787900449.186941,34680,1d27,12,87 A4 49 42 3F DA A7 41 00 00 A0 42
1787900449.188275,34680,1d28,12,62 14 48 42 D2 61 A0 41 00 00 A2 42
1787900449.189492,34680,1d29,12,C2 83 48 42 A2 77 A2 41 00 00 A4 42
1787900449.190805,34680,1d2a,12,25 F1 4A 42 80 04 AE 41 00 00 A6 42
1787900449.192228,34680,1d2b,12,2B 57 4F 42 7B 96 C2 41 00 00 A8 42
1787900449.193593,34680,1d2c,12,38 A9 55 42 55 55 DF 41 00 00 AA 42
1787900449.194948,34680,1d2d,12,15 D9 5D 42 36 92 01 42 00 00 AC 42
1787900449.196299,34680,1d2e,12,48 CF 67 42 AA 45 16 42 00 00 AE 42
1787900449.197759,34680,1d2f,12,7A 73 73 42 62 F4 2C 42 00 00 B0 42
1787900449.199114,34680,1d30,12,0C 55 80 42 BD BA 44 42 00 00 B2 42
1787900449.200475,34680,1d31,12,9B A6 87 42 CE 9E 5C 42 00 00 B4 42
1787900449.201697,34680,1d32,12,F9 9D 8F 42 04 B4 73 42 00 00 B6 42
1787900449.202983,34680,1d33,12,4B 24 98 42 DC 83 84 42 00 00 B8 42
1787900449.204318,34680,1d34,12,F8 24 A1 42 07 E2 8D 42 00 00 BA 42
1787900449.205673,34680,1d35,12,7B 8A AA 42 02 96 95 42 00 00 BC 42
1787900449.207011,34680,1d36,12,DD 39 B4 42 D2 4E 9B 42 00 00 BE 42
1787900449.208243,34680,1d37,12,5C 1D BE 42 CE D3 9E 42 00 00 C0 42
1787900449.209586,34680,1d38,12,98 18 C8 42 F9 FF 9F 42 00 00 C2 42
1787900449.210814,34680,1d39,12,95 13 D2 42 15 C8 9E 42 00 00 C4 42
1787900449.212104,34680,1d3a,12,57 F6 DB 42 D5 37 9B 42 00 00 C6 42
1787900449.213372,34680,1d3b,12,82 A4 E5 42 AE 74 95 42 00 00 C8 42
1787900449.214679,34680,1d3c,12,55 08 EF 42 B0 B7 8D 42 00 00 CA 42
1787900449.215877,34680,1d3d,12,DF 06 F8 42 32 52 84 42 00 00 CC 42
1787900449.217191,34680,1d3e,12,50 45 00 43 FF 45 73 42 00 00 CE 42
1787900449.218970,34680,1d3f,12,82 3F 04 43 7A 2A 5C 42 00 00 D0 42
1787900449.220659,34680,1d40,12,9D E6 07 43 BF 44 44 42 00 00 D2 42
1787900449.222076,34680,1d41,12,6B 32 0B 43 6D 81 2C 42 00 00 D4 42
1787900449.223408,34680,1d42,12,78 19 0E 43 53 DA 15 42 00 00 D6 42
1787900449.224721,34680,1d43,12,E3 94 10 43 C5 32 01 42 00 00 D8 42
1787900449.226319,34680,1d44,12,9C 9E 12 43 DE B5 DE 41 00 00 DA 42
1787900449.227714,34680,1d45,12,CA 30 14 43 C6 1C C2 41 00 00 DC 42
1787900449.229149,34680,1d46,12,E5 47 15 43 6C B5 AD 41 00 00 DE 42
1787900449.230555,34680,1d47,12,CD E0 15 43 51 56 A2 41 00 00 E0 42
1787900449.231851,34680,1d48,12,30 FA 15 43 98 6F A0 41 00 00 E2 42
1787900449.233287,34680,1d49,12,B3 93 15 43 94 16 A8 41 00 00 E4 42
1787900449.234553,34680,1d4a,12,7C AE 14 43 D6 FA B8 41 00 00 E6 42
1787900449.236119,34680,1d4b,12,8F 4C 13 43 1A 75 D2 41 00 00 E8 42
1787900449.237428,34680,1d4c,12,E2 71 11 43 8C 79 F3 41 00 00 EA 42
1787900449.238734,34680,1d4d,12,06 23 0F 43 59 5D 0D 42 00 00 EC 42
1787900449.240122,34680,1d4e,12,6C 65 0C 43 A2 57 23 42 00 00 EE 42
1787900449.241527,34680,1d4f,12,EF 40 09 43 96 C4 3A 42 00 00 A0 41
1787900449.242908,34680,1d50,12,A0 BC 05 43 41 BC 52 42 00 00 A8 41
1787900449.244326,34680,1d51,12,97 E2 01 43 AF 42 6A 42 00 00 B0 41
1787900449.245743,34680,1d52,12,4A 78 FB 42 D0 35 80 42 00 00 B8 41
1787900449.247048,34680,1d53,12,67 A6 F2 42 F6 2B 8A 42 00 00 C0 41
1787900449.248494,34680,1d54,12,D1 68 E9 42 10 9B 92 42 00 00 C8 41
1787900449.249892,34680,1d55,12,4B D4 DF 42 9D 2F 99 42 00 00 D0 41
1787900449.251188,34680,1d56,12,53 04 D6 42 6F A4 9D 42 00 00 D8 41
1787900449.252536,34680,1d57,12,84 10 CC 42 40 CD 9F 42 00 00 E0 41
1787900449.253876,34680,1d58,12,C3 10 C2 42 CF 93 9F 42 00 00 E8 41
1787900449.255215,34680,1d59,12,BC 21 B8 42 78 FA 9C 42 00 00 F0 41
1787900449.258129,34680,1d5a,12,C5 59 AE 42 F8 1A 98 42 00 00 F8 41
1787900449.258385,34680,1d5b,12,EC D4 A4 42 87 28 91 42 00 00 00 42
1787900449.260024,34680,1d5c,12,FD A9 9B 42 6F 69 88 42 00 00 04 42
1787900449.261072,34680,1d5d,12,14 EF 92 42 6E 6A 7C 42 00 00 08 42
1787900449.262484,34680,1d5e,12,3E BD 8A 42 49 EE 65 42 00 00 0C 42
1787900449.263756,34680,1d5f,12,E4 26 83 42 13 3D 4E 42 00 00 10 42
1787900449.265189,34680,1d60,12,94 83 78 42 DA 4F 36 42 00 00 14 42
1787900449.266617,34680,1d61,12,AD 3C 6C 42 11 17 1F 42 00 00 18 42
1787900449.267900,34680,1d62,12,EC 96 61 42 66 7C 09 42 00 00 1C 42
1787900449.269314,34680,1d63,12,DC B0 58 42 ED C5 EC 41 00 00 20 42
1787900449.270571,34680,1d64,12,7F 9E 51 42 BD 0F CD 41 00 00 24 42
1787900449.271847,34680,1d65,12,1D 74 4C 42 9D 23 B5 41 00 00 28 42
1787900449.273293,34680,1d66,12,AB 3D 49 42 12 F0 A5 41 00 00 2C 42
1787900449.274697,34680,1d67,12,56 03 48 42 04 10 A0 41 00 00 30 42
1787900449.275961,34680,1d68,12,A5 C8 48 42 34 C1 A3 41 00 00 34 42
1787900449.277356,34680,1d69,12,DC 8B 4B 42 15 DF B0 41 00 00 38 42
1787900449.278709,34680,1d6a,12,0E 45 50 42 C3 DF C6 41 00 00 3C 42
1787900449.279992,34680,1d6b,12,6D E8 56 42 1C E4 E4 41 00 00 40 42
1787900449.282537,34680,1d6c,12,7B 66 5F 42 14 E0 04 42 00 00 44 42
1787900449.283825,34680,1d6d,12,D9 A6 69 42 34 F8 19 42 00 00 48 42
1787900449.285210,34680,1d6e,12,7D 92 75 42 91 E9 30 42 00 00 4C 42
1787900449.286502,34680,1d6f,12,9B 83 81 42 FB C2 48 42 00 00 50 42
1787900449.287939,34680,1d70,12,2C F2 88 42 A0 94 60 42 00 00 54 42
1787900449.289352,34680,1d71,12,3F 03 91 42 F8 6E 77 42 00 00 58 42
1787900449.290756,34680,1d72,12,B1 9F 99 42 E3 30 86 42 00 00 5C 42
1787900449.292079,34680,1d73,12,26 B4 A2 42 CF 4E 8F 42 00 00 60 42
1787900449.293368,34680,1d74,12,94 26 AC 42 68 B1 96 42 00 00 64 42
1787900449.296132,34680,1d75,12,35 E0 B5 42 E4 0E 9C 42 00 00 68 42
1787900449.297549,34680,1d76,12,BB C9 BF 42 D6 30 9F 42 00 00 6C 42
1787900449.298973,34680,1d77,12,B6 C6 C9 42 4F F6 9F 42 00 00 70 42
1787900449.300250,34680,1d78,12,B4 C0 D3 42 AC 57 9E 42 00 00 74 42
1787900449.301669,34680,1d79,12,16 9B DD 42 F5 65 9A 42 00 00 78 42
1787900449.302995,34680,1d7a,12,3B 3E E7 42 54 49 94 42 00 00 7C 42
1787900449.304284,34680,1d7b,12,ED 92 F0 42 BD 3E 8C 42 00 00 80 42
1787900449.305603,34680,1d7c,12,68 7E F9 42 BA 9A 82 42 00 00 82 42
1787900449.306911,34680,1d7d,12,50 F6 00 43 80 79 6F 42 00 00 84 42
1787900449.310712,34680,1d7e,12,B2 E2 04 43 17 2E 58 42 00 00 86 42
1787900449.312079,34680,1d7f,12,01 7B 08 43 A2 3D 40 42 00 00 88 42
1787900449.313479,34680,1d80,12,85 B6 0B 43 B5 98 28 42 00 00 8A 42
1787900449.314959,34680,1d81,12,F8 8B 0E 43 DE 37 12 42 00 00 8C 42
1787900449.316371,34680,1d82,12,FD F4 10 43 67 F1 FB 41 00 00 8E 42
1787900449.317770,34680,1d83,12,A8 EA 12 43 19 60 D9 41 00 00 90 42
1787900449.319175,34680,1d84,12,61 68 14 43 BC 15 BE 41 00 00 92 42
1787900449.320538,34680,1d85,12,75 6A 15 43 72 26 AB 41 00 00 94 42
1787900449.322134,34680,1d86,12,01 EE 15 43 47 59 A1 41 00 00 96 42
1787900449.323580,34680,1d87,12,DD F1 15 43 48 0F A1 41 00 00 98 42
1787900449.324874,34680,1d88,12,FE 75 15 43 7F 4B AA 41 00 00 9A 42
1787900449.326266,34680,1d89,12,AA 7B 14 43 EB AE BC 41 00 00 9C 42
1787900449.327618,34680,1d8a,12,1F 05 13 43 C5 82 D7 41 00 00 9E 42
1787900449.329747,34680,1d8b,12,8F 16 11 43 07 AD F9 41 00 00 A0 42
1787900449.331185,34680,1d8c,12,50 B4 0E 43 B3 ED 10 42 00 00 A2 42
1787900449.332589,34680,1d8d,12,3A E5 0B 43 BE 33 27 42 00 00 A4 42
1787900449.333992,34680,1d8e,12,25 B0 08 43 5B C8 3E 42 00 00 A6 42
1787900449.335259,34680,1d8f,12,AE 1C 05 43 B7 BE 56 42 00 00 A8 42
1787900449.336590,34680,1d90,12,17 35 01 43 EC 1A 6E 42 00 00 AA 42
1787900449.337973,34680,1d91,12,4E 04 FA 42 D6 FA 81 42 00 00 AC 42
1787900449.339286,34680,1d92,12,D2 1F F1 42 9C B4 8B 42 00 00 AE 42
1787900449.340689,34680,1d93,12,33 D2 E7 42 59 D9 93 42 00 00 B0 42
1787900449.342069,34680,1d94,12,B3 31 DE 42 CC 16 9A 42 00 00 B2 42
1787900449.343490,34680,1d95,12,F1 59 D4 42 5A 2B 9E 42 00 00 B4 42
1787900449.344848,34680,1d96,12,0A 61 CA 42 9D EE 9F 42 00 00 B6 42
1787900449.346238,34680,1d97,12,9C 63 C0 42 0D 4E 9F 42 00 00 B8 42
1787900449.347603,34680,1d98,12,A3 79 B6 42 86 50 9C 42 00 00 BA 42
1787900449.348876,34680,1d99,12,F7 BA AC 42 8E 13 97 42 00 00 BC 42
1787900449.350288,34680,1d9a,12,8C 43 A3 42 33 CE 8F 42 00 00 BE 42
1787900449.351603,34680,1d9b,12,AA 28 9A 42 76 C8 86 42 00 00 C0 42
1787900449.353000,34680,1d9c,12,6E 84 91 42 60 C2 78 42 00 00 C2 42
1787900449.354390,34680,1d9d,12,7E 6B 89 42 6E 02 62 42 00 00 C4 42
1787900449.355663,34680,1d9e,12,6E F1 81 42 6B 35 4A 42 00 00 C6 42
1787900449.356976,34680,1d9f,12,63 57 76 42 89 55 32 42 00 00 C8 42
1787900449.358315,34680,1da0,12,03 53 6A 42 2E 4F 1B 42 00 00 CA 42
1787900449.359668,34680,1da1,12,36 F8 5F 42 68 14 06 42 00 00 CC 42
1787900449.361065,34680,1da2,12,73 5F 57 42 29 F4 E6 41 00 00 CE 42
1787900449.362356,34680,1da3,12,CD 9D 50 42 C5 77 C8 41 00 00 D0 42
1787900449.365468,34680,1da4,12,A6 C6 4B 42 20 F4 B1 41 00 00 D2 42
1787900449.366470,34680,1da5,12,E0 E4 48 42 25 48 A4 41 00 00 D4 42
1787900449.367978,34680,1da6,12,BE 00 48 42 91 03 A0 41 00 00 D6 42
1787900449.369268,34680,1da7,12,ED 1B 49 42 11 4F A5 41 00 00 D8 42
1787900449.370725,34680,1da8,12,3C 34 4C 42 A3 F7 B3 41 00 00 DA 42
1787900449.372147,34680,1da9,12,CB 40 51 42 2E 63 CB 41 00 00 DC 42
1787900449.373555,34680,1daa,12,3F 36 58 42 CA A9 EA 41 00 00 DE 42
1787900449.374953,34680,1dab,12,A4 00 61 42 58 41 08 42 00 00 E0 42
1787900449.376351,34680,1dac,12,6F 8A 6B 42 0E B8 1D 42 00 00 E2 42
1787900449.377798,34680,1dad,12,B7 BA 77 42 C5 E1 34 42 00 00 E4 42
1787900449.379112,34680,1dae,12,42 B7 82 42 00 CB 4C 42 00 00 E6 42
1787900449.380502,34680,1daf,12,85 43 8A 42 FA 86 64 42 00 00 E8 42
1787900449.381929,34680,1db0,12,7E 6C 92 42 34 1C 7B 42 00 00 EA 42
1787900449.383182,34680,1db1,12,70 1E 9B 42 08 D4 87 42 00 00 EC 42
1787900449.384854,34680,1db2,12,96 44 A4 42 BA AD 90 42 00 00 EE 42
1787900449.386229,34680,1db3,12,B2 C4 AD 42 28 BE 97 42 00 00 A0 41
1787900449.387634,34680,1db4,12,68 89 B7 42 5E BF 9C 42 00 00 A8 41
1787900449.388919,34680,1db5,12,B3 76 C1 42 C1 7C 9F 42 00 00 B0 41
1787900449.390234,34680,1db6,12,B4 74 CB 42 50 DB 9F 42 00 00 B8 41
1787900449.391700,34680,1db7,12,6C 6B D5 42 C6 D6 9D 42 00 00 C0 41
1787900449.393005,34680,1db8,12,45 3E DF 42 5C 84 99 42 00 00 C8 41
1787900449.394407,34680,1db9,12,2B D7 E8 42 DA 0E 93 42 00 00 D0 41
1787900449.395713,34680,1dba,12,96 1A F2 42 28 BA 8A 42 00 00 D8 41
1787900449.397021,34680,1dbb,12,5D F2 FA 42 69 DA 80 42 00 00 E0 41
1787900449.403596,34680,1dbc,12,93 A4 01 43 16 A5 6B 42 00 00 E8 41
1787900449.405436,34680,1dbd,12,82 83 05 43 07 2D 54 42 00 00 F0 41
1787900449.406963,34680,1dbe,12,48 0D 09 43 08 35 3C 42 00 00 F8 41
1787900449.408604,34680,1dbf,12,C0 37 0C 43 10 B9 24 42 00 00 00 42
1787900449.410596,34680,1dc0,12,66 FB 0E 43 F5 A4 0E 42 00 00 04 42
1787900449.413156,34680,1dc1,12,7D 51 11 43 1F AE F5 41 00 00 08 42
1787900449.414658,34680,1dc2,12,51 33 13 43 1E 3F D4 41 00 00 0C 42
1787900449.416842,34680,1dc3,12,A7 9C 14 43 F8 47 BA 41 00 00 10 42
1787900449.417815,34680,1dc4,12,73 89 15 43 A0 D9 A8 41 00 00 14 42
1787900449.420758,34680,1dc5,12,9A F7 15 43 3A A1 A0 41 00 00 18 42
1787900449.424497,34680,1dc6,12,F4 E5 15 43 97 F3 A1 41 00 00 1C 42
1787900449.426284,34680,1dc7,12,B5 54 15 43 D0 C2 AC 41 00 00 20 42
1787900449.431278,34680,1dc8,12,23 45 14 43 DD A3 C0 41 00 00 24 42
1787900449.431919,34680,1dc9,12,4A BA 12 43 C5 C5 DC 41 00 00 28 42
1787900449.432881,34680,1dca,12,F9 B7 10 43 FB 05 00 42 00 00 2C 42
1787900449.436582,34680,1dcb,12,E9 42 0E 43 B2 8A 14 42 00 00 30 42
1787900449.440512,34680,1dcc,12,27 62 0B 43 55 19 2B 42 00 00 34 42
1787900449.445114,34680,1dcd,12,2A 1C 08 43 89 D2 42 42 00 00 38 42
1787900449.447116,34680,1dce,12,57 7A 04 43 EA BC 5A 42 00 00 3C 42
1787900449.448866,34680,1dcf,12,7B 85 00 43 25 E8 71 42 00 00 40 42
1787900449.450735,34680,1dd0,12,0A 8E F8 42 89 B5 83 42 00 00 44 42
1787900449.451090,34680,1dd1,12,44 96 EF 42 C8 31 8D 42 00 00 48 42
1787900449.451308,34680,1dd2,12,CC 37 E6 42 E2 0A 95 42 00 00 4C 42
1787900449.451527,34680,1dd3,12,81 8D DC 42 57 EE 9A 42 00 00 50 42
1787900449.451908,34680,1dd4,12,AA AE D2 42 74 A1 9E 42 00 00 54 42
1787900449.453282,34680,1dd5,12,F4 B2 C8 42 80 FE 9F 42 00 00 58 42
1787900449.454605,34680,1dd6,12,02 B7 BE 42 27 F7 9E 42 00 00 5C 42
1787900449.455808,34680,1dd7,12,45 D1 B4 42 98 95 9B 42 00 00 60 42
1787900449.457112,34680,1dd8,12,20 1E AB 42 60 FD 95 42 00 00 64 42
1787900449.458312,34680,1dd9,12,D4 B4 A1 42 36 67 8E 42 00 00 68 42
1787900449.459653,34680,1dda,12,0E AC 98 42 EE 1E 85 42 00 00 6C 42
1787900449.460899,34680,1ddb,12,B8 1D 90 42 39 0C 75 42 00 00 70 42
1787900449.462219,34680,1ddc,12,10 1D 88 42 5F 0B 5E 42 00 00 74 42
1787900449.463539,34680,1ddd,12,08 C1 80 42 1F 2D 46 42 00 00 78 42
1787900449.464869,34680,1dde,12,4C 36 74 42 7A 61 2E 42 00 00 7C 42
1787900449.466061,34680,1ddf,12,1D 77 68 42 BE 97 17 42 00 00 80 42
1787900449.467317,34680,1de0,12,37 66 5E 42 78 BF 02 42 00 00 82 42
1787900449.468682,34680,1de1,12,39 1A 56 42 1E 4E E1 41 00 00 84 42
1787900449.470008,34680,1de2,12,F0 AA 4F 42 7C 19 C4 41 00 00 86 42
1787900449.471371,34680,1de3,12,5F 27 4B 42 D3 04 AF 41 00 00 88 42
1787900449.472583,34680,1de4,12,D2 9A 48 42 05 E6 A2 41 00 00 8A 42
1787900449.473948,34680,1de5,12,9B 0C 48 42 7E 3C A0 41 00 00 8C 42
1787900449.475306,34680,1de6,12,F7 7D 49 42 97 22 A7 41 00 00 8E 42
1787900449.476656,34680,1de7,12,C4 EA 4C 42 CD 4F B7 41 00 00 90 42
1787900449.477857,34680,1de8,12,51 4A 52 42 6E 1F D0 41 00 00 92 42
1787900449.479187,34680,1de9,12,2B 90 59 42 00 9A F0 41 00 00 94 42
1787900449.480518,34680,1dea,12,73 A7 62 42 0A B5 0B 42 00 00 96 42
1787900449.481839,34680,1deb,12,BB 7B 6D 42 AD 87 21 42 00 00 98 42
1787900449.483145,34680,1dec,12,F3 ED 79 42 80 DF 38 42 00 00 9A 42
1787900449.484463,34680,1ded,12,EC EF 83 42 A2 D1 50 42 00 00 9C 42
1787900449.485845,34680,1dee,12,1F 98 8B 42 6A 6D 68 42 00 00 9E 42
1787900449.487197,34680,1def,12,9C D9 93 42 AB BA 7E 42 00 00 A0 42
1787900449.488433,34680,1df0,12,D6 A1 9C 42 48 6E 89 42 00 00 A2 42
1787900449.489778,34680,1df1,12,9B D7 A5 42 BB FF 91 42 00 00 A4 42
1787900449.491113,34680,1df2,12,B4 64 AF 42 F2 BB 98 42 00 00 A6 42
1787900449.492471,34680,1df3,12,41 32 B9 42 C6 5E 9D 42 00 00 A8 42
1787900449.493684,34680,1df4,12,23 24 C3 42 7A B7 9F 42 00 00 AA 42
1787900449.495369,34680,1df5,12,02 24 CD 42 D2 AE 9F 42 00 00 AC 42
1787900449.496744,34680,1df6,12,2C 15 D7 42 28 45 9D 42 00 00 AE 42
1787900449.498024,34680,1df7,12,C6 DF E0 42 4A 93 98 42 00 00 B0 42
1787900449.499329,34680,1df8,12,40 6C EA 42 E3 C7 91 42 00 00 B2 42
1787900449.500553,34680,1df9,12,35 9F F3 42 62 2A 89 42 00 00 B4 42
1787900449.502695,34680,1dfa,12,F8 63 FC 42 2A 20 7E 42 00 00 B6 42
1787900449.503922,34680,1dfb,12,B1 50 02 43 5F C6 67 42 00 00 B8 42
1787900449.505270,34680,1dfc,12,E5 21 06 43 72 28 50 42 00 00 BA 42
1787900449.506600,34680,1dfd,12,5A 9C 09 43 95 33 38 42 00 00 BC 42
1787900449.507772,34680,1dfe,12,14 B6 0C 43 9F E3 20 42 00 00 BE 42
1787900449.509128,34680,1dff,12,1C 68 0F 43 65 1F 0B 42 00 00 C0 42
1787900449.510450,34680,1e00,12,B6 AA 11 43 72 97 EF 41 00 00 C2 42
1787900449.511710,34680,1e01,12,90 78 13 43 6A 54 CF 41 00 00 C4 42
1787900449.513053,34680,1e02,12,38 CD 14 43 9E BB B6 41 00 00 C6 42
1787900449.514257,34680,1e03,12,DC A4 15 43 9F CF A6 41 00 00 C8 42
1787900449.515478,34680,1e04,12,9A FD 15 43 16 2E A0 41 00 00 CA 42
1787900449.517179,34680,1e05,12,70 D6 15 43 B6 1C A3 41 00 00 CC 42
1787900449.518493,34680,1e06,12,DC 2F 15 43 D2 7B AF 41 00 00 CE 42
1787900449.519711,34680,1e07,12,50 0B 14 43 32 D1 C4 41 00 00 D0 42
1787900449.520922,34680,1e08,12,13 6C 12 43 94 3C E2 41 00 00 D2 42
1787900449.522246,34680,1e09,12,CB 55 10 43 55 4D 03 42 00 00 D4 42
1787900449.523610,34680,1e0a,12,74 CE 0D 43 92 36 18 42 00 00 D6 42
1787900449.524968,34680,1e0b,12,3A DC 0A 43 47 07 2F 42 00 00 D8 42
1787900449.526171,34680,1e0c,12,1B 86 07 43 79 DA 46 42 00 00 DA 42
1787900449.527518,34680,1e0d,12,A7 D5 03 43 B1 B5 5E 42 00 00 DC 42
1787900449.528865,34680,1e0e,12,52 A6 FF 42 B9 AC 75 42 00 00 DE 42
1787900449.530174,34680,1e0f,12,44 14 F7 42 12 67 85 42 00 00 E0 42
1787900449.531390,34680,1e10,12,DA 09 EE 42 0B A3 8E 42 00 00 E2 42
1787900449.532754,34680,1e11,12,B0 9C E4 42 1C 2D 96 42 00 00 E4 42
1787900449.534094,34680,1e12,12,D2 E7 DA 42 02 B6 9B 42 00 00 E6 42
1787900449.535344,34680,1e13,12,0F 01 D1 42 F0 06 9F 42 00 00 E8 42
1787900449.536947,34680,1e14,12,D1 04 C7 42 0B FD 9F 42 00 00 EA 42
1787900449.538180,34680,1e15,12,14 0B BD 42 35 8F 9E 42 00 00 EC 42
1787900449.539504,34680,1e16,12,D4 2B B3 42 3F CB 9A 42 00 00 EE 42
1787900449.540857,34680,1e17,12,61 83 A9 42 BE D8 94 42 00 00 A0 41
1787900449.542296,34680,1e18,12,71 27 A0 42 97 F2 8C 42 00 00 A8 41
1787900449.543688,34680,1e19,12,DC 32 97 42 D2 6B 83 42 00 00 B0 41
1787900449.545028,34680,1e1a,12,0C BB 8E 42 0C 49 71 42 00 00 B8 41
1787900449.546432,34680,1e1b,12,78 D4 86 42 9A 11 5A 42 00 00 C0 41
1787900449.547740,34680,1e1c,12,90 2B 7F 42 5B 25 42 42 00 00 C8 41
1787900449.549181,34680,1e1d,12,8C 1E 72 42 31 71 2A 42 00 00 D0 41
1787900449.550617,34680,1e1e,12,54 A7 66 42 4B EE 13 42 00 00 D8 41
1787900449.551899,34680,1e1f,12,10 E1 5C 42 18 FD FE 41 00 00 E0 41
1787900449.553347,34680,1e20,12,A3 E3 54 42 E7 DF DB 41 00 00 E8 41
1787900449.554645,34680,1e21,12,F9 C5 4E 42 23 F6 BF 41 00 00 F0 41
1787900449.556034,34680,1e22,12,D1 95 4A 42 2F 54 AC 41 00 00 F8 41
1787900449.557444,34680,1e23,12,2E 5F 48 42 6F C8 A1 41 00 00 00 42
1787900449.558744,34680,1e24,12,EA 26 48 42 B9 BA A0 41 00 00 04 42
1787900449.560104,34680,1e25,12,06 EE 49 42 DB 37 A9 41 00 00 08 42
1787900449.561521,34680,1e26,12,64 AF 4D 42 99 E6 BA 41 00 00 0C 42
1787900449.562790,34680,1e27,12,98 62 53 42 DB 17 D5 41 00 00 10 42
1787900449.564173,34680,1e28,12,46 F7 5A 42 4B B8 F6 41 00 00 14 42
1787900449.565550,34680,1e29,12,C9 5A 64 42 2A 3A 0F 42 00 00 18 42
1787900449.566940,34680,1e2a,12,FE 76 6F 42 E9 5E 25 42 00 00 1C 42
1787900449.568332,34680,1e2b,12,07 2C 7C 42 9A E1 3C 42 00 00 20 42
1787900449.569621,34680,1e2c,12,AA 2E 85 42 72 D9 54 42 00 00 24 42
1787900449.571961,34680,1e2d,12,16 F1 8C 42 7A 4A 6C 42 00 00 28 42
1787900449.573369,34680,1e2e,12,80 4A 95 42 A8 24 81 42 00 00 2C 42
1787900449.574765,34680,1e2f,12,FA 26 9E 42 35 FC 8A 42 00 00 30 42
1787900449.576085,34680,1e30,12,18 6D A7 42 70 44 93 42 00 00 34 42
1787900449.577406,34680,1e31,12,03 08 B1 42 55 AB 99 42 00 00 38 42
1787900449.578939,34680,1e32,12,2C DC BA 42 98 ED 9D 42 00 00 3C 42
1787900449.580231,34680,1e33,12,EE D1 C4 42 F0 E0 9F 42 00 00 40 42
1787900449.581601,34680,1e34,12,60 D1 CE 42 34 71 9F 42 00 00 44 42
1787900449.583050,34680,1e35,12,D4 BD D8 42 FC A2 9C 42 00 00 48 42
1787900449.584511,34680,1e36,12,FC 80 E2 42 10 92 97 42 00 00 4C 42
1787900449.585829,34680,1e37,12,D8 FE EB 42 B0 73 90 42 00 00 50 42
1787900449.587232,34680,1e38,12,AC 20 F5 42 DD 8F 87 42 00 00 54 42
1787900449.588637,34680,1e39,12,72 D0 FD 42 25 7F 7A 42 00 00 58 42
1787900449.589906,34680,1e3a,12,9F FA 02 43 78 DE 63 42 00 00 5C 42
1787900449.591311,34680,1e3b,12,61 BE 06 43 C1 1D 4C 42 00 00 60 42
1787900449.592905,34680,1e3c,12,B3 28 0A 43 B3 36 34 42 00 00 64 42
1787900449.595728,34680,1e3d,12,76 31 0D 43 7C 19 1D 42 00 00 68 42
1787900449.597026,34680,1e3e,12,48 D1 0F 43 BA AE 07 42 00 00 6C 42
1787900449.599284,34680,1e3f,12,A3 00 12 43 24 AF E9 41 00 00 70 42
1787900449.600898,34680,1e40,12,9D BA 13 43 23 9D CA 41 00 00 74 42
1787900449.602213,34680,1e41,12,42 FA 14 43 12 6E B3 41 00 00 78 42
1787900449.603643,34680,1e42,12,B0 BC 15 43 08 09 A5 41 00 00 7C 42
1787900449.605468,34680,1e43,12,F5 FF 15 43 CF 00 A0 41 00 00 80 42
1787900449.606887,34680,1e44,12,52 C3 15 43 4F 8A A4 41 00 00 82 42
1787900449.608325,34680,1e45,12,4E 07 15 43 9C 78 B2 41 00 00 84 42
1787900449.609714,34680,1e46,12,04 CE 13 43 43 39 C9 41 00 00 86 42
1787900449.611045,34680,1e47,12,82 1A 12 43 9E E5 E7 41 00 00 88 42
1787900449.613620,34680,1e48,12,C2 F0 0F 43 8A A5 06 42 00 00 8A 42
1787900449.615042,34680,1e49,12,F9 56 0D 43 42 F0 1B 42 00 00 8C 42
1787900449.616337,34680,1e4a,12,FF 52 0A 43 23 00 33 42 00 00 8E 42
1787900449.617605,34680,1e4b,12,7A ED 06 43 BE E2 4A 42 00 00 90 42
1787900449.619004,34680,1e4c,12,AA 2E 03 43 E9 A7 62 42 00 00 92 42
1787900449.620447,34680,1e4d,12,F1 3E FE 42 95 60 79 42 00 00 94 42
1787900449.621798,34680,1e4e,12,18 97 F5 42 F3 0E 87 42 00 00 96 42
1787900449.623203,34680,1e4f,12,3B 79 EC 42 41 09 90 42 00 00 98 42
1787900449.624488,34680,1e50,12,83 FF E2 42 D4 40 97 42 00 00 9A 42
1787900449.626195,34680,1e51,12,C5 40 D9 42 92 6D 9C 42 00 00 9C 42
1787900449.627621,34680,1e52,12,5C 54 CF 42 F7 5A 9F 42 00 00 9E 42
1787900449.628895,34680,1e53,12,BF 56 C5 42 3F EA 9F 42 00 00 A0 42
1787900449.630306,34680,1e54,12,64 5E BB 42 DD 15 9E 42 00 00 A2 42
1787900449.631592,34680,1e55,12,E4 87 B1 42 0F F1 99 42 00 00 A4 42
1787900449.633221,34680,1e56,12,D5 EA A7 42 FF A5 93 42 00 00 A6 42
1787900449.634669,34680,1e57,12,60 9E 9E 42 76 73 8B 42 00 00 A8 42
1787900449.635939,34680,1e58,12,32 BD 95 42 A1 AF 81 42 00 00 AA 42
1787900449.637387,34680,1e59,12,40 5B 8D 42 60 76 6D 42 00 00 AC 42
1787900449.638673,34680,1e5a,12,96 90 85 42 9B 12 56 42 00 00 AE 42
1787900449.640019,34680,1e5b,12,88 DF 7C 42 47 1F 3E 42 00 00 B0 42
1787900449.641462,34680,1e5c,12,2B 14 70 42 1D 8D 26 42 00 00 B2 42
1787900449.642875,34680,1e5d,12,C8 E3 64 42 E6 53 10 42 00 00 B4 42
1787900449.644294,34680,1e5e,12,83 67 5B 42 5A 9F F8 41 00 00 B6 42
1787900449.645593,34680,1e5f,12,93 BA 53 42 C2 A5 D6 41 00 00 B8 42
1787900449.647002,34680,1e60,12,FA EE 4D 42 ED 0E BC 41 00 00 BA 42
1787900449.648364,34680,1e61,12,15 13 4A 42 F8 E7 A9 41 00 00 BC 42
1787900449.649766,34680,1e62,12,F7 31 48 42 B6 EF A0 41 00 00 BE 42
1787900449.651174,34680,1e63,12,D9 4F 48 42 F5 7E A1 41 00 00 C0 42
1787900449.652494,34680,1e64,12,64 6C 4A 42 D6 8F AB 41 00 00 C2 42
1787900449.653785,34680,1e65,12,10 82 4E 42 00 BB BE 41 00 00 C4 42
1787900449.655228,34680,1e66,12,83 87 54 42 CE 41 DA 41 00 00 C6 42
1787900449.656629,34680,1e67,12,76 6B 5C 42 E4 02 FD 41 00 00 C8 42
1787900449.658028,34680,1e68,12,2D 1C 66 42 10 D3 12 42 00 00 CA 42
1787900449.659314,34680,1e69,12,DC 7D 71 42 28 40 29 42 00 00 CC 42
1787900449.660726,34680,1e6a,12,CA 74 7E 42 EC E6 40 42 00 00 CE 42
1787900449.662035,34680,1e6b,12,17 71 86 42 CE D9 58 42 00 00 D0 42
1787900449.663458,34680,1e6c,12,52 4E 8E 42 0D 1D 70 42 00 00 D2 42
1787900449.664909,34680,1e6d,12,6A C0 96 42 29 E5 82 42 00 00 D4 42
1787900449.666177,34680,1e6e,12,23 AF 9F 42 DE 7E 8C 42 00 00 D6 42
1787900449.667619,34680,1e6f,12,EF 04 A9 42 7A 7B 94 42 00 00 D8 42
1787900449.669000,34680,1e70,12,77 AB B2 42 4F 8A 9A 42 00 00 DA 42
1787900449.670320,34680,1e71,12,0B 87 BC 42 AB 6B 9E 42 00 00 DC 42
1787900449.671699,34680,1e72,12,83 81 C6 42 24 F9 9F 42 00 00 DE 42
1787900449.672997,34680,1e73,12,40 7E D0 42 68 22 9F 42 00 00 E0 42
1787900449.674399,34680,1e74,12,46 65 DA 42 71 F0 9B 42 00 00 E2 42
1787900449.675731,34680,1e75,12,C5 1E E4 42 D5 82 96 42 00 00 E4 42
1787900449.677171,34680,1e76,12,D6 8E ED 42 A4 12 8F 42 00 00 E6 42
1787900449.678600,34680,1e77,12,42 A0 F6 42 84 E9 85 42 00 00 E8 42
1787900449.679978,34680,1e78,12,08 39 FF 42 88 CF 76 42 00 00 EA 42
1787900449.682156,34680,1e79,12,50 A2 03 43 83 EE 5F 42 00 00 EC 42
1787900449.683510,34680,1e7a,12,C8 57 07 43 9E 15 48 42 00 00 EE 42
1787900449.684906,34680,1e7b,12,4A B2 0A 43 89 3F 30 42 00 00 A0 41
1787900449.686321,34680,1e7c,12,4C AA 0D 43 4A 58 19 42 00 00 A8 41
1787900449.687770,34680,1e7d,12,4A 37 10 43 A6 50 04 42 00 00 B0 41
1787900449.689180,34680,1e7e,12,3C 53 12 43 EA F6 E3 41 00 00 B8 41
1787900449.690601,34680,1e7f,12,F8 F8 13 43 65 23 C6 41 00 00 C0 41
1787900449.691856,34680,1e80,12,C2 23 15 43 4A 60 B0 41 00 00 C8 41
1787900449.693199,34680,1e81,12,FC D0 15 43 14 85 A3 41 00 00 D0 41
1787900449.695047,34680,1e82,12,B4 FE 15 43 E9 18 A0 41 00 00 D8 41
1787900449.696476,34680,1e83,12,9B AC 15 43 F9 3B A6 41 00 00 E0 41
1787900449.697773,34680,1e84,12,58 DB 14 43 CA B2 B5 41 00 00 E8 41
1787900449.699187,34680,1e85,12,43 8D 13 43 C9 DA CD 41 00 00 F0 41
1787900449.700475,34680,1e86,12,4B C5 11 43 C7 C4 ED 41 00 00 F8 41
1787900449.702511,34680,1e87,12,8C 88 0F 43 A3 10 0A 42 00 00 00 42
1787900449.703717,34680,1e88,12,82 DC 0C 43 AE B6 1F 42 00 00 04 42
1787900449.705152,34680,1e89,12,7C C7 09 43 65 FB 36 42 00 00 08 42
1787900449.706545,34680,1e8a,12,54 52 06 43 2D EA 4E 42 00 00 0C 42
1787900449.707827,34680,1e8b,12,CD 84 02 43 0C 96 66 42 00 00 10 42
1787900449.709223,34680,1e8c,12,A4 D3 FC 42 2B 06 7D 42 00 00 14 42
1787900449.710654,34680,1e8d,12,9F 16 F4 42 B2 AC 88 42 00 00 18 42
1787900449.711936,34680,1e8e,12,6C E7 EA 42 6B 61 91 42 00 00 1C 42
1787900449.713371,34680,1e8f,12,63 60 E1 42 BC 45 98 42 00 00 20 42
1787900449.714629,34680,1e90,12,EE 96 D7 42 66 15 9D 42 00 00 24 42
1787900449.715909,34680,1e91,12,20 A7 CD 42 D6 9D 9F 42 00 00 28 42
1787900449.717316,34680,1e92,12,DF A8 C3 42 21 C6 9F 42 00 00 2C 42
1787900449.718672,34680,1e93,12,2B B4 B9 42 24 8C 9D 42 00 00 30 42
1787900449.719926,34680,1e94,12,94 E5 AF 42 46 07 99 42 00 00 34 42
1787900449.721237,34680,1e95,12,22 53 A6 42 48 64 92 42 00 00 38 42
1787900449.723029,34680,1e96,12,4E 18 9D 42 ED E8 89 42 00 00 3C 42
1787900449.724483,34680,1e97,12,2B 4B 94 42 B6 D5 7F 42 00 00 40 42
1787900449.725808,34680,1e98,12,F9 00 8C 42 66 9C 69 42 00 00 44 42
1787900449.727216,34680,1e99,12,80 51 84 42 8B 0F 52 42 00 00 48 42
1787900449.728521,34680,1e9a,12,0F 9C 7A 42 56 18 3A 42 00 00 4C 42
1787900449.729948,34680,1e9b,12,59 15 6E 42 B4 B2 22 42 00 00 50 42
1787900449.731245,34680,1e9c,12,99 2C 63 42 98 C9 0C 42 00 00 54 42
1787900449.732659,34680,1e9d,12,67 FC 59 42 59 73 F2 41 00 00 58 42
1787900449.734065,34680,1e9e,12,1E 9F 52 42 30 A1 D1 41 00 00 5C 42
1787900449.735422,34680,1e9f,12,4C 25 4D 42 B0 61 B8 41 00 00 60 42
1787900449.739001,34680,1ea0,12,A7 9E 49 42 45 BE A7 41 00 00 64 42
1787900449.742026,34680,1ea1,12,30 13 48 42 17 5C A0 41 00 00 68 42
1787900449.743216,34680,1ea2,12,16 87 48 42 8D 87 A2 41 00 00 6C 42
1787900449.747655,34680,1ea3,12,0B F9 4A 42 DA 29 AE 41 00 00 70 42
1787900449.749326,34680,1ea4,12,90 63 4F 42 C9 CF C2 41 00 00 74 42
1787900449.752789,34680,1ea5,12,FB B9 55 42 4B A0 DF 41 00 00 78 42
1787900449.757905,34680,1ea6,12,A1 EC 5D 42 FE BB 01 42 00 00 7C 42
1787900449.759744,34680,1ea7,12,3E E8 67 42 07 78 16 42 00 00 80 42
1787900449.761438,34680,1ea8,12,2F 90 73 42 4A 2A 2D 42 00 00 82 42
1787900449.764210,34680,1ea9,12,20 65 80 42 0A F2 44 42 00 00 84 42
1787900449.769717,34680,1eaa,12,42 B8 87 42 4B D5 5C 42 00 00 86 42
1787900449.770195,34680,1eab,12,B9 AF 8F 42 08 E4 73 42 00 00 88 42
1787900449.770823,34680,1eac,12,8A 38 98 42 18 9B 84 42 00 00 8A 42
1787900449.774854,34680,1ead,12,36 3A A1 42 D1 F5 8D 42 00 00 8C 42
1787900449.778705,34680,1eae,12,82 A0 AA 42 8F A5 95 42 00 00 8E 42
1787900449.784513,34680,1eaf,12,76 50 B4 42 84 59 9B 42 00 00 90 42
1787900449.788620,34680,1eb0,12,BD 32 BE 42 DB D8 9E 42 00 00 92 42
1787900449.790664,34680,1eb1,12,A4 2F C8 42 E5 FF 9F 42 00 00 94 42
1787900449.792201,34680,1eb2,12,83 2A D2 42 83 C2 9E 42 00 00 96 42
1787900449.793850,34680,1eb3,12,ED 0C DC 42 FD 2C 9B 42 00 00 98 42
1787900449.796542,34680,1eb4,12,85 BA E5 42 00 65 95 42 00 00 9A 42
1787900449.797907,34680,1eb5,12,1C 1C EF 42 24 A5 8D 42 00 00 9C 42
1787900449.798670,34680,1eb6,12,15 1B F8 42 E1 3A 84 42 00 00 9E 42
1787900449.804526,34680,1eb7,12,D0 4E 00 43 62 12 73 42 00 00 A0 42
1787900449.807880,34680,1eb8,12,50 48 04 43 F0 F3 5B 42 00 00 A2 42
1787900449.811377,34680,1eb9,12,A1 EE 07 43 74 0D 44 42 00 00 A4 42
1787900449.812080,34680,1eba,12,16 39 0B 43 3D 4F 2C 42 00 00 A6 42
1787900449.813656,34680,1ebb,12,AE 1F 0E 43 16 A8 15 42 00 00 A8 42
1787900449.816773,34680,1ebc,12,19 9A 10 43 23 06 01 42 00 00 AA 42
1787900449.818580,34680,1ebd,12,C4 A2 12 43 5E 6B DE 41 00 00 AC 42
1787900449.819028,34680,1ebe,12,DA 33 14 43 01 E4 C1 41 00 00 AE 42
1787900449.819710,34680,1ebf,12,B4 49 15 43 26 93 AD 41 00 00 B0 42
1787900449.823103,34680,1ec0,12,99 E1 15 43 03 47 A2 41 00 00 B2 42
1787900449.825003,34680,1ec1,12,D6 F9 15 43 5B 76 A0 41 00 00 B4 42
1787900449.826288,34680,1ec2,12,32 92 15 43 28 33 A8 41 00 00 B6 42
1787900449.829911,34680,1ec3,12,DA AB 14 43 12 2C B9 41 00 00 B8 42
1787900449.831635,34680,1ec4,12,12 49 13 43 6F B4 D2 41 00 00 BA 42
1787900449.832418,34680,1ec5,12,13 6D 11 43 7B CD F3 41 00 00 BC 42
1787900449.832952,34680,1ec6,12,32 1D 0F 43 A4 8D 0D 42 00 00 BE 42
1787900449.835940,34680,1ec7,12,A0 5E 0C 43 52 8C 23 42 00 00 C0 42
1787900449.837606,34680,1ec8,12,3E 39 09 43 92 FB 3A 42 00 00 C2 42
1787900449.838836,34680,1ec9,12,B2 B4 05 43 9D EF 52 42 00 00 C4 42
1787900449.840512,34680,1eca,12,59 D9 01 43 B0 77 6A 42 00 00 C6 42
1787900449.842532,34680,1ecb,12,86 64 FB 42 36 4E 80 42 00 00 C8 42
1787900449.844335,34680,1ecc,12,8D 91 F2 42 48 41 8A 42 00 00 CA 42
1787900449.845926,34680,1ecd,12,16 53 E9 42 76 AC 92 42 00 00 CC 42
1787900449.846469,34680,1ece,12,6D BF DF 42 87 3B 99 42 00 00 CE 42
1787900449.847382,34680,1ecf,12,80 ED D5 42 16 AC 9D 42 00 00 D0 42
1787900449.850188,34680,1ed0,12,7D F9 CB 42 79 CF 9F 42 00 00 D2 42
1787900449.852669,34680,1ed1,12,C0 F9 C1 42 82 90 9F 42 00 00 D4 42
1787900449.854246,34680,1ed2,12,FB 0A B8 42 C8 F1 9C 42 00 00 D6 42
1787900449.857971,34680,1ed3,12,01 45 AE 42 2A 0E 98 42 00 00 D8 42
1787900449.858720,34680,1ed4,12,5A BF A4 42 4C 16 91 42 00 00 DA 42
1787900449.859735,34680,1ed5,12,55 95 9B 42 6F 53 88 42 00 00 DC 42
1787900449.861285,34680,1ed6,12,8C DB 92 42 A6 38 7C 42 00 00 DE 42
1787900449.862433,34680,1ed7,12,07 AB 8A 42 B4 B8 65 42 00 00 E0 42
1787900449.864004,34680,1ed8,12,50 17 83 42 92 09 4E 42 00 00 E2 42
1787900449.865293,34680,1ed9,12,80 65 78 42 25 19 36 42 00 00 E4 42
1787900449.866581,34680,1eda,12,3B 22 6C 42 14 E3 1E 42 00 00 E6 42
1787900449.867908,34680,1edb,12,61 80 61 42 36 4D 09 42 00 00 E8 42
1787900449.869185,34680,1edc,12,72 9E 58 42 E2 74 EC 41 00 00 EA 42
1787900449.870539,34680,1edd,12,59 91 51 42 A6 D3 CC 41 00 00 EC 42
1787900449.871863,34680,1ede,12,76 6A 4C 42 4D F6 B4 41 00 00 EE 42
1787900449.873976,34680,1edf,12,90 38 49 42 B6 D7 A5 41 00 00 A0 41
1787900449.875331,34680,1ee0,12,D5 02 48 42 96 0D A0 41 00 00 A8 41
1787900449.876593,34680,1ee1,12,BE CC 48 42 CC D4 A3 41 00 00 B0 41
1787900449.877819,34680,1ee2,12,EF 93 4B 42 26 05 B1 41 00 00 B8 41
1787900449.879177,34680,1ee3,12,31 52 50 42 36 1C C7 41 00 00 C0 41
1787900449.880452,34680,1ee4,12,E9 F9 56 42 C3 31 E5 41 00 00 C8 41
1787900449.881707,34680,1ee5,12,23 7C 5F 42 F6 0D 05 42 00 00 D0 41
1787900449.883075,34680,1ee6,12,75 C0 69 42 50 2B 1A 42 00 00 D8 41
1787900449.884432,34680,1ee7,12,D0 AD 75 42 2E 1C 31 42 00 00 E0 41
1787900449.885761,34680,1ee8,12,F6 93 81 42 4C FA 48 42 00 00 E8 41
1787900449.886978,34680,1ee9,12,11 04 89 42 C2 CA 60 42 00 00 F0 41
1787900449.888292,34680,1eea,12,81 16 91 42 C3 A1 77 42 00 00 F8 41
1787900449.889636,34680,1eeb,12,1E B4 99 42 9A 47 86 42 00 00 00 42
1787900449.890976,34680,1eec,12,17 C8 A2 42 A3 60 8F 42 00 00 04 42
1787900449.892271,34680,1eed,12,B8 3C AC 42 2F C0 96 42 00 00 08 42
1787900449.893616,34680,1eee,12,E1 F6 B5 42 BA 18 9C 42 00 00 0C 42
1787900449.894955,34680,1eef,12,B4 E0 BF 42 56 35 9F 42 00 00 10 42
1787900449.896297,34680,1ef0,12,C2 DD C9 42 4D F5 9F 42 00 00 14 42
1787900449.897635,34680,1ef1,12,0A D6 D3 42 A2 51 9E 42 00 00 18 42
1787900449.898851,34680,1ef2,12,97 B1 DD 42 44 5A 9A 42 00 00 1C 42
1787900449.900190,34680,1ef3,12,1F 54 E7 42 E4 38 94 42 00 00 20 42
1787900449.901376,34680,1ef4,12,FD A7 F0 42 35 2A 8C 42 00 00 24 42
1787900449.902617,34680,1ef5,12,6E 92 F9 42 EC 82 82 42 00 00 28 42
1787900449.903832,34680,1ef6,12,11 FF 00 43 C9 48 6F 42 00 00 2C 42
1787900449.905129,34680,1ef7,12,60 EB 04 43 46 F7 57 42 00 00 30 42
1787900449.906440,34680,1ef8,12,E1 82 08 43 6F 06 40 42 00 00 34 42
1787900449.907675,34680,1ef9,12,84 BD 0B 43 54 63 28 42 00 00 38 42
1787900449.909130,34680,1efa,12,05 92 0E 43 70 06 12 42 00 00 3C 42
1787900449.910485,34680,1efb,12,B0 F9 10 43 48 A0 FB 41 00 00 40 42
1787900449.911700,34680,1efc,12,A3 EE 12 43 64 18 D9 41 00 00 44 42
1787900449.913058,34680,1efd,12,42 6B 14 43 31 E0 BD 41 00 00 48 42
1787900449.914402,34680,1efe,12,36 6C 15 43 36 05 AB 41 00 00 4C 42
1787900449.915646,34680,1eff,12,9C EE 15 43 AA 4D A1 41 00 00 50 42
1787900449.917034,34680,1f00,12,5A F1 15 43 0C 19 A1 41 00 00 54 42
1787900449.918369,34680,1f01,12,4C 74 15 43 A6 6B AA 41 00 00 58 42
1787900449.919737,34680,1f02,12,D8 78 14 43 75 E3 BC 41 00 00 5C 42
1787900449.921067,34680,1f03,12,33 01 13 43 9C C9 D7 41 00 00 60 42
1787900449.922391,34680,1f04,12,92 11 11 43 56 03 FA 41 00 00 64 42
1787900449.923687,34680,1f05,12,B8 AE 0E 43 89 1B 11 42 00 00 68 42
1787900449.924947,34680,1f06,12,47 DE 0B 43 F8 68 27 42 00 00 6C 42
1787900449.926266,34680,1f07,12,50 A8 08 43 83 FF 3E 42 00 00 70 42
1787900449.927607,34680,1f08,12,0A 14 05 43 9B F5 56 42 00 00 74 42
1787900449.928861,34680,1f09,12,BC 2B 01 43 5C 4F 6E 42 00 00 78 42
1787900449.930082,34680,1f0a,12,B1 F1 F9 42 29 11 82 42 00 00 7C 42
1787900449.931472,34680,1f0b,12,CE 0A F1 42 54 C9 8B 42 00 00 80 42
1787900449.932707,34680,1f0c,12,58 BC E7 42 04 EA 93 42 00 00 82 42
1787900449.933930,34680,1f0d,12,39 1B DE 42 BE 22 9A 42 00 00 84 42
1787900449.935141,34680,1f0e,12,11 43 D4 42 1B 32 9E 42 00 00 86 42
1787900449.936483,34680,1f0f,12,8F 4B CA 42 D1 EF 9F 42 00 00 88 42
1787900449.937853,34680,1f10,12,A1 4C C0 42 D4 49 9F 42 00 00 8A 42
1787900449.939186,34680,1f11,12,F2 62 B6 42 F5 46 9C 42 00 00 8C 42
1787900449.940501,34680,1f12,12,CA A4 AC 42 05 05 97 42 00 00 8E 42
1787900449.941821,34680,1f13,12,1D 2E A3 42 48 BB 8F 42 00 00 90 42
1787900449.943001,34680,1f14,12,92 15 9A 42 71 B3 86 42 00 00 92 42
1787900449.944252,34680,1f15,12,1C 71 91 42 CF 8F 78 42 00 00 94 42
1787900449.945536,34680,1f16,12,85 59 89 42 6B CC 61 42 00 00 96 42
1787900449.946886,34680,1f17,12,FC E0 81 42 1B FE 49 42 00 00 98 42
1787900449.948229,34680,1f18,12,E5 39 76 42 22 1F 32 42 00 00 9A 42
1787900449.949436,34680,1f19,12,F4 3A 6A 42 57 1F 1B 42 00 00 9C 42
1787900449.950697,34680,1f1a,12,58 E2 5F 42 36 E6 05 42 00 00 9E 42
1787900449.951930,34680,1f1b,12,BE 4D 57 42 B2 A5 E6 41 00 00 A0 42
1787900449.953183,34680,1f1c,12,6F 90 50 42 60 3A C8 41 00 00 A2 42
1787900449.954528,34680,1f1d,12,C1 BD 4B 42 3A CA B1 41 00 00 A4 42
1787900449.955761,34680,1f1e,12,D6 E0 48 42 D6 34 A4 41 00 00 A6 42
1787900449.957076,34680,1f1f,12,03 01 48 42 DB 04 A0 41 00 00 A8 42
1787900449.958419,34680,1f20,12,CB 20 49 42 4F 66 A5 41 00 00 AA 42
1787900449.959703,34680,1f21,12,A8 3D 4C 42 E9 23 B4 41 00 00 AC 42
1787900449.961068,34680,1f22,12,AC 4E 51 42 B5 A2 CB 41 00 00 AE 42
1787900449.962396,34680,1f23,12,36 47 58 42 9B F4 EA 41 00 00 B0 42
1787900449.963717,34680,1f24,12,FA 16 61 42 3E 70 08 42 00 00 B2 42
1787900449.964970,34680,1f25,12,B0 A4 6B 42 D8 EB 1D 42 00 00 B4 42
1787900449.966311,34680,1f26,12,9F D8 77 42 64 18 35 42 00 00 B6 42
1787900449.967630,34680,1f27,12,E3 C7 82 42 45 02 4D 42 00 00 B8 42
1787900449.968853,34680,1f28,12,6E 54 8A 42 0F B9 64 42 00 00 BA 42
1787900449.970031,34680,1f29,12,F6 7F 92 42 3C 4E 7B 42 00 00 BC 42
1787900449.971385,34680,1f2a,12,0A 33 9B 42 34 EA 87 42 00 00 BE 42
1787900449.972730,34680,1f2b,12,1E 5A A4 42 2C C0 90 42 00 00 C0 42
1787900449.973953,34680,1f2c,12,F0 DA AD 42 23 CC 97 42 00 00 C2 42
1787900449.975215,34680,1f2d,12,9A 9E B7 42 B9 C7 9C 42 00 00 C4 42
1787900449.976563,34680,1f2e,12,B3 8D C1 42 56 80 9F 42 00 00 C6 42
1787900449.978329,34680,1f2f,12,BD 8B CB 42 60 D9 9F 42 00 00 C8 42
1787900449.979602,34680,1f30,12,43 82 D5 42 65 CF 9D 42 00 00 CA 42
1787900449.981503,34680,1f31,12,AF 54 DF 42 D4 77 99 42 00 00 CC 42
1787900449.983370,34680,1f32,12,76 EB E8 42 D7 FE 92 42 00 00 CE 42
1787900449.986375,34680,1f33,12,7E 2F F2 42 04 A5 8A 42 00 00 D0 42
1787900449.987731,34680,1f34,12,31 06 FB 42 26 C2 80 42 00 00 D2 42
1787900449.989161,34680,1f35,12,DA AD 01 43 40 70 6B 42 00 00 D4 42
1787900449.990504,34680,1f36,12,0E 8C 05 43 FD F5 53 42 00 00 D6 42
1787900449.991806,34680,1f37,12,7E 14 09 43 B8 01 3C 42 00 00 D8 42
1787900449.993117,34680,1f38,12,98 3E 0C 43 34 84 24 42 00 00 DA 42
1787900449.994520,34680,1f39,12,48 01 0F 43 64 74 0E 42 00 00 DC 42
1787900449.995787,34680,1f3a,12,5A 56 11 43 73 59 F5 41 00 00 DE 42
1787900449.997081,34680,1f3b,12,1D 37 13 43 48 FA D3 41 00 00 E0 42
1787900449.998493,34680,1f3c,12,2A 9F 14 43 1F 19 BA 41 00 00 E2 42
1787900449.999791,34680,1f3d,12,02 8B 15 43 F5 BB A8 41 00 00 E4 42
1787900450.001269,34680,1f3e,12,03 F8 15 43 51 99 A0 41 00 00 E6 42
1787900450.002667,34680,1f3f,12,36 E5 15 43 C5 01 A2 41 00 00 E8 42
1787900450.003938,34680,1f40,12,D3 52 15 43 80 E6 AC 41 00 00 EA 42
1787900450.005399,34680,1f41,12,55 42 14 43 DE D7 C0 41 00 00 EC 42
1787900450.006806,34680,1f42,12,2E B6 12 43 6D 0F DD 41 00 00 EE 42
1787900450.008203,34680,1f43,12,D0 B2 10 43 46 32 00 42 00 00 A0 41
1787900450.009658,34680,1f44,12,BF 3C 0E 43 B1 BC 14 42 00 00 A8 41
1787900450.010966,34680,1f45,12,0C 5B 0B 43 09 4F 2B 42 00 00 B0 41
1787900450.013107,34680,1f46,12,BB 14 08 43 0E 06 43 42 00 00 B8 41
1787900450.014392,34680,1f47,12,93 71 04 43 8B F3 5A 42 00 00 C0 41
1787900450.015666,34680,1f48,12,03 7C 00 43 F6 1B 72 42 00 00 C8 41
1787900450.017066,34680,1f49,12,E2 79 F8 42 01 CD 83 42 00 00 D0 41
1787900450.018374,34680,1f4a,12,18 81 EF 42 E0 45 8D 42 00 00 D8 41
1787900450.024255,34680,1f4b,12,4F 23 E6 42 B8 19 95 42 00 00 E0 41
1787900450.025645,34680,1f4c,12,F1 76 DC 42 72 F9 9A 42 00 00 E8 41
1787900450.027076,34680,1f4d,12,BF 97 D2 42 4D A7 9E 42 00 00 F0 41
1787900450.028381,34680,1f4e,12,E7 9B C8 42 DC FE 9F 42 00 00 F8 41
1787900450.029775,34680,1f4f,12,0F A0 BE 42 04 F2 9E 42 00 00 00 42
1787900450.031174,34680,1f50,12,2F BC B4 42 DE 8B 9B 42 00 00 04 42
1787900450.032465,34680,1f51,12,10 08 AB 42 0F EE 95 42 00 00 08 42
1787900450.034371,34680,1f52,12,8A 9F A1 42 9F 53 8E 42 00 00 0C 42
1787900450.035677,34680,1f53,12,C1 97 98 42 DA 07 85 42 00 00 10 42
1787900450.037082,34680,1f54,12,9D 0A 90 42 EE D8 74 42 00 00 14 42
1787900450.038447,34680,1f55,12,89 0C 88 42 AC D8 5D 42 00 00 18 42
1787900450.039915,34680,1f56,12,DD B0 80 42 D0 F5 45 42 00 00 1C 42
1787900450.041274,34680,1f57,12,68 19 74 42 72 2B 2E 42 00 00 20 42
1787900450.042676,34680,1f58,12,F5 5D 68 42 24 65 17 42 00 00 24 42
1787900450.043972,34680,1f59,12,0A 51 5E 42 52 92 02 42 00 00 28 42
1787900450.045367,34680,1f5a,12,64 0A 56 42 77 07 E1 41 00 00 2C 42
1787900450.046976,34680,1f5b,12,50 9E 4F 42 36 DF C3 41 00 00 30 42
1787900450.048369,34680,1f5c,12,3D 1F 4B 42 65 DE AE 41 00 00 34 42
1787900450.049766,34680,1f5d,12,43 97 48 42 FA D4 A2 41 00 00 38 42
1787900450.051124,34680,1f5e,12,A6 0D 48 42 7F 41 A0 41 00 00 3C 42
1787900450.052536,34680,1f5f,12,39 83 49 42 A3 3B A7 41 00 00 40 42
1787900450.053891,34680,1f60,12,F2 F4 4C 42 74 7F B7 41 00 00 44 42
1787900450.055326,34680,1f61,12,EF 58 52 42 F8 61 D0 41 00 00 48 42
1787900450.056743,34680,1f62,12,13 A3 59 42 C8 EC F0 41 00 00 4C 42
1787900450.058143,34680,1f63,12,76 BE 62 42 E5 E4 0B 42 00 00 50 42
1787900450.059453,34680,1f64,12,CB 94 6D 42 8A B8 21 42 00 00 54 42
1787900450.061268,34680,1f65,12,70 0C 7A 42 62 16 39 42 00 00 58 42
1787900450.062681,34680,1f66,12,D0 00 84 42 CC 08 51 42 00 00 5C 42
1787900450.063943,34680,1f67,12,7F AA 8B 42 AA A2 68 42 00 00 60 42
1787900450.065333,34680,1f68,12,49 ED 93 42 E0 EB 7E 42 00 00 64 42
1787900450.066616,34680,1f69,12,34 B5 9C 42 6B 82 89 42 00 00 68 42
1787900450.068130,34680,1f6a,12,46 ED A5 42 78 11 92 42 00 00 6C 42
1787900450.069454,34680,1f6b,12,0C 7B AF 42 1E C9 98 42 00 00 70 42
1787900450.071610,34680,1f6c,12,0D 49 B9 42 D9 66 9D 42 00 00 74 42
1787900450.073018,34680,1f6d,12,29 3B C3 42 22 BA 9F 42 00 00 78 42
1787900450.074303,34680,1f6e,12,77 39 CD 42 26 AC 9F 42 00 00 7C 42
1787900450.075661,34680,1f6f,12,F4 2B D7 42 E3 3C 9D 42 00 00 80 42
1787900450.077055,34680,1f70,12,18 F6 E0 42 F0 85 98 42 00 00 82 42
1787900450.078379,34680,1f71,12,E3 81 EA 42 FD B5 91 42 00 00 84 42
1787900450.079643,34680,1f72,12,F1 B3 F3 42 A7 14 89 42 00 00 86 42
1787900450.081058,34680,1f73,12,44 76 FC 42 1E F2 7D 42 00 00 88 42
1787900450.082453,34680,1f74,12,DB 59 02 43 03 91 67 42 00 00 8A 42
1787900450.083716,34680,1f75,12,50 2A 06 43 40 F1 4F 42 00 00 8C 42
1787900450.085047,34680,1f76,12,F0 A3 09 43 C0 FC 37 42 00 00 8E 42
1787900450.086451,34680,1f77,12,C3 BC 0C 43 57 AF 20 42 00 00 90 42
1787900450.087744,34680,1f78,12,70 6D 0F 43 FA F2 0A 42 00 00 92 42
1787900450.089833,34680,1f79,12,66 AF 11 43 37 45 EF 41 00 00 94 42
1787900450.091244,34680,1f7a,12,2D 7C 13 43 87 12 CF 41 00 00 96 42
1787900450.092661,34680,1f7b,12,B9 CF 14 43 B5 8C B6 41 00 00 98 42
1787900450.093972,34680,1f7c,12,3B A6 15 43 8C B5 A6 41 00 00 9A 42
1787900450.095629,34680,1f7d,12,CE FD 15 43 2D 2A A0 41 00 00 9C 42
1787900450.097028,34680,1f7e,12,81 D5 15 43 92 2E A3 41 00 00 9E 42
1787900450.098295,34680,1f7f,12,C9 2D 15 43 02 A3 AF 41 00 00 A0 42
1787900450.099692,34680,1f80,12,1E 08 14 43 2A 0C C5 41 00 00 A2 42
1787900450.100980,34680,1f81,12,CA 67 12 43 F7 88 E2 41 00 00 A4 42
1787900450.102451,34680,1f82,12,D2 50 10 43 A4 77 03 42 00 00 A6 42
1787900450.103723,34680,1f83,12,20 C8 0D 43 55 69 18 42 00 00 A8 42
1787900450.105117,34680,1f84,12,F9 D4 0A 43 66 3D 2F 42 00 00 AA 42
1787900450.106503,34680,1f85,12,FE 7D 07 43 CA 11 47 42 00 00 AC 42
1787900450.107790,34680,1f86,12,C3 CC 03 43 01 EC 5E 42 00 00 AE 42
1787900450.109351,34680,1f87,12,76 94 FF 42 64 DC 75 42 00 00 B0 42
1787900450.110751,34680,1f88,12,EE FF F6 42 09 7E 85 42 00 00 B2 42
1787900450.112051,34680,1f89,12,88 F4 ED 42 7C B6 8E 42 00 00 B4 42
1787900450.113441,34680,1f8a,12,99 86 E4 42 40 3C 96 42 00 00 B6 42
1787900450.114735,34680,1f8b,12,2F D1 DA 42 41 C0 9B 42 00 00 B8 42
1787900450.117834,34680,1f8c,12,A9 EB D0 42 8B 0B 9F 42 00 00 BA 42
1787900450.119135,34680,1f8d,12,C4 ED C6 42 7A FC 9F 42 00 00 BC 42
1787900450.120538,34680,1f8e,12,2B F4 BC 42 28 89 9E 42 00 00 BE 42
1787900450.121824,34680,1f8f,12,49 15 B3 42 F4 BF 9A 42 00 00 C0 42
1787900450.124386,34680,1f90,12,6E 6D A9 42 AA C8 94 42 00 00 C2 42
1787900450.125803,34680,1f91,12,BC 13 A0 42 BA DF 8C 42 00 00 C4 42
1787900450.127199,34680,1f92,12,C0 1E 97 42 3E 54 83 42 00 00 C6 42
1787900450.128543,34680,1f93,12,29 A8 8E 42 17 15 71 42 00 00 C8 42
1787900450.130100,34680,1f94,12,FE C2 86 42 E8 DA 59 42 00 00 CA 42
1787900450.131500,34680,1f95,12,C9 0B 7F 42 1B EE 41 42 00 00 CC 42
1787900450.132893,34680,1f96,12,2E 04 72 42 39 3F 2A 42 00 00 CE 42
1787900450.134288,34680,1f97,12,D2 8E 66 42 7A BC 13 42 00 00 D0 42
1787900450.135620,34680,1f98,12,93 CC 5C 42 00 A5 FE 41 00 00 D2 42
1787900450.137030,34680,1f99,12,61 D3 54 42 DD 96 DB 41 00 00 D4 42
1787900450.138402,34680,1f9a,12,19 BA 4E 42 0F BF BF 41 00 00 D6 42
1787900450.139709,34680,1f9b,12,F2 8E 4A 42 A3 33 AC 41 00 00 D8 42
1787900450.141061,34680,1f9c,12,64 5C 48 42 12 BB A1 41 00 00 DA 42
1787900450.142328,34680,1f9d,12,BB 28 48 42 70 C3 A0 41 00 00 DC 42
1787900450.143674,34680,1f9e,12,6E F4 49 42 52 56 A9 41 00 00 DE 42
1787900450.144960,34680,1f9f,12,54 BA 4D 42 95 19 BB 41 00 00 E0 42
1787900450.146314,34680,1fa0,12,E7 70 53 42 9F 58 D5 41 00 00 E2 42
1787900450.147649,34680,1fa1,12,E3 0A 5B 42 7D 0D F7 41 00 00 E4 42
1787900450.148980,34680,1fa2,12,77 72 64 42 ED 6A 0F 42 00 00 E6 42
1787900450.150615,34680,1fa3,12,81 92 6F 42 E4 93 25 42 00 00 E8 42
1787900450.151882,34680,1fa4,12,17 4B 7C 42 B0 18 3D 42 00 00 EA 42
1787900450.153311,34680,1fa5,12,A8 3E 85 42 B7 0C 55 42 00 00 EC 42
1787900450.154699,34680,1fa6,12,B1 03 8D 42 31 7F 6C 42 00 00 EE 42
1787900450.155977,34680,1fa7,12,5F 5E 95 42 D2 3C 81 42 00 00 A0 41
1787900450.159303,34680,1fa8,12,EA 3B 9E 42 37 11 8B 42 00 00 A8 41
1787900450.160578,34680,1fa9,12,E4 82 A7 42 74 55 93 42 00 00 B0 41
1787900450.161993,34680,1faa,12,ED 1C B1 42 D7 B6 99 42 00 00 B8 41
1787900450.163289,34680,1fab,12,06 F3 BA 42 C6 F4 9D 42 00 00 C0 41
1787900450.165156,34680,1fac,12,F8 E8 C4 42 AB E2 9F 42 00 00 C8 41
1787900450.166484,34680,1fad,12,5F E8 CE 42 6A 6D 9F 42 00 00 D0 41
1787900450.167753,34680,1fae,12,8D D4 D8 42 D5 99 9C 42 00 00 D8 41
1787900450.169143,34680,1faf,12,B4 95 E2 42 DD 84 97 42 00 00 E0 41
1787900450.170407,34680,1fb0,12,58 14 EC 42 18 61 90 42 00 00 E8 41
1787900450.171682,34680,1fb1,12,3D 35 F5 42 92 79 87 42 00 00 F0 41
1787900450.173003,34680,1fb2,12,DE E3 FD 42 F1 4C 7A 42 00 00 F8 41
1787900450.174395,34680,1fb3,12,AA 03 03 43 A7 A8 63 42 00 00 00 42
1787900450.175710,34680,1fb4,12,1A C6 06 43 37 EA 4B 42 00 00 04 42
1787900450.176980,34680,1fb5,12,24 30 0A 43 26 00 34 42 00 00 08 42
1787900450.178297,34680,1fb6,12,FD 37 0D 43 D6 E5 1C 42 00 00 0C 42
1787900450.179796,34680,1fb7,12,D4 D6 0F 43 0D 80 07 42 00 00 10 42
1787900450.182773,34680,1fb8,12,26 05 12 43 72 5F E9 41 00 00 14 42
1787900450.184088,34680,1fb9,12,CF BD 13 43 8A 62 CA 41 00 00 18 42
1787900450.185475,34680,1fba,12,92 FC 14 43 8E 42 B3 41 00 00 1C 42
1787900450.186920,34680,1fbb,12,DC BD 15 43 95 F2 A4 41 00 00 20 42
1787900450.188269,34680,1fbc,12,FC FF 15 43 57 00 A0 41 00 00 24 42
1787900450.189665,34680,1fbd,12,32 C2 15 43 D4 9F A4 41 00 00 28 42
1787900450.190955,34680,1fbe,12,31 05 15 43 5E A0 B2 41 00 00 2C 42
1787900450.193326,34680,1fbf,12,A2 CA 13 43 58 77 C9 41 00 00 30 42
1787900450.194751,34680,1fc0,12,0B 16 12 43 A7 34 E8 41 00 00 34 42
1787900450.196052,34680,1fc1,12,41 EB 0F 43 F6 D3 06 42 00 00 38 42
1787900450.197460,34680,1fc2,12,7C 50 0D 43 BA 23 1C 42 00 00 3C 42
1787900450.198928,34680,1fc3,12,18 4C 0A 43 EA 32 33 42 00 00 40 42
1787900450.200335,34680,1fc4,12,3A E5 06 43 0B 1A 4B 42 00 00 44 42
1787900450.201683,34680,1fc5,12,A7 25 03 43 D6 DD 62 42 00 00 48 42
1787900450.202948,34680,1fc6,12,92 2B FE 42 FA 92 79 42 00 00 4C 42
1787900450.204351,34680,1fc7,12,93 82 F5 42 62 25 87 42 00 00 50 42
1787900450.205870,34680,1fc8,12,38 65 EC 42 C1 1A 90 42 00 00 54 42
1787900450.207175,34680,1fc9,12,51 E9 E2 42 30 4F 97 42 00 00 58 42
1787900450.208566,34680,1fca,12,10 2A D9 42 F2 76 9C 42 00 00 5C 42
1787900450.209965,34680,1fcb,12,5F 3D CF 42 FC 5E 9F 42 00 00 60 42
1787900450.211224,34680,1fcc,12,B5 3F C5 42 C0 E8 9F 42 00 00 64 42
1787900450.213004,34680,1fcd,12,14 49 BB 42 62 0F 9E 42 00 00 68 42
1787900450.214408,34680,1fce,12,6E 71 B1 42 EC E4 99 42 00 00 6C 42
1787900450.215667,34680,1fcf,12,01 D5 A7 42 2A 95 93 42 00 00 70 42
1787900450.217055,34680,1fd0,12,66 89 9E 42 9B 5E 8B 42 00 00 74 42
1787900450.218359,34680,1fd1,12,47 A9 95 42 94 97 81 42 00 00 78 42
1787900450.220451,34680,1fd2,12,DA 49 8D 42 5F 45 6D 42 00 00 7C 42
1787900450.221748,34680,1fd3,12,5D 7F 85 42 AA DB 55 42 00 00 80 42
1787900450.223149,34680,1fd4,12,52 C0 7C 42 27 E8 3D 42 00 00 82 42
1787900450.224555,34680,1fd5,12,80 F8 6F 42 00 58 26 42 00 00 84 42
1787900450.225957,34680,1fd6,12,EE CB 64 42 EA 22 10 42 00 00 86 42
1787900450.227301,34680,1fd7,12,0F 55 5B 42 60 4F F8 41 00 00 88 42
1787900450.228746,34680,1fd8,12,0A AB 53 42 8D 5F D6 41 00 00 8A 42
1787900450.230150,34680,1fd9,12,D9 E3 4D 42 1B DB BB 41 00 00 8C 42
1787900450.231541,34680,1fda,12,7B 0C 4A 42 9C C8 A9 41 00 00 8E 42
1787900450.232945,34680,1fdb,12,F3 2F 48 42 0C E6 A0 41 00 00 90 42
1787900450.234344,34680,1fdc,12,43 52 48 42 8A 8A A1 41 00 00 92 42
1787900450.235643,34680,1fdd,12,91 73 4A 42 DB B1 AB 41 00 00 94 42
1787900450.237035,34680,1fde,12,C0 8D 4E 42 41 F1 BE 41 00 00 96 42
1787900450.238299,34680,1fdf,12,98 97 54 42 24 8A DA 41 00 00 98 42
1787900450.239707,34680,1fe0,12,C6 7F 5C 42 6A 5A FD 41 00 00 9A 42
1787900450.241121,34680,1fe1,12,DE 32 66 42 50 01 13 42 00 00 9C 42
1787900450.242485,34680,1fe2,12,FD 99 71 42 A4 75 29 42 00 00 9E 42
1787900450.243741,34680,1fe3,12,6D 94 7E 42 25 1E 41 42 00 00 A0 42
1787900450.245128,34680,1fe4,12,80 82 86 42 92 10 59 42 00 00 A2 42
1787900450.246432,34680,1fe5,12,27 61 8E 42 2C 51 70 42 00 00 A4 42
1787900450.247710,34680,1fe6,12,1E D3 96 42 40 FB 82 42 00 00 A6 42
1787900450.249109,34680,1fe7,12,3C C4 9F 42 42 93 8C 42 00 00 A8 42
1787900450.250366,34680,1fe8,12,DA 1A A9 42 C1 8B 94 42 00 00 AA 42
1787900450.251714,34680,1fe9,12,FC C1 B2 42 D0 95 9A 42 00 00 AC 42
1787900450.253028,34680,1fea,12,F1 9D BC 42 F3 71 9E 42 00 00 AE 42
1787900450.254729,34680,1feb,12,FF 96 C6 42 E4 F9 9F 42 00 00 B0 42
1787900450.255962,34680,1fec,12,37 95 D0 42 B3 1D 9F 42 00 00 B2 42
1787900450.259767,34680,1fed,12,EE 7B DA 42 6A E6 9B 42 00 00 B4 42
1787900450.262069,34680,1fee,12,E3 34 E4 42 E2 73 96 42 00 00 B6 42
1787900450.263389,34680,1fef,12,31 A4 ED 42 5E FF 8E 42 00 00 B8 42
1787900450.264826,34680,1ff0,12,44 B3 F6 42 3C D4 85 42 00 00 BA 42
1787900450.266224,34680,1ff1,12,3E 4C FF 42 93 9C 76 42 00 00 BC 42
1787900450.267722,34680,1ff2,12,3C AB 03 43 4B B8 5F 42 00 00 BE 42
1787900450.269418,34680,1ff3,12,EE 5F 07 43 4C DE 47 42 00 00 C0 42
1787900450.270849,34680,1ff4,12,95 B9 0A 43 52 09 30 42 00 00 C2 42
1787900450.272248,34680,1ff5,12,3C B0 0D 43 CC 28 19 42 00 00 C4 42
1787900450.273534,34680,1ff6,12,AA 3C 10 43 FF 22 04 42 00 00 C6 42
1787900450.274849,34680,1ff7,12,91 57 12 43 D7 A9 E3 41 00 00 C8 42
1787900450.276166,34680,1ff8,12,36 FC 13 43 A3 E7 C5 41 00 00 CA 42
1787900450.277556,34680,1ff9,12,E1 25 15 43 37 38 B0 41 00 00 CC 42
1787900450.278950,34680,1ffa,12,E6 D1 15 43 90 73 A3 41 00 00 CE 42
1787900450.280223,34680,1ffb,12,88 FE 15 43 28 1C A0 41 00 00 D0 42
1787900450.282342,34680,1ffc,12,49 AB 15 43 20 55 A6 41 00 00 D2 42
1787900450.283598,34680,1ffd,12,E3 D8 14 43 D9 E0 B5 41 00 00 D4 42
1787900450.284867,34680,1ffe,12,B2 89 13 43 E9 1B CE 41 00 00 D6 42
1787900450.286263,34680,1fff,12,F7 C0 11 43 D7 10 EE 41 00 00 D8 42
1787900450.287568,34680,2000,12,E0 82 0F 43 0B 40 0A 42 00 00 DA 42
1787900450.288976,34680,2001,12,DC D5 0C 43 CE EA 1F 42 00 00 DC 42
1787900450.290366,34680,2002,12,EE BF 09 43 29 32 37 42 00 00 DE 42
1787900450.291635,34680,2003,12,F1 49 06 43 66 21 4F 42 00 00 E0 42
1787900450.293038,34680,2004,12,4A 7C 02 43 E7 C7 66 42 00 00 E2 42
1787900450.294343,34680,2005,12,10 C0 FC 42 C5 37 7D 42 00 00 E4 42
1787900450.297772,34680,2006,12,EE 01 F4 42 92 C2 88 42 00 00 E6 42
1787900450.299783,34680,2007,12,D1 D1 EA 42 7E 73 91 42 00 00 E8 42
1787900450.301092,34680,2008,12,16 4A E1 42 4A 53 98 42 00 00 EA 42
1787900450.303145,34680,2009,12,B4 81 D7 42 52 1D 9D 42 00 00 EC 42
1787900450.304449,34680,200a,12,1D 90 CD 42 EF A0 9F 42 00 00 EE 42
1787900450.305723,34680,200b,12,D8 91 C3 42 B4 C3 9F 42 00 00 A0 41
1787900450.307029,34680,200c,12,5C 9D B9 42 4A 84 9D 42 00 00 A8 41
1787900450.308401,34680,200d,12,35 CF AF 42 50 FA 98 42 00 00 B0 41
1787900450.309792,34680,200e,12,E8 3E A6 42 EA 53 92 42 00 00 B8 41
1787900450.311152,34680,200f,12,7D 03 9D 42 79 D3 89 42 00 00 C0 41
1787900450.312573,34680,2010,12,72 37 94 42 B8 A4 7F 42 00 00 C8 41
1787900450.313844,34680,2011,12,8A EE 8B 42 48 67 69 42 00 00 D0 41
1787900450.315172,34680,2012,12,8A 40 84 42 6A D8 51 42 00 00 D8 41
1787900450.316796,34680,2013,12,80 7F 7A 42 1E E5 39 42 00 00 E0 41
1787900450.318208,34680,2014,12,4E FA 6D 42 25 7E 22 42 00 00 E8 41
1787900450.319562,34680,2015,12,6A 15 63 42 80 99 0C 42 00 00 F0 41
1787900450.320953,34680,2016,12,50 E9 59 42 F4 1F F2 41 00 00 F8 41
1787900450.322318,34680,2017,12,50 90 52 42 E5 5D D1 41 00 00 00 42
1787900450.323686,34680,2018,12,A1 1B 4D 42 7A 34 B8 41 00 00 04 42
1787900450.325007,34680,2019,12,D1 98 49 42 7D A2 A7 41 00 00 08 42
1787900450.326398,34680,201a,12,F3 11 48 42 23 56 A0 41 00 00 0C 42
1787900450.327706,34680,201b,12,74 8A 48 42 AC 97 A2 41 00 00 10 42
1787900450.329000,34680,201c,12,FB 00 4B 42 63 4F AE 41 00 00 14 42
1787900450.331383,34680,201d,12,27 6F 4F 42 5B 05 C3 41 00 00 18 42
1787900450.332372,34680,201e,12,C8 CA 55 42 65 EB DF 41 00 00 1C 42
1787900450.333815,34680,201f,12,A2 01 5E 42 DD E8 01 42 00 00 20 42
1787900450.335077,34680,2020,12,3E 01 68 42 6F AA 16 42 00 00 24 42
1787900450.336495,34680,2021,12,EC AC 73 42 38 60 2D 42 00 00 28 42
1787900450.337899,34680,2022,12,22 74 80 42 97 25 45 42 00 00 2C 42
1787900450.339323,34680,2023,12,EB C9 87 42 C3 0B 5D 42 00 00 30 42
1787900450.340715,34680,2024,12,C7 C2 8F 42 7F 17 74 42 00 00 34 42
1787900450.341976,34680,2025,12,CA 4C 98 42 4C B2 84 42 00 00 38 42
1787900450.343392,34680,2026,12,76 4F A1 42 92 09 8E 42 00 00 3C 42
1787900450.344824,34680,2027,12,0D B5 AA 42 05 B4 95 42 00 00 40 42
1787900450.346165,34680,2028,12,0F 67 B4 42 2C 64 9B 42 00 00 44 42
1787900450.347566,34680,2029,12,AE 49 BE 42 3A DE 9E 42 00 00 48 42
1787900450.348874,34680,202a,12,B1 46 C8 42 C4 FF 9F 42 00 00 4C 42
1787900450.350168,34680,202b,12,71 41 D2 42 E4 BC 9E 42 00 00 50 42
1787900450.351612,34680,202c,12,F9 21 DC 42 D7 22 9B 42 00 00 54 42
1787900450.352900,34680,202d,12,86 D0 E5 42 47 55 95 42 00 00 58 42
1787900450.354198,34680,202e,12,52 31 EF 42 36 91 8D 42 00 00 5C 42
1787900450.355589,34680,202f,12,49 2F F8 42 89 23 84 42 00 00 60 42
1787900450.356980,34680,2030,12,50 58 00 43 BC DE 72 42 00 00 64 42
1787900450.358384,34680,2031,12,83 50 04 43 15 C1 5B 42 00 00 68 42
1787900450.359626,34680,2032,12,A4 F6 07 43 2B D6 43 42 00 00 6C 42
1787900450.361030,34680,2033,12,3A 40 0B 43 6D 19 2C 42 00 00 70 42
1787900450.362433,34680,2034,12,E2 25 0E 43 E5 75 15 42 00 00 74 42
1787900450.363722,34680,2035,12,4E 9F 10 43 90 D9 00 42 00 00 78 42
1787900450.366025,34680,2036,12,A3 A6 12 43 0D 26 DE 41 00 00 7C 42
1787900450.367484,34680,2037,12,E9 36 14 43 68 AB C1 41 00 00 80 42
1787900450.368881,34680,2038,12,A3 4B 15 43 8F 6E AD 41 00 00 82 42
1787900450.370187,34680,2039,12,63 E2 15 43 E8 37 A2 41 00 00 84 42
1787900450.371603,34680,203a,12,79 F9 15 43 52 7D A0 41 00 00 86 42
1787900450.373028,34680,203b,12,CA 90 15 43 F8 4D A8 41 00 00 88 42
1787900450.374379,34680,203c,12,35 A9 14 43 7D 5D B9 41 00 00 8A 42
1787900450.375621,34680,203d,12,52 45 13 43 86 F8 D2 41 00 00 8C 42
1787900450.376978,34680,203e,12,41 68 11 43 8B 21 F4 41 00 00 8E 42
1787900450.378786,34680,203f,12,5A 17 0F 43 FA BD 0D 42 00 00 90 42
1787900450.380167,34680,2040,12,48 58 0C 43 77 BD 23 42 00 00 92 42
1787900450.381473,34680,2041,12,8C 31 09 43 92 32 3B 42 00 00 94 42
1787900450.382914,34680,2042,12,2E AC 05 43 B2 26 53 42 00 00 96 42
1787900450.384196,34680,2043,12,19 D0 01 43 A9 AC 6A 42 00 00 98 42
1787900450.385498,34680,2044,12,BF 50 FB 42 97 66 80 42 00 00 9A 42
1787900450.386917,34680,2045,12,1B 7E F2 42 22 55 8A 42 00 00 9C 42
1787900450.388294,34680,2046,12,5A 3D E9 42 D3 BD 92 42 00 00 9E 42
1787900450.389633,34680,2047,12,08 A9 DF 42 44 48 99 42 00 00 A0 42
1787900450.390891,34680,2048,12,AD D6 D5 42 B2 B3 9D 42 00 00 A2 42
1787900450.392549,34680,2049,12,75 E2 CB 42 A5 D1 9F 42 00 00 A4 42
1787900450.393984,34680,204a,12,4E E4 C1 42 62 8D 9F 42 00 00 A6 42
1787900450.395284,34680,204b,12,3A F4 B7 42 0A E9 9C 42 00 00 A8 42
1787900450.396706,34680,204c,12,BC 2E AE 42 63 00 98 42 00 00 AA 42
1787900450.397981,34680,204d,12,C9 A9 A4 42 08 04 91 42 00 00 AC 42
1787900450.401116,34680,204e,12,B0 80 9B 42 68 3D 88 42 00 00 AE 42
1787900450.402557,34680,204f,12,5A C9 92 42 33 0A 7C 42 00 00 B0 42
1787900450.403841,34680,2050,12,D4 98 8A 42 19 83 65 42 00 00 B2 42
1787900450.405250,34680,2051,12,9E 06 83 42 52 D2 4D 42 00 00 B4 42
1787900450.406631,34680,2052,12,72 47 78 42 74 E2 35 42 00 00 B6 42
1787900450.407955,34680,2053,12,D1 07 6C 42 20 AF 1E 42 00 00 B8 42
1787900450.409363,34680,2054,12,66 6B 61 42 43 21 09 42 00 00 BA 42
1787900450.410649,34680,2055,12,11 8C 58 42 FB 23 EC 41 00 00 BC 42
1787900450.411997,34680,2056,12,47 83 51 42 58 93 CC 41 00 00 BE 42
1787900450.413359,34680,2057,12,D9 60 4C 42 2C C9 B4 41 00 00 C0 42
1787900450.414891,34680,2058,12,7F 33 49 42 8C BF A5 41 00 00 C2 42
1787900450.417156,34680,2059,12,65 02 48 42 82 0B A0 41 00 00 C4 42
1787900450.419399,34680,205a,12,E1 D0 48 42 95 E8 A3 41 00 00 C6 42
1787900450.420741,34680,205b,12,A2 9C 4B 42 29 2E B1 41 00 00 C8 42
1787900450.422732,34680,205c,12,5E 5F 50 42 D3 58 C7 41 00 00 CA 42
1787900450.424068,34680,205d,12,6E 0B 57 42 8E 7F E5 41 00 00 CC 42
1787900450.425735,34680,205e,12,5C 90 5F 42 C8 38 05 42 00 00 CE 42
1787900450.428186,34680,205f,12,1A DA 69 42 74 5E 1A 42 00 00 D0 42
1787900450.429392,34680,2060,12,27 CB 75 42 7E 52 31 42 00 00 D2 42
1787900450.430742,34680,2061,12,56 A4 81 42 9D 31 49 42 00 00 D4 42
1787900450.432900,34680,2062,12,FA 15 89 42 E0 00 61 42 00 00 D6 42
1787900450.435200,34680,2063,12,77 28 91 42 14 D1 77 42 00 00 D8 42
1787900450.436701,34680,2064,12,8D C8 99 42 4A 5E 86 42 00 00 DA 42
1787900450.439205,34680,2065,12,7D DD A2 42 BB 73 8F 42 00 00 DC 42
1787900450.441371,34680,2066,12,DE 52 AC 42 EA CE 96 42 00 00 DE 42
1787900450.443105,34680,2067,12,8D 0D B6 42 84 22 9C 42 00 00 E0 42
1787900450.443465,34680,2068,12,1F F6 BF 42 7E 39 9F 42 00 00 E2 42
1787900450.444387,34680,2069,12,CE F4 C9 42 3E F4 9F 42 00 00 E4 42
1787900450.445704,34680,206a,12,ED EC D3 42 1C 4B 9E 42 00 00 E6 42
1787900450.447046,34680,206b,12,16 C8 DD 42 87 4E 9A 42 00 00 E8 42
1787900450.448528,34680,206c,12,02 6A E7 42 69 28 94 42 00 00 EA 42
1787900450.449906,34680,206d,12,9E BB F0 42 0A 17 8C 42 00 00 EC 42
1787900450.451264,34680,206e,12,71 A6 F9 42 18 6B 82 42 00 00 EE 42
1787900450.452642,34680,206f,12,74 08 01 43 80 14 6F 42 00 00 A0 41
1787900450.454092,34680,2070,12,0B F4 04 43 70 C0 57 42 00 00 A8 41
1787900450.455394,34680,2071,12,C0 8A 08 43 3E CF 3F 42 00 00 B0 41
1787900450.456820,34680,2072,12,09 C4 0B 43 98 31 28 42 00 00 B8 41
1787900450.458119,34680,2073,12,0F 98 0E 43 0E D5 11 42 00 00 C0 41
1787900450.459517,34680,2074,12,B8 FE 10 43 62 49 FB 41 00 00 C8 41
1787900450.461228,34680,2075,12,9B F2 12 43 D5 D0 D8 41 00 00 D0 41
1787900450.462624,34680,2076,12,21 6E 14 43 D2 AA BD 41 00 00 D8 41
1787900450.463920,34680,2077,12,D5 6D 15 43 66 E6 AA 41 00 00 E0 41
1787900450.465334,34680,2078,12,34 EF 15 43 3F 42 A1 41 00 00 E8 41
1787900450.466652,34680,2079,12,CC F0 15 43 B8 23 A1 41 00 00 F0 41
1787900450.468794,34680,207a,12,98 72 15 43 FD 8B AA 41 00 00 F8 41
1787900450.470228,34680,207b,12,03 76 14 43 2C 18 BD 41 00 00 00 42
1787900450.471662,34680,207c,12,88 FD 12 43 C9 0B D8 41 00 00 04 42
1787900450.473085,34680,207d,12,94 0C 11 43 C5 59 FA 41 00 00 08 42
1787900450.474505,34680,207e,12,B7 A8 0E 43 C0 4C 11 42 00 00 0C 42
1787900450.475759,34680,207f,12,52 D7 0B 43 38 9E 27 42 00 00 10 42
1787900450.477185,34680,2080,12,78 A0 08 43 AE 36 3F 42 00 00 14 42
1787900450.478595,34680,2081,12,FB 0B 05 43 C5 28 57 42 00 00 18 42
1787900450.479858,34680,2082,12,5F 22 01 43 C5 83 6E 42 00 00 1C 42
1787900450.481279,34680,2083,12,B8 DD F9 42 15 29 82 42 00 00 20 42
1787900450.483417,34680,2084,12,C9 F5 F0 42 04 DE 8B 42 00 00 24 42
1787900450.484775,34680,2085,12,7C A6 E7 42 A5 FA 93 42 00 00 28 42
1787900450.486211,34680,2086,12,44 06 DE 42 D8 2D 9A 42 00 00 2C 42
1787900450.487468,34680,2087,12,30 2C D4 42 D0 38 9E 42 00 00 30 42
1787900450.488911,34680,2088,12,84 34 CA 42 10 F1 9F 42 00 00 34 42
1787900450.490341,34680,2089,12,A6 35 C0 42 8F 45 9F 42 00 00 38 42
1787900450.491729,34680,208a,12,42 4C B6 42 58 3D 9C 42 00 00 3C 42
1787900450.493116,34680,208b,12,20 90 AC 42 6E F7 96 42 00 00 40 42
1787900450.494389,34680,208c,12,B0 18 A3 42 54 A8 8F 42 00 00 44 42
1787900450.495762,34680,208d,12,1A 01 9A 42 DD 9C 86 42 00 00 48 42
1787900450.497084,34680,208e,12,CC 5D 91 42 34 5D 78 42 00 00 4C 42
1787900450.498510,34680,208f,12,8F 47 89 42 62 96 61 42 00 00 50 42
1787900450.499756,34680,2090,12,AC D1 81 42 8B CA 49 42 00 00 54 42
1787900450.501097,34680,2091,12,6F 1C 76 42 C0 E8 31 42 00 00 58 42
1787900450.503872,34680,2092,12,2E 21 6A 42 0E EC 1A 42 00 00 5C 42
1787900450.505318,34680,2093,12,84 CC 5F 42 12 B8 05 42 00 00 60 42
1787900450.506736,34680,2094,12,14 3C 57 42 5F 57 E6 41 00 00 64 42
1787900450.508002,34680,2095,12,03 84 50 42 49 01 C8 41 00 00 68 42
1787900450.509598,34680,2096,12,E7 B4 4B 42 85 A0 B1 41 00 00 6C 42
1787900450.511011,34680,2097,12,8B DC 48 42 50 20 A4 41 00 00 70 42
1787900450.512386,34680,2098,12,52 01 48 42 59 06 A0 41 00 00 74 42
1787900450.513693,34680,2099,12,B4 25 49 42 BE 7D A5 41 00 00 78 42
1787900450.515031,34680,209a,12,7B 46 4C 42 59 4D B4 41 00 00 7C 42
1787900450.516500,34680,209b,12,97 5C 51 42 66 E2 CB 41 00 00 80 42
1787900450.517930,34680,209c,12,73 59 58 42 00 45 EB 41 00 00 82 42
1787900450.519230,34680,209d,12,59 2D 61 42 30 9F 08 42 00 00 84 42
1787900450.520643,34680,209e,12,F8 BE 6B 42 AA 1F 1E 42 00 00 86 42
1787900450.521926,34680,209f,12,86 F4 77 42 52 4B 35 42 00 00 88 42
1787900450.524020,34680,20a0,12,88 D8 82 42 8A 39 4D 42 00 00 8A 42
1787900450.525188,34680,20a1,12,94 66 8A 42 C2 EE 64 42 00 00 8C 42
1787900450.530324,34680,20a2,12,70 93 92 42 38 80 7B 42 00 00 8E 42
1787900450.539781,34680,20a3,12,A7 47 9B 42 58 00 88 42 00 00 90 42
1787900450.541191,34680,20a4,12,32 6E A4 42 54 D1 90 42 00 00 92 42
1787900450.542829,34680,20a5,12,30 F1 AD 42 13 DA 97 42 00 00 94 42
1787900450.543938,34680,20a6,12,57 B5 B7 42 A3 D0 9C 42 00 00 96 42
1787900450.545417,34680,20a7,12,B4 A4 C1 42 DF 83 9F 42 00 00 98 42
1787900450.546764,34680,20a8,12,C6 A2 CB 42 64 D7 9F 42 00 00 9A 42
1787900450.548131,34680,20a9,12,8D 97 D5 42 79 C8 9D 42 00 00 9C 42
1787900450.549443,34680,20aa,12,18 6B DF 42 42 6B 99 42 00 00 9E 42
1787900450.550765,34680,20ab,12,39 01 E9 42 A0 ED 92 42 00 00 A0 42
1787900450.552117,34680,20ac,12,62 44 F2 42 D8 8F 8A 42 00 00 A2 42
1787900450.553618,34680,20ad,12,02 1A FB 42 DC A9 80 42 00 00 A4 42
1787900450.556330,34680,20ae,12,7E B6 01 43 F8 3E 6B 42 00 00 A6 42
1787900450.557737,34680,20af,12,99 94 05 43 F1 BE 53 42 00 00 A8 42
1787900450.558904,34680,20b0,12,38 1C 09 43 AE CA 3B 42 00 00 AA 42
1787900450.560252,34680,20b1,12,6E 45 0C 43 60 4F 24 42 00 00 AC 42
1787900450.561641,34680,20b2,12,28 07 0F 43 DF 43 0E 42 00 00 AE 42
1787900450.562962,34680,20b3,12,E1 5A 11 43 A3 0A F5 41 00 00 B0 42
1787900450.564327,34680,20b4,12,E6 3A 13 43 9A B5 D3 41 00 00 B2 42
1787900450.565578,34680,20b5,12,D8 A1 14 43 09 E7 B9 41 00 00 B4 42
1787900450.566939,34680,20b6,12,8F 8C 15 43 7A 9E A8 41 00 00 B6 42
1787900450.568280,34680,20b7,12,6A F8 15 43 9B 91 A0 41 00 00 B8 42
1787900450.569499,34680,20b8,12,84 E4 15 43 2A 0F A2 41 00 00 BA 42
1787900450.570722,34680,20b9,12,EE 50 15 43 62 0A AD 41 00 00 BC 42
1787900450.571953,34680,20ba,12,50 3F 14 43 D2 0F C1 41 00 00 BE 42
1787900450.573333,34680,20bb,12,11 B2 12 43 3A 59 DD 41 00 00 C0 42
1787900450.574667,34680,20bc,12,A4 AD 10 43 A0 5E 00 42 00 00 C2 42
1787900450.575878,34680,20bd,12,FE 36 0E 43 56 EB 14 42 00 00 C4 42
1787900450.577193,34680,20be,12,EF 53 0B 43 C3 84 2B 42 00 00 C6 42
1787900450.578755,34680,20bf,12,C0 0C 08 43 54 3D 43 42 00 00 C8 42
1787900450.580012,34680,20c0,12,CD 68 04 43 29 2A 5B 42 00 00 CA 42
1787900450.581342,34680,20c1,12,8A 72 00 43 BF 4F 72 42 00 00 CC 42
1787900450.582614,34680,20c2,12,16 67 F8 42 DC E2 83 42 00 00 CE 42
1787900450.583807,34680,20c3,12,EB 6B EF 42 EE 59 8D 42 00 00 D0 42
1787900450.585161,34680,20c4,12,54 0D E6 42 98 29 95 42 00 00 D2 42
1787900450.586399,34680,20c5,12,61 60 DC 42 81 04 9B 42 00 00 D4 42
1787900450.587645,34680,20c6,12,D3 80 D2 42 1A AD 9E 42 00 00 D6 42
1787900450.588947,34680,20c7,12,6B 86 C8 42 27 FF 9F 42 00 00 D8 42
1787900450.590268,34680,20c8,12,1D 89 BE 42 D3 EC 9E 42 00 00 DA 42
1787900450.591749,34680,20c9,12,91 A5 B4 42 63 81 9B 42 00 00 DC 42
1787900450.592899,34680,20ca,12,01 F2 AA 42 B3 DE 95 42 00 00 DE 42
1787900450.594614,34680,20cb,12,42 8A A1 42 00 40 8E 42 00 00 E0 42
1787900450.595824,34680,20cc,12,D6 84 98 42 50 F2 84 42 00 00 E2 42
1787900450.597120,34680,20cd,12,84 F7 8F 42 9A A5 74 42 00 00 E4 42
1787900450.598325,34680,20ce,12,D2 FA 87 42 45 A2 5D 42 00 00 E6 42
1787900450.599699,34680,20cf,12,B6 A0 80 42 80 BE 45 42 00 00 E8 42
1787900450.601049,34680,20d0,12,8B FC 73 42 6F F5 2D 42 00 00 EA 42
1787900450.602228,34680,20d1,12,88 46 68 42 03 36 17 42 00 00 EC 42
1787900450.603602,34680,20d2,12,E5 3B 5E 42 3A 65 02 42 00 00 EE 42
1787900450.604801,34680,20d3,12,71 F9 55 42 CF BB E0 41 00 00 A0 41
1787900450.606596,34680,20d4,12,BB 91 4F 42 1D A5 C3 41 00 00 A8 41
1787900450.607812,34680,20d5,12,25 17 4B 42 26 B8 AE 41 00 00 B0 41
1787900450.609175,34680,20d6,12,FA 93 48 42 44 C5 A2 41 00 00 B8 41
1787900450.610514,34680,20d7,12,BB 0E 48 42 B4 46 A0 41 00 00 C0 41
1787900450.611666,34680,20d8,12,E7 88 49 42 B0 56 A7 41 00 00 C8 41
1787900450.612943,34680,20d9,12,2A FF 4C 42 4A AF B7 41 00 00 D0 41
1787900450.614290,34680,20da,12,97 67 52 42 AA A4 D0 41 00 00 D8 41
1787900450.615649,34680,20db,12,BD B4 59 42 11 3A F1 41 00 00 E0 41
1787900450.616898,34680,20dc,12,82 D5 62 42 CC 14 0C 42 00 00 E8 41
1787900450.618211,34680,20dd,12,B6 AF 6D 42 FB EC 21 42 00 00 F0 41
1787900450.619439,34680,20de,12,F5 2A 7A 42 47 4D 39 42 00 00 F8 41
1787900450.620681,34680,20df,12,B8 11 84 42 F5 3F 51 42 00 00 00 42
1787900450.622078,34680,20e0,12,A3 BB 8B 42 46 D4 68 42 00 00 04 42
1787900450.623272,34680,20e1,12,F8 00 94 42 09 1D 7F 42 00 00 08 42
1787900450.624499,34680,20e2,12,FC C9 9C 42 FE 97 89 42 00 00 0C 42
1787900450.625713,34680,20e3,12,F2 02 A6 42 2C 23 92 42 00 00 10 42
1787900450.627025,34680,20e4,12,65 91 AF 42 3F D6 98 42 00 00 14 42
1787900450.628276,34680,20e5,12,4E 5E B9 42 55 6E 9D 42 00 00 18 42
1787900450.629626,34680,20e6,12,2F 52 C3 42 BF BC 9F 42 00 00 1C 42
1787900450.630972,34680,20e7,12,7B 50 CD 42 3D A9 9F 42 00 00 20 42
1787900450.632178,34680,20e8,12,BC 42 D7 42 91 34 9D 42 00 00 24 42
1787900450.633690,34680,20e9,12,6A 0C E1 42 8C 78 98 42 00 00 28 42
1787900450.635134,34680,20ea,12,0D 96 EA 42 46 A5 91 42 00 00 2C 42
1787900450.636494,34680,20eb,12,AC C8 F3 42 E5 FE 88 42 00 00 30 42
1787900450.637826,34680,20ec,12,E2 89 FC 42 AE C0 7D 42 00 00 34 42
1787900450.639302,34680,20ed,12,02 63 02 43 A1 5B 67 42 00 00 38 42
1787900450.641912,34680,20ee,12,BA 32 06 43 0D BA 4F 42 00 00 3C 42
1787900450.643328,34680,20ef,12,02 AB 09 43 A6 C9 37 42 00 00 40 42
1787900450.644748,34680,20f0,12,71 C3 0C 43 17 7B 20 42 00 00 44 42
1787900450.646154,34680,20f1,12,25 73 0F 43 61 C3 0A 42 00 00 48 42
1787900450.647616,34680,20f2,12,14 B4 11 43 1F F3 EE 41 00 00 4C 42
1787900450.648948,34680,20f3,12,C8 7F 13 43 CC D0 CE 41 00 00 50 42
1787900450.650378,34680,20f4,12,0C D2 14 43 24 61 B6 41 00 00 54 42
1787900450.651704,34680,20f5,12,96 A7 15 43 AB 9B A6 41 00 00 58 42
1787900450.653006,34680,20f6,12,03 FE 15 43 2D 26 A0 41 00 00 5C 42
1787900450.654993,34680,20f7,12,90 D4 15 43 A0 40 A3 41 00 00 60 42
1787900450.656348,34680,20f8,12,B3 2B 15 43 62 CA AF 41 00 00 64 42
1787900450.657681,34680,20f9,12,20 05 14 43 49 43 C5 41 00 00 68 42
1787900450.659099,34680,20fa,12,7E 63 12 43 7F D5 E2 41 00 00 6C 42
1787900450.660358,34680,20fb,12,7B 4B 10 43 14 A5 03 42 00 00 70 42
1787900450.661683,34680,20fc,12,CB C1 0D 43 22 9C 18 42 00 00 74 42
1787900450.663113,34680,20fd,12,B6 CD 0A 43 89 73 2F 42 00 00 78 42
1787900450.664526,34680,20fe,12,6C 76 07 43 5B 45 47 42 00 00 7C 42
1787900450.665819,34680,20ff,12,DD C3 03 43 4B 22 5F 42 00 00 80 42
1787900450.667127,34680,2100,12,4C 81 FF 42 7E 0F 76 42 00 00 82 42
1787900450.668527,34680,2101,12,94 EB F6 42 F8 94 85 42 00 00 84 42
1787900450.669934,34680,2102,12,34 DF ED 42 E5 C9 8E 42 00 00 86 42
1787900450.671231,34680,2103,12,01 72 E4 42 55 4A 96 42 00 00 88 42
1787900450.672622,34680,2104,12,8B BA DA 42 74 CA 9B 42 00 00 8A 42
1787900450.673897,34680,2105,12,B3 D4 D0 42 6F 10 9F 42 00 00 8C 42
1787900450.676640,34680,2106,12,B8 D6 C6 42 DC FB 9F 42 00 00 8E 42
1787900450.678078,34680,2107,12,43 DD BC 42 10 83 9E 42 00 00 90 42
1787900450.679487,34680,2108,12,46 00 B3 42 63 B5 9A 42 00 00 92 42
1787900450.680910,34680,2109,12,7D 57 A9 42 8A B8 94 42 00 00 94 42
1787900450.682554,34680,210a,12,9C FE 9F 42 77 CB 8C 42 00 00 96 42
1787900450.683807,34680,210b,12,A5 0A 97 42 A4 3C 83 42 00 00 98 42
1787900450.685204,34680,210c,12,48 95 8E 42 19 E1 70 42 00 00 9A 42
1787900450.686603,34680,210d,12,B6 B2 86 42 E7 A7 59 42 00 00 9C 42
1787900450.687871,34680,210e,12,0A EC 7E 42 DC B6 41 42 00 00 9E 42
1787900450.689271,34680,210f,12,EE E7 71 42 A5 09 2A 42 00 00 A0 42
1787900450.690665,34680,2110,12,59 76 66 42 B3 8A 13 42 00 00 A2 42
1787900450.691925,34680,2111,12,1F B8 5C 42 05 4D FE 41 00 00 A4 42
1787900450.693320,34680,2112,12,41 C4 54 42 E9 52 DB 41 00 00 A6 42
1787900450.694644,34680,2113,12,43 AE 4E 42 27 88 BF 41 00 00 A8 42
1787900450.696424,34680,2114,12,9E 87 4A 42 E7 10 AC 41 00 00 AA 42
1787900450.697723,34680,2115,12,A4 59 48 42 E9 AD A1 41 00 00 AC 42
1787900450.699079,34680,2116,12,98 2A 48 42 5B CC A0 41 00 00 AE 42
1787900450.700493,34680,2117,12,70 FA 49 42 E5 72 A9 41 00 00 B0 42
1787900450.701774,34680,2118,12,4D C5 4D 42 BE 4C BB 41 00 00 B2 42
1787900450.703681,34680,2119,12,4A 80 53 42 3F 9E D5 41 00 00 B4 42
1787900450.715943,34680,211a,12,8A 1E 5B 42 D0 62 F7 41 00 00 B6 42
1787900450.720008,34680,211b,12,2E 8A 64 42 BB 9B 0F 42 00 00 B8 42
1787900450.730854,34680,211c,12,2E AC 6F 42 4E C5 25 42 00 00 BA 42
1787900450.731674,34680,211d,12,30 6A 7C 42 C8 4F 3D 42 00 00 BC 42
1787900450.743540,34680,211e,12,D2 4F 85 42 B3 43 55 42 00 00 BE 42
1787900450.745485,34680,211f,12,50 16 8D 42 E0 B3 6C 42 00 00 C0 42
1787900450.749043,34680,2120,12,40 72 95 42 F6 54 81 42 00 00 C2 42
1787900450.761045,34680,2121,12,70 4F 9E 42 C6 24 8B 42 00 00 C4 42
1787900450.764940,34680,2122,12,B1 98 A7 42 6E 66 93 42 00 00 C6 42
1787900450.769004,34680,2123,12,5D 33 B1 42 24 C3 99 42 00 00 C8 42
1787900450.782510,34680,2124,12,E1 09 BB 42 E9 FB 9D 42 00 00 CA 42
1787900450.785874,34680,2125,12,02 00 C5 42 5A E4 9F 42 00 00 CC 42
1787900450.796655,34680,2126,12,CE FD CE 42 D7 69 9F 42 00 00 CE 42
1787900450.799287,34680,2127,12,45 EB D8 42 A2 90 9C 42 00 00 D0 42
1787900450.800827,34680,2128,12,EB AB E2 42 AA 76 97 42 00 00 D2 42
1787900450.803042,34680,2129,12,D6 29 EC 42 76 4E 90 42 00 00 D4 42
1787900450.805413,34680,212a,12,CB 49 F5 42 40 63 87 42 00 00 D6 42
1787900450.807254,34680,212b,12,F6 F5 FD 42 1B 1E 7A 42 00 00 D8 42
1787900450.810743,34680,212c,12,B3 0C 03 43 D0 72 63 42 00 00 DA 42
1787900450.811918,34680,212d,12,61 CE 06 43 ED B2 4B 42 00 00 DC 42
1787900450.812575,34680,212e,12,94 37 0A 43 9C C9 33 42 00 00 DE 42
1787900450.813511,34680,212f,12,82 3E 0D 43 3B B2 1C 42 00 00 E0 42
1787900450.814111,34680,2130,12,FE DB 0F 43 96 54 07 42 00 00 E2 42
1787900450.814531,34680,2131,12,A6 09 12 43 E3 0F E9 41 00 00 E4 42
1787900450.814964,34680,2132,12,3A C1 13 43 D8 23 CA 41 00 00 E6 42
1787900450.815229,34680,2133,12,E0 FE 14 43 38 17 B3 41 00 00 E8 42
1787900450.815469,34680,2134,12,07 BF 15 43 54 DC A4 41 00 00 EA 42
1787900450.815680,34680,2135,12,FF FF 15 43 16 00 A0 41 00 00 EC 42
1787900450.815889,34680,2136,12,0E C1 15 43 8A B5 A4 41 00 00 EE 42
1787900450.817063,34680,2137,12,EA 02 15 43 32 CB B2 41 00 00 A0 41
1787900450.818302,34680,2138,12,3D C7 13 43 96 B5 C9 41 00 00 A8 41
1787900450.819595,34680,2139,12,91 11 12 43 D2 83 E8 41 00 00 B0 41
1787900450.820818,34680,213a,12,1E E6 0F 43 48 FF 06 42 00 00 B8 41
1787900450.822023,34680,213b,12,FE 49 0D 43 3D 57 1C 42 00 00 C0 41
1787900450.823298,34680,213c,12,AE 44 0A 43 68 69 33 42 00 00 C8 41
1787900450.824508,34680,213d,12,F8 DC 06 43 57 51 4B 42 00 00 D0 41
1787900450.825729,34680,213e,12,A2 1C 03 43 BD 13 63 42 00 00 D8 41
1787900450.827506,34680,213f,12,82 19 FE 42 EC C1 79 42 00 00 E0 41
1787900450.829010,34680,2140,12,0B 6E F5 42 C9 3B 87 42 00 00 E8 41
1787900450.830184,34680,2141,12,C0 4F EC 42 7C 2D 90 42 00 00 F0 41
1787900450.831481,34680,2142,12,1D D3 E2 42 81 5D 97 42 00 00 F8 41
1787900450.832692,34680,2143,12,5B 13 D9 42 47 80 9C 42 00 00 00 42
1787900450.833939,34680,2144,12,F0 27 CF 42 B0 62 9F 42 00 00 04 42
1787900450.835253,34680,2145,12,AB 28 C5 42 34 E7 9F 42 00 00 08 42
1787900450.836600,34680,2146,12,37 32 BB 42 62 08 9E 42 00 00 0C 42
1787900450.837911,34680,2147,12,FA 5A B1 42 BE D8 99 42 00 00 10 42
1787900450.839263,34680,2148,12,2F BF A7 42 4C 84 93 42 00 00 14 42
1787900450.840583,34680,2149,12,DA 75 9E 42 22 4B 8B 42 00 00 18 42
1787900450.841738,34680,214a,12,5E 95 95 42 82 7F 81 42 00 00 1C 42
1787900450.842953,34680,214b,12,33 37 8D 42 C6 10 6D 42 00 00 20 42
1787900450.844293,34680,214c,12,28 6E 85 42 B6 A4 55 42 00 00 24 42
1787900450.845626,34680,214d,12,24 A1 7C 42 09 B1 3D 42 00 00 28 42
1787900450.846855,34680,214e,12,BE DE 6F 42 84 26 26 42 00 00 2C 42
1787900450.848113,34680,214f,12,1E B4 64 42 FA F1 0F 42 00 00 30 42
1787900450.849486,34680,2150,12,4E 41 5B 42 B4 F9 F7 41 00 00 34 42
1787900450.850848,34680,2151,12,8B 9B 53 42 7F 19 D6 41 00 00 38 42
1787900450.852447,34680,2152,12,C4 D8 4D 42 75 A7 BB 41 00 00 3C 42
1787900450.853647,34680,2153,12,5D 06 4A 42 8C AB A9 41 00 00 40 42
1787900450.854950,34680,2154,12,FA 2D 48 42 94 DC A0 41 00 00 44 42
1787900450.856179,34680,2155,12,E5 54 48 42 28 97 A1 41 00 00 48 42
1787900450.857424,34680,2156,12,C8 7A 4A 42 11 D4 AB 41 00 00 4C 42
1787900450.858686,34680,2157,12,79 99 4E 42 AE 27 BF 41 00 00 50 42
1787900450.859936,34680,2158,12,9E A6 54 42 B4 CD DA 41 00 00 54 42
1787900450.861115,34680,2159,12,1F 94 5C 42 0E B2 FD 41 00 00 58 42
1787900450.862451,34680,215a,12,3E 4B 66 42 F7 32 13 42 00 00 5C 42
1787900450.863748,34680,215b,12,26 B6 71 42 26 AB 29 42 00 00 60 42
1787900450.865004,34680,215c,12,16 B4 7E 42 60 55 41 42 00 00 64 42
1787900450.866248,34680,215d,12,BE 92 86 42 9B 43 59 42 00 00 68 42
1787900450.867416,34680,215e,12,FF 73 8E 42 42 85 70 42 00 00 6C 42
1787900450.868899,34680,215f,12,31 E7 96 42 ED 12 83 42 00 00 70 42
1787900450.870225,34680,2160,12,57 D9 9F 42 9E A7 8C 42 00 00 74 42
1787900450.871445,34680,2161,12,C7 30 A9 42 FC 9B 94 42 00 00 78 42
1787900450.872697,34680,2162,12,FC D6 B2 42 7F A0 9A 42 00 00 7C 42
1787900450.873908,34680,2163,12,D7 B4 BC 42 2E 78 9E 42 00 00 80 42
1787900450.876135,34680,2164,12,0B AE C6 42 A6 FA 9F 42 00 00 82 42
1787900450.878069,34680,2165,12,2E AC D0 42 F2 18 9F 42 00 00 84 42
1787900450.881397,34680,2166,12,94 92 DA 42 58 DC 9B 42 00 00 86 42
1787900450.881763,34680,2167,12,7F 49 E4 42 E9 65 96 42 00 00 88 42
1787900450.882630,34680,2168,12,8B B9 ED 42 0F EC 8E 42 00 00 8A 42
1787900450.884035,34680,2169,12,A4 C7 F6 42 60 BD 85 42 00 00 8C 42
1787900450.888984,34680,216a,12,71 5F FF 42 94 69 76 42 00 00 8E 42
1787900450.891745,34680,216b,12,26 B4 03 43 0F 82 5F 42 00 00 90 42
1787900450.895167,34680,216c,12,85 67 07 43 BB AA 47 42 00 00 92 42
1787900450.897741,34680,216d,12,DF C0 0A 43 21 D3 2F 42 00 00 94 42
1787900450.898835,34680,216e,12,97 B6 0D 43 E3 F5 18 42 00 00 96 42
1787900450.900959,34680,216f,12,08 42 10 43 67 F5 03 42 00 00 98 42
1787900450.902233,34680,2170,12,E4 5B 12 43 EA 5C E3 41 00 00 9A 42
1787900450.908766,34680,2171,12,3A FF 13 43 14 B0 C5 41 00 00 9C 42
1787900450.909389,34680,2172,12,FE 27 15 43 53 10 B0 41 00 00 9E 42
1787900450.913023,34680,2173,12,DF D2 15 43 F7 60 A3 41 00 00 A0 42
1787900450.915908,34680,2174,12,5A FE 15 43 9C 1F A0 41 00 00 A2 42
1787900450.916556,34680,2175,12,F5 A9 15 43 78 6E A6 41 00 00 A4 42
1787900450.917466,34680,2176,12,97 D6 14 43 F4 0B B6 41 00 00 A6 42
1787900450.920491,34680,2177,12,1E 86 13 43 31 5D CE 41 00 00 A8 42
1787900450.922370,34680,2178,12,50 BC 11 43 91 62 EE 41 00 00 AA 42
1787900450.926210,34680,2179,12,32 7D 0F 43 80 6F 0A 42 00 00 AC 42
1787900450.929610,34680,217a,12,34 CF 0C 43 F6 1E 20 42 00 00 AE 42
1787900450.932269,34680,217b,12,E2 B8 09 43 3A 65 37 42 00 00 B0 42
1787900450.934418,34680,217c,12,8D 41 06 43 9E 58 4F 42 00 00 B2 42
1787900450.937018,34680,217d,12,27 73 02 43 5B FD 66 42 00 00 B4 42
1787900450.937822,34680,217e,12,7A AC FC 42 54 69 7D 42 00 00 B6 42
1787900450.943470,34680,217f,12,3A ED F3 42 6A D8 88 42 00 00 B8 42
1787900450.944277,34680,2180,12,AC BD EA 42 4F 84 91 42 00 00 BA 42
1787900450.947187,34680,2181,12,C9 33 E1 42 CE 60 98 42 00 00 BC 42
1787900450.949703,34680,2182,12,EE 6A D7 42 C5 25 9D 42 00 00 BE 42
1787900450.950690,34680,2183,12,19 79 CD 42 FB A3 9F 42 00 00 C0 42
1787900450.951498,34680,2184,12,D2 7A C3 42 3B C1 9F 42 00 00 C2 42
1787900450.952073,34680,2185,12,18 88 B9 42 ED 7C 9D 42 00 00 C4 42
1787900450.956101,34680,2186,12,D9 B8 AF 42 4E ED 98 42 00 00 C6 42
1787900450.958113,34680,2187,12,36 29 A6 42 51 42 92 42 00 00 C8 42
1787900450.959089,34680,2188,12,AF EE 9C 42 FC BD 89 42 00 00 CA 42
1787900450.960196,34680,2189,12,BB 23 94 42 B0 73 7F 42 00 00 CC 42
1787900450.961981,34680,218a,12,5E DD 8B 42 BD 35 69 42 00 00 CE 42
1787900450.964994,34680,218b,12,98 2F 84 42 47 A1 51 42 00 00 D0 42
1787900450.970693,34680,218c,12,E5 60 7A 42 30 AE 39 42 00 00 D2 42
1787900450.971494,34680,218d,12,4B DF 6D 42 9D 49 22 42 00 00 D4 42
1787900450.972886,34680,218e,12,45 FE 62 42 76 69 0C 42 00 00 D6 42
1787900450.974089,34680,218f,12,8E D7 59 42 54 D2 F1 41 00 00 D8 42
1787900450.975355,34680,2190,12,8D 81 52 42 C2 1A D1 41 00 00 DA 42
1787900450.977018,34680,2191,12,4D 11 4D 42 25 04 B8 41 00 00 DC 42
1787900450.978975,34680,2192,12,06 93 49 42 E7 86 A7 41 00 00 DE 42
1787900450.981176,34680,2193,12,C0 10 48 42 61 50 A0 41 00 00 E0 42
1787900450.983329,34680,2194,12,A1 8D 48 42 E1 A6 A2 41 00 00 E2 42
1787900450.984482,34680,2195,12,F6 08 4B 42 1D 75 AE 41 00 00 E4 42
1787900450.986044,34680,2196,12,A0 7B 4F 42 FD 3E C3 41 00 00 E6 42
1787900450.987355,34680,2197,12,A0 DB 55 42 A6 36 E0 41 00 00 E8 42
1787900450.988630,34680,2198,12,AC 16 5E 42 CB 15 02 42 00 00 EA 42
1787900450.989954,34680,2199,12,93 18 68 42 76 D9 16 42 00 00 EC 42
1787900450.991311,34680,219a,12,B0 C9 73 42 2B 96 2D 42 00 00 EE 42
1787900450.992938,34680,219b,12,3E 84 80 42 E5 5C 45 42 00 00 A0 41
1787900450.995247,34680,219c,12,98 DB 87 42 37 42 5D 42 00 00 A8 41
1787900450.996384,34680,219d,12,D8 D5 8F 42 ED 4A 74 42 00 00 B0 41
1787900450.998323,34680,219e,12,AE 5F 98 42 E8 C7 84 42 00 00 B8 41
1787900450.999641,34680,219f,12,B9 64 A1 42 4A 1D 8E 42 00 00 C0 41
1787900451.000959,34680,21a0,12,18 CB AA 42 7E C3 95 42 00 00 C8 41
1787900451.002339,34680,21a1,12,AA 7D B4 42 C8 6E 9B 42 00 00 D0 41
1787900451.004515,34680,21a2,12,9F 60 BE 42 8D E3 9E 42 00 00 D8 41
1787900451.005683,34680,21a3,12,2E 5C C8 42 9A FF 9F 42 00 00 E0 41
1787900451.007224,34680,21a4,12,5E 58 D2 42 3A B7 9E 42 00 00 E8 41
1787900451.008587,34680,21a5,12,8C 38 DC 42 E8 17 9B 42 00 00 F0 41
1787900451.009909,34680,21a6,12,86 E6 E5 42 84 45 95 42 00 00 F8 41
1787900451.011139,34680,21a7,12,86 46 EF 42 3F 7D 8D 42 00 00 00 42
1787900451.012363,34680,21a8,12,1C 42 F8 42 C0 0D 84 42 00 00 04 42
1787900451.013705,34680,21a9,12,CD 61 00 43 0C AB 72 42 00 00 08 42
1787900451.014987,34680,21aa,12,4E 59 04 43 82 8A 5B 42 00 00 0C 42
1787900451.016225,34680,21ab,12,A5 FE 07 43 E2 9E 43 42 00 00 10 42
1787900451.017536,34680,21ac,12,5D 47 0B 43 A2 E3 2B 42 00 00 14 42
1787900451.019017,34680,21ad,12,A9 2B 0E 43 24 47 15 42 00 00 18 42
1787900451.020251,34680,21ae,12,7F A4 10 43 0C AD 00 42 00 00 1C 42
1787900451.021604,34680,21af,12,C8 AA 12 43 D7 DB DD 41 00 00 20 42
1787900451.022929,34680,21b0,12,F6 39 14 43 FA 72 C1 41 00 00 24 42
1787900451.024342,34680,21b1,12,90 4D 15 43 28 4A AD 41 00 00 28 42
1787900451.025701,34680,21b2,12,1D E3 15 43 00 2A A2 41 00 00 2C 42
1787900451.027104,34680,21b3,12,19 F9 15 43 7C 84 A0 41 00 00 30 42
1787900451.028454,34680,21b4,12,44 8F 15 43 EB 6A A8 41 00 00 34 42
1787900451.029851,34680,21b5,12,8E A6 14 43 14 8F B9 41 00 00 38 42
1787900451.031140,34680,21b6,12,90 41 13 43 C6 3C D3 41 00 00 3C 42
1787900451.032478,34680,21b7,12,C0 63 11 43 06 70 F4 41 00 00 40 42
1787900451.033838,34680,21b8,12,80 11 0F 43 5D EE 0D 42 00 00 44 42
1787900451.035049,34680,21b9,12,79 51 0C 43 37 F2 23 42 00 00 48 42
1787900451.036436,34680,21ba,12,D7 29 09 43 94 69 3B 42 00 00 4C 42
1787900451.037744,34680,21bb,12,A8 A3 05 43 C5 5D 53 42 00 00 50 42
1787900451.039049,34680,21bc,12,78 C7 01 43 04 DE 6A 42 00 00 54 42
1787900451.040318,34680,21bd,12,F6 3C FB 42 F1 7E 80 42 00 00 58 42
1787900451.041632,34680,21be,12,3C 69 F2 42 65 6A 8A 42 00 00 5C 42
1787900451.042929,34680,21bf,12,9C 27 E9 42 26 CF 92 42 00 00 60 42
1787900451.044254,34680,21c0,12,A2 92 DF 42 F6 54 99 42 00 00 64 42
1787900451.045571,34680,21c1,12,65 C1 D5 42 BE BA 9D 42 00 00 68 42
1787900451.046792,34680,21c2,12,6C CB CB 42 C4 D3 9F 42 00 00 6C 42
1787900451.048180,34680,21c3,12,4D CD C1 42 FC 89 9F 42 00 00 70 42
1787900451.049533,34680,21c4,12,7B DD B7 42 42 E0 9C 42 00 00 74 42
1787900451.050856,34680,21c5,12,78 18 AE 42 92 F2 97 42 00 00 78 42
1787900451.052070,34680,21c6,12,B0 95 A4 42 F8 F2 90 42 00 00 7C 42
1787900451.053369,34680,21c7,12,0C 6C 9B 42 58 27 88 42 00 00 80 42
1787900451.055928,34680,21c8,12,D8 B5 92 42 55 D8 7B 42 00 00 82 42
1787900451.057292,34680,21c9,12,A5 86 8A 42 77 4D 65 42 00 00 84 42
1787900451.058653,34680,21ca,12,EF F5 82 42 11 9B 4D 42 00 00 86 42
1787900451.059843,34680,21cb,12,76 2B 78 42 7C AF 35 42 00 00 88 42
1787900451.061208,34680,21cc,12,71 ED 6B 42 35 7B 1E 42 00 00 8A 42
1787900451.062436,34680,21cd,12,ED 54 61 42 2B F2 08 42 00 00 8C 42
1787900451.063685,34680,21ce,12,BA 79 58 42 35 D3 EB 41 00 00 8E 42
1787900451.065027,34680,21cf,12,41 75 51 42 34 53 CC 41 00 00 90 42
1787900451.066348,34680,21d0,12,EC 57 4C 42 44 9F B4 41 00 00 92 42
1787900451.067514,34680,21d1,12,79 2E 49 42 93 A7 A5 41 00 00 94 42
1787900451.068781,34680,21d2,12,F9 01 48 42 76 09 A0 41 00 00 96 42
1787900451.070944,34680,21d3,12,10 D5 48 42 91 FC A3 41 00 00 98 42
1787900451.072274,34680,21d4,12,60 A5 4B 42 5C 57 B1 41 00 00 9A 42
1787900451.073505,34680,21d5,12,B1 6B 50 42 7C 91 C7 41 00 00 9C 42
1787900451.074864,34680,21d6,12,FE 1C 57 42 7D CD E5 41 00 00 9E 42
1787900451.076208,34680,21d7,12,15 A6 5F 42 C6 66 05 42 00 00 A0 42
1787900451.077392,34680,21d8,12,C7 F3 69 42 A3 91 1A 42 00 00 A2 42
1787900451.078758,34680,21d9,12,85 E8 75 42 D2 88 31 42 00 00 A4 42
1787900451.079931,34680,21da,12,9C B3 81 42 2D 65 49 42 00 00 A6 42
1787900451.081161,34680,21db,12,E6 27 89 42 F8 36 61 42 00 00 A8 42
1787900451.082816,34680,21dc,12,BF 3B 91 42 CB 03 78 42 00 00 AA 42
1787900451.084077,34680,21dd,12,FF DC 99 42 F2 74 86 42 00 00 AC 42
1787900451.085412,34680,21de,12,E5 F2 A2 42 C9 86 8F 42 00 00 AE 42
1787900451.086633,34680,21df,12,84 67 AC 42 9D DC 96 42 00 00 B0 42
1787900451.087808,34680,21e0,12,3A 24 B6 42 43 2C 9C 42 00 00 B2 42
1787900451.089110,34680,21e1,12,18 0D C0 42 E6 3D 9F 42 00 00 B4 42
1787900451.090387,34680,21e2,12,D9 0B CA 42 23 F3 9F 42 00 00 B6 42
1787900451.091744,34680,21e3,12,D0 03 D4 42 89 44 9E 42 00 00 B8 42
1787900451.093121,34680,21e4,12,0E DD DD 42 8C 43 9A 42 00 00 BA 42
1787900451.094473,34680,21e5,12,E3 7F E7 42 E4 17 94 42 00 00 BC 42
1787900451.095685,34680,21e6,12,AA D0 F0 42 72 02 8C 42 00 00 BE 42
1787900451.097096,34680,21e7,12,72 BA F9 42 3E 53 82 42 00 00 C0 42
1787900451.098543,34680,21e8,12,D5 11 01 43 2E E0 6E 42 00 00 C2 42
1787900451.099788,34680,21e9,12,1F FC 04 43 50 8D 57 42 00 00 C4 42
1787900451.101113,34680,21ea,12,9D 92 08 43 0E 98 3F 42 00 00 C6 42
1787900451.102393,34680,21eb,12,04 CB 0B 43 44 FC 27 42 00 00 C8 42
1787900451.103709,34680,21ec,12,18 9E 0E 43 B7 A3 11 42 00 00 CA 42
1787900451.105026,34680,21ed,12,BD 03 11 43 9C F2 FA 41 00 00 CC 42
1787900451.106396,34680,21ee,12,4C F6 12 43 43 8E D8 41 00 00 CE 42
1787900451.107724,34680,21ef,12,FD 70 14 43 A0 75 BD 41 00 00 D0 42
1787900451.109009,34680,21f0,12,90 6F 15 43 88 C5 AA 41 00 00 D2 42
1787900451.110461,34680,21f1,12,CA EF 15 43 08 37 A1 41 00 00 D4 42
1787900451.111753,34680,21f2,12,3B F0 15 43 96 2E A1 41 00 00 D6 42
1787900451.113188,34680,21f3,12,00 71 15 43 50 AA AA 41 00 00 D8 42
1787900451.114471,34680,21f4,12,2B 73 14 43 0F 4D BD 41 00 00 DA 42
1787900451.115754,34680,21f5,12,96 F9 12 43 EC 52 D8 41 00 00 DC 42
1787900451.117466,34680,21f6,12,92 07 11 43 54 B0 FA 41 00 00 DE 42
1787900451.118829,34680,21f7,12,B3 A2 0E 43 02 7E 11 42 00 00 E0 42
1787900451.120230,34680,21f8,12,D3 D0 0B 43 E3 CF 27 42 00 00 E2 42
1787900451.121663,34680,21f9,12,9F 98 08 43 DA 6D 3F 42 00 00 E4 42
1787900451.122979,34680,21fa,12,54 03 05 43 A3 5F 57 42 00 00 E6 42
1787900451.126709,34680,21fb,12,00 19 01 43 25 B8 6E 42 00 00 E8 42
1787900451.128039,34680,21fc,12,BC C9 F9 42 FB 40 82 42 00 00 EA 42
1787900451.129351,34680,21fd,12,2E E2 F0 42 45 F1 8B 42 00 00 EC 42
1787900451.130828,34680,21fe,12,9E 90 E7 42 3C 0B 94 42 00 00 EE 42
1787900451.132129,34680,21ff,12,C8 EF DD 42 B4 39 9A 42 00 00 A0 41
1787900451.133547,34680,2200,12,4F 15 D4 42 79 3F 9E 42 00 00 A8 41
1787900451.134957,34680,2201,12,79 1D CA 42 42 F2 9F 42 00 00 B0 41
1787900451.136202,34680,2202,12,3A 20 C0 42 88 41 9F 42 00 00 B8 41
1787900451.137627,34680,2203,12,93 35 B6 42 AE 33 9C 42 00 00 C0 41
1787900451.139003,34680,2204,12,F7 79 AC 42 D0 E8 96 42 00 00 C8 41
1787900451.140291,34680,2205,12,45 03 A3 42 56 95 8F 42 00 00 D0 41
1787900451.141866,34680,2206,12,A4 EC 99 42 42 86 86 42 00 00 D8 41
1787900451.143177,34680,2207,12,CE 4B 91 42 FD 2D 78 42 00 00 E0 41
1787900451.144428,34680,2208,12,9E 35 89 42 53 60 61 42 00 00 E8 41
1787900451.145823,34680,2209,12,43 C1 81 42 3B 93 49 42 00 00 F0 41
1787900451.147246,34680,220a,12,02 FF 75 42 63 B2 31 42 00 00 F8 41
1787900451.148508,34680,220b,12,71 07 6A 42 CE B8 1A 42 00 00 00 42
1787900451.149937,34680,220c,12,34 B8 5F 42 1B 8D 05 42 00 00 04 42
1787900451.151692,34680,220d,12,73 2A 57 42 30 09 E6 41 00 00 08 42
1787900451.153095,34680,220e,12,B9 76 50 42 36 C4 C7 41 00 00 0C 42
1787900451.154401,34680,220f,12,16 AC 4B 42 FF 76 B1 41 00 00 10 42
1787900451.155670,34680,2210,12,4A D8 48 42 FB 0B A4 41 00 00 14 42
1787900451.156941,34680,2211,12,A6 01 48 42 EB 07 A0 41 00 00 18 42
1787900451.161280,34680,2212,12,A8 2A 49 42 5E 95 A5 41 00 00 1C 42
1787900451.162732,34680,2213,12,FB 4F 4C 42 F9 79 B4 41 00 00 20 42
1787900451.163996,34680,2214,12,8D 6A 51 42 41 22 CC 41 00 00 24 42
1787900451.166902,34680,2215,12,B9 6B 58 42 87 95 EB 41 00 00 28 42
1787900451.169011,34680,2216,12,3D 42 61 42 00 CB 08 42 00 00 2C 42
1787900451.170305,34680,2217,12,4A D9 6B 42 86 53 1E 42 00 00 30 42
1787900451.171735,34680,2218,12,7D 12 78 42 F8 81 35 42 00 00 34 42
1787900451.173180,34680,2219,12,30 E9 82 42 CD 70 4D 42 00 00 38 42
1787900451.174595,34680,221a,12,BE 78 8A 42 6E 24 65 42 00 00 3C 42
1787900451.175844,34680,221b,12,9C A5 92 42 C7 AE 7B 42 00 00 40 42
1787900451.177280,34680,221c,12,46 5C 9B 42 74 16 88 42 00 00 44 42
1787900451.178695,34680,221d,12,BE 83 A4 42 B3 E3 90 42 00 00 48 42
1787900451.180022,34680,221e,12,72 07 AE 42 F8 E7 97 42 00 00 4C 42
1787900451.181489,34680,221f,12,15 CC B7 42 82 D9 9C 42 00 00 50 42
1787900451.182839,34680,2220,12,25 BA C1 42 1F 87 9F 42 00 00 54 42
1787900451.184246,34680,2221,12,CF B9 CB 42 5B D5 9F 42 00 00 58 42
1787900451.185850,34680,2222,12,62 AE D5 42 00 C1 9D 42 00 00 5C 42
1787900451.187267,34680,2223,12,80 81 DF 42 A4 5E 99 42 00 00 60 42
1787900451.188672,34680,2224,12,FA 16 E9 42 5F DC 92 42 00 00 64 42
1787900451.190091,34680,2225,12,DA 57 F2 42 13 7C 8A 42 00 00 68 42
1787900451.191388,34680,2226,12,D1 2D FB 42 8D 91 80 42 00 00 6C 42
1787900451.194157,34680,2227,12,C3 BF 01 43 14 0A 6B 42 00 00 70 42
1787900451.195103,34680,2228,12,22 9D 05 43 E2 87 53 42 00 00 74 42
1787900451.196539,34680,2229,12,F0 23 09 43 A8 93 3B 42 00 00 78 42
1787900451.197954,34680,222a,12,CB 4B 0C 43 27 1E 24 42 00 00 7C 42
1787900451.199211,34680,222b,12,06 0D 0F 43 66 13 0E 42 00 00 80 42
1787900451.200668,34680,222c,12,BA 5F 11 43 38 B6 F4 41 00 00 82 42
1787900451.202128,34680,222d,12,AE 3E 13 43 14 71 D3 41 00 00 84 42
1787900451.203412,34680,222e,12,84 A4 14 43 21 B5 B9 41 00 00 86 42
1787900451.204678,34680,222f,12,FE 8D 15 43 2B 83 A8 41 00 00 88 42
1787900451.206115,34680,2230,12,CE F8 15 43 18 8A A0 41 00 00 8A 42
1787900451.207535,34680,2231,12,C1 E3 15 43 BA 1D A2 41 00 00 8C 42
1787900451.208809,34680,2232,12,06 4F 15 43 72 2E AD 41 00 00 8E 42
1787900451.210226,34680,2233,12,48 3C 14 43 F1 47 C1 41 00 00 90 42
1787900451.211468,34680,2234,12,39 AE 12 43 2A 9E DD 41 00 00 92 42
1787900451.212775,34680,2235,12,77 A8 10 43 0A 8B 00 42 00 00 94 42
1787900451.214308,34680,2236,12,D0 30 0E 43 6A 1D 15 42 00 00 96 42
1787900451.215613,34680,2237,12,D0 4C 0B 43 83 BA 2B 42 00 00 98 42
1787900451.217037,34680,2238,12,C2 04 08 43 9B 74 43 42 00 00 9A 42
1787900451.218345,34680,2239,12,9E 60 04 43 0F 5D 5B 42 00 00 9C 42
1787900451.219660,34680,223a,12,0E 69 00 43 7E 83 72 42 00 00 9E 42
1787900451.221088,34680,223b,12,EA 52 F8 42 46 FA 83 42 00 00 A0 42
1787900451.222382,34680,223c,12,BB 56 EF 42 F5 6D 8D 42 00 00 A2 42
1787900451.223710,34680,223d,12,58 F7 E5 42 6E 39 95 42 00 00 A4 42
1787900451.225128,34680,223e,12,57 4B DC 42 C5 0E 9B 42 00 00 A6 42
1787900451.226437,34680,223f,12,E7 69 D2 42 DC B2 9E 42 00 00 A8 42
1787900451.227975,34680,2240,12,5E 6F C8 42 6B FF 9F 42 00 00 AA 42
1787900451.229419,34680,2241,12,2B 72 BE 42 97 E7 9E 42 00 00 AC 42
1787900451.230833,34680,2242,12,F4 8E B4 42 DC 76 9B 42 00 00 AE 42
1787900451.232241,34680,2243,12,72 DD AA 42 58 D0 95 42 00 00 B0 42
1787900451.233664,34680,2244,12,FC 74 A1 42 58 2C 8E 42 00 00 B2 42
1787900451.235045,34680,2245,12,8F 70 98 42 2F DB 84 42 00 00 B4 42
1787900451.236453,34680,2246,12,6E E4 8F 42 3C 72 74 42 00 00 B6 42
1787900451.237853,34680,2247,12,20 E9 87 42 D9 6B 5D 42 00 00 B8 42
1787900451.239136,34680,2248,12,AB 91 80 42 F1 8A 45 42 00 00 BA 42
1787900451.240433,34680,2249,12,B8 DF 73 42 72 BF 2D 42 00 00 BC 42
1787900451.241875,34680,224a,12,70 2D 68 42 7E 03 17 42 00 00 BE 42
1787900451.243133,34680,224b,12,CA 26 5E 42 32 38 02 42 00 00 C0 42
1787900451.244405,34680,224c,12,88 E8 55 42 4D 70 E0 41 00 00 C2 42
1787900451.245825,34680,224d,12,0A 86 4F 42 1A 6F C3 41 00 00 C4 42
1787900451.247104,34680,224e,12,17 0F 4B 42 18 92 AE 41 00 00 C6 42
1787900451.248520,34680,224f,12,7F 90 48 42 9A B4 A2 41 00 00 C8 42
1787900451.249883,34680,2250,12,DC 0F 48 42 1C 4C A0 41 00 00 CA 42
1787900451.251303,34680,2251,12,9F 8E 49 42 EF 71 A7 41 00 00 CC 42
1787900451.252582,34680,2252,12,BA 08 4D 42 0A DC B7 41 00 00 CE 42
1787900451.253907,34680,2253,12,49 76 52 42 86 E7 D0 41 00 00 D0 42
1787900451.255638,34680,2254,12,B9 C7 59 42 19 8D F1 41 00 00 D2 42
1787900451.256953,34680,2255,12,97 EC 62 42 C0 44 0C 42 00 00 D4 42
1787900451.258276,34680,2256,12,A9 CA 6D 42 75 21 22 42 00 00 D6 42
1787900451.259563,34680,2257,12,70 47 7A 42 77 80 39 42 00 00 D8 42
1787900451.260844,34680,2258,12,A4 22 84 42 1B 77 51 42 00 00 DA 42
1787900451.263440,34680,2259,12,09 CE 8B 42 78 09 69 42 00 00 DC 42
1787900451.264877,34680,225a,12,A9 14 94 42 27 4E 7F 42 00 00 DE 42
1787900451.266333,34680,225b,12,C6 DE 9C 42 88 AD 89 42 00 00 E0 42
1787900451.267623,34680,225c,12,28 17 A6 42 A4 33 92 42 00 00 E2 42
1787900451.269035,34680,225d,12,BF A7 AF 42 54 E3 98 42 00 00 E4 42
1787900451.270381,34680,225e,12,1C 75 B9 42 51 76 9D 42 00 00 E6 42
1787900451.271702,34680,225f,12,36 69 C3 42 4E BF 9F 42 00 00 E8 42
1787900451.273003,34680,2260,12,7F 67 CD 42 47 A6 9F 42 00 00 EA 42
1787900451.274288,34680,2261,12,F8 57 D7 42 C5 2C 9D 42 00 00 EC 42
1787900451.276396,34680,2262,12,BA 22 E1 42 1C 6B 98 42 00 00 EE 42
1787900451.277666,34680,2263,12,AC AB EA 42 4D 93 91 42 00 00 A0 41
1787900451.279118,34680,2264,12,63 DD F3 42 1A E9 88 42 00 00 A8 41
1787900451.280496,34680,2265,12,7E 9D FC 42 34 8F 7D 42 00 00 B0 41
1787900451.281831,34680,2266,12,8A 6B 02 43 D8 29 67 42 00 00 B8 41
1787900451.283242,34680,2267,12,21 3B 06 43 D8 82 4F 42 00 00 C0 41
1787900451.284666,34680,2268,12,95 B2 09 43 D9 92 37 42 00 00 C8 41
1787900451.286100,34680,2269,12,1C CA 0C 43 E0 46 20 42 00 00 D0 41
1787900451.287472,34680,226a,12,D8 78 0F 43 D5 93 0A 42 00 00 D8 41
1787900451.288906,34680,226b,12,6E B8 11 43 B7 A6 EE 41 00 00 E0 41
1787900451.290244,34680,226c,12,60 83 13 43 3B 8F CE 41 00 00 E8 41
1787900451.291656,34680,226d,12,87 D4 14 43 94 32 B6 41 00 00 F0 41
1787900451.293079,34680,226e,12,EF A8 15 43 FB 81 A6 41 00 00 F8 41
1787900451.294439,34680,226f,12,36 FE 15 43 61 22 A0 41 00 00 00 42
1787900451.295759,34680,2270,12,AC D3 15 43 A2 51 A3 41 00 00 04 42
1787900451.297794,34680,2271,12,9A 29 15 43 F1 F1 AF 41 00 00 08 42
1787900451.301809,34680,2272,12,E9 01 14 43 95 7E C5 41 00 00 0C 42
1787900451.303144,34680,2273,12,30 5F 12 43 2C 22 E3 41 00 00 10 42
1787900451.304504,34680,2274,12,21 46 10 43 92 D2 03 42 00 00 14 42
1787900451.305784,34680,2275,12,E1 BB 0D 43 87 CB 18 42 00 00 18 42
1787900451.307233,34680,2276,12,70 C6 0A 43 B2 A9 2F 42 00 00 1C 42
1787900451.308651,34680,2277,12,4B 6E 07 43 AC 7C 47 42 00 00 20 42
1787900451.310090,34680,2278,12,F6 BA 03 43 90 58 5F 42 00 00 24 42
1787900451.311469,34680,2279,12,1E 6E FF 42 8E 42 76 42 00 00 28 42
1787900451.312875,34680,227a,12,99 D8 F6 42 53 AA 85 42 00 00 2C 42
1787900451.314191,34680,227b,12,DE C9 ED 42 44 DD 8E 42 00 00 30 42
1787900451.315517,34680,227c,12,E7 5B E4 42 66 59 96 42 00 00 34 42
1787900451.316887,34680,227d,12,E6 A3 DA 42 9C D4 9B 42 00 00 38 42
1787900451.318324,34680,227e,12,BE BD D0 42 46 15 9F 42 00 00 3C 42
1787900451.319718,34680,227f,12,3C C1 C6 42 3C FB 9F 42 00 00 40 42
1787900451.321153,34680,2280,12,5B C6 BC 42 EA 7C 9E 42 00 00 44 42
1787900451.322482,34680,2281,12,BE E9 B2 42 02 AA 9A 42 00 00 48 42
1787900451.323800,34680,2282,12,8D 41 A9 42 60 A8 94 42 00 00 4C 42
1787900451.325249,34680,2283,12,7D E9 9F 42 2A B7 8C 42 00 00 50 42
1787900451.326606,34680,2284,12,EA F7 96 42 9E 26 83 42 00 00 54 42
1787900451.327855,34680,2285,12,6B 82 8E 42 12 AD 70 42 00 00 58 42
1787900451.329227,34680,2286,12,44 A1 86 42 2E 71 59 42 00 00 5C 42
1787900451.331198,34680,2287,12,53 CC 7E 42 9F 7F 41 42 00 00 60 42
1787900451.332560,34680,2288,12,B6 CB 71 42 17 D4 29 42 00 00 64 42
1787900451.334436,34680,2289,12,91 5F 66 42 57 5C 13 42 00 00 68 42
1787900451.335261,34680,228a,12,B6 A3 5C 42 2B F5 FD 41 00 00 6C 42
1787900451.336641,34680,228b,12,10 B4 54 42 2A 0A DB 41 00 00 70 42
1787900451.337874,34680,228c,12,78 A2 4E 42 6B 51 BF 41 00 00 74 42
1787900451.339240,34680,228d,12,54 80 4A 42 5B EE AB 41 00 00 78 42
1787900451.340708,34680,228e,12,1E 57 48 42 D0 A1 A1 41 00 00 7C 42
1787900451.342107,34680,228f,12,7E 2C 48 42 79 D5 A0 41 00 00 80 42
1787900451.343391,34680,2290,12,EE 00 4A 42 B9 91 A9 41 00 00 82 42
1787900451.344838,34680,2291,12,51 D0 4D 42 13 80 BB 41 00 00 84 42
1787900451.346158,34680,2292,12,B8 8F 53 42 07 E4 D5 41 00 00 86 42
1787900451.347621,34680,2293,12,E3 30 5B 42 77 B2 F7 41 00 00 88 42
1787900451.348963,34680,2294,12,EE A1 64 42 96 CC 0F 42 00 00 8A 42
1787900451.350230,34680,2295,12,C1 C7 6F 42 56 FA 25 42 00 00 8C 42
1787900451.351934,34680,2296,12,50 89 7C 42 E3 86 3D 42 00 00 8E 42
1787900451.353343,34680,2297,12,02 61 85 42 AC 7A 55 42 00 00 90 42
1787900451.354645,34680,2298,12,AE 27 8D 42 F5 E4 6C 42 00 00 92 42
1787900451.355956,34680,2299,12,25 86 95 42 14 6D 81 42 00 00 94 42
1787900451.357208,34680,229a,12,65 64 9E 42 B8 39 8B 42 00 00 96 42
1787900451.359009,34680,229b,12,80 AE A7 42 5E 77 93 42 00 00 98 42
1787900451.360315,34680,229c,12,CF 49 B1 42 66 CF 99 42 00 00 9A 42
1787900451.361761,34680,229d,12,2F 1F BB 42 84 02 9E 42 00 00 9C 42
1787900451.363171,34680,229e,12,0C 17 C5 42 FC E5 9F 42 00 00 9E 42
1787900451.364461,34680,229f,12,CC 14 CF 42 F5 65 9F 42 00 00 A0 42
1787900451.365782,34680,22a0,12,FC 01 D9 42 62 87 9C 42 00 00 A2 42
1787900451.367388,34680,22a1,12,21 C2 E2 42 6D 68 97 42 00 00 A4 42
1787900451.368824,34680,22a2,12,DE 3D EC 42 0E 3D 90 42 00 00 A6 42
1787900451.370266,34680,22a3,12,56 5E F5 42 E6 4C 87 42 00 00 A8 42
1787900451.371688,34680,22a4,12,5C 09 FE 42 D2 EB 79 42 00 00 AA 42
1787900451.372967,34680,22a5,12,BB 15 03 43 F3 3C 63 42 00 00 AC 42
1787900451.374444,34680,22a6,12,A6 D6 06 43 A2 7B 4B 42 00 00 AE 42
1787900451.375711,34680,22a7,12,80 3E 0A 43 C9 96 33 42 00 00 B0 42
1787900451.377023,34680,22a8,12,04 45 0D 43 A8 7E 1C 42 00 00 B2 42
1787900451.378318,34680,22a9,12,85 E1 0F 43 04 26 07 42 00 00 B4 42
1787900451.379662,34680,22aa,12,24 0E 12 43 78 C0 E8 41 00 00 B6 42
1787900451.381016,34680,22ab,12,A4 C4 13 43 4E E5 C9 41 00 00 B8 42
1787900451.382449,34680,22ac,12,03 01 15 43 FE EE B2 41 00 00 BA 42
1787900451.383719,34680,22ad,12,2E C0 15 43 47 C6 A4 41 00 00 BC 42
1787900451.385005,34680,22ae,12,00 00 16 43 00 00 A0 41 00 00 BE 42
1787900451.386434,34680,22af,12,E9 BF 15 43 72 CB A4 41 00 00 C0 42
1787900451.387732,34680,22b0,12,A1 00 15 43 34 F6 B2 41 00 00 C2 42
1787900451.389066,34680,22b1,12,11 C4 13 43 C3 EF C9 41 00 00 C4 42
1787900451.390499,34680,22b2,12,15 0D 12 43 23 D3 E8 41 00 00 C6 42
1787900451.391760,34680,22b3,12,98 E0 0F 43 CF 2D 07 42 00 00 C8 42
1787900451.394293,34680,22b4,12,7C 43 0D 43 C8 8A 1C 42 00 00 CA 42
1787900451.399447,34680,22b5,12,42 3D 0A 43 E9 9F 33 42 00 00 CC 42
1787900451.400991,34680,22b6,12,44 D5 06 43 E3 84 4B 42 00 00 CE 42
1787900451.405848,34680,22b7,12,9B 13 03 43 9E 49 63 42 00 00 D0 42
1787900451.412498,34680,22b8,12,1E 06 FE 42 3E F4 79 42 00 00 D2 42
1787900451.414538,34680,22b9,12,82 59 F5 42 28 52 87 42 00 00 D4 42
1787900451.416687,34680,22ba,12,45 3A EC 42 2F 40 90 42 00 00 D6 42
1787900451.418935,34680,22bb,12,6A BE E2 42 D0 6A 97 42 00 00 D8 42
1787900451.420086,34680,22bc,12,A4 FC D8 42 90 89 9C 42 00 00 DA 42
1787900451.422306,34680,22bd,12,F3 10 CF 42 9C 66 9F 42 00 00 DC 42
1787900451.426263,34680,22be,12,A0 11 C5 42 9B E5 9F 42 00 00 DE 42
1787900451.426880,34680,22bf,12,5C 1B BB 42 55 01 9E 42 00 00 E0 42
1787900451.432031,34680,22c0,12,0D 46 B1 42 5A CD 99 42 00 00 E2 42
1787900451.433738,34680,22c1,12,5F A9 A7 42 63 73 93 42 00 00 E4 42
1787900451.434343,34680,22c2,12,E3 60 9E 42 37 36 8B 42 00 00 E6 42
1787900451.434676,34680,22c3,12,77 81 95 42 68 67 81 42 00 00 E8 42
1787900451.439038,34680,22c4,12,8F 24 8D 42 26 DC 6C 42 00 00 EA 42
1787900451.441561,34680,22c5,12,21 5E 85 42 78 71 55 42 00 00 EC 42
1787900451.441801,34680,22c6,12,FE 81 7C 42 ED 79 3D 42 00 00 EE 42
1787900451.442472,34680,22c7,12,23 C3 6F 42 75 F1 25 42 00 00 A0 41
1787900451.443722,34680,22c8,12,57 9C 64 42 17 C1 0F 42 00 00 A8 41
1787900451.445012,34680,22c9,12,97 2D 5B 42 28 A4 F7 41 00 00 B0 41
1787900451.446358,34680,22ca,12,22 8D 53 42 55 D8 D5 41 00 00 B8 41
1787900451.447632,34680,22cb,12,B9 CD 4D 42 FD 73 BB 41 00 00 C0 41
1787900451.448976,34680,22cc,12,D7 FF 49 42 8D 8C A9 41 00 00 C8 41
1787900451.450171,34680,22cd,12,0B 2C 48 42 50 D3 A0 41 00 00 D0 41
1787900451.451524,34680,22ce,12,92 57 48 42 F9 A3 A1 41 00 00 D8 41
1787900451.452869,34680,22cf,12,8C 81 4A 42 21 F4 AB 41 00 00 E0 41
1787900451.454065,34680,22d0,12,3D A5 4E 42 47 5E BF 41 00 00 E8 41
1787900451.455718,34680,22d1,12,C5 B6 54 42 54 16 DB 41 00 00 F0 41
1787900451.457049,34680,22d2,12,82 A8 5C 42 D1 09 FE 41 00 00 F8 41
1787900451.458316,34680,22d3,12,A7 63 66 42 A9 64 13 42 00 00 00 42
1787900451.459656,34680,22d4,12,6E D0 71 42 0E DD 29 42 00 00 04 42
1787900451.460875,34680,22d5,12,C7 D3 7E 42 9C 8C 41 42 00 00 08 42
1787900451.462664,34680,22d6,12,2F A4 86 42 58 7A 59 42 00 00 0C 42
1787900451.463895,34680,22d7,12,DA 86 8E 42 4F B9 70 42 00 00 10 42
1787900451.465168,34680,22d8,12,47 FB 96 42 93 2A 83 42 00 00 14 42
1787900451.466500,34680,22d9,12,06 ED 9F 42 90 BA 8C 42 00 00 18 42
1787900451.467710,34680,22da,12,B6 46 A9 42 2E AC 94 42 00 00 1C 42
1787900451.471404,34680,22db,12,83 ED B2 42 EA AB 9A 42 00 00 20 42
1787900451.472775,34680,22dc,12,BE CB BC 42 5D 7E 9E 42 00 00 24 42
1787900451.474089,34680,22dd,12,18 C5 C6 42 5A FB 9F 42 00 00 28 42
1787900451.475485,34680,22de,12,96 C1 D0 42 78 14 9F 42 00 00 2C 42
1787900451.478912,34680,22df,12,3A A9 DA 42 39 D2 9B 42 00 00 30 42
1787900451.480254,34680,22e0,12,9A 5F E4 42 E1 56 96 42 00 00 34 42
1787900451.481446,34680,22e1,12,E2 CE ED 42 B6 D8 8E 42 00 00 38 42
1787900451.482795,34680,22e2,12,02 DC F6 42 7E A6 85 42 00 00 3C 42
1787900451.484162,34680,22e3,12,54 71 FF 42 02 3A 76 42 00 00 40 42
1787900451.485569,34680,22e4,12,0E BD 03 43 CD 4B 5F 42 00 00 44 42
1787900451.486868,34680,22e5,12,A7 6F 07 43 6A 73 47 42 00 00 48 42
1787900451.488190,34680,22e6,12,26 C8 0A 43 F4 9C 2F 42 00 00 4C 42
1787900451.490000,34680,22e7,12,F1 BC 0D 43 04 C3 18 42 00 00 50 42
1787900451.491404,34680,22e8,12,06 47 10 43 F4 CA 03 42 00 00 54 42
1787900451.492689,34680,22e9,12,34 60 12 43 20 10 E3 41 00 00 58 42
1787900451.494081,34680,22ea,12,73 02 14 43 A5 74 C5 41 00 00 5C 42
1787900451.495368,34680,22eb,12,19 2A 15 43 9F E8 AF 41 00 00 60 42
1787900451.497595,34680,22ec,12,D5 D3 15 43 90 4E A3 41 00 00 64 42
1787900451.498908,34680,22ed,12,2D FE 15 43 00 23 A0 41 00 00 68 42
1787900451.500313,34680,22ee,12,9E A8 15 43 01 88 A6 41 00 00 6C 42
1787900451.501611,34680,22ef,12,1D D4 14 43 5C 3A B6 41 00 00 70 42
1787900451.503010,34680,22f0,12,88 82 13 43 A4 9E CE 41 00 00 74 42
1787900451.504666,34680,22f1,12,A6 B7 11 43 6D B4 EE 41 00 00 78 42
1787900451.506079,34680,22f2,12,E4 77 0F 43 CA 9B 0A 42 00 00 7C 42
1787900451.507482,34680,22f3,12,8B C8 0C 43 27 53 20 42 00 00 80 42
1787900451.508884,34680,22f4,12,50 B1 09 43 05 9C 37 42 00 00 82 42
1787900451.510679,34680,22f5,12,27 39 06 43 D4 8F 4F 42 00 00 84 42
1787900451.511948,34680,22f6,12,02 6A 02 43 C9 32 67 42 00 00 86 42
1787900451.513214,34680,22f7,12,36 9A FC 42 7D 97 7D 42 00 00 88 42
1787900451.514521,34680,22f8,12,84 D8 F3 42 3B EE 88 42 00 00 8A 42
1787900451.515791,34680,22f9,12,0E A8 EA 42 50 96 91 42 00 00 8C 42
1787900451.517298,34680,22fa,12,7A 1D E1 42 46 6E 98 42 00 00 8E 42
1787900451.518708,34680,22fb,12,28 54 D7 42 2C 2E 9D 42 00 00 90 42
1787900451.520000,34680,22fc,12,A5 63 CD 42 C7 A6 9F 42 00 00 92 42
1787900451.521394,34680,22fd,12,CB 63 C3 42 B5 BE 9F 42 00 00 94 42
1787900451.522707,34680,22fe,12,4A 71 B9 42 FC 74 9D 42 00 00 96 42
1787900451.524542,34680,22ff,12,7D A2 AF 42 42 E0 98 42 00 00 98 42
1787900451.525952,34680,2300,12,87 13 A6 42 AF 30 92 42 00 00 9A 42
1787900451.527242,34680,2301,12,4B DB 9C 42 EE A9 89 42 00 00 9C 42
1787900451.528633,34680,2302,12,07 10 94 42 9B 42 7F 42 00 00 9E 42
1787900451.529934,34680,2303,12,F4 CA 8B 42 91 00 69 42 00 00 A0 42
1787900451.531320,34680,2304,12,A9 1E 84 42 23 6A 51 42 00 00 A2 42
1787900451.532714,34680,2305,12,52 42 7A 42 46 77 39 42 00 00 A4 42
1787900451.534017,34680,2306,12,26 C6 6D 42 AC 18 22 42 00 00 A6 42
1787900451.535421,34680,2307,12,28 E7 62 42 78 39 0C 42 00 00 A8 42
1787900451.536723,34680,2308,12,8B C4 59 42 30 7F F1 41 00 00 AA 42
1787900451.540222,34680,2309,12,D3 72 52 42 C8 D7 D0 41 00 00 AC 42
1787900451.541644,34680,230a,12,02 07 4D 42 FE D3 B7 41 00 00 AE 42
1787900451.543039,34680,230b,12,AA 8D 49 42 5C 6D A7 41 00 00 B0 42
1787900451.544446,34680,230c,12,97 0F 48 42 D2 4A A0 41 00 00 B2 42
1787900451.545856,34680,230d,12,13 91 48 42 60 B7 A2 41 00 00 B4 42
1787900451.547264,34680,230e,12,FB 10 4B 42 07 9B AE 41 00 00 B6 42
1787900451.548574,34680,230f,12,23 88 4F 42 CA 78 C3 41 00 00 B8 42
1787900451.549972,34680,2310,12,5C EB 55 42 EF 7C E0 41 00 00 BA 42
1787900451.551671,34680,2311,12,C0 2B 5E 42 C8 42 02 42 00 00 BC 42
1787900451.552826,34680,2312,12,A3 31 68 42 F2 0B 17 42 00 00 BE 42
1787900451.554460,34680,2313,12,7E E6 73 42 24 CC 2D 42 00 00 C0 42
1787900451.555731,34680,2314,12,5E 94 80 42 34 94 45 42 00 00 C2 42
1787900451.557011,34680,2315,12,16 EC 87 42 F6 74 5D 42 00 00 C4 42
1787900451.560317,34680,2316,12,EB E8 8F 42 52 7E 74 42 00 00 C6 42
1787900451.563661,34680,2317,12,F4 73 98 42 0F DF 84 42 00 00 C8 42
1787900451.564871,34680,2318,12,FD 79 A1 42 F9 30 8E 42 00 00 CA 42
1787900451.566715,34680,2319,12,24 E1 AA 42 EC D2 95 42 00 00 CC 42
1787900451.568008,34680,231a,12,BE 92 B4 42 A0 78 9B 42 00 00 CE 42
1787900451.571543,34680,231b,12,90 77 BE 42 D3 E8 9E 42 00 00 D0 42
1787900451.573233,34680,231c,12,3A 73 C8 42 60 FF 9F 42 00 00 D2 42
1787900451.575757,34680,231d,12,4B 6F D2 42 82 B1 9E 42 00 00 D4 42
1787900451.578116,34680,231e,12,1F 4F DC 42 EE 0C 9B 42 00 00 D6 42
1787900451.579825,34680,231f,12,06 FB E5 42 C8 36 95 42 00 00 D8 42
1787900451.580950,34680,2320,12,B7 5B EF 42 40 69 8D 42 00 00 DA 42
1787900451.581196,34680,2321,12,4A 56 F8 42 5B F6 83 42 00 00 DC 42
1787900451.582231,34680,2322,12,4A 6B 00 43 54 77 72 42 00 00 DE 42
1787900451.583600,34680,2323,12,16 62 04 43 EC 53 5B 42 00 00 E0 42
1787900451.584866,34680,2324,12,19 06 08 43 5A 6B 43 42 00 00 E2 42
1787900451.586357,34680,2325,12,7D 4E 0B 43 DE AD 2B 42 00 00 E4 42
1787900451.587772,34680,2326,12,D9 31 0E 43 07 15 15 42 00 00 E6 42
1787900451.589090,34680,2327,12,AF A9 10 43 96 80 00 42 00 00 E8 42
1787900451.590320,34680,2328,12,EA AE 12 43 C6 91 DD 41 00 00 EA 42
1787900451.591601,34680,2329,12,CA 3C 14 43 89 3E C1 41 00 00 EC 42
1787900451.592957,34680,232a,12,79 4F 15 43 F2 25 AD 41 00 00 EE 42
1787900451.594229,34680,232b,12,E2 E3 15 43 46 1B A2 41 00 00 A0 41
1787900451.595441,34680,232c,12,B7 F8 15 43 D8 8B A0 41 00 00 A8 41
1787900451.596787,34680,232d,12,BD 8D 15 43 0E 88 A8 41 00 00 B0 41
1787900451.598115,34680,232e,12,12 A4 14 43 79 BD B9 41 00 00 B8 41
1787900451.599478,34680,232f,12,CA 3D 13 43 2E 81 D3 41 00 00 C0 41
1787900451.600882,34680,2330,12,EA 5E 11 43 57 C4 F4 41 00 00 C8 41
1787900451.602079,34680,2331,12,A5 0B 0F 43 CC 1E 0E 42 00 00 D0 41
1787900451.603302,34680,2332,12,A6 4A 0C 43 FE 26 24 42 00 00 D8 41
1787900451.604672,34680,2333,12,A6 22 09 43 DE 9C 3B 42 00 00 E0 41
1787900451.605870,34680,2334,12,20 9B 05 43 D6 94 53 42 00 00 E8 41
1787900451.607135,34680,2335,12,36 BE 01 43 EE 12 6B 42 00 00 F0 41
1787900451.608517,34680,2336,12,29 29 FB 42 45 97 80 42 00 00 F8 41
1787900451.609891,34680,2337,12,5C 54 F2 42 A0 7F 8A 42 00 00 00 42
1787900451.611223,34680,2338,12,56 13 E9 42 43 DF 92 42 00 00 04 42
1787900451.612427,34680,2339,12,3C 7C DF 42 9D 61 99 42 00 00 08 42
1787900451.613664,34680,233a,12,90 AA D5 42 41 C2 9D 42 00 00 0C 42
1787900451.614954,34680,233b,12,64 B4 CB 42 D6 D5 9F 42 00 00 10 42
1787900451.616297,34680,233c,12,4B B6 C1 42 8A 86 9F 42 00 00 14 42
1787900451.617633,34680,233d,12,46 C8 B7 42 06 D8 9C 42 00 00 18 42
1787900451.618962,34680,233e,12,36 02 AE 42 B5 E4 97 42 00 00 1C 42
1787900451.620143,34680,233f,12,23 80 A4 42 A0 E0 90 42 00 00 20 42
1787900451.621352,34680,2340,12,6C 57 9B 42 42 11 88 42 00 00 24 42
1787900451.623433,34680,2341,12,58 A2 92 42 6C A6 7B 42 00 00 28 42
1787900451.624804,34680,2342,12,B4 75 8A 42 72 1B 65 42 00 00 2C 42
1787900451.626058,34680,2343,12,44 E5 82 42 CE 63 4D 42 00 00 30 42
1787900451.627468,34680,2344,12,79 0D 78 42 D2 78 35 42 00 00 34 42
1787900451.628715,34680,2345,12,18 D3 6B 42 53 47 1E 42 00 00 38 42
1787900451.630041,34680,2346,12,7C 3E 61 42 21 C3 08 42 00 00 3C 42
1787900451.631363,34680,2347,12,AA 68 58 42 0A 88 EB 41 00 00 40 42
1787900451.632556,34680,2348,12,43 67 51 42 39 13 CC 41 00 00 44 42
1787900451.633781,34680,2349,12,63 4E 4C 42 7D 72 B4 41 00 00 48 42
1787900451.635149,34680,234a,12,7D 29 49 42 CC 8F A5 41 00 00 4C 42
1787900451.636378,34680,234b,12,96 01 48 42 9F 07 A0 41 00 00 50 42
1787900451.637706,34680,234c,12,FF D8 48 42 5F 0F A4 41 00 00 54 42
1787900451.639020,34680,234d,12,28 AE 4B 42 BF 80 B1 41 00 00 58 42
1787900451.640235,34680,234e,12,F2 78 50 42 6C CE C7 41 00 00 5C 42
1787900451.641501,34680,234f,12,97 2E 57 42 91 1B E6 41 00 00 60 42
1787900451.642920,34680,2350,12,D8 BB 5F 42 D0 94 05 42 00 00 64 42
1787900451.644267,34680,2351,12,BF 0B 6A 42 62 C1 1A 42 00 00 68 42
1787900451.645589,34680,2352,12,ED 05 76 42 2C BF 31 42 00 00 6C 42
1787900451.646883,34680,2353,12,02 C4 81 42 7E 9C 49 42 00 00 70 42
1787900451.648598,34680,2354,12,D6 39 89 42 0A 6D 61 42 00 00 74 42
1787900451.649959,34680,2355,12,09 4F 91 42 78 36 78 42 00 00 78 42
1787900451.651162,34680,2356,12,10 F0 99 42 0B 8A 86 42 00 00 7C 42
1787900451.652503,34680,2357,12,4E 08 A3 42 CE 99 8F 42 00 00 80 42
1787900451.653848,34680,2358,12,AC 7D AC 42 44 EB 96 42 00 00 82 42
1787900451.655202,34680,2359,12,E9 3A B6 42 F5 35 9C 42 00 00 84 42
1787900451.656532,34680,235a,12,13 24 C0 42 42 42 9F 42 00 00 86 42
1787900451.657898,34680,235b,12,54 21 CA 42 10 F2 9F 42 00 00 88 42
1787900451.659202,34680,235c,12,B1 1A D4 42 E9 3D 9E 42 00 00 8A 42
1787900451.660504,34680,235d,12,8C F3 DD 42 B8 37 9A 42 00 00 8C 42
1787900451.661849,34680,235e,12,C3 95 E7 42 56 07 94 42 00 00 8E 42
1787900451.663135,34680,235f,12,B3 E5 F0 42 D1 ED 8B 42 00 00 90 42
1787900451.664437,34680,2360,12,15 CD F9 42 FB 3C 82 42 00 00 92 42
1787900451.665764,34680,2361,12,34 1B 01 43 D4 AB 6E 42 00 00 94 42
1787900451.667118,34680,2362,12,C7 04 05 43 74 56 57 42 00 00 96 42
1787900451.668325,34680,2363,12,78 9A 08 43 E0 60 3F 42 00 00 98 42
1787900451.669749,34680,2364,12,FD D1 0B 43 F8 C6 27 42 00 00 9A 42
1787900451.671092,34680,2365,12,B5 A3 0E 43 C3 75 11 42 00 00 9C 42
1787900451.672437,34680,2366,12,C0 08 11 43 F5 9B FA 41 00 00 9E 42
1787900451.673706,34680,2367,12,40 FA 12 43 00 47 D8 41 00 00 A0 42
1787900451.674915,34680,2368,12,D6 73 14 43 9A 40 BD 41 00 00 A2 42
1787900451.676218,34680,2369,12,49 71 15 43 DB A4 AA 41 00 00 A4 42
1787900451.677587,34680,236a,12,54 F0 15 43 C1 2C A1 41 00 00 A6 42
1787900451.678961,34680,236b,12,A7 EF 15 43 A7 39 A1 41 00 00 A8 42
1787900451.680285,34680,236c,12,46 6F 15 43 05 CB AA 41 00 00 AA 42
1787900451.681559,34680,236d,12,51 70 14 43 1E 82 BD 41 00 00 AC 42
1787900451.683723,34680,236e,12,A3 F5 12 43 35 9A D8 41 00 00 AE 42
1787900451.685083,34680,236f,12,E6 02 11 43 21 01 FB 41 00 00 B0 42
1787900451.686484,34680,2370,12,AC 9C 0E 43 50 AF 11 42 00 00 B2 42
1787900451.687751,34680,2371,12,D9 C9 0B 43 31 05 28 42 00 00 B4 42
1787900451.689169,34680,2372,12,C4 90 08 43 08 A5 3F 42 00 00 B6 42
1787900451.690569,34680,2373,12,AC FA 04 43 7E 96 57 42 00 00 B8 42
1787900451.691847,34680,2374,12,43 10 01 43 F1 E8 6E 42 00 00 BA 42
1787900451.693096,34680,2375,12,BE B5 F9 42 DA 58 82 42 00 00 BC 42
1787900451.694512,34680,2376,12,24 CD F0 42 E5 05 8C 42 00 00 BE 42
1787900451.695786,34680,2377,12,BE 7A E7 42 C8 1B 94 42 00 00 C0 42
1787900451.697159,34680,2378,12,4A D9 DD 42 85 45 9A 42 00 00 C2 42
1787900451.698415,34680,2379,12,FB FF D3 42 A3 45 9E 42 00 00 C4 42
1787900451.699724,34680,237a,12,6E 06 CA 42 67 F3 9F 42 00 00 C6 42
1787900451.701121,34680,237b,12,40 09 C0 42 2A 3D 9F 42 00 00 C8 42
1787900451.702405,34680,237c,12,E5 1E B6 42 F9 29 9C 42 00 00 CA 42
1787900451.703674,34680,237d,12,CF 63 AC 42 28 DA 96 42 00 00 CC 42
1787900451.705228,34680,237e,12,4F EF A2 42 99 83 8F 42 00 00 CE 42
1787900451.706513,34680,237f,12,30 D8 99 42 9E 6F 86 42 00 00 D0 42
1787900451.707798,34680,2380,12,84 38 91 42 4E FB 77 42 00 00 D2 42
1787900451.709102,34680,2381,12,AE 23 89 42 3F 2A 61 42 00 00 D4 42
1787900451.713416,34680,2382,12,DE B0 81 42 EB 5B 49 42 00 00 D6 42
1787900451.714850,34680,2383,12,9A E3 75 42 BA 7F 31 42 00 00 D8 42
1787900451.716129,34680,2384,12,BC ED 69 42 98 85 1A 42 00 00 DA 42
1787900451.717539,34680,2385,12,71 A2 5F 42 12 5F 05 42 00 00 DC 42
1787900451.718940,34680,2386,12,DC 18 57 42 25 BB E5 41 00 00 DE 42
1787900451.720339,34680,2387,12,7A 69 50 42 4C 87 C7 41 00 00 E0 42
1787900451.721741,34680,2388,12,E9 A3 4B 42 74 50 B1 41 00 00 E2 42
1787900451.723039,34680,2389,12,13 D4 48 42 DA F7 A3 41 00 00 E4 42
1787900451.724310,34680,238a,12,0A 02 48 42 CB 09 A0 41 00 00 E6 42
1787900451.725902,34680,238b,12,A6 2F 49 42 31 AD A5 41 00 00 E8 42
1787900451.727205,34680,238c,12,86 59 4C 42 C7 A6 B4 41 00 00 EA 42
1787900451.728602,34680,238d,12,99 77 51 42 EE 5D CC 41 00 00 EC 42
1787900451.729881,34680,238e,12,09 7E 58 42 31 E6 EB 41 00 00 EE 42
1787900451.731201,34680,238f,12,AE 58 61 42 0C FA 08 42 00 00 A0 41
1787900451.732613,34680,2390,12,A4 F3 6B 42 6A 87 1E 42 00 00 A8 41
1787900451.734004,34680,2391,12,7C 30 78 42 A3 B8 35 42 00 00 B0 41
1787900451.735389,34680,2392,12,BA F8 82 42 51 A4 4D 42 00 00 B8 41
1787900451.736692,34680,2393,12,EC 8A 8A 42 15 5A 65 42 00 00 C0 41
1787900451.738151,34680,2394,12,1B B9 92 42 AE E0 7B 42 00 00 C8 41
1787900451.739580,34680,2395,12,E7 70 9B 42 8A 2C 88 42 00 00 D0 41
1787900451.740945,34680,2396,12,4C 99 A4 42 08 F6 90 42 00 00 D8 41
1787900451.742358,34680,2397,12,32 1C AE 42 E2 F4 97 42 00 00 E0 41
1787900451.743625,34680,2398,12,D4 E2 B7 42 54 E2 9C 42 00 00 E8 41
1787900451.748289,34680,2399,12,26 D1 C1 42 8F 8A 9F 42 00 00 F0 41
1787900451.749712,34680,239a,12,D7 D0 CB 42 46 D3 9F 42 00 00 F8 41
1787900451.751017,34680,239b,12,37 C5 D5 42 7A B9 9D 42 00 00 00 42
1787900451.752354,34680,239c,12,62 96 DF 42 D7 52 99 42 00 00 04 42
1787900451.753753,34680,239d,12,B9 2C E9 42 14 CB 92 42 00 00 08 42
1787900451.755159,34680,239e,12,BB 6C F2 42 D6 66 8A 42 00 00 0C 42
1787900451.756507,34680,239f,12,9D 41 FB 42 37 79 80 42 00 00 10 42
1787900451.757773,34680,23a0,12,05 C9 01 43 28 D5 6A 42 00 00 14 42
1787900451.759569,34680,23a1,12,15 A5 05 43 8D 54 53 42 00 00 18 42
1787900451.760969,34680,23a2,12,A7 2B 09 43 A4 5C 3B 42 00 00 1C 42
1787900451.762365,34680,23a3,12,9D 52 0C 43 62 E9 23 42 00 00 20 42
1787900451.763621,34680,23a4,12,E1 12 0F 43 FA E2 0D 42 00 00 24 42
1787900451.765023,34680,23a5,12,90 64 11 43 EC 61 F4 41 00 00 28 42
1787900451.766425,34680,23a6,12,31 42 13 43 57 31 D3 41 00 00 2C 42
1787900451.767692,34680,23a7,12,2E A7 14 43 67 83 B9 41 00 00 30 42
1787900451.769122,34680,23a8,12,86 8F 15 43 0F 66 A8 41 00 00 34 42
1787900451.770537,34680,23a9,12,30 F9 15 43 C8 82 A0 41 00 00 38 42
1787900451.771795,34680,23aa,12,FC E2 15 43 7C 2C A2 41 00 00 3C 42
1787900451.773502,34680,23ab,12,3D 4D 15 43 3E 50 AD 41 00 00 40 42
1787900451.774933,34680,23ac,12,3E 39 14 43 3C 80 C1 41 00 00 44 42
1787900451.776343,34680,23ad,12,16 AA 12 43 41 E8 DD 41 00 00 48 42
1787900451.777673,34680,23ae,12,46 A3 10 43 82 B7 00 42 00 00 4C 42
1787900451.779932,34680,23af,12,A0 2A 0E 43 88 4F 15 42 00 00 50 42
1787900451.781193,34680,23b0,12,2B 46 0B 43 A3 EC 2B 42 00 00 54 42
1787900451.782610,34680,23b1,12,C3 FC 07 43 E3 AB 43 42 00 00 58 42
1787900451.783859,34680,23b2,12,D5 57 04 43 A5 93 5B 42 00 00 5C 42
1787900451.785139,34680,23b3,12,92 5F 00 43 35 B7 72 42 00 00 60 42
1787900451.787414,34680,23b4,12,BA 3E F8 42 AA 11 84 42 00 00 64 42
1787900451.788854,34680,23b5,12,F9 42 EF 42 98 80 8D 42 00 00 68 42
1787900451.790265,34680,23b6,12,59 E1 E5 42 3A 49 95 42 00 00 6C 42
1787900451.791694,34680,23b7,12,C5 34 DC 42 BE 19 9B 42 00 00 70 42
1787900451.794749,34680,23b8,12,FA 52 D2 42 90 B8 9E 42 00 00 74 42
1787900451.796097,34680,23b9,12,52 58 C8 42 A2 FF 9F 42 00 00 78 42
1787900451.797400,34680,23ba,12,C8 5C BE 42 AA E2 9E 42 00 00 7C 42
1787900451.798745,34680,23bb,12,59 78 B4 42 4A 6C 9B 42 00 00 80 42
1787900451.800230,34680,23bc,12,67 C7 AA 42 E8 C0 95 42 00 00 82 42
1787900451.801614,34680,23bd,12,B8 5F A1 42 A7 18 8E 42 00 00 84 42
1787900451.803009,34680,23be,12,4A 5C 98 42 07 C4 84 42 00 00 86 42
1787900451.804312,34680,23bf,12,A6 D2 8F 42 52 42 74 42 00 00 88 42
1787900451.805647,34680,23c0,12,70 D7 87 42 69 35 5D 42 00 00 8A 42
1787900451.807211,34680,23c1,12,8C 81 80 42 A3 53 45 42 00 00 8C 42
1787900451.808654,34680,23c2,12,EC C2 73 42 7A 89 2D 42 00 00 8E 42
1787900451.810064,34680,23c3,12,62 14 68 42 04 D1 16 42 00 00 90 42
1787900451.811400,34680,23c4,12,26 13 5E 42 44 0E 02 42 00 00 92 42
1787900451.812688,34680,23c5,12,A9 D7 55 42 F0 24 E0 41 00 00 94 42
1787900451.815365,34680,23c6,12,89 79 4F 42 54 35 C3 41 00 00 96 42
1787900451.816806,34680,23c7,12,14 07 4B 42 3A 6C AE 41 00 00 98 42
1787900451.818251,34680,23c8,12,0E 8D 48 42 23 A4 A2 41 00 00 9A 42
1787900451.819516,34680,23c9,12,F2 10 48 42 54 51 A0 41 00 00 9C 42
1787900451.820863,34680,23ca,12,62 94 49 42 60 8D A7 41 00 00 9E 42
1787900451.822261,34680,23cb,12,07 13 4D 42 39 0C B8 41 00 00 A0 42
1787900451.823647,34680,23cc,12,04 85 52 42 89 2A D1 41 00 00 A2 42
1787900451.825035,34680,23cd,12,BD DA 59 42 42 E0 F1 41 00 00 A4 42
1787900451.826355,34680,23ce,12,24 02 63 42 80 71 0C 42 00 00 A6 42
1787900451.828118,34680,23cf,12,A5 E5 6D 42 F7 55 22 42 00 00 A8 42
1787900451.829524,34680,23d0,12,04 66 7A 42 62 B7 39 42 00 00 AA 42
1787900451.830849,34680,23d1,12,94 33 84 42 3F AE 51 42 00 00 AC 42
1787900451.832250,34680,23d2,12,72 E0 8B 42 A3 3E 69 42 00 00 AE 42
1787900451.833544,34680,23d3,12,08 27 94 42 E6 7B 7F 42 00 00 B0 42
1787900451.834977,34680,23d4,12,93 F3 9C 42 0B C3 89 42 00 00 B2 42
1787900451.836392,34680,23d5,12,D8 2C A6 42 44 45 92 42 00 00 B4 42
1787900451.837760,34680,23d6,12,1B BE AF 42 5E F0 98 42 00 00 B6 42
1787900451.839014,34680,23d7,12,EA 8B B9 42 40 7E 9D 42 00 00 B8 42
1787900451.840296,34680,23d8,12,AC 7E C3 42 A6 C1 9F 42 00 00 BA 42
1787900451.841822,34680,23d9,12,83 7E CD 42 44 A3 9F 42 00 00 BC 42
1787900451.843236,34680,23da,12,BE 6E D7 42 5C 24 9D 42 00 00 BE 42
1787900451.844576,34680,23db,12,08 39 E1 42 A1 5D 98 42 00 00 C0 42
1787900451.845961,34680,23dc,12,4A C1 EA 42 4B 81 91 42 00 00 C2 42
1787900451.847252,34680,23dd,12,B2 F0 F3 42 C3 D4 88 42 00 00 C4 42
1787900451.849953,34680,23de,12,16 B1 FC 42 AD 5D 7D 42 00 00 C6 42
1787900451.851353,34680,23df,12,AE 74 02 43 69 F4 66 42 00 00 C8 42
1787900451.852752,34680,23e0,12,86 43 06 43 A1 4B 4F 42 00 00 CA 42
1787900451.854069,34680,23e1,12,26 BA 09 43 0E 5C 37 42 00 00 CC 42
1787900451.855993,34680,23e2,12,52 D0 0C 43 3A 16 20 42 00 00 CE 42
1787900451.857392,34680,23e3,12,88 7E 0F 43 56 64 0A 42 00 00 D0 42
1787900451.858781,34680,23e4,12,18 BD 11 43 E0 54 EE 41 00 00 D2 42
1787900451.860127,34680,23e5,12,F6 86 13 43 D3 4D CE 41 00 00 D4 42
1787900451.861524,34680,23e6,12,00 D7 14 43 33 04 B6 41 00 00 D6 42
1787900451.862915,34680,23e7,12,2E AA 15 43 37 6A A6 41 00 00 D8 42
1787900451.864317,34680,23e8,12,66 FE 15 43 C7 1E A0 41 00 00 DA 42
1787900451.865705,34680,23e9,12,B5 D2 15 43 10 64 A3 41 00 00 DC 42
1787900451.867060,34680,23ea,12,80 27 15 43 B0 19 B0 41 00 00 DE 42
1787900451.868344,34680,23eb,12,AF FE 13 43 0B BA C5 41 00 00 E0 42
1787900451.869749,34680,23ec,12,2A 5B 12 43 C7 69 E3 41 00 00 E2 42
1787900451.871045,34680,23ed,12,C5 40 10 43 1F 00 04 42 00 00 E4 42
1787900451.872458,34680,23ee,12,87 B5 0D 43 68 FE 18 42 00 00 E6 42
1787900451.873768,34680,23ef,12,28 BF 0A 43 DF DF 2F 42 00 00 E8 42
1787900451.875054,34680,23f0,12,28 66 07 43 FE B3 47 42 00 00 EA 42
1787900451.876651,34680,23f1,12,A8 B2 03 43 23 8B 5F 42 00 00 EC 42
1787900451.878059,34680,23f2,12,EE 5A FF 42 94 75 76 42 00 00 EE 42
1787900451.879441,34680,23f3,12,3B C4 F6 42 34 C1 85 42 00 00 A0 41
1787900451.880850,34680,23f4,12,86 B4 ED 42 9A F0 8E 42 00 00 A8 41
1787900451.882252,34680,23f5,12,CC 45 E4 42 6C 68 96 42 00 00 B0 41
1787900451.883641,34680,23f6,12,CA 8E DA 42 08 DE 9B 42 00 00 B8 41
1787900451.885317,34680,23f7,12,C7 A6 D0 42 11 1A 9F 42 00 00 C0 41
1787900451.886712,34680,23f8,12,30 AA C6 42 86 FA 9F 42 00 00 C8 41
1787900451.888000,34680,23f9,12,74 AF BC 42 B8 76 9E 42 00 00 D0 41
1787900451.889296,34680,23fa,12,36 D3 B2 42 95 9E 9A 42 00 00 D8 41
1787900451.890577,34680,23fb,12,1C 2D A9 42 46 99 94 42 00 00 E0 41
1787900451.891846,34680,23fc,12,60 D4 9F 42 D5 A2 8C 42 00 00 E8 41
1787900451.893247,34680,23fd,12,D4 E3 96 42 F6 0E 83 42 00 00 F0 41
1787900451.894642,34680,23fe,12,90 6F 8E 42 02 79 70 42 00 00 F8 41
1787900451.895929,34680,23ff,12,D4 8F 86 42 71 3A 59 42 00 00 00 42
1787900451.897321,34680,2400,12,C8 AE 7E 42 21 4C 41 42 00 00 04 42
1787900451.898690,34680,2401,12,86 AF 71 42 90 9E 29 42 00 00 08 42
1787900451.899946,34680,2402,12,29 47 66 42 A6 2A 13 42 00 00 0C 42
1787900451.901397,34680,2403,12,55 8F 5C 42 6E 9D FD 41 00 00 10 42
1787900451.902726,34680,2404,12,EB A3 54 42 90 C1 DA 41 00 00 14 42
1787900451.904039,34680,2405,12,82 97 4E 42 8E 1E BF 41 00 00 18 42
1787900451.905535,34680,2406,12,15 79 4A 42 01 CC AB 41 00 00 1C 42
1787900451.906822,34680,2407,12,74 54 48 42 08 95 A1 41 00 00 20 42
1787900451.908247,34680,2408,12,70 2E 48 42 CA DE A0 41 00 00 24 42
1787900451.909525,34680,2409,12,75 07 4A 42 C0 B0 A9 41 00 00 28 42
1787900451.910958,34680,240a,12,9E DA 4D 42 17 B0 BB 41 00 00 2C 42
1787900451.912389,34680,240b,12,2F 9F 53 42 F5 29 D6 41 00 00 30 42
1787900451.913795,34680,240c,12,9C 44 5B 42 09 08 F8 41 00 00 34 42
1787900451.915119,34680,240d,12,B7 B9 64 42 7C FD 0F 42 00 00 38 42
1787900451.916421,34680,240e,12,5D E3 6F 42 66 2F 26 42 00 00 3C 42
1787900451.919112,34680,240f,12,5C A6 7C 42 43 BA 3D 42 00 00 40 42
1787900451.920532,34680,2410,12,34 72 85 42 A2 B1 55 42 00 00 44 42
1787900451.921932,34680,2411,12,52 3A 8D 42 95 19 6D 42 00 00 48 42
1787900451.923208,34680,2412,12,0C 9A 95 42 2B 85 81 42 00 00 4C 42
1787900451.924616,34680,2413,12,5C 79 9E 42 A2 4E 8B 42 00 00 50 42
1787900451.926020,34680,2414,12,D6 C2 A7 42 20 87 93 42 00 00 54 42
1787900451.927319,34680,2415,12,42 60 B1 42 9D DB 99 42 00 00 58 42
1787900451.928716,34680,2416,12,0B 36 BB 42 8E 09 9E 42 00 00 5C 42
1787900451.930054,34680,2417,12,16 2E C5 42 92 E7 9F 42 00 00 60 42
1787900451.932704,34680,2418,12,CA 2B CF 42 06 62 9F 42 00 00 64 42
1787900451.934116,34680,2419,12,28 17 D9 42 B8 7E 9C 42 00 00 68 42
1787900451.935421,34680,241a,12,56 D8 E2 42 24 5A 97 42 00 00 6C 42
1787900451.936779,34680,241b,12,58 53 EC 42 5A 2A 90 42 00 00 70 42
1787900451.938296,34680,241c,12,E0 72 F5 42 85 36 87 42 00 00 74 42
1787900451.942715,34680,241d,12,C0 1C FE 42 7F B9 79 42 00 00 78 42
1787900451.944011,34680,241e,12,24 1E 03 43 B7 0A 63 42 00 00 7C 42
1787900451.945501,34680,241f,12,EA DE 06 43 56 44 4B 42 00 00 80 42
1787900451.946815,34680,2420,12,EC 45 0A 43 48 60 33 42 00 00 82 42
1787900451.948212,34680,2421,12,85 4B 0D 43 1F 4B 1C 42 00 00 84 42
1787900451.949558,34680,2422,12,0A E7 0F 43 80 F7 06 42 00 00 86 42
1787900451.950844,34680,2423,12,51 12 12 43 90 76 E8 41 00 00 88 42
1787900451.953380,34680,2424,12,0A C8 13 43 EF A6 C9 41 00 00 8A 42
1787900451.954798,34680,2425,12,4C 03 15 43 03 C4 B2 41 00 00 8C 42
1787900451.956159,34680,2426,12,53 C1 15 43 6A B0 A4 41 00 00 8E 42
1787900451.957480,34680,2427,12,FE FF 15 43 1E 00 A0 41 00 00 90 42
1787900451.959133,34680,2428,12,D5 BE 15 43 0B E0 A4 41 00 00 92 42
1787900451.960533,34680,2429,12,56 FE 14 43 66 21 B3 41 00 00 94 42
1787900451.961933,34680,242a,12,A8 C0 13 43 54 2E CA 41 00 00 96 42
1787900451.963329,34680,242b,12,97 08 12 43 96 22 E9 41 00 00 98 42
1787900451.964611,34680,242c,12,10 DB 0F 43 64 5C 07 42 00 00 9A 42
1787900451.967109,34680,242d,12,6A 3D 0D 43 DE BA 1C 42 00 00 9C 42
1787900451.968520,34680,242e,12,D4 35 0A 43 6F D6 33 42 00 00 9E 42
1787900451.970801,34680,242f,12,FE CC 06 43 2E BC 4B 42 00 00 A0 42
1787900451.972930,34680,2430,12,94 0A 03 43 7A 7F 63 42 00 00 A2 42
1787900451.974429,34680,2431,12,B6 F2 FD 42 84 26 7A 42 00 00 A4 42
1787900451.975822,34680,2432,12,5A 46 F5 42 FD 66 87 42 00 00 A6 42
1787900451.978398,34680,2433,12,C8 24 EC 42 D8 52 90 42 00 00 A8 42
1787900451.979255,34680,2434,12,33 A8 E2 42 0C 79 97 42 00 00 AA 42
1787900451.980414,34680,2435,12,ED E5 D8 42 CC 92 9C 42 00 00 AC 42
1787900451.984291,34680,2436,12,F5 F9 CE 42 7C 6A 9F 42 00 00 AE 42
1787900451.985539,34680,2437,12,26 FC C4 42 13 E4 9F 42 00 00 B0 42
1787900451.986693,34680,2438,12,81 04 BB 42 3C FA 9D 42 00 00 B2 42
1787900451.988868,34680,2439,12,9C 2F B1 42 16 C1 99 42 00 00 B4 42
1787900451.990061,34680,243a,12,90 93 A7 42 71 62 93 42 00 00 B6 42
1787900451.991440,34680,243b,12,EF 4B 9E 42 43 21 8B 42 00 00 B8 42
1787900451.992796,34680,243c,12,EC 6E 95 42 EC 50 81 42 00 00 BA 42
1787900451.994056,34680,243d,12,EE 11 8D 42 7D A7 6C 42 00 00 BC 42
1787900451.995268,34680,243e,12,F2 4C 85 42 7E 3A 55 42 00 00 BE 42
1787900451.996480,34680,243f,12,E0 62 7C 42 D3 42 3D 42 00 00 C0 42
1787900451.997786,34680,2440,12,92 A7 6F 42 6E BC 25 42 00 00 C2 42
1787900451.998958,34680,2441,12,35 86 64 42 8F 93 0F 42 00 00 C4 42
1787900452.001278,34680,2442,12,E9 19 5B 42 BC 4E F7 41 00 00 C6 42
1787900452.003516,34680,2443,12,B6 7D 53 42 95 92 D5 41 00 00 C8 42
1787900452.007102,34680,2444,12,B7 C2 4D 42 B1 40 BB 41 00 00 CA 42
1787900452.013000,34680,2445,12,5C F9 49 42 BF 6D A9 41 00 00 CC 42
1787900452.014311,34680,2446,12,47 2A 48 42 DA CA A0 41 00 00 CE 42
1787900452.020239,34680,2447,12,49 5A 48 42 FC B0 A1 41 00 00 D0 42
1787900452.021461,34680,2448,12,D7 88 4A 42 B4 16 AC 41 00 00 D2 42
1787900452.028218,34680,2449,12,0B B1 4E 42 0D 95 BF 41 00 00 D4 42
1787900452.033746,34680,244a,12,F7 C6 54 42 1B 5F DB 41 00 00 D6 42
1787900452.035228,34680,244b,12,8B BB 5C 42 BD 5B FE 41 00 00 D8 42
1787900452.040140,34680,244c,12,19 7C 66 42 67 96 13 42 00 00 DA 42
1787900452.040800,34680,244d,12,A8 EC 71 42 9C 12 2A 42 00 00 DC 42
1787900452.043708,34680,244e,12,80 F3 7E 42 DA C3 41 42 00 00 DE 42
1787900452.047587,34680,244f,12,A2 B5 86 42 10 B1 59 42 00 00 E0 42
1787900452.051781,34680,2450,12,71 98 8E 42 CE E9 70 42 00 00 E2 42
1787900452.055046,34680,2451,12,5F 0F 97 42 32 42 83 42 00 00 E4 42
1787900452.055826,34680,2452,12,25 02 A0 42 DC CE 8C 42 00 00 E6 42
1787900452.058128,34680,2453,12,A6 5C A9 42 56 BC 94 42 00 00 E8 42
1787900452.062860,34680,2454,12,0C 04 B3 42 4A B7 9A 42 00 00 EA 42
1787900452.068263,34680,2455,12,19 E1 BC 42 16 84 9E 42 00 00 EC 42
1787900452.069153,34680,2456,12,24 DC C6 42 02 FC 9F 42 00 00 EE 42
1787900452.071012,34680,2457,12,8B D8 D0 42 9E 0F 9F 42 00 00 A0 41
1787900452.072370,34680,2458,12,DE BF DA 42 0F C8 9B 42 00 00 A8 41
1787900452.075274,34680,2459,12,B4 75 E4 42 CF 47 96 42 00 00 B0 41
1787900452.079410,34680,245a,12,C6 E2 ED 42 A6 C6 8E 42 00 00 B8 41
1787900452.082221,34680,245b,12,5D F0 F6 42 94 8F 85 42 00 00 C0 41
1787900452.084449,34680,245c,12,81 84 FF 42 F1 06 76 42 00 00 C8 41
1787900452.088677,34680,245d,12,F5 C5 03 43 87 15 5F 42 00 00 D0 41
1787900452.089639,34680,245e,12,C8 77 07 43 18 3C 47 42 00 00 D8 41
1787900452.091002,34680,245f,12,ED CE 0A 43 78 6A 2F 42 00 00 E0 41
1787900452.091721,34680,2460,12,48 C3 0D 43 2F 90 18 42 00 00 E8 41
1787900452.094691,34680,2461,12,60 4C 10 43 77 9D 03 42 00 00 F0 41
1787900452.100267,34680,2462,12,81 64 12 43 7C C3 E2 41 00 00 F8 41
1787900452.102694,34680,2463,12,AA 05 14 43 60 39 C5 41 00 00 00 42
1787900452.111678,34680,2464,12,0C 2C 15 43 C7 C3 AF 41 00 00 04 42
1787900452.112560,34680,2465,12,C8 D4 15 43 5C 3C A3 41 00 00 08 42
1787900452.116745,34680,2466,12,FA FD 15 43 D5 26 A0 41 00 00 0C 42
1787900452.121179,34680,2467,12,45 A7 15 43 BD A1 A6 41 00 00 10 42
1787900452.122483,34680,2468,12,A1 D1 14 43 F4 68 B6 41 00 00 14 42
1787900452.123471,34680,2469,12,2E 7F 13 43 CB DB CE 41 00 00 18 42
1787900452.123971,34680,246a,12,FB B2 11 43 6A 06 EF 41 00 00 1C 42
1787900452.125154,34680,246b,12,30 72 0F 43 58 CB 0A 42 00 00 20 42
1787900452.127414,34680,246c,12,DF C1 0C 43 60 87 20 42 00 00 24 42
1787900452.128253,34680,246d,12,BD A9 09 43 D4 D2 37 42 00 00 28 42
1787900452.129349,34680,246e,12,51 31 06 43 4B C3 4F 42 00 00 2C 42
1787900452.130587,34680,246f,12,DB 60 02 43 30 68 67 42 00 00 30 42
1787900452.132523,34680,2470,12,9A 86 FC 42 F6 C8 7D 42 00 00 34 42
1787900452.133777,34680,2471,12,CC C3 F3 42 04 04 89 42 00 00 38 42
1787900452.135034,34680,2472,12,6E 92 EA 42 46 A8 91 42 00 00 3C 42
1787900452.136305,34680,2473,12,AD 08 E1 42 CA 7A 98 42 00 00 40 42
1787900452.137627,34680,2474,12,61 3D D7 42 87 36 9D 42 00 00 44 42
1787900452.138965,34680,2475,12,A1 4C CD 42 BA A9 9F 42 00 00 48 42
1787900452.140318,34680,2476,12,C5 4C C3 42 23 BC 9F 42 00 00 4C 42
1787900452.141639,34680,2477,12,7D 5A B9 42 FE 6C 9D 42 00 00 50 42
1787900452.142987,34680,2478,12,A7 8D AF 42 0D D4 98 42 00 00 54 42
1787900452.144221,34680,2479,12,D9 FD A5 42 03 1F 92 42 00 00 58 42
1787900452.145556,34680,247a,12,81 C6 9C 42 62 94 89 42 00 00 5C 42
1787900452.146864,34680,247b,12,56 FC 93 42 7A 11 7F 42 00 00 60 42
1787900452.148102,34680,247c,12,8F B8 8B 42 5E CB 68 42 00 00 64 42
1787900452.149434,34680,247d,12,E4 0E 84 42 B9 36 51 42 00 00 68 42
1787900452.150694,34680,247e,12,C7 23 7A 42 5E 40 39 42 00 00 6C 42
1787900452.151991,34680,247f,12,33 AB 6D 42 33 E4 21 42 00 00 70 42
1787900452.153278,34680,2480,12,15 D0 62 42 87 09 0C 42 00 00 74 42
1787900452.154543,34680,2481,12,91 B1 59 42 2E 2C F1 41 00 00 78 42
1787900452.155756,34680,2482,12,22 65 52 42 7D 99 D0 41 00 00 7C 42
1787900452.157082,34680,2483,12,C2 FC 4C 42 05 A4 B7 41 00 00 80 42
1787900452.158448,34680,2484,12,F2 87 49 42 26 52 A7 41 00 00 82 42
1787900452.159708,34680,2485,12,79 0E 48 42 76 45 A0 41 00 00 84 42
1787900452.161127,34680,2486,12,91 94 48 42 13 C8 A2 41 00 00 86 42
1787900452.162470,34680,2487,12,7F 18 4B 42 8A BE AE 41 00 00 88 42
1787900452.163720,34680,2488,12,B0 94 4F 42 C3 B2 C3 41 00 00 8A 42
1787900452.165009,34680,2489,12,47 FC 55 42 76 C8 E0 41 00 00 8C 42
1787900452.166330,34680,248a,12,DE 40 5E 42 D4 6F 02 42 00 00 8E 42
1787900452.167655,34680,248b,12,BC 4A 68 42 79 3E 17 42 00 00 90 42
1787900452.168997,34680,248c,12,5F 01 74 42 79 FE 2D 42 00 00 92 42
1787900452.170222,34680,248d,12,82 A4 80 42 82 CB 45 42 00 00 94 42
1787900452.171450,34680,248e,12,CA FD 87 42 61 AB 5D 42 00 00 96 42
1787900452.172802,34680,248f,12,01 FC 8F 42 AE B1 74 42 00 00 98 42
1787900452.174792,34680,2490,12,3C 88 98 42 2F F6 84 42 00 00 9A 42
1787900452.176044,34680,2491,12,D2 8D A1 42 4A 43 8E 42 00 00 9C 42
1787900452.177327,34680,2492,12,31 F7 AA 42 50 E2 95 42 00 00 9E 42
1787900452.178523,34680,2493,12,5A A9 B4 42 25 83 9B 42 00 00 A0 42
1787900452.179880,34680,2494,12,82 8E BE 42 0D EE 9E 42 00 00 A2 42
1787900452.181172,34680,2495,12,47 8A C8 42 1A FF 9F 42 00 00 A4 42
1787900452.182666,34680,2496,12,AA 84 D2 42 23 AC 9E 42 00 00 A6 42
1787900452.183878,34680,2497,12,B0 65 DC 42 E8 01 9B 42 00 00 A8 42
1787900452.185113,34680,2498,12,02 11 E6 42 F1 26 95 42 00 00 AA 42
1787900452.186762,34680,2499,12,E6 70 EF 42 38 55 8D 42 00 00 AC 42
1787900452.187930,34680,249a,12,76 6A F8 42 EF DE 83 42 00 00 AE 42
1787900452.189273,34680,249b,12,20 74 00 43 14 47 72 42 00 00 B0 42
1787900452.190503,34680,249c,12,DE 6A 04 43 51 1D 5B 42 00 00 B2 42
1787900452.191683,34680,249d,12,16 0E 08 43 13 34 43 42 00 00 B4 42
1787900452.192926,34680,249e,12,9C 55 0B 43 20 78 2B 42 00 00 B6 42
1787900452.194480,34680,249f,12,07 38 0E 43 F5 E2 14 42 00 00 B8 42
1787900452.195728,34680,24a0,12,82 AE 10 43 32 57 00 42 00 00 BA 42
1787900452.197110,34680,24a1,12,09 B3 12 43 DC 47 DD 41 00 00 BC 42
1787900452.198418,34680,24a2,12,D2 3F 14 43 71 06 C1 41 00 00 BE 42
1787900452.199712,34680,24a3,12,60 51 15 43 ED 01 AD 41 00 00 C0 42
1787900452.201055,34680,24a4,12,A4 E4 15 43 BF 0C A2 41 00 00 C2 42
1787900452.202339,34680,24a5,12,59 F8 15 43 E2 92 A0 41 00 00 C4 42
1787900452.203669,34680,24a6,12,32 8C 15 43 64 A5 A8 41 00 00 C6 42
1787900452.204917,34680,24a7,12,65 A1 14 43 68 EF B9 41 00 00 C8 42
1787900452.206138,34680,24a8,12,02 3A 13 43 BE C5 D3 41 00 00 CA 42
1787900452.207372,34680,24a9,12,11 5A 11 43 C7 18 F5 41 00 00 CC 42
1787900452.209375,34680,24aa,12,2C 06 0F 43 FE 4B 0E 42 00 00 CE 42
1787900452.210725,34680,24ab,12,D2 43 0C 43 CC 5B 24 42 00 00 D0 42
1787900452.211897,34680,24ac,12,EE 1A 09 43 E5 D3 3B 42 00 00 D2 42
1787900452.213104,34680,24ad,12,97 92 05 43 E4 CB 53 42 00 00 D4 42
1787900452.214466,34680,24ae,12,F1 B4 01 43 D2 47 6B 42 00 00 D6 42
1787900452.215666,34680,24af,12,B1 16 FB 42 EE AD 80 42 00 00 D8 42
1787900452.217018,34680,24b0,12,78 3F F2 42 D3 94 8A 42 00 00 DA 42
1787900452.218361,34680,24b1,12,94 FD E8 42 82 F0 92 42 00 00 DC 42
1787900452.219637,34680,24b2,12,D3 65 DF 42 38 6E 99 42 00 00 DE 42
1787900452.220946,34680,24b3,12,BA 93 D5 42 B8 C9 9D 42 00 00 E0 42
1787900452.222195,34680,24b4,12,EB 9E CB 42 BA D7 9F 42 00 00 E2 42
1787900452.223531,34680,24b5,12,4B 9F C1 42 0B 83 9F 42 00 00 E4 42
1787900452.224880,34680,24b6,12,88 B1 B7 42 26 CF 9C 42 00 00 E6 42
1787900452.226067,34680,24b7,12,F4 EB AD 42 CD D6 97 42 00 00 E8 42
1787900452.227291,34680,24b8,12,97 6A A4 42 40 CE 90 42 00 00 EA 42
1787900452.228734,34680,24b9,12,34 44 9B 42 A4 FC 87 42 00 00 EC 42
1787900452.230100,34680,24ba,12,DB 8E 92 42 78 74 7B 42 00 00 EE 42
1787900452.231456,34680,24bb,12,8A 63 8A 42 C5 E5 64 42 00 00 A0 41
1787900452.232809,34680,24bc,12,9D D4 82 42 8A 2C 4D 42 00 00 A8 41
1787900452.234143,34680,24bd,12,83 EF 77 42 2C 42 35 42 00 00 B0 41
1787900452.235470,34680,24be,12,91 BA 6B 42 FD 16 1E 42 00 00 B8 41
1787900452.236816,34680,24bf,12,16 28 61 42 24 94 08 42 00 00 C0 41
1787900452.238043,34680,24c0,12,65 56 58 42 88 37 EB 41 00 00 C8 41
1787900452.239380,34680,24c1,12,50 59 51 42 68 D3 CB 41 00 00 D0 41
1787900452.240553,34680,24c2,12,E4 44 4C 42 E5 45 B4 41 00 00 D8 41
1787900452.241904,34680,24c3,12,E1 24 49 42 CE 79 A5 41 00 00 E0 41
1787900452.243579,34680,24c4,12,3F 01 48 42 FB 05 A0 41 00 00 E8 41
1787900452.244918,34680,24c5,12,41 DD 48 42 BC 23 A4 41 00 00 F0 41
1787900452.246163,34680,24c6,12,FB B6 4B 42 50 AA B1 41 00 00 F8 41
1787900452.247348,34680,24c7,12,3E 86 50 42 88 0B C8 41 00 00 00 42
1787900452.248705,34680,24c8,12,08 3F 57 42 7A 64 E6 41 00 00 04 42
1787900452.250068,34680,24c9,12,A6 D1 5F 42 EA C2 05 42 00 00 08 42
1787900452.251373,34680,24ca,12,7E 25 6A 42 A3 F4 1A 42 00 00 0C 42
1787900452.252538,34680,24cb,12,5C 23 76 42 8A F5 31 42 00 00 10 42
1787900452.253886,34680,24cc,12,6C D4 81 42 CE D3 49 42 00 00 14 42
1787900452.255112,34680,24cd,12,91 4A 89 42 6E 9F 61 42 00 00 18 42
1787900452.256435,34680,24ce,12,56 62 91 42 1B 69 78 42 00 00 1C 42
1787900452.257784,34680,24cf,12,87 04 9A 42 A5 A0 86 42 00 00 20 42
1787900452.259047,34680,24d0,12,BA 1D A3 42 CA AC 8F 42 00 00 24 42
1787900452.261184,34680,24d1,12,D6 93 AC 42 E0 F9 96 42 00 00 28 42
1787900452.261702,34680,24d2,12,0E 50 B6 42 F4 3E 9C 42 00 00 2C 42
1787900452.262929,34680,24d3,12,0D 3B C0 42 91 46 9F 42 00 00 30 42
1787900452.264283,34680,24d4,12,60 38 CA 42 DC F0 9F 42 00 00 34 42
1787900452.265654,34680,24d5,12,92 31 D4 42 3E 37 9E 42 00 00 38 42
1787900452.267014,34680,24d6,12,08 0A DE 42 DA 2B 9A 42 00 00 3C 42
1787900452.268213,34680,24d7,12,25 AA E7 42 DD F7 93 42 00 00 40 42
1787900452.269576,34680,24d8,12,BB FA F0 42 27 D9 8B 42 00 00 44 42
1787900452.270931,34680,24d9,12,10 E1 F9 42 14 25 82 42 00 00 48 42
1787900452.272183,34680,24da,12,93 24 01 43 72 77 6E 42 00 00 4C 42
1787900452.273418,34680,24db,12,6E 0D 05 43 95 1F 57 42 00 00 50 42
1787900452.274854,34680,24dc,12,C8 A1 08 43 72 2D 3F 42 00 00 54 42
1787900452.276275,34680,24dd,12,F4 D8 0B 43 B2 91 27 42 00 00 58 42
1787900452.277677,34680,24de,12,B8 A9 0E 43 82 44 11 42 00 00 5C 42
1787900452.279022,34680,24df,12,C0 0D 11 43 6E 45 FA 41 00 00 60 42
1787900452.280448,34680,24e0,12,31 FE 12 43 E4 FF D7 41 00 00 64 42
1787900452.281747,34680,24e1,12,7C 76 14 43 55 0F BD 41 00 00 68 42
1787900452.283098,34680,24e2,12,FF 72 15 43 5D 84 AA 41 00 00 6C 42
1787900452.284685,34680,24e3,12,E4 F0 15 43 EB 21 A1 41 00 00 70 42
1787900452.286058,34680,24e4,12,11 EF 15 43 EB 44 A1 41 00 00 74 42
1787900452.288794,34680,24e5,12,8B 6D 15 43 EC EB AA 41 00 00 78 42
1787900452.290448,34680,24e6,12,A6 6D 14 43 BE B3 BD 41 00 00 7C 42
1787900452.292695,34680,24e7,12,AC F1 12 43 A6 E1 D8 41 00 00 80 42
1787900452.297166,34680,24e8,12,E0 FD 10 43 EC 57 FB 41 00 00 82 42
1787900452.299031,34680,24e9,12,A4 96 0E 43 AA E0 11 42 00 00 84 42
1787900452.302060,34680,24ea,12,DD C2 0B 43 86 3A 28 42 00 00 86 42
1787900452.303131,34680,24eb,12,6F 89 08 43 7B D8 3F 42 00 00 88 42
1787900452.306601,34680,24ec,12,01 F2 04 43 56 CD 57 42 00 00 8A 42
1787900452.309613,34680,24ed,12,E2 06 01 43 41 1D 6F 42 00 00 8C 42
1787900452.311376,34680,24ee,12,BC A1 F9 42 B4 70 82 42 00 00 8E 42
1787900452.313636,34680,24ef,12,18 B8 F0 42 7C 1A 8C 42 00 00 90 42
1787900452.314953,34680,24f0,12,58 66 E7 42 2C 2B 94 42 00 00 92 42
1787900452.315191,34680,24f1,12,CC C2 DD 42 4B 51 9A 42 00 00 94 42
1787900452.315901,34680,24f2,12,19 E9 D3 42 34 4C 9E 42 00 00 96 42
1787900452.317347,34680,24f3,12,62 EF C9 42 7F F4 9F 42 00 00 98 42
1787900452.318699,34680,24f4,12,46 F2 BF 42 BF 38 9F 42 00 00 9A 42
1787900452.319910,34680,24f5,12,C1 09 B6 42 E2 20 9C 42 00 00 9C 42
1787900452.321200,34680,24f6,12,A8 4D AC 42 74 CB 96 42 00 00 9E 42
1787900452.322525,34680,24f7,12,E8 D9 A2 42 89 70 8F 42 00 00 A0 42
1787900452.323707,34680,24f8,12,BE C3 99 42 F4 58 86 42 00 00 A2 42
1787900452.325025,34680,24f9,12,3D 25 91 42 95 C8 77 42 00 00 A4 42
1787900452.326375,34680,24fa,12,FA 12 89 42 D1 F7 60 42 00 00 A6 42
1787900452.327622,34680,24fb,12,7C A0 81 42 9A 24 49 42 00 00 A8 42
1787900452.328918,34680,24fc,12,3D C6 75 42 66 49 31 42 00 00 AA 42
1787900452.330118,34680,24fd,12,11 D4 69 42 6C 52 1A 42 00 00 AC 42
1787900452.331340,34680,24fe,12,B9 8C 5F 42 16 31 05 42 00 00 AE 42
1787900452.332707,34680,24ff,12,7F 08 57 42 86 72 E5 41 00 00 B0 42
1787900452.334066,34680,2500,12,44 5C 50 42 8E 4A C7 41 00 00 B2 42
1787900452.335399,34680,2501,12,2C 9B 4B 42 48 27 B1 41 00 00 B4 42
1787900452.336722,34680,2502,12,E7 CF 48 42 E9 E3 A3 41 00 00 B6 42
1787900452.338081,34680,2503,12,79 02 48 42 DE 0B A0 41 00 00 B8 42
1787900452.339431,34680,2504,12,57 34 49 42 93 C3 A5 41 00 00 BA 42
1787900452.340761,34680,2505,12,1A 63 4C 42 C4 D3 B4 41 00 00 BC 42
1787900452.341976,34680,2506,12,A2 85 51 42 19 9E CC 41 00 00 BE 42
1787900452.343288,34680,2507,12,62 90 58 42 FE 36 EC 41 00 00 C0 42
1787900452.344513,34680,2508,12,29 6F 61 42 26 29 09 42 00 00 C2 42
1787900452.345717,34680,2509,12,3C 0C 6C 42 D2 B7 1E 42 00 00 C4 42
1787900452.347090,34680,250a,12,83 4E 78 42 51 EF 35 42 00 00 C6 42
1787900452.348365,34680,250b,12,68 09 83 42 92 DB 4D 42 00 00 C8 42
1787900452.349564,34680,250c,12,1C 9D 8A 42 B5 8F 65 42 00 00 CA 42
1787900452.350785,34680,250d,12,9E CC 92 42 8B 12 7C 42 00 00 CC 42
1787900452.352096,34680,250e,12,24 84 9B 42 18 41 88 42 00 00 CE 42
1787900452.353391,34680,250f,12,DB AE A4 42 54 08 91 42 00 00 D0 42
1787900452.354726,34680,2510,12,76 32 AE 42 B2 02 98 42 00 00 D2 42
1787900452.355920,34680,2511,12,94 F9 B7 42 1A EB 9C 42 00 00 D4 42
1787900452.357157,34680,2512,12,28 E8 C1 42 F3 8D 9F 42 00 00 D6 42
1787900452.358507,34680,2513,12,50 E6 CB 42 48 D1 9F 42 00 00 D8 42
1787900452.359712,34680,2514,12,0B DC D5 42 E9 B1 9D 42 00 00 DA 42
1787900452.361068,34680,2515,12,C8 AC DF 42 23 46 99 42 00 00 DC 42
1787900452.362416,34680,2516,12,77 42 E9 42 BF B9 92 42 00 00 DE 42
1787900452.363724,34680,2517,12,99 81 F2 42 92 51 8A 42 00 00 E0 42
1787900452.364945,34680,2518,12,0F 54 FB 42 82 62 80 42 00 00 E2 42
1787900452.366564,34680,2519,12,46 D2 01 43 34 A0 6A 42 00 00 E4 42
1787900452.367755,34680,251a,12,9B AD 05 43 7A 1D 53 42 00 00 E6 42
1787900452.369104,34680,251b,12,5B 33 09 43 A2 25 3B 42 00 00 E8 42
1787900452.370467,34680,251c,12,6C 59 0C 43 A4 B4 23 42 00 00 EA 42
1787900452.371660,34680,251d,12,54 18 0F 43 E2 B5 0D 42 00 00 EC 42
1787900452.372967,34680,251e,12,64 69 11 43 C3 0D F4 41 00 00 EE 42
1787900452.374326,34680,251f,12,F3 45 13 43 1E ED D2 41 00 00 A0 41
1787900452.375665,34680,2520,12,D4 A9 14 43 D9 51 B9 41 00 00 A8 41
1787900452.376909,34680,2521,12,0B 91 15 43 24 49 A8 41 00 00 B0 41
1787900452.378217,34680,2522,12,88 F9 15 43 24 7C A0 41 00 00 B8 41
1787900452.379617,34680,2523,12,34 E2 15 43 70 3B A2 41 00 00 C0 41
1787900452.381214,34680,2524,12,50 4B 15 43 AC 74 AD 41 00 00 C8 41
1787900452.382550,34680,2525,12,31 36 14 43 B4 B8 C1 41 00 00 D0 41
1787900452.383761,34680,2526,12,F2 A5 12 43 7E 32 DE 41 00 00 D8 41
1787900452.385101,34680,2527,12,6E 9E 10 43 05 E1 00 42 00 00 E0 41
1787900452.386527,34680,2528,12,6D 24 0E 43 B2 81 15 42 00 00 E8 41
1787900452.387778,34680,2529,12,08 3F 0B 43 6F 22 2C 42 00 00 F0 41
1787900452.389056,34680,252a,12,C2 F4 07 43 2C E3 43 42 00 00 F8 41
1787900452.390326,34680,252b,12,0A 4F 04 43 37 CA 5B 42 00 00 00 42
1787900452.391559,34680,252c,12,B9 56 00 43 62 E7 72 42 00 00 04 42
1787900452.392731,34680,252d,12,88 2A F8 42 07 29 84 42 00 00 08 42
1787900452.394294,34680,252e,12,C5 2D EF 42 8C 94 8D 42 00 00 0C 42
1787900452.395538,34680,252f,12,5A CB E5 42 FA 58 95 42 00 00 10 42
1787900452.396969,34680,2530,12,32 1E DC 42 AA 24 9B 42 00 00 14 42
1787900452.398256,34680,2531,12,9B 3D D2 42 D6 BD 9E 42 00 00 18 42
1787900452.399655,34680,2532,12,45 41 C8 42 CD FF 9F 42 00 00 1C 42
1787900452.401421,34680,2533,12,D7 45 BE 42 55 DD 9E 42 00 00 20 42
1787900452.402846,34680,2534,12,BE 61 B4 42 AC 61 9B 42 00 00 24 42
1787900452.404128,34680,2535,12,5C B1 AA 42 6D B1 95 42 00 00 28 42
1787900452.405477,34680,2536,12,E8 4B A1 42 44 06 8E 42 00 00 2C 42
1787900452.406761,34680,2537,12,07 48 98 42 D8 AC 84 42 00 00 30 42
1787900452.408211,34680,2538,12,96 BF 8F 42 E2 0E 74 42 00 00 34 42
1787900452.409647,34680,2539,12,C3 C5 87 42 F4 FE 5C 42 00 00 38 42
1787900452.411014,34680,253a,12,70 71 80 42 55 1C 45 42 00 00 3C 42
1787900452.412439,34680,253b,12,1C A8 73 42 30 57 2D 42 00 00 40 42
1787900452.413886,34680,253c,12,5B FB 67 42 93 9E 16 42 00 00 44 42
1787900452.415246,34680,253d,12,1D FE 5D 42 59 E1 01 42 00 00 48 42
1787900452.416700,34680,253e,12,D4 C6 55 42 B8 D9 DF 41 00 00 4C 42
1787900452.417990,34680,253f,12,11 6D 4F 42 BA FB C2 41 00 00 50 42
1787900452.419413,34680,2540,12,A6 FF 4A 42 18 49 AE 41 00 00 54 42
1787900452.420749,34680,2541,12,A8 89 48 42 DD 93 A2 41 00 00 58 42
1787900452.422022,34680,2542,12,27 12 48 42 1E 57 A0 41 00 00 5C 42
1787900452.423337,34680,2543,12,30 9A 49 42 02 A9 A7 41 00 00 60 42
1787900452.424739,34680,2544,12,5D 1D 4D 42 95 3C B8 41 00 00 64 42
1787900452.426046,34680,2545,12,CA 92 52 42 26 69 D1 41 00 00 68 42
1787900452.427348,34680,2546,12,CC ED 59 42 8E 33 F2 41 00 00 6C 42
1787900452.428778,34680,2547,12,4B 19 63 42 8D A1 0C 42 00 00 70 42
1787900452.430181,34680,2548,12,AA 00 6E 42 81 8A 22 42 00 00 74 42
1787900452.431538,34680,2549,12,A0 84 7A 42 50 EE 39 42 00 00 78 42
1787900452.432927,34680,254a,12,61 43 84 42 A5 E1 51 42 00 00 7C 42
1787900452.434273,34680,254b,12,DF F2 8B 42 C6 73 69 42 00 00 80 42
1787900452.435724,34680,254c,12,BE 3A 94 42 EC AC 7F 42 00 00 82 42
1787900452.437001,34680,254d,12,62 08 9D 42 85 D8 89 42 00 00 84 42
1787900452.438406,34680,254e,12,8A 42 A6 42 DB 56 92 42 00 00 86 42
1787900452.439711,34680,254f,12,F4 D2 AF 42 7C FC 98 42 00 00 88 42
1787900452.441016,34680,2550,12,B9 A2 B9 42 24 86 9D 42 00 00 8A 42
1787900452.442432,34680,2551,12,B3 95 C3 42 1D C4 9F 42 00 00 8C 42
1787900452.443699,34680,2552,12,87 95 CD 42 35 A0 9F 42 00 00 8E 42
1787900452.445092,34680,2553,12,84 85 D7 42 E6 1B 9D 42 00 00 90 42
1787900452.446481,34680,2554,12,D2 4D E1 42 06 51 98 42 00 00 92 42
1787900452.447774,34680,2555,12,E6 D6 EA 42 3F 6F 91 42 00 00 94 42
1787900452.449233,34680,2556,12,65 05 F4 42 E9 BE 88 42 00 00 96 42
1787900452.450590,34680,2557,12,AC C4 FC 42 1C 2C 7D 42 00 00 98 42
1787900452.451860,34680,2558,12,D2 7D 02 43 F3 BE 66 42 00 00 9A 42
1787900452.453282,34680,2559,12,59 4B 06 43 28 18 4F 42 00 00 9C 42
1787900452.454571,34680,255a,12,B6 C1 09 43 47 25 37 42 00 00 9E 42
1787900452.455900,34680,255b,12,F9 D6 0C 43 14 E2 1F 42 00 00 A0 42
1787900452.457229,34680,255c,12,36 84 0F 43 E4 34 0A 42 00 00 A2 42
1787900452.458652,34680,255d,12,BE C1 11 43 2D 03 EE 41 00 00 A4 42
1787900452.459907,34680,255e,12,4B 8A 13 43 FF 10 CE 41 00 00 A6 42
1787900452.461220,34680,255f,12,77 D9 14 43 00 D6 B5 41 00 00 A8 42
1787900452.462728,34680,2560,12,82 AB 15 43 E7 50 A6 41 00 00 AA 42
1787900452.464118,34680,2561,12,93 FE 15 43 60 1B A0 41 00 00 AC 42
1787900452.465512,34680,2562,12,BC D1 15 43 B2 76 A3 41 00 00 AE 42
1787900452.466902,34680,2563,12,86 25 15 43 E8 3E B0 41 00 00 B0 42
1787900452.468181,34680,2564,12,73 FB 13 43 AD F5 C5 41 00 00 B2 42
1787900452.469458,34680,2565,12,D8 56 12 43 BB B6 E3 41 00 00 B4 42
1787900452.472323,34680,2566,12,66 3B 10 43 BA 2D 04 42 00 00 B6 42
1787900452.473748,34680,2567,12,2B AF 0D 43 52 31 19 42 00 00 B8 42
1787900452.475016,34680,2568,12,5D B8 0A 43 65 12 30 42 00 00 BA 42
1787900452.476538,34680,2569,12,04 5E 07 43 4F EB 47 42 00 00 BC 42
1787900452.477941,34680,256a,12,BD A9 03 43 5F C1 5F 42 00 00 BE 42
1787900452.479337,34680,256b,12,BA 47 FF 42 90 A8 76 42 00 00 C0 42
1787900452.480689,34680,256c,12,DA AF F6 42 0F D8 85 42 00 00 C2 42
1787900452.481958,34680,256d,12,9E A0 ED 42 98 02 8F 42 00 00 C4 42
1787900452.483384,34680,256e,12,AF 2F E4 42 67 77 96 42 00 00 C6 42
1787900452.484809,34680,256f,12,23 78 DA 42 18 E8 9B 42 00 00 C8 42
1787900452.486165,34680,2570,12,D1 8F D0 42 CF 1E 9F 42 00 00 CA 42
1787900452.487585,34680,2571,12,24 93 C6 42 C2 F9 9F 42 00 00 CC 42
1787900452.488858,34680,2572,12,1B 9A BC 42 E7 70 9E 42 00 00 CE 42
1787900452.490136,34680,2573,12,B0 BC B2 42 1C 93 9A 42 00 00 D0 42
1787900452.491704,34680,2574,12,2F 17 A9 42 08 89 94 42 00 00 D2 42
1787900452.493074,34680,2575,12,46 BF 9F 42 77 8E 8C 42 00 00 D4 42
1787900452.494468,34680,2576,12,C2 CF 96 42 49 F7 82 42 00 00 D6 42
1787900452.495750,34680,2577,12,00 5E 8E 42 73 48 70 42 00 00 D8 42
1787900452.497597,34680,2578,12,68 7E 86 42 B0 03 59 42 00 00 DA 42
1787900452.499006,34680,2579,12,20 8F 7E 42 E6 14 41 42 00 00 DC 42
1787900452.500366,34680,257a,12,5F 93 71 42 0F 69 29 42 00 00 DE 42
1787900452.501760,34680,257b,12,CB 2E 66 42 01 F9 12 42 00 00 E0 42
1787900452.503062,34680,257c,12,5F 7C 5C 42 C1 4B FD 41 00 00 E2 42
1787900452.507224,34680,257d,12,CE 93 54 42 1D 79 DA 41 00 00 E4 42
1787900452.508613,34680,257e,12,CA 8B 4E 42 28 E8 BE 41 00 00 E6 42
1787900452.509893,34680,257f,12,E0 71 4A 42 D7 A9 AB 41 00 00 E8 42
1787900452.511346,34680,2580,12,D4 51 48 42 73 88 A1 41 00 00 EA 42
1787900452.512741,34680,2581,12,48 30 48 42 A6 E7 A0 41 00 00 EC 42
1787900452.514049,34680,2582,12,07 0E 4A 42 F8 CF A9 41 00 00 EE 42
1787900452.515449,34680,2583,12,B6 E5 4D 42 C4 E3 BB 41 00 00 A0 41
1787900452.516733,34680,2584,12,B0 AE 53 42 0C 70 D6 41 00 00 A8 41
1787900452.518050,34680,2585,12,5F 58 5B 42 BA 5D F8 41 00 00 B0 41
1787900452.519438,34680,2586,12,EC CF 64 42 1C 2B 10 42 00 00 B8 41
1787900452.520851,34680,2587,12,01 FF 6F 42 7E 64 26 42 00 00 C0 41
1787900452.522144,34680,2588,12,8B C5 7C 42 61 F1 3D 42 00 00 C8 41
1787900452.523404,34680,2589,12,6A 83 85 42 96 E8 55 42 00 00 D0 41
1787900452.524862,34680,258a,12,FA 4C 8D 42 2C 4E 6D 42 00 00 D8 41
1787900452.527149,34680,258b,12,9C AC 95 42 9B 9B 81 42 00 00 E0 41
1787900452.528523,34680,258c,12,55 8E 9E 42 83 63 8B 42 00 00 E8 41
1787900452.529908,34680,258d,12,A8 D8 A7 42 FC 97 93 42 00 00 F0 41
1787900452.531368,34680,258e,12,B6 76 B1 42 C8 E7 99 42 00 00 F8 41
1787900452.532798,34680,258f,12,E8 4C BB 42 8C 10 9E 42 00 00 00 42
1787900452.534196,34680,2590,12,90 43 C5 42 01 E9 9F 42 00 00 04 42
1787900452.535595,34680,2591,12,C7 42 CF 42 0B 5E 9F 42 00 00 08 42
1787900452.536988,34680,2592,12,DD 2D D9 42 62 75 9C 42 00 00 0C 42
1787900452.539708,34680,2593,12,89 EE E2 42 D0 4B 97 42 00 00 10 42
1787900452.541118,34680,2594,12,D1 68 EC 42 9D 17 90 42 00 00 14 42
1787900452.542401,34680,2595,12,02 86 F5 42 A1 21 87 42 00 00 18 42
1787900452.543711,34680,2596,12,21 30 FE 42 21 87 79 42 00 00 1C 42
1787900452.545093,34680,2597,12,29 27 03 43 CF D4 62 42 00 00 20 42
1787900452.546518,34680,2598,12,2B E7 06 43 09 0D 4B 42 00 00 24 42
1787900452.547760,34680,2599,12,55 4D 0A 43 CC 29 33 42 00 00 28 42
1787900452.549061,34680,259a,12,92 51 0D 43 1C 1B 1C 42 00 00 2C 42
1787900452.550450,34680,259b,12,8D EC 0F 43 0A C9 06 42 00 00 30 42
1787900452.551765,34680,259c,12,CA 16 12 43 6A 27 E8 41 00 00 34 42
1787900452.553080,34680,259d,12,6E CB 13 43 BA 68 C9 41 00 00 38 42
1787900452.554405,34680,259e,12,92 05 15 43 37 99 B2 41 00 00 3C 42
1787900452.555662,34680,259f,12,62 C2 15 43 36 9C A4 41 00 00 40 42
1787900452.557163,34680,25a0,12,FA FF 15 43 6F 00 A0 41 00 00 44 42
1787900452.558919,34680,25a1,12,AA BD 15 43 54 F6 A4 41 00 00 48 42
1787900452.560330,34680,25a2,12,07 FC 14 43 C6 4C B3 41 00 00 4C 42
1787900452.561733,34680,25a3,12,3C BD 13 43 0E 6D CA 41 00 00 50 42
1787900452.563027,34680,25a4,12,64 04 12 43 C7 6C E9 41 00 00 54 42
1787900452.564426,34680,25a5,12,86 D5 0F 43 06 8B 07 42 00 00 58 42
1787900452.566040,34680,25a6,12,E5 36 0D 43 7B EE 1C 42 00 00 5C 42
1787900452.567551,34680,25a7,12,64 2E 0A 43 FA 0C 34 42 00 00 60 42
1787900452.568946,34680,25a8,12,B7 C4 06 43 79 F3 4B 42 00 00 64 42
1787900452.570361,34680,25a9,12,27 02 03 43 AA B1 63 42 00 00 68 42
1787900452.571640,34680,25aa,12,4D DF FD 42 C1 58 7A 42 00 00 6C 42
1787900452.574354,34680,25ab,12,CC 31 F5 42 4E 7D 87 42 00 00 70 42
1787900452.575358,34680,25ac,12,4A 0F EC 42 78 65 90 42 00 00 74 42
1787900452.576767,34680,25ad,12,FB 91 E2 42 3C 87 97 42 00 00 78 42
1787900452.578164,34680,25ae,12,BF D0 D8 42 5E 9B 9C 42 00 00 7C 42
1787900452.579651,34680,25af,12,F6 E2 CE 42 50 6E 9F 42 00 00 80 42
1787900452.580922,34680,25b0,12,1C E5 C4 42 62 E2 9F 42 00 00 82 42
1787900452.582294,34680,25b1,12,A6 ED BA 42 17 F3 9D 42 00 00 84 42
1787900452.583699,34680,25b2,12,2B 19 B1 42 C6 B4 99 42 00 00 86 42
1787900452.585008,34680,25b3,12,3D 7F A7 42 9B 52 93 42 00 00 88 42
1787900452.586349,34680,25b4,12,FD 36 9E 42 47 0C 8B 42 00 00 8A 42
1787900452.587952,34680,25b5,12,0B 5B 95 42 C7 38 81 42 00 00 8C 42
1787900452.591209,34680,25b6,12,51 FF 8C 42 CC 72 6C 42 00 00 8E 42
1787900452.592738,34680,25b7,12,C8 3B 85 42 82 03 55 42 00 00 90 42
1787900452.594127,34680,25b8,12,E4 45 7C 42 77 0F 3D 42 00 00 92 42
1787900452.595308,34680,25b9,12,08 8C 6F 42 6D 87 25 42 00 00 94 42
1787900452.598698,34680,25ba,12,7F 6E 64 42 C2 62 0F 42 00 00 96 42
1787900452.600015,34680,25bb,12,45 06 5B 42 71 F9 F6 41 00 00 98 42
1787900452.601768,34680,25bc,12,55 6E 53 42 FC 4C D5 41 00 00 9A 42
1787900452.603096,34680,25bd,12,7E B8 4D 42 08 11 BB 41 00 00 9C 42
1787900452.604499,34680,25be,12,EB F2 49 42 24 4F A9 41 00 00 9E 42
1787900452.606476,34680,25bf,12,6D 28 48 42 F8 C1 A0 41 00 00 A0 42
1787900452.607661,34680,25c0,12,0B 5D 48 42 33 BE A1 41 00 00 A2 42
1787900452.611254,34680,25c1,12,2D 90 4A 42 78 39 AC 41 00 00 A4 42
1787900452.613332,34680,25c2,12,16 BC 4E 42 44 C8 BF 41 00 00 A6 42
1787900452.614652,34680,25c3,12,33 D7 54 42 07 A8 DB 41 00 00 A8 42
1787900452.615693,34680,25c4,12,00 D0 5C 42 BD B3 FE 41 00 00 AA 42
1787900452.617153,34680,25c5,12,94 94 66 42 30 C8 13 42 00 00 AC 42
1787900452.618567,34680,25c6,12,EA 08 72 42 32 48 2A 42 00 00 AE 42
1787900452.619877,34680,25c7,12,1B 11 7F 42 5A F7 41 42 00 00 B0 42
1787900452.621248,34680,25c8,12,1A C7 86 42 C5 E7 59 42 00 00 B2 42
1787900452.622859,34680,25c9,12,52 AB 8E 42 CA 1D 71 42 00 00 B4 42
1787900452.624112,34680,25ca,12,7A 23 97 42 CA 59 83 42 00 00 B6 42
1787900452.625298,34680,25cb,12,46 17 A0 42 1E E3 8C 42 00 00 B8 42
1787900452.626557,34680,25cc,12,1A 71 A9 42 5C CB 94 42 00 00 BA 42
1787900452.627792,34680,25cd,12,96 1A B3 42 9D C2 9A 42 00 00 BC 42
1787900452.629021,34680,25ce,12,01 F8 BC 42 2C 8A 9E 42 00 00 BE 42
1787900452.630308,34680,25cf,12,30 F3 C6 42 9D FC 9F 42 00 00 C0 42
1787900452.631568,34680,25d0,12,81 EF D0 42 B8 0A 9F 42 00 00 C2 42
1787900452.632723,34680,25d1,12,F9 D4 DA 42 8B BE 9B 42 00 00 C4 42
1787900452.633996,34680,25d2,12,CB 8B E4 42 B2 38 96 42 00 00 C6 42
1787900452.635839,34680,25d3,12,1A F8 ED 42 3C B3 8E 42 00 00 C8 42
1787900452.637136,34680,25d4,12,B6 04 F7 42 A3 78 85 42 00 00 CA 42
1787900452.638395,34680,25d5,12,AC 97 FF 42 D6 D3 75 42 00 00 CC 42
1787900452.639647,34680,25d6,12,40 CE 03 43 EA E2 5E 42 00 00 CE 42
1787900452.640908,34680,25d7,12,E6 7F 07 43 C7 04 47 42 00 00 D0 42
1787900452.642739,34680,25d8,12,30 D6 0A 43 56 34 2F 42 00 00 D2 42
1787900452.647647,34680,25d9,12,9E C9 0D 43 64 5D 18 42 00 00 D4 42
1787900452.649233,34680,25da,12,B7 51 10 43 0A 70 03 42 00 00 D6 42
1787900452.650448,34680,25db,12,82 68 12 43 2B 7C E2 41 00 00 D8 42
1787900452.651703,34680,25dc,12,DE 08 14 43 48 FE C4 41 00 00 DA 42
1787900452.652943,34680,25dd,12,22 2E 15 43 6F 9C AF 41 00 00 DC 42
1787900452.654333,34680,25de,12,BA D5 15 43 5A 2A A3 41 00 00 DE 42
1787900452.655691,34680,25df,12,C4 FD 15 43 DD 2A A0 41 00 00 E0 42
1787900452.656922,34680,25e0,12,00 A6 15 43 E7 B9 A6 41 00 00 E2 42
1787900452.658148,34680,25e1,12,22 CF 14 43 B9 97 B6 41 00 00 E4 42
1787900452.659389,34680,25e2,12,92 7B 13 43 8C 1D CF 41 00 00 E6 42
1787900452.660612,34680,25e3,12,4C AE 11 43 8B 58 EF 41 00 00 E8 42
1787900452.661843,34680,25e4,12,7B 6C 0F 43 F3 FA 0A 42 00 00 EA 42
1787900452.663243,34680,25e5,12,A5 BB 0C 43 17 B8 20 42 00 00 EC 42
1787900452.664572,34680,25e6,12,28 A2 09 43 A5 09 38 42 00 00 EE 42
1787900452.665820,34680,25e7,12,E8 28 06 43 7E FA 4F 42 00 00 A0 41
1787900452.667130,34680,25e8,12,B3 57 02 43 91 9D 67 42 00 00 A8 41
1787900452.668359,34680,25e9,12,FC 72 FC 42 64 FA 7D 42 00 00 B0 41
1787900452.669791,34680,25ea,12,79 B0 F3 42 4B 18 89 42 00 00 B8 41
1787900452.671158,34680,25eb,12,CC 7C EA 42 34 BA 91 42 00 00 C0 41
1787900452.672502,34680,25ec,12,5C F2 E0 42 2D 88 98 42 00 00 C8 41
1787900452.673739,34680,25ed,12,98 26 D7 42 D6 3E 9D 42 00 00 D0 41
1787900452.675008,34680,25ee,12,9C 35 CD 42 A2 AC 9F 42 00 00 D8 41
1787900452.676343,34680,25ef,12,4F 37 C3 42 B2 B9 9F 42 00 00 E0 41
1787900452.677751,34680,25f0,12,B0 43 B9 42 F4 64 9D 42 00 00 E8 41
1787900452.679119,34680,25f1,12,4E 77 AF 42 EA C6 98 42 00 00 F0 41
1787900452.680467,34680,25f2,12,2D E8 A5 42 4D 0D 92 42 00 00 F8 41
1787900452.681800,34680,25f3,12,BA B1 9C 42 CE 7E 89 42 00 00 00 42
1787900452.683298,34680,25f4,12,FD E9 93 42 A4 E3 7E 42 00 00 04 42
1787900452.684603,34680,25f5,12,2C A6 8B 42 24 96 68 42 00 00 08 42
1787900452.685853,34680,25f6,12,FC FD 83 42 90 FF 50 42 00 00 0C 42
1787900452.687200,34680,25f7,12,44 05 7A 42 79 09 39 42 00 00 10 42
1787900452.688545,34680,25f8,12,4A 90 6D 42 C3 AF 21 42 00 00 14 42
1787900452.689754,34680,25f9,12,9B BA 62 42 E2 DC 0B 42 00 00 18 42
1787900452.690950,34680,25fa,12,A0 9E 59 42 4D D9 F0 41 00 00 1C 42
1787900452.692847,34680,25fb,12,7C 56 52 42 D2 56 D0 41 00 00 20 42
1787900452.694172,34680,25fc,12,8C F2 4C 42 3B 74 B7 41 00 00 24 42
1787900452.695623,34680,25fd,12,47 82 49 42 20 37 A7 41 00 00 28 42
1787900452.696998,34680,25fe,12,78 0D 48 42 A5 40 A0 41 00 00 2C 42
1787900452.698400,34680,25ff,12,18 98 48 42 F8 D8 A2 41 00 00 30 42
1787900452.699699,34680,2600,12,98 20 4B 42 D0 E4 AE 41 00 00 34 42
1787900452.701125,34680,2601,12,48 A1 4F 42 E7 EC C3 41 00 00 38 42
1787900452.702409,34680,2602,12,3B 0D 56 42 25 14 E1 41 00 00 3C 42
1787900452.704594,34680,2603,12,95 54 5E 42 E0 99 02 42 00 00 40 42
1787900452.705892,34680,2604,12,DF 63 68 42 0A 71 17 42 00 00 44 42
1787900452.707243,34680,2605,12,3D 1E 74 42 7D 34 2E 42 00 00 48 42
1787900452.708647,34680,2606,12,AA B4 80 42 D2 02 46 42 00 00 4C 42
1787900452.709888,34680,2607,12,81 0F 88 42 C7 E1 5D 42 00 00 50 42
1787900452.711222,34680,2608,12,D0 0D 90 42 85 E1 74 42 00 00 54 42
1787900452.712645,34680,2609,12,86 9C 98 42 48 0D 85 42 00 00 58 42
1787900452.714049,34680,260a,12,1A A3 A1 42 E7 56 8E 42 00 00 5C 42
1787900452.715479,34680,260b,12,40 0D AB 42 AA F1 95 42 00 00 60 42
1787900452.716769,34680,260c,12,F8 BF B4 42 9E 8D 9B 42 00 00 64 42
1787900452.718217,34680,260d,12,E7 A3 BE 42 E0 F2 9E 42 00 00 68 42
1787900452.719643,34680,260e,12,53 A1 C8 42 C8 FE 9F 42 00 00 6C 42
1787900452.720951,34680,260f,12,95 9B D2 42 53 A6 9E 42 00 00 70 42
1787900452.722376,34680,2610,12,40 7C DC 42 D6 F6 9A 42 00 00 74 42
1787900452.723649,34680,2611,12,FD 26 E6 42 0E 17 95 42 00 00 78 42
1787900452.724944,34680,2612,12,A4 84 EF 42 83 42 8D 42 00 00 7C 42
1787900452.726351,34680,2613,12,A0 7E F8 42 7D C7 83 42 00 00 80 42
1787900452.727719,34680,2614,12,99 7D 00 43 4A 13 72 42 00 00 82 42
1787900452.729153,34680,2615,12,A3 73 04 43 B2 E6 5A 42 00 00 84 42
1787900452.730433,34680,2616,12,11 16 08 43 CE FC 42 42 00 00 86 42
1787900452.732069,34680,2617,12,3C 5C 0B 43 0B 46 2B 42 00 00 88 42
1787900452.733474,34680,2618,12,32 3E 0E 43 EE B0 14 42 00 00 8A 42
1787900452.734773,34680,2619,12,AD B3 10 43 DB 2A 00 42 00 00 8C 42
1787900452.736142,34680,261a,12,26 B7 12 43 17 FE DC 41 00 00 8E 42
1787900452.737427,34680,261b,12,D6 42 14 43 84 CE C0 41 00 00 90 42
1787900452.739491,34680,261c,12,24 53 15 43 84 E0 AC 41 00 00 92 42
1787900452.740875,34680,261d,12,63 E5 15 43 6B FE A1 41 00 00 94 42
1787900452.742266,34680,261e,12,F2 F7 15 43 A1 9A A0 41 00 00 96 42
1787900452.743586,34680,261f,12,A5 8A 15 43 EA C2 A8 41 00 00 98 42
1787900452.744948,34680,2620,12,B6 9E 14 43 85 21 BA 41 00 00 9A 42
1787900452.746302,34680,2621,12,7A 36 13 43 CC 05 D4 41 00 00 9C 42
1787900452.747710,34680,2622,12,36 55 11 43 5A 6D F5 41 00 00 9E 42
1787900452.749109,34680,2623,12,4C 00 0F 43 84 7C 0E 42 00 00 A0 42
1787900452.750505,34680,2624,12,FC 3C 0C 43 A2 90 24 42 00 00 A2 42
1787900452.751780,34680,2625,12,33 13 09 43 EE 0A 3C 42 00 00 A4 42
1787900452.753193,34680,2626,12,A0 8A 05 43 34 FF 53 42 00 00 A6 42
1787900452.754537,34680,2627,12,AB AB 01 43 AE 7C 6B 42 00 00 A8 42
1787900452.755794,34680,2628,12,E0 02 FB 42 36 C6 80 42 00 00 AA 42
1787900452.757191,34680,2629,12,93 2A F2 42 FE A9 8A 42 00 00 AC 42
1787900452.758609,34680,262a,12,D1 E7 E8 42 B8 01 93 42 00 00 AE 42
1787900452.759893,34680,262b,12,EF 50 DF 42 EE 79 99 42 00 00 B0 42
1787900452.761191,34680,262c,12,E4 7C D5 42 23 D1 9D 42 00 00 B2 42
1787900452.762587,34680,262d,12,E2 87 CB 42 B4 D9 9F 42 00 00 B4 42
1787900452.763856,34680,262e,12,4A 88 C1 42 80 7F 9F 42 00 00 B6 42
1787900452.765137,34680,262f,12,CB 9A B7 42 3A C6 9C 42 00 00 B8 42
1787900452.766701,34680,2630,12,37 D7 AD 42 CC C9 97 42 00 00 BA 42
1787900452.767958,34680,2631,12,0E 55 A4 42 D6 BB 90 42 00 00 BC 42
1787900452.769256,34680,2632,12,97 2F 9B 42 7E E6 87 42 00 00 BE 42
1787900452.770652,34680,2633,12,62 7B 92 42 78 42 7B 42 00 00 C0 42
1787900452.771944,34680,2634,12,64 51 8A 42 11 B0 64 42 00 00 C2 42
1787900452.773288,34680,2635,12,1A C5 82 42 05 F9 4C 42 00 00 C4 42
1787900452.774580,34680,2636,12,95 D1 77 42 8B 0B 35 42 00 00 C6 42
1787900452.775826,34680,2637,12,4A A0 6B 42 2C E3 1D 42 00 00 C8 42
1787900452.777131,34680,2638,12,B9 11 61 42 35 65 08 42 00 00 CA 42
1787900452.778535,34680,2639,12,2A 44 58 42 2A E7 EA 41 00 00 CC 42
1787900452.782368,34680,263a,12,59 4C 51 42 10 98 CB 41 00 00 CE 42
1787900452.783715,34680,263b,12,70 3B 4C 42 7B 19 B4 41 00 00 D0 42
1787900452.785100,34680,263c,12,FA 1F 49 42 67 62 A5 41 00 00 D2 42
1787900452.786525,34680,263d,12,F2 00 48 42 89 04 A0 41 00 00 D4 42
1787900452.787803,34680,263e,12,8F E1 48 42 4B 38 A4 41 00 00 D6 42
1787900452.789199,34680,263f,12,3E BF 4B 42 3B D1 B1 41 00 00 D8 42
1787900452.790591,34680,2640,12,93 93 50 42 CD 48 C8 41 00 00 DA 42
1787900452.791857,34680,2641,12,B4 50 57 42 D2 B2 E6 41 00 00 DC 42
1787900452.793267,34680,2642,12,7C E7 5F 42 12 F1 05 42 00 00 DE 42
1787900452.794690,34680,2643,12,46 3F 6A 42 EE 27 1B 42 00 00 E0 42
1787900452.795952,34680,2644,12,D4 3E 76 42 3D 28 32 42 00 00 E2 42
1787900452.797351,34680,2645,12,DA E4 81 42 1E 0B 4A 42 00 00 E4 42
1787900452.798688,34680,2646,12,87 5C 89 42 76 D5 61 42 00 00 E6 42
1787900452.799972,34680,2647,12,A7 75 91 42 B4 9B 78 42 00 00 E8 42
1787900452.801243,34680,2648,12,00 19 9A 42 38 B7 86 42 00 00 EA 42
1787900452.802540,34680,2649,12,B4 31 A3 42 74 BE 8F 42 00 00 EC 42
1787900452.803803,34680,264a,12,01 AA AC 42 71 08 97 42 00 00 EE 42
1787900452.805189,34680,264b,12,BE 66 B6 42 90 48 9C 42 00 00 A0 41
1787900452.806471,34680,264c,12,08 52 C0 42 D4 4A 9F 42 00 00 A8 41
1787900452.807873,34680,264d,12,6B 4F CA 42 9B EF 9F 42 00 00 B0 41
1787900452.809272,34680,264e,12,E5 46 D4 42 FA 30 9E 42 00 00 B8 41
1787900452.810668,34680,264f,12,83 20 DE 42 F0 1F 9A 42 00 00 C0 41
1787900452.812008,34680,2650,12,01 C0 E7 42 3A E7 93 42 00 00 C8 41
1787900452.813315,34680,2651,12,C0 0F F1 42 75 C4 8B 42 00 00 D0 41
1787900452.816915,34680,2652,12,09 F5 F9 42 27 0D 82 42 00 00 D8 41
1787900452.818303,34680,2653,12,4D 2D 01 43 96 46 6E 42 00 00 E0 41
1787900452.819710,34680,2654,12,13 16 05 43 B3 E8 56 42 00 00 E8 41
1787900452.821196,34680,2655,12,A0 A9 08 43 47 F6 3E 42 00 00 F0 41
1787900452.822610,34680,2656,12,EA DF 0B 43 72 5C 27 42 00 00 F8 41
1787900452.823919,34680,2657,12,BA AF 0E 43 4D 13 11 42 00 00 00 42
1787900452.825220,34680,2658,12,68 12 11 43 E1 F4 F9 41 00 00 04 42
1787900452.826616,34680,2659,12,1F 02 13 43 EF B8 D7 41 00 00 08 42
1787900452.827946,34680,265a,12,51 79 14 43 A6 DA BC 41 00 00 0C 42
1787900452.829348,34680,265b,12,B2 74 15 43 12 64 AA 41 00 00 10 42
1787900452.830732,34680,265c,12,72 F1 15 43 49 17 A1 41 00 00 14 42
1787900452.832063,34680,265d,12,82 EE 15 43 98 4F A1 41 00 00 18 42
1787900452.833346,34680,265e,12,CC 6B 15 43 03 0D AB 41 00 00 1C 42
1787900452.834774,34680,265f,12,C7 6A 14 43 24 E9 BD 41 00 00 20 42
1787900452.836472,34680,2660,12,B4 ED 12 43 3D 29 D9 41 00 00 24 42
1787900452.837875,34680,2661,12,D8 F8 10 43 D8 AE FB 41 00 00 28 42
1787900452.839274,34680,2662,12,02 91 0E 43 B6 0E 12 42 00 00 2C 42
1787900452.840667,34680,2663,12,DF BB 0B 43 E1 6F 28 42 00 00 30 42
1787900452.842137,34680,2664,12,90 81 08 43 AC 0F 40 42 00 00 34 42
1787900452.843537,34680,2665,12,55 E9 04 43 2A 04 58 42 00 00 38 42
1787900452.844934,34680,2666,12,7E FD 00 43 89 51 6F 42 00 00 3C 42
1787900452.846329,34680,2667,12,14 8F F9 42 E9 86 82 42 00 00 40 42
1787900452.847631,34680,2668,12,09 A3 F0 42 0A 2F 8C 42 00 00 44 42
1787900452.849479,34680,2669,12,75 50 E7 42 A5 3B 94 42 00 00 48 42
1787900452.850873,34680,266a,12,4C AC DD 42 05 5D 9A 42 00 00 4C 42
1787900452.852320,34680,266b,12,36 D2 D3 42 B8 52 9E 42 00 00 50 42
1787900452.853707,34680,266c,12,E6 D9 C9 42 79 F5 9F 42 00 00 54 42
1787900452.855124,34680,266d,12,4D DB BF 42 48 34 9F 42 00 00 58 42
1787900452.856532,34680,266e,12,15 F3 B5 42 16 17 9C 42 00 00 5C 42
1787900452.857932,34680,266f,12,83 37 AC 42 B6 BC 96 42 00 00 60 42
1787900452.859339,34680,2670,12,82 C4 A2 42 70 5D 8F 42 00 00 64 42
1787900452.860638,34680,2671,12,B2 B0 99 42 CD 43 86 42 00 00 68 42
1787900452.862040,34680,2672,12,F9 11 91 42 D2 95 77 42 00 00 6C 42
1787900452.863335,34680,2673,12,12 01 89 42 B3 C1 60 42 00 00 70 42
1787900452.864612,34680,2674,12,1D 90 81 42 49 ED 48 42 00 00 74 42
1787900452.865972,34680,2675,12,E7 A8 75 42 17 13 31 42 00 00 78 42
1787900452.867397,34680,2676,12,2B BC 69 42 C1 22 1A 42 00 00 7C 42
1787900452.868710,34680,2677,12,0A 77 5F 42 2A 03 05 42 00 00 80 42
1787900452.870123,34680,2678,12,FB F6 56 42 C1 24 E5 41 00 00 82 42
1787900452.871531,34680,2679,12,19 4F 50 42 FA 0D C7 41 00 00 84 42
1787900452.872918,34680,267a,12,7B 92 4B 42 4D FE B0 41 00 00 86 42
1787900452.874315,34680,267b,12,0E CC 48 42 80 D1 A3 41 00 00 88 42
1787900452.875614,34680,267c,12,F2 02 48 42 24 0E A0 41 00 00 8A 42
1787900452.877020,34680,267d,12,6A 39 49 42 C6 DB A5 41 00 00 8C 42
1787900452.878409,34680,267e,12,BA 6C 4C 42 F1 00 B5 41 00 00 8E 42
1787900452.879673,34680,267f,12,B5 93 51 42 6E DE CC 41 00 00 90 42
1787900452.881068,34680,2680,12,87 A1 58 42 71 82 EC 41 00 00 92 42
1787900452.882363,34680,2681,12,AD 85 61 42 4E 58 09 42 00 00 94 42
1787900452.885796,34680,2682,12,A7 26 6C 42 C8 EB 1E 42 00 00 96 42
1787900452.886960,34680,2683,12,92 6C 78 42 03 26 36 42 00 00 98 42
1787900452.888359,34680,2684,12,1C 1A 83 42 D2 12 4E 42 00 00 9A 42
1787900452.889653,34680,2685,12,14 AE 8A 42 AD C1 65 42 00 00 9C 42
1787900452.891083,34680,2686,12,24 E0 92 42 5C 44 7C 42 00 00 9E 42
1787900452.892393,34680,2687,12,CA 98 9B 42 1E 57 88 42 00 00 A0 42
1787900452.893793,34680,2688,12,6C C4 A4 42 97 1A 91 42 00 00 A2 42
1787900452.895188,34680,2689,12,BC 48 AE 42 77 10 98 42 00 00 A4 42
1787900452.896591,34680,268a,12,CA 0E B8 42 3C F3 9C 42 00 00 A6 42
1787900452.897964,34680,268b,12,2A FF C1 42 4A 91 9F 42 00 00 A8 42
1787900452.899354,34680,268c,12,58 FD CB 42 1A CF 9F 42 00 00 AA 42
1787900452.900615,34680,268d,12,DE F2 D5 42 4B AA 9D 42 00 00 AC 42
1787900452.902009,34680,268e,12,2C C3 DF 42 64 39 99 42 00 00 AE 42
1787900452.903309,34680,268f,12,BA 56 E9 42 8E A9 92 42 00 00 B0 42
1787900452.904722,34680,2690,12,75 96 F2 42 45 3C 8A 42 00 00 B2 42
1787900452.906022,34680,2691,12,D6 67 FB 42 21 4A 80 42 00 00 B4 42
1787900452.907418,34680,2692,12,85 DB 01 43 39 6B 6A 42 00 00 B6 42
1787900452.908834,34680,2693,12,1E B6 05 43 64 E6 52 42 00 00 B8 42
1787900452.910124,34680,2694,12,88 3A 09 43 5E F2 3A 42 00 00 BA 42
1787900452.911519,34680,2695,12,3A 60 0C 43 ED 7F 23 42 00 00 BC 42
1787900452.912929,34680,2696,12,2C 1E 0F 43 8D 85 0D 42 00 00 BE 42
1787900452.914337,34680,2697,12,35 6E 11 43 BB B9 F3 41 00 00 C0 42
1787900452.915612,34680,2698,12,B3 49 13 43 0E A9 D2 41 00 00 C2 42
1787900452.916922,34680,2699,12,4B AC 14 43 D1 23 B9 41 00 00 C4 42
1787900452.920356,34680,269a,12,8D 92 15 43 6B 2C A8 41 00 00 C6 42
1787900452.921748,34680,269b,12,E5 F9 15 43 36 75 A0 41 00 00 C8 42
1787900452.923147,34680,269c,12,69 E1 15 43 98 4A A2 41 00 00 CA 42
1787900452.926567,34680,269d,12,61 49 15 43 4A 99 AD 41 00 00 CC 42
1787900452.927718,34680,269e,12,57 33 14 43 7F ED C1 41 00 00 CE 42
1787900452.928995,34680,269f,12,CA A1 12 43 E1 7C DE 41 00 00 D0 42
1787900452.930281,34680,26a0,12,3A 99 10 43 9A 0D 01 42 00 00 D2 42
1787900452.931916,34680,26a1,12,38 1E 0E 43 E6 B3 15 42 00 00 D4 42
1787900452.933228,34680,26a2,12,E3 37 0B 43 40 58 2C 42 00 00 D6 42
1787900452.934631,34680,26a3,12,4A ED 07 43 B6 16 44 42 00 00 D8 42
1787900452.935892,34680,26a4,12,3E 46 04 43 C4 00 5C 42 00 00 DA 42
1787900452.937180,34680,26a5,12,39 4D 00 43 07 1B 73 42 00 00 DC 42
1787900452.938956,34680,26a6,12,54 16 F8 42 5E 40 84 42 00 00 DE 42
1787900452.940228,34680,26a7,12,8F 18 EF 42 79 A8 8D 42 00 00 E0 42
1787900452.941620,34680,26a8,12,D6 B6 E5 42 A1 67 95 42 00 00 E2 42
1787900452.943014,34680,26a9,12,9D 07 DC 42 8B 2F 9B 42 00 00 E4 42
1787900452.944300,34680,26aa,12,AD 26 D2 42 73 C3 9E 42 00 00 E6 42
1787900452.945826,34680,26ab,12,39 2A C8 42 EB FF 9F 42 00 00 E8 42
1787900452.947236,34680,26ac,12,E6 2E BE 42 F4 D7 9E 42 00 00 EA 42
1787900452.948544,34680,26ad,12,AD 4C B4 42 BB 57 9B 42 00 00 EC 42
1787900452.949958,34680,26ae,12,54 9B AA 42 E8 A1 95 42 00 00 EE 42
1787900452.951247,34680,26af,12,A8 36 A1 42 82 F2 8D 42 00 00 A0 41
1787900452.955646,34680,26b0,12,C6 33 98 42 A2 95 84 42 00 00 A8 41
1787900452.957056,34680,26b1,12,89 AC 8F 42 69 DB 73 42 00 00 B0 41
1787900452.958358,34680,26b2,12,4C B5 87 42 2C CC 5C 42 00 00 B8 41
1787900452.959816,34680,26b3,12,58 61 80 42 08 E5 44 42 00 00 C0 41
1787900452.961229,34680,26b4,12,60 8B 73 42 43 21 2D 42 00 00 C8 41
1787900452.962725,34680,26b5,12,5E E2 67 42 2E 6C 16 42 00 00 D0 41
1787900452.964081,34680,26b6,12,1E E9 5D 42 7C B4 01 42 00 00 D8 41
1787900452.965490,34680,26b7,12,2C B7 55 42 BC 93 DF 41 00 00 E0 41
1787900452.966851,34680,26b8,12,A5 60 4F 42 4B C2 C2 41 00 00 E8 41
1787900452.968144,34680,26b9,12,B8 F7 4A 42 96 23 AE 41 00 00 F0 41
1787900452.969531,34680,26ba,12,4C 86 48 42 CB 83 A2 41 00 00 F8 41
1787900452.970929,34680,26bb,12,66 13 48 42 1C 5D A0 41 00 00 00 42
1787900452.972284,34680,26bc,12,A2 9F 49 42 F1 C2 A7 41 00 00 04 42
1787900452.973808,34680,26bd,12,BE 27 4D 42 1F 6D B8 41 00 00 08 42
1787900452.975209,34680,26be,12,9A A1 52 42 77 AC D1 41 00 00 0C 42
1787900452.976746,34680,26bf,12,E5 00 5A 42 FB 86 F2 41 00 00 10 42
1787900452.978128,34680,26c0,12,7B 30 63 42 A6 D1 0C 42 00 00 14 42
1787900452.979603,34680,26c1,12,E1 19 6E 42 82 BB 22 42 00 00 18 42
1787900452.980916,34680,26c2,12,45 A3 7A 42 42 25 3A 42 00 00 1C 42
1787900452.982327,34680,26c3,12,58 54 84 42 C5 18 52 42 00 00 20 42
1787900452.983623,34680,26c4,12,4F 05 8C 42 E3 A8 69 42 00 00 24 42
1787900452.985029,34680,26c5,12,78 4E 94 42 E8 DD 7F 42 00 00 28 42
1787900452.986322,34680,26c6,12,CA 1B 9D 42 84 EC 89 42 00 00 2C 42
1787900452.989012,34680,26c7,12,3D 58 A6 42 68 68 92 42 00 00 30 42
1787900452.990475,34680,26c8,12,52 E9 AF 42 71 09 99 42 00 00 34 42
1787900452.991758,34680,26c9,12,89 B9 B9 42 FA 8D 9D 42 00 00 38 42
1787900452.993044,34680,26ca,12,BA AC C3 42 87 C6 9F 42 00 00 3C 42
1787900452.994533,34680,26cb,12,FB AA CD 42 50 9D 9F 42 00 00 40 42
1787900452.995790,34680,26cc,12,49 9C D7 42 65 13 9D 42 00 00 44 42
1787900452.997108,34680,26cd,12,1E 64 E1 42 76 43 98 42 00 00 48 42
1787900452.998525,34680,26ce,12,80 EC EA 42 2A 5D 91 42 00 00 4C 42
1787900452.999789,34680,26cf,12,16 1A F4 42 08 A9 88 42 00 00 50 42
1787900453.001229,34680,26d0,12,EB D6 FC 42 DC FD 7C 42 00 00 54 42
1787900453.002580,34680,26d1,12,F3 86 02 43 77 89 66 42 00 00 58 42
1787900453.003832,34680,26d2,12,BA 53 06 43 EE E0 4E 42 00 00 5C 42
1787900453.005242,34680,26d3,12,42 C9 09 43 84 EE 36 42 00 00 60 42
1787900453.006509,34680,26d4,12,9E DD 0C 43 F5 AD 1F 42 00 00 64 42
1787900453.007777,34680,26d5,12,80 89 0F 43 B4 08 0A 42 00 00 68 42
1787900453.009199,34680,26d6,12,62 C6 11 43 9B B1 ED 41 00 00 6C 42
1787900453.010504,34680,26d7,12,DC 8D 13 43 E7 CF CD 41 00 00 70 42
1787900453.011787,34680,26d8,12,EB DB 14 43 FC A7 B5 41 00 00 74 42
1787900453.013163,34680,26d9,12,D3 AC 15 43 C9 37 A6 41 00 00 78 42
1787900453.014493,34680,26da,12,BB FE 15 43 62 18 A0 41 00 00 7C 42
1787900453.015798,34680,26db,12,C0 D0 15 43 86 89 A3 41 00 00 80 42
1787900453.017193,34680,26dc,12,66 23 15 43 04 67 B0 41 00 00 82 42
1787900453.018611,34680,26dd,12,34 F8 13 43 79 31 C6 41 00 00 84 42
1787900453.019938,34680,26de,12,82 52 12 43 D4 03 E4 41 00 00 86 42
1787900453.024815,34680,26df,12,63 36 10 43 4C 58 04 42 00 00 88 42
1787900453.026243,34680,26e0,12,CC A8 0D 43 48 64 19 42 00 00 8A 42
1787900453.027589,34680,26e1,12,11 B1 0A 43 9D 48 30 42 00 00 8C 42
1787900453.029012,34680,26e2,12,DD 55 07 43 A1 22 48 42 00 00 8E 42
1787900453.030317,34680,26e3,12,D1 A0 03 43 96 F7 5F 42 00 00 90 42
1787900453.031602,34680,26e4,12,D1 35 FF 42 0E D8 76 42 00 00 92 42
1787900453.032991,34680,26e5,12,77 9B F6 42 E2 EE 85 42 00 00 94 42
1787900453.034289,34680,26e6,12,42 8B ED 42 DD 15 8F 42 00 00 96 42
1787900453.036326,34680,26e7,12,91 19 E4 42 57 86 96 42 00 00 98 42
1787900453.037738,34680,26e8,12,7C 61 DA 42 1D F2 9B 42 00 00 9A 42
1787900453.039106,34680,26e9,12,68 7A D0 42 30 23 9F 42 00 00 9C 42
1787900453.040497,34680,26ea,12,18 7C C6 42 F2 F8 9F 42 00 00 9E 42
1787900453.041863,34680,26eb,12,36 83 BC 42 9D 6A 9E 42 00 00 A0 42
1787900453.043232,34680,26ec,12,2B A6 B2 42 98 87 9A 42 00 00 A2 42
1787900453.044634,34680,26ed,12,44 01 A9 42 C0 78 94 42 00 00 A4 42
1787900453.046022,34680,26ee,12,9B AB 9F 42 73 7B 8C 42 00 00 A6 42
1787900453.047315,34680,26ef,12,B2 BB 96 42 95 DF 82 42 00 00 A8 42
1787900453.049055,34680,26f0,12,2B 4B 8E 42 53 14 70 42 00 00 AA 42
1787900453.050314,34680,26f1,12,FF 6C 86 42 EC CC 58 42 00 00 AC 42
1787900453.051703,34680,26f2,12,80 6F 7E 42 AD DD 40 42 00 00 AE 42
1787900453.052989,34680,26f3,12,27 79 71 42 34 37 29 42 00 00 B0 42
1787900453.054400,34680,26f4,12,75 16 66 42 66 C7 12 42 00 00 B2 42
1787900453.059109,34680,26f5,12,11 68 5C 42 41 F4 FC 41 00 00 B4 42
1787900453.060507,34680,26f6,12,BD 83 54 42 D1 30 DA 41 00 00 B6 42
1787900453.061777,34680,26f7,12,1D 80 4E 42 EF B1 BE 41 00 00 B8 42
1787900453.063837,34680,26f8,12,31 6B 4A 42 28 8A AB 41 00 00 BA 42
1787900453.065132,34680,26f9,12,3E 4F 48 42 11 7C A1 41 00 00 BC 42
1787900453.066538,34680,26fa,12,4E 32 48 42 59 F1 A0 41 00 00 BE 42
1787900453.067811,34680,26fb,12,A4 14 4A 42 60 EF A9 41 00 00 C0 42
1787900453.069154,34680,26fc,12,D7 F0 4D 42 9E 17 BC 41 00 00 C2 42
1787900453.071482,34680,26fd,12,2E BD 53 42 86 B1 D6 41 00 00 C4 42
1787900453.072796,34680,26fe,12,2C 6C 5B 42 8D B3 F8 41 00 00 C6 42
1787900453.074192,34680,26ff,12,C6 E7 64 42 1A 5C 10 42 00 00 C8 42
1787900453.075468,34680,2700,12,AE 1A 70 42 9C 99 26 42 00 00 CA 42
1787900453.077145,34680,2701,12,C2 E4 7C 42 82 28 3E 42 00 00 CC 42
1787900453.078592,34680,2702,12,78 93 85 42 CD 1B 56 42 00 00 CE 42
1787900453.079859,34680,2703,12,A4 5F 8D 42 BC 82 6D 42 00 00 D0 42
1787900453.081252,34680,2704,12,89 C0 95 42 A7 B3 81 42 00 00 D2 42
1787900453.082555,34680,2705,12,50 A3 9E 42 5C 78 8B 42 00 00 D4 42
1787900453.084097,34680,2706,12,7D EE A7 42 CF A8 93 42 00 00 D6 42
1787900453.087505,34680,2707,12,A6 8B B1 42 16 F3 99 42 00 00 D8 42
1787900453.089092,34680,2708,12,C5 63 BB 42 7E 17 9E 42 00 00 DA 42
1787900453.090375,34680,2709,12,9B 5A C5 42 7E EA 9F 42 00 00 DC 42
1787900453.092044,34680,270a,12,C4 59 CF 42 04 5A 9F 42 00 00 DE 42
1787900453.095962,34680,270b,12,92 44 D9 42 FF 6B 9C 42 00 00 E0 42
1787900453.098016,34680,270c,12,3A 03 E3 42 6C 3E 97 42 00 00 E2 42
1787900453.099531,34680,270d,12,47 7E EC 42 D6 04 90 42 00 00 E4 42
1787900453.102618,34680,270e,12,87 9A F5 42 32 0B 87 42 00 00 E6 42
1787900453.106765,34680,270f,12,7F 43 FE 42 B9 54 79 42 00 00 E8 42
1787900453.107883,34680,2710,12,2C 30 03 43 E1 9E 62 42 00 00 EA 42
1787900453.109253,34680,2711,12,DC EE 06 43 7C D9 4A 42 00 00 EC 42
1787900453.110462,34680,2712,12,BC 54 0A 43 54 F3 32 42 00 00 EE 42
1787900453.111691,34680,2713,12,0F 58 0D 43 A4 E7 1B 42 00 00 A0 41
1787900453.112972,34680,2714,12,0D F2 0F 43 A0 9A 06 42 00 00 A8 41
1787900453.114423,34680,2715,12,41 1B 12 43 67 D8 E7 41 00 00 B0 41
1787900453.115635,34680,2716,12,94 CE 13 43 E2 2E C9 41 00 00 B8 41
1787900453.116850,34680,2717,12,D5 07 15 43 9A 6E B2 41 00 00 C0 41
1787900453.118160,34680,2718,12,82 C3 15 43 BA 86 A4 41 00 00 C8 41
1787900453.122774,34680,2719,12,F3 FF 15 43 F3 00 A0 41 00 00 D0 41
1787900453.124405,34680,271a,12,7D BC 15 43 CE 0C A5 41 00 00 D8 41
1787900453.125573,34680,271b,12,DE F9 14 43 60 75 B3 41 00 00 E0 41
1787900453.131192,34680,271c,12,CE B9 13 43 F3 AB CA 41 00 00 E8 41
1787900453.132459,34680,271d,12,E1 FF 11 43 7E BC E9 41 00 00 F0 41
1787900453.133744,34680,271e,12,FA CF 0F 43 B6 B9 07 42 00 00 F8 41
1787900453.134976,34680,271f,12,5E 30 0D 43 22 22 1D 42 00 00 00 42
1787900453.136182,34680,2720,12,74 27 0A 43 D5 3F 34 42 00 00 04 42
1787900453.137379,34680,2721,12,6E BC 06 43 C2 2A 4C 42 00 00 08 42
1787900453.139654,34680,2722,12,1B F9 02 43 7A E7 63 42 00 00 0C 42
1787900453.142397,34680,2723,12,E0 CB FD 42 F2 8A 7A 42 00 00 10 42
1787900453.144819,34680,2724,12,3B 1D F5 42 98 93 87 42 00 00 14 42
1787900453.146309,34680,2725,12,3E FB EB 42 CC 76 90 42 00 00 18 42
1787900453.151669,34680,2726,12,C2 7B E2 42 62 95 97 42 00 00 1C 42
1787900453.152107,34680,2727,12,06 BA D8 42 83 A4 9C 42 00 00 20 42
1787900453.152852,34680,2728,12,F7 CB CE 42 16 72 9F 42 00 00 24 42
1787900453.154249,34680,2729,12,13 CE C4 42 A4 E0 9F 42 00 00 28 42
1787900453.155596,34680,272a,12,59 D8 BA 42 63 EC 9D 42 00 00 2C 42
1787900453.158414,34680,272b,12,BC 02 B1 42 6C A8 99 42 00 00 30 42
1787900453.159686,34680,272c,12,72 69 A7 42 95 41 93 42 00 00 34 42
1787900453.161209,34680,272d,12,0D 22 9E 42 43 F7 8A 42 00 00 38 42
1787900453.164049,34680,272e,12,2C 47 95 42 9C 20 81 42 00 00 3C 42
1787900453.166889,34680,272f,12,F9 ED 8C 42 A7 41 6C 42 00 00 40 42
1787900453.168605,34680,2730,12,A1 2A 85 42 83 CC 54 42 00 00 44 42
1787900453.171630,34680,2731,12,D4 26 7C 42 62 D8 3C 42 00 00 48 42
1787900453.173827,34680,2732,12,88 70 6F 42 74 52 25 42 00 00 4C 42
1787900453.174742,34680,2733,12,D3 56 64 42 02 32 0F 42 00 00 50 42
1787900453.176270,34680,2734,12,FE F3 5A 42 0B AA F6 41 00 00 54 42
1787900453.176729,34680,2735,12,FD 5E 53 42 8A 07 D5 41 00 00 58 42
1787900453.177686,34680,2736,12,91 AD 4D 42 15 DE BA 41 00 00 5C 42
1787900453.179123,34680,2737,12,85 EC 49 42 B8 30 A9 41 00 00 60 42
1787900453.180527,34680,2738,12,9D 26 48 42 49 B9 A0 41 00 00 64 42
1787900453.183594,34680,2739,12,A7 5F 48 42 B1 CA A1 41 00 00 68 42
1787900453.185076,34680,273a,12,8E 97 4A 42 6C 5C AC 41 00 00 6C 42
1787900453.186495,34680,273b,12,F7 C7 4E 42 60 FF BF 41 00 00 70 42
1787900453.187792,34680,273c,12,78 E7 54 42 1A F1 DB 41 00 00 74 42
1787900453.192731,34680,273d,12,7F E4 5C 42 DB 0B FF 41 00 00 78 42
1787900453.194156,34680,273e,12,6F AB 66 42 A3 F6 13 42 00 00 7C 42
1787900453.196385,34680,273f,12,34 25 72 42 CD 7D 2A 42 00 00 80 42
1787900453.200016,34680,2740,12,E3 30 7F 42 9A 2E 42 42 00 00 82 42
1787900453.200389,34680,2741,12,94 D8 86 42 76 1E 5A 42 00 00 84 42
1787900453.201218,34680,2742,12,36 BE 8E 42 BE 51 71 42 00 00 86 42
1787900453.202563,34680,2743,12,3B 36 97 42 C4 6F 83 42 00 00 88 42
1787900453.203853,34680,2744,12,6A 2C A0 42 58 F7 8C 42 00 00 8A 42
1787900453.205231,34680,2745,12,0E 87 A9 42 6F DB 94 42 00 00 8C 42
1787900453.206498,34680,2746,12,21 31 B3 42 E5 CD 9A 42 00 00 8E 42
1787900453.213101,34680,2747,12,EA 0E BD 42 37 90 9E 42 00 00 90 42
1787900453.214276,34680,2748,12,AC 08 C7 42 22 FD 9F 42 00 00 92 42
1787900453.215518,34680,2749,12,75 06 D1 42 C5 05 9F 42 00 00 94 42
1787900453.216809,34680,274a,12,9C EB DA 42 4A B4 9B 42 00 00 96 42
1787900453.218038,34680,274b,12,E2 A1 E4 42 8A 29 96 42 00 00 98 42
1787900453.219256,34680,274c,12,6B 0D EE 42 C9 9F 8E 42 00 00 9A 42
1787900453.220482,34680,274d,12,AC 17 F7 42 3A 63 85 42 00 00 9C 42
1787900453.221822,34680,274e,12,D3 AA FF 42 B0 A0 75 42 00 00 9E 42
1787900453.223084,34680,274f,12,24 D7 03 43 9A AC 5E 42 00 00 A0 42
1787900453.224329,34680,2750,12,03 88 07 43 76 CD 46 42 00 00 A2 42
1787900453.225510,34680,2751,12,72 DD 0A 43 39 FE 2E 42 00 00 A4 42
1787900453.226789,34680,2752,12,83 CF 0D 43 13 2E 18 42 00 00 A6 42
1787900453.228315,34680,2753,12,0C 57 10 43 AA 42 03 42 00 00 A8 42
1787900453.229474,34680,2754,12,CA 6C 12 43 CE 2F E2 41 00 00 AA 42
1787900453.230768,34680,2755,12,10 0C 14 43 5A C3 C4 41 00 00 AC 42
1787900453.231984,34680,2756,12,34 30 15 43 46 75 AF 41 00 00 AE 42
1787900453.233231,34680,2757,12,98 D6 15 43 BE 19 A3 41 00 00 B0 42
1787900453.234529,34680,2758,12,8C FD 15 43 19 2F A0 41 00 00 B2 42
1787900453.235712,34680,2759,12,A2 A4 15 43 01 D4 A6 41 00 00 B4 42
1787900453.237027,34680,275a,12,A1 CC 14 43 AE C6 B6 41 00 00 B6 42
1787900453.238216,34680,275b,12,F5 77 13 43 76 5F CF 41 00 00 B8 42
1787900453.239388,34680,275c,12,ED A9 11 43 39 A5 EF 41 00 00 BA 42
1787900453.240655,34680,275d,12,C3 66 0F 43 9C 2A 0B 42 00 00 BC 42
1787900453.242442,34680,275e,12,F5 B4 0C 43 60 EC 20 42 00 00 BE 42
1787900453.243813,34680,275f,12,90 9A 09 43 7B 40 38 42 00 00 C0 42
1787900453.245230,34680,2760,12,7C 20 06 43 AF 31 50 42 00 00 C2 42
1787900453.246497,34680,2761,12,28 4F 02 43 4D CF 67 42 00 00 C4 42
1787900453.247756,34680,2762,12,5A 5F FC 42 C6 2B 7E 42 00 00 C6 42
1787900453.249772,34680,2763,12,BC 9B F3 42 04 2E 89 42 00 00 C8 42
1787900453.251144,34680,2764,12,29 67 EA 42 17 CC 91 42 00 00 CA 42
1787900453.252512,34680,2765,12,09 DC E0 42 84 95 98 42 00 00 CC 42
1787900453.253743,34680,2766,12,5B 11 D7 42 8A 46 9D 42 00 00 CE 42
1787900453.254998,34680,2767,12,98 1E CD 42 7C AF 9F 42 00 00 D0 42
1787900453.256327,34680,2768,12,49 20 C3 42 06 B7 9F 42 00 00 D2 42
1787900453.257654,34680,2769,12,E5 2C B9 42 DE 5C 9D 42 00 00 D4 42
1787900453.258916,34680,276a,12,F6 60 AF 42 BC B9 98 42 00 00 D6 42
1787900453.260093,34680,276b,12,FB D3 A5 42 C2 FC 91 42 00 00 D8 42
1787900453.261313,34680,276c,12,F4 9C 9C 42 32 69 89 42 00 00 DA 42
1787900453.262475,34680,276d,12,52 D6 93 42 6D B2 7E 42 00 00 DC 42
1787900453.263733,34680,276e,12,CD 93 8B 42 E3 60 68 42 00 00 DE 42
1787900453.264971,34680,276f,12,18 ED 83 42 66 C8 50 42 00 00 E0 42
1787900453.266342,34680,2770,12,D9 E8 79 42 50 D6 38 42 00 00 E2 42
1787900453.267670,34680,2771,12,6A 75 6D 42 5A 7B 21 42 00 00 E4 42
1787900453.268887,34680,2772,12,9A A3 62 42 09 AD 0B 42 00 00 E6 42
1787900453.270227,34680,2773,12,BA 8B 59 42 8D 86 F0 41 00 00 E8 42
1787900453.271609,34680,2774,12,E0 47 52 42 4F 14 D0 41 00 00 EA 42
1787900453.272839,34680,2775,12,11 E9 4C 42 D6 47 B7 41 00 00 EC 42
1787900453.274153,34680,2776,12,A5 7C 49 42 4C 1C A7 41 00 00 EE 42
1787900453.275327,34680,2777,12,6F 0C 48 42 AC 3B A0 41 00 00 A0 41
1787900453.276652,34680,2778,12,AA 9B 48 42 0F EA A2 41 00 00 A8 41
1787900453.278008,34680,2779,12,BD 28 4B 42 47 0B AF 41 00 00 B0 41
1787900453.279205,34680,277a,12,0E AD 4F 42 41 23 C4 41 00 00 B8 41
1787900453.280475,34680,277b,12,39 1E 56 42 F8 5F E1 41 00 00 C0 41
1787900453.281799,34680,277c,12,C4 69 5E 42 08 C7 02 42 00 00 C8 41
1787900453.283053,34680,277d,12,0A 7D 68 42 A6 A3 17 42 00 00 D0 41
1787900453.284359,34680,277e,12,23 3B 74 42 86 6A 2E 42 00 00 D8 41
1787900453.285694,34680,277f,12,BD C3 80 42 62 36 46 42 00 00 E0 41
1787900453.287055,34680,2780,12,3B 21 88 42 29 18 5E 42 00 00 E8 41
1787900453.288413,34680,2781,12,EC 20 90 42 CE 14 75 42 00 00 F0 41
1787900453.289610,34680,2782,12,D4 B0 98 42 5A 24 85 42 00 00 F8 41
1787900453.290981,34680,2783,12,64 B8 A1 42 7C 6A 8E 42 00 00 00 42
1787900453.292338,34680,2784,12,D2 21 AB 42 EF FF 95 42 00 00 04 42
1787900453.293602,34680,2785,12,97 D6 B4 42 0B 98 9B 42 00 00 08 42
1787900453.294940,34680,2786,12,DA BA BE 42 02 F8 9E 42 00 00 0C 42
1787900453.296123,34680,2787,12,60 B8 C8 42 68 FE 9F 42 00 00 10 42
1787900453.297388,34680,2788,12,80 B2 D2 42 77 A0 9E 42 00 00 14 42
1787900453.298725,34680,2789,12,47 91 DC 42 7A EC 9A 42 00 00 18 42
1787900453.299946,34680,278a,12,F6 3C E6 42 22 07 95 42 00 00 1C 42
1787900453.301323,34680,278b,12,CF 99 EF 42 6A 2E 8D 42 00 00 20 42
1787900453.302678,34680,278c,12,C7 92 F8 42 03 B0 83 42 00 00 24 42
1787900453.303869,34680,278d,12,11 87 00 43 78 DF 71 42 00 00 28 42
1787900453.305196,34680,278e,12,CE 7B 04 43 C4 B3 5A 42 00 00 2C 42
1787900453.306439,34680,278f,12,0A 1E 08 43 89 C5 42 42 00 00 30 42
1787900453.307636,34680,2790,12,57 63 0B 43 58 10 2B 42 00 00 34 42
1787900453.308872,34680,2791,12,5C 44 0E 43 F2 7E 14 42 00 00 38 42
1787900453.310068,34680,2792,12,D6 B8 10 43 25 FD FF 41 00 00 3C 42
1787900453.311416,34680,2793,12,F9 BA 12 43 74 B9 DC 41 00 00 40 42
1787900453.312743,34680,2794,12,D8 45 14 43 C5 96 C0 41 00 00 44 42
1787900453.313985,34680,2795,12,06 55 15 43 DB BC AC 41 00 00 48 42
1787900453.315330,34680,2796,12,20 E6 15 43 49 F0 A1 41 00 00 4C 42
1787900453.316692,34680,2797,12,88 F7 15 43 92 A2 A0 41 00 00 50 42
1787900453.318090,34680,2798,12,30 89 15 43 9C DE A8 41 00 00 54 42
1787900453.319585,34680,2799,12,04 9C 14 43 D0 53 BA 41 00 00 58 42
1787900453.320910,34680,279a,12,AE 32 13 43 A8 4A D4 41 00 00 5C 42
1787900453.322136,34680,279b,12,58 50 11 43 0D C2 F5 41 00 00 60 42
1787900453.323524,34680,279c,12,6A FA 0E 43 18 AD 0E 42 00 00 64 42
1787900453.325153,34680,279d,12,9B 36 0C 43 EB C1 24 42 00 00 68 42
1787900453.326512,34680,279e,12,76 0B 09 43 FB 41 3C 42 00 00 6C 42
1787900453.327729,34680,279f,12,13 82 05 43 3E 36 54 42 00 00 70 42
1787900453.329079,34680,27a0,12,64 A2 01 43 82 B1 6B 42 00 00 74 42
1787900453.330359,34680,27a1,12,0B EF FA 42 78 DE 80 42 00 00 78 42
1787900453.332072,34680,27a2,12,16 17 F2 42 B2 BD 8A 42 00 00 7C 42
1787900453.333458,34680,27a3,12,0C D2 E8 42 E3 12 93 42 00 00 80 42
1787900453.334814,34680,27a4,12,84 3A DF 42 73 86 99 42 00 00 82 42
1787900453.336031,34680,27a5,12,0D 66 D5 42 81 D8 9D 42 00 00 84 42
1787900453.337384,34680,27a6,12,D9 70 CB 42 A1 DB 9F 42 00 00 86 42
1787900453.338746,34680,27a7,12,D9 72 C1 42 26 7C 9F 42 00 00 88 42
1787900453.339995,34680,27a8,12,0F 84 B7 42 41 BD 9C 42 00 00 8A 42
1787900453.341337,34680,27a9,12,F8 C0 AD 42 D0 BB 97 42 00 00 8C 42
1787900453.342658,34680,27aa,12,86 3F A4 42 62 A9 90 42 00 00 8E 42
1787900453.343846,34680,27ab,12,FE 1A 9B 42 51 D0 87 42 00 00 90 42
1787900453.345121,34680,27ac,12,3C 69 92 42 D3 13 7B 42 00 00 92 42
1787900453.346485,34680,27ad,12,42 3F 8A 42 57 7A 64 42 00 00 94 42
1787900453.347649,34680,27ae,12,7A B4 82 42 BF C1 4C 42 00 00 96 42
1787900453.349008,34680,27af,12,B0 B3 77 42 ED D4 34 42 00 00 98 42
1787900453.350239,34680,27b0,12,0C 86 6B 42 63 AF 1D 42 00 00 9A 42
1787900453.351449,34680,27b1,12,E8 FC 60 42 80 39 08 42 00 00 9C 42
1787900453.352710,34680,27b2,12,FA 31 58 42 EF 96 EA 41 00 00 9E 42
1787900453.354107,34680,27b3,12,79 3E 51 42 8F 58 CB 41 00 00 A0 42
1787900453.355427,34680,27b4,12,07 32 4C 42 41 ED B3 41 00 00 A2 42
1787900453.356856,34680,27b5,12,1D 1B 49 42 32 4B A5 41 00 00 A4 42
1787900453.358142,34680,27b6,12,B4 00 48 42 5E 03 A0 41 00 00 A6 42
1787900453.359625,34680,27b7,12,E7 E5 48 42 0C 4D A4 41 00 00 A8 42
1787900453.361045,34680,27b8,12,25 C8 4B 42 28 FB B1 41 00 00 AA 42
1787900453.362485,34680,27b9,12,F3 A0 50 42 3C 86 C8 41 00 00 AC 42
1787900453.363776,34680,27ba,12,6A 62 57 42 4F 01 E7 41 00 00 AE 42
1787900453.365088,34680,27bb,12,DF FB 5F 42 25 1C 06 42 00 00 B0 42
1787900453.368043,34680,27bc,12,16 59 6A 42 42 5B 1B 42 00 00 B2 42
1787900453.369457,34680,27bd,12,53 5C 76 42 A4 5E 32 42 00 00 B4 42
1787900453.370819,34680,27be,12,4C F5 81 42 6D 42 4A 42 00 00 B6 42
1787900453.372105,34680,27bf,12,80 6E 89 42 78 0B 62 42 00 00 B8 42
1787900453.373487,34680,27c0,12,AB 87 91 42 D6 CA 78 42 00 00 BA 42
1787900453.374894,34680,27c1,12,7B 2D 9A 42 C3 CD 86 42 00 00 BC 42
1787900453.376184,34680,27c2,12,23 47 A3 42 5D D1 8F 42 00 00 BE 42
1787900453.377594,34680,27c3,12,2E C0 AC 42 F7 16 97 42 00 00 C0 42
1787900453.378864,34680,27c4,12,6F 7D B6 42 1F 52 9C 42 00 00 C2 42
1787900453.380346,34680,27c5,12,75 67 C0 42 C1 4E 9F 42 00 00 C4 42
1787900453.383575,34680,27c6,12,76 66 CA 42 4D EE 9F 42 00 00 C6 42
1787900453.385217,34680,27c7,12,C5 5D D4 42 37 2A 9E 42 00 00 C8 42
1787900453.386528,34680,27c8,12,FC 36 DE 42 FA 13 9A 42 00 00 CA 42
1787900453.388661,34680,27c9,12,DC D5 E7 42 8E D6 93 42 00 00 CC 42
1787900453.389973,34680,27ca,12,57 23 F1 42 23 B1 8B 42 00 00 CE 42
1787900453.391522,34680,27cb,12,FF 08 FA 42 33 F5 81 42 00 00 D0 42
1787900453.392797,34680,27cc,12,A8 36 01 43 24 12 6E 42 00 00 D2 42
1787900453.394203,34680,27cd,12,B6 1E 05 43 CD B1 56 42 00 00 D4 42
1787900453.397098,34680,27ce,12,74 B1 08 43 1F BF 3E 42 00 00 D6 42
1787900453.398622,34680,27cf,12,64 E6 0B 43 D6 2A 27 42 00 00 D8 42
1787900453.400005,34680,27d0,12,B9 B5 0E 43 24 E2 10 42 00 00 DA 42
1787900453.401226,34680,27d1,12,64 17 11 43 97 9E F9 41 00 00 DC 42
1787900453.404589,34680,27d2,12,0B 06 13 43 22 72 D7 41 00 00 DE 42
1787900453.407640,34680,27d3,12,23 7C 14 43 24 A6 BC 41 00 00 E0 42
1787900453.410014,34680,27d4,12,46 76 15 43 21 46 AA 41 00 00 E2 42
1787900453.411448,34680,27d5,12,FE F1 15 43 D9 0C A1 41 00 00 E4 42
1787900453.412654,34680,27d6,12,E7 ED 15 43 3E 5B A1 41 00 00 E6 42
1787900453.413958,34680,27d7,12,0B 6A 15 43 4A 2E AB 41 00 00 E8 42
1787900453.415340,34680,27d8,12,E5 67 14 43 B8 1E BE 41 00 00 EA 42
1787900453.416575,34680,27d9,12,FD E9 12 43 1E 6C D9 41 00 00 EC 42
1787900453.417810,34680,27da,12,CD F3 10 43 E2 05 FC 41 00 00 EE 42
1787900453.419315,34680,27db,12,F5 8A 0E 43 25 40 12 42 00 00 A0 41
1787900453.420544,34680,27dc,12,DF B4 0B 43 44 A5 28 42 00 00 A8 41
1787900453.421770,34680,27dd,12,AF 79 08 43 E0 46 40 42 00 00 B0 41
1787900453.423130,34680,27de,12,3E E1 04 43 44 37 58 42 00 00 B8 41
1787900453.424444,34680,27df,12,1A F4 00 43 C9 85 6F 42 00 00 C0 41
1787900453.425668,34680,27e0,12,0E 7B F9 42 B5 9E 82 42 00 00 C8 41
1787900453.427050,34680,27e1,12,F8 8D F0 42 90 43 8C 42 00 00 D0 41
1787900453.428520,34680,27e2,12,91 3A E7 42 13 4C 94 42 00 00 D8 41
1787900453.429862,34680,27e3,12,52 97 DD 42 E9 67 9A 42 00 00 E0 41
1787900453.431113,34680,27e4,12,52 BB D3 42 31 59 9E 42 00 00 E8 41
1787900453.432439,34680,27e5,12,DB C2 C9 42 79 F6 9F 42 00 00 F0 41
1787900453.433758,34680,27e6,12,54 C4 BF 42 C4 2F 9F 42 00 00 F8 41
1787900453.434982,34680,27e7,12,6A DC B5 42 3D 0D 9C 42 00 00 00 42
1787900453.436336,34680,27e8,12,E0 22 AC 42 EE AE 96 42 00 00 04 42
1787900453.437702,34680,27e9,12,1F AF A2 42 4E 4A 8F 42 00 00 08 42
1787900453.439057,34680,27ea,12,46 9C 99 42 15 2D 86 42 00 00 0C 42
1787900453.440393,34680,27eb,12,B8 FE 90 42 04 63 77 42 00 00 10 42
1787900453.441734,34680,27ec,12,2D EF 88 42 8F 8B 60 42 00 00 14 42
1787900453.442973,34680,27ed,12,DE 80 81 42 B8 B9 48 42 00 00 18 42
1787900453.444284,34680,27ee,12,9A 8B 75 42 CC DC 30 42 00 00 1C 42
1787900453.445637,34680,27ef,12,90 A2 69 42 A7 EF 19 42 00 00 20 42
1787900453.446959,34680,27f0,12,64 61 5F 42 4C D5 04 42 00 00 24 42
1787900453.448154,34680,27f1,12,81 E5 56 42 21 D7 E4 41 00 00 28 42
1787900453.449375,34680,27f2,12,DB 42 50 42 A8 D5 C6 41 00 00 2C 42
1787900453.450707,34680,27f3,12,D3 89 4B 42 81 D5 B0 41 00 00 30 42
1787900453.451956,34680,27f4,12,F7 C7 48 42 F1 BD A3 41 00 00 34 42
1787900453.453191,34680,27f5,12,76 03 48 42 9D 10 A0 41 00 00 38 42
1787900453.454541,34680,27f6,12,87 3E 49 42 2B F4 A5 41 00 00 3C 42
1787900453.455760,34680,27f7,12,BC 75 4C 42 37 2B B5 41 00 00 40 42
1787900453.456995,34680,27f8,12,D2 A1 51 42 EC 1E CD 41 00 00 44 42
1787900453.458338,34680,27f9,12,F3 B3 58 42 81 D3 EC 41 00 00 48 42
1787900453.459643,34680,27fa,12,3B 9C 61 42 82 87 09 42 00 00 4C 42
1787900453.460881,34680,27fb,12,1B 41 6C 42 C6 1F 1F 42 00 00 50 42
1787900453.462103,34680,27fc,12,9E 88 78 42 03 59 36 42 00 00 54 42
1787900453.463346,34680,27fd,12,D2 2A 83 42 11 4A 4E 42 00 00 58 42
1787900453.464730,34680,27fe,12,4A C0 8A 42 41 F7 65 42 00 00 5C 42
1787900453.465955,34680,27ff,12,AD F3 92 42 22 76 7C 42 00 00 60 42
1787900453.467289,34680,2800,12,72 AD 9B 42 1D 6D 88 42 00 00 64 42
1787900453.468526,34680,2801,12,89 D8 A4 42 94 2B 91 42 00 00 68 42
1787900453.470323,34680,2802,12,03 5F AE 42 31 1E 98 42 00 00 6C 42
1787900453.471863,34680,2803,12,8C 25 B8 42 EB FB 9C 42 00 00 70 42
1787900453.473240,34680,2804,12,9D 14 C2 42 5B 94 9F 42 00 00 74 42
1787900453.474575,34680,2805,12,EF 15 CC 42 B8 CC 9F 42 00 00 78 42
1787900453.475748,34680,2806,12,B1 09 D6 42 A1 A2 9D 42 00 00 7C 42
1787900453.477099,34680,2807,12,8F D9 DF 42 9A 2C 99 42 00 00 80 42
1787900453.478362,34680,2808,12,74 6C E9 42 26 98 92 42 00 00 82 42
1787900453.479728,34680,2809,12,E5 A9 F2 42 63 28 8A 42 00 00 84 42
1787900453.481070,34680,280a,12,F0 7C FB 42 12 30 80 42 00 00 86 42
1787900453.482284,34680,280b,12,C3 E4 01 43 37 36 6A 42 00 00 88 42
1787900453.483633,34680,280c,12,A0 BE 05 43 4C AF 52 42 00 00 8A 42
1787900453.484932,34680,280d,12,38 42 09 43 62 BB 3A 42 00 00 8C 42
1787900453.486171,34680,280e,12,8F 66 0C 43 D0 4E 23 42 00 00 8E 42
1787900453.487538,34680,280f,12,65 24 0F 43 00 52 0D 42 00 00 90 42
1787900453.488863,34680,2810,12,04 73 11 43 D4 65 F3 41 00 00 92 42
1787900453.490104,34680,2811,12,70 4D 13 43 24 65 D2 41 00 00 94 42
1787900453.491460,34680,2812,12,ED AE 14 43 9D F2 B8 41 00 00 96 42
1787900453.492815,34680,2813,12,F3 93 15 43 D0 11 A8 41 00 00 98 42
1787900453.494149,34680,2814,12,44 FA 15 43 08 6E A0 41 00 00 9A 42
1787900453.495481,34680,2815,12,9C E0 15 43 F2 59 A2 41 00 00 9C 42
1787900453.496738,34680,2816,12,6F 47 15 43 19 BE AD 41 00 00 9E 42
1787900453.498117,34680,2817,12,46 30 14 43 4A 26 C2 41 00 00 A0 42
1787900453.499449,34680,2818,12,E9 9D 12 43 5B C2 DE 41 00 00 A2 42
1787900453.500663,34680,2819,12,A8 93 10 43 47 3D 01 42 00 00 A4 42
1787900453.501982,34680,281a,12,01 18 0E 43 25 E6 15 42 00 00 A6 42
1787900453.503200,34680,281b,12,BC 30 0B 43 17 8E 2C 42 00 00 A8 42
1787900453.504776,34680,281c,12,45 E5 07 43 00 4E 44 42 00 00 AA 42
1787900453.506143,34680,281d,12,08 3E 04 43 9B 33 5C 42 00 00 AC 42
1787900453.507347,34680,281e,12,13 43 00 43 22 52 73 42 00 00 AE 42
1787900453.508704,34680,281f,12,1E 02 F8 42 AD 57 84 42 00 00 B0 42
1787900453.509928,34680,2820,12,57 03 EF 42 5C BC 8D 42 00 00 B2 42
1787900453.511187,34680,2821,12,D3 A0 E5 42 4D 77 95 42 00 00 B4 42
1787900453.512516,34680,2822,12,90 F2 DB 42 A4 39 9B 42 00 00 B6 42
1787900453.513837,34680,2823,12,30 0E D2 42 63 C9 9E 42 00 00 B8 42
1787900453.515149,34680,2824,12,2C 13 C8 42 FC FF 9F 42 00 00 BA 42
1787900453.516582,34680,2825,12,F7 17 BE 42 86 D2 9E 42 00 00 BC 42
1787900453.518142,34680,2826,12,15 36 B4 42 06 4D 9B 42 00 00 BE 42
1787900453.519586,34680,2827,12,CB 86 AA 42 66 93 95 42 00 00 C0 42
1787900453.520887,34680,2828,12,FA 1F A1 42 5E DD 8D 42 00 00 C2 42
1787900453.522303,34680,2829,12,89 1F 98 42 64 7E 84 42 00 00 C4 42
1787900453.523730,34680,282a,12,7F 99 8F 42 E6 A7 73 42 00 00 C6 42
1787900453.525037,34680,282b,12,A6 A3 87 42 AF 95 5C 42 00 00 C8 42
1787900453.526503,34680,282c,12,5A 52 80 42 7C B1 44 42 00 00 CA 42
1787900453.527826,34680,282d,12,BB 6C 73 42 B5 E7 2C 42 00 00 CC 42
1787900453.529178,34680,282e,12,6A C9 67 42 D2 39 16 42 00 00 CE 42
1787900453.530642,34680,282f,12,28 D4 5D 42 AE 87 01 42 00 00 D0 42
1787900453.532423,34680,2830,12,6A A6 55 42 CC 48 DF 41 00 00 D2 42
1787900453.533859,34680,2831,12,19 55 4F 42 E8 8C C2 41 00 00 D4 42
1787900453.535272,34680,2832,12,4A EF 4A 42 BE FB AD 41 00 00 D6 42
1787900453.536698,34680,2833,12,FC 82 48 42 EB 73 A2 41 00 00 D8 42
1787900453.537978,34680,2834,12,B1 14 48 42 4B 63 A0 41 00 00 DA 42
1787900453.539489,34680,2835,12,84 A5 49 42 F2 DE A7 41 00 00 DC 42
1787900453.540928,34680,2836,12,75 31 4D 42 88 9A B8 41 00 00 DE 42
1787900453.542377,34680,2837,12,75 B1 52 42 86 F4 D1 41 00 00 E0 42
1787900453.543711,34680,2838,12,07 14 5A 42 8A DA F2 41 00 00 E2 42
1787900453.546049,34680,2839,12,B4 47 63 42 CC 01 0D 42 00 00 E4 42
1787900453.547482,34680,283a,12,F6 34 6E 42 1B F0 22 42 00 00 E6 42
1787900453.548907,34680,283b,12,DC BF 7A 42 7C 58 3A 42 00 00 E8 42
1787900453.550293,34680,283c,12,78 66 84 42 A0 53 52 42 00 00 EA 42
1787900453.551583,34680,283d,12,C2 17 8C 42 F8 DD 69 42 00 00 EC 42
1787900453.552990,34680,283e,12,34 62 94 42 6C 07 80 42 00 00 EE 42
1787900453.554426,34680,283f,12,9E 30 9D 42 EF 01 8A 42 00 00 A0 41
1787900453.555700,34680,2840,12,7A 6C A6 42 BC 78 92 42 00 00 A8 41
1787900453.556960,34680,2841,12,36 01 B0 42 3A 17 99 42 00 00 B0 41
1787900453.558242,34680,2842,12,59 D0 B9 42 C5 95 9D 42 00 00 B8 41
1787900453.559601,34680,2843,12,C1 C3 C3 42 E5 C8 9F 42 00 00 C0 41
1787900453.561129,34680,2844,12,FE C1 CD 42 28 9A 9F 42 00 00 C8 41
1787900453.562454,34680,2845,12,81 B1 D7 42 6C 0B 9D 42 00 00 D0 41
1787900453.563720,34680,2846,12,EC 7B E1 42 EE 34 98 42 00 00 D8 41
1787900453.565093,34680,2847,12,18 02 EB 42 0A 4B 91 42 00 00 E0 41
1787900453.566471,34680,2848,12,C4 2E F4 42 1E 93 88 42 00 00 E8 41
1787900453.567742,34680,2849,12,7B EA FC 42 34 CC 7C 42 00 00 F0 41
1787900453.569180,34680,284a,12,74 8F 02 43 96 57 66 42 00 00 F8 41
1787900453.570584,34680,284b,12,AC 5C 06 43 F5 A5 4E 42 00 00 00 42
1787900453.571864,34680,284c,12,CE D0 09 43 C4 B7 36 42 00 00 04 42
1787900453.576958,34680,284d,12,41 E4 0C 43 DF 79 1F 42 00 00 08 42
1787900453.578873,34680,284e,12,29 8F 0F 43 5C D9 09 42 00 00 0C 42
1787900453.580461,34680,284f,12,B4 CA 11 43 B0 65 ED 41 00 00 10 42
1787900453.581862,34680,2850,12,A7 91 13 43 92 8A CD 41 00 00 14 42
1787900453.583133,34680,2851,12,5C DE 14 43 25 7A B5 41 00 00 18 42
1787900453.584399,34680,2852,12,22 AE 15 43 DC 1E A6 41 00 00 1C 42
1787900453.585669,34680,2853,12,E3 FE 15 43 5D 15 A0 41 00 00 20 42
1787900453.587096,34680,2854,12,D3 CF 15 43 3F 9B A3 41 00 00 24 42
1787900453.588574,34680,2855,12,1E 21 15 43 0B 92 B0 41 00 00 28 42
1787900453.589924,34680,2856,12,F2 F4 13 43 71 6D C6 41 00 00 2C 42
1787900453.591360,34680,2857,12,2A 4E 12 43 11 51 E4 41 00 00 30 42
1787900453.592766,34680,2858,12,00 31 10 43 03 86 04 42 00 00 34 42
1787900453.594072,34680,2859,12,DA A2 0D 43 D1 93 19 42 00 00 38 42
1787900453.595668,34680,285a,12,45 A9 0A 43 87 82 30 42 00 00 3C 42
1787900453.596969,34680,285b,12,B5 4D 07 43 F2 59 48 42 00 00 40 42
1787900453.598392,34680,285c,12,E3 97 03 43 C8 2D 60 42 00 00 44 42
1787900453.599663,34680,285d,12,98 22 FF 42 F7 0A 77 42 00 00 48 42
1787900453.601032,34680,285e,12,73 88 F6 42 23 04 86 42 00 00 4C 42
1787900453.602454,34680,285f,12,71 74 ED 42 65 2A 8F 42 00 00 50 42
1787900453.603718,34680,2860,12,72 03 E4 42 3D 95 96 42 00 00 54 42
1787900453.605155,34680,2861,12,D3 4A DA 42 16 FC 9B 42 00 00 58 42
1787900453.606449,34680,2862,12,70 63 D0 42 D6 27 9F 42 00 00 5C 42
1787900453.608276,34680,2863,12,9C 66 C6 42 25 F8 9F 42 00 00 60 42
1787900453.609656,34680,2864,12,C3 6A BC 42 D8 63 9E 42 00 00 64 42
1787900453.610963,34680,2865,12,A7 8F B2 42 08 7C 9A 42 00 00 68 42
1787900453.612419,34680,2866,12,5B EB A8 42 6E 68 94 42 00 00 6C 42
1787900453.613669,34680,2867,12,85 96 9F 42 04 67 8C 42 00 00 70 42
1787900453.615077,34680,2868,12,00 A9 96 42 76 C9 82 42 00 00 74 42
1787900453.616474,34680,2869,12,13 37 8E 42 A1 DC 6F 42 00 00 78 42
1787900453.617840,34680,286a,12,9A 5B 86 42 24 96 58 42 00 00 7C 42
1787900453.619270,34680,286b,12,E6 4F 7E 42 75 A6 40 42 00 00 80 42
1787900453.620536,34680,286c,12,11 5D 71 42 C0 01 29 42 00 00 82 42
1787900453.621825,34680,286d,12,CE FF 65 42 33 99 12 42 00 00 84 42
1787900453.624464,34680,286e,12,6D 52 5C 42 F5 96 FC 41 00 00 86 42
1787900453.625830,34680,286f,12,B4 73 54 42 AB E8 D9 41 00 00 88 42
1787900453.627201,34680,2870,12,7A 74 4E 42 E2 7B BE 41 00 00 8A 42
1787900453.628580,34680,2871,12,11 64 4A 42 5C 68 AB 41 00 00 8C 42
1787900453.630034,34680,2872,12,DE 4C 48 42 B2 70 A1 41 00 00 8E 42
1787900453.631444,34680,2873,12,83 34 48 42 EC FB A0 41 00 00 90 42
1787900453.632866,34680,2874,12,4B 1B 4A 42 F9 0E AA 41 00 00 92 42
1787900453.634141,34680,2875,12,03 FC 4D 42 A6 4B BC 41 00 00 94 42
1787900453.636791,34680,2876,12,C2 CC 53 42 E8 F7 D6 41 00 00 96 42
1787900453.638071,34680,2877,12,A9 7E 5B 42 AA 03 F9 41 00 00 98 42
1787900453.639381,34680,2878,12,49 01 65 42 76 90 10 42 00 00 9A 42
1787900453.640691,34680,2879,12,63 36 70 42 C2 CE 26 42 00 00 9C 42
1787900453.644124,34680,287a,12,02 04 7D 42 A5 5F 3E 42 00 00 9E 42
1787900453.647563,34680,287b,12,B4 A4 85 42 BB 52 56 42 00 00 A0 42
1787900453.649714,34680,287c,12,0E 71 8D 42 B5 B3 6D 42 00 00 A2 42
1787900453.653534,34680,287d,12,D2 D5 95 42 4C CD 81 42 00 00 A4 42
1787900453.654678,34680,287e,12,4D B8 9E 42 2D 8D 8B 42 00 00 A6 42
1787900453.656925,34680,287f,12,52 04 A8 42 97 B9 93 42 00 00 A8 42
1787900453.657905,34680,2880,12,1D A2 B1 42 2A FF 99 42 00 00 AA 42
1787900453.659294,34680,2881,12,16 79 BB 42 EC 1D 9E 42 00 00 AC 42
1787900453.661654,34680,2882,12,35 73 C5 42 06 EC 9F 42 00 00 AE 42
1787900453.663193,34680,2883,12,C0 70 CF 42 EF 55 9F 42 00 00 B0 42
1787900453.668751,34680,2884,12,45 5B D9 42 90 62 9C 42 00 00 B2 42
1787900453.669899,34680,2885,12,6B 19 E3 42 03 30 97 42 00 00 B4 42
1787900453.671252,34680,2886,12,48 92 EC 42 4C F3 8F 42 00 00 B6 42
1787900453.672576,34680,2887,12,6C B0 F5 42 34 F3 86 42 00 00 B8 42
1787900453.673909,34680,2888,12,DA 56 FE 42 46 22 79 42 00 00 BA 42
1787900453.675206,34680,2889,12,2D 39 03 43 EE 68 62 42 00 00 BC 42
1787900453.678789,34680,288a,12,1A F7 06 43 2E A2 4A 42 00 00 BE 42
1787900453.680172,34680,288b,12,A2 5B 0A 43 90 C0 32 42 00 00 C0 42
1787900453.681606,34680,288c,12,F9 5E 0D 43 BA B0 1B 42 00 00 C2 42
1787900453.682909,34680,288d,12,8B F7 0F 43 46 6C 06 42 00 00 C4 42
1787900453.684356,34680,288e,12,B5 1F 12 43 88 89 E7 41 00 00 C6 42
1787900453.685631,34680,288f,12,F3 D1 13 43 FE F0 C8 41 00 00 C8 42
1787900453.687053,34680,2890,12,EF 09 15 43 0C 47 B2 41 00 00 CA 42
1787900453.688455,34680,2891,12,B2 C4 15 43 01 70 A4 41 00 00 CC 42
1787900453.689825,34680,2892,12,EA FF 15 43 AA 01 A0 41 00 00 CE 42
1787900453.691235,34680,2893,12,4D BB 15 43 7B 23 A5 41 00 00 D0 42
1787900453.692512,34680,2894,12,8B F7 14 43 1B A1 B3 41 00 00 D2 42
1787900453.693931,34680,2895,12,99 B6 13 43 B9 E6 CA 41 00 00 D4 42
1787900453.695301,34680,2896,12,0D FB 11 43 C5 11 EA 41 00 00 D6 42
1787900453.696587,34680,2897,12,6B CA 0F 43 74 E8 07 42 00 00 D8 42
1787900453.698082,34680,2898,12,D4 29 0D 43 D1 55 1D 42 00 00 DA 42
1787900453.699327,34680,2899,12,00 20 0A 43 68 76 34 42 00 00 DC 42
1787900453.700839,34680,289a,12,B3 B4 06 43 4B 5E 4C 42 00 00 DE 42
1787900453.702268,34680,289b,12,71 EF 02 43 E9 20 64 42 00 00 E0 42
1787900453.703580,34680,289c,12,71 B8 FD 42 19 BD 7A 42 00 00 E2 42
1787900453.704994,34680,289d,12,A8 08 F5 42 DA A9 87 42 00 00 E4 42
1787900453.706299,34680,289e,12,BC E5 EB 42 5A 89 90 42 00 00 E6 42
1787900453.707612,34680,289f,12,09 67 E2 42 89 A2 97 42 00 00 E8 42
1787900453.709008,34680,28a0,12,C2 A1 D8 42 3A AE 9C 42 00 00 EA 42
1787900453.710304,34680,28a1,12,F8 B4 CE 42 D0 75 9F 42 00 00 EC 42
1787900453.711593,34680,28a2,12,09 B7 C4 42 D9 DE 9F 42 00 00 EE 42
1787900453.713305,34680,28a3,12,80 C1 BA 42 26 E5 9D 42 00 00 A0 41
1787900453.714765,34680,28a4,12,D3 ED B0 42 DD 9C 99 42 00 00 A8 41
1787900453.716114,34680,28a5,12,2E 52 A7 42 5D 2F 93 42 00 00 B0 41
1787900453.717589,34680,28a6,12,20 0D 9E 42 36 E2 8A 42 00 00 B8 41
1787900453.718913,34680,28a7,12,50 33 95 42 6A 08 81 42 00 00 C0 41
1787900453.720328,34680,28a8,12,62 DB 8C 42 E8 0C 6C 42 00 00 C8 41
1787900453.721737,34680,28a9,12,A7 1A 85 42 3B 99 54 42 00 00 D0 41
1787900453.723139,34680,28aa,12,B2 05 7C 42 93 9D 3C 42 00 00 D8 41
1787900453.724551,34680,28ab,12,10 55 6F 42 83 1D 25 42 00 00 E0 41
1787900453.725950,34680,28ac,12,30 3F 64 42 4E 01 0F 42 00 00 E8 41
1787900453.727481,34680,28ad,12,6D E0 5A 42 FF 54 F6 41 00 00 F0 41
1787900453.728934,34680,28ae,12,B9 50 53 42 F1 C6 D4 41 00 00 F8 41
1787900453.730242,34680,28af,12,F2 A1 4D 42 DE A7 BA 41 00 00 00 42
1787900453.731655,34680,28b0,12,29 E6 49 42 7E 12 A9 41 00 00 04 42
1787900453.732987,34680,28b1,12,D9 24 48 42 CC B0 A0 41 00 00 08 42
1787900453.734424,34680,28b2,12,7C 62 48 42 49 D8 A1 41 00 00 0C 42
1787900453.735734,34680,28b3,12,78 9E 4A 42 2E 7D AC 41 00 00 10 42
1787900453.737162,34680,28b4,12,B2 D4 4E 42 68 3A C0 41 00 00 14 42
1787900453.738576,34680,28b5,12,C7 F7 54 42 54 3A DC 41 00 00 18 42
1787900453.739856,34680,28b6,12,07 F9 5C 42 17 64 FF 41 00 00 1C 42
1787900453.741266,34680,28b7,12,FC C3 66 42 81 28 14 42 00 00 20 42
1787900453.742643,34680,28b8,12,9B 3F 72 42 CC AF 2A 42 00 00 24 42
1787900453.743902,34680,28b9,12,DB 52 7F 42 9B 69 42 42 00 00 28 42
1787900453.745205,34680,28ba,12,12 EA 86 42 23 55 5A 42 00 00 2C 42
1787900453.748431,34680,28bb,12,1D D1 8E 42 A9 85 71 42 00 00 30 42
1787900453.749846,34680,28bc,12,5B 4A 97 42 4F 87 83 42 00 00 34 42
1787900453.751256,34680,28bd,12,20 40 A0 42 2B 0A 8D 42 00 00 38 42
1787900453.752667,34680,28be,12,7F 9E A9 42 8E EC 94 42 00 00 3C 42
1787900453.754062,34680,28bf,12,AD 47 B3 42 22 D9 9A 42 00 00 40 42
1787900453.755455,34680,28c0,12,D3 25 BD 42 35 96 9E 42 00 00 44 42
1787900453.756862,34680,28c1,12,B9 1F C7 42 A4 FD 9F 42 00 00 48 42
1787900453.758228,34680,28c2,12,DB 1B D1 42 1D 01 9F 42 00 00 4C 42
1787900453.760021,34680,28c3,12,C6 03 DB 42 4A A9 9B 42 00 00 50 42
1787900453.761428,34680,28c4,12,F6 B7 E4 42 58 1A 96 42 00 00 54 42
1787900453.762691,34680,28c5,12,BB 22 EE 42 4D 8C 8E 42 00 00 58 42
1787900453.763955,34680,28c6,12,00 2C F7 42 3B 4C 85 42 00 00 5C 42
1787900453.765242,34680,28c7,12,AB BC FF 42 FA 70 75 42 00 00 60 42
1787900453.766652,34680,28c8,12,A0 E0 03 43 96 72 5E 42 00 00 64 42
1787900453.767977,34680,28c9,12,1E 90 07 43 26 96 46 42 00 00 68 42
1787900453.769366,34680,28ca,12,B0 E4 0A 43 21 C8 2E 42 00 00 6C 42
1787900453.770658,34680,28cb,12,D4 D5 0D 43 5C FB 17 42 00 00 70 42
1787900453.771938,34680,28cc,12,02 5C 10 43 6C 18 03 42 00 00 74 42
1787900453.773403,34680,28cd,12,5B 71 12 43 6D DE E1 41 00 00 78 42
1787900453.774799,34680,28ce,12,3F 0F 14 43 96 88 C4 41 00 00 7C 42
1787900453.776108,34680,28cf,12,44 32 15 43 4E 4E AF 41 00 00 80 42
1787900453.777498,34680,28d0,12,83 D7 15 43 1D 08 A3 41 00 00 82 42
1787900453.778927,34680,28d1,12,55 FD 15 43 39 33 A0 41 00 00 84 42
1787900453.783516,34680,28d2,12,28 A3 15 43 19 F0 A6 41 00 00 86 42
1787900453.784932,34680,28d3,12,1D CA 14 43 CF F5 B6 41 00 00 88 42
1787900453.786218,34680,28d4,12,55 74 13 43 89 A1 CF 41 00 00 8A 42
1787900453.787686,34680,28d5,12,3A A5 11 43 9B F7 EF 41 00 00 8C 42
1787900453.789089,34680,28d6,12,6D 61 0F 43 15 57 0B 42 00 00 8E 42
1787900453.790497,34680,28d7,12,CE AD 0C 43 3E 24 21 42 00 00 90 42
1787900453.791761,34680,28d8,12,F7 92 09 43 53 77 38 42 00 00 92 42
1787900453.793044,34680,28d9,12,0F 18 06 43 DE 68 50 42 00 00 94 42
1787900453.794528,34680,28da,12,FD 45 02 43 A0 04 68 42 00 00 96 42
1787900453.795794,34680,28db,12,0B 4D FC 42 C4 59 7E 42 00 00 98 42
1787900453.797180,34680,28dc,12,95 85 F3 42 2E 45 89 42 00 00 9A 42
1787900453.798476,34680,28dd,12,84 51 EA 42 F1 DD 91 42 00 00 9C 42
1787900453.799736,34680,28de,12,B5 C5 E0 42 D1 A2 98 42 00 00 9E 42
1787900453.801131,34680,28df,12,91 FA D6 42 C1 4E 9D 42 00 00 A0 42
1787900453.802885,34680,28e0,12,22 09 CD 42 1A B2 9F 42 00 00 A2 42
1787900453.804283,34680,28e1,12,B4 07 C3 42 1F B4 9F 42 00 00 A4 42
1787900453.805633,34680,28e2,12,1A 16 B9 42 BC 54 9D 42 00 00 A6 42
1787900453.806906,34680,28e3,12,A0 4A AF 42 84 AC 98 42 00 00 A8 42
1787900453.808315,34680,28e4,12,52 BE A5 42 F9 EA 91 42 00 00 AA 42
1787900453.809712,34680,28e5,12,99 89 9C 42 06 55 89 42 00 00 AC 42
1787900453.811124,34680,28e6,12,54 C1 93 42 D3 7D 7E 42 00 00 AE 42
1787900453.812474,34680,28e7,12,71 81 8B 42 9C 2B 68 42 00 00 B0 42
1787900453.813767,34680,28e8,12,37 DC 83 42 39 91 50 42 00 00 B2 42
1787900453.815099,34680,28e9,12,65 CA 79 42 72 9F 38 42 00 00 B4 42
1787900453.816797,34680,28ea,12,64 5C 6D 42 87 4A 21 42 00 00 B6 42
1787900453.818217,34680,28eb,12,14 8B 62 42 00 7A 0B 42 00 00 B8 42
1787900453.819604,34680,28ec,12,DD 78 59 42 F0 33 F0 41 00 00 BA 42
1787900453.820893,34680,28ed,12,4E 39 52 42 F6 D1 CF 41 00 00 BC 42
1787900453.822309,34680,28ee,12,EF DE 4C 42 65 18 B7 41 00 00 BE 42
1787900453.823611,34680,28ef,12,6E 77 49 42 76 03 A7 41 00 00 C0 42
1787900453.825018,34680,28f0,12,5F 0B 48 42 94 36 A0 41 00 00 C2 42
1787900453.826429,34680,28f1,12,47 9F 48 42 58 FB A2 41 00 00 C4 42
1787900453.827707,34680,28f2,12,EB 30 4B 42 EC 31 AF 41 00 00 C6 42
1787900453.829108,34680,28f3,12,B9 B9 4F 42 B9 5D C4 41 00 00 C8 42
1787900453.830503,34680,28f4,12,19 2E 56 42 C8 A6 E1 41 00 00 CA 42
1787900453.831809,34680,28f5,12,6E 80 5E 42 50 F7 02 42 00 00 CC 42
1787900453.833201,34680,28f6,12,3E 96 68 42 4B D6 17 42 00 00 CE 42
1787900453.834500,34680,28f7,12,11 58 74 42 95 A0 2E 42 00 00 D0 42
1787900453.835782,34680,28f8,12,EC D3 80 42 B2 6D 46 42 00 00 D2 42
1787900453.837079,34680,28f9,12,C5 31 88 42 D6 4A 5E 42 00 00 D4 42
1787900453.838473,34680,28fa,12,57 35 90 42 86 4B 75 42 00 00 D6 42
1787900453.839752,34680,28fb,12,24 C5 98 42 65 3B 85 42 00 00 D8 42
1787900453.841048,34680,28fc,12,B0 CD A1 42 08 7E 8E 42 00 00 DA 42
1787900453.842590,34680,28fd,12,E4 37 AB 42 34 0F 96 42 00 00 DC 42
1787900453.843877,34680,28fe,12,AE EB B4 42 B9 A1 9B 42 00 00 DE 42
1787900453.845291,34680,28ff,12,5B D3 BE 42 6E FD 9E 42 00 00 E0 42
1787900453.846663,34680,2900,12,6C CF C8 42 FC FD 9F 42 00 00 E2 42
1787900453.847940,34680,2901,12,6B C9 D2 42 8F 9A 9E 42 00 00 E4 42
1787900453.851775,34680,2902,12,D5 A7 DC 42 52 E1 9A 42 00 00 E6 42
1787900453.853194,34680,2903,12,71 51 E6 42 40 F8 94 42 00 00 E8 42
1787900453.854589,34680,2904,12,68 B0 EF 42 EA 18 8D 42 00 00 EA 42
1787900453.856879,34680,2905,12,EC A6 F8 42 83 98 83 42 00 00 EC 42
1787900453.858177,34680,2906,12,87 90 00 43 9C AB 71 42 00 00 EE 42
1787900453.859559,34680,2907,12,90 84 04 43 1D 7D 5A 42 00 00 A0 41
1787900453.860864,34680,2908,12,77 25 08 43 05 92 42 42 00 00 A8 41
1787900453.862149,34680,2909,12,EA 6A 0B 43 09 D7 2A 42 00 00 B0 41
1787900453.863581,34680,290a,12,83 4A 0E 43 00 4D 14 42 00 00 B8 41
1787900453.864945,34680,290b,12,FC BD 10 43 B3 A4 FF 41 00 00 C0 41
1787900453.866334,34680,290c,12,11 BF 12 43 F9 6F DC 41 00 00 C8 41
1787900453.867606,34680,290d,12,A4 48 14 43 F3 62 C0 41 00 00 D0 41
1787900453.868888,34680,290e,12,05 57 15 43 FD 96 AC 41 00 00 D8 41
1787900453.870442,34680,290f,12,DA E6 15 43 59 E2 A1 41 00 00 E0 41
1787900453.871718,34680,2910,12,1B F7 15 43 B7 AA A0 41 00 00 E8 41
1787900453.873024,34680,2911,12,9E 87 15 43 82 FC A8 41 00 00 F0 41
1787900453.874413,34680,2912,12,80 99 14 43 DB 82 BA 41 00 00 F8 41
1787900453.875686,34680,2913,12,9C 2E 13 43 5C 94 D4 41 00 00 00 42
1787900453.877093,34680,2914,12,77 4B 11 43 E1 16 F6 41 00 00 04 42
1787900453.878544,34680,2915,12,85 F4 0E 43 B7 DD 0E 42 00 00 08 42
1787900453.879824,34680,2916,12,C0 2F 0C 43 CF F6 24 42 00 00 0C 42
1787900453.881133,34680,2917,12,3E 04 09 43 4E 75 3C 42 00 00 10 42
1787900453.882402,34680,2918,12,F0 78 05 43 FF 70 54 42 00 00 14 42
1787900453.887352,34680,2919,12,1B 99 01 43 4F E6 6B 42 00 00 18 42
1787900453.888771,34680,291a,12,34 DB FA 42 B5 F6 80 42 00 00 1C 42
1787900453.890193,34680,291b,12,2D 02 F2 42 CC D2 8A 42 00 00 20 42
1787900453.891512,34680,291c,12,C0 BD E8 42 DC 22 93 42 00 00 24 42
1787900453.892938,34680,291d,12,93 22 DF 42 C5 93 99 42 00 00 28 42
1787900453.894182,34680,291e,12,35 4F D5 42 D3 DF 9D 42 00 00 2C 42
1787900453.895474,34680,291f,12,D0 59 CB 42 82 DD 9F 42 00 00 30 42
1787900453.896890,34680,2920,12,D9 5B C1 42 82 78 9F 42 00 00 34 42
1787900453.898280,34680,2921,12,DE 6E B7 42 DA B4 9C 42 00 00 38 42
1787900453.899641,34680,2922,12,39 A9 AD 42 D4 AC 97 42 00 00 3C 42
1787900453.901036,34680,2923,12,00 2A A4 42 E5 96 90 42 00 00 40 42
1787900453.902331,34680,2924,12,66 06 9B 42 1C BA 87 42 00 00 44 42
1787900453.903613,34680,2925,12,C8 55 92 42 C0 E1 7A 42 00 00 48 42
1787900453.904927,34680,2926,12,5C 2E 8A 42 3C 48 64 42 00 00 4C 42
1787900453.906325,34680,2927,12,BE A2 82 42 B9 86 4C 42 00 00 50 42
1787900453.907610,34680,2928,12,D3 95 77 42 53 9E 34 42 00 00 54 42
1787900453.908911,34680,2929,12,D6 6B 6B 42 A4 7B 1D 42 00 00 58 42
1787900453.910194,34680,292a,12,9D E6 60 42 AB 0A 08 42 00 00 5C 42
1787900453.911679,34680,292b,12,0D 21 58 42 44 4C EA 41 00 00 60 42
1787900453.913117,34680,292c,12,B4 2F 51 42 EF 14 CB 41 00 00 64 42
1787900453.914455,34680,292d,12,A8 28 4C 42 34 C1 B3 41 00 00 68 42
1787900453.915715,34680,292e,12,4C 16 49 42 2F 34 A5 41 00 00 6C 42
1787900453.916999,34680,292f,12,7B 00 48 42 50 02 A0 41 00 00 70 42
1787900453.921876,34680,2930,12,FD E9 48 42 92 60 A4 41 00 00 74 42
1787900453.923296,34680,2931,12,B2 D1 4B 42 20 28 B2 41 00 00 78 42
1787900453.924626,34680,2932,12,5D AE 50 42 D7 C3 C8 41 00 00 7C 42
1787900453.926034,34680,2933,12,2A 74 57 42 F0 4F E7 41 00 00 80 42
1787900453.927320,34680,2934,12,C8 11 60 42 68 4A 06 42 00 00 82 42
1787900453.928695,34680,2935,12,2E 71 6A 42 24 8B 1B 42 00 00 84 42
1787900453.930093,34680,2936,12,DB 7B 76 42 C1 98 32 42 00 00 86 42
1787900453.931467,34680,2937,12,C1 05 82 42 BB 79 4A 42 00 00 88 42
1787900453.932838,34680,2938,12,7C 80 89 42 76 41 62 42 00 00 8A 42
1787900453.934234,34680,2939,12,00 9B 91 42 5A FD 78 42 00 00 8C 42
1787900453.935568,34680,293a,12,96 40 9A 42 C1 E2 86 42 00 00 8E 42
1787900453.936884,34680,293b,12,08 5E A3 42 85 E5 8F 42 00 00 90 42
1787900453.938179,34680,293c,12,5C D6 AC 42 72 25 97 42 00 00 92 42
1787900453.939600,34680,293d,12,21 94 B6 42 A2 5B 9C 42 00 00 94 42
1787900453.940902,34680,293e,12,71 7E C0 42 EB 52 9F 42 00 00 96 42
1787900453.942298,34680,293f,12,F1 7B CA 42 0B ED 9F 42 00 00 98 42
1787900453.943652,34680,2940,12,31 76 D4 42 F0 22 9E 42 00 00 9A 42
1787900453.944940,34680,2941,12,75 4D DE 42 F9 07 9A 42 00 00 9C 42
1787900453.946458,34680,2942,12,B4 EB E7 42 D7 C5 93 42 00 00 9E 42
1787900453.947728,34680,2943,12,58 38 F1 42 61 9C 8B 42 00 00 A0 42
1787900453.949136,34680,2944,12,99 1B FA 42 D9 DE 81 42 00 00 A2 42
1787900453.950485,34680,2945,12,A4 40 01 43 1B DA 6D 42 00 00 A4 42
1787900453.951784,34680,2946,12,57 27 05 43 E5 7A 56 42 00 00 A6 42
1787900453.959147,34680,2947,12,48 B9 08 43 F9 87 3E 42 00 00 A8 42
1787900453.962084,34680,2948,12,55 ED 0B 43 A4 F5 26 42 00 00 AA 42
1787900453.963038,34680,2949,12,4E BB 0E 43 5B B4 10 42 00 00 AC 42
1787900453.964408,34680,294a,12,B4 1C 11 43 98 42 F9 41 00 00 AE 42
1787900453.965840,34680,294b,12,F4 09 13 43 7A 2B D7 41 00 00 B0 42
1787900453.967285,34680,294c,12,F2 7E 14 43 CF 71 BC 41 00 00 B2 42
1787900453.968674,34680,294d,12,F4 77 15 43 34 26 AA 41 00 00 B4 42
1787900453.970088,34680,294e,12,7D F2 15 43 4B 03 A1 41 00 00 B6 42
1787900453.971367,34680,294f,12,3E ED 15 43 E6 67 A1 41 00 00 B8 42
1787900453.972646,34680,2950,12,48 68 15 43 C3 4F AB 41 00 00 BA 42
1787900453.974077,34680,2951,12,00 65 14 43 77 54 BE 41 00 00 BC 42
1787900453.975389,34680,2952,12,00 E6 12 43 00 B4 D9 41 00 00 BE 42
1787900453.976794,34680,2953,12,18 EF 10 43 24 57 FC 41 00 00 C0 42
1787900453.978197,34680,2954,12,7C 84 0E 43 FC 74 12 42 00 00 C2 42
1787900453.979471,34680,2955,12,DD AD 0B 43 AC DA 28 42 00 00 C4 42
1787900453.980881,34680,2956,12,CC 71 08 43 15 7E 40 42 00 00 C6 42
1787900453.982257,34680,2957,12,8E D8 04 43 12 6E 58 42 00 00 C8 42
1787900453.983663,34680,2958,12,57 EB 00 43 76 B6 6F 42 00 00 CA 42
1787900453.985065,34680,2959,12,A9 65 F9 42 18 B8 82 42 00 00 CC 42
1787900453.986339,34680,295a,12,E6 78 F0 42 0E 58 8C 42 00 00 CE 42
1787900453.991294,34680,295b,12,AA 24 E7 42 78 5C 94 42 00 00 D0 42
1787900453.992696,34680,295c,12,D0 80 DD 42 8C 73 9A 42 00 00 D2 42
1787900453.994406,34680,295d,12,FB A5 D3 42 2E 5F 9E 42 00 00 D4 42
1787900453.995722,34680,295e,12,3F AA C9 42 7C F7 9F 42 00 00 D6 42
1787900453.997028,34680,295f,12,5C AD BF 42 34 2B 9F 42 00 00 D8 42
1787900453.998424,34680,2960,12,C0 C5 B5 42 59 03 9C 42 00 00 DA 42
1787900453.999712,34680,2961,12,BE 0C AC 42 1B A0 96 42 00 00 DC 42
1787900454.001101,34680,2962,12,30 9B A2 42 70 38 8F 42 00 00 DE 42
1787900454.002534,34680,2963,12,7A 86 99 42 CA 14 86 42 00 00 E0 42
1787900454.003767,34680,2964,12,7A EB 90 42 2C 30 77 42 00 00 E2 42
1787900454.005210,34680,2965,12,4B DD 88 42 66 55 60 42 00 00 E4 42
1787900454.006572,34680,2966,12,87 70 81 42 67 82 48 42 00 00 E6 42
1787900454.007841,34680,2967,12,50 70 75 42 35 AA 30 42 00 00 E8 42
1787900454.009145,34680,2968,12,43 87 69 42 22 B9 19 42 00 00 EA 42
1787900454.010598,34680,2969,12,C8 4B 5F 42 7B A7 04 42 00 00 EC 42
1787900454.011880,34680,296a,12,11 D4 56 42 A4 89 E4 41 00 00 EE 42
1787900454.013289,34680,296b,12,C4 35 50 42 66 99 C6 41 00 00 A0 41
1787900454.014781,34680,296c,12,CC 81 4B 42 A3 AF B0 41 00 00 A8 41
1787900454.016199,34680,296d,12,A4 C3 48 42 47 A9 A3 41 00 00 B0 41
1787900454.017650,34680,296e,12,05 04 48 42 49 13 A0 41 00 00 B8 41
1787900454.019039,34680,296f,12,AE 43 49 42 C1 0C A6 41 00 00 C0 41
1787900454.020407,34680,2970,12,6F 7F 4C 42 BD 58 B5 41 00 00 C8 41
1787900454.023297,34680,2971,12,03 AF 51 42 31 5B CD 41 00 00 D0 41
1787900454.024191,34680,2972,12,AA C7 58 42 36 2A ED 41 00 00 D8 41
1787900454.025557,34680,2973,12,D1 B2 61 42 C4 B6 09 42 00 00 E0 41
1787900454.027005,34680,2974,12,98 5B 6C 42 CD 53 1F 42 00 00 E8 41
1787900454.028944,34680,2975,12,BD A6 78 42 BC 8F 36 42 00 00 F0 41
1787900454.030378,34680,2976,12,6A 3A 83 42 90 7D 4E 42 00 00 F8 41
1787900454.031680,34680,2977,12,C0 D3 8A 42 70 30 66 42 00 00 00 42
1787900454.033036,34680,2978,12,38 07 93 42 DD A7 7C 42 00 00 04 42
1787900454.034335,34680,2979,12,1D C2 9B 42 14 83 88 42 00 00 08 42
1787900454.035726,34680,297a,12,1E EE A4 42 C4 3D 91 42 00 00 0C 42
1787900454.037024,34680,297b,12,C8 73 AE 42 F2 2A 98 42 00 00 10 42
1787900454.038443,34680,297c,12,D9 3D B8 42 24 05 9D 42 00 00 14 42
1787900454.039706,34680,297d,12,2E 2D C2 42 D2 97 9F 42 00 00 18 42
1787900454.040998,34680,297e,12,67 2B CC 42 98 CA 9F 42 00 00 1C 42
1787900454.042751,34680,297f,12,F7 1E D6 42 70 9B 9D 42 00 00 20 42
1787900454.044018,34680,2980,12,6C EE DF 42 A3 20 99 42 00 00 24 42
1787900454.045432,34680,2981,12,A5 83 E9 42 84 85 92 42 00 00 28 42
1787900454.046844,34680,2982,12,26 C0 F2 42 94 11 8A 42 00 00 2C 42
1787900454.048109,34680,2983,12,5B 8F FB 42 4C 19 80 42 00 00 30 42
1787900454.049491,34680,2984,12,5F ED 01 43 C6 04 6A 42 00 00 34 42
1787900454.050914,34680,2985,12,8D C6 05 43 EE 7B 52 42 00 00 38 42
1787900454.052195,34680,2986,12,6C 4A 09 43 AE 80 3A 42 00 00 3C 42
1787900454.053598,34680,2987,12,CE 6D 0C 43 98 16 23 42 00 00 40 42
1787900454.054921,34680,2988,12,D2 29 0F 43 0A 25 0D 42 00 00 44 42
1787900454.057361,34680,2989,12,7D 77 11 43 BA 17 F3 41 00 00 48 42
1787900454.058641,34680,298a,12,EA 50 13 43 FB 25 D2 41 00 00 4C 42
1787900454.059974,34680,298b,12,BA B1 14 43 44 BE B8 41 00 00 50 42
1787900454.061383,34680,298c,12,8A 95 15 43 8C F3 A7 41 00 00 54 42
1787900454.062687,34680,298d,12,96 FA 15 43 F2 67 A0 41 00 00 58 42
1787900454.064151,34680,298e,12,DA DF 15 43 6F 68 A2 41 00 00 5C 42
1787900454.065596,34680,298f,12,9D 45 15 43 93 E0 AD 41 00 00 60 42
1787900454.066982,34680,2990,12,FC 2C 14 43 20 63 C2 41 00 00 64 42
1787900454.068422,34680,2991,12,74 99 12 43 17 12 DF 41 00 00 68 42
1787900454.070312,34680,2992,12,CA 8E 10 43 F4 66 01 42 00 00 6C 42
1787900454.071726,34680,2993,12,34 12 0E 43 06 15 16 42 00 00 70 42
1787900454.073175,34680,2994,12,0F 2A 0B 43 4D C0 2C 42 00 00 74 42
1787900454.074555,34680,2995,12,B3 DC 07 43 0B 89 44 42 00 00 78 42
1787900454.075833,34680,2996,12,A0 34 04 43 D2 6D 5C 42 00 00 7C 42
1787900454.077109,34680,2997,12,36 3A 00 43 35 82 73 42 00 00 80 42
1787900454.078536,34680,2998,12,43 EF F7 42 62 6D 84 42 00 00 82 42
1787900454.079780,34680,2999,12,8E EF EE 42 DF CE 8D 42 00 00 84 42
1787900454.081103,34680,299a,12,50 89 E5 42 FE 87 95 42 00 00 86 42
1787900454.082494,34680,299b,12,71 DA DB 42 2A 45 9B 42 00 00 88 42
1787900454.084321,34680,299c,12,CF F8 D1 42 86 CE 9E 42 00 00 8A 42
1787900454.085746,34680,299d,12,AF FD C7 42 00 00 A0 42 00 00 8C 42
1787900454.087023,34680,299e,12,95 02 BE 42 6B CD 9E 42 00 00 8E 42
1787900454.088421,34680,299f,12,F5 1D B4 42 8A 41 9B 42 00 00 90 42
1787900454.089712,34680,29a0,12,47 6F AA 42 BD 82 95 42 00 00 92 42
1787900454.092685,34680,29a1,12,2F 0C A1 42 E2 CA 8D 42 00 00 94 42
1787900454.094097,34680,29a2,12,AD 0C 98 42 B5 68 84 42 00 00 96 42
1787900454.095499,34680,29a3,12,C2 87 8F 42 DA 77 73 42 00 00 98 42
1787900454.096777,34680,29a4,12,D3 90 87 42 7B 5B 5C 42 00 00 9A 42
1787900454.098162,34680,29a5,12,33 41 80 42 70 76 44 42 00 00 9C 42
1787900454.099618,34680,29a6,12,02 52 73 42 7B B5 2C 42 00 00 9E 42
1787900454.101064,34680,29a7,12,2F B2 67 42 EB 0A 16 42 00 00 A0 42
1787900454.102481,34680,29a8,12,A6 C0 5D 42 F8 5D 01 42 00 00 A2 42
1787900454.103738,34680,29a9,12,90 94 55 42 F2 F8 DE 41 00 00 A4 42
1787900454.105177,34680,29aa,12,EA 47 4F 42 F0 4F C2 41 00 00 A6 42
1787900454.106632,34680,29ab,12,FA E7 4A 42 22 D9 AD 41 00 00 A8 42
1787900454.107944,34680,29ac,12,EE 7F 48 42 4B 65 A2 41 00 00 AA 42
1787900454.109249,34680,29ad,12,EE 15 48 42 3E 69 A0 41 00 00 AC 42
1787900454.110684,34680,29ae,12,D7 AB 49 42 10 FD A7 41 00 00 AE 42
1787900454.111957,34680,29af,12,9F 3C 4D 42 BD CE B8 41 00 00 B0 42
1787900454.113265,34680,29b0,12,56 BF 52 42 94 33 D2 41 00 00 B2 42
1787900454.114665,34680,29b1,12,E6 25 5A 42 8C 28 F3 41 00 00 B4 42
1787900454.115944,34680,29b2,12,63 5D 63 42 B9 2E 0D 42 00 00 B6 42
1787900454.117201,34680,29b3,12,EA 51 6E 42 4E 28 23 42 00 00 B8 42
1787900454.118582,34680,29b4,12,A5 E0 7A 42 2D 93 3A 42 00 00 BA 42
1787900454.119826,34680,29b5,12,50 76 84 42 FF 86 52 42 00 00 BC 42
1787900454.121215,34680,29b6,12,F8 28 8C 42 6E 0F 6A 42 00 00 BE 42
1787900454.122558,34680,29b7,12,9D 74 94 42 35 1E 80 42 00 00 C0 42
1787900454.123832,34680,29b8,12,DD 46 9D 42 C4 18 8A 42 00 00 C2 42
1787900454.127644,34680,29b9,12,AA 83 A6 42 64 8B 92 42 00 00 C4 42
1787900454.129022,34680,29ba,12,12 16 B0 42 38 23 99 42 00 00 C6 42
1787900454.130451,34680,29bb,12,9F E5 B9 42 FE 9C 9D 42 00 00 C8 42
1787900454.131869,34680,29bc,12,39 D9 C3 42 0E CB 9F 42 00 00 CA 42
1787900454.133312,34680,29bd,12,90 DA CD 42 BC 96 9F 42 00 00 CC 42
1787900454.134647,34680,29be,12,CF C9 D7 42 3D 02 9D 42 00 00 CE 42
1787900454.135901,34680,29bf,12,B2 90 E1 42 34 28 98 42 00 00 D0 42
1787900454.137328,34680,29c0,12,38 16 EB 42 1D 3A 91 42 00 00 D2 42
1787900454.139620,34680,29c1,12,0A 42 F4 42 AA 7E 88 42 00 00 D4 42
1787900454.140761,34680,29c2,12,5C FF FC 42 23 97 7C 42 00 00 D6 42
1787900454.142139,34680,29c3,12,31 99 02 43 6C 1E 66 42 00 00 D8 42
1787900454.143542,34680,29c4,12,79 64 06 43 77 72 4E 42 00 00 DA 42
1787900454.144826,34680,29c5,12,D4 D7 09 43 BE 84 36 42 00 00 DC 42
1787900454.146202,34680,29c6,12,6F EA 0C 43 59 49 1F 42 00 00 DE 42
1787900454.147626,34680,29c7,12,32 95 0F 43 DC A6 09 42 00 00 E0 42
1787900454.148908,34680,29c8,12,A4 CF 11 43 E0 0E ED 41 00 00 E2 42
1787900454.150177,34680,29c9,12,F6 94 13 43 32 4E CD 41 00 00 E4 42
1787900454.151482,34680,29ca,12,A1 E0 14 43 94 4F B5 41 00 00 E6 42
1787900454.153344,34680,29cb,12,57 AF 15 43 CC 07 A6 41 00 00 E8 42
1787900454.154760,34680,29cc,12,0B FF 15 43 5E 12 A0 41 00 00 EA 42
1787900454.156046,34680,29cd,12,C0 CE 15 43 C3 AF A3 41 00 00 EC 42
1787900454.157464,34680,29ce,12,1E 1F 15 43 C8 B7 B0 41 00 00 EE 42
1787900454.158738,34680,29cf,12,E7 F1 13 43 7E A5 C6 41 00 00 A0 41
1787900454.163776,34680,29d0,12,1C 4A 12 43 32 99 E4 41 00 00 A8 41
1787900454.164530,34680,29d1,12,3D 2B 10 43 E4 B6 04 42 00 00 B0 41
1787900454.165840,34680,29d2,12,09 9C 0D 43 4E CA 19 42 00 00 B8 41
1787900454.167339,34680,29d3,12,74 A2 0A 43 1C B5 30 42 00 00 C0 41
1787900454.168743,34680,29d4,12,18 46 07 43 83 8D 48 42 00 00 C8 41
1787900454.170125,34680,29d5,12,8F 8F 03 43 48 60 60 42 00 00 D0 41
1787900454.171525,34680,29d6,12,0D 0E FF 42 49 41 77 42 00 00 D8 41
1787900454.172828,34680,29d7,12,A8 72 F6 42 73 1C 86 42 00 00 E0 41
1787900454.174397,34680,29d8,12,84 60 ED 42 4A 3C 8F 42 00 00 E8 41
1787900454.175724,34680,29d9,12,D0 EE E3 42 16 A3 96 42 00 00 F0 41
1787900454.177124,34680,29da,12,B3 35 DA 42 57 05 9C 42 00 00 F8 41
1787900454.178534,34680,29db,12,EA 4A D0 42 BF 2C 9F 42 00 00 00 42
1787900454.179818,34680,29dc,12,00 4E C6 42 2C F7 9F 42 00 00 04 42
1787900454.181272,34680,29dd,12,6C 55 BC 42 E4 5D 9E 42 00 00 08 42
1787900454.182713,34680,29de,12,AB 7A B2 42 37 71 9A 42 00 00 0C 42
1787900454.183955,34680,29df,12,F0 D6 A8 42 2D 59 94 42 00 00 10 42
1787900454.185269,34680,29e0,12,03 80 9F 42 2A 51 8C 42 00 00 14 42
1787900454.186576,34680,29e1,12,99 93 96 42 19 B0 82 42 00 00 18 42
1787900454.188085,34680,29e2,12,8B 25 8E 42 FA AB 6F 42 00 00 1C 42
1787900454.189439,34680,29e3,12,66 4B 86 42 10 63 58 42 00 00 20 42
1787900454.190735,34680,29e4,12,79 32 7E 42 FD 72 40 42 00 00 24 42
1787900454.192149,34680,29e5,12,1B 3F 71 42 B3 C8 28 42 00 00 28 42
1787900454.193584,34680,29e6,12,E5 E5 65 42 54 64 12 42 00 00 2C 42
1787900454.195940,34680,29e7,12,91 3F 5C 42 9F 45 FC 41 00 00 30 42
1787900454.197329,34680,29e8,12,CC 64 54 42 8D A5 D9 41 00 00 34 42
1787900454.198674,34680,29e9,12,AA 69 4E 42 A8 49 BE 41 00 00 38 42
1787900454.199959,34680,29ea,12,80 5C 4A 42 7B 44 AB 41 00 00 3C 42
1787900454.201418,34680,29eb,12,33 4A 48 42 E2 63 A1 41 00 00 40 42
1787900454.202755,34680,29ec,12,79 36 48 42 56 05 A1 41 00 00 44 42
1787900454.204125,34680,29ed,12,88 21 4A 42 9A 2C AA 41 00 00 48 42
1787900454.205466,34680,29ee,12,77 06 4E 42 4F 7C BC 41 00 00 4C 42
1787900454.206752,34680,29ef,12,70 DD 53 42 3C 43 D7 41 00 00 50 42
1787900454.208794,34680,29f0,12,E1 93 5B 42 91 5F F9 41 00 00 54 42
1787900454.210166,34680,29f1,12,97 17 65 42 38 BE 10 42 00 00 58 42
1787900454.211630,34680,29f2,12,40 50 70 42 53 00 27 42 00 00 5C 42
1787900454.213046,34680,29f3,12,2A 21 7D 42 0D 93 3E 42 00 00 60 42
1787900454.214407,34680,29f4,12,20 B7 85 42 5F 8D 56 42 00 00 64 42
1787900454.215681,34680,29f5,12,03 85 8D 42 C4 EB 6D 42 00 00 68 42
1787900454.218569,34680,29f6,12,69 E8 95 42 AB E3 81 42 00 00 6C 42
1787900454.219840,34680,29f7,12,E0 CB 9E 42 8D A0 8B 42 00 00 70 42
1787900454.221290,34680,29f8,12,AF 18 A8 42 33 C9 93 42 00 00 74 42
1787900454.222640,34680,29f9,12,1A BA B1 42 04 0C 9A 42 00 00 78 42
1787900454.223950,34680,29fa,12,81 91 BB 42 3C 25 9E 42 00 00 7C 42
1787900454.225249,34680,29fb,12,B0 88 C5 42 51 ED 9F 42 00 00 80 42
1787900454.226635,34680,29fc,12,2D 86 CF 42 16 52 9F 42 00 00 82 42
1787900454.227896,34680,29fd,12,6E 70 D9 42 BA 59 9C 42 00 00 84 42
1787900454.229360,34680,29fe,12,1B 31 E3 42 94 20 97 42 00 00 86 42
1787900454.232752,34680,29ff,12,2F A9 EC 42 2C DF 8F 42 00 00 88 42
1787900454.234221,34680,2a00,12,88 C3 F5 42 3C DE 86 42 00 00 8A 42
1787900454.236294,34680,2a01,12,E2 68 FE 42 35 F3 78 42 00 00 8C 42
1787900454.241374,34680,2a02,12,90 41 03 43 9E 36 62 42 00 00 8E 42
1787900454.243284,34680,2a03,12,E4 FF 06 43 20 67 4A 42 00 00 90 42
1787900454.248183,34680,2a04,12,85 63 0A 43 70 86 32 42 00 00 92 42
1787900454.248874,34680,2a05,12,01 65 0D 43 D2 80 1B 42 00 00 94 42
1787900454.252639,34680,2a06,12,A8 FC 0F 43 1C 41 06 42 00 00 96 42
1787900454.255533,34680,2a07,12,DA 23 12 43 22 40 E7 41 00 00 98 42
1787900454.259369,34680,2a08,12,8A D5 13 43 18 AF C8 41 00 00 9A 42
1787900454.266933,34680,2a09,12,54 0C 15 43 EE 19 B2 41 00 00 9C 42
1787900454.272146,34680,2a0a,12,BA C5 15 43 59 5C A4 41 00 00 9E 42
1787900454.303626,34680,2a0b,12,DE FF 15 43 81 02 A0 41 00 00 A0 42
1787900454.304260,34680,2a0c,12,2F BA 15 43 CA 38 A5 41 00 00 A2 42
1787900454.306227,34680,2a0d,12,0D F5 14 43 01 D0 B3 41 00 00 A4 42
1787900454.355493,34680,2a0e,12,EA B2 13 43 39 2A CB 41 00 00 A6 42
1787900454.365869,34680,2a0f,12,D4 F6 11 43 58 5C EA 41 00 00 A8 42
1787900454.367268,34680,2a10,12,3A C5 0F 43 12 14 08 42 00 00 AA 42
1787900454.367762,34680,2a11,12,BA 23 0D 43 08 86 1D 42 00 00 AC 42
1787900454.369204,34680,2a12,12,08 18 0A 43 B2 B0 34 42 00 00 AE 42
1787900454.371571,34680,2a13,12,D6 AB 06 43 52 99 4C 42 00 00 B0 42
1787900454.372663,34680,2a14,12,00 E7 02 43 08 53 64 42 00 00 B2 42
1787900454.376965,34680,2a15,12,50 A6 FD 42 D0 EB 7A 42 00 00 B4 42
1787900454.379971,34680,2a16,12,77 F5 F4 42 92 BE 87 42 00 00 B6 42
1787900454.381679,34680,2a17,12,C2 CE EB 42 1F 9D 90 42 00 00 B8 42
1787900454.393418,34680,2a18,12,4B 4F E2 42 8E B1 97 42 00 00 BA 42
1787900454.395069,34680,2a19,12,91 8C D8 42 AA B6 9C 42 00 00 BC 42
1787900454.400071,34680,2a1a,12,88 9F CE 42 3E 79 9F 42 00 00 BE 42
1787900454.404191,34680,2a1b,12,90 A1 C4 42 22 DD 9F 42 00 00 C0 42
1787900454.406970,34680,2a1c,12,1B A9 BA 42 5E DD 9D 42 00 00 C2 42
1787900454.407431,34680,2a1d,12,E1 D5 B0 42 94 8F 99 42 00 00 C4 42
1787900454.407995,34680,2a1e,12,E0 3D A7 42 6B 1F 93 42 00 00 C6 42
1787900454.409002,34680,2a1f,12,A0 F9 9D 42 90 CE 8A 42 00 00 C8 42
1787900454.410633,34680,2a20,12,D0 20 95 42 D7 F1 80 42 00 00 CA 42
1787900454.411023,34680,2a21,12,8B C7 8C 42 8C D4 6B 42 00 00 CC 42
1787900454.411644,34680,2a22,12,5E 08 85 42 7C 5E 54 42 00 00 CE 42
1787900454.411984,34680,2a23,12,CE E8 7B 42 3E 6A 3C 42 00 00 D0 42
1787900454.412865,34680,2a24,12,7B 3B 6F 42 2E EC 24 42 00 00 D2 42
1787900454.413968,34680,2a25,12,30 29 64 42 F2 D3 0E 42 00 00 D4 42
1787900454.414956,34680,2a26,12,92 CB 5A 42 52 FA F5 41 00 00 D6 42
1787900454.416226,34680,2a27,12,6C 40 53 42 1E 7D D4 41 00 00 D8 42
1787900454.417497,34680,2a28,12,D6 97 4D 42 B4 78 BA 41 00 00 DA 42
1787900454.418876,34680,2a29,12,45 E0 49 42 7D F6 A8 41 00 00 DC 42
1787900454.420762,34680,2a2a,12,3C 23 48 42 11 A9 A0 41 00 00 DE 42
1787900454.422561,34680,2a2b,12,90 65 48 42 04 E7 A1 41 00 00 E0 42
1787900454.423861,34680,2a2c,12,6F A6 4A 42 E6 A2 AC 41 00 00 E2 42
1787900454.425232,34680,2a2d,12,DA DF 4E 42 1B 6E C0 41 00 00 E4 42
1787900454.426592,34680,2a2e,12,04 07 55 42 B8 7E DC 41 00 00 E6 42
1787900454.427850,34680,2a2f,12,34 0C 5D 42 75 B6 FF 41 00 00 E8 42
1787900454.429214,34680,2a30,12,3C DE 66 42 CD 5D 14 42 00 00 EA 42
1787900454.430511,34680,2a31,12,E2 5D 72 42 17 E9 2A 42 00 00 EC 42
1787900454.431847,34680,2a32,12,8A 70 7F 42 1F 9D 42 42 00 00 EE 42
1787900454.433127,34680,2a33,12,64 FA 86 42 18 88 5A 42 00 00 A0 41
1787900454.434432,34680,2a34,12,C0 E2 8E 42 08 B6 71 42 00 00 A8 41
1787900454.435692,34680,2a35,12,DB 5F 97 42 6C A0 83 42 00 00 B0 41
1787900454.437580,34680,2a36,12,B7 56 A0 42 B2 1F 8D 42 00 00 B8 41
1787900454.439001,34680,2a37,12,F9 B2 A9 42 76 FB 94 42 00 00 C0 41
1787900454.440314,34680,2a38,12,B3 5C B3 42 90 E3 9A 42 00 00 C8 41
1787900454.441787,34680,2a39,12,30 3B BD 42 C0 9B 9E 42 00 00 D0 41
1787900454.443646,34680,2a3a,12,55 38 C7 42 22 FE 9F 42 00 00 D8 41
1787900454.445140,34680,2a3b,12,5E 34 D1 42 BA FB 9E 42 00 00 E0 41
1787900454.446510,34680,2a3c,12,DE 18 DB 42 A4 9F 9B 42 00 00 E8 41
1787900454.447890,34680,2a3d,12,8B CC E4 42 24 0C 96 42 00 00 F0 41
1787900454.449458,34680,2a3e,12,97 36 EE 42 1B 7A 8E 42 00 00 F8 41
1787900454.452018,34680,2a3f,12,B2 41 F7 42 A5 33 85 42 00 00 00 42
1787900454.453379,34680,2a40,12,18 D1 FF 42 4A 3A 75 42 00 00 04 42
1787900454.454886,34680,2a41,12,E6 E8 03 43 EB 3F 5E 42 00 00 08 42
1787900454.458110,34680,2a42,12,AA 97 07 43 95 62 46 42 00 00 0C 42
1787900454.459746,34680,2a43,12,70 EB 0A 43 B8 95 2E 42 00 00 10 42
1787900454.461230,34680,2a44,12,90 DC 0D 43 40 C5 17 42 00 00 14 42
1787900454.462706,34680,2a45,12,AE 61 10 43 18 E8 02 42 00 00 18 42
1787900454.463985,34680,2a46,12,55 75 12 43 83 97 E1 41 00 00 1C 42
1787900454.465396,34680,2a47,12,35 12 14 43 F7 51 C4 41 00 00 20 42
1787900454.466777,34680,2a48,12,2F 34 15 43 25 2A AF 41 00 00 24 42
1787900454.468028,34680,2a49,12,7C D8 15 43 82 F5 A2 41 00 00 28 42
1787900454.469244,34680,2a4a,12,13 FD 15 43 29 38 A0 41 00 00 2C 42
1787900454.470495,34680,2a4b,12,DD A1 15 43 CC 08 A7 41 00 00 30 42
1787900454.471719,34680,2a4c,12,C2 C7 14 43 E9 21 B7 41 00 00 34 42
1787900454.473132,34680,2a4d,12,F1 70 13 43 46 DF CF 41 00 00 38 42
1787900454.474349,34680,2a4e,12,33 A0 11 43 B9 4F F0 41 00 00 3C 42
1787900454.475625,34680,2a4f,12,4D 5B 0F 43 14 8A 0B 42 00 00 40 42
1787900454.476987,34680,2a50,12,8E A7 0C 43 0C 55 21 42 00 00 44 42
1787900454.478403,34680,2a51,12,DF 8B 09 43 77 AA 38 42 00 00 48 42
1787900454.479599,34680,2a52,12,32 10 06 43 4F 9C 50 42 00 00 4C 42
1787900454.480989,34680,2a53,12,31 3C 02 43 8A 3D 68 42 00 00 50 42
1787900454.482407,34680,2a54,12,10 38 FC 42 68 8E 7E 42 00 00 54 42
1787900454.483714,34680,2a55,12,3C 72 F3 42 60 59 89 42 00 00 58 42
1787900454.485123,34680,2a56,12,54 3D EA 42 8C EE 91 42 00 00 5C 42
1787900454.486491,34680,2a57,12,E3 B0 E0 42 2C AF 98 42 00 00 60 42
1787900454.487641,34680,2a58,12,3B E2 D6 42 7A 57 9D 42 00 00 64 42
1787900454.488970,34680,2a59,12,8D F0 CC 42 0B B5 9F 42 00 00 68 42
1787900454.490201,34680,2a5a,12,3E F2 C2 42 8A B1 9F 42 00 00 6C 42
1787900454.491471,34680,2a5b,12,DB 00 B9 42 1C 4D 9D 42 00 00 70 42
1787900454.492822,34680,2a5c,12,CF 35 AF 42 26 A0 98 42 00 00 74 42
1787900454.494178,34680,2a5d,12,34 A7 A5 42 F0 D7 91 42 00 00 78 42
1787900454.495460,34680,2a5e,12,70 73 9C 42 E2 3D 89 42 00 00 7C 42
1787900454.496643,34680,2a5f,12,03 AF 93 42 DC 4F 7E 42 00 00 80 42
1787900454.497989,34680,2a60,12,56 70 8B 42 EA F9 67 42 00 00 82 42
1787900454.499330,34680,2a61,12,7F CC 83 42 C9 5D 50 42 00 00 84 42
1787900454.500580,34680,2a62,12,EA A9 79 42 DF 64 38 42 00 00 86 42
1787900454.501853,34680,2a63,12,C3 3F 6D 42 A3 12 21 42 00 00 88 42
1787900454.503179,34680,2a64,12,B3 75 62 42 7E 4D 0B 42 00 00 8A 42
1787900454.504554,34680,2a65,12,50 67 59 42 0C E7 EF 41 00 00 8C 42
1787900454.506135,34680,2a66,12,C2 2B 52 42 40 94 CF 41 00 00 8E 42
1787900454.507514,34680,2a67,12,28 D4 4C 42 EE E5 B6 41 00 00 90 42
1787900454.508665,34680,2a68,12,81 71 49 42 38 E7 A6 41 00 00 92 42
1787900454.509873,34680,2a69,12,7C 0A 48 42 51 32 A0 41 00 00 94 42
1787900454.511212,34680,2a6a,12,AF A2 48 42 A3 0B A3 41 00 00 96 42
1787900454.512526,34680,2a6b,12,95 38 4B 42 1E 56 AF 41 00 00 98 42
1787900454.513835,34680,2a6c,12,4B C7 4F 42 57 9C C4 41 00 00 9A 42
1787900454.515138,34680,2a6d,12,54 40 56 42 0C F8 E1 41 00 00 9C 42
1787900454.516445,34680,2a6e,12,40 94 5E 42 85 21 03 42 00 00 9E 42
1787900454.517680,34680,2a6f,12,C5 AD 68 42 8B 05 18 42 00 00 A0 42
1787900454.519100,34680,2a70,12,11 73 74 42 FE D2 2E 42 00 00 A2 42
1787900454.520353,34680,2a71,12,38 E5 80 42 C2 A8 46 42 00 00 A4 42
1787900454.521704,34680,2a72,12,BA 44 88 42 DE 84 5E 42 00 00 A6 42
1787900454.523054,34680,2a73,12,2D 47 90 42 43 7B 75 42 00 00 A8 42
1787900454.524229,34680,2a74,12,15 D8 98 42 DA 50 85 42 00 00 AA 42
1787900454.526224,34680,2a75,12,8D E1 A1 42 38 90 8E 42 00 00 AC 42
1787900454.527605,34680,2a76,12,77 4F AB 42 76 1F 96 42 00 00 AE 42
1787900454.528950,34680,2a77,12,D7 03 B5 42 C2 AC 9B 42 00 00 B0 42
1787900454.530278,34680,2a78,12,C1 E8 BE 42 1F 02 9F 42 00 00 B2 42
1787900454.531639,34680,2a79,12,E9 E4 C8 42 8B FD 9F 42 00 00 B4 42
1787900454.532979,34680,2a7a,12,C7 DE D2 42 02 95 9E 42 00 00 B6 42
1787900454.534334,34680,2a7b,12,E9 BF DC 42 5B D5 9A 42 00 00 B8 42
1787900454.535661,34680,2a7c,12,E4 68 E6 42 2A E7 94 42 00 00 BA 42
1787900454.536859,34680,2a7d,12,20 C4 EF 42 1D 06 8D 42 00 00 BC 42
1787900454.538050,34680,2a7e,12,B0 B9 F8 42 95 82 83 42 00 00 BE 42
1787900454.539301,34680,2a7f,12,58 99 00 43 3C 7B 71 42 00 00 C0 42
1787900454.542053,34680,2a80,12,E8 8D 04 43 BE 42 5A 42 00 00 C2 42
1787900454.543378,34680,2a81,12,F7 2D 08 43 03 57 42 42 00 00 C4 42
1787900454.544605,34680,2a82,12,86 71 0B 43 06 A5 2A 42 00 00 C6 42
1787900454.546205,34680,2a83,12,3D 50 0E 43 7C 1E 14 42 00 00 C8 42
1787900454.547604,34680,2a84,12,C6 C2 10 43 5C 52 FF 41 00 00 CA 42
1787900454.548971,34680,2a85,12,6E C3 12 43 AC 21 DC 41 00 00 CC 42
1787900454.550212,34680,2a86,12,D4 4B 14 43 C9 27 C0 41 00 00 CE 42
1787900454.551570,34680,2a87,12,C2 58 15 43 1B 76 AC 41 00 00 D0 42
1787900454.553330,34680,2a88,12,86 E7 15 43 8A D5 A1 41 00 00 D2 42
1787900454.554777,34680,2a89,12,B3 F6 15 43 7C B2 A0 41 00 00 D4 42
1787900454.556094,34680,2a8a,12,ED 85 15 43 A4 1C A9 41 00 00 D6 42
1787900454.557322,34680,2a8b,12,9A 96 14 43 EE B8 BA 41 00 00 D8 42
1787900454.558542,34680,2a8c,12,0D 2B 13 43 DA D4 D4 41 00 00 DA 42
1787900454.559881,34680,2a8d,12,EA 46 11 43 12 66 F6 41 00 00 DC 42
1787900454.561322,34680,2a8e,12,04 EF 0E 43 16 0B 0F 42 00 00 DE 42
1787900454.562781,34680,2a8f,12,6D 28 0C 43 52 2F 25 42 00 00 E0 42
1787900454.563998,34680,2a90,12,F8 FB 08 43 1B B0 3C 42 00 00 E2 42
1787900454.565357,34680,2a91,12,F4 70 05 43 48 A4 54 42 00 00 E4 42
1787900454.566681,34680,2a92,12,71 90 01 43 80 17 6C 42 00 00 E6 42
1787900454.568026,34680,2a93,12,B2 C8 FA 42 47 0D 81 42 00 00 E8 42
1787900454.569439,34680,2a94,12,D6 EB F1 42 4C E9 8A 42 00 00 EA 42
1787900454.570771,34680,2a95,12,7E A6 E8 42 1C 35 93 42 00 00 EC 42
1787900454.572187,34680,2a96,12,AB 0D DF 42 5C 9F 99 42 00 00 EE 42
1787900454.573640,34680,2a97,12,E9 39 D5 42 9B E6 9D 42 00 00 A0 41
1787900454.575438,34680,2a98,12,56 44 CB 42 36 DF 9F 42 00 00 A8 41
1787900454.576831,34680,2a99,12,4B 43 C1 42 91 74 9F 42 00 00 B0 41
1787900454.578250,34680,2a9a,12,99 56 B7 42 2C AB 9C 42 00 00 B8 41
1787900454.579539,34680,2a9b,12,80 94 AD 42 B4 9F 97 42 00 00 C0 41
1787900454.580957,34680,2a9c,12,F2 15 A4 42 A0 85 90 42 00 00 C8 41
1787900454.582357,34680,2a9d,12,36 F3 9A 42 62 A5 87 42 00 00 D0 41
1787900454.583625,34680,2a9e,12,05 41 92 42 3A AC 7A 42 00 00 D8 41
1787900454.585050,34680,2a9f,12,06 1B 8A 42 D1 0E 64 42 00 00 E0 41
1787900454.586319,34680,2aa0,12,45 93 82 42 30 53 4C 42 00 00 E8 41
1787900454.587703,34680,2aa1,12,03 7A 77 42 71 6B 34 42 00 00 F0 41
1787900454.589136,34680,2aa2,12,6F 53 6B 42 6F 4B 1D 42 00 00 F8 41
1787900454.590421,34680,2aa3,12,D8 CE 60 42 B8 D8 07 42 00 00 00 42
1787900454.591702,34680,2aa4,12,B4 0D 58 42 E2 F6 E9 41 00 00 04 42
1787900454.593012,34680,2aa5,12,D9 22 51 42 0C DA CA 41 00 00 08 42
1787900454.594515,34680,2aa6,12,F4 1F 4C 42 4E 98 B3 41 00 00 0C 42
1787900454.595814,34680,2aa7,12,D6 11 49 42 E9 1E A5 41 00 00 10 42
1787900454.597247,34680,2aa8,12,4A 00 48 42 66 01 A0 41 00 00 14 42
1787900454.598656,34680,2aa9,12,B6 EE 48 42 23 77 A4 41 00 00 18 42
1787900454.599958,34680,2aaa,12,12 DA 4B 42 8F 4F B2 41 00 00 1C 42
1787900454.601571,34680,2aab,12,E8 BA 50 42 6A FD C8 41 00 00 20 42
1787900454.602988,34680,2aac,12,BF 84 57 42 5D 99 E7 41 00 00 24 42
1787900454.604363,34680,2aad,12,36 29 60 42 DD 7B 06 42 00 00 28 42
1787900454.605774,34680,2aae,12,D1 8C 6A 42 07 C2 1B 42 00 00 2C 42
1787900454.607063,34680,2aaf,12,6A 97 76 42 80 CB 32 42 00 00 30 42
1787900454.608348,34680,2ab0,12,1C 15 82 42 4A AD 4A 42 00 00 34 42
1787900454.609717,34680,2ab1,12,44 91 89 42 C5 73 62 42 00 00 38 42
1787900454.611124,34680,2ab2,12,A9 AF 91 42 40 33 79 42 00 00 3C 42
1787900454.612523,34680,2ab3,12,7A 56 9A 42 C4 FA 86 42 00 00 40 42
1787900454.613808,34680,2ab4,12,08 72 A3 42 14 F7 8F 42 00 00 44 42
1787900454.615100,34680,2ab5,12,0A EB AC 42 E9 32 97 42 00 00 48 42
1787900454.616544,34680,2ab6,12,4A A9 B6 42 76 64 9C 42 00 00 4C 42
1787900454.617837,34680,2ab7,12,FC 96 C0 42 50 57 9F 42 00 00 50 42
1787900454.619297,34680,2ab8,12,8B 94 CA 42 8C EB 9F 42 00 00 54 42
1787900454.620577,34680,2ab9,12,82 8B D4 42 8A 1C 9E 42 00 00 58 42
1787900454.622739,34680,2aba,12,67 62 DE 42 BE FC 99 42 00 00 5C 42
1787900454.624120,34680,2abb,12,10 00 E8 42 39 B6 93 42 00 00 60 42
1787900454.625552,34680,2abc,12,C3 4E F1 42 2D 86 8B 42 00 00 64 42
1787900454.626938,34680,2abd,12,E4 30 FA 42 38 C5 81 42 00 00 68 42
1787900454.628379,34680,2abe,12,5A 49 01 43 28 A9 6D 42 00 00 6C 42
1787900454.629718,34680,2abf,12,61 2F 05 43 B2 47 56 42 00 00 70 42
1787900454.631162,34680,2ac0,12,91 C0 08 43 91 54 3E 42 00 00 74 42
1787900454.632583,34680,2ac1,12,BC F4 0B 43 DF BC 26 42 00 00 78 42
1787900454.634033,34680,2ac2,12,B0 C1 0E 43 F5 7F 10 42 00 00 7C 42
1787900454.635635,34680,2ac3,12,55 21 11 43 64 F2 F8 41 00 00 80 42
1787900454.637057,34680,2ac4,12,98 0D 13 43 C2 E9 D6 41 00 00 82 42
1787900454.638420,34680,2ac5,12,8F 81 14 43 2F 41 BC 41 00 00 84 42
1787900454.639703,34680,2ac6,12,BD 79 15 43 52 04 AA 41 00 00 86 42
1787900454.641151,34680,2ac7,12,0C F3 15 43 91 F8 A0 41 00 00 88 42
1787900454.642560,34680,2ac8,12,A8 EC 15 43 21 73 A1 41 00 00 8A 42
1787900454.643798,34680,2ac9,12,A0 66 15 43 23 6F AB 41 00 00 8C 42
1787900454.645141,34680,2aca,12,4C 62 14 43 BB 86 BE 41 00 00 8E 42
1787900454.646550,34680,2acb,12,BA E1 12 43 ED 00 DA 41 00 00 90 42
1787900454.647822,34680,2acc,12,B1 E9 10 43 57 B4 FC 41 00 00 92 42
1787900454.649683,34680,2acd,12,D4 7E 0E 43 27 A3 12 42 00 00 94 42
1787900454.651090,34680,2ace,12,53 A7 0B 43 7C 0C 29 42 00 00 96 42
1787900454.652423,34680,2acf,12,70 6A 08 43 8D B1 40 42 00 00 98 42
1787900454.653836,34680,2ad0,12,46 CF 04 43 93 A8 58 42 00 00 9A 42
1787900454.655126,34680,2ad1,12,4C E1 00 43 2F EE 6F 42 00 00 9C 42
1787900454.656652,34680,2ad2,12,F9 52 F9 42 3B CE 82 42 00 00 9E 42
1787900454.658082,34680,2ad3,12,3F 65 F0 42 20 6B 8C 42 00 00 A0 42
1787900454.659490,34680,2ad4,12,3E 10 E7 42 B6 6B 94 42 00 00 A2 42
1787900454.660771,34680,2ad5,12,C6 68 DD 42 EE 7F 9A 42 00 00 A4 42
1787900454.662044,34680,2ad6,12,89 8D D3 42 FC 65 9E 42 00 00 A6 42
1787900454.663339,34680,2ad7,12,C3 94 C9 42 52 F8 9F 42 00 00 A8 42
1787900454.665393,34680,2ad8,12,F2 97 BF 42 E8 26 9F 42 00 00 AA 42
1787900454.666816,34680,2ad9,12,A0 B0 B5 42 16 FA 9B 42 00 00 AC 42
1787900454.668207,34680,2ada,12,1D F5 AB 42 3B 90 96 42 00 00 AE 42
1787900454.669631,34680,2adb,12,5E 84 A2 42 EE 23 8F 42 00 00 B0 42
1787900454.671209,34680,2adc,12,74 73 99 42 8F FF 85 42 00 00 B2 42
1787900454.672950,34680,2add,12,8C D9 90 42 BE 00 77 42 00 00 B4 42
1787900454.675237,34680,2ade,12,A3 CC 88 42 E5 22 60 42 00 00 B6 42
1787900454.676565,34680,2adf,12,18 5F 81 42 55 47 48 42 00 00 B8 42
1787900454.680854,34680,2ae0,12,18 51 75 42 47 70 30 42 00 00 BA 42
1787900454.683812,34680,2ae1,12,76 6F 69 42 92 89 19 42 00 00 BC 42
1787900454.686047,34680,2ae2,12,AB 37 5F 42 D2 7C 04 42 00 00 BE 42
1787900454.690996,34680,2ae3,12,D8 C3 56 42 8A 41 E4 41 00 00 C0 42
1787900454.692297,34680,2ae4,12,D4 27 50 42 3E 59 C6 41 00 00 C2 42
1787900454.693597,34680,2ae5,12,A4 78 4B 42 76 84 B0 41 00 00 C4 42
1787900454.694897,34680,2ae6,12,E7 BF 48 42 6A 97 A3 41 00 00 C6 42
1787900454.696216,34680,2ae7,12,93 04 48 42 F5 15 A0 41 00 00 C8 42
1787900454.699567,34680,2ae8,12,86 48 49 42 DA 23 A6 41 00 00 CA 42
1787900454.702369,34680,2ae9,12,D6 89 4C 42 8C 89 B5 41 00 00 CC 42
1787900454.703718,34680,2aea,12,2A BE 51 42 66 A0 CD 41 00 00 CE 42
1787900454.705948,34680,2aeb,12,E9 D8 58 42 09 76 ED 41 00 00 D0 42
1787900454.707112,34680,2aec,12,E8 C7 61 42 DE E2 09 42 00 00 D2 42
1787900454.708426,34680,2aed,12,50 74 6C 42 55 84 1F 42 00 00 D4 42
1787900454.709708,34680,2aee,12,EF C6 78 42 30 CA 36 42 00 00 D6 42
1787900454.710984,34680,2aef,12,4A 4C 83 42 8A B8 4E 42 00 00 D8 42
1787900454.712208,34680,2af0,12,C1 E4 8A 42 56 62 66 42 00 00 DA 42
1787900454.713435,34680,2af1,12,73 19 93 42 2F D6 7C 42 00 00 DC 42
1787900454.714792,34680,2af2,12,63 D5 9B 42 86 97 88 42 00 00 DE 42
1787900454.716131,34680,2af3,12,2C 05 A5 42 24 51 91 42 00 00 E0 42
1787900454.717380,34680,2af4,12,94 8B AE 42 83 39 98 42 00 00 E2 42
1787900454.718699,34680,2af5,12,11 53 B8 42 24 0D 9D 42 00 00 E4 42
1787900454.719898,34680,2af6,12,A2 42 C2 42 CC 9A 9F 42 00 00 E6 42
1787900454.721225,34680,2af7,12,DF 40 CC 42 6C C8 9F 42 00 00 E8 42
1787900454.722539,34680,2af8,12,54 37 D6 42 28 93 9D 42 00 00 EA 42
1787900454.723751,34680,2af9,12,51 06 E0 42 E3 12 99 42 00 00 EC 42
1787900454.725115,34680,2afa,12,E3 97 E9 42 38 75 92 42 00 00 EE 42
1787900454.726368,34680,2afb,12,92 D3 F2 42 A2 FD 89 42 00 00 A0 41
1787900454.727642,34680,2afc,12,C2 A1 FB 42 82 02 80 42 00 00 A8 41
1787900454.728985,34680,2afd,12,3A F7 01 43 1D CC 69 42 00 00 B0 41
1787900454.730313,34680,2afe,12,9F CF 05 43 15 41 52 42 00 00 B8 41
1787900454.731515,34680,2aff,12,94 51 09 43 72 4D 3A 42 00 00 C0 41
1787900454.732806,34680,2b00,12,1F 74 0C 43 8A E5 22 42 00 00 C8 41
1787900454.734173,34680,2b01,12,3E 2F 0F 43 1E F8 0C 42 00 00 D0 41
1787900454.735497,34680,2b02,12,9A 7C 11 43 69 BE F2 41 00 00 D8 41
1787900454.736882,34680,2b03,12,E3 54 13 43 CC DD D1 41 00 00 E0 41
1787900454.738073,34680,2b04,12,29 B4 14 43 BC 90 B8 41 00 00 E8 41
1787900454.739249,34680,2b05,12,EB 96 15 43 4E D9 A7 41 00 00 F0 41
1787900454.740573,34680,2b06,12,E4 FA 15 43 09 62 A0 41 00 00 F8 41
1787900454.741924,34680,2b07,12,FA DE 15 43 3C 79 A2 41 00 00 00 42
1787900454.743169,34680,2b08,12,84 43 15 43 46 08 AE 41 00 00 04 42
1787900454.744490,34680,2b09,12,1B 2A 14 43 66 98 C2 41 00 00 08 42
1787900454.745797,34680,2b0a,12,8E 95 12 43 D8 57 DF 41 00 00 0C 42
1787900454.747145,34680,2b0b,12,E9 89 10 43 AD 90 01 42 00 00 10 42
1787900454.748472,34680,2b0c,12,8C 0B 0E 43 C3 4A 16 42 00 00 14 42
1787900454.749737,34680,2b0d,12,68 22 0B 43 D7 F9 2C 42 00 00 18 42
1787900454.751059,34680,2b0e,12,36 D5 07 43 97 BC 44 42 00 00 1C 42
1787900454.752280,34680,2b0f,12,67 2C 04 43 A1 A0 5C 42 00 00 20 42
1787900454.753719,34680,2b10,12,57 31 00 43 40 B2 73 42 00 00 24 42
1787900454.754945,34680,2b11,12,A8 D9 F7 42 37 86 84 42 00 00 28 42
1787900454.756169,34680,2b12,12,E1 D8 EE 42 09 E4 8D 42 00 00 2C 42
1787900454.757508,34680,2b13,12,C9 74 E5 42 87 96 95 42 00 00 30 42
1787900454.758693,34680,2b14,12,61 C5 DB 42 2D 4F 9B 42 00 00 34 42
1787900454.759907,34680,2b15,12,6E E3 D1 42 9E D3 9E 42 00 00 38 42
1787900454.761241,34680,2b16,12,13 E5 C7 42 F7 FF 9F 42 00 00 3C 42
1787900454.762634,34680,2b17,12,18 EA BD 42 85 C7 9E 42 00 00 40 42
1787900454.763825,34680,2b18,12,E7 08 B4 42 78 37 9B 42 00 00 44 42
1787900454.765170,34680,2b19,12,C1 5A AA 42 28 74 95 42 00 00 48 42
1787900454.766484,34680,2b1a,12,66 F8 A0 42 5E B8 8D 42 00 00 4C 42
1787900454.767704,34680,2b1b,12,15 F7 97 42 D6 4F 84 42 00 00 50 42
1787900454.769085,34680,2b1c,12,74 73 8F 42 C6 40 73 42 00 00 54 42
1787900454.770416,34680,2b1d,12,66 80 87 42 A7 28 5C 42 00 00 58 42
1787900454.771629,34680,2b1e,12,3D 32 80 42 E5 42 44 42 00 00 5C 42
1787900454.772988,34680,2b1f,12,50 37 73 42 46 83 2C 42 00 00 60 42
1787900454.774267,34680,2b20,12,9D 97 67 42 3C D5 15 42 00 00 64 42
1787900454.775602,34680,2b21,12,59 AA 5D 42 40 2E 01 42 00 00 68 42
1787900454.776926,34680,2b22,12,04 85 55 42 5F B3 DE 41 00 00 6C 42
1787900454.778168,34680,2b23,12,71 3C 4F 42 DE 1A C2 41 00 00 70 42
1787900454.779386,34680,2b24,12,B2 E0 4A 42 B0 B6 AD 41 00 00 74 42
1787900454.780926,34680,2b25,12,7A 7C 48 42 C1 54 A2 41 00 00 78 42
1787900454.782228,34680,2b26,12,65 17 48 42 45 70 A0 41 00 00 7C 42
1787900454.783456,34680,2b27,12,68 B1 49 42 89 17 A8 41 00 00 80 42
1787900454.784780,34680,2b28,12,69 46 4D 42 7B FC B8 41 00 00 82 42
1787900454.786052,34680,2b29,12,41 CD 52 42 C6 72 D2 41 00 00 84 42
1787900454.787481,34680,2b2a,12,69 3A 5A 42 0A 82 F3 41 00 00 86 42
1787900454.788798,34680,2b2b,12,43 76 63 42 3D 62 0D 42 00 00 88 42
1787900454.790148,34680,2b2c,12,3A 6B 6E 42 65 59 23 42 00 00 8A 42
1787900454.791505,34680,2b2d,12,4C FD 7A 42 6D C6 3A 42 00 00 8C 42
1787900454.792858,34680,2b2e,12,2A 86 84 42 5D BA 52 42 00 00 8E 42
1787900454.794444,34680,2b2f,12,B2 3C 8C 42 0E 48 6A 42 00 00 90 42
1787900454.795657,34680,2b30,12,B6 89 94 42 49 38 80 42 00 00 92 42
1787900454.797014,34680,2b31,12,4C 5A 9D 42 AC 2C 8A 42 00 00 94 42
1787900454.798319,34680,2b32,12,EA 97 A6 42 A6 9B 92 42 00 00 96 42
1787900454.799570,34680,2b33,12,F0 2A B0 42 2C 2F 99 42 00 00 98 42
1787900454.800816,34680,2b34,12,FD FD B9 42 36 A5 9D 42 00 00 9A 42
1787900454.802209,34680,2b35,12,D1 F1 C3 42 7A CD 9F 42 00 00 9C 42
1787900454.803586,34680,2b36,12,03 F0 CD 42 B3 93 9F 42 00 00 9E 42
1787900454.804870,34680,2b37,12,07 DF D7 42 2E FA 9C 42 00 00 A0 42
1787900454.806180,34680,2b38,12,77 A5 E1 42 70 1B 98 42 00 00 A2 42
1787900454.807568,34680,2b39,12,43 2D EB 42 AF 26 91 42 00 00 A4 42
1787900454.808842,34680,2b3a,12,1A 58 F4 42 35 67 88 42 00 00 A6 42
1787900454.810048,34680,2b3b,12,93 11 FD 42 C4 68 7C 42 00 00 A8 42
1787900454.811313,34680,2b3c,12,AF A1 02 43 7E EC 65 42 00 00 AA 42
1787900454.812509,34680,2b3d,12,45 6C 06 43 F8 3E 4E 42 00 00 AC 42
1787900454.813660,34680,2b3e,12,DE DF 09 43 50 4A 36 42 00 00 AE 42
1787900454.814876,34680,2b3f,12,80 F1 0C 43 CD 11 1F 42 00 00 B0 42
1787900454.816164,34680,2b40,12,76 9A 0F 43 D2 7A 09 42 00 00 B2 42
1787900454.817413,34680,2b41,12,F0 D3 11 43 35 C3 EC 41 00 00 B4 42
1787900454.818562,34680,2b42,12,41 98 13 43 F5 11 CD 41 00 00 B6 42
1787900454.819700,34680,2b43,12,38 E3 14 43 03 1F B5 41 00 00 B8 42
1787900454.820995,34680,2b44,12,B6 B0 15 43 99 ED A5 41 00 00 BA 42
1787900454.822170,34680,2b45,12,2C FF 15 43 EE 0F A0 41 00 00 BC 42
1787900454.823312,34680,2b46,12,CE CD 15 43 DB C1 A3 41 00 00 BE 42
1787900454.824604,34680,2b47,12,1C 1D 15 43 AF DD B0 41 00 00 C0 42
1787900454.825861,34680,2b48,12,68 EE 13 43 DF E5 C6 41 00 00 C2 42
1787900454.827042,34680,2b49,12,73 45 12 43 F8 EB E4 41 00 00 C4 42
1787900454.828360,34680,2b4a,12,33 26 10 43 9D E1 04 42 00 00 C6 42
1787900454.829629,34680,2b4b,12,13 96 0D 43 EA F9 19 42 00 00 C8 42
1787900454.830917,34680,2b4c,12,A1 9B 0A 43 B4 E7 30 42 00 00 CA 42
1787900454.832182,34680,2b4d,12,5F 3D 07 43 95 C8 48 42 00 00 CC 42
1787900454.833335,34680,2b4e,12,02 86 03 43 1B 9A 60 42 00 00 CE 42
1787900454.835361,34680,2b4f,12,1C FC FE 42 AB 70 77 42 00 00 D0 42
1787900454.836535,34680,2b50,12,A0 5F F6 42 A6 31 86 42 00 00 D2 42
1787900454.837826,34680,2b51,12,95 4C ED 42 27 4E 8F 42 00 00 D4 42
1787900454.839114,34680,2b52,12,2E D7 E3 42 E8 B2 96 42 00 00 D6 42
1787900454.840405,34680,2b53,12,7F 1D DA 42 E4 0F 9C 42 00 00 D8 42
1787900454.841675,34680,2b54,12,80 35 D0 42 FC 30 9F 42 00 00 DA 42
1787900454.842877,34680,2b55,12,84 38 C6 42 46 F6 9F 42 00 00 DC 42
1787900454.844169,34680,2b56,12,15 40 BC 42 E5 57 9E 42 00 00 DE 42
1787900454.845422,34680,2b57,12,A2 62 B2 42 C6 64 9A 42 00 00 E0 42
1787900454.846571,34680,2b58,12,8D BF A8 42 AA 47 94 42 00 00 E2 42
1787900454.847736,34680,2b59,12,5E 6C 9F 42 0D 3E 8C 42 00 00 E4 42
1787900454.849031,34680,2b5a,12,ED 80 96 42 EE 99 82 42 00 00 E6 42
1787900454.850320,34680,2b5b,12,06 14 8E 42 4A 7B 6F 42 00 00 E8 42
1787900454.851594,34680,2b5c,12,DA 38 86 42 8A 28 58 42 00 00 EA 42
1787900454.852951,34680,2b5d,12,CC 10 7E 42 0B 38 40 42 00 00 EC 42
1787900454.854276,34680,2b5e,12,FC 24 71 42 EB 96 28 42 00 00 EE 42
1787900454.855476,34680,2b5f,12,4F CF 65 42 36 36 12 42 00 00 A0 41
1787900454.856816,34680,2b60,12,BE 2C 5C 42 64 F4 FB 41 00 00 A8 41
1787900454.858149,34680,2b61,12,C2 53 54 42 D4 58 D9 41 00 00 B0 41
1787900454.859442,34680,2b62,12,52 5D 4E 42 4F 10 BE 41 00 00 B8 41
1787900454.861089,34680,2b63,12,F0 55 4A 42 55 25 AB 41 00 00 C0 41
1787900454.862425,34680,2b64,12,E7 47 48 42 E3 58 A1 41 00 00 C8 41
1787900454.863633,34680,2b65,12,79 38 48 42 ED 0E A1 41 00 00 D0 41
1787900454.864897,34680,2b66,12,B9 28 4A 42 BE 4E AA 41 00 00 D8 41
1787900454.866150,34680,2b67,12,7B 12 4E 42 3B B4 BC 41 00 00 E0 41
1787900454.867430,34680,2b68,12,09 EC 53 42 23 85 D7 41 00 00 E8 41
1787900454.868995,34680,2b69,12,70 A6 5B 42 EB AF F9 41 00 00 F0 41
1787900454.870336,34680,2b6a,12,ED 2D 65 42 03 EC 10 42 00 00 F8 41
1787900454.871613,34680,2b6b,12,E7 6D 70 42 22 39 27 42 00 00 00 42
1787900454.872833,34680,2b6c,12,97 42 7D 42 F1 CD 3E 42 00 00 04 42
1787900454.874367,34680,2b6d,12,38 C7 85 42 8D C0 56 42 00 00 08 42
1787900454.875612,34680,2b6e,12,72 96 8D 42 AE 1C 6E 42 00 00 0C 42
1787900454.876875,34680,2b6f,12,03 FB 95 42 03 FA 81 42 00 00 10 42
1787900454.878212,34680,2b70,12,4E E2 9E 42 B6 B6 8B 42 00 00 14 42
1787900454.879428,34680,2b71,12,03 30 A8 42 0A DB 93 42 00 00 18 42
1787900454.880800,34680,2b72,12,0D CF B1 42 32 17 9A 42 00 00 1C 42
1787900454.882047,34680,2b73,12,D3 A6 BB 42 94 2B 9E 42 00 00 20 42
1787900454.883379,34680,2b74,12,2B 9E C5 42 91 EE 9F 42 00 00 24 42
1787900454.884703,34680,2b75,12,B8 9E CF 42 A0 4D 9F 42 00 00 28 42
1787900454.885914,34680,2b76,12,AA 88 D9 42 8F 4F 9C 42 00 00 2C 42
1787900454.887203,34680,2b77,12,C8 45 E3 42 11 13 97 42 00 00 30 42
1787900454.888419,34680,2b78,12,2C BD EC 42 91 CD 8F 42 00 00 34 42
1787900454.889767,34680,2b79,12,A2 D6 F5 42 3C C9 86 42 00 00 38 42
1787900454.891048,34680,2b7a,12,87 7D FE 42 41 BD 78 42 00 00 3C 42
1787900454.892399,34680,2b7b,12,2A 4B 03 43 F6 FC 61 42 00 00 40 42
1787900454.893764,34680,2b7c,12,90 07 07 43 91 33 4A 42 00 00 44 42
1787900454.895097,34680,2b7d,12,67 6A 0A 43 B6 53 32 42 00 00 48 42
1787900454.896423,34680,2b7e,12,06 6B 0D 43 F2 50 1B 42 00 00 4C 42
1787900454.897763,34680,2b7f,12,80 02 10 43 BA 0F 06 42 00 00 50 42
1787900454.899019,34680,2b80,12,96 28 12 43 35 EC E6 41 00 00 54 42
1787900454.901240,34680,2b81,12,AA D8 13 43 B6 75 C8 41 00 00 58 42
1787900454.902617,34680,2b82,12,6A 0E 15 43 B8 F2 B1 41 00 00 5C 42
1787900454.903807,34680,2b83,12,BE C6 15 43 DC 48 A4 41 00 00 60 42
1787900454.905163,34680,2b84,12,CF FF 15 43 B0 03 A0 41 00 00 64 42
1787900454.906380,34680,2b85,12,E5 B8 15 43 69 51 A5 41 00 00 68 42
1787900454.908201,34680,2b86,12,DD F2 14 43 1E F9 B3 41 00 00 6C 42
1787900454.909417,34680,2b87,12,B0 AF 13 43 4D 65 CB 41 00 00 70 42
1787900454.910658,34680,2b88,12,98 F2 11 43 0A A7 EA 41 00 00 74 42
1787900454.911861,34680,2b89,12,46 BF 0F 43 18 46 08 42 00 00 78 42
1787900454.913214,34680,2b8a,12,BA 1C 0D 43 4C BD 1D 42 00 00 7C 42
1787900454.914568,34680,2b8b,12,12 11 0A 43 99 E3 34 42 00 00 80 42
1787900454.915807,34680,2b8c,12,18 A4 06 43 D9 CC 4C 42 00 00 82 42
1787900454.917150,34680,2b8d,12,8D DE 02 43 22 85 64 42 00 00 84 42
1787900454.918447,34680,2b8e,12,89 91 FD 42 46 21 7B 42 00 00 86 42
1787900454.919665,34680,2b8f,12,7A DF F4 42 47 D6 87 42 00 00 88 42
1787900454.921490,34680,2b90,12,B1 BA EB 42 58 AE 90 42 00 00 8A 42
1787900454.922812,34680,2b91,12,90 3A E2 42 A0 BE 97 42 00 00 8C 42
1787900454.924106,34680,2b92,12,60 77 D8 42 0F BF 9C 42 00 00 8E 42
1787900454.925407,34680,2b93,12,F9 86 CE 42 1E 7D 9F 42 00 00 90 42
1787900454.927513,34680,2b94,12,F7 88 C4 42 1E DB 9F 42 00 00 92 42
1787900454.928763,34680,2b95,12,D0 93 BA 42 88 D6 9D 42 00 00 94 42
1787900454.930101,34680,2b96,12,FB C0 B0 42 F0 83 99 42 00 00 96 42
1787900454.931342,34680,2b97,12,94 29 A7 42 71 0F 93 42 00 00 98 42
1787900454.932558,34680,2b98,12,4C E3 9D 42 05 B8 8A 42 00 00 9A 42
1787900454.933808,34680,2b99,12,A1 0B 95 42 F4 D7 80 42 00 00 9C 42
1787900454.936200,34680,2b9a,12,3C B6 8C 42 52 A3 6B 42 00 00 9E 42
1787900454.937564,34680,2b9b,12,6A F8 84 42 2F 2B 54 42 00 00 A0 42
1787900454.938775,34680,2b9c,12,EF CB 7B 42 EC 36 3C 42 00 00 A2 42
1787900454.940143,34680,2b9d,12,39 1E 6F 42 B6 B3 24 42 00 00 A4 42
1787900454.941581,34680,2b9e,12,05 10 64 42 09 A0 0E 42 00 00 A6 42
1787900454.944134,34680,2b9f,12,66 B9 5A 42 48 AB F5 41 00 00 A8 42
1787900454.945368,34680,2ba0,12,3B 32 53 42 D0 3C D4 41 00 00 AA 42
1787900454.946742,34680,2ba1,12,C2 8D 4D 42 B2 49 BA 41 00 00 AC 42
1787900454.948067,34680,2ba2,12,92 D9 49 42 9D D6 A8 41 00 00 AE 42
1787900454.949461,34680,2ba3,12,6F 21 48 42 6B A0 A0 41 00 00 B0 42
1787900454.950807,34680,2ba4,12,49 68 48 42 10 F4 A1 41 00 00 B2 42
1787900454.952097,34680,2ba5,12,6C AD 4A 42 01 C4 AC 41 00 00 B4 42
1787900454.953416,34680,2ba6,12,0A EB 4E 42 F4 A1 C0 41 00 00 B6 42
1787900454.955180,34680,2ba7,12,84 18 55 42 39 CD DC 41 00 00 B8 42
1787900454.956477,34680,2ba8,12,34 22 5D 42 76 0A 00 42 00 00 BA 42
1787900454.957818,34680,2ba9,12,30 F5 66 42 5E 8C 14 42 00 00 BC 42
1787900454.959177,34680,2baa,12,58 78 72 42 21 1B 2B 42 00 00 BE 42
1787900454.960425,34680,2bab,12,3F 8E 7F 42 A3 D0 42 42 00 00 C0 42
1787900454.961761,34680,2bac,12,19 0D 87 42 72 C2 5A 42 00 00 C2 42
1787900454.963006,34680,2bad,12,F5 F6 8E 42 65 ED 71 42 00 00 C4 42
1787900454.964413,34680,2bae,12,A2 72 97 42 52 B6 83 42 00 00 C6 42
1787900454.965636,34680,2baf,12,71 6A A0 42 74 32 8D 42 00 00 C8 42
1787900454.968289,34680,2bb0,12,74 C7 A9 42 56 0A 95 42 00 00 CA 42
1787900454.969640,34680,2bb1,12,C8 74 B3 42 78 EF 9A 42 00 00 CC 42
1787900454.970983,34680,2bb2,12,A8 53 BD 42 0C A2 9E 42 00 00 CE 42
1787900454.972328,34680,2bb3,12,D2 4D C7 42 83 FE 9F 42 00 00 D0 42
1787900454.973589,34680,2bb4,12,C3 49 D1 42 FB F6 9E 42 00 00 D2 42
1787900454.974889,34680,2bb5,12,F4 2D DB 42 F4 95 9B 42 00 00 D4 42
1787900454.976224,34680,2bb6,12,1C E4 E4 42 D3 FB 95 42 00 00 D6 42
1787900454.977462,34680,2bb7,12,54 4D EE 42 3A 65 8E 42 00 00 D8 42
1787900454.978721,34680,2bb8,12,A1 54 F7 42 28 1E 85 42 00 00 DA 42
1787900454.980041,34680,2bb9,12,EC E2 FF 42 81 0A 75 42 00 00 DC 42
1787900454.981333,34680,2bba,12,2A F1 03 43 3C 0D 5E 42 00 00 DE 42
1787900454.982665,34680,2bbb,12,4E A0 07 43 85 27 46 42 00 00 E0 42
1787900454.983900,34680,2bbc,12,28 F3 0A 43 01 5C 2E 42 00 00 E2 42
1787900454.985135,34680,2bbd,12,6E E2 0D 43 0C 96 17 42 00 00 E4 42
1787900454.986495,34680,2bbe,12,A0 66 10 43 F5 BD 02 42 00 00 E6 42
1787900454.987708,34680,2bbf,12,4C 79 12 43 B9 50 E1 41 00 00 E8 42
1787900454.988954,34680,2bc0,12,96 15 14 43 93 13 C4 41 00 00 EA 42
1787900454.990280,34680,2bc1,12,5D 36 15 43 EC 00 AF 41 00 00 EC 42
1787900454.991501,34680,2bc2,12,53 D9 15 43 72 E5 A2 41 00 00 EE 42
1787900454.992907,34680,2bc3,12,D7 FC 15 43 A8 3C A0 41 00 00 A0 41
1787900454.994223,34680,2bc4,12,8E A0 15 43 AC 21 A7 41 00 00 A8 41
1787900454.995434,34680,2bc5,12,0D C5 14 43 9D 54 B7 41 00 00 B0 41
1787900454.996763,34680,2bc6,12,0D 6D 13 43 2A 26 D0 41 00 00 B8 41
1787900454.997973,34680,2bc7,12,CD 9B 11 43 C5 9C F0 41 00 00 C0 41
1787900455.000142,34680,2bc8,12,F2 55 0F 43 A4 B6 0B 42 00 00 C8 41
1787900455.001523,34680,2bc9,12,4C A1 0C 43 E1 85 21 42 00 00 D0 41
1787900455.002848,34680,2bca,12,BE 83 09 43 0F E5 38 42 00 00 D8 41
1787900455.004187,34680,2bcb,12,30 07 06 43 38 D7 50 42 00 00 E0 41
1787900455.005595,34680,2bcc,12,A2 33 02 43 33 6F 68 42 00 00 E8 41
1787900455.006816,34680,2bcd,12,BB 25 FC 42 51 BC 7E 42 00 00 F0 41
1787900455.008148,34680,2bce,12,E0 5E F3 42 8A 6D 89 42 00 00 F8 41
1787900455.009383,34680,2bcf,12,33 26 EA 42 87 01 92 42 00 00 00 42
1787900455.010668,34680,2bd0,12,09 99 E0 42 48 BD 98 42 00 00 04 42
1787900455.011918,34680,2bd1,12,FC CC D6 42 0B 5F 9D 42 00 00 08 42
1787900455.013260,34680,2bd2,12,17 DB CC 42 91 B7 9F 42 00 00 0C 42
1787900455.014509,34680,2bd3,12,C9 DC C2 42 EA AE 9F 42 00 00 10 42
1787900455.015716,34680,2bd4,12,86 E8 B8 42 52 44 9D 42 00 00 14 42
1787900455.017039,34680,2bd5,12,F7 1D AF 42 F0 91 98 42 00 00 18 42
1787900455.018387,34680,2bd6,12,07 93 A5 42 4A C7 91 42 00 00 1C 42
1787900455.020126,34680,2bd7,12,1A 60 9C 42 A8 29 89 42 00 00 20 42
1787900455.021477,34680,2bd8,12,B4 9C 93 42 DB 21 7E 42 00 00 24 42
1787900455.022710,34680,2bd9,12,C2 5C 8B 42 F8 C0 67 42 00 00 28 42
1787900455.023988,34680,2bda,12,81 BA 83 42 DB 22 50 42 00 00 2C 42
1787900455.026138,34680,2bdb,12,95 8D 79 42 BF 31 38 42 00 00 30 42
1787900455.027390,34680,2bdc,12,CC 26 6D 42 DE E1 20 42 00 00 34 42
1787900455.028761,34680,2bdd,12,5A 60 62 42 08 21 0B 42 00 00 38 42
1787900455.030102,34680,2bde,12,40 53 59 42 1C 8F EF 41 00 00 3C 42
1787900455.031500,34680,2bdf,12,49 1C 52 42 BC 4D CF 41 00 00 40 42
1787900455.038204,34680,2be0,12,CB CA 4C 42 0B BA B6 41 00 00 44 42
1787900455.039444,34680,2be1,12,5E 6C 49 42 BF CE A6 41 00 00 48 42
1787900455.040848,34680,2be2,12,A2 09 48 42 3B 2E A0 41 00 00 4C 42
1787900455.042207,34680,2be3,12,A1 A6 48 42 83 1E A3 41 00 00 50 42
1787900455.043441,34680,2be4,12,68 41 4B 42 C7 7F AF 41 00 00 54 42
1787900455.044690,34680,2be5,12,2E D3 4F 42 2B D3 C4 41 00 00 58 42
1787900455.046032,34680,2be6,12,47 50 56 42 22 3F E2 41 00 00 5C 42
1787900455.047239,34680,2be7,12,1A A8 5E 42 C6 4B 03 42 00 00 60 42
1787900455.048593,34680,2be8,12,C1 C8 68 42 B5 3B 18 42 00 00 64 42
1787900455.049886,34680,2be9,12,06 92 74 42 C2 0C 2F 42 00 00 68 42
1787900455.051133,34680,2bea,12,56 F4 80 42 53 DC 46 42 00 00 6C 42
1787900455.052485,34680,2beb,12,4B 55 88 42 83 B7 5E 42 00 00 70 42
1787900455.053724,34680,2bec,12,06 59 90 42 F8 AA 75 42 00 00 74 42
1787900455.055091,34680,2bed,12,CB ED 98 42 66 69 85 42 00 00 78 42
1787900455.056411,34680,2bee,12,4F F8 A1 42 04 A5 8E 42 00 00 7C 42
1787900455.057654,34680,2bef,12,0D 64 AB 42 9E 2D 96 42 00 00 80 42
1787900455.058996,34680,2bf0,12,F0 18 B5 42 5A B6 9B 42 00 00 82 42
1787900455.060239,34680,2bf1,12,27 FE BE 42 C5 06 9F 42 00 00 84 42
1787900455.061585,34680,2bf2,12,85 FD C8 42 FD FC 9F 42 00 00 86 42
1787900455.062976,34680,2bf3,12,3E F7 D2 42 99 8E 9E 42 00 00 88 42
1787900455.064217,34680,2bf4,12,EE D4 DC 42 DE CA 9A 42 00 00 8A 42
1787900455.066948,34680,2bf5,12,5B 7D E6 42 35 D8 94 42 00 00 8C 42
1787900455.068191,34680,2bf6,12,D6 D7 EF 42 48 F3 8C 42 00 00 8E 42
1787900455.069459,34680,2bf7,12,2D CF F8 42 6F 69 83 42 00 00 90 42
1787900455.070946,34680,2bf8,12,6F A3 00 43 CA 43 71 42 00 00 92 42
1787900455.072327,34680,2bf9,12,0F 96 04 43 C5 0F 5A 42 00 00 94 42
1787900455.073565,34680,2bfa,12,60 35 08 43 81 23 42 42 00 00 96 42
1787900455.074906,34680,2bfb,12,1F 78 0B 43 08 73 2A 42 00 00 98 42
1787900455.076247,34680,2bfc,12,CA 56 0E 43 3F E9 13 42 00 00 9A 42
1787900455.077603,34680,2bfd,12,41 C8 10 43 2C F4 FE 41 00 00 9C 42
1787900455.078955,34680,2bfe,12,3A C7 12 43 75 DD DB 41 00 00 9E 42
1787900455.080181,34680,2bff,12,9B 4E 14 43 4A F4 BF 41 00 00 A0 42
1787900455.081518,34680,2c00,12,7C 5A 15 43 63 55 AC 41 00 00 A2 42
1787900455.082845,34680,2c01,12,47 E8 15 43 12 C7 A1 41 00 00 A4 42
1787900455.084100,34680,2c02,12,3A F6 15 43 98 BB A0 41 00 00 A6 42
1787900455.085738,34680,2c03,12,71 84 15 43 E0 38 A9 41 00 00 A8 42
1787900455.087056,34680,2c04,12,10 94 14 43 4E E8 BA 41 00 00 AA 42
1787900455.088399,34680,2c05,12,7C 27 13 43 7A 15 D5 41 00 00 AC 42
1787900455.089640,34680,2c06,12,B0 41 11 43 EA C0 F6 41 00 00 AE 42
1787900455.090986,34680,2c07,12,B4 E8 0E 43 1A 3F 0F 42 00 00 B0 42
1787900455.092211,34680,2c08,12,06 22 0C 43 AF 60 25 42 00 00 B2 42
1787900455.093556,34680,2c09,12,BC F4 08 43 72 E3 3C 42 00 00 B4 42
1787900455.094896,34680,2c0a,12,F6 68 05 43 8F D7 54 42 00 00 B6 42
1787900455.096179,34680,2c0b,12,84 86 01 43 D2 4F 6C 42 00 00 B8 42
1787900455.097414,34680,2c0c,12,7D B3 FA 42 1A 27 81 42 00 00 BA 42
1787900455.099725,34680,2c0d,12,53 D8 F1 42 E9 FC 8A 42 00 00 BC 42
1787900455.101087,34680,2c0e,12,2E 92 E8 42 02 45 93 42 00 00 BE 42
1787900455.102439,34680,2c0f,12,C2 F8 DE 42 E8 AA 99 42 00 00 C0 42
1787900455.103641,34680,2c10,12,83 21 D5 42 53 EE 9D 42 00 00 C2 42
1787900455.104914,34680,2c11,12,BD 2B CB 42 1D E1 9F 42 00 00 C4 42
1787900455.106213,34680,2c12,12,DB 2D C1 42 14 71 9F 42 00 00 C6 42
1787900455.107536,34680,2c13,12,69 41 B7 42 AE A2 9C 42 00 00 C8 42
1787900455.108893,34680,2c14,12,C7 7F AD 42 8C 92 97 42 00 00 CA 42
1787900455.110116,34680,2c15,12,FB FE A3 42 CE 71 90 42 00 00 CC 42
1787900455.111635,34680,2c16,12,3E DD 9A 42 9C 8D 87 42 00 00 CE 42
1787900455.112970,34680,2c17,12,E7 2E 92 42 77 7D 7A 42 00 00 D0 42
1787900455.114325,34680,2c18,12,27 0A 8A 42 AB DC 63 42 00 00 D2 42
1787900455.115516,34680,2c19,12,D0 83 82 42 A7 1F 4C 42 00 00 D4 42
1787900455.116742,34680,2c1a,12,30 5A 77 42 2C 31 34 42 00 00 D6 42
1787900455.118101,34680,2c1b,12,85 37 6B 42 40 14 1D 42 00 00 D8 42
1787900455.119319,34680,2c1c,12,22 BA 60 42 2A AD 07 42 00 00 DA 42
1787900455.120675,34680,2c1d,12,DA FC 57 42 78 AC E9 41 00 00 DC 42
1787900455.121925,34680,2c1e,12,06 16 51 42 4C 9F CA 41 00 00 DE 42
1787900455.123144,34680,2c1f,12,08 16 4C 42 A8 69 B3 41 00 00 E0 42
1787900455.125953,34680,2c20,12,C7 0C 49 42 C0 06 A5 41 00 00 E2 42
1787900455.127255,34680,2c21,12,2A 00 48 42 CA 00 A0 41 00 00 E4 42
1787900455.128615,34680,2c22,12,E0 F2 48 42 07 8B A4 41 00 00 E6 42
1787900455.129829,34680,2c23,12,7B E2 4B 42 26 77 B2 41 00 00 E8 42
1787900455.132350,34680,2c24,12,50 C9 50 42 8A 3F C9 41 00 00 EA 42
1787900455.133742,34680,2c25,12,C7 97 57 42 9D ED E7 41 00 00 EC 42
1787900455.135098,34680,2c26,12,B4 3D 60 42 17 A7 06 42 00 00 EE 42
1787900455.136307,34680,2c27,12,FA A4 6A 42 FA F1 1B 42 00 00 A0 41
1787900455.137675,34680,2c28,12,00 B3 76 42 44 FE 32 42 00 00 A8 41
1787900455.138919,34680,2c29,12,B7 26 82 42 57 E8 4A 42 00 00 B0 41
1787900455.140272,34680,2c2a,12,80 A4 89 42 5F AD 62 42 00 00 B8 41
1787900455.141613,34680,2c2b,12,B5 C1 91 42 45 62 79 42 00 00 C0 41
1787900455.142832,34680,2c2c,12,98 69 9A 42 B4 0F 87 42 00 00 C8 41
1787900455.144286,34680,2c2d,12,08 86 A3 42 9C 08 90 42 00 00 D0 41
1787900455.145644,34680,2c2e,12,BC 02 AD 42 49 42 97 42 00 00 D8 41
1787900455.146957,34680,2c2f,12,88 C1 B6 42 86 6E 9C 42 00 00 E0 41
1787900455.148320,34680,2c30,12,69 AC C0 42 1A 5B 9F 42 00 00 E8 41
1787900455.149528,34680,2c31,12,06 AA CA 42 32 EA 9F 42 00 00 F0 41
1787900455.150893,34680,2c32,12,D3 A0 D4 42 1A 16 9E 42 00 00 F8 41
1787900455.152182,34680,2c33,12,63 7A DE 42 D4 EF 99 42 00 00 00 42
1787900455.153413,34680,2c34,12,61 17 E8 42 4B A4 93 42 00 00 04 42
1787900455.154779,34680,2c35,12,53 62 F1 42 C3 72 8B 42 00 00 08 42
1787900455.155997,34680,2c36,12,78 43 FA 42 D3 AE 81 42 00 00 0C 42
1787900455.157486,34680,2c37,12,0E 52 01 43 2E 78 6D 42 00 00 10 42
1787900455.159191,34680,2c38,12,95 38 05 43 0B 0D 56 42 00 00 14 42
1787900455.160533,34680,2c39,12,E8 C8 08 43 B2 19 3E 42 00 00 18 42
1787900455.161817,34680,2c3a,12,30 FB 0B 43 56 8B 26 42 00 00 1C 42
1787900455.163121,34680,2c3b,12,41 C7 0E 43 42 52 10 42 00 00 20 42
1787900455.164506,34680,2c3c,12,F4 25 11 43 4D A2 F8 41 00 00 24 42
1787900455.165951,34680,2c3d,12,C0 11 13 43 A3 9E D6 41 00 00 28 42
1787900455.167302,34680,2c3e,12,8A 84 14 43 AC 09 BC 41 00 00 2C 42
1787900455.168609,34680,2c3f,12,49 7B 15 43 EB E6 A9 41 00 00 30 42
1787900455.170010,34680,2c40,12,87 F3 15 43 62 EF A0 41 00 00 34 42
1787900455.171370,34680,2c41,12,10 EC 15 43 89 7E A1 41 00 00 38 42
1787900455.172599,34680,2c42,12,B9 64 15 43 46 93 AB 41 00 00 3C 42
1787900455.173958,34680,2c43,12,30 5F 14 43 7C C0 BE 41 00 00 40 42
1787900455.175282,34680,2c44,12,FD DD 12 43 3A 44 DA 41 00 00 44 42
1787900455.176542,34680,2c45,12,F7 E4 10 43 D2 05 FD 41 00 00 48 42
1787900455.177815,34680,2c46,12,2A 79 0E 43 5C D1 12 42 00 00 4C 42
1787900455.179189,34680,2c47,12,D3 9F 0B 43 92 45 29 42 00 00 50 42
1787900455.180503,34680,2c48,12,00 62 08 43 83 EC 40 42 00 00 54 42
1787900455.181778,34680,2c49,12,2A C7 04 43 A4 DB 58 42 00 00 58 42
1787900455.183048,34680,2c4a,12,86 D8 00 43 CC 1E 70 42 00 00 5C 42
1787900455.184336,34680,2c4b,12,47 40 F9 42 58 E4 82 42 00 00 60 42
1787900455.185609,34680,2c4c,12,BA 4E F0 42 EF 80 8C 42 00 00 64 42
1787900455.186879,34680,2c4d,12,D9 F8 E6 42 21 7D 94 42 00 00 68 42
1787900455.188162,34680,2c4e,12,C8 53 DD 42 B2 8A 9A 42 00 00 6C 42
1787900455.189416,34680,2c4f,12,31 78 D3 42 E2 6B 9E 42 00 00 70 42
1787900455.190581,34680,2c50,12,47 7F C9 42 1D F9 9F 42 00 00 74 42
1787900455.191759,34680,2c51,12,6C 7F BF 42 EE 21 9F 42 00 00 78 42
1787900455.192992,34680,2c52,12,6E 98 B5 42 6D EF 9B 42 00 00 7C 42
1787900455.194211,34680,2c53,12,7E E0 AB 42 55 82 96 42 00 00 80 42
1787900455.195384,34680,2c54,12,74 70 A2 42 FE 11 8F 42 00 00 82 42
1787900455.196967,34680,2c55,12,71 60 99 42 4D EA 85 42 00 00 84 42
1787900455.198242,34680,2c56,12,06 C5 90 42 5F CA 76 42 00 00 86 42
1787900455.199409,34680,2c57,12,92 B9 88 42 06 E9 5F 42 00 00 88 42
1787900455.200677,34680,2c58,12,E4 4F 81 42 C4 13 48 42 00 00 8A 42
1787900455.201970,34680,2c59,12,DD 35 75 42 B8 3D 30 42 00 00 8C 42
1787900455.203279,34680,2c5a,12,B0 57 69 42 0A 5A 19 42 00 00 8E 42
1787900455.204413,34680,2c5b,12,AB 20 5F 42 06 4C 04 42 00 00 90 42
1787900455.205584,34680,2c5c,12,4E B1 56 42 1A EF E3 41 00 00 92 42
1787900455.206864,34680,2c5d,12,B3 1B 50 42 65 21 C6 41 00 00 94 42
1787900455.208125,34680,2c5e,12,B0 70 4B 42 F2 5E B0 41 00 00 96 42
1787900455.209357,34680,2c5f,12,34 BC 48 42 BA 85 A3 41 00 00 98 42
1787900455.210583,34680,2c60,12,41 05 48 42 3A 19 A0 41 00 00 9A 42
1787900455.211744,34680,2c61,12,1D 4E 49 42 83 3E A6 41 00 00 9C 42
1787900455.213007,34680,2c62,12,F6 92 4C 42 54 B4 B5 41 00 00 9E 42
1787900455.214272,34680,2c63,12,6F CB 51 42 F7 DC CD 41 00 00 A0 42
1787900455.215406,34680,2c64,12,31 EA 58 42 FB C1 ED 41 00 00 A2 42
1787900455.216557,34680,2c65,12,1A E0 61 42 6F 15 0A 42 00 00 A4 42
1787900455.217754,34680,2c66,12,AA 90 6C 42 F5 BB 1F 42 00 00 A6 42
1787900455.219068,34680,2c67,12,13 E3 78 42 3A FD 36 42 00 00 A8 42
1787900455.220260,34680,2c68,12,E8 5B 83 42 06 EC 4E 42 00 00 AA 42
1787900455.221470,34680,2c69,12,C5 F5 8A 42 36 94 66 42 00 00 AC 42
1787900455.222669,34680,2c6a,12,57 2E 93 42 31 0B 7D 42 00 00 AE 42
1787900455.223837,34680,2c6b,12,79 EB 9B 42 EA AE 88 42 00 00 B0 42
1787900455.225035,34680,2c6c,12,4E 19 A5 42 06 62 91 42 00 00 B2 42
1787900455.226305,34680,2c6d,12,5C A0 AE 42 30 46 98 42 00 00 B4 42
1787900455.227530,34680,2c6e,12,4A 68 B8 42 1B 15 9D 42 00 00 B6 42
1787900455.228679,34680,2c6f,12,34 5B C2 42 27 9E 9F 42 00 00 B8 42
1787900455.231337,34680,2c70,12,76 59 CC 42 E2 C5 9F 42 00 00 BA 42
1787900455.232535,34680,2c71,12,98 4C D6 42 E0 8B 9D 42 00 00 BC 42
1787900455.233822,34680,2c72,12,2C 1B E0 42 D8 06 99 42 00 00 BE 42
1787900455.235067,34680,2c73,12,1F AC E9 42 E2 64 92 42 00 00 C0 42
1787900455.236496,34680,2c74,12,CE E9 F2 42 C1 E6 89 42 00 00 C2 42
1787900455.237717,34680,2c75,12,D5 B6 FB 42 C0 D0 7F 42 00 00 C4 42
1787900455.238894,34680,2c76,12,D3 FF 01 43 9F 9A 69 42 00 00 C6 42
1787900455.240157,34680,2c77,12,88 D7 05 43 B2 0D 52 42 00 00 C8 42
1787900455.241587,34680,2c78,12,B9 58 09 43 38 1A 3A 42 00 00 CA 42
1787900455.242772,34680,2c79,12,59 7B 0C 43 62 AD 22 42 00 00 CC 42
1787900455.244055,34680,2c7a,12,70 35 0F 43 B8 C4 0C 42 00 00 CE 42
1787900455.245228,34680,2c7b,12,10 81 11 43 8E 70 F2 41 00 00 D0 42
1787900455.246630,34680,2c7c,12,58 58 13 43 EE 9E D1 41 00 00 D2 42
1787900455.247794,34680,2c7d,12,96 B6 14 43 5C 63 B8 41 00 00 D4 42
1787900455.249146,34680,2c7e,12,7C 98 15 43 73 BB A7 41 00 00 D6 42
1787900455.250915,34680,2c7f,12,3C FB 15 43 7B 5B A0 41 00 00 D8 42
1787900455.252113,34680,2c80,12,34 DE 15 43 17 88 A2 41 00 00 DA 42
1787900455.253394,34680,2c81,12,AC 41 15 43 1A 2B AE 41 00 00 DC 42
1787900455.254653,34680,2c82,12,37 27 14 43 D0 CD C2 41 00 00 DE 42
1787900455.255974,34680,2c83,12,14 91 12 43 E4 A7 DF 41 00 00 E0 42
1787900455.257240,34680,2c84,12,50 84 10 43 88 C0 01 42 00 00 E2 42
1787900455.258552,34680,2c85,12,BB 05 0E 43 B7 79 16 42 00 00 E4 42
1787900455.259746,34680,2c86,12,B7 1B 0B 43 18 2C 2D 42 00 00 E6 42
1787900455.260916,34680,2c87,12,B6 CD 07 43 24 F0 44 42 00 00 E8 42
1787900455.262248,34680,2c88,12,FA 22 04 43 CF DA 5C 42 00 00 EA 42
1787900455.263411,34680,2c89,12,2C 27 00 43 3E E9 73 42 00 00 EC 42
1787900455.264798,34680,2c8a,12,C9 C6 F7 42 DF 9B 84 42 00 00 EE 42
1787900455.266075,34680,2c8b,12,13 C5 EE 42 7A F6 8D 42 00 00 A0 41
1787900455.267382,34680,2c8c,12,3F 60 E5 42 06 A5 95 42 00 00 A8 41
1787900455.268655,34680,2c8d,12,40 AD DB 42 99 5A 9B 42 00 00 B0 41
1787900455.269831,34680,2c8e,12,F0 CA D1 42 67 D9 9E 42 00 00 B8 41
1787900455.271107,34680,2c8f,12,96 CF C7 42 E4 FF 9F 42 00 00 C0 41
1787900455.272378,34680,2c90,12,B8 D4 BD 42 53 C2 9E 42 00 00 C8 41
1787900455.273611,34680,2c91,12,DA F3 B3 42 5C 2D 9B 42 00 00 D0 41
1787900455.274749,34680,2c92,12,40 43 AA 42 69 63 95 42 00 00 D8 41
1787900455.275906,34680,2c93,12,BE E1 A0 42 1F A3 8D 42 00 00 E0 41
1787900455.277664,34680,2c94,12,3E E4 97 42 19 3A 84 42 00 00 E8 41
1787900455.278887,34680,2c95,12,BC 61 8F 42 A8 10 73 42 00 00 F0 41
1787900455.280269,34680,2c96,12,FC 6F 87 42 CF F5 5B 42 00 00 F8 41
1787900455.281533,34680,2c97,12,1E 21 80 42 DB 07 44 42 00 00 00 42
1787900455.282846,34680,2c98,12,C5 18 73 42 CA 49 2C 42 00 00 04 42
1787900455.284223,34680,2c99,12,72 80 67 42 68 A6 15 42 00 00 08 42
1787900455.285593,34680,2c9a,12,E9 96 5D 42 A4 04 01 42 00 00 0C 42
1787900455.286924,34680,2c9b,12,80 75 55 42 EC 6D DE 41 00 00 10 42
1787900455.288175,34680,2c9c,12,58 2F 4F 42 44 DE C1 41 00 00 14 42
1787900455.289541,34680,2c9d,12,66 D8 4A 42 6F 8F AD 41 00 00 18 42
1787900455.290766,34680,2c9e,12,80 79 48 42 81 46 A2 41 00 00 1C 42
1787900455.292148,34680,2c9f,12,B6 18 48 42 96 76 A0 41 00 00 20 42
1787900455.293487,34680,2ca0,12,00 B7 49 42 2C 32 A8 41 00 00 24 42
1787900455.294788,34680,2ca1,12,AA 51 4D 42 11 31 B9 41 00 00 28 42
1787900455.296319,34680,2ca2,12,3B DD 52 42 53 BB D2 41 00 00 2C 42
1787900455.297646,34680,2ca3,12,5A 4C 5A 42 4B D0 F3 41 00 00 30 42
1787900455.298992,34680,2ca4,12,02 8C 63 42 42 8F 0D 42 00 00 34 42
1787900455.300325,34680,2ca5,12,91 84 6E 42 83 8A 23 42 00 00 38 42
1787900455.301691,34680,2ca6,12,25 1E 7B 42 24 01 3B 42 00 00 3C 42
1787900455.302916,34680,2ca7,12,56 98 84 42 31 F5 52 42 00 00 40 42
1787900455.304263,34680,2ca8,12,EE 4D 8C 42 76 79 6A 42 00 00 44 42
1787900455.305512,34680,2ca9,12,23 9C 94 42 07 4F 80 42 00 00 48 42
1787900455.306839,34680,2caa,12,BC 6D 9D 42 8D 40 8A 42 00 00 4C 42
1787900455.308174,34680,2cab,12,1D AF A6 42 39 AE 92 42 00 00 50 42
1787900455.309533,34680,2cac,12,D8 42 B0 42 D2 3C 99 42 00 00 54 42
1787900455.310751,34680,2cad,12,43 13 BA 42 58 AC 9D 42 00 00 58 42
1787900455.312062,34680,2cae,12,49 07 C4 42 8C CF 9F 42 00 00 5C 42
1787900455.313396,34680,2caf,12,75 05 CE 42 9F 90 9F 42 00 00 60 42
1787900455.314671,34680,2cb0,12,53 F7 D7 42 E6 F0 9C 42 00 00 64 42
1787900455.315934,34680,2cb1,12,40 BD E1 42 C5 0C 98 42 00 00 68 42
1787900455.317189,34680,2cb2,12,5F 41 EB 42 B0 15 91 42 00 00 6C 42
1787900455.318510,34680,2cb3,12,5C 6B F4 42 B2 52 88 42 00 00 70 42
1787900455.319717,34680,2cb4,12,C8 23 FD 42 5B 3A 7C 42 00 00 74 42
1787900455.320966,34680,2cb5,12,68 AB 02 43 46 B3 65 42 00 00 78 42
1787900455.322415,34680,2cb6,12,30 75 06 43 FA 03 4E 42 00 00 7C 42
1787900455.323661,34680,2cb7,12,E0 E6 09 43 50 17 36 42 00 00 80 42
1787900455.324997,34680,2cb8,12,AA F7 0C 43 57 E1 1E 42 00 00 82 42
1787900455.326271,34680,2cb9,12,B6 9F 0F 43 D4 4E 09 42 00 00 84 42
1787900455.327496,34680,2cba,12,DB D8 11 43 AF 6C EC 41 00 00 86 42
1787900455.329564,34680,2cbb,12,05 9C 13 43 21 CD CC 41 00 00 88 42
1787900455.330935,34680,2cbc,12,77 E5 14 43 C9 F4 B4 41 00 00 8A 42
1787900455.332268,34680,2cbd,12,E7 B1 15 43 E6 D6 A5 41 00 00 8C 42
1787900455.333594,34680,2cbe,12,4A FF 15 43 AB 0D A0 41 00 00 8E 42
1787900455.335151,34680,2cbf,12,B6 CC 15 43 CA D6 A3 41 00 00 90 42
1787900455.336481,34680,2cc0,12,CC 1A 15 43 4B 09 B1 41 00 00 92 42
1787900455.337809,34680,2cc1,12,58 EB 13 43 3C 1E C7 41 00 00 94 42
1787900455.339111,34680,2cc2,12,60 41 12 43 5E 34 E5 41 00 00 96 42
1787900455.340320,34680,2cc3,12,27 21 10 43 62 0C 05 42 00 00 98 42
1787900455.341619,34680,2cc4,12,3D 8F 0D 43 7D 30 1A 42 00 00 9A 42
1787900455.343799,34680,2cc5,12,CE 93 0A 43 AE 21 31 42 00 00 9C 42
1787900455.346522,34680,2cc6,12,BF 35 07 43 26 FC 48 42 00 00 9E 42
1787900455.347121,34680,2cc7,12,AB 7D 03 43 92 CC 60 42 00 00 A0 42
1787900455.347779,34680,2cc8,12,28 EA FE 42 05 A0 77 42 00 00 A2 42
1787900455.349250,34680,2cc9,12,D1 49 F6 42 E6 49 86 42 00 00 A4 42
1787900455.353575,34680,2cca,12,BE 35 ED 42 93 62 8F 42 00 00 A6 42
1787900455.354161,34680,2ccb,12,8A C2 E3 42 AD C0 96 42 00 00 A8 42
1787900455.357352,34680,2ccc,12,5D 08 DA 42 0E 19 9C 42 00 00 AA 42
1787900455.360138,34680,2ccd,12,16 20 D0 42 2F 35 9F 42 00 00 AC 42
1787900455.360648,34680,2cce,12,E9 1F C6 42 32 F5 9F 42 00 00 AE 42
1787900455.361335,34680,2ccf,12,A4 27 BC 42 FA 50 9E 42 00 00 B0 42
1787900455.363496,34680,2cd0,12,A8 4D B2 42 DF 59 9A 42 00 00 B2 42
1787900455.366786,34680,2cd1,12,25 AB A8 42 56 38 94 42 00 00 B4 42
1787900455.370955,34680,2cd2,12,BC 58 9F 42 EA 2A 8C 42 00 00 B6 42
1787900455.373339,34680,2cd3,12,8C 6B 96 42 83 80 82 42 00 00 B8 42
1787900455.375066,34680,2cd4,12,F8 FF 8D 42 7E 43 6F 42 00 00 BA 42
1787900455.376498,34680,2cd5,12,AC 28 86 42 70 F5 57 42 00 00 BC 42
1787900455.377561,34680,2cd6,12,6C F3 7D 42 96 04 40 42 00 00 BE 42
1787900455.379837,34680,2cd7,12,E4 0A 71 42 29 65 28 42 00 00 C0 42
1787900455.381185,34680,2cd8,12,79 B5 65 42 6F 01 12 42 00 00 C2 42
1787900455.384998,34680,2cd9,12,38 17 5C 42 7B 97 FB 41 00 00 C4 42
1787900455.386685,34680,2cda,12,ED 44 54 42 FE 15 D9 41 00 00 C6 42
1787900455.387420,34680,2cdb,12,96 52 4E 42 66 DE BD 41 00 00 C8 42
1787900455.388002,34680,2cdc,12,68 4F 4A 42 59 06 AB 41 00 00 CA 42
1787900455.390646,34680,2cdd,12,51 45 48 42 80 4C A1 41 00 00 CC 42
1787900455.393582,34680,2cde,12,CF 3A 48 42 1F 1A A1 41 00 00 CE 42
1787900455.394104,34680,2cdf,12,09 2F 4A 42 BA 6C AA 41 00 00 D0 42
1787900455.394904,34680,2ce0,12,01 1D 4E 42 38 E5 BC 41 00 00 D2 42
1787900455.398620,34680,2ce1,12,AB FA 53 42 2D C7 D7 41 00 00 D4 42
1787900455.401353,34680,2ce2,12,BD BB 5B 42 16 0C FA 41 00 00 D6 42
1787900455.404531,34680,2ce3,12,8C 47 65 42 84 20 11 42 00 00 D8 42
1787900455.404927,34680,2ce4,12,D3 87 70 42 C0 6A 27 42 00 00 DA 42
1787900455.405348,34680,2ce5,12,CE 5F 7D 42 5C 01 3F 42 00 00 DC 42
1787900455.405792,34680,2ce6,12,54 D7 85 42 B9 F3 56 42 00 00 DE 42
1787900455.406482,34680,2ce7,12,6E AA 8D 42 AC 54 6E 42 00 00 E0 42
1787900455.408250,34680,2ce8,12,54 10 96 42 95 13 82 42 00 00 E2 42
1787900455.410139,34680,2ce9,12,E6 F5 9E 42 06 CA 8B 42 00 00 E4 42
1787900455.410677,34680,2cea,12,63 44 A8 42 93 EA 93 42 00 00 E6 42
1787900455.412066,34680,2ceb,12,01 E4 B1 42 56 22 9A 42 00 00 E8 42
1787900455.413447,34680,2cec,12,40 BF BB 42 CA 32 9E 42 00 00 EA 42
1787900455.428828,34680,2ced,12,C6 B6 C5 42 F2 EF 9F 42 00 00 EC 42
1787900455.429931,34680,2cee,12,24 B4 CF 42 B0 49 9F 42 00 00 EE 42
1787900455.448496,34680,2cef,12,D1 9D D9 42 A3 46 9C 42 00 00 A0 41
1787900455.449704,34680,2cf0,12,73 5A E3 42 84 05 97 42 00 00 A8 41
1787900455.450932,34680,2cf1,12,0E D4 EC 42 5D B9 8F 42 00 00 B0 41
1787900455.452129,34680,2cf2,12,80 EC F5 42 28 B1 86 42 00 00 B8 41
1787900455.453888,34680,2cf3,12,8A 8F FE 42 1D 8E 78 42 00 00 C0 41
1787900455.455107,34680,2cf4,12,8A 53 03 43 9C CA 61 42 00 00 C8 41
1787900455.456289,34680,2cf5,12,3A 0F 07 43 01 00 4A 42 00 00 D0 41
1787900455.457466,34680,2cf6,12,46 72 0A 43 A0 19 32 42 00 00 D8 41
1787900455.458717,34680,2cf7,12,EA 71 0D 43 25 1A 1B 42 00 00 E0 41
1787900455.459964,34680,2cf8,12,99 07 10 43 AA E4 05 42 00 00 E8 41
1787900455.461198,34680,2cf9,12,B6 2C 12 43 12 A3 E6 41 00 00 F0 41
1787900455.462396,34680,2cfa,12,C7 DB 13 43 7A 3C C8 41 00 00 F8 41
1787900455.463521,34680,2cfb,12,C9 10 15 43 00 C6 B1 41 00 00 00 42
1787900455.464641,34680,2cfc,12,E6 C7 15 43 C0 32 A4 41 00 00 04 42
1787900455.465879,34680,2cfd,12,BE FF 15 43 E7 04 A0 41 00 00 08 42
1787900455.467047,34680,2cfe,12,C3 B7 15 43 16 67 A5 41 00 00 0C 42
1787900455.468246,34680,2cff,12,AB F0 14 43 64 22 B4 41 00 00 10 42
1787900455.469434,34680,2d00,12,FB AB 13 43 26 A9 CB 41 00 00 14 42
1787900455.470597,34680,2d01,12,BC ED 11 43 BF FC EA 41 00 00 18 42
1787900455.471741,34680,2d02,12,12 BA 0F 43 D0 71 08 42 00 00 1C 42
1787900455.472941,34680,2d03,12,9C 16 0D 43 94 ED 1D 42 00 00 20 42
1787900455.474146,34680,2d04,12,1A 0A 0A 43 84 16 35 42 00 00 24 42
1787900455.475626,34680,2d05,12,37 9B 06 43 DE 07 4D 42 00 00 28 42
1787900455.477958,34680,2d06,12,DE D4 02 43 7F BE 64 42 00 00 2C 42
1787900455.479178,34680,2d07,12,63 7F FD 42 E8 4F 7B 42 00 00 30 42
1787900455.480392,34680,2d08,12,45 CC F4 42 F2 EA 87 42 00 00 34 42
1787900455.481666,34680,2d09,12,9F A6 EB 42 8A BF 90 42 00 00 38 42
1787900455.482847,34680,2d0a,12,CF 22 E2 42 8D CD 97 42 00 00 3C 42
1787900455.484041,34680,2d0b,12,19 5F D8 42 A0 C8 9C 42 00 00 40 42
1787900455.485204,34680,2d0c,12,88 71 CE 42 74 80 9F 42 00 00 44 42
1787900455.489540,34680,2d0d,12,7D 73 C4 42 4F D9 9F 42 00 00 48 42
1787900455.492490,34680,2d0e,12,86 7E BA 42 A6 CF 9D 42 00 00 4C 42
1787900455.493643,34680,2d0f,12,0C A9 B0 42 8F 76 99 42 00 00 50 42
1787900455.495938,34680,2d10,12,56 12 A7 42 19 FD 92 42 00 00 54 42
1787900455.506639,34680,2d11,12,CF CF 9D 42 4F A4 8A 42 00 00 58 42
1787900455.516116,34680,2d12,12,25 F9 94 42 56 C1 80 42 00 00 5C 42
1787900455.526500,34680,2d13,12,EF A4 8C 42 10 72 6B 42 00 00 60 42
1787900455.527986,34680,2d14,12,28 E6 84 42 6A F0 53 42 00 00 64 42
1787900455.528578,34680,2d15,12,E6 AA 7B 42 25 FC 3B 42 00 00 68 42
1787900455.536434,34680,2d16,12,B5 04 6F 42 70 82 24 42 00 00 6C 42
1787900455.548109,34680,2d17,12,16 FA 63 42 C4 72 0E 42 00 00 70 42
1787900455.553556,34680,2d18,12,42 A7 5A 42 5A 5C F5 41 00 00 74 42
1787900455.554112,34680,2d19,12,03 22 53 42 52 F3 D3 41 00 00 78 42
1787900455.554411,34680,2d1a,12,43 82 4D 42 0A 14 BA 41 00 00 7C 42
1787900455.554730,34680,2d1b,12,C1 D3 49 42 F7 BA A8 41 00 00 80 42
1787900455.555796,34680,2d1c,12,E6 1F 48 42 0F 99 A0 41 00 00 82 42
1787900455.557132,34680,2d1d,12,0C 6B 48 42 47 01 A2 41 00 00 84 42
1787900455.558469,34680,2d1e,12,79 B5 4A 42 20 EA AC 41 00 00 86 42
1787900455.560978,34680,2d1f,12,E5 F7 4E 42 86 DD C0 41 00 00 88 42
1787900455.562356,34680,2d20,12,D3 27 55 42 E5 11 DD 41 00 00 8A 42
1787900455.563591,34680,2d21,12,72 35 5D 42 C2 33 00 42 00 00 8C 42
1787900455.564818,34680,2d22,12,2A 0C 67 42 FA BA 14 42 00 00 8E 42
1787900455.566170,34680,2d23,12,B1 96 72 42 7A 54 2B 42 00 00 90 42
1787900455.567370,34680,2d24,12,50 B0 7F 42 A7 0B 43 42 00 00 92 42
1787900455.568740,34680,2d25,12,71 1D 87 42 5F F5 5A 42 00 00 94 42
1787900455.570063,34680,2d26,12,9C 08 8F 42 B2 1D 72 42 00 00 96 42
1787900455.571428,34680,2d27,12,6C 85 97 42 33 CC 83 42 00 00 98 42
1787900455.572795,34680,2d28,12,0C 81 A0 42 E8 47 8D 42 00 00 9A 42
1787900455.574104,34680,2d29,12,EA DE A9 42 54 1B 95 42 00 00 9C 42
1787900455.575330,34680,2d2a,12,D0 89 B3 42 D1 F9 9A 42 00 00 9E 42
1787900455.576569,34680,2d2b,12,06 69 BD 42 7F A7 9E 42 00 00 A0 42
1787900455.577889,34680,2d2c,12,4E 63 C7 42 DA FE 9F 42 00 00 A2 42
1787900455.579334,34680,2d2d,12,44 62 D1 42 7E F1 9E 42 00 00 A4 42
1787900455.580584,34680,2d2e,12,1C 46 DB 42 CF 8A 9B 42 00 00 A6 42
1787900455.581923,34680,2d2f,12,AD F8 E4 42 8B ED 95 42 00 00 A8 42
1787900455.583241,34680,2d30,12,2D 61 EE 42 F8 52 8E 42 00 00 AA 42
1787900455.584515,34680,2d31,12,8D 67 F7 42 A5 08 85 42 00 00 AC 42
1787900455.585900,34680,2d32,12,52 F7 FF 42 BC D3 74 42 00 00 AE 42
1787900455.587228,34680,2d33,12,A1 FA 03 43 2A D3 5D 42 00 00 B0 42
1787900455.588561,34680,2d34,12,D7 A7 07 43 F5 F3 45 42 00 00 B2 42
1787900455.589917,34680,2d35,12,E4 F9 0A 43 A3 29 2E 42 00 00 B4 42
1787900455.591163,34680,2d36,12,4C E8 0D 43 E1 66 17 42 00 00 B6 42
1787900455.592572,34680,2d37,12,47 6C 10 43 C0 8D 02 42 00 00 B8 42
1787900455.593872,34680,2d38,12,D5 7D 12 43 CC FF E0 41 00 00 BA 42
1787900455.595608,34680,2d39,12,87 18 14 43 43 DD C3 41 00 00 BC 42
1787900455.596981,34680,2d3a,12,42 38 15 43 1C DD AE 41 00 00 BE 42
1787900455.598239,34680,2d3b,12,28 DA 15 43 8F D5 A2 41 00 00 C0 42
1787900455.599472,34680,2d3c,12,90 FC 15 43 04 42 A0 41 00 00 C2 42
1787900455.600815,34680,2d3d,12,0D 9F 15 43 5D 3E A7 41 00 00 C4 42
1787900455.602043,34680,2d3e,12,AE C2 14 43 0D 81 B7 41 00 00 C6 42
1787900455.603383,34680,2d3f,12,A5 69 13 43 33 64 D0 41 00 00 C8 42
1787900455.604845,34680,2d40,12,64 97 11 43 F0 E9 F0 41 00 00 CA 42
1787900455.606631,34680,2d41,12,CD 4F 0F 43 BE E9 0B 42 00 00 CC 42
1787900455.607867,34680,2d42,12,1F 9A 0C 43 D9 BD 21 42 00 00 CE 42
1787900455.609114,34680,2d43,12,A3 7C 09 43 39 18 39 42 00 00 D0 42
1787900455.610353,34680,2d44,12,50 FF 05 43 A5 0A 51 42 00 00 D2 42
1787900455.611564,34680,2d45,12,11 2B 02 43 D6 A0 68 42 00 00 D4 42
1787900455.612921,34680,2d46,12,B9 10 FC 42 DB F0 7E 42 00 00 D6 42
1787900455.614197,34680,2d47,12,B2 48 F3 42 9B 84 89 42 00 00 D8 42
1787900455.615420,34680,2d48,12,00 12 EA 42 10 12 92 42 00 00 DA 42
1787900455.616787,34680,2d49,12,35 84 E0 42 8F C9 98 42 00 00 DC 42
1787900455.618375,34680,2d4a,12,BB B7 D6 42 92 66 9D 42 00 00 DE 42
1787900455.619590,34680,2d4b,12,82 C2 CC 42 67 BA 9F 42 00 00 E0 42
1787900455.620919,34680,2d4c,12,35 C4 C2 42 DB AB 9F 42 00 00 E2 42
1787900455.622153,34680,2d4d,12,49 D3 B8 42 9C 3C 9D 42 00 00 E4 42
1787900455.623365,34680,2d4e,12,28 09 AF 42 7E 85 98 42 00 00 E6 42
1787900455.626541,34680,2d4f,12,DB 7E A5 42 9B B6 91 42 00 00 E8 42
1787900455.627764,34680,2d50,12,F5 49 9C 42 74 12 89 42 00 00 EA 42
1787900455.629096,34680,2d51,12,BF 87 93 42 1D ED 7D 42 00 00 EC 42
1787900455.630335,34680,2d52,12,AE 4B 8B 42 3A 8F 67 42 00 00 EE 42
1787900455.631713,34680,2d53,12,D0 AA 83 42 67 EF 4F 42 00 00 A0 41
1787900455.633109,34680,2d54,12,49 71 79 42 A2 FE 37 42 00 00 A8 41
1787900455.634339,34680,2d55,12,3E 0A 6D 42 0C AA 20 42 00 00 B0 41
1787900455.635556,34680,2d56,12,F1 47 62 42 28 EE 0A 42 00 00 B8 41
1787900455.636771,34680,2d57,12,C6 41 59 42 77 42 EF 41 00 00 C0 41
1787900455.638025,34680,2d58,12,D0 0E 52 42 53 10 CF 41 00 00 C8 41
1787900455.639313,34680,2d59,12,75 C1 4C 42 51 8E B6 41 00 00 D0 41
1787900455.640648,34680,2d5a,12,88 66 49 42 EB B2 A6 41 00 00 D8 41
1787900455.641892,34680,2d5b,12,B3 08 48 42 C3 29 A0 41 00 00 E0 41
1787900455.643168,34680,2d5c,12,1C AA 48 42 2C 2F A3 41 00 00 E8 41
1787900455.645097,34680,2d5d,12,25 49 4B 42 53 A4 AF 41 00 00 F0 41
1787900455.646484,34680,2d5e,12,1A DF 4F 42 24 0A C5 41 00 00 F8 41
1787900455.647699,34680,2d5f,12,95 62 56 42 B6 90 E2 41 00 00 00 42
1787900455.649037,34680,2d60,12,E0 BE 5E 42 3C 7C 03 42 00 00 04 42
1787900455.650272,34680,2d61,12,58 E0 68 42 08 6B 18 42 00 00 08 42
1787900455.651511,34680,2d62,12,15 AD 74 42 35 3F 2F 42 00 00 0C 42
1787900455.652767,34680,2d63,12,76 03 81 42 E4 0F 47 42 00 00 10 42
1787900455.654092,34680,2d64,12,48 68 88 42 80 F1 5E 42 00 00 14 42
1787900455.655329,34680,2d65,12,7A 6D 90 42 92 E1 75 42 00 00 18 42
1787900455.656564,34680,2d66,12,C1 00 99 42 CE 7E 85 42 00 00 1C 42
1787900455.658515,34680,2d67,12,2F 0C A2 42 23 B7 8E 42 00 00 20 42
1787900455.659996,34680,2d68,12,A5 78 AB 42 BC 3B 96 42 00 00 24 42
1787900455.661349,34680,2d69,12,1C 31 B5 42 4A C1 9B 42 00 00 28 42
1787900455.662686,34680,2d6a,12,AA 16 BF 42 0A 0C 9F 42 00 00 2C 42
1787900455.665145,34680,2d6b,12,01 13 C9 42 74 FC 9F 42 00 00 30 42
1787900455.666509,34680,2d6c,12,99 0C D3 42 F4 88 9E 42 00 00 34 42
1787900455.667761,34680,2d6d,12,F1 E9 DC 42 58 C0 9A 42 00 00 38 42
1787900455.669085,34680,2d6e,12,CB 94 E6 42 08 C7 94 42 00 00 3C 42
1787900455.670375,34680,2d6f,12,67 EE EF 42 AE DD 8C 42 00 00 40 42
1787900455.671706,34680,2d70,12,ED E1 F8 42 74 53 83 42 00 00 44 42
1787900455.673135,34680,2d71,12,3C AC 00 43 59 13 71 42 00 00 48 42
1787900455.674354,34680,2d72,12,34 9E 04 43 C8 DC 59 42 00 00 4C 42
1787900455.675728,34680,2d73,12,DC 3D 08 43 82 E8 41 42 00 00 50 42
1787900455.677335,34680,2d74,12,AC 7F 0B 43 CC 39 2A 42 00 00 54 42
1787900455.680192,34680,2d75,12,80 5C 0E 43 CE BA 13 42 00 00 58 42
1787900455.682105,34680,2d76,12,07 CD 10 43 0D A2 FE 41 00 00 5C 42
1787900455.684604,34680,2d77,12,04 CB 12 43 5F 99 DB 41 00 00 60 42
1787900455.689722,34680,2d78,12,C6 51 14 43 7D B9 BF 41 00 00 64 42
1787900455.690945,34680,2d79,12,73 5C 15 43 1C 30 AC 41 00 00 68 42
1787900455.692880,34680,2d7a,12,ED E8 15 43 A1 BA A1 41 00 00 6C 42
1787900455.693212,34680,2d7b,12,CD F5 15 43 BC C3 A0 41 00 00 70 42
1787900455.693946,34680,2d7c,12,F3 82 15 43 46 55 A9 41 00 00 74 42
1787900455.695235,34680,2d7d,12,24 91 14 43 C0 1E BB 41 00 00 78 42
1787900455.696484,34680,2d7e,12,62 23 13 43 AB 5F D5 41 00 00 7C 42
1787900455.697786,34680,2d7f,12,1D 3D 11 43 58 10 F7 41 00 00 80 42
1787900455.699044,34680,2d80,12,30 E3 0E 43 8F 6C 0F 42 00 00 82 42
1787900455.700344,34680,2d81,12,9C 1B 0C 43 12 92 25 42 00 00 84 42
1787900455.701631,34680,2d82,12,70 EC 08 43 44 1E 3D 42 00 00 86 42
1787900455.702960,34680,2d83,12,CE 5F 05 43 48 12 55 42 00 00 88 42
1787900455.704377,34680,2d84,12,D8 7D 01 43 F5 80 6C 42 00 00 8A 42
1787900455.705626,34680,2d85,12,F7 A0 FA 42 A1 3D 81 42 00 00 8C 42
1787900455.706939,34680,2d86,12,CE C4 F1 42 7F 10 8B 42 00 00 8E 42
1787900455.708296,34680,2d87,12,E8 7A E8 42 2C 57 93 42 00 00 90 42
1787900455.709555,34680,2d88,12,CE E0 DE 42 16 B8 99 42 00 00 92 42
1787900455.710971,34680,2d89,12,36 0C D5 42 04 F5 9D 42 00 00 94 42
1787900455.712265,34680,2d8a,12,43 16 CB 42 BA E2 9F 42 00 00 96 42
1787900455.713505,34680,2d8b,12,6B 18 C1 42 8C 6D 9F 42 00 00 98 42
1787900455.714788,34680,2d8c,12,26 29 B7 42 E7 98 9C 42 00 00 9A 42
1787900455.715913,34680,2d8d,12,0C 68 AD 42 6E 83 97 42 00 00 9C 42
1787900455.717141,34680,2d8e,12,F0 EA A3 42 78 60 90 42 00 00 9E 42
1787900455.718409,34680,2d8f,12,13 CA 9A 42 D3 78 87 42 00 00 A0 42
1787900455.719523,34680,2d90,12,CC 1C 92 42 AA 4E 7A 42 00 00 A2 42
1787900455.720722,34680,2d91,12,D8 F6 89 42 33 A3 63 42 00 00 A4 42
1787900455.721996,34680,2d92,12,1E 72 82 42 9E E4 4B 42 00 00 A6 42
1787900455.723187,34680,2d93,12,70 3E 77 42 52 FE 33 42 00 00 A8 42
1787900455.724481,34680,2d94,12,2D 1F 6B 42 1C E4 1C 42 00 00 AA 42
1787900455.725759,34680,2d95,12,73 A5 60 42 A6 81 07 42 00 00 AC 42
1787900455.727045,34680,2d96,12,97 E9 57 42 62 57 E9 41 00 00 AE 42
1787900455.728326,34680,2d97,12,60 07 51 42 2F 5C CA 41 00 00 B0 42
1787900455.729594,34680,2d98,12,68 0D 4C 42 1A 41 B3 41 00 00 B2 42
1787900455.730778,34680,2d99,12,66 08 49 42 D5 F1 A4 41 00 00 B4 42
1787900455.731943,34680,2d9a,12,13 00 48 42 5A 00 A0 41 00 00 B6 42
1787900455.733233,34680,2d9b,12,B0 F7 48 42 05 A2 A4 41 00 00 B8 42
1787900455.734507,34680,2d9c,12,29 EC 4B 42 B2 A4 B2 41 00 00 BA 42
1787900455.735633,34680,2d9d,12,ED D5 50 42 6C 79 C9 41 00 00 BC 42
1787900455.736792,34680,2d9e,12,6E A8 57 42 4C 37 E8 41 00 00 BE 42
1787900455.738159,34680,2d9f,12,3A 52 60 42 5E D2 06 42 00 00 C0 42
1787900455.739349,34680,2da0,12,B0 C0 6A 42 F2 28 1C 42 00 00 C2 42
1787900455.740527,34680,2da1,12,A2 D2 76 42 6F 38 33 42 00 00 C4 42
1787900455.741688,34680,2da2,12,19 36 82 42 E5 1B 4B 42 00 00 C6 42
1787900455.742961,34680,2da3,12,4D B5 89 42 A4 DF 62 42 00 00 C8 42
1787900455.744144,34680,2da4,12,C3 D3 91 42 40 91 79 42 00 00 CA 42
1787900455.745411,34680,2da5,12,82 7F 9A 42 A7 27 87 42 00 00 CC 42
1787900455.746683,34680,2da6,12,F4 9C A3 42 A7 1C 90 42 00 00 CE 42
1787900455.747816,34680,2da7,12,6D 17 AD 42 AB 4F 97 42 00 00 D0 42
1787900455.748968,34680,2da8,12,B2 D6 B6 42 43 77 9C 42 00 00 D2 42
1787900455.750267,34680,2da9,12,D7 C1 C0 42 D9 5E 9F 42 00 00 D4 42
1787900455.751405,34680,2daa,12,A0 C2 CA 42 98 E8 9F 42 00 00 D6 42
1787900455.752631,34680,2dab,12,3D B9 D4 42 AD 0E 9E 42 00 00 D8 42
1787900455.753860,34680,2dac,12,52 8F DE 42 84 E4 99 42 00 00 DA 42
1787900455.755129,34680,2dad,12,BA 2B E8 42 9A 94 93 42 00 00 DC 42
1787900455.756774,34680,2dae,12,E2 75 F1 42 52 5F 8B 42 00 00 DE 42
1787900455.758083,34680,2daf,12,BE 58 FA 42 24 95 81 42 00 00 E0 42
1787900455.759318,34680,2db0,12,05 5C 01 43 0C 40 6D 42 00 00 E2 42
1787900455.760605,34680,2db1,12,9B 40 05 43 D3 D9 55 42 00 00 E4 42
1787900455.761764,34680,2db2,12,2E D0 08 43 4F E6 3D 42 00 00 E6 42
1787900455.763347,34680,2db3,12,A3 01 0C 43 D3 59 26 42 00 00 E8 42
1787900455.764635,34680,2db4,12,9F CD 0E 43 F5 1D 10 42 00 00 EA 42
1787900455.765839,34680,2db5,12,3C 2B 11 43 B2 46 F8 41 00 00 EC 42
1787900455.767040,34680,2db6,12,5F 15 13 43 34 5D D6 41 00 00 EE 42
1787900455.768300,34680,2db7,12,22 87 14 43 5F D9 BB 41 00 00 A0 41
1787900455.769607,34680,2db8,12,D3 7C 15 43 AE C9 A9 41 00 00 A8 41
1787900455.770870,34680,2db9,12,10 F4 15 43 13 E5 A0 41 00 00 B0 41
1787900455.772185,34680,2dba,12,5E EB 15 43 D0 8B A1 41 00 00 B8 41
1787900455.773456,34680,2dbb,12,0C 63 15 43 FF B2 AB 41 00 00 C0 41
1787900455.774615,34680,2dbc,12,77 5C 14 43 13 F3 BE 41 00 00 C8 41
1787900455.775890,34680,2dbd,12,3E DA 12 43 A8 87 DA 41 00 00 D0 41
1787900455.777076,34680,2dbe,12,8B DF 10 43 48 63 FD 41 00 00 D8 41
1787900455.778359,34680,2dbf,12,AA 72 0E 43 56 06 13 42 00 00 E0 41
1787900455.779531,34680,2dc0,12,44 99 0B 43 6E 77 29 42 00 00 E8 41
1787900455.780770,34680,2dc1,12,A1 5A 08 43 FE 1F 41 42 00 00 F0 41
1787900455.781923,34680,2dc2,12,0C BF 04 43 B0 0E 59 42 00 00 F8 41
1787900455.783249,34680,2dc3,12,78 CE 00 43 72 56 70 42 00 00 00 42
1787900455.784544,34680,2dc4,12,DA 2A F9 42 A6 FD 82 42 00 00 04 42
1787900455.785693,34680,2dc5,12,0F 3B F0 42 F0 93 8C 42 00 00 08 42
1787900455.786979,34680,2dc6,12,6A E4 E6 42 4C 8C 94 42 00 00 0C 42
1787900455.788103,34680,2dc7,12,CA 3E DD 42 6B 95 9A 42 00 00 10 42
1787900455.789337,34680,2dc8,12,BE 5F D3 42 95 72 9E 42 00 00 14 42
1787900455.790653,34680,2dc9,12,AB 66 C9 42 F8 F9 9F 42 00 00 18 42
1787900455.791784,34680,2dca,12,04 6A BF 42 8A 1D 9F 42 00 00 1C 42
1787900455.793108,34680,2dcb,12,50 83 B5 42 14 E6 9B 42 00 00 20 42
1787900455.794401,34680,2dcc,12,E0 CB AB 42 65 74 96 42 00 00 24 42
1787900455.795607,34680,2dcd,12,A5 59 A2 42 6A FD 8E 42 00 00 28 42
1787900455.796780,34680,2dce,12,AC 4A 99 42 EC D1 85 42 00 00 2C 42
1787900455.797944,34680,2dcf,12,1D B3 90 42 DE 9A 76 42 00 00 30 42
1787900455.799238,34680,2dd0,12,F0 A8 88 42 7A B6 5F 42 00 00 34 42
1787900455.800414,34680,2dd1,12,B3 40 81 42 32 E0 47 42 00 00 38 42
1787900455.801794,34680,2dd2,12,B6 16 75 42 D5 03 30 42 00 00 3C 42
1787900455.803112,34680,2dd3,12,7E 3C 69 42 A4 23 19 42 00 00 40 42
1787900455.804343,34680,2dd4,12,A0 0C 5F 42 78 21 04 42 00 00 44 42
1787900455.805698,34680,2dd5,12,27 A1 56 42 43 A7 E3 41 00 00 48 42
1787900455.807045,34680,2dd6,12,9B 0F 50 42 AF E9 C5 41 00 00 4C 42
1787900455.808399,34680,2dd7,12,9F 67 4B 42 2B 34 B0 41 00 00 50 42
1787900455.809735,34680,2dd8,12,03 B8 48 42 AC 71 A3 41 00 00 54 42
1787900455.810987,34680,2dd9,12,E4 05 48 42 46 1C A0 41 00 00 58 42
1787900455.812350,34680,2dda,12,08 53 49 42 F8 55 A6 41 00 00 5C 42
1787900455.813568,34680,2ddb,12,1D 9C 4C 42 44 DF B5 41 00 00 60 42
1787900455.814865,34680,2ddc,12,AC DA 51 42 83 22 CE 41 00 00 64 42
1787900455.816212,34680,2ddd,12,06 FE 58 42 1C 19 EE 41 00 00 68 42
1787900455.818033,34680,2dde,12,42 F5 61 42 A2 41 0A 42 00 00 6C 42
1787900455.819325,34680,2ddf,12,73 A9 6C 42 8C EC 1F 42 00 00 70 42
1787900455.820664,34680,2de0,12,3D FF 78 42 48 30 37 42 00 00 74 42
1787900455.823022,34680,2de1,12,D0 6D 83 42 FE 26 4F 42 00 00 78 42
1787900455.824331,34680,2de2,12,45 09 8B 42 51 CD 66 42 00 00 7C 42
1787900455.825684,34680,2de3,12,97 40 93 42 6E 39 7D 42 00 00 80 42
1787900455.827047,34680,2de4,12,C4 FE 9B 42 4E C3 88 42 00 00 82 42
1787900455.828411,34680,2de5,12,71 2D A5 42 E0 72 91 42 00 00 84 42
1787900455.829628,34680,2de6,12,2C B8 AE 42 A9 54 98 42 00 00 86 42
1787900455.830959,34680,2de7,12,9A 80 B8 42 2D 1E 9D 42 00 00 88 42
1787900455.832258,34680,2de8,12,A8 70 C2 42 09 A1 9F 42 00 00 8A 42
1787900455.833621,34680,2de9,12,ED 6E CC 42 A0 C3 9F 42 00 00 8C 42
1787900455.834944,34680,2dea,12,DC 61 D6 42 8F 84 9D 42 00 00 8E 42
1787900455.836297,34680,2deb,12,0E 33 E0 42 00 F9 98 42 00 00 90 42
1787900455.837625,34680,2dec,12,4A C3 E9 42 22 52 92 42 00 00 92 42
1787900455.838862,34680,2ded,12,35 FD F2 42 C1 D2 89 42 00 00 94 42
1787900455.840199,34680,2dee,12,38 C9 FB 42 14 A3 7F 42 00 00 96 42
1787900455.841543,34680,2def,12,6A 08 02 43 1A 69 69 42 00 00 98 42
1787900455.843277,34680,2df0,12,96 E0 05 43 D5 D2 51 42 00 00 9A 42
1787900455.844599,34680,2df1,12,E6 60 09 43 8E DF 39 42 00 00 9C 42
1787900455.845848,34680,2df2,12,A6 81 0C 43 62 7C 22 42 00 00 9E 42
1787900455.847206,34680,2df3,12,D7 3A 0F 43 E5 97 0C 42 00 00 A0 42
1787900455.848611,34680,2df4,12,82 85 11 43 CF 22 F2 41 00 00 A2 42
1787900455.849944,34680,2df5,12,4C 5C 13 43 16 57 D1 41 00 00 A4 42
1787900455.851292,34680,2df6,12,5B B9 14 43 92 2F B8 41 00 00 A6 42
1787900455.852629,34680,2df7,12,D8 99 15 43 90 A1 A7 41 00 00 A8 42
1787900455.853837,34680,2df8,12,86 FB 15 43 F0 55 A0 41 00 00 AA 42
1787900455.857125,34680,2df9,12,6A DD 15 43 1E 97 A2 41 00 00 AC 42
1787900455.858477,34680,2dfa,12,8E 3F 15 43 33 53 AE 41 00 00 AE 42
1787900455.859755,34680,2dfb,12,E6 23 14 43 2F 0B C3 41 00 00 B0 42
1787900455.860977,34680,2dfc,12,2A 8D 12 43 EA ED DF 41 00 00 B2 42
1787900455.862316,34680,2dfd,12,6A 7F 10 43 5E EA 01 42 00 00 B4 42
1787900455.863529,34680,2dfe,12,E8 FF 0D 43 B4 A8 16 42 00 00 B6 42
1787900455.864821,34680,2dff,12,0B 14 0B 43 AE 65 2D 42 00 00 B8 42
1787900455.866155,34680,2e00,12,1E C5 07 43 31 2B 45 42 00 00 BA 42
1787900455.867376,34680,2e01,12,BF 1A 04 43 96 0D 5D 42 00 00 BC 42
1787900455.868740,34680,2e02,12,4B 1E 00 43 38 19 74 42 00 00 BE 42
1787900455.870027,34680,2e03,12,E8 B3 F7 42 81 B1 84 42 00 00 C0 42
1787900455.871316,34680,2e04,12,62 AE EE 42 91 0B 8E 42 00 00 C2 42
1787900455.872602,34680,2e05,12,B8 48 E5 42 96 B5 95 42 00 00 C4 42
1787900455.873815,34680,2e06,12,2F 98 DB 42 87 64 9B 42 00 00 C6 42
1787900455.875046,34680,2e07,12,8D B5 D1 42 68 DE 9E 42 00 00 C8 42
1787900455.876689,34680,2e08,12,19 BA C7 42 C6 FF 9F 42 00 00 CA 42
1787900455.877937,34680,2e09,12,3C BC BD 42 52 BC 9E 42 00 00 CC 42
1787900455.879279,34680,2e0a,12,BE DB B3 42 BC 21 9B 42 00 00 CE 42
1787900455.880509,34680,2e0b,12,BD 2E AA 42 C0 54 95 42 00 00 D0 42
1787900455.881824,34680,2e0c,12,F8 CD A0 42 8B 90 8D 42 00 00 D2 42
1787900455.883155,34680,2e0d,12,68 D1 97 42 56 24 84 42 00 00 D4 42
1787900455.884403,34680,2e0e,12,74 4D 8F 42 80 D9 72 42 00 00 D6 42
1787900455.885740,34680,2e0f,12,32 5D 87 42 8E BB 5B 42 00 00 D8 42
1787900455.886970,34680,2e10,12,30 12 80 42 51 D4 43 42 00 00 DA 42
1787900455.889000,34680,2e11,12,23 FE 72 42 A0 17 2C 42 00 00 DC 42
1787900455.890919,34680,2e12,12,50 69 67 42 9E 77 15 42 00 00 DE 42
1787900455.892089,34680,2e13,12,AF 80 5D 42 0D D5 00 42 00 00 E0 42
1787900455.893410,34680,2e14,12,C5 63 55 42 88 1E DE 41 00 00 E2 42
1787900455.894747,34680,2e15,12,F2 23 4F 42 84 A9 C1 41 00 00 E4 42
1787900455.896067,34680,2e16,12,31 D1 4A 42 56 6D AD 41 00 00 E6 42
1787900455.897406,34680,2e17,12,8F 76 48 42 6B 38 A2 41 00 00 E8 42
1787900455.898700,34680,2e18,12,43 1A 48 42 09 7E A0 41 00 00 EA 42
1787900455.899932,34680,2e19,12,75 BD 49 42 E4 50 A8 41 00 00 EC 42
1787900455.901296,34680,2e1a,12,86 5B 4D 42 25 5F B9 41 00 00 EE 42
1787900455.902958,34680,2e1b,12,39 EB 52 42 CF FA D2 41 00 00 A0 41
1787900455.904172,34680,2e1c,12,53 5E 5A 42 A8 1E F4 41 00 00 A8 41
1787900455.905384,34680,2e1d,12,F6 A4 63 42 E0 C2 0D 42 00 00 B0 41
1787900455.906655,34680,2e1e,12,A1 A1 6E 42 CE C2 23 42 00 00 B8 41
1787900455.908004,34680,2e1f,12,DA 3A 7B 42 69 34 3B 42 00 00 C0 41
1787900455.909370,34680,2e20,12,36 A8 84 42 8A 28 53 42 00 00 C8 41
1787900455.910555,34680,2e21,12,2C 5F 8C 42 D8 AA 6A 42 00 00 D0 41
1787900455.911765,34680,2e22,12,42 B1 94 42 0E 69 80 42 00 00 D8 41
1787900455.913145,34680,2e23,12,02 84 9D 42 4A 57 8A 42 00 00 E0 41
1787900455.914966,34680,2e24,12,60 C3 A6 42 68 BE 92 42 00 00 E8 41
1787900455.916363,34680,2e25,12,B8 57 B0 42 B1 48 99 42 00 00 F0 41
1787900455.917700,34680,2e26,12,8B 28 BA 42 6F B3 9D 42 00 00 F8 41
1787900455.919035,34680,2e27,12,E1 1F C4 42 DC D1 9F 42 00 00 00 42
1787900455.920303,34680,2e28,12,06 1E CE 42 0B 8D 9F 42 00 00 04 42
1787900455.921555,34680,2e29,12,89 0C D8 42 BF E8 9C 42 00 00 08 42
1787900455.923795,34680,2e2a,12,03 D2 E1 42 ED FF 97 42 00 00 0C 42
1787900455.925164,34680,2e2b,12,7A 55 EB 42 A8 04 91 42 00 00 10 42
1787900455.926359,34680,2e2c,12,67 81 F4 42 2C 3B 88 42 00 00 14 42
1787900455.927623,34680,2e2d,12,A0 38 FD 42 26 05 7C 42 00 00 18 42
1787900455.928966,34680,2e2e,12,E4 B3 02 43 4D 81 65 42 00 00 1C 42
1787900455.930292,34680,2e2f,12,F9 7C 06 43 79 D0 4D 42 00 00 20 42
1787900455.931500,34680,2e30,12,E2 ED 09 43 54 E4 35 42 00 00 24 42
1787900455.932851,34680,2e31,12,B7 FE 0C 43 DE A9 1E 42 00 00 28 42
1787900455.934798,34680,2e32,12,B8 A5 0F 43 7E 1C 09 42 00 00 2C 42
1787900455.936118,34680,2e33,12,23 DD 11 43 46 21 EC 41 00 00 30 42
1787900455.937449,34680,2e34,12,4C 9F 13 43 32 91 CC 41 00 00 34 42
1787900455.938774,34680,2e35,12,B5 E7 14 43 B8 CA B4 41 00 00 38 42
1787900455.940025,34680,2e36,12,41 B3 15 43 1B BD A5 41 00 00 3C 42
1787900455.941320,34680,2e37,12,6A FF 15 43 4A 0B A0 41 00 00 40 42
1787900455.942595,34680,2e38,12,BF CB 15 43 40 E9 A3 41 00 00 44 42
1787900455.943799,34680,2e39,12,C5 18 15 43 8A 2F B1 41 00 00 48 42
1787900455.945133,34680,2e3a,12,45 E8 13 43 BF 56 C7 41 00 00 4C 42
1787900455.946367,34680,2e3b,12,B2 3C 12 43 71 87 E5 41 00 00 50 42
1787900455.947715,34680,2e3c,12,5C 1B 10 43 70 3D 05 42 00 00 54 42
1787900455.949063,34680,2e3d,12,43 89 0D 43 2B 60 1A 42 00 00 58 42
1787900455.950328,34680,2e3e,12,F8 8C 0A 43 4F 54 31 42 00 00 5C 42
1787900455.951607,34680,2e3f,12,1D 2E 07 43 B7 2F 49 42 00 00 60 42
1787900455.952822,34680,2e40,12,1B 74 03 43 5A 06 61 42 00 00 64 42
1787900455.955123,34680,2e41,12,95 D5 FE 42 37 D6 77 42 00 00 68 42
1787900455.956478,34680,2e42,12,C4 36 F6 42 0C 5F 86 42 00 00 6C 42
1787900455.957808,34680,2e43,12,CC 21 ED 42 5E 74 8F 42 00 00 70 42
1787900455.959166,34680,2e44,12,E5 AD E3 42 6A CE 96 42 00 00 74 42
1787900455.960582,34680,2e45,12,27 F0 D9 42 82 23 9C 42 00 00 78 42
1787900455.961833,34680,2e46,12,8E 07 D0 42 F0 39 9F 42 00 00 7C 42
1787900455.963161,34680,2e47,12,6D 0A C6 42 35 F4 9F 42 00 00 80 42
1787900455.964494,34680,2e48,12,4F 12 BC 42 E4 4A 9E 42 00 00 82 42
1787900455.965704,34680,2e49,12,AF 38 B2 42 EE 4E 9A 42 00 00 84 42
1787900455.967380,34680,2e4a,12,C6 93 A8 42 BE 26 94 42 00 00 86 42
1787900455.968607,34680,2e4b,12,40 42 9F 42 F4 14 8C 42 00 00 88 42
1787900455.969887,34680,2e4c,12,E4 58 96 42 4C 6A 82 42 00 00 8A 42
1787900455.971193,34680,2e4d,12,78 EE 8D 42 C0 12 6F 42 00 00 8C 42
1787900455.972407,34680,2e4e,12,82 18 86 42 52 C2 57 42 00 00 8E 42
1787900455.973908,34680,2e4f,12,D0 D1 7D 42 A7 C9 3F 42 00 00 90 42
1787900455.975261,34680,2e50,12,09 ED 70 42 31 2C 28 42 00 00 92 42
1787900455.976584,34680,2e51,12,F4 9E 65 42 67 D3 11 42 00 00 94 42
1787900455.977919,34680,2e52,12,76 04 5C 42 7A 46 FB 41 00 00 96 42
1787900455.979163,34680,2e53,12,1F 36 54 42 49 D3 D8 41 00 00 98 42
1787900455.981441,34680,2e54,12,54 46 4E 42 6D A5 BD 41 00 00 9A 42
1787900455.982728,34680,2e55,12,F8 47 4A 42 10 E3 AA 41 00 00 9C 42
1787900455.984021,34680,2e56,12,19 43 48 42 DF 41 A1 41 00 00 9E 42
1787900455.985308,34680,2e57,12,E3 3C 48 42 14 24 A1 41 00 00 A0 42
1787900455.986787,34680,2e58,12,63 35 4A 42 E0 8A AA 41 00 00 A2 42
1787900455.990244,34680,2e59,12,1B 29 4E 42 84 1D BD 41 00 00 A4 42
1787900455.991475,34680,2e5a,12,79 0B 54 42 FB 12 D8 41 00 00 A6 42
1787900455.992847,34680,2e5b,12,5D CE 5B 42 AA 5C FA 41 00 00 A8 42
1787900455.994191,34680,2e5c,12,F3 5D 65 42 66 4E 11 42 00 00 AA 42
1787900455.995502,34680,2e5d,12,C6 A1 70 42 64 9C 27 42 00 00 AC 42
1787900455.996850,34680,2e5e,12,4D 81 7D 42 44 3C 3F 42 00 00 AE 42
1787900455.998191,34680,2e5f,12,CA E9 85 42 53 2E 57 42 00 00 B0 42
1787900455.999410,34680,2e60,12,E3 BB 8D 42 86 85 6E 42 00 00 B2 42
1787900456.000764,34680,2e61,12,F3 22 96 42 E2 29 82 42 00 00 B4 42
1787900456.002002,34680,2e62,12,7F 09 9F 42 4E DD 8B 42 00 00 B6 42
1787900456.003354,34680,2e63,12,BB 5B A8 42 54 FC 93 42 00 00 B8 42
1787900456.004650,34680,2e64,12,03 FC B1 42 0C 2F 9A 42 00 00 BA 42
1787900456.005859,34680,2e65,12,94 D4 BB 42 0A 39 9E 42 00 00 BC 42
1787900456.007205,34680,2e66,12,41 CC C5 42 1A F1 9F 42 00 00 BE 42
1787900456.008475,34680,2e67,12,90 C9 CF 42 B4 45 9F 42 00 00 C0 42
1787900456.009809,34680,2e68,12,0A B6 D9 42 5E 3C 9C 42 00 00 C2 42
1787900456.011182,34680,2e69,12,1E 72 E3 42 F4 F5 96 42 00 00 C4 42
1787900456.012399,34680,2e6a,12,08 E8 EC 42 B1 A7 8F 42 00 00 C6 42
1787900456.013764,34680,2e6b,12,96 FF F5 42 1B 9C 86 42 00 00 C8 42
1787900456.014955,34680,2e6c,12,8A A1 FE 42 F0 5E 78 42 00 00 CA 42
1787900456.016307,34680,2e6d,12,21 5D 03 43 E8 90 61 42 00 00 CC 42
1787900456.017642,34680,2e6e,12,FE 17 07 43 F2 C4 49 42 00 00 CE 42
1787900456.018864,34680,2e6f,12,23 79 0A 43 EE E6 31 42 00 00 D0 42
1787900456.024645,34680,2e70,12,EC 77 0D 43 56 EA 1A 42 00 00 D2 42
1787900456.025872,34680,2e71,12,AF 0C 10 43 A6 B9 05 42 00 00 D4 42
1787900456.027237,34680,2e72,12,6E 31 12 43 72 4F E6 41 00 00 D6 42
1787900456.028499,34680,2e73,12,56 DF 13 43 18 FB C7 41 00 00 D8 42
1787900456.029846,34680,2e74,12,D9 12 15 43 20 9F B1 41 00 00 DA 42
1787900456.031190,34680,2e75,12,E6 C8 15 43 A1 1F A4 41 00 00 DC 42
1787900456.032560,34680,2e76,12,AC FF 15 43 4B 06 A0 41 00 00 DE 42
1787900456.033796,34680,2e77,12,73 B6 15 43 20 80 A5 41 00 00 E0 42
1787900456.035150,34680,2e78,12,24 EE 14 43 DC 51 B4 41 00 00 E2 42
1787900456.036471,34680,2e79,12,BC A8 13 43 89 E4 CB 41 00 00 E4 42
1787900456.037691,34680,2e7a,12,7C E9 11 43 B1 47 EB 41 00 00 E6 42
1787900456.038916,34680,2e7b,12,DB B4 0F 43 94 9D 08 42 00 00 E8 42
1787900456.040269,34680,2e7c,12,98 0F 0D 43 EA 24 1E 42 00 00 EA 42
1787900456.041554,34680,2e7d,12,1C 02 0A 43 DB 50 35 42 00 00 EC 42
1787900456.042889,34680,2e7e,12,75 93 06 43 64 3B 4D 42 00 00 EE 42
1787900456.044172,34680,2e7f,12,68 CC 02 43 8E F0 64 42 00 00 A0 41
1787900456.045506,34680,2e80,12,3B 6D FD 42 81 7E 7B 42 00 00 A8 41
1787900456.046831,34680,2e81,12,43 B6 F4 42 96 02 88 42 00 00 B0 41
1787900456.048129,34680,2e82,12,9F 8F EB 42 31 D3 90 42 00 00 B8 41
1787900456.049472,34680,2e83,12,11 0E E2 42 8A DA 97 42 00 00 C0 41
1787900456.050783,34680,2e84,12,E6 49 D8 42 EF D0 9C 42 00 00 C8 41
1787900456.052002,34680,2e85,12,16 5C CE 42 C0 83 9F 42 00 00 D0 41
1787900456.053455,34680,2e86,12,E5 5A C4 42 30 D7 9F 42 00 00 D8 41
1787900456.054815,34680,2e87,12,23 66 BA 42 B8 C7 9D 42 00 00 E0 41
1787900456.056149,34680,2e88,12,27 94 B0 42 D6 6A 99 42 00 00 E8 41
1787900456.057507,34680,2e89,12,0D FE A6 42 0C ED 92 42 00 00 F0 41
1787900456.058857,34680,2e8a,12,55 BC 9D 42 92 90 8A 42 00 00 F8 41
1787900456.060094,34680,2e8b,12,FC E3 94 42 66 A7 80 42 00 00 00 42
1787900456.061320,34680,2e8c,12,22 91 8C 42 9D 39 6B 42 00 00 04 42
1787900456.062663,34680,2e8d,12,3C D6 84 42 19 BD 53 42 00 00 08 42
1787900456.063852,34680,2e8e,12,15 8E 7B 42 D7 C8 3B 42 00 00 0C 42
1787900456.065210,34680,2e8f,12,38 EB 6E 42 30 51 24 42 00 00 10 42
1787900456.066442,34680,2e90,12,FF E0 63 42 F6 3E 0E 42 00 00 14 42
1787900456.068439,34680,2e91,12,86 92 5A 42 15 02 F5 41 00 00 18 42
1787900456.071517,34680,2e92,12,E4 13 53 42 4E B3 D3 41 00 00 1C 42
1787900456.072888,34680,2e93,12,44 78 4D 42 5D E5 B9 41 00 00 20 42
1787900456.074244,34680,2e94,12,FA CD 49 42 7C 9F A8 41 00 00 24 42
1787900456.075459,34680,2e95,12,2F 1E 48 42 D6 90 A0 41 00 00 28 42
1787900456.076813,34680,2e96,12,40 6E 48 42 A1 10 A2 41 00 00 2C 42
1787900456.078048,34680,2e97,12,8A BC 4A 42 96 0B AD 41 00 00 30 42
1787900456.079512,34680,2e98,12,28 03 4F 42 B2 11 C1 41 00 00 34 42
1787900456.080860,34680,2e99,12,2B 37 55 42 B1 56 DD 41 00 00 38 42
1787900456.082106,34680,2e9a,12,87 4B 5D 42 1F 63 00 42 00 00 3C 42
1787900456.083319,34680,2e9b,12,88 26 67 42 68 F0 14 42 00 00 40 42
1787900456.084566,34680,2e9c,12,37 B1 72 42 8F 86 2B 42 00 00 44 42
1787900456.086932,34680,2e9d,12,14 CE 7F 42 2E 3F 43 42 00 00 48 42
1787900456.088295,34680,2e9e,12,CC 2D 87 42 49 28 5B 42 00 00 4C 42
1787900456.089632,34680,2e9f,12,D8 1C 8F 42 FD 54 72 42 00 00 50 42
1787900456.090936,34680,2ea0,12,F4 9A 97 42 3B E5 83 42 00 00 54 42
1787900456.092350,34680,2ea1,12,CB 94 A0 42 9A 5A 8D 42 00 00 58 42
1787900456.093644,34680,2ea2,12,68 F3 A9 42 20 2A 95 42 00 00 5C 42
1787900456.094990,34680,2ea3,12,D9 9E B3 42 20 04 9B 42 00 00 60 42
1787900456.096324,34680,2ea4,12,7F 81 BD 42 B0 AD 9E 42 00 00 64 42
1787900456.097524,34680,2ea5,12,EB 7B C7 42 2F FF 9F 42 00 00 68 42
1787900456.098931,34680,2ea6,12,A8 77 D1 42 A7 EC 9E 42 00 00 6C 42
1787900456.100137,34680,2ea7,12,31 5B DB 42 09 81 9B 42 00 00 70 42
1787900456.101390,34680,2ea8,12,3D 0D E5 42 3A DF 95 42 00 00 74 42
1787900456.102731,34680,2ea9,12,E6 77 EE 42 03 3E 8E 42 00 00 78 42
1787900456.104034,34680,2eaa,12,37 7D F7 42 F9 EF 84 42 00 00 7C 42
1787900456.105353,34680,2eab,12,90 04 00 43 E2 A3 74 42 00 00 80 42
1787900456.106715,34680,2eac,12,E2 02 04 43 72 A0 5D 42 00 00 82 42
1787900456.107957,34680,2ead,12,5E AF 07 43 66 C0 45 42 00 00 84 42
1787900456.109296,34680,2eae,12,98 01 0B 43 F7 EF 2D 42 00 00 86 42
1787900456.110497,34680,2eaf,12,01 EF 0D 43 E5 30 17 42 00 00 88 42
1787900456.111975,34680,2eb0,12,34 71 10 43 B8 63 02 42 00 00 8A 42
1787900456.113456,34680,2eb1,12,C8 81 12 43 48 B9 E0 41 00 00 8C 42
1787900456.114780,34680,2eb2,12,76 1B 14 43 1A A7 C3 41 00 00 8E 42
1787900456.116098,34680,2eb3,12,6B 3A 15 43 49 B4 AE 41 00 00 90 42
1787900456.117338,34680,2eb4,12,18 DB 15 43 91 C3 A2 41 00 00 92 42
1787900456.120102,34680,2eb5,12,4F FC 15 43 E1 46 A0 41 00 00 94 42
1787900456.121462,34680,2eb6,12,BA 9D 15 43 99 57 A7 41 00 00 96 42
1787900456.122809,34680,2eb7,12,4C C0 14 43 A5 AD B7 41 00 00 98 42
1787900456.124084,34680,2eb8,12,BB 65 13 43 6E AB D0 41 00 00 9A 42
1787900456.125922,34680,2eb9,12,56 92 11 43 77 42 F1 41 00 00 9C 42
1787900456.127296,34680,2eba,12,6E 4A 0F 43 68 16 0C 42 00 00 9E 42
1787900456.128608,34680,2ebb,12,D9 93 0C 43 BD EE 21 42 00 00 A0 42
1787900456.129947,34680,2ebc,12,86 75 09 43 65 4B 39 42 00 00 A2 42
1787900456.131204,34680,2ebd,12,48 F6 05 43 8A 45 51 42 00 00 A4 42
1787900456.132503,34680,2ebe,12,40 21 02 43 AA D9 68 42 00 00 A6 42
1787900456.133764,34680,2ebf,12,60 FE FB 42 AE 1E 7F 42 00 00 A8 42
1787900456.134962,34680,2ec0,12,52 35 F3 42 B6 98 89 42 00 00 AA 42
1787900456.136216,34680,2ec1,12,CC FD E9 42 90 22 92 42 00 00 AC 42
1787900456.137450,34680,2ec2,12,58 6C E0 42 92 D7 98 42 00 00 AE 42
1787900456.138826,34680,2ec3,12,63 9F D6 42 25 6F 9D 42 00 00 B0 42
1787900456.140088,34680,2ec4,12,0B AD CC 42 D5 BC 9F 42 00 00 B2 42
1787900456.141433,34680,2ec5,12,C0 AE C2 42 24 A9 9F 42 00 00 B4 42
1787900456.142774,34680,2ec6,12,0C BE B8 42 DA 34 9D 42 00 00 B6 42
1787900456.144063,34680,2ec7,12,54 F1 AE 42 30 77 98 42 00 00 B8 42
1787900456.145489,34680,2ec8,12,C2 67 A5 42 74 A3 91 42 00 00 BA 42
1787900456.146820,34680,2ec9,12,A3 36 9C 42 2A FE 88 42 00 00 BC 42
1787900456.148037,34680,2eca,12,75 75 93 42 07 BF 7D 42 00 00 BE 42
1787900456.149393,34680,2ecb,12,9C 3A 8B 42 76 5D 67 42 00 00 C0 42
1787900456.150667,34680,2ecc,12,DA 98 83 42 76 B4 4F 42 00 00 C2 42
1787900456.154299,34680,2ecd,12,E6 50 79 42 1A C4 37 42 00 00 C4 42
1787900456.155526,34680,2ece,12,58 F1 6C 42 58 79 20 42 00 00 C6 42
1787900456.156819,34680,2ecf,12,A9 32 62 42 C9 C1 0A 42 00 00 C8 42
1787900456.158269,34680,2ed0,12,54 30 59 42 F0 F5 EE 41 00 00 CA 42
1787900456.159489,34680,2ed1,12,6C FF 51 42 27 CA CE 41 00 00 CC 42
1787900456.160849,34680,2ed2,12,CF B6 4C 42 6B 5C B6 41 00 00 CE 42
1787900456.162082,34680,2ed3,12,79 61 49 42 CF 9A A6 41 00 00 D0 42
1787900456.163344,34680,2ed4,12,EE 07 48 42 0D 26 A0 41 00 00 D2 42
1787900456.165157,34680,2ed5,12,A0 AD 48 42 00 40 A3 41 00 00 D4 42
1787900456.166489,34680,2ed6,12,0D 52 4B 42 61 CE AF 41 00 00 D6 42
1787900456.167696,34680,2ed7,12,CC EC 4F 42 49 49 C5 41 00 00 D8 42
1787900456.169052,34680,2ed8,12,9A 72 56 42 10 D8 E2 41 00 00 DA 42
1787900456.170267,34680,2ed9,12,CC D2 5E 42 99 A6 03 42 00 00 DC 42
1787900456.171466,34680,2eda,12,F6 F7 68 42 64 9A 18 42 00 00 DE 42
1787900456.172819,34680,2edb,12,1C CC 74 42 05 79 2F 42 00 00 E0 42
1787900456.174127,34680,2edc,12,CE 14 81 42 F5 4A 47 42 00 00 E2 42
1787900456.175436,34680,2edd,12,DE 78 88 42 1C 24 5F 42 00 00 E4 42
1787900456.176680,34680,2ede,12,59 7F 90 42 34 11 76 42 00 00 E6 42
1787900456.178282,34680,2edf,12,BA 13 99 42 2F 94 85 42 00 00 E8 42
1787900456.179508,34680,2ee0,12,F6 22 A2 42 DB CB 8E 42 00 00 EA 42
1787900456.180782,34680,2ee1,12,3C 90 AB 42 DC 4B 96 42 00 00 EC 42
1787900456.182143,34680,2ee2,12,37 46 B5 42 CC CA 9B 42 00 00 EE 42
1787900456.183357,34680,2ee3,12,11 2C BF 42 98 10 9F 42 00 00 A0 41
1787900456.185414,34680,2ee4,12,7E 28 C9 42 E1 FB 9F 42 00 00 A8 41
1787900456.186798,34680,2ee5,12,0F 25 D3 42 71 82 9E 42 00 00 B0 41
1787900456.188139,34680,2ee6,12,02 02 DD 42 3C B4 9A 42 00 00 B8 41
1787900456.189494,34680,2ee7,12,3F A9 E6 42 00 B8 94 42 00 00 C0 41
1787900456.190781,34680,2ee8,12,1A 02 F0 42 C9 CA 8C 42 00 00 C8 41
1787900456.192137,34680,2ee9,12,AA F4 F8 42 74 3D 83 42 00 00 D0 41
1787900456.193360,34680,2eea,12,50 B6 00 43 D4 DB 70 42 00 00 D8 41
1787900456.195048,34680,2eeb,12,87 A7 04 43 5D A2 59 42 00 00 E0 41
1787900456.196292,34680,2eec,12,42 45 08 43 02 B5 41 42 00 00 E8 41
1787900456.198006,34680,2eed,12,41 86 0B 43 DA 07 2A 42 00 00 F0 41
1787900456.203701,34680,2eee,12,34 62 0E 43 68 8C 13 42 00 00 F8 41
1787900456.204950,34680,2eef,12,7C D2 10 43 1E 44 FE 41 00 00 00 42
1787900456.206308,34680,2ef0,12,59 CF 12 43 8A 4B DB 41 00 00 04 42
1787900456.207535,34680,2ef1,12,88 54 14 43 52 86 BF 41 00 00 08 42
1787900456.208786,34680,2ef2,12,28 5E 15 43 BE 0F AC 41 00 00 0C 42
1787900456.210011,34680,2ef3,12,91 E9 15 43 5B AE A1 41 00 00 10 42
1787900456.211376,34680,2ef4,12,4E F5 15 43 46 CD A0 41 00 00 14 42
1787900456.212737,34680,2ef5,12,3A 81 15 43 01 76 A9 41 00 00 18 42
1787900456.214101,34680,2ef6,12,95 8E 14 43 74 4E BB 41 00 00 1C 42
1787900456.215322,34680,2ef7,12,CC 1F 13 43 95 A0 D5 41 00 00 20 42
1787900456.216569,34680,2ef8,12,89 38 11 43 E2 5F F7 41 00 00 24 42
1787900456.219051,34680,2ef9,12,DB DC 0E 43 AD A0 0F 42 00 00 28 42
1787900456.220392,34680,2efa,12,42 14 0C 43 AC CA 25 42 00 00 2C 42
1787900456.221758,34680,2efb,12,31 E5 08 43 A0 51 3D 42 00 00 30 42
1787900456.222972,34680,2efc,12,CD 57 05 43 8A 45 55 42 00 00 34 42
1787900456.224626,34680,2efd,12,2A 75 01 43 11 B2 6C 42 00 00 38 42
1787900456.225886,34680,2efe,12,BC 8B FA 42 68 57 81 42 00 00 3C 42
1787900456.227118,34680,2eff,12,70 AE F1 42 E5 26 8B 42 00 00 40 42
1787900456.228472,34680,2f00,12,94 66 E8 42 00 67 93 42 00 00 44 42
1787900456.229705,34680,2f01,12,E2 CB DE 42 8E C3 99 42 00 00 48 42
1787900456.231069,34680,2f02,12,E8 F6 D4 42 AA FB 9D 42 00 00 4C 42
1787900456.232296,34680,2f03,12,A9 FD CA 42 85 E4 9F 42 00 00 50 42
1787900456.233647,34680,2f04,12,DE FF C0 42 73 69 9F 42 00 00 54 42
1787900456.234983,34680,2f05,12,F8 13 B7 42 52 90 9C 42 00 00 58 42
1787900456.236205,34680,2f06,12,56 53 AD 42 30 76 97 42 00 00 5C 42
1787900456.237773,34680,2f07,12,E7 D6 A3 42 19 4F 90 42 00 00 60 42
1787900456.238981,34680,2f08,12,21 B4 9A 42 FD 60 87 42 00 00 64 42
1787900456.240333,34680,2f09,12,13 08 92 42 04 19 7A 42 00 00 68 42
1787900456.241641,34680,2f0a,12,FE E5 89 42 02 71 63 42 00 00 6C 42
1787900456.242869,34680,2f0b,12,B0 62 82 42 13 B1 4B 42 00 00 70 42
1787900456.244589,34680,2f0c,12,B7 22 77 42 7B CB 33 42 00 00 74 42
1787900456.256921,34680,2f0d,12,56 03 6B 42 01 AD 1C 42 00 00 78 42
1787900456.257955,34680,2f0e,12,CC 8D 60 42 DE 4F 07 42 00 00 7C 42
1787900456.259315,34680,2f0f,12,CF D8 57 42 3A 0D E9 41 00 00 80 42
1787900456.260569,34680,2f10,12,A1 FA 50 42 BE 21 CA 41 00 00 82 42
1787900456.261915,34680,2f11,12,D1 04 4C 42 B5 18 B3 41 00 00 84 42
1787900456.263331,34680,2f12,12,6D 03 49 42 17 DA A4 41 00 00 86 42
1787900456.264694,34680,2f13,12,04 00 48 42 11 00 A0 41 00 00 88 42
1787900456.265978,34680,2f14,12,ED FB 48 42 45 B6 A4 41 00 00 8A 42
1787900456.267206,34680,2f15,12,A6 F4 4B 42 A1 CC B2 41 00 00 8C 42
1787900456.268560,34680,2f16,12,93 E2 50 42 73 B3 C9 41 00 00 8E 42
1787900456.270381,34680,2f17,12,8C BB 57 42 D9 8B E8 41 00 00 90 42
1787900456.271611,34680,2f18,12,C5 69 60 42 FE 03 07 42 00 00 92 42
1787900456.272876,34680,2f19,12,E8 D8 6A 42 F6 58 1C 42 00 00 94 42
1787900456.274220,34680,2f1a,12,47 EE 76 42 3B 6B 33 42 00 00 96 42
1787900456.275434,34680,2f1b,12,7E 45 82 42 71 4F 4B 42 00 00 98 42
1787900456.276772,34680,2f1c,12,90 C8 89 42 32 19 63 42 00 00 9A 42
1787900456.278168,34680,2f1d,12,75 E8 91 42 05 C7 79 42 00 00 9C 42
1787900456.279490,34680,2f1e,12,A5 92 9A 42 89 3C 87 42 00 00 9E 42
1787900456.280851,34680,2f1f,12,F8 B0 A3 42 1D 2E 90 42 00 00 A0 42
1787900456.282067,34680,2f20,12,20 2C AD 42 04 5D 97 42 00 00 A2 42
1787900456.284458,34680,2f21,12,F2 EE B6 42 38 81 9C 42 00 00 A4 42
1787900456.285842,34680,2f22,12,64 DA C0 42 16 63 9F 42 00 00 A6 42
1787900456.287189,34680,2f23,12,1B D8 CA 42 26 E7 9F 42 00 00 A8 42
1787900456.288456,34680,2f24,12,8D CE D4 42 25 08 9E 42 00 00 AA 42
1787900456.290251,34680,2f25,12,40 A4 DE 42 2A D9 99 42 00 00 AC 42
1787900456.291691,34680,2f26,12,06 43 E8 42 96 82 93 42 00 00 AE 42
1787900456.293232,34680,2f27,12,46 8C F1 42 04 49 8B 42 00 00 B0 42
1787900456.295216,34680,2f28,12,4D 6B FA 42 B3 7E 81 42 00 00 B2 42
1787900456.297143,34680,2f29,12,B6 64 01 43 03 0F 6D 42 00 00 B4 42
1787900456.298424,34680,2f2a,12,A0 48 05 43 98 A6 55 42 00 00 B6 42
1787900456.299614,34680,2f2b,12,81 D8 08 43 74 AB 3D 42 00 00 B8 42
1787900456.302477,34680,2f2c,12,04 09 0C 43 24 21 26 42 00 00 BA 42
1787900456.304659,34680,2f2d,12,2C D3 0E 43 57 F0 0F 42 00 00 BC 42
1787900456.308569,34680,2f2e,12,D6 2F 11 43 D6 F6 F7 41 00 00 BE 42
1787900456.309008,34680,2f2f,12,FB 18 13 43 E6 1B D6 41 00 00 C0 42
1787900456.310431,34680,2f30,12,17 8A 14 43 3C A2 BB 41 00 00 C2 42
1787900456.314113,34680,2f31,12,93 7E 15 43 65 A8 A9 41 00 00 C4 42
1787900456.315330,34680,2f32,12,86 F4 15 43 44 DC A0 41 00 00 C6 42
1787900456.315874,34680,2f33,12,C1 EA 15 43 96 97 A1 41 00 00 C8 42
1787900456.316656,34680,2f34,12,5E 61 15 43 E4 D2 AB 41 00 00 CA 42
1787900456.320201,34680,2f35,12,56 59 14 43 33 2D BF 41 00 00 CC 42
1787900456.321739,34680,2f36,12,F0 D5 12 43 0E D5 DA 41 00 00 CE 42
1787900456.324471,34680,2f37,12,CD DA 10 43 FE B4 FD 41 00 00 D0 42
1787900456.324788,34680,2f38,12,FC 6C 0E 43 A0 34 13 42 00 00 D2 42
1787900456.325812,34680,2f39,12,B4 92 0B 43 50 A9 29 42 00 00 D4 42
1787900456.326974,34680,2f3a,12,2D 52 08 43 F8 5A 41 42 00 00 D6 42
1787900456.328144,34680,2f3b,12,BF B5 04 43 26 49 59 42 00 00 D8 42
1787900456.329297,34680,2f3c,12,B0 C5 00 43 00 87 70 42 00 00 DA 42
1787900456.330459,34680,2f3d,12,23 18 F9 42 B8 13 83 42 00 00 DC 42
1787900456.331609,34680,2f3e,12,62 27 F0 42 EB A6 8C 42 00 00 DE 42
1787900456.332780,34680,2f3f,12,00 CD E6 42 A1 9D 94 42 00 00 E0 42
1787900456.334091,34680,2f40,12,BC 26 DD 42 A8 A1 9A 42 00 00 E2 42
1787900456.335330,34680,2f41,12,64 4A D3 42 64 78 9E 42 00 00 E4 42
1787900456.336597,34680,2f42,12,2F 51 C9 42 AC FA 9F 42 00 00 E6 42
1787900456.337946,34680,2f43,12,9C 54 BF 42 1C 19 9F 42 00 00 E8 42
1787900456.339310,34680,2f44,12,20 6B B5 42 52 DB 9B 42 00 00 EA 42
1787900456.340448,34680,2f45,12,44 B4 AB 42 64 64 96 42 00 00 EC 42
1787900456.341617,34680,2f46,12,BE 45 A2 42 69 EB 8E 42 00 00 EE 42
1787900456.343525,34680,2f47,12,AE 37 99 42 9C BC 85 42 00 00 A0 41
1787900456.344685,34680,2f48,12,38 A1 90 42 55 6B 76 42 00 00 A8 41
1787900456.345854,34680,2f49,12,E7 95 88 42 90 7C 5F 42 00 00 B0 41
1787900456.347013,34680,2f4a,12,50 2F 81 42 21 A5 47 42 00 00 B8 41
1787900456.348171,34680,2f4b,12,8C FB 74 42 50 D1 2F 42 00 00 C0 41
1787900456.349307,34680,2f4c,12,C9 24 69 42 2E F4 18 42 00 00 C8 41
1787900456.350521,34680,2f4d,12,9D F8 5E 42 F7 F6 03 42 00 00 D0 41
1787900456.351688,34680,2f4e,12,B2 8E 56 42 21 55 E3 41 00 00 D8 41
1787900456.352960,34680,2f4f,12,CB 01 50 42 0D AA C5 41 00 00 E0 41
1787900456.354266,34680,2f50,12,BE 5F 4B 42 FE 0E B0 41 00 00 E8 41
1787900456.355516,34680,2f51,12,64 B4 48 42 58 60 A3 41 00 00 F0 41
1787900456.356807,34680,2f52,12,8F 06 48 42 7C 1F A0 41 00 00 F8 41
1787900456.358067,34680,2f53,12,B6 58 49 42 0C 71 A6 41 00 00 00 42
1787900456.359299,34680,2f54,12,A5 A6 4C 42 A4 10 B6 41 00 00 04 42
1787900456.360483,34680,2f55,12,03 E8 51 42 62 5F CE 41 00 00 08 42
1787900456.361764,34680,2f56,12,60 0F 59 42 4E 65 EE 41 00 00 0C 42
1787900456.363019,34680,2f57,12,72 0A 62 42 DF 6D 0A 42 00 00 10 42
1787900456.364202,34680,2f58,12,E0 C5 6C 42 3F 24 20 42 00 00 14 42
1787900456.365488,34680,2f59,12,88 1F 79 42 C6 6A 37 42 00 00 18 42
1787900456.366751,34680,2f5a,12,76 7D 83 42 77 5A 4F 42 00 00 1C 42
1787900456.367999,34680,2f5b,12,4F 1A 8B 42 25 FF 66 42 00 00 20 42
1787900456.369201,34680,2f5c,12,DA 52 93 42 A1 67 7D 42 00 00 24 42
1787900456.370360,34680,2f5d,12,DF 14 9C 42 A0 DA 88 42 00 00 28 42
1787900456.371494,34680,2f5e,12,84 44 A5 42 22 86 91 42 00 00 2C 42
1787900456.372641,34680,2f5f,12,F6 CC AE 42 41 61 98 42 00 00 30 42
1787900456.373953,34680,2f60,12,D5 95 B8 42 0D 26 9D 42 00 00 34 42
1787900456.375562,34680,2f61,12,1C 86 C2 42 E0 A3 9F 42 00 00 38 42
1787900456.376839,34680,2f62,12,83 87 CC 42 FA C0 9F 42 00 00 3C 42
1787900456.378097,34680,2f63,12,37 7A D6 42 20 7C 9D 42 00 00 40 42
1787900456.379307,34680,2f64,12,E7 47 E0 42 DF EC 98 42 00 00 44 42
1787900456.380601,34680,2f65,12,84 D7 E9 42 BA 41 92 42 00 00 48 42
1787900456.382195,34680,2f66,12,9B 10 F3 42 B9 BE 89 42 00 00 4C 42
1787900456.383380,34680,2f67,12,44 DE FB 42 B8 6E 7F 42 00 00 50 42
1787900456.384674,34680,2f68,12,40 12 02 43 5B 30 69 42 00 00 54 42
1787900456.385934,34680,2f69,12,7C E8 05 43 6F 9F 51 42 00 00 58 42
1787900456.387192,34680,2f6a,12,08 68 09 43 5A AC 39 42 00 00 5C 42
1787900456.388795,34680,2f6b,12,F2 87 0C 43 6A 4B 22 42 00 00 60 42
1787900456.390094,34680,2f6c,12,05 41 0F 43 99 64 0C 42 00 00 64 42
1787900456.391313,34680,2f6d,12,98 8A 11 43 E7 C9 F1 41 00 00 68 42
1787900456.392585,34680,2f6e,12,BC 5F 13 43 83 18 D1 41 00 00 6C 42
1787900456.393776,34680,2f6f,12,C3 BB 14 43 87 02 B8 41 00 00 70 42
1787900456.395046,34680,2f70,12,32 9B 15 43 D9 87 A7 41 00 00 74 42
1787900456.396331,34680,2f71,12,D8 FB 15 43 CE 4F A0 41 00 00 78 42
1787900456.397510,34680,2f72,12,82 DC 15 43 8A A8 A2 41 00 00 7C 42
1787900456.398676,34680,2f73,12,B2 3D 15 43 62 76 AE 41 00 00 80 42
1787900456.399796,34680,2f74,12,FD 20 14 43 EC 40 C3 41 00 00 82 42
1787900456.400984,34680,2f75,12,3D 89 12 43 10 34 E0 41 00 00 84 42
1787900456.402267,34680,2f76,12,CC 79 10 43 59 1A 02 42 00 00 86 42
1787900456.403408,34680,2f77,12,39 F9 0D 43 92 DE 16 42 00 00 88 42
1787900456.404653,34680,2f78,12,56 0D 0B 43 F9 97 2D 42 00 00 8A 42
1787900456.405853,34680,2f79,12,9C BD 07 43 BF 5E 45 42 00 00 8C 42
1787900456.407023,34680,2f7a,12,82 12 04 43 59 40 5D 42 00 00 8E 42
1787900456.408552,34680,2f7b,12,1D 14 00 43 22 50 74 42 00 00 90 42
1787900456.409851,34680,2f7c,12,44 9E F7 42 40 CA 84 42 00 00 92 42
1787900456.410987,34680,2f7d,12,91 9A EE 42 F2 1D 8E 42 00 00 94 42
1787900456.412269,34680,2f7e,12,2C 34 E5 42 02 C4 95 42 00 00 96 42
1787900456.413550,34680,2f7f,12,1C 83 DB 42 6A 6E 9B 42 00 00 98 42
1787900456.415129,34680,2f80,12,0E 9D D1 42 16 E4 9E 42 00 00 9A 42
1787900456.416488,34680,2f81,12,7D A1 C7 42 95 FF 9F 42 00 00 9C 42
1787900456.417789,34680,2f82,12,DD A6 BD 42 09 B7 9E 42 00 00 9E 42
1787900456.419068,34680,2f83,12,B2 C6 B3 42 8A 17 9B 42 00 00 A0 42
1787900456.420213,34680,2f84,12,3C 1A AA 42 0E 46 95 42 00 00 A2 42
1787900456.421425,34680,2f85,12,55 B7 A0 42 39 7B 8D 42 00 00 A4 42
1787900456.422700,34680,2f86,12,D9 BB 97 42 62 0B 84 42 00 00 A6 42
1787900456.423866,34680,2f87,12,C3 3B 8F 42 51 A9 72 42 00 00 A8 42
1787900456.425032,34680,2f88,12,CE 4C 87 42 AE 88 5B 42 00 00 AA 42
1787900456.426271,34680,2f89,12,44 03 80 42 C8 A0 43 42 00 00 AC 42
1787900456.427394,34680,2f8a,12,AA DF 72 42 30 DE 2B 42 00 00 AE 42
1787900456.428568,34680,2f8b,12,DA 4E 67 42 10 42 15 42 00 00 B0 42
1787900456.429775,34680,2f8c,12,51 6D 5D 42 8E AB 00 42 00 00 B2 42
1787900456.431008,34680,2f8d,12,53 54 55 42 5B D9 DD 41 00 00 B4 42
1787900456.432315,34680,2f8e,12,95 18 4F 42 EA 74 C1 41 00 00 B6 42
1787900456.433466,34680,2f8f,12,FB C8 4A 42 7C 46 AD 41 00 00 B8 42
1787900456.434771,34680,2f90,12,3C 73 48 42 80 28 A2 41 00 00 BA 42
1787900456.435999,34680,2f91,12,A8 1B 48 42 BA 84 A0 41 00 00 BC 42
1787900456.437241,34680,2f92,12,22 C3 49 42 E4 6B A8 41 00 00 BE 42
1787900456.438467,34680,2f93,12,6D 65 4D 42 60 8D B9 41 00 00 C0 42
1787900456.439695,34680,2f94,12,48 FB 52 42 B1 43 D3 41 00 00 C2 42
1787900456.440939,34680,2f95,12,F4 72 5A 42 8F 78 F4 41 00 00 C4 42
1787900456.442191,34680,2f96,12,C7 BA 63 42 FC EF 0D 42 00 00 C6 42
1787900456.443381,34680,2f97,12,08 BB 6E 42 FB F3 23 42 00 00 C8 42
1787900456.444792,34680,2f98,12,97 57 7B 42 B1 67 3B 42 00 00 CA 42
1787900456.446065,34680,2f99,12,6A BA 84 42 59 63 53 42 00 00 CC 42
1787900456.453501,34680,2f9a,12,EF 72 8C 42 60 E3 6A 42 00 00 CE 42
1787900456.455880,34680,2f9b,12,B4 C3 94 42 C2 7F 80 42 00 00 D0 42
1787900456.457417,34680,2f9c,12,76 97 9D 42 1B 6B 8A 42 00 00 D2 42
1787900456.458695,34680,2f9d,12,A5 D7 A6 42 8E CE 92 42 00 00 D4 42
1787900456.460014,34680,2f9e,12,A2 6F B0 42 3E 56 99 42 00 00 D6 42
1787900456.461274,34680,2f9f,12,EB 40 BA 42 81 BB 9D 42 00 00 D8 42
1787900456.462545,34680,2fa0,12,59 35 C4 42 D6 D3 9F 42 00 00 DA 42
1787900456.463798,34680,2fa1,12,79 33 CE 42 DF 89 9F 42 00 00 DC 42
1787900456.465076,34680,2fa2,12,BE 21 D8 42 8F E0 9C 42 00 00 DE 42
1787900456.466346,34680,2fa3,12,C9 E9 E1 42 2B F1 97 42 00 00 E0 42
1787900456.467707,34680,2fa4,12,7F 6C EB 42 1C F1 90 42 00 00 E2 42
1787900456.470411,34680,2fa5,12,A4 94 F4 42 9C 26 88 42 00 00 E4 42
1787900456.471614,34680,2fa6,12,D0 4A FD 42 A9 D6 7B 42 00 00 E6 42
1787900456.473014,34680,2fa7,12,5E BC 02 43 4E 4F 65 42 00 00 E8 42
1787900456.474783,34680,2fa8,12,E1 85 06 43 78 95 4D 42 00 00 EA 42
1787900456.476108,34680,2fa9,12,E5 F5 09 43 F2 A9 35 42 00 00 EC 42
1787900456.477356,34680,2faa,12,DC 04 0D 43 78 79 1E 42 00 00 EE 42
1787900456.478665,34680,2fab,12,F5 AA 0F 43 98 F0 08 42 00 00 A0 41
1787900456.479918,34680,2fac,12,6A E1 11 43 FA D5 EB 41 00 00 A8 41
1787900456.482301,34680,2fad,12,0B A3 13 43 B8 4C CC 41 00 00 B0 41
1787900456.485247,34680,2fae,12,43 EA 14 43 B9 9A B4 41 00 00 B8 41
1787900456.486546,34680,2faf,12,6C B4 15 43 C5 A6 A5 41 00 00 C0 41
1787900456.487761,34680,2fb0,12,82 FF 15 43 67 09 A0 41 00 00 C8 41
1787900456.489047,34680,2fb1,12,C5 CA 15 43 E1 FB A3 41 00 00 D0 41
1787900456.490337,34680,2fb2,12,6F 16 15 43 8C 5B B1 41 00 00 D8 41
1787900456.491540,34680,2fb3,12,BE E4 13 43 A6 97 C7 41 00 00 E0 41
1787900456.492710,34680,2fb4,12,9B 38 12 43 1A D0 E5 41 00 00 E8 41
1787900456.494016,34680,2fb5,12,4C 16 10 43 50 68 05 42 00 00 F0 41
1787900456.495384,34680,2fb6,12,46 83 0D 43 E1 8F 1A 42 00 00 F8 41
1787900456.496549,34680,2fb7,12,20 85 0A 43 53 8E 31 42 00 00 00 42
1787900456.497787,34680,2fb8,12,5E 25 07 43 C7 6A 49 42 00 00 04 42
1787900456.499024,34680,2fb9,12,C0 6B 03 43 C7 38 61 42 00 00 08 42
1787900456.500335,34680,2fba,12,9C C3 FE 42 7D 05 78 42 00 00 0C 42
1787900456.501461,34680,2fbb,12,B5 23 F6 42 2B 74 86 42 00 00 10 42
1787900456.502653,34680,2fbc,12,F0 0A ED 42 B6 88 8F 42 00 00 14 42
1787900456.503829,34680,2fbd,12,3E 96 E3 42 19 DE 96 42 00 00 18 42
1787900456.504939,34680,2fbe,12,03 DB D9 42 96 2C 9C 42 00 00 1C 42
1787900456.506074,34680,2fbf,12,23 F2 CF 42 0C 3E 9F 42 00 00 20 42
1787900456.507312,34680,2fc0,12,F1 F4 C5 42 2D F3 9F 42 00 00 24 42
1787900456.508478,34680,2fc1,12,DF F9 BB 42 DE 43 9E 42 00 00 28 42
1787900456.509703,34680,2fc2,12,AB 20 B2 42 5A 42 9A 42 00 00 2C 42
1787900456.510821,34680,2fc3,12,61 7F A8 42 57 17 94 42 00 00 30 42
1787900456.512061,34680,2fc4,12,A2 2E 9F 42 C1 01 8C 42 00 00 34 42
1787900456.514014,34680,2fc5,12,3E 46 96 42 0F 54 82 42 00 00 38 42
1787900456.516206,34680,2fc6,12,70 DA 8D 42 E2 DA 6E 42 00 00 3C 42
1787900456.520054,34680,2fc7,12,02 06 86 42 C2 87 57 42 00 00 40 42
1787900456.524406,34680,2fc8,12,7F B4 7D 42 35 96 3F 42 00 00 44 42
1787900456.525625,34680,2fc9,12,01 D3 70 42 7B FA 27 42 00 00 48 42
1787900456.526826,34680,2fca,12,76 88 65 42 68 A5 11 42 00 00 4C 42
1787900456.528530,34680,2fcb,12,05 EF 5B 42 D4 E9 FA 41 00 00 50 42
1787900456.529790,34680,2fcc,12,35 25 54 42 0B 87 D8 41 00 00 54 42
1787900456.531085,34680,2fcd,12,AB 3B 4E 42 D9 73 BD 41 00 00 58 42
1787900456.532377,34680,2fce,12,84 41 4A 42 6F C4 AA 41 00 00 5C 42
1787900456.533767,34680,2fcf,12,EC 40 48 42 6A 37 A1 41 00 00 60 42
1787900456.534909,34680,2fd0,12,4F 3F 48 42 B3 2F A1 41 00 00 64 42
1787900456.536119,34680,2fd1,12,B4 3C 4A 42 9D AD AA 41 00 00 68 42
1787900456.537292,34680,2fd2,12,B5 33 4E 42 D5 4E BD 41 00 00 6C 42
1787900456.538470,34680,2fd3,12,2D 1A 54 42 4E 55 D8 41 00 00 70 42
1787900456.539669,34680,2fd4,12,07 E1 5B 42 5A AD FA 41 00 00 74 42
1787900456.541102,34680,2fd5,12,A5 77 65 42 00 83 11 42 00 00 78 42
1787900456.542386,34680,2fd6,12,89 BF 70 42 49 D5 27 42 00 00 7C 42
1787900456.543566,34680,2fd7,12,92 9E 7D 42 B3 6F 3F 42 00 00 80 42
1787900456.544860,34680,2fd8,12,EC F9 85 42 79 61 57 42 00 00 82 42
1787900456.546054,34680,2fd9,12,5B CD 8D 42 59 B6 6E 42 00 00 84 42
1787900456.547303,34680,2fda,12,4A 38 96 42 66 43 82 42 00 00 86 42
1787900456.548595,34680,2fdb,12,F4 1F 9F 42 5C F3 8B 42 00 00 88 42
1787900456.549862,34680,2fdc,12,1E 70 A8 42 CA 0B 94 42 00 00 8A 42
1787900456.551122,34680,2fdd,12,F9 10 B2 42 1A 3A 9A 42 00 00 8C 42
1787900456.552351,34680,2fde,12,E8 E9 BB 42 3F 3F 9E 42 00 00 8E 42
1787900456.553630,34680,2fdf,12,DD E4 C5 42 60 F2 9F 42 00 00 90 42
1787900456.554908,34680,2fe0,12,1A E2 CF 42 17 41 9F 42 00 00 92 42
1787900456.556163,34680,2fe1,12,30 CB D9 42 5C 33 9C 42 00 00 94 42
1787900456.557437,34680,2fe2,12,C7 86 E3 42 53 E8 96 42 00 00 96 42
1787900456.558561,34680,2fe3,12,FF FB EC 42 FC 95 8F 42 00 00 98 42
1787900456.559708,34680,2fe4,12,6F 15 F6 42 F7 83 86 42 00 00 9A 42
1787900456.560954,34680,2fe5,12,26 B6 FE 42 DC 28 78 42 00 00 9C 42
1787900456.562189,34680,2fe6,12,7E 65 03 43 84 5E 61 42 00 00 9E 42
1787900456.563419,34680,2fe7,12,A5 1F 07 43 61 91 49 42 00 00 A0 42
1787900456.564631,34680,2fe8,12,FF 7F 0A 43 40 B4 31 42 00 00 A2 42
1787900456.565926,34680,2fe9,12,CA 7E 0D 43 9E B3 1A 42 00 00 A4 42
1787900456.567156,34680,2fea,12,80 12 10 43 70 88 05 42 00 00 A6 42
1787900456.568387,34680,2feb,12,89 35 12 43 93 06 E6 41 00 00 A8 42
1787900456.569667,34680,2fec,12,6E E2 13 43 2C C2 C7 41 00 00 AA 42
1787900456.570921,34680,2fed,12,E7 14 15 43 6B 78 B1 41 00 00 AC 42
1787900456.572145,34680,2fee,12,09 CA 15 43 EF 09 A4 41 00 00 AE 42
1787900456.573435,34680,2fef,12,94 FF 15 43 19 08 A0 41 00 00 B0 42
1787900456.574596,34680,2ff0,12,4C B5 15 43 2A 96 A5 41 00 00 B2 42
1787900456.575786,34680,2ff1,12,ED EB 14 43 78 7B B4 41 00 00 B4 42
1787900456.577058,34680,2ff2,12,7C A5 13 43 10 20 CC 41 00 00 B6 42
1787900456.578236,34680,2ff3,12,9B E4 11 43 B1 9D EB 41 00 00 B8 42
1787900456.579702,34680,2ff4,12,DF AE 0F 43 C3 CF 08 42 00 00 BA 42
1787900456.581004,34680,2ff5,12,75 09 0D 43 42 55 1E 42 00 00 BC 42
1787900456.582301,34680,2ff6,12,20 FB 09 43 CD 83 35 42 00 00 BE 42
1787900456.583523,34680,2ff7,12,B2 8B 06 43 E8 6E 4D 42 00 00 C0 42
1787900456.584738,34680,2ff8,12,B5 C2 02 43 DD 29 65 42 00 00 C2 42
1787900456.586086,34680,2ff9,12,6B 58 FD 42 D6 B3 7B 42 00 00 C4 42
1787900456.587284,34680,2ffa,12,0A A3 F4 42 32 17 88 42 00 00 C6 42
1787900456.588573,34680,2ffb,12,89 7B EB 42 50 E4 90 42 00 00 C8 42
1787900456.589753,34680,2ffc,12,52 F9 E1 42 7E E7 97 42 00 00 CA 42
1787900456.591011,34680,2ffd,12,9D 31 D8 42 67 DA 9C 42 00 00 CC 42
1787900456.592132,34680,2ffe,12,86 43 CE 42 78 87 9F 42 00 00 CE 42
1787900456.593410,34680,2fff,12,6C 45 C4 42 4A D5 9F 42 00 00 D0 42
1787900456.594692,34680,3000,12,DA 50 BA 42 C0 C0 9D 42 00 00 D2 42
1787900456.595822,34680,3001,12,44 7F B0 42 13 5F 99 42 00 00 D4 42
1787900456.597080,34680,3002,12,D2 E6 A6 42 9F DA 92 42 00 00 D6 42
1787900456.598295,34680,3003,12,08 A6 9D 42 ED 79 8A 42 00 00 D8 42
1787900456.599446,34680,3004,12,85 D1 94 42 BC 90 80 42 00 00 DA 42
1787900456.600728,34680,3005,12,DC 7F 8C 42 4E 08 6B 42 00 00 DC 42
1787900456.601872,34680,3006,12,52 C6 84 42 C6 89 53 42 00 00 DE 42
1787900456.603120,34680,3007,12,1E 6D 7B 42 15 8E 3B 42 00 00 E0 42
1787900456.604417,34680,3008,12,10 CE 6E 42 CF 18 24 42 00 00 E2 42
1787900456.605733,34680,3009,12,21 CB 63 42 C8 11 0E 42 00 00 E4 42
1787900456.607008,34680,300a,12,75 80 5A 42 64 B3 F4 41 00 00 E6 42
1787900456.608309,34680,300b,12,CF 05 53 42 6D 73 D3 41 00 00 E8 42
1787900456.609456,34680,300c,12,DB 6C 4D 42 15 B0 B9 41 00 00 EA 42
1787900456.610726,34680,300d,12,67 C7 49 42 35 80 A8 41 00 00 EC 42
1787900456.611898,34680,300e,12,BA 1C 48 42 D8 89 A0 41 00 00 EE 42
1787900456.613051,34680,300f,12,16 71 48 42 37 1E A2 41 00 00 A0 41
1787900456.614391,34680,3010,12,A4 C3 4A 42 36 2D AD 41 00 00 A8 41
1787900456.615615,34680,3011,12,19 10 4F 42 A3 4D C1 41 00 00 B0 41
1787900456.616896,34680,3012,12,CA 48 55 42 A9 A5 DD 41 00 00 B8 41
1787900456.618052,34680,3013,12,D6 5E 5D 42 86 8C 00 42 00 00 C0 41
1787900456.619309,34680,3014,12,94 3D 67 42 17 1F 15 42 00 00 C8 41
1787900456.620599,34680,3015,12,C5 CB 72 42 AA B8 2B 42 00 00 D0 41
1787900456.621746,34680,3016,12,35 F0 7F 42 34 7A 43 42 00 00 D8 41
1787900456.622983,34680,3017,12,8B 40 87 42 96 62 5B 42 00 00 E0 41
1787900456.624211,34680,3018,12,86 2E 8F 42 3A 85 72 42 00 00 E8 41
1787900456.625530,34680,3019,12,C3 AD 97 42 0F FB 83 42 00 00 F0 41
1787900456.626793,34680,301a,12,8B A8 A0 42 45 6D 8D 42 00 00 F8 41
1787900456.628112,34680,301b,12,E2 0A AA 42 08 3B 95 42 00 00 00 42
1787900456.629389,34680,301c,12,F2 B6 B3 42 E2 0F 9B 42 00 00 04 42
1787900456.630714,34680,301d,12,DE 96 BD 42 0C B3 9E 42 00 00 08 42
1787900456.631913,34680,301e,12,67 91 C7 42 6D FF 9F 42 00 00 0C 42
1787900456.633174,34680,301f,12,0C 8D D1 42 C5 E7 9E 42 00 00 10 42
1787900456.634428,34680,3020,12,56 73 DB 42 CB 75 9B 42 00 00 14 42
1787900456.635736,34680,3021,12,C9 24 E5 42 C8 CE 95 42 00 00 18 42
1787900456.637094,34680,3022,12,BA 8B EE 42 B0 2B 8E 42 00 00 1C 42
1787900456.638303,34680,3023,12,1F 90 F7 42 69 DA 84 42 00 00 20 42
1787900456.639661,34680,3024,12,75 0D 00 43 00 74 74 42 00 00 24 42
1787900456.641009,34680,3025,12,56 0C 04 43 56 66 5D 42 00 00 28 42
1787900456.642243,34680,3026,12,FC B7 07 43 58 85 45 42 00 00 2C 42
1787900456.643476,34680,3027,12,50 08 0B 43 A3 BD 2D 42 00 00 30 42
1787900456.644850,34680,3028,12,DA F4 0D 43 CD 01 17 42 00 00 34 42
1787900456.647168,34680,3029,12,1F 76 10 43 BE 39 02 42 00 00 38 42
1787900456.648532,34680,302a,12,4B 86 12 43 AA 68 E0 41 00 00 3C 42
1787900456.649884,34680,302b,12,CF 1E 14 43 3E 69 C3 41 00 00 40 42
1787900456.651232,34680,302c,12,4C 3C 15 43 D2 90 AE 41 00 00 44 42
1787900456.652460,34680,302d,12,E8 DB 15 43 0C B4 A2 41 00 00 48 42
1787900456.653827,34680,302e,12,0C FC 15 43 EB 4B A0 41 00 00 4C 42
1787900456.655095,34680,302f,12,33 9C 15 43 B5 74 A7 41 00 00 50 42
1787900456.656312,34680,3030,12,8F BD 14 43 E9 E0 B7 41 00 00 54 42
1787900456.657626,34680,3031,12,4E 62 13 43 C3 E9 D0 41 00 00 58 42
1787900456.658926,34680,3032,12,E9 8D 11 43 E1 8F F1 41 00 00 5C 42
1787900456.660638,34680,3033,12,0D 45 0F 43 1B 43 0C 42 00 00 60 42
1787900456.667601,34680,3034,12,A7 8C 0C 43 C6 26 22 42 00 00 64 42
1787900456.673121,34680,3035,12,5E 6D 09 43 06 86 39 42 00 00 68 42
1787900456.680598,34680,3036,12,65 EE 05 43 F4 78 51 42 00 00 6C 42
1787900456.681843,34680,3037,12,AC 18 02 43 40 0B 69 42 00 00 70 42
1787900456.687864,34680,3038,12,04 EC FB 42 78 4C 7F 42 00 00 74 42
1787900456.690266,34680,3039,12,1E 1F F3 42 B6 AF 89 42 00 00 78 42
1787900456.691699,34680,303a,12,A6 E6 E9 42 6D 35 92 42 00 00 7C 42
1787900456.693177,34680,303b,12,81 57 E0 42 C4 E3 98 42 00 00 80 42
1787900456.694592,34680,303c,12,21 8A D6 42 95 76 9D 42 00 00 82 42
1787900456.695918,34680,303d,12,95 97 CC 42 38 BF 9F 42 00 00 84 42
1787900456.697985,34680,303e,12,2C 96 C2 42 FA A5 9F 42 00 00 86 42
1787900456.699366,34680,303f,12,BA A5 B8 42 EB 2B 9D 42 00 00 88 42
1787900456.700597,34680,3040,12,87 DC AE 42 A8 6A 98 42 00 00 8A 42
1787900456.702004,34680,3041,12,9A 53 A5 42 B3 92 91 42 00 00 8C 42
1787900456.703385,34680,3042,12,52 23 9C 42 DA E9 88 42 00 00 8E 42
1787900456.704747,34680,3043,12,86 60 93 42 30 8A 7D 42 00 00 90 42
1787900456.706080,34680,3044,12,12 27 8B 42 6F 24 67 42 00 00 92 42
1787900456.707329,34680,3045,12,2E 89 83 42 FF 80 4F 42 00 00 94 42
1787900456.708598,34680,3046,12,A8 34 79 42 03 91 37 42 00 00 96 42
1787900456.709993,34680,3047,12,79 D8 6C 42 AA 48 20 42 00 00 98 42
1787900456.711309,34680,3048,12,54 1A 62 42 05 8F 0A 42 00 00 9A 42
1787900456.712795,34680,3049,12,62 1C 59 42 6B 9E EE 41 00 00 9C 42
1787900456.714001,34680,304a,12,05 F2 51 42 0A 8D CE 41 00 00 9E 42
1787900456.715317,34680,304b,12,8D AD 4C 42 06 31 B6 41 00 00 A0 42
1787900456.716760,34680,304c,12,73 5C 49 42 DC 82 A6 41 00 00 A2 42
1787900456.718130,34680,304d,12,16 07 48 42 01 22 A0 41 00 00 A4 42
1787900456.719496,34680,304e,12,B3 B1 48 42 7D 53 A3 41 00 00 A6 42
1787900456.720855,34680,304f,12,DE 59 4B 42 45 F3 AF 41 00 00 A8 42
1787900456.722236,34680,3050,12,CA F8 4F 42 92 80 C5 41 00 00 AA 42
1787900456.723649,34680,3051,12,A8 82 56 42 8A 1F E3 41 00 00 AC 42
1787900456.725056,34680,3052,12,A7 E9 5E 42 2E D7 03 42 00 00 AE 42
1787900456.726404,34680,3053,12,0E 13 69 42 AE D0 18 42 00 00 B0 42
1787900456.727698,34680,3054,12,3A E7 74 42 82 AB 2F 42 00 00 B2 42
1787900456.729099,34680,3055,12,F6 23 81 42 86 7E 47 42 00 00 B4 42
1787900456.730350,34680,3056,12,78 89 88 42 B4 56 5F 42 00 00 B6 42
1787900456.731717,34680,3057,12,D3 93 90 42 B9 47 76 42 00 00 B8 42
1787900456.733078,34680,3058,12,77 29 99 42 A4 AC 85 42 00 00 BA 42
1787900456.734331,34680,3059,12,DA 36 A2 42 EA DD 8E 42 00 00 BC 42
1787900456.735598,34680,305a,12,D6 A4 AB 42 E7 59 96 42 00 00 BE 42
1787900456.736969,34680,305b,12,53 5B B5 42 43 D4 9B 42 00 00 C0 42
1787900456.738280,34680,305c,12,96 44 BF 42 C3 15 9F 42 00 00 C2 42
1787900456.739599,34680,305d,12,1A 41 C9 42 2B FB 9F 42 00 00 C4 42
1787900456.740937,34680,305e,12,69 3A D3 42 B5 7C 9E 42 00 00 C6 42
1787900456.742157,34680,305f,12,03 17 DD 42 A0 A9 9A 42 00 00 C8 42
1787900456.744212,34680,3060,12,B2 BD E6 42 EE A8 94 42 00 00 CA 42
1787900456.745556,34680,3061,12,A6 18 F0 42 1B B5 8C 42 00 00 CC 42
1787900456.746889,34680,3062,12,1F 0A F9 42 39 24 83 42 00 00 CE 42
1787900456.748122,34680,3063,12,1C BF 00 43 54 AB 70 42 00 00 D0 42
1787900456.749301,34680,3064,12,A9 AF 04 43 59 6F 59 42 00 00 D2 42
1787900456.750715,34680,3065,12,A6 4C 08 43 84 81 41 42 00 00 D4 42
1787900456.751945,34680,3066,12,C9 8D 0B 43 AB CE 29 42 00 00 D6 42
1787900456.753325,34680,3067,12,BA 68 0E 43 4E 57 13 42 00 00 D8 42
1787900456.754693,34680,3068,12,3E D7 10 43 3A F2 FD 41 00 00 DA 42
1787900456.755906,34680,3069,12,1E D3 12 43 BA 07 DB 41 00 00 DC 42
1787900456.757480,34680,306a,12,48 57 14 43 4B 53 BF 41 00 00 DE 42
1787900456.758790,34680,306b,12,1A 60 15 43 DF EA AB 41 00 00 E0 42
1787900456.760009,34680,306c,12,4A EA 15 43 83 A0 A1 41 00 00 E2 42
1787900456.761211,34680,306d,12,DC F4 15 43 C8 D5 A0 41 00 00 E4 42
1787900456.762586,34680,306e,12,B6 7F 15 43 C3 92 A9 41 00 00 E6 42
1787900456.763759,34680,306f,12,04 8C 14 43 50 7E BB 41 00 00 E8 42
1787900456.765131,34680,3070,12,AE 1B 13 43 1A EB D5 41 00 00 EA 42
1787900456.766490,34680,3071,12,48 33 11 43 21 BB F7 41 00 00 EC 42
1787900456.767744,34680,3072,12,52 D7 0E 43 38 CE 0F 42 00 00 EE 42
1787900456.769095,34680,3073,12,D4 0D 0C 43 1D FC 25 42 00 00 A0 41
1787900456.770317,34680,3074,12,F0 DD 08 43 FF 84 3D 42 00 00 A8 41
1787900456.771633,34680,3075,12,A0 4E 05 43 3D 80 55 42 00 00 B0 41
1787900456.772996,34680,3076,12,38 6B 01 43 4A EA 6C 42 00 00 B8 41
1787900456.774331,34680,3077,12,30 79 FA 42 E2 6D 81 42 00 00 C0 41
1787900456.775615,34680,3078,12,E7 9A F1 42 6B 3A 8B 42 00 00 C8 41
1787900456.776877,34680,3079,12,40 52 E8 42 CA 76 93 42 00 00 D0 41
1787900456.778489,34680,307a,12,EB B3 DE 42 A4 D0 99 42 00 00 D8 41
1787900456.779750,34680,307b,12,80 DE D4 42 3B 03 9E 42 00 00 E0 41
1787900456.781117,34680,307c,12,2F E8 CA 42 0A E6 9F 42 00 00 E8 41
1787900456.782362,34680,307d,12,6F EA C0 42 D4 65 9F 42 00 00 F0 41
1787900456.783723,34680,307e,12,CC FE B6 42 B3 87 9C 42 00 00 F8 41
1787900456.785310,34680,307f,12,9F 3B AD 42 FB 66 97 42 00 00 00 42
1787900456.786696,34680,3080,12,F6 BF A3 42 2A 3B 90 42 00 00 04 42
1787900456.787901,34680,3081,12,FA A0 9A 42 26 4C 87 42 00 00 08 42
1787900456.789266,34680,3082,12,FD F5 91 42 23 EA 79 42 00 00 0C 42
1787900456.790635,34680,3083,12,29 D5 89 42 CC 3E 63 42 00 00 10 42
1787900456.791871,34680,3084,12,06 51 82 42 08 76 4B 42 00 00 14 42
1787900456.793235,34680,3085,12,FE 02 77 42 44 91 33 42 00 00 18 42
1787900456.794456,34680,3086,12,0F EB 6A 42 EE 7C 1C 42 00 00 1C 42
1787900456.795749,34680,3087,12,2F 79 60 42 76 24 07 42 00 00 20 42
1787900456.797132,34680,3088,12,0F C8 57 42 31 C3 E8 41 00 00 24 42
1787900456.798417,34680,3089,12,11 EC 50 42 FB DE C9 41 00 00 28 42
1787900456.799714,34680,308a,12,06 FB 4B 42 A1 EA B2 41 00 00 2C 42
1787900456.801164,34680,308b,12,20 FF 48 42 8A C5 A4 41 00 00 30 42
1787900456.802444,34680,308c,12,00 00 48 42 00 00 A0 41 00 00 34 42
1787900456.803754,34680,308d,12,34 00 49 42 B0 CA A4 41 00 00 38 42
1787900456.805043,34680,308e,12,69 FE 4B 42 91 FA B2 41 00 00 3C 42
1787900456.806475,34680,308f,12,1C F1 50 42 17 F6 C9 41 00 00 40 42
1787900456.807812,34680,3090,12,45 CC 57 42 CB D5 E8 41 00 00 44 42
1787900456.809184,34680,3091,12,5D 7E 60 42 5E 2F 07 42 00 00 48 42
1787900456.810594,34680,3092,12,29 F1 6A 42 04 89 1C 42 00 00 4C 42
1787900456.811878,34680,3093,12,FA 0D 77 42 6F A5 33 42 00 00 50 42
1787900456.814617,34680,3094,12,24 57 82 42 7D 8A 4B 42 00 00 54 42
1787900456.815945,34680,3095,12,64 D9 89 42 6C 4B 63 42 00 00 58 42
1787900456.817261,34680,3096,12,89 FA 91 42 ED F5 79 42 00 00 5C 42
1787900456.818539,34680,3097,12,CA A5 9A 42 64 51 87 42 00 00 60 42
1787900456.820231,34680,3098,12,E8 C7 A3 42 14 42 90 42 00 00 64 42
1787900456.821656,34680,3099,12,D6 43 AD 42 41 6C 97 42 00 00 68 42
1787900456.823062,34680,309a,12,1E 04 B7 42 DF 89 9C 42 00 00 6C 42
1787900456.824472,34680,309b,12,D2 EF C0 42 BE 66 9F 42 00 00 70 42
1787900456.825763,34680,309c,12,95 ED CA 42 AA E5 9F 42 00 00 74 42
1787900456.827443,34680,309d,12,F5 E6 D4 42 9E 00 9E 42 00 00 78 42
1787900456.828806,34680,309e,12,39 BC DE 42 1C CC 99 42 00 00 7C 42
1787900456.830119,34680,309f,12,5C 57 E8 42 D2 72 93 42 00 00 80 42
1787900456.831527,34680,30a0,12,D1 9F F1 42 83 35 8B 42 00 00 82 42
1787900456.832807,34680,30a1,12,DA 7D FA 42 3C 68 81 42 00 00 84 42
1787900456.834229,34680,30a2,12,AA 6E 01 43 D0 D6 6C 42 00 00 86 42
1787900456.835648,34680,30a3,12,CE 51 05 43 E7 6B 55 42 00 00 88 42
1787900456.837048,34680,30a4,12,C3 DF 08 43 14 78 3D 42 00 00 8A 42
1787900456.838460,34680,30a5,12,72 0F 0C 43 AE EF 25 42 00 00 8C 42
1787900456.839759,34680,30a6,12,B6 D8 0E 43 C4 C2 0F 42 00 00 8E 42
1787900456.841290,34680,30a7,12,1A 35 11 43 7F 9B F7 41 00 00 90 42
1787900456.842703,34680,30a8,12,1C 1D 13 43 43 D1 D5 41 00 00 92 42
1787900456.843975,34680,30a9,12,AA 8C 14 43 44 72 BB 41 00 00 94 42
1787900456.845376,34680,30aa,12,18 80 15 43 84 8B A9 41 00 00 96 42
1787900456.846670,34680,30ab,12,F9 F4 15 43 A0 D3 A0 41 00 00 98 42
1787900456.857257,34680,30ac,12,0A EA 15 43 48 A5 A1 41 00 00 9A 42
1787900456.858439,34680,30ad,12,6E 5F 15 43 9F F7 AB 41 00 00 9C 42
1787900456.864595,34680,30ae,12,98 56 14 43 1C 60 BF 41 00 00 9E 42
1787900456.871485,34680,30af,12,2C D2 12 43 C3 18 DB 41 00 00 A0 42
1787900456.872739,34680,30b0,12,0C D6 10 43 CE 06 FE 41 00 00 A2 42
1787900456.874303,34680,30b1,12,78 66 0E 43 B2 69 13 42 00 00 A4 42
1787900456.874969,34680,30b2,12,2E 8B 0B 43 7A E2 29 42 00 00 A6 42
1787900456.881378,34680,30b3,12,CA 4A 08 43 76 8E 41 42 00 00 A8 42
1787900456.884078,34680,30b4,12,9E AD 04 43 2D 7C 59 42 00 00 AA 42
1787900456.885308,34680,30b5,12,E6 BC 00 43 86 B7 70 42 00 00 AC 42
1787900456.886679,34680,30b6,12,B0 02 F9 42 F7 2C 83 42 00 00 AE 42
1787900456.887977,34680,30b7,12,D7 10 F0 42 9F BC 8C 42 00 00 B0 42
1787900456.891530,34680,30b8,12,8E B8 E6 42 B9 AC 94 42 00 00 B2 42
1787900456.893150,34680,30b9,12,BB 11 DD 42 4C AC 9A 42 00 00 B4 42
1787900456.894536,34680,30ba,12,0B 35 D3 42 27 7E 9E 42 00 00 B6 42
1787900456.895813,34680,30bb,12,93 38 C9 42 6C FB 9F 42 00 00 B8 42
1787900456.897217,34680,30bc,12,17 3C BF 42 FA 13 9F 42 00 00 BA 42
1787900456.898601,34680,30bd,12,04 56 B5 42 E2 D1 9B 42 00 00 BC 42
1787900456.899839,34680,30be,12,A8 9F AB 42 60 56 96 42 00 00 BE 42
1787900456.901104,34680,30bf,12,D9 31 A2 42 60 D9 8E 42 00 00 C0 42
1787900456.902356,34680,30c0,12,EE 21 99 42 2C A4 85 42 00 00 C2 42
1787900456.903632,34680,30c1,12,BA 8C 90 42 D7 34 76 42 00 00 C4 42
1787900456.905025,34680,30c2,12,4B 85 88 42 FC 49 5F 42 00 00 C6 42
1787900456.906287,34680,30c3,12,26 20 81 42 8F 71 47 42 00 00 C8 42
1787900456.907541,34680,30c4,12,68 E0 74 42 D0 9E 2F 42 00 00 CA 42
1787900456.908778,34680,30c5,12,AA 09 69 42 DD BD 18 42 00 00 CC 42
1787900456.910266,34680,30c6,12,BB E1 5E 42 58 C6 03 42 00 00 CE 42
1787900456.911724,34680,30c7,12,9E 7E 56 42 8F 0D E3 41 00 00 D0 42
1787900456.916016,34680,30c8,12,C6 F5 4F 42 A9 72 C5 41 00 00 D2 42
1787900456.917222,34680,30c9,12,E6 57 4B 42 FB E9 AF 41 00 00 D4 42
1787900456.920898,34680,30ca,12,49 B0 48 42 B7 4C A3 41 00 00 D6 42
1787900456.922173,34680,30cb,12,5F 07 48 42 61 23 A0 41 00 00 D8 42
1787900456.923507,34680,30cc,12,B5 5D 49 42 DE 88 A6 41 00 00 DA 42
1787900456.924932,34680,30cd,12,E0 AF 4C 42 EB 3B B6 41 00 00 DC 42
1787900456.926103,34680,30ce,12,62 F5 51 42 64 9C CE 41 00 00 DE 42
1787900456.927403,34680,30cf,12,4A 23 59 42 B9 BC EE 41 00 00 E0 42
1787900456.928680,34680,30d0,12,C1 22 62 42 9A A0 0A 42 00 00 E2 42
1787900456.929914,34680,30d1,12,B9 DE 6C 42 E6 54 20 42 00 00 E4 42
1787900456.931210,34680,30d2,12,C1 3B 79 42 DB 9D 37 42 00 00 E6 42
1787900456.932459,34680,30d3,12,1E 8D 83 42 EF 8D 4F 42 00 00 E8 42
1787900456.933645,34680,30d4,12,D7 2D 8B 42 32 38 67 42 00 00 EA 42
1787900456.934974,34680,30d5,12,C6 67 93 42 80 9C 7D 42 00 00 EC 42
1787900456.936210,34680,30d6,12,2D 28 9C 42 F6 EE 88 42 00 00 EE 42
1787900456.937418,34680,30d7,12,AC 58 A5 42 EA 96 91 42 00 00 A0 41
1787900456.938733,34680,30d8,12,C2 E1 AE 42 D0 6D 98 42 00 00 A8 41
1787900456.940536,34680,30d9,12,27 AE B8 42 05 2F 9D 42 00 00 B0 41
1787900456.941758,34680,30da,12,B0 9E C2 42 14 A7 9F 42 00 00 B8 41
1787900456.943158,34680,30db,12,FA 9C CC 42 A0 BE 9F 42 00 00 C0 41
1787900456.944413,34680,30dc,12,79 8F D6 42 B7 74 9D 42 00 00 C8 41
1787900456.945747,34680,30dd,12,BE 5C E0 42 B4 E0 98 42 00 00 D0 41
1787900456.946960,34680,30de,12,AB EE E9 42 E5 2E 92 42 00 00 D8 41
1787900456.948231,34680,30df,12,D0 26 F3 42 C0 A7 89 42 00 00 E0 41
1787900456.949502,34680,30e0,12,A2 F0 FB 42 F6 40 7F 42 00 00 E8 41
1787900456.950762,34680,30e1,12,D5 1A 02 43 C9 FE 68 42 00 00 F0 41
1787900456.954015,34680,30e2,12,61 F0 05 43 07 6C 51 42 00 00 F8 41
1787900456.955335,34680,30e3,12,32 70 09 43 B6 71 39 42 00 00 00 42
1787900456.956665,34680,30e4,12,25 8F 0C 43 5B 13 22 42 00 00 04 42
1787900456.957865,34680,30e5,12,67 46 0F 43 DD 37 0C 42 00 00 08 42
1787900456.959197,34680,30e6,12,06 8F 11 43 68 7C F1 41 00 00 0C 42
1787900456.960483,34680,30e7,12,2B 63 13 43 14 DA D0 41 00 00 10 42
1787900456.961770,34680,30e8,12,82 BE 14 43 20 CF B7 41 00 00 14 42
1787900456.963049,34680,30e9,12,BB 9C 15 43 98 6A A7 41 00 00 18 42
1787900456.964280,34680,30ea,12,1D FC 15 43 A3 4A A0 41 00 00 1C 42
1787900456.966181,34680,30eb,12,B4 DB 15 43 EF B7 A2 41 00 00 20 42
1787900456.969075,34680,30ec,12,D3 3B 15 43 BA 99 AE 41 00 00 24 42
1787900456.971516,34680,30ed,12,A6 1D 14 43 A7 7E C3 41 00 00 28 42
1787900456.973681,34680,30ee,12,BB 84 12 43 93 84 E0 41 00 00 2C 42
1787900456.974895,34680,30ef,12,E3 74 10 43 4A 44 02 42 00 00 30 42
1787900456.976314,34680,30f0,12,62 F3 0D 43 A3 0D 17 42 00 00 34 42
1787900456.977538,34680,30f1,12,A0 06 0B 43 4A CA 2D 42 00 00 38 42
1787900456.978749,34680,30f2,12,00 B5 07 43 CD 99 45 42 00 00 3C 42
1787900456.980109,34680,30f3,12,10 09 04 43 79 7A 5D 42 00 00 40 42
1787900456.981341,34680,30f4,12,39 0B 00 43 0A 80 74 42 00 00 44 42
1787900456.982619,34680,30f5,12,5E 8B F7 42 D5 DF 84 42 00 00 48 42
1787900456.983806,34680,30f6,12,BE 86 EE 42 4C 30 8E 42 00 00 4C 42
1787900456.985103,34680,30f7,12,A1 1C E5 42 7C D4 95 42 00 00 50 42
1787900456.986461,34680,30f8,12,F8 6A DB 42 B2 79 9B 42 00 00 54 42
1787900456.987753,34680,30f9,12,AB 87 D1 42 00 E9 9E 42 00 00 58 42
1787900456.989184,34680,30fa,12,00 8C C7 42 5E FF 9F 42 00 00 5C 42
1787900456.990491,34680,30fb,12,7E 91 BD 42 B5 B1 9E 42 00 00 60 42
1787900456.991826,34680,30fc,12,98 AE B3 42 D1 0B 9B 42 00 00 64 42
1787900456.993096,34680,30fd,12,C0 02 AA 42 2E 35 95 42 00 00 68 42
1787900456.994434,34680,30fe,12,94 A3 A0 42 94 68 8D 42 00 00 6C 42
1787900456.995686,34680,30ff,12,08 A9 97 42 93 F5 83 42 00 00 70 42
1787900456.996883,34680,3100,12,14 2A 8F 42 1A 79 72 42 00 00 74 42
1787900456.998267,34680,3101,12,0C 3A 87 42 64 4E 5B 42 00 00 78 42
1787900456.999463,34680,3102,12,61 E4 7F 42 C1 65 43 42 00 00 7C 42
1787900457.000777,34680,3103,12,17 C5 72 42 11 AC 2B 42 00 00 80 42
1787900457.002131,34680,3104,12,C7 37 67 42 5A 13 15 42 00 00 82 42
1787900457.003464,34680,3105,12,FB 59 5D 42 1C 82 00 42 00 00 84 42
1787900457.004732,34680,3106,12,AE 42 55 42 48 8A DD 41 00 00 86 42
1787900457.006047,34680,3107,12,9C 0B 4F 42 D9 38 C1 41 00 00 88 42
1787900457.007460,34680,3108,12,DA C1 4A 42 BD 24 AD 41 00 00 8A 42
1787900457.009337,34680,3109,12,5E 70 48 42 C9 1A A2 41 00 00 8C 42
1787900457.010571,34680,310a,12,17 1D 48 42 97 8B A0 41 00 00 8E 42
1787900457.011780,34680,310b,12,AD C9 49 42 05 8B A8 41 00 00 90 42
1787900457.013039,34680,310c,12,CE 70 4D 42 86 C2 B9 41 00 00 92 42
1787900457.014376,34680,310d,12,58 09 53 42 79 83 D3 41 00 00 94 42
1787900457.015648,34680,310e,12,FF 84 5A 42 2A C7 F4 41 00 00 96 42
1787900457.016992,34680,310f,12,9F D0 63 42 22 1D 0E 42 00 00 98 42
1787900457.018329,34680,3110,12,29 D8 6E 42 56 2C 24 42 00 00 9A 42
1787900457.019593,34680,3111,12,89 78 7B 42 70 A2 3B 42 00 00 9C 42
1787900457.020910,34680,3112,12,52 CA 84 42 AE 96 53 42 00 00 9E 42
1787900457.022216,34680,3113,12,34 84 8C 42 B4 14 6B 42 00 00 A0 42
1787900457.023574,34680,3114,12,2A D6 94 42 70 96 80 42 00 00 A2 42
1787900457.024908,34680,3115,12,C2 AD 9D 42 C6 81 8A 42 00 00 A4 42
1787900457.026235,34680,3116,12,DE EE A6 42 02 E1 92 42 00 00 A6 42
1787900457.027454,34680,3117,12,84 84 B0 42 09 62 99 42 00 00 A8 42
1787900457.028738,34680,3118,12,34 56 BA 42 81 C2 9D 42 00 00 AA 42
1787900457.030120,34680,3119,12,D2 4A C4 42 C5 D5 9F 42 00 00 AC 42
1787900457.031469,34680,311a,12,09 4C CE 42 30 86 9F 42 00 00 AE 42
1787900457.032830,34680,311b,12,07 3A D8 42 20 D7 9C 42 00 00 B0 42
1787900457.034034,34680,311c,12,89 FE E1 42 3E E4 97 42 00 00 B2 42
1787900457.035425,34680,311d,12,96 80 EB 42 03 E0 90 42 00 00 B4 42
1787900457.036765,34680,311e,12,DF A7 F4 42 04 12 88 42 00 00 B6 42
1787900457.037971,34680,311f,12,A2 5F FD 42 5D A1 7B 42 00 00 B8 42
1787900457.039163,34680,3120,12,12 C6 02 43 03 16 65 42 00 00 BA 42
1787900457.040513,34680,3121,12,A5 8D 06 43 F5 61 4D 42 00 00 BC 42
1787900457.041880,34680,3122,12,E2 FC 09 43 FE 76 35 42 00 00 BE 42
1787900457.043191,34680,3123,12,00 0B 0D 43 1A 49 1E 42 00 00 C0 42
1787900457.044551,34680,3124,12,F2 B0 0F 43 5E BE 08 42 00 00 C2 42
1787900457.045902,34680,3125,12,4C E6 11 43 E2 7F EB 41 00 00 C4 42
1787900457.047148,34680,3126,12,4D A6 13 43 16 11 CC 41 00 00 C6 42
1787900457.048352,34680,3127,12,7C EC 14 43 FE 70 B4 41 00 00 C8 42
1787900457.049775,34680,3128,12,96 B5 15 43 9C 90 A5 41 00 00 CA 42
1787900457.050994,34680,3129,12,9D FF 15 43 72 07 A0 41 00 00 CC 42
1787900457.052341,34680,312a,12,A5 C9 15 43 6D 11 A4 41 00 00 CE 42
1787900457.053664,34680,312b,12,63 14 15 43 22 82 B1 41 00 00 D0 42
1787900457.054891,34680,312c,12,A7 E1 13 43 78 D0 C7 41 00 00 D2 42
1787900457.056285,34680,312d,12,81 34 12 43 E3 18 E6 41 00 00 D4 42
1787900457.057646,34680,312e,12,7D 10 10 43 7B 99 05 42 00 00 D6 42
1787900457.059003,34680,312f,12,6A 7C 0D 43 92 C6 1A 42 00 00 D8 42
1787900457.060280,34680,3130,12,46 7E 0A 43 FE C0 31 42 00 00 DA 42
1787900457.061706,34680,3131,12,B8 1D 07 43 58 9E 49 42 00 00 DC 42
1787900457.063914,34680,3132,12,64 63 03 43 2F 6B 61 42 00 00 DE 42
1787900457.065293,34680,3133,12,02 AF FE 42 9A 3B 78 42 00 00 E0 42
1787900457.066660,34680,3134,12,DE 0D F6 42 55 8C 86 42 00 00 E2 42
