ts,event,session,payload_len,payload_hex
1787902978.302235,34680,0084,12,E9 46 61 43 AE D0 8A 42 00 00 48 42
1787902978.303712,34680,0085,12,22 E2 66 43 9B F3 80 42 00 00 4C 42
1787902978.313914,34680,0086,12,08 AF 6B 43 28 DE 6B 42 00 00 50 42
1787902978.324757,34680,0087,12,09 92 6F 43 FB 66 54 42 00 00 54 42
1787902978.335067,34680,0088,12,CC 74 72 43 3B 71 3C 42 00 00 58 42
1787902978.346067,34680,0089,12,B9 46 74 43 7F F1 24 42 00 00 5C 42
1787902978.357704,34680,008a,12,5A FD 74 43 7D D7 0E 42 00 00 60 42
1787902978.368608,34680,008b,12,93 94 74 43 C5 09 F6 41 00 00 64 42
1787902978.379235,34680,008c,12,C0 0E 73 43 C9 87 D4 41 00 00 68 42
1787902978.389872,34680,008d,12,A4 74 70 43 1E 7F BA 41 00 00 6C 42
1787902978.400701,34680,008e,12,31 D5 6C 43 7E F9 A8 41 00 00 70 42
1787902978.411120,34680,008f,12,3A 45 68 43 A9 A9 A0 41 00 00 74 42
1787902978.421500,34680,0090,12,00 DF 62 43 7D E4 A1 41 00 00 78 42
1787902978.432896,34680,0091,12,8A C1 5C 43 6D 9D AC 41 00 00 7C 42
1787902978.443620,34680,0092,12,00 10 56 43 0F 67 C0 41 00 00 80 42
1787902978.454150,34680,0093,12,DF F0 4E 43 58 77 DC 41 00 00 82 42
1787902978.465131,34680,0094,12,11 8D 47 43 04 B0 FF 41 00 00 84 42
1787902978.475914,34680,0095,12,1F 0F 40 43 B6 54 14 42 00 00 86 42
1787902978.486528,34680,0096,12,16 A2 38 43 CD E0 2A 42 00 00 88 42
1787902978.496868,34680,0097,12,A6 70 31 43 1B 96 42 42 00 00 8A 42
1787902978.507688,34680,0098,12,2A A4 2A 43 9B 82 5A 42 00 00 8C 42
1787902978.518605,34680,0099,12,B5 63 24 43 40 B2 71 42 00 00 8E 42
1787902978.529015,34680,009a,12,42 D3 1E 43 25 9C 83 42 00 00 90 42
1787902978.539372,34680,009b,12,C8 12 1A 43 95 1C 8D 42 00 00 92 42
1787902978.549960,34680,009c,12,9A 3D 16 43 6F F9 94 42 00 00 94 42
1787902978.560341,34680,009d,12,BF 69 13 43 71 E2 9A 42 00 00 96 42
1787902978.570635,34680,009e,12,7A A7 11 43 51 9B 9E 42 00 00 98 42
1787902978.580988,34680,009f,12,EA 00 11 43 0D FE 9F 42 00 00 9A 42
1787902978.591423,34680,00a0,12,C9 79 11 43 83 FC 9E 42 00 00 9C 42
1787902978.601990,34680,00a1,12,62 0F 13 43 F5 A0 9B 42 00 00 9E 42
1787902978.612761,34680,00a2,12,99 B8 15 43 AC 0D 96 42 00 00 A0 42
1787902978.623209,34680,00a3,12,24 66 19 43 88 7B 8E 42 00 00 A2 42
1787902978.633743,34680,00a4,12,D8 02 1E 43 D0 37 85 42 00 00 A4 42
1787902978.644234,34680,00a5,12,34 74 23 43 26 42 75 42 00 00 A6 42
1787902978.655219,34680,00a6,12,EE 9A 29 43 E0 46 5E 42 00 00 A8 42
1787902978.665914,34680,00a7,12,AC 53 30 43 23 68 46 42 00 00 AA 42
1787902978.676436,34680,00a8,12,C1 77 37 43 A9 99 2E 42 00 00 AC 42
1787902978.687167,34680,00a9,12,23 DE 3E 43 6A CE 17 42 00 00 AE 42
1787902978.697557,34680,00aa,12,46 5C 46 43 08 EF 02 42 00 00 B0 42
1787902978.707895,34680,00ab,12,17 C7 4D 43 3D A1 E1 41 00 00 B2 42
1787902978.718713,34680,00ac,12,F8 F3 54 43 D7 57 C4 41 00 00 B4 42
1787902978.729911,34680,00ad,12,9C B9 5B 43 F8 2C AF 41 00 00 B6 42
1787902978.740346,34680,00ae,12,1A F1 61 43 A5 F8 A2 41 00 00 B8 42
1787902978.751014,34680,00af,12,B4 76 67 43 70 37 A0 41 00 00 BA 42
1787902978.762056,34680,00b0,12,AA 2A 6C 43 65 05 A7 41 00 00 BC 42
1787902978.772506,34680,00b1,12,F7 F1 6F 43 27 1D B7 41 00 00 BE 42
1787902978.782887,34680,00b2,12,DB B6 72 43 71 DA CF 41 00 00 C0 42
1787902978.793326,34680,00b3,12,6D 69 74 43 C7 40 F0 41 00 00 C2 42
1787902978.803644,34680,00b4,12,EC FF 74 43 BF 82 0B 42 00 00 C4 42
1787902978.814103,34680,00b5,12,F5 76 74 43 58 4E 21 42 00 00 C6 42
1787902978.824580,34680,00b6,12,9B D1 72 43 F5 A4 38 42 00 00 C8 42
1787902978.835014,34680,00b7,12,56 19 70 43 49 98 50 42 00 00 CA 42
1787902978.845869,34680,00b8,12,CA 5D 6C 43 E6 33 68 42 00 00 CC 42
1787902978.856823,34680,00b9,12,6B B4 67 43 D8 86 7E 42 00 00 CE 42
1787902978.867209,34680,00ba,12,06 38 62 43 9A 56 89 42 00 00 D0 42
1787902978.877862,34680,00bb,12,20 08 5C 43 C2 EC 91 42 00 00 D2 42
1787902978.888337,34680,00bc,12,56 48 55 43 36 AE 98 42 00 00 D4 42
1787902978.899086,34680,00bd,12,6F 1F 4E 43 00 56 9D 42 00 00 D6 42
1787902978.909539,34680,00be,12,97 B6 46 43 A0 B4 9F 42 00 00 D8 42
1787902978.919924,34680,00bf,12,65 38 3F 43 E6 B1 9F 42 00 00 DA 42
1787902978.930434,34680,00c0,12,E7 CF 37 43 EE 4D 9D 42 00 00 DC 42
1787902978.940930,34680,00c1,12,C3 A7 30 43 1E A1 98 42 00 00 DE 42
1787902978.951229,34680,00c2,12,16 E9 29 43 2B DB 91 42 00 00 E0 42
1787902978.961698,34680,00c3,12,A7 BA 23 43 36 41 89 42 00 00 E2 42
1787902978.972054,34680,00c4,12,00 40 1E 43 2C 56 7E 42 00 00 E4 42
1787902978.982456,34680,00c5,12,9E 98 19 43 45 FF 67 42 00 00 E6 42
1787902978.994428,34680,00c6,12,4B DF 15 43 CF 61 50 42 00 00 E8 42
1787902979.007290,34680,00c7,12,6A 29 13 43 CC 6E 38 42 00 00 EA 42
1787902979.018134,34680,00c8,12,90 86 11 43 AA 1A 21 42 00 00 EC 42
1787902979.028591,34680,00c9,12,27 00 11 43 9A 53 0B 42 00 00 EE 42
1787902979.038975,34680,00ca,12,33 99 11 43 53 EF EF 41 00 00 A0 41
1787902979.049410,34680,00cb,12,44 4E 13 43 12 99 CF 41 00 00 A8 41
1787902979.059891,34680,00cc,12,88 15 16 43 78 EE B6 41 00 00 B0 41
1787902979.082019,34680,00cd,12,08 DF 19 43 43 EB A6 41 00 00 B8 41
1787902979.106328,34680,00ce,12,FC 94 1E 43 E4 32 A0 41 00 00 C0 41
1787902979.116946,34680,00cf,12,55 1C 24 43 E0 09 A3 41 00 00 C8 41
1787902979.127416,34680,00d0,12,41 55 2A 43 49 53 AF 41 00 00 D0 41
1787902979.137936,34680,00d1,12,FC 1B 31 43 B8 91 C4 41 00 00 D8 41
1787902979.148356,34680,00d2,12,94 49 38 43 5D EC E1 41 00 00 E0 41
1787902979.184546,34680,00d3,12,C2 B4 3F 43 B9 1B 03 42 00 00 E8 41
1787902979.195366,34680,00d4,12,E6 32 47 43 74 00 18 42 00 00 F0 41
1787902979.209316,34680,00d5,12,E0 98 4E 43 0D CF 2E 42 00 00 F8 41
1787902979.220019,34680,00d6,12,2D BC 55 43 C0 9E 46 42 00 00 00 42
1787902979.231465,34680,00d7,12,C5 73 5C 43 88 7C 5E 42 00 00 04 42
1787902979.242268,34680,00d8,12,0D 99 62 43 B6 74 75 42 00 00 08 42
1787902979.255624,34680,00d9,12,A2 08 68 43 8A 4E 85 42 00 00 0C 42
1787902979.266884,34680,00da,12,55 A3 6C 43 CC 8E 8E 42 00 00 10 42
1787902979.277673,34680,00db,12,A4 4E 70 43 B6 1C 96 42 00 00 14 42
1787902979.288348,34680,00dc,12,74 F5 72 43 2D AB 9B 42 00 00 18 42
1787902979.299290,34680,00dd,12,8E 88 74 43 7B 01 9F 42 00 00 1C 42
1787902979.313400,34680,00de,12,DF FE 74 43 98 FD 9F 42 00 00 20 42
1787902979.324322,34680,00df,12,C2 55 74 43 72 95 9E 42 00 00 24 42
1787902979.334990,34680,00e0,12,FF 90 72 43 63 D7 9A 42 00 00 28 42
1787902979.345706,34680,00e1,12,C8 BA 6F 43 9F E9 94 42 00 00 2C 42
1787902979.358720,34680,00e2,12,64 E3 6B 43 B2 08 8D 42 00 00 30 42
1787902979.370065,34680,00e3,12,F4 20 67 43 F2 84 83 42 00 00 34 42
1787902979.382781,34680,00e4,12,C5 8E 61 43 05 7F 71 42 00 00 38 42
1787902979.393887,34680,00e5,12,E7 4C 5B 43 A3 4C 5A 42 00 00 3C 42
1787902979.404498,34680,00e6,12,5E 7F 54 43 7D 5F 42 42 00 00 40 42
1787902979.415015,34680,00e7,12,31 4D 4D 43 E3 AB 2A 42 00 00 44 42
1787902979.425866,34680,00e8,12,D7 DF 45 43 7E 23 14 42 00 00 48 42
1787902979.436470,34680,00e9,12,EA 61 3E 43 CB 58 FF 41 00 00 4C 42
1787902979.447801,34680,00ea,12,89 FE 36 43 EE 2E DC 41 00 00 50 42
1787902979.459393,34680,00eb,12,3A E0 2F 43 45 30 C0 41 00 00 54 42
1787902979.469841,34680,00ec,12,D2 2F 29 43 9C 7A AC 41 00 00 58 42
1787902979.480297,34680,00ed,12,DC 13 23 43 E8 D6 A1 41 00 00 5C 42
1787902979.490677,34680,00ee,12,64 AF 1D 43 DF B1 A0 41 00 00 60 42
1787902979.501104,34680,00ef,12,75 21 19 43 2E 17 A9 41 00 00 64 42
1787902979.511448,34680,00f0,12,43 84 15 43 26 B1 BA 41 00 00 68 42
1787902979.522303,34680,00f1,12,8A EC 12 43 FD CB D4 41 00 00 6C 42
1787902979.533050,34680,00f2,12,3B 69 11 43 88 5D F6 41 00 00 70 42
1787902979.543678,34680,00f3,12,02 03 11 43 89 07 0F 42 00 00 74 42
1787902979.554197,34680,00f4,12,30 BC 11 43 BE 25 25 42 00 00 78 42
1787902979.564898,34680,00f5,12,97 90 13 43 A8 A7 3C 42 00 00 7C 42
1787902979.575453,34680,00f6,12,B8 75 16 43 3E 9D 54 42 00 00 80 42
1787902979.586259,34680,00f7,12,E6 5A 1A 43 34 12 6C 42 00 00 82 42
1787902979.596806,34680,00f8,12,C8 29 1F 43 83 0B 81 42 00 00 84 42
1787902979.607260,34680,00f9,12,B3 C6 24 43 7D E5 8A 42 00 00 86 42
1787902979.617548,34680,00fa,12,57 11 2B 43 7D 32 93 42 00 00 88 42
1787902979.627892,34680,00fb,12,9E E5 31 43 C5 9D 99 42 00 00 8A 42
1787902979.638803,34680,00fc,12,2D 1C 39 43 E1 E5 9D 42 00 00 8C 42
1787902979.649374,34680,00fd,12,A4 8B 40 43 15 DF 9F 42 00 00 8E 42
1787902979.659750,34680,00fe,12,38 09 48 43 3D 75 9F 42 00 00 90 42
1787902979.670313,34680,00ff,12,CB 69 4F 43 91 AC 9C 42 00 00 92 42
1787902979.681602,34680,0100,12,0D 83 56 43 82 A1 97 42 00 00 94 42
1787902979.692068,34680,0101,12,16 2C 5D 43 7D 87 90 42 00 00 96 42
1787902979.709086,34680,0102,12,B1 3E 63 43 01 A7 87 42 00 00 98 42
1787902979.719568,34680,0103,12,EA 97 68 43 4D B5 7A 42 00 00 9A 42
1787902979.730026,34680,0104,12,F9 18 6D 43 11 17 64 42 00 00 9C 42
1787902979.740599,34680,0105,12,08 A8 70 43 43 5A 4C 42 00 00 9E 42
1787902979.750987,34680,0106,12,95 30 73 43 EC 70 34 42 00 00 A0 42
1787902979.761851,34680,0107,12,18 A4 74 43 34 4F 1D 42 00 00 A2 42
1787902979.772448,34680,0108,12,34 FA 74 43 2E E1 07 42 00 00 A4 42
1787902979.783298,34680,0109,12,FD 30 74 43 24 03 EA 41 00 00 A6 42
1787902979.793946,34680,010a,12,F4 4C 72 43 1F E2 CA 41 00 00 A8 42
1787902979.804327,34680,010b,12,FE 58 6F 43 B4 9C B3 41 00 00 AA 42
1787902979.814911,34680,010c,12,0C 66 6B 43 91 20 A5 41 00 00 AC 42
1787902979.825653,34680,010d,12,D7 8A 66 43 8A 01 A0 41 00 00 AE 42
1787902979.836714,34680,010e,12,53 E3 60 43 E2 73 A4 41 00 00 B0 42
1787902979.847318,34680,010f,12,F1 8F 5A 43 23 4A B2 41 00 00 B2 42
1787902979.857895,34680,0110,12,23 B5 53 43 34 F7 C8 41 00 00 B4 42
1787902979.868757,34680,0111,12,3B 7A 4C 43 9E 93 E7 41 00 00 B6 42
1787902979.879602,34680,0112,12,D6 08 45 43 7A 73 06 42 00 00 B8 42
1787902979.890278,34680,0113,12,CB 8B 3D 43 24 BA 1B 42 00 00 BA 42
1787902979.900688,34680,0114,12,0E 2E 36 43 89 C4 32 42 00 00 BC 42
1787902979.911632,34680,0115,12,12 1A 2F 43 BC A7 4A 42 00 00 BE 42
1787902979.922247,34680,0116,12,71 78 28 43 D6 6F 62 42 00 00 C0 42
1787902979.932797,34680,0117,12,57 6F 22 43 1F 2A 79 42 00 00 C2 42
1787902979.943200,34680,0118,12,7F 21 1D 43 51 F7 86 42 00 00 C4 42
1787902979.953573,34680,0119,12,56 AD 18 43 AC F4 8F 42 00 00 C6 42
1787902979.963963,34680,011a,12,86 2C 15 43 76 31 97 42 00 00 C8 42
1787902979.974341,34680,011b,12,28 B3 12 43 C6 63 9C 42 00 00 CA 42
1787902979.984656,34680,011c,12,7B 4F 11 43 92 56 9F 42 00 00 CC 42
1787902979.994988,34680,011d,12,7C 09 11 43 C4 EB 9F 42 00 00 CE 42
1787902980.005461,34680,011e,12,BD E2 11 43 6C 1D 9E 42 00 00 D0 42
1787902980.015974,34680,011f,12,59 D6 13 43 F4 FD 99 42 00 00 D2 42
1787902980.026639,34680,0120,12,1F D9 16 43 72 B7 93 42 00 00 D4 42
1787902980.038683,34680,0121,12,BD D9 1A 43 F1 89 8B 42 00 00 D6 42
1787902980.049167,34680,0122,12,26 C1 1F 43 E7 C8 81 42 00 00 D8 42
1787902980.059673,34680,0123,12,3B 73 25 43 E1 AF 6D 42 00 00 DA 42
1787902980.070113,34680,0124,12,29 CF 2B 43 37 4D 56 42 00 00 DC 42
1787902980.080523,34680,0125,12,76 B0 32 43 96 58 3E 42 00 00 DE 42
1787902980.090937,34680,0126,12,8A EF 39 43 7D C6 26 42 00 00 E0 42
1787902980.101288,34680,0127,12,AE 62 41 43 7B 87 10 42 00 00 E2 42
1787902980.111744,34680,0128,12,26 DF 48 43 66 FD F8 41 00 00 E4 42
1787902980.122224,34680,0129,12,D1 39 50 43 D5 F0 D6 41 00 00 E6 42
1787902980.132614,34680,012a,12,7E 48 57 43 FB 44 BC 41 00 00 E8 42
1787902980.143011,34680,012b,12,8D E2 5D 43 0C 0A AA 41 00 00 EA 42
1787902980.153414,34680,012c,12,01 E2 63 43 18 FA A0 41 00 00 EC 42
1787902980.163700,34680,012d,12,72 24 69 43 94 71 A1 41 00 00 EE 42
1787902980.174126,34680,012e,12,90 8B 6D 43 BF 6B AB 41 00 00 A0 41
1787902980.184520,34680,012f,12,1D FE 70 43 CB 82 BE 41 00 00 A8 41
1787902980.194850,34680,0130,12,3C 68 73 43 E1 F3 D9 41 00 00 B0 41
1787902980.205199,34680,0131,12,0A BC 74 43 F1 A6 FC 41 00 00 B8 41
1787902980.215530,34680,0132,12,EC F1 74 43 D0 9C 12 42 00 00 C0 41
1787902980.226083,34680,0133,12,A9 08 74 43 1E 07 29 42 00 00 C8 41
1787902980.236543,34680,0134,12,7C 05 72 43 86 AD 40 42 00 00 D0 41
1787902980.246915,34680,0135,12,F8 F3 6E 43 AA 9E 58 42 00 00 D8 41
1787902980.258555,34680,0136,12,C8 E5 6A 43 2E E6 6F 42 00 00 E0 41
1787902980.268902,34680,0137,12,30 F2 65 43 31 CB 82 42 00 00 E8 41
1787902980.279361,34680,0138,12,B7 35 60 43 12 69 8C 42 00 00 F0 41
1787902980.293941,34680,0139,12,46 D1 59 43 85 6A 94 42 00 00 F8 41
1787902980.321057,34680,013a,12,A5 E9 52 43 D6 7D 9A 42 00 00 00 42
1787902980.332677,34680,013b,12,94 A6 4B 43 02 65 9E 42 00 00 04 42
1787902980.344234,34680,013c,12,BB 31 44 43 35 F8 9F 42 00 00 08 42
1787902980.355154,34680,013d,12,11 B6 3C 43 5F 27 9F 42 00 00 0C 42
1787902980.365802,34680,013e,12,82 5E 35 43 D0 FA 9B 42 00 00 10 42
1787902980.376690,34680,013f,12,51 55 2E 43 EC 92 96 42 00 00 14 42
1787902980.388335,34680,0140,12,FC C2 27 43 E1 26 8F 42 00 00 18 42
1787902980.399621,34680,0141,12,36 CD 21 43 7A 02 86 42 00 00 1C 42
1787902980.410137,34680,0142,12,57 96 1C 43 DB 05 77 42 00 00 20 42
1787902980.421516,34680,0143,12,47 3C 18 43 BB 26 60 42 00 00 24 42
1787902980.432153,34680,0144,12,16 D8 14 43 58 51 48 42 00 00 28 42
1787902980.442591,34680,0145,12,44 7D 12 43 B6 78 30 42 00 00 2C 42
1787902980.453019,34680,0146,12,55 39 11 43 FD 8F 19 42 00 00 30 42
1787902980.463389,34680,0147,12,94 13 11 43 6B 81 04 42 00 00 34 42
1787902980.473725,34680,0148,12,D8 0C 12 43 03 47 E4 41 00 00 38 42
1787902980.483974,34680,0149,12,89 1F 14 43 1A 64 C6 41 00 00 3C 42
1787902980.494357,34680,014a,12,B7 3F 17 43 BD 8A B0 41 00 00 40 42
1787902980.505071,34680,014b,12,74 5B 1B 43 D1 99 A3 41 00 00 44 42
1787902980.516049,34680,014c,12,1C 5B 20 43 A9 15 A0 41 00 00 48 42
1787902980.526470,34680,014d,12,E7 21 26 43 18 22 A6 41 00 00 4C 42
1787902980.536924,34680,014e,12,B4 8E 2C 43 43 81 B5 41 00 00 50 42
1787902980.547620,34680,014f,12,7D 7C 33 43 4E 96 CD 41 00 00 54 42
1787902980.558420,34680,0150,12,82 C3 3A 43 CB 6B ED 41 00 00 58 42
1787902980.607675,34680,0151,12,E2 39 42 43 1C DE 09 42 00 00 5C 42
1787902980.617834,34680,0152,12,A8 B4 49 43 A5 80 1F 42 00 00 60 42
1787902980.629005,34680,0153,12,ED 08 51 43 48 C0 36 42 00 00 64 42
1787902980.639409,34680,0154,12,76 0C 58 43 F3 AF 4E 42 00 00 68 42
1787902980.649890,34680,0155,12,07 97 5E 43 99 5B 66 42 00 00 6C 42
1787902980.660365,34680,0156,12,F8 82 64 43 32 D1 7C 42 00 00 70 42
1787902980.670947,34680,0157,12,36 AE 69 43 F9 95 88 42 00 00 74 42
1787902980.681895,34680,0158,12,1B FB 6D 43 DC 4D 91 42 00 00 78 42
1787902980.692289,34680,0159,12,DE 50 71 43 65 37 98 42 00 00 7C 42
1787902980.702842,34680,015a,12,5E 9C 73 43 10 0C 9D 42 00 00 80 42
1787902980.713209,34680,015b,12,64 D0 74 43 7A 9A 9F 42 00 00 82 42
1787902980.723672,34680,015c,12,06 E6 74 43 97 C8 9F 42 00 00 84 42
1787902980.734224,34680,015d,12,C6 DC 73 43 90 94 9D 42 00 00 86 42
1787902980.744624,34680,015e,12,9D BA 71 43 E5 14 99 42 00 00 88 42
1787902980.754911,34680,015f,12,C9 8B 6E 43 6C 77 92 42 00 00 8A 42
1787902980.765330,34680,0160,12,99 62 6A 43 C8 FF 89 42 00 00 8C 42
1787902980.775633,34680,0161,12,02 57 65 43 3D 04 80 42 00 00 8E 42
1787902980.786015,34680,0162,12,F4 85 5F 43 B8 D5 69 42 00 00 90 42
1787902980.796385,34680,0163,12,F5 10 59 43 A7 49 52 42 00 00 92 42
1787902980.806824,34680,0164,12,0D 1D 52 43 5D 54 3A 42 00 00 94 42
1787902980.817580,34680,0165,12,42 D2 4A 43 D2 EA 22 42 00 00 96 42
1787902980.829691,34680,0166,12,8B 5A 43 43 87 FB 0C 42 00 00 98 42
1787902980.840067,34680,0167,12,BF E0 3B 43 89 CD F2 41 00 00 9A 42
1787902980.850447,34680,0168,12,F1 8F 34 43 4D E8 D1 41 00 00 9C 42
1787902980.860861,34680,0169,12,19 92 2D 43 E0 96 B8 41 00 00 9E 42
1787902980.871202,34680,016a,12,76 0F 27 43 20 DC A7 41 00 00 A0 42
1787902980.881540,34680,016b,12,7E 2D 21 43 7A 62 A0 41 00 00 A2 42
1787902980.894510,34680,016c,12,F0 0D 1C 43 60 76 A2 41 00 00 A4 42
1787902980.904889,34680,016d,12,51 CE 17 43 7B 02 AE 41 00 00 A6 42
1787902980.915288,34680,016e,12,01 87 14 43 32 91 C2 41 00 00 A8 42
1787902980.925629,34680,016f,12,E0 4A 12 43 52 50 DF 41 00 00 AA 42
1787902980.936118,34680,0170,12,CA 26 11 43 82 8D 01 42 00 00 AC 42
1787902980.946700,34680,0171,12,49 21 11 43 A7 41 16 42 00 00 AE 42
1787902980.957049,34680,0172,12,7D 3A 12 43 75 F1 2C 42 00 00 B0 42
1787902980.967510,34680,0173,12,1A 6C 14 43 A2 B5 44 42 00 00 B2 42
1787902980.979330,34680,0174,12,80 A9 17 43 28 9B 5C 42 00 00 B4 42
1787902980.990022,34680,0175,12,0A E0 1B 43 9A AE 73 42 00 00 B6 42
1787902981.000669,34680,0176,12,8A F7 20 43 02 82 84 42 00 00 B8 42
1787902981.011136,34680,0177,12,AA D2 26 43 F4 E0 8D 42 00 00 BA 42
1787902981.021506,34680,0178,12,D4 4F 2D 43 91 94 95 42 00 00 BC 42
1787902981.032673,34680,0179,12,AF 49 34 43 1A 4E 9B 42 00 00 BE 42
1787902981.043063,34680,017a,12,13 98 3B 43 3C D3 9E 42 00 00 C0 42
1787902981.053501,34680,017b,12,17 11 43 43 FA FF 9F 42 00 00 C2 42
1787902981.063860,34680,017c,12,AD 89 4A 43 62 C8 9E 42 00 00 C4 42
1787902981.074647,34680,017d,12,F9 D6 51 43 D5 38 9B 42 00 00 C6 42
1787902981.085353,34680,017e,12,F4 CE 58 43 BB 75 95 42 00 00 C8 42
1787902981.095832,34680,017f,12,82 49 5F 43 C6 B9 8D 42 00 00 CA 42
1787902981.106990,34680,0180,12,79 21 65 43 0D 54 84 42 00 00 CC 42
1787902981.117657,34680,0181,12,2E 35 6A 43 CC 48 73 42 00 00 CE 42
1787902981.128281,34680,0182,12,82 67 6E 43 84 2F 5C 42 00 00 D0 42
1787902981.139189,34680,0183,12,49 A0 71 43 72 48 44 42 00 00 D2 42
1787902981.150151,34680,0184,12,FD CC 73 43 16 87 2C 42 00 00 D4 42
1787902981.160627,34680,0185,12,22 E1 74 43 54 DE 15 42 00 00 D6 42
1787902981.171177,34680,0186,12,83 D6 74 43 32 35 01 42 00 00 D8 42
1787902981.181947,34680,0187,12,5C AD 73 43 C1 BC DE 41 00 00 DA 42
1787902981.192509,34680,0188,12,58 6C 71 43 94 20 C2 41 00 00 DC 42
1787902981.212284,34680,0189,12,74 20 6E 43 4C B9 AD 41 00 00 DE 42
1787902981.223190,34680,018a,12,98 DC 69 43 8B 57 A2 41 00 00 E0 42
1787902981.233652,34680,018b,12,57 B9 64 43 3B 6F A0 41 00 00 E2 42
1787902981.244485,34680,018c,12,2A D4 5E 43 F3 13 A8 41 00 00 E4 42
1787902981.254986,34680,018d,12,FF 4E 58 43 8C F7 B8 41 00 00 E6 42
1787902981.265430,34680,018e,12,5D 4F 51 43 F8 6D D2 41 00 00 E8 42
1787902981.275971,34680,018f,12,6A FD 49 43 DD 72 F3 41 00 00 EA 42
1787902981.286622,34680,0190,12,53 83 42 43 BB 5A 0D 42 00 00 EC 42
1787902981.296952,34680,0191,12,FD 0B 3B 43 C4 52 23 42 00 00 EE 42
1787902981.307459,34680,0192,12,61 C2 33 43 E7 C0 3A 42 00 00 A0 41
1787902981.318047,34680,0193,12,6F D0 2C 43 77 B6 52 42 00 00 A8 41
1787902981.328657,34680,0194,12,FF 5D 26 43 76 3E 6A 42 00 00 B0 41
1787902981.340276,34680,0195,12,37 90 20 43 7D 34 80 42 00 00 B8 41
1787902981.351566,34680,0196,12,62 88 1B 43 FD 29 8A 42 00 00 C0 41
1787902981.362164,34680,0197,12,75 63 17 43 E6 99 92 42 00 00 C8 41
1787902981.372489,34680,0198,12,49 39 14 43 44 2E 99 42 00 00 D0 41
1787902981.383009,34680,0199,12,06 1C 12 43 D2 A3 9D 42 00 00 D8 41
1787902981.393572,34680,019a,12,DA 17 11 43 21 CD 9F 42 00 00 E0 41
1787902981.403935,34680,019b,12,99 32 11 43 1C 94 9F 42 00 00 E8 41
1787902981.414448,34680,019c,12,AD 6B 12 43 0D FB 9C 42 00 00 F0 41
1787902981.425231,34680,019d,12,09 BC 14 43 68 1C 98 42 00 00 F8 41
1787902981.436906,34680,019e,12,66 16 18 43 FB 29 91 42 00 00 00 42
1787902981.449291,34680,019f,12,74 67 1C 43 A0 6A 88 42 00 00 04 42
1787902981.459835,34680,01a0,12,6E 96 21 43 07 6F 7C 42 00 00 08 42
1787902981.472862,34680,01a1,12,82 85 27 43 DF F1 65 42 00 00 0C 42
1787902981.484224,34680,01a2,12,85 12 2E 43 E1 42 4E 42 00 00 10 42
1787902981.495917,34680,01a3,12,E5 17 35 43 36 54 36 42 00 00 14 42
1787902981.506818,34680,01a4,12,2D 6D 3C 43 E4 19 1F 42 00 00 18 42
1787902981.518105,34680,01a5,12,4C E8 43 43 C4 80 09 42 00 00 1C 42
1787902981.530552,34680,01a6,12,33 5E 4B 43 5B CB EC 41 00 00 20 42
1787902981.543310,34680,01a7,12,F3 A3 52 43 87 16 CD 41 00 00 24 42
1787902981.554699,34680,01a8,12,D2 8F 59 43 3B 27 B5 41 00 00 28 42
1787902981.565527,34680,01a9,12,F1 F9 5F 43 66 F1 A5 41 00 00 2C 42
1787902981.576117,34680,01aa,12,82 BD 65 43 40 10 A0 41 00 00 30 42
1787902981.586491,34680,01ab,12,58 B9 6A 43 E6 BF A3 41 00 00 34 42
1787902981.596974,34680,01ac,12,C5 D0 6E 43 CD DA B0 41 00 00 38 42
1787902981.607624,34680,01ad,12,50 EC 71 43 F4 DA C6 41 00 00 3C 42
1787902981.618215,34680,01ae,12,15 FA 73 43 E7 DF E4 41 00 00 40 42
1787902981.628822,34680,01af,12,44 EE 74 43 D8 DB 04 42 00 00 44 42
1787902981.639642,34680,01b0,12,65 C3 74 43 C9 F4 19 42 00 00 48 42
1787902981.650247,34680,01b1,12,6C 7A 73 43 DC E3 30 42 00 00 4C 42
1787902981.660761,34680,01b2,12,BB 1A 71 43 92 BE 48 42 00 00 50 42
1787902981.671077,34680,01b3,12,F8 B1 6D 43 B0 91 60 42 00 00 54 42
1787902981.681449,34680,01b4,12,BE 53 69 43 46 6A 77 42 00 00 58 42
1787902981.691795,34680,01b5,12,3C 19 64 43 5E 2F 86 42 00 00 5C 42
1787902981.702113,34680,01b6,12,5D 20 5E 43 CC 4C 8F 42 00 00 60 42
1787902981.713074,34680,01b7,12,8A 8B 57 43 3A B0 96 42 00 00 64 42
1787902981.723576,34680,01b8,12,98 80 50 43 5B 0E 9C 42 00 00 68 42
1787902981.733972,34680,01b9,12,05 28 49 43 6A 30 9F 42 00 00 6C 42
1787902981.744934,34680,01ba,12,25 AC 41 43 60 F6 9F 42 00 00 70 42
1787902981.755418,34680,01bb,12,CF 37 3A 43 5A 58 9E 42 00 00 74 42
1787902981.767446,34680,01bc,12,F6 F5 32 43 E3 66 9A 42 00 00 78 42
1787902981.778499,34680,01bd,12,55 10 2C 43 38 4A 94 42 00 00 7C 42
1787902981.789046,34680,01be,12,91 AE 25 43 A2 40 8C 42 00 00 80 42
1787902981.799335,34680,01bf,12,6E F5 1F 43 52 9C 82 42 00 00 82 42
1787902981.809674,34680,01c0,12,AE 05 1B 43 FD 7E 6F 42 00 00 84 42
1787902981.820168,34680,01c1,12,C7 FB 16 43 75 32 58 42 00 00 86 42
1787902981.830488,34680,01c2,12,F0 EE 13 43 A1 40 40 42 00 00 88 42
1787902981.840955,34680,01c3,12,B3 F0 11 43 A4 9D 28 42 00 00 8A 42
1787902981.852585,34680,01c4,12,86 0C 11 43 2E 3B 12 42 00 00 8C 42
1787902981.863089,34680,01c5,12,84 47 11 43 8E FA FB 41 00 00 8E 42
1787902981.873986,34680,01c6,12,5F A0 12 43 D2 65 D9 41 00 00 90 42
1787902981.884390,34680,01c7,12,57 0F 15 43 A5 18 BE 41 00 00 92 42
1787902981.895025,34680,01c8,12,6E 86 18 43 87 29 AB 41 00 00 94 42
1787902981.905568,34680,01c9,12,AA F1 1C 43 10 5A A1 41 00 00 96 42
1787902981.916022,34680,01ca,12,BE 37 22 43 31 0E A1 41 00 00 98 42
1787902981.926501,34680,01cb,12,4C 3A 28 43 F1 48 AA 41 00 00 9A 42
1787902981.936984,34680,01cc,12,C6 D6 2E 43 12 AC BC 41 00 00 9C 42
1787902981.947592,34680,01cd,12,2A E7 35 43 3B 7C D7 41 00 00 9E 42
1787902981.958707,34680,01ce,12,C1 42 3D 43 41 A7 F9 41 00 00 A0 42
1787902981.969054,34680,01cf,12,70 BF 44 43 89 E8 10 42 00 00 A2 42
1787902981.979713,34680,01d0,12,12 32 4C 43 81 2F 27 42 00 00 A4 42
1787902981.990046,34680,01d1,12,D6 6F 53 43 5D C5 3E 42 00 00 A6 42
1787902982.000542,34680,01d2,12,1A 4F 5A 43 A4 B9 56 42 00 00 A8 42
1787902982.011029,34680,01d3,12,47 A8 60 43 69 17 6E 42 00 00 AA 42
1787902982.021352,34680,01d4,12,07 57 66 43 51 F8 81 42 00 00 AC 42
1787902982.031895,34680,01d5,12,9A 3A 6B 43 F5 B2 8B 42 00 00 AE 42
1787902982.042347,34680,01d6,12,E2 36 6F 43 72 D8 93 42 00 00 B0 42
1787902982.052698,34680,01d7,12,F6 34 72 43 B0 15 9A 42 00 00 B2 42
1787902982.069446,34680,01d8,12,9D 23 74 43 E5 2A 9E 42 00 00 B4 42
1787902982.079828,34680,01d9,12,C8 F7 74 43 79 EE 9F 42 00 00 B6 42
1787902982.090314,34680,01da,12,AC AC 74 43 63 4E 9F 42 00 00 B8 42
1787902982.100821,34680,01db,12,F6 43 73 43 0B 51 9C 42 00 00 BA 42
1787902982.111204,34680,01dc,12,C3 C5 70 43 E5 14 97 42 00 00 BC 42
1787902982.122016,34680,01dd,12,73 40 6D 43 78 CF 8F 42 00 00 BE 42
1787902982.132639,34680,01de,12,2F C8 68 43 D5 CA 86 42 00 00 C0 42
1787902982.145225,34680,01df,12,B1 76 63 43 66 C6 78 42 00 00 C2 42
1787902982.155743,34680,01e0,12,8F 6A 5D 43 5C 05 62 42 00 00 C4 42
1787902982.166528,34680,01e1,12,8D C6 56 43 87 3A 4A 42 00 00 C6 42
1787902982.177092,34680,01e2,12,F0 B0 4F 43 2D 59 32 42 00 00 C8 42
1787902982.187565,34680,01e3,12,46 52 48 43 94 54 1B 42 00 00 CA 42
1787902982.198470,34680,01e4,12,03 D5 40 43 17 18 06 42 00 00 CC 42
1787902982.211129,34680,01e5,12,37 64 39 43 6C F8 E6 41 00 00 CE 42
1787902982.221661,34680,01e6,12,A9 2A 32 43 74 7D C8 41 00 00 D0 42
1787902982.232322,34680,01e7,12,F9 51 2B 43 F0 F6 B1 41 00 00 D2 42
1787902982.242926,34680,01e8,12,56 01 25 43 56 4A A4 41 00 00 D4 42
1787902982.253386,34680,01e9,12,26 5D 1F 43 79 03 A0 41 00 00 D6 42
1787902982.265153,34680,01ea,12,D9 85 1A 43 D0 4D A5 41 00 00 D8 42
1787902982.275916,34680,01eb,12,43 97 16 43 8E F3 B3 41 00 00 DA 42
1787902982.286405,34680,01ec,12,07 A8 13 43 EE 5E CB 41 00 00 DC 42
1787902982.296804,34680,01ed,12,F2 C8 11 43 5D A1 EA 41 00 00 DE 42
1787902982.308202,34680,01ee,12,D0 04 11 43 9D 3D 08 42 00 00 E0 42
1787902982.319187,34680,01ef,12,0A 60 11 43 3E B5 1D 42 00 00 E2 42
1787902982.331716,34680,01f0,12,94 D8 12 43 B9 DC 34 42 00 00 E4 42
1787902982.344804,34680,01f1,12,EE 65 15 43 4C C7 4C 42 00 00 E6 42
1787902982.355318,34680,01f2,12,7C F9 18 43 55 81 64 42 00 00 E8 42
1787902982.367016,34680,01f3,12,A8 7E 1D 43 38 18 7B 42 00 00 EA 42
1787902982.377606,34680,01f4,12,76 DB 22 43 D4 D2 87 42 00 00 EC 42
1787902982.388046,34680,01f5,12,10 F1 28 43 06 AC 90 42 00 00 EE 42
1787902982.398764,34680,01f6,12,65 9C 2F 43 38 BD 97 42 00 00 A0 41
1787902982.409702,34680,01f7,12,48 B7 36 43 6C BE 9C 42 00 00 A8 41
1787902982.420689,34680,01f8,12,CC 18 3E 43 77 7C 9F 42 00 00 B0 41
1787902982.431310,34680,01f9,12,80 96 45 43 6A DB 9F 42 00 00 B8 41
1787902982.442439,34680,01fa,12,53 05 4D 43 74 D7 9D 42 00 00 C0 41
1787902982.452880,34680,01fb,12,72 3A 54 43 32 85 99 42 00 00 C8 41
1787902982.463514,34680,01fc,12,9C 0C 5B 43 A8 10 93 42 00 00 D0 41
1787902982.473869,34680,01fd,12,81 54 61 43 D8 BB 8A 42 00 00 D8 41
1787902982.484526,34680,01fe,12,06 EE 66 43 BA DB 80 42 00 00 E0 41
1787902982.494904,34680,01ff,12,F9 B8 6B 43 F7 A9 6B 42 00 00 E8 41
1787902982.510268,34680,0200,12,C0 99 6F 43 B6 30 54 42 00 00 F0 41
1787902982.521210,34680,0201,12,29 7A 72 43 D1 3A 3C 42 00 00 F8 41
1787902982.533505,34680,0202,12,9C 49 74 43 47 BD 24 42 00 00 00 42
1787902982.543976,34680,0203,12,B0 FD 74 43 98 A7 0E 42 00 00 04 42
1787902982.554624,34680,0204,12,5A 92 74 43 F2 B5 F5 41 00 00 08 42
1787902982.565866,34680,0205,12,0A 0A 73 43 BC 43 D4 41 00 00 0C 42
1787902982.576550,34680,0206,12,85 6D 70 43 43 4D BA 41 00 00 10 42
1787902982.588306,34680,0207,12,D2 CB 6C 43 00 DC A8 41 00 00 14 42
1787902982.599103,34680,0208,12,D3 39 68 43 AA A1 A0 41 00 00 18 42
1787902982.609775,34680,0209,12,CD D1 62 43 4A F2 A1 41 00 00 1C 42
1787902982.622944,34680,020a,12,ED B2 5C 43 6E C0 AC 41 00 00 20 42
1787902982.633986,34680,020b,12,38 00 56 43 03 9E C0 41 00 00 24 42
1787902982.644959,34680,020c,12,46 E0 4E 43 E8 BF DC 41 00 00 28 42
1787902982.655715,34680,020d,12,0C 7C 47 43 94 03 00 42 00 00 2C 42
1787902982.666978,34680,020e,12,09 FE 3F 43 14 86 14 42 00 00 30 42
1787902982.679211,34680,020f,12,6A 91 38 43 BD 15 2B 42 00 00 34 42
1787902982.691121,34680,0210,12,AC 60 31 43 BA CC 42 42 00 00 38 42
1787902982.702605,34680,0211,12,3F 95 2A 43 8F B8 5A 42 00 00 3C 42
1787902982.712967,34680,0212,12,33 56 24 43 55 E5 71 42 00 00 40 42
1787902982.723767,34680,0213,12,73 C7 1E 43 5E B3 83 42 00 00 44 42
1787902982.734828,34680,0214,12,00 09 1A 43 6F 30 8D 42 00 00 48 42
1787902982.745735,34680,0215,12,01 36 16 43 35 09 95 42 00 00 4C 42
1787902982.756441,34680,0216,12,83 64 13 43 74 ED 9A 42 00 00 50 42
1787902982.767651,34680,0217,12,BC A4 11 43 22 A1 9E 42 00 00 54 42
1787902982.778722,34680,0218,12,B8 00 11 43 76 FE 9F 42 00 00 58 42
1787902982.789353,34680,0219,12,25 7C 11 43 7E F7 9E 42 00 00 5C 42
1787902982.799955,34680,021a,12,3E 14 13 43 B1 96 9B 42 00 00 60 42
1787902982.817937,34680,021b,12,DC BF 15 43 98 FE 95 42 00 00 64 42
1787902982.828800,34680,021c,12,A2 6F 19 43 45 68 8E 42 00 00 68 42
1787902982.843021,34680,021d,12,5E 0E 1E 43 0F 21 85 42 00 00 6C 42
1787902982.855176,34680,021e,12,6F 81 23 43 A8 0F 75 42 00 00 70 42
1787902982.865688,34680,021f,12,A3 A9 29 43 16 11 5E 42 00 00 74 42
1787902982.876831,34680,0220,12,83 63 30 43 87 31 46 42 00 00 78 42
1787902982.890067,34680,0221,12,63 88 37 43 69 64 2E 42 00 00 7C 42
1787902982.900580,34680,0222,12,32 EF 3E 43 6B 9C 17 42 00 00 80 42
1787902982.911396,34680,0223,12,47 6D 46 43 7E C2 02 42 00 00 82 42
1787902982.921879,34680,0224,12,C1 D7 4D 43 18 56 E1 41 00 00 84 42
1787902982.932700,34680,0225,12,E5 03 55 43 22 1E C4 41 00 00 86 42
1787902982.943229,34680,0226,12,76 C8 5B 43 EA 06 AF 41 00 00 88 42
1787902982.953651,34680,0227,12,8A FE 61 43 9B E7 A2 41 00 00 8A 42
1787902982.963976,34680,0228,12,5A 82 67 43 29 3C A0 41 00 00 8C 42
1787902982.974682,34680,0229,12,58 34 6C 43 C7 1F A7 41 00 00 8E 42
1787902982.985089,34680,022a,12,6F F9 6F 43 02 4C B7 41 00 00 90 42
1787902982.995533,34680,022b,12,F4 BB 72 43 D4 1B D0 41 00 00 92 42
1787902983.006013,34680,022c,12,08 6C 74 43 5D 92 F0 41 00 00 94 42
1787902983.016481,34680,022d,12,F8 FF 74 43 D6 B1 0B 42 00 00 96 42
1787902983.026956,34680,022e,12,74 74 74 43 2C 82 21 42 00 00 98 42
1787902983.037922,34680,022f,12,9C CC 72 43 21 DB 38 42 00 00 9A 42
1787902983.048348,34680,0230,12,F3 11 70 43 A4 CE 50 42 00 00 9C 42
1787902983.059306,34680,0231,12,2A 54 6C 43 7F 68 68 42 00 00 9E 42
1787902983.070025,34680,0232,12,D6 A8 67 43 5F B7 7E 42 00 00 A0 42
1787902983.080655,34680,0233,12,AF 2A 62 43 02 6C 89 42 00 00 A2 42
1787902983.091278,34680,0234,12,58 F9 5B 43 51 FE 91 42 00 00 A4 42
1787902983.101687,34680,0235,12,6C 38 55 43 3B BB 98 42 00 00 A6 42
1787902983.112138,34680,0236,12,BF 0E 4E 43 06 5E 9D 42 00 00 A8 42
1787902983.123226,34680,0237,12,97 A5 46 43 4C B7 9F 42 00 00 AA 42
1787902983.133902,34680,0238,12,60 27 3F 43 1E AF 9F 42 00 00 AC 42
1787902983.144592,34680,0239,12,46 BF 37 43 D1 45 9D 42 00 00 AE 42
1787902983.155447,34680,023a,12,DE 97 30 43 03 94 98 42 00 00 B0 42
1787902983.166074,34680,023b,12,49 DA 29 43 8A C9 91 42 00 00 B2 42
1787902983.176674,34680,023c,12,5C AD 23 43 D6 2B 89 42 00 00 B4 42
1787902983.187097,34680,023d,12,70 34 1E 43 5A 25 7E 42 00 00 B6 42
1787902983.197836,34680,023e,12,10 8F 19 43 9F CA 67 42 00 00 B8 42
1787902983.208645,34680,023f,12,F2 D7 15 43 70 2B 50 42 00 00 BA 42
1787902983.219706,34680,0240,12,72 24 13 43 A6 38 38 42 00 00 BC 42
1787902983.230496,34680,0241,12,1C 84 11 43 20 E7 20 42 00 00 BE 42
1787902983.241208,34680,0242,12,3F 00 11 43 68 24 0B 42 00 00 C0 42
1787902983.251894,34680,0243,12,D8 9B 11 43 00 9E EF 41 00 00 C2 42
1787902983.262328,34680,0244,12,68 53 13 43 FE 57 CF 41 00 00 C4 42
1787902983.272745,34680,0245,12,10 1D 16 43 F6 BF B6 41 00 00 C6 42
1787902983.283653,34680,0246,12,BC E8 19 43 60 D1 A6 41 00 00 C8 42
1787902983.294136,34680,0247,12,B0 A0 1E 43 8A 2E A0 41 00 00 CA 42
1787902983.304814,34680,0248,12,C3 29 24 43 4C 1B A3 41 00 00 CC 42
1787902983.315506,34680,0249,12,20 64 2A 43 B2 79 AF 41 00 00 CE 42
1787902983.327328,34680,024a,12,F9 2B 31 43 C1 CB C4 41 00 00 D0 42
1787902983.338217,34680,024b,12,3A 5A 38 43 78 37 E2 41 00 00 D2 42
1787902983.350466,34680,024c,12,CA C5 3F 43 90 48 03 42 00 00 D4 42
1787902983.360996,34680,024d,12,E7 43 47 43 87 32 18 42 00 00 D6 42
1787902983.371648,34680,024e,12,7F A9 4E 43 58 04 2F 42 00 00 D8 42
1787902983.382118,34680,024f,12,0B CC 55 43 5D D5 46 42 00 00 DA 42
1787902983.392643,34680,0250,12,6F 82 5C 43 0E B2 5E 42 00 00 DC 42
1787902983.403524,34680,0251,12,40 A6 62 43 58 A7 75 42 00 00 DE 42
1787902983.413907,34680,0252,12,1B 14 68 43 3E 65 85 42 00 00 E0 42
1787902983.424261,34680,0253,12,C9 AC 6C 43 FD A1 8E 42 00 00 E2 42
1787902983.434803,34680,0254,12,DC 55 70 43 B5 2B 96 42 00 00 E4 42
1787902983.445344,34680,0255,12,43 FA 72 43 52 B5 9B 42 00 00 E6 42
1787902983.455874,34680,0256,12,DE 8A 74 43 6B 06 9F 42 00 00 E8 42
1787902983.466504,34680,0257,12,A2 FE 74 43 16 FD 9F 42 00 00 EA 42
1787902983.477118,34680,0258,12,F7 52 74 43 89 8F 9E 42 00 00 EC 42
1787902983.487475,34680,0259,12,B8 8B 72 43 4A CC 9A 42 00 00 EE 42
1787902983.498402,34680,025a,12,28 B3 6F 43 D2 D9 94 42 00 00 A0 41
1787902983.509258,34680,025b,12,93 D9 6B 43 B7 F4 8C 42 00 00 A8 41
1787902983.519935,34680,025c,12,21 15 67 43 B2 6D 83 42 00 00 B0 41
1787902983.530684,34680,025d,12,3C 81 61 43 DE 4B 71 42 00 00 B8 41
1787902983.542559,34680,025e,12,F6 3D 5B 43 A7 16 5A 42 00 00 C0 41
1787902983.553153,34680,025f,12,66 6F 54 43 0E 29 42 42 00 00 C8 41
1787902983.563793,34680,0260,12,83 3C 4D 43 D3 76 2A 42 00 00 D0 41
1787902983.574262,34680,0261,12,C7 CE 45 43 44 F2 13 42 00 00 D8 41
1787902983.584706,34680,0262,12,E5 50 3E 43 E1 01 FF 41 00 00 E0 41
1787902983.595275,34680,0263,12,F2 ED 36 43 A8 E6 DB 41 00 00 E8 41
1787902983.605675,34680,0264,12,7B D0 2F 43 D4 F9 BF 41 00 00 F0 41
1787902983.616137,34680,0265,12,3A 21 29 43 DE 57 AC 41 00 00 F8 41
1787902983.627962,34680,0266,12,B6 06 23 43 82 C9 A1 41 00 00 00 42
1787902983.638449,34680,0267,12,06 A4 1D 43 41 BA A0 41 00 00 04 42
1787902983.650356,34680,0268,12,20 18 19 43 0D 35 A9 41 00 00 08 42
1787902983.661251,34680,0269,12,32 7D 15 43 31 E3 BA 41 00 00 0C 42
1787902983.671953,34680,026a,12,DF E7 12 43 91 10 D5 41 00 00 10 42
1787902983.683736,34680,026b,12,0E 67 11 43 83 B1 F6 41 00 00 14 42
1787902983.694373,34680,026c,12,64 03 11 43 86 37 0F 42 00 00 18 42
1787902983.704985,34680,026d,12,1E BF 11 43 04 5A 25 42 00 00 1C 42
1787902983.715542,34680,026e,12,FD 95 13 43 EA DD 3C 42 00 00 20 42
1787902983.726051,34680,026f,12,79 7D 16 43 AA D3 54 42 00 00 24 42
1787902983.738593,34680,0270,12,DD 64 1A 43 47 46 6C 42 00 00 28 42
1787902983.751110,34680,0271,12,B5 35 1F 43 58 23 81 42 00 00 2C 42
1787902983.764769,34680,0272,12,52 D4 24 43 44 FA 8A 42 00 00 30 42
1787902983.775870,34680,0273,12,4F 20 2B 43 4C 43 93 42 00 00 34 42
1787902983.786987,34680,0274,12,A3 F5 31 43 08 AA 99 42 00 00 38 42
1787902983.800967,34680,0275,12,EE 2C 39 43 05 ED 9D 42 00 00 3C 42
1787902983.813016,34680,0276,12,B6 9C 40 43 D7 E0 9F 42 00 00 40 42
1787902983.823727,34680,0277,12,39 1A 48 43 8D 71 9F 42 00 00 44 42
1787902983.834567,34680,0278,12,4D 7A 4F 43 99 A3 9C 42 00 00 48 42
1787902983.846355,34680,0279,12,BD 92 56 43 8C 93 97 42 00 00 4C 42
1787902983.857580,34680,027a,12,A5 3A 5D 43 2B 75 90 42 00 00 50 42
1787902983.868092,34680,027b,12,C0 4B 63 43 12 91 87 42 00 00 54 42
1787902983.881138,34680,027c,12,2D A3 68 43 C8 83 7A 42 00 00 58 42
1787902983.891681,34680,027d,12,28 22 6D 43 12 E2 63 42 00 00 5C 42
1787902983.902291,34680,027e,12,F8 AE 70 43 91 23 4C 42 00 00 60 42
1787902983.912656,34680,027f,12,20 35 73 43 0C 3B 34 42 00 00 64 42
1787902983.923380,34680,0280,12,20 A6 74 43 49 1C 1D 42 00 00 68 42
1787902983.934025,34680,0281,12,AE F9 74 43 0A B3 07 42 00 00 6C 42
1787902983.946048,34680,0282,12,EC 2D 74 43 7B B4 E9 41 00 00 70 42
1787902983.957662,34680,0283,12,6A 47 72 43 06 A4 CA 41 00 00 74 42
1787902983.968047,34680,0284,12,16 51 6F 43 5D 71 B3 41 00 00 78 42
1787902983.978537,34680,0285,12,F8 5B 6B 43 28 0A A5 41 00 00 7C 42
1787902983.989010,34680,0286,12,CF 7E 66 43 DC 00 A0 41 00 00 80 42
1787902983.999365,34680,0287,12,94 D5 60 43 E1 88 A4 41 00 00 82 42
1787902984.009871,34680,0288,12,E7 80 5A 43 F5 73 B2 41 00 00 84 42
1787902984.020235,34680,0289,12,06 A5 53 43 96 34 C9 41 00 00 86 42
1787902984.030907,34680,028a,12,72 69 4C 43 AB E1 E7 41 00 00 88 42
1787902984.041584,34680,028b,12,C2 F7 44 43 40 A1 06 42 00 00 8A 42
1787902984.052235,34680,028c,12,C1 7A 3D 43 D0 EC 1B 42 00 00 8C 42
1787902984.063236,34680,028d,12,96 1D 36 43 2E FA 32 42 00 00 8E 42
1787902984.073844,34680,028e,12,66 0A 2F 43 92 DE 4A 42 00 00 90 42
1787902984.084354,34680,028f,12,F6 69 28 43 36 A5 62 42 00 00 92 42
1787902984.095278,34680,0290,12,60 62 22 43 EC 5B 79 42 00 00 94 42
1787902984.106541,34680,0291,12,50 16 1D 43 72 0D 87 42 00 00 96 42
1787902984.117316,34680,0292,12,45 A4 18 43 34 07 90 42 00 00 98 42
1787902984.130276,34680,0293,12,B3 25 15 43 BE 3F 97 42 00 00 9A 42
1787902984.141175,34680,0294,12,C0 AE 12 43 1A 6D 9C 42 00 00 9C 42
1787902984.152059,34680,0295,12,97 4D 11 43 98 5A 9F 42 00 00 9E 42
1787902984.162935,34680,0296,12,28 0A 11 43 58 EA 9F 42 00 00 A0 42
1787902984.173408,34680,0297,12,F1 E5 11 43 9F 16 9E 42 00 00 A2 42
1787902984.183784,34680,0298,12,08 DC 13 43 F8 F1 99 42 00 00 A4 42
1787902984.194290,34680,0299,12,27 E1 16 43 D6 A6 93 42 00 00 A6 42
1787902984.205856,34680,029a,12,EE E3 1A 43 62 75 8B 42 00 00 A8 42
1787902984.216593,34680,029b,12,51 CD 1F 43 3D B1 81 42 00 00 AA 42
1787902984.227231,34680,029c,12,FD 80 25 43 20 7C 6D 42 00 00 AC 42
1787902984.237752,34680,029d,12,4F DE 2B 43 C0 16 56 42 00 00 AE 42
1787902984.248119,34680,029e,12,9F C0 32 43 09 22 3E 42 00 00 B0 42
1787902984.259037,34680,029f,12,59 00 3A 43 06 92 26 42 00 00 B2 42
1787902984.269827,34680,02a0,12,CF 73 41 43 2E 57 10 42 00 00 B4 42
1787902984.284670,34680,02a1,12,13 F0 48 43 BD A8 F8 41 00 00 B6 42
1787902984.295293,34680,02a2,12,4C 4A 50 43 0F AB D6 41 00 00 B8 42
1787902984.306129,34680,02a3,12,1C 58 57 43 86 11 BC 41 00 00 BA 42
1787902984.318484,34680,02a4,12,F4 F0 5D 43 E1 EA A9 41 00 00 BC 42
1787902984.328944,34680,02a5,12,E8 EE 63 43 5D F0 A0 41 00 00 BE 42
1787902984.345758,34680,02a6,12,74 2F 69 43 9C 7D A1 41 00 00 C0 42
1787902984.356190,34680,02a7,12,89 94 6D 43 47 8D AB 41 00 00 C2 42
1787902984.366512,34680,02a8,12,CE 04 71 43 4A B8 BE 41 00 00 C4 42
1787902984.376962,34680,02a9,12,80 6C 73 43 22 3B DA 41 00 00 C6 42
1787902984.387370,34680,02aa,12,CB BD 74 43 09 FD FC 41 00 00 C8 42
1787902984.398082,34680,02ab,12,1C F1 74 43 A4 CD 12 42 00 00 CA 42
1787902984.408653,34680,02ac,12,4E 05 74 43 1F 3C 29 42 00 00 CC 42
1787902984.419083,34680,02ad,12,AA FF 71 43 29 E4 40 42 00 00 CE 42
1787902984.429554,34680,02ae,12,D0 EB 6E 43 BF D4 58 42 00 00 D0 42
1787902984.439937,34680,02af,12,71 DB 6A 43 90 19 70 42 00 00 D2 42
1787902984.450515,34680,02b0,12,FD E5 65 43 91 E2 82 42 00 00 D4 42
1787902984.461730,34680,02b1,12,D6 27 60 43 53 7D 8C 42 00 00 D6 42
1787902984.473113,34680,02b2,12,10 C2 59 43 AA 7A 94 42 00 00 D8 42
1787902984.484656,34680,02b3,12,71 D9 52 43 3E 89 9A 42 00 00 DA 42
1787902984.495236,34680,02b4,12,B2 95 4B 43 3F 6B 9E 42 00 00 DC 42
1787902984.506178,34680,02b5,12,B1 20 44 43 0D F9 9F 42 00 00 DE 42
1787902984.516773,34680,02b6,12,1C A5 3C 43 C2 22 9F 42 00 00 E0 42
1787902984.527244,34680,02b7,12,11 4E 35 43 F1 F0 9B 42 00 00 E2 42
1787902984.537867,34680,02b8,12,C2 45 2E 43 36 84 96 42 00 00 E4 42
1787902984.550285,34680,02b9,12,9E B4 27 43 EE 13 8F 42 00 00 E6 42
1787902984.560901,34680,02ba,12,7A C0 21 43 03 EC 85 42 00 00 E8 42
1787902984.571483,34680,02bb,12,68 8B 1C 43 5F D3 76 42 00 00 EA 42
1787902984.581982,34680,02bc,12,6E 33 18 43 39 F1 5F 42 00 00 EC 42
1787902984.592601,34680,02bd,12,86 D1 14 43 BA 1A 48 42 00 00 EE 42
1787902984.603144,34680,02be,12,20 79 12 43 2B 43 30 42 00 00 A0 41
1787902984.613489,34680,02bf,12,BC 37 11 43 DD 5D 19 42 00 00 A8 41
1787902984.630718,34680,02c0,12,88 14 11 43 18 54 04 42 00 00 B0 41
1787902984.641190,34680,02c1,12,56 10 12 43 C5 FA E3 41 00 00 B8 41
1787902984.651690,34680,02c2,12,7E 25 14 43 ED 28 C6 41 00 00 C0 41
1787902984.662043,34680,02c3,12,06 48 17 43 FB 62 B0 41 00 00 C8 41
1787902984.672457,34680,02c4,12,D9 65 1B 43 24 87 A3 41 00 00 D0 41
1787902984.683184,34680,02c5,12,68 67 20 43 AC 18 A0 41 00 00 D8 41
1787902984.694044,34680,02c6,12,DE 2F 26 43 B8 3A A6 41 00 00 E0 41
1787902984.704377,34680,02c7,12,FB 9D 2C 43 8B AE B5 41 00 00 E8 41
1787902984.715203,34680,02c8,12,C9 8C 33 43 6E D6 CD 41 00 00 F0 41
1787902984.725790,34680,02c9,12,52 D4 3A 43 DE BB ED 41 00 00 F8 41
1787902984.736431,34680,02ca,12,EC 4A 42 43 10 0D 0A 42 00 00 00 42
1787902984.746857,34680,02cb,12,97 C5 49 43 13 B4 1F 42 00 00 04 42
1787902984.757350,34680,02cc,12,54 19 51 43 56 F6 36 42 00 00 08 42
1787902984.767797,34680,02cd,12,01 1C 58 43 7A E6 4E 42 00 00 0C 42
1787902984.778207,34680,02ce,12,3C A5 5E 43 33 90 66 42 00 00 10 42
1787902984.788883,34680,02cf,12,9C 8F 64 43 6C 02 7D 42 00 00 14 42
1787902984.799485,34680,02d0,12,09 B9 69 43 9A AB 88 42 00 00 18 42
1787902984.810450,34680,02d1,12,D4 03 6E 43 BF 5F 91 42 00 00 1C 42
1787902984.822310,34680,02d2,12,50 57 71 43 D3 44 98 42 00 00 20 42
1787902984.833271,34680,02d3,12,59 A0 73 43 78 14 9D 42 00 00 24 42
1787902984.843881,34680,02d4,12,D9 D1 74 43 9A 9D 9F 42 00 00 28 42
1787902984.854423,34680,02d5,12,EC E4 74 43 40 C6 9F 42 00 00 2C 42
1787902984.865088,34680,02d6,12,23 D9 73 43 DD 8C 9D 42 00 00 30 42
1787902984.876004,34680,02d7,12,81 B4 71 43 24 08 99 42 00 00 34 42
1787902984.888765,34680,02d8,12,66 83 6E 43 33 66 92 42 00 00 38 42
1787902984.899731,34680,02d9,12,17 58 6A 43 8B EA 89 42 00 00 3C 42
1787902984.914953,34680,02da,12,93 4A 65 43 28 D8 7F 42 00 00 40 42
1787902984.930269,34680,02db,12,E9 77 5F 43 4E A1 69 42 00 00 44 42
1787902984.941847,34680,02dc,12,92 01 59 43 3C 13 52 42 00 00 48 42
1787902984.958872,34680,02dd,12,CE 0C 52 43 57 1E 3A 42 00 00 4C 42
1787902984.969890,34680,02de,12,6C C1 4A 43 AC B6 22 42 00 00 50 42
1787902984.980545,34680,02df,12,73 49 43 43 00 CC 0C 42 00 00 54 42
1787902984.991659,34680,02e0,12,D4 CF 3B 43 0F 7B F2 41 00 00 58 42
1787902985.004014,34680,02e1,12,89 7F 34 43 B3 A5 D1 41 00 00 5C 42
1787902985.015094,34680,02e2,12,B5 82 2D 43 00 67 B8 41 00 00 60 42
1787902985.025647,34680,02e3,12,55 01 27 43 5F C0 A7 41 00 00 64 42
1787902985.036312,34680,02e4,12,E9 20 21 43 65 5C A0 41 00 00 68 42
1787902985.046825,34680,02e5,12,3A 03 1C 43 13 86 A2 41 00 00 6C 42
1787902985.057327,34680,02e6,12,B1 C5 17 43 58 27 AE 41 00 00 70 42
1787902985.067876,34680,02e7,12,BA 80 14 43 83 C9 C2 41 00 00 74 42
1787902985.078435,34680,02e8,12,0A 47 12 43 A2 9A DF 41 00 00 78 42
1787902985.088912,34680,02e9,12,78 25 11 43 C0 B9 01 42 00 00 7C 42
1787902985.099417,34680,02ea,12,87 22 11 43 60 73 16 42 00 00 80 42
1787902985.110626,34680,02eb,12,47 3E 12 43 AE 26 2D 42 00 00 82 42
1787902985.121226,34680,02ec,12,4F 72 14 43 FE EB 44 42 00 00 84 42
1787902985.131755,34680,02ed,12,03 B2 17 43 2F D1 5C 42 00 00 86 42
1787902985.142374,34680,02ee,12,B0 EA 1B 43 74 E1 73 42 00 00 88 42
1787902985.153163,34680,02ef,12,11 04 21 43 F2 98 84 42 00 00 8A 42
1787902985.166224,34680,02f0,12,D5 E0 26 43 7E F4 8D 42 00 00 8C 42
1787902985.176671,34680,02f1,12,30 5F 2D 43 DC A3 95 42 00 00 8E 42
1787902985.187127,34680,02f2,12,F9 59 34 43 B6 58 9B 42 00 00 90 42
1787902985.198939,34680,02f3,12,FB A8 3B 43 96 D8 9E 42 00 00 92 42
1787902985.209886,34680,02f4,12,2F 22 43 43 E7 FF 9F 42 00 00 94 42
1787902985.220474,34680,02f5,12,9F 9A 4A 43 E3 C2 9E 42 00 00 96 42
1787902985.231825,34680,02f6,12,3F E7 51 43 2D 2E 9B 42 00 00 98 42
1787902985.242410,34680,02f7,12,49 DE 58 43 2F 66 95 42 00 00 9A 42
1787902985.252969,34680,02f8,12,98 57 5F 43 23 A6 8D 42 00 00 9C 42
1787902985.263377,34680,02f9,12,F5 2D 65 43 09 3D 84 42 00 00 9E 42
1787902985.273861,34680,02fa,12,CF 3F 6A 43 D7 15 73 42 00 00 A0 42
1787902985.284302,34680,02fb,12,F5 6F 6E 43 E7 F9 5B 42 00 00 A2 42
1787902985.294756,34680,02fc,12,6E A6 71 43 A0 11 44 42 00 00 A4 42
1787902985.306335,34680,02fd,12,B2 D0 73 43 EE 51 2C 42 00 00 A6 42
1787902985.317940,34680,02fe,12,4F E2 74 43 BA AC 15 42 00 00 A8 42
1787902985.329523,34680,02ff,12,1F D5 74 43 20 09 01 42 00 00 AA 42
1787902985.340123,34680,0300,12,74 A9 73 43 82 73 DE 41 00 00 AC 42
1787902985.350988,34680,0301,12,00 66 71 43 48 E8 C1 41 00 00 AE 42
1787902985.361702,34680,0302,12,CB 17 6E 43 FC 94 AD 41 00 00 B0 42
1787902985.372818,34680,0303,12,D4 D1 69 43 6B 48 A2 41 00 00 B2 42
1787902985.383764,34680,0304,12,AD AC 64 43 E6 75 A0 41 00 00 B4 42
1787902985.394461,34680,0305,12,00 C6 5E 43 06 30 A8 41 00 00 B6 42
1787902985.404937,34680,0306,12,93 3F 58 43 5A 28 B9 41 00 00 B8 42
1787902985.415607,34680,0307,12,FC 3E 51 43 08 B1 D2 41 00 00 BA 42
1787902985.425978,34680,0308,12,7D EC 49 43 B9 C5 F3 41 00 00 BC 42
1787902985.436851,34680,0309,12,30 72 42 43 67 8A 0D 42 00 00 BE 42
1787902985.447680,34680,030a,12,2A FB 3A 43 8F 86 23 42 00 00 C0 42
1787902985.458101,34680,030b,12,26 B2 33 43 6C F7 3A 42 00 00 C2 42
1787902985.469389,34680,030c,12,1F C1 2C 43 DB EC 52 42 00 00 C4 42
1787902985.479876,34680,030d,12,FE 4F 26 43 CA 72 6A 42 00 00 C6 42
1787902985.490864,34680,030e,12,CC 83 20 43 94 4C 80 42 00 00 C8 42
1787902985.501693,34680,030f,12,ED 7D 1B 43 F4 3E 8A 42 00 00 CA 42
1787902985.512333,34680,0310,12,21 5B 17 43 27 AB 92 42 00 00 CC 42
1787902985.523703,34680,0311,12,42 33 14 43 E4 3A 99 42 00 00 CE 42
1787902985.534395,34680,0312,12,74 18 12 43 62 AB 9D 42 00 00 D0 42
1787902985.544890,34680,0313,12,D1 16 11 43 53 CF 9F 42 00 00 D2 42
1787902985.555569,34680,0314,12,20 34 11 43 DE 90 9F 42 00 00 D4 42
1787902985.566030,34680,0315,12,B9 6F 12 43 70 F2 9C 42 00 00 D6 42
1787902985.576527,34680,0316,12,87 C2 14 43 DA 0E 98 42 00 00 D8 42
1787902985.586853,34680,0317,12,2F 1F 18 43 FC 17 91 42 00 00 DA 42
1787902985.597830,34680,0318,12,5C 72 1C 43 E8 54 88 42 00 00 DC 42
1787902985.610358,34680,0319,12,1E A3 21 43 17 3E 7C 42 00 00 DE 42
1787902985.629412,34680,031a,12,C0 93 27 43 BF BC 65 42 00 00 E0 42
1787902985.639987,34680,031b,12,0C 22 2E 43 56 0C 4E 42 00 00 E2 42
1787902985.650665,34680,031c,12,51 28 35 43 33 1E 36 42 00 00 E4 42
1787902985.662223,34680,031d,12,2B 7E 3C 43 90 E6 1E 42 00 00 E6 42
1787902985.672808,34680,031e,12,56 F9 43 43 5E 52 09 42 00 00 E8 42
1787902985.683333,34680,031f,12,00 6F 4B 43 FE 7A EC 41 00 00 EA 42
1787902985.693787,34680,0320,12,2E B4 52 43 DF D6 CC 41 00 00 EC 42
1787902985.704549,34680,0321,12,12 9F 59 43 7B FA B4 41 00 00 EE 42
1787902985.715079,34680,0322,12,E7 07 60 43 56 D9 A5 41 00 00 A0 41
1787902985.725599,34680,0323,12,C2 C9 65 43 D8 0D A0 41 00 00 A8 41
1787902985.735973,34680,0324,12,AF C3 6A 43 4F D3 A3 41 00 00 B0 41
1787902985.746523,34680,0325,12,FE D8 6E 43 1A 03 B1 41 00 00 B8 41
1787902985.757583,34680,0326,12,35 F2 71 43 9E 16 C7 41 00 00 C0 41
1787902985.768190,34680,0327,12,83 FD 73 43 8F 2C E5 41 00 00 C8 41
1787902985.778641,34680,0328,12,26 EF 74 43 F1 08 05 42 00 00 D0 41
1787902985.789205,34680,0329,12,B9 C1 74 43 74 27 1A 42 00 00 D8 41
1787902985.799592,34680,032a,12,3A 76 73 43 76 19 31 42 00 00 E0 41
1787902985.810759,34680,032b,12,1B 14 71 43 30 F5 48 42 00 00 E8 41
1787902985.821385,34680,032c,12,11 A9 6D 43 22 C7 60 42 00 00 F0 41
1787902985.831899,34680,032d,12,D2 48 69 43 36 9C 77 42 00 00 F8 41
1787902985.842402,34680,032e,12,6A 0C 64 43 E4 45 86 42 00 00 00 42
1787902985.852906,34680,032f,12,00 12 5E 43 AF 5F 8F 42 00 00 04 42
1787902985.863444,34680,0330,12,F4 7B 57 43 D2 BE 96 42 00 00 08 42
1787902985.882915,34680,0331,12,22 70 50 43 12 18 9C 42 00 00 0C 42
1787902985.893381,34680,0332,12,27 17 49 43 D9 34 9F 42 00 00 10 42
1787902985.903879,34680,0333,12,0F 9B 41 43 61 F5 9F 42 00 00 14 42
1787902985.914238,34680,0334,12,FC 26 3A 43 F6 51 9E 42 00 00 18 42
1787902985.924621,34680,0335,12,C7 E5 32 43 59 5B 9A 42 00 00 1C 42
1787902985.935189,34680,0336,12,26 01 2C 43 FE 39 94 42 00 00 20 42
1787902985.945652,34680,0337,12,CF A0 25 43 74 2C 8C 42 00 00 24 42
1787902985.956110,34680,0338,12,40 E9 1F 43 B8 84 82 42 00 00 28 42
1787902985.966627,34680,0339,12,6D FB 1A 43 66 4B 6F 42 00 00 2C 42
1787902985.977315,34680,033a,12,AE F3 16 43 56 FC 57 42 00 00 30 42
1787902985.987729,34680,033b,12,2E E9 13 43 21 0A 40 42 00 00 34 42
1787902986.000640,34680,033c,12,6E ED 11 43 2A 69 28 42 00 00 38 42
1787902986.011193,34680,033d,12,C8 0B 11 43 2A 0A 12 42 00 00 3C 42
1787902986.021746,34680,033e,12,55 49 11 43 A2 A4 FB 41 00 00 40 42
1787902986.032450,34680,033f,12,B4 A4 12 43 02 1F D9 41 00 00 44 42
1787902986.044158,34680,0340,12,18 16 15 43 C6 E3 BD 41 00 00 48 42
1787902986.054964,34680,0341,12,68 8F 18 43 D6 08 AB 41 00 00 4C 42
1787902986.067448,34680,0342,12,C2 FC 1C 43 89 4E A1 41 00 00 50 42
1787902986.078530,34680,0343,12,A7 44 22 43 85 18 A1 41 00 00 54 42
1787902986.091834,34680,0344,12,BD 48 28 43 AB 68 AA 41 00 00 58 42
1787902986.103109,34680,0345,12,6B E6 2E 43 EE DF BC 41 00 00 5C 42
1787902986.114539,34680,0346,12,91 F7 35 43 DC C1 D7 41 00 00 60 42
1787902986.127501,34680,0347,12,BC 53 3D 43 D2 FC F9 41 00 00 64 42
1787902986.139672,34680,0348,12,85 D0 44 43 14 19 11 42 00 00 68 42
1787902986.150281,34680,0349,12,DE 42 4C 43 0D 64 27 42 00 00 6C 42
1787902986.161388,34680,034a,12,FA 7F 53 43 D2 FB 3E 42 00 00 70 42
1787902986.173707,34680,034b,12,22 5E 5A 43 9B EF 56 42 00 00 74 42
1787902986.184562,34680,034c,12,08 B6 60 43 68 4B 6E 42 00 00 78 42
1787902986.195924,34680,034d,12,1C 63 66 43 F6 0F 82 42 00 00 7C 42
1787902986.206592,34680,034e,12,BE 44 6B 43 6A C7 8B 42 00 00 80 42
1787902986.217182,34680,034f,12,DA 3E 6F 43 E7 E8 93 42 00 00 82 42
1787902986.227979,34680,0350,12,8D 3A 72 43 70 21 9A 42 00 00 84 42
1787902986.238534,34680,0351,12,C3 26 74 43 99 31 9E 42 00 00 86 42
1787902986.249137,34680,0352,12,62 F8 74 43 C1 EF 9F 42 00 00 88 42
1787902986.259834,34680,0353,12,B6 AA 74 43 38 4A 9F 42 00 00 8A 42
1787902986.270491,34680,0354,12,7D 3F 73 43 9A 47 9C 42 00 00 8C 42
1787902986.281171,34680,0355,12,E9 BE 70 43 9C 06 97 42 00 00 8E 42
1787902986.291857,34680,0356,12,4D 37 6D 43 B6 BC 8F 42 00 00 90 42
1787902986.302811,34680,0357,12,FA BC 68 43 92 B4 86 42 00 00 92 42
1787902986.313994,34680,0358,12,B0 69 63 43 7B 94 78 42 00 00 94 42
1787902986.326351,34680,0359,12,20 5C 5D 43 09 D0 61 42 00 00 96 42
1787902986.340170,34680,035a,12,D9 B6 56 43 27 04 4A 42 00 00 98 42
1787902986.350917,34680,035b,12,68 A0 4F 43 3C 23 32 42 00 00 9A 42
1787902986.361543,34680,035c,12,2E 41 48 43 E8 21 1B 42 00 00 9C 42
1787902986.372166,34680,035d,12,F0 C3 40 43 7A EA 05 42 00 00 9E 42
1787902986.382937,34680,035e,12,8A 53 39 43 F2 AA E6 41 00 00 A0 42
1787902986.393941,34680,035f,12,92 1A 32 43 15 41 C8 41 00 00 A2 42
1787902986.405753,34680,0360,12,ED 42 2B 43 62 CD B1 41 00 00 A4 42
1787902986.416949,34680,0361,12,98 F3 24 43 DE 35 A4 41 00 00 A6 42
1787902986.428112,34680,0362,12,2C 51 1F 43 BA 04 A0 41 00 00 A8 42
1787902986.438707,34680,0363,12,E1 7B 1A 43 BE 64 A5 41 00 00 AA 42
1787902986.449518,34680,0364,12,6B 8F 16 43 10 1F B4 41 00 00 AC 42
1787902986.460220,34680,0365,12,8A A2 13 43 E9 9D CB 41 00 00 AE 42
1787902986.474203,34680,0366,12,EC C5 11 43 97 F0 EA 41 00 00 B0 42
1787902986.485395,34680,0367,12,5B 04 11 43 E8 6B 08 42 00 00 B2 42
1787902986.496097,34680,0368,12,21 62 11 43 60 E8 1D 42 00 00 B4 42
1787902986.507871,34680,0369,12,31 DD 12 43 6B 12 35 42 00 00 B6 42
1787902986.519244,34680,036a,12,F2 6C 15 43 1A FE 4C 42 00 00 B8 42
1787902986.530001,34680,036b,12,CE 02 19 43 5F B6 64 42 00 00 BA 42
1787902986.540872,34680,036c,12,F8 89 1D 43 9D 49 7B 42 00 00 BC 42
1787902986.552927,34680,036d,12,7C E8 22 43 B8 E8 87 42 00 00 BE 42
1787902986.563532,34680,036e,12,A8 FF 28 43 28 BE 90 42 00 00 C0 42
1787902986.574538,34680,036f,12,27 AC 2F 43 16 CB 97 42 00 00 C2 42
1787902986.585338,34680,0370,12,F3 C7 36 43 46 C7 9C 42 00 00 C4 42
1787902986.595978,34680,0371,12,CF 29 3E 43 02 80 9F 42 00 00 C6 42
1787902986.606854,34680,0372,12,78 A7 45 43 82 D9 9F 42 00 00 C8 42
1787902986.617456,34680,0373,12,11 16 4D 43 34 D0 9D 42 00 00 CA 42
1787902986.628836,34680,0374,12,7C 4A 54 43 C7 78 99 42 00 00 CC 42
1787902986.639844,34680,0375,12,AC 1B 5B 43 B3 FF 92 42 00 00 CE 42
1787902986.650551,34680,0376,12,16 62 61 43 F8 A6 8A 42 00 00 D0 42
1787902986.661128,34680,0377,12,D6 F9 66 43 C6 C3 80 42 00 00 D2 42
1787902986.672099,34680,0378,12,E2 C2 6B 43 07 76 6B 42 00 00 D4 42
1787902986.683345,34680,0379,12,77 A1 6F 43 24 FA 53 42 00 00 D6 42
1787902986.694724,34680,037a,12,8A 7F 72 43 78 04 3C 42 00 00 D8 42
1787902986.705654,34680,037b,12,78 4C 74 43 16 89 24 42 00 00 DA 42
1787902986.716502,34680,037c,12,00 FE 74 43 A4 77 0E 42 00 00 DC 42
1787902986.727304,34680,037d,12,1B 90 74 43 B3 62 F5 41 00 00 DE 42
1787902986.737826,34680,037e,12,4A 05 73 43 79 FF D3 41 00 00 E0 42
1787902986.748623,34680,037f,12,54 66 70 43 A1 1B BA 41 00 00 E2 42
1787902986.759532,34680,0380,12,6E C2 6C 43 B0 BE A8 41 00 00 E4 42
1787902986.770989,34680,0381,12,78 2E 68 43 D7 99 A0 41 00 00 E6 42
1787902986.781618,34680,0382,12,9C C4 62 43 35 00 A2 41 00 00 E8 42
1787902986.792484,34680,0383,12,42 A4 5C 43 CD E3 AC 41 00 00 EA 42
1787902996.827160,34680,0385,12,51 F0 55 43 12 D5 C0 41 00 00 EC 42
1787902996.836322,34680,0386,12,AB CF 4E 43 9D 08 DD 41 00 00 EE 42
1787902996.846798,34680,0387,12,1E 6B 47 43 4E 2F 00 42 00 00 A0 41
1787902996.857172,34680,0388,12,FA EC 3F 43 3A B7 14 42 00 00 A8 41
1787902996.867521,34680,0389,12,B3 80 38 43 FC 4A 2B 42 00 00 B0 41
1787902996.878198,34680,038a,12,97 50 31 43 4B 03 43 42 00 00 B8 41
1787902996.889460,34680,038b,12,56 86 2A 43 7F EE 5A 42 00 00 C0 41
1787902996.900081,34680,038c,12,C9 48 24 43 7F 18 72 42 00 00 C8 41
1787902996.910854,34680,038d,12,AD BB 1E 43 70 CA 83 42 00 00 D0 41
1787902996.921387,34680,038e,12,36 FF 19 43 5C 44 8D 42 00 00 D8 41
1787902996.931876,34680,038f,12,5F 2E 16 43 EC 18 95 42 00 00 E0 41
1787902996.942424,34680,0390,12,4D 5F 13 43 6C F8 9A 42 00 00 E8 41
1787902996.952977,34680,0391,12,07 A2 11 43 E9 A6 9E 42 00 00 F0 41
1787902996.964134,34680,0392,12,8D 00 11 43 D3 FE 9F 42 00 00 F8 41
1787902996.975143,34680,0393,12,88 7E 11 43 67 F2 9E 42 00 00 00 42
1787902996.985562,34680,0394,12,29 19 13 43 64 8C 9B 42 00 00 04 42
1787902996.995939,34680,0395,12,24 C7 15 43 79 EF 95 42 00 00 08 42
1787902997.006414,34680,0396,12,16 79 19 43 F0 54 8E 42 00 00 0C 42
1787902997.016864,34680,0397,12,E5 19 1E 43 60 0A 85 42 00 00 10 42
1787902997.027386,34680,0398,12,B7 8E 23 43 CD DC 74 42 00 00 14 42
1787902997.038037,34680,0399,12,76 B8 29 43 64 DB 5D 42 00 00 18 42
1787902997.048484,34680,039a,12,61 73 30 43 EC FA 45 42 00 00 1C 42
1787902997.058916,34680,039b,12,EE 98 37 43 10 2F 2E 42 00 00 20 42
1787902997.070567,34680,039c,12,3B 00 3F 43 AC 6A 17 42 00 00 24 42
1787902997.081055,34680,039d,12,54 7E 46 43 BA 95 02 42 00 00 28 42
1787902997.092029,34680,039e,12,88 E8 4D 43 41 0B E1 41 00 00 2C 42
1787902997.102497,34680,039f,12,D6 13 55 43 96 E4 C3 41 00 00 30 42
1787902997.113004,34680,03a0,12,37 D7 5B 43 F6 E0 AE 41 00 00 34 42
1787902997.123600,34680,03a1,12,F1 0B 62 43 D4 D6 A2 41 00 00 38 42
1787902997.134064,34680,03a2,12,06 8E 67 43 1D 41 A0 41 00 00 3C 42
1787902997.145682,34680,03a3,12,12 3E 6C 43 4A 3A A7 41 00 00 40 42
1787902997.156374,34680,03a4,12,E4 00 70 43 0B 7B B7 41 00 00 44 42
1787902997.167300,34680,03a5,12,00 C1 72 43 82 5D D0 41 00 00 48 42
1787902997.177846,34680,03a6,12,9D 6E 74 43 B9 E3 F0 41 00 00 4C 42
1787902997.188349,34680,03a7,12,FF FF 74 43 49 E1 0B 42 00 00 50 42
1787902997.198795,34680,03a8,12,EA 71 74 43 EA B5 21 42 00 00 54 42
1787902997.209323,34680,03a9,12,95 C7 72 43 50 11 39 42 00 00 58 42
1787902997.219659,34680,03aa,12,94 0A 70 43 1B 05 51 42 00 00 5C 42
1787902997.230003,34680,03ab,12,89 4A 6C 43 D8 9C 68 42 00 00 60 42
1787902997.240346,34680,03ac,12,34 9D 67 43 2A E8 7E 42 00 00 64 42
1787902997.250885,34680,03ad,12,3D 1D 62 43 57 81 89 42 00 00 68 42
1787902997.261348,34680,03ae,12,88 EA 5B 43 D5 0F 92 42 00 00 6C 42
1787902997.271712,34680,03af,12,98 28 55 43 3D C8 98 42 00 00 70 42
1787902997.282159,34680,03b0,12,13 FE 4D 43 F8 65 9D 42 00 00 74 42
1787902997.292798,34680,03b1,12,8B 94 46 43 F0 B9 9F 42 00 00 78 42
1787902997.303134,34680,03b2,12,3D 16 3F 43 4B AC 9F 42 00 00 7C 42
1787902997.313734,34680,03b3,12,9F AE 37 43 A7 3D 9D 42 00 00 80 42
1787902997.324080,34680,03b4,12,12 88 30 43 D6 86 98 42 00 00 82 42
1787902997.334360,34680,03b5,12,85 CB 29 43 F3 B7 91 42 00 00 84 42
1787902997.350428,34680,03b6,12,0C A0 23 43 4B 16 89 42 00 00 86 42
1787902997.360782,34680,03b7,12,CF 28 1E 43 97 F4 7D 42 00 00 88 42
1787902997.371187,34680,03b8,12,82 85 19 43 F2 95 67 42 00 00 8A 42
1787902997.381772,34680,03b9,12,A8 D0 15 43 F2 F4 4F 42 00 00 8C 42
1787902997.392896,34680,03ba,12,82 1F 13 43 BF 02 38 42 00 00 8E 42
1787902997.403456,34680,03bb,12,AC 81 11 43 48 B3 20 42 00 00 90 42
1787902997.416748,34680,03bc,12,5D 00 11 43 5C F5 0A 42 00 00 92 42
1787902997.427959,34680,03bd,12,83 9E 11 43 CF 4C EF 41 00 00 94 42
1787902997.438354,34680,03be,12,8A 58 13 43 EF 16 CF 41 00 00 96 42
1787902997.448761,34680,03bf,12,9A 24 16 43 D4 91 B6 41 00 00 98 42
1787902997.459296,34680,03c0,12,7B F2 19 43 83 B7 A6 41 00 00 9A 42
1787902997.469909,34680,03c1,12,7E AC 1E 43 62 2A A0 41 00 00 9C 42
1787902997.480216,34680,03c2,12,39 37 24 43 E9 2C A3 41 00 00 9E 42
1787902997.490651,34680,03c3,12,EC 72 2A 43 60 A0 AF 41 00 00 A0 42
1787902997.500991,34680,03c4,12,F2 3B 31 43 B5 05 C5 41 00 00 A2 42
1787902997.511414,34680,03c5,12,EE 6A 38 43 32 83 E2 41 00 00 A4 42
1787902997.522122,34680,03c6,12,F1 D6 3F 43 5E 75 03 42 00 00 A6 42
1787902997.532598,34680,03c7,12,EF 54 47 43 A4 64 18 42 00 00 A8 42
1787902997.543014,34680,03c8,12,05 BA 4E 43 C6 39 2F 42 00 00 AA 42
1787902997.553476,34680,03c9,12,E0 DB 55 43 BE 0B 47 42 00 00 AC 42
1787902997.564043,34680,03ca,12,20 91 5C 43 E8 E7 5E 42 00 00 AE 42
1787902997.575133,34680,03cb,12,8D B3 62 43 D6 D9 75 42 00 00 B0 42
1787902997.585752,34680,03cc,12,90 1F 68 43 EA 7B 85 42 00 00 B2 42
1787902997.596356,34680,03cd,12,2A B6 6C 43 30 B5 8E 42 00 00 B4 42
1787902997.607134,34680,03ce,12,0F 5D 70 43 99 3A 96 42 00 00 B6 42
1787902997.618388,34680,03cf,12,10 FF 72 43 7C BF 9B 42 00 00 B8 42
1787902997.629032,34680,03d0,12,2D 8D 74 43 4C 0B 9F 42 00 00 BA 42
1787902997.640374,34680,03d1,12,60 FE 74 43 88 FC 9F 42 00 00 BC 42
1787902997.651743,34680,03d2,12,2C 50 74 43 90 89 9E 42 00 00 BE 42
1787902997.663881,34680,03d3,12,6B 86 72 43 31 C1 9A 42 00 00 C0 42
1787902997.674716,34680,03d4,12,7D AB 6F 43 E0 C9 94 42 00 00 C2 42
1787902997.685280,34680,03d5,12,A7 CF 6B 43 BE E0 8C 42 00 00 C4 42
1787902997.695772,34680,03d6,12,4A 09 67 43 6C 56 83 42 00 00 C6 42
1787902997.706504,34680,03d7,12,C3 73 61 43 92 18 71 42 00 00 C8 42
1787902997.717098,34680,03d8,12,01 2F 5B 43 E3 E0 59 42 00 00 CA 42
1787902997.727888,34680,03d9,12,60 5F 54 43 46 F2 41 42 00 00 CC 42
1787902997.738456,34680,03da,12,B0 2B 4D 43 E7 41 2A 42 00 00 CE 42
1787902997.749013,34680,03db,12,B6 BD 45 43 13 C1 13 42 00 00 D0 42
1787902997.759483,34680,03dc,12,FA 3F 3E 43 E5 AA FE 41 00 00 D2 42
1787902997.770009,34680,03dd,12,5C DD 36 43 D7 9E DB 41 00 00 D4 42
1787902997.780658,34680,03de,12,B4 C0 2F 43 34 C3 BF 41 00 00 D6 42
1787902997.791191,34680,03df,12,86 12 29 43 60 35 AC 41 00 00 D8 42
1787902997.801880,34680,03e0,12,94 F9 22 43 4C BC A1 41 00 00 DA 42
1787902997.812909,34680,03e1,12,BC 98 1D 43 DA C2 A0 41 00 00 DC 42
1787902997.823816,34680,03e2,12,CF 0E 19 43 FB 52 A9 41 00 00 DE 42
1787902997.834373,34680,03e3,12,20 76 15 43 BA 15 BB 41 00 00 E0 42
1787902997.844855,34680,03e4,12,2E E3 12 43 25 55 D5 41 00 00 E2 42
1787902997.855783,34680,03e5,12,E7 64 11 43 9D 05 F7 41 00 00 E4 42
1787902997.866574,34680,03e6,12,CB 03 11 43 A8 67 0F 42 00 00 E6 42
1787902997.877095,34680,03e7,12,12 C2 11 43 19 8E 25 42 00 00 E8 42
1787902997.887704,34680,03e8,12,6D 9B 13 43 88 14 3D 42 00 00 EA 42
1787902997.898370,34680,03e9,12,51 85 16 43 F6 09 55 42 00 00 EC 42
1787902997.908847,34680,03ea,12,D8 6E 1A 43 53 7A 6C 42 00 00 EE 42
1787902997.919905,34680,03eb,12,95 41 1F 43 34 3B 81 42 00 00 A0 41
1787902997.930614,34680,03ec,12,F5 E1 24 43 EC 0E 8B 42 00 00 A8 41
1787902997.941171,34680,03ed,12,55 2F 2B 43 2C 54 93 42 00 00 B0 41
1787902997.951596,34680,03ee,12,CD 05 32 43 39 B6 99 42 00 00 B8 41
1787902997.961949,34680,03ef,12,B1 3D 39 43 1D F4 9D 42 00 00 C0 41
1787902997.972775,34680,03f0,12,B0 AD 40 43 8E E2 9F 42 00 00 C8 41
1787902997.983276,34680,03f1,12,39 2B 48 43 D5 6D 9F 42 00 00 D0 41
1787902997.994515,34680,03f2,12,D9 8A 4F 43 86 9A 9C 42 00 00 D8 41
1787902998.004882,34680,03f3,12,8D A2 56 43 93 85 97 42 00 00 E0 41
1787902998.015600,34680,03f4,12,30 49 5D 43 D0 62 90 42 00 00 E8 41
1787902998.026424,34680,03f5,12,B7 58 63 43 10 7B 87 42 00 00 F0 41
1787902998.038428,34680,03f6,12,6B AE 68 43 6E 52 7A 42 00 00 F8 41
1787902998.049670,34680,03f7,12,5A 2B 6D 43 B6 AC 63 42 00 00 00 42
1787902998.060331,34680,03f8,12,F2 B5 70 43 FB EC 4B 42 00 00 04 42
1787902998.070972,34680,03f9,12,A7 39 73 43 30 05 34 42 00 00 08 42
1787902998.082585,34680,03fa,12,20 A8 74 43 4C E9 1C 42 00 00 0C 42
1787902998.093094,34680,03fb,12,21 F9 74 43 27 85 07 42 00 00 10 42
1787902998.103754,34680,03fc,12,D4 2A 74 43 74 65 E9 41 00 00 14 42
1787902998.115103,34680,03fd,12,D0 41 72 43 AF 65 CA 41 00 00 18 42
1787902998.126737,34680,03fe,12,2A 49 6F 43 91 46 B3 41 00 00 1C 42
1787902998.137117,34680,03ff,12,EE 51 6B 43 14 F4 A4 41 00 00 20 42
1787902998.147473,34680,0400,12,C4 72 66 43 62 00 A0 41 00 00 24 42
1787902998.157896,34680,0401,12,EF C7 60 43 32 9E A4 41 00 00 28 42
1787902998.168257,34680,0402,12,BA 71 5A 43 3B 9E B2 41 00 00 2C 42
1787902998.178621,34680,0403,12,E7 94 53 43 9A 71 C9 41 00 00 30 42
1787902998.189037,34680,0404,12,C1 58 4C 43 5B 2F E8 41 00 00 34 42
1787902998.199391,34680,0405,12,AE E6 44 43 E2 CE 06 42 00 00 38 42
1787902998.209924,34680,0406,12,DE 69 3D 43 D8 1F 1C 42 00 00 3C 42
1787902998.220517,34680,0407,12,FB 0C 36 43 31 30 33 42 00 00 40 42
1787902998.230900,34680,0408,12,BB FA 2E 43 EF 14 4B 42 00 00 44 42
1787902998.241349,34680,0409,12,93 5B 28 43 3A DA 62 42 00 00 48 42
1787902998.251704,34680,040a,12,6E 55 22 43 78 8D 79 42 00 00 4C 42
1787902998.262195,34680,040b,12,3E 0B 1D 43 B1 23 87 42 00 00 50 42
1787902998.272725,34680,040c,12,26 9B 18 43 D0 19 90 42 00 00 54 42
1787902998.283151,34680,040d,12,E5 1E 15 43 DD 4D 97 42 00 00 58 42
1787902998.293607,34680,040e,12,63 AA 12 43 52 76 9C 42 00 00 5C 42
1787902998.304013,34680,040f,12,B9 4B 11 43 8C 5E 9F 42 00 00 60 42
1787902998.314969,34680,0410,12,D8 0A 11 43 DD E8 9F 42 00 00 64 42
1787902998.325648,34680,0411,12,32 E9 11 43 BB 0F 9E 42 00 00 68 42
1787902998.339498,34680,0412,12,BE E1 13 43 0C E6 99 42 00 00 6C 42
1787902998.350093,34680,0413,12,28 E9 16 43 4B 96 93 42 00 00 70 42
1787902998.361024,34680,0414,12,26 EE 1A 43 E3 60 8B 42 00 00 74 42
1787902998.371851,34680,0415,12,65 D9 1F 43 65 99 81 42 00 00 78 42
1787902998.382406,34680,0416,12,E0 8E 25 43 01 48 6D 42 00 00 7C 42
1787902998.394268,34680,0417,12,78 ED 2B 43 BD E0 55 42 00 00 80 42
1787902998.405790,34680,0418,12,B2 D0 32 43 D8 EB 3D 42 00 00 82 42
1787902998.416933,34680,0419,12,2A 11 3A 43 CF 5D 26 42 00 00 84 42
1787902998.427744,34680,041a,12,CC 84 41 43 9C 26 10 42 00 00 86 42
1787902998.438310,34680,041b,12,24 01 49 43 AA 53 F8 41 00 00 88 42
1787902998.448851,34680,041c,12,C5 5A 50 43 07 66 D6 41 00 00 8A 42
1787902998.459295,34680,041d,12,A0 67 57 43 92 DE BB 41 00 00 8C 42
1787902998.469848,34680,041e,12,59 FF 5D 43 07 CC A9 41 00 00 8E 42
1787902998.480362,34680,041f,12,B0 FB 63 43 C5 E6 A0 41 00 00 90 42
1787902998.490865,34680,0420,12,8B 3A 69 43 EA 89 A1 41 00 00 92 42
1787902998.501225,34680,0421,12,7C 9D 6D 43 B5 AE AB 41 00 00 94 42
1787902998.511826,34680,0422,12,71 0B 71 43 9D ED BE 41 00 00 96 42
1787902998.522449,34680,0423,12,C0 70 73 43 3A 82 DA 41 00 00 98 42
1787902998.533004,34680,0424,12,82 BF 74 43 CE 53 FD 41 00 00 9A 42
1787902998.543775,34680,0425,12,45 F0 74 43 D4 FE 12 42 00 00 9C 42
1787902998.554518,34680,0426,12,ED 01 74 43 B2 70 29 42 00 00 9E 42
1787902998.565869,34680,0427,12,DA F9 71 43 72 1A 41 42 00 00 A0 42
1787902998.576812,34680,0428,12,A2 E3 6E 43 95 0A 59 42 00 00 A2 42
1787902998.587554,34680,0429,12,2C D1 6A 43 3E 4D 70 42 00 00 A4 42
1787902998.604925,34680,042a,12,AC D9 65 43 11 FA 82 42 00 00 A6 42
1787902998.617544,34680,042b,12,F2 19 60 43 60 91 8C 42 00 00 A8 42
1787902998.628374,34680,042c,12,EC B2 59 43 AA 8A 94 42 00 00 AA 42
1787902998.638870,34680,042d,12,3A C9 52 43 8E 94 9A 42 00 00 AC 42
1787902998.652549,34680,042e,12,F4 84 4B 43 7A 71 9E 42 00 00 AE 42
1787902998.672912,34680,042f,12,82 0F 44 43 DA F9 9F 42 00 00 B0 42
1787902998.684516,34680,0430,12,29 94 3C 43 23 1E 9F 42 00 00 B2 42
1787902998.695137,34680,0431,12,B9 3D 35 43 16 E7 9B 42 00 00 B4 42
1787902998.729458,34680,0432,12,35 36 2E 43 85 75 96 42 00 00 B6 42
1787902998.742441,34680,0433,12,63 A6 27 43 D2 00 8F 42 00 00 B8 42
1787902998.753827,34680,0434,12,A6 B3 21 43 60 D5 85 42 00 00 BA 42
1787902998.764857,34680,0435,12,7E 80 1C 43 48 A1 76 42 00 00 BC 42
1787902998.775440,34680,0436,12,A8 2A 18 43 ED BB 5F 42 00 00 BE 42
1787902998.786095,34680,0437,12,FB CA 14 43 59 E4 47 42 00 00 C0 42
1787902998.796649,34680,0438,12,0A 75 12 43 69 0D 30 42 00 00 C2 42
1787902998.807204,34680,0439,12,24 36 11 43 58 2B 19 42 00 00 C4 42
1787902998.817849,34680,043a,12,83 15 11 43 36 27 04 42 00 00 C6 42
1787902998.830489,34680,043b,12,D6 13 12 43 FF AE E3 41 00 00 C8 42
1787902998.843050,34680,043c,12,78 2B 14 43 29 EE C5 41 00 00 CA 42
1787902998.853685,34680,043d,12,48 50 17 43 3B 3B B0 41 00 00 CC 42
1787902998.867322,34680,043e,12,5A 70 1B 43 80 74 A3 41 00 00 CE 42
1787902998.877901,34680,043f,12,C0 73 20 43 DA 1B A0 41 00 00 D0 42
1787902998.888406,34680,0440,12,C3 3D 26 43 70 53 A6 41 00 00 D2 42
1787902998.898831,34680,0441,12,45 AD 2C 43 CE DB B5 41 00 00 D4 42
1787902998.909381,34680,0442,12,F4 9C 33 43 FE 16 CE 41 00 00 D6 42
1787902998.919804,34680,0443,12,48 E5 3A 43 C2 0C EE 41 00 00 D8 42
1787902998.930502,34680,0444,12,03 5C 42 43 AA 3B 0A 42 00 00 DA 42
1787902998.941158,34680,0445,12,6D D6 49 43 50 E7 1F 42 00 00 DC 42
1787902998.951643,34680,0446,12,B9 29 51 43 2C 2C 37 42 00 00 DE 42
1787902998.962155,34680,0447,12,68 2B 58 43 3C 1D 4F 42 00 00 E0 42
1787902998.973149,34680,0448,12,8D B3 5E 43 3A C5 66 42 00 00 E2 42
1787902998.983860,34680,0449,12,46 9C 64 43 30 33 7D 42 00 00 E4 42
1787902998.996172,34680,044a,12,C7 C3 69 43 1C C1 88 42 00 00 E6 42
1787902999.007200,34680,044b,12,88 0C 6E 43 85 71 91 42 00 00 E8 42
1787902999.017988,34680,044c,12,AF 5D 71 43 45 52 98 42 00 00 EA 42
1787902999.028772,34680,044d,12,56 A4 73 43 E5 1C 9D 42 00 00 EC 42
1787902999.040100,34680,044e,12,4A D3 74 43 A6 A0 9F 42 00 00 EE 42
1787902999.050753,34680,044f,12,CE E3 74 43 DE C3 9F 42 00 00 A0 41
1787902999.061356,34680,0450,12,7A D5 73 43 26 85 9D 42 00 00 A8 41
1787902999.072619,34680,0451,12,6E AE 71 43 4B FB 98 42 00 00 B0 41
1787902999.083076,34680,0452,12,EC 7A 6E 43 CB 54 92 42 00 00 B8 41
1787902999.093507,34680,0453,12,88 4D 6A 43 74 D5 89 42 00 00 C0 41
1787902999.103915,34680,0454,12,33 3E 65 43 00 A8 7F 42 00 00 C8 41
1787902999.114363,34680,0455,12,DA 69 5F 43 17 6D 69 42 00 00 D0 41
1787902999.124887,34680,0456,12,4E F2 58 43 93 DC 51 42 00 00 D8 41
1787902999.135302,34680,0457,12,68 FC 51 43 DE E7 39 42 00 00 E0 41
1787902999.146095,34680,0458,12,89 B0 4A 43 FF 82 22 42 00 00 E8 41
1787902999.156631,34680,0459,12,75 38 43 43 B8 9C 0C 42 00 00 F0 41
1787902999.167031,34680,045a,12,EB BE 3B 43 11 29 F2 41 00 00 F8 41
1787902999.178846,34680,045b,12,46 6F 34 43 F7 62 D1 41 00 00 00 42
1787902999.189360,34680,045c,12,31 73 2D 43 E6 36 B8 41 00 00 04 42
1787902999.199821,34680,045d,12,2D F3 26 43 0D A5 A7 41 00 00 08 42
1787902999.223408,34680,045e,12,6B 14 21 43 87 56 A0 41 00 00 0C 42
1787902999.234315,34680,045f,12,88 F8 1B 43 E7 95 A2 41 00 00 10 42
1787902999.244983,34680,0460,12,2A BD 17 43 8D 4C AE 41 00 00 14 42
1787902999.255800,34680,0461,12,6A 7A 14 43 7A 02 C3 41 00 00 18 42
1787902999.266216,34680,0462,12,36 43 12 43 74 E4 DF 41 00 00 1C 42
1787902999.276802,34680,0463,12,2E 24 11 43 DC E5 01 42 00 00 20 42
1787902999.287488,34680,0464,12,CB 23 11 43 EC A4 16 42 00 00 24 42
1787902999.298011,34680,0465,12,0E 42 12 43 26 5C 2D 42 00 00 28 42
1787902999.308493,34680,0466,12,97 78 14 43 D3 22 45 42 00 00 2C 42
1787902999.321828,34680,0467,12,91 BA 17 43 BB 06 5D 42 00 00 30 42
1787902999.337121,34680,0468,12,4C F5 1B 43 0D 14 74 42 00 00 34 42
1787902999.347631,34680,0469,12,9C 10 21 43 C3 AF 84 42 00 00 38 42
1787902999.358300,34680,046a,12,E4 EE 26 43 14 08 8E 42 00 00 3C 42
1787902999.368799,34680,046b,12,B1 6E 2D 43 3E B3 95 42 00 00 40 42
1787902999.379213,34680,046c,12,52 6A 34 43 30 63 9B 42 00 00 44 42
1787902999.389665,34680,046d,12,CA B9 3B 43 DF DD 9E 42 00 00 48 42
1787902999.401855,34680,046e,12,46 33 43 43 C8 FF 9F 42 00 00 4C 42
1787902999.413283,34680,046f,12,6A AB 4A 43 52 BD 9E 42 00 00 50 42
1787902999.425462,34680,0470,12,A6 F7 51 43 62 23 9B 42 00 00 54 42
1787902999.437618,34680,0471,12,A6 ED 58 43 BB 56 95 42 00 00 58 42
1787902999.448497,34680,0472,12,97 65 5F 43 8C 92 8D 42 00 00 5C 42
1787902999.459920,34680,0473,12,6C 3A 65 43 17 26 84 42 00 00 60 42
1787902999.470535,34680,0474,12,54 4A 6A 43 A2 E2 72 42 00 00 64 42
1787902999.481092,34680,0475,12,76 78 6E 43 CF C3 5B 42 00 00 68 42
1787902999.491687,34680,0476,12,92 AC 71 43 46 DB 43 42 00 00 6C 42
1787902999.502780,34680,0477,12,5D D4 73 43 07 1D 2C 42 00 00 70 42
1787902999.513452,34680,0478,12,76 E3 74 43 61 7B 15 42 00 00 74 42
1787902999.523962,34680,0479,12,B8 D3 74 43 EC DC 00 42 00 00 78 42
1787902999.534749,34680,047a,12,7E A5 73 43 C5 29 DE 41 00 00 7C 42
1787902999.546581,34680,047b,12,9F 5F 71 43 A0 B0 C1 41 00 00 80 42
1787902999.557139,34680,047c,12,2A 0F 6E 43 01 71 AD 41 00 00 82 42
1787902999.567835,34680,047d,12,0C C7 69 43 8C 39 A2 41 00 00 84 42
1787902999.578786,34680,047e,12,1C A0 64 43 C9 7C A0 41 00 00 86 42
1787902999.589319,34680,047f,12,B3 B7 5E 43 86 4C A8 41 00 00 88 42
1787902999.600603,34680,0480,12,19 30 58 43 EA 58 B9 41 00 00 8A 42
1787902999.611743,34680,0481,12,B1 2E 51 43 F6 F3 D2 41 00 00 8C 42
1787902999.623176,34680,0482,12,8F DB 49 43 59 18 F4 41 00 00 8E 42
1787902999.633621,34680,0483,12,31 61 42 43 54 BA 0D 42 00 00 90 42
1787902999.644024,34680,0484,12,33 EA 3A 43 D4 BA 23 42 00 00 92 42
1787902999.654990,34680,0485,12,E2 A1 33 43 7D 2D 3B 42 00 00 94 42
1787902999.665743,34680,0486,12,E8 B1 2C 43 02 23 53 42 00 00 96 42
1787902999.676407,34680,0487,12,00 42 26 43 DE A6 6A 42 00 00 98 42
1787902999.687057,34680,0488,12,80 77 20 43 C0 64 80 42 00 00 9A 42
1787902999.697640,34680,0489,12,66 73 1B 43 12 54 8A 42 00 00 9C 42
1787902999.708356,34680,048a,12,CD 52 17 43 39 BC 92 42 00 00 9E 42
1787902999.720351,34680,048b,12,49 2D 14 43 6A 47 99 42 00 00 A0 42
1787902999.730837,34680,048c,12,E8 14 12 43 DD B2 9D 42 00 00 A2 42
1787902999.741344,34680,048d,12,D0 15 11 43 7B D1 9F 42 00 00 A4 42
1787902999.751792,34680,048e,12,B0 35 11 43 8E 8D 9F 42 00 00 A6 42
1787902999.762316,34680,048f,12,CD 73 12 43 DA E9 9C 42 00 00 A8 42
1787902999.772666,34680,0490,12,01 C9 14 43 50 01 98 42 00 00 AA 42
1787902999.783312,34680,0491,12,FC 27 18 43 08 06 91 42 00 00 AC 42
1787902999.794033,34680,0492,12,30 7D 1C 43 12 3F 88 42 00 00 AE 42
1787902999.804626,34680,0493,12,EE AF 21 43 B1 0C 7C 42 00 00 B0 42
1787902999.815189,34680,0494,12,0C A2 27 43 0D 88 65 42 00 00 B2 42
1787902999.825792,34680,0495,12,7F 31 2E 43 05 D6 4D 42 00 00 B4 42
1787902999.836478,34680,0496,12,BE 38 35 43 6F E8 35 42 00 00 B6 42
1787902999.849783,34680,0497,12,05 8F 3C 43 0C B3 1E 42 00 00 B8 42
1787902999.861134,34680,0498,12,86 0A 44 43 9E 23 09 42 00 00 BA 42
1787902999.871876,34680,0499,12,D9 7F 4B 43 72 2B EC 41 00 00 BC 42
1787902999.882785,34680,049a,12,4F C4 52 43 A5 97 CC 41 00 00 BE 42
1787902999.893565,34680,049b,12,4E AE 59 43 18 CE B4 41 00 00 C0 42
1787902999.905947,34680,049c,12,BB 15 60 43 5C C1 A5 41 00 00 C2 42
1787902999.916579,34680,049d,12,18 D6 65 43 9D 0B A0 41 00 00 C4 42
1787902999.927181,34680,049e,12,0A CE 6A 43 BF E6 A3 41 00 00 C6 42
1787902999.937790,34680,049f,12,26 E1 6E 43 69 2B B1 41 00 00 C8 42
1787902999.948298,34680,04a0,12,14 F8 71 43 31 52 C7 41 00 00 CA 42
1787902999.959044,34680,04a1,12,E6 00 74 43 AF 79 E5 41 00 00 CC 42
1787902999.969741,34680,04a2,12,06 F0 74 43 7C 36 05 42 00 00 CE 42
1787902999.980611,34680,04a3,12,07 C0 74 43 BA 59 1A 42 00 00 D0 42
1787902999.990880,34680,04a4,12,08 72 73 43 DA 4E 31 42 00 00 D2 42
1787903000.001446,34680,04a5,12,76 0D 71 43 90 2B 49 42 00 00 D4 42
1787903000.011852,34680,04a6,12,31 A0 6D 43 CB FC 60 42 00 00 D6 42
1787903000.022516,34680,04a7,12,C1 3D 69 43 8A CE 77 42 00 00 D8 42
1787903000.032979,34680,04a8,12,95 FF 63 43 32 5C 86 42 00 00 DA 42
1787903000.043927,34680,04a9,12,B5 03 5E 43 74 72 8F 42 00 00 DC 42
1787903000.054800,34680,04aa,12,5B 6C 57 43 4F CD 96 42 00 00 DE 42
1787903000.065492,34680,04ab,12,C3 5F 50 43 C8 21 9C 42 00 00 E0 42
1787903000.075888,34680,04ac,12,17 06 49 43 45 39 9F 42 00 00 E2 42
1787903000.086764,34680,04ad,12,FA 89 41 43 58 F4 9F 42 00 00 E4 42
1787903000.097362,34680,04ae,12,43 16 3A 43 8C 4B 9E 42 00 00 E6 42
1787903000.110838,34680,04af,12,9A D5 32 43 D0 4F 9A 42 00 00 E8 42
1787903000.121368,34680,04b0,12,10 F2 2B 43 A8 29 94 42 00 00 EA 42
1787903000.131732,34680,04b1,12,E7 92 25 43 11 18 8C 42 00 00 EC 42
1787903000.142275,34680,04b2,12,14 DD 1F 43 4C 6D 82 42 00 00 EE 42
1787903000.152673,34680,04b3,12,3F F1 1A 43 00 18 6F 42 00 00 A0 41
1787903000.163314,34680,04b4,12,9A EB 16 43 6F C6 57 42 00 00 A8 41
1787903000.174249,34680,04b5,12,7A E3 13 43 67 D3 3F 42 00 00 B0 41
1787903000.184846,34680,04b6,12,25 EA 11 43 43 34 28 42 00 00 B8 41
1787903000.195508,34680,04b7,12,0F 0B 11 43 9D D9 11 42 00 00 C0 41
1787903000.206121,34680,04b8,12,29 4B 11 43 33 4F FB 41 00 00 C8 41
1787903000.216496,34680,04b9,12,10 A9 12 43 A6 D8 D8 41 00 00 D0 41
1787903000.228054,34680,04ba,12,D6 1C 15 43 D7 AE BD 41 00 00 D8 41
1787903000.238903,34680,04bb,12,81 98 18 43 0C E8 AA 41 00 00 E0 41
1787903000.249365,34680,04bc,12,DE 07 1D 43 4B 43 A1 41 00 00 E8 41
1787903000.259873,34680,04bd,12,82 51 22 43 00 23 A1 41 00 00 F0 41
1787903000.270598,34680,04be,12,31 57 28 43 72 88 AA 41 00 00 F8 41
1787903000.282052,34680,04bf,12,FC F5 2E 43 30 14 BD 41 00 00 00 42
1787903000.292740,34680,04c0,12,2A 08 36 43 3B 08 D8 41 00 00 04 42
1787903000.303211,34680,04c1,12,B8 64 3D 43 C7 51 FA 41 00 00 08 42
1787903000.313743,34680,04c2,12,80 E1 44 43 74 49 11 42 00 00 0C 42
1787903000.324092,34680,04c3,12,AA 53 4C 43 66 98 27 42 00 00 10 42
1787903000.334640,34680,04c4,12,03 90 53 43 84 32 3F 42 00 00 14 42
1787903000.345369,34680,04c5,12,52 6D 5A 43 06 26 57 42 00 00 18 42
1787903000.355806,34680,04c6,12,C5 C3 60 43 EE 7E 6E 42 00 00 1C 42
1787903000.366408,34680,04c7,12,1C 6F 66 43 7B 27 82 42 00 00 20 42
1787903000.376929,34680,04c8,12,DD 4E 6B 43 C2 DB 8B 42 00 00 24 42
1787903000.388512,34680,04c9,12,C2 46 6F 43 64 F9 93 42 00 00 28 42
1787903000.400787,34680,04ca,12,2F 40 72 43 3F 2D 9A 42 00 00 2C 42
1787903000.412775,34680,04cb,12,E3 29 74 43 32 38 9E 42 00 00 30 42
1787903000.424604,34680,04cc,12,F6 F8 74 43 FB F0 9F 42 00 00 34 42
1787903000.437495,34680,04cd,12,BB A8 74 43 07 46 9F 42 00 00 38 42
1787903000.448075,34680,04ce,12,05 3B 73 43 12 3E 9C 42 00 00 3C 42
1787903000.458704,34680,04cf,12,F6 B7 70 43 29 F8 96 42 00 00 40 42
1787903000.469392,34680,04d0,12,22 2E 6D 43 14 AA 8F 42 00 00 44 42
1787903000.480060,34680,04d1,12,D2 B1 68 43 60 9E 86 42 00 00 48 42
1787903000.491039,34680,04d2,12,AA 5C 63 43 BC 62 78 42 00 00 4C 42
1787903000.502018,34680,04d3,12,98 4D 5D 43 75 9A 61 42 00 00 50 42
1787903000.513049,34680,04d4,12,23 A7 56 43 50 CD 49 42 00 00 54 42
1787903000.523800,34680,04d5,12,DD 8F 4F 43 C6 ED 31 42 00 00 58 42
1787903000.534237,34680,04d6,12,60 30 48 43 7C EF 1A 42 00 00 5C 42
1787903000.545092,34680,04d7,12,DD B2 40 43 1C BD 05 42 00 00 60 42
1787903000.557788,34680,04d8,12,C6 42 39 43 46 5D E6 41 00 00 64 42
1787903000.568773,34680,04d9,12,7D 0A 32 43 59 04 C8 41 00 00 68 42
1787903000.579350,34680,04da,12,E4 33 2B 43 5E A4 B1 41 00 00 6C 42
1787903000.590176,34680,04db,12,18 E6 24 43 AE 21 A4 41 00 00 70 42
1787903000.601344,34680,04dc,12,34 45 1F 43 2D 06 A0 41 00 00 74 42
1787903000.612026,34680,04dd,12,E0 71 1A 43 F7 7B A5 41 00 00 78 42
1787903000.622620,34680,04de,12,98 87 16 43 1F 4B B4 41 00 00 7C 42
1787903000.633225,34680,04df,12,14 9D 13 43 83 DC CB 41 00 00 80 42
1787903000.643773,34680,04e0,12,F9 C2 11 43 9D 3F EB 41 00 00 82 42
1787903000.654274,34680,04e1,12,EC 03 11 43 0E 9A 08 42 00 00 84 42
1787903000.665192,34680,04e2,12,41 64 11 43 C1 1B 1E 42 00 00 86 42
1787903000.675925,34680,04e3,12,D3 E1 12 43 96 48 35 42 00 00 88 42
1787903000.686568,34680,04e4,12,FD 73 15 43 6F 34 4D 42 00 00 8A 42
1787903000.697326,34680,04e5,12,FD 0B 19 43 29 EB 64 42 00 00 8C 42
1787903000.709000,34680,04e6,12,4C 95 1D 43 C2 7A 7B 42 00 00 8E 42
1787903000.719549,34680,04e7,12,9A F5 22 43 AC FE 87 42 00 00 90 42
1787903000.730095,34680,04e8,12,43 0E 29 43 69 D0 90 42 00 00 92 42
1787903000.741146,34680,04e9,12,EC BB 2F 43 CA D8 97 42 00 00 94 42
1787903000.751765,34680,04ea,12,56 D8 36 43 0B D0 9C 42 00 00 96 42
1787903000.762399,34680,04eb,12,D2 3A 3E 43 7C 83 9F 42 00 00 98 42
1787903000.773052,34680,04ec,12,89 B8 45 43 8B D7 9F 42 00 00 9A 42
1787903000.783886,34680,04ed,12,CE 26 4D 43 D8 C8 9D 42 00 00 9C 42
1787903000.794688,34680,04ee,12,84 5A 54 43 6C 6C 99 42 00 00 9E 42
1787903000.805388,34680,04ef,12,78 2A 5B 43 C7 EE 92 42 00 00 A0 42
1787903000.816276,34680,04f0,12,A7 6F 61 43 28 92 8A 42 00 00 A2 42
1787903000.826811,34680,04f1,12,B2 05 67 43 B2 AB 80 42 00 00 A4 42
1787903000.837252,34680,04f2,12,C5 CC 6B 43 9D 41 6B 42 00 00 A6 42
1787903000.847889,34680,04f3,12,29 A9 6F 43 07 C4 53 42 00 00 A8 42
1787903000.858559,34680,04f4,12,CE 84 72 43 5E CE 3B 42 00 00 AA 42
1787903000.869131,34680,04f5,12,50 4F 74 43 26 55 24 42 00 00 AC 42
1787903000.879918,34680,04f6,12,4A FE 74 43 88 47 0E 42 00 00 AE 42
1787903000.896005,34680,04f7,12,D7 8D 74 43 DD 0E F5 41 00 00 B0 42
1787903000.918781,34680,04f8,12,84 00 73 43 F0 BB D3 41 00 00 B2 42
1787903000.932918,34680,04f9,12,3D 5F 70 43 62 EA B9 41 00 00 B4 42
1787903000.957367,34680,04fa,12,06 B9 6C 43 B0 A1 A8 41 00 00 B6 42
1787903000.974599,34680,04fb,12,09 23 68 43 2E 92 A0 41 00 00 B8 42
1787903000.985546,34680,04fc,12,68 B7 62 43 71 0E A2 41 00 00 BA 42
1787903000.996254,34680,04fd,12,94 95 5C 43 0F 07 AD 41 00 00 BC 42
1787903001.006910,34680,04fe,12,AC E0 55 43 11 0C C1 41 00 00 BE 42
1787903001.018578,34680,04ff,12,0E BF 4E 43 27 51 DD 41 00 00 C0 42
1787903001.029986,34680,0500,12,18 5A 47 43 48 5B 00 42 00 00 C2 42
1787903001.040575,34680,0501,12,EB DB 3F 43 D5 E8 14 42 00 00 C4 42
1787903001.051753,34680,0502,12,FE 6F 38 43 CC 7F 2B 42 00 00 C6 42
1787903001.062979,34680,0503,12,CA 40 31 43 A1 39 43 42 00 00 C8 42
1787903001.073558,34680,0504,12,70 77 2A 43 A7 24 5B 42 00 00 CA 42
1787903001.084881,34680,0505,12,4E 3B 24 43 67 4B 72 42 00 00 CC 42
1787903001.096690,34680,0506,12,EB AF 1E 43 B0 E1 83 42 00 00 CE 42
1787903001.107422,34680,0507,12,70 F5 19 43 40 58 8D 42 00 00 D0 42
1787903001.117918,34680,0508,12,CE 26 16 43 88 28 95 42 00 00 D2 42
1787903001.128463,34680,0509,12,1C 5A 13 43 64 03 9B 42 00 00 D4 42
1787903001.139030,34680,050a,12,54 9F 11 43 9E AC 9E 42 00 00 D6 42
1787903001.149524,34680,050b,12,67 00 11 43 24 FF 9F 42 00 00 D8 42
1787903001.159900,34680,050c,12,F0 80 11 43 43 ED 9E 42 00 00 DA 42
1787903001.170733,34680,050d,12,12 1E 13 43 17 82 9B 42 00 00 DC 42
1787903001.181755,34680,050e,12,70 CE 15 43 40 E0 95 42 00 00 DE 42
1787903001.192862,34680,050f,12,9E 82 19 43 A6 41 8E 42 00 00 E0 42
1787903001.203863,34680,0510,12,70 25 1E 43 78 F3 84 42 00 00 E2 42
1787903001.214797,34680,0511,12,03 9C 23 43 E9 A9 74 42 00 00 E4 42
1787903001.225497,34680,0512,12,36 C7 29 43 EA A5 5D 42 00 00 E6 42
1787903001.236042,34680,0513,12,41 83 30 43 14 C4 45 42 00 00 E8 42
1787903001.246676,34680,0514,12,93 A9 37 43 F7 F9 2D 42 00 00 EA 42
1787903001.257177,34680,0515,12,44 11 3F 43 8A 38 17 42 00 00 EC 42
1787903001.267810,34680,0516,12,60 8F 46 43 02 69 02 42 00 00 EE 42
1787903001.278310,34680,0517,12,36 F9 4D 43 DF C0 E0 41 00 00 A0 41
1787903001.289713,34680,0518,12,C4 23 55 43 F7 AA C3 41 00 00 A8 41
1787903001.301121,34680,0519,12,0A E6 5B 43 5A BB AE 41 00 00 B0 41
1787903001.311805,34680,051a,12,55 19 62 43 1B C6 A2 41 00 00 B8 41
1787903001.322206,34680,051b,12,AD 99 67 43 42 46 A0 41 00 00 C0 41
1787903001.332832,34680,051c,12,B9 47 6C 43 DF 54 A7 41 00 00 C8 41
1787903001.343313,34680,051d,12,54 08 70 43 74 AA B7 41 00 00 D0 41
1787903001.353704,34680,051e,12,0E C6 72 43 10 9F D0 41 00 00 D8 41
1787903001.364325,34680,051f,12,2C 71 74 43 EA 35 F1 41 00 00 E0 41
1787903001.374865,34680,0520,12,00 00 75 43 C7 10 0C 42 00 00 E8 41
1787903001.385262,34680,0521,12,5C 6F 74 43 78 E9 21 42 00 00 F0 41
1787903001.395805,34680,0522,12,89 C2 72 43 BE 47 39 42 00 00 F8 41
1787903001.406986,34680,0523,12,26 03 70 43 54 3B 51 42 00 00 00 42
1787903001.417471,34680,0524,12,E3 40 6C 43 9D D1 68 42 00 00 04 42
1787903001.429951,34680,0525,12,8E 91 67 43 EA 18 7F 42 00 00 08 42
1787903001.440649,34680,0526,12,DA 0F 62 43 8C 96 89 42 00 00 0C 42
1787903001.451498,34680,0527,12,B6 DB 5B 43 63 21 92 42 00 00 10 42
1787903001.462042,34680,0528,12,AA 18 55 43 25 D5 98 42 00 00 14 42
1787903001.472478,34680,0529,12,66 ED 4D 43 EF 6D 9D 42 00 00 18 42
1787903001.483276,34680,052a,12,7F 83 46 43 87 BC 9F 42 00 00 1C 42
1787903001.493826,34680,052b,12,33 05 3F 43 70 A9 9F 42 00 00 20 42
1787903001.504343,34680,052c,12,FA 9D 37 43 68 35 9D 42 00 00 24 42
1787903001.514775,34680,052d,12,31 78 30 43 AC 79 98 42 00 00 28 42
1787903001.525275,34680,052e,12,C3 BC 29 43 2B A6 91 42 00 00 2C 42
1787903001.535860,34680,052f,12,BF 92 23 43 B8 00 89 42 00 00 30 42
1787903001.546254,34680,0530,12,42 1D 1E 43 FE C3 7D 42 00 00 34 42
1787903001.556680,34680,0531,12,F9 7B 19 43 04 61 67 42 00 00 38 42
1787903001.567345,34680,0532,12,5A C9 15 43 AF BE 4F 42 00 00 3C 42
1787903001.577757,34680,0533,12,97 1A 13 43 64 CC 37 42 00 00 40 42
1787903001.588254,34680,0534,12,42 7F 11 43 79 7F 20 42 00 00 44 42
1787903001.600895,34680,0535,12,81 00 11 43 91 C6 0A 42 00 00 48 42
1787903001.611691,34680,0536,12,35 A1 11 43 65 FB EE 41 00 00 4C 42
1787903001.622248,34680,0537,12,BA 5D 13 43 4E D6 CE 41 00 00 50 42
1787903001.632833,34680,0538,12,2A 2C 16 43 7A 63 B6 41 00 00 54 42
1787903001.643304,34680,0539,12,3F FC 19 43 D5 9D A6 41 00 00 58 42
1787903001.653808,34680,053a,12,3E B8 1E 43 71 26 A0 41 00 00 5C 42
1787903001.664128,34680,053b,12,B2 44 24 43 CB 3E A3 41 00 00 60 42
1787903001.677078,34680,053c,12,D2 81 2A 43 12 C7 AF 41 00 00 64 42
1787903001.687595,34680,053d,12,ED 4B 31 43 54 40 C5 41 00 00 68 42
1787903001.698299,34680,053e,12,A3 7B 38 43 12 CF E2 41 00 00 6C 42
1787903001.708716,34680,053f,12,00 E8 3F 43 08 A2 03 42 00 00 70 42
1787903001.719339,34680,0540,12,F5 65 47 43 02 97 18 42 00 00 74 42
1787903001.729697,34680,0541,12,A2 CA 4E 43 FE 6E 2F 42 00 00 78 42
1787903001.740011,34680,0542,12,B3 EB 55 43 97 42 47 42 00 00 7C 42
1787903001.750379,34680,0543,12,CF 9F 5C 43 BD 1D 5F 42 00 00 80 42
1787903001.760721,34680,0544,12,C3 C0 62 43 12 0C 76 42 00 00 82 42
1787903001.771152,34680,0545,12,01 2B 68 43 A8 92 85 42 00 00 84 42
1787903001.781552,34680,0546,12,94 BF 6C 43 44 C8 8E 42 00 00 86 42
1787903001.793113,34680,0547,12,3D 64 70 43 94 49 96 42 00 00 88 42
1787903001.804620,34680,0548,12,D8 03 73 43 9A C9 9B 42 00 00 8A 42
1787903001.815100,34680,0549,12,72 8F 74 43 1C 10 9F 42 00 00 8C 42
1787903001.825539,34680,054a,12,16 FE 74 43 EC FB 9F 42 00 00 8E 42
1787903001.835948,34680,054b,12,56 4D 74 43 93 83 9E 42 00 00 90 42
1787903001.846272,34680,054c,12,18 81 72 43 F4 B5 9A 42 00 00 92 42
1787903001.856746,34680,054d,12,CD A3 6F 43 E5 B9 94 42 00 00 94 42
1787903001.867690,34680,054e,12,C4 C5 6B 43 D2 CC 8C 42 00 00 96 42
1787903001.878391,34680,054f,12,6F FD 66 43 06 3F 83 42 00 00 98 42
1787903001.888921,34680,0550,12,33 66 61 43 76 E5 70 42 00 00 9A 42
1787903001.899517,34680,0551,12,0A 20 5B 43 A4 AA 59 42 00 00 9C 42
1787903001.910339,34680,0552,12,58 4F 54 43 7F BB 41 42 00 00 9E 42
1787903001.920932,34680,0553,12,F3 1A 4D 43 3B 0D 2A 42 00 00 A0 42
1787903001.931449,34680,0554,12,A5 AC 45 43 B8 8F 13 42 00 00 A2 42
1787903001.943049,34680,0555,12,F7 2E 3E 43 66 54 FE 41 00 00 A4 42
1787903001.953480,34680,0556,12,C9 CC 36 43 8E 56 DB 41 00 00 A6 42
1787903001.963866,34680,0557,12,EF B0 2F 43 C1 8C BF 41 00 00 A8 42
1787903001.974438,34680,0558,12,EB 03 29 43 39 13 AC 41 00 00 AA 42
1787903001.985120,34680,0559,12,76 EC 22 43 3A AF A1 41 00 00 AC 42
1787903001.995446,34680,055a,12,67 8D 1D 43 9A CB A0 41 00 00 AE 42
1787903002.005867,34680,055b,12,84 05 19 43 5B 71 A9 41 00 00 B0 42
1787903002.016783,34680,055c,12,14 6F 15 43 71 48 BB 41 00 00 B2 42
1787903002.027294,34680,055d,12,8A DE 12 43 94 99 D5 41 00 00 B4 42
1787903002.037813,34680,055e,12,C5 62 11 43 34 5A F7 41 00 00 B6 42
1787903002.048348,34680,055f,12,39 04 11 43 A2 97 0F 42 00 00 B8 42
1787903002.058909,34680,0560,12,0C C5 11 43 A7 C2 25 42 00 00 BA 42
1787903002.069381,34680,0561,12,E2 A0 13 43 29 4B 3D 42 00 00 BC 42
1787903002.079773,34680,0562,12,22 8D 16 43 04 40 55 42 00 00 BE 42
1787903002.090358,34680,0563,12,D8 78 1A 43 90 AE 6C 42 00 00 C0 42
1787903002.100905,34680,0564,12,8A 4D 1F 43 F0 52 81 42 00 00 C2 42
1787903002.113053,34680,0565,12,9C EF 24 43 B9 23 8B 42 00 00 C4 42
1787903002.124357,34680,0566,12,5E 3E 2B 43 02 65 93 42 00 00 C6 42
1787903002.135221,34680,0567,12,E1 15 32 43 52 C2 99 42 00 00 C8 42
1787903002.147032,34680,0568,12,75 4E 39 43 31 FB 9D 42 00 00 CA 42
1787903002.158662,34680,0569,12,C3 BE 40 43 36 E4 9F 42 00 00 CC 42
1787903002.169108,34680,056a,12,39 3C 48 43 09 6A 9F 42 00 00 CE 42
1787903002.180780,34680,056b,12,64 9B 4F 43 68 91 9C 42 00 00 D0 42
1787903002.191432,34680,056c,12,44 B2 56 43 9E 77 97 42 00 00 D2 42
1787903002.203751,34680,056d,12,B9 57 5D 43 57 50 90 42 00 00 D4 42
1787903002.214689,34680,056e,12,BE 65 63 43 20 65 87 42 00 00 D6 42
1787903002.225464,34680,056f,12,A5 B9 68 43 9E 20 7A 42 00 00 D8 42
1787903002.235938,34680,0570,12,86 34 6D 43 54 77 63 42 00 00 DA 42
1787903002.246439,34680,0571,12,DC BC 70 43 A1 B6 4B 42 00 00 DC 42
1787903002.256897,34680,0572,12,28 3E 73 43 1C CF 33 42 00 00 DE 42
1787903002.267498,34680,0573,12,1D AA 74 43 8F B6 1C 42 00 00 E0 42
1787903002.277958,34680,0574,12,8F F8 74 43 EC 56 07 42 00 00 E2 42
1787903002.288446,34680,0575,12,B6 27 74 43 8F 16 E9 41 00 00 E4 42
1787903002.299122,34680,0576,12,38 3C 72 43 09 28 CA 41 00 00 E6 42
1787903002.309509,34680,0577,12,38 41 6F 43 96 1B B3 41 00 00 E8 42
1787903002.319780,34680,0578,12,D0 47 6B 43 31 DE A4 41 00 00 EA 42
1787903002.330274,34680,0579,12,B4 66 66 43 17 00 A0 41 00 00 EC 42
1787903002.340715,34680,057a,12,32 BA 60 43 B6 B3 A4 41 00 00 EE 42
1787903002.351536,34680,057b,12,A0 62 5A 43 52 C8 B2 41 00 00 A0 41
1787903002.362396,34680,057c,12,C6 84 53 43 4D AF C9 41 00 00 A8 41
1787903002.372990,34680,057d,12,F6 47 4C 43 2D 7D E8 41 00 00 B0 41
1787903002.383424,34680,057e,12,99 D5 44 43 F5 FC 06 42 00 00 B8 41
1787903002.394196,34680,057f,12,E2 58 3D 43 EA 52 1C 42 00 00 C0 41
1787903002.404756,34680,0580,12,79 FC 35 43 C1 65 33 42 00 00 C8 41
1787903002.415346,34680,0581,12,13 EB 2E 43 C3 4B 4B 42 00 00 D0 41
1787903002.426072,34680,0582,12,1E 4D 28 43 37 0F 63 42 00 00 D8 41
1787903002.436884,34680,0583,12,7F 48 22 43 68 BF 79 42 00 00 E0 41
1787903002.447208,34680,0584,12,20 00 1D 43 E8 39 87 42 00 00 E8 41
1787903002.460096,34680,0585,12,18 92 18 43 3C 2C 90 42 00 00 F0 41
1787903002.471056,34680,0586,12,1C 18 15 43 10 5C 97 42 00 00 F8 41
1787903002.481930,34680,0587,12,06 A6 12 43 7F 7F 9C 42 00 00 00 42
1787903002.493844,34680,0588,12,E1 49 11 43 7E 62 9F 42 00 00 04 42
1787903002.504215,34680,0589,12,8F 0B 11 43 56 E7 9F 42 00 00 08 42
1787903002.514574,34680,058a,12,74 EC 11 43 DA 08 9E 42 00 00 0C 42
1787903002.525070,34680,058b,12,79 E7 13 43 FA D9 99 42 00 00 10 42
1787903002.535408,34680,058c,12,3A F1 16 43 B6 85 93 42 00 00 14 42
1787903002.545854,34680,058d,12,61 F8 1A 43 2E 4C 8B 42 00 00 18 42
1787903002.556169,34680,058e,12,8F E5 1F 43 87 81 81 42 00 00 1C 42
1787903002.566734,34680,058f,12,B2 9C 25 43 4C 14 6D 42 00 00 20 42
1787903002.577246,34680,0590,12,A2 FC 2B 43 40 AA 55 42 00 00 24 42
1787903002.587710,34680,0591,12,DF E0 32 43 A9 B5 3D 42 00 00 28 42
1787903002.601173,34680,0592,12,FB 21 3A 43 2C 29 26 42 00 00 2C 42
1787903002.611881,34680,0593,12,E1 95 41 43 15 F6 0F 42 00 00 30 42
1787903002.622404,34680,0594,12,1B 12 49 43 70 FF F7 41 00 00 34 42
1787903002.632761,34680,0595,12,3C 6B 50 43 8F 20 D6 41 00 00 38 42
1787903002.643068,34680,0596,12,3A 77 57 43 C8 AB BB 41 00 00 3C 42
1787903002.653481,34680,0597,12,BA 0D 5E 43 19 AD A9 41 00 00 40 42
1787903002.663802,34680,0598,12,86 08 64 43 5E DD A0 41 00 00 44 42
1787903002.674137,34680,0599,12,8D 45 69 43 4F 96 A1 41 00 00 48 42
1787903002.684438,34680,059a,12,6A A6 6D 43 9B D0 AB 41 00 00 4C 42
1787903002.694925,34680,059b,12,18 12 71 43 1B 23 BF 41 00 00 50 42
1787903002.705299,34680,059c,12,F9 74 73 43 13 CA DA 41 00 00 54 42
1787903002.715809,34680,059d,12,36 C1 74 43 B2 AA FD 41 00 00 58 42
1787903002.726503,34680,059e,12,69 EF 74 43 A3 2F 13 42 00 00 5C 42
1787903002.737075,34680,059f,12,87 FE 73 43 C0 A5 29 42 00 00 60 42
1787903002.747799,34680,05a0,12,FD F3 71 43 BE 50 41 42 00 00 64 42
1787903002.758062,34680,05a1,12,6F DB 6E 43 DE 40 59 42 00 00 68 42
1787903002.768449,34680,05a2,12,D3 C6 6A 43 E4 80 70 42 00 00 6C 42
1787903002.778873,34680,05a3,12,68 CD 65 43 57 11 83 42 00 00 70 42
1787903002.789395,34680,05a4,12,0A 0C 60 43 90 A5 8C 42 00 00 74 42
1787903002.800498,34680,05a5,12,B1 A3 59 43 A0 9A 94 42 00 00 78 42
1787903002.811194,34680,05a6,12,01 B9 52 43 ED 9F 9A 42 00 00 7C 42
1787903002.821618,34680,05a7,12,1C 74 4B 43 A9 77 9E 42 00 00 80 42
1787903002.832023,34680,05a8,12,6B FE 43 43 99 FA 9F 42 00 00 82 42
1787903002.842586,34680,05a9,12,36 83 3C 43 6D 19 9F 42 00 00 84 42
1787903002.853224,34680,05aa,12,4C 2D 35 43 30 DD 9B 42 00 00 86 42
1787903002.863765,34680,05ab,12,AB 26 2E 43 A9 66 96 42 00 00 88 42
1787903002.874338,34680,05ac,12,15 98 27 43 AE ED 8E 42 00 00 8A 42
1787903002.884765,34680,05ad,12,E7 A6 21 43 E8 BE 85 42 00 00 8C 42
1787903002.895176,34680,05ae,12,98 75 1C 43 BA 6E 76 42 00 00 8E 42
1787903002.905628,34680,05af,12,D9 21 18 43 9C 86 5F 42 00 00 90 42
1787903002.915961,34680,05b0,12,76 C4 14 43 7F AD 47 42 00 00 92 42
1787903002.926333,34680,05b1,12,F5 70 12 43 AD D7 2F 42 00 00 94 42
1787903002.936651,34680,05b2,12,95 34 11 43 4B F9 18 42 00 00 96 42
1787903002.947079,34680,05b3,12,84 16 11 43 00 FA 03 42 00 00 98 42
1787903002.957571,34680,05b4,12,60 17 12 43 5D 63 E3 41 00 00 9A 42
1787903002.969015,34680,05b5,12,78 31 14 43 0F B3 C5 41 00 00 9C 42
1787903002.980463,34680,05b6,12,9A 58 17 43 AA 13 B0 41 00 00 9E 42
1787903002.992971,34680,05b7,12,D0 7A 1B 43 34 62 A3 41 00 00 A0 42
1787903003.003542,34680,05b8,12,1E 80 20 43 40 1F A0 41 00 00 A2 42
1787903003.014069,34680,05b9,12,C0 4B 26 43 56 6C A6 41 00 00 A4 42
1787903003.024675,34680,05ba,12,92 BC 2C 43 A2 09 B6 41 00 00 A6 42
1787903003.035248,34680,05bb,12,38 AD 33 43 B6 57 CE 41 00 00 A8 42
1787903003.045673,34680,05bc,12,26 F6 3A 43 17 5D EE 41 00 00 AA 42
1787903003.056138,34680,05bd,12,1A 6D 42 43 B6 6A 0A 42 00 00 AC 42
1787903003.066539,34680,05be,12,5B E7 49 43 96 1A 20 42 00 00 AE 42
1787903003.076938,34680,05bf,12,1C 3A 51 43 7C 62 37 42 00 00 B0 42
1787903003.087270,34680,05c0,12,E2 3A 58 43 FC 53 4F 42 00 00 B2 42
1787903003.097634,34680,05c1,12,C6 C1 5E 43 C7 F9 66 42 00 00 B4 42
1787903003.107975,34680,05c2,12,EB A8 64 43 55 64 7D 42 00 00 B6 42
1787903003.118324,34680,05c3,12,90 CE 69 43 96 D6 88 42 00 00 B8 42
1787903003.128739,34680,05c4,12,37 15 6E 43 68 83 91 42 00 00 BA 42
1787903003.139142,34680,05c5,12,12 64 71 43 AC 5F 98 42 00 00 BC 42
1787903003.149624,34680,05c6,12,48 A8 73 43 34 25 9D 42 00 00 BE 42
1787903003.160433,34680,05c7,12,B4 D4 74 43 AD A3 9F 42 00 00 C0 42
1787903003.170894,34680,05c8,12,A9 E2 74 43 71 C1 9F 42 00 00 C2 42
1787903003.181272,34680,05c9,12,CC D1 73 43 52 7D 9D 42 00 00 C4 42
1787903003.191979,34680,05ca,12,4B A8 71 43 66 EE 98 42 00 00 C6 42
1787903003.202930,34680,05cb,12,79 72 6E 43 7F 43 92 42 00 00 C8 42
1787903003.213416,34680,05cc,12,F5 42 6A 43 28 C0 89 42 00 00 CA 42
1787903003.251924,34680,05cd,12,BD 31 65 43 CD 77 7F 42 00 00 CC 42
1787903003.263617,34680,05ce,12,C8 5B 5F 43 66 38 69 42 00 00 CE 42
1787903003.274957,34680,05cf,12,F1 E2 58 43 E8 A5 51 42 00 00 D0 42
1787903003.285829,34680,05d0,12,19 EC 51 43 DE B1 39 42 00 00 D2 42
1787903003.297517,34680,05d1,12,A5 9F 4A 43 E8 4E 22 42 00 00 D4 42
1787903003.307782,34680,05d2,12,5D 27 43 43 7E 6D 0C 42 00 00 D6 42
1787903003.318477,34680,05d3,12,02 AE 3B 43 7E D6 F1 41 00 00 D8 42
1787903003.331244,34680,05d4,12,EE 5E 34 43 63 20 D1 41 00 00 DA 42
1787903003.342555,34680,05d5,12,C6 63 2D 43 60 07 B8 41 00 00 DC 42
1787903003.353010,34680,05d6,12,09 E5 26 43 AE 89 A7 41 00 00 DE 42
1787903003.363435,34680,05d7,12,DE 07 21 43 DA 50 A0 41 00 00 E0 42
1787903003.374526,34680,05d8,12,DC ED 1B 43 0F A6 A2 41 00 00 E2 42
1787903003.384991,34680,05d9,12,9A B4 17 43 F1 71 AE 41 00 00 E4 42
1787903003.395473,34680,05da,12,2A 74 14 43 20 3B C3 41 00 00 E6 42
1787903003.406871,34680,05db,12,68 3F 12 43 0E 2F E0 41 00 00 E8 42
1787903003.417500,34680,05dc,12,E9 22 11 43 06 12 02 42 00 00 EA 42
1787903003.429516,34680,05dd,12,15 25 11 43 F0 D6 16 42 00 00 EC 42
1787903003.439936,34680,05de,12,E0 45 12 43 A4 91 2D 42 00 00 EE 42
1787903003.450585,34680,05df,12,DC 7E 14 43 31 59 45 42 00 00 A0 41
1787903003.461009,34680,05e0,12,24 C3 17 43 B9 3C 5D 42 00 00 A8 41
1787903003.471456,34680,05e1,12,FC FF 1B 43 9D 46 74 42 00 00 B0 41
1787903003.481732,34680,05e2,12,2C 1D 21 43 BF C6 84 42 00 00 B8 41
1787903003.492102,34680,05e3,12,0A FD 26 43 A2 1B 8E 42 00 00 C0 41
1787903003.502453,34680,05e4,12,1E 7E 2D 43 75 C2 95 42 00 00 C8 41
1787903003.512846,34680,05e5,12,AC 7A 34 43 B6 6D 9B 42 00 00 D0 41
1787903003.523240,34680,05e6,12,B4 CA 3B 43 1B E3 9E 42 00 00 D8 41
1787903003.538481,34680,05e7,12,5E 44 43 43 9C FF 9F 42 00 00 E0 41
1787903003.554084,34680,05e8,12,4D BC 4A 43 B4 B7 9E 42 00 00 E8 41
1787903003.564640,34680,05e9,12,F4 07 52 43 A4 18 9B 42 00 00 F0 41
1787903003.575032,34680,05ea,12,01 FD 58 43 1B 47 95 42 00 00 F8 41
1787903003.585382,34680,05eb,12,A6 73 5F 43 EC 7E 8D 42 00 00 00 42
1787903003.595738,34680,05ec,12,E0 46 65 43 EC 0E 84 42 00 00 04 42
1787903003.606136,34680,05ed,12,E4 54 6A 43 63 AF 72 42 00 00 08 42
1787903003.616590,34680,05ee,12,E5 80 6E 43 2A 8E 5B 42 00 00 0C 42
1787903003.626990,34680,05ef,12,B0 B2 71 43 76 A4 43 42 00 00 10 42
1787903003.637481,34680,05f0,12,07 D8 73 43 26 E8 2B 42 00 00 14 42
1787903003.647913,34680,05f1,12,97 E4 74 43 A6 49 15 42 00 00 18 42
1787903003.658382,34680,05f2,12,4A D2 74 43 C8 B0 00 42 00 00 1C 42
1787903003.668852,34680,05f3,12,88 A1 73 43 CE E0 DD 41 00 00 20 42
1787903003.679276,34680,05f4,12,39 59 71 43 AA 78 C1 41 00 00 24 42
1787903003.689867,34680,05f5,12,78 06 6E 43 35 4D AD 41 00 00 28 42
1787903003.701017,34680,05f6,12,40 BC 69 43 BD 2A A2 41 00 00 2C 42
1787903003.711386,34680,05f7,12,73 93 64 43 DF 83 A0 41 00 00 30 42
1787903003.721860,34680,05f8,12,78 A9 5E 43 F9 68 A8 41 00 00 34 42
1787903003.732223,34680,05f9,12,9D 20 58 43 12 8A B9 41 00 00 38 42
1787903003.742592,34680,05fa,12,4C 1E 51 43 0A 37 D3 41 00 00 3C 42
1787903003.752991,34680,05fb,12,A1 CA 49 43 CF 6B F4 41 00 00 40 42
1787903003.763619,34680,05fc,12,1A 50 42 43 4D EA 0D 42 00 00 44 42
1787903003.773997,34680,05fd,12,56 D9 3A 43 AE EE 23 42 00 00 48 42
1787903003.784337,34680,05fe,12,9F 91 33 43 07 64 3B 42 00 00 4C 42
1787903003.794687,34680,05ff,12,9E A2 2C 43 26 59 53 42 00 00 50 42
1787903003.805027,34680,0600,12,05 34 26 43 5E DB 6A 42 00 00 54 42
1787903003.815399,34680,0601,12,25 6B 20 43 E6 7C 80 42 00 00 58 42
1787903003.825853,34680,0602,12,F4 68 1B 43 F9 68 8A 42 00 00 5C 42
1787903003.836306,34680,0603,12,7E 4A 17 43 67 CD 92 42 00 00 60 42
1787903003.846649,34680,0604,12,4D 27 14 43 E6 53 99 42 00 00 64 42
1787903003.857450,34680,0605,12,62 11 12 43 5D BA 9D 42 00 00 68 42
1787903003.868002,34680,0606,12,D4 14 11 43 97 D3 9F 42 00 00 6C 42
1787903003.878587,34680,0607,12,43 37 11 43 37 8A 9F 42 00 00 70 42
1787903003.893261,34680,0608,12,E7 77 12 43 25 E1 9C 42 00 00 74 42
1787903003.903871,34680,0609,12,8A CF 14 43 BB F3 97 42 00 00 78 42
1787903003.915470,34680,060a,12,CE 30 18 43 E2 F3 90 42 00 00 7C 42
1787903003.925851,34680,060b,12,19 88 1C 43 33 29 88 42 00 00 80 42
1787903003.936306,34680,060c,12,AE BC 21 43 AC DB 7B 42 00 00 82 42
1787903003.946703,34680,060d,12,5C B0 27 43 E0 52 65 42 00 00 84 42
1787903003.957165,34680,060e,12,0B 41 2E 43 B4 9F 4D 42 00 00 86 42
1787903003.967576,34680,060f,12,2D 49 35 43 38 B2 35 42 00 00 88 42
1787903003.978010,34680,0610,12,F9 9F 3C 43 90 7F 1E 42 00 00 8A 42
1787903003.988496,34680,0611,12,9C 1B 44 43 52 F5 08 42 00 00 8C 42
1787903003.998857,34680,0612,12,B0 90 4B 43 59 DB EB 41 00 00 8E 42
1787903004.009228,34680,0613,12,86 D4 52 43 94 58 CC 41 00 00 90 42
1787903004.022465,34680,0614,12,89 BD 59 43 82 A1 B4 41 00 00 92 42
1787903004.032809,34680,0615,12,A1 23 60 43 94 A9 A5 41 00 00 94 42
1787903004.043951,34680,0616,12,59 E2 65 43 98 09 A0 41 00 00 96 42
1787903004.054604,34680,0617,12,5F D8 6A 43 8B FA A3 41 00 00 98 42
1787903004.065875,34680,0618,12,55 E9 6E 43 E6 53 B1 41 00 00 9A 42
1787903004.076395,34680,0619,12,ED FD 71 43 71 8E C7 41 00 00 9C 42
1787903004.087063,34680,061a,12,48 04 74 43 F2 C6 E5 41 00 00 9E 42
1787903004.097870,34680,061b,12,DD F0 74 43 B0 63 05 42 00 00 A0 42
1787903004.108473,34680,061c,12,4F BE 74 43 79 8C 1A 42 00 00 A2 42
1787903004.119077,34680,061d,12,CA 6D 73 43 43 84 31 42 00 00 A4 42
1787903004.129577,34680,061e,12,CB 06 71 43 69 62 49 42 00 00 A6 42
1787903004.139963,34680,061f,12,40 97 6D 43 6E 32 61 42 00 00 A8 42
1787903004.150299,34680,0620,12,BC 32 69 43 66 00 78 42 00 00 AA 42
1787903004.160746,34680,0621,12,BC F2 63 43 A9 72 86 42 00 00 AC 42
1787903004.171282,34680,0622,12,52 F5 5D 43 30 85 8F 42 00 00 AE 42
1787903004.182148,34680,0623,12,C0 5C 57 43 E1 DB 96 42 00 00 B0 42
1787903004.192584,34680,0624,12,4A 4F 50 43 72 2B 9C 42 00 00 B2 42
1787903004.203461,34680,0625,12,1F F5 48 43 9B 3D 9F 42 00 00 B4 42
1787903004.213959,34680,0626,12,E4 78 41 43 40 F3 9F 42 00 00 B6 42
1787903004.225960,34680,0627,12,72 05 3A 43 16 45 9E 42 00 00 B8 42
1787903004.236654,34680,0628,12,6E C5 32 43 22 44 9A 42 00 00 BA 42
1787903004.247221,34680,0629,12,E7 E2 2B 43 48 19 94 42 00 00 BC 42
1787903004.257653,34680,062a,12,18 85 25 43 D3 03 8C 42 00 00 BE 42
1787903004.268114,34680,062b,12,EE D0 1F 43 A6 55 82 42 00 00 C0 42
1787903004.278624,34680,062c,12,07 E7 1A 43 92 E4 6E 42 00 00 C2 42
1787903004.289520,34680,062d,12,8B E3 16 43 0E 90 57 42 00 00 C4 42
1787903004.300088,34680,062e,12,C3 DD 13 43 AF 9C 3F 42 00 00 C6 42
1787903004.310556,34680,062f,12,E7 E6 11 43 D6 FF 27 42 00 00 C8 42
1787903004.320882,34680,0630,12,5C 0A 11 43 B0 A8 11 42 00 00 CA 42
1787903004.331248,34680,0631,12,06 4D 11 43 E2 F9 FA 41 00 00 CC 42
1787903004.341912,34680,0632,12,71 AD 12 43 D5 91 D8 41 00 00 CE 42
1787903004.352237,34680,0633,12,A2 23 15 43 15 7A BD 41 00 00 D0 42
1787903004.363740,34680,0634,12,92 A1 18 43 BA C7 AA 41 00 00 D2 42
1787903004.374510,34680,0635,12,FF 12 1D 43 28 38 A1 41 00 00 D4 42
1787903004.385829,34680,0636,12,73 5E 22 43 AB 2D A1 41 00 00 D6 42
1787903004.397804,34680,0637,12,A8 65 28 43 AE A8 AA 41 00 00 D8 42
1787903004.409032,34680,0638,12,A6 05 2F 43 9D 48 BD 41 00 00 DA 42
1787903004.420878,34680,0639,12,AD 18 36 43 27 4E D8 41 00 00 DC 42
1787903004.433132,34680,063a,12,B4 75 3D 43 97 A7 FA 41 00 00 DE 42
1787903004.444321,34680,063b,12,94 F2 44 43 E0 79 11 42 00 00 E0 42
1787903004.456738,34680,063c,12,74 64 4C 43 39 CD 27 42 00 00 E2 42
1787903004.467263,34680,063d,12,23 A0 53 43 39 69 3F 42 00 00 E4 42
1787903004.477823,34680,063e,12,6A 7C 5A 43 F6 5B 57 42 00 00 E6 42
1787903004.488348,34680,063f,12,7F D1 60 43 DD B2 6E 42 00 00 E8 42
1787903004.499014,34680,0640,12,29 7B 66 43 FA 3E 82 42 00 00 EA 42
1787903004.509954,34680,0641,12,F8 58 6B 43 3D F0 8B 42 00 00 EC 42
1787903004.520789,34680,0642,12,B0 4E 6F 43 D8 09 94 42 00 00 EE 42
1787903004.532511,34680,0643,12,C3 45 72 43 E9 38 9A 42 00 00 A0 41
1787903004.543064,34680,0644,12,FD 2C 74 43 CE 3E 9E 42 00 00 A8 41
1787903004.553694,34680,0645,12,84 F9 74 43 28 F2 9F 42 00 00 B0 41
1787903004.564455,34680,0646,12,BA A6 74 43 C0 41 9F 42 00 00 B8 41
1787903004.575010,34680,0647,12,80 36 73 43 7E 34 9C 42 00 00 C0 41
1787903004.585454,34680,0648,12,08 B1 70 43 CB E9 96 42 00 00 C8 41
1787903004.597996,34680,0649,12,F2 24 6D 43 40 97 8F 42 00 00 D0 41
1787903004.608597,34680,064a,12,96 A6 68 43 27 88 86 42 00 00 D8 41
1787903004.619206,34680,064b,12,A1 4F 63 43 86 30 78 42 00 00 E0 41
1787903004.629694,34680,064c,12,0E 3F 5D 43 DC 64 61 42 00 00 E8 41
1787903004.640174,34680,064d,12,6A 97 56 43 F0 96 49 42 00 00 F0 41
1787903004.658971,34680,064e,12,51 7F 4F 43 DE B7 31 42 00 00 F8 41
1787903004.669356,34680,064f,12,60 1F 48 43 1B BD 1A 42 00 00 00 42
1787903004.679731,34680,0650,12,CA A1 40 43 68 8F 05 42 00 00 04 42
1787903004.690126,34680,0651,12,03 32 39 43 BF 0F E6 41 00 00 08 42
1787903004.700483,34680,0652,12,6A FA 31 43 4C C8 C7 41 00 00 0C 42
1787903004.711594,34680,0653,12,DD 24 2B 43 2D 7B B1 41 00 00 10 42
1787903004.722000,34680,0654,12,74 D8 24 43 AE 0D A4 41 00 00 14 42
1787903004.732824,34680,0655,12,42 39 1F 43 D3 07 A0 41 00 00 18 42
1787903004.743349,34680,0656,12,E3 67 1A 43 61 93 A5 41 00 00 1C 42
1787903004.753867,34680,0657,12,CA 7F 16 43 FA 76 B4 41 00 00 20 42
1787903004.764703,34680,0658,12,A2 97 13 43 CE 1B CC 41 00 00 24 42
1787903004.775408,34680,0659,12,03 C0 11 43 C4 8E EB 41 00 00 28 42
1787903004.785950,34680,065a,12,82 03 11 43 A6 C8 08 42 00 00 2C 42
1787903004.796329,34680,065b,12,66 66 11 43 2C 4F 1E 42 00 00 30 42
1787903004.806885,34680,065c,12,7B E6 12 43 50 7E 35 42 00 00 34 42
1787903004.817307,34680,065d,12,0D 7B 15 43 3B 6B 4D 42 00 00 38 42
1787903004.828184,34680,065e,12,4C 15 19 43 ED 1F 65 42 00 00 3C 42
1787903004.838607,34680,065f,12,A5 A0 1D 43 48 AC 7B 42 00 00 40 42
1787903004.849045,34680,0660,12,BA 02 23 43 9A 14 88 42 00 00 44 42
1787903004.859793,34680,0661,12,E1 1C 29 43 78 E2 90 42 00 00 48 42
1787903004.870424,34680,0662,12,B2 CB 2F 43 92 E6 97 42 00 00 4C 42
1787903004.881062,34680,0663,12,EB E8 36 43 C3 D8 9C 42 00 00 50 42
1787903004.891737,34680,0664,12,D6 4B 3E 43 F2 86 9F 42 00 00 54 42
1787903004.902257,34680,0665,12,9A C9 45 43 87 D5 9F 42 00 00 58 42
1787903004.913045,34680,0666,12,8A 37 4D 43 80 C1 9D 42 00 00 5C 42
1787903004.923392,34680,0667,12,8B 6A 54 43 EA 5F 99 42 00 00 60 42
1787903004.934017,34680,0668,12,6D 39 5B 43 D2 DD 92 42 00 00 64 42
1787903004.944610,34680,0669,12,35 7D 61 43 23 7D 8A 42 00 00 68 42
1787903004.955014,34680,066a,12,8B 11 67 43 97 93 80 42 00 00 6C 42
1787903004.965396,34680,066b,12,A4 D6 6B 43 9E 0D 6B 42 00 00 70 42
1787903004.975810,34680,066c,12,D6 B0 6F 43 70 8D 53 42 00 00 74 42
1787903004.986361,34680,066d,12,1D 8A 72 43 46 98 3B 42 00 00 78 42
1787903004.996789,34680,066e,12,22 52 74 43 CB 20 24 42 00 00 7C 42
1787903005.007220,34680,066f,12,8E FE 74 43 78 17 0E 42 00 00 80 42
1787903005.017641,34680,0670,12,8D 8B 74 43 DD BB F4 41 00 00 82 42
1787903005.028034,34680,0671,12,B8 FB 72 43 FB 77 D3 41 00 00 84 42
1787903005.038344,34680,0672,12,0C 58 70 43 4F B9 B9 41 00 00 86 42
1787903005.048742,34680,0673,12,98 AF 6C 43 A1 84 A8 41 00 00 88 42
1787903005.059087,34680,0674,12,95 17 68 43 B8 8A A0 41 00 00 8A 42
1787903005.069457,34680,0675,12,2F AA 62 43 BE 1C A2 41 00 00 8C 42
1787903005.082013,34680,0676,12,E3 86 5C 43 CE 2A AD 41 00 00 8E 42
1787903005.092670,34680,0677,12,D8 D0 55 43 3A 43 C1 41 00 00 90 42
1787903005.103527,34680,0678,12,71 AE 4E 43 76 9A DD 41 00 00 92 42
1787903005.114148,34680,0679,12,11 49 47 43 4F 87 00 42 00 00 94 42
1787903005.126063,34680,067a,12,DC CA 3F 43 0F 1A 15 42 00 00 96 42
1787903005.136688,34680,067b,12,4A 5F 38 43 17 B5 2B 42 00 00 98 42
1787903005.147116,34680,067c,12,D0 30 31 43 F8 6F 43 42 00 00 9A 42
1787903005.162905,34680,067d,12,8D 68 2A 43 54 5A 5B 42 00 00 9C 42
1787903005.177980,34680,067e,12,D7 2D 24 43 27 7F 72 42 00 00 9E 42
1787903005.188459,34680,067f,12,2D A4 1E 43 B5 F8 83 42 00 00 A0 42
1787903005.199443,34680,0680,12,AF EB 19 43 F0 6B 8D 42 00 00 A2 42
1787903005.210005,34680,0681,12,59 1F 16 43 1A 38 95 42 00 00 A4 42
1787903005.220400,34680,0682,12,F0 54 13 43 38 0E 9B 42 00 00 A6 42
1787903005.230774,34680,0683,12,A6 9C 11 43 60 B2 9E 42 00 00 A8 42
1787903005.241283,34680,0684,12,47 00 11 43 67 FF 9F 42 00 00 AA 42
1787903005.251759,34680,0685,12,5E 83 11 43 1E E8 9E 42 00 00 AC 42
1787903005.262288,34680,0686,12,F2 22 13 43 BF 77 9B 42 00 00 AE 42
1787903005.272957,34680,0687,12,C3 D5 15 43 1D D1 95 42 00 00 B0 42
1787903005.283641,34680,0688,12,2A 8C 19 43 FF 2D 8E 42 00 00 B2 42
1787903005.294086,34680,0689,12,FF 30 1E 43 BC DC 84 42 00 00 B4 42
1787903005.304847,34680,068a,12,53 A9 23 43 6B 77 74 42 00 00 B6 42
1787903005.315390,34680,068b,12,CF D5 29 43 6A 70 5D 42 00 00 B8 42
1787903005.326005,34680,068c,12,24 93 30 43 B5 8D 45 42 00 00 BA 42
1787903005.336446,34680,068d,12,39 BA 37 43 F9 C3 2D 42 00 00 BC 42
1787903005.346815,34680,068e,12,4F 22 3F 43 E0 06 17 42 00 00 BE 42
1787903005.357176,34680,068f,12,6D A0 46 43 BC 3C 02 42 00 00 C0 42
1787903005.367505,34680,0690,12,B1 09 4E 43 A1 76 E0 41 00 00 C2 42
1787903005.377908,34680,0691,12,B0 33 55 43 FF 71 C3 41 00 00 C4 42
1787903005.388293,34680,0692,12,DB F4 5B 43 47 95 AE 41 00 00 C6 42
1787903005.398652,34680,0693,12,B6 26 62 43 B6 B5 A2 41 00 00 C8 42
1787903005.409066,34680,0694,12,50 A5 67 43 8E 4B A0 41 00 00 CA 42
1787903005.419402,34680,0695,12,40 51 6C 43 A4 6F A7 41 00 00 CC 42
1787903005.429760,34680,0696,12,BF 0F 70 43 A3 D9 B7 41 00 00 CE 42
1787903005.440255,34680,0697,12,16 CB 72 43 E7 E1 D0 41 00 00 D0 42
1787903005.450705,34680,0698,12,B4 73 74 43 88 87 F1 41 00 00 D2 42
1787903005.461093,34680,0699,12,FB FF 74 43 EA 3F 0C 42 00 00 D4 42
1787903005.500225,34680,069a,12,D1 6C 74 43 0E 1D 22 42 00 00 D6 42
1787903005.512832,34680,069b,12,77 BD 72 43 B8 7D 39 42 00 00 D8 42
1787903005.524670,34680,069c,12,B2 FB 6F 43 7A 72 51 42 00 00 DA 42
1787903005.536598,34680,069d,12,39 37 6C 43 E8 05 69 42 00 00 DC 42
1787903005.548629,34680,069e,12,E4 85 67 43 34 49 7F 42 00 00 DE 42
1787903005.560419,34680,069f,12,9A 02 62 43 BA AB 89 42 00 00 E0 42
1787903005.571747,34680,06a0,12,E0 CC 5B 43 C2 32 92 42 00 00 E2 42
1787903005.582925,34680,06a1,12,BA 08 55 43 3C E2 98 42 00 00 E4 42
1787903005.595269,34680,06a2,12,B8 DC 4D 43 C8 75 9D 42 00 00 E6 42
1787903005.606378,34680,06a3,12,72 72 46 43 0D BF 9F 42 00 00 E8 42
1787903005.617091,34680,06a4,12,5C F4 3E 43 87 A6 9F 42 00 00 EA 42
1787903005.627546,34680,06a5,12,56 8D 37 43 30 2D 9D 42 00 00 EC 42
1787903005.638138,34680,06a6,12,52 68 30 43 3D 6C 98 42 00 00 EE 42
1787903005.648524,34680,06a7,12,05 AE 29 43 81 94 91 42 00 00 A0 41
1787903005.659032,34680,06a8,12,75 85 23 43 4D EB 88 42 00 00 A8 41
1787903005.669755,34680,06a9,12,DC 11 1E 43 5B 93 7D 42 00 00 B0 41
1787903005.680229,34680,06aa,12,75 72 19 43 84 2C 67 42 00 00 B8 41
1787903005.694857,34680,06ab,12,10 C2 15 43 7A 87 4F 42 00 00 C0 41
1787903005.705418,34680,06ac,12,B2 15 13 43 84 96 37 42 00 00 C8 41
1787903005.719433,34680,06ad,12,DD 7C 11 43 24 4C 20 42 00 00 D0 41
1787903005.730170,34680,06ae,12,AB 00 11 43 D2 97 0A 42 00 00 D8 41
1787903005.740756,34680,06af,12,EC A3 11 43 CF AA EE 41 00 00 E0 41
1787903005.751303,34680,06b0,12,EE 62 13 43 BA 94 CE 41 00 00 E8 41
1787903005.761863,34680,06b1,12,A8 33 16 43 B1 35 B6 41 00 00 F0 41
1787903005.772313,34680,06b2,12,24 06 1A 43 90 84 A6 41 00 00 F8 41
1787903005.782809,34680,06b3,12,04 C4 1E 43 B1 22 A0 41 00 00 00 42
1787903005.796800,34680,06b4,12,30 52 24 43 B6 50 A3 41 00 00 04 42
1787903005.812042,34680,06b5,12,BA 90 2A 43 9E EE AF 41 00 00 08 42
1787903005.822755,34680,06b6,12,BB 5B 31 43 9B 7A C5 41 00 00 0C 42
1787903005.833375,34680,06b7,12,8A 8C 38 43 6E 1A E3 41 00 00 10 42
1787903005.843796,34680,06b8,12,0F F9 3F 43 C0 CE 03 42 00 00 14 42
1787903005.854292,34680,06b9,12,FC 76 47 43 FC C8 18 42 00 00 18 42
1787903005.864759,34680,06ba,12,3D DB 4E 43 26 A5 2F 42 00 00 1C 42
1787903005.875286,34680,06bb,12,56 FB 55 43 F8 78 47 42 00 00 20 42
1787903005.885643,34680,06bc,12,A6 AE 5C 43 17 53 5F 42 00 00 24 42
1787903005.896030,34680,06bd,12,F5 CD 62 43 46 3E 76 42 00 00 28 42
1787903005.906534,34680,06be,12,6E 36 68 43 2E A9 85 42 00 00 2C 42
1787903005.917226,34680,06bf,12,FA C8 6C 43 A4 DB 8E 42 00 00 30 42
1787903005.927825,34680,06c0,12,50 6B 70 43 64 58 96 42 00 00 34 42
1787903005.938503,34680,06c1,12,A7 08 73 43 96 D3 9B 42 00 00 38 42
1787903005.949172,34680,06c2,12,B3 91 74 43 DF 14 9F 42 00 00 3C 42
1787903005.959610,34680,06c3,12,C8 FD 74 43 46 FB 9F 42 00 00 40 42
1787903005.970025,34680,06c4,12,7A 4A 74 43 6F 7D 9E 42 00 00 44 42
1787903005.980863,34680,06c5,12,D0 7B 72 43 C5 AA 9A 42 00 00 48 42
1787903005.991442,34680,06c6,12,00 9C 6F 43 02 AA 94 42 00 00 4C 42
1787903006.002662,34680,06c7,12,DE BB 6B 43 DE B8 8C 42 00 00 50 42
1787903006.013591,34680,06c8,12,8F F1 66 43 CC 27 83 42 00 00 54 42
1787903006.024258,34680,06c9,12,A0 58 61 43 70 B1 70 42 00 00 58 42
1787903006.034817,34680,06ca,12,3C 11 5B 43 D8 74 59 42 00 00 5C 42
1787903006.045470,34680,06cb,12,20 3F 54 43 31 85 41 42 00 00 60 42
1787903006.056037,34680,06cc,12,35 0A 4D 43 95 D8 29 42 00 00 64 42
1787903006.069796,34680,06cd,12,93 9B 45 43 D3 5E 13 42 00 00 68 42
1787903006.080567,34680,06ce,12,F4 1D 3E 43 88 FC FD 41 00 00 6C 42
1787903006.091131,34680,06cf,12,67 BC 36 43 08 0F DB 41 00 00 70 42
1787903006.101775,34680,06d0,12,FE A0 2F 43 EE 56 BF 41 00 00 74 42
1787903006.112496,34680,06d1,12,52 F5 28 43 40 F1 AB 41 00 00 78 42
1787903006.123487,34680,06d2,12,5B DF 22 43 75 A2 A1 41 00 00 7C 42
1787903006.134062,34680,06d3,12,16 82 1D 43 B4 D4 A0 41 00 00 80 42
1787903006.147547,34680,06d4,12,58 FC 18 43 A8 8F A9 41 00 00 82 42
1787903006.158546,34680,06d5,12,F9 67 15 43 E4 7A BB 41 00 00 84 42
1787903006.169495,34680,06d6,12,EC D9 12 43 2A DE D5 41 00 00 86 42
1787903006.179992,34680,06d7,12,AA 60 11 43 30 AE F7 41 00 00 88 42
1787903006.190751,34680,06d8,12,AC 04 11 43 7C C8 0F 42 00 00 8A 42
1787903006.205235,34680,06d9,12,03 C8 11 43 C9 F6 25 42 00 00 8C 42
1787903006.215943,34680,06da,12,6D A6 13 43 54 81 3D 42 00 00 8E 42
1787903006.226592,34680,06db,12,F8 94 16 43 0F 76 55 42 00 00 90 42
1787903006.237016,34680,06dc,12,DD 82 1A 43 53 E2 6C 42 00 00 92 42
1787903006.247531,34680,06dd,12,84 59 1F 43 0E 6B 81 42 00 00 94 42
1787903006.257984,34680,06de,12,1E FD 24 43 51 38 8B 42 00 00 96 42
1787903006.268524,34680,06df,12,95 4D 2B 43 AA 75 93 42 00 00 98 42
1787903006.279208,34680,06e0,12,F8 25 32 43 60 CE 99 42 00 00 9A 42
1787903006.289709,34680,06e1,12,3A 5F 39 43 2A 02 9E 42 00 00 9C 42
1787903006.300054,34680,06e2,12,D6 CF 40 43 DA E5 9F 42 00 00 9E 42
1787903006.310438,34680,06e3,12,06 4D 48 43 38 66 9F 42 00 00 A0 42
1787903006.321245,34680,06e4,12,1E AC 4F 43 51 88 9C 42 00 00 A2 42
1787903006.331820,34680,06e5,12,F8 C1 56 43 9F 69 97 42 00 00 A4 42
1787903006.342837,34680,06e6,12,3E 66 5D 43 FE 3D 90 42 00 00 A6 42
1787903006.353861,34680,06e7,12,C0 72 63 43 C6 4E 87 42 00 00 A8 42
1787903006.364286,34680,06e8,12,B9 C4 68 43 30 EF 79 42 00 00 AA 42
1787903006.375016,34680,06e9,12,C9 3D 6D 43 62 42 63 42 00 00 AC 42
1787903006.385592,34680,06ea,12,C1 C3 70 43 45 80 4B 42 00 00 AE 42
1787903006.396098,34680,06eb,12,A2 42 73 43 83 99 33 42 00 00 B0 42
1787903006.406740,34680,06ec,12,14 AC 74 43 FC 82 1C 42 00 00 B2 42
1787903006.417273,34680,06ed,12,F8 F7 74 43 22 29 07 42 00 00 B4 42
1787903006.427888,34680,06ee,12,89 24 74 43 79 C8 E8 41 00 00 B6 42
1787903006.438400,34680,06ef,12,9A 36 72 43 8B EA C9 41 00 00 B8 42
1787903006.449243,34680,06f0,12,41 39 6F 43 25 F1 B2 41 00 00 BA 42
1787903006.461082,34680,06f1,12,AD 3D 6B 43 1E C8 A4 41 00 00 BC 42
1787903006.471877,34680,06f2,12,C3 5A 66 43 00 00 A0 41 00 00 BE 42
1787903006.482517,34680,06f3,12,4A AC 60 43 3A C9 A4 41 00 00 C0 42
1787903006.493023,34680,06f4,12,83 53 5A 43 97 F2 B2 41 00 00 C2 42
1787903006.503730,34680,06f5,12,A3 74 53 43 A4 EC C9 41 00 00 C4 42
1787903006.514731,34680,06f6,12,2A 37 4C 43 7A CC E8 41 00 00 C6 42
1787903006.525704,34680,06f7,12,B6 C4 44 43 B1 2A 07 42 00 00 C8 42
1787903006.536664,34680,06f8,12,B5 47 3D 43 95 85 1C 42 00 00 CA 42
1787903006.547116,34680,06f9,12,FA EB 35 43 56 9B 33 42 00 00 CC 42
1787903006.557506,34680,06fa,12,6D DB 2E 43 1F 82 4B 42 00 00 CE 42
1787903006.568104,34680,06fb,12,AC 3E 28 43 19 45 63 42 00 00 D0 42
1787903006.578742,34680,06fc,12,BA 3B 22 43 DF F0 79 42 00 00 D2 42
1787903006.589622,34680,06fd,12,E6 F4 1C 43 E7 4F 87 42 00 00 D4 42
1787903006.600660,34680,06fe,12,10 89 18 43 9E 3E 90 42 00 00 D6 42
1787903006.611560,34680,06ff,12,58 11 15 43 19 6A 97 42 00 00 D8 42
1787903006.622101,34680,0700,12,AE A1 12 43 C9 88 9C 42 00 00 DA 42
1787903006.640398,34680,0701,12,14 48 11 43 5A 66 9F 42 00 00 DC 42
1787903006.676189,34680,0702,12,4E 0C 11 43 C5 E5 9F 42 00 00 DE 42
1787903006.713860,34680,0703,12,BD EF 11 43 ED 01 9E 42 00 00 E0 42
1787903006.724220,34680,0704,12,39 ED 13 43 F6 CD 99 42 00 00 E2 42
1787903006.734611,34680,0705,12,52 F9 16 43 CF 74 93 42 00 00 E4 42
1787903006.745476,34680,0706,12,83 02 1B 43 9E 37 8B 42 00 00 E6 42
1787903006.756033,34680,0707,12,E0 F1 1F 43 D7 69 81 42 00 00 E8 42
1787903006.766589,34680,0708,12,87 AA 25 43 90 E0 6C 42 00 00 EA 42
1787903006.777029,34680,0709,12,D0 0B 2C 43 38 74 55 42 00 00 EC 42
1787903006.787391,34680,070a,12,0E F1 32 43 8C 7E 3D 42 00 00 EE 42
1787903006.797937,34680,070b,12,9D 32 3A 43 02 F5 25 42 00 00 A0 41
1787903006.808401,34680,070c,12,29 A7 41 43 05 C6 0F 42 00 00 A8 41
1787903006.818776,34680,070d,12,12 23 49 43 54 AB F7 41 00 00 B0 41
1787903006.829561,34680,070e,12,B3 7B 50 43 D4 DB D5 41 00 00 B8 41
1787903016.882982,34680,0711,12,EE 1B 5E 43 9E 8E A9 41 00 00 C8 41
1787903016.883938,34680,0712,12,7E 15 64 43 3D D4 A0 41 00 00 D0 41
1787903016.894358,34680,0713,12,8A 50 69 43 E4 A2 A1 41 00 00 D8 41
1787903016.908131,34680,0714,12,53 AF 6D 43 67 F2 AB 41 00 00 E0 41
1787903016.918744,34680,0715,12,B9 18 71 43 B0 59 BF 41 00 00 E8 41
1787903016.932197,34680,0716,12,20 79 73 43 76 11 DB 41 00 00 F0 41
1787903016.943825,34680,0717,12,E8 C2 74 43 F6 00 FE 41 00 00 F8 41
1787903016.955345,34680,0718,12,87 EE 74 43 7E 60 13 42 00 00 00 42
1787903016.965884,34680,0719,12,1B FB 73 43 60 DA 29 42 00 00 04 42
1787903016.976347,34680,071a,12,1A EE 71 43 FA 87 41 42 00 00 08 42
1787903016.986689,34680,071b,12,50 D3 6E 43 AD 76 59 42 00 00 0C 42
1787903016.998943,34680,071c,12,57 BC 6A 43 10 B4 70 42 00 00 10 42
1787903017.009535,34680,071d,12,21 C1 65 43 97 28 83 42 00 00 14 42
1787903017.019891,34680,071e,12,20 FE 5F 43 8C B9 8C 42 00 00 18 42
1787903017.030376,34680,071f,12,72 94 59 43 D3 AA 94 42 00 00 1C 42
1787903017.040881,34680,0720,12,F6 A8 52 43 27 AB 9A 42 00 00 20 42
1787903017.051206,34680,0721,12,12 63 4B 43 BE 7D 9E 42 00 00 24 42
1787903017.061607,34680,0722,12,55 ED 43 43 4B FB 9F 42 00 00 28 42
1787903017.072011,34680,0723,12,44 72 3C 43 B6 14 9F 42 00 00 2C 42
1787903017.082511,34680,0724,12,DF 1C 35 43 13 D3 9B 42 00 00 30 42
1787903017.093520,34680,0725,12,51 17 2E 43 E3 57 96 42 00 00 34 42
1787903017.104599,34680,0726,12,A2 89 27 43 AA DA 8E 42 00 00 38 42
1787903017.115263,34680,0727,12,2D 9A 21 43 6A A8 85 42 00 00 3C 42
1787903017.125756,34680,0728,12,B8 6A 1C 43 90 3C 76 42 00 00 40 42
1787903017.136533,34680,0729,12,10 19 18 43 5B 50 5F 42 00 00 44 42
1787903017.146998,34680,072a,12,0A BE 14 43 1E 77 47 42 00 00 48 42
1787903017.176941,34680,072b,12,D9 6C 12 43 6B A2 2F 42 00 00 4C 42
1787903017.187684,34680,072c,12,0C 33 11 43 48 C7 18 42 00 00 50 42
1787903017.198316,34680,072d,12,8A 17 11 43 3A CD 03 42 00 00 54 42
1787903017.208806,34680,072e,12,F0 1A 12 43 90 16 E3 41 00 00 58 42
1787903017.219427,34680,072f,12,6C 37 14 43 9F 78 C5 41 00 00 5C 42
1787903017.232694,34680,0730,12,0B 61 17 43 9E EC AF 41 00 00 60 42
1787903017.243262,34680,0731,12,4A 85 1B 43 1A 50 A3 41 00 00 64 42
1787903017.253855,34680,0732,12,7F 8C 20 43 D1 22 A0 41 00 00 68 42
1787903017.264432,34680,0733,12,C0 59 26 43 DB 85 A6 41 00 00 6C 42
1787903017.275031,34680,0734,12,B4 CB 2C 43 40 37 B6 41 00 00 70 42
1787903017.285737,34680,0735,12,AD BD 33 43 07 98 CE 41 00 00 74 42
1787903017.296300,34680,0736,12,05 07 3B 43 8D AD EE 41 00 00 78 42
1787903017.308974,34680,0737,12,32 7E 42 43 69 99 0A 42 00 00 7C 42
1787903017.319495,34680,0738,12,49 F8 49 43 C6 4E 20 42 00 00 80 42
1787903017.330025,34680,0739,12,4E 4A 51 43 5A 98 37 42 00 00 82 42
1787903017.340780,34680,073a,12,88 4A 58 43 43 8A 4F 42 00 00 84 42
1787903017.351231,34680,073b,12,FC CF 5E 43 4E 2E 67 42 00 00 86 42
1787903017.361670,34680,073c,12,8D B5 64 43 03 95 7D 42 00 00 88 42
1787903017.372280,34680,073d,12,55 D9 69 43 66 EC 88 42 00 00 8A 42
1787903017.382900,34680,073e,12,C8 1D 6E 43 1C 95 91 42 00 00 8C 42
1787903017.395086,34680,073f,12,82 6A 71 43 EB 6C 98 42 00 00 8E 42
1787903017.405709,34680,0740,12,35 AC 73 43 78 2D 9D 42 00 00 90 42
1787903017.416368,34680,0741,12,19 D6 74 43 A1 A6 9F 42 00 00 92 42
1787903017.426982,34680,0742,12,7E E1 74 43 EC BE 9F 42 00 00 94 42
1787903017.437740,34680,0743,12,23 CE 73 43 84 75 9D 42 00 00 96 42
1787903017.448204,34680,0744,12,12 A2 71 43 93 E1 98 42 00 00 98 42
1787903017.461546,34680,0745,12,01 6A 6E 43 2A 32 92 42 00 00 9A 42
1787903017.472754,34680,0746,12,5E 38 6A 43 01 AB 89 42 00 00 9C 42
1787903017.484042,34680,0747,12,42 25 65 43 BA 46 7F 42 00 00 9E 42
1787903017.495073,34680,0748,12,DC 4D 5F 43 20 04 69 42 00 00 A0 42
1787903017.505774,34680,0749,12,65 D3 58 43 B2 6F 51 42 00 00 A2 42
1787903017.516423,34680,074a,12,C8 DB 51 43 E1 7B 39 42 00 00 A4 42
1787903017.527307,34680,074b,12,C0 8E 4A 43 4C 1B 22 42 00 00 A6 42
1787903017.538148,34680,074c,12,46 16 43 43 7F 3D 0C 42 00 00 A8 42
1787903017.548756,34680,074d,12,4C 9D 3B 43 C0 84 F1 41 00 00 AA 42
1787903017.559539,34680,074e,12,67 4E 34 43 88 DE D0 41 00 00 AC 42
1787903017.570232,34680,074f,12,5D 54 2D 43 07 D8 B7 41 00 00 AE 42
1787903017.580898,34680,0750,12,E8 D6 26 43 BA 6E A7 41 00 00 B0 42
1787903017.591658,34680,0751,12,56 FB 20 43 47 4B A0 41 00 00 B2 42
1787903017.602823,34680,0752,12,53 E3 1B 43 44 B6 A2 41 00 00 B4 42
1787903017.613589,34680,0753,12,F7 AB 17 43 32 97 AE 41 00 00 B6 42
1787903017.623943,34680,0754,12,EE 6D 14 43 EF 73 C3 41 00 00 B8 42
1787903017.634815,34680,0755,12,9F 3B 12 43 28 79 E0 41 00 00 BA 42
1787903017.645307,34680,0756,12,A9 21 11 43 02 3F 02 42 00 00 BC 42
1787903017.655894,34680,0757,12,61 26 11 43 90 08 17 42 00 00 BE 42
1787903017.666601,34680,0758,12,C3 49 12 43 B2 C6 2D 42 00 00 C0 42
1787903017.677211,34680,0759,12,25 85 14 43 8F 8F 45 42 00 00 C2 42
1787903017.688958,34680,075a,12,BB CB 17 43 3D 72 5D 42 00 00 C4 42
1787903017.702615,34680,075b,12,B0 0A 1C 43 02 7A 74 42 00 00 C6 42
1787903017.714211,34680,075c,12,9A 29 21 43 82 DD 84 42 00 00 C8 42
1787903017.724629,34680,075d,12,5E 0B 27 43 FD 2E 8E 42 00 00 CA 42
1787903017.735734,34680,075e,12,8D 8D 2D 43 A2 D1 95 42 00 00 CC 42
1787903017.746289,34680,075f,12,07 8B 34 43 19 78 9B 42 00 00 CE 42
1787903017.756579,34680,0760,12,9E DB 3B 43 62 E8 9E 42 00 00 D0 42
1787903017.769144,34680,0761,12,43 55 43 43 65 FF 9F 42 00 00 D2 42
1787903017.779569,34680,0762,12,61 CD 4A 43 16 B2 9E 42 00 00 D4 42
1787903017.790207,34680,0763,12,41 18 52 43 DA 0D 9B 42 00 00 D6 42
1787903017.801241,34680,0764,12,5A 0C 59 43 93 37 95 42 00 00 D8 42
1787903017.812344,34680,0765,12,B2 81 5F 43 EE 6A 8D 42 00 00 DA 42
1787903017.822810,34680,0766,12,2B 53 65 43 EC F7 83 42 00 00 DC 42
1787903017.833302,34680,0767,12,8E 5F 6A 43 8C 7C 72 42 00 00 DE 42
1787903017.845670,34680,0768,12,50 89 6E 43 80 58 5B 42 00 00 E0 42
1787903017.856045,34680,0769,12,C9 B8 71 43 1E 6E 43 42 00 00 E2 42
1787903017.866700,34680,076a,12,AC DB 73 43 61 B2 2B 42 00 00 E4 42
1787903017.877870,34680,076b,12,AF E5 74 43 62 18 15 42 00 00 E6 42
1787903017.888319,34680,076c,12,D1 D0 74 43 12 85 00 42 00 00 E8 42
1787903017.898902,34680,076d,12,8C 9D 73 43 FC 97 DD 41 00 00 EA 42
1787903017.909224,34680,076e,12,CC 52 71 43 58 41 C1 41 00 00 EC 42
1787903017.919629,34680,076f,12,C0 FD 6D 43 FB 28 AD 41 00 00 EE 42
1787903017.930047,34680,0770,12,8E B1 69 43 41 1C A2 41 00 00 A0 41
1787903017.940382,34680,0771,12,A2 86 64 43 17 8B A0 41 00 00 A8 41
1787903017.950790,34680,0772,12,3A 9B 5E 43 9B 85 A8 41 00 00 B0 41
1787903017.962039,34680,0773,12,1E 11 58 43 FA BA B9 41 00 00 B8 41
1787903018.002317,34680,0774,12,E6 0D 51 43 6F 7B D3 41 00 00 C0 41
1787903018.013917,34680,0775,12,E3 B9 49 43 B0 BE F4 41 00 00 C8 41
1787903018.025958,34680,0776,12,D1 3E 42 43 E9 19 0E 42 00 00 D0 41
1787903018.040911,34680,0777,12,79 C8 3A 43 90 22 24 42 00 00 D8 41
1787903018.051542,34680,0778,12,5E 81 33 43 1D 9A 3B 42 00 00 E0 41
1787903018.063501,34680,0779,12,56 93 2C 43 37 90 53 42 00 00 E8 41
1787903018.074945,34680,077a,12,37 26 26 43 64 0F 6B 42 00 00 F0 41
1787903018.087514,34680,077b,12,AB 5E 20 43 D1 94 80 42 00 00 F8 41
1787903018.098159,34680,077c,12,86 5E 1B 43 D9 7D 8A 42 00 00 00 42
1787903018.109430,34680,077d,12,34 42 17 43 66 DE 92 42 00 00 04 42
1787903018.121292,34680,077e,12,57 21 14 43 8E 60 99 42 00 00 08 42
1787903018.131863,34680,077f,12,EB 0D 12 43 C0 C1 9D 42 00 00 0C 42
1787903018.142439,34680,0780,12,DA 13 11 43 A2 D5 9F 42 00 00 10 42
1787903018.153835,34680,0781,12,DC 38 11 43 D5 86 9F 42 00 00 14 42
1787903018.164879,34680,0782,12,06 7C 12 43 78 D8 9C 42 00 00 18 42
1787903018.175741,34680,0783,12,18 D6 14 43 DF E5 97 42 00 00 1C 42
1787903018.186888,34680,0784,12,8B 39 18 43 DB E1 90 42 00 00 20 42
1787903018.197931,34680,0785,12,26 93 1C 43 7C 13 88 42 00 00 24 42
1787903018.208663,34680,0786,12,73 C9 21 43 9C AA 7B 42 00 00 28 42
1787903018.219341,34680,0787,12,AF BE 27 43 22 1E 65 42 00 00 2C 42
1787903018.230186,34680,0788,12,99 50 2E 43 71 68 4D 42 00 00 30 42
1787903018.240844,34680,0789,12,6D 59 35 43 7B 7C 35 42 00 00 34 42
1787903018.251558,34680,078a,12,1E B1 3C 43 8E 4C 1E 42 00 00 38 42
1787903018.262147,34680,078b,12,B3 2C 44 43 13 C7 08 42 00 00 3C 42
1787903018.272814,34680,078c,12,86 A1 4B 43 12 8C EB 41 00 00 40 42
1787903018.283602,34680,078d,12,BC E4 52 43 96 18 CC 41 00 00 44 42
1787903018.294084,34680,078e,12,94 CC 59 43 7C 75 B4 41 00 00 48 42
1787903018.304673,34680,078f,12,AB 31 60 43 2F 92 A5 41 00 00 4C 42
1787903018.315230,34680,0790,12,96 EE 65 43 C4 07 A0 41 00 00 50 42
1787903018.327939,34680,0791,12,B0 E2 6A 43 5C 0E A4 41 00 00 54 42
1787903018.338859,34680,0792,12,7F F1 6E 43 44 7D B1 41 00 00 58 42
1787903018.351331,34680,0793,12,B0 03 72 43 56 CA C7 41 00 00 5C 42
1787903018.362319,34680,0794,12,AF 07 74 43 AF 13 E6 41 00 00 60 42
1787903018.373060,34680,0795,12,AF F1 74 43 F3 90 05 42 00 00 64 42
1787903018.383831,34680,0796,12,91 BC 74 43 D2 BE 1A 42 00 00 68 42
1787903018.394722,34680,0797,12,88 69 73 43 9C BA 31 42 00 00 6C 42
1787903018.405248,34680,0798,12,2E 00 71 43 CA 98 49 42 00 00 70 42
1787903018.424737,34680,0799,12,2F 8E 6D 43 96 67 61 42 00 00 74 42
1787903018.435605,34680,079a,12,B3 27 69 43 38 32 78 42 00 00 78 42
1787903018.446548,34680,079b,12,DE E5 63 43 E9 88 86 42 00 00 7C 42
1787903018.457252,34680,079c,12,EB E6 5D 43 36 98 8F 42 00 00 80 42
1787903018.467932,34680,079d,12,50 4D 57 43 49 EA 96 42 00 00 82 42
1787903018.479989,34680,079e,12,A0 3E 50 43 FC 34 9C 42 00 00 84 42
1787903018.490984,34680,079f,12,26 E4 48 43 E5 41 9F 42 00 00 86 42
1787903018.501579,34680,07a0,12,CF 67 41 43 1E F2 9F 42 00 00 88 42
1787903018.512250,34680,07a1,12,A2 F4 39 43 78 3E 9E 42 00 00 8A 42
1787903018.522924,34680,07a2,12,74 B5 32 43 84 38 9A 42 00 00 8C 42
1787903018.533453,34680,07a3,12,94 D3 2B 43 02 09 94 42 00 00 8E 42
1787903018.543918,34680,07a4,12,4B 77 25 43 8C EF 8B 42 00 00 90 42
1787903018.554834,34680,07a5,12,CB C4 1F 43 2D 3E 82 42 00 00 92 42
1787903018.565869,34680,07a6,12,D3 DC 1A 43 39 B0 6E 42 00 00 94 42
1787903018.576533,34680,07a7,12,99 DB 16 43 20 5A 57 42 00 00 96 42
1787903018.587300,34680,07a8,12,01 D8 13 43 71 66 3F 42 00 00 98 42
1787903018.597882,34680,07a9,12,AE E3 11 43 70 CB 27 42 00 00 9A 42
1787903018.608524,34680,07aa,12,AF 09 11 43 3A 78 11 42 00 00 9C 42
1787903018.619260,34680,07ab,12,E8 4E 11 43 39 A3 FA 41 00 00 9E 42
1787903018.629976,34680,07ac,12,CB B1 12 43 C5 4B D8 41 00 00 A0 42
1787903018.640893,34680,07ad,12,88 2A 15 43 F1 45 BD 41 00 00 A2 42
1787903018.651626,34680,07ae,12,A8 AA 18 43 96 A7 AA 41 00 00 A4 42
1787903018.662458,34680,07af,12,25 1E 1D 43 4D 2D A1 41 00 00 A6 42
1787903018.673567,34680,07b0,12,68 6B 22 43 B7 38 A1 41 00 00 A8 42
1787903018.684317,34680,07b1,12,F8 73 28 43 D3 C8 AA 41 00 00 AA 42
1787903018.695624,34680,07b2,12,80 15 2F 43 C3 7C BD 41 00 00 AC 42
1787903018.706311,34680,07b3,12,31 29 36 43 39 94 D8 41 00 00 AE 42
1787903018.716881,34680,07b4,12,B1 86 3D 43 CA FC FA 41 00 00 B0 42
1787903018.727520,34680,07b5,12,A8 03 45 43 2D AB 11 42 00 00 B2 42
1787903018.738022,34680,07b6,12,0C 75 4C 43 9F 01 28 42 00 00 B4 42
1787903018.748618,34680,07b7,12,70 B0 53 43 78 9F 3F 42 00 00 B6 42
1787903018.759164,34680,07b8,12,80 8B 5A 43 E4 91 57 42 00 00 B8 42
1787903018.770211,34680,07b9,12,36 DF 60 43 53 E6 6E 42 00 00 BA 42
1787903018.780845,34680,07ba,12,32 87 66 43 DA 56 82 42 00 00 BC 42
1787903018.791375,34680,07bb,12,F0 62 6B 43 84 04 8C 42 00 00 BE 42
1787903018.802893,34680,07bc,12,B0 56 6F 43 1D 1A 94 42 00 00 C0 42
1787903018.813646,34680,07bd,12,52 4B 72 43 88 44 9A 42 00 00 C2 42
1787903018.824236,34680,07be,12,11 30 74 43 4F 45 9E 42 00 00 C4 42
1787903018.835102,34680,07bf,12,0C FA 74 43 4E F3 9F 42 00 00 C6 42
1787903018.845772,34680,07c0,12,BA A4 74 43 75 3D 9F 42 00 00 C8 42
1787903018.856726,34680,07c1,12,E9 31 73 43 F4 2A 9C 42 00 00 CA 42
1787903018.868219,34680,07c2,12,15 AA 70 43 63 DB 96 42 00 00 CC 42
1787903018.879256,34680,07c3,12,BE 1B 6D 43 8D 84 8F 42 00 00 CE 42
1787903018.890185,34680,07c4,12,54 9B 68 43 85 71 86 42 00 00 D0 42
1787903018.900862,34680,07c5,12,BA 42 63 43 B3 FE 77 42 00 00 D2 42
1787903018.912704,34680,07c6,12,55 30 5D 43 B4 2F 61 42 00 00 D4 42
1787903018.923829,34680,07c7,12,B0 87 56 43 8F 60 49 42 00 00 D6 42
1787903018.934465,34680,07c8,12,C4 6E 4F 43 71 82 31 42 00 00 D8 42
1787903018.945105,34680,07c9,12,5F 0E 48 43 E4 89 1A 42 00 00 DA 42
1787903018.955732,34680,07ca,12,EA 90 40 43 26 62 05 42 00 00 DC 42
1787903018.966363,34680,07cb,12,10 21 39 43 03 C3 E5 41 00 00 DE 42
1787903018.977637,34680,07cc,12,59 EA 31 43 67 8C C7 41 00 00 E0 42
1787903018.989585,34680,07cd,12,D9 15 2B 43 84 52 B1 41 00 00 E2 42
1787903019.000399,34680,07ce,12,D4 CA 24 43 88 F9 A3 41 00 00 E4 42
1787903019.011039,34680,07cf,12,76 2D 1F 43 A9 09 A0 41 00 00 E6 42
1787903019.021696,34680,07d0,12,CE 5D 1A 43 C8 AA A5 41 00 00 E8 42
1787903019.032169,34680,07d1,12,02 78 16 43 04 A3 B4 41 00 00 EA 42
1787903019.042572,34680,07d2,12,36 92 13 43 BA 5A CC 41 00 00 EC 42
1787903019.054925,34680,07d3,12,13 BD 11 43 6C DF EB 41 00 00 EE 42
1787903019.065610,34680,07d4,12,20 03 11 43 E6 F6 08 42 00 00 A0 41
1787903019.076103,34680,07d5,12,98 68 11 43 2E 82 1E 42 00 00 A8 41
1787903019.086699,34680,07d6,12,29 EB 12 43 0C B4 35 42 00 00 B0 41
1787903019.097452,34680,07d7,12,22 82 15 43 8D A1 4D 42 00 00 B8 41
1787903019.107831,34680,07d8,12,A0 1E 19 43 94 55 65 42 00 00 C0 41
1787903019.118282,34680,07d9,12,E0 AB 1D 43 58 DD 7B 42 00 00 C8 41
1787903019.129550,34680,07da,12,06 10 23 43 50 2A 88 42 00 00 D0 41
1787903019.140050,34680,07db,12,82 2B 29 43 7F F4 90 42 00 00 D8 41
1787903019.160143,34680,07dc,12,7C DB 2F 43 32 F4 97 42 00 00 E0 41
1787903019.172014,34680,07dd,12,81 F9 36 43 96 E1 9C 42 00 00 E8 41
1787903019.183176,34680,07de,12,A8 5C 3E 43 54 8A 9F 42 00 00 F0 41
1787903019.196456,34680,07df,12,DD DA 45 43 7C D3 9F 42 00 00 F8 41
1787903019.209396,34680,07e0,12,44 48 4D 43 1C BA 9D 42 00 00 00 42
1787903019.220332,34680,07e1,12,8F 7A 54 43 79 53 99 42 00 00 04 42
1787903019.234178,34680,07e2,12,60 48 5B 43 88 CC 92 42 00 00 08 42
1787903019.245243,34680,07e3,12,97 8A 61 43 43 68 8A 42 00 00 0C 42
1787903019.256086,34680,07e4,12,82 1D 67 43 AC 7B 80 42 00 00 10 42
1787903019.267524,34680,07e5,12,7E E0 6B 43 98 D9 6A 42 00 00 14 42
1787903019.279176,34680,07e6,12,7D B8 6F 43 4E 57 53 42 00 00 18 42
1787903019.290092,34680,07e7,12,66 8F 72 43 41 61 3B 42 00 00 1C 42
1787903019.300772,34680,07e8,12,E6 54 74 43 EA EC 23 42 00 00 20 42
1787903019.311373,34680,07e9,12,CE FE 74 43 DC E7 0D 42 00 00 24 42
1787903019.321960,34680,07ea,12,3D 89 74 43 FE 68 F4 41 00 00 28 42
1787903019.332516,34680,07eb,12,E8 F6 72 43 C1 34 D3 41 00 00 2C 42
1787903019.343042,34680,07ec,12,D5 50 70 43 91 87 B9 41 00 00 30 42
1787903019.354393,34680,07ed,12,41 A6 6C 43 00 68 A8 41 00 00 34 42
1787903019.365361,34680,07ee,12,FB 0B 68 43 83 83 A0 41 00 00 38 42
1787903019.376113,34680,07ef,12,F3 9C 62 43 3D 2B A2 41 00 00 3C 42
1787903019.386964,34680,07f0,12,30 78 5C 43 6D 4E AD 41 00 00 40 42
1787903019.397709,34680,07f1,12,01 C1 55 43 81 7B C1 41 00 00 44 42
1787903019.408272,34680,07f2,12,02 9E 4E 43 4A E3 DD 41 00 00 48 42
1787903019.418880,34680,07f3,12,D7 37 47 43 06 B3 00 42 00 00 4C 42
1787903019.430067,34680,07f4,12,CE B9 3F 43 54 4B 15 42 00 00 50 42
1787903019.441062,34680,07f5,12,97 4E 38 43 F2 E9 2B 42 00 00 54 42
1787903019.451658,34680,07f6,12,D9 20 31 43 3F A7 43 42 00 00 58 42
1787903019.462506,34680,07f7,12,D8 59 2A 43 FE 8F 5B 42 00 00 5C 42
1787903019.473112,34680,07f8,12,3C 20 24 43 FE B1 72 42 00 00 60 42
1787903019.489170,34680,07f9,12,74 98 1E 43 B4 0F 84 42 00 00 64 42
1787903019.500077,34680,07fa,12,F3 E1 19 43 98 7F 8D 42 00 00 68 42
1787903019.510782,34680,07fb,12,D2 17 16 43 E6 47 95 42 00 00 6C 42
1787903019.521967,34680,07fc,12,DA 4F 13 43 02 19 9B 42 00 00 70 42
1787903019.532928,34680,07fd,12,F7 99 11 43 FD B7 9E 42 00 00 74 42
1787903019.544002,34680,07fe,12,2E 00 11 43 9E FF 9F 42 00 00 78 42
1787903019.554862,34680,07ff,12,D2 85 11 43 EE E2 9E 42 00 00 7C 42
1787903019.565492,34680,0800,12,E6 27 13 43 2D 6D 9B 42 00 00 80 42
1787903019.576953,34680,0801,12,05 DD 15 43 F1 C1 95 42 00 00 82 42
1787903019.588017,34680,0802,12,D7 95 19 43 A4 1A 8E 42 00 00 84 42
1787903019.598681,34680,0803,12,92 3C 1E 43 F9 C5 84 42 00 00 86 42
1787903019.615591,34680,0804,12,A6 B6 23 43 E4 44 74 42 00 00 88 42
1787903019.626342,34680,0805,12,95 E4 29 43 FA 39 5D 42 00 00 8A 42
1787903019.637178,34680,0806,12,DA A2 30 43 57 57 45 42 00 00 8C 42
1787903019.647881,34680,0807,12,12 CB 37 43 EB 8E 2D 42 00 00 8E 42
1787903019.658647,34680,0808,12,59 33 3F 43 40 D5 16 42 00 00 90 42
1787903019.670485,34680,0809,12,78 B1 46 43 84 10 02 42 00 00 92 42
1787903019.681298,34680,080a,12,5C 1A 4E 43 42 2B E0 41 00 00 94 42
1787903019.691900,34680,080b,12,6C 43 55 43 31 39 C3 41 00 00 96 42
1787903019.703550,34680,080c,12,D5 03 5C 43 09 70 AE 41 00 00 98 42
1787903019.714508,34680,080d,12,12 34 62 43 82 A5 A2 41 00 00 9A 42
1787903019.725150,34680,080e,12,EE B0 67 43 0B 51 A0 41 00 00 9C 42
1787903019.740674,34680,080f,12,DD 5A 6C 43 10 8B A7 41 00 00 9E 42
1787903019.759402,34680,0810,12,0F 17 70 43 FD 08 B8 41 00 00 A0 42
1787903019.770047,34680,0811,12,28 D0 72 43 C4 23 D1 41 00 00 A2 42
1787903019.780875,34680,0812,12,38 76 74 43 46 D9 F1 41 00 00 A4 42
1787903019.791605,34680,0813,12,F0 FF 74 43 19 6F 0C 42 00 00 A6 42
1787903019.802073,34680,0814,12,39 6A 74 43 8E 51 22 42 00 00 A8 42
1787903019.816706,34680,0815,12,6F B8 72 43 B5 B3 39 42 00 00 AA 42
1787903019.827896,34680,0816,12,24 F4 6F 43 B0 A8 51 42 00 00 AC 42
1787903019.838437,34680,0817,12,89 2D 6C 43 2D 3A 69 42 00 00 AE 42
1787903019.849053,34680,0818,12,36 7A 67 43 72 79 7F 42 00 00 B0 42
1787903019.859549,34680,0819,12,30 F5 61 43 3D C1 89 42 00 00 B2 42
1787903019.870820,34680,081a,12,32 BE 5B 43 16 44 92 42 00 00 B4 42
1787903019.881766,34680,081b,12,9A F8 54 43 0E EF 98 42 00 00 B6 42
1787903019.892390,34680,081c,12,08 CC 4D 43 96 7D 9D 42 00 00 B8 42
1787903019.902857,34680,081d,12,65 61 46 43 86 C1 9F 42 00 00 BA 42
1787903019.914377,34680,081e,12,53 E3 3E 43 86 A3 9F 42 00 00 BC 42
1787903019.924897,34680,081f,12,E4 7C 37 43 EC 24 9D 42 00 00 BE 42
1787903019.935522,34680,0820,12,47 58 30 43 FE 5E 98 42 00 00 C0 42
1787903019.946959,34680,0821,12,49 9F 29 43 CE 82 91 42 00 00 C2 42
1787903019.957645,34680,0822,12,30 78 23 43 DA D5 88 42 00 00 C4 42
1787903019.968395,34680,0823,12,59 06 1E 43 D6 61 7D 42 00 00 C6 42
1787903019.979171,34680,0824,12,12 69 19 43 FD F7 66 42 00 00 C8 42
1787903019.989760,34680,0825,12,B6 BA 15 43 33 51 4F 42 00 00 CA 42
1787903020.000733,34680,0826,12,D2 10 13 43 A7 60 37 42 00 00 CC 42
1787903020.011348,34680,0827,12,7E 7A 11 43 D6 18 20 42 00 00 CE 42
1787903020.021837,34680,0828,12,DA 00 11 43 51 68 0A 42 00 00 D0 42
1787903020.032458,34680,0829,12,A1 A6 11 43 5A 5A EE 41 00 00 D2 42
1787903020.043333,34680,082a,12,38 68 13 43 6A 54 CE 41 00 00 D4 42
1787903020.054136,34680,082b,12,58 3B 16 43 16 08 B6 41 00 00 D6 42
1787903020.064666,34680,082c,12,D5 0F 1A 43 7C 6B A6 41 00 00 D8 42
1787903020.078030,34680,082d,12,AA CF 1E 43 13 1F A0 41 00 00 DA 42
1787903020.088613,34680,082e,12,89 5F 24 43 D3 62 A3 41 00 00 DC 42
1787903020.099204,34680,082f,12,D0 9F 2A 43 AC 15 B0 41 00 00 DE 42
1787903020.109743,34680,0830,12,E9 6B 31 43 0D B5 C5 41 00 00 E0 42
1787903020.120762,34680,0831,12,10 9D 38 43 EF 65 E3 41 00 00 E2 42
1787903020.132221,34680,0832,12,ED 09 40 43 4C FC 03 42 00 00 E4 42
1787903020.143188,34680,0833,12,CF 87 47 43 00 FB 18 42 00 00 E6 42
1787903020.153724,34680,0834,12,08 EC 4E 43 68 DA 2F 42 00 00 E8 42
1787903020.164409,34680,0835,12,53 0B 56 43 59 AF 47 42 00 00 EA 42
1787903020.175399,34680,0836,12,23 BD 5C 43 6D 88 5F 42 00 00 EC 42
1787903020.186135,34680,0837,12,FC DA 62 43 4C 71 76 42 00 00 EE 42
1787903020.197197,34680,0838,12,B5 41 68 43 AC BF 85 42 00 00 A0 41
1787903020.209120,34680,0839,12,76 D2 6C 43 A7 EE 8E 42 00 00 A8 41
1787903020.219691,34680,083a,12,88 72 70 43 2A 67 96 42 00 00 B0 41
1787903020.230413,34680,083b,12,56 0D 73 43 87 DD 9B 42 00 00 B8 41
1787903020.244175,34680,083c,12,E6 93 74 43 AA 19 9F 42 00 00 C0 41
1787903020.255353,34680,083d,12,75 FD 74 43 92 FA 9F 42 00 00 C8 41
1787903020.266427,34680,083e,12,91 47 74 43 59 77 9E 42 00 00 D0 41
1787903020.277170,34680,083f,12,64 76 72 43 8A 9F 9A 42 00 00 D8 41
1787903020.287669,34680,0840,12,5C 94 6F 43 15 9A 94 42 00 00 E0 41
1787903020.298306,34680,0841,12,0F B2 6B 43 8A A4 8C 42 00 00 E8 41
1787903020.311213,34680,0842,12,CE E5 66 43 8C 10 83 42 00 00 F0 41
1787903020.322500,34680,0843,12,E1 4A 61 43 43 7E 70 42 00 00 F8 41
1787903020.344700,34680,0844,12,14 02 5B 43 09 3F 59 42 00 00 00 42
1787903020.355790,34680,0845,12,43 2F 54 43 E4 4E 41 42 00 00 04 42
1787903020.367080,34680,0846,12,A7 F9 4C 43 0D A3 29 42 00 00 08 42
1787903020.378146,34680,0847,12,B4 8A 45 43 FA 2D 13 42 00 00 0C 42
1787903020.389086,34680,0848,12,C0 0C 3E 43 46 A6 FD 41 00 00 10 42
1787903020.400054,34680,0849,12,A5 AB 36 43 A6 C7 DA 41 00 00 14 42
1787903020.410642,34680,084a,12,6B 91 2F 43 48 21 BF 41 00 00 18 42
1787903020.421846,34680,084b,12,E7 E6 28 43 E1 CE AB 41 00 00 1C 42
1787903020.432349,34680,084c,12,6B D2 22 43 E2 95 A1 41 00 00 20 42
1787903020.443714,34680,084d,12,A8 76 1D 43 D7 DD A0 41 00 00 24 42
1787903020.454329,34680,084e,12,FC F2 18 43 24 AE A9 41 00 00 28 42
1787903020.465630,34680,084f,12,0C 61 15 43 83 AD BB 41 00 00 2C 42
1787903020.476021,34680,0850,12,60 D5 12 43 16 24 D6 41 00 00 30 42
1787903020.486599,34680,0851,12,9A 5E 11 43 4D 02 F8 41 00 00 34 42
1787903020.497310,34680,0852,12,26 05 11 43 8D F8 0F 42 00 00 38 42
1787903020.507916,34680,0853,12,12 CB 11 43 F2 2A 26 42 00 00 3C 42
1787903020.518785,34680,0854,12,DD AB 13 43 81 B7 3D 42 00 00 40 42
1787903020.529387,34680,0855,12,BD 9C 16 43 06 AD 55 42 00 00 44 42
1787903020.539889,34680,0856,12,CA 8C 1A 43 0F 16 6D 42 00 00 48 42
1787903020.550461,34680,0857,12,A6 65 1F 43 BE 82 81 42 00 00 4C 42
1787903020.561391,34680,0858,12,F3 0A 25 43 E1 4C 8B 42 00 00 50 42
1787903020.572562,34680,0859,12,78 5C 2B 43 48 86 93 42 00 00 54 42
1787903020.583165,34680,085a,12,E1 35 32 43 97 DA 99 42 00 00 58 42
1787903020.593790,34680,085b,12,CF 6F 39 43 16 09 9E 42 00 00 5C 42
1787903020.604459,34680,085c,12,1B E1 40 43 6A E7 9F 42 00 00 60 42
1787903020.615067,34680,085d,12,36 5E 48 43 5C 62 9F 42 00 00 64 42
1787903020.625848,34680,085e,12,75 BC 4F 43 30 7F 9C 42 00 00 68 42
1787903020.636554,34680,085f,12,7D D1 56 43 57 5B 97 42 00 00 6C 42
1787903020.647238,34680,0860,12,96 74 5D 43 9B 2B 90 42 00 00 70 42
1787903020.657706,34680,0861,12,E5 7F 63 43 C7 38 87 42 00 00 74 42
1787903020.668363,34680,0862,12,0B D0 68 43 B8 BD 79 42 00 00 78 42
1787903020.679141,34680,0863,12,D0 46 6D 43 69 0D 63 42 00 00 7C 42
1787903020.689797,34680,0864,12,8D CA 70 43 FA 48 4B 42 00 00 80 42
1787903020.701025,34680,0865,12,0B 47 73 43 EE 63 33 42 00 00 82 42
1787903020.711894,34680,0866,12,0B AE 74 43 51 50 1C 42 00 00 84 42
1787903020.722431,34680,0867,12,59 F7 74 43 67 FB 06 42 00 00 86 42
1787903020.733267,34680,0868,12,68 21 74 43 86 7A E8 41 00 00 88 42
1787903020.743872,34680,0869,12,08 31 72 43 29 AC C9 41 00 00 8A 42
1787903020.755533,34680,086a,12,5C 31 6F 43 E2 C6 B2 41 00 00 8C 42
1787903020.766465,34680,086b,12,68 33 6B 43 9C B2 A4 41 00 00 8E 42
1787903020.778085,34680,086c,12,88 4E 66 43 19 00 A0 41 00 00 90 42
1787903020.789194,34680,086d,12,AF 9E 60 43 EF DE A4 41 00 00 92 42
1787903020.799976,34680,086e,12,90 44 5A 43 C4 1D B3 41 00 00 94 42
1787903020.811038,34680,086f,12,AE 64 53 43 22 2A CA 41 00 00 96 42
1787903020.821885,34680,0870,12,2C 26 4C 43 91 1A E9 41 00 00 98 42
1787903020.832516,34680,0871,12,70 B3 44 43 7B 58 07 42 00 00 9A 42
1787903020.843157,34680,0872,12,EC 36 3D 43 49 B8 1C 42 00 00 9C 42
1787903020.853884,34680,0873,12,AB DB 35 43 DC D1 33 42 00 00 9E 42
1787903020.864670,34680,0874,12,F7 CB 2E 43 7A B8 4B 42 00 00 A0 42
1787903020.875410,34680,0875,12,13 30 28 43 0C 7A 63 42 00 00 A2 42
1787903020.886987,34680,0876,12,AE 2E 22 43 4D 22 7A 42 00 00 A4 42
1787903020.902112,34680,0877,12,F1 E9 1C 43 DF 65 87 42 00 00 A6 42
1787903020.912718,34680,0878,12,27 80 18 43 48 51 90 42 00 00 A8 42
1787903020.923371,34680,0879,12,AE 0A 15 43 18 78 97 42 00 00 AA 42
1787903020.933960,34680,087a,12,50 9D 12 43 DE 91 9C 42 00 00 AC 42
1787903020.944618,34680,087b,12,42 46 11 43 2A 6A 9F 42 00 00 AE 42
1787903020.955330,34680,087c,12,0F 0D 11 43 28 E4 9F 42 00 00 B0 42
1787903020.965926,34680,087d,12,01 F3 11 43 D5 FA 9D 42 00 00 B2 42
1787903020.976599,34680,087e,12,EE F2 13 43 E8 C1 99 42 00 00 B4 42
1787903020.987131,34680,087f,12,86 01 17 43 27 64 93 42 00 00 B6 42
1787903021.003735,34680,0880,12,E6 0C 1B 43 06 23 8B 42 00 00 B8 42
1787903021.014819,34680,0881,12,EE FD 1F 43 21 52 81 42 00 00 BA 42
1787903021.025535,34680,0882,12,38 B8 25 43 E8 AB 6C 42 00 00 BC 42
1787903021.036602,34680,0883,12,D4 1A 2C 43 2D 3E 55 42 00 00 BE 42
1787903021.047714,34680,0884,12,6E 01 33 43 61 48 3D 42 00 00 C0 42
1787903021.059570,34680,0885,12,A2 43 3A 43 E0 C0 25 42 00 00 C2 42
1787903021.070069,34680,0886,12,0D B8 41 43 00 96 0F 42 00 00 C4 42
1787903021.080937,34680,0887,12,D6 33 49 43 E5 55 F7 41 00 00 C6 42
1787903021.091840,34680,0888,12,F7 8B 50 43 3F 97 D5 41 00 00 C8 42
1787903021.102462,34680,0889,12,93 96 57 43 DB 45 BB 41 00 00 CA 42
1787903021.113092,34680,088a,12,73 2A 5E 43 53 70 A9 41 00 00 CC 42
1787903021.128016,34680,088b,12,28 22 64 43 4D CB A0 41 00 00 CE 42
1787903021.139135,34680,088c,12,63 5B 69 43 E3 AF A1 41 00 00 D0 42
1787903021.149850,34680,088d,12,1D B8 6D 43 62 14 AC 41 00 00 D2 42
1787903021.161282,34680,088e,12,69 1F 71 43 85 8F BF 41 00 00 D4 42
1787903021.171748,34680,088f,12,5B 7D 73 43 FE 58 DB 41 00 00 D6 42
1787903021.182503,34680,0890,12,8C C4 74 43 58 57 FE 41 00 00 D8 42
1787903021.193213,34680,0891,12,A3 ED 74 43 3A 92 13 42 00 00 DA 42
1787903021.204031,34680,0892,12,B3 F7 73 43 06 0F 2A 42 00 00 DC 42
1787903021.215178,34680,0893,12,20 E8 71 43 48 BE 41 42 00 00 DE 42
1787903021.225842,34680,0894,12,FA CA 6E 43 79 AC 59 42 00 00 E0 42
1787903021.236361,34680,0895,12,14 B2 6A 43 34 E7 70 42 00 00 E2 42
1787903021.283919,34680,0896,12,F9 B4 65 43 37 40 83 42 00 00 E4 42
1787903021.303500,34680,0897,12,5A F0 5F 43 80 CD 8C 42 00 00 E6 42
1787903021.315039,34680,0898,12,04 85 59 43 B5 BA 94 42 00 00 E8 42
1787903021.325695,34680,0899,12,8A 98 52 43 56 B6 9A 42 00 00 EA 42
1787903021.336220,34680,089a,12,69 52 4B 43 C7 83 9E 42 00 00 EC 42
1787903021.346648,34680,089b,12,70 DC 43 43 F4 FB 9F 42 00 00 EE 42
1787903021.357661,34680,089c,12,84 61 3C 43 F2 0F 9F 42 00 00 A0 41
1787903021.368274,34680,089d,12,45 0C 35 43 16 C9 9B 42 00 00 A8 41
1787903021.379189,34680,089e,12,9E 07 2E 43 13 49 96 42 00 00 B0 41
1787903021.390033,34680,089f,12,84 7B 27 43 9E C7 8E 42 00 00 B8 41
1787903021.401294,34680,08a0,12,9C 8D 21 43 80 91 85 42 00 00 C0 41
1787903021.412384,34680,08a1,12,FA 5F 1C 43 5C 0A 76 42 00 00 C8 41
1787903021.424766,34680,08a2,12,31 10 18 43 00 1B 5F 42 00 00 D0 41
1787903021.435825,34680,08a3,12,7D B7 14 43 BD 40 47 42 00 00 D8 41
1787903021.446958,34680,08a4,12,DA 68 12 43 2E 6D 2F 42 00 00 E0 41
1787903021.457927,34680,08a5,12,8D 31 11 43 72 94 18 42 00 00 E8 41
1787903021.468685,34680,08a6,12,93 18 11 43 82 A0 03 42 00 00 F0 41
1787903021.479255,34680,08a7,12,90 1E 12 43 36 CB E2 41 00 00 F8 41
1787903021.495160,34680,08a8,12,88 3D 14 43 58 3E C5 41 00 00 00 42
1787903021.506911,34680,08a9,12,50 69 17 43 C0 C5 AF 41 00 00 04 42
1787903021.519145,34680,08aa,12,AB 8F 1B 43 E1 3D A3 41 00 00 08 42
1787903021.531867,34680,08ab,12,BF 98 20 43 92 26 A0 41 00 00 0C 42
1787903021.542719,34680,08ac,12,ED 67 26 43 23 9F A6 41 00 00 10 42
1787903021.554065,34680,08ad,12,33 DB 2C 43 09 65 B6 41 00 00 14 42
1787903021.564807,34680,08ae,12,C5 CD 33 43 82 D8 CE 41 00 00 18 42
1787903021.575718,34680,08af,12,B3 17 3B 43 88 FF EE 41 00 00 1C 42
1787903021.587769,34680,08b0,12,17 8F 42 43 28 C8 0A 42 00 00 20 42
1787903021.598734,34680,08b1,12,66 09 4A 43 1C 82 20 42 00 00 24 42
1787903021.610035,34680,08b2,12,DE 5A 51 43 3A CE 37 42 00 00 28 42
1787903021.620475,34680,08b3,12,D0 59 58 43 88 C0 4F 42 00 00 2C 42
1787903021.631804,34680,08b4,12,05 DE 5E 43 B5 63 67 42 00 00 30 42
1787903021.642323,34680,08b5,12,06 C2 64 43 A6 C5 7D 42 00 00 34 42
1787903021.652804,34680,08b6,12,34 E4 69 43 D2 01 89 42 00 00 38 42
1787903021.663480,34680,08b7,12,86 26 6E 43 C5 A6 91 42 00 00 3C 42
1787903021.674484,34680,08b8,12,C8 70 71 43 1E 7A 98 42 00 00 40 42
1787903021.685053,34680,08b9,12,10 B0 73 43 D4 35 9D 42 00 00 44 42
1787903021.695678,34680,08ba,12,74 D7 74 43 88 A9 9F 42 00 00 48 42
1787903021.708092,34680,08bb,12,4A E0 74 43 66 BC 9F 42 00 00 4C 42
1787903021.718923,34680,08bc,12,5E CA 73 43 AA 6D 9D 42 00 00 50 42
1787903021.729553,34680,08bd,12,F6 9B 71 43 B5 D4 98 42 00 00 54 42
1787903021.739845,34680,08be,12,9D 61 6E 43 7F 20 92 42 00 00 58 42
1787903021.750397,34680,08bf,12,E1 2D 6A 43 D4 95 89 42 00 00 5C 42
1787903021.760920,34680,08c0,12,A0 18 65 43 70 16 7F 42 00 00 60 42
1787903021.771339,34680,08c1,12,9A 3F 5F 43 D5 CF 68 42 00 00 64 42
1787903021.781883,34680,08c2,12,30 C4 58 43 7B 39 51 42 00 00 68 42
1787903021.792427,34680,08c3,12,A5 CB 51 43 F9 44 39 42 00 00 6C 42
1787903021.802835,34680,08c4,12,0C 7E 4A 43 B6 E7 21 42 00 00 70 42
1787903021.813271,34680,08c5,12,FC 04 43 43 5C 0E 0C 42 00 00 74 42
1787903021.825078,34680,08c6,12,33 8C 3B 43 23 33 F1 41 00 00 78 42
1787903021.836745,34680,08c7,12,41 3E 34 43 D4 9C D0 41 00 00 7C 42
1787903021.847255,34680,08c8,12,24 45 2D 43 0A A8 B7 41 00 00 80 42
1787903021.858550,34680,08c9,12,F3 C8 26 43 F7 53 A7 41 00 00 82 42
1787903021.869166,34680,08ca,12,AC EE 20 43 FE 45 A0 41 00 00 84 42
1787903021.879626,34680,08cb,12,90 D8 1B 43 AA C6 A2 41 00 00 86 42
1787903021.892092,34680,08cc,12,8B A3 17 43 A1 BC AE 41 00 00 88 42
1787903021.902698,34680,08cd,12,CB 67 14 43 E4 AD C3 41 00 00 8A 42
1787903021.913307,34680,08ce,12,E7 37 12 43 67 C3 E0 41 00 00 8C 42
1787903021.923817,34680,08cf,12,6B 20 11 43 48 6B 02 42 00 00 8E 42
1787903021.934966,34680,08d0,12,BA 27 11 43 3B 3A 17 42 00 00 90 42
1787903021.946094,34680,08d1,12,95 4D 12 43 C6 FB 2D 42 00 00 92 42
1787903021.959190,34680,08d2,12,62 8B 14 43 DE C6 45 42 00 00 94 42
1787903021.969662,34680,08d3,12,3F D4 17 43 BC A7 5D 42 00 00 96 42
1787903021.980445,34680,08d4,12,88 15 1C 43 80 AC 74 42 00 00 98 42
1787903021.991021,34680,08d5,12,56 36 21 43 3E F4 84 42 00 00 9A 42
1787903022.001694,34680,08d6,12,62 19 27 43 4E 42 8E 42 00 00 9C 42
1787903022.012516,34680,08d7,12,D2 9C 2D 43 06 E1 95 42 00 00 9E 42
1787903022.023100,34680,08d8,12,35 9B 34 43 71 82 9B 42 00 00 A0 42
1787903022.033608,34680,08d9,12,BA EC 3B 43 86 ED 9E 42 00 00 A2 42
1787903022.044089,34680,08da,12,8D 66 43 43 21 FF 9F 42 00 00 A4 42
1787903022.055458,34680,08db,12,11 DE 4A 43 6D AC 9E 42 00 00 A6 42
1787903022.065969,34680,08dc,12,5B 28 52 43 D5 02 9B 42 00 00 A8 42
1787903022.076554,34680,08dd,12,82 1B 59 43 00 28 95 42 00 00 AA 42
1787903022.087216,34680,08de,12,E5 8F 5F 43 3D 57 8D 42 00 00 AC 42
1787903022.097975,34680,08df,12,BB 5F 65 43 E7 E0 83 42 00 00 AE 42
1787903022.108608,34680,08e0,12,F6 69 6A 43 AC 49 72 42 00 00 B0 42
1787903022.119192,34680,08e1,12,9C 91 6E 43 E6 21 5B 42 00 00 B2 42
1787903022.129638,34680,08e2,12,CB BE 71 43 C7 37 43 42 00 00 B4 42
1787903022.140589,34680,08e3,12,55 DF 73 43 8B 7D 2B 42 00 00 B6 42
1787903022.152075,34680,08e4,12,C8 E6 74 43 28 E7 14 42 00 00 B8 42
1787903022.162811,34680,08e5,12,5B CF 74 43 6B 59 00 42 00 00 BA 42
1787903022.173642,34680,08e6,12,96 99 73 43 0E 4E DD 41 00 00 BC 42
1787903022.184379,34680,08e7,12,6E 4C 71 43 31 0A C1 41 00 00 BE 42
1787903022.195149,34680,08e8,12,EA F4 6D 43 8D 05 AD 41 00 00 C0 42
1787903022.205739,34680,08e9,12,99 A6 69 43 F6 0D A2 41 00 00 C2 42
1787903022.216371,34680,08ea,12,17 7A 64 43 81 92 A0 41 00 00 C4 42
1787903022.226973,34680,08eb,12,22 8D 5E 43 EC A2 A8 41 00 00 C6 42
1787903022.237437,34680,08ec,12,CA 01 58 43 0F EC B9 41 00 00 C8 42
1787903022.248458,34680,08ed,12,4E FD 50 43 D2 BE D3 41 00 00 CA 42
1787903022.260295,34680,08ee,12,C1 A8 49 43 B0 11 F5 41 00 00 CC 42
1787903022.271053,34680,08ef,12,EC 2D 42 43 90 49 0E 42 00 00 CE 42
1787903022.282432,34680,08f0,12,CF B7 3A 43 5E 57 24 42 00 00 D0 42
1787903022.292923,34680,08f1,12,4E 71 33 43 35 D0 3B 42 00 00 D2 42
1787903022.303663,34680,08f2,12,E4 83 2C 43 56 C6 53 42 00 00 D4 42
1787903022.314055,34680,08f3,12,1A 18 26 43 62 43 6B 42 00 00 D6 42
1787903022.324633,34680,08f4,12,7D 52 20 43 B6 AC 80 42 00 00 D8 42
1787903022.335635,34680,08f5,12,3A 54 1B 43 0C 93 8A 42 00 00 DA 42
1787903022.346223,34680,08f6,12,06 3A 17 43 5B EF 92 42 00 00 DC 42
1787903022.356817,34680,08f7,12,54 1B 14 43 F3 6C 99 42 00 00 DE 42
1787903022.367361,34680,08f8,12,66 0A 12 43 18 C9 9D 42 00 00 E0 42
1787903022.377755,34680,08f9,12,EC 12 11 43 A0 D7 9F 42 00 00 E2 42
1787903022.388327,34680,08fa,12,76 3A 11 43 57 83 9F 42 00 00 E4 42
1787903022.401016,34680,08fb,12,1F 80 12 43 BE CF 9C 42 00 00 E6 42
1787903022.412126,34680,08fc,12,BE DC 14 43 34 D8 97 42 00 00 E8 42
1787903022.423216,34680,08fd,12,81 42 18 43 CB CF 90 42 00 00 EA 42
1787903022.433924,34680,08fe,12,F8 9D 1C 43 BF FD 87 42 00 00 EC 42
1787903022.445048,34680,08ff,12,16 D6 21 43 A9 78 7B 42 00 00 EE 42
1787903022.455991,34680,0900,12,DB CC 27 43 5D E9 64 42 00 00 A0 41
1787903022.466579,34680,0901,12,57 60 2E 43 1D 32 4D 42 00 00 A8 41
1787903022.477313,34680,0902,12,10 6A 35 43 C2 46 35 42 00 00 B0 41
1787903022.488711,34680,0903,12,E2 C1 3C 43 94 19 1E 42 00 00 B8 41
1787903022.499408,34680,0904,12,97 3D 44 43 15 98 08 42 00 00 C0 41
1787903022.510095,34680,0905,12,2A B2 4B 43 EB 3C EB 41 00 00 C8 41
1787903022.521111,34680,0906,12,1F F5 52 43 D5 D9 CB 41 00 00 D0 41
1787903022.531976,34680,0907,12,F5 DB 59 43 A1 49 B4 41 00 00 D8 41
1787903022.542928,34680,0908,12,61 3F 60 43 FB 7A A5 41 00 00 E0 41
1787903022.554047,34680,0909,12,AB FA 65 43 1C 06 A0 41 00 00 E8 41
1787903022.565045,34680,090a,12,DE EC 6A 43 5D 22 A4 41 00 00 F0 41
1787903022.575795,34680,090b,12,BC F9 6E 43 1D A6 B1 41 00 00 F8 41
1787903022.586796,34680,090c,12,90 09 72 43 65 06 C8 41 00 00 00 42
1787903022.597817,34680,090d,12,FC 0A 74 43 8F 60 E6 41 00 00 04 42
1787903022.608890,34680,090e,12,78 F2 74 43 0C BF 05 42 00 00 08 42
1787903022.619544,34680,090f,12,D3 BA 74 43 34 F1 1A 42 00 00 0C 42
1787903022.647248,34680,0910,12,32 65 73 43 0E F0 31 42 00 00 10 42
1787903022.658413,34680,0911,12,66 F9 70 43 2A CF 49 42 00 00 14 42
1787903022.670341,34680,0912,12,4E 85 6D 43 BA 9C 61 42 00 00 18 42
1787903022.681919,34680,0913,12,C5 1C 69 43 DC 64 78 42 00 00 1C 42
1787903022.696699,34680,0914,12,23 D9 63 43 22 9F 86 42 00 00 20 42
1787903022.708285,34680,0915,12,57 D8 5D 43 E0 AA 8F 42 00 00 24 42
1787903022.718827,34680,0916,12,83 3D 57 43 A6 F8 96 42 00 00 28 42
1787903022.729954,34680,0917,12,54 2E 50 43 79 3E 9C 42 00 00 2C 42
1787903022.741857,34680,0918,12,5E D3 48 43 35 46 9F 42 00 00 30 42
1787903022.752723,34680,0919,12,EC 56 41 43 F0 F0 9F 42 00 00 34 42
1787903022.763219,34680,091a,12,A2 E3 39 43 EA 37 9E 42 00 00 38 42
1787903022.773679,34680,091b,12,1D A5 32 43 DA 2C 9A 42 00 00 3C 42
1787903022.784059,34680,091c,12,9D C4 2B 43 B2 F8 93 42 00 00 40 42
1787903022.794504,34680,091d,12,AB 69 25 43 E4 DA 8B 42 00 00 44 42
1787903022.805031,34680,091e,12,D0 B8 1F 43 AE 26 82 42 00 00 48 42
1787903022.815546,34680,091f,12,87 D2 1A 43 BB 7C 6E 42 00 00 4C 42
1787903022.826250,34680,0920,12,7E D3 16 43 30 24 57 42 00 00 50 42
1787903022.837261,34680,0921,12,66 D2 13 43 34 30 3F 42 00 00 54 42
1787903022.848262,34680,0922,12,85 E0 11 43 2A 96 27 42 00 00 58 42
1787903022.859184,34680,0923,12,0A 09 11 43 CE 47 11 42 00 00 5C 42
1787903022.869903,34680,0924,12,D5 50 11 43 26 4E FA 41 00 00 60 42
1787903022.880668,34680,0925,12,44 B6 12 43 DA 05 D8 41 00 00 64 42
1787903022.891784,34680,0926,12,4B 31 15 43 F8 11 BD 41 00 00 68 42
1787903022.906584,34680,0927,12,A8 B3 18 43 16 87 AA 41 00 00 6C 42
1787903022.917775,34680,0928,12,2E 29 1D 43 A4 22 A1 41 00 00 70 42
1787903022.928488,34680,0929,12,88 78 22 43 C5 43 A1 41 00 00 74 42
1787903022.938982,34680,092a,12,A0 82 28 43 27 E9 AA 41 00 00 78 42
1787903022.949627,34680,092b,12,00 25 2F 43 14 B1 BD 41 00 00 7C 42
1787903022.960101,34680,092c,12,86 39 36 43 A6 DB D8 41 00 00 80 42
1787903022.970651,34680,092d,12,7C 97 3D 43 1C 52 FB 41 00 00 82 42
1787903022.982229,34680,092e,12,EE 14 45 43 B0 DB 11 42 00 00 84 42
1787903022.994627,34680,092f,12,05 86 4C 43 0C 36 28 42 00 00 86 42
1787903023.005270,34680,0930,12,5C C0 53 43 B8 D5 3F 42 00 00 88 42
1787903023.015793,34680,0931,12,66 9A 5A 43 BC C8 57 42 00 00 8A 42
1787903023.026769,34680,0932,12,C1 EC 60 43 C1 19 6F 42 00 00 8C 42
1787903023.037496,34680,0933,12,5A 93 66 43 4C 6E 82 42 00 00 8E 42
1787903023.048065,34680,0934,12,1E 6D 6B 43 C2 18 8C 42 00 00 90 42
1787903023.059162,34680,0935,12,7D 5E 6F 43 59 2A 94 42 00 00 92 42
1787903023.069987,34680,0936,12,CA 50 72 43 4E 50 9A 42 00 00 94 42
1787903023.081165,34680,0937,12,17 33 74 43 C4 4B 9E 42 00 00 96 42
1787903023.091977,34680,0938,12,90 FA 74 43 64 F4 9F 42 00 00 98 42
1787903023.102755,34680,0939,12,A7 A2 74 43 1F 39 9F 42 00 00 9A 42
1787903023.113925,34680,093a,12,66 2D 73 43 5F 21 9C 42 00 00 9C 42
1787903023.124580,34680,093b,12,30 A3 70 43 B0 CC 96 42 00 00 9E 42
1787903023.135682,34680,093c,12,9F 12 6D 43 D0 71 8F 42 00 00 A0 42
1787903023.146523,34680,093d,12,EE 8F 68 43 3E 5B 86 42 00 00 A2 42
1787903023.157320,34680,093e,12,83 35 63 43 D7 CC 77 42 00 00 A4 42
1787903023.167881,34680,093f,12,EF 21 5D 43 86 FA 60 42 00 00 A6 42
1787903023.178494,34680,0940,12,21 78 56 43 3E 29 49 42 00 00 A8 42
1787903023.189059,34680,0941,12,66 5E 4F 43 09 4D 31 42 00 00 AA 42
1787903023.199782,34680,0942,12,2C FD 47 43 95 57 1A 42 00 00 AC 42
1787903023.223126,34680,0943,12,A6 7F 40 43 F2 34 05 42 00 00 AE 42
1787903023.234161,34680,0944,12,80 10 39 43 6A 76 E5 41 00 00 B0 42
1787903023.246059,34680,0945,12,79 DA 31 43 A5 4F C7 41 00 00 B2 42
1787903023.257485,34680,0946,12,04 07 2B 43 08 2A B1 41 00 00 B4 42
1787903023.270422,34680,0947,12,0F BD 24 43 EA E5 A3 41 00 00 B6 42
1787903023.281032,34680,0948,12,69 21 1F 43 B0 0B A0 41 00 00 B8 42
1787903023.291486,34680,0949,12,F7 53 1A 43 5E C2 A5 41 00 00 BA 42
1787903023.302071,34680,094a,12,56 70 16 43 FD CF B4 41 00 00 BC 42
1787903023.312962,34680,094b,12,E0 8C 13 43 CC 99 CC 41 00 00 BE 42
1787903023.323704,34680,094c,12,20 BA 11 43 D7 2E EC 41 00 00 C0 42
1787903023.334226,34680,094d,12,C1 02 11 43 32 25 09 42 00 00 C2 42
1787903023.344690,34680,094e,12,C3 6A 11 43 3A B5 1E 42 00 00 C4 42
1787903023.355322,34680,094f,12,CE EF 12 43 BA EA 35 42 00 00 C6 42
1787903023.365939,34680,0950,12,27 89 15 43 DF D7 4D 42 00 00 C8 42
1787903023.376646,34680,0951,12,14 28 19 43 4C 8A 65 42 00 00 CA 42
1787903023.389596,34680,0952,12,63 B7 1D 43 5C 0E 7C 42 00 00 CC 42
1787903023.400384,34680,0953,12,08 1D 23 43 FE 3F 88 42 00 00 CE 42
1787903023.411335,34680,0954,12,FB 39 29 43 CC 06 91 42 00 00 D0 42
1787903023.422174,34680,0955,12,18 EB 2F 43 C6 01 98 42 00 00 D2 42
1787903023.433203,34680,0956,12,49 0A 37 43 38 EA 9C 42 00 00 D4 42
1787903023.446012,34680,0957,12,DF 6D 3E 43 AA 8D 9F 42 00 00 D6 42
1787903023.456510,34680,0958,12,BB EB 45 43 64 D1 9F 42 00 00 D8 42
1787903023.466846,34680,0959,12,CD 58 4D 43 8C B2 9D 42 00 00 DA 42
1787903023.477313,34680,095a,12,63 8A 54 43 FE 46 99 42 00 00 DC 42
1787903023.487829,34680,095b,12,7B 57 5B 43 7F BB 92 42 00 00 DE 42
1787903023.498560,34680,095c,12,46 98 61 43 5B 53 8A 42 00 00 E0 42
1787903023.509317,34680,095d,12,2F 29 67 43 BA 63 80 42 00 00 E2 42
1787903023.530408,34680,095e,12,37 EA 6B 43 A6 A4 6A 42 00 00 E4 42
1787903023.541157,34680,095f,12,09 C0 6F 43 2A 21 53 42 00 00 E6 42
1787903023.551716,34680,0960,12,B9 94 72 43 2E 2B 3B 42 00 00 E8 42
1787903023.562463,34680,0961,12,B4 57 74 43 10 B9 23 42 00 00 EA 42
1787903023.573022,34680,0962,12,06 FF 74 43 4C B8 0D 42 00 00 EC 42
1787903023.583894,34680,0963,12,EF 86 74 43 D1 14 F4 41 00 00 EE 42
1787903023.595860,34680,0964,12,1F F2 72 43 AE F1 D2 41 00 00 A0 41
1787903023.606574,34680,0965,12,84 49 70 43 D6 56 B9 41 00 00 A8 41
1787903023.617113,34680,0966,12,AE 9C 6C 43 90 4B A8 41 00 00 B0 41
1787903023.627828,34680,0967,12,A0 00 68 43 7E 7C A0 41 00 00 B8 41
1787903023.638380,34680,0968,12,DA 8F 62 43 2D 3A A2 41 00 00 C0 41
1787903023.649280,34680,0969,12,A4 69 5C 43 3A 72 AD 41 00 00 C8 41
1787903023.659877,34680,096a,12,F9 B0 55 43 00 B3 C1 41 00 00 D0 41
1787903023.671000,34680,096b,12,31 8D 4E 43 42 2C DE 41 00 00 D8 41
1787903023.681939,34680,096c,12,01 27 47 43 CA DE 00 42 00 00 E0 41
1787903023.692670,34680,096d,12,F2 A8 3F 43 7C 7D 15 42 00 00 E8 41
1787903023.703579,34680,096e,12,16 3E 38 43 D4 1E 2C 42 00 00 F0 41
1787903023.714233,34680,096f,12,B5 10 31 43 98 DD 43 42 00 00 F8 41
1787903023.731101,34680,0970,12,CF 4A 2A 43 A3 C5 5B 42 00 00 00 42
1787903023.741895,34680,0971,12,F4 12 24 43 CC E4 72 42 00 00 04 42
1787903023.752602,34680,0972,12,E1 8C 1E 43 12 27 84 42 00 00 08 42
1787903023.764086,34680,0973,12,58 D8 19 43 37 93 8D 42 00 00 0C 42
1787903023.775111,34680,0974,12,3B 10 16 43 64 57 95 42 00 00 10 42
1787903023.802320,34680,0975,12,AA 4A 13 43 C0 23 9B 42 00 00 14 42
1787903023.814769,34680,0976,12,5D 97 11 43 8E BD 9E 42 00 00 18 42
1787903023.825525,34680,0977,12,1A 00 11 43 CA FF 9F 42 00 00 1C 42
1787903023.836820,34680,0978,12,45 88 11 43 B1 DD 9E 42 00 00 20 42
1787903023.848165,34680,0979,12,EF 2C 13 43 BE 62 9B 42 00 00 24 42
1787903023.858703,34680,097a,12,78 E4 15 43 BA B2 95 42 00 00 28 42
1787903023.869462,34680,097b,12,51 9F 19 43 41 07 8E 42 00 00 2C 42
1787903023.880013,34680,097c,12,08 48 1E 43 CA AE 84 42 00 00 30 42
1787903023.891152,34680,097d,12,D6 C3 23 43 54 12 74 42 00 00 34 42
1787903023.901751,34680,097e,12,8A F3 29 43 72 04 5D 42 00 00 38 42
1787903023.912833,34680,097f,12,EF B2 30 43 F9 20 45 42 00 00 3C 42
1787903023.923560,34680,0980,12,8A DB 37 43 E3 59 2D 42 00 00 40 42
1787903023.934100,34680,0981,12,32 44 3F 43 CE A2 16 42 00 00 44 42
1787903023.944657,34680,0982,12,52 C2 46 43 5A E4 01 42 00 00 48 42
1787903023.955418,34680,0983,12,36 2B 4E 43 4D E1 DF 41 00 00 4C 42
1787903023.966115,34680,0984,12,82 53 55 43 8D 00 C3 41 00 00 50 42
1787903023.977109,34680,0985,12,74 12 5C 43 F9 4A AE 41 00 00 54 42
1787903023.987823,34680,0986,12,44 41 62 43 39 95 A2 41 00 00 58 42
1787903023.998520,34680,0987,12,67 BC 67 43 BA 56 A0 41 00 00 5C 42
1787903024.009523,34680,0988,12,92 64 6C 43 36 A6 A7 41 00 00 60 42
1787903024.020132,34680,0989,12,84 1E 70 43 85 38 B8 41 00 00 64 42
1787903024.030804,34680,098a,12,16 D5 72 43 C9 65 D1 41 00 00 68 42
1787903024.041712,34680,098b,12,AE 78 74 43 8F 2C F2 41 00 00 6C 42
1787903024.052387,34680,098c,12,E0 FF 74 43 54 9E 0C 42 00 00 70 42
1787903024.064319,34680,098d,12,93 67 74 43 34 85 22 42 00 00 74 42
1787903024.074878,34680,098e,12,42 B3 72 43 B4 E9 39 42 00 00 78 42
1787903024.085983,34680,098f,12,BB EC 6F 43 E3 DE 51 42 00 00 7C 42
1787903024.096862,34680,0990,12,F1 23 6C 43 51 6F 69 42 00 00 80 42
1787903024.107485,34680,0991,12,A6 6E 67 43 A4 A9 7F 42 00 00 82 42
1787903024.118447,34680,0992,12,9B E7 61 43 5B D6 89 42 00 00 84 42
1787903024.129364,34680,0993,12,2B AF 5B 43 62 55 92 42 00 00 86 42
1787903024.139989,34680,0994,12,D4 E8 54 43 D6 FB 98 42 00 00 88 42
1787903024.150597,34680,0995,12,88 BB 4D 43 7B 85 9D 42 00 00 8A 42
1787903024.161224,34680,0996,12,89 50 46 43 F3 C3 9F 42 00 00 8C 42
1787903024.171788,34680,0997,12,18 D2 3E 43 85 A0 9F 42 00 00 8E 42
1787903024.183083,34680,0998,12,12 6C 37 43 9C 1C 9D 42 00 00 90 42
1787903024.193686,34680,0999,12,9B 48 30 43 B4 51 98 42 00 00 92 42
1787903024.204451,34680,099a,12,BC 90 29 43 C3 70 91 42 00 00 94 42
1787903024.214954,34680,099b,12,14 6B 23 43 60 C0 88 42 00 00 96 42
1787903024.225472,34680,099c,12,B8 FA 1D 43 1C 31 7D 42 00 00 98 42
1787903024.236085,34680,099d,12,7C 5F 19 43 70 C3 66 42 00 00 9A 42
1787903024.247776,34680,099e,12,8D B3 15 43 EB 1A 4F 42 00 00 9C 42
1787903024.258502,34680,099f,12,07 0C 13 43 E0 29 37 42 00 00 9E 42
1787903024.269824,34680,09a0,12,2C 78 11 43 91 E5 1F 42 00 00 A0 42
1787903024.280514,34680,09a1,12,10 01 11 43 AC 39 0A 42 00 00 A2 42
1787903024.291060,34680,09a2,12,6B A9 11 43 06 0A EE 41 00 00 A4 42
1787903024.301564,34680,09a3,12,68 6D 13 43 41 14 CE 41 00 00 A6 42
1787903024.312018,34680,09a4,12,E1 42 16 43 DE D9 B5 41 00 00 A8 42
1787903024.322641,34680,09a5,12,8B 19 1A 43 97 52 A6 41 00 00 AA 42
1787903024.333143,34680,09a6,12,9A DB 1E 43 B6 1B A0 41 00 00 AC 42
1787903024.343797,34680,09a7,12,35 6D 24 43 20 75 A3 41 00 00 AE 42
1787903024.354513,34680,09a8,12,92 AE 2A 43 E8 3C B0 41 00 00 B0 42
1787903024.365178,34680,09a9,12,BC 7B 31 43 AA F0 C5 41 00 00 B2 42
1787903024.378352,34680,09aa,12,98 AD 38 43 93 B1 E3 41 00 00 B4 42
1787903024.389868,34680,09ab,12,2F 1B 40 43 20 29 04 42 00 00 B6 42
1787903024.403396,34680,09ac,12,06 99 47 43 0C 2D 19 42 00 00 B8 42
1787903024.417046,34680,09ad,12,70 FC 4E 43 AF 0F 30 42 00 00 BA 42
1787903024.427624,34680,09ae,12,F1 1A 56 43 AB E6 47 42 00 00 BC 42
1787903024.438332,34680,09af,12,9E CB 5C 43 BE BD 5F 42 00 00 BE 42
1787903024.448799,34680,09b0,12,4E E8 62 43 6C A3 76 42 00 00 C0 42
1787903024.459248,34680,09b1,12,3A 4D 68 43 24 D6 85 42 00 00 C2 42
1787903024.469918,34680,09b2,12,B6 DB 6C 43 A1 01 8F 42 00 00 C4 42
1787903024.480789,34680,09b3,12,90 79 70 43 26 76 96 42 00 00 C6 42
1787903024.491452,34680,09b4,12,FE 11 73 43 6C E7 9B 42 00 00 C8 42
1787903024.501968,34680,09b5,12,22 96 74 43 56 1E 9F 42 00 00 CA 42
1787903024.512599,34680,09b6,12,1A FD 74 43 D4 F9 9F 42 00 00 CC 42
1787903024.523279,34680,09b7,12,B2 44 74 43 37 71 9E 42 00 00 CE 42
1787903024.551960,34680,09b8,12,10 71 72 43 13 94 9A 42 00 00 D0 42
1787903024.567581,34680,09b9,12,B3 8C 6F 43 1F 8A 94 42 00 00 D2 42
1787903024.591337,34680,09ba,12,01 A8 6B 43 85 90 8C 42 00 00 D4 42
1787903024.607668,34680,09bb,12,C4 D9 66 43 46 F9 82 42 00 00 D6 42
1787903024.618402,34680,09bc,12,6E 3D 61 43 0E 4B 70 42 00 00 D8 42
1787903024.628973,34680,09bd,12,40 F3 5A 43 49 08 59 42 00 00 DA 42
1787903024.639390,34680,09be,12,64 1F 54 43 99 18 41 42 00 00 DC 42
1787903024.649981,34680,09bf,12,B6 E8 4C 43 74 6E 29 42 00 00 DE 42
1787903024.660512,34680,09c0,12,70 79 45 43 2B FD 12 42 00 00 E0 42
1787903024.671310,34680,09c1,12,F0 FB 3D 43 22 50 FD 41 00 00 E2 42
1787903024.682067,34680,09c2,12,46 9B 36 43 30 7F DA 41 00 00 E4 42
1787903024.692568,34680,09c3,12,DB 81 2F 43 CC EB BE 41 00 00 E6 42
1787903024.703150,34680,09c4,12,2A D8 28 43 46 AD AB 41 00 00 E8 42
1787903024.714182,34680,09c5,12,31 C5 22 43 7F 89 A1 41 00 00 EA 42
1787903024.724839,34680,09c6,12,81 6B 1D 43 2C E7 A0 41 00 00 EC 42
1787903024.735744,34680,09c7,12,DA E9 18 43 57 CD A9 41 00 00 EE 42
1787903024.746924,34680,09c8,12,25 5A 15 43 4D E0 BB 41 00 00 A0 41
1787903024.758104,34680,09c9,12,C0 D0 12 43 F9 68 D6 41 00 00 A8 41
1787903024.768970,34680,09ca,12,84 5C 11 43 88 56 F8 41 00 00 B0 41
1787903024.779651,34680,09cb,12,A4 05 11 43 A9 28 10 42 00 00 B8 41
1787903024.790250,34680,09cc,12,14 CE 11 43 09 60 26 42 00 00 C0 41
1787903024.801092,34680,09cd,12,52 B1 13 43 B0 ED 3D 42 00 00 C8 41
1787903024.811674,34680,09ce,12,B5 A4 16 43 0B E3 55 42 00 00 D0 41
1787903024.822429,34680,09cf,12,F5 96 1A 43 C3 49 6D 42 00 00 D8 41
1787903024.833071,34680,09d0,12,84 71 1F 43 67 9A 81 42 00 00 E0 41
1787903024.843728,34680,09d1,12,7C 18 25 43 C3 61 8B 42 00 00 E8 41
1787903024.854488,34680,09d2,12,5C 6B 2B 43 DC 96 93 42 00 00 F0 41
1787903024.865390,34680,09d3,12,2A 46 32 43 8E E6 99 42 00 00 F8 41
1787903024.876075,34680,09d4,12,C8 80 39 43 F7 0F 9E 42 00 00 00 42
1787903024.886865,34680,09d5,12,FD F1 40 43 ED E8 9F 42 00 00 04 42
1787903024.897973,34680,09d6,12,02 6F 48 43 61 5E 9F 42 00 00 08 42
1787903024.908558,34680,09d7,12,CB CC 4F 43 02 76 9C 42 00 00 0C 42
1787903024.921233,34680,09d8,12,5A E1 56 43 43 4D 97 42 00 00 10 42
1787903024.931820,34680,09d9,12,40 83 5D 43 30 19 90 42 00 00 14 42
1787903024.942395,34680,09da,12,BB 8C 63 43 C0 22 87 42 00 00 18 42
1787903024.953154,34680,09db,12,17 DB 68 43 5C 8B 79 42 00 00 1C 42
1787903024.964709,34680,09dc,12,D4 4F 6D 43 6B D8 62 42 00 00 20 42
1787903024.975656,34680,09dd,12,7B D1 70 43 9D 12 4B 42 00 00 24 42
1787903024.988011,34680,09de,12,88 4B 73 43 5E 2E 33 42 00 00 28 42
1787903025.000536,34680,09df,12,F1 AF 74 43 AF 1D 1C 42 00 00 2C 42
1787903025.013002,34680,09e0,12,B7 F6 74 43 EF CC 06 42 00 00 30 42
1787903025.023644,34680,09e1,12,42 1E 74 43 B5 2C E8 41 00 00 34 42
1787903025.036174,34680,09e2,12,4F 2B 72 43 FE 6E C9 41 00 00 38 42
1787903025.046925,34680,09e3,12,44 29 6F 43 CD 9C B2 41 00 00 3C 42
1787903025.057442,34680,09e4,12,5A 29 6B 43 4A 9D A4 41 00 00 40 42
1787903025.068103,34680,09e5,12,8F 42 66 43 66 00 A0 41 00 00 44 42
1787903025.082220,34680,09e6,12,11 91 60 43 D4 F4 A4 41 00 00 48 42
1787903025.092892,34680,09e7,12,41 35 5A 43 64 48 B3 41 00 00 4C 42
1787903025.103530,34680,09e8,12,58 54 53 43 C9 67 CA 41 00 00 50 42
1787903025.114619,34680,09e9,12,8F 15 4C 43 CB 68 E9 41 00 00 54 42
1787903025.125587,34680,09ea,12,8D A2 44 43 1C 87 07 42 00 00 58 42
1787903025.136321,34680,09eb,12,24 26 3D 43 06 EB 1C 42 00 00 5C 42
1787903025.147218,34680,09ec,12,FE CA 35 43 79 07 34 42 00 00 60 42
1787903025.158251,34680,09ed,12,28 BC 2E 43 D5 EE 4B 42 00 00 64 42
1787903025.169046,34680,09ee,12,D2 21 28 43 F8 AE 63 42 00 00 68 42
1787903025.179817,34680,09ef,12,F0 21 22 43 8A 54 7A 42 00 00 6C 42
1787903025.190727,34680,09f0,12,00 DF 1C 43 D0 7B 87 42 00 00 70 42
1787903025.201452,34680,09f1,12,0E 77 18 43 98 63 90 42 00 00 74 42
1787903025.212303,34680,09f2,12,E2 03 15 43 0C 86 97 42 00 00 78 42
1787903025.222799,34680,09f3,12,11 99 12 43 E8 9A 9C 42 00 00 7C 42
1787903025.233391,34680,09f4,12,80 44 11 43 FE 6D 9F 42 00 00 80 42
1787903025.244583,34680,09f5,12,D5 0D 11 43 7F E2 9F 42 00 00 82 42
1787903025.255734,34680,09f6,12,5E F6 11 43 D0 F3 9D 42 00 00 84 42
1787903025.266526,34680,09f7,12,CA F8 13 43 CF B5 99 42 00 00 86 42
1787903025.277417,34680,09f8,12,90 09 17 43 75 53 93 42 00 00 88 42
1787903025.290492,34680,09f9,12,11 17 1B 43 0A 0E 8B 42 00 00 8A 42
1787903025.302070,34680,09fa,12,01 0A 20 43 65 3A 81 42 00 00 8C 42
1787903025.312750,34680,09fb,12,3D C6 25 43 1D 78 6C 42 00 00 8E 42
1787903025.323388,34680,09fc,12,34 2A 2C 43 1F 08 55 42 00 00 90 42
1787903025.333995,34680,09fd,12,71 11 33 43 39 12 3D 42 00 00 92 42
1787903025.344501,34680,09fe,12,45 54 3A 43 E0 8B 25 42 00 00 94 42
1787903025.355413,34680,09ff,12,F1 C8 41 43 06 66 0F 42 00 00 96 42
1787903025.366319,34680,0a00,12,FD 44 49 43 09 02 F7 41 00 00 98 42
1787903025.377351,34680,0a01,12,9A 9C 50 43 D1 52 D5 41 00 00 9A 42
1787903025.387821,34680,0a02,12,F7 A5 57 43 96 13 BB 41 00 00 9C 42
1787903025.398588,34680,0a03,12,A1 38 5E 43 B3 51 A9 41 00 00 9E 42
1787903025.409922,34680,0a04,12,CD 2E 64 43 8F C2 A0 41 00 00 A0 42
1787903025.421019,34680,0a05,12,78 66 69 43 DB BC A1 41 00 00 A2 42
1787903025.432953,34680,0a06,12,16 C1 6D 43 22 37 AC 41 00 00 A4 42
1787903025.443850,34680,0a07,12,EC 25 71 43 72 C6 BF 41 00 00 A6 42
1787903025.454892,34680,0a08,12,77 81 73 43 AB A0 DB 41 00 00 A8 42
1787903025.465514,34680,0a09,12,33 C6 74 43 D8 AD FE 41 00 00 AA 42
1787903025.476018,34680,0a0a,12,B3 EC 74 43 2A C3 13 42 00 00 AC 42
1787903025.487238,34680,0a0b,12,32 F4 73 43 9B 44 2A 42 00 00 AE 42
1787903025.498072,34680,0a0c,12,44 E2 71 43 87 F5 41 42 00 00 B0 42
1787903025.508862,34680,0a0d,12,D1 C2 6E 43 41 E2 59 42 00 00 B2 42
1787903025.519873,34680,0a0e,12,8E A7 6A 43 4F 1A 71 42 00 00 B4 42
1787903025.530560,34680,0a0f,12,86 A8 65 43 6A 57 83 42 00 00 B6 42
1787903025.541104,34680,0a10,12,3F E2 5F 43 C3 E1 8C 42 00 00 B8 42
1787903025.552418,34680,0a11,12,ED 75 59 43 D3 CA 94 42 00 00 BA 42
1787903025.564079,34680,0a12,12,7C 88 52 43 79 C1 9A 42 00 00 BC 42
1787903025.574897,34680,0a13,12,5D 41 4B 43 C5 89 9E 42 00 00 BE 42
1787903025.588241,34680,0a14,12,27 CB 43 43 8E FC 9F 42 00 00 C0 42
1787903025.599001,34680,0a15,12,62 50 3C 43 0C 0B 9F 42 00 00 C2 42
1787903025.609637,34680,0a16,12,0C FC 34 43 E2 BE 9B 42 00 00 C4 42
1787903025.623675,34680,0a17,12,48 F8 2D 43 38 3A 96 42 00 00 C6 42
1787903025.634796,34680,0a18,12,17 6D 27 43 89 B4 8E 42 00 00 C8 42
1787903025.645490,34680,0a19,12,C4 80 21 43 F4 7A 85 42 00 00 CA 42
1787903025.657387,34680,0a1a,12,02 55 1C 43 42 D7 75 42 00 00 CC 42
1787903025.668211,34680,0a1b,12,8B 07 18 43 B5 E4 5E 42 00 00 CE 42
1787903025.679288,34680,0a1c,12,1B B1 14 43 5B 0A 47 42 00 00 D0 42
1787903025.690319,34680,0a1d,12,CA 64 12 43 F6 37 2F 42 00 00 D2 42
1787903025.701128,34680,0a1e,12,0B 30 11 43 83 62 18 42 00 00 D4 42
1787903025.711663,34680,0a1f,12,A8 19 11 43 14 73 03 42 00 00 D6 42
1787903025.722055,34680,0a20,12,22 22 12 43 B2 7E E2 41 00 00 D8 42
1787903025.732610,34680,0a21,12,87 43 14 43 3B 04 C5 41 00 00 DA 42
1787903025.743216,34680,0a22,12,CA 71 17 43 0F 9F AF 41 00 00 DC 42
1787903025.753828,34680,0a23,12,4D 9A 1B 43 28 2C A3 41 00 00 DE 42
1787903025.765306,34680,0a24,12,4D A5 20 43 97 2A A0 41 00 00 E0 42
1787903025.776712,34680,0a25,12,CB 75 26 43 0B B9 A6 41 00 00 E2 42
1787903025.787602,34680,0a26,12,5A EA 2C 43 00 93 B6 41 00 00 E4 42
1787903025.798417,34680,0a27,12,3E DE 33 43 23 19 CF 41 00 00 E6 42
1787903025.809029,34680,0a28,12,C6 28 3B 43 41 50 EF 41 00 00 E8 42
1787903025.819755,34680,0a29,12,60 A0 42 43 C3 F7 0A 42 00 00 EA 42
1787903025.830623,34680,0a2a,12,20 1A 4A 43 5C B6 20 42 00 00 EC 42
1787903025.841046,34680,0a2b,12,0D 6B 51 43 1E 04 38 42 00 00 EE 42
1787903025.854723,34680,0a2c,12,71 69 58 43 CB F6 4F 42 00 00 A0 41
1787903025.866041,34680,0a2d,12,5D EC 5E 43 2F 98 67 42 00 00 A8 41
1787903025.876711,34680,0a2e,12,C4 CE 64 43 14 F7 7D 42 00 00 B0 41
1787903025.887242,34680,0a2f,12,D0 EE 69 43 93 17 89 42 00 00 B8 41
1787903025.897973,34680,0a30,12,0C 2F 6E 43 66 B8 91 42 00 00 C0 41
1787903025.908932,34680,0a31,12,2D 77 71 43 48 87 98 42 00 00 C8 41
1787903025.919425,34680,0a32,12,FC B3 73 43 00 3E 9D 42 00 00 D0 41
1787903025.930134,34680,0a33,12,D1 D8 74 43 70 AC 9F 42 00 00 D8 41
1787903025.942146,34680,0a34,12,16 DF 74 43 C8 B9 9F 42 00 00 E0 41
1787903025.952762,34680,0a35,12,AA C6 73 43 C4 65 9D 42 00 00 E8 41
1787903025.963270,34680,0a36,12,B2 95 71 43 CC C7 98 42 00 00 F0 41
1787903025.973787,34680,0a37,12,02 59 6E 43 17 0F 92 42 00 00 F8 41
1787903025.984153,34680,0a38,12,21 23 6A 43 40 80 89 42 00 00 00 42
1787903025.994560,34680,0a39,12,42 0C 65 43 44 E5 7E 42 00 00 04 42
1787903026.004971,34680,0a3a,12,A8 31 5F 43 83 9B 68 42 00 00 08 42
1787903026.015448,34680,0a3b,12,9F B4 58 43 42 03 51 42 00 00 0C 42
1787903026.025974,34680,0a3c,12,21 BB 51 43 02 0F 39 42 00 00 10 42
1787903026.036574,34680,0a3d,12,F4 6C 4A 43 45 B3 21 42 00 00 14 42
1787903026.047340,34680,0a3e,12,17 F4 42 43 77 DE 0B 42 00 00 18 42
1787903026.057828,34680,0a3f,12,7E 7B 3B 43 A7 E1 F0 41 00 00 1C 42
1787903026.068237,34680,0a40,12,BE 2D 34 43 48 5B D0 41 00 00 20 42
1787903026.105871,34680,0a41,12,94 35 2D 43 0B 79 B7 41 00 00 24 42
1787903026.144310,34680,0a42,12,AF BA 26 43 EE 38 A7 41 00 00 28 42
1787903026.153687,34680,0a43,12,50 E2 20 43 D0 40 A0 41 00 00 2C 42
1787903026.164147,34680,0a44,12,10 CE 1B 43 41 D7 A2 41 00 00 30 42
1787903026.175103,34680,0a45,12,F2 9A 17 43 3F E2 AE 41 00 00 34 42
1787903026.185970,34680,0a46,12,88 61 14 43 08 E7 C3 41 00 00 38 42
1787903026.197478,34680,0a47,12,1F 34 12 43 12 0F E1 41 00 00 3C 42
1787903026.208763,34680,0a48,12,3A 1F 11 43 62 98 02 42 00 00 40 42
1787903026.219194,34680,0a49,12,12 29 11 43 F0 6B 17 42 00 00 44 42
1787903026.229498,34680,0a4a,12,84 51 12 43 DF 30 2E 42 00 00 48 42
1787903026.239914,34680,0a4b,12,CA 91 14 43 3E FD 45 42 00 00 4C 42
1787903026.254871,34680,0a4c,12,FA DC 17 43 23 DE 5D 42 00 00 50 42
1787903026.267015,34680,0a4d,12,26 20 1C 43 D3 DF 74 42 00 00 54 42
1787903026.277306,34680,0a4e,12,CD 42 21 43 F4 0A 85 42 00 00 58 42
1787903026.287814,34680,0a4f,12,BC 27 27 43 98 55 8E 42 00 00 5C 42
1787903026.298160,34680,0a50,12,73 AC 2D 43 1E F0 95 42 00 00 60 42
1787903026.308769,34680,0a51,12,C4 AB 34 43 EB 8C 9B 42 00 00 64 42
1787903026.319522,34680,0a52,12,75 FD 3B 43 B5 F2 9E 42 00 00 68 42
1787903026.330081,34680,0a53,12,72 77 43 43 D1 FE 9F 42 00 00 6C 42
1787903026.340616,34680,0a54,12,23 EF 4A 43 B7 A6 9E 42 00 00 70 42
1787903026.355330,34680,0a55,12,D4 38 52 43 F4 F7 9A 42 00 00 74 42
1787903026.365832,34680,0a56,12,02 2B 59 43 1F 18 95 42 00 00 78 42
1787903026.376226,34680,0a57,12,C1 9D 5F 43 2D 43 8D 42 00 00 7C 42
1787903026.387112,34680,0a58,12,FE 6B 65 43 DA C9 83 42 00 00 80 42
1787903026.399535,34680,0a59,12,96 74 6A 43 C2 16 72 42 00 00 82 42
1787903026.410235,34680,0a5a,12,15 9A 6E 43 35 EC 5A 42 00 00 84 42
1787903026.422138,34680,0a5b,12,EB C4 71 43 81 00 43 42 00 00 86 42
1787903026.432673,34680,0a5c,12,E4 E2 73 43 D2 47 2B 42 00 00 88 42
1787903026.443053,34680,0a5d,12,D4 E7 74 43 F9 B5 14 42 00 00 8A 42
1787903026.454215,34680,0a5e,12,D6 CD 74 43 D3 2D 00 42 00 00 8C 42
1787903026.464704,34680,0a5f,12,84 95 73 43 86 05 DD 41 00 00 8E 42
1787903026.475058,34680,0a60,12,E4 45 71 43 42 D2 C0 41 00 00 90 42
1787903026.485527,34680,0a61,12,42 EC 6D 43 B2 E1 AC 41 00 00 92 42
1787903026.495854,34680,0a62,12,DF 9B 69 43 DA FF A1 41 00 00 94 42
1787903026.506202,34680,0a63,12,3E 6D 64 43 1B 9A A0 41 00 00 96 42
1787903026.516712,34680,0a64,12,B3 7E 5E 43 EE BF A8 41 00 00 98 42
1787903026.527173,34680,0a65,12,18 F2 57 43 2A 1E BA 41 00 00 9A 42
1787903026.537577,34680,0a66,12,15 ED 50 43 85 03 D4 41 00 00 9C 42
1787903026.548042,34680,0a67,12,02 98 49 43 D1 64 F5 41 00 00 9E 42
1787903026.558677,34680,0a68,12,A4 1C 42 43 44 79 0E 42 00 00 A0 42
1787903026.569075,34680,0a69,12,C3 A6 3A 43 4E 8B 24 42 00 00 A2 42
1787903026.579649,34680,0a6a,12,E1 60 33 43 3F 07 3C 42 00 00 A4 42
1787903026.590368,34680,0a6b,12,CD 74 2C 43 62 FD 53 42 00 00 A6 42
1787903026.600693,34680,0a6c,12,52 0A 26 43 5A 77 6B 42 00 00 A8 42
1787903026.610990,34680,0a6d,12,0B 46 20 43 96 C4 80 42 00 00 AA 42
1787903026.621382,34680,0a6e,12,B7 49 1B 43 DC A7 8A 42 00 00 AC 42
1787903026.631755,34680,0a6f,12,AE 31 17 43 91 00 93 42 00 00 AE 42
1787903026.642191,34680,0a70,12,7A 15 14 43 84 79 99 42 00 00 B0 42
1787903026.652567,34680,0a71,12,FB 06 12 43 64 D0 9D 42 00 00 B2 42
1787903026.662926,34680,0a72,12,FF 11 11 43 92 D9 9F 42 00 00 B4 42
1787903026.675420,34680,0a73,12,1F 3C 11 43 DC 7F 9F 42 00 00 B6 42
1787903026.685846,34680,0a74,12,56 84 12 43 D3 C6 9C 42 00 00 B8 42
1787903026.696705,34680,0a75,12,44 E3 14 43 43 CA 97 42 00 00 BA 42
1787903026.707197,34680,0a76,12,48 4B 18 43 B2 BD 90 42 00 00 BC 42
1787903026.720127,34680,0a77,12,0E A9 1C 43 FA E7 87 42 00 00 BE 42
1787903026.730635,34680,0a78,12,08 E3 21 43 84 47 7B 42 00 00 C0 42
1787903026.741130,34680,0a79,12,5D DB 27 43 AA B3 64 42 00 00 C2 42
1787903026.751522,34680,0a7a,12,BD 6F 2E 43 D9 FA 4C 42 00 00 C4 42
1787903026.762002,34680,0a7b,12,53 7A 35 43 0D 11 35 42 00 00 C6 42
1787903026.772528,34680,0a7c,12,09 D3 3C 43 A4 E6 1D 42 00 00 C8 42
1787903026.782997,34680,0a7d,12,DF 4E 44 43 F0 69 08 42 00 00 CA 42
1787903026.800447,34680,0a7e,12,30 C3 4B 43 8B EC EA 41 00 00 CC 42
1787903026.811542,34680,0a7f,12,21 05 53 43 2A 9A CB 41 00 00 CE 42
1787903026.822420,34680,0a80,12,FA EA 59 43 F4 1D B4 41 00 00 D0 42
1787903026.833212,34680,0a81,12,65 4D 60 43 F7 63 A5 41 00 00 D2 42
1787903036.850696,34680,0a83,12,03 07 66 43 AC 04 A0 41 00 00 D4 42
1787903036.860840,34680,0a84,12,44 F7 6A 43 E9 36 A4 41 00 00 D6 42
1787903036.871663,34680,0a85,12,C4 01 6F 43 D9 CF B1 41 00 00 D8 42
1787903036.882086,34680,0a86,12,48 0F 72 43 9C 42 C8 41 00 00 DA 42
1787903036.893126,34680,0a87,12,56 0E 74 43 92 AD E6 41 00 00 DC 42
1787903036.904446,34680,0a88,12,41 F3 74 43 6A EC 05 42 00 00 DE 42
1787903036.915123,34680,0a89,12,04 B9 74 43 7E 24 1B 42 00 00 E0 42
1787903036.925822,34680,0a8a,12,F0 60 73 43 70 26 32 42 00 00 E2 42
1787903036.936467,34680,0a8b,12,BE F2 70 43 89 05 4A 42 00 00 E4 42
1787903036.947470,34680,0a8c,12,33 7C 6D 43 D8 D1 61 42 00 00 E6 42
1787903036.958252,34680,0a8d,12,92 11 69 43 9A 96 78 42 00 00 E8 42
1787903036.968871,34680,0a8e,12,19 CC 63 43 B5 B5 86 42 00 00 EA 42
1787903036.979546,34680,0a8f,12,14 CA 5D 43 D3 BD 8F 42 00 00 EC 42
1787903036.990119,34680,0a90,12,0F 2E 57 43 F9 06 97 42 00 00 EE 42
1787903037.000530,34680,0a91,12,A6 1D 50 43 EC 47 9C 42 00 00 A0 41
1787903037.011060,34680,0a92,12,33 C2 48 43 66 4A 9F 42 00 00 A8 41
1787903037.021890,34680,0a93,12,A5 45 41 43 B0 EF 9F 42 00 00 B0 41
1787903037.032650,34680,0a94,12,06 D3 39 43 34 31 9E 42 00 00 B8 41
1787903037.057614,34680,0a95,12,26 95 32 43 24 21 9A 42 00 00 C0 41
1787903037.068679,34680,0a96,12,4F B5 2B 43 58 E8 93 42 00 00 C8 41
1787903037.079322,34680,0a97,12,BD 5B 25 43 8C C6 8B 42 00 00 D0 41
1787903037.090015,34680,0a98,12,92 AC 1F 43 C1 0E 82 42 00 00 D8 41
1787903037.100712,34680,0a99,12,7A C8 1A 43 52 48 6E 42 00 00 E0 41
1787903037.111576,34680,0a9a,12,96 CB 16 43 3C EE 56 42 00 00 E8 41
1787903037.122002,34680,0a9b,12,AF CC 13 43 F9 F9 3E 42 00 00 F0 41
1787903037.133084,34680,0a9c,12,4F DD 11 43 D1 61 27 42 00 00 F8 41
1787903037.143922,34680,0a9d,12,66 08 11 43 98 16 11 42 00 00 00 42
1787903037.154449,34680,0a9e,12,BE 52 11 43 BC F7 F9 41 00 00 04 42
1787903037.166742,34680,0a9f,12,A9 BA 12 43 15 C0 D7 41 00 00 08 42
1787903037.178120,34680,0aa0,12,3C 38 15 43 2B DE BC 41 00 00 0C 42
1787903037.189003,34680,0aa1,12,E2 BC 18 43 51 67 AA 41 00 00 10 42
1787903037.199808,34680,0aa2,12,7D 34 1D 43 FE 17 A1 41 00 00 14 42
1787903037.210617,34680,0aa3,12,5E 85 22 43 37 4F A1 41 00 00 18 42
1787903037.221397,34680,0aa4,12,F6 90 28 43 AA 09 AB 41 00 00 1C 42
1787903037.231825,34680,0aa5,12,DF 34 2F 43 8F E5 BD 41 00 00 20 42
1787903037.242552,34680,0aa6,12,3D 4A 36 43 04 22 D9 41 00 00 24 42
1787903037.253211,34680,0aa7,12,AC A8 3D 43 04 A9 FB 41 00 00 28 42
1787903037.264180,34680,0aa8,12,D0 25 45 43 14 0D 12 42 00 00 2C 42
1787903037.276730,34680,0aa9,12,9B 96 4C 43 7F 6A 28 42 00 00 30 42
1787903037.287578,34680,0aaa,12,A5 D0 53 43 FA 0B 40 42 00 00 34 42
1787903037.298188,34680,0aab,12,A2 A9 5A 43 A3 FE 57 42 00 00 38 42
1787903037.309645,34680,0aac,12,98 FA 60 43 09 4E 6F 42 00 00 3C 42
1787903037.320091,34680,0aad,12,37 9F 66 43 1F 86 82 42 00 00 40 42
1787903037.330504,34680,0aae,12,0E 77 6B 43 F8 2C 8C 42 00 00 44 42
1787903037.341536,34680,0aaf,12,72 66 6F 43 8B 3A 94 42 00 00 48 42
1787903037.352047,34680,0ab0,12,5E 56 72 43 D6 5B 9A 42 00 00 4C 42
1787903037.363841,34680,0ab1,12,28 36 74 43 49 52 9E 42 00 00 50 42
1787903037.374481,34680,0ab2,12,0B FB 74 43 70 F5 9F 42 00 00 54 42
1787903037.385104,34680,0ab3,12,9A A0 74 43 BC 34 9F 42 00 00 58 42
1787903037.395658,34680,0ab4,12,C4 28 73 43 BE 17 9C 42 00 00 5C 42
1787903037.406329,34680,0ab5,12,1E 9C 70 43 33 BE 96 42 00 00 60 42
1787903037.416826,34680,0ab6,12,45 09 6D 43 B8 5E 8F 42 00 00 64 42
1787903037.427271,34680,0ab7,12,C4 84 68 43 8D 44 86 42 00 00 68 42
1787903037.438262,34680,0ab8,12,95 28 63 43 F0 9A 77 42 00 00 6C 42
1787903037.448897,34680,0ab9,12,31 13 5D 43 52 C5 60 42 00 00 70 42
1787903037.459628,34680,0aba,12,33 68 56 43 DD F2 48 42 00 00 74 42
1787903037.471461,34680,0abb,12,A5 4D 4F 43 BA 16 31 42 00 00 78 42
1787903037.483829,34680,0abc,12,5C EC 47 43 71 24 1A 42 00 00 7C 42
1787903037.496330,34680,0abd,12,C6 6E 40 43 CB 07 05 42 00 00 80 42
1787903037.508704,34680,0abe,12,90 FF 38 43 F5 29 E5 41 00 00 82 42
1787903037.519311,34680,0abf,12,3D CA 31 43 15 14 C7 41 00 00 84 42
1787903037.530321,34680,0ac0,12,DA F7 2A 43 0A 01 B1 41 00 00 86 42
1787903037.541058,34680,0ac1,12,9D AF 24 43 27 D2 A3 41 00 00 88 42
1787903037.552991,34680,0ac2,12,A6 15 1F 43 E7 0D A0 41 00 00 8A 42
1787903037.565052,34680,0ac3,12,EC 49 1A 43 26 DA A5 41 00 00 8C 42
1787903037.575856,34680,0ac4,12,81 68 16 43 60 FC B4 41 00 00 8E 42
1787903037.586879,34680,0ac5,12,70 87 13 43 1E DA CC 41 00 00 90 42
1787903037.598079,34680,0ac6,12,44 B7 11 43 C3 7F EC 41 00 00 92 42
1787903037.608636,34680,0ac7,12,6A 02 11 43 8C 53 09 42 00 00 94 42
1787903037.619050,34680,0ac8,12,00 6D 11 43 4D E8 1E 42 00 00 96 42
1787903037.629960,34680,0ac9,12,95 F4 12 43 7E 20 36 42 00 00 98 42
1787903037.640739,34680,0aca,12,5C 90 15 43 1F 0F 4E 42 00 00 9A 42
1787903037.652184,34680,0acb,12,56 31 19 43 E7 BF 65 42 00 00 9C 42
1787903037.662860,34680,0acc,12,A7 C2 1D 43 56 3F 7C 42 00 00 9E 42
1787903037.673407,34680,0acd,12,5A 2A 23 43 A5 55 88 42 00 00 A0 42
1787903037.683773,34680,0ace,12,CD 48 29 43 C0 18 91 42 00 00 A2 42
1787903037.694269,34680,0acf,12,14 FB 2F 43 8C 0F 98 42 00 00 A4 42
1787903037.704718,34680,0ad0,12,B2 1A 37 43 F3 F2 9C 42 00 00 A6 42
1787903037.715703,34680,0ad1,12,B2 7E 3E 43 F4 90 9F 42 00 00 A8 42
1787903037.726099,34680,0ad2,12,FD FC 45 43 40 CF 9F 42 00 00 AA 42
1787903037.736681,34680,0ad3,12,B6 69 4D 43 10 AB 9D 42 00 00 AC 42
1787903037.747218,34680,0ad4,12,92 9A 54 43 3F 3A 99 42 00 00 AE 42
1787903037.759490,34680,0ad5,12,3C 66 5B 43 21 AA 92 42 00 00 B0 42
1787903037.770085,34680,0ad6,12,A1 A5 61 43 6C 3E 8A 42 00 00 B2 42
1787903037.780712,34680,0ad7,12,1D 35 67 43 C3 4B 80 42 00 00 B4 42
1787903037.791250,34680,0ad8,12,24 F4 6B 43 91 70 6A 42 00 00 B6 42
1787903037.801978,34680,0ad9,12,BC C7 6F 43 14 EA 52 42 00 00 B8 42
1787903037.812573,34680,0ada,12,E7 99 72 43 2F F4 3A 42 00 00 BA 42
1787903037.823179,34680,0adb,12,6C 5A 74 43 3E 85 23 42 00 00 BC 42
1787903037.834094,34680,0adc,12,3A FF 74 43 C9 88 0D 42 00 00 BE 42
1787903037.844934,34680,0add,12,8C 84 74 43 32 C2 F3 41 00 00 C0 42
1787903037.855327,34680,0ade,12,35 ED 72 43 9B AD D2 41 00 00 C2 42
1787903037.866039,34680,0adf,12,58 42 70 43 72 25 B9 41 00 00 C4 42
1787903037.877339,34680,0ae0,12,4E 93 6C 43 4E 2F A8 41 00 00 C6 42
1787903037.887792,34680,0ae1,12,FE F4 67 43 AB 75 A0 41 00 00 C8 42
1787903037.898255,34680,0ae2,12,70 82 62 43 0E 49 A2 41 00 00 CA 42
1787903037.915384,34680,0ae3,12,BF 5A 5C 43 D5 96 AD 41 00 00 CC 42
1787903037.926403,34680,0ae4,12,4C A1 55 43 9F EB C1 41 00 00 CE 42
1787903037.936995,34680,0ae5,12,C0 7C 4E 43 5F 75 DE 41 00 00 D0 42
1787903037.947454,34680,0ae6,12,C7 15 47 43 9E 0A 01 42 00 00 D2 42
1787903037.957995,34680,0ae7,12,B3 97 3F 43 D6 AE 15 42 00 00 D4 42
1787903037.968593,34680,0ae8,12,35 2D 38 43 A5 54 2C 42 00 00 D6 42
1787903037.979222,34680,0ae9,12,F0 00 31 43 E2 14 44 42 00 00 D8 42
1787903037.990330,34680,0aea,12,20 3C 2A 43 44 FB 5B 42 00 00 DA 42
1787903038.001110,34680,0aeb,12,60 05 24 43 92 17 73 42 00 00 DC 42
1787903038.011710,34680,0aec,12,0E 81 1E 43 03 3E 84 42 00 00 DE 42
1787903038.022395,34680,0aed,12,8A CE 19 43 24 A7 8D 42 00 00 E0 42
1787903038.032855,34680,0aee,12,D5 08 16 43 1C 67 95 42 00 00 E2 42
1787903038.043200,34680,0aef,12,9E 45 13 43 72 2E 9B 42 00 00 E4 42
1787903038.057727,34680,0af0,12,BA 94 11 43 13 C3 9E 42 00 00 E6 42
1787903038.068777,34680,0af1,12,0B 00 11 43 E8 FF 9F 42 00 00 E8 42
1787903038.079451,34680,0af2,12,CC 8A 11 43 50 D8 9E 42 00 00 EA 42
1787903038.090416,34680,0af3,12,E0 31 13 43 15 58 9B 42 00 00 EC 42
1787903038.100963,34680,0af4,12,C4 EB 15 43 79 A3 95 42 00 00 EE 42
1787903038.111377,34680,0af5,12,08 A9 19 43 D5 F3 8D 42 00 00 A0 41
1787903038.121817,34680,0af6,12,C6 53 1E 43 F9 97 84 42 00 00 A8 41
1787903038.133214,34680,0af7,12,57 D1 23 43 DC DE 73 42 00 00 B0 41
1787903038.144050,34680,0af8,12,2B 02 2A 43 F9 CD 5C 42 00 00 B8 41
1787903038.154911,34680,0af9,12,A9 C2 30 43 9C EA 44 42 00 00 C0 41
1787903038.165824,34680,0afa,12,64 EC 37 43 E0 24 2D 42 00 00 C8 41
1787903038.176324,34680,0afb,12,70 55 3F 43 42 71 16 42 00 00 D0 41
1787903038.186759,34680,0afc,12,8E D3 46 43 7C B7 01 42 00 00 D8 41
1787903038.197809,34680,0afd,12,AE 3B 4E 43 37 96 DF 41 00 00 E0 41
1787903038.208321,34680,0afe,12,3A 63 55 43 13 C8 C2 41 00 00 E8 41
1787903038.218753,34680,0aff,12,68 21 5C 43 17 26 AE 41 00 00 F0 41
1787903038.230292,34680,0b00,12,C0 4E 62 43 67 85 A2 41 00 00 F8 41
1787903038.240993,34680,0b01,12,1F C8 67 43 B3 5C A0 41 00 00 00 42
1787903038.251599,34680,0b02,12,0A 6E 6C 43 04 C2 A7 41 00 00 04 42
1787903038.262110,34680,0b03,12,CA 25 70 43 38 68 B8 41 00 00 08 42
1787903038.272695,34680,0b04,12,1C DA 72 43 F4 A7 D1 41 00 00 0C 42
1787903038.283139,34680,0b05,12,2C 7B 74 43 90 7E F2 41 00 00 10 42
1787903038.293686,34680,0b06,12,C9 FF 74 43 6D CE 0C 42 00 00 14 42
1787903038.304119,34680,0b07,12,F6 64 74 43 C5 B9 22 42 00 00 18 42
1787903038.314621,34680,0b08,12,2F AE 72 43 B7 1F 3A 42 00 00 1C 42
1787903038.325666,34680,0b09,12,22 E5 6F 43 14 15 52 42 00 00 20 42
1787903038.337214,34680,0b0a,12,1C 1A 6C 43 88 A3 69 42 00 00 24 42
1787903038.348291,34680,0b0b,12,CD 62 67 43 A0 DA 7F 42 00 00 28 42
1787903038.359834,34680,0b0c,12,51 DA 61 43 CE EB 89 42 00 00 2C 42
1787903038.371736,34680,0b0d,12,78 A0 5B 43 A3 66 92 42 00 00 30 42
1787903038.382457,34680,0b0e,12,AF D8 54 43 93 08 99 42 00 00 34 42
1787903038.392942,34680,0b0f,12,A5 AA 4D 43 31 8D 9D 42 00 00 38 42
1787903038.403459,34680,0b10,12,49 3F 46 43 5E C6 9F 42 00 00 3C 42
1787903038.413984,34680,0b11,12,42 C1 3E 43 6A 9D 9F 42 00 00 40 42
1787903038.424406,34680,0b12,12,A3 5B 37 43 41 14 9D 42 00 00 44 42
1787903038.436945,34680,0b13,12,94 38 30 43 5E 44 98 42 00 00 48 42
1787903038.447936,34680,0b14,12,DB 81 29 43 FD 5E 91 42 00 00 4C 42
1787903038.459199,34680,0b15,12,B0 5D 23 43 7F AA 88 42 00 00 50 42
1787903038.469779,34680,0b16,12,5F EF 1D 43 80 FF 7C 42 00 00 54 42
1787903038.480155,34680,0b17,12,22 56 19 43 DC 8E 66 42 00 00 58 42
1787903038.490539,34680,0b18,12,3E AC 15 43 A1 E4 4E 42 00 00 5C 42
1787903038.501029,34680,0b19,12,24 07 13 43 0A F4 36 42 00 00 60 42
1787903038.511627,34680,0b1a,12,D2 75 11 43 72 B1 1F 42 00 00 64 42
1787903038.522432,34680,0b1b,12,4B 01 11 43 45 0A 0A 42 00 00 68 42
1787903038.533050,34680,0b1c,12,2C AC 11 43 D3 B9 ED 41 00 00 6C 42
1787903038.543491,34680,0b1d,12,BE 72 13 43 42 D4 CD 41 00 00 70 42
1787903038.554655,34680,0b1e,12,9C 4A 16 43 9E AC B5 41 00 00 74 42
1787903038.565918,34680,0b1f,12,7F 23 1A 43 76 39 A6 41 00 00 78 42
1787903038.576491,34680,0b20,12,49 E7 1E 43 7C 18 A0 41 00 00 7C 42
1787903038.587274,34680,0b21,12,95 7A 24 43 9D 87 A3 41 00 00 80 42
1787903038.598545,34680,0b22,12,AE BD 2A 43 53 64 B0 41 00 00 82 42
1787903038.609127,34680,0b23,12,EE 8B 31 43 6F 2B C6 41 00 00 84 42
1787903038.622725,34680,0b24,12,83 BE 38 43 A9 FE E3 41 00 00 86 42
1787903038.635063,34680,0b25,12,0D 2C 40 43 C9 56 04 42 00 00 88 42
1787903038.645581,34680,0b26,12,D9 A9 47 43 24 5F 19 42 00 00 8A 42
1787903038.657078,34680,0b27,12,38 0D 4F 43 FC 44 30 42 00 00 8C 42
1787903038.668152,34680,0b28,12,EA 2A 56 43 0C 1D 48 42 00 00 8E 42
1787903038.678807,34680,0b29,12,6C DA 5C 43 F5 F3 5F 42 00 00 90 42
1787903038.690432,34680,0b2a,12,4E F5 62 43 5F D6 76 42 00 00 92 42
1787903038.701614,34680,0b2b,12,78 58 68 43 95 EC 85 42 00 00 94 42
1787903038.713203,34680,0b2c,12,28 E5 6C 43 93 14 8F 42 00 00 96 42
1787903038.725705,34680,0b2d,12,BE 80 70 43 D6 84 96 42 00 00 98 42
1787903038.737488,34680,0b2e,12,BD 16 73 43 72 F1 9B 42 00 00 9A 42
1787903038.748013,34680,0b2f,12,4A 98 74 43 08 23 9F 42 00 00 9C 42
1787903038.758646,34680,0b30,12,BA FC 74 43 08 F9 9F 42 00 00 9E 42
1787903038.769526,34680,0b31,12,BD 41 74 43 09 6B 9E 42 00 00 A0 42
1787903038.780031,34680,0b32,12,98 6B 72 43 C2 88 9A 42 00 00 A2 42
1787903038.790509,34680,0b33,12,D7 84 6F 43 D8 79 94 42 00 00 A4 42
1787903038.801143,34680,0b34,12,29 9E 6B 43 20 7C 8C 42 00 00 A6 42
1787903038.811726,34680,0b35,12,FA CD 66 43 F9 E1 82 42 00 00 A8 42
1787903038.822039,34680,0b36,12,A8 2F 61 43 D1 17 70 42 00 00 AA 42
1787903038.832627,34680,0b37,12,12 E4 5A 43 72 D2 58 42 00 00 AC 42
1787903038.843261,34680,0b38,12,25 0F 54 43 60 E1 40 42 00 00 AE 42
1787903038.853647,34680,0b39,12,26 D8 4C 43 F9 38 29 42 00 00 B0 42
1787903038.864064,34680,0b3a,12,90 68 45 43 67 CC 12 42 00 00 B2 42
1787903038.874431,34680,0b3b,12,BD EA 3D 43 1B FA FC 41 00 00 B4 42
1787903038.884871,34680,0b3c,12,87 8A 36 43 1A 38 DA 41 00 00 B6 42
1787903038.895322,34680,0b3d,12,F1 71 2F 43 8F B5 BE 41 00 00 B8 42
1787903038.905698,34680,0b3e,12,C5 C9 28 43 47 8B AB 41 00 00 BA 42
1787903038.916198,34680,0b3f,12,48 B8 22 43 4D 7D A1 41 00 00 BC 42
1787903038.926798,34680,0b40,12,1C 60 1D 43 B1 F0 A0 41 00 00 BE 42
1787903038.937212,34680,0b41,12,87 E0 18 43 33 EC A9 41 00 00 C0 42
1787903038.948096,34680,0b42,12,1A 53 15 43 24 14 BC 41 00 00 C2 42
1787903038.958673,34680,0b43,12,40 CC 12 43 32 AF D6 41 00 00 C4 42
1787903038.969189,34680,0b44,12,80 5A 11 43 E4 AA F8 41 00 00 C6 42
1787903038.987470,34680,0b45,12,2A 06 11 43 D2 58 10 42 00 00 C8 42
1787903038.998339,34680,0b46,12,2E D1 11 43 40 94 26 42 00 00 CA 42
1787903039.012213,34680,0b47,12,EE B6 13 43 D1 24 3E 42 00 00 CC 42
1787903039.022656,34680,0b48,12,84 AC 16 43 FC 19 56 42 00 00 CE 42
1787903039.033205,34680,0b49,12,EB A0 1A 43 70 7D 6D 42 00 00 D0 42
1787903039.043661,34680,0b4a,12,AE 7D 1F 43 0B B2 81 42 00 00 D2 42
1787903039.054754,34680,0b4b,12,58 26 25 43 42 76 8B 42 00 00 D4 42
1787903039.065356,34680,0b4c,12,9C 7A 2B 43 AF A7 93 42 00 00 D6 42
1787903039.075875,34680,0b4d,12,18 56 32 43 AF F2 99 42 00 00 D8 42
1787903039.086647,34680,0b4e,12,5F 91 39 43 CC 16 9E 42 00 00 DA 42
1787903039.097297,34680,0b4f,12,43 03 41 43 64 EA 9F 42 00 00 DC 42
1787903039.107780,34680,0b50,12,31 80 48 43 6C 5A 9F 42 00 00 DE 42
1787903039.118782,34680,0b51,12,80 DD 4F 43 A0 6C 9C 42 00 00 E0 42
1787903039.129777,34680,0b52,12,DA F0 56 43 E6 3E 97 42 00 00 E2 42
1787903039.140873,34680,0b53,12,91 91 5D 43 BB 06 90 42 00 00 E4 42
1787903039.151447,34680,0b54,12,D8 99 63 43 B2 0C 87 42 00 00 E6 42
1787903039.162774,34680,0b55,12,60 E6 68 43 CF 59 79 42 00 00 E8 42
1787903039.173623,34680,0b56,12,07 59 6D 43 7E A2 62 42 00 00 EA 42
1787903039.184413,34680,0b57,12,3C D8 70 43 50 DB 4A 42 00 00 EC 42
1787903039.195184,34680,0b58,12,E5 4F 73 43 D2 F8 32 42 00 00 EE 42
1787903039.205917,34680,0b59,12,DC B1 74 43 16 EB 1B 42 00 00 A0 41
1787903039.216486,34680,0b5a,12,0C F6 74 43 4E 9F 06 42 00 00 A8 41
1787903039.227153,34680,0b5b,12,04 1B 74 43 B0 DD E7 41 00 00 B0 41
1787903039.240047,34680,0b5c,12,B1 25 72 43 EF 30 C9 41 00 00 B8 41
1787903039.250857,34680,0b5d,12,55 21 6F 43 E5 72 B2 41 00 00 C0 41
1787903039.261384,34680,0b5e,12,0B 1F 6B 43 29 88 A4 41 00 00 C8 41
1787903039.271808,34680,0b5f,12,4B 36 66 43 E3 00 A0 41 00 00 D0 41
1787903039.282269,34680,0b60,12,1E 83 60 43 4B 0B A5 41 00 00 D8 41
1787903039.292625,34680,0b61,12,49 26 5A 43 EF 73 B3 41 00 00 E0 41
1787903039.310519,34680,0b62,12,5F 44 53 43 98 A5 CA 41 00 00 E8 41
1787903039.321554,34680,0b63,12,8E 04 4C 43 26 B7 E9 41 00 00 F0 41
1787903039.332753,34680,0b64,12,45 91 44 43 00 B5 07 42 00 00 F8 41
1787903039.343309,34680,0b65,12,FA 14 3D 43 AC 1E 1D 42 00 00 00 42
1787903039.354558,34680,0b66,12,B3 BA 35 43 08 3E 34 42 00 00 04 42
1787903039.365038,34680,0b67,12,B7 AC 2E 43 2F 25 4C 42 00 00 08 42
1787903039.376335,34680,0b68,12,3F 13 28 43 E0 E3 63 42 00 00 0C 42
1787903039.387121,34680,0b69,12,EB 14 22 43 E3 85 7A 42 00 00 10 42
1787903039.400473,34680,0b6a,12,D4 D3 1C 43 1A 92 87 42 00 00 14 42
1787903039.411183,34680,0b6b,12,2F 6E 18 43 2F 76 90 42 00 00 18 42
1787903039.422161,34680,0b6c,12,42 FD 14 43 F6 93 97 42 00 00 1C 42
1787903039.432877,34680,0b6d,12,BE 94 12 43 E7 A3 9C 42 00 00 20 42
1787903039.443454,34680,0b6e,12,BA 42 11 43 B5 71 9F 42 00 00 24 42
1787903039.453941,34680,0b6f,12,A6 0E 11 43 C2 E0 9F 42 00 00 28 42
1787903039.464646,34680,0b70,12,AD F9 11 43 A0 EC 9D 42 00 00 2C 42
1787903039.475223,34680,0b71,12,8A FE 13 43 AB A9 99 42 00 00 30 42
1787903039.486033,34680,0b72,12,CF 11 17 43 B9 42 93 42 00 00 34 42
1787903039.503687,34680,0b73,12,7E 21 1B 43 62 F9 8A 42 00 00 38 42
1787903039.514309,34680,0b74,12,5F 16 20 43 3A 22 81 42 00 00 3C 42
1787903039.525062,34680,0b75,12,F4 D3 25 43 65 43 6C 42 00 00 40 42
1787903039.535794,34680,0b76,12,3D 39 2C 43 0F D2 54 42 00 00 44 42
1787903039.546762,34680,0b77,12,D5 21 33 43 12 DC 3C 42 00 00 48 42
1787903039.557439,34680,0b78,12,4C 65 3A 43 CC 57 25 42 00 00 4C 42
1787903039.568025,34680,0b79,12,3A DA 41 43 45 35 0F 42 00 00 50 42
1787903039.579083,34680,0b7a,12,C0 55 49 43 DB AC F6 41 00 00 54 42
1787903039.589655,34680,0b7b,12,DC AC 50 43 89 0E D5 41 00 00 58 42
1787903039.600292,34680,0b7c,12,B5 B5 57 43 7D E1 BA 41 00 00 5C 42
1787903039.610832,34680,0b7d,12,1F 47 5E 43 C8 33 A9 41 00 00 60 42
1787903039.622079,34680,0b7e,12,BA 3B 64 43 DC B9 A0 41 00 00 64 42
1787903039.632569,34680,0b7f,12,48 71 69 43 3E CA A1 41 00 00 68 42
1787903039.643045,34680,0b80,12,D6 C9 6D 43 E3 58 AC 41 00 00 6C 42
1787903039.653687,34680,0b81,12,91 2C 71 43 AE FB BF 41 00 00 70 42
1787903039.664463,34680,0b82,12,A6 85 73 43 BA E9 DB 41 00 00 74 42
1787903039.675081,34680,0b83,12,CB C7 74 43 F3 05 FF 41 00 00 78 42
1787903039.685742,34680,0b84,12,C2 EB 74 43 FD F4 13 42 00 00 7C 42
1787903039.696451,34680,0b85,12,BE F0 73 43 65 78 2A 42 00 00 80 42
1787903039.707257,34680,0b86,12,40 DC 71 43 E7 2A 42 42 00 00 82 42
1787903039.717854,34680,0b87,12,71 BA 6E 43 F2 18 5A 42 00 00 84 42
1787903039.729682,34680,0b88,12,41 9D 6A 43 44 4E 71 42 00 00 86 42
1787903039.740082,34680,0b89,12,56 9C 65 43 FC 6E 83 42 00 00 88 42
1787903039.750665,34680,0b8a,12,73 D4 5F 43 4E F5 8C 42 00 00 8A 42
1787903039.761172,34680,0b8b,12,7A 66 59 43 5C DA 94 42 00 00 8C 42
1787903039.771657,34680,0b8c,12,0D 78 52 43 C2 CC 9A 42 00 00 8E 42
1787903039.783364,34680,0b8d,12,B2 30 4B 43 D0 8F 9E 42 00 00 90 42
1787903039.797453,34680,0b8e,12,42 BA 43 43 1E FD 9F 42 00 00 92 42
1787903039.808188,34680,0b8f,12,A4 3F 3C 43 46 06 9F 42 00 00 94 42
1787903039.819113,34680,0b90,12,75 EB 34 43 FA B4 9B 42 00 00 96 42
1787903039.831531,34680,0b91,12,9B E8 2D 43 12 2B 96 42 00 00 98 42
1787903039.842131,34680,0b92,12,00 5F 27 43 17 A1 8E 42 00 00 9A 42
1787903039.852525,34680,0b93,12,3B 74 21 43 FC 63 85 42 00 00 9C 42
1787903039.863008,34680,0b94,12,4E 4A 1C 43 DA A5 75 42 00 00 9E 42
1787903039.873573,34680,0b95,12,B7 FE 17 43 3D B0 5E 42 00 00 A0 42
1787903039.884455,34680,0b96,12,99 AA 14 43 0A D3 46 42 00 00 A2 42
1787903039.895572,34680,0b97,12,D6 60 12 43 D8 01 2F 42 00 00 A4 42
1787903039.906067,34680,0b98,12,97 2E 11 43 C1 2F 18 42 00 00 A6 42
1787903039.916764,34680,0b99,12,BC 1A 11 43 3D 47 03 42 00 00 A8 42
1787903039.927796,34680,0b9a,12,CD 25 12 43 EA 34 E2 41 00 00 AA 42
1787903039.938097,34680,0b9b,12,AE 49 14 43 49 C9 C4 41 00 00 AC 42
1787903039.948532,34680,0b9c,12,19 7A 17 43 E5 77 AF 41 00 00 AE 42
1787903039.958927,34680,0b9d,12,B7 A4 1B 43 54 1A A3 41 00 00 B0 42
1787903039.969339,34680,0b9e,12,96 B1 20 43 AA 2E A0 41 00 00 B2 42
1787903039.979725,34680,0b9f,12,FE 83 26 43 40 D2 A6 41 00 00 B4 42
1787903039.990245,34680,0ba0,12,DE F9 2C 43 EF C1 B6 41 00 00 B6 42
1787903040.001450,34680,0ba1,12,5A EE 33 43 0B 5B CF 41 00 00 B8 42
1787903040.012005,34680,0ba2,12,76 39 3B 43 80 A2 EF 41 00 00 BA 42
1787903040.022895,34680,0ba3,12,45 B1 42 43 CD 25 0B 42 00 00 BC 42
1787903040.036213,34680,0ba4,12,3D 2B 4A 43 E0 E8 20 42 00 00 BE 42
1787903040.055461,34680,0ba5,12,99 7B 51 43 F3 3A 38 42 00 00 C0 42
1787903040.068986,34680,0ba6,12,B4 78 58 43 FD 2D 50 42 00 00 C2 42
1787903040.079427,34680,0ba7,12,60 FA 5E 43 89 CD 67 42 00 00 C4 42
1787903040.090029,34680,0ba8,12,35 DB 64 43 CB 26 7E 42 00 00 C6 42
1787903040.100381,34680,0ba9,12,A7 F9 69 43 90 2C 89 42 00 00 C8 42
1787903040.110795,34680,0baa,12,C0 37 6E 43 4A CA 91 42 00 00 CA 42
1787903040.121261,34680,0bab,12,68 7D 71 43 A0 94 98 42 00 00 CC 42
1787903040.131657,34680,0bac,12,CC B7 73 43 44 46 9D 42 00 00 CE 42
1787903040.142099,34680,0bad,12,20 DA 74 43 33 AF 9F 42 00 00 D0 42
1787903040.152611,34680,0bae,12,D6 DD 74 43 34 B7 9F 42 00 00 D2 42
1787903040.163099,34680,0baf,12,DA C2 73 43 AF 5D 9D 42 00 00 D4 42
1787903040.173711,34680,0bb0,12,8C 8F 71 43 9F BA 98 42 00 00 D6 42
1787903040.184572,34680,0bb1,12,94 50 6E 43 58 FD 91 42 00 00 D8 42
1787903040.195726,34680,0bb2,12,9A 18 6A 43 60 6B 89 42 00 00 DA 42
1787903040.206304,34680,0bb3,12,97 FF 64 43 B9 B5 7E 42 00 00 DC 42
1787903040.216791,34680,0bb4,12,5F 23 5F 43 42 66 68 42 00 00 DE 42
1787903040.227205,34680,0bb5,12,65 A5 58 43 17 CC 50 42 00 00 E0 42
1787903040.237864,34680,0bb6,12,FB AA 51 43 21 D8 38 42 00 00 E2 42
1787903040.248477,34680,0bb7,12,3E 5C 4A 43 A3 80 21 42 00 00 E4 42
1787903040.259018,34680,0bb8,12,CD E2 42 43 3D B0 0B 42 00 00 E6 42
1787903040.269503,34680,0bb9,12,68 6A 3B 43 E5 8E F0 41 00 00 E8 42
1787903040.279944,34680,0bba,12,9B 1D 34 43 C2 18 D0 41 00 00 EA 42
1787903040.290289,34680,0bbb,12,60 26 2D 43 69 49 B7 41 00 00 EC 42
1787903040.300769,34680,0bbc,12,C1 AC 26 43 FF 1E A7 41 00 00 EE 42
1787903040.311619,34680,0bbd,12,AF D5 20 43 FF 3B A0 41 00 00 A0 41
1787903040.322904,34680,0bbe,12,57 C3 1B 43 54 E8 A2 41 00 00 A8 41
1787903040.333758,34680,0bbf,12,90 92 17 43 B2 08 AF 41 00 00 B0 41
1787903040.345276,34680,0bc0,12,70 5B 14 43 53 21 C4 41 00 00 B8 41
1787903040.356396,34680,0bc1,12,72 30 12 43 50 58 E1 41 00 00 C0 41
1787903040.367721,34680,0bc2,12,08 1E 11 43 02 C4 02 42 00 00 C8 41
1787903040.378515,34680,0bc3,12,77 2A 11 43 8A 9E 17 42 00 00 D0 41
1787903040.389123,34680,0bc4,12,61 55 12 43 E8 66 2E 42 00 00 D8 41
1787903040.399641,34680,0bc5,12,11 98 14 43 8D 34 46 42 00 00 E0 41
1787903040.410180,34680,0bc6,12,88 E5 17 43 AD 12 5E 42 00 00 E8 41
1787903040.420624,34680,0bc7,12,08 2B 1C 43 5F 11 75 42 00 00 F0 41
1787903040.433162,34680,0bc8,12,91 4F 21 43 07 22 85 42 00 00 F8 41
1787903040.443961,34680,0bc9,12,C6 35 27 43 2D 69 8E 42 00 00 00 42
1787903040.454641,34680,0bca,12,BC BB 2D 43 6E FF 95 42 00 00 04 42
1787903040.465221,34680,0bcb,12,F5 BB 34 43 FE 96 9B 42 00 00 08 42
1787903040.476016,34680,0bcc,12,93 0E 3C 43 AA F7 9E 42 00 00 0C 42
1787903040.486498,34680,0bcd,12,BB 88 43 43 72 FE 9F 42 00 00 10 42
1787903040.505849,34680,0bce,12,D1 FF 4A 43 DC A0 9E 42 00 00 14 42
1787903040.516441,34680,0bcf,12,EB 48 52 43 D8 EC 9A 42 00 00 18 42
1787903040.526783,34680,0bd0,12,26 3A 59 43 BE 08 95 42 00 00 1C 42
1787903040.537240,34680,0bd1,12,EC AB 5F 43 C3 2F 8D 42 00 00 20 42
1787903040.547772,34680,0bd2,12,86 78 65 43 62 B2 83 42 00 00 24 42
1787903040.558193,34680,0bd3,12,F5 7E 6A 43 F0 E2 71 42 00 00 28 42
1787903040.569239,34680,0bd4,12,57 A2 6E 43 92 B5 5A 42 00 00 2C 42
1787903040.580078,34680,0bd5,12,E2 CA 71 43 1C CB 42 42 00 00 30 42
1787903040.590749,34680,0bd6,12,82 E6 73 43 F1 13 2B 42 00 00 34 42
1787903040.601599,34680,0bd7,12,E1 E8 74 43 FC 83 14 42 00 00 38 42
1787903040.612329,34680,0bd8,12,55 CC 74 43 89 01 00 42 00 00 3C 42
1787903040.623003,34680,0bd9,12,82 91 73 43 E2 BB DC 41 00 00 40 42
1787903040.633385,34680,0bda,12,7B 3F 71 43 62 9C C0 41 00 00 44 42
1787903040.643770,34680,0bdb,12,62 E3 6D 43 3D BF AC 41 00 00 48 42
1787903040.654264,34680,0bdc,12,E1 90 69 43 B3 F1 A1 41 00 00 4C 42
1787903040.664664,34680,0bdd,12,AB 60 64 43 09 A2 A0 41 00 00 50 42
1787903040.687073,34680,0bde,12,95 70 5E 43 A0 DD A8 41 00 00 54 42
1787903040.698082,34680,0bdf,12,C0 E2 57 43 BC 4E BA 41 00 00 58 42
1787903040.708656,34680,0be0,12,7A DC 50 43 0B 46 D4 41 00 00 5C 42
1787903040.719461,34680,0be1,12,DF 86 49 43 80 B9 F5 41 00 00 60 42
1787903040.730090,34680,0be2,12,BF 0B 42 43 D6 A9 0E 42 00 00 64 42
1787903040.740729,34680,0be3,12,1B 96 3A 43 2B C0 24 42 00 00 68 42
1787903040.751284,34680,0be4,12,D5 50 33 43 6D 3C 3C 42 00 00 6C 42
1787903040.761813,34680,0be5,12,61 65 2C 43 8E 32 54 42 00 00 70 42
1787903040.772320,34680,0be6,12,3D FC 25 43 2E AC 6B 42 00 00 74 42
1787903040.782902,34680,0be7,12,E5 39 20 43 D9 DC 80 42 00 00 78 42
1787903040.793446,34680,0be8,12,75 3F 1B 43 FF BC 8A 42 00 00 7C 42
1787903040.803843,34680,0be9,12,8C 29 17 43 28 11 93 42 00 00 80 42
1787903040.814250,34680,0bea,12,83 0F 14 43 9D 85 99 42 00 00 82 42
1787903040.824973,34680,0beb,12,82 03 12 43 C3 D7 9D 42 00 00 84 42
1787903040.835591,34680,0bec,12,1C 11 11 43 81 DB 9F 42 00 00 86 42
1787903040.846014,34680,0bed,12,C5 3D 11 43 44 7C 9F 42 00 00 88 42
1787903040.857168,34680,0bee,12,7A 88 12 43 29 BE 9C 42 00 00 8A 42
1787903040.867694,34680,0bef,12,F6 E9 14 43 C0 BC 97 42 00 00 8C 42
1787903040.878100,34680,0bf0,12,48 54 18 43 3F AB 90 42 00 00 8E 42
1787903040.888583,34680,0bf1,12,E9 B3 1C 43 CD D1 87 42 00 00 90 42
1787903040.899673,34680,0bf2,12,B3 EF 21 43 7B 15 7B 42 00 00 92 42
1787903040.912229,34680,0bf3,12,90 E9 27 43 C2 7F 64 42 00 00 94 42
1787903040.922776,34680,0bf4,12,80 7F 2E 43 72 C5 4C 42 00 00 96 42
1787903040.937627,34680,0bf5,12,F8 8A 35 43 6F DA 34 42 00 00 98 42
1787903040.949012,34680,0bf6,12,CE E3 3C 43 DA B2 1D 42 00 00 9A 42
1787903040.961393,34680,0bf7,12,C3 5F 44 43 0D 3B 08 42 00 00 9C 42
1787903040.972500,34680,0bf8,12,D2 D3 4B 43 04 9F EA 41 00 00 9E 42
1787903040.983203,34680,0bf9,12,80 15 53 43 CE 5C CB 41 00 00 A0 42
1787903040.993900,34680,0bfa,12,56 FA 59 43 B4 F1 B3 41 00 00 A2 42
1787903041.005777,34680,0bfb,12,14 5B 60 43 BF 4C A5 41 00 00 A4 42
1787903041.016113,34680,0bfc,12,10 13 66 43 68 03 A0 41 00 00 A6 42
1787903041.027358,34680,0bfd,12,68 01 6B 43 F2 4A A4 41 00 00 A8 42
1787903041.037936,34680,0bfe,12,F6 09 6F 43 58 F8 B1 41 00 00 AA 42
1787903041.048512,34680,0bff,12,1C 15 72 43 08 80 C8 41 00 00 AC 42
1787903041.059487,34680,0c00,12,98 11 74 43 0D FC E6 41 00 00 AE 42
1787903041.070148,34680,0c01,12,FF F3 74 43 9E 1A 06 42 00 00 B0 42
1787903041.080598,34680,0c02,12,3B B7 74 43 14 56 1B 42 00 00 B2 42
1787903041.090903,34680,0c03,12,90 5C 73 43 00 5B 32 42 00 00 B4 42
1787903041.101545,34680,0c04,12,EB EB 70 43 D9 3C 4A 42 00 00 B6 42
1787903041.111935,34680,0c05,12,48 73 6D 43 DB 07 62 42 00 00 B8 42
1787903041.122605,34680,0c06,12,9C 06 69 43 2A C9 78 42 00 00 BA 42
1787903041.133084,34680,0c07,12,56 BF 63 43 7E CB 86 42 00 00 BC 42
1787903041.143690,34680,0c08,12,7A BB 5D 43 19 D0 8F 42 00 00 BE 42
1787903041.154312,34680,0c09,12,3C 1E 57 43 80 15 97 42 00 00 C0 42
1787903041.164951,34680,0c0a,12,57 0D 50 43 7C 51 9C 42 00 00 C2 42
1787903041.179742,34680,0c0b,12,6A B1 48 43 9E 4E 9F 42 00 00 C4 42
1787903041.190289,34680,0c0c,12,C2 34 41 43 70 EE 9F 42 00 00 C6 42
1787903041.200833,34680,0c0d,12,08 C2 39 43 AB 2A 9E 42 00 00 C8 42
1787903041.211224,34680,0c0e,12,D3 84 32 43 30 15 9A 42 00 00 CA 42
1787903041.222280,34680,0c0f,12,5D A6 2B 43 AC D7 93 42 00 00 CC 42
1787903041.233054,34680,0c10,12,23 4E 25 43 D2 B1 8B 42 00 00 CE 42
1787903041.243544,34680,0c11,12,9E A0 1F 43 9E F7 81 42 00 00 D0 42
1787903041.256706,34680,0c12,12,37 BE 1A 43 A7 15 6E 42 00 00 D2 42
1787903041.269216,34680,0c13,12,84 C3 16 43 57 B7 56 42 00 00 D4 42
1787903041.279805,34680,0c14,12,1E C7 13 43 D0 C2 3E 42 00 00 D6 42
1787903041.290298,34680,0c15,12,31 DA 11 43 98 2C 27 42 00 00 D8 42
1787903041.301869,34680,0c16,12,CC 07 11 43 19 E7 10 42 00 00 DA 42
1787903041.312867,34680,0c17,12,B7 54 11 43 5E A4 F9 41 00 00 DC 42
1787903041.323657,34680,0c18,12,2E BF 12 43 44 79 D7 41 00 00 DE 42
1787903041.334107,34680,0c19,12,0A 3F 15 43 A7 A9 BC 41 00 00 E0 42
1787903041.344575,34680,0c1a,12,EC C5 18 43 31 47 AA 41 00 00 E2 42
1787903041.355067,34680,0c1b,12,8F 3F 1D 43 E4 0D A1 41 00 00 E4 42
1787903041.365737,34680,0c1c,12,85 92 22 43 75 5A A1 41 00 00 E6 42
1787903041.376202,34680,0c1d,12,A4 9F 28 43 EE 2A AB 41 00 00 E8 42
1787903041.386877,34680,0c1e,12,64 44 2F 43 20 1B BE 41 00 00 EA 42
1787903041.397469,34680,0c1f,12,95 5A 36 43 BE 69 D9 41 00 00 EC 42
1787903041.407795,34680,0c20,12,79 B9 3D 43 1A FD FB 41 00 00 EE 42
1787903041.418277,34680,0c21,12,15 37 45 43 D6 3C 12 42 00 00 A0 41
1787903041.432074,34680,0c22,12,91 A7 4C 43 E1 9F 28 42 00 00 A8 41
1787903041.445748,34680,0c23,12,8D E0 53 43 2D 43 40 42 00 00 B0 41
1787903041.459794,34680,0c24,12,83 B8 5A 43 74 35 58 42 00 00 B8 41
1787903041.475134,34680,0c25,12,1C 08 61 43 84 80 6F 42 00 00 C0 41
1787903041.489956,34680,0c26,12,56 AB 66 43 1E 9D 82 42 00 00 C8 41
1787903041.501732,34680,0c27,12,33 81 6B 43 7E 41 8C 42 00 00 D0 41
1787903041.513217,34680,0c28,12,35 6E 6F 43 FA 4A 94 42 00 00 D8 41
1787903041.524825,34680,0c29,12,CC 5B 72 43 86 67 9A 42 00 00 E0 41
1787903041.535331,34680,0c2a,12,23 39 74 43 8A 58 9E 42 00 00 E8 41
1787903041.545862,34680,0c2b,12,83 FB 74 43 68 F6 9F 42 00 00 F0 41
1787903041.556370,34680,0c2c,12,7C 9E 74 43 3A 30 9F 42 00 00 F8 41
1787903041.568893,34680,0c2d,12,36 24 73 43 E6 0D 9C 42 00 00 00 42
1787903041.579862,34680,0c2e,12,2F 95 70 43 6B AF 96 42 00 00 04 42
1787903041.590989,34680,0c2f,12,1C 00 6D 43 3C 4C 8F 42 00 00 08 42
1787903041.601798,34680,0c30,12,55 79 68 43 9A 2E 86 42 00 00 0C 42
1787903041.612357,34680,0c31,12,56 1B 63 43 24 68 77 42 00 00 10 42
1787903041.623259,34680,0c32,12,C4 04 5D 43 2F 8F 60 42 00 00 14 42
1787903041.634976,34680,0c33,12,A0 58 56 43 8C BB 48 42 00 00 18 42
1787903041.645949,34680,0c34,12,44 3D 4F 43 46 E2 30 42 00 00 1C 42
1787903041.657000,34680,0c35,12,28 DB 47 43 13 F3 19 42 00 00 20 42
1787903041.668004,34680,0c36,12,82 5D 40 43 EB D9 04 42 00 00 24 42
1787903041.678565,34680,0c37,12,02 EF 38 43 52 DC E4 41 00 00 28 42
1787903041.689479,34680,0c38,12,61 BA 31 43 A7 D7 C6 41 00 00 2C 42
1787903041.699923,34680,0c39,12,0A E9 2A 43 9C D9 B0 41 00 00 30 42
1787903041.710438,34680,0c3a,12,E0 A1 24 43 3F BF A3 41 00 00 34 42
1787903041.721091,34680,0c3b,12,A1 09 1F 43 5B 10 A0 41 00 00 38 42
1787903041.731723,34680,0c3c,12,1F 40 1A 43 88 F2 A5 41 00 00 3C 42
1787903041.749950,34680,0c3d,12,DF 60 16 43 B7 29 B5 41 00 00 40 42
1787903041.760782,34680,0c3e,12,24 82 13 43 69 18 CD 41 00 00 44 42
1787903041.771807,34680,0c3f,12,5D B4 11 43 13 CE EC 41 00 00 48 42
1787903041.782648,34680,0c40,12,17 02 11 43 BF 82 09 42 00 00 4C 42
1787903041.793305,34680,0c41,12,36 6F 11 43 4B 1C 1F 42 00 00 50 42
1787903041.812093,34680,0c42,12,46 F9 12 43 34 57 36 42 00 00 54 42
1787903041.822625,34680,0c43,12,6C 97 15 43 7E 44 4E 42 00 00 58 42
1787903041.833084,34680,0c44,12,D4 3A 19 43 AA F3 65 42 00 00 5C 42
1787903041.843526,34680,0c45,12,32 CE 1D 43 1D 71 7C 42 00 00 60 42
1787903041.853910,34680,0c46,12,63 37 23 43 A4 6B 88 42 00 00 64 42
1787903041.864522,34680,0c47,12,4C 57 29 43 FA 2A 91 42 00 00 68 42
1787903041.874972,34680,0c48,12,B6 0A 30 43 CF 1C 98 42 00 00 6C 42
1787903041.885253,34680,0c49,12,7D 2B 37 43 57 FB 9C 42 00 00 70 42
1787903041.895606,34680,0c4a,12,EA 8F 3E 43 40 94 9F 42 00 00 74 42
1787903041.905963,34680,0c4b,12,DA 0D 46 43 06 CD 9F 42 00 00 78 42
1787903041.916501,34680,0c4c,12,3C 7A 4D 43 67 A3 9D 42 00 00 7C 42
1787903041.929667,34680,0c4d,12,62 AA 54 43 E4 2D 99 42 00 00 80 42
1787903041.940814,34680,0c4e,12,51 75 5B 43 50 99 92 42 00 00 82 42
1787903041.951460,34680,0c4f,12,48 B3 61 43 18 29 8A 42 00 00 84 42
1787903041.961939,34680,0c50,12,C2 40 67 43 5C 33 80 42 00 00 86 42
1787903041.972276,34680,0c51,12,D3 FD 6B 43 90 3B 6A 42 00 00 88 42
1787903041.982803,34680,0c52,12,3E CF 6F 43 DA B4 52 42 00 00 8A 42
1787903041.993179,34680,0c53,12,2E 9F 72 43 10 BF 3A 42 00 00 8C 42
1787903042.003761,34680,0c54,12,2E 5D 74 43 8E 50 23 42 00 00 8E 42
1787903042.014130,34680,0c55,12,67 FF 74 43 80 58 0D 42 00 00 90 42
1787903042.024478,34680,0c56,12,32 82 74 43 48 6E F3 41 00 00 92 42
1787903042.038704,34680,0c57,12,61 E8 72 43 FC 6B D2 41 00 00 94 42
1787903042.049140,34680,0c58,12,FD 3A 70 43 E7 F5 B8 41 00 00 96 42
1787903042.060422,34680,0c59,12,B0 89 6C 43 C1 12 A8 41 00 00 98 42
1787903042.071719,34680,0c5a,12,9A E9 67 43 ED 6E A0 41 00 00 9A 42
1787903042.082388,34680,0c5b,12,50 75 62 43 62 58 A2 41 00 00 9C 42
1787903042.095658,34680,0c5c,12,2E 4C 5C 43 60 BA AD 41 00 00 9E 42
1787903042.107394,34680,0c5d,12,40 91 55 43 7B 22 C2 41 00 00 A0 42
1787903042.119485,34680,0c5e,12,EC 6B 4E 43 E3 BF DE 41 00 00 A2 42
1787903042.134119,34680,0c5f,12,EF 04 47 43 42 37 01 42 00 00 A4 42
1787903042.145137,34680,0c60,12,D7 86 3F 43 13 E1 15 42 00 00 A6 42
1787903042.156649,34680,0c61,12,B7 1C 38 43 A9 88 2C 42 00 00 A8 42
1787903042.167672,34680,0c62,12,D0 F0 30 43 4C 4A 44 42 00 00 AA 42
1787903042.178432,34680,0c63,12,1D 2D 2A 43 CE 31 5C 42 00 00 AC 42
1787903042.189005,34680,0c64,12,1F F8 23 43 2E 4B 73 42 00 00 AE 42
1787903042.200138,34680,0c65,12,83 75 1E 43 54 55 84 42 00 00 B0 42
1787903042.210469,34680,0c66,12,F8 C4 19 43 5B BA 8D 42 00 00 B2 42
1787903042.221105,34680,0c67,12,48 01 16 43 41 76 95 42 00 00 B4 42
1787903042.231655,34680,0c68,12,7A 40 13 43 49 39 9B 42 00 00 B6 42
1787903042.242114,34680,0c69,12,2B 92 11 43 A4 C8 9E 42 00 00 B8 42
1787903042.252581,34680,0c6a,12,03 00 11 43 FA FF 9F 42 00 00 BA 42
1787903042.262885,34680,0c6b,12,4A 8D 11 43 13 D3 9E 42 00 00 BC 42
1787903042.273323,34680,0c6c,12,F3 36 13 43 BE 4D 9B 42 00 00 BE 42
1787903042.283761,34680,0c6d,12,42 F3 15 43 EA 93 95 42 00 00 C0 42
1787903042.294146,34680,0c6e,12,8B B2 19 43 0A E0 8D 42 00 00 C2 42
1787903042.309774,34680,0c6f,12,44 5F 1E 43 BD 80 84 42 00 00 C4 42
1787903042.320299,34680,0c70,12,8E DE 23 43 19 AD 73 42 00 00 C6 42
1787903042.330888,34680,0c71,12,25 11 2A 43 55 99 5C 42 00 00 C8 42
1787903042.341750,34680,0c72,12,C3 D2 30 43 50 B3 44 42 00 00 CA 42
1787903042.353020,34680,0c73,12,DF FC 37 43 F8 EE 2C 42 00 00 CC 42
1787903042.365278,34680,0c74,12,4A 66 3F 43 E6 3E 16 42 00 00 CE 42
1787903042.376619,34680,0c75,12,67 E4 46 43 32 8C 01 42 00 00 D0 42
1787903042.387587,34680,0c76,12,86 4C 4E 43 D0 4D DF 41 00 00 D2 42
1787903042.398194,34680,0c77,12,4C 73 55 43 CC 8E C2 41 00 00 D4 42
1787903042.408684,34680,0c78,12,02 30 5C 43 C2 00 AE 41 00 00 D6 42
1787903042.419036,34680,0c79,12,EC 5B 62 43 82 75 A2 41 00 00 D8 42
1787903042.429758,34680,0c7a,12,8F D3 67 43 A9 62 A0 41 00 00 DA 42
1787903042.440702,34680,0c7b,12,B5 77 6C 43 11 DD A7 41 00 00 DC 42
1787903042.451276,34680,0c7c,12,35 2D 70 43 EC 98 B8 41 00 00 DE 42
1787903042.462068,34680,0c7d,12,00 DF 72 43 6C EB D1 41 00 00 E0 42
1787903042.472633,34680,0c7e,12,97 7D 74 43 1B D2 F2 41 00 00 E2 42
1787903042.483181,34680,0c7f,12,AD FF 74 43 F0 FC 0C 42 00 00 E4 42
1787903042.493623,34680,0c80,12,45 62 74 43 95 EC 22 42 00 00 E6 42
1787903042.504651,34680,0c81,12,F8 A8 72 43 AB 56 3A 42 00 00 E8 42
1787903042.515486,34680,0c82,12,AF DD 6F 43 33 4C 52 42 00 00 EA 42
1787903042.526018,34680,0c83,12,7A 10 6C 43 9E D8 69 42 00 00 EC 42
1787903042.536368,34680,0c84,12,34 57 67 43 F4 04 80 42 00 00 EE 42
1787903042.546770,34680,0c85,12,B5 CC 61 43 80 00 8A 42 00 00 A0 41
1787903042.557094,34680,0c86,12,6B 91 5B 43 27 78 92 42 00 00 A8 41
1787903042.567615,34680,0c87,12,E6 C8 54 43 7D 15 99 42 00 00 B0 41
1787903042.578487,34680,0c88,12,23 9A 4D 43 FD 94 9D 42 00 00 B8 41
1787903042.588879,34680,0c89,12,6D 2E 46 43 A8 C8 9F 42 00 00 C0 41
1787903042.599780,34680,0c8a,12,09 B0 3E 43 5F 9A 9F 42 00 00 C8 41
1787903042.611143,34680,0c8b,12,D4 4A 37 43 B4 0B 9D 42 00 00 D0 41
1787903042.621606,34680,0c8c,12,EC 28 30 43 C4 36 98 42 00 00 D8 41
1787903042.632126,34680,0c8d,12,54 73 29 43 DE 4C 91 42 00 00 E0 41
1787903042.642637,34680,0c8e,12,9C 50 23 43 54 95 88 42 00 00 E8 41
1787903042.653120,34680,0c8f,12,C7 E3 1D 43 88 CF 7C 42 00 00 F0 41
1787903042.663741,34680,0c90,12,96 4C 19 43 5A 59 66 42 00 00 F8 41
1787903042.674136,34680,0c91,12,1F A5 15 43 66 AD 4E 42 00 00 00 42
1787903042.684652,34680,0c92,12,64 02 13 43 4A BD 36 42 00 00 04 42
1787903042.695093,34680,0c93,12,8C 73 11 43 20 7F 1F 42 00 00 08 42
1787903042.705613,34680,0c94,12,8C 01 11 43 87 DC 09 42 00 00 0C 42
1787903042.724036,34680,0c95,12,02 AF 11 43 61 68 ED 41 00 00 10 42
1787903042.734799,34680,0c96,12,F9 77 13 43 4F 93 CD 41 00 00 14 42
1787903042.745176,34680,0c97,12,2F 52 16 43 C2 7E B5 41 00 00 18 42
1787903042.756063,34680,0c98,12,3E 2D 1A 43 5D 21 A6 41 00 00 1C 42
1787903042.766404,34680,0c99,12,42 F3 1E 43 90 15 A0 41 00 00 20 42
1787903042.776945,34680,0c9a,12,48 88 24 43 9E 9A A3 41 00 00 24 42
1787903042.787300,34680,0c9b,12,76 CC 2A 43 9A 8C B0 41 00 00 28 42
1787903042.804727,34680,0c9c,12,C4 9B 31 43 62 67 C6 41 00 00 2C 42
1787903042.815127,34680,0c9d,12,0D CF 38 43 45 49 E4 41 00 00 30 42
1787903042.825420,34680,0c9e,12,50 3D 40 43 F3 82 04 42 00 00 34 42
1787903042.835725,34680,0c9f,12,0F BB 47 43 21 92 19 42 00 00 38 42
1787903042.846067,34680,0ca0,12,9D 1D 4F 43 38 7B 30 42 00 00 3C 42
1787903042.856411,34680,0ca1,12,84 3A 56 43 5E 54 48 42 00 00 40 42
1787903042.869004,34680,0ca2,12,E1 E8 5C 43 50 28 60 42 00 00 44 42
1787903042.879770,34680,0ca3,12,98 02 63 43 8F 07 77 42 00 00 48 42
1787903042.890485,34680,0ca4,12,F4 63 68 43 62 03 86 42 00 00 4C 42
1787903042.900957,34680,0ca5,12,5F EE 6C 43 CE 27 8F 42 00 00 50 42
1787903042.911600,34680,0ca6,12,BC 87 70 43 BD 93 96 42 00 00 54 42
1787903042.922064,34680,0ca7,12,5B 1B 73 43 15 FB 9B 42 00 00 58 42
1787903042.932482,34680,0ca8,12,79 9A 74 43 87 27 9F 42 00 00 5C 42
1787903042.942905,34680,0ca9,12,54 FC 74 43 2C F8 9F 42 00 00 60 42
1787903042.953278,34680,0caa,12,D3 3E 74 43 B4 64 9E 42 00 00 64 42
1787903042.963652,34680,0cab,12,3A 66 72 43 34 7D 9A 42 00 00 68 42
1787903042.974214,34680,0cac,12,24 7D 6F 43 14 6A 94 42 00 00 6C 42
1787903042.985126,34680,0cad,12,12 94 6B 43 62 68 8C 42 00 00 70 42
1787903042.995624,34680,0cae,12,E8 C1 66 43 3F CA 82 42 00 00 74 42
1787903043.005992,34680,0caf,12,2E 22 61 43 A9 E3 6F 42 00 00 78 42
1787903043.016293,34680,0cb0,12,39 D5 5A 43 AB 9B 58 42 00 00 7C 42
1787903043.026627,34680,0cb1,12,42 FF 53 43 07 AC 40 42 00 00 80 42
1787903043.037056,34680,0cb2,12,33 C7 4C 43 54 05 29 42 00 00 82 42
1787903043.047364,34680,0cb3,12,4B 57 45 43 D7 9A 12 42 00 00 84 42
1787903043.057798,34680,0cb4,12,EE D9 3D 43 B9 A2 FC 41 00 00 86 42
1787903043.068802,34680,0cb5,12,2B 7A 36 43 F0 EF D9 41 00 00 88 42
1787903043.079189,34680,0cb6,12,65 62 2F 43 54 81 BE 41 00 00 8A 42
1787903043.091045,34680,0cb7,12,0E BB 28 43 9E 6A AB 41 00 00 8C 42
1787903043.101488,34680,0cb8,12,16 AB 22 43 19 71 A1 41 00 00 8E 42
1787903043.111743,34680,0cb9,12,FD 54 1D 43 93 FA A0 41 00 00 90 42
1787903043.122103,34680,0cba,12,6F D7 18 43 C7 0B AA 41 00 00 92 42
1787903043.132533,34680,0cbb,12,3C 4C 15 43 65 46 BC 41 00 00 94 42
1787903043.142980,34680,0cbc,12,AA C7 12 43 31 F3 D6 41 00 00 96 42
1787903043.153418,34680,0cbd,12,75 58 11 43 D2 00 F9 41 00 00 98 42
1787903043.163909,34680,0cbe,12,B4 06 11 43 DA 89 10 42 00 00 9A 42
1787903043.174357,34680,0cbf,12,3B D4 11 43 65 C9 26 42 00 00 9C 42
1787903043.184771,34680,0cc0,12,6F BC 13 43 15 5A 3E 42 00 00 9E 42
1787903043.195519,34680,0cc1,12,86 B4 16 43 0D 4F 56 42 00 00 A0 42
1787903043.206053,34680,0cc2,12,20 AB 1A 43 F8 B1 6D 42 00 00 A2 42
1787903043.216640,34680,0cc3,12,95 89 1F 43 10 CA 81 42 00 00 A4 42
1787903043.227613,34680,0cc4,12,E8 33 25 43 14 8B 8B 42 00 00 A6 42
1787903043.239176,34680,0cc5,12,87 89 2B 43 E6 B7 93 42 00 00 A8 42
1787903043.250930,34680,0cc6,12,65 66 32 43 5C FE 99 42 00 00 AA 42
1787903043.263713,34680,0cc7,12,59 A2 39 43 B2 1D 9E 42 00 00 AC 42
1787903043.276322,34680,0cc8,12,25 14 41 43 D6 EB 9F 42 00 00 AE 42
1787903043.287056,34680,0cc9,12,FC 90 48 43 59 56 9F 42 00 00 B0 42
1787903043.299045,34680,0cca,12,D4 ED 4F 43 84 63 9C 42 00 00 B2 42
1787903043.309753,34680,0ccb,12,B3 00 57 43 FA 30 97 42 00 00 B4 42
1787903043.320409,34680,0ccc,12,35 A0 5D 43 EC F3 8F 42 00 00 B6 42
1787903043.331030,34680,0ccd,12,A6 A6 63 43 3C F6 86 42 00 00 B8 42
1787903043.343314,34680,0cce,12,63 F1 68 43 5D 27 79 42 00 00 BA 42
1787903043.353862,34680,0ccf,12,00 62 6D 43 5F 6E 62 42 00 00 BC 42
1787903043.364625,34680,0cd0,12,20 DF 70 43 E2 A5 4A 42 00 00 BE 42
1787903043.376252,34680,0cd1,12,56 54 73 43 5D C2 32 42 00 00 C0 42
1787903043.388015,34680,0cd2,12,B7 B3 74 43 A8 B7 1B 42 00 00 C2 42
1787903043.398357,34680,0cd3,12,5E F5 74 43 F2 70 06 42 00 00 C4 42
1787903043.408811,34680,0cd4,12,D3 17 74 43 7A 91 E7 41 00 00 C6 42
1787903043.419843,34680,0cd5,12,ED 1F 72 43 23 F5 C8 41 00 00 C8 42
1787903043.430218,34680,0cd6,12,32 19 6F 43 72 48 B2 41 00 00 CA 42
1787903043.440556,34680,0cd7,12,F4 14 6B 43 DC 72 A4 41 00 00 CC 42
1787903043.450915,34680,0cd8,12,4A 2A 66 43 94 01 A0 41 00 00 CE 42
1787903043.461347,34680,0cd9,12,79 75 60 43 2F 21 A5 41 00 00 D0 42
1787903043.471693,34680,0cda,12,F5 16 5A 43 2C 9E B3 41 00 00 D2 42
1787903043.482043,34680,0cdb,12,05 34 53 43 A2 E4 CA 41 00 00 D4 42
1787903043.492478,34680,0cdc,12,EF F3 4B 43 00 07 EA 41 00 00 D6 42
1787903043.502899,34680,0cdd,12,62 80 44 43 BC E3 07 42 00 00 D8 42
1787903043.513366,34680,0cde,12,33 04 3D 43 9A 50 1D 42 00 00 DA 42
1787903043.523969,34680,0cdf,12,09 AA 35 43 C0 72 34 42 00 00 DC 42
1787903043.534543,34680,0ce0,12,ED 9C 2E 43 77 5C 4C 42 00 00 DE 42
1787903043.545005,34680,0ce1,12,04 05 28 43 AA 19 64 42 00 00 E0 42
1787903043.555582,34680,0ce2,12,35 08 22 43 0A B8 7A 42 00 00 E2 42
1787903043.565938,34680,0ce3,12,EC C8 1C 43 9B A7 87 42 00 00 E4 42
1787903043.576475,34680,0ce4,12,20 65 18 43 1C 88 90 42 00 00 E6 42
1787903043.587421,34680,0ce5,12,81 F6 14 43 12 A2 97 42 00 00 E8 42
1787903043.598271,34680,0ce6,12,89 90 12 43 01 AD 9C 42 00 00 EA 42
1787903043.608669,34680,0ce7,12,03 41 11 43 70 75 9F 42 00 00 EC 42
1787903043.619064,34680,0ce8,12,77 0F 11 43 08 DF 9F 42 00 00 EE 42
1787903043.629429,34680,0ce9,12,16 FD 11 43 A2 E5 9D 42 00 00 A0 41
1787903043.640154,34680,0cea,12,71 04 14 43 46 9D 99 42 00 00 A8 41
1787903043.650523,34680,0ceb,12,E3 19 17 43 AA 31 93 42 00 00 B0 41
1787903043.661169,34680,0cec,12,B2 2B 1B 43 56 E4 8A 42 00 00 B8 41
1787903043.671886,34680,0ced,12,79 22 20 43 DB 0A 81 42 00 00 C0 41
1787903043.682783,34680,0cee,12,00 E2 25 43 70 10 6C 42 00 00 C8 41
1787903043.693743,34680,0cef,12,A2 48 2C 43 0D 9B 54 42 00 00 D0 41
1787903043.704223,34680,0cf0,12,DC 31 33 43 FF A4 3C 42 00 00 D8 41
1787903043.714625,34680,0cf1,12,F1 75 3A 43 D9 22 25 42 00 00 E0 41
1787903043.725022,34680,0cf2,12,1E EB 41 43 36 06 0F 42 00 00 E8 41
1787903043.735394,34680,0cf3,12,E6 66 49 43 B0 5A F6 41 00 00 F0 41
1787903043.745715,34680,0cf4,12,7C BD 50 43 3B C9 D4 41 00 00 F8 41
1787903043.756181,34680,0cf5,12,14 C5 57 43 B3 AE BA 41 00 00 00 42
1787903043.766583,34680,0cf6,12,47 55 5E 43 88 15 A9 41 00 00 04 42
1787903043.777017,34680,0cf7,12,58 48 64 43 A4 B1 A0 41 00 00 08 42
1787903043.787461,34680,0cf8,12,53 7C 69 43 5E D7 A1 41 00 00 0C 42
1787903043.797905,34680,0cf9,12,C6 D2 6D 43 04 7C AC 41 00 00 10 42
1787903043.812816,34680,0cfa,12,0A 33 71 43 F2 32 C0 41 00 00 14 42
1787903043.823501,34680,0cfb,12,B8 89 73 43 F0 32 DC 41 00 00 18 42
1787903043.834076,34680,0cfc,12,5D C9 74 43 30 5B FF 41 00 00 1C 42
1787903043.844958,34680,0cfd,12,C6 EA 74 43 2A 25 14 42 00 00 20 42
1787903043.857748,34680,0cfe,12,32 ED 73 43 06 AE 2A 42 00 00 24 42
1787903043.868308,34680,0cff,12,58 D6 71 43 29 62 42 42 00 00 28 42
1787903043.879733,34680,0d00,12,3D B2 6E 43 A0 4F 5A 42 00 00 2C 42
1787903043.890312,34680,0d01,12,F0 92 6A 43 6D 80 71 42 00 00 30 42
1787903043.901491,34680,0d02,12,DA 8F 65 43 BC 85 83 42 00 00 34 42
1787903043.911851,34680,0d03,12,51 C6 5F 43 80 09 8D 42 00 00 38 42
1787903043.922213,34680,0d04,12,5D 57 59 43 65 EA 94 42 00 00 3C 42
1787903043.932649,34680,0d05,12,FA 67 52 43 00 D8 9A 42 00 00 40 42
1787903043.943225,34680,0d06,12,06 20 4B 43 9B 95 9E 42 00 00 44 42
1787903043.953749,34680,0d07,12,F9 A8 43 43 9C FD 9F 42 00 00 48 42
1787903043.964285,34680,0d08,12,83 2E 3C 43 48 01 9F 42 00 00 4C 42
1787903043.974798,34680,0d09,12,3F DB 34 43 AE AA 9B 42 00 00 50 42
1787903043.990586,34680,0d0a,12,4A D9 2D 43 E1 1B 96 42 00 00 54 42
1787903044.001042,34680,0d0b,12,ED 50 27 43 45 8E 8E 42 00 00 58 42
1787903044.011572,34680,0d0c,12,6C 67 21 43 C5 4D 85 42 00 00 5C 42
1787903044.022040,34680,0d0d,12,60 3F 1C 43 AC 72 75 42 00 00 60 42
1787903044.032381,34680,0d0e,12,1B F6 17 43 E8 79 5E 42 00 00 64 42
1787903044.042755,34680,0d0f,12,42 A4 14 43 BA 9B 46 42 00 00 68 42
1787903044.053708,34680,0d10,12,E8 5C 12 43 95 CD 2E 42 00 00 6C 42
1787903044.064140,34680,0d11,12,21 2D 11 43 C1 FE 17 42 00 00 70 42
1787903044.074630,34680,0d12,12,DE 1B 11 43 EB 19 03 42 00 00 74 42
1787903044.084969,34680,0d13,12,6A 29 12 43 B0 E8 E1 41 00 00 78 42
1787903044.095352,34680,0d14,12,B8 4F 14 43 82 8E C4 41 00 00 7C 42
1787903044.106949,34680,0d15,12,6C 82 17 43 3A 52 AF 41 00 00 80 42
1787903044.117300,34680,0d16,12,63 AF 1B 43 49 09 A3 41 00 00 82 42
1787903044.127652,34680,0d17,12,2B BE 20 43 12 33 A0 41 00 00 84 42
1787903044.138020,34680,0d18,12,E2 91 26 43 8A EC A6 41 00 00 86 42
1787903044.148465,34680,0d19,12,0A 09 2D 43 0D F1 B6 41 00 00 88 42
1787903044.158804,34680,0d1a,12,77 FE 33 43 DD 9A CF 41 00 00 8A 42
1787903044.169316,34680,0d1b,12,8A 4A 3B 43 16 F2 EF 41 00 00 8C 42
1787903044.182739,34680,0d1c,12,8F C2 42 43 81 55 0B 42 00 00 8E 42
1787903044.193187,34680,0d1d,12,F5 3B 4A 43 31 1D 21 42 00 00 90 42
1787903044.203659,34680,0d1e,12,C5 8B 51 43 CB 71 38 42 00 00 92 42
1787903044.214123,34680,0d1f,12,F5 87 58 43 4E 63 50 42 00 00 94 42
1787903044.224558,34680,0d20,12,B2 08 5F 43 0E 01 68 42 00 00 96 42
1787903044.234963,34680,0d21,12,EC E7 64 43 23 58 7E 42 00 00 98 42
1787903044.245659,34680,0d22,12,3A 04 6A 43 42 42 89 42 00 00 9A 42
1787903044.259812,34680,0d23,12,3D 40 6E 43 25 DC 91 42 00 00 9C 42
1787903044.270746,34680,0d24,12,9D 83 71 43 7A A1 98 42 00 00 9E 42
1787903044.281361,34680,0d25,12,AD BB 73 43 35 4E 9D 42 00 00 A0 42
1787903044.291876,34680,0d26,12,71 DB 74 43 02 B2 9F 42 00 00 A2 42
1787903044.302962,34680,0d27,12,98 DC 74 43 7E B4 9F 42 00 00 A4 42
1787903044.315310,34680,0d28,12,1A BF 73 43 8E 55 9D 42 00 00 A6 42
1787903044.327564,34680,0d29,12,60 89 71 43 DA AD 98 42 00 00 A8 42
1787903044.338269,34680,0d2a,12,EF 47 6E 43 2A EC 91 42 00 00 AA 42
1787903044.351509,34680,0d2b,12,D2 0D 6A 43 BE 55 89 42 00 00 AC 42
1787903044.362268,34680,0d2c,12,32 F3 64 43 77 84 7E 42 00 00 AE 42
1787903044.373460,34680,0d2d,12,66 15 5F 43 FC 30 68 42 00 00 B0 42
1787903044.387290,34680,0d2e,12,29 96 58 43 CA 96 50 42 00 00 B2 42
1787903044.398441,34680,0d2f,12,73 9A 51 43 1E A3 38 42 00 00 B4 42
1787903044.410751,34680,0d30,12,24 4B 4A 43 42 4C 21 42 00 00 B6 42
1787903044.421452,34680,0d31,12,E8 D1 42 43 70 80 0B 42 00 00 B8 42
1787903044.432143,34680,0d32,12,B5 59 3B 43 44 3C F0 41 00 00 BA 42
1787903044.443206,34680,0d33,12,7B 0D 34 43 A4 D8 CF 41 00 00 BC 42
1787903044.455394,34680,0d34,12,D5 16 2D 43 91 1B B7 41 00 00 BE 42
1787903044.465886,34680,0d35,12,84 9E 26 43 57 04 A7 41 00 00 C0 42
1787903044.476308,34680,0d36,12,5B C9 20 43 36 37 A0 41 00 00 C2 42
1787903044.486650,34680,0d37,12,E0 B8 1B 43 98 F9 A2 41 00 00 C4 42
1787903044.497031,34680,0d38,12,32 8A 17 43 04 2E AF 41 00 00 C6 42
1787903044.507353,34680,0d39,12,38 55 14 43 CD 59 C4 41 00 00 C8 42
1787903044.518086,34680,0d3a,12,B6 2C 12 43 44 A4 E1 41 00 00 CA 42
1787903044.528565,34680,0d3b,12,E3 1C 11 43 38 F1 02 42 00 00 CC 42
1787903044.538948,34680,0d3c,12,DA 2B 11 43 2F D1 17 42 00 00 CE 42
1787903044.549433,34680,0d3d,12,44 59 12 43 21 9B 2E 42 00 00 D0 42
1787903044.560428,34680,0d3e,12,84 9E 14 43 FE 69 46 42 00 00 D2 42
1787903044.571274,34680,0d3f,12,4D EE 17 43 0A 49 5E 42 00 00 D4 42
1787903044.583074,34680,0d40,12,AF 35 1C 43 9F 44 75 42 00 00 D6 42
1787903044.593692,34680,0d41,12,0F 5C 21 43 12 39 85 42 00 00 D8 42
1787903044.604317,34680,0d42,12,D3 43 27 43 10 7C 8E 42 00 00 DA 42
1787903044.614694,34680,0d43,12,63 CB 2D 43 2E 0E 96 42 00 00 DC 42
1787903044.625234,34680,0d44,12,87 CC 34 43 61 A1 9B 42 00 00 DE 42
1787903044.635932,34680,0d45,12,4F 1F 3C 43 C0 FC 9E 42 00 00 E0 42
1787903044.646520,34680,0d46,12,A0 99 43 43 07 FE 9F 42 00 00 E2 42
1787903044.657562,34680,0d47,12,7F 10 4B 43 28 9B 9E 42 00 00 E4 42
1787903044.668539,34680,0d48,12,60 59 52 43 12 E2 9A 42 00 00 E6 42
1787903044.679475,34680,0d49,12,A1 49 59 43 C8 F8 94 42 00 00 E8 42
1787903044.690123,34680,0d4a,12,C2 B9 5F 43 A1 1B 8D 42 00 00 EA 42
1787903044.700592,34680,0d4b,12,C1 84 65 43 E2 9A 83 42 00 00 EC 42
1787903044.711031,34680,0d4c,12,4F 89 6A 43 D7 B0 71 42 00 00 EE 42
1787903044.721404,34680,0d4d,12,C6 AA 6E 43 C6 80 5A 42 00 00 A0 41
1787903044.731712,34680,0d4e,12,F6 D0 71 43 D8 93 42 42 00 00 A8 41
1787903044.742135,34680,0d4f,12,05 EA 73 43 44 DE 2A 42 00 00 B0 41
1787903044.754587,34680,0d50,12,E2 E9 74 43 0A 52 14 42 00 00 B8 41
1787903044.765326,34680,0d51,12,CE CA 74 43 9E AD FF 41 00 00 C0 41
1787903044.776143,34680,0d52,12,64 8D 73 43 E3 74 DC 41 00 00 C8 41
1787903044.786602,34680,0d53,12,E6 38 71 43 CA 64 C0 41 00 00 D0 41
1787903044.797018,34680,0d54,12,B0 DA 6D 43 C1 9B AC 41 00 00 D8 41
1787903044.807530,34680,0d55,12,1E 86 69 43 BF E3 A1 41 00 00 E0 41
1787903044.826061,34680,0d56,12,15 54 64 43 E3 A9 A0 41 00 00 E8 41
1787903044.836541,34680,0d57,12,20 62 5E 43 80 FA A8 41 00 00 F0 41
1787903044.846940,34680,0d58,12,0A D3 57 43 30 81 BA 41 00 00 F8 41
1787903044.858193,34680,0d59,12,3D CC 50 43 0C 8B D4 41 00 00 00 42
1787903044.868718,34680,0d5a,12,1E 76 49 43 51 0E F6 41 00 00 04 42
1787903044.879191,34680,0d5b,12,76 FA 41 43 CF D8 0E 42 00 00 08 42
1787903044.889710,34680,0d5c,12,74 85 3A 43 44 F3 24 42 00 00 0C 42
1787903044.900103,34680,0d5d,12,6C 40 33 43 7C 73 3C 42 00 00 10 42
1787903044.910471,34680,0d5e,12,F6 55 2C 43 95 69 54 42 00 00 14 42
1787903044.920969,34680,0d5f,12,7C EE 25 43 FC E0 6B 42 00 00 18 42
1787903044.931514,34680,0d60,12,7B 2D 20 43 43 F4 80 42 00 00 1C 42
1787903044.941930,34680,0d61,12,38 35 1B 43 63 D1 8A 42 00 00 20 42
1787903044.952473,34680,0d62,12,3E 21 17 43 4A 22 93 42 00 00 24 42
1787903044.962939,34680,0d63,12,91 09 14 43 18 92 99 42 00 00 28 42
1787903044.973507,34680,0d64,12,22 00 12 43 17 DF 9D 42 00 00 2C 42
1787903044.983921,34680,0d65,12,3B 10 11 43 52 DD 9F 42 00 00 30 42
1787903044.994580,34680,0d66,12,70 3F 11 43 C1 78 9F 42 00 00 34 42
1787903045.005098,34680,0d67,12,BC 8C 12 43 26 B5 9C 42 00 00 38 42
1787903045.015672,34680,0d68,12,AD F0 14 43 B8 AE 97 42 00 00 3C 42
1787903045.026058,34680,0d69,12,1A 5D 18 43 C3 98 90 42 00 00 40 42
1787903045.036454,34680,0d6a,12,08 BF 1C 43 5A BC 87 42 00 00 44 42
1787903045.049698,34680,0d6b,12,62 FC 21 43 1A E5 7A 42 00 00 48 42
1787903045.060114,34680,0d6c,12,19 F8 27 43 03 4A 64 42 00 00 4C 42
1787903045.070432,34680,0d6d,12,46 8F 2E 43 2C 8E 4C 42 00 00 50 42
1787903045.080800,34680,0d6e,12,3F 9B 35 43 D5 A3 34 42 00 00 54 42
1787903045.091411,34680,0d6f,12,F6 F4 3C 43 DC 80 1D 42 00 00 58 42
1787903045.102018,34680,0d70,12,A7 70 44 43 CD 0D 08 42 00 00 5C 42
1787903045.112529,34680,0d71,12,D5 E4 4B 43 E9 4E EA 41 00 00 60 42
1787903045.122886,34680,0d72,12,DE 25 53 43 74 1D CB 41 00 00 64 42
1787903045.133967,34680,0d73,12,56 09 5A 43 A4 C5 B3 41 00 00 68 42
1787903045.144666,34680,0d74,12,11 69 60 43 80 36 A5 41 00 00 6C 42
1787903045.155142,34680,0d75,12,18 1F 66 43 60 02 A0 41 00 00 70 42
1787903045.165602,34680,0d76,12,C5 0B 6B 43 E0 5F A4 41 00 00 74 42
1787903045.176079,34680,0d77,12,23 12 6F 43 70 22 B2 41 00 00 78 42
1787903045.186587,34680,0d78,12,CA 1A 72 43 9E BD C8 41 00 00 7C 42
1787903045.197151,34680,0d79,12,E8 14 74 43 00 48 E7 41 00 00 80 42
1787903045.207509,34680,0d7a,12,B8 F4 74 43 4E 47 06 42 00 00 82 42
1787903045.217902,34680,0d7b,12,61 B5 74 43 71 89 1B 42 00 00 84 42
1787903045.228278,34680,0d7c,12,29 58 73 43 6B 91 32 42 00 00 86 42
1787903045.238792,34680,0d7d,12,39 E5 70 43 28 74 4A 42 00 00 88 42
1787903045.249258,34680,0d7e,12,23 6A 6D 43 04 3C 62 42 00 00 8A 42
1787903045.259913,34680,0d7f,12,A1 FB 68 43 F9 F9 78 42 00 00 8C 42
1787903045.271166,34680,0d80,12,44 B2 63 43 02 E2 86 42 00 00 8E 42
1787903045.281725,34680,0d81,12,DD AC 5D 43 FA E2 8F 42 00 00 90 42
1787903045.292185,34680,0d82,12,C3 0E 57 43 FD 23 97 42 00 00 92 42
1787903045.304004,34680,0d83,12,A7 FC 4F 43 AE 5A 9C 42 00 00 94 42
1787903045.315933,34680,0d84,12,A0 A0 48 43 A4 52 9F 42 00 00 96 42
1787903045.326513,34680,0d85,12,7B 23 41 43 16 ED 9F 42 00 00 98 42
1787903045.336914,34680,0d86,12,0B B1 39 43 DC 23 9E 42 00 00 9A 42
1787903045.347479,34680,0d87,12,E0 74 32 43 30 09 9A 42 00 00 9C 42
1787903045.357943,34680,0d88,12,15 97 2B 43 87 C7 93 42 00 00 9E 42
1787903045.368357,34680,0d89,12,8D 40 25 43 C5 9D 8B 42 00 00 A0 42
1787903045.379099,34680,0d8a,12,69 94 1F 43 A4 DF 81 42 00 00 A2 42
1787903045.389950,34680,0d8b,12,F9 B3 1A 43 2E E1 6D 42 00 00 A4 42
1787903045.400581,34680,0d8c,12,A6 BB 16 43 6F 80 56 42 00 00 A6 42
1787903045.411145,34680,0d8d,12,73 C1 13 43 89 8D 3E 42 00 00 A8 42
1787903045.421546,34680,0d8e,12,18 D7 11 43 34 F9 26 42 00 00 AA 42
1787903045.431933,34680,0d8f,12,35 07 11 43 FA B5 10 42 00 00 AC 42
1787903045.442612,34680,0d90,12,B6 56 11 43 32 4E F9 41 00 00 AE 42
1787903045.453504,34680,0d91,12,9E C3 12 43 99 32 D7 41 00 00 B0 42
1787903045.463874,34680,0d92,12,05 46 15 43 14 77 BC 41 00 00 B2 42
1787903045.475420,34680,0d93,12,FB CE 18 43 56 28 AA 41 00 00 B4 42
1787903045.486881,34680,0d94,12,E7 4A 1D 43 A1 03 A1 41 00 00 B6 42
1787903045.499887,34680,0d95,12,AF 9F 22 43 49 66 A1 41 00 00 B8 42
1787903045.511231,34680,0d96,12,00 AE 28 43 61 4C AB 41 00 00 BA 42
1787903045.522692,34680,0d97,12,48 54 2F 43 09 4F BE 41 00 00 BC 42
1787903045.535476,34680,0d98,12,EF 6A 36 43 2F AF D9 41 00 00 BE 42
1787903045.546611,34680,0d99,12,AA CA 3D 43 41 54 FC 41 00 00 C0 42
1787903045.557141,34680,0d9a,12,5A 48 45 43 50 6E 12 42 00 00 C2 42
1787903045.567691,34680,0d9b,12,25 B8 4C 43 49 D5 28 42 00 00 C4 42
1787903045.578297,34680,0d9c,12,D2 F0 53 43 83 78 40 42 00 00 C6 42
1787903045.589199,34680,0d9d,12,62 C7 5A 43 67 6A 58 42 00 00 C8 42
1787903045.599648,34680,0d9e,12,ED 15 61 43 BC B4 6F 42 00 00 CA 42
1787903045.610202,34680,0d9f,12,71 B7 66 43 E4 B4 82 42 00 00 CC 42
1787903045.620843,34680,0da0,12,18 8B 6B 43 FD 55 8C 42 00 00 CE 42
1787903045.631490,34680,0da1,12,20 76 6F 43 D1 5A 94 42 00 00 D0 42
1787903045.642378,34680,0da2,12,35 61 72 43 C6 72 9A 42 00 00 D2 42
1787903045.653522,34680,0da3,12,29 3C 74 43 F8 5E 9E 42 00 00 D4 42
1787903045.664000,34680,0da4,12,F6 FB 74 43 5C F7 9F 42 00 00 D6 42
1787903045.674621,34680,0da5,12,64 9C 74 43 AB 2B 9F 42 00 00 D8 42
1787903045.685486,34680,0da6,12,88 1F 73 43 59 04 9C 42 00 00 DA 42
1787903045.696015,34680,0da7,12,3B 8E 70 43 1A A1 96 42 00 00 DC 42
1787903045.707036,34680,0da8,12,B9 F6 6C 43 12 39 8F 42 00 00 DE 42
1787903045.717675,34680,0da9,12,E1 6D 68 43 DC 17 86 42 00 00 E0 42
1787903045.728162,34680,0daa,12,60 0E 63 43 4E 35 77 42 00 00 E2 42
1787903045.738611,34680,0dab,12,00 F6 5C 43 DD 5A 60 42 00 00 E4 42
1787903045.748939,34680,0dac,12,0A 49 56 43 1B 86 48 42 00 00 E6 42
1787903045.759380,34680,0dad,12,80 2C 4F 43 00 AC 30 42 00 00 E8 42
1787903045.770130,34680,0dae,12,F3 C9 47 43 02 C0 19 42 00 00 EA 42
1787903045.780546,34680,0daf,12,A3 4C 40 43 1A AC 04 42 00 00 EC 42
1787903045.790980,34680,0db0,12,14 DE 38 43 73 91 E4 41 00 00 EE 42
1787903045.801583,34680,0db1,12,86 AA 31 43 6E 9D C6 41 00 00 A0 41
1787903045.812047,34680,0db2,12,E5 D9 2A 43 FA B0 B0 41 00 00 A8 41
1787903045.823840,34680,0db3,12,26 94 24 43 DF AB A3 41 00 00 B0 41
1787903045.834472,34680,0db4,12,E6 FD 1E 43 02 13 A0 41 00 00 B8 41
1787903045.845014,34680,0db5,12,1D 36 1A 43 44 0A A6 41 00 00 C0 41
1787903045.855381,34680,0db6,12,42 59 16 43 AF 55 B5 41 00 00 C8 41
1787903045.866481,34680,0db7,12,BF 7C 13 43 0D 59 CD 41 00 00 D0 41
1787903045.876964,34680,0db8,12,7B B1 11 43 43 1F ED 41 00 00 D8 41
1787903045.887615,34680,0db9,12,CC 01 11 43 00 B2 09 42 00 00 E0 41
1787903045.898620,34680,0dba,12,7F 71 11 43 8D 4E 1F 42 00 00 E8 41
1787903045.909530,34680,0dbb,12,FC FD 12 43 12 8C 36 42 00 00 F0 41
1787903045.920052,34680,0dbc,12,AB 9E 15 43 BC 7B 4E 42 00 00 F8 41
1787903045.931360,34680,0dbd,12,57 44 19 43 38 29 66 42 00 00 00 42
1787903045.942255,34680,0dbe,12,7F D9 1D 43 DA A2 7C 42 00 00 04 42
1787903045.952887,34680,0dbf,12,BE 44 23 43 DD 80 88 42 00 00 08 42
1787903045.963364,34680,0dc0,12,CE 65 29 43 8C 3C 91 42 00 00 0C 42
1787903045.974106,34680,0dc1,12,B6 1A 30 43 7F 2A 98 42 00 00 10 42
1787903045.985065,34680,0dc2,12,4A 3C 37 43 FA 03 9D 42 00 00 14 42
1787903045.995734,34680,0dc3,12,BF A0 3E 43 7E 97 9F 42 00 00 18 42
1787903046.009240,34680,0dc4,12,1B 1F 46 43 D3 CA 9F 42 00 00 1C 42
1787903046.019778,34680,0dc5,12,C0 8A 4D 43 F5 9B 9D 42 00 00 20 42
1787903046.030149,34680,0dc6,12,8D BA 54 43 10 21 99 42 00 00 24 42
1787903046.040811,34680,0dc7,12,63 84 5B 43 DF 87 92 42 00 00 28 42
1787903046.052897,34680,0dc8,12,9C C0 61 43 BC 13 8A 42 00 00 2C 42
1787903046.063442,34680,0dc9,12,A7 4C 67 43 C3 1B 80 42 00 00 30 42
1787903046.073965,34680,0dca,12,7E 07 6C 43 54 08 6A 42 00 00 34 42
1787903046.084659,34680,0dcb,12,E7 D6 6F 43 C0 7D 52 42 00 00 38 42
1787903046.095029,34680,0dcc,12,70 A4 72 43 17 88 3A 42 00 00 3C 42
1787903046.105735,34680,0dcd,12,DB 5F 74 43 E7 1B 23 42 00 00 40 42
1787903046.116277,34680,0dce,12,8E FF 74 43 E6 29 0D 42 00 00 44 42
1787903046.126768,34680,0dcf,12,D2 7F 74 43 55 1D F3 41 00 00 48 42
1787903046.137422,34680,0dd0,12,6C E3 72 43 38 28 D2 41 00 00 4C 42
1787903046.148145,34680,0dd1,12,9C 33 70 43 DD C4 B8 41 00 00 50 42
1787903046.159378,34680,0dd2,12,46 80 6C 43 65 F6 A7 41 00 00 54 42
1787903046.169790,34680,0dd3,12,EE DD 67 43 99 68 A0 41 00 00 58 42
1787903046.180285,34680,0dd4,12,2C 68 62 43 62 67 A2 41 00 00 5C 42
1787903046.203025,34680,0dd5,12,43 3D 5C 43 5A DF AD 41 00 00 60 42
1787903046.214487,34680,0dd6,12,32 81 55 43 70 5B C2 41 00 00 64 42
1787903046.225137,34680,0dd7,12,79 5B 4E 43 8E 0A DF 41 00 00 68 42
1787903046.236365,34680,0dd8,12,B4 F3 46 43 70 62 01 42 00 00 6C 42
1787903046.246933,34680,0dd9,12,FD 75 3F 43 A7 11 16 42 00 00 70 42
1787903046.257478,34680,0dda,12,D8 0B 38 43 85 BE 2C 42 00 00 74 42
1787903046.267996,34680,0ddb,12,B3 E0 30 43 97 81 44 42 00 00 78 42
1787903046.278641,34680,0ddc,12,74 1E 2A 43 53 68 5C 42 00 00 7C 42
1787903046.289249,34680,0ddd,12,92 EA 23 43 02 7D 73 42 00 00 80 42
1787903046.299978,34680,0dde,12,FD 69 1E 43 D3 6B 84 42 00 00 82 42
1787903046.310745,34680,0ddf,12,34 BB 19 43 37 CE 8D 42 00 00 84 42
1787903046.321450,34680,0de0,12,C1 F9 15 43 E4 85 95 42 00 00 86 42
1787903046.332061,34680,0de1,12,7A 3B 13 43 14 44 9B 42 00 00 88 42
1787903046.343663,34680,0de2,12,93 8F 11 43 F8 CD 9E 42 00 00 8A 42
1787903046.356339,34680,0de3,12,00 00 11 43 00 00 A0 42 00 00 8C 42
1787903046.367003,34680,0de4,12,DD 8F 11 43 9A CD 9E 42 00 00 8E 42
1787903046.377442,34680,0de5,12,0C 3C 13 43 FE 42 9B 42 00 00 90 42
1787903046.387850,34680,0de6,12,99 FA 15 43 50 84 95 42 00 00 92 42
1787903046.398259,34680,0de7,12,4C BC 19 43 E2 CC 8D 42 00 00 94 42
1787903046.408726,34680,0de8,12,C7 6A 1E 43 44 6A 84 42 00 00 96 42
1787903046.419172,34680,0de9,12,17 EC 23 43 8E 79 73 42 00 00 98 42
1787903046.430445,34680,0dea,12,22 20 2A 43 D4 62 5C 42 00 00 9A 42
1787903046.441081,34680,0deb,12,82 E2 30 43 04 7C 44 42 00 00 9C 42
1787903046.451627,34680,0dec,12,BD 0D 38 43 EA BA 2C 42 00 00 9E 42
1787903046.462107,34680,0ded,12,24 77 3F 43 49 0E 16 42 00 00 A0 42
1787903046.472576,34680,0dee,12,A3 F5 46 43 72 5F 01 42 00 00 A2 42
1787903046.483030,34680,0def,12,5C 5D 4E 43 04 03 DF 41 00 00 A4 42
1787903046.493362,34680,0df0,12,FF 82 55 43 AF 55 C2 41 00 00 A6 42
1787903046.504146,34680,0df1,12,EF 3E 5C 43 DF DC AD 41 00 00 A8 42
1787903046.515038,34680,0df2,12,13 69 62 43 56 66 A2 41 00 00 AA 42
1787903046.525689,34680,0df3,12,3E DF 67 43 08 69 A0 41 00 00 AC 42
1787903046.536174,34680,0df4,12,5B 81 6C 43 40 F9 A7 41 00 00 AE 42
1787903046.546824,34680,0df5,12,70 34 70 43 CC C9 B8 41 00 00 B0 42
1787903046.557403,34680,0df6,12,FA E3 72 43 C0 2C D2 41 00 00 B2 42
1787903046.568004,34680,0df7,12,FC 7F 74 43 F0 22 F3 41 00 00 B4 42
1787903046.579365,34680,0df8,12,8A FF 74 43 21 2D 0D 42 00 00 B6 42
1787903046.589841,34680,0df9,12,8D 5F 74 43 36 21 23 42 00 00 B8 42
1787903046.603494,34680,0dfa,12,DA A3 72 43 A2 8D 3A 42 00 00 BA 42
1787903046.614938,34680,0dfb,12,0B D6 6F 43 71 81 52 42 00 00 BC 42
1787903046.625833,34680,0dfc,12,D4 06 6C 43 E1 0B 6A 42 00 00 BE 42
1787903046.637355,34680,0dfd,12,52 4B 67 43 66 1D 80 42 00 00 C0 42
1787903046.648560,34680,0dfe,12,15 BF 61 43 E4 15 8A 42 00 00 C2 42
1787903046.659288,34680,0dff,12,B3 82 5B 43 A2 89 92 42 00 00 C4 42
1787903046.669868,34680,0e00,12,BD B8 54 43 EC 21 99 42 00 00 C6 42
1787903046.680861,34680,0e01,12,9F 89 4D 43 7A 9C 9D 42 00 00 C8 42
1787903046.691863,34680,0e02,12,2C 1D 46 43 FB CA 9F 42 00 00 CA 42
1787903046.702984,34680,0e03,12,D0 9E 3E 43 2B 97 9F 42 00 00 CC 42
1787903046.714141,34680,0e04,12,67 3A 37 43 1C 03 9D 42 00 00 CE 42
1787903046.728639,34680,0e05,12,EA 18 30 43 95 29 98 42 00 00 D0 42
1787903046.739772,34680,0e06,12,CF 64 29 43 54 3B 91 42 00 00 D2 42
1787903046.750156,34680,0e07,12,3E 43 23 43 64 7F 88 42 00 00 D4 42
1787903046.760661,34680,0e08,12,33 D8 1D 43 D6 9D 7C 42 00 00 D6 42
1787903046.771215,34680,0e09,12,46 43 19 43 D2 23 66 42 00 00 D8 42
1787903046.781849,34680,0e0a,12,DB 9D 15 43 09 78 4E 42 00 00 DA 42
1787903046.792716,34680,0e0b,12,A9 FD 12 43 68 88 36 42 00 00 DC 42
1787903046.803236,34680,0e0c,12,3D 71 11 43 11 4B 1F 42 00 00 DE 42
1787903046.813753,34680,0e0d,12,D4 01 11 43 3B AD 09 42 00 00 E0 42
1787903046.824584,34680,0e0e,12,CE B1 11 43 11 17 ED 41 00 00 E2 42
1787903046.835523,34680,0e0f,12,59 7D 13 43 B7 54 CD 41 00 00 E4 42
1787903046.846074,34680,0e10,12,C8 59 16 43 A1 52 B5 41 00 00 E6 42
1787903056.878437,34680,0e12,12,3C 37 1A 43 9E 08 A6 41 00 00 E8 42
1787903056.887694,34680,0e13,12,3E FF 1E 43 BB 12 A0 41 00 00 EA 42
1787903056.898210,34680,0e14,12,B0 95 24 43 D1 AD A3 41 00 00 EC 42
1787903056.909097,34680,0e15,12,98 DB 2A 43 B1 B3 B0 41 00 00 EE 42
1787903056.919830,34680,0e16,12,9C AB 31 43 76 A1 C6 41 00 00 A0 41
1787903056.932173,34680,0e17,12,FA DF 38 43 A3 96 E4 41 00 00 A8 41
1787903056.942755,34680,0e18,12,93 4E 40 43 B8 B0 04 42 00 00 B0 41
1787903056.953402,34680,0e19,12,E1 CB 47 43 28 C5 19 42 00 00 B8 41
1787903056.963912,34680,0e1a,12,62 2E 4F 43 A2 AF 30 42 00 00 C0 41
1787903056.974555,34680,0e1b,12,1C 4A 56 43 CF 89 48 42 00 00 C8 41
1787903057.006836,34680,0e1c,12,A8 F7 5C 43 7E 5E 60 42 00 00 D0 41
1787903057.018501,34680,0e1d,12,DE 0F 63 43 6E 3A 77 42 00 00 D8 41
1787903057.030631,34680,0e1e,12,2A 6F 68 43 28 1A 86 42 00 00 E0 41
1787903057.041827,34680,0e1f,12,C7 F7 6C 43 5B 3A 8F 42 00 00 E8 41
1787903057.052628,34680,0e20,12,B5 8E 70 43 18 A2 96 42 00 00 F0 41
1787903057.063620,34680,0e21,12,0E 20 73 43 03 05 9C 42 00 00 F8 41
1787903057.074136,34680,0e22,12,A2 9C 74 43 21 2C 9F 42 00 00 00 42
1787903057.084871,34680,0e23,12,E9 FB 74 43 44 F7 9F 42 00 00 04 42
1787903057.096004,34680,0e24,12,D2 3B 74 43 8A 5E 9E 42 00 00 08 42
1787903057.107242,34680,0e25,12,D6 60 72 43 FE 71 9A 42 00 00 0C 42
1787903057.117916,34680,0e26,12,3D 75 6F 43 B8 59 94 42 00 00 10 42
1787903057.128369,34680,0e27,12,F6 89 6B 43 EC 53 8C 42 00 00 14 42
1787903057.138930,34680,0e28,12,16 B6 66 43 7E B2 82 42 00 00 18 42
1787903057.149379,34680,0e29,12,60 14 61 43 3D B1 6F 42 00 00 1C 42
1787903057.160469,34680,0e2a,12,5D C6 5A 43 BC 66 58 42 00 00 20 42
1787903057.171530,34680,0e2b,12,FF EE 53 43 D1 74 40 42 00 00 24 42
1787903057.182115,34680,0e2c,12,3E B6 4C 43 E6 CF 28 42 00 00 28 42
1787903057.193053,34680,0e2d,12,6A 46 45 43 52 69 12 42 00 00 2C 42
1787903057.203873,34680,0e2e,12,BD C8 3D 43 6B 4E FC 41 00 00 30 42
1787903057.214658,34680,0e2f,12,D0 69 36 43 5E AA D9 41 00 00 34 42
1787903057.225223,34680,0e30,12,7F 52 2F 43 6F 4B BE 41 00 00 38 42
1787903057.235963,34680,0e31,12,5A AC 28 43 FE 48 AB 41 00 00 3C 42
1787903057.246622,34680,0e32,12,35 9E 22 43 16 65 A1 41 00 00 40 42
1787903057.257358,34680,0e33,12,A1 49 1D 43 4F 04 A1 41 00 00 44 42
1787903057.268446,34680,0e34,12,5C CE 18 43 78 2A AA 41 00 00 48 42
1787903057.279044,34680,0e35,12,3C 45 15 43 94 7A BC 41 00 00 4C 42
1787903057.290174,34680,0e36,12,1B C3 12 43 B8 39 D7 41 00 00 50 42
1787903057.301222,34680,0e37,12,7C 56 11 43 E1 56 F9 41 00 00 54 42
1787903057.311776,34680,0e38,12,46 07 11 43 44 B9 10 42 00 00 58 42
1787903057.323425,34680,0e39,12,4E D7 11 43 C3 FC 26 42 00 00 5C 42
1787903057.334285,34680,0e3a,12,16 C2 13 43 3A 91 3E 42 00 00 60 42
1787903057.345566,34680,0e3b,12,8D BC 16 43 F8 85 56 42 00 00 64 42
1787903057.357335,34680,0e3c,12,1F B5 1A 43 79 E6 6D 42 00 00 68 42
1787903057.368100,34680,0e3d,12,C7 95 1F 43 40 E1 81 42 00 00 6C 42
1787903057.381846,34680,0e3e,12,7B 41 25 43 29 9F 8B 42 00 00 70 42
1787903057.392710,34680,0e3f,12,CC 98 2B 43 A6 C8 93 42 00 00 74 42
1787903057.403356,34680,0e40,12,B5 76 32 43 66 0A 9A 42 00 00 78 42
1787903057.413944,34680,0e41,12,F3 B2 39 43 8C 24 9E 42 00 00 7C 42
1787903057.424420,34680,0e42,12,6B 25 41 43 2E ED 9F 42 00 00 80 42
1787903057.435074,34680,0e43,12,C7 A1 48 43 5D 52 9F 42 00 00 82 42
1787903057.445577,34680,0e44,12,86 FE 4F 43 0B 5A 9C 42 00 00 84 42
1787903057.455954,34680,0e45,12,8A 10 57 43 88 22 97 42 00 00 86 42
1787903057.466466,34680,0e46,12,80 AE 5D 43 13 E1 8F 42 00 00 88 42
1787903057.477081,34680,0e47,12,BB B3 63 43 80 E0 86 42 00 00 8A 42
1787903057.487670,34680,0e48,12,62 FC 68 43 97 F6 78 42 00 00 8C 42
1787903057.498850,34680,0e49,12,2A 6B 6D 43 67 38 62 42 00 00 8E 42
1787903057.509824,34680,0e4a,12,FE E5 70 43 94 6E 4A 42 00 00 90 42
1787903057.520719,34680,0e4b,12,A8 58 73 43 EE 8B 32 42 00 00 92 42
1787903057.531790,34680,0e4c,12,96 B5 74 43 00 86 1B 42 00 00 94 42
1787903057.542959,34680,0e4d,12,AB F4 74 43 36 44 06 42 00 00 96 42
1787903057.553668,34680,0e4e,12,89 14 74 43 BB 42 E7 41 00 00 98 42
1787903057.569438,34680,0e4f,12,23 1A 72 43 66 B7 C8 41 00 00 9A 42
1787903057.580181,34680,0e50,12,38 11 6F 43 30 1E B2 41 00 00 9C 42
1787903057.590722,34680,0e51,12,9C 0A 6B 43 78 5E A4 41 00 00 9E 42
1787903057.601285,34680,0e52,12,45 1E 66 43 70 02 A0 41 00 00 A0 42
1787903057.613586,34680,0e53,12,7F 67 60 43 08 38 A5 41 00 00 A2 42
1787903057.624255,34680,0e54,12,9E 07 5A 43 13 CA B3 41 00 00 A4 42
1787903057.634725,34680,0e55,12,08 24 53 43 D6 23 CB 41 00 00 A6 42
1787903057.645261,34680,0e56,12,ED E2 4B 43 45 54 EA 41 00 00 A8 42
1787903057.655804,34680,0e57,12,7E 6F 44 43 F0 10 08 42 00 00 AA 42
1787903057.666483,34680,0e58,12,0A F3 3C 43 52 84 1D 42 00 00 AC 42
1787903057.677216,34680,0e59,12,61 99 35 43 56 A9 34 42 00 00 AE 42
1787903057.688055,34680,0e5a,12,80 8D 2E 43 BF 93 4C 42 00 00 B0 42
1787903057.698881,34680,0e5b,12,78 F6 27 43 9C 4D 64 42 00 00 B2 42
1787903057.709794,34680,0e5c,12,83 FB 21 43 75 E8 7A 42 00 00 B4 42
1787903057.720772,34680,0e5d,12,C9 BD 1C 43 D6 BD 87 42 00 00 B6 42
1787903057.731661,34680,0e5e,12,16 5C 18 43 A0 9A 90 42 00 00 B8 42
1787903057.742284,34680,0e5f,12,EC EF 14 43 23 B0 97 42 00 00 BA 42
1787903057.754045,34680,0e60,12,42 8C 12 43 C1 B5 9C 42 00 00 BC 42
1787903057.765113,34680,0e61,12,53 3F 11 43 00 79 9F 42 00 00 BE 42
1787903057.777341,34680,0e62,12,54 10 11 43 32 DD 9F 42 00 00 C0 42
1787903057.788129,34680,0e63,12,84 00 12 43 5A DE 9D 42 00 00 C2 42
1787903057.799084,34680,0e64,12,3B 0A 14 43 D6 90 99 42 00 00 C4 42
1787903057.809934,34680,0e65,12,2C 22 17 43 25 21 93 42 00 00 C6 42
1787903057.820515,34680,0e66,12,EB 35 1B 43 FA CF 8A 42 00 00 C8 42
1787903057.831408,34680,0e67,12,DF 2E 20 43 A4 F2 80 42 00 00 CA 42
1787903057.841950,34680,0e68,12,0F F0 25 43 A9 DB 6B 42 00 00 CC 42
1787903057.852773,34680,0e69,12,B1 57 2C 43 08 64 54 42 00 00 CE 42
1787903057.863542,34680,0e6a,12,43 42 33 43 CC 6F 3C 42 00 00 D0 42
1787903057.873976,34680,0e6b,12,98 86 3A 43 B9 EF 24 42 00 00 D2 42
1787903057.884742,34680,0e6c,12,66 FC 41 43 8D D5 0E 42 00 00 D4 42
1787903057.895315,34680,0e6d,12,0A 78 49 43 C2 05 F6 41 00 00 D6 42
1787903057.905811,34680,0e6e,12,BA CD 50 43 15 84 D4 41 00 00 D8 42
1787903057.916394,34680,0e6f,12,CD D4 57 43 CD 7D BA 41 00 00 DA 42
1787903057.927066,34680,0e70,12,6B 63 5E 43 7E F8 A8 41 00 00 DC 42
1787903057.937615,34680,0e71,12,3C 55 64 43 56 A9 A0 41 00 00 DE 42
1787903057.948001,34680,0e72,12,5A 87 69 43 25 E5 A1 41 00 00 E0 42
1787903057.958950,34680,0e73,12,7C DB 6D 43 53 9F AC 41 00 00 E2 42
1787903057.969552,34680,0e74,12,A3 39 71 43 81 68 C0 41 00 00 E4 42
1787903057.982789,34680,0e75,12,C3 8D 73 43 CE 79 DC 41 00 00 E6 42
1787903057.993757,34680,0e76,12,F2 CA 74 43 89 B3 FF 41 00 00 E8 42
1787903058.004410,34680,0e77,12,C5 E9 74 43 12 57 14 42 00 00 EA 42
1787903058.015388,34680,0e78,12,B3 E9 73 43 AD E3 2A 42 00 00 EC 42
1787903058.025926,34680,0e79,12,48 D0 71 43 8C 97 42 42 00 00 EE 42
1787903058.036935,34680,0e7a,12,04 AA 6E 43 6F 84 5A 42 00 00 A0 41
1787903058.047863,34680,0e7b,12,5D 88 6A 43 50 B4 71 42 00 00 A8 41
1787903058.058603,34680,0e7c,12,5A 83 65 43 41 9D 83 42 00 00 B0 41
1787903058.069429,34680,0e7d,12,7E B8 5F 43 A9 1D 8D 42 00 00 B8 41
1787903058.080057,34680,0e7e,12,E5 47 59 43 DA F9 94 42 00 00 C0 41
1787903058.090618,34680,0e7f,12,E6 57 52 43 D1 E2 9A 42 00 00 C8 41
1787903058.101224,34680,0e80,12,F7 0E 4B 43 8E 9B 9E 42 00 00 D0 41
1787903058.111829,34680,0e81,12,B0 97 43 43 13 FE 9F 42 00 00 D8 41
1787903058.122482,34680,0e82,12,C6 1D 3C 43 3D FC 9E 42 00 00 E0 41
1787903058.135996,34680,0e83,12,AB CA 34 43 B0 A0 9B 42 00 00 E8 41
1787903058.146206,34680,0e84,12,FC C9 2D 43 29 0D 96 42 00 00 F0 41
1787903058.157155,34680,0e85,12,89 42 27 43 C0 7A 8E 42 00 00 F8 41
1787903058.168143,34680,0e86,12,A0 5A 21 43 C0 36 85 42 00 00 00 42
1787903058.181477,34680,0e87,12,B5 34 1C 43 74 3F 75 42 00 00 04 42
1787903058.194010,34680,0e88,12,51 ED 17 43 67 45 5E 42 00 00 08 42
1787903058.205295,34680,0e89,12,F0 9D 14 43 49 66 46 42 00 00 0C 42
1787903058.216866,34680,0e8a,12,E9 58 12 43 82 97 2E 42 00 00 10 42
1787903058.234010,34680,0e8b,12,B1 2B 11 43 13 CC 17 42 00 00 14 42
1787903058.245673,34680,0e8c,12,FE 1C 11 43 A8 EC 02 42 00 00 18 42
1787903058.256270,34680,0e8d,12,21 2D 12 43 2D 9F E1 41 00 00 1C 42
1787903058.266818,34680,0e8e,12,C6 55 14 43 E2 55 C4 41 00 00 20 42
1787903058.277454,34680,0e8f,12,F6 8A 17 43 6D 2B AF 41 00 00 24 42
1787903058.290686,34680,0e90,12,14 BA 1B 43 D8 F7 A2 41 00 00 28 42
1787903058.301107,34680,0e91,12,7C CA 20 43 AF 37 A0 41 00 00 2C 42
1787903058.311755,34680,0e92,12,1D A0 26 43 1E 06 A7 41 00 00 30 42
1787903058.322117,34680,0e93,12,39 18 2D 43 BD 1E B7 41 00 00 34 42
1787903058.332917,34680,0e94,12,F5 0E 34 43 15 DD CF 41 00 00 38 42
1787903058.343412,34680,0e95,12,9F 5B 3B 43 98 44 F0 41 00 00 3C 42
1787903058.355703,34680,0e96,12,74 D3 42 43 42 85 0B 42 00 00 40 42
1787903058.366701,34680,0e97,12,0F 4D 4A 43 C4 4F 21 42 00 00 44 42
1787903058.378248,34680,0e98,12,EE 9B 51 43 CB A6 38 42 00 00 48 42
1787903058.389488,34680,0e99,12,8E 97 58 43 7C 9A 50 42 00 00 4C 42
1787903058.406092,34680,0e9a,12,01 17 5F 43 5C 36 68 42 00 00 50 42
1787903058.416737,34680,0e9b,12,54 F4 64 43 6F 89 7E 42 00 00 54 42
1787903058.427196,34680,0e9c,12,07 0F 6A 43 30 57 89 42 00 00 58 42
1787903058.437944,34680,0e9d,12,B5 48 6E 43 5B ED 91 42 00 00 5C 42
1787903058.449040,34680,0e9e,12,F2 89 71 43 BC AE 98 42 00 00 60 42
1787903058.459852,34680,0e9f,12,88 BF 73 43 60 56 9D 42 00 00 64 42
1787903058.470250,34680,0ea0,12,B5 DC 74 43 C4 B4 9F 42 00 00 68 42
1787903058.480865,34680,0ea1,12,4C DB 74 43 D2 B1 9F 42 00 00 6C 42
1787903058.491459,34680,0ea2,12,54 BB 73 43 A8 4D 9D 42 00 00 70 42
1787903058.501939,34680,0ea3,12,0C 83 71 43 96 A0 98 42 00 00 74 42
1787903058.520947,34680,0ea4,12,44 3F 6E 43 58 DA 91 42 00 00 78 42
1787903058.531556,34680,0ea5,12,42 03 6A 43 12 40 89 42 00 00 7C 42
1787903058.542028,34680,0ea6,12,7E E6 64 43 D6 54 7E 42 00 00 80 42
1787903058.553000,34680,0ea7,12,6A 07 5F 43 7C FD 67 42 00 00 82 42
1787903058.563684,34680,0ea8,12,90 86 58 43 9C 5F 50 42 00 00 84 42
1787903058.574857,34680,0ea9,12,EA 89 51 43 43 6C 38 42 00 00 86 42
1787903058.585377,34680,0eaa,12,6D 3A 4A 43 EA 17 21 42 00 00 88 42
1787903058.595803,34680,0eab,12,9F C0 42 43 4F 52 0B 42 00 00 8A 42
1787903058.606236,34680,0eac,12,02 49 3B 43 90 EC EF 41 00 00 8C 42
1787903058.616797,34680,0ead,12,FD FC 33 43 6F 96 CF 41 00 00 8E 42
1787903058.627330,34680,0eae,12,4C 07 2D 43 4A EC B6 41 00 00 90 42
1787903058.638060,34680,0eaf,12,9C 90 26 43 E1 E9 A6 41 00 00 92 42
1787903058.648988,34680,0eb0,12,C2 BC 20 43 C6 32 A0 41 00 00 94 42
1787903058.659710,34680,0eb1,12,6E AE 1B 43 76 0A A3 41 00 00 96 42
1787903058.670222,34680,0eb2,12,A9 81 17 43 D5 54 AF 41 00 00 98 42
1787903058.680960,34680,0eb3,12,06 4F 14 43 6D 94 C4 41 00 00 9A 42
1787903058.691519,34680,0eb4,12,14 29 12 43 5D F0 E1 41 00 00 9C 42
1787903058.702142,34680,0eb5,12,BD 1B 11 43 F4 1C 03 42 00 00 9E 42
1787903058.712837,34680,0eb6,12,42 2D 11 43 26 02 18 42 00 00 A0 42
1787903058.723480,34680,0eb7,12,44 5D 12 43 34 D1 2E 42 00 00 A2 42
1787903058.733911,34680,0eb8,12,FC A4 14 43 4E A1 46 42 00 00 A4 42
1787903058.745888,34680,0eb9,12,E5 F6 17 43 63 7F 5E 42 00 00 A6 42
1787903058.756719,34680,0eba,12,9A 40 1C 43 19 76 75 42 00 00 A8 42
1787903058.767459,34680,0ebb,12,91 68 21 43 50 4F 85 42 00 00 AA 42
1787903058.778044,34680,0ebc,12,37 52 27 43 93 8F 8E 42 00 00 AC 42
1787903058.788478,34680,0ebd,12,0C DB 2D 43 69 1D 96 42 00 00 AE 42
1787903058.799363,34680,0ebe,12,BB DC 34 43 B8 AB 9B 42 00 00 B0 42
1787903058.810144,34680,0ebf,12,6F 30 3C 43 9E 01 9F 42 00 00 B2 42
1787903058.820880,34680,0ec0,12,85 AA 43 43 94 FD 9F 42 00 00 B4 42
1787903058.831747,34680,0ec1,12,8E 21 4B 43 34 95 9E 42 00 00 B6 42
1787903058.842597,34680,0ec2,12,D3 69 52 43 DE D6 9A 42 00 00 B8 42
1787903058.853313,34680,0ec3,12,C0 58 59 43 C8 E8 94 42 00 00 BA 42
1787903058.866027,34680,0ec4,12,E7 C7 5F 43 26 08 8D 42 00 00 BC 42
1787903058.876678,34680,0ec5,12,F8 90 65 43 28 84 83 42 00 00 BE 42
1787903058.887601,34680,0ec6,12,E2 93 6A 43 F3 7C 71 42 00 00 C0 42
1787903058.902668,34680,0ec7,12,2E B3 6E 43 1C 4A 5A 42 00 00 C2 42
1787903058.914222,34680,0ec8,12,E3 D6 71 43 96 5C 42 42 00 00 C4 42
1787903058.924688,34680,0ec9,12,98 ED 73 43 6E AA 2A 42 00 00 C6 42
1787903058.935441,34680,0eca,12,DE EA 74 43 D3 21 14 42 00 00 C8 42
1787903058.945833,34680,0ecb,12,38 C9 74 43 47 55 FF 41 00 00 CA 42
1787903058.956799,34680,0ecc,12,40 89 73 43 8C 2B DC 41 00 00 CC 42
1787903058.967359,34680,0ecd,12,72 32 71 43 5D 2D C0 41 00 00 CE 42
1787903058.978212,34680,0ece,12,C5 D1 6D 43 A8 79 AC 41 00 00 D0 42
1787903058.989228,34680,0ecf,12,56 7B 69 43 74 D6 A1 41 00 00 D2 42
1787903058.999680,34680,0ed0,12,30 47 64 43 35 B2 A0 41 00 00 D4 42
1787903059.010889,34680,0ed1,12,A7 53 5E 43 93 18 A9 41 00 00 D6 42
1787903059.021271,34680,0ed2,12,AC C3 57 43 D0 B3 BA 41 00 00 D8 42
1787903059.031779,34680,0ed3,12,9E BB 50 43 DE CD D4 41 00 00 DA 42
1787903059.042310,34680,0ed4,12,5C 65 49 43 60 60 F6 41 00 00 DC 42
1787903059.052742,34680,0ed5,12,92 E9 41 43 79 09 0F 42 00 00 DE 42
1787903059.063509,34680,0ed6,12,08 74 3A 43 30 28 25 42 00 00 E0 42
1787903059.074059,34680,0ed7,12,64 30 33 43 8D AA 3C 42 00 00 E2 42
1787903059.084577,34680,0ed8,12,E8 46 2C 43 BC 9E 54 42 00 00 E4 42
1787903059.095233,34680,0ed9,12,BE E0 25 43 F8 13 6C 42 00 00 E6 42
1787903059.106011,34680,0eda,12,5D 21 20 43 7A 0C 81 42 00 00 E8 42
1787903059.116658,34680,0edb,12,86 2A 1B 43 76 E6 8A 42 00 00 EA 42
1787903059.127261,34680,0edc,12,25 19 17 43 63 33 93 42 00 00 EC 42
1787903059.137804,34680,0edd,12,C7 03 14 43 1B 9E 99 42 00 00 EE 42
1787903059.148851,34680,0ede,12,C8 FC 11 43 1F E6 9D 42 00 00 A0 41
1787903059.159747,34680,0edf,12,64 0F 11 43 27 DF 9F 42 00 00 A8 41
1787903059.170784,34680,0ee0,12,35 41 11 43 11 75 9F 42 00 00 B0 41
1787903059.181420,34680,0ee1,12,EC 90 12 43 16 AC 9C 42 00 00 B8 41
1787903059.191844,34680,0ee2,12,42 F7 14 43 20 A1 97 42 00 00 C0 41
1787903059.215454,34680,0ee3,12,F0 65 18 43 DE 86 90 42 00 00 C8 41
1787903059.226337,34680,0ee4,12,EC C9 1C 43 1E A6 87 42 00 00 D0 41
1787903059.236926,34680,0ee5,12,AA 09 22 43 FC B2 7A 42 00 00 D8 41
1787903059.247330,34680,0ee6,12,52 06 28 43 3E 14 64 42 00 00 E0 41
1787903059.257770,34680,0ee7,12,B2 9E 2E 43 C4 58 4C 42 00 00 E8 41
1787903059.268297,34680,0ee8,12,87 AB 35 43 18 6F 34 42 00 00 F0 41
1787903059.278703,34680,0ee9,12,BC 05 3D 43 24 4D 1D 42 00 00 F8 41
1787903059.289229,34680,0eea,12,52 82 44 43 05 DF 07 42 00 00 00 42
1787903059.303889,34680,0eeb,12,75 F5 4B 43 F0 FE E9 41 00 00 04 42
1787903059.315075,34680,0eec,12,DB 35 53 43 68 E0 CA 41 00 00 08 42
1787903059.327892,34680,0eed,12,54 18 5A 43 3D 9B B3 41 00 00 0C 42
1787903059.340294,34680,0eee,12,B9 76 60 43 A9 1F A5 41 00 00 10 42
1787903059.351858,34680,0eef,12,AB 2B 66 43 80 01 A0 41 00 00 14 42
1787903059.362592,34680,0ef0,12,E0 15 6B 43 00 75 A4 41 00 00 18 42
1787903059.373480,34680,0ef1,12,1C 1A 6F 43 49 4B B2 41 00 00 1C 42
1787903059.384272,34680,0ef2,12,72 20 72 43 46 F9 C8 41 00 00 20 42
1787903059.395668,34680,0ef3,12,1E 18 74 43 C1 96 E7 41 00 00 24 42
1787903059.406797,34680,0ef4,12,72 F5 74 43 9E 75 06 42 00 00 28 42
1787903059.418006,34680,0ef5,12,8B B3 74 43 D7 BC 1B 42 00 00 2C 42
1787903059.428874,34680,0ef6,12,D6 53 73 43 03 C6 32 42 00 00 30 42
1787903059.439464,34680,0ef7,12,82 DE 70 43 96 A9 4A 42 00 00 34 42
1787903059.450030,34680,0ef8,12,2E 61 6D 43 FC 71 62 42 00 00 38 42
1787903059.460498,34680,0ef9,12,20 F0 68 43 74 2C 79 42 00 00 3C 42
1787903059.471113,34680,0efa,12,7A A5 63 43 80 F8 86 42 00 00 40 42
1787903059.481761,34680,0efb,12,91 9E 5D 43 2F F5 8F 42 00 00 44 42
1787903059.492533,34680,0efc,12,48 FF 56 43 F2 31 97 42 00 00 48 42
1787903059.503432,34680,0efd,12,55 EC 4F 43 26 64 9C 42 00 00 4C 42
1787903059.514049,34680,0efe,12,0F 8F 48 43 C3 56 9F 42 00 00 50 42
1787903059.524920,34680,0eff,12,99 12 41 43 B1 EB 9F 42 00 00 54 42
1787903059.535815,34680,0f00,12,72 A0 39 43 3C 1D 9E 42 00 00 58 42
1787903059.546593,34680,0f01,12,EF 64 32 43 8D FD 99 42 00 00 5C 42
1787903059.557106,34680,0f02,12,29 88 2B 43 C7 B6 93 42 00 00 60 42
1787903059.567701,34680,0f03,12,59 32 25 43 FB 88 8B 42 00 00 64 42
1787903059.578292,34680,0f04,12,7E 88 1F 43 A4 C7 81 42 00 00 68 42
1787903059.588872,34680,0f05,12,FB A9 1A 43 74 AE 6D 42 00 00 6C 42
1787903059.599458,34680,0f06,12,CE B3 16 43 60 4B 56 42 00 00 70 42
1787903059.609979,34680,0f07,12,EE BB 13 43 64 56 3E 42 00 00 74 42
1787903059.620373,34680,0f08,12,E1 D3 11 43 08 C4 26 42 00 00 78 42
1787903059.637975,34680,0f09,12,A7 06 11 43 E7 84 10 42 00 00 7C 42
1787903059.648794,34680,0f0a,12,B0 58 11 43 10 FB F8 41 00 00 80 42
1787903059.660307,34680,0f0b,12,13 C8 12 43 79 EE D6 41 00 00 82 42
1787903059.670821,34680,0f0c,12,DD 4C 15 43 E7 42 BC 41 00 00 84 42
1787903059.681194,34680,0f0d,12,7A D8 18 43 96 08 AA 41 00 00 86 42
1787903059.691731,34680,0f0e,12,02 56 1D 43 92 F9 A0 41 00 00 88 42
1787903059.702318,34680,0f0f,12,91 AC 22 43 E8 71 A1 41 00 00 8A 42
1787903059.712922,34680,0f10,12,5F BC 28 43 E0 6C AB 41 00 00 8C 42
1787903059.723609,34680,0f11,12,D2 63 2F 43 F1 84 BE 41 00 00 8E 42
1787903059.734201,34680,0f12,12,0B 7C 36 43 36 F7 D9 41 00 00 90 42
1787903059.744662,34680,0f13,12,79 DB 3D 43 87 AB FC 41 00 00 92 42
1787903059.755007,34680,0f14,12,3B 59 45 43 28 9E 12 42 00 00 94 42
1787903059.774205,34680,0f15,12,B7 C8 4C 43 E8 08 29 42 00 00 96 42
1787903059.784916,34680,0f16,12,B7 00 54 43 BA AF 40 42 00 00 98 42
1787903059.796069,34680,0f17,12,ED D6 5A 43 32 A1 58 42 00 00 9A 42
1787903059.806957,34680,0f18,12,6A 23 61 43 EC E8 6F 42 00 00 9C 42
1787903059.817647,34680,0f19,12,42 C3 66 43 D6 CB 82 42 00 00 9E 42
1787903059.829358,34680,0f1a,12,F9 94 6B 43 C1 69 8C 42 00 00 A0 42
1787903059.840107,34680,0f1b,12,D8 7D 6F 43 2C 6B 94 42 00 00 A2 42
1787903059.850935,34680,0f1c,12,D8 66 72 43 5E 7E 9A 42 00 00 A4 42
1787903059.862309,34680,0f1d,12,18 3F 74 43 58 65 9E 42 00 00 A6 42
1787903059.873363,34680,0f1e,12,5F FC 74 43 3B F8 9F 42 00 00 A8 42
1787903059.884010,34680,0f1f,12,47 9A 74 43 38 27 9F 42 00 00 AA 42
1787903059.894328,34680,0f20,12,EF 1A 73 43 6A FA 9B 42 00 00 AC 42
1787903059.905028,34680,0f21,12,EE 86 70 43 3C 92 96 42 00 00 AE 42
1787903059.915853,34680,0f22,12,87 ED 6C 43 DE 25 8F 42 00 00 B0 42
1787903059.926372,34680,0f23,12,AB 62 68 43 DB 01 86 42 00 00 B2 42
1787903059.939044,34680,0f24,12,67 01 63 43 26 04 77 42 00 00 B4 42
1787903059.950517,34680,0f25,12,8E E7 5C 43 B0 24 60 42 00 00 B6 42
1787903059.961274,34680,0f26,12,BA 38 56 43 CA 4E 48 42 00 00 B8 42
1787903059.972000,34680,0f27,12,1C 1C 4F 43 BF 75 30 42 00 00 BA 42
1787903059.983025,34680,0f28,12,21 B9 47 43 B6 8E 19 42 00 00 BC 42
1787903059.993727,34680,0f29,12,C4 3B 40 43 E3 7F 04 42 00 00 BE 42
1787903060.004384,34680,0f2a,12,89 CD 38 43 18 44 E4 41 00 00 C0 42
1787903060.014835,34680,0f2b,12,F3 99 31 43 54 61 C6 41 00 00 C2 42
1787903060.025442,34680,0f2c,12,1B CB 2A 43 88 88 B0 41 00 00 C4 42
1787903060.035923,34680,0f2d,12,BF 86 24 43 57 99 A3 41 00 00 C6 42
1787903060.046679,34680,0f2e,12,2F F2 1E 43 C3 15 A0 41 00 00 C8 42
1787903060.057240,34680,0f2f,12,5A 2C 1A 43 08 23 A6 41 00 00 CA 42
1787903060.067954,34680,0f30,12,50 51 16 43 60 83 B5 41 00 00 CC 42
1787903060.078462,34680,0f31,12,7E 77 13 43 DA 99 CD 41 00 00 CE 42
1787903060.089152,34680,0f32,12,B0 AE 11 43 D4 6D ED 41 00 00 D0 42
1787903060.099669,34680,0f33,12,86 01 11 43 B2 DF 09 42 00 00 D2 42
1787903060.110279,34680,0f34,12,C1 73 11 43 9C 82 1F 42 00 00 D4 42
1787903060.121262,34680,0f35,12,EF 02 13 43 CF C2 36 42 00 00 D6 42
1787903060.144058,34680,0f36,12,C6 A5 15 43 F8 B2 4E 42 00 00 D8 42
1787903060.154986,34680,0f37,12,A8 4D 19 43 F0 5C 66 42 00 00 DA 42
1787903060.165726,34680,0f38,12,D0 E4 1D 43 DC D2 7C 42 00 00 DC 42
1787903060.176418,34680,0f39,12,CE 51 23 43 CC 96 88 42 00 00 DE 42
1787903060.186929,34680,0f3a,12,FE 74 29 43 B3 4E 91 42 00 00 E0 42
1787903060.197353,34680,0f3b,12,5C 2A 30 43 24 38 98 42 00 00 E2 42
1787903060.208783,34680,0f3c,12,B6 4C 37 43 48 0C 9D 42 00 00 E4 42
1787903060.219293,34680,0f3d,12,94 B1 3E 43 95 9A 9F 42 00 00 E6 42
1787903060.229915,34680,0f3e,12,F8 2F 46 43 80 C8 9F 42 00 00 E8 42
1787903060.243746,34680,0f3f,12,08 9C 4D 43 34 94 9D 42 00 00 EA 42
1787903060.254354,34680,0f40,12,58 CA 54 43 30 14 99 42 00 00 EC 42
1787903060.264822,34680,0f41,12,1C 93 5B 43 FC 76 92 42 00 00 EE 42
1787903060.275389,34680,0f42,12,ED CD 61 43 11 FF 89 42 00 00 A0 41
1787903060.285784,34680,0f43,12,44 58 67 43 51 03 80 42 00 00 A8 41
1787903060.296236,34680,0f44,12,95 11 6C 43 44 D3 69 42 00 00 B0 41
1787903060.306700,34680,0f45,12,5E DE 6F 43 A4 46 52 42 00 00 B8 41
1787903060.317131,34680,0f46,12,8E A9 72 43 FD 52 3A 42 00 00 C0 41
1787903060.327660,34680,0f47,12,82 62 74 43 10 E9 22 42 00 00 C8 41
1787903060.338194,34680,0f48,12,B0 FF 74 43 B6 F9 0C 42 00 00 D0 41
1787903060.348666,34680,0f49,12,50 7D 74 43 AC C9 F2 41 00 00 D8 41
1787903060.359379,34680,0f4a,12,8D DE 72 43 9C E4 D1 41 00 00 E0 41
1787903060.371086,34680,0f4b,12,60 2C 70 43 A7 95 B8 41 00 00 E8 41
1787903060.381698,34680,0f4c,12,D8 76 6C 43 2F DB A7 41 00 00 F0 41
1787903060.392777,34680,0f4d,12,82 D2 67 43 3E 62 A0 41 00 00 F8 41
1787903060.403306,34680,0f4e,12,69 5A 62 43 1A 77 A2 41 00 00 00 42
1787903060.413790,34680,0f4f,12,AC 2E 5C 43 84 04 AE 41 00 00 04 42
1787903060.425847,34680,0f50,12,7F 71 55 43 A0 92 C2 41 00 00 08 42
1787903060.436407,34680,0f51,12,04 4B 4E 43 D3 52 DF 41 00 00 0C 42
1787903060.446968,34680,0f52,12,DC E2 46 43 32 8F 01 42 00 00 10 42
1787903060.457839,34680,0f53,12,5B 64 3F 43 FA 43 16 42 00 00 14 42
1787903060.468681,34680,0f54,12,5C FB 37 43 68 F4 2C 42 00 00 18 42
1787903060.480412,34680,0f55,12,F5 D0 30 43 04 B7 44 42 00 00 1C 42
1787903060.491917,34680,0f56,12,CE 0F 2A 43 FB 9C 5C 42 00 00 20 42
1787903060.514777,34680,0f57,12,58 DD 23 43 8C B0 73 42 00 00 24 42
1787903060.528883,34680,0f58,12,F2 5D 1E 43 15 83 84 42 00 00 28 42
1787903060.539739,34680,0f59,12,AC B1 19 43 09 E2 8D 42 00 00 2C 42
1787903060.551112,34680,0f5a,12,6A F2 15 43 F5 94 95 42 00 00 30 42
1787903060.562362,34680,0f5b,12,7E 36 13 43 75 4E 9B 42 00 00 34 42
1787903060.572935,34680,0f5c,12,10 8D 11 43 70 D3 9E 42 00 00 38 42
1787903060.584810,34680,0f5d,12,03 00 11 43 F9 FF 9F 42 00 00 3C 42
1787903060.595205,34680,0f5e,12,66 92 11 43 14 C8 9E 42 00 00 40 42
1787903060.605588,34680,0f5f,12,0E 41 13 43 90 38 9B 42 00 00 44 42
1787903060.615888,34680,0f60,12,F5 01 16 43 34 75 95 42 00 00 48 42
1787903060.626346,34680,0f61,12,D9 C5 19 43 06 B9 8D 42 00 00 4C 42
1787903060.644113,34680,0f62,12,D6 76 1E 43 FA 52 84 42 00 00 50 42
1787903060.655184,34680,0f63,12,55 F9 23 43 FA 45 73 42 00 00 54 42
1787903060.666265,34680,0f64,12,CC 2E 2A 43 27 2E 5C 42 00 00 58 42
1787903060.679747,34680,0f65,12,42 F2 30 43 99 46 44 42 00 00 5C 42
1787903060.690190,34680,0f66,12,3A 1E 38 43 0E 85 2C 42 00 00 60 42
1787903060.700619,34680,0f67,12,C6 88 3F 43 02 DC 15 42 00 00 64 42
1787903060.711027,34680,0f68,12,7A 06 47 43 C0 32 01 42 00 00 68 42
1787903060.721581,34680,0f69,12,D0 6D 4E 43 E4 BA DE 41 00 00 6C 42
1787903060.732061,34680,0f6a,12,B0 92 55 43 AC 1E C2 41 00 00 70 42
1787903060.742678,34680,0f6b,12,83 4D 5C 43 E8 B7 AD 41 00 00 74 42
1787903060.753186,34680,0f6c,12,D2 76 62 43 D5 56 A2 41 00 00 78 42
1787903060.763609,34680,0f6d,12,A5 EA 67 43 98 6F A0 41 00 00 7C 42
1787903060.774111,34680,0f6e,12,C5 8A 6C 43 AA 14 A8 41 00 00 80 42
1787903060.784881,34680,0f6f,12,A6 3B 70 43 31 F9 B8 41 00 00 82 42
1787903060.795527,34680,0f70,12,D3 E8 72 43 87 70 D2 41 00 00 84 42
1787903060.806131,34680,0f71,12,78 82 74 43 BD 76 F3 41 00 00 86 42
1787903060.816575,34680,0f72,12,63 FF 74 43 5E 5D 0D 42 00 00 88 42
1787903060.827540,34680,0f73,12,E0 5C 74 43 15 54 23 42 00 00 8A 42
1787903060.838520,34680,0f74,12,B6 9E 72 43 BF C2 3A 42 00 00 8C 42
1787903060.849156,34680,0f75,12,8E CE 6F 43 8B B8 52 42 00 00 8E 42
1787903060.860044,34680,0f76,12,B7 FC 6B 43 E9 40 6A 42 00 00 90 42
1787903060.870828,34680,0f77,12,B1 3F 67 43 D3 35 80 42 00 00 92 42
1787903060.882993,34680,0f78,12,C0 B1 61 43 86 2A 8A 42 00 00 94 42
1787903060.893874,34680,0f79,12,F7 73 5B 43 7B 9A 92 42 00 00 96 42
1787903060.904619,34680,0f7a,12,EF A8 54 43 C0 2E 99 42 00 00 98 42
1787903060.915154,34680,0f7b,12,56 78 4D 43 2D A4 9D 42 00 00 9A 42
1787903060.925721,34680,0f7c,12,4F 0C 46 43 40 CD 9F 42 00 00 9C 42
1787903060.937093,34680,0f7d,12,FC 8D 3E 43 08 94 9F 42 00 00 9E 42
1787903060.947502,34680,0f7e,12,FC 29 37 43 C2 FA 9C 42 00 00 A0 42
1787903060.958459,34680,0f7f,12,47 09 30 43 E4 1B 98 42 00 00 A2 42
1787903060.969234,34680,0f80,12,A2 55 29 43 24 29 91 42 00 00 A4 42
1787903060.979755,34680,0f81,12,32 36 23 43 6C 69 88 42 00 00 A6 42
1787903060.990645,34680,0f82,12,E7 CC 1D 43 C8 6D 7C 42 00 00 A8 42
1787903061.001526,34680,0f83,12,FA 39 19 43 14 F0 65 42 00 00 AA 42
1787903061.012039,34680,0f84,12,C6 96 15 43 CC 40 4E 42 00 00 AC 42
1787903061.022599,34680,0f85,12,BB F8 12 43 AF 51 36 42 00 00 AE 42
1787903061.034408,34680,0f86,12,02 6F 11 43 0C 17 1F 42 00 00 B0 42
1787903061.044953,34680,0f87,12,20 02 11 43 95 7F 09 42 00 00 B2 42
1787903061.055358,34680,0f88,12,9F B4 11 43 A4 C8 EC 41 00 00 B4 42
1787903061.065872,34680,0f89,12,A0 82 13 43 17 14 CD 41 00 00 B6 42
1787903061.076360,34680,0f8a,12,BF 61 16 43 22 25 B5 41 00 00 B8 42
1787903061.086698,34680,0f8b,12,04 41 1A 43 10 F0 A5 41 00 00 BA 42
1787903061.097073,34680,0f8c,12,FA 0A 1F 43 2F 10 A0 41 00 00 BC 42
1787903061.107581,34680,0f8d,12,1B A3 24 43 8E C0 A3 41 00 00 BE 42
1787903061.117945,34680,0f8e,12,65 EA 2A 43 56 DC B0 41 00 00 C0 42
1787903061.128414,34680,0f8f,12,32 BC 31 43 BD DD C6 41 00 00 C2 42
1787903061.139025,34680,0f90,12,86 F0 38 43 25 E4 E4 41 00 00 C4 42
1787903061.149452,34680,0f91,12,72 5F 40 43 FD DC 04 42 00 00 C6 42
1787903061.159793,34680,0f92,12,B2 DC 47 43 7E F6 19 42 00 00 C8 42
1787903061.170258,34680,0f93,12,C4 3E 4F 43 E8 E5 30 42 00 00 CA 42
1787903061.180856,34680,0f94,12,6A 5A 56 43 21 C1 48 42 00 00 CC 42
1787903061.191389,34680,0f95,12,17 06 5D 43 A5 94 60 42 00 00 CE 42
1787903061.211761,34680,0f96,12,D3 1C 63 43 8B 6B 77 42 00 00 D0 42
1787903061.222681,34680,0f97,12,5C 7A 68 43 20 30 86 42 00 00 D2 42
1787903061.233808,34680,0f98,12,F4 00 6D 43 85 4D 8F 42 00 00 D4 42
1787903061.244506,34680,0f99,12,FB 95 70 43 EA B0 96 42 00 00 D6 42
1787903061.255966,34680,0f9a,12,A1 24 73 43 E5 0E 9C 42 00 00 D8 42
1787903061.266624,34680,0f9b,12,BA 9E 74 43 88 30 9F 42 00 00 DA 42
1787903061.277502,34680,0f9c,12,79 FB 74 43 57 F6 9F 42 00 00 DC 42
1787903061.287812,34680,0f9d,12,DD 38 74 43 1C 58 9E 42 00 00 DE 42
1787903061.298287,34680,0f9e,12,2D 5B 72 43 59 66 9A 42 00 00 E0 42
1787903061.308854,34680,0f9f,12,7F 6D 6F 43 52 49 94 42 00 00 E2 42
1787903061.319391,34680,0fa0,12,10 80 6B 43 1F 40 8C 42 00 00 E4 42
1787903061.332117,34680,0fa1,12,40 AA 66 43 86 9B 82 42 00 00 E6 42
1787903061.342938,34680,0fa2,12,E0 06 61 43 05 7D 6F 42 00 00 E8 42
1787903061.354395,34680,0fa3,12,CE B6 5A 43 ED 2F 58 42 00 00 EA 42
1787903061.365663,34680,0fa4,12,18 DF 53 43 9C 3D 40 42 00 00 EC 42
1787903061.376529,34680,0fa5,12,AA A5 4C 43 4E 9C 28 42 00 00 EE 42
1787903061.388400,34680,0fa6,12,89 35 45 43 86 39 12 42 00 00 A0 41
1787903061.399347,34680,0fa7,12,EF B7 3D 43 45 F7 FB 41 00 00 A8 41
1787903061.410176,34680,0fa8,12,B5 58 36 43 80 62 D9 41 00 00 B0 41
1787903061.420713,34680,0fa9,12,F8 42 2F 43 B6 15 BE 41 00 00 B8 41
1787903061.431354,34680,0faa,12,FE 9D 28 43 B2 28 AB 41 00 00 C0 41
1787903061.441971,34680,0fab,12,57 91 22 43 AC 59 A1 41 00 00 C8 41
1787903061.452745,34680,0fac,12,8B 3E 1D 43 95 0E A1 41 00 00 D0 41
1787903061.463170,34680,0fad,12,E2 C4 18 43 6C 4A AA 41 00 00 D8 41
1787903061.473653,34680,0fae,12,6A 3E 15 43 F0 AE BC 41 00 00 E0 41
1787903061.484327,34680,0faf,12,AC BE 12 43 01 7E D7 41 00 00 E8 41
1787903061.494948,34680,0fb0,12,8A 54 11 43 24 AA F9 41 00 00 F0 41
1787903061.506370,34680,0fb1,12,DA 07 11 43 63 EA 10 42 00 00 F8 41
1787903061.522070,34680,0fb2,12,8C DA 11 43 F6 31 27 42 00 00 00 42
1787903061.533878,34680,0fb3,12,A1 C7 13 43 60 C8 3E 42 00 00 04 42
1787903061.544492,34680,0fb4,12,6C C4 16 43 04 BB 56 42 00 00 08 42
1787903061.555928,34680,0fb5,12,22 BF 1A 43 2A 19 6E 42 00 00 0C 42
1787903061.567534,34680,0fb6,12,B6 A1 1F 43 38 F9 81 42 00 00 10 42
1787903061.578374,34680,0fb7,12,B2 4F 25 43 EA B3 8B 42 00 00 14 42
1787903061.589028,34680,0fb8,12,BC A7 2B 43 5B D9 93 42 00 00 18 42
1787903061.600992,34680,0fb9,12,A8 86 32 43 FD 15 9A 42 00 00 1C 42
1787903061.611895,34680,0fba,12,8D C3 39 43 20 2B 9E 42 00 00 20 42
1787903061.623409,34680,0fbb,12,4E 36 41 43 86 EE 9F 42 00 00 24 42
1787903061.638641,34680,0fbc,12,57 B3 48 43 31 4E 9F 42 00 00 28 42
1787903061.652619,34680,0fbd,12,D6 0E 50 43 85 50 9C 42 00 00 2C 42
1787903061.667426,34680,0fbe,12,03 20 57 43 88 14 97 42 00 00 30 42
1787903061.677981,34680,0fbf,12,C9 BC 5D 43 D5 CE 8F 42 00 00 34 42
1787903061.688777,34680,0fc0,12,82 C0 63 43 FB C9 86 42 00 00 38 42
1787903061.700532,34680,0fc1,12,DE 07 69 43 11 C4 78 42 00 00 3C 42
1787903061.712202,34680,0fc2,12,19 74 6D 43 68 02 62 42 00 00 40 42
1787903061.723167,34680,0fc3,12,AF EC 70 43 25 39 4A 42 00 00 44 42
1787903061.733774,34680,0fc4,12,F4 5C 73 43 5B 57 32 42 00 00 48 42
1787903061.744593,34680,0fc5,12,65 B7 74 43 A4 52 1B 42 00 00 4C 42
1787903061.760642,34680,0fc6,12,EA F3 74 43 F4 15 06 42 00 00 50 42
1787903061.771991,34680,0fc7,12,4C 11 74 43 21 F4 E6 41 00 00 54 42
1787903061.782480,34680,0fc8,12,75 14 72 43 EA 7B C8 41 00 00 58 42
1787903061.792959,34680,0fc9,12,3A 09 6F 43 88 F5 B1 41 00 00 5C 42
1787903061.803414,34680,0fca,12,7B 00 6B 43 8C 49 A4 41 00 00 60 42
1787903061.813766,34680,0fcb,12,AE 11 66 43 87 03 A0 41 00 00 64 42
1787903061.824237,34680,0fcc,12,D3 59 60 43 14 4F A5 41 00 00 68 42
1787903061.834727,34680,0fcd,12,9D F8 59 43 A9 F4 B3 41 00 00 6C 42
1787903061.845221,34680,0fce,12,09 14 53 43 0E 61 CB 41 00 00 70 42
1787903061.855679,34680,0fcf,12,4C D2 4B 43 64 A4 EA 41 00 00 74 42
1787903061.866161,34680,0fd0,12,D3 5D 44 43 C7 3F 08 42 00 00 78 42
1787903061.876498,34680,0fd1,12,44 E2 3C 43 13 B8 1D 42 00 00 7C 42
1787903061.887415,34680,0fd2,12,1A 89 35 43 17 DE 34 42 00 00 80 42
1787903061.899343,34680,0fd3,12,16 7E 2E 43 26 C9 4C 42 00 00 82 42
1787903061.910020,34680,0fd4,12,43 E8 27 43 5B 83 64 42 00 00 84 42
1787903061.921091,34680,0fd5,12,3E EE 21 43 87 1A 7B 42 00 00 86 42
1787903061.932259,34680,0fd6,12,EA B2 1C 43 0A D4 87 42 00 00 88 42
1787903061.948070,34680,0fd7,12,46 53 18 43 7C AC 90 42 00 00 8A 42
1787903061.958985,34680,0fd8,12,5C E9 14 43 B0 BD 97 42 00 00 8C 42
1787903061.969634,34680,0fd9,12,19 88 12 43 C3 BE 9C 42 00 00 8E 42
1787903061.980256,34680,0fda,12,94 3D 11 43 A2 7C 9F 42 00 00 90 42
1787903061.990847,34680,0fdb,12,31 11 11 43 50 DB 9F 42 00 00 92 42
1787903062.001369,34680,0fdc,12,E5 03 12 43 46 D7 9D 42 00 00 94 42
1787903062.011831,34680,0fdd,12,0B 10 14 43 C7 84 99 42 00 00 96 42
1787903062.023009,34680,0fde,12,4A 2A 17 43 02 10 93 42 00 00 98 42
1787903062.034033,34680,0fdf,12,A2 40 1B 43 DE BA 8A 42 00 00 9A 42
1787903062.044835,34680,0fe0,12,02 3B 20 43 67 DA 80 42 00 00 9C 42
1787903062.055753,34680,0fe1,12,D1 FD 25 43 A5 A8 6B 42 00 00 9E 42
1787903062.066854,34680,0fe2,12,C2 66 2C 43 DF 2E 54 42 00 00 A0 42
1787903062.077677,34680,0fe3,12,4E 52 33 43 BE 38 3C 42 00 00 A2 42
1787903062.088070,34680,0fe4,12,04 98 3A 43 D6 BA 24 42 00 00 A4 42
1787903062.098569,34680,0fe5,12,4B 0D 42 43 F0 A4 0E 42 00 00 A6 42
1787903062.109053,34680,0fe6,12,CB 88 49 43 D4 B3 F5 41 00 00 A8 42
1787903062.119503,34680,0fe7,12,F6 DD 50 43 6D 41 D4 41 00 00 AA 42
1787903062.130110,34680,0fe8,12,28 E4 57 43 5C 4B BA 41 00 00 AC 42
1787903062.140532,34680,0fe9,12,34 72 5E 43 9F DA A8 41 00 00 AE 42
1787903062.151070,34680,0fea,12,D2 61 64 43 3A A1 A0 41 00 00 B0 42
1787903062.161850,34680,0feb,12,1D 92 69 43 A4 F2 A1 41 00 00 B2 42
1787903062.172756,34680,0fec,12,2E E4 6D 43 9F C1 AC 41 00 00 B4 42
1787903062.183536,34680,0fed,12,12 40 71 43 1C A0 C0 41 00 00 B6 42
1787903062.194497,34680,0fee,12,F8 91 73 43 4E C3 DC 41 00 00 B8 42
1787903062.213302,34680,0fef,12,79 CC 74 43 00 06 00 42 00 00 BA 42
1787903062.225198,34680,0ff0,12,C3 E8 74 43 54 87 14 42 00 00 BC 42
1787903062.235819,34680,0ff1,12,2F E6 73 43 89 17 2B 42 00 00 BE 42
1787903062.246695,34680,0ff2,12,56 CA 71 43 D0 CE 42 42 00 00 C0 42
1787903062.257166,34680,0ff3,12,65 A1 6E 43 15 BB 5A 42 00 00 C2 42
1787903062.268260,34680,0ff4,12,02 7E 6A 43 2B E8 71 42 00 00 C4 42
1787903062.278732,34680,0ff5,12,1E 77 65 43 F4 B3 83 42 00 00 C6 42
1787903062.289018,34680,0ff6,12,A8 AA 5F 43 1C 31 8D 42 00 00 C8 42
1787903062.299495,34680,0ff7,12,C4 38 59 43 CF 09 95 42 00 00 CA 42
1787903062.310696,34680,0ff8,12,12 47 52 43 F8 ED 9A 42 00 00 CC 42
1787903062.321182,34680,0ff9,12,4A FE 4A 43 74 A1 9E 42 00 00 CE 42
1787903062.337052,34680,0ffa,12,CB 86 43 43 79 FE 9F 42 00 00 D0 42
1787903062.347886,34680,0ffb,12,0A 0D 3C 43 53 F7 9E 42 00 00 D2 42
1787903062.358875,34680,0ffc,12,79 BA 34 43 4C 96 9B 42 00 00 D4 42
1787903062.369549,34680,0ffd,12,FB B9 2D 43 E3 FD 95 42 00 00 D6 42
1787903062.380754,34680,0ffe,12,7C 34 27 43 34 67 8E 42 00 00 D8 42
1787903062.394496,34680,0fff,12,22 4E 21 43 7C 20 85 42 00 00 DA 42
1787903062.406198,34680,1000,12,0E 2A 1C 43 F0 0D 75 42 00 00 DC 42
1787903062.420563,34680,1001,12,BF E4 17 43 09 0F 5E 42 00 00 DE 42
1787903062.431072,34680,1002,12,58 97 14 43 F9 2E 46 42 00 00 E0 42
1787903062.441537,34680,1003,12,06 55 12 43 74 61 2E 42 00 00 E2 42
1787903062.452026,34680,1004,12,4F 2A 11 43 26 9B 17 42 00 00 E4 42
1787903062.462645,34680,1005,12,24 1E 11 43 FB C0 02 42 00 00 E6 42
1787903062.473073,34680,1006,12,C8 30 12 43 3B 53 E1 41 00 00 E8 42
1787903062.483423,34680,1007,12,22 5C 14 43 6F 1B C4 41 00 00 EA 42
1787903062.493984,34680,1008,12,54 93 17 43 CF 04 AF 41 00 00 EC 42
1787903062.504496,34680,1009,12,8B C4 1B 43 2D E7 A2 41 00 00 EE 42
1787903062.515043,34680,100a,12,D0 D6 20 43 53 3C A0 41 00 00 A0 41
1787903062.525464,34680,100b,12,08 AE 26 43 C9 20 A7 41 00 00 A8 41
1787903062.535868,34680,100c,12,1F 28 2D 43 35 4E B7 41 00 00 B0 41
1787903062.546308,34680,100d,12,16 1F 34 43 76 1F D0 41 00 00 B8 41
1787903062.556915,34680,100e,12,52 6C 3B 43 6E 94 F0 41 00 00 C0 41
1787903062.567591,34680,100f,12,5A E4 42 43 70 B3 0B 42 00 00 C8 41
1787903062.578056,34680,1010,12,C6 5D 4A 43 25 84 21 42 00 00 D0 41
1787903062.593187,34680,1011,12,D5 AC 51 43 AA DD 38 42 00 00 D8 41
1787903062.603825,34680,1012,12,CA A6 58 43 A8 D1 50 42 00 00 E0 41
1787903062.614375,34680,1013,12,FA 24 5F 43 D4 69 68 42 00 00 E8 41
1787903062.624950,34680,1014,12,BA 00 65 43 05 B9 7E 42 00 00 F0 41
1787903062.635780,34680,1015,12,92 19 6A 43 D3 6C 89 42 00 00 F8 41
1787903062.651410,34680,1016,12,8C 51 6E 43 23 FF 91 42 00 00 00 42
1787903062.662826,34680,1017,12,1C 90 71 43 F4 BB 98 42 00 00 04 42
1787903062.673678,34680,1018,12,47 C3 73 43 3A 5E 9D 42 00 00 08 42
1787903062.684150,34680,1019,12,F3 DD 74 43 63 B7 9F 42 00 00 0C 42
1787903062.694513,34680,101a,12,02 DA 74 43 02 AF 9F 42 00 00 10 42
1787903062.705016,34680,101b,12,5C B7 73 43 6F 45 9D 42 00 00 14 42
1787903062.715873,34680,101c,12,D6 7C 71 43 48 93 98 42 00 00 18 42
1787903062.726864,34680,101d,12,C7 36 6E 43 18 C9 91 42 00 00 1C 42
1787903062.739588,34680,101e,12,AF F8 69 43 1C 2B 89 42 00 00 20 42
1787903062.750444,34680,101f,12,11 DA 64 43 7D 23 7E 42 00 00 24 42
1787903062.763010,34680,1020,12,C4 F8 5E 43 28 C8 67 42 00 00 28 42
1787903062.776287,34680,1021,12,4E 77 58 43 6C 28 50 42 00 00 2C 42
1787903062.786935,34680,1022,12,BE 79 51 43 47 37 38 42 00 00 30 42
1787903062.799054,34680,1023,12,B4 29 4A 43 5F E5 20 42 00 00 34 42
1787903062.815329,34680,1024,12,B9 AF 42 43 9C 22 0B 42 00 00 38 42
1787903062.826087,34680,1025,12,8C 37 3B 43 33 9A EF 41 00 00 3C 42
1787903062.837226,34680,1026,12,E0 EC 33 43 64 54 CF 41 00 00 40 42
1787903062.847906,34680,1027,12,20 F8 2C 43 C9 BE B6 41 00 00 44 42
1787903062.858461,34680,1028,12,B8 82 26 43 80 D0 A6 41 00 00 48 42
1787903062.869051,34680,1029,12,75 B0 20 43 60 2E A0 41 00 00 4C 42
1787903062.879662,34680,102a,12,85 A3 1B 43 1E 1C A3 41 00 00 50 42
1787903062.890395,34680,102b,12,56 79 17 43 D6 7B AF 41 00 00 54 42
1787903062.901105,34680,102c,12,FD 48 14 43 3A CD C4 41 00 00 58 42
1787903062.911684,34680,102d,12,79 25 12 43 06 3A E2 41 00 00 5C 42
1787903062.922167,34680,102e,12,A3 1A 11 43 46 4A 03 42 00 00 60 42
1787903062.932741,34680,102f,12,C2 2E 11 43 DF 34 18 42 00 00 64 42
1787903062.943217,34680,1030,12,33 61 12 43 4D 07 2F 42 00 00 68 42
1787903062.953647,34680,1031,12,53 AB 14 43 BF D6 46 42 00 00 6C 42
1787903062.964255,34680,1032,12,82 FF 17 43 E0 B3 5E 42 00 00 70 42
1787903062.974721,34680,1033,12,49 4B 1C 43 46 A9 75 42 00 00 74 42
1787903062.985783,34680,1034,12,AB 75 21 43 4D 66 85 42 00 00 78 42
1787903062.996958,34680,1035,12,4B 60 27 43 0D A3 8E 42 00 00 7C 42
1787903063.007501,34680,1036,12,5D EA 2D 43 16 2C 96 42 00 00 80 42
1787903063.018069,34680,1037,12,F1 EC 34 43 AA B5 9B 42 00 00 82 42
1787903063.028990,34680,1038,12,2C 41 3C 43 9B 06 9F 42 00 00 84 42
1787903063.039848,34680,1039,12,32 BC 43 43 10 FD 9F 42 00 00 86 42
1787903063.050541,34680,103a,12,39 32 4B 43 34 8F 9E 42 00 00 88 42
1787903063.061205,34680,103b,12,E4 79 52 43 02 CC 9A 42 00 00 8A 42
1787903063.071760,34680,103c,12,DC 67 59 43 48 D9 94 42 00 00 8C 42
1787903063.082642,34680,103d,12,B6 D5 5F 43 F4 F3 8C 42 00 00 8E 42
1787903063.093197,34680,103e,12,BC 9D 65 43 9C 6C 83 42 00 00 90 42
1787903063.103678,34680,103f,12,33 9E 6A 43 07 49 71 42 00 00 92 42
1787903063.114129,34680,1040,12,62 BB 6E 43 49 15 5A 42 00 00 94 42
1787903063.124479,34680,1041,12,CA DC 71 43 34 27 42 42 00 00 96 42
1787903063.135238,34680,1042,12,10 F1 73 43 CE 74 2A 42 00 00 98 42
1787903063.146182,34680,1043,12,DE EB 74 43 F6 EF 13 42 00 00 9A 42
1787903063.156561,34680,1044,12,A6 C7 74 43 0F FD FE 41 00 00 9C 42
1787903063.167056,34680,1045,12,2E 85 73 43 D5 E4 DB 41 00 00 9E 42
1787903063.177490,34680,1046,12,F9 2B 71 43 FC F7 BF 41 00 00 A0 42
1787903063.187882,34680,1047,12,09 C9 6D 43 8B 56 AC 41 00 00 A2 42
1787903063.198579,34680,1048,12,0A 70 69 43 E2 C8 A1 41 00 00 A4 42
1787903063.209116,34680,1049,12,92 3A 64 43 BA BA A0 41 00 00 A6 42
1787903063.219784,34680,104a,12,7F 45 5E 43 CF 35 A9 41 00 00 A8 42
1787903063.230447,34680,104b,12,4C B4 57 43 E5 E4 BA 41 00 00 AA 42
1787903063.240922,34680,104c,12,5E AB 50 43 2E 13 D5 41 00 00 AC 42
1787903063.252276,34680,104d,12,D4 53 49 43 72 B5 F6 41 00 00 AE 42
1787903063.263727,34680,104e,12,AD D8 41 43 30 3A 0F 42 00 00 B0 42
1787903063.275592,34680,104f,12,63 63 3A 43 58 5B 25 42 00 00 B2 42
1787903063.285918,34680,1050,12,5D 20 33 43 C2 DF 3C 42 00 00 B4 42
1787903063.296393,34680,1051,12,DC 37 2C 43 BE D5 54 42 00 00 B6 42
1787903063.306710,34680,1052,12,61 D2 25 43 B6 48 6C 42 00 00 B8 42
1787903063.317122,34680,1053,12,43 15 20 43 AA 24 81 42 00 00 BA 42
1787903063.327642,34680,1054,12,52 20 1B 43 CA FA 8A 42 00 00 BC 42
1787903063.338054,34680,1055,12,12 11 17 43 DE 43 93 42 00 00 BE 42
1787903063.348803,34680,1056,12,02 FE 13 43 80 AA 99 42 00 00 C0 42
1787903063.359348,34680,1057,12,4C F9 11 43 5A ED 9D 42 00 00 C2 42
1787903063.370590,34680,1058,12,93 0E 11 43 F0 E0 9F 42 00 00 C4 42
1787903063.384693,34680,1059,12,EC 42 11 43 75 71 9F 42 00 00 C6 42
1787903063.395248,34680,105a,12,21 95 12 43 4A A3 9C 42 00 00 C8 42
1787903063.405910,34680,105b,12,DE FD 14 43 04 93 97 42 00 00 CA 42
1787903063.417298,34680,105c,12,33 6F 18 43 4F 74 90 42 00 00 CC 42
1787903063.430284,34680,105d,12,D4 D4 1C 43 DB 8F 87 42 00 00 CE 42
1787903063.440779,34680,105e,12,60 16 22 43 86 82 7A 42 00 00 D0 42
1787903063.451203,34680,105f,12,8D 14 28 43 45 E0 63 42 00 00 D2 42
1787903063.462233,34680,1060,12,21 AE 2E 43 7B 21 4C 42 00 00 D4 42
1787903063.474621,34680,1061,12,92 BC 35 43 87 38 34 42 00 00 D6 42
1787903063.485752,34680,1062,12,83 16 3D 43 76 19 1D 42 00 00 D8 42
1787903063.496244,34680,1063,12,35 93 44 43 DF B1 07 42 00 00 DA 42
1787903063.506585,34680,1064,12,14 06 4C 43 D0 B1 E9 41 00 00 DC 42
1787903063.517129,34680,1065,12,D5 45 53 43 61 A1 CA 41 00 00 DE 42
1787903063.527433,34680,1066,12,01 28 5A 43 88 6F B3 41 00 00 E0 42
1787903063.537998,34680,1067,12,5E 84 60 43 05 09 A5 41 00 00 E2 42
1787903063.548750,34680,1068,12,AB 37 66 43 D9 00 A0 41 00 00 E4 42
1787903063.559121,34680,1069,12,F8 1F 6B 43 98 89 A4 41 00 00 E6 42
1787903063.569556,34680,106a,12,0F 22 6F 43 BE 75 B2 41 00 00 E8 42
1787903063.579848,34680,106b,12,56 26 72 43 2F 37 C9 41 00 00 EA 42
1787903063.590310,34680,106c,12,4F 1B 74 43 A7 E5 E7 41 00 00 EC 42
1787903063.600722,34680,106d,12,1F F6 74 43 6A A2 06 42 00 00 EE 42
1787903063.611091,34680,106e,12,B0 B1 74 43 88 EE 1B 42 00 00 A0 41
1787903063.621768,34680,106f,12,7E 4F 73 43 77 FC 32 42 00 00 A8 41
1787903063.632354,34680,1070,12,76 D7 70 43 E4 E0 4A 42 00 00 B0 41
1787903063.643262,34680,1071,12,34 58 6D 43 EF A7 62 42 00 00 B8 41
1787903063.654439,34680,1072,12,1C E5 68 43 2F 5D 79 42 00 00 C0 41
1787903063.664820,34680,1073,12,AC 98 63 43 33 0E 87 42 00 00 C8 41
1787903063.675385,34680,1074,12,42 90 5D 43 FD 07 90 42 00 00 D0 41
1787903063.686210,34680,1075,12,13 EF 56 43 59 40 97 42 00 00 D8 41
1787903063.696677,34680,1076,12,02 DC 4F 43 93 6D 9C 42 00 00 E0 41
1787903063.707618,34680,1077,12,44 7E 48 43 B2 5A 9F 42 00 00 E8 41
1787903063.718135,34680,1078,12,B7 01 41 43 4C EA 9F 42 00 00 F0 41
1787903063.728535,34680,1079,12,DA 8F 39 43 55 16 9E 42 00 00 F8 41
1787903063.739034,34680,107a,12,44 54 32 43 76 F1 99 42 00 00 00 42
1787903063.749545,34680,107b,12,3E 79 2B 43 FD A5 93 42 00 00 04 42
1787903063.759874,34680,107c,12,CA 24 25 43 DD 74 8B 42 00 00 08 42
1787903063.770337,34680,107d,12,97 7C 1F 43 6F B0 81 42 00 00 0C 42
1787903063.780815,34680,107e,12,01 A0 1A 43 EB 79 6D 42 00 00 10 42
1787903063.791729,34680,107f,12,9E AB 16 43 72 14 56 42 00 00 14 42
1787903063.802210,34680,1080,12,6D B6 13 43 42 1F 3E 42 00 00 18 42
1787903063.812649,34680,1081,12,D4 D0 11 43 B2 90 26 42 00 00 1C 42
1787903063.823366,34680,1082,12,1E 06 11 43 8A 55 10 42 00 00 20 42
1787903063.833944,34680,1083,12,AF 5A 11 43 24 A5 F8 41 00 00 24 42
1787903063.844843,34680,1084,12,C4 CC 12 43 1B A8 D6 41 00 00 28 42
1787903063.855627,34680,1085,12,BB 53 15 43 E8 0E BC 41 00 00 2C 42
1787903063.866286,34680,1086,12,92 E1 18 43 17 EA A9 41 00 00 30 42
1787903063.876987,34680,1087,12,21 61 1D 43 09 F0 A0 41 00 00 34 42
1787903063.888785,34680,1088,12,77 B9 22 43 20 7E A1 41 00 00 38 42
1787903063.899407,34680,1089,12,6C CB 28 43 B3 8E AB 41 00 00 3C 42
1787903063.911390,34680,108a,12,5E 73 2F 43 05 BB BE 41 00 00 40 42
1787903063.923883,34680,108b,12,68 8C 36 43 F0 3C DA 41 00 00 44 42
1787903063.936108,34680,108c,12,47 EC 3D 43 F6 FF FC 41 00 00 48 42
1787903063.947776,34680,108d,12,1B 6A 45 43 B9 CF 12 42 00 00 4C 42
1787903063.959313,34680,108e,12,0D DA 4C 43 5E 3E 29 42 00 00 50 42
1787903063.970216,34680,108f,12,99 10 54 43 F2 E6 40 42 00 00 54 42
1787903063.980681,34680,1090,12,C6 E5 5A 43 1D D6 58 42 00 00 58 42
1787903063.991482,34680,1091,12,E4 30 61 43 4E 1B 70 42 00 00 5C 42
1787903064.004580,34680,1092,12,0F CF 66 43 90 E3 82 42 00 00 60 42
1787903064.016475,34680,1093,12,4A 9F 6B 43 2E 7E 8C 42 00 00 64 42
1787903064.027210,34680,1094,12,8C 85 6F 43 7C 7B 94 42 00 00 68 42
1787903064.037658,34680,1095,12,35 6C 72 43 88 89 9A 42 00 00 6C 42
1787903064.047943,34680,1096,12,01 42 74 43 75 6B 9E 42 00 00 70 42
1787903064.058513,34680,1097,12,C4 FC 74 43 16 F9 9F 42 00 00 74 42
1787903064.068965,34680,1098,12,0B 98 74 43 90 22 9F 42 00 00 78 42
1787903064.079391,34680,1099,12,50 16 73 43 70 F0 9B 42 00 00 7C 42
1787903064.090683,34680,109a,12,F0 7F 70 43 D6 83 96 42 00 00 80 42
1787903064.101408,34680,109b,12,50 E4 6C 43 49 13 8F 42 00 00 82 42
1787903064.112733,34680,109c,12,70 57 68 43 0E EB 85 42 00 00 84 42
1787903064.123302,34680,109d,12,D0 F3 62 43 3C D1 76 42 00 00 86 42
1787903064.133753,34680,109e,12,18 D9 5C 43 7D EE 5F 42 00 00 88 42
1787903064.144285,34680,109f,12,20 29 56 43 58 19 48 42 00 00 8A 42
1787903064.154841,34680,10a0,12,B7 0B 4F 43 5A 41 30 42 00 00 8C 42
1787903064.165153,34680,10a1,12,4F A8 47 43 BA 5B 19 42 00 00 8E 42
1787903064.175735,34680,10a2,12,1E 2A 40 43 2E 52 04 42 00 00 90 42
1787903064.186452,34680,10a3,12,FF BC 38 43 E1 F6 E3 41 00 00 92 42
1787903064.196977,34680,10a4,12,1C 8A 31 43 6E 27 C6 41 00 00 94 42
1787903064.207410,34680,10a5,12,54 BC 2A 43 A2 61 B0 41 00 00 96 42
1787903064.217992,34680,10a6,12,5B 79 24 43 59 86 A3 41 00 00 98 42
1787903064.228472,34680,10a7,12,F2 E5 1E 43 CE 18 A0 41 00 00 9A 42
1787903064.241674,34680,10a8,12,9B 22 1A 43 FC 3B A6 41 00 00 9C 42
1787903064.252310,34680,10a9,12,BE 49 16 43 B1 AF B5 41 00 00 9E 42
1787903064.264729,34680,10aa,12,43 72 13 43 9C D8 CD 41 00 00 A0 42
1787903064.275192,34680,10ab,12,EB AB 11 43 48 BF ED 41 00 00 A2 42
1787903064.285671,34680,10ac,12,44 01 11 43 0D 0F 0A 42 00 00 A4 42
1787903064.296129,34680,10ad,12,08 76 11 43 B4 B6 1F 42 00 00 A6 42
1787903064.306699,34680,10ae,12,B0 07 13 43 B4 F7 36 42 00 00 A8 42
1787903064.317108,34680,10af,12,E5 AC 15 43 54 E8 4E 42 00 00 AA 42
1787903064.327633,34680,10b0,12,FD 56 19 43 71 92 66 42 00 00 AC 42
1787903064.338715,34680,10b1,12,AC F0 1D 43 81 04 7D 42 00 00 AE 42
1787903064.349175,34680,10b2,12,E2 5E 23 43 B4 AC 88 42 00 00 B0 42
1787903064.359737,34680,10b3,12,86 83 29 43 33 60 91 42 00 00 B2 42
1787903064.371996,34680,10b4,12,04 3A 30 43 48 45 98 42 00 00 B4 42
1787903064.382989,34680,10b5,12,24 5D 37 43 D3 14 9D 42 00 00 B6 42
1787903064.400897,34680,10b6,12,31 C3 3E 43 BB 9D 9F 42 00 00 B8 42
1787903064.411581,34680,10b7,12,D5 40 46 43 20 C6 9F 42 00 00 BA 42
1787903064.421978,34680,10b8,12,8A AC 4D 43 AA 8C 9D 42 00 00 BC 42
1787903064.432519,34680,10b9,12,21 DA 54 43 B6 07 99 42 00 00 BE 42
1787903064.443120,34680,10ba,12,D1 A1 5B 43 77 65 92 42 00 00 C0 42
1787903064.453970,34680,10bb,12,D8 DB 61 43 A5 E9 89 42 00 00 C2 42
1787903064.464481,34680,10bc,12,DC 63 67 43 B0 D5 7F 42 00 00 C4 42
1787903064.475206,34680,10bd,12,36 1B 6C 43 FA 9F 69 42 00 00 C6 42
1787903064.485740,34680,10be,12,D0 E5 6F 43 63 11 52 42 00 00 C8 42
1787903064.496179,34680,10bf,12,A6 AE 72 43 09 1C 3A 42 00 00 CA 42
1787903064.506798,34680,10c0,12,43 65 74 43 77 B4 22 42 00 00 CC 42
1787903064.518108,34680,10c1,12,CB FF 74 43 92 C9 0C 42 00 00 CE 42
1787903064.528889,34680,10c2,12,E5 7A 74 43 F9 78 F2 41 00 00 D0 42
1787903064.539342,34680,10c3,12,A9 D9 72 43 71 A3 D1 41 00 00 D2 42
1787903064.549947,34680,10c4,12,20 25 70 43 F6 64 B8 41 00 00 D4 42
1787903064.560540,34680,10c5,12,F4 6C 6C 43 34 BF A7 41 00 00 D6 42
1787903064.571084,34680,10c6,12,12 C7 67 43 16 5C A0 41 00 00 D8 42
1787903064.591932,34680,10c7,12,3E 4D 62 43 7A 86 A2 41 00 00 DA 42
1787903064.602601,34680,10c8,12,11 20 5C 43 99 28 AE 41 00 00 DC 42
1787903064.613051,34680,10c9,12,C9 61 55 43 EB CB C2 41 00 00 DE 42
1787903064.623489,34680,10ca,12,CA 39 4E 43 C8 9D DF 41 00 00 E0 42
1787903064.633836,34680,10cb,12,03 D2 46 43 02 BC 01 42 00 00 E2 42
1787903064.646270,34680,10cc,12,81 53 3F 43 A2 74 16 42 00 00 E4 42
1787903064.657162,34680,10cd,12,E2 EA 37 43 7C 28 2D 42 00 00 E6 42
1787903064.667778,34680,10ce,12,38 C1 30 43 50 EE 44 42 00 00 E8 42
1787903064.678193,34680,10cf,12,7D 00 2A 43 78 D3 5C 42 00 00 EA 42
1787903064.688606,34680,10d0,12,22 D0 23 43 0D E4 73 42 00 00 EC 42
1787903064.700135,34680,10d1,12,75 52 1E 43 88 99 84 42 00 00 EE 42
1787903064.710913,34680,10d2,12,29 A8 19 43 28 F5 8D 42 00 00 A0 41
1787903064.721383,34680,10d3,12,19 EB 15 43 83 A4 95 42 00 00 A8 41
1787903064.731898,34680,10d4,12,4E 31 13 43 29 59 9B 42 00 00 B0 41
1787903064.742405,34680,10d5,12,92 8A 11 43 DC D8 9E 42 00 00 B8 41
1787903064.752904,34680,10d6,12,0C 00 11 43 E6 FF 9F 42 00 00 C0 41
1787903064.763794,34680,10d7,12,F6 94 11 43 B3 C2 9E 42 00 00 C8 41
1787903064.774618,34680,10d8,12,15 46 13 43 B8 2D 9B 42 00 00 D0 41
1787903064.785339,34680,10d9,12,AE 09 16 43 86 65 95 42 00 00 D8 41
1787903064.796092,34680,10da,12,6A CF 19 43 22 A5 8D 42 00 00 E0 41
1787903064.806769,34680,10db,12,61 82 1E 43 74 3C 84 42 00 00 E8 41
1787903064.817149,34680,10dc,12,97 06 24 43 1D 14 73 42 00 00 F0 41
1787903064.827729,34680,10dd,12,79 3D 2A 43 9D F7 5B 42 00 00 F8 41
1787903064.838818,34680,10de,12,BF 02 31 43 4E 0F 44 42 00 00 00 42
1787903064.849504,34680,10df,12,B8 2E 38 43 37 4F 2C 42 00 00 04 42
1787903064.861530,34680,10e0,12,A2 99 3F 43 79 AB 15 42 00 00 08 42
1787903064.871952,34680,10e1,12,52 17 47 43 A1 07 01 42 00 00 0C 42
1787903064.882345,34680,10e2,12,42 7E 4E 43 62 70 DE 41 00 00 10 42
1787903064.892662,34680,10e3,12,19 A3 55 43 E6 E5 C1 41 00 00 14 42
1787903064.905935,34680,10e4,12,15 5C 5C 43 22 93 AD 41 00 00 18 42
1787903064.916535,34680,10e5,12,F2 83 62 43 09 48 A2 41 00 00 1C 42
1787903064.926937,34680,10e6,12,08 F6 67 43 21 76 A0 41 00 00 20 42
1787903064.940068,34680,10e7,12,2A 94 6C 43 39 31 A8 41 00 00 24 42
1787903064.950660,34680,10e8,12,2C 43 70 43 6B 2A B9 41 00 00 28 42
1787903064.961175,34680,10e9,12,A6 ED 72 43 77 B4 D2 41 00 00 2C 42
1787903064.971742,34680,10ea,12,D1 84 74 43 D2 C7 F3 41 00 00 30 42
1787903064.982427,34680,10eb,12,36 FF 74 43 05 8C 0D 42 00 00 34 42
1787903064.992994,34680,10ec,12,2C 5A 74 43 C5 88 23 42 00 00 38 42
1787903065.003705,34680,10ed,12,4F 99 72 43 BB F9 3A 42 00 00 3C 42
1787903065.014389,34680,10ee,12,0C C7 6F 43 A2 EF 52 42 00 00 40 42
1787903065.025651,34680,10ef,12,07 F3 6B 43 1E 74 6A 42 00 00 44 42
1787903065.036725,34680,10f0,12,0C 34 67 43 65 4D 80 42 00 00 48 42
1787903065.047848,34680,10f1,12,68 A4 61 43 D9 3F 8A 42 00 00 4C 42
1787903065.060418,34680,10f2,12,8A 64 5B 43 E2 AB 92 42 00 00 50 42
1787903065.085147,34680,10f3,12,1F 99 54 43 88 3B 99 42 00 00 54 42
1787903065.096648,34680,10f4,12,D0 67 4D 43 93 AB 9D 42 00 00 58 42
1787903065.112193,34680,10f5,12,71 FB 45 43 66 CF 9F 42 00 00 5C 42
1787903065.124057,34680,10f6,12,28 7D 3E 43 BB 90 9F 42 00 00 60 42
1787903065.135802,34680,10f7,12,D0 18 37 43 12 F2 9C 42 00 00 64 42
1787903065.146661,34680,10f8,12,A6 F9 2F 43 28 0E 98 42 00 00 68 42
1787903065.157631,34680,10f9,12,23 47 29 43 87 17 91 42 00 00 6C 42
1787903065.168242,34680,10fa,12,29 29 23 43 2C 54 88 42 00 00 70 42
1787903065.178667,34680,10fb,12,9F C1 1D 43 00 3C 7C 42 00 00 74 42
1787903065.189182,34680,10fc,12,46 30 19 43 7F BA 65 42 00 00 78 42
1787903065.199661,34680,10fd,12,B6 8F 15 43 8D 09 4E 42 00 00 7C 42
1787903065.210186,34680,10fe,12,0B F4 12 43 D5 1C 36 42 00 00 80 42
1787903065.220682,34680,10ff,12,CC 6C 11 43 D2 E4 1E 42 00 00 82 42
1787903065.231162,34680,1100,12,72 02 11 43 63 50 09 42 00 00 84 42
1787903065.241646,34680,1101,12,98 B7 11 43 99 77 EC 41 00 00 86 42
1787903065.251982,34680,1102,12,EC 87 13 43 9F D3 CC 41 00 00 88 42
1787903065.262555,34680,1103,12,62 69 16 43 59 F9 B4 41 00 00 8A 42
1787903065.273094,34680,1104,12,D2 4A 1A 43 85 D8 A5 41 00 00 8C 42
1787903065.283606,34680,1105,12,B9 16 1F 43 BE 0D A0 41 00 00 8E 42
1787903065.295053,34680,1106,12,28 B1 24 43 23 D4 A3 41 00 00 90 42
1787903065.306059,34680,1107,12,35 F9 2A 43 2B 05 B1 41 00 00 92 42
1787903065.316583,34680,1108,12,0F CC 31 43 22 18 C7 41 00 00 94 42
1787903065.327611,34680,1109,12,14 01 39 43 2A 2F E5 41 00 00 96 42
1787903065.338312,34680,110a,12,52 70 40 43 DE 0A 05 42 00 00 98 42
1787903065.348792,34680,110b,12,4A EE 47 43 99 29 1A 42 00 00 9A 42
1787903065.359990,34680,110c,12,25 4F 4F 43 34 1C 31 42 00 00 9C 42
1787903065.370808,34680,110d,12,FD 69 56 43 92 F6 48 42 00 00 9E 42
1787903065.381461,34680,110e,12,83 14 5D 43 F2 C8 60 42 00 00 A0 42
1787903065.391901,34680,110f,12,C4 29 63 43 57 9E 77 42 00 00 A2 42
1787903065.402609,34680,1110,12,0D 86 68 43 D8 46 86 42 00 00 A4 42
1787903065.413336,34680,1111,12,1C 0A 6D 43 A6 60 8F 42 00 00 A6 42
1787903065.423968,34680,1112,12,E9 9C 70 43 30 BF 96 42 00 00 A8 42
1787903065.434567,34680,1113,12,2E 29 73 43 66 18 9C 42 00 00 AA 42
1787903065.445194,34680,1114,12,CB A0 74 43 09 35 9F 42 00 00 AC 42
1787903065.455632,34680,1115,12,FE FA 74 43 56 F5 9F 42 00 00 AE 42
1787903065.465996,34680,1116,12,E2 35 74 43 A2 51 9E 42 00 00 B0 42
1787903065.476946,34680,1117,12,BE 55 72 43 0E 5B 9A 42 00 00 B2 42
1787903065.487499,34680,1118,12,BC 65 6F 43 71 39 94 42 00 00 B4 42
1787903065.497846,34680,1119,12,25 76 6B 43 98 2B 8C 42 00 00 B6 42
1787903065.508429,34680,111a,12,DA 9D 66 43 B8 83 82 42 00 00 B8 42
1787903065.518936,34680,111b,12,5B F9 60 43 C4 48 6F 42 00 00 BA 42
1787903065.529567,34680,111c,12,ED A7 5A 43 F7 FA 57 42 00 00 BC 42
1787903065.539836,34680,111d,12,2F CF 53 43 48 08 40 42 00 00 BE 42
1787903065.550285,34680,111e,12,16 95 4C 43 EC 66 28 42 00 00 C0 42
1787903065.560676,34680,111f,12,E0 23 45 43 18 08 12 42 00 00 C2 42
1787903065.571176,34680,1120,12,22 A7 3D 43 3F A0 FB 41 00 00 C4 42
1787903065.581738,34680,1121,12,5D 48 36 43 38 1D D9 41 00 00 C6 42
1787903065.592091,34680,1122,12,73 33 2F 43 FB E1 BD 41 00 00 C8 42
1787903065.602385,34680,1123,12,A5 8F 28 43 72 07 AB 41 00 00 CA 42
1787903065.613161,34680,1124,12,E5 83 22 43 0D 4E A1 41 00 00 CC 42
1787903065.623818,34680,1125,12,7A 33 1D 43 0D 19 A1 41 00 00 CE 42
1787903065.635156,34680,1126,12,D9 BB 18 43 79 69 AA 41 00 00 D0 42
1787903065.646222,34680,1127,12,9C 37 15 43 B2 E1 BC 41 00 00 D2 42
1787903065.656840,34680,1128,12,42 BA 12 43 D5 C4 D7 41 00 00 D4 42
1787903065.667623,34680,1129,12,85 52 11 43 71 00 FA 41 00 00 D6 42
1787903065.678375,34680,112a,12,75 08 11 43 8E 1B 11 42 00 00 D8 42
1787903065.689762,34680,112b,12,AB DD 11 43 62 65 27 42 00 00 DA 42
1787903065.702213,34680,112c,12,32 CD 13 43 AB FD 3E 42 00 00 DC 42
1787903065.713991,34680,112d,12,4F CC 16 43 E9 F1 56 42 00 00 DE 42
1787903065.724714,34680,112e,12,A1 C9 1A 43 9B 4D 6E 42 00 00 E0 42
1787903065.735363,34680,112f,12,AA AD 1F 43 2B 11 82 42 00 00 E2 42
1787903065.745811,34680,1130,12,4D 5D 25 43 EF C7 8B 42 00 00 E4 42
1787903065.756165,34680,1131,12,AE B6 2B 43 76 E9 93 42 00 00 E6 42
1787903065.767194,34680,1132,12,9C 96 32 43 F0 21 9A 42 00 00 E8 42
1787903065.777626,34680,1133,12,EE D4 39 43 E1 31 9E 42 00 00 EA 42
1787903065.787975,34680,1134,12,31 47 41 43 D2 EF 9F 42 00 00 EC 42
1787903065.798425,34680,1135,12,20 C4 48 43 1E 4A 9F 42 00 00 EE 42
1787903065.808760,34680,1136,12,24 1F 50 43 47 47 9C 42 00 00 A0 41
1787903065.819120,34680,1137,12,79 2F 57 43 00 06 97 42 00 00 A8 41
1787903065.829756,34680,1138,12,B8 CB 5D 43 EA BB 8F 42 00 00 B0 41
1787903065.840197,34680,1139,12,44 CD 63 43 6E B3 86 42 00 00 B8 41
1787903065.850771,34680,113a,12,D4 12 69 43 37 93 78 42 00 00 C0 41
1787903065.861340,34680,113b,12,04 7D 6D 43 3A CE 61 42 00 00 C8 41
1787903065.871683,34680,113c,12,5B F3 70 43 D5 01 4A 42 00 00 D0 41
1787903065.882108,34680,113d,12,6E 61 73 43 F4 20 32 42 00 00 D8 41
1787903065.900890,34680,113e,12,2E B9 74 43 52 1F 1B 42 00 00 E0 41
1787903065.911836,34680,113f,12,2B F3 74 43 52 E9 05 42 00 00 E8 41
1787903065.922798,34680,1140,12,0A 0E 74 43 53 A8 E6 41 00 00 F0 41
1787903065.933316,34680,1141,12,C2 0E 72 43 82 3E C8 41 00 00 F8 41
1787903065.945456,34680,1142,12,D8 00 6F 43 A1 CB B1 41 00 00 00 42
1787903065.955787,34680,1143,12,56 F6 6A 43 D4 34 A4 41 00 00 04 42
1787903065.966291,34680,1144,12,A0 05 66 43 C4 04 A0 41 00 00 08 42
1787903065.976848,34680,1145,12,24 4C 60 43 87 65 A5 41 00 00 0C 42
1787903065.987319,34680,1146,12,9A E9 59 43 EC 20 B4 41 00 00 10 42
1787903065.998183,34680,1147,12,4B 03 53 43 94 A0 CB 41 00 00 14 42
1787903066.008888,34680,1148,12,AA C1 4B 43 A4 F4 EA 41 00 00 18 42
1787903066.019458,34680,1149,12,EF 4C 44 43 14 6D 08 42 00 00 1C 42
1787903066.030134,34680,114a,12,80 D1 3C 43 1C EA 1D 42 00 00 20 42
1787903066.040761,34680,114b,12,D6 78 35 43 B6 14 35 42 00 00 24 42
1787903066.051356,34680,114c,12,F8 6D 2E 43 6C 00 4D 42 00 00 28 42
1787903066.061758,34680,114d,12,11 DA 27 43 14 B9 64 42 00 00 2C 42
1787903066.072791,34680,114e,12,94 E1 21 43 DD 4A 7B 42 00 00 30 42
1787903066.083613,34680,114f,12,10 A8 1C 43 76 E9 87 42 00 00 34 42
1787903066.094055,34680,1150,12,7A 4A 18 43 EE BE 90 42 00 00 38 42
1787903066.104526,34680,1151,12,84 E2 14 43 AC CB 97 42 00 00 3C 42
1787903066.114961,34680,1152,12,F5 83 12 43 BA C7 9C 42 00 00 40 42
1787903066.125312,34680,1153,12,EF 3B 11 43 19 80 9F 42 00 00 44 42
1787903066.135962,34680,1154,12,14 12 11 43 71 D9 9F 42 00 00 48 42
1787903066.146502,34680,1155,12,4B 07 12 43 E5 CF 9D 42 00 00 4C 42
1787903066.157109,34680,1156,12,26 16 14 43 40 78 99 42 00 00 50 42
1787903066.167413,34680,1157,12,6E 32 17 43 D5 FE 92 42 00 00 54 42
1787903066.178178,34680,1158,12,E4 4A 1B 43 71 A6 8A 42 00 00 58 42
1787903066.191359,34680,1159,12,28 47 20 43 F6 C2 80 42 00 00 5C 42
1787903066.206296,34680,115a,12,96 0B 26 43 D0 73 6B 42 00 00 60 42
1787903066.217235,34680,115b,12,88 76 2C 43 D5 F7 53 42 00 00 64 42
1787903066.227838,34680,115c,12,5A 62 33 43 B2 01 3C 42 00 00 68 42
1787903066.239052,34680,115d,12,AD A8 3A 43 C4 87 24 42 00 00 6C 42
1787903066.251300,34680,115e,12,30 1E 42 43 04 76 0E 42 00 00 70 42
1787903066.262889,34680,115f,12,8B 99 49 43 26 5F F5 41 00 00 74 42
1787903066.274785,34680,1160,12,F1 EE 50 43 96 FC D3 41 00 00 78 42
1787903066.286494,34680,1161,12,80 F3 57 43 1A 19 BA 41 00 00 7C 42
1787903066.297318,34680,1162,12,52 80 5E 43 F3 BD A8 41 00 00 80 42
1787903066.307844,34680,1163,12,65 6E 64 43 95 99 A0 41 00 00 82 42
1787903066.318519,34680,1164,12,DB 9C 69 43 CF 00 A2 41 00 00 84 42
1787903066.329425,34680,1165,12,40 ED 6D 43 4E E5 AC 41 00 00 86 42
1787903066.340255,34680,1166,12,7A 46 71 43 E4 D7 C0 41 00 00 88 42
1787903066.350939,34680,1167,12,F9 95 73 43 75 0A DD 41 00 00 8A 42
1787903066.361388,34680,1168,12,FA CD 74 43 CA 30 00 42 00 00 8C 42
1787903066.372586,34680,1169,12,BC E7 74 43 52 B9 14 42 00 00 8E 42
1787903066.383693,34680,116a,12,7C E2 73 43 3D 4D 2B 42 00 00 90 42
1787903066.395630,34680,116b,12,5F C4 71 43 14 06 43 42 00 00 92 42
1787903066.406024,34680,116c,12,22 99 6E 43 DD EF 5A 42 00 00 94 42
1787903066.416473,34680,116d,12,A3 73 6A 43 3A 1A 72 42 00 00 96 42
1787903066.426864,34680,116e,12,DE 6A 65 43 6C CB 83 42 00 00 98 42
1787903066.438396,34680,116f,12,2A 9C 5F 43 34 45 8D 42 00 00 9A 42
1787903066.449002,34680,1170,12,9F 29 59 43 BA 19 95 42 00 00 9C 42
1787903066.460312,34680,1171,12,FB 36 52 43 B2 F8 9A 42 00 00 9E 42
1787903066.470742,34680,1172,12,9C ED 4A 43 1B A7 9E 42 00 00 A0 42
1787903066.481078,34680,1173,12,E6 75 43 43 D6 FE 9F 42 00 00 A2 42
1787903066.491518,34680,1174,12,89 FB 3B 43 30 F2 9E 42 00 00 A4 42
1787903066.501854,34680,1175,12,48 AA 34 43 DD 8B 9B 42 00 00 A6 42
1787903066.514799,34680,1176,12,B2 AA 2D 43 17 EF 95 42 00 00 A8 42
1787903066.525438,34680,1177,12,72 26 27 43 47 54 8E 42 00 00 AA 42
1787903066.535840,34680,1178,12,A8 41 21 43 68 09 85 42 00 00 AC 42
1787903066.546154,34680,1179,12,EE 1E 1C 43 A6 DA 74 42 00 00 AE 42
1787903066.556616,34680,117a,12,32 DC 17 43 A6 D8 5D 42 00 00 B0 42
1787903066.566950,34680,117b,12,12 91 14 43 8A F9 45 42 00 00 B2 42
1787903066.577388,34680,117c,12,2A 51 12 43 41 2D 2E 42 00 00 B4 42
1787903066.587830,34680,117d,12,F2 28 11 43 8D 68 17 42 00 00 B6 42
1787903066.598262,34680,117e,12,5D 1F 11 43 D4 93 02 42 00 00 B8 42
1787903066.608722,34680,117f,12,76 34 12 43 6F 07 E1 41 00 00 BA 42
1787903066.619068,34680,1180,12,3C 62 14 43 22 E3 C3 41 00 00 BC 42
1787903066.629502,34680,1181,12,B7 9B 17 43 AE DF AE 41 00 00 BE 42
1787903066.644790,34680,1182,12,06 CF 1B 43 1F D6 A2 41 00 00 C0 42
1787903066.655711,34680,1183,12,BB E3 20 43 53 41 A0 41 00 00 C2 42
1787903066.666428,34680,1184,12,F6 BB 26 43 A6 3B A7 41 00 00 C4 42
1787903066.676969,34680,1185,12,53 37 2D 43 3C 7C B7 41 00 00 C6 42
1787903066.687537,34680,1186,12,38 2F 34 43 BD 5F D0 41 00 00 C8 42
1787903066.698590,34680,1187,12,06 7D 3B 43 33 E7 F0 41 00 00 CA 42
1787903066.709438,34680,1188,12,07 F6 42 43 4B E3 0B 42 00 00 CC 42
1787903066.720019,34680,1189,12,7C 6E 4A 43 8F B8 21 42 00 00 CE 42
1787903066.730611,34680,118a,12,FB BC 51 43 AF 12 39 42 00 00 D0 42
1787903066.741197,34680,118b,12,04 B6 58 43 F3 06 51 42 00 00 D2 42
1787903066.751599,34680,118c,12,EF 32 5F 43 13 9F 68 42 00 00 D4 42
1787903066.763240,34680,118d,12,AE 0D 65 43 3A EA 7E 42 00 00 D6 42
1787903066.773653,34680,118e,12,17 24 6A 43 6E 82 89 42 00 00 D8 42
1787903066.784051,34680,118f,12,FA 59 6E 43 47 10 92 42 00 00 DA 42
1787903066.794582,34680,1190,12,42 96 71 43 AE C8 98 42 00 00 DC 42
1787903066.805009,34680,1191,12,01 C7 73 43 4E 66 9D 42 00 00 DE 42
1787903066.815424,34680,1192,12,3A DF 74 43 0C BA 9F 42 00 00 E0 42
1787903066.826039,34680,1193,12,B2 D8 74 43 26 AC 9F 42 00 00 E2 42
1787903066.836718,34680,1194,12,8C B3 73 43 72 3D 9D 42 00 00 E4 42
1787903066.847487,34680,1195,12,9A 76 71 43 63 86 98 42 00 00 E6 42
1787903066.858091,34680,1196,12,45 2E 6E 43 32 B7 91 42 00 00 E8 42
1787903066.868641,34680,1197,12,99 ED 69 43 62 15 89 42 00 00 EA 42
1787903066.879017,34680,1198,12,A0 CD 64 43 19 F2 7D 42 00 00 EC 42
1787903076.886577,34680,119a,12,C2 EA 5E 43 9C 94 67 42 00 00 EE 42
1787903076.895639,34680,119b,12,0A 68 58 43 19 F3 4F 42 00 00 A0 41
1787903076.906287,34680,119c,12,91 69 51 43 72 00 38 42 00 00 A8 41
1787903076.916739,34680,119d,12,35 18 4A 43 17 B1 20 42 00 00 B0 41
1787903076.927305,34680,119e,12,D4 9E 42 43 F5 F2 0A 42 00 00 B8 41
1787903076.937853,34680,119f,12,DB 26 3B 43 C0 4A EF 41 00 00 C0 41
1787903076.948406,34680,11a0,12,C4 DC 33 43 BB 14 CF 41 00 00 C8 41
1787903076.959044,34680,11a1,12,F6 E8 2C 43 DD 8F B6 41 00 00 D0 41
1787903076.969700,34680,11a2,12,33 74 26 43 6B B6 A6 41 00 00 D8 41
1787903076.980365,34680,11a3,12,2D A4 20 43 2D 2A A0 41 00 00 E0 41
1787903076.991234,34680,11a4,12,1C 99 1B 43 5C 2D A3 41 00 00 E8 41
1787903077.001730,34680,11a5,12,07 71 17 43 B1 A1 AF 41 00 00 F0 41
1787903077.012372,34680,11a6,12,FA 42 14 43 30 08 C5 41 00 00 F8 41
1787903077.023717,34680,11a7,12,B8 21 12 43 68 86 E2 41 00 00 00 42
1787903077.034704,34680,11a8,12,8F 19 11 43 A8 77 03 42 00 00 04 42
1787903077.045120,34680,11a9,12,36 30 11 43 E9 65 18 42 00 00 08 42
1787903077.055685,34680,11aa,12,27 65 12 43 96 3B 2F 42 00 00 0C 42
1787903077.066588,34680,11ab,12,B0 B1 14 43 10 0E 47 42 00 00 10 42
1787903077.076896,34680,11ac,12,89 08 18 43 2F EA 5E 42 00 00 14 42
1787903077.090510,34680,11ad,12,FE 55 1C 43 6A DC 75 42 00 00 18 42
1787903077.101047,34680,11ae,12,35 82 21 43 7D 7C 85 42 00 00 1C 42
1787903077.111597,34680,11af,12,62 6E 27 43 D6 B5 8E 42 00 00 20 42
1787903077.122724,34680,11b0,12,B0 F9 2D 43 3C 3B 96 42 00 00 24 42
1787903077.133127,34680,11b1,12,E8 FD 34 43 E9 BF 9B 42 00 00 28 42
1787903077.143889,34680,11b2,12,EA 51 3C 43 8B 0B 9F 42 00 00 2C 42
1787903077.154491,34680,11b3,12,17 CD 43 43 84 FC 9F 42 00 00 30 42
1787903077.165006,34680,11b4,12,E4 42 4B 43 5C 89 9E 42 00 00 34 42
1787903077.175981,34680,11b5,12,F5 89 52 43 B8 C0 9A 42 00 00 38 42
1787903077.186632,34680,11b6,12,A8 77 59 43 34 C9 94 42 00 00 3C 42
1787903077.197202,34680,11b7,12,83 E3 5F 43 B8 DF 8C 42 00 00 40 42
1787903077.208147,34680,11b8,12,EB A9 65 43 D5 55 83 42 00 00 44 42
1787903077.218555,34680,11b9,12,80 A8 6A 43 D4 16 71 42 00 00 48 42
1787903077.228876,34680,11ba,12,90 C3 6E 43 97 DE 59 42 00 00 4C 42
1787903077.239290,34680,11bb,12,F0 E2 71 43 F4 EF 41 42 00 00 50 42
1787903077.249729,34680,11bc,12,82 F4 73 43 33 3F 2A 42 00 00 54 42
1787903077.260163,34680,11bd,12,CE EC 74 43 D4 BF 13 42 00 00 58 42
1787903077.271131,34680,11be,12,0D C6 74 43 F2 A7 FE 41 00 00 5C 42
1787903077.281569,34680,11bf,12,17 81 73 43 C7 9B DB 41 00 00 60 42
1787903077.292046,34680,11c0,12,2D 25 71 43 E6 C0 BF 41 00 00 64 42
1787903077.302563,34680,11c1,12,49 C0 6D 43 9F 33 AC 41 00 00 68 42
1787903077.313507,34680,11c2,12,3A 65 69 43 F7 BB A1 41 00 00 6C 42
1787903077.324595,34680,11c3,12,F0 2D 64 43 26 C3 A0 41 00 00 70 42
1787903077.335459,34680,11c4,12,54 37 5E 43 43 54 A9 41 00 00 74 42
1787903077.345945,34680,11c5,12,33 A4 57 43 DF 17 BB 41 00 00 78 42
1787903077.356341,34680,11c6,12,1D 9B 50 43 A6 58 D5 41 00 00 7C 42
1787903077.366613,34680,11c7,12,11 43 49 43 BF 07 F7 41 00 00 80 42
1787903077.377096,34680,11c8,12,C9 C7 41 43 4A 69 0F 42 00 00 82 42
1787903077.387618,34680,11c9,12,BF 52 3A 43 52 90 25 42 00 00 84 42
1787903077.398690,34680,11ca,12,9B 0F 33 43 D8 16 3D 42 00 00 86 42
1787903077.409235,34680,11cb,12,D4 28 2C 43 BC 0C 55 42 00 00 88 42
1787903077.419689,34680,11cc,12,AA C4 25 43 A4 7B 6C 42 00 00 8A 42
1787903077.430241,34680,11cd,12,2D 09 20 43 03 3C 81 42 00 00 8C 42
1787903077.440875,34680,11ce,12,22 16 1B 43 CD 0F 8B 42 00 00 8E 42
1787903077.451352,34680,11cf,12,A4 08 17 43 E2 54 93 42 00 00 90 42
1787903077.462271,34680,11d0,12,43 F8 13 43 D8 B6 99 42 00 00 92 42
1787903077.473140,34680,11d1,12,FD F5 11 43 4B F4 9D 42 00 00 94 42
1787903077.483719,34680,11d2,12,C7 0D 11 43 9C E2 9F 42 00 00 96 42
1787903077.495338,34680,11d3,12,A9 44 11 43 AC 6D 9F 42 00 00 98 42
1787903077.506054,34680,11d4,12,8D 99 12 43 24 9A 9C 42 00 00 9A 42
1787903077.516686,34680,11d5,12,7E 04 15 43 DC 84 97 42 00 00 9C 42
1787903077.527139,34680,11d6,12,13 78 18 43 58 62 90 42 00 00 9E 42
1787903077.537589,34680,11d7,12,C0 DF 1C 43 51 7A 87 42 00 00 A0 42
1787903077.547960,34680,11d8,12,1B 23 22 43 53 50 7A 42 00 00 A2 42
1787903077.581972,34680,11d9,12,74 23 28 43 74 AA 63 42 00 00 A4 42
1787903077.614706,34680,11da,12,92 BD 2E 43 31 EA 4B 42 00 00 A6 42
1787903077.625801,34680,11db,12,DD CC 35 43 D2 03 34 42 00 00 A8 42
1787903077.637469,34680,11dc,12,4B 27 3D 43 91 E7 1C 42 00 00 AA 42
1787903077.648595,34680,11dd,12,19 A4 44 43 32 83 07 42 00 00 AC 42
1787903077.659073,34680,11de,12,77 17 4C 43 1D 62 E9 41 00 00 AE 42
1787903077.670324,34680,11df,12,CE 55 53 43 84 62 CA 41 00 00 B0 42
1787903077.682553,34680,11e0,12,F9 36 5A 43 7B 45 B3 41 00 00 B2 42
1787903077.693393,34680,11e1,12,00 92 60 43 55 F3 A4 41 00 00 B4 42
1787903077.703934,34680,11e2,12,A8 43 66 43 5E 00 A0 41 00 00 B6 42
1787903077.715423,34680,11e3,12,81 2A 6B 43 1A 9F A4 41 00 00 B8 42
1787903077.725946,34680,11e4,12,FE 29 6F 43 63 A0 B2 41 00 00 BA 42
1787903077.736245,34680,11e5,12,F3 2B 72 43 27 73 C9 41 00 00 BC 42
1787903077.746571,34680,11e6,12,7A 1E 74 43 01 32 E8 41 00 00 BE 42
1787903077.756958,34680,11e7,12,C6 F6 74 43 D4 D0 06 42 00 00 C0 42
1787903077.771331,34680,11e8,12,BA AF 74 43 01 22 1C 42 00 00 C2 42
1787903077.781809,34680,11e9,12,21 4B 73 43 F0 32 33 42 00 00 C4 42
1787903077.792512,34680,11ea,12,B4 D0 70 43 51 16 4B 42 00 00 C6 42
1787903077.802976,34680,11eb,12,36 4F 6D 43 08 DC 62 42 00 00 C8 42
1787903077.813411,34680,11ec,12,14 DA 68 43 96 8F 79 42 00 00 CA 42
1787903077.823833,34680,11ed,12,42 8B 63 43 A2 24 87 42 00 00 CC 42
1787903077.834669,34680,11ee,12,F0 81 5D 43 C2 1A 90 42 00 00 CE 42
1787903077.845328,34680,11ef,12,93 DF 56 43 38 4E 97 42 00 00 D0 42
1787903077.855997,34680,11f0,12,AD CB 4F 43 A2 76 9C 42 00 00 D2 42
1787903077.866511,34680,11f1,12,78 6D 48 43 B7 5E 9F 42 00 00 D4 42
1787903077.878249,34680,11f2,12,0D F0 40 43 CD E8 9F 42 00 00 D6 42
1787903077.888774,34680,11f3,12,42 7F 39 43 61 0F 9E 42 00 00 D8 42
1787903077.899677,34680,11f4,12,57 44 32 43 BE E5 99 42 00 00 DA 42
1787903077.910267,34680,11f5,12,57 6A 2B 43 BB 95 93 42 00 00 DC 42
1787903077.920764,34680,11f6,12,3E 17 25 43 03 60 8B 42 00 00 DE 42
1787903077.931137,34680,11f7,12,28 70 1F 43 62 98 81 42 00 00 E0 42
1787903077.941402,34680,11f8,12,0C 96 1A 43 5A 45 6D 42 00 00 E2 42
1787903077.951932,34680,11f9,12,D0 A3 16 43 5D DF 55 42 00 00 E4 42
1787903077.962429,34680,11fa,12,F3 B0 13 43 FF E9 3D 42 00 00 E6 42
1787903077.973235,34680,11fb,12,CD CD 11 43 94 5B 26 42 00 00 E8 42
1787903077.983746,34680,11fc,12,96 05 11 43 8E 24 10 42 00 00 EA 42
1787903077.994235,34680,11fd,12,B4 5C 11 43 57 4F F8 41 00 00 EC 42
1787903078.004739,34680,11fe,12,44 D1 12 43 46 64 D6 41 00 00 EE 42
1787903078.015086,34680,11ff,12,9E 5A 15 43 D6 DC BB 41 00 00 A0 41
1787903078.026691,34680,1200,12,B0 EA 18 43 B7 CA A9 41 00 00 A8 41
1787903078.037102,34680,1201,12,C8 6C 1D 43 5D E6 A0 41 00 00 B0 41
1787903078.047460,34680,1202,12,60 C6 22 43 8C 8A A1 41 00 00 B8 41
1787903078.057888,34680,1203,12,D1 D9 28 43 8F AF AB 41 00 00 C0 41
1787903078.072556,34680,1204,12,EC 82 2F 43 6F EF BE 41 00 00 C8 41
1787903078.083144,34680,1205,12,C6 9C 36 43 43 85 DA 41 00 00 D0 41
1787903078.093504,34680,1206,12,DE FD 3D 43 7B 57 FD 41 00 00 D8 41
1787903078.103954,34680,1207,12,FC 7A 45 43 55 01 13 42 00 00 E0 41
1787903078.114429,34680,1208,12,9D EA 4C 43 09 72 29 42 00 00 E8 41
1787903078.124953,34680,1209,12,7A 20 54 43 4C 1C 41 42 00 00 F0 41
1787903078.135319,34680,120a,12,9C F4 5A 43 E1 0C 59 42 00 00 F8 41
1787903078.146517,34680,120b,12,F9 3E 61 43 6D 4F 70 42 00 00 00 42
1787903078.157242,34680,120c,12,D8 DA 66 43 43 FB 82 42 00 00 04 42
1787903078.167716,34680,120d,12,22 A9 6B 43 E2 91 8C 42 00 00 08 42
1787903078.178427,34680,120e,12,3A 8D 6F 43 36 8B 94 42 00 00 0C 42
1787903078.188754,34680,120f,12,8D 71 72 43 0A 95 9A 42 00 00 10 42
1787903078.199118,34680,1210,12,07 45 74 43 BE 71 9E 42 00 00 14 42
1787903078.209562,34680,1211,12,22 FD 74 43 E4 F9 9F 42 00 00 18 42
1787903078.220013,34680,1212,12,E2 95 74 43 04 1E 9F 42 00 00 1C 42
1787903078.230389,34680,1213,12,AD 11 73 43 C0 E6 9B 42 00 00 20 42
1787903078.240933,34680,1214,12,EC 78 70 43 E4 74 96 42 00 00 24 42
1787903078.251213,34680,1215,12,A6 DA 6C 43 03 00 8F 42 00 00 28 42
1787903078.261868,34680,1216,12,32 4C 68 43 3A D4 85 42 00 00 2C 42
1787903078.272563,34680,1217,12,D0 E6 62 43 02 A0 76 42 00 00 30 42
1787903078.283200,34680,1218,12,A0 CA 5C 43 1C BA 5F 42 00 00 34 42
1787903078.295486,34680,1219,12,83 19 56 43 07 E2 47 42 00 00 38 42
1787903078.306608,34680,121a,12,8E FA 4E 43 23 0B 30 42 00 00 3C 42
1787903078.317212,34680,121b,12,7C 97 47 43 C6 28 19 42 00 00 40 42
1787903078.327837,34680,121c,12,3F 19 40 43 12 26 04 42 00 00 44 42
1787903078.338318,34680,121d,12,76 AC 38 43 6B AC E3 41 00 00 48 42
1787903078.348594,34680,121e,12,48 7A 31 43 A9 EB C5 41 00 00 4C 42
1787903078.358958,34680,121f,12,E0 AC 2A 43 8E 39 B0 41 00 00 50 42
1787903078.369326,34680,1220,12,FB 6B 24 43 8E 73 A3 41 00 00 54 42
1787903078.379643,34680,1221,12,43 DA 1E 43 EE 1B A0 41 00 00 58 42
1787903078.389883,34680,1222,12,E0 18 1A 43 47 54 A6 41 00 00 5C 42
1787903078.400210,34680,1223,12,30 42 16 43 BD DD B5 41 00 00 60 42
1787903078.410576,34680,1224,12,D0 6C 13 43 BA 19 CE 41 00 00 64 42
1787903078.421003,34680,1225,12,2B A9 11 43 E0 10 EE 41 00 00 68 42
1787903078.431380,34680,1226,12,0A 01 11 43 D9 3C 0A 42 00 00 6C 42
1787903078.442508,34680,1227,12,55 78 11 43 0F E9 1F 42 00 00 70 42
1787903078.452914,34680,1228,12,77 0C 13 43 78 2E 37 42 00 00 74 42
1787903078.463280,34680,1229,12,5F B4 15 43 8D 1F 4F 42 00 00 78 42
1787903078.473859,34680,122a,12,57 60 19 43 EC C7 66 42 00 00 7C 42
1787903078.484277,34680,122b,12,06 FC 1D 43 6E 34 7D 42 00 00 80 42
1787903078.494611,34680,122c,12,FA 6B 23 43 D7 C1 88 42 00 00 82 42
1787903078.510400,34680,122d,12,11 92 29 43 47 72 91 42 00 00 84 42
1787903078.520837,34680,122e,12,67 4A 30 43 D6 52 98 42 00 00 86 42
1787903078.531434,34680,122f,12,94 6D 37 43 52 1D 9D 42 00 00 88 42
1787903078.541880,34680,1230,12,07 D4 3E 43 BA A0 9F 42 00 00 8A 42
1787903078.552281,34680,1231,12,B1 51 46 43 CA C3 9F 42 00 00 8C 42
1787903078.563071,34680,1232,12,0B BD 4D 43 D2 84 9D 42 00 00 8E 42
1787903078.573594,34680,1233,12,A4 EA 54 43 BF FA 98 42 00 00 90 42
1787903078.583993,34680,1234,12,84 B0 5B 43 E8 53 92 42 00 00 92 42
1787903078.594417,34680,1235,12,21 E9 61 43 EB D4 89 42 00 00 94 42
1787903078.604756,34680,1236,12,70 6F 67 43 5C A6 7F 42 00 00 96 42
1787903078.615193,34680,1237,12,D2 24 6C 43 DC 6A 69 42 00 00 98 42
1787903078.625719,34680,1238,12,95 ED 6F 43 43 DA 51 42 00 00 9A 42
1787903078.636189,34680,1239,12,BA B3 72 43 18 E5 39 42 00 00 9C 42
1787903078.646440,34680,123a,12,DF 67 74 43 AF 81 22 42 00 00 9E 42
1787903078.656669,34680,123b,12,E1 FF 74 43 1C 9B 0C 42 00 00 A0 42
1787903078.666991,34680,123c,12,74 78 74 43 91 25 F2 41 00 00 A2 42
1787903078.677269,34680,123d,12,86 D4 72 43 25 60 D1 41 00 00 A4 42
1787903078.687744,34680,123e,12,DA 1D 70 43 74 34 B8 41 00 00 A6 42
1787903078.698360,34680,123f,12,7C 63 6C 43 5C A4 A7 41 00 00 A8 42
1787903078.711475,34680,1240,12,9E BB 67 43 55 56 A0 41 00 00 AA 42
1787903078.721915,34680,1241,12,0F 40 62 43 95 96 A2 41 00 00 AC 42
1787903078.758764,34680,1242,12,C7 10 5C 43 21 4E AE 41 00 00 AE 42
1787903078.792060,34680,1243,12,12 52 55 43 61 05 C3 41 00 00 B0 42
1787903078.802882,34680,1244,12,53 29 4E 43 55 E6 DF 41 00 00 B2 42
1787903078.813357,34680,1245,12,2A C1 46 43 5C E7 01 42 00 00 B4 42
1787903078.823809,34680,1246,12,A7 42 3F 43 09 A7 16 42 00 00 B6 42
1787903078.834244,34680,1247,12,A6 D9 37 43 69 5E 2D 42 00 00 B8 42
1787903078.845703,34680,1248,12,7E B1 30 43 9D 25 45 42 00 00 BA 42
1787903078.856295,34680,1249,12,DC F1 29 43 18 08 5D 42 00 00 BC 42
1787903078.867039,34680,124a,12,EE C2 23 43 C6 15 74 42 00 00 BE 42
1787903078.877528,34680,124b,12,FB 46 1E 43 BC B0 84 42 00 00 C0 42
1787903078.887965,34680,124c,12,3A 9E 19 43 E9 08 8E 42 00 00 C2 42
1787903078.898257,34680,124d,12,CD E3 15 43 07 B4 95 42 00 00 C4 42
1787903078.909185,34680,124e,12,5E 2C 13 43 74 63 9B 42 00 00 C6 42
1787903078.919681,34680,124f,12,1A 88 11 43 0D DE 9E 42 00 00 C8 42
1787903078.930527,34680,1250,12,1B 00 11 43 C6 FF 9F 42 00 00 CA 42
1787903078.941079,34680,1251,12,A9 97 11 43 15 BD 9E 42 00 00 CC 42
1787903078.951530,34680,1252,12,21 4B 13 43 D6 22 9B 42 00 00 CE 42
1787903078.961853,34680,1253,12,14 11 16 43 56 56 95 42 00 00 D0 42
1787903078.972716,34680,1254,12,01 D9 19 43 E1 91 8D 42 00 00 D2 42
1787903078.983365,34680,1255,12,F0 8D 1E 43 1C 25 84 42 00 00 D4 42
1787903078.993713,34680,1256,12,7A 14 24 43 76 E0 72 42 00 00 D6 42
1787903079.004722,34680,1257,12,28 4C 2A 43 0F C1 5B 42 00 00 D8 42
1787903079.015330,34680,1258,12,84 12 31 43 E5 D9 43 42 00 00 DA 42
1787903079.025832,34680,1259,12,38 3F 38 43 3A 1B 2C 42 00 00 DC 42
1787903079.036353,34680,125a,12,7D AA 3F 43 46 79 15 42 00 00 DE 42
1787903079.046976,34680,125b,12,F0 28 47 43 0E DB 00 42 00 00 E0 42
1787903079.057473,34680,125c,12,B3 8E 4E 43 06 26 DE 41 00 00 E2 42
1787903079.067952,34680,125d,12,C6 B2 55 43 36 AF C1 41 00 00 E4 42
1787903079.079014,34680,125e,12,A3 6A 5C 43 C8 6F AD 41 00 00 E6 42
1787903079.089596,34680,125f,12,0E 91 62 43 EA 38 A2 41 00 00 E8 42
1787903079.099963,34680,1260,12,EE 01 68 43 15 7D A0 41 00 00 EA 42
1787903079.110324,34680,1261,12,8A 9D 6C 43 FC 4D A8 41 00 00 EC 42
1787903079.120647,34680,1262,12,57 4A 70 43 27 5A B9 41 00 00 EE 42
1787903079.131202,34680,1263,12,73 F2 72 43 3E F6 D2 41 00 00 A0 41
1787903079.141820,34680,1264,12,25 87 74 43 E1 1B F4 41 00 00 A8 41
1787903079.152229,34680,1265,12,00 FF 74 43 5B BC 0D 42 00 00 B0 41
1787903079.162689,34680,1266,12,74 57 74 43 7D BD 23 42 00 00 B8 41
1787903079.173059,34680,1267,12,20 94 72 43 DD 2E 3B 42 00 00 C0 41
1787903079.183647,34680,1268,12,85 BF 6F 43 DA 24 53 42 00 00 C8 41
1787903079.194147,34680,1269,12,53 E9 6B 43 17 A9 6A 42 00 00 D0 41
1787903079.204626,34680,126a,12,D8 27 67 43 C6 65 80 42 00 00 D8 41
1787903079.215024,34680,126b,12,0C 97 61 43 24 55 8A 42 00 00 E0 41
1787903079.225349,34680,126c,12,C9 55 5B 43 A8 BC 92 42 00 00 E8 41
1787903079.235667,34680,126d,12,4E 89 54 43 D8 47 99 42 00 00 F0 41
1787903079.245878,34680,126e,12,49 57 4D 43 2F B3 9D 42 00 00 F8 41
1787903079.256236,34680,126f,12,CB E9 45 43 92 D1 9F 42 00 00 00 42
1787903079.266773,34680,1270,12,54 6C 3E 43 62 8D 9F 42 00 00 04 42
1787903079.277210,34680,1271,12,68 08 37 43 A2 E9 9C 42 00 00 08 42
1787903079.287704,34680,1272,12,07 EA 2F 43 DA 00 98 42 00 00 0C 42
1787903079.298485,34680,1273,12,A7 38 29 43 43 05 91 42 00 00 10 42
1787903079.310499,34680,1274,12,89 1B 23 43 25 3E 88 42 00 00 14 42
1787903079.320968,34680,1275,12,5B B6 1D 43 2E 0A 7C 42 00 00 18 42
1787903079.332929,34680,1276,12,04 27 19 43 B5 86 65 42 00 00 1C 42
1787903079.343482,34680,1277,12,AC 88 15 43 2C D4 4D 42 00 00 20 42
1787903079.355163,34680,1278,12,61 EF 12 43 24 E6 35 42 00 00 24 42
1787903079.366516,34680,1279,12,83 6A 11 43 DE B0 1E 42 00 00 28 42
1787903079.376937,34680,127a,12,CA 02 11 43 3E 21 09 42 00 00 2C 42
1787903079.387647,34680,127b,12,74 BA 11 43 6D 29 EC 41 00 00 30 42
1787903079.398217,34680,127c,12,3E 8D 13 43 7F 95 CC 41 00 00 34 42
1787903079.408740,34680,127d,12,0A 71 16 43 35 CC B4 41 00 00 38 42
1787903079.419165,34680,127e,12,18 55 1A 43 5A C0 A5 41 00 00 3C 42
1787903079.429832,34680,127f,12,7D 22 1F 43 81 0B A0 41 00 00 40 42
1787903079.440458,34680,1280,12,9A BE 24 43 3E E7 A3 41 00 00 44 42
1787903079.450948,34680,1281,12,08 08 2B 43 CA 2C B1 41 00 00 48 42
1787903079.461380,34680,1282,12,ED DB 31 43 BD 54 C7 41 00 00 4C 42
1787903079.472595,34680,1283,12,67 12 39 43 F3 7C E5 41 00 00 50 42
1787903079.483216,34680,1284,12,32 81 40 43 CD 38 05 42 00 00 54 42
1787903079.493551,34680,1285,12,1A FF 47 43 02 5B 1A 42 00 00 58 42
1787903079.504576,34680,1286,12,85 5F 4F 43 AC 50 31 42 00 00 5C 42
1787903079.515122,34680,1287,12,8E 79 56 43 E3 2D 49 42 00 00 60 42
1787903079.525532,34680,1288,12,96 23 5D 43 10 FF 60 42 00 00 64 42
1787903079.535927,34680,1289,12,B2 36 63 43 19 D1 77 42 00 00 68 42
1787903079.546404,34680,128a,12,35 91 68 43 C2 5C 86 42 00 00 6C 42
1787903079.556828,34680,128b,12,3F 13 6D 43 17 73 8F 42 00 00 70 42
1787903079.567709,34680,128c,12,D2 A3 70 43 ED CD 96 42 00 00 74 42
1787903079.578586,34680,128d,12,EB 2D 73 43 31 22 9C 42 00 00 78 42
1787903079.589415,34680,128e,12,D6 A2 74 43 7E 39 9F 42 00 00 7C 42
1787903079.599762,34680,128f,12,82 FA 74 43 51 F4 9F 42 00 00 80 42
1787903079.610603,34680,1290,12,E2 32 74 43 54 4B 9E 42 00 00 82 42
1787903079.621163,34680,1291,12,4A 50 72 43 52 4F 9A 42 00 00 84 42
1787903079.631677,34680,1292,12,98 5D 6F 43 F7 28 94 42 00 00 86 42
1787903079.642248,34680,1293,12,35 6C 6B 43 08 17 8C 42 00 00 88 42
1787903079.652641,34680,1294,12,FD 91 66 43 B3 6C 82 42 00 00 8A 42
1787903079.663111,34680,1295,12,D3 EB 60 43 40 16 6F 42 00 00 8C 42
1787903079.676102,34680,1296,12,09 99 5A 43 22 C4 57 42 00 00 8E 42
1787903079.687714,34680,1297,12,88 BE 53 43 17 D1 3F 42 00 00 90 42
1787903079.698214,34680,1298,12,80 84 4C 43 92 31 28 42 00 00 92 42
1787903079.708715,34680,1299,12,FE 12 45 43 61 D8 11 42 00 00 94 42
1787903079.721382,34680,129a,12,56 96 3D 43 4B 4C FB 41 00 00 96 42
1787903079.732069,34680,129b,12,07 38 36 43 A6 D5 D8 41 00 00 98 42
1787903079.743850,34680,129c,12,39 23 2F 43 9A AC BD 41 00 00 9A 42
1787903079.755010,34680,129d,12,50 81 28 43 62 E6 AA 41 00 00 9C 42
1787903079.765477,34680,129e,12,0E 77 22 43 03 43 A1 41 00 00 9E 42
1787903079.775787,34680,129f,12,6C 28 1D 43 5C 23 A1 41 00 00 A0 42
1787903079.786003,34680,12a0,12,D4 B2 18 43 CE 89 AA 41 00 00 A2 42
1787903079.796338,34680,12a1,12,84 30 15 43 67 16 BD 41 00 00 A4 42
1787903079.806791,34680,12a2,12,DD B5 12 43 D1 0B D8 41 00 00 A6 42
1787903079.817125,34680,12a3,12,9E 50 11 43 F1 53 FA 41 00 00 A8 42
1787903079.827591,34680,12a4,12,15 09 11 43 1A 4B 11 42 00 00 AA 42
1787903079.838188,34680,12a5,12,CF E0 11 43 A2 9A 27 42 00 00 AC 42
1787903079.849005,34680,12a6,12,0A D3 13 43 D5 34 3F 42 00 00 AE 42
1787903079.859618,34680,12a7,12,37 D4 16 43 CA 28 57 42 00 00 B0 42
1787903079.872816,34680,12a8,12,AE D3 1A 43 3D 80 6E 42 00 00 B2 42
1787903079.910035,34680,12a9,12,A2 B9 1F 43 48 28 82 42 00 00 B4 42
1787903079.921673,34680,12aa,12,EA 6A 25 43 9F DC 8B 42 00 00 B6 42
1787903079.933397,34680,12ab,12,54 C6 2B 43 17 FA 93 42 00 00 B8 42
1787903079.943839,34680,12ac,12,93 A6 32 43 D9 2D 9A 42 00 00 BA 42
1787903079.954713,34680,12ad,12,8A E5 39 43 5D 38 9E 42 00 00 BC 42
1787903079.966249,34680,12ae,12,14 58 41 43 06 F1 9F 42 00 00 BE 42
1787903079.976646,34680,12af,12,E8 D4 48 43 D9 45 9F 42 00 00 C0 42
1787903079.987019,34680,12b0,12,33 30 50 43 AA 3D 9C 42 00 00 C2 42
1787903079.997563,34680,12b1,12,ED 3E 57 43 6D F7 96 42 00 00 C4 42
1787903080.007966,34680,12b2,12,FA D9 5D 43 9A A9 8F 42 00 00 C6 42
1787903080.019115,34680,12b3,12,03 DA 63 43 9E 9D 86 42 00 00 C8 42
1787903080.029543,34680,12b4,12,C6 1D 69 43 9D 60 78 42 00 00 CA 42
1787903080.039808,34680,12b5,12,53 86 6D 43 31 98 61 42 00 00 CC 42
1787903080.050386,34680,12b6,12,01 FA 70 43 86 CA 49 42 00 00 CE 42
1787903080.061114,34680,12b7,12,AF 65 73 43 6A EC 31 42 00 00 D0 42
1787903080.071725,34680,12b8,12,F2 BA 74 43 C5 ED 1A 42 00 00 D2 42
1787903080.082094,34680,12b9,12,66 F2 74 43 2D BB 05 42 00 00 D4 42
1787903080.092682,34680,12ba,12,9B 0A 74 43 FE 59 E6 41 00 00 D6 42
1787903080.103302,34680,12bb,12,09 09 72 43 43 01 C8 41 00 00 D8 42
1787903080.113827,34680,12bc,12,D0 F8 6E 43 53 A3 B1 41 00 00 DA 42
1787903080.124290,34680,12bd,12,2C EC 6A 43 FF 20 A4 41 00 00 DC 42
1787903080.134982,34680,12be,12,90 F9 65 43 3E 06 A0 41 00 00 DE 42
1787903080.145398,34680,12bf,12,CF 3D 60 43 F4 7C A5 41 00 00 E0 42
1787903080.155804,34680,12c0,12,94 DA 59 43 5D 4D B4 41 00 00 E2 42
1787903080.166295,34680,12c1,12,49 F3 52 43 1B DE CB 41 00 00 E4 42
1787903080.176702,34680,12c2,12,07 B1 4B 43 4E 42 EB 41 00 00 E6 42
1787903080.192721,34680,12c3,12,0B 3C 44 43 06 9C 08 42 00 00 E8 42
1787903080.203195,34680,12c4,12,F5 BF 3C 43 EE 1D 1E 42 00 00 EA 42
1787903080.213685,34680,12c5,12,92 68 35 43 58 4B 35 42 00 00 EC 42
1787903080.224033,34680,12c6,12,93 5E 2E 43 D1 35 4D 42 00 00 EE 42
1787903080.234301,34680,12c7,12,E2 CB 27 43 F5 EC 64 42 00 00 A0 41
1787903080.252105,34680,12c8,12,EE D4 21 43 DA 7C 7B 42 00 00 A8 41
1787903080.262929,34680,12c9,12,BA 9C 1C 43 9A FF 87 42 00 00 B0 41
1787903080.274459,34680,12ca,12,B4 41 18 43 56 D1 90 42 00 00 B8 41
1787903080.284944,34680,12cb,12,FF DB 14 43 23 D9 97 42 00 00 C0 41
1787903080.295345,34680,12cc,12,D7 7F 12 43 57 D0 9C 42 00 00 C8 41
1787903080.306492,34680,12cd,12,50 3A 11 43 A2 83 9F 42 00 00 D0 41
1787903080.317022,34680,12ce,12,08 13 11 43 75 D7 9F 42 00 00 D8 41
1787903080.327608,34680,12cf,12,B7 0A 12 43 78 C8 9D 42 00 00 E0 41
1787903080.338147,34680,12d0,12,00 1C 14 43 1B 6C 99 42 00 00 E8 41
1787903080.348672,34680,12d1,12,96 3A 17 43 34 EE 92 42 00 00 F0 41
1787903080.358982,34680,12d2,12,2C 55 1B 43 45 91 8A 42 00 00 F8 41
1787903080.373092,34680,12d3,12,E3 53 20 43 AD AA 80 42 00 00 00 42
1787903080.383630,34680,12d4,12,5E 19 26 43 F2 3E 6B 42 00 00 04 42
1787903080.394626,34680,12d5,12,9F 85 2C 43 A7 C2 53 42 00 00 08 42
1787903080.408915,34680,12d6,12,68 72 33 43 86 CC 3B 42 00 00 0C 42
1787903080.419765,34680,12d7,12,56 B9 3A 43 EF 52 24 42 00 00 10 42
1787903080.434601,34680,12d8,12,DD 2F 42 43 7F 45 0E 42 00 00 14 42
1787903080.445221,34680,12d9,12,4A AA 49 43 99 0A F5 41 00 00 18 42
1787903080.456738,34680,12da,12,2B FF 50 43 39 BA D3 41 00 00 1C 42
1787903080.467069,34680,12db,12,D7 02 58 43 B6 E8 B9 41 00 00 20 42
1787903080.477453,34680,12dc,12,6C 8E 5E 43 74 A0 A8 41 00 00 24 42
1787903080.487739,34680,12dd,12,88 7B 64 43 DD 91 A0 41 00 00 28 42
1787903080.498178,34680,12de,12,95 A7 69 43 2C 0F A2 41 00 00 2C 42
1787903080.508649,34680,12df,12,E8 F5 6D 43 F5 07 AD 41 00 00 30 42
1787903080.519025,34680,12e0,12,DE 4C 71 43 F1 0D C1 41 00 00 34 42
1787903080.529500,34680,12e1,12,F4 99 73 43 40 54 DD 41 00 00 38 42
1787903080.540014,34680,12e2,12,86 CF 74 43 24 5D 00 42 00 00 3C 42
1787903080.550797,34680,12e3,12,AF E6 74 43 5C EB 14 42 00 00 40 42
1787903080.562428,34680,12e4,12,EC DE 73 43 24 81 2B 42 00 00 44 42
1787903080.573212,34680,12e5,12,62 BE 71 43 7A 3B 43 42 00 00 48 42
1787903080.583679,34680,12e6,12,DA 90 6E 43 7B 26 5B 42 00 00 4C 42
1787903080.601692,34680,12e7,12,C4 68 6A 43 03 4E 72 42 00 00 50 42
1787903080.612194,34680,12e8,12,9B 5E 65 43 DE E2 83 42 00 00 54 42
1787903080.623085,34680,12e9,12,4D 8E 5F 43 95 58 8D 42 00 00 58 42
1787903080.634151,34680,12ea,12,79 1A 59 43 10 29 95 42 00 00 5C 42
1787903080.644649,34680,12eb,12,E2 26 52 43 C2 03 9B 42 00 00 60 42
1787903080.655208,34680,12ec,12,27 DC 4A 43 E9 AC 9E 42 00 00 64 42
1787903080.665618,34680,12ed,12,00 65 43 43 27 FF 9F 42 00 00 68 42
1787903080.676015,34680,12ee,12,CF EA 3B 43 2D ED 9E 42 00 00 6C 42
1787903080.686916,34680,12ef,12,19 9A 34 43 BD 81 9B 42 00 00 70 42
1787903080.698428,34680,12f0,12,6B 9B 2D 43 BC DF 95 42 00 00 74 42
1787903080.709135,34680,12f1,12,C6 17 27 43 A9 40 8E 42 00 00 78 42
1787903080.719595,34680,12f2,12,32 35 21 43 4E F2 84 42 00 00 7C 42
1787903080.729973,34680,12f3,12,50 14 1C 43 10 A9 74 42 00 00 80 42
1787903080.740310,34680,12f4,12,AA D3 17 43 17 A4 5D 42 00 00 82 42
1787903080.750657,34680,12f5,12,D0 8A 14 43 3A C2 45 42 00 00 84 42
1787903080.761078,34680,12f6,12,25 4D 12 43 3E F7 2D 42 00 00 86 42
1787903080.772215,34680,12f7,12,9B 27 11 43 FE 35 17 42 00 00 88 42
1787903080.783293,34680,12f8,12,8E 20 11 43 44 68 02 42 00 00 8A 42
1787903080.793775,34680,12f9,12,28 38 12 43 57 BE E0 41 00 00 8C 42
1787903080.804171,34680,12fa,12,5B 68 14 43 05 A9 C3 41 00 00 8E 42
1787903080.814615,34680,12fb,12,82 A4 17 43 6D B9 AE 41 00 00 90 42
1787903080.824980,34680,12fc,12,87 D9 1B 43 42 C5 A2 41 00 00 92 42
1787903080.835452,34680,12fd,12,18 F0 20 43 58 46 A0 41 00 00 94 42
1787903080.845860,34680,12fe,12,E8 C9 26 43 C8 55 A7 41 00 00 96 42
1787903080.856195,34680,12ff,12,89 46 2D 43 0F AC B7 41 00 00 98 42
1787903080.866678,34680,1300,12,1B 40 34 43 6E A2 D0 41 00 00 9A 42
1787903080.877266,34680,1301,12,BB 8D 3B 43 19 3A F1 41 00 00 9C 42
1787903080.887819,34680,1302,12,ED 06 43 43 92 11 0C 42 00 00 9E 42
1787903080.901780,34680,1303,12,31 7F 4A 43 3A EB 21 42 00 00 A0 42
1787903080.912471,34680,1304,12,20 CD 51 43 94 49 39 42 00 00 A2 42
1787903080.923123,34680,1305,12,EF C5 58 43 1C 3E 51 42 00 00 A4 42
1787903080.933833,34680,1306,12,E1 40 5F 43 4C D4 68 42 00 00 A6 42
1787903080.944188,34680,1307,12,0A 1A 65 43 BA 19 7F 42 00 00 A8 42
1787903080.954769,34680,1308,12,98 2E 6A 43 45 97 89 42 00 00 AA 42
1787903080.965377,34680,1309,12,62 62 6E 43 FB 21 92 42 00 00 AC 42
1787903080.975791,34680,130a,12,AA 9C 71 43 CE D5 98 42 00 00 AE 42
1787903080.986594,34680,130b,12,B4 CA 73 43 56 6E 9D 42 00 00 B0 42
1787903080.997372,34680,130c,12,6C E0 74 43 92 BC 9F 42 00 00 B2 42
1787903081.008465,34680,130d,12,5C D7 74 43 56 A9 9F 42 00 00 B4 42
1787903081.018926,34680,130e,12,B6 AF 73 43 21 35 9D 42 00 00 B6 42
1787903081.031246,34680,130f,12,10 70 71 43 FE 78 98 42 00 00 B8 42
1787903081.041741,34680,1310,12,BE 25 6E 43 44 A5 91 42 00 00 BA 42
1787903081.057328,34680,1311,12,FC E2 69 43 5C 00 89 42 00 00 BC 42
1787903081.068866,34680,1312,12,2B C1 64 43 56 C2 7D 42 00 00 BE 42
1787903081.082083,34680,1313,12,BC DC 5E 43 3A 5F 67 42 00 00 C0 42
1787903081.093693,34680,1314,12,0F 58 58 43 E6 BB 4F 42 00 00 C2 42
1787903081.104403,34680,1315,12,62 59 51 43 A1 C9 37 42 00 00 C4 42
1787903081.115151,34680,1316,12,7B 07 4A 43 9C 7E 20 42 00 00 C6 42
1787903081.126103,34680,1317,12,EE 8D 42 43 F9 C4 0A 42 00 00 C8 42
1787903081.136702,34680,1318,12,2C 16 3B 43 A6 F8 EE 41 00 00 CA 42
1787903081.147063,34680,1319,12,EC CB 33 43 FF D2 CE 41 00 00 CC 42
1787903081.157488,34680,131a,12,CF D9 2C 43 1F 61 B6 41 00 00 CE 42
1787903081.168559,34680,131b,12,56 66 26 43 68 9D A6 41 00 00 D0 42
1787903081.179325,34680,131c,12,E8 97 20 43 4F 26 A0 41 00 00 D2 42
1787903081.189703,34680,131d,12,B7 8E 1B 43 67 3F A3 41 00 00 D4 42
1787903081.200011,34680,131e,12,5C 68 17 43 10 C9 AF 41 00 00 D6 42
1787903081.210396,34680,131f,12,FC 3C 14 43 50 43 C5 41 00 00 D8 42
1787903081.220945,34680,1320,12,28 1E 12 43 56 D0 E2 41 00 00 DA 42
1787903081.231214,34680,1321,12,81 18 11 43 8E A3 03 42 00 00 DC 42
1787903081.241985,34680,1322,12,B0 31 11 43 B6 98 18 42 00 00 DE 42
1787903081.252590,34680,1323,12,4F 69 12 43 B9 71 2F 42 00 00 E0 42
1787903081.263070,34680,1324,12,13 B8 14 43 61 45 47 42 00 00 E2 42
1787903081.273451,34680,1325,12,30 11 18 43 A3 1E 5F 42 00 00 E4 42
1787903081.285302,34680,1326,12,B7 60 1C 43 C8 0D 76 42 00 00 E6 42
1787903081.296259,34680,1327,12,C3 8E 21 43 6D 93 85 42 00 00 E8 42
1787903081.307397,34680,1328,12,23 7D 27 43 3E C9 8E 42 00 00 EA 42
1787903081.318551,34680,1329,12,06 09 2E 43 57 4A 96 42 00 00 EC 42
1787903081.328894,34680,132a,12,22 0E 35 43 C4 C9 9B 42 00 00 EE 42
1787903081.339288,34680,132b,12,AA 62 3C 43 45 10 9F 42 00 00 A0 41
1787903081.349793,34680,132c,12,FC DD 43 43 E6 FB 9F 42 00 00 A8 41
1787903081.360518,34680,132d,12,52 54 4B 43 44 83 9E 42 00 00 B0 41
1787903081.371325,34680,132e,12,03 9A 52 43 62 B5 9A 42 00 00 B8 41
1787903081.381732,34680,132f,12,BF 86 59 43 A0 B9 94 42 00 00 C0 41
1787903081.393921,34680,1330,12,4B F1 5F 43 24 CC 8C 42 00 00 C8 41
1787903081.404726,34680,1331,12,16 B6 65 43 3B 3E 83 42 00 00 D0 41
1787903081.415308,34680,1332,12,41 B3 6A 43 D6 E2 70 42 00 00 D8 41
1787903081.429722,34680,1333,12,BA CB 6E 43 E2 A7 59 42 00 00 E0 41
1787903081.440630,34680,1334,12,CC E8 71 43 95 BA 41 42 00 00 E8 41
1787903081.451176,34680,1335,12,EF F7 73 43 70 0B 2A 42 00 00 F0 41
1787903081.461778,34680,1336,12,B8 ED 74 43 0E 8E 13 42 00 00 F8 41
1787903081.472272,34680,1337,12,5C C4 74 43 F7 4F FE 41 00 00 00 42
1787903081.483113,34680,1338,12,FA 7C 73 43 E2 52 DB 41 00 00 04 42
1787903081.493849,34680,1339,12,A9 1E 71 43 D8 8B BF 41 00 00 08 42
1787903081.504398,34680,133a,12,83 B7 6D 43 10 12 AC 41 00 00 0C 42
1787903081.515276,34680,133b,12,65 5A 69 43 CA AE A1 41 00 00 10 42
1787903081.525992,34680,133c,12,B4 20 64 43 0E CC A0 41 00 00 14 42
1787903081.536401,34680,133d,12,26 29 5E 43 E7 72 A9 41 00 00 18 42
1787903081.552808,34680,133e,12,CE 94 57 43 49 49 BB 41 00 00 1C 42
1787903081.563673,34680,133f,12,DA 8A 50 43 EA 9B D5 41 00 00 20 42
1787903081.574351,34680,1340,12,4D 32 49 43 10 5D F7 41 00 00 24 42
1787903081.584862,34680,1341,12,1D B6 41 43 19 9A 0F 42 00 00 28 42
1787903081.595257,34680,1342,12,1B 42 3A 43 54 C5 25 42 00 00 2C 42
1787903081.606177,34680,1343,12,98 FF 32 43 12 4C 3D 42 00 00 30 42
1787903081.617131,34680,1344,12,CD 19 2C 43 DC 41 55 42 00 00 34 42
1787903081.627681,34680,1345,12,F7 B6 25 43 53 B0 6C 42 00 00 38 42
1787903081.638238,34680,1346,12,8C FC 1F 43 27 54 81 42 00 00 3C 42
1787903081.648584,34680,1347,12,F8 0B 1B 43 C8 24 8B 42 00 00 40 42
1787903081.659015,34680,1348,12,9A 00 17 43 4A 65 93 42 00 00 44 42
1787903081.669548,34680,1349,12,8A F2 13 43 BB C2 99 42 00 00 48 42
1787903081.680045,34680,134a,12,B4 F2 11 43 6E FB 9D 42 00 00 4C 42
1787903081.690835,34680,134b,12,F8 0C 11 43 4C E4 9F 42 00 00 50 42
1787903081.701408,34680,134c,12,6B 46 11 43 D7 69 9F 42 00 00 54 42
1787903081.712097,34680,134d,12,CE 9D 12 43 40 91 9C 42 00 00 58 42
1787903081.722612,34680,134e,12,23 0B 15 43 24 77 97 42 00 00 5C 42
1787903081.733069,34680,134f,12,F8 80 18 43 B7 4F 90 42 00 00 60 42
1787903081.749956,34680,1350,12,32 EB 1C 43 FF 63 87 42 00 00 64 42
1787903081.760427,34680,1351,12,D8 2F 22 43 15 1E 7A 42 00 00 68 42
1787903081.770870,34680,1352,12,B6 31 28 43 70 76 63 42 00 00 6C 42
1787903081.781322,34680,1353,12,06 CD 2E 43 C7 B4 4B 42 00 00 70 42
1787903081.792277,34680,1354,12,2A DD 35 43 49 CD 33 42 00 00 74 42
1787903081.802789,34680,1355,12,D9 38 3D 43 F5 B3 1C 42 00 00 78 42
1787903081.813244,34680,1356,12,FC B4 44 43 92 54 07 42 00 00 7C 42
1787903081.824764,34680,1357,12,14 28 4C 43 3F 15 E9 41 00 00 80 42
1787903081.835340,34680,1358,12,C6 65 53 43 F0 25 CA 41 00 00 82 42
1787903081.845943,34680,1359,12,EF 45 5A 43 23 1A B3 41 00 00 84 42
1787903081.856376,34680,135a,12,3F A0 60 43 13 DD A4 41 00 00 86 42
1787903081.866854,34680,135b,12,A0 4F 66 43 16 00 A0 41 00 00 88 42
1787903081.877394,34680,135c,12,8F 34 6B 43 12 B4 A4 41 00 00 8A 42
1787903081.892988,34680,135d,12,E7 31 6F 43 C2 C9 B2 41 00 00 8C 42
1787903081.912243,34680,135e,12,8B 31 72 43 64 B1 C9 41 00 00 8E 42
1787903081.922670,34680,135f,12,C4 21 74 43 2C 81 E8 41 00 00 90 42
1787903081.936036,34680,1360,12,68 F7 74 43 4D FF 06 42 00 00 92 42
1787903081.950016,34680,1361,12,D3 AD 74 43 C4 53 1C 42 00 00 94 42
1787903081.964700,34680,1362,12,BE 46 73 43 94 67 33 42 00 00 96 42
1787903081.976537,34680,1363,12,EE C9 70 43 9D 4D 4B 42 00 00 98 42
1787903081.987350,34680,1364,12,C8 45 6D 43 EF 11 63 42 00 00 9A 42
1787903081.997761,34680,1365,12,08 CF 68 43 F2 C1 79 42 00 00 9C 42
1787903082.007995,34680,1366,12,6C 7E 63 43 47 3A 87 42 00 00 9E 42
1787903082.018300,34680,1367,12,9A 73 5D 43 DC 2C 90 42 00 00 A0 42
1787903082.028645,34680,1368,12,11 D0 56 43 8A 5C 97 42 00 00 A2 42
1787903082.038951,34680,1369,12,95 BA 4F 43 F7 7F 9C 42 00 00 A4 42
1787903082.049498,34680,136a,12,AC 5C 48 43 B0 62 9F 42 00 00 A6 42
1787903082.060047,34680,136b,12,2B DF 40 43 4F E7 9F 42 00 00 A8 42
1787903082.070799,34680,136c,12,AC 6E 39 43 9E 08 9E 42 00 00 AA 42
1787903082.081770,34680,136d,12,6C 34 32 43 91 D9 99 42 00 00 AC 42
1787903082.092434,34680,136e,12,C2 5A 2B 43 DC 84 93 42 00 00 AE 42
1787903082.102781,34680,136f,12,B6 09 25 43 20 4B 8B 42 00 00 B0 42
1787903082.113414,34680,1370,12,49 64 1F 43 21 81 81 42 00 00 B2 42
1787903082.125099,34680,1371,12,1B 8C 1A 43 89 12 6D 42 00 00 B4 42
1787903082.135628,34680,1372,12,06 9C 16 43 69 A8 55 42 00 00 B6 42
1787903082.146396,34680,1373,12,3D AB 13 43 E1 B2 3D 42 00 00 B8 42
1787903082.156895,34680,1374,12,CB CA 11 43 7E 26 26 42 00 00 BA 42
1787903082.173808,34680,1375,12,18 05 11 43 46 F5 0F 42 00 00 BC 42
1787903082.185145,34680,1376,12,BE 5E 11 43 92 FC F7 41 00 00 BE 42
1787903082.195591,34680,1377,12,CB D5 12 43 37 1E D6 41 00 00 C0 42
1787903082.207468,34680,1378,12,D8 61 15 43 2F A9 BB 41 00 00 C2 42
1787903082.219477,34680,1379,12,D2 F3 18 43 88 AB A9 41 00 00 C4 42
1787903082.230286,34680,137a,12,F0 77 1D 43 36 DD A0 41 00 00 C6 42
1787903082.242214,34680,137b,12,4E D3 22 43 BB 96 A1 41 00 00 C8 42
1787903082.252845,34680,137c,12,39 E8 28 43 C1 D1 AB 41 00 00 CA 42
1787903082.263175,34680,137d,12,34 93 2F 43 DA 25 BF 41 00 00 CC 42
1787903082.273714,34680,137e,12,25 AD 36 43 BC CD DA 41 00 00 CE 42
1787903082.284506,34680,137f,12,AE 0E 3E 43 25 AC FD 41 00 00 D0 42
1787903082.295310,34680,1380,12,DC 8B 45 43 4D 31 13 42 00 00 D2 42
1787903082.305960,34680,1381,12,2C FB 4C 43 8B A7 29 42 00 00 D4 42
1787903082.316542,34680,1382,12,15 31 54 43 87 53 41 42 00 00 D6 42
1787903082.326909,34680,1383,12,6F 03 5B 43 A1 43 59 42 00 00 D8 42
1787903082.337378,34680,1384,12,6C 4C 61 43 C0 81 70 42 00 00 DA 42
1787903082.347636,34680,1385,12,9D E6 66 43 22 12 83 42 00 00 DC 42
1787903082.358272,34680,1386,12,F5 B2 6B 43 3F A6 8C 42 00 00 DE 42
1787903082.369303,34680,1387,12,3D 95 6F 43 72 9B 94 42 00 00 E0 42
1787903082.379865,34680,1388,12,E0 76 72 43 80 A0 9A 42 00 00 E2 42
1787903082.390569,34680,1389,12,E5 47 74 43 C3 77 9E 42 00 00 E4 42
1787903082.401494,34680,138a,12,7B FD 74 43 9F FA 9F 42 00 00 E6 42
1787903082.411923,34680,138b,12,B3 93 74 43 44 19 9F 42 00 00 E8 42
1787903082.422279,34680,138c,12,CC 0C 73 43 AE DC 9B 42 00 00 EA 42
1787903082.432583,34680,138d,12,E2 71 70 43 E7 65 96 42 00 00 EC 42
1787903082.442867,34680,138e,12,66 D1 6C 43 5C ED 8E 42 00 00 EE 42
1787903082.453206,34680,138f,12,EF 40 68 43 24 BE 85 42 00 00 A0 41
1787903082.463644,34680,1390,12,CB D9 62 43 04 6D 76 42 00 00 A8 41
1787903082.474230,34680,1391,12,7A BB 5C 43 E0 83 5F 42 00 00 B0 41
1787903082.484635,34680,1392,12,E5 09 56 43 B5 AA 47 42 00 00 B8 41
1787903082.495195,34680,1393,12,26 EA 4E 43 C7 D6 2F 42 00 00 C0 41
1787903082.505694,34680,1394,12,A8 86 47 43 97 F7 18 42 00 00 C8 41
1787903082.519334,34680,1395,12,61 08 40 43 79 F8 03 42 00 00 D0 41
1787903082.529976,34680,1396,12,2B 9B 38 43 7C 5F E3 41 00 00 D8 41
1787903082.540467,34680,1397,12,76 6A 31 43 0E B0 C5 41 00 00 E0 41
1787903082.551569,34680,1398,12,1F 9E 2A 43 02 13 B0 41 00 00 E8 41
1787903082.562408,34680,1399,12,9F 5E 24 43 95 61 A3 41 00 00 F0 41
1787903082.572910,34680,139a,12,99 CE 1E 43 5E 1F A0 41 00 00 F8 41
1787903082.583361,34680,139b,12,B8 0E 1A 43 9E 6D A6 41 00 00 00 42
1787903082.593810,34680,139c,12,A8 3A 16 43 F8 0B B6 41 00 00 04 42
1787903082.604206,34680,139d,12,A0 67 13 43 CB 58 CE 41 00 00 08 42
1787903082.615043,34680,139e,12,71 A6 11 43 D3 5F EE 41 00 00 0C 42
1787903082.626070,34680,139f,12,D6 00 11 43 4D 6C 0A 42 00 00 10 42
1787903082.636603,34680,13a0,12,C3 7A 11 43 37 1D 20 42 00 00 14 42
1787903082.646870,34680,13a1,12,44 11 13 43 40 65 37 42 00 00 18 42
1787903082.657263,34680,13a2,12,89 BB 15 43 E6 54 4F 42 00 00 1C 42
1787903082.675430,34680,13a3,12,B6 69 19 43 91 FB 66 42 00 00 20 42
1787903082.686817,34680,13a4,12,64 07 1E 43 FE 65 7D 42 00 00 24 42
1787903082.697612,34680,13a5,12,B1 79 23 43 AF D7 88 42 00 00 28 42
1787903082.708112,34680,13a6,12,9F A0 29 43 51 84 91 42 00 00 2C 42
1787903082.718960,34680,13a7,12,13 5A 30 43 E5 5F 98 42 00 00 30 42
1787903082.729461,34680,13a8,12,04 7E 37 43 7D 25 9D 42 00 00 34 42
1787903082.740482,34680,13a9,12,DE E4 3E 43 C7 A3 9F 42 00 00 38 42
1787903082.751241,34680,13aa,12,54 63 46 43 50 C1 9F 42 00 00 3C 42
1787903082.762039,34680,13ab,12,8B CD 4D 43 EC 7C 9D 42 00 00 40 42
1787903082.772586,34680,13ac,12,69 FA 54 43 2F EE 98 42 00 00 44 42
1787903082.787414,34680,13ad,12,34 BF 5B 43 E8 42 92 42 00 00 48 42
1787903082.797951,34680,13ae,12,67 F6 61 43 70 BF 89 42 00 00 4C 42
1787903082.808362,34680,13af,12,8A 7B 67 43 54 75 7F 42 00 00 50 42
1787903082.818795,34680,13b0,12,6A 2E 6C 43 B7 35 69 42 00 00 54 42
1787903082.829290,34680,13b1,12,FD F4 6F 43 FE A4 51 42 00 00 58 42
1787903082.839796,34680,13b2,12,C7 B8 72 43 07 B0 39 42 00 00 5C 42
1787903082.851135,34680,13b3,12,75 6A 74 43 26 4D 22 42 00 00 60 42
1787903082.862668,34680,13b4,12,F1 FF 74 43 12 6B 0C 42 00 00 64 42
1787903082.873054,34680,13b5,12,FE 75 74 43 4C D2 F1 41 00 00 68 42
1787903082.883602,34680,13b6,12,96 CF 72 43 47 1F D1 41 00 00 6C 42
1787903082.894095,34680,13b7,12,8F 16 70 43 C2 05 B8 41 00 00 70 42
1787903082.904628,34680,13b8,12,FE 59 6C 43 C2 88 A7 41 00 00 74 42
1787903082.915449,34680,13b9,12,9D AF 67 43 91 50 A0 41 00 00 78 42
1787903082.926062,34680,13ba,12,DC 32 62 43 E3 A6 A2 41 00 00 7C 42
1787903082.936502,34680,13bb,12,27 02 5C 43 91 72 AE 41 00 00 80 42
1787903082.947025,34680,13bc,12,58 42 55 43 0E 3D C3 41 00 00 82 42
1787903082.957497,34680,13bd,12,DA 18 4E 43 93 31 E0 41 00 00 84 42
1787903082.967859,34680,13be,12,89 AF 46 43 4A 14 02 42 00 00 86 42
1787903082.978694,34680,13bf,12,CE 31 3F 43 7B D9 16 42 00 00 88 42
1787903082.989922,34680,13c0,12,2E C9 37 43 88 92 2D 42 00 00 8A 42
1787903083.000432,34680,13c1,12,C6 A1 30 43 0B 5B 45 42 00 00 8C 42
1787903083.012294,34680,13c2,12,3E E3 29 43 8C 3E 5D 42 00 00 8E 42
1787903083.023330,34680,13c3,12,23 B5 23 43 34 49 74 42 00 00 90 42
1787903083.034103,34680,13c4,12,86 3B 1E 43 EA C7 84 42 00 00 92 42
1787903083.044757,34680,13c5,12,C1 94 19 43 F6 1B 8E 42 00 00 94 42
1787903083.055635,34680,13c6,12,86 DC 15 43 FA C2 95 42 00 00 96 42
1787903083.066706,34680,13c7,12,73 27 13 43 11 6E 9B 42 00 00 98 42
1787903083.077568,34680,13c8,12,8B 85 11 43 60 E3 9E 42 00 00 9A 42
1787903083.088307,34680,13c9,12,30 00 11 43 9A FF 9F 42 00 00 9C 42
1787903083.098891,34680,13ca,12,44 9A 11 43 9C B7 9E 42 00 00 9E 42
1787903083.109587,34680,13cb,12,33 50 13 43 46 18 9B 42 00 00 A0 42
1787903083.120393,34680,13cc,12,80 18 16 43 94 46 95 42 00 00 A2 42
1787903083.131170,34680,13cd,12,0E E3 19 43 EA 7D 8D 42 00 00 A4 42
1787903083.141994,34680,13ce,12,84 99 1E 43 BE 0D 84 42 00 00 A6 42
1787903083.152831,34680,13cf,12,C2 21 24 43 88 AE 72 42 00 00 A8 42
1787903083.163488,34680,13d0,12,DA 5A 2A 43 56 8C 5B 42 00 00 AA 42
1787903083.174975,34680,13d1,12,4B 22 31 43 9C A2 43 42 00 00 AC 42
1787903083.185777,34680,13d2,12,7C 50 38 43 6F E5 2B 42 00 00 AE 42
1787903083.196698,34680,13d3,12,59 BB 3F 43 1E 47 15 42 00 00 B0 42
1787903083.207183,34680,13d4,12,C6 39 47 43 0B B0 00 42 00 00 B2 42
1787903083.217647,34680,13d5,12,22 9F 4E 43 53 DE DD 41 00 00 B4 42
1787903083.228253,34680,13d6,12,70 C2 55 43 C7 76 C1 41 00 00 B6 42
1787903083.238961,34680,13d7,12,DA 79 5C 43 60 4B AD 41 00 00 B8 42
1787903083.249706,34680,13d8,12,26 9E 62 43 FE 29 A2 41 00 00 BA 42
1787903083.260418,34680,13d9,12,48 0D 68 43 FE 83 A0 41 00 00 BC 42
1787903083.271914,34680,13da,12,E5 A6 6C 43 F2 69 A8 41 00 00 BE 42
1787903083.282680,34680,13db,12,7D 51 70 43 BC 8B B9 41 00 00 C0 42
1787903083.293554,34680,13dc,12,74 F7 72 43 7C 3A D3 41 00 00 C2 42
1787903083.305076,34680,13dd,12,73 89 74 43 10 70 F4 41 00 00 C4 42
1787903083.317549,34680,13de,12,C7 FE 74 43 1A EB 0D 42 00 00 C6 42
1787903083.328526,34680,13df,12,B5 54 74 43 72 F0 23 42 00 00 C8 42
1787903083.339489,34680,13e0,12,EC 8E 72 43 DF 65 3B 42 00 00 CA 42
1787903083.351286,34680,13e1,12,9F B7 6F 43 ED 5B 53 42 00 00 CC 42
1787903083.361810,34680,13e2,12,9A DF 6B 43 0A DE 6A 42 00 00 CE 42
1787903083.372579,34680,13e3,12,2A 1C 67 43 4D 7D 80 42 00 00 D0 42
1787903083.383384,34680,13e4,12,AD 89 61 43 AF 69 8A 42 00 00 D2 42
1787903083.394030,34680,13e5,12,05 47 5B 43 FB CD 92 42 00 00 D4 42
1787903083.405051,34680,13e6,12,BE 78 54 43 8A 54 99 42 00 00 D6 42
1787903083.416824,34680,13e7,12,C0 46 4D 43 BE BA 9D 42 00 00 D8 42
1787903083.427378,34680,13e8,12,ED D8 45 43 A0 D3 9F 42 00 00 DA 42
1787903083.438233,34680,13e9,12,81 5B 3E 43 1A 8A 9F 42 00 00 DC 42
1787903083.448884,34680,13ea,12,00 F8 36 43 D9 E0 9C 42 00 00 DE 42
1787903083.459471,34680,13eb,12,B1 D9 2F 43 08 F3 97 42 00 00 E0 42
1787903083.470169,34680,13ec,12,2E 2A 29 43 F6 F2 90 42 00 00 E2 42
1787903083.480831,34680,13ed,12,88 0E 23 43 D6 28 88 42 00 00 E4 42
1787903083.491727,34680,13ee,12,1B AB 1D 43 00 DA 7B 42 00 00 E6 42
1787903083.502748,34680,13ef,12,C7 1D 19 43 14 51 65 42 00 00 E8 42
1787903083.513684,34680,13f0,12,54 81 15 43 EA 9C 4D 42 00 00 EA 42
1787903083.524841,34680,13f1,12,BC EA 12 43 76 AF 35 42 00 00 EC 42
1787903083.535793,34680,13f2,12,59 68 11 43 B4 7E 1E 42 00 00 EE 42
1787903083.547659,34680,13f3,12,27 03 11 43 BF F3 08 42 00 00 A0 41
1787903083.558587,34680,13f4,12,57 BD 11 43 A6 D8 EB 41 00 00 A8 41
1787903083.569244,34680,13f5,12,D4 92 13 43 59 55 CC 41 00 00 B0 41
1787903083.580128,34680,13f6,12,B6 78 16 43 3F 9F B4 41 00 00 B8 41
1787903083.591211,34680,13f7,12,EF 5E 1A 43 2E A9 A5 41 00 00 C0 41
1787903083.601985,34680,13f8,12,45 2E 1F 43 87 09 A0 41 00 00 C8 41
1787903083.612809,34680,13f9,12,10 CC 24 43 36 FB A3 41 00 00 D0 41
1787903083.623685,34680,13fa,12,8D 17 2B 43 FA 55 B1 41 00 00 D8 41
1787903083.634394,34680,13fb,12,CE EB 31 43 83 91 C7 41 00 00 E0 41
1787903083.645034,34680,13fc,12,F7 22 39 43 3C C8 E5 41 00 00 E8 41
1787903083.655706,34680,13fd,12,12 92 40 43 3B 65 05 42 00 00 F0 41
1787903083.666472,34680,13fe,12,EA 0F 48 43 30 8E 1A 42 00 00 F8 41
1787903083.677330,34680,13ff,12,A5 70 4F 43 01 87 31 42 00 00 00 42
1787903083.689266,34680,1400,12,1C 89 56 43 33 65 49 42 00 00 04 42
1787903083.700073,34680,1401,12,FC 31 5D 43 53 33 61 42 00 00 08 42
1787903083.710503,34680,1402,12,9C 43 63 43 18 02 78 42 00 00 0C 42
1787903083.721507,34680,1403,12,5A 9C 68 43 6C 73 86 42 00 00 10 42
1787903083.732565,34680,1404,12,C9 1C 6D 43 26 86 8F 42 00 00 14 42
1787903083.743119,34680,1405,12,B6 AA 70 43 9E DC 96 42 00 00 18 42
1787903083.757083,34680,1406,12,6D 32 73 43 9B 2B 9C 42 00 00 1C 42
1787903083.767826,34680,1407,12,DC A4 74 43 C0 3D 9F 42 00 00 20 42
1787903083.778679,34680,1408,12,00 FA 74 43 2D F3 9F 42 00 00 24 42
1787903083.789428,34680,1409,12,B8 2F 74 43 C1 44 9E 42 00 00 28 42
1787903083.800087,34680,140a,12,D1 4A 72 43 F1 43 9A 42 00 00 2C 42
1787903083.811157,34680,140b,12,CB 55 6F 43 72 18 94 42 00 00 30 42
1787903083.821988,34680,140c,12,CB 61 6B 43 22 03 8C 42 00 00 34 42
1787903083.832878,34680,140d,12,1B 86 66 43 0A 54 82 42 00 00 38 42
1787903083.843518,34680,140e,12,A8 DD 60 43 EF E1 6E 42 00 00 3C 42
1787903083.854301,34680,140f,12,22 8A 5A 43 26 8F 57 42 00 00 40 42
1787903083.864927,34680,1410,12,9C AE 53 43 E7 99 3F 42 00 00 44 42
1787903083.875733,34680,1411,12,24 73 4C 43 0D FE 27 42 00 00 48 42
1787903083.886500,34680,1412,12,1C 02 45 43 5E A5 11 42 00 00 4C 42
1787903083.897213,34680,1413,12,C3 84 3D 43 83 F5 FA 41 00 00 50 42
1787903083.909965,34680,1414,12,B2 27 36 43 A8 90 D8 41 00 00 54 42
1787903083.920700,34680,1415,12,B8 13 2F 43 67 77 BD 41 00 00 58 42
1787903083.931301,34680,1416,12,53 72 28 43 A1 C6 AA 41 00 00 5C 42
1787903083.942204,34680,1417,12,3C 6A 22 43 67 37 A1 41 00 00 60 42
1787903083.953078,34680,1418,12,E1 1C 1D 43 38 2E A1 41 00 00 64 42
1787903083.963804,34680,1419,12,D5 A9 18 43 38 A9 AA 41 00 00 68 42
1787903083.974431,34680,141a,12,C2 29 15 43 48 4B BD 41 00 00 6C 42
1787903083.985199,34680,141b,12,4B B1 12 43 8A 50 D8 41 00 00 70 42
1787903084.003364,34680,141c,12,BC 4E 11 43 6D AD FA 41 00 00 74 42
1787903084.014516,34680,141d,12,C2 09 11 43 5C 7C 11 42 00 00 78 42
1787903084.025285,34680,141e,12,F9 E3 11 43 1A CE 27 42 00 00 7C 42
1787903084.035952,34680,141f,12,A6 D8 13 43 01 6C 3F 42 00 00 80 42
1787903084.046581,34680,1420,12,82 DC 16 43 CD 5D 57 42 00 00 82 42
1787903084.057828,34680,1421,12,C0 DD 1A 43 64 B6 6E 42 00 00 84 42
1787903084.068622,34680,1422,12,2B C6 1F 43 2E 40 82 42 00 00 86 42
1787903084.079425,34680,1423,12,8B 78 25 43 94 F0 8B 42 00 00 88 42
1787903084.090117,34680,1424,12,4C D5 2B 43 AE 0A 94 42 00 00 8A 42
1787903084.100872,34680,1425,12,49 B7 32 43 4E 39 9A 42 00 00 8C 42
1787903084.111557,34680,1426,12,28 F6 39 43 40 3F 9E 42 00 00 8E 42
1787903084.122683,34680,1427,12,BF 69 41 43 38 F2 9F 42 00 00 90 42
1787903084.133386,34680,1428,12,B0 E5 48 43 AD 41 9F 42 00 00 92 42
1787903084.144691,34680,1429,12,7E 40 50 43 02 34 9C 42 00 00 94 42
1787903084.155411,34680,142a,12,16 4F 57 43 4E E9 96 42 00 00 96 42
1787903084.166581,34680,142b,12,39 E8 5D 43 F8 95 8F 42 00 00 98 42
1787903084.177273,34680,142c,12,54 E7 63 43 03 87 86 42 00 00 9A 42
1787903084.191426,34680,142d,12,B3 28 69 43 B0 2F 78 42 00 00 9C 42
1787903084.202323,34680,142e,12,34 8F 6D 43 22 62 61 42 00 00 9E 42
1787903084.213237,34680,142f,12,F1 00 71 43 15 95 49 42 00 00 A0 42
1787903084.228763,34680,1430,12,EA 69 73 43 35 B4 31 42 00 00 A2 42
1787903084.239593,34680,1431,12,C4 BC 74 43 85 BA 1A 42 00 00 A4 42
1787903084.250400,34680,1432,12,9C F1 74 43 A6 8E 05 42 00 00 A6 42
1787903084.260917,34680,1433,12,4E 07 74 43 CE 0B E6 41 00 00 A8 42
1787903084.271435,34680,1434,12,07 03 72 43 41 C6 C7 41 00 00 AA 42
1787903084.282084,34680,1435,12,C2 F0 6E 43 62 78 B1 41 00 00 AC 42
1787903084.292938,34680,1436,12,84 E1 6A 43 A9 0C A4 41 00 00 AE 42
1787903084.303667,34680,1437,12,7A ED 65 43 DB 07 A0 41 00 00 B0 42
1787903084.315393,34680,1438,12,18 30 60 43 93 94 A5 41 00 00 B2 42
1787903084.327169,34680,1439,12,DA CA 59 43 7A 78 B4 41 00 00 B4 42
1787903084.338930,34680,143a,12,44 E3 52 43 1E 20 CC 41 00 00 B6 42
1787903084.349473,34680,143b,12,9D 9F 4B 43 D4 92 EB 41 00 00 B8 42
1787903084.359926,34680,143c,12,26 2B 44 43 6D C9 08 42 00 00 BA 42
1787903084.370522,34680,143d,12,32 AF 3C 43 C9 51 1E 42 00 00 BC 42
1787903084.381332,34680,143e,12,90 57 35 43 24 80 35 42 00 00 BE 42
1787903084.392051,34680,143f,12,30 4F 2E 43 F4 6E 4D 42 00 00 C0 42
1787903084.402894,34680,1440,12,0F BD 27 43 A2 22 65 42 00 00 C2 42
1787903084.413453,34680,1441,12,4B C8 21 43 1B AD 7B 42 00 00 C4 42
1787903084.424007,34680,1442,12,E9 91 1C 43 B7 15 88 42 00 00 C6 42
1787903084.447687,34680,1443,12,8A 38 18 43 16 E3 90 42 00 00 C8 42
1787903084.458523,34680,1444,12,80 D5 14 43 82 E7 97 42 00 00 CA 42
1787903084.469464,34680,1445,12,8E 7B 12 43 36 D9 9C 42 00 00 CC 42
1787903084.480164,34680,1446,12,B6 38 11 43 01 87 9F 42 00 00 CE 42
1787903084.490788,34680,1447,12,F6 13 11 43 6C D5 9F 42 00 00 D0 42
1787903084.502277,34680,1448,12,51 0E 12 43 40 C1 9D 42 00 00 D2 42
1787903084.513542,34680,1449,12,E1 21 14 43 10 5F 99 42 00 00 D4 42
1787903084.524231,34680,144a,12,24 43 17 43 F3 DC 92 42 00 00 D6 42
1787903084.534866,34680,144b,12,77 5F 1B 43 C9 7C 8A 42 00 00 D8 42
1787903084.546456,34680,144c,12,11 60 20 43 5D 92 80 42 00 00 DA 42
1787903084.557750,34680,144d,12,CC 27 26 43 D9 0B 6B 42 00 00 DC 42
1787903084.569421,34680,144e,12,B8 94 2C 43 BA 89 53 42 00 00 DE 42
1787903084.580002,34680,144f,12,36 83 33 43 7F 95 3B 42 00 00 E0 42
1787903084.592480,34680,1450,12,00 CA 3A 43 EC 1F 24 42 00 00 E2 42
1787903084.603115,34680,1451,12,C2 40 42 43 06 15 0E 42 00 00 E4 42
1787903084.613841,34680,1452,12,CF BB 49 43 0A B9 F4 41 00 00 E6 42
1787903084.624507,34680,1453,12,62 0F 51 43 5F 73 D3 41 00 00 E8 42
1787903084.635236,34680,1454,12,E0 12 58 43 CC B6 B9 41 00 00 EA 42
1787903084.645889,34680,1455,12,84 9C 5E 43 25 84 A8 41 00 00 EC 42
1787903084.656614,34680,1456,12,12 88 64 43 58 8A A0 41 00 00 EE 42
1787903084.667385,34680,1457,12,C9 B2 69 43 3C 1D A2 41 00 00 A0 41
1787903084.678833,34680,1458,12,8A FE 6D 43 3D 2D AD 41 00 00 A8 41
1787903084.689591,34680,1459,12,88 53 71 43 0F 46 C1 41 00 00 B0 41
1787903084.700250,34680,145a,12,E8 9D 73 43 AF 9B DD 41 00 00 B8 41
1787903084.710988,34680,145b,12,FC D0 74 43 8D 89 00 42 00 00 C0 41
1787903084.721499,34680,145c,12,8F E5 74 43 BC 1B 15 42 00 00 C8 41
1787903084.734710,34680,145d,12,58 DB 73 43 B6 B8 2B 42 00 00 D0 41
1787903084.745487,34680,145e,12,18 B8 71 43 C1 72 43 42 00 00 D8 41
1787903084.758634,34680,145f,12,8C 88 6E 43 3B 5B 5B 42 00 00 E0 41
1787903084.769525,34680,1460,12,5C 5E 6A 43 C3 81 72 42 00 00 E8 41
1787903084.780317,34680,1461,12,C2 51 65 43 7E F9 83 42 00 00 F0 41
1787903084.791159,34680,1462,12,6D 80 5F 43 49 6D 8D 42 00 00 F8 41
1787903084.802107,34680,1463,12,9C 0A 59 43 E6 38 95 42 00 00 00 42
1787903084.813051,34680,1464,12,C7 16 52 43 67 0E 9B 42 00 00 04 42
1787903084.823803,34680,1465,12,77 CB 4A 43 AA B2 9E 42 00 00 08 42
1787903084.840400,34680,1466,12,53 53 43 43 69 FF 9F 42 00 00 0C 42
1787903084.851429,34680,1467,12,16 DA 3B 43 C4 E7 9E 42 00 00 10 42
1787903084.862065,34680,1468,12,2C 89 34 43 37 77 9B 42 00 00 14 42
1787903084.872834,34680,1469,12,27 8C 2D 43 DC D0 95 42 00 00 18 42
1787903084.883641,34680,146a,12,C2 09 27 43 01 2D 8E 42 00 00 1C 42
1787903084.894619,34680,146b,12,2D 28 21 43 F6 DB 84 42 00 00 20 42
1787903084.905541,34680,146c,12,B8 09 1C 43 F5 73 74 42 00 00 24 42
1787903084.916220,34680,146d,12,C2 CA 17 43 AC 6D 5D 42 00 00 28 42
1787903084.926910,34680,146e,12,94 84 14 43 CB 8C 45 42 00 00 2C 42
1787903084.937704,34680,146f,12,53 49 12 43 40 C1 2D 42 00 00 30 42
1787903084.948452,34680,1470,12,3A 26 11 43 2F 05 17 42 00 00 34 42
1787903084.960662,34680,1471,12,C6 21 11 43 B4 39 02 42 00 00 38 42
1787903084.971277,34680,1472,12,0C 3C 12 43 D4 72 E0 41 00 00 3C 42
1787903084.981913,34680,1473,12,7F 6E 14 43 0A 71 C3 41 00 00 40 42
1787903084.992449,34680,1474,12,EF AC 17 43 5D 93 AE 41 00 00 44 42
1787903085.003015,34680,1475,12,88 E4 1B 43 28 B5 A2 41 00 00 48 42
1787903085.013547,34680,1476,12,78 FC 20 43 ED 4B A0 41 00 00 4C 42
1787903085.024261,34680,1477,12,82 D8 26 43 05 71 A7 41 00 00 50 42
1787903085.035656,34680,1478,12,C2 55 2D 43 6F DA B7 41 00 00 54 42
1787903085.046447,34680,1479,12,41 50 34 43 48 E5 D0 41 00 00 58 42
1787903085.057093,34680,147a,12,36 9F 3B 43 50 8A F1 41 00 00 5C 42
1787903085.067996,34680,147b,12,D2 17 43 43 25 43 0C 42 00 00 60 42
1787903085.078807,34680,147c,12,AB 90 4A 43 B3 1F 22 42 00 00 64 42
1787903085.089486,34680,147d,12,43 DD 51 43 A0 7E 39 42 00 00 68 42
1787903085.100095,34680,147e,12,24 D5 58 43 42 75 51 42 00 00 6C 42
1787903085.110961,34680,147f,12,75 4F 5F 43 B0 07 69 42 00 00 70 42
1787903085.121614,34680,1480,12,64 26 65 43 82 4C 7F 42 00 00 74 42
1787903085.132292,34680,1481,12,92 39 6A 43 D0 AC 89 42 00 00 78 42
1787903085.143435,34680,1482,12,C6 6A 6E 43 0C 33 92 42 00 00 7C 42
1787903085.154130,34680,1483,12,C4 A2 71 43 E4 E2 98 42 00 00 80 42
1787903085.164726,34680,1484,12,8E CE 73 43 0D 76 9D 42 00 00 82 42
1787903085.175843,34680,1485,12,99 E1 74 43 38 BF 9F 42 00 00 84 42
1787903085.187100,34680,1486,12,F0 D5 74 43 61 A6 9F 42 00 00 86 42
1787903085.197854,34680,1487,12,DA AB 73 43 0C 2D 9D 42 00 00 88 42
1787903085.215101,34680,1488,12,CA 69 71 43 8F 6B 98 42 00 00 8A 42
1787903085.225544,34680,1489,12,CC 1C 6E 43 E7 93 91 42 00 00 8C 42
1787903085.236049,34680,148a,12,5B D8 69 43 D5 E9 88 42 00 00 8E 42
1787903085.246591,34680,148b,12,1E B4 64 43 DC 90 7D 42 00 00 90 42
1787903085.257012,34680,148c,12,B2 CE 5E 43 A2 2B 67 42 00 00 92 42
1787903085.269731,34680,148d,12,C7 48 58 43 B1 84 4F 42 00 00 94 42
1787903085.280439,34680,148e,12,73 48 51 43 AE 94 37 42 00 00 96 42
1787903085.291153,34680,148f,12,C0 F6 49 43 9F 48 20 42 00 00 98 42
1787903085.302067,34680,1490,12,41 7C 42 43 6C 95 0A 42 00 00 9A 42
1787903085.312908,34680,1491,12,7D 05 3B 43 74 A9 EE 41 00 00 9C 42
1787903085.323969,34680,1492,12,D4 BB 33 43 6D 91 CE 41 00 00 9E 42
1787903085.334589,34680,1493,12,F7 C9 2C 43 23 34 B6 41 00 00 A0 42
1787903085.345481,34680,1494,12,7B 58 26 43 D7 82 A6 41 00 00 A2 42
1787903085.356465,34680,1495,12,17 8B 20 43 80 22 A0 41 00 00 A4 42
1787903085.366983,34680,1496,12,57 84 1B 43 04 51 A3 41 00 00 A6 42
1787903085.377575,34680,1497,12,18 60 17 43 9E F0 AF 41 00 00 A8 42
1787903085.388231,34680,1498,12,BD 36 14 43 98 7C C5 41 00 00 AA 42
1787903085.399531,34680,1499,12,9E 1A 12 43 9A 1F E3 41 00 00 AC 42
1787903085.410356,34680,149a,12,6C 17 11 43 0C D1 03 42 00 00 AE 42
1787903085.421165,34680,149b,12,30 33 11 43 D3 C9 18 42 00 00 B0 42
1787903085.431778,34680,149c,12,4E 6D 12 43 E1 A7 2F 42 00 00 B2 42
1787903085.442258,34680,149d,12,C6 BE 14 43 D2 7A 47 42 00 00 B4 42
1787903085.454628,34680,149e,12,DB 19 18 43 BF 56 5F 42 00 00 B6 42
1787903085.465415,34680,149f,12,F3 6B 1C 43 D8 40 76 42 00 00 B8 42
1787903085.476760,34680,14a0,12,54 9B 21 43 8F A9 85 42 00 00 BA 42
1787903085.487652,34680,14a1,12,40 8B 27 43 9E DC 8E 42 00 00 BC 42
1787903085.498419,34680,14a2,12,14 19 2E 43 E5 58 96 42 00 00 BE 42
1787903085.510187,34680,14a3,12,5C 1E 35 43 45 D4 9B 42 00 00 C0 42
1787903085.520740,34680,14a4,12,30 74 3C 43 1D 15 9F 42 00 00 C2 42
1787903085.531676,34680,14a5,12,E1 EE 43 43 43 FB 9F 42 00 00 C4 42
1787903085.542599,34680,14a6,12,FB 64 4B 43 1F 7D 9E 42 00 00 C6 42
1787903085.553292,34680,14a7,12,CE AA 52 43 64 AA 9A 42 00 00 C8 42
1787903085.564179,34680,14a8,12,D4 95 59 43 EB A8 94 42 00 00 CA 42
1787903085.574964,34680,14a9,12,B4 FF 5F 43 D8 B7 8C 42 00 00 CC 42
1787903085.586261,34680,14aa,12,3E C2 65 43 68 27 83 42 00 00 CE 42
1787903085.610772,34680,14ab,12,84 BD 6A 43 D0 AE 70 42 00 00 D0 42
1787903085.621577,34680,14ac,12,3E D4 6E 43 03 73 59 42 00 00 D2 42
1787903085.632938,34680,14ad,12,A3 EE 71 43 78 81 41 42 00 00 D4 42
1787903085.645734,34680,14ae,12,7E FB 73 43 E2 D5 29 42 00 00 D6 42
1787903085.657000,34680,14af,12,9C EE 74 43 01 5E 13 42 00 00 D8 42
1787903085.667813,34680,14b0,12,B8 C2 74 43 1A F8 FD 41 00 00 DA 42
1787903085.680749,34680,14b1,12,A7 78 73 43 98 0C DB 41 00 00 DC 42
1787903085.691739,34680,14b2,12,20 18 71 43 40 53 BF 41 00 00 DE 42
1787903085.702472,34680,14b3,12,50 AE 6D 43 83 EF AB 41 00 00 E0 42
1787903085.713291,34680,14b4,12,8C 4F 69 43 3F A2 A1 41 00 00 E2 42
1787903085.723999,34680,14b5,12,0A 14 64 43 2A D5 A0 41 00 00 E4 42
1787903085.735811,34680,14b6,12,4D 1A 5E 43 B1 90 A9 41 00 00 E6 42
1787903085.746456,34680,14b7,12,67 85 57 43 5B 7E BB 41 00 00 E8 42
1787903085.757080,34680,14b8,12,D5 79 50 43 B0 E1 D5 41 00 00 EA 42
1787903085.767798,34680,14b9,12,88 21 49 43 9A AF F7 41 00 00 EC 42
1787903085.778649,34680,14ba,12,39 A5 41 43 F3 CA 0F 42 00 00 EE 42
1787903085.789214,34680,14bb,12,B4 30 3A 43 90 F8 25 42 00 00 A0 41
1787903085.799838,34680,14bc,12,97 EF 32 43 0A 85 3D 42 00 00 A8 41
1787903085.810727,34680,14bd,12,18 0A 2C 43 D5 78 55 42 00 00 B0 41
1787903085.821391,34680,14be,12,46 A9 25 43 32 E3 6C 42 00 00 B8 41
1787903085.831921,34680,14bf,12,7E F0 1F 43 45 6C 81 42 00 00 C0 41
1787903085.845823,34680,14c0,12,59 01 1B 43 04 39 8B 42 00 00 C8 41
1787903085.857387,34680,14c1,12,96 F8 16 43 CD 76 93 42 00 00 D0 41
1787903085.867903,34680,14c2,12,92 EC 13 43 FD CE 99 42 00 00 D8 41
1787903085.878521,34680,14c3,12,70 EF 11 43 48 02 9E 42 00 00 E0 41
1787903085.889011,34680,14c4,12,38 0C 11 43 EF E5 9F 42 00 00 E8 41
1787903085.903318,34680,14c5,12,48 48 11 43 17 66 9F 42 00 00 F0 41
1787903085.914516,34680,14c6,12,13 A2 12 43 B2 87 9C 42 00 00 F8 41
1787903085.925041,34680,14c7,12,1D 12 15 43 E7 68 97 42 00 00 00 42
1787903085.935507,34680,14c8,12,E1 89 18 43 AE 3D 90 42 00 00 04 42
1787903085.946189,34680,14c9,12,28 F6 1C 43 A6 4D 87 42 00 00 08 42
1787903085.956797,34680,14ca,12,31 3D 22 43 81 ED 79 42 00 00 0C 42
1787903085.967284,34680,14cb,12,FB 3F 28 43 C0 3E 63 42 00 00 10 42
1787903085.977912,34680,14cc,12,33 DD 2E 43 7C 7D 4B 42 00 00 14 42
1787903085.988554,34680,14cd,12,78 ED 35 43 9C 98 33 42 00 00 18 42
1787903085.999336,34680,14ce,12,A2 49 3D 43 62 80 1C 42 00 00 1C 42
1787903086.010124,34680,14cf,12,A6 C6 44 43 94 27 07 42 00 00 20 42
1787903086.021933,34680,14d0,12,AF 38 4C 43 20 C3 E8 41 00 00 24 42
1787903086.032618,34680,14d1,12,78 76 53 43 65 E7 C9 41 00 00 28 42
1787903086.043896,34680,14d2,12,E2 54 5A 43 6E F0 B2 41 00 00 2C 42
1787903086.054685,34680,14d3,12,DA AD 60 43 02 C7 A4 41 00 00 30 42
1787903086.065310,34680,14d4,12,22 5C 66 43 00 00 A0 41 00 00 34 42
1787903086.076365,34680,14d5,12,98 3E 6B 43 B5 CA A4 41 00 00 38 42
1787903086.087807,34680,14d6,12,29 3A 6F 43 C3 F4 B2 41 00 00 3C 42
1787903086.098436,34680,14d7,12,1D 37 72 43 AC ED C9 41 00 00 40 42
1787903086.109325,34680,14d8,12,E4 24 74 43 7A D0 E8 41 00 00 44 42
1787903086.119884,34680,14d9,12,0A F8 74 43 40 2C 07 42 00 00 48 42
1787903086.130583,34680,14da,12,E7 AB 74 43 0E 89 1C 42 00 00 4C 42
1787903086.141123,34680,14db,12,21 42 73 43 16 9E 33 42 00 00 50 42
1787903086.151635,34680,14dc,12,21 C3 70 43 09 83 4B 42 00 00 54 42
1787903086.162399,34680,14dd,12,BF 3C 6D 43 D0 47 63 42 00 00 58 42
1787903086.173469,34680,14de,12,74 C3 68 43 8E F2 79 42 00 00 5C 42
1787903086.184289,34680,14df,12,93 71 63 43 69 51 87 42 00 00 60 42
1787903086.196092,34680,14e0,12,98 64 5D 43 8F 3F 90 42 00 00 64 42
1787903086.206617,34680,14e1,12,8C C0 56 43 56 6A 97 42 00 00 68 42
1787903086.217877,34680,14e2,12,3E AA 4F 43 40 89 9C 42 00 00 6C 42
1787903086.228377,34680,14e3,12,19 4B 48 43 7B 66 9F 42 00 00 70 42
1787903086.238876,34680,14e4,12,4A CE 40 43 A9 E5 9F 42 00 00 74 42
1787903086.249490,34680,14e5,12,53 5D 39 43 92 01 9E 42 00 00 78 42
1787903086.260160,34680,14e6,12,82 24 32 43 C2 CD 99 42 00 00 7C 42
1787903086.270955,34680,14e7,12,E0 4B 2B 43 F4 73 93 42 00 00 80 42
1787903086.281510,34680,14e8,12,90 FB 24 43 EA 36 8B 42 00 00 82 42
1787903086.293434,34680,14e9,12,6E 58 1F 43 37 68 81 42 00 00 84 42
1787903086.304944,34680,14ea,12,BA 81 1A 43 E8 DD 6C 42 00 00 86 42
1787903086.315486,34680,14eb,12,42 94 16 43 4F 73 55 42 00 00 88 42
1787903086.331022,34680,14ec,12,CE A5 13 43 C5 7B 3D 42 00 00 8A 42
1787903086.341889,34680,14ed,12,AC C7 11 43 3C F3 25 42 00 00 8C 42
1787903086.352524,34680,14ee,12,A1 04 11 43 BA C2 0F 42 00 00 8E 42
1787903086.363099,34680,14ef,12,E7 60 11 43 05 A7 F7 41 00 00 90 42
1787903086.373720,34680,14f0,12,57 DA 12 43 AC DA D5 41 00 00 92 42
1787903086.384184,34680,14f1,12,C5 68 15 43 B4 75 BB 41 00 00 94 42
1787903086.394784,34680,14f2,12,65 FD 18 43 96 8D A9 41 00 00 96 42
1787903086.405272,34680,14f3,12,1C 83 1D 43 9E D3 A0 41 00 00 98 42
1787903086.415730,34680,14f4,12,D8 E0 22 43 8B A3 A1 41 00 00 9A 42
1787903086.426669,34680,14f5,12,A4 F6 28 43 FA F2 AB 41 00 00 9C 42
1787903086.437551,34680,14f6,12,C7 A2 2F 43 72 5C BF 41 00 00 9E 42
1787903086.448059,34680,14f7,12,48 BE 36 43 E6 13 DB 41 00 00 A0 42
1787903086.459143,34680,14f8,12,7E 1F 3E 43 E0 06 FE 41 00 00 A2 42
1787903086.469761,34680,14f9,12,83 9D 45 43 FF 62 13 42 00 00 A4 42
1787903086.485442,34680,14fa,12,BA 0B 4D 43 43 DB 29 42 00 00 A6 42
1787903086.496238,34680,14fb,12,F2 40 54 43 C3 8A 41 42 00 00 A8 42
1787903086.506810,34680,14fc,12,EF 12 5B 43 82 78 59 42 00 00 AA 42
1787903086.517494,34680,14fd,12,DB 59 61 43 91 B7 70 42 00 00 AC 42
1787903086.528311,34680,14fe,12,E8 F2 66 43 C8 29 83 42 00 00 AE 42
1787903086.539457,34680,14ff,12,C3 BC 6B 43 E2 B9 8C 42 00 00 B0 42
1787903086.549924,34680,1500,12,E1 9C 6F 43 A4 AB 94 42 00 00 B2 42
1787903086.560483,34680,1501,12,6C 7C 72 43 88 AB 9A 42 00 00 B4 42
1787903086.571044,34680,1502,12,BD 4A 74 43 28 7E 9E 42 00 00 B6 42
1787903086.581733,34680,1503,12,D1 FD 74 43 54 FB 9F 42 00 00 B8 42
1787903086.592180,34680,1504,12,7F 91 74 43 A1 14 9F 42 00 00 BA 42
1787903086.604711,34680,1505,12,1E 08 73 43 90 D2 9B 42 00 00 BC 42
1787903086.615494,34680,1506,12,80 6A 70 43 62 57 96 42 00 00 BE 42
1787903086.626261,34680,1507,12,20 C8 6C 43 5C D9 8E 42 00 00 C0 42
1787903086.636887,34680,1508,12,22 35 68 43 42 A7 85 42 00 00 C2 42
1787903086.647504,34680,1509,12,C3 CC 62 43 B8 3B 76 42 00 00 C4 42
1787903086.657997,34680,150a,12,FC AC 5C 43 9E 4D 5F 42 00 00 C6 42
1787903086.668339,34680,150b,12,8B F9 55 43 44 75 47 42 00 00 C8 42
1787903086.678847,34680,150c,12,BC D9 4E 43 C4 9E 2F 42 00 00 CA 42
1787903086.689983,34680,150d,12,0D 75 47 43 B8 C4 18 42 00 00 CC 42
1787903086.700724,34680,150e,12,84 F7 3F 43 7A CC 03 42 00 00 CE 42
1787903086.711548,34680,150f,12,A4 8A 38 43 B2 12 E3 41 00 00 D0 42
1787903086.722474,34680,1510,12,EB 59 31 43 A2 76 C5 41 00 00 D2 42
1787903086.733004,34680,1511,12,60 8F 2A 43 F2 E9 AF 41 00 00 D4 42
1787903086.743589,34680,1512,12,A8 50 24 43 2E 4F A3 41 00 00 D6 42
1787903086.767826,34680,1513,12,F2 C2 1E 43 E0 22 A0 41 00 00 D8 42
1787903086.779214,34680,1514,12,08 05 1A 43 26 87 A6 41 00 00 DA 42
1787903086.790611,34680,1515,12,CC 32 16 43 CE 38 B6 41 00 00 DC 42
1787903086.804793,34680,1516,12,75 62 13 43 72 9C CE 41 00 00 DE 42
1787903086.815760,34680,1517,12,9D A3 11 43 AE B1 EE 41 00 00 E0 42
1787903086.827165,34680,1518,12,A7 00 11 43 32 9A 0A 42 00 00 E2 42
1787903086.838200,34680,1519,12,1C 7D 11 43 68 51 20 42 00 00 E4 42
1787903086.850116,34680,151a,12,4E 16 13 43 2F 9A 37 42 00 00 E6 42
1787903086.860724,34680,151b,12,B9 C2 15 43 FB 8D 4F 42 00 00 E8 42
1787903086.871407,34680,151c,12,89 73 19 43 FF 30 67 42 00 00 EA 42
1787903086.883079,34680,151d,12,C6 12 1E 43 D4 95 7D 42 00 00 EC 42
1787903086.893724,34680,151e,12,D0 86 23 43 80 ED 88 42 00 00 EE 42
1787903086.904353,34680,151f,12,DC AF 29 43 B6 95 91 42 00 00 A0 41
1787903086.914885,34680,1520,12,C2 69 30 43 D3 6D 98 42 00 00 A8 41
1787903096.944468,34680,1522,12,39 8F 37 43 E4 2D 9D 42 00 00 B0 41
1787903096.954343,34680,1523,12,B5 F5 3E 43 AE A6 9F 42 00 00 B8 41
1787903096.964888,34680,1524,12,2F 74 46 43 CB BE 9F 42 00 00 C0 41
1787903096.975588,34680,1525,12,CD DE 4D 43 40 75 9D 42 00 00 C8 41
1787903096.986047,34680,1526,12,2C 0A 55 43 B2 E0 98 42 00 00 D0 41
1787903096.996946,34680,1527,12,8F CE 5B 43 46 31 92 42 00 00 D8 41
1787903097.007392,34680,1528,12,AA 03 62 43 A6 AA 89 42 00 00 E0 41
1787903097.019757,34680,1529,12,15 87 67 43 40 44 7F 42 00 00 E8 41
1787903097.030210,34680,152a,12,6E 38 6C 43 59 02 69 42 00 00 F0 41
1787903097.040823,34680,152b,12,60 FC 6F 43 FB 6B 51 42 00 00 F8 41
1787903097.051427,34680,152c,12,0A BE 72 43 1C 79 39 42 00 00 00 42
1787903097.061748,34680,152d,12,06 6D 74 43 6E 1A 22 42 00 00 04 42
1787903097.072650,34680,152e,12,FC FF 74 43 13 3B 0C 42 00 00 08 42
1787903097.083021,34680,152f,12,64 73 74 43 F8 81 F1 41 00 00 0C 42
1787903097.101897,34680,1530,12,A2 CA 72 43 06 DA D0 41 00 00 10 42
1787903097.112465,34680,1531,12,E8 0E 70 43 9A D5 B7 41 00 00 14 42
1787903097.133785,34680,1532,12,7C 50 6C 43 46 6E A7 41 00 00 18 42
1787903097.174203,34680,1533,12,20 A4 67 43 01 4B A0 41 00 00 1C 42
1787903097.186208,34680,1534,12,0A 25 62 43 D3 B6 A2 41 00 00 20 42
1787903097.196768,34680,1535,12,84 F3 5B 43 C1 99 AE 41 00 00 24 42
1787903097.208496,34680,1536,12,E2 31 55 43 DA 76 C3 41 00 00 28 42
1787903097.219563,34680,1537,12,5F 08 4E 43 68 7A E0 41 00 00 2C 42
1787903097.230826,34680,1538,12,AF 9E 46 43 46 41 02 42 00 00 30 42
1787903097.241887,34680,1539,12,2E 20 3F 43 42 0A 17 42 00 00 34 42
1787903097.253120,34680,153a,12,B7 B8 37 43 55 CA 2D 42 00 00 38 42
1787903097.265457,34680,153b,12,56 91 30 43 59 92 45 42 00 00 3C 42
1787903097.275858,34680,153c,12,A3 D4 29 43 23 73 5D 42 00 00 40 42
1787903097.286544,34680,153d,12,F7 A7 23 43 9A 7C 74 42 00 00 44 42
1787903097.297023,34680,153e,12,8D 2F 1E 43 48 DE 84 42 00 00 48 42
1787903097.307575,34680,153f,12,4C 8B 19 43 50 30 8E 42 00 00 4C 42
1787903097.318274,34680,1540,12,EE D4 15 43 68 D2 95 42 00 00 50 42
1787903097.328595,34680,1541,12,8E 22 13 43 46 78 9B 42 00 00 54 42
1787903097.339483,34680,1542,12,1F 83 11 43 A6 E8 9E 42 00 00 58 42
1787903097.350112,34680,1543,12,4B 00 11 43 63 FF 9F 42 00 00 5C 42
1787903097.361256,34680,1544,12,E4 9C 11 43 B4 B1 9E 42 00 00 60 42
1787903097.371688,34680,1545,12,86 55 13 43 4C 0D 9B 42 00 00 64 42
1787903097.382215,34680,1546,12,F2 1F 16 43 50 37 95 42 00 00 68 42
1787903097.393164,34680,1547,12,AE EC 19 43 EB 69 8D 42 00 00 6C 42
1787903097.404672,34680,1548,12,A4 A5 1E 43 24 F7 83 42 00 00 70 42
1787903097.415373,34680,1549,12,0F 2F 24 43 0F 79 72 42 00 00 74 42
1787903097.425923,34680,154a,12,3D 6A 2A 43 C0 55 5B 42 00 00 78 42
1787903097.438442,34680,154b,12,14 32 31 43 34 6D 43 42 00 00 7C 42
1787903097.448999,34680,154c,12,FE 60 38 43 AB AF 2B 42 00 00 80 42
1787903097.459494,34680,154d,12,FD CC 3F 43 B4 16 15 42 00 00 82 42
1787903097.469992,34680,154e,12,9C 4A 47 43 14 82 00 42 00 00 84 42
1787903097.480437,34680,154f,12,53 B0 4E 43 41 94 DD 41 00 00 86 42
1787903097.490954,34680,1550,12,18 D2 55 43 6A 40 C1 41 00 00 88 42
1787903097.501742,34680,1551,12,63 88 5C 43 29 27 AD 41 00 00 8A 42
1787903097.512414,34680,1552,12,D6 AB 62 43 C4 1B A2 41 00 00 8C 42
1787903097.522895,34680,1553,12,9E 18 68 43 98 8B A0 41 00 00 8E 42
1787903097.534701,34680,1554,12,AA B0 6C 43 14 87 A8 41 00 00 90 42
1787903097.545399,34680,1555,12,9E 58 70 43 CD BB B9 41 00 00 92 42
1787903097.555786,34680,1556,12,36 FC 72 43 E3 7E D3 41 00 00 94 42
1787903097.566286,34680,1557,12,D6 8B 74 43 84 C1 F4 41 00 00 96 42
1787903097.577210,34680,1558,12,88 FE 74 43 2C 1D 0E 42 00 00 98 42
1787903097.587698,34680,1559,12,D0 51 74 43 39 25 24 42 00 00 9A 42
1787903097.598170,34680,155a,12,B2 89 72 43 06 9B 3B 42 00 00 9C 42
1787903097.614614,34680,155b,12,0E B0 6F 43 FE 92 53 42 00 00 9E 42
1787903097.625226,34680,155c,12,69 D5 6B 43 29 11 6B 42 00 00 A0 42
1787903097.635729,34680,155d,12,78 10 67 43 75 96 80 42 00 00 A2 42
1787903097.647347,34680,155e,12,AC 7B 61 43 EA 7E 8A 42 00 00 A4 42
1787903097.658097,34680,155f,12,3E 38 5B 43 AF DE 92 42 00 00 A6 42
1787903097.669024,34680,1560,12,E8 68 54 43 30 61 99 42 00 00 A8 42
1787903097.679814,34680,1561,12,73 35 4D 43 00 C2 9D 42 00 00 AA 42
1787903097.690274,34680,1562,12,0F C8 45 43 C5 D5 9F 42 00 00 AC 42
1787903097.707512,34680,1563,12,E7 49 3E 43 A8 86 9F 42 00 00 AE 42
1787903097.718340,34680,1564,12,9B E7 36 43 52 D8 9C 42 00 00 B0 42
1787903097.728966,34680,1565,12,16 CA 2F 43 2C E5 97 42 00 00 B2 42
1787903097.739544,34680,1566,12,0E 1B 29 43 3E E1 90 42 00 00 B4 42
1787903097.750013,34680,1567,12,8A 01 23 43 FF 11 88 42 00 00 B6 42
1787903097.760499,34680,1568,12,5B 9F 1D 43 18 A8 7B 42 00 00 B8 42
1787903097.770804,34680,1569,12,8F 14 19 43 3E 1D 65 42 00 00 BA 42
1787903097.781646,34680,156a,12,54 7A 15 43 A8 65 4D 42 00 00 BC 42
1787903097.792156,34680,156b,12,E6 E5 12 43 A6 7A 35 42 00 00 BE 42
1787903097.803036,34680,156c,12,34 66 11 43 10 49 1E 42 00 00 C0 42
1787903097.813508,34680,156d,12,8E 03 11 43 B4 C4 08 42 00 00 C2 42
1787903097.823825,34680,156e,12,3F C0 11 43 BC 8A EB 41 00 00 C4 42
1787903097.838548,34680,156f,12,30 98 13 43 5C 15 CC 41 00 00 C6 42
1787903097.849091,34680,1570,12,C4 80 16 43 FC 73 B4 41 00 00 C8 42
1787903097.859693,34680,1571,12,CA 68 1A 43 96 90 A5 41 00 00 CA 42
1787903097.870262,34680,1572,12,9C 3A 1F 43 AE 07 A0 41 00 00 CC 42
1787903097.880672,34680,1573,12,88 D9 24 43 B2 0E A4 41 00 00 CE 42
1787903097.891112,34680,1574,12,65 26 2B 43 5B 7F B1 41 00 00 D0 42
1787903097.901775,34680,1575,12,6C FC 31 43 61 CC C7 41 00 00 D2 42
1787903097.912396,34680,1576,12,88 33 39 43 F3 18 E6 41 00 00 D4 42
1787903097.922736,34680,1577,12,BA A3 40 43 46 93 05 42 00 00 D6 42
1787903097.933500,34680,1578,12,B9 20 48 43 AB BF 1A 42 00 00 D8 42
1787903097.944062,34680,1579,12,01 81 4F 43 5A BD 31 42 00 00 DA 42
1787903097.957182,34680,157a,12,61 99 56 43 A4 9A 49 42 00 00 DC 42
1787903097.967835,34680,157b,12,5F 40 5D 43 3B 6B 61 42 00 00 DE 42
1787903097.978456,34680,157c,12,1C 51 63 43 C6 34 78 42 00 00 E0 42
1787903097.988939,34680,157d,12,7A A7 68 43 49 89 86 42 00 00 E2 42
1787903097.999895,34680,157e,12,E2 25 6D 43 2B 99 8F 42 00 00 E4 42
1787903098.015959,34680,157f,12,E6 B1 70 43 C6 EA 96 42 00 00 E6 42
1787903098.026760,34680,1580,12,E9 36 73 43 A2 35 9C 42 00 00 E8 42
1787903098.037378,34680,1581,12,F5 A6 74 43 1D 42 9F 42 00 00 EA 42
1787903098.047772,34680,1582,12,79 F9 74 43 1A F2 9F 42 00 00 EC 42
1787903098.058340,34680,1583,12,AC 2C 74 43 22 3E 9E 42 00 00 EE 42
1787903098.068809,34680,1584,12,11 45 72 43 1E 38 9A 42 00 00 A0 41
1787903098.079499,34680,1585,12,F8 4D 6F 43 E4 07 94 42 00 00 A8 41
1787903098.090076,34680,1586,12,D2 57 6B 43 82 EE 8B 42 00 00 B0 41
1787903098.100585,34680,1587,12,35 7A 66 43 C8 3D 82 42 00 00 B8 41
1787903098.110999,34680,1588,12,19 D0 60 43 95 AD 6E 42 00 00 C0 41
1787903098.121972,34680,1589,12,88 7A 5A 43 4A 58 57 42 00 00 C8 41
1787903098.132543,34680,158a,12,AD 9E 53 43 B9 62 3F 42 00 00 D0 41
1787903098.143152,34680,158b,12,8C 62 4C 43 C0 C8 27 42 00 00 D8 41
1787903098.153671,34680,158c,12,3A F1 44 43 69 77 11 42 00 00 E0 41
1787903098.165046,34680,158d,12,F8 73 3D 43 DB 9E FA 41 00 00 E8 41
1787903098.175472,34680,158e,12,9D 16 36 43 63 49 D8 41 00 00 F0 41
1787903098.186316,34680,158f,12,3A 04 2F 43 60 42 BD 41 00 00 F8 41
1787903098.197294,34680,1590,12,04 64 28 43 F2 A5 AA 41 00 00 00 42
1787903098.207821,34680,1591,12,6D 5D 22 43 1F 2D A1 41 00 00 04 42
1787903098.218440,34680,1592,12,DC 11 1D 43 47 39 A1 41 00 00 08 42
1787903098.229475,34680,1593,12,70 A0 18 43 EC C9 AA 41 00 00 0C 42
1787903098.239854,34680,1594,12,04 23 15 43 57 80 BD 41 00 00 10 42
1787903098.250152,34680,1595,12,F2 AC 12 43 D2 97 D8 41 00 00 14 42
1787903098.260461,34680,1596,12,E0 4C 11 43 39 FE FA 41 00 00 18 42
1787903098.270844,34680,1597,12,6E 0A 11 43 AA AD 11 42 00 00 1C 42
1787903098.286560,34680,1598,12,4E E7 11 43 68 03 28 42 00 00 20 42
