ts,event,session,payload_len,payload_hex
1787903466.523505,34680,008a,12,AD 7E 98 43 7D D7 0E 42 00 00 60 42
1787903466.528536,34680,008b,12,4A 4A 98 43 C5 09 F6 41 00 00 64 42
1787903466.538860,34680,008c,12,60 87 97 43 C9 87 D4 41 00 00 68 42
1787903466.549361,34680,008d,12,52 3A 96 43 1E 7F BA 41 00 00 6C 42
1787903466.559857,34680,008e,12,98 6A 94 43 7E F9 A8 41 00 00 70 42
1787903466.570411,34680,008f,12,9D 22 92 43 A9 A9 A0 41 00 00 74 42
1787903466.580978,34680,0090,12,80 6F 8F 43 7D E4 A1 41 00 00 78 42
1787903466.591348,34680,0091,12,C5 60 8C 43 6D 9D AC 41 00 00 7C 42
1787903466.601956,34680,0092,12,00 08 89 43 0F 67 C0 41 00 00 80 42
1787903466.612679,34680,0093,12,70 78 85 43 58 77 DC 41 00 00 82 42
1787903466.625660,34680,0094,12,89 C6 81 43 04 B0 FF 41 00 00 84 42
1787903466.636062,34680,0095,12,1F 0F 7C 43 B6 54 14 42 00 00 86 42
1787903466.646767,34680,0096,12,16 A2 74 43 CD E0 2A 42 00 00 88 42
1787903466.657552,34680,0097,12,A6 70 6D 43 1B 96 42 42 00 00 8A 42
1787903466.668143,34680,0098,12,2A A4 66 43 9B 82 5A 42 00 00 8C 42
1787903466.678659,34680,0099,12,B5 63 60 43 40 B2 71 42 00 00 8E 42
1787903466.689178,34680,009a,12,42 D3 5A 43 25 9C 83 42 00 00 90 42
1787903466.702036,34680,009b,12,C8 12 56 43 95 1C 8D 42 00 00 92 42
1787903466.712655,34680,009c,12,9A 3D 52 43 6F F9 94 42 00 00 94 42
1787903466.723127,34680,009d,12,BF 69 4F 43 71 E2 9A 42 00 00 96 42
1787903466.738392,34680,009e,12,7A A7 4D 43 51 9B 9E 42 00 00 98 42
1787903466.748897,34680,009f,12,EA 00 4D 43 0D FE 9F 42 00 00 9A 42
1787903466.759334,34680,00a0,12,C9 79 4D 43 83 FC 9E 42 00 00 9C 42
1787903466.769792,34680,00a1,12,62 0F 4F 43 F5 A0 9B 42 00 00 9E 42
1787903466.780334,34680,00a2,12,99 B8 51 43 AC 0D 96 42 00 00 A0 42
1787903466.790797,34680,00a3,12,24 66 55 43 88 7B 8E 42 00 00 A2 42
1787903466.801389,34680,00a4,12,D8 02 5A 43 D0 37 85 42 00 00 A4 42
1787903466.811691,34680,00a5,12,34 74 5F 43 26 42 75 42 00 00 A6 42
1787903466.823658,34680,00a6,12,EE 9A 65 43 E0 46 5E 42 00 00 A8 42
1787903466.834109,34680,00a7,12,AC 53 6C 43 23 68 46 42 00 00 AA 42
1787903466.849536,34680,00a8,12,C1 77 73 43 A9 99 2E 42 00 00 AC 42
1787903466.859835,34680,00a9,12,23 DE 7A 43 6A CE 17 42 00 00 AE 42
1787903466.870440,34680,00aa,12,23 2E 81 43 08 EF 02 42 00 00 B0 42
1787903466.880926,34680,00ab,12,8C E3 84 43 3D A1 E1 41 00 00 B2 42
1787903466.892171,34680,00ac,12,FC 79 88 43 D7 57 C4 41 00 00 B4 42
1787903466.902593,34680,00ad,12,CE DC 8B 43 F8 2C AF 41 00 00 B6 42
1787903466.913563,34680,00ae,12,8D F8 8E 43 A5 F8 A2 41 00 00 B8 42
1787903466.924007,34680,00af,12,5A BB 91 43 70 37 A0 41 00 00 BA 42
1787903466.934449,34680,00b0,12,55 15 94 43 65 05 A7 41 00 00 BC 42
1787903466.944790,34680,00b1,12,FC F8 95 43 27 1D B7 41 00 00 BE 42
1787903466.955261,34680,00b2,12,6E 5B 97 43 71 DA CF 41 00 00 C0 42
1787903466.965554,34680,00b3,12,B6 34 98 43 C7 40 F0 41 00 00 C2 42
1787903466.976489,34680,00b4,12,F6 7F 98 43 BF 82 0B 42 00 00 C4 42
1787903466.987246,34680,00b5,12,7A 3B 98 43 58 4E 21 42 00 00 C6 42
1787903466.997846,34680,00b6,12,CD 68 97 43 F5 A4 38 42 00 00 C8 42
1787903467.008575,34680,00b7,12,AB 0C 96 43 49 98 50 42 00 00 CA 42
1787903467.019898,34680,00b8,12,E5 2E 94 43 E6 33 68 42 00 00 CC 42
1787903467.030581,34680,00b9,12,35 DA 91 43 D8 86 7E 42 00 00 CE 42
1787903467.042108,34680,00ba,12,03 1C 8F 43 9A 56 89 42 00 00 D0 42
1787903467.053028,34680,00bb,12,10 04 8C 43 C2 EC 91 42 00 00 D2 42
1787903467.064792,34680,00bc,12,2B A4 88 43 36 AE 98 42 00 00 D4 42
1787903467.075716,34680,00bd,12,B8 0F 85 43 00 56 9D 42 00 00 D6 42
1787903467.087055,34680,00be,12,4B 5B 81 43 A0 B4 9F 42 00 00 D8 42
1787903467.099419,34680,00bf,12,65 38 7B 43 E6 B1 9F 42 00 00 DA 42
1787903467.110022,34680,00c0,12,E7 CF 73 43 EE 4D 9D 42 00 00 DC 42
1787903467.120747,34680,00c1,12,C3 A7 6C 43 1E A1 98 42 00 00 DE 42
1787903467.131723,34680,00c2,12,16 E9 65 43 2B DB 91 42 00 00 E0 42
1787903467.143002,34680,00c3,12,A7 BA 5F 43 36 41 89 42 00 00 E2 42
1787903467.153589,34680,00c4,12,00 40 5A 43 2C 56 7E 42 00 00 E4 42
1787903467.164111,34680,00c5,12,9E 98 55 43 45 FF 67 42 00 00 E6 42
1787903467.174671,34680,00c6,12,4B DF 51 43 CF 61 50 42 00 00 E8 42
1787903467.184938,34680,00c7,12,6A 29 4F 43 CC 6E 38 42 00 00 EA 42
1787903467.195313,34680,00c8,12,90 86 4D 43 AA 1A 21 42 00 00 EC 42
1787903467.205799,34680,00c9,12,27 00 4D 43 9A 53 0B 42 00 00 EE 42
1787903467.216376,34680,00ca,12,33 99 4D 43 53 EF EF 41 00 00 A0 41
1787903467.226825,34680,00cb,12,44 4E 4F 43 12 99 CF 41 00 00 A8 41
1787903467.238569,34680,00cc,12,88 15 52 43 78 EE B6 41 00 00 B0 41
1787903467.249149,34680,00cd,12,08 DF 55 43 43 EB A6 41 00 00 B8 41
1787903467.259593,34680,00ce,12,FC 94 5A 43 E4 32 A0 41 00 00 C0 41
1787903467.270066,34680,00cf,12,55 1C 60 43 E0 09 A3 41 00 00 C8 41
1787903467.280538,34680,00d0,12,41 55 66 43 49 53 AF 41 00 00 D0 41
1787903467.291026,34680,00d1,12,FC 1B 6D 43 B8 91 C4 41 00 00 D8 41
1787903467.301464,34680,00d2,12,94 49 74 43 5D EC E1 41 00 00 E0 41
1787903467.312394,34680,00d3,12,C2 B4 7B 43 B9 1B 03 42 00 00 E8 41
1787903467.323119,34680,00d4,12,73 99 81 43 74 00 18 42 00 00 F0 41
1787903467.333457,34680,00d5,12,70 4C 85 43 0D CF 2E 42 00 00 F8 41
1787903467.343831,34680,00d6,12,17 DE 88 43 C0 9E 46 42 00 00 00 42
1787903467.354392,34680,00d7,12,E2 39 8C 43 88 7C 5E 42 00 00 04 42
1787903467.364820,34680,00d8,12,86 4C 8F 43 B6 74 75 42 00 00 08 42
1787903467.375253,34680,00d9,12,51 04 92 43 8A 4E 85 42 00 00 0C 42
1787903467.385681,34680,00da,12,AA 51 94 43 CC 8E 8E 42 00 00 10 42
1787903467.396001,34680,00db,12,52 27 96 43 B6 1C 96 42 00 00 14 42
1787903467.406360,34680,00dc,12,BA 7A 97 43 2D AB 9B 42 00 00 18 42
1787903467.424883,34680,00dd,12,47 44 98 43 7B 01 9F 42 00 00 1C 42
1787903467.435601,34680,00de,12,70 7F 98 43 98 FD 9F 42 00 00 20 42
1787903467.445981,34680,00df,12,E1 2A 98 43 72 95 9E 42 00 00 24 42
1787903467.456459,34680,00e0,12,80 48 97 43 63 D7 9A 42 00 00 28 42
1787903467.466907,34680,00e1,12,64 DD 95 43 9F E9 94 42 00 00 2C 42
1787903467.478029,34680,00e2,12,B2 F1 93 43 B2 08 8D 42 00 00 30 42
1787903467.488748,34680,00e3,12,7A 90 91 43 F2 84 83 42 00 00 34 42
1787903467.498975,34680,00e4,12,63 C7 8E 43 05 7F 71 42 00 00 38 42
1787903467.509336,34680,00e5,12,73 A6 8B 43 A3 4C 5A 42 00 00 3C 42
1787903467.519777,34680,00e6,12,AF 3F 88 43 7D 5F 42 42 00 00 40 42
1787903467.530282,34680,00e7,12,99 A6 84 43 E3 AB 2A 42 00 00 44 42
1787903467.543617,34680,00e8,12,EB EF 80 43 7E 23 14 42 00 00 48 42
1787903467.554182,34680,00e9,12,EA 61 7A 43 CB 58 FF 41 00 00 4C 42
1787903467.564954,34680,00ea,12,89 FE 72 43 EE 2E DC 41 00 00 50 42
1787903467.575464,34680,00eb,12,3A E0 6B 43 45 30 C0 41 00 00 54 42
1787903467.586272,34680,00ec,12,D2 2F 65 43 9C 7A AC 41 00 00 58 42
1787903467.597059,34680,00ed,12,DC 13 5F 43 E8 D6 A1 41 00 00 5C 42
1787903467.611273,34680,00ee,12,64 AF 59 43 DF B1 A0 41 00 00 60 42
1787903467.621782,34680,00ef,12,75 21 55 43 2E 17 A9 41 00 00 64 42
1787903467.632431,34680,00f0,12,43 84 51 43 26 B1 BA 41 00 00 68 42
1787903467.643050,34680,00f1,12,8A EC 4E 43 FD CB D4 41 00 00 6C 42
1787903467.653770,34680,00f2,12,3B 69 4D 43 88 5D F6 41 00 00 70 42
1787903467.664056,34680,00f3,12,02 03 4D 43 89 07 0F 42 00 00 74 42
1787903467.678402,34680,00f4,12,30 BC 4D 43 BE 25 25 42 00 00 78 42
1787903467.690724,34680,00f5,12,97 90 4F 43 A8 A7 3C 42 00 00 7C 42
1787903467.701299,34680,00f6,12,B8 75 52 43 3E 9D 54 42 00 00 80 42
1787903467.711757,34680,00f7,12,E6 5A 56 43 34 12 6C 42 00 00 82 42
1787903467.722277,34680,00f8,12,C8 29 5B 43 83 0B 81 42 00 00 84 42
1787903467.737127,34680,00f9,12,B3 C6 60 43 7D E5 8A 42 00 00 86 42
1787903467.747685,34680,00fa,12,57 11 67 43 7D 32 93 42 00 00 88 42
1787903467.758273,34680,00fb,12,9E E5 6D 43 C5 9D 99 42 00 00 8A 42
1787903467.768826,34680,00fc,12,2D 1C 75 43 E1 E5 9D 42 00 00 8C 42
1787903467.779362,34680,00fd,12,A4 8B 7C 43 15 DF 9F 42 00 00 8E 42
1787903467.789882,34680,00fe,12,9C 04 82 43 3D 75 9F 42 00 00 90 42
1787903467.800373,34680,00ff,12,E6 B4 85 43 91 AC 9C 42 00 00 92 42
1787903467.811048,34680,0100,12,86 41 89 43 82 A1 97 42 00 00 94 42
1787903467.822173,34680,0101,12,0B 96 8C 43 7D 87 90 42 00 00 96 42
1787903467.832852,34680,0102,12,59 9F 8F 43 01 A7 87 42 00 00 98 42
1787903467.843309,34680,0103,12,F5 4B 92 43 4D B5 7A 42 00 00 9A 42
1787903467.853952,34680,0104,12,7C 8C 94 43 11 17 64 42 00 00 9C 42
1787903467.864472,34680,0105,12,04 54 96 43 43 5A 4C 42 00 00 9E 42
1787903467.875062,34680,0106,12,4A 98 97 43 EC 70 34 42 00 00 A0 42
1787903467.885889,34680,0107,12,0C 52 98 43 34 4F 1D 42 00 00 A2 42
1787903467.898293,34680,0108,12,1A 7D 98 43 2E E1 07 42 00 00 A4 42
1787903467.908809,34680,0109,12,7E 18 98 43 24 03 EA 41 00 00 A6 42
1787903467.919601,34680,010a,12,7A 26 97 43 1F E2 CA 41 00 00 A8 42
1787903467.930338,34680,010b,12,7F AC 95 43 B4 9C B3 41 00 00 AA 42
1787903467.940704,34680,010c,12,06 B3 93 43 91 20 A5 41 00 00 AC 42
1787903467.951224,34680,010d,12,6B 45 91 43 8A 01 A0 41 00 00 AE 42
1787903467.961723,34680,010e,12,AA 71 8E 43 E2 73 A4 41 00 00 B0 42
1787903467.972736,34680,010f,12,F8 47 8B 43 23 4A B2 41 00 00 B2 42
1787903467.983484,34680,0110,12,91 DA 87 43 34 F7 C8 41 00 00 B4 42
1787903467.993870,34680,0111,12,1D 3D 84 43 9E 93 E7 41 00 00 B6 42
1787903468.004223,34680,0112,12,6B 84 80 43 7A 73 06 42 00 00 B8 42
1787903468.014613,34680,0113,12,CB 8B 79 43 24 BA 1B 42 00 00 BA 42
1787903468.025155,34680,0114,12,0E 2E 72 43 89 C4 32 42 00 00 BC 42
1787903468.035566,34680,0115,12,12 1A 6B 43 BC A7 4A 42 00 00 BE 42
1787903468.046005,34680,0116,12,71 78 64 43 D6 6F 62 42 00 00 C0 42
1787903468.056376,34680,0117,12,57 6F 5E 43 1F 2A 79 42 00 00 C2 42
1787903468.066817,34680,0118,12,7F 21 59 43 51 F7 86 42 00 00 C4 42
1787903468.077410,34680,0119,12,56 AD 54 43 AC F4 8F 42 00 00 C6 42
1787903468.087846,34680,011a,12,86 2C 51 43 76 31 97 42 00 00 C8 42
1787903468.100704,34680,011b,12,28 B3 4E 43 C6 63 9C 42 00 00 CA 42
1787903468.111163,34680,011c,12,7B 4F 4D 43 92 56 9F 42 00 00 CC 42
1787903468.121634,34680,011d,12,7C 09 4D 43 C4 EB 9F 42 00 00 CE 42
1787903468.132333,34680,011e,12,BD E2 4D 43 6C 1D 9E 42 00 00 D0 42
1787903468.143523,34680,011f,12,59 D6 4F 43 F4 FD 99 42 00 00 D2 42
1787903468.184061,34680,0120,12,1F D9 52 43 72 B7 93 42 00 00 D4 42
1787903468.194694,34680,0121,12,BD D9 56 43 F1 89 8B 42 00 00 D6 42
1787903468.206105,34680,0122,12,26 C1 5B 43 E7 C8 81 42 00 00 D8 42
1787903468.217106,34680,0123,12,3B 73 61 43 E1 AF 6D 42 00 00 DA 42
1787903468.228533,34680,0124,12,29 CF 67 43 37 4D 56 42 00 00 DC 42
1787903468.239361,34680,0125,12,76 B0 6E 43 96 58 3E 42 00 00 DE 42
1787903468.250650,34680,0126,12,8A EF 75 43 7D C6 26 42 00 00 E0 42
1787903468.261732,34680,0127,12,AE 62 7D 43 7B 87 10 42 00 00 E2 42
1787903468.273105,34680,0128,12,93 6F 82 43 66 FD F8 41 00 00 E4 42
1787903468.283602,34680,0129,12,E8 1C 86 43 D5 F0 D6 41 00 00 E6 42
1787903468.294127,34680,012a,12,3F A4 89 43 FB 44 BC 41 00 00 E8 42
1787903468.304892,34680,012b,12,46 F1 8C 43 0C 0A AA 41 00 00 EA 42
1787903468.315452,34680,012c,12,00 F1 8F 43 18 FA A0 41 00 00 EC 42
1787903468.326312,34680,012d,12,39 92 92 43 94 71 A1 41 00 00 EE 42
1787903468.337948,34680,012e,12,C8 C5 94 43 BF 6B AB 41 00 00 A0 41
1787903468.348526,34680,012f,12,0E 7F 96 43 CB 82 BE 41 00 00 A8 41
1787903468.358966,34680,0130,12,1E B4 97 43 E1 F3 D9 41 00 00 B0 41
1787903468.369550,34680,0131,12,05 5E 98 43 F1 A6 FC 41 00 00 B8 41
1787903468.379843,34680,0132,12,F6 78 98 43 D0 9C 12 42 00 00 C0 41
1787903468.390595,34680,0133,12,54 04 98 43 1E 07 29 42 00 00 C8 41
1787903468.401200,34680,0134,12,BE 02 97 43 86 AD 40 42 00 00 D0 41
1787903468.412003,34680,0135,12,FC 79 95 43 AA 9E 58 42 00 00 D8 41
1787903468.422774,34680,0136,12,E4 72 93 43 2E E6 6F 42 00 00 E0 41
1787903468.433266,34680,0137,12,18 F9 90 43 31 CB 82 42 00 00 E8 41
1787903468.444115,34680,0138,12,DC 1A 8E 43 12 69 8C 42 00 00 F0 41
1787903468.454669,34680,0139,12,A3 E8 8A 43 85 6A 94 42 00 00 F8 41
1787903468.465048,34680,013a,12,D3 74 87 43 D6 7D 9A 42 00 00 00 42
1787903468.484894,34680,013b,12,4A D3 83 43 02 65 9E 42 00 00 04 42
1787903468.495589,34680,013c,12,DE 18 80 43 35 F8 9F 42 00 00 08 42
1787903468.506086,34680,013d,12,11 B6 78 43 5F 27 9F 42 00 00 0C 42
1787903468.517705,34680,013e,12,82 5E 71 43 D0 FA 9B 42 00 00 10 42
1787903468.528227,34680,013f,12,51 55 6A 43 EC 92 96 42 00 00 14 42
1787903468.541063,34680,0140,12,FC C2 63 43 E1 26 8F 42 00 00 18 42
1787903468.551638,34680,0141,12,36 CD 5D 43 7A 02 86 42 00 00 1C 42
1787903468.562093,34680,0142,12,57 96 58 43 DB 05 77 42 00 00 20 42
1787903468.572732,34680,0143,12,47 3C 54 43 BB 26 60 42 00 00 24 42
1787903468.583113,34680,0144,12,16 D8 50 43 58 51 48 42 00 00 28 42
1787903468.595242,34680,0145,12,44 7D 4E 43 B6 78 30 42 00 00 2C 42
1787903468.606148,34680,0146,12,55 39 4D 43 FD 8F 19 42 00 00 30 42
1787903468.616812,34680,0147,12,94 13 4D 43 6B 81 04 42 00 00 34 42
1787903468.627443,34680,0148,12,D8 0C 4E 43 03 47 E4 41 00 00 38 42
1787903468.638042,34680,0149,12,89 1F 50 43 1A 64 C6 41 00 00 3C 42
1787903468.648526,34680,014a,12,B7 3F 53 43 BD 8A B0 41 00 00 40 42
1787903468.659902,34680,014b,12,74 5B 57 43 D1 99 A3 41 00 00 44 42
1787903468.670482,34680,014c,12,1C 5B 5C 43 A9 15 A0 41 00 00 48 42
1787903468.680892,34680,014d,12,E7 21 62 43 18 22 A6 41 00 00 4C 42
1787903468.691415,34680,014e,12,B4 8E 68 43 43 81 B5 41 00 00 50 42
1787903468.702058,34680,014f,12,7D 7C 6F 43 4E 96 CD 41 00 00 54 42
1787903468.712538,34680,0150,12,82 C3 76 43 CB 6B ED 41 00 00 58 42
1787903468.722977,34680,0151,12,E2 39 7E 43 1C DE 09 42 00 00 5C 42
1787903468.739054,34680,0152,12,54 DA 82 43 A5 80 1F 42 00 00 60 42
1787903468.749589,34680,0153,12,77 84 86 43 48 C0 36 42 00 00 64 42
1787903468.760815,34680,0154,12,3B 06 8A 43 F3 AF 4E 42 00 00 68 42
1787903468.771380,34680,0155,12,84 4B 8D 43 99 5B 66 42 00 00 6C 42
1787903468.781812,34680,0156,12,7C 41 90 43 32 D1 7C 42 00 00 70 42
1787903468.792392,34680,0157,12,1B D7 92 43 F9 95 88 42 00 00 74 42
1787903468.802933,34680,0158,12,8D FD 94 43 DC 4D 91 42 00 00 78 42
1787903468.813461,34680,0159,12,6F A8 96 43 65 37 98 42 00 00 7C 42
1787903468.823810,34680,015a,12,2F CE 97 43 10 0C 9D 42 00 00 80 42
1787903468.834598,34680,015b,12,32 68 98 43 7A 9A 9F 42 00 00 82 42
1787903468.844994,34680,015c,12,03 73 98 43 97 C8 9F 42 00 00 84 42
1787903468.855355,34680,015d,12,63 EE 97 43 90 94 9D 42 00 00 86 42
1787903468.865804,34680,015e,12,4E DD 96 43 E5 14 99 42 00 00 88 42
1787903468.876184,34680,015f,12,E4 45 95 43 6C 77 92 42 00 00 8A 42
1787903468.886503,34680,0160,12,4C 31 93 43 C8 FF 89 42 00 00 8C 42
1787903468.897452,34680,0161,12,81 AB 90 43 3D 04 80 42 00 00 8E 42
1787903468.907833,34680,0162,12,FA C2 8D 43 B8 D5 69 42 00 00 90 42
1787903468.919724,34680,0163,12,7A 88 8A 43 A7 49 52 42 00 00 92 42
1787903468.930779,34680,0164,12,87 0E 87 43 5D 54 3A 42 00 00 94 42
1787903468.941427,34680,0165,12,21 69 83 43 D2 EA 22 42 00 00 96 42
1787903468.952088,34680,0166,12,8B 5A 7F 43 87 FB 0C 42 00 00 98 42
1787903468.962448,34680,0167,12,BF E0 77 43 89 CD F2 41 00 00 9A 42
1787903468.972843,34680,0168,12,F1 8F 70 43 4D E8 D1 41 00 00 9C 42
1787903468.983454,34680,0169,12,19 92 69 43 E0 96 B8 41 00 00 9E 42
1787903468.994169,34680,016a,12,76 0F 63 43 20 DC A7 41 00 00 A0 42
1787903469.004629,34680,016b,12,7E 2D 5D 43 7A 62 A0 41 00 00 A2 42
1787903469.015373,34680,016c,12,F0 0D 58 43 60 76 A2 41 00 00 A4 42
1787903469.025995,34680,016d,12,51 CE 53 43 7B 02 AE 41 00 00 A6 42
1787903469.043643,34680,016e,12,01 87 50 43 32 91 C2 41 00 00 A8 42
1787903469.054217,34680,016f,12,E0 4A 4E 43 52 50 DF 41 00 00 AA 42
1787903469.064640,34680,0170,12,CA 26 4D 43 82 8D 01 42 00 00 AC 42
1787903469.075929,34680,0171,12,49 21 4D 43 A7 41 16 42 00 00 AE 42
1787903469.086331,34680,0172,12,7D 3A 4E 43 75 F1 2C 42 00 00 B0 42
1787903469.096696,34680,0173,12,1A 6C 50 43 A2 B5 44 42 00 00 B2 42
1787903469.107313,34680,0174,12,80 A9 53 43 28 9B 5C 42 00 00 B4 42
1787903469.117769,34680,0175,12,0A E0 57 43 9A AE 73 42 00 00 B6 42
1787903469.128206,34680,0176,12,8A F7 5C 43 02 82 84 42 00 00 B8 42
1787903469.138836,34680,0177,12,AA D2 62 43 F4 E0 8D 42 00 00 BA 42
1787903469.149319,34680,0178,12,D4 4F 69 43 91 94 95 42 00 00 BC 42
1787903469.159739,34680,0179,12,AF 49 70 43 1A 4E 9B 42 00 00 BE 42
1787903469.170183,34680,017a,12,13 98 77 43 3C D3 9E 42 00 00 C0 42
1787903469.180594,34680,017b,12,17 11 7F 43 FA FF 9F 42 00 00 C2 42
1787903469.191010,34680,017c,12,D7 44 83 43 62 C8 9E 42 00 00 C4 42
1787903469.201478,34680,017d,12,7D EB 86 43 D5 38 9B 42 00 00 C6 42
1787903469.211759,34680,017e,12,7A 67 8A 43 BB 75 95 42 00 00 C8 42
1787903469.222562,34680,017f,12,C1 A4 8D 43 C6 B9 8D 42 00 00 CA 42
1787903469.233236,34680,0180,12,BD 90 90 43 0D 54 84 42 00 00 CC 42
1787903469.243576,34680,0181,12,97 1A 93 43 CC 48 73 42 00 00 CE 42
1787903469.253921,34680,0182,12,C1 33 95 43 84 2F 5C 42 00 00 D0 42
1787903469.264639,34680,0183,12,25 D0 96 43 72 48 44 42 00 00 D2 42
1787903469.276383,34680,0184,12,7E E6 97 43 16 87 2C 42 00 00 D4 42
1787903469.287357,34680,0185,12,91 70 98 43 54 DE 15 42 00 00 D6 42
1787903469.309514,34680,0186,12,42 6B 98 43 32 35 01 42 00 00 D8 42
1787903469.339746,34680,0187,12,AE D6 97 43 C1 BC DE 41 00 00 DA 42
1787903469.351669,34680,0188,12,2C B6 96 43 94 20 C2 41 00 00 DC 42
1787903469.363701,34680,0189,12,3A 10 95 43 4C B9 AD 41 00 00 DE 42
1787903469.374792,34680,018a,12,4C EE 92 43 8B 57 A2 41 00 00 E0 42
1787903469.386094,34680,018b,12,AC 5C 90 43 3B 6F A0 41 00 00 E2 42
1787903469.396784,34680,018c,12,15 6A 8D 43 F3 13 A8 41 00 00 E4 42
1787903469.407712,34680,018d,12,80 27 8A 43 8C F7 B8 41 00 00 E6 42
1787903469.418403,34680,018e,12,AF A7 86 43 F8 6D D2 41 00 00 E8 42
1787903469.429191,34680,018f,12,B5 FE 82 43 DD 72 F3 41 00 00 EA 42
1787903469.439533,34680,0190,12,53 83 7E 43 BB 5A 0D 42 00 00 EC 42
1787903469.449815,34680,0191,12,FD 0B 77 43 C4 52 23 42 00 00 EE 42
1787903469.460496,34680,0192,12,61 C2 6F 43 E7 C0 3A 42 00 00 A0 41
1787903469.471648,34680,0193,12,6F D0 68 43 77 B6 52 42 00 00 A8 41
1787903469.482309,34680,0194,12,FF 5D 62 43 76 3E 6A 42 00 00 B0 41
1787903469.492719,34680,0195,12,37 90 5C 43 7D 34 80 42 00 00 B8 41
1787903469.503157,34680,0196,12,62 88 57 43 FD 29 8A 42 00 00 C0 41
1787903469.513522,34680,0197,12,75 63 53 43 E6 99 92 42 00 00 C8 41
1787903469.524376,34680,0198,12,49 39 50 43 44 2E 99 42 00 00 D0 41
1787903469.534838,34680,0199,12,06 1C 4E 43 D2 A3 9D 42 00 00 D8 41
1787903469.545808,34680,019a,12,DA 17 4D 43 21 CD 9F 42 00 00 E0 41
1787903469.556165,34680,019b,12,99 32 4D 43 1C 94 9F 42 00 00 E8 41
1787903469.566849,34680,019c,12,AD 6B 4E 43 0D FB 9C 42 00 00 F0 41
1787903469.578504,34680,019d,12,09 BC 50 43 68 1C 98 42 00 00 F8 41
1787903469.588998,34680,019e,12,66 16 54 43 FB 29 91 42 00 00 00 42
1787903469.599993,34680,019f,12,74 67 58 43 A0 6A 88 42 00 00 04 42
1787903469.610502,34680,01a0,12,6E 96 5D 43 07 6F 7C 42 00 00 08 42
1787903469.621068,34680,01a1,12,82 85 63 43 DF F1 65 42 00 00 0C 42
1787903469.631714,34680,01a2,12,85 12 6A 43 E1 42 4E 42 00 00 10 42
1787903469.642353,34680,01a3,12,E5 17 71 43 36 54 36 42 00 00 14 42
1787903469.652799,34680,01a4,12,2D 6D 78 43 E4 19 1F 42 00 00 18 42
1787903469.663830,34680,01a5,12,4C E8 7F 43 C4 80 09 42 00 00 1C 42
1787903469.674493,34680,01a6,12,1A AF 83 43 5B CB EC 41 00 00 20 42
1787903469.685281,34680,01a7,12,F9 51 87 43 87 16 CD 41 00 00 24 42
1787903469.695856,34680,01a8,12,E9 C7 8A 43 3B 27 B5 41 00 00 28 42
1787903469.706417,34680,01a9,12,F8 FC 8D 43 66 F1 A5 41 00 00 2C 42
1787903469.716775,34680,01aa,12,C1 DE 90 43 40 10 A0 41 00 00 30 42
1787903469.729519,34680,01ab,12,AC 5C 93 43 E6 BF A3 41 00 00 34 42
1787903469.740010,34680,01ac,12,62 68 95 43 CD DA B0 41 00 00 38 42
1787903469.750527,34680,01ad,12,28 F6 96 43 F4 DA C6 41 00 00 3C 42
1787903469.761088,34680,01ae,12,0B FD 97 43 E7 DF E4 41 00 00 40 42
1787903469.771584,34680,01af,12,22 77 98 43 D8 DB 04 42 00 00 44 42
1787903469.785868,34680,01b0,12,B2 61 98 43 C9 F4 19 42 00 00 48 42
1787903469.796668,34680,01b1,12,36 BD 97 43 DC E3 30 42 00 00 4C 42
1787903469.807129,34680,01b2,12,5E 8D 96 43 92 BE 48 42 00 00 50 42
1787903469.817696,34680,01b3,12,FC D8 94 43 B0 91 60 42 00 00 54 42
1787903469.828081,34680,01b4,12,DF A9 92 43 46 6A 77 42 00 00 58 42
1787903469.838570,34680,01b5,12,9E 0C 90 43 5E 2F 86 42 00 00 5C 42
1787903469.849140,34680,01b6,12,2F 10 8D 43 CC 4C 8F 42 00 00 60 42
1787903469.859453,34680,01b7,12,C5 C5 89 43 3A B0 96 42 00 00 64 42
1787903469.869915,34680,01b8,12,4C 40 86 43 5B 0E 9C 42 00 00 68 42
1787903469.880511,34680,01b9,12,02 94 82 43 6A 30 9F 42 00 00 6C 42
1787903469.891110,34680,01ba,12,25 AC 7D 43 60 F6 9F 42 00 00 70 42
1787903469.902422,34680,01bb,12,CF 37 76 43 5A 58 9E 42 00 00 74 42
1787903469.913070,34680,01bc,12,F6 F5 6E 43 E3 66 9A 42 00 00 78 42
1787903469.923467,34680,01bd,12,55 10 68 43 38 4A 94 42 00 00 7C 42
1787903469.935776,34680,01be,12,91 AE 61 43 A2 40 8C 42 00 00 80 42
1787903469.946157,34680,01bf,12,6E F5 5B 43 52 9C 82 42 00 00 82 42
1787903469.956738,34680,01c0,12,AE 05 57 43 FD 7E 6F 42 00 00 84 42
1787903469.967458,34680,01c1,12,C7 FB 52 43 75 32 58 42 00 00 86 42
1787903469.978078,34680,01c2,12,F0 EE 4F 43 A1 40 40 42 00 00 88 42
1787903469.988418,34680,01c3,12,B3 F0 4D 43 A4 9D 28 42 00 00 8A 42
1787903469.998841,34680,01c4,12,86 0C 4D 43 2E 3B 12 42 00 00 8C 42
1787903470.009634,34680,01c5,12,84 47 4D 43 8E FA FB 41 00 00 8E 42
1787903470.020162,34680,01c6,12,5F A0 4E 43 D2 65 D9 41 00 00 90 42
1787903470.030517,34680,01c7,12,57 0F 51 43 A5 18 BE 41 00 00 92 42
1787903470.040818,34680,01c8,12,6E 86 54 43 87 29 AB 41 00 00 94 42
1787903470.050999,34680,01c9,12,AA F1 58 43 10 5A A1 41 00 00 96 42
1787903470.061418,34680,01ca,12,BE 37 5E 43 31 0E A1 41 00 00 98 42
1787903470.071731,34680,01cb,12,4C 3A 64 43 F1 48 AA 41 00 00 9A 42
1787903470.082222,34680,01cc,12,C6 D6 6A 43 12 AC BC 41 00 00 9C 42
1787903470.092850,34680,01cd,12,2A E7 71 43 3B 7C D7 41 00 00 9E 42
1787903470.103326,34680,01ce,12,C1 42 79 43 41 A7 F9 41 00 00 A0 42
1787903470.113825,34680,01cf,12,B8 5F 80 43 89 E8 10 42 00 00 A2 42
1787903470.124270,34680,01d0,12,09 19 84 43 81 2F 27 42 00 00 A4 42
1787903470.134714,34680,01d1,12,EB B7 87 43 5D C5 3E 42 00 00 A6 42
1787903470.145198,34680,01d2,12,8D 27 8B 43 A4 B9 56 42 00 00 A8 42
1787903470.155582,34680,01d3,12,23 54 8E 43 69 17 6E 42 00 00 AA 42
1787903470.166842,34680,01d4,12,84 2B 91 43 51 F8 81 42 00 00 AC 42
1787903470.177444,34680,01d5,12,4D 9D 93 43 F5 B2 8B 42 00 00 AE 42
1787903470.188023,34680,01d6,12,71 9B 95 43 72 D8 93 42 00 00 B0 42
1787903470.198609,34680,01d7,12,7B 1A 97 43 B0 15 9A 42 00 00 B2 42
1787903470.209131,34680,01d8,12,CF 11 98 43 E5 2A 9E 42 00 00 B4 42
1787903470.219609,34680,01d9,12,E4 7B 98 43 79 EE 9F 42 00 00 B6 42
1787903470.230215,34680,01da,12,56 56 98 43 63 4E 9F 42 00 00 B8 42
1787903470.240907,34680,01db,12,FB A1 97 43 0B 51 9C 42 00 00 BA 42
1787903470.251428,34680,01dc,12,E2 62 96 43 E5 14 97 42 00 00 BC 42
1787903470.263518,34680,01dd,12,3A A0 94 43 78 CF 8F 42 00 00 BE 42
1787903470.274222,34680,01de,12,17 64 92 43 D5 CA 86 42 00 00 C0 42
1787903470.286192,34680,01df,12,59 BB 8F 43 66 C6 78 42 00 00 C2 42
1787903470.296689,34680,01e0,12,48 B5 8C 43 5C 05 62 42 00 00 C4 42
1787903470.307032,34680,01e1,12,46 63 89 43 87 3A 4A 42 00 00 C6 42
1787903470.317425,34680,01e2,12,78 D8 85 43 2D 59 32 42 00 00 C8 42
1787903470.327717,34680,01e3,12,23 29 82 43 94 54 1B 42 00 00 CA 42
1787903470.340734,34680,01e4,12,03 D5 7C 43 17 18 06 42 00 00 CC 42
1787903470.351152,34680,01e5,12,37 64 75 43 6C F8 E6 41 00 00 CE 42
1787903470.361402,34680,01e6,12,A9 2A 6E 43 74 7D C8 41 00 00 D0 42
1787903470.371762,34680,01e7,12,F9 51 67 43 F0 F6 B1 41 00 00 D2 42
1787903470.382120,34680,01e8,12,56 01 61 43 56 4A A4 41 00 00 D4 42
1787903470.392472,34680,01e9,12,26 5D 5B 43 79 03 A0 41 00 00 D6 42
1787903470.402915,34680,01ea,12,D9 85 56 43 D0 4D A5 41 00 00 D8 42
1787903470.413329,34680,01eb,12,43 97 52 43 8E F3 B3 41 00 00 DA 42
1787903470.423712,34680,01ec,12,07 A8 4F 43 EE 5E CB 41 00 00 DC 42
1787903470.449636,34680,01ed,12,F2 C8 4D 43 5D A1 EA 41 00 00 DE 42
1787903470.481891,34680,01ee,12,D0 04 4D 43 9D 3D 08 42 00 00 E0 42
1787903470.494307,34680,01ef,12,0A 60 4D 43 3E B5 1D 42 00 00 E2 42
1787903470.505340,34680,01f0,12,94 D8 4E 43 B9 DC 34 42 00 00 E4 42
1787903470.517092,34680,01f1,12,EE 65 51 43 4C C7 4C 42 00 00 E6 42
1787903470.529147,34680,01f2,12,7C F9 54 43 55 81 64 42 00 00 E8 42
1787903470.539986,34680,01f3,12,A8 7E 59 43 38 18 7B 42 00 00 EA 42
1787903470.550805,34680,01f4,12,76 DB 5E 43 D4 D2 87 42 00 00 EC 42
1787903470.561548,34680,01f5,12,10 F1 64 43 06 AC 90 42 00 00 EE 42
1787903470.572391,34680,01f6,12,65 9C 6B 43 38 BD 97 42 00 00 A0 41
1787903470.584777,34680,01f7,12,48 B7 72 43 6C BE 9C 42 00 00 A8 41
1787903470.595114,34680,01f8,12,CC 18 7A 43 77 7C 9F 42 00 00 B0 41
1787903470.605445,34680,01f9,12,40 CB 80 43 6A DB 9F 42 00 00 B8 41
1787903470.615941,34680,01fa,12,A9 82 84 43 74 D7 9D 42 00 00 C0 41
1787903470.626493,34680,01fb,12,39 1D 88 43 32 85 99 42 00 00 C8 41
1787903470.636849,34680,01fc,12,4E 86 8B 43 A8 10 93 42 00 00 D0 41
1787903470.647570,34680,01fd,12,41 AA 8E 43 D8 BB 8A 42 00 00 D8 41
1787903470.658133,34680,01fe,12,03 77 91 43 BA DB 80 42 00 00 E0 41
1787903470.668615,34680,01ff,12,7D DC 93 43 F7 A9 6B 42 00 00 E8 41
1787903470.679123,34680,0200,12,E0 CC 95 43 B6 30 54 42 00 00 F0 41
1787903470.691945,34680,0201,12,14 3D 97 43 D1 3A 3C 42 00 00 F8 41
1787903470.702210,34680,0202,12,CE 24 98 43 47 BD 24 42 00 00 00 42
1787903470.712663,34680,0203,12,D8 7E 98 43 98 A7 0E 42 00 00 04 42
1787903470.724826,34680,0204,12,2D 49 98 43 F2 B5 F5 41 00 00 08 42
1787903470.735283,34680,0205,12,05 85 97 43 BC 43 D4 41 00 00 0C 42
1787903470.745744,34680,0206,12,C2 36 96 43 43 4D BA 41 00 00 10 42
1787903470.756082,34680,0207,12,E9 65 94 43 00 DC A8 41 00 00 14 42
1787903470.766371,34680,0208,12,E9 1C 92 43 AA A1 A0 41 00 00 18 42
1787903470.776680,34680,0209,12,E7 68 8F 43 4A F2 A1 41 00 00 1C 42
1787903470.788499,34680,020a,12,76 59 8C 43 6E C0 AC 41 00 00 20 42
1787903470.800512,34680,020b,12,1C 00 89 43 03 9E C0 41 00 00 24 42
1787903470.811347,34680,020c,12,23 70 85 43 E8 BF DC 41 00 00 28 42
1787903470.821779,34680,020d,12,06 BE 81 43 94 03 00 42 00 00 2C 42
1787903470.832148,34680,020e,12,09 FE 7B 43 14 86 14 42 00 00 30 42
1787903470.842620,34680,020f,12,6A 91 74 43 BD 15 2B 42 00 00 34 42
1787903470.853083,34680,0210,12,AC 60 6D 43 BA CC 42 42 00 00 38 42
1787903470.863724,34680,0211,12,3F 95 66 43 8F B8 5A 42 00 00 3C 42
1787903470.874342,34680,0212,12,33 56 60 43 55 E5 71 42 00 00 40 42
1787903470.884758,34680,0213,12,73 C7 5A 43 5E B3 83 42 00 00 44 42
1787903470.895340,34680,0214,12,00 09 56 43 6F 30 8D 42 00 00 48 42
1787903470.905796,34680,0215,12,01 36 52 43 35 09 95 42 00 00 4C 42
1787903470.916178,34680,0216,12,83 64 4F 43 74 ED 9A 42 00 00 50 42
1787903470.926592,34680,0217,12,BC A4 4D 43 22 A1 9E 42 00 00 54 42
1787903470.936967,34680,0218,12,B8 00 4D 43 76 FE 9F 42 00 00 58 42
1787903470.947321,34680,0219,12,25 7C 4D 43 7E F7 9E 42 00 00 5C 42
1787903470.957762,34680,021a,12,3E 14 4F 43 B1 96 9B 42 00 00 60 42
1787903470.968132,34680,021b,12,DC BF 51 43 98 FE 95 42 00 00 64 42
1787903470.978767,34680,021c,12,A2 6F 55 43 45 68 8E 42 00 00 68 42
1787903470.989241,34680,021d,12,5E 0E 5A 43 0F 21 85 42 00 00 6C 42
1787903470.999575,34680,021e,12,6F 81 5F 43 A8 0F 75 42 00 00 70 42
1787903471.010067,34680,021f,12,A3 A9 65 43 16 11 5E 42 00 00 74 42
1787903471.020560,34680,0220,12,83 63 6C 43 87 31 46 42 00 00 78 42
1787903471.031032,34680,0221,12,63 88 73 43 69 64 2E 42 00 00 7C 42
1787903471.041479,34680,0222,12,32 EF 7A 43 6B 9C 17 42 00 00 80 42
1787903471.051758,34680,0223,12,A3 36 81 43 7E C2 02 42 00 00 82 42
1787903471.062084,34680,0224,12,E1 EB 84 43 18 56 E1 41 00 00 84 42
1787903471.072546,34680,0225,12,F2 81 88 43 22 1E C4 41 00 00 86 42
1787903471.082984,34680,0226,12,3B E4 8B 43 EA 06 AF 41 00 00 88 42
1787903471.093430,34680,0227,12,45 FF 8E 43 9B E7 A2 41 00 00 8A 42
1787903471.103824,34680,0228,12,2D C1 91 43 29 3C A0 41 00 00 8C 42
1787903471.114181,34680,0229,12,2C 1A 94 43 C7 1F A7 41 00 00 8E 42
1787903471.124577,34680,022a,12,B8 FC 95 43 02 4C B7 41 00 00 90 42
1787903471.134926,34680,022b,12,FA 5D 97 43 D4 1B D0 41 00 00 92 42
1787903471.149922,34680,022c,12,04 36 98 43 5D 92 F0 41 00 00 94 42
1787903471.160453,34680,022d,12,FC 7F 98 43 D6 B1 0B 42 00 00 96 42
1787903471.170956,34680,022e,12,3A 3A 98 43 2C 82 21 42 00 00 98 42
1787903471.181380,34680,022f,12,4E 66 97 43 21 DB 38 42 00 00 9A 42
1787903471.191784,34680,0230,12,F9 08 96 43 A4 CE 50 42 00 00 9C 42
1787903471.202580,34680,0231,12,15 2A 94 43 7F 68 68 42 00 00 9E 42
1787903471.213051,34680,0232,12,6B D4 91 43 5F B7 7E 42 00 00 A0 42
1787903471.223818,34680,0233,12,58 15 8F 43 02 6C 89 42 00 00 A2 42
1787903471.234306,34680,0234,12,AC FC 8B 43 51 FE 91 42 00 00 A4 42
1787903471.244668,34680,0235,12,36 9C 88 43 3B BB 98 42 00 00 A6 42
1787903471.255223,34680,0236,12,5F 07 85 43 06 5E 9D 42 00 00 A8 42
1787903471.265884,34680,0237,12,CC 52 81 43 4C B7 9F 42 00 00 AA 42
1787903471.277686,34680,0238,12,60 27 7B 43 1E AF 9F 42 00 00 AC 42
1787903471.289257,34680,0239,12,46 BF 73 43 D1 45 9D 42 00 00 AE 42
1787903471.300451,34680,023a,12,DE 97 6C 43 03 94 98 42 00 00 B0 42
1787903471.310938,34680,023b,12,49 DA 65 43 8A C9 91 42 00 00 B2 42
1787903471.321372,34680,023c,12,5C AD 5F 43 D6 2B 89 42 00 00 B4 42
1787903471.334683,34680,023d,12,70 34 5A 43 5A 25 7E 42 00 00 B6 42
1787903471.345066,34680,023e,12,10 8F 55 43 9F CA 67 42 00 00 B8 42
1787903471.355358,34680,023f,12,F2 D7 51 43 70 2B 50 42 00 00 BA 42
1787903471.365682,34680,0240,12,72 24 4F 43 A6 38 38 42 00 00 BC 42
1787903471.376034,34680,0241,12,1C 84 4D 43 20 E7 20 42 00 00 BE 42
1787903471.386562,34680,0242,12,3F 00 4D 43 68 24 0B 42 00 00 C0 42
1787903471.396878,34680,0243,12,D8 9B 4D 43 00 9E EF 41 00 00 C2 42
1787903471.407319,34680,0244,12,68 53 4F 43 FE 57 CF 41 00 00 C4 42
1787903471.417809,34680,0245,12,10 1D 52 43 F6 BF B6 41 00 00 C6 42
1787903471.428230,34680,0246,12,BC E8 55 43 60 D1 A6 41 00 00 C8 42
1787903471.438491,34680,0247,12,B0 A0 5A 43 8A 2E A0 41 00 00 CA 42
1787903471.449380,34680,0248,12,C3 29 60 43 4C 1B A3 41 00 00 CC 42
1787903471.459888,34680,0249,12,20 64 66 43 B2 79 AF 41 00 00 CE 42
1787903471.470273,34680,024a,12,F9 2B 6D 43 C1 CB C4 41 00 00 D0 42
1787903471.480846,34680,024b,12,3A 5A 74 43 78 37 E2 41 00 00 D2 42
1787903471.491224,34680,024c,12,CA C5 7B 43 90 48 03 42 00 00 D4 42
1787903471.501660,34680,024d,12,F4 A1 81 43 87 32 18 42 00 00 D6 42
1787903471.512295,34680,024e,12,C0 54 85 43 58 04 2F 42 00 00 D8 42
1787903471.522796,34680,024f,12,05 E6 88 43 5D D5 46 42 00 00 DA 42
1787903471.533293,34680,0250,12,37 41 8C 43 0E B2 5E 42 00 00 DC 42
1787903471.543644,34680,0251,12,20 53 8F 43 58 A7 75 42 00 00 DE 42
1787903471.554034,34680,0252,12,0E 0A 92 43 3E 65 85 42 00 00 E0 42
1787903471.564445,34680,0253,12,64 56 94 43 FD A1 8E 42 00 00 E2 42
1787903471.574756,34680,0254,12,EE 2A 96 43 B5 2B 96 42 00 00 E4 42
1787903471.586248,34680,0255,12,22 7D 97 43 52 B5 9B 42 00 00 E6 42
1787903471.633362,34680,0256,12,6F 45 98 43 6B 06 9F 42 00 00 E8 42
1787903471.643802,34680,0257,12,51 7F 98 43 16 FD 9F 42 00 00 EA 42
1787903471.662199,34680,0258,12,7C 29 98 43 89 8F 9E 42 00 00 EC 42
1787903471.673251,34680,0259,12,DC 45 97 43 4A CC 9A 42 00 00 EE 42
1787903471.685030,34680,025a,12,94 D9 95 43 D2 D9 94 42 00 00 A0 41
1787903471.695673,34680,025b,12,C9 EC 93 43 B7 F4 8C 42 00 00 A8 41
1787903471.706501,34680,025c,12,90 8A 91 43 B2 6D 83 42 00 00 B0 41
1787903471.717345,34680,025d,12,9E C0 8E 43 DE 4B 71 42 00 00 B8 41
1787903471.728750,34680,025e,12,FB 9E 8B 43 A7 16 5A 42 00 00 C0 41
1787903471.739195,34680,025f,12,B3 37 88 43 0E 29 42 42 00 00 C8 41
1787903471.749706,34680,0260,12,42 9E 84 43 D3 76 2A 42 00 00 D0 41
1787903471.760192,34680,0261,12,63 E7 80 43 44 F2 13 42 00 00 D8 41
1787903471.770558,34680,0262,12,E5 50 7A 43 E1 01 FF 41 00 00 E0 41
1787903471.781186,34680,0263,12,F2 ED 72 43 A8 E6 DB 41 00 00 E8 41
1787903471.791568,34680,0264,12,7B D0 6B 43 D4 F9 BF 41 00 00 F0 41
1787903471.802013,34680,0265,12,3A 21 65 43 DE 57 AC 41 00 00 F8 41
1787903471.812385,34680,0266,12,B6 06 5F 43 82 C9 A1 41 00 00 00 42
1787903471.822802,34680,0267,12,06 A4 59 43 41 BA A0 41 00 00 04 42
1787903471.833589,34680,0268,12,20 18 55 43 0D 35 A9 41 00 00 08 42
1787903471.844326,34680,0269,12,32 7D 51 43 31 E3 BA 41 00 00 0C 42
1787903471.854813,34680,026a,12,DF E7 4E 43 91 10 D5 41 00 00 10 42
1787903471.865288,34680,026b,12,0E 67 4D 43 83 B1 F6 41 00 00 14 42
1787903471.875831,34680,026c,12,64 03 4D 43 86 37 0F 42 00 00 18 42
1787903471.886344,34680,026d,12,1E BF 4D 43 04 5A 25 42 00 00 1C 42
1787903471.897260,34680,026e,12,FD 95 4F 43 EA DD 3C 42 00 00 20 42
1787903471.907740,34680,026f,12,79 7D 52 43 AA D3 54 42 00 00 24 42
1787903471.918227,34680,0270,12,DD 64 56 43 47 46 6C 42 00 00 28 42
1787903471.928800,34680,0271,12,B5 35 5B 43 58 23 81 42 00 00 2C 42
1787903471.939171,34680,0272,12,52 D4 60 43 44 FA 8A 42 00 00 30 42
1787903471.954860,34680,0273,12,4F 20 67 43 4C 43 93 42 00 00 34 42
1787903471.965580,34680,0274,12,A3 F5 6D 43 08 AA 99 42 00 00 38 42
1787903471.976383,34680,0275,12,EE 2C 75 43 05 ED 9D 42 00 00 3C 42
1787903471.986914,34680,0276,12,B6 9C 7C 43 D7 E0 9F 42 00 00 40 42
1787903471.997353,34680,0277,12,1C 0D 82 43 8D 71 9F 42 00 00 44 42
1787903472.007744,34680,0278,12,26 BD 85 43 99 A3 9C 42 00 00 48 42
1787903472.018199,34680,0279,12,5E 49 89 43 8C 93 97 42 00 00 4C 42
1787903472.035830,34680,027a,12,52 9D 8C 43 2B 75 90 42 00 00 50 42
1787903472.046591,34680,027b,12,E0 A5 8F 43 12 91 87 42 00 00 54 42
1787903472.057017,34680,027c,12,96 51 92 43 C8 83 7A 42 00 00 58 42
1787903472.067646,34680,027d,12,14 91 94 43 12 E2 63 42 00 00 5C 42
1787903472.078038,34680,027e,12,7C 57 96 43 91 23 4C 42 00 00 60 42
1787903472.089396,34680,027f,12,90 9A 97 43 0C 3B 34 42 00 00 64 42
1787903472.099761,34680,0280,12,10 53 98 43 49 1C 1D 42 00 00 68 42
1787903472.110309,34680,0281,12,D7 7C 98 43 0A B3 07 42 00 00 6C 42
1787903472.120964,34680,0282,12,F6 16 98 43 7B B4 E9 41 00 00 70 42
1787903472.131449,34680,0283,12,B5 23 97 43 06 A4 CA 41 00 00 74 42
1787903472.142565,34680,0284,12,8B A8 95 43 5D 71 B3 41 00 00 78 42
1787903472.153063,34680,0285,12,FC AD 93 43 28 0A A5 41 00 00 7C 42
1787903472.163607,34680,0286,12,68 3F 91 43 DC 00 A0 41 00 00 80 42
1787903472.174399,34680,0287,12,CA 6A 8E 43 E1 88 A4 41 00 00 82 42
1787903472.184774,34680,0288,12,74 40 8B 43 F5 73 B2 41 00 00 84 42
1787903472.195126,34680,0289,12,83 D2 87 43 96 34 C9 41 00 00 86 42
1787903472.207448,34680,028a,12,B9 34 84 43 AB E1 E7 41 00 00 88 42
1787903472.217811,34680,028b,12,E1 7B 80 43 40 A1 06 42 00 00 8A 42
1787903472.228125,34680,028c,12,C1 7A 79 43 D0 EC 1B 42 00 00 8C 42
1787903472.239373,34680,028d,12,96 1D 72 43 2E FA 32 42 00 00 8E 42
1787903472.249843,34680,028e,12,66 0A 6B 43 92 DE 4A 42 00 00 90 42
1787903472.261288,34680,028f,12,F6 69 64 43 36 A5 62 42 00 00 92 42
1787903472.271969,34680,0290,12,60 62 5E 43 EC 5B 79 42 00 00 94 42
1787903472.282382,34680,0291,12,50 16 59 43 72 0D 87 42 00 00 96 42
1787903472.292799,34680,0292,12,45 A4 54 43 34 07 90 42 00 00 98 42
1787903472.303197,34680,0293,12,B3 25 51 43 BE 3F 97 42 00 00 9A 42
1787903472.313716,34680,0294,12,C0 AE 4E 43 1A 6D 9C 42 00 00 9C 42
1787903472.324665,34680,0295,12,97 4D 4D 43 98 5A 9F 42 00 00 9E 42
1787903472.335149,34680,0296,12,28 0A 4D 43 58 EA 9F 42 00 00 A0 42
1787903472.346736,34680,0297,12,F1 E5 4D 43 9F 16 9E 42 00 00 A2 42
1787903472.357469,34680,0298,12,08 DC 4F 43 F8 F1 99 42 00 00 A4 42
1787903472.367865,34680,0299,12,27 E1 52 43 D6 A6 93 42 00 00 A6 42
1787903472.378223,34680,029a,12,EE E3 56 43 62 75 8B 42 00 00 A8 42
1787903472.388869,34680,029b,12,51 CD 5B 43 3D B1 81 42 00 00 AA 42
1787903472.399501,34680,029c,12,FD 80 61 43 20 7C 6D 42 00 00 AC 42
1787903472.409831,34680,029d,12,4F DE 67 43 C0 16 56 42 00 00 AE 42
1787903472.420271,34680,029e,12,9F C0 6E 43 09 22 3E 42 00 00 B0 42
1787903472.430863,34680,029f,12,59 00 76 43 06 92 26 42 00 00 B2 42
1787903472.441342,34680,02a0,12,CF 73 7D 43 2E 57 10 42 00 00 B4 42
1787903472.451727,34680,02a1,12,09 78 82 43 BD A8 F8 41 00 00 B6 42
1787903472.462319,34680,02a2,12,26 25 86 43 0F AB D6 41 00 00 B8 42
1787903472.472733,34680,02a3,12,0E AC 89 43 86 11 BC 41 00 00 BA 42
1787903472.483332,34680,02a4,12,7A F8 8C 43 E1 EA A9 41 00 00 BC 42
1787903472.494120,34680,02a5,12,74 F7 8F 43 5D F0 A0 41 00 00 BE 42
1787903472.504569,34680,02a6,12,BA 97 92 43 9C 7D A1 41 00 00 C0 42
1787903472.515034,34680,02a7,12,44 CA 94 43 47 8D AB 41 00 00 C2 42
1787903472.526003,34680,02a8,12,67 82 96 43 4A B8 BE 41 00 00 C4 42
1787903472.536512,34680,02a9,12,40 B6 97 43 22 3B DA 41 00 00 C6 42
1787903472.547037,34680,02aa,12,E6 5E 98 43 09 FD FC 41 00 00 C8 42
1787903472.557364,34680,02ab,12,8E 78 98 43 A4 CD 12 42 00 00 CA 42
1787903472.568342,34680,02ac,12,A7 02 98 43 1F 3C 29 42 00 00 CC 42
1787903472.578776,34680,02ad,12,D5 FF 96 43 29 E4 40 42 00 00 CE 42
1787903472.589409,34680,02ae,12,E8 75 95 43 BF D4 58 42 00 00 D0 42
1787903472.599780,34680,02af,12,B8 6D 93 43 90 19 70 42 00 00 D2 42
1787903472.610418,34680,02b0,12,FF F2 90 43 91 E2 82 42 00 00 D4 42
1787903472.620935,34680,02b1,12,EB 13 8E 43 53 7D 8C 42 00 00 D6 42
1787903472.631578,34680,02b2,12,08 E1 8A 43 AA 7A 94 42 00 00 D8 42
1787903472.641931,34680,02b3,12,B8 6C 87 43 3E 89 9A 42 00 00 DA 42
1787903472.653152,34680,02b4,12,D9 CA 83 43 3F 6B 9E 42 00 00 DC 42
1787903472.663665,34680,02b5,12,59 10 80 43 0D F9 9F 42 00 00 DE 42
1787903472.674212,34680,02b6,12,1C A5 78 43 C2 22 9F 42 00 00 E0 42
1787903472.684779,34680,02b7,12,11 4E 71 43 F1 F0 9B 42 00 00 E2 42
1787903472.695256,34680,02b8,12,C2 45 6A 43 36 84 96 42 00 00 E4 42
1787903472.705946,34680,02b9,12,9E B4 63 43 EE 13 8F 42 00 00 E6 42
1787903472.716482,34680,02ba,12,7A C0 5D 43 03 EC 85 42 00 00 E8 42
1787903472.736660,34680,02bb,12,68 8B 58 43 5F D3 76 42 00 00 EA 42
1787903472.769468,34680,02bc,12,6E 33 54 43 39 F1 5F 42 00 00 EC 42
1787903472.780162,34680,02bd,12,86 D1 50 43 BA 1A 48 42 00 00 EE 42
1787903472.791578,34680,02be,12,20 79 4E 43 2B 43 30 42 00 00 A0 41
1787903472.803000,34680,02bf,12,BC 37 4D 43 DD 5D 19 42 00 00 A8 41
1787903472.814045,34680,02c0,12,88 14 4D 43 18 54 04 42 00 00 B0 41
1787903472.825822,34680,02c1,12,56 10 4E 43 C5 FA E3 41 00 00 B8 41
1787903472.836201,34680,02c2,12,7E 25 50 43 ED 28 C6 41 00 00 C0 41
1787903472.846940,34680,02c3,12,06 48 53 43 FB 62 B0 41 00 00 C8 41
1787903472.857846,34680,02c4,12,D9 65 57 43 24 87 A3 41 00 00 D0 41
1787903472.868204,34680,02c5,12,68 67 5C 43 AC 18 A0 41 00 00 D8 41
1787903472.878782,34680,02c6,12,DE 2F 62 43 B8 3A A6 41 00 00 E0 41
1787903472.889177,34680,02c7,12,FB 9D 68 43 8B AE B5 41 00 00 E8 41
1787903472.900329,34680,02c8,12,C9 8C 6F 43 6E D6 CD 41 00 00 F0 41
1787903472.910776,34680,02c9,12,52 D4 76 43 DE BB ED 41 00 00 F8 41
1787903472.921143,34680,02ca,12,EC 4A 7E 43 10 0D 0A 42 00 00 00 42
1787903472.931653,34680,02cb,12,CC E2 82 43 13 B4 1F 42 00 00 04 42
1787903472.941993,34680,02cc,12,AA 8C 86 43 56 F6 36 42 00 00 08 42
1787903472.952593,34680,02cd,12,00 0E 8A 43 7A E6 4E 42 00 00 0C 42
1787903472.962956,34680,02ce,12,9E 52 8D 43 33 90 66 42 00 00 10 42
1787903472.973439,34680,02cf,12,CE 47 90 43 6C 02 7D 42 00 00 14 42
1787903472.983754,34680,02d0,12,84 DC 92 43 9A AB 88 42 00 00 18 42
1787903472.994169,34680,02d1,12,EA 01 95 43 BF 5F 91 42 00 00 1C 42
1787903473.004479,34680,02d2,12,A8 AB 96 43 D3 44 98 42 00 00 20 42
1787903473.014925,34680,02d3,12,2C D0 97 43 78 14 9D 42 00 00 24 42
1787903473.025388,34680,02d4,12,ED 68 98 43 9A 9D 9F 42 00 00 28 42
1787903473.035698,34680,02d5,12,76 72 98 43 40 C6 9F 42 00 00 2C 42
1787903473.046097,34680,02d6,12,91 EC 97 43 DD 8C 9D 42 00 00 30 42
1787903473.056384,34680,02d7,12,41 DA 96 43 24 08 99 42 00 00 34 42
1787903473.067373,34680,02d8,12,B3 41 95 43 33 66 92 42 00 00 38 42
1787903473.082670,34680,02d9,12,0B 2C 93 43 8B EA 89 42 00 00 3C 42
1787903473.093112,34680,02da,12,4A A5 90 43 28 D8 7F 42 00 00 40 42
1787903473.103377,34680,02db,12,F4 BB 8D 43 4E A1 69 42 00 00 44 42
1787903473.113834,34680,02dc,12,C9 80 8A 43 3C 13 52 42 00 00 48 42
1787903473.124196,34680,02dd,12,67 06 87 43 57 1E 3A 42 00 00 4C 42
1787903473.134698,34680,02de,12,B6 60 83 43 AC B6 22 42 00 00 50 42
1787903473.146208,34680,02df,12,73 49 7F 43 00 CC 0C 42 00 00 54 42
1787903473.156823,34680,02e0,12,D4 CF 77 43 0F 7B F2 41 00 00 58 42
1787903473.167342,34680,02e1,12,89 7F 70 43 B3 A5 D1 41 00 00 5C 42
1787903473.177866,34680,02e2,12,B5 82 69 43 00 67 B8 41 00 00 60 42
1787903473.188471,34680,02e3,12,55 01 63 43 5F C0 A7 41 00 00 64 42
1787903473.198999,34680,02e4,12,E9 20 5D 43 65 5C A0 41 00 00 68 42
1787903473.209688,34680,02e5,12,3A 03 58 43 13 86 A2 41 00 00 6C 42
1787903473.220107,34680,02e6,12,B1 C5 53 43 58 27 AE 41 00 00 70 42
1787903473.230500,34680,02e7,12,BA 80 50 43 83 C9 C2 41 00 00 74 42
1787903473.242134,34680,02e8,12,0A 47 4E 43 A2 9A DF 41 00 00 78 42
1787903473.252834,34680,02e9,12,78 25 4D 43 C0 B9 01 42 00 00 7C 42
1787903473.264743,34680,02ea,12,87 22 4D 43 60 73 16 42 00 00 80 42
1787903473.275264,34680,02eb,12,47 3E 4E 43 AE 26 2D 42 00 00 82 42
1787903473.285654,34680,02ec,12,4F 72 50 43 FE EB 44 42 00 00 84 42
1787903473.296065,34680,02ed,12,03 B2 53 43 2F D1 5C 42 00 00 86 42
1787903473.306701,34680,02ee,12,B0 EA 57 43 74 E1 73 42 00 00 88 42
1787903473.317212,34680,02ef,12,11 04 5D 43 F2 98 84 42 00 00 8A 42
1787903473.328623,34680,02f0,12,D5 E0 62 43 7E F4 8D 42 00 00 8C 42
1787903473.339592,34680,02f1,12,30 5F 69 43 DC A3 95 42 00 00 8E 42
1787903473.350047,34680,02f2,12,F9 59 70 43 B6 58 9B 42 00 00 90 42
1787903473.360561,34680,02f3,12,FB A8 77 43 96 D8 9E 42 00 00 92 42
1787903473.370913,34680,02f4,12,2F 22 7F 43 E7 FF 9F 42 00 00 94 42
1787903473.381791,34680,02f5,12,4F 4D 83 43 E3 C2 9E 42 00 00 96 42
1787903473.392680,34680,02f6,12,9F F3 86 43 2D 2E 9B 42 00 00 98 42
1787903473.403230,34680,02f7,12,24 6F 8A 43 2F 66 95 42 00 00 9A 42
1787903473.413775,34680,02f8,12,CC AB 8D 43 23 A6 8D 42 00 00 9C 42
1787903473.424448,34680,02f9,12,FA 96 90 43 09 3D 84 42 00 00 9E 42
1787903473.434927,34680,02fa,12,E8 1F 93 43 D7 15 73 42 00 00 A0 42
1787903473.445428,34680,02fb,12,FA 37 95 43 E7 F9 5B 42 00 00 A2 42
1787903473.456789,34680,02fc,12,37 D3 96 43 A0 11 44 42 00 00 A4 42
1787903473.467189,34680,02fd,12,59 E8 97 43 EE 51 2C 42 00 00 A6 42
1787903473.477675,34680,02fe,12,28 71 98 43 BA AC 15 42 00 00 A8 42
1787903473.487995,34680,02ff,12,8F 6A 98 43 20 09 01 42 00 00 AA 42
1787903473.498334,34680,0300,12,BA D4 97 43 82 73 DE 41 00 00 AC 42
1787903473.508883,34680,0301,12,00 B3 96 43 48 E8 C1 41 00 00 AE 42
1787903473.523956,34680,0302,12,E6 0B 95 43 FC 94 AD 41 00 00 B0 42
1787903473.534425,34680,0303,12,EA E8 92 43 6B 48 A2 41 00 00 B2 42
1787903473.544670,34680,0304,12,57 56 90 43 E6 75 A0 41 00 00 B4 42
1787903473.555094,34680,0305,12,00 63 8D 43 06 30 A8 41 00 00 B6 42
1787903473.565390,34680,0306,12,CA 1F 8A 43 5A 28 B9 41 00 00 B8 42
1787903473.576858,34680,0307,12,7E 9F 86 43 08 B1 D2 41 00 00 BA 42
1787903473.587314,34680,0308,12,3F F6 82 43 B9 C5 F3 41 00 00 BC 42
1787903473.598143,34680,0309,12,30 72 7E 43 67 8A 0D 42 00 00 BE 42
1787903473.608560,34680,030a,12,2A FB 76 43 8F 86 23 42 00 00 C0 42
1787903473.618943,34680,030b,12,26 B2 6F 43 6C F7 3A 42 00 00 C2 42
1787903473.629279,34680,030c,12,1F C1 68 43 DB EC 52 42 00 00 C4 42
1787903473.640619,34680,030d,12,FE 4F 62 43 CA 72 6A 42 00 00 C6 42
1787903473.652741,34680,030e,12,CC 83 5C 43 94 4C 80 42 00 00 C8 42
1787903473.664400,34680,030f,12,ED 7D 57 43 F4 3E 8A 42 00 00 CA 42
1787903473.675028,34680,0310,12,21 5B 53 43 27 AB 92 42 00 00 CC 42
1787903473.685426,34680,0311,12,42 33 50 43 E4 3A 99 42 00 00 CE 42
1787903473.696250,34680,0312,12,74 18 4E 43 62 AB 9D 42 00 00 D0 42
1787903473.706644,34680,0313,12,D1 16 4D 43 53 CF 9F 42 00 00 D2 42
1787903473.717226,34680,0314,12,20 34 4D 43 DE 90 9F 42 00 00 D4 42
1787903473.733746,34680,0315,12,B9 6F 4E 43 70 F2 9C 42 00 00 D6 42
1787903473.744700,34680,0316,12,87 C2 50 43 DA 0E 98 42 00 00 D8 42
1787903473.755694,34680,0317,12,2F 1F 54 43 FC 17 91 42 00 00 DA 42
1787903473.769639,34680,0318,12,5C 72 58 43 E8 54 88 42 00 00 DC 42
1787903473.780075,34680,0319,12,1E A3 5D 43 17 3E 7C 42 00 00 DE 42
1787903473.790703,34680,031a,12,C0 93 63 43 BF BC 65 42 00 00 E0 42
1787903473.801121,34680,031b,12,0C 22 6A 43 56 0C 4E 42 00 00 E2 42
1787903473.811657,34680,031c,12,51 28 71 43 33 1E 36 42 00 00 E4 42
1787903473.822513,34680,031d,12,2B 7E 78 43 90 E6 1E 42 00 00 E6 42
1787903473.834196,34680,031e,12,56 F9 7F 43 5E 52 09 42 00 00 E8 42
1787903473.844838,34680,031f,12,80 B7 83 43 FE 7A EC 41 00 00 EA 42
1787903473.855467,34680,0320,12,17 5A 87 43 DF D6 CC 41 00 00 EC 42
1787903473.865977,34680,0321,12,89 CF 8A 43 7B FA B4 41 00 00 EE 42
1787903473.876534,34680,0322,12,F4 03 8E 43 56 D9 A5 41 00 00 A0 41
1787903473.888003,34680,0323,12,E1 E4 90 43 D8 0D A0 41 00 00 A8 41
1787903473.926291,34680,0324,12,D8 61 93 43 4F D3 A3 41 00 00 B0 41
1787903473.937378,34680,0325,12,7F 6C 95 43 1A 03 B1 41 00 00 B8 41
1787903473.949816,34680,0326,12,1A F9 96 43 9E 16 C7 41 00 00 C0 41
1787903473.960328,34680,0327,12,C2 FE 97 43 8F 2C E5 41 00 00 C8 41
1787903473.970881,34680,0328,12,93 77 98 43 F1 08 05 42 00 00 D0 41
1787903473.981452,34680,0329,12,DC 60 98 43 74 27 1A 42 00 00 D8 41
1787903473.992270,34680,032a,12,1D BB 97 43 76 19 31 42 00 00 E0 41
1787903474.004708,34680,032b,12,0E 8A 96 43 30 F5 48 42 00 00 E8 41
1787903474.015369,34680,032c,12,88 D4 94 43 22 C7 60 42 00 00 F0 41
1787903474.027957,34680,032d,12,69 A4 92 43 36 9C 77 42 00 00 F8 41
1787903474.038318,34680,032e,12,35 06 90 43 E4 45 86 42 00 00 00 42
1787903474.048804,34680,032f,12,00 09 8D 43 AF 5F 8F 42 00 00 04 42
1787903474.059400,34680,0330,12,FA BD 89 43 D2 BE 96 42 00 00 08 42
1787903474.069894,34680,0331,12,11 38 86 43 12 18 9C 42 00 00 0C 42
1787903474.080791,34680,0332,12,93 8B 82 43 D9 34 9F 42 00 00 10 42
1787903474.091117,34680,0333,12,0F 9B 7D 43 61 F5 9F 42 00 00 14 42
1787903474.101557,34680,0334,12,FC 26 76 43 F6 51 9E 42 00 00 18 42
1787903474.111838,34680,0335,12,C7 E5 6E 43 59 5B 9A 42 00 00 1C 42
1787903474.122205,34680,0336,12,26 01 68 43 FE 39 94 42 00 00 20 42
1787903474.132680,34680,0337,12,CF A0 61 43 74 2C 8C 42 00 00 24 42
1787903474.143431,34680,0338,12,40 E9 5B 43 B8 84 82 42 00 00 28 42
1787903474.153954,34680,0339,12,6D FB 56 43 66 4B 6F 42 00 00 2C 42
1787903474.164834,34680,033a,12,AE F3 52 43 56 FC 57 42 00 00 30 42
1787903474.175469,34680,033b,12,2E E9 4F 43 21 0A 40 42 00 00 34 42
1787903474.185900,34680,033c,12,6E ED 4D 43 2A 69 28 42 00 00 38 42
1787903474.197594,34680,033d,12,C8 0B 4D 43 2A 0A 12 42 00 00 3C 42
1787903474.207965,34680,033e,12,55 49 4D 43 A2 A4 FB 41 00 00 40 42
1787903474.218616,34680,033f,12,B4 A4 4E 43 02 1F D9 41 00 00 44 42
1787903474.229201,34680,0340,12,18 16 51 43 C6 E3 BD 41 00 00 48 42
1787903474.239770,34680,0341,12,68 8F 54 43 D6 08 AB 41 00 00 4C 42
1787903474.250992,34680,0342,12,C2 FC 58 43 89 4E A1 41 00 00 50 42
1787903474.261834,34680,0343,12,A7 44 5E 43 85 18 A1 41 00 00 54 42
1787903474.272464,34680,0344,12,BD 48 64 43 AB 68 AA 41 00 00 58 42
1787903474.283666,34680,0345,12,6B E6 6A 43 EE DF BC 41 00 00 5C 42
1787903474.294064,34680,0346,12,91 F7 71 43 DC C1 D7 41 00 00 60 42
1787903474.304415,34680,0347,12,BC 53 79 43 D2 FC F9 41 00 00 64 42
1787903474.314770,34680,0348,12,42 68 80 43 14 19 11 42 00 00 68 42
1787903474.325217,34680,0349,12,6F 21 84 43 0D 64 27 42 00 00 6C 42
1787903474.338024,34680,034a,12,FD BF 87 43 D2 FB 3E 42 00 00 70 42
1787903474.348443,34680,034b,12,11 2F 8B 43 9B EF 56 42 00 00 74 42
1787903474.358860,34680,034c,12,04 5B 8E 43 68 4B 6E 42 00 00 78 42
1787903474.369351,34680,034d,12,8E 31 91 43 F6 0F 82 42 00 00 7C 42
1787903474.379718,34680,034e,12,5F A2 93 43 6A C7 8B 42 00 00 80 42
1787903474.390208,34680,034f,12,6D 9F 95 43 E7 E8 93 42 00 00 82 42
1787903474.400608,34680,0350,12,46 1D 97 43 70 21 9A 42 00 00 84 42
1787903474.411016,34680,0351,12,62 13 98 43 99 31 9E 42 00 00 86 42
1787903474.421274,34680,0352,12,31 7C 98 43 C1 EF 9F 42 00 00 88 42
1787903474.431724,34680,0353,12,5B 55 98 43 38 4A 9F 42 00 00 8A 42
1787903474.442061,34680,0354,12,BF 9F 97 43 9A 47 9C 42 00 00 8C 42
1787903474.452430,34680,0355,12,75 5F 96 43 9C 06 97 42 00 00 8E 42
1787903474.463772,34680,0356,12,A7 9B 94 43 B6 BC 8F 42 00 00 90 42
1787903474.474224,34680,0357,12,7D 5E 92 43 92 B4 86 42 00 00 92 42
1787903474.484776,34680,0358,12,D8 B4 8F 43 7B 94 78 42 00 00 94 42
1787903474.495473,34680,0359,12,10 AE 8C 43 09 D0 61 42 00 00 96 42
1787903474.506037,34680,035a,12,6C 5B 89 43 27 04 4A 42 00 00 98 42
1787903474.516563,34680,035b,12,34 D0 85 43 3C 23 32 42 00 00 9A 42
1787903474.527502,34680,035c,12,97 20 82 43 E8 21 1B 42 00 00 9C 42
1787903474.538037,34680,035d,12,F0 C3 7C 43 7A EA 05 42 00 00 9E 42
1787903474.548579,34680,035e,12,8A 53 75 43 F2 AA E6 41 00 00 A0 42
1787903474.559226,34680,035f,12,92 1A 6E 43 15 41 C8 41 00 00 A2 42
1787903474.569738,34680,0360,12,ED 42 67 43 62 CD B1 41 00 00 A4 42
1787903474.582953,34680,0361,12,98 F3 60 43 DE 35 A4 41 00 00 A6 42
1787903474.593326,34680,0362,12,2C 51 5B 43 BA 04 A0 41 00 00 A8 42
1787903474.603719,34680,0363,12,E1 7B 56 43 BE 64 A5 41 00 00 AA 42
1787903474.614049,34680,0364,12,6B 8F 52 43 10 1F B4 41 00 00 AC 42
1787903474.624441,34680,0365,12,8A A2 4F 43 E9 9D CB 41 00 00 AE 42
1787903474.639479,34680,0366,12,EC C5 4D 43 97 F0 EA 41 00 00 B0 42
1787903474.649926,34680,0367,12,5B 04 4D 43 E8 6B 08 42 00 00 B2 42
1787903474.660499,34680,0368,12,21 62 4D 43 60 E8 1D 42 00 00 B4 42
1787903474.670985,34680,0369,12,31 DD 4E 43 6B 12 35 42 00 00 B6 42
1787903474.681746,34680,036a,12,F2 6C 51 43 1A FE 4C 42 00 00 B8 42
1787903474.692529,34680,036b,12,CE 02 55 43 5F B6 64 42 00 00 BA 42
1787903474.702971,34680,036c,12,F8 89 59 43 9D 49 7B 42 00 00 BC 42
1787903474.713395,34680,036d,12,7C E8 5E 43 B8 E8 87 42 00 00 BE 42
1787903474.723876,34680,036e,12,A8 FF 64 43 28 BE 90 42 00 00 C0 42
1787903474.734438,34680,036f,12,27 AC 6B 43 16 CB 97 42 00 00 C2 42
1787903474.744744,34680,0370,12,F3 C7 72 43 46 C7 9C 42 00 00 C4 42
1787903474.755201,34680,0371,12,CF 29 7A 43 02 80 9F 42 00 00 C6 42
1787903474.765664,34680,0372,12,BC D3 80 43 82 D9 9F 42 00 00 C8 42
1787903474.775950,34680,0373,12,08 8B 84 43 34 D0 9D 42 00 00 CA 42
1787903474.786436,34680,0374,12,3E 25 88 43 C7 78 99 42 00 00 CC 42
1787903474.796867,34680,0375,12,D6 8D 8B 43 B3 FF 92 42 00 00 CE 42
1787903474.808094,34680,0376,12,0B B1 8E 43 F8 A6 8A 42 00 00 D0 42
1787903474.821432,34680,0377,12,EB 7C 91 43 C6 C3 80 42 00 00 D2 42
1787903474.831758,34680,0378,12,71 E1 93 43 07 76 6B 42 00 00 D4 42
1787903474.842353,34680,0379,12,BC D0 95 43 24 FA 53 42 00 00 D6 42
1787903474.852703,34680,037a,12,C5 3F 97 43 78 04 3C 42 00 00 D8 42
1787903474.863235,34680,037b,12,3C 26 98 43 16 89 24 42 00 00 DA 42
1787903474.875174,34680,037c,12,00 7F 98 43 A4 77 0E 42 00 00 DC 42
1787903474.886687,34680,037d,12,0E 48 98 43 B3 62 F5 41 00 00 DE 42
1787903474.897181,34680,037e,12,A5 82 97 43 79 FF D3 41 00 00 E0 42
1787903474.907752,34680,037f,12,2A 33 96 43 A1 1B BA 41 00 00 E2 42
1787903474.918216,34680,0380,12,37 61 94 43 B0 BE A8 41 00 00 E4 42
1787903474.929304,34680,0381,12,3C 17 92 43 D7 99 A0 41 00 00 E6 42
1787903474.941175,34680,0382,12,4E 62 8F 43 35 00 A2 41 00 00 E8 42
1787903474.951835,34680,0383,12,21 52 8C 43 CD E3 AC 41 00 00 EA 42
1787903474.962204,34680,0384,12,28 F8 88 43 12 D5 C0 41 00 00 EC 42
1787903474.972604,34680,0385,12,D5 67 85 43 9D 08 DD 41 00 00 EE 42
1787903474.983136,34680,0386,12,8F B5 81 43 4E 2F 00 42 00 00 A0 41
1787903474.993466,34680,0387,12,FA EC 7B 43 3A B7 14 42 00 00 A8 41
1787903475.009406,34680,0388,12,B3 80 74 43 FC 4A 2B 42 00 00 B0 41
1787903475.019964,34680,0389,12,97 50 6D 43 4B 03 43 42 00 00 B8 41
1787903485.047621,34680,038b,12,56 86 66 43 7F EE 5A 42 00 00 C0 41
1787903485.057187,34680,038c,12,C9 48 60 43 7F 18 72 42 00 00 C8 41
1787903485.067688,34680,038d,12,AD BB 5A 43 70 CA 83 42 00 00 D0 41
1787903485.078330,34680,038e,12,36 FF 55 43 5C 44 8D 42 00 00 D8 41
1787903485.090014,34680,038f,12,5F 2E 52 43 EC 18 95 42 00 00 E0 41
1787903485.101992,34680,0390,12,4D 5F 4F 43 6C F8 9A 42 00 00 E8 41
1787903485.112762,34680,0391,12,07 A2 4D 43 E9 A6 9E 42 00 00 F0 41
1787903485.123436,34680,0392,12,8D 00 4D 43 D3 FE 9F 42 00 00 F8 41
1787903485.136821,34680,0393,12,88 7E 4D 43 67 F2 9E 42 00 00 00 42
1787903485.147796,34680,0394,12,29 19 4F 43 64 8C 9B 42 00 00 04 42
1787903485.158372,34680,0395,12,24 C7 51 43 79 EF 95 42 00 00 08 42
1787903485.168884,34680,0396,12,16 79 55 43 F0 54 8E 42 00 00 0C 42
1787903485.179558,34680,0397,12,E5 19 5A 43 60 0A 85 42 00 00 10 42
1787903485.190188,34680,0398,12,B7 8E 5F 43 CD DC 74 42 00 00 14 42
1787903485.200848,34680,0399,12,76 B8 65 43 64 DB 5D 42 00 00 18 42
1787903485.216346,34680,039a,12,61 73 6C 43 EC FA 45 42 00 00 1C 42
1787903485.226900,34680,039b,12,EE 98 73 43 10 2F 2E 42 00 00 20 42
1787903485.237771,34680,039c,12,3B 00 7B 43 AC 6A 17 42 00 00 24 42
1787903485.249067,34680,039d,12,2A 3F 81 43 BA 95 02 42 00 00 28 42
1787903485.261111,34680,039e,12,44 F4 84 43 41 0B E1 41 00 00 2C 42
1787903485.271874,34680,039f,12,EB 89 88 43 96 E4 C3 41 00 00 30 42
1787903485.282517,34680,03a0,12,9B EB 8B 43 F6 E0 AE 41 00 00 34 42
1787903485.292980,34680,03a1,12,F9 05 8F 43 D4 D6 A2 41 00 00 38 42
1787903485.303713,34680,03a2,12,03 C7 91 43 1D 41 A0 41 00 00 3C 42
1787903485.314415,34680,03a3,12,09 1F 94 43 4A 3A A7 41 00 00 40 42
1787903485.324962,34680,03a4,12,72 00 96 43 0B 7B B7 41 00 00 44 42
1787903485.341283,34680,03a5,12,80 60 97 43 82 5D D0 41 00 00 48 42
1787903485.352068,34680,03a6,12,4E 37 98 43 B9 E3 F0 41 00 00 4C 42
1787903485.363351,34680,03a7,12,FF 7F 98 43 49 E1 0B 42 00 00 50 42
1787903485.374076,34680,03a8,12,F5 38 98 43 EA B5 21 42 00 00 54 42
1787903485.384720,34680,03a9,12,CA 63 97 43 50 11 39 42 00 00 58 42
1787903485.395190,34680,03aa,12,4A 05 96 43 1B 05 51 42 00 00 5C 42
1787903485.405911,34680,03ab,12,45 25 94 43 D8 9C 68 42 00 00 60 42
1787903485.421559,34680,03ac,12,9A CE 91 43 2A E8 7E 42 00 00 64 42
1787903485.459365,34680,03ad,12,9E 0E 8F 43 57 81 89 42 00 00 68 42
1787903485.478092,34680,03ae,12,44 F5 8B 43 D5 0F 92 42 00 00 6C 42
1787903485.491082,34680,03af,12,4C 94 88 43 3D C8 98 42 00 00 70 42
1787903485.503018,34680,03b0,12,0A FF 84 43 F8 65 9D 42 00 00 74 42
1787903485.514368,34680,03b1,12,46 4A 81 43 F0 B9 9F 42 00 00 78 42
1787903485.525155,34680,03b2,12,3D 16 7B 43 4B AC 9F 42 00 00 7C 42
1787903485.536315,34680,03b3,12,9F AE 73 43 A7 3D 9D 42 00 00 80 42
1787903485.546921,34680,03b4,12,12 88 6C 43 D6 86 98 42 00 00 82 42
1787903485.558358,34680,03b5,12,85 CB 65 43 F3 B7 91 42 00 00 84 42
1787903485.568929,34680,03b6,12,0C A0 5F 43 4B 16 89 42 00 00 86 42
1787903485.579649,34680,03b7,12,CF 28 5A 43 97 F4 7D 42 00 00 88 42
1787903485.590502,34680,03b8,12,82 85 55 43 F2 95 67 42 00 00 8A 42
1787903485.601236,34680,03b9,12,A8 D0 51 43 F2 F4 4F 42 00 00 8C 42
1787903485.612019,34680,03ba,12,82 1F 4F 43 BF 02 38 42 00 00 8E 42
1787903485.622903,34680,03bb,12,AC 81 4D 43 48 B3 20 42 00 00 90 42
1787903485.633778,34680,03bc,12,5D 00 4D 43 5C F5 0A 42 00 00 92 42
1787903485.644355,34680,03bd,12,83 9E 4D 43 CF 4C EF 41 00 00 94 42
1787903485.658801,34680,03be,12,8A 58 4F 43 EF 16 CF 41 00 00 96 42
1787903485.670555,34680,03bf,12,9A 24 52 43 D4 91 B6 41 00 00 98 42
1787903485.681157,34680,03c0,12,7B F2 55 43 83 B7 A6 41 00 00 9A 42
1787903485.691704,34680,03c1,12,7E AC 5A 43 62 2A A0 41 00 00 9C 42
1787903485.702191,34680,03c2,12,39 37 60 43 E9 2C A3 41 00 00 9E 42
1787903485.712902,34680,03c3,12,EC 72 66 43 60 A0 AF 41 00 00 A0 42
1787903485.723773,34680,03c4,12,F2 3B 6D 43 B5 05 C5 41 00 00 A2 42
1787903485.734550,34680,03c5,12,EE 6A 74 43 32 83 E2 41 00 00 A4 42
1787903485.745159,34680,03c6,12,F1 D6 7B 43 5E 75 03 42 00 00 A6 42
1787903485.755654,34680,03c7,12,77 AA 81 43 A4 64 18 42 00 00 A8 42
1787903485.766173,34680,03c8,12,03 5D 85 43 C6 39 2F 42 00 00 AA 42
1787903485.780145,34680,03c9,12,F0 ED 88 43 BE 0B 47 42 00 00 AC 42
1787903485.790938,34680,03ca,12,90 48 8C 43 E8 E7 5E 42 00 00 AE 42
1787903485.801360,34680,03cb,12,C6 59 8F 43 D6 D9 75 42 00 00 B0 42
1787903485.811843,34680,03cc,12,C8 0F 92 43 EA 7B 85 42 00 00 B2 42
1787903485.822428,34680,03cd,12,15 5B 94 43 30 B5 8E 42 00 00 B4 42
1787903485.833067,34680,03ce,12,88 2E 96 43 99 3A 96 42 00 00 B6 42
1787903485.843604,34680,03cf,12,88 7F 97 43 7C BF 9B 42 00 00 B8 42
1787903485.854646,34680,03d0,12,96 46 98 43 4C 0B 9F 42 00 00 BA 42
1787903485.865263,34680,03d1,12,30 7F 98 43 88 FC 9F 42 00 00 BC 42
1787903485.875835,34680,03d2,12,16 28 98 43 90 89 9E 42 00 00 BE 42
1787903485.886463,34680,03d3,12,36 43 97 43 31 C1 9A 42 00 00 C0 42
1787903485.897015,34680,03d4,12,BF D5 95 43 E0 C9 94 42 00 00 C2 42
1787903485.907771,34680,03d5,12,D3 E7 93 43 BE E0 8C 42 00 00 C4 42
1787903485.921711,34680,03d6,12,A5 84 91 43 6C 56 83 42 00 00 C6 42
1787903485.932305,34680,03d7,12,E2 B9 8E 43 92 18 71 42 00 00 C8 42
1787903485.942854,34680,03d8,12,81 97 8B 43 E3 E0 59 42 00 00 CA 42
1787903485.953396,34680,03d9,12,B0 2F 88 43 46 F2 41 42 00 00 CC 42
1787903485.963898,34680,03da,12,D8 95 84 43 E7 41 2A 42 00 00 CE 42
1787903485.977143,34680,03db,12,DB DE 80 43 13 C1 13 42 00 00 D0 42
1787903485.987803,34680,03dc,12,FA 3F 7A 43 E5 AA FE 41 00 00 D2 42
1787903485.998416,34680,03dd,12,5C DD 72 43 D7 9E DB 41 00 00 D4 42
1787903486.009335,34680,03de,12,B4 C0 6B 43 34 C3 BF 41 00 00 D6 42
1787903486.019926,34680,03df,12,86 12 65 43 60 35 AC 41 00 00 D8 42
1787903486.030590,34680,03e0,12,94 F9 5E 43 4C BC A1 41 00 00 DA 42
1787903486.047615,34680,03e1,12,BC 98 59 43 DA C2 A0 41 00 00 DC 42
1787903486.058320,34680,03e2,12,CF 0E 55 43 FB 52 A9 41 00 00 DE 42
1787903486.068874,34680,03e3,12,20 76 51 43 BA 15 BB 41 00 00 E0 42
1787903486.079650,34680,03e4,12,2E E3 4E 43 25 55 D5 41 00 00 E2 42
1787903486.090239,34680,03e5,12,E7 64 4D 43 9D 05 F7 41 00 00 E4 42
1787903486.101032,34680,03e6,12,CB 03 4D 43 A8 67 0F 42 00 00 E6 42
1787903486.111641,34680,03e7,12,12 C2 4D 43 19 8E 25 42 00 00 E8 42
1787903486.122354,34680,03e8,12,6D 9B 4F 43 88 14 3D 42 00 00 EA 42
1787903486.133019,34680,03e9,12,51 85 52 43 F6 09 55 42 00 00 EC 42
1787903486.143869,34680,03ea,12,D8 6E 56 43 53 7A 6C 42 00 00 EE 42
1787903486.154607,34680,03eb,12,95 41 5B 43 34 3B 81 42 00 00 A0 41
1787903486.166660,34680,03ec,12,F5 E1 60 43 EC 0E 8B 42 00 00 A8 41
1787903486.177611,34680,03ed,12,55 2F 67 43 2C 54 93 42 00 00 B0 41
1787903486.188203,34680,03ee,12,CD 05 6E 43 39 B6 99 42 00 00 B8 41
1787903486.198527,34680,03ef,12,B1 3D 75 43 1D F4 9D 42 00 00 C0 41
1787903486.209193,34680,03f0,12,B0 AD 7C 43 8E E2 9F 42 00 00 C8 41
1787903486.219709,34680,03f1,12,9C 15 82 43 D5 6D 9F 42 00 00 D0 41
1787903486.230217,34680,03f2,12,6D C5 85 43 86 9A 9C 42 00 00 D8 41
1787903486.241160,34680,03f3,12,47 51 89 43 93 85 97 42 00 00 E0 41
1787903486.254562,34680,03f4,12,98 A4 8C 43 D0 62 90 42 00 00 E8 41
1787903486.266501,34680,03f5,12,5C AC 8F 43 10 7B 87 42 00 00 F0 41
1787903486.278831,34680,03f6,12,35 57 92 43 6E 52 7A 42 00 00 F8 41
1787903486.290527,34680,03f7,12,AD 95 94 43 B6 AC 63 42 00 00 00 42
1787903486.301510,34680,03f8,12,F9 5A 96 43 FB EC 4B 42 00 00 04 42
1787903486.312290,34680,03f9,12,D4 9C 97 43 30 05 34 42 00 00 08 42
1787903486.322803,34680,03fa,12,10 54 98 43 4C E9 1C 42 00 00 0C 42
1787903486.333554,34680,03fb,12,91 7C 98 43 27 85 07 42 00 00 10 42
1787903486.351211,34680,03fc,12,6A 15 98 43 74 65 E9 41 00 00 14 42
1787903486.361897,34680,03fd,12,E8 20 97 43 AF 65 CA 41 00 00 18 42
1787903486.372455,34680,03fe,12,95 A4 95 43 91 46 B3 41 00 00 1C 42
1787903486.382997,34680,03ff,12,F7 A8 93 43 14 F4 A4 41 00 00 20 42
1787903486.393581,34680,0400,12,62 39 91 43 62 00 A0 41 00 00 24 42
1787903486.404064,34680,0401,12,F7 63 8E 43 32 9E A4 41 00 00 28 42
1787903486.417227,34680,0402,12,DD 38 8B 43 3B 9E B2 41 00 00 2C 42
1787903486.427910,34680,0403,12,73 CA 87 43 9A 71 C9 41 00 00 30 42
1787903486.438688,34680,0404,12,60 2C 84 43 5B 2F E8 41 00 00 34 42
1787903486.449488,34680,0405,12,57 73 80 43 E2 CE 06 42 00 00 38 42
1787903486.460195,34680,0406,12,DE 69 79 43 D8 1F 1C 42 00 00 3C 42
1787903486.471241,34680,0407,12,FB 0C 72 43 31 30 33 42 00 00 40 42
1787903486.481967,34680,0408,12,BB FA 6A 43 EF 14 4B 42 00 00 44 42
1787903486.492693,34680,0409,12,93 5B 64 43 3A DA 62 42 00 00 48 42
1787903486.503328,34680,040a,12,6E 55 5E 43 78 8D 79 42 00 00 4C 42
1787903486.513803,34680,040b,12,3E 0B 59 43 B1 23 87 42 00 00 50 42
1787903486.524378,34680,040c,12,26 9B 54 43 D0 19 90 42 00 00 54 42
1787903486.534951,34680,040d,12,E5 1E 51 43 DD 4D 97 42 00 00 58 42
1787903486.546577,34680,040e,12,63 AA 4E 43 52 76 9C 42 00 00 5C 42
1787903486.557420,34680,040f,12,B9 4B 4D 43 8C 5E 9F 42 00 00 60 42
1787903486.568219,34680,0410,12,D8 0A 4D 43 DD E8 9F 42 00 00 64 42
1787903486.578973,34680,0411,12,32 E9 4D 43 BB 0F 9E 42 00 00 68 42
1787903486.593084,34680,0412,12,BE E1 4F 43 0C E6 99 42 00 00 6C 42
1787903486.605300,34680,0413,12,28 E9 52 43 4B 96 93 42 00 00 70 42
1787903486.617017,34680,0414,12,26 EE 56 43 E3 60 8B 42 00 00 74 42
1787903486.628152,34680,0415,12,65 D9 5B 43 65 99 81 42 00 00 78 42
1787903486.639182,34680,0416,12,E0 8E 61 43 01 48 6D 42 00 00 7C 42
1787903486.649824,34680,0417,12,78 ED 67 43 BD E0 55 42 00 00 80 42
1787903486.660591,34680,0418,12,B2 D0 6E 43 D8 EB 3D 42 00 00 82 42
1787903486.672125,34680,0419,12,2A 11 76 43 CF 5D 26 42 00 00 84 42
1787903486.685613,34680,041a,12,CC 84 7D 43 9C 26 10 42 00 00 86 42
1787903486.696502,34680,041b,12,92 80 82 43 AA 53 F8 41 00 00 88 42
1787903486.707268,34680,041c,12,62 2D 86 43 07 66 D6 41 00 00 8A 42
1787903486.718260,34680,041d,12,D0 B3 89 43 92 DE BB 41 00 00 8C 42
1787903486.728765,34680,041e,12,AC FF 8C 43 07 CC A9 41 00 00 8E 42
1787903486.739427,34680,041f,12,D8 FD 8F 43 C5 E6 A0 41 00 00 90 42
1787903486.749997,34680,0420,12,46 9D 92 43 EA 89 A1 41 00 00 92 42
1787903486.760614,34680,0421,12,BE CE 94 43 B5 AE AB 41 00 00 94 42
1787903486.771156,34680,0422,12,B8 85 96 43 9D ED BE 41 00 00 96 42
1787903486.781606,34680,0423,12,60 B8 97 43 3A 82 DA 41 00 00 98 42
1787903486.793272,34680,0424,12,C1 5F 98 43 CE 53 FD 41 00 00 9A 42
1787903486.803861,34680,0425,12,22 78 98 43 D4 FE 12 42 00 00 9C 42
1787903486.814411,34680,0426,12,F7 00 98 43 B2 70 29 42 00 00 9E 42
1787903486.825046,34680,0427,12,ED FC 96 43 72 1A 41 42 00 00 A0 42
1787903486.835673,34680,0428,12,D1 71 95 43 95 0A 59 42 00 00 A2 42
1787903486.846299,34680,0429,12,96 68 93 43 3E 4D 70 42 00 00 A4 42
1787903486.856957,34680,042a,12,D6 EC 90 43 11 FA 82 42 00 00 A6 42
1787903486.867827,34680,042b,12,F9 0C 8E 43 60 91 8C 42 00 00 A8 42
1787903486.878367,34680,042c,12,76 D9 8A 43 AA 8A 94 42 00 00 AA 42
1787903486.889046,34680,042d,12,9D 64 87 43 8E 94 9A 42 00 00 AC 42
1787903486.899985,34680,042e,12,7A C2 83 43 7A 71 9E 42 00 00 AE 42
1787903486.910731,34680,042f,12,C1 07 80 43 DA F9 9F 42 00 00 B0 42
1787903486.923771,34680,0430,12,29 94 78 43 23 1E 9F 42 00 00 B2 42
1787903486.934900,34680,0431,12,B9 3D 71 43 16 E7 9B 42 00 00 B4 42
1787903486.945916,34680,0432,12,35 36 6A 43 85 75 96 42 00 00 B6 42
1787903486.956603,34680,0433,12,63 A6 63 43 D2 00 8F 42 00 00 B8 42
1787903486.967312,34680,0434,12,A6 B3 5D 43 60 D5 85 42 00 00 BA 42
1787903486.977871,34680,0435,12,7E 80 58 43 48 A1 76 42 00 00 BC 42
1787903486.989037,34680,0436,12,A8 2A 54 43 ED BB 5F 42 00 00 BE 42
1787903486.999788,34680,0437,12,FB CA 50 43 59 E4 47 42 00 00 C0 42
1787903487.010365,34680,0438,12,0A 75 4E 43 69 0D 30 42 00 00 C2 42
1787903487.020970,34680,0439,12,24 36 4D 43 58 2B 19 42 00 00 C4 42
1787903487.031499,34680,043a,12,83 15 4D 43 36 27 04 42 00 00 C6 42
1787903487.042074,34680,043b,12,D6 13 4E 43 FF AE E3 41 00 00 C8 42
1787903487.052648,34680,043c,12,78 2B 50 43 29 EE C5 41 00 00 CA 42
1787903487.063200,34680,043d,12,48 50 53 43 3B 3B B0 41 00 00 CC 42
1787903487.073830,34680,043e,12,5A 70 57 43 80 74 A3 41 00 00 CE 42
1787903487.084956,34680,043f,12,C0 73 5C 43 DA 1B A0 41 00 00 D0 42
1787903487.095656,34680,0440,12,C3 3D 62 43 70 53 A6 41 00 00 D2 42
1787903487.106188,34680,0441,12,45 AD 68 43 CE DB B5 41 00 00 D4 42
1787903487.117288,34680,0442,12,F4 9C 6F 43 FE 16 CE 41 00 00 D6 42
1787903487.127825,34680,0443,12,48 E5 76 43 C2 0C EE 41 00 00 D8 42
1787903487.138228,34680,0444,12,03 5C 7E 43 AA 3B 0A 42 00 00 DA 42
1787903487.148618,34680,0445,12,37 EB 82 43 50 E7 1F 42 00 00 DC 42
1787903487.159113,34680,0446,12,DC 94 86 43 2C 2C 37 42 00 00 DE 42
1787903487.169479,34680,0447,12,B4 15 8A 43 3C 1D 4F 42 00 00 E0 42
1787903487.180407,34680,0448,12,C6 59 8D 43 3A C5 66 42 00 00 E2 42
1787903487.190909,34680,0449,12,23 4E 90 43 30 33 7D 42 00 00 E4 42
1787903487.201405,34680,044a,12,E3 E1 92 43 1C C1 88 42 00 00 E6 42
1787903487.211774,34680,044b,12,44 06 95 43 85 71 91 42 00 00 E8 42
1787903487.222151,34680,044c,12,D8 AE 96 43 45 52 98 42 00 00 EA 42
1787903487.232752,34680,044d,12,2B D2 97 43 E5 1C 9D 42 00 00 EC 42
1787903487.243128,34680,044e,12,A5 69 98 43 A6 A0 9F 42 00 00 EE 42
1787903487.253480,34680,044f,12,E7 71 98 43 DE C3 9F 42 00 00 A0 41
1787903487.263855,34680,0450,12,BD EA 97 43 26 85 9D 42 00 00 A8 41
1787903487.274316,34680,0451,12,37 D7 96 43 4B FB 98 42 00 00 B0 41
1787903487.284811,34680,0452,12,76 3D 95 43 CB 54 92 42 00 00 B8 41
1787903487.295345,34680,0453,12,C4 26 93 43 74 D5 89 42 00 00 C0 41
1787903487.305735,34680,0454,12,1A 9F 90 43 00 A8 7F 42 00 00 C8 41
1787903487.316115,34680,0455,12,ED B4 8D 43 17 6D 69 42 00 00 D0 41
1787903487.326781,34680,0456,12,27 79 8A 43 93 DC 51 42 00 00 D8 41
1787903487.337299,34680,0457,12,34 FE 86 43 DE E7 39 42 00 00 E0 41
1787903487.347759,34680,0458,12,44 58 83 43 FF 82 22 42 00 00 E8 41
1787903487.360862,34680,0459,12,75 38 7F 43 B8 9C 0C 42 00 00 F0 41
1787903487.371627,34680,045a,12,EB BE 77 43 11 29 F2 41 00 00 F8 41
1787903487.381983,34680,045b,12,46 6F 70 43 F7 62 D1 41 00 00 00 42
1787903487.392481,34680,045c,12,31 73 69 43 E6 36 B8 41 00 00 04 42
1787903487.402892,34680,045d,12,2D F3 62 43 0D A5 A7 41 00 00 08 42
1787903487.415634,34680,045e,12,6B 14 5D 43 87 56 A0 41 00 00 0C 42
1787903487.426305,34680,045f,12,88 F8 57 43 E7 95 A2 41 00 00 10 42
1787903487.436880,34680,0460,12,2A BD 53 43 8D 4C AE 41 00 00 14 42
1787903487.447277,34680,0461,12,6A 7A 50 43 7A 02 C3 41 00 00 18 42
1787903487.457825,34680,0462,12,36 43 4E 43 74 E4 DF 41 00 00 1C 42
1787903487.468344,34680,0463,12,2E 24 4D 43 DC E5 01 42 00 00 20 42
1787903487.478940,34680,0464,12,CB 23 4D 43 EC A4 16 42 00 00 24 42
1787903487.490200,34680,0465,12,0E 42 4E 43 26 5C 2D 42 00 00 28 42
1787903487.500844,34680,0466,12,97 78 50 43 D3 22 45 42 00 00 2C 42
1787903487.511357,34680,0467,12,91 BA 53 43 BB 06 5D 42 00 00 30 42
1787903487.521913,34680,0468,12,4C F5 57 43 0D 14 74 42 00 00 34 42
1787903487.532444,34680,0469,12,9C 10 5D 43 C3 AF 84 42 00 00 38 42
1787903487.543110,34680,046a,12,E4 EE 62 43 14 08 8E 42 00 00 3C 42
1787903487.553887,34680,046b,12,B1 6E 69 43 3E B3 95 42 00 00 40 42
1787903487.564215,34680,046c,12,52 6A 70 43 30 63 9B 42 00 00 44 42
1787903487.574722,34680,046d,12,CA B9 77 43 DF DD 9E 42 00 00 48 42
1787903487.585181,34680,046e,12,46 33 7F 43 C8 FF 9F 42 00 00 4C 42
1787903487.595530,34680,046f,12,B5 55 83 43 52 BD 9E 42 00 00 50 42
1787903487.606074,34680,0470,12,D3 FB 86 43 62 23 9B 42 00 00 54 42
1787903487.616469,34680,0471,12,D3 76 8A 43 BB 56 95 42 00 00 58 42
1787903487.626872,34680,0472,12,CB B2 8D 43 8C 92 8D 42 00 00 5C 42
1787903487.637287,34680,0473,12,36 9D 90 43 17 26 84 42 00 00 60 42
1787903487.647735,34680,0474,12,2A 25 93 43 A2 E2 72 42 00 00 64 42
1787903487.658031,34680,0475,12,3B 3C 95 43 CF C3 5B 42 00 00 68 42
1787903487.670134,34680,0476,12,49 D6 96 43 46 DB 43 42 00 00 6C 42
1787903487.680542,34680,0477,12,2E EA 97 43 07 1D 2C 42 00 00 70 42
1787903487.691043,34680,0478,12,BB 71 98 43 61 7B 15 42 00 00 74 42
1787903487.701419,34680,0479,12,DC 69 98 43 EC DC 00 42 00 00 78 42
1787903487.711805,34680,047a,12,BF D2 97 43 C5 29 DE 41 00 00 7C 42
1787903487.730745,34680,047b,12,D0 AF 96 43 A0 B0 C1 41 00 00 80 42
1787903487.741587,34680,047c,12,95 07 95 43 01 71 AD 41 00 00 82 42
1787903487.754177,34680,047d,12,86 E3 92 43 8C 39 A2 41 00 00 84 42
1787903487.764966,34680,047e,12,0E 50 90 43 C9 7C A0 41 00 00 86 42
1787903487.776372,34680,047f,12,DA 5B 8D 43 86 4C A8 41 00 00 88 42
1787903487.788435,34680,0480,12,0C 18 8A 43 EA 58 B9 41 00 00 8A 42
1787903487.799973,34680,0481,12,58 97 86 43 F6 F3 D2 41 00 00 8C 42
1787903487.810527,34680,0482,12,C8 ED 82 43 59 18 F4 41 00 00 8E 42
1787903487.822848,34680,0483,12,31 61 7E 43 54 BA 0D 42 00 00 90 42
1787903487.834314,34680,0484,12,33 EA 76 43 D4 BA 23 42 00 00 92 42
1787903487.844720,34680,0485,12,E2 A1 6F 43 7D 2D 3B 42 00 00 94 42
1787903487.855179,34680,0486,12,E8 B1 68 43 02 23 53 42 00 00 96 42
1787903487.865590,34680,0487,12,00 42 62 43 DE A6 6A 42 00 00 98 42
1787903487.876015,34680,0488,12,80 77 5C 43 C0 64 80 42 00 00 9A 42
1787903487.886575,34680,0489,12,66 73 57 43 12 54 8A 42 00 00 9C 42
1787903487.896939,34680,048a,12,CD 52 53 43 39 BC 92 42 00 00 9E 42
1787903487.907395,34680,048b,12,49 2D 50 43 6A 47 99 42 00 00 A0 42
1787903487.917726,34680,048c,12,E8 14 4E 43 DD B2 9D 42 00 00 A2 42
1787903487.928972,34680,048d,12,D0 15 4D 43 7B D1 9F 42 00 00 A4 42
1787903487.939732,34680,048e,12,B0 35 4D 43 8E 8D 9F 42 00 00 A6 42
1787903487.950112,34680,048f,12,CD 73 4E 43 DA E9 9C 42 00 00 A8 42
1787903487.961564,34680,0490,12,01 C9 50 43 50 01 98 42 00 00 AA 42
1787903487.971904,34680,0491,12,FC 27 54 43 08 06 91 42 00 00 AC 42
1787903487.982271,34680,0492,12,30 7D 58 43 12 3F 88 42 00 00 AE 42
1787903487.992820,34680,0493,12,EE AF 5D 43 B1 0C 7C 42 00 00 B0 42
1787903488.003118,34680,0494,12,0C A2 63 43 0D 88 65 42 00 00 B2 42
1787903488.013546,34680,0495,12,7F 31 6A 43 05 D6 4D 42 00 00 B4 42
1787903488.024073,34680,0496,12,BE 38 71 43 6F E8 35 42 00 00 B6 42
1787903488.034909,34680,0497,12,05 8F 78 43 0C B3 1E 42 00 00 B8 42
1787903488.045828,34680,0498,12,43 05 80 43 9E 23 09 42 00 00 BA 42
1787903488.056634,34680,0499,12,EC BF 83 43 72 2B EC 41 00 00 BC 42
1787903488.067306,34680,049a,12,28 62 87 43 A5 97 CC 41 00 00 BE 42
1787903488.077907,34680,049b,12,27 D7 8A 43 18 CE B4 41 00 00 C0 42
1787903488.088483,34680,049c,12,DE 0A 8E 43 5C C1 A5 41 00 00 C2 42
1787903488.098779,34680,049d,12,0C EB 90 43 9D 0B A0 41 00 00 C4 42
1787903488.113338,34680,049e,12,05 67 93 43 BF E6 A3 41 00 00 C6 42
1787903488.123887,34680,049f,12,93 70 95 43 69 2B B1 41 00 00 C8 42
1787903488.134393,34680,04a0,12,0A FC 96 43 31 52 C7 41 00 00 CA 42
1787903488.144875,34680,04a1,12,73 00 98 43 AF 79 E5 41 00 00 CC 42
1787903488.156265,34680,04a2,12,03 78 98 43 7C 36 05 42 00 00 CE 42
1787903488.167096,34680,04a3,12,03 60 98 43 BA 59 1A 42 00 00 D0 42
1787903488.177608,34680,04a4,12,04 B9 97 43 DA 4E 31 42 00 00 D2 42
1787903488.193215,34680,04a5,12,BB 86 96 43 90 2B 49 42 00 00 D4 42
1787903488.203719,34680,04a6,12,19 D0 94 43 CB FC 60 42 00 00 D6 42
1787903488.214102,34680,04a7,12,E1 9E 92 43 8A CE 77 42 00 00 D8 42
1787903488.233468,34680,04a8,12,CA FF 8F 43 32 5C 86 42 00 00 DA 42
1787903488.244101,34680,04a9,12,DB 01 8D 43 74 72 8F 42 00 00 DC 42
1787903488.254756,34680,04aa,12,2E B6 89 43 4F CD 96 42 00 00 DE 42
1787903488.265731,34680,04ab,12,E1 2F 86 43 C8 21 9C 42 00 00 E0 42
1787903488.277174,34680,04ac,12,0B 83 82 43 45 39 9F 42 00 00 E2 42
1787903488.288053,34680,04ad,12,FA 89 7D 43 58 F4 9F 42 00 00 E4 42
1787903488.298706,34680,04ae,12,43 16 76 43 8C 4B 9E 42 00 00 E6 42
1787903488.309115,34680,04af,12,9A D5 6E 43 D0 4F 9A 42 00 00 E8 42
1787903488.319836,34680,04b0,12,10 F2 67 43 A8 29 94 42 00 00 EA 42
1787903488.330446,34680,04b1,12,E7 92 61 43 11 18 8C 42 00 00 EC 42
1787903488.340849,34680,04b2,12,14 DD 5B 43 4C 6D 82 42 00 00 EE 42
1787903488.351645,34680,04b3,12,3F F1 56 43 00 18 6F 42 00 00 A0 41
1787903488.362063,34680,04b4,12,9A EB 52 43 6F C6 57 42 00 00 A8 41
1787903488.372462,34680,04b5,12,7A E3 4F 43 67 D3 3F 42 00 00 B0 41
1787903488.383586,34680,04b6,12,25 EA 4D 43 43 34 28 42 00 00 B8 41
1787903488.394115,34680,04b7,12,0F 0B 4D 43 9D D9 11 42 00 00 C0 41
1787903488.404515,34680,04b8,12,29 4B 4D 43 33 4F FB 41 00 00 C8 41
1787903488.415469,34680,04b9,12,10 A9 4E 43 A6 D8 D8 41 00 00 D0 41
1787903488.426029,34680,04ba,12,D6 1C 51 43 D7 AE BD 41 00 00 D8 41
1787903488.436718,34680,04bb,12,81 98 54 43 0C E8 AA 41 00 00 E0 41
1787903488.447308,34680,04bc,12,DE 07 59 43 4B 43 A1 41 00 00 E8 41
1787903488.457755,34680,04bd,12,82 51 5E 43 00 23 A1 41 00 00 F0 41
1787903488.468383,34680,04be,12,31 57 64 43 72 88 AA 41 00 00 F8 41
1787903488.479050,34680,04bf,12,FC F5 6A 43 30 14 BD 41 00 00 00 42
1787903488.489679,34680,04c0,12,2A 08 72 43 3B 08 D8 41 00 00 04 42
1787903488.500376,34680,04c1,12,B8 64 79 43 C7 51 FA 41 00 00 08 42
1787903488.510914,34680,04c2,12,C0 70 80 43 74 49 11 42 00 00 0C 42
1787903488.521471,34680,04c3,12,D5 29 84 43 66 98 27 42 00 00 10 42
1787903488.531966,34680,04c4,12,02 C8 87 43 84 32 3F 42 00 00 14 42
1787903488.542641,34680,04c5,12,A9 36 8B 43 06 26 57 42 00 00 18 42
1787903488.553413,34680,04c6,12,E3 61 8E 43 EE 7E 6E 42 00 00 1C 42
1787903488.565023,34680,04c7,12,8E 37 91 43 7B 27 82 42 00 00 20 42
1787903488.575565,34680,04c8,12,6E A7 93 43 C2 DB 8B 42 00 00 24 42
1787903488.585912,34680,04c9,12,61 A3 95 43 64 F9 93 42 00 00 28 42
1787903488.596346,34680,04ca,12,17 20 97 43 3F 2D 9A 42 00 00 2C 42
1787903488.606778,34680,04cb,12,F1 14 98 43 32 38 9E 42 00 00 30 42
1787903488.617259,34680,04cc,12,7B 7C 98 43 FB F0 9F 42 00 00 34 42
1787903488.627684,34680,04cd,12,5E 54 98 43 07 46 9F 42 00 00 38 42
1787903488.638020,34680,04ce,12,82 9D 97 43 12 3E 9C 42 00 00 3C 42
1787903488.648402,34680,04cf,12,FB 5B 96 43 29 F8 96 42 00 00 40 42
1787903488.658712,34680,04d0,12,11 97 94 43 14 AA 8F 42 00 00 44 42
1787903488.669070,34680,04d1,12,E9 58 92 43 60 9E 86 42 00 00 48 42
1787903488.679542,34680,04d2,12,55 AE 8F 43 BC 62 78 42 00 00 4C 42
1787903488.689838,34680,04d3,12,CC A6 8C 43 75 9A 61 42 00 00 50 42
1787903488.700099,34680,04d4,12,91 53 89 43 50 CD 49 42 00 00 54 42
1787903488.710576,34680,04d5,12,EF C7 85 43 C6 ED 31 42 00 00 58 42
1787903488.720977,34680,04d6,12,30 18 82 43 7C EF 1A 42 00 00 5C 42
1787903488.731583,34680,04d7,12,DD B2 7C 43 1C BD 05 42 00 00 60 42
1787903488.742127,34680,04d8,12,C6 42 75 43 46 5D E6 41 00 00 64 42
1787903488.752734,34680,04d9,12,7D 0A 6E 43 59 04 C8 41 00 00 68 42
1787903488.763143,34680,04da,12,E4 33 67 43 5E A4 B1 41 00 00 6C 42
1787903488.774001,34680,04db,12,18 E6 60 43 AE 21 A4 41 00 00 70 42
1787903488.785860,34680,04dc,12,34 45 5B 43 2D 06 A0 41 00 00 74 42
1787903488.796288,34680,04dd,12,E0 71 56 43 F7 7B A5 41 00 00 78 42
1787903488.806608,34680,04de,12,98 87 52 43 1F 4B B4 41 00 00 7C 42
1787903488.817087,34680,04df,12,14 9D 4F 43 83 DC CB 41 00 00 80 42
1787903488.827499,34680,04e0,12,F9 C2 4D 43 9D 3F EB 41 00 00 82 42
1787903488.837817,34680,04e1,12,EC 03 4D 43 0E 9A 08 42 00 00 84 42
1787903488.851765,34680,04e2,12,41 64 4D 43 C1 1B 1E 42 00 00 86 42
1787903488.891259,34680,04e3,12,D3 E1 4E 43 96 48 35 42 00 00 88 42
1787903488.902710,34680,04e4,12,FD 73 51 43 6F 34 4D 42 00 00 8A 42
1787903488.913663,34680,04e5,12,FD 0B 55 43 29 EB 64 42 00 00 8C 42
1787903488.926090,34680,04e6,12,4C 95 59 43 C2 7A 7B 42 00 00 8E 42
1787903488.937315,34680,04e7,12,9A F5 5E 43 AC FE 87 42 00 00 90 42
1787903488.948717,34680,04e8,12,43 0E 65 43 69 D0 90 42 00 00 92 42
1787903488.959569,34680,04e9,12,EC BB 6B 43 CA D8 97 42 00 00 94 42
1787903488.970678,34680,04ea,12,56 D8 72 43 0B D0 9C 42 00 00 96 42
1787903488.982002,34680,04eb,12,D2 3A 7A 43 7C 83 9F 42 00 00 98 42
1787903488.994715,34680,04ec,12,45 DC 80 43 8B D7 9F 42 00 00 9A 42
1787903489.005446,34680,04ed,12,67 93 84 43 D8 C8 9D 42 00 00 9C 42
1787903489.015793,34680,04ee,12,42 2D 88 43 6C 6C 99 42 00 00 9E 42
1787903489.026201,34680,04ef,12,3C 95 8B 43 C7 EE 92 42 00 00 A0 42
1787903489.036628,34680,04f0,12,D4 B7 8E 43 28 92 8A 42 00 00 A2 42
1787903489.046925,34680,04f1,12,D9 82 91 43 B2 AB 80 42 00 00 A4 42
1787903489.057257,34680,04f2,12,63 E6 93 43 9D 41 6B 42 00 00 A6 42
1787903489.067652,34680,04f3,12,94 D4 95 43 07 C4 53 42 00 00 A8 42
1787903489.078085,34680,04f4,12,67 42 97 43 5E CE 3B 42 00 00 AA 42
1787903489.088391,34680,04f5,12,A8 27 98 43 26 55 24 42 00 00 AC 42
1787903489.099422,34680,04f6,12,25 7F 98 43 88 47 0E 42 00 00 AE 42
1787903489.109901,34680,04f7,12,EC 46 98 43 DD 0E F5 41 00 00 B0 42
1787903489.120366,34680,04f8,12,42 80 97 43 F0 BB D3 41 00 00 B2 42
1787903489.131491,34680,04f9,12,9E 2F 96 43 62 EA B9 41 00 00 B4 42
1787903489.141948,34680,04fa,12,83 5C 94 43 B0 A1 A8 41 00 00 B6 42
1787903489.152305,34680,04fb,12,84 11 92 43 2E 92 A0 41 00 00 B8 42
1787903489.165713,34680,04fc,12,B4 5B 8F 43 71 0E A2 41 00 00 BA 42
1787903489.176172,34680,04fd,12,CA 4A 8C 43 0F 07 AD 41 00 00 BC 42
1787903489.186677,34680,04fe,12,56 F0 88 43 11 0C C1 41 00 00 BE 42
1787903489.197085,34680,04ff,12,87 5F 85 43 27 51 DD 41 00 00 C0 42
1787903489.207482,34680,0500,12,0C AD 81 43 48 5B 00 42 00 00 C2 42
1787903489.217839,34680,0501,12,EB DB 7B 43 D5 E8 14 42 00 00 C4 42
1787903489.228918,34680,0502,12,FE 6F 74 43 CC 7F 2B 42 00 00 C6 42
1787903489.240439,34680,0503,12,CA 40 6D 43 A1 39 43 42 00 00 C8 42
1787903489.251366,34680,0504,12,70 77 66 43 A7 24 5B 42 00 00 CA 42
1787903489.262861,34680,0505,12,4E 3B 60 43 67 4B 72 42 00 00 CC 42
1787903489.276388,34680,0506,12,EB AF 5A 43 B0 E1 83 42 00 00 CE 42
1787903489.286804,34680,0507,12,70 F5 55 43 40 58 8D 42 00 00 D0 42
1787903489.297291,34680,0508,12,CE 26 52 43 88 28 95 42 00 00 D2 42
1787903489.307667,34680,0509,12,1C 5A 4F 43 64 03 9B 42 00 00 D4 42
1787903489.318267,34680,050a,12,54 9F 4D 43 9E AC 9E 42 00 00 D6 42
1787903489.328581,34680,050b,12,67 00 4D 43 24 FF 9F 42 00 00 D8 42
1787903489.338951,34680,050c,12,F0 80 4D 43 43 ED 9E 42 00 00 DA 42
1787903489.349387,34680,050d,12,12 1E 4F 43 17 82 9B 42 00 00 DC 42
1787903489.359753,34680,050e,12,70 CE 51 43 40 E0 95 42 00 00 DE 42
1787903489.370167,34680,050f,12,9E 82 55 43 A6 41 8E 42 00 00 E0 42
1787903489.381001,34680,0510,12,70 25 5A 43 78 F3 84 42 00 00 E2 42
1787903489.391463,34680,0511,12,03 9C 5F 43 E9 A9 74 42 00 00 E4 42
1787903489.402609,34680,0512,12,36 C7 65 43 EA A5 5D 42 00 00 E6 42
1787903489.413324,34680,0513,12,41 83 6C 43 14 C4 45 42 00 00 E8 42
1787903489.423923,34680,0514,12,93 A9 73 43 F7 F9 2D 42 00 00 EA 42
1787903489.434544,34680,0515,12,44 11 7B 43 8A 38 17 42 00 00 EC 42
1787903489.444964,34680,0516,12,B0 47 81 43 02 69 02 42 00 00 EE 42
1787903489.455514,34680,0517,12,9B FC 84 43 DF C0 E0 41 00 00 A0 41
1787903489.466131,34680,0518,12,E2 91 88 43 F7 AA C3 41 00 00 A8 41
1787903489.476729,34680,0519,12,05 F3 8B 43 5A BB AE 41 00 00 B0 41
1787903489.487621,34680,051a,12,AB 0C 8F 43 1B C6 A2 41 00 00 B8 41
1787903489.498322,34680,051b,12,D6 CC 91 43 42 46 A0 41 00 00 C0 41
1787903489.509040,34680,051c,12,DC 23 94 43 DF 54 A7 41 00 00 C8 41
1787903489.519653,34680,051d,12,2A 04 96 43 74 AA B7 41 00 00 D0 41
1787903489.534228,34680,051e,12,07 63 97 43 10 9F D0 41 00 00 D8 41
1787903489.544811,34680,051f,12,96 38 98 43 EA 35 F1 41 00 00 E0 41
1787903489.555306,34680,0520,12,00 80 98 43 C7 10 0C 42 00 00 E8 41
1787903489.565714,34680,0521,12,AE 37 98 43 78 E9 21 42 00 00 F0 41
1787903489.579013,34680,0522,12,44 61 97 43 BE 47 39 42 00 00 F8 41
1787903489.591366,34680,0523,12,93 01 96 43 54 3B 51 42 00 00 00 42
1787903489.601857,34680,0524,12,72 20 94 43 9D D1 68 42 00 00 04 42
1787903489.612252,34680,0525,12,C7 C8 91 43 EA 18 7F 42 00 00 08 42
1787903489.622739,34680,0526,12,ED 07 8F 43 8C 96 89 42 00 00 0C 42
1787903489.633037,34680,0527,12,DB ED 8B 43 63 21 92 42 00 00 10 42
1787903489.643344,34680,0528,12,55 8C 88 43 25 D5 98 42 00 00 14 42
1787903489.653892,34680,0529,12,B3 F6 84 43 EF 6D 9D 42 00 00 18 42
1787903489.664323,34680,052a,12,BF 41 81 43 87 BC 9F 42 00 00 1C 42
1787903489.674783,34680,052b,12,33 05 7B 43 70 A9 9F 42 00 00 20 42
1787903489.685536,34680,052c,12,FA 9D 73 43 68 35 9D 42 00 00 24 42
1787903489.696086,34680,052d,12,31 78 6C 43 AC 79 98 42 00 00 28 42
1787903489.706821,34680,052e,12,C3 BC 65 43 2B A6 91 42 00 00 2C 42
1787903489.717692,34680,052f,12,BF 92 5F 43 B8 00 89 42 00 00 30 42
1787903489.728196,34680,0530,12,42 1D 5A 43 FE C3 7D 42 00 00 34 42
1787903489.738659,34680,0531,12,F9 7B 55 43 04 61 67 42 00 00 38 42
1787903489.749192,34680,0532,12,5A C9 51 43 AF BE 4F 42 00 00 3C 42
1787903489.759676,34680,0533,12,97 1A 4F 43 64 CC 37 42 00 00 40 42
1787903489.769939,34680,0534,12,42 7F 4D 43 79 7F 20 42 00 00 44 42
1787903489.792325,34680,0535,12,81 00 4D 43 91 C6 0A 42 00 00 48 42
1787903489.802759,34680,0536,12,35 A1 4D 43 65 FB EE 41 00 00 4C 42
1787903489.813201,34680,0537,12,BA 5D 4F 43 4E D6 CE 41 00 00 50 42
1787903489.823689,34680,0538,12,2A 2C 52 43 7A 63 B6 41 00 00 54 42
1787903489.834150,34680,0539,12,3F FC 55 43 D5 9D A6 41 00 00 58 42
1787903489.844599,34680,053a,12,3E B8 5A 43 71 26 A0 41 00 00 5C 42
1787903489.855183,34680,053b,12,B2 44 60 43 CB 3E A3 41 00 00 60 42
1787903489.865665,34680,053c,12,D2 81 66 43 12 C7 AF 41 00 00 64 42
1787903489.875932,34680,053d,12,ED 4B 6D 43 54 40 C5 41 00 00 68 42
1787903489.886274,34680,053e,12,A3 7B 74 43 12 CF E2 41 00 00 6C 42
1787903489.896669,34680,053f,12,00 E8 7B 43 08 A2 03 42 00 00 70 42
1787903489.907045,34680,0540,12,FB B2 81 43 02 97 18 42 00 00 74 42
1787903489.917527,34680,0541,12,51 65 85 43 FE 6E 2F 42 00 00 78 42
1787903489.928014,34680,0542,12,DA F5 88 43 97 42 47 42 00 00 7C 42
1787903489.938709,34680,0543,12,E8 4F 8C 43 BD 1D 5F 42 00 00 80 42
1787903489.949027,34680,0544,12,61 60 8F 43 12 0C 76 42 00 00 82 42
1787903489.959543,34680,0545,12,81 15 92 43 A8 92 85 42 00 00 84 42
1787903489.969976,34680,0546,12,CA 5F 94 43 44 C8 8E 42 00 00 86 42
1787903489.980325,34680,0547,12,1E 32 96 43 94 49 96 42 00 00 88 42
1787903489.990737,34680,0548,12,EC 81 97 43 9A C9 9B 42 00 00 8A 42
1787903490.001217,34680,0549,12,B9 47 98 43 1C 10 9F 42 00 00 8C 42
1787903490.020021,34680,054a,12,0B 7F 98 43 EC FB 9F 42 00 00 8E 42
1787903490.031248,34680,054b,12,AB 26 98 43 93 83 9E 42 00 00 90 42
1787903490.042172,34680,054c,12,8C 40 97 43 F4 B5 9A 42 00 00 92 42
1787903490.052732,34680,054d,12,E6 D1 95 43 E5 B9 94 42 00 00 94 42
1787903490.064474,34680,054e,12,E2 E2 93 43 D2 CC 8C 42 00 00 96 42
1787903490.075472,34680,054f,12,B7 7E 91 43 06 3F 83 42 00 00 98 42
1787903490.089275,34680,0550,12,1A B3 8E 43 76 E5 70 42 00 00 9A 42
1787903490.099724,34680,0551,12,05 90 8B 43 A4 AA 59 42 00 00 9C 42
1787903490.110204,34680,0552,12,AC 27 88 43 7F BB 41 42 00 00 9E 42
1787903490.121017,34680,0553,12,7A 8D 84 43 3B 0D 2A 42 00 00 A0 42
1787903490.132119,34680,0554,12,52 D6 80 43 B8 8F 13 42 00 00 A2 42
1787903490.143078,34680,0555,12,F7 2E 7A 43 66 54 FE 41 00 00 A4 42
1787903490.153906,34680,0556,12,C9 CC 72 43 8E 56 DB 41 00 00 A6 42
1787903490.164299,34680,0557,12,EF B0 6B 43 C1 8C BF 41 00 00 A8 42
1787903490.174529,34680,0558,12,EB 03 65 43 39 13 AC 41 00 00 AA 42
1787903490.185277,34680,0559,12,76 EC 5E 43 3A AF A1 41 00 00 AC 42
1787903490.195812,34680,055a,12,67 8D 59 43 9A CB A0 41 00 00 AE 42
1787903490.206211,34680,055b,12,84 05 55 43 5B 71 A9 41 00 00 B0 42
1787903490.216539,34680,055c,12,14 6F 51 43 71 48 BB 41 00 00 B2 42
1787903490.226962,34680,055d,12,8A DE 4E 43 94 99 D5 41 00 00 B4 42
1787903490.237816,34680,055e,12,C5 62 4D 43 34 5A F7 41 00 00 B6 42
1787903490.249276,34680,055f,12,39 04 4D 43 A2 97 0F 42 00 00 B8 42
1787903490.259854,34680,0560,12,0C C5 4D 43 A7 C2 25 42 00 00 BA 42
1787903490.270195,34680,0561,12,E2 A0 4F 43 29 4B 3D 42 00 00 BC 42
1787903490.280735,34680,0562,12,22 8D 52 43 04 40 55 42 00 00 BE 42
1787903490.291027,34680,0563,12,D8 78 56 43 90 AE 6C 42 00 00 C0 42
1787903490.301478,34680,0564,12,8A 4D 5B 43 F0 52 81 42 00 00 C2 42
1787903490.311739,34680,0565,12,9C EF 60 43 B9 23 8B 42 00 00 C4 42
1787903490.322241,34680,0566,12,5E 3E 67 43 02 65 93 42 00 00 C6 42
1787903490.332774,34680,0567,12,E1 15 6E 43 52 C2 99 42 00 00 C8 42
1787903490.344169,34680,0568,12,75 4E 75 43 31 FB 9D 42 00 00 CA 42
1787903490.354789,34680,0569,12,C3 BE 7C 43 36 E4 9F 42 00 00 CC 42
1787903490.365250,34680,056a,12,1C 1E 82 43 09 6A 9F 42 00 00 CE 42
1787903490.375652,34680,056b,12,B2 CD 85 43 68 91 9C 42 00 00 D0 42
1787903490.385955,34680,056c,12,22 59 89 43 9E 77 97 42 00 00 D2 42
1787903490.396543,34680,056d,12,DC AB 8C 43 57 50 90 42 00 00 D4 42
1787903490.409888,34680,056e,12,DF B2 8F 43 20 65 87 42 00 00 D6 42
1787903490.420503,34680,056f,12,D2 5C 92 43 9E 20 7A 42 00 00 D8 42
1787903490.430807,34680,0570,12,43 9A 94 43 54 77 63 42 00 00 DA 42
1787903490.441278,34680,0571,12,6E 5E 96 43 A1 B6 4B 42 00 00 DC 42
1787903490.455698,34680,0572,12,14 9F 97 43 1C CF 33 42 00 00 DE 42
1787903490.474387,34680,0573,12,0E 55 98 43 8F B6 1C 42 00 00 E0 42
1787903490.485256,34680,0574,12,48 7C 98 43 EC 56 07 42 00 00 E2 42
1787903490.495728,34680,0575,12,DB 13 98 43 8F 16 E9 41 00 00 E4 42
1787903490.506212,34680,0576,12,1C 1E 97 43 09 28 CA 41 00 00 E6 42
1787903490.516621,34680,0577,12,9C A0 95 43 96 1B B3 41 00 00 E8 42
1787903490.532911,34680,0578,12,E8 A3 93 43 31 DE A4 41 00 00 EA 42
1787903490.543639,34680,0579,12,5A 33 91 43 17 00 A0 41 00 00 EC 42
1787903490.554083,34680,057a,12,19 5D 8E 43 B6 B3 A4 41 00 00 EE 42
1787903490.564987,34680,057b,12,50 31 8B 43 52 C8 B2 41 00 00 A0 41
1787903490.575599,34680,057c,12,63 C2 87 43 4D AF C9 41 00 00 A8 41
1787903490.586065,34680,057d,12,FB 23 84 43 2D 7D E8 41 00 00 B0 41
1787903490.603491,34680,057e,12,CD 6A 80 43 F5 FC 06 42 00 00 B8 41
1787903490.614064,34680,057f,12,E2 58 79 43 EA 52 1C 42 00 00 C0 41
1787903490.624472,34680,0580,12,79 FC 71 43 C1 65 33 42 00 00 C8 41
1787903490.634781,34680,0581,12,13 EB 6A 43 C3 4B 4B 42 00 00 D0 41
1787903490.645292,34680,0582,12,1E 4D 64 43 37 0F 63 42 00 00 D8 41
1787903490.655862,34680,0583,12,7F 48 5E 43 68 BF 79 42 00 00 E0 41
1787903490.666484,34680,0584,12,20 00 59 43 E8 39 87 42 00 00 E8 41
1787903490.677216,34680,0585,12,18 92 54 43 3C 2C 90 42 00 00 F0 41
1787903490.687845,34680,0586,12,1C 18 51 43 10 5C 97 42 00 00 F8 41
1787903490.698191,34680,0587,12,06 A6 4E 43 7F 7F 9C 42 00 00 00 42
1787903490.708524,34680,0588,12,E1 49 4D 43 7E 62 9F 42 00 00 04 42
1787903490.718943,34680,0589,12,8F 0B 4D 43 56 E7 9F 42 00 00 08 42
1787903490.729551,34680,058a,12,74 EC 4D 43 DA 08 9E 42 00 00 0C 42
1787903490.739902,34680,058b,12,79 E7 4F 43 FA D9 99 42 00 00 10 42
1787903490.750551,34680,058c,12,3A F1 52 43 B6 85 93 42 00 00 14 42
1787903490.762198,34680,058d,12,61 F8 56 43 2E 4C 8B 42 00 00 18 42
1787903490.772573,34680,058e,12,8F E5 5B 43 87 81 81 42 00 00 1C 42
1787903490.783065,34680,058f,12,B2 9C 61 43 4C 14 6D 42 00 00 20 42
1787903490.793674,34680,0590,12,A2 FC 67 43 40 AA 55 42 00 00 24 42
1787903490.804009,34680,0591,12,DF E0 6E 43 A9 B5 3D 42 00 00 28 42
1787903490.814785,34680,0592,12,FB 21 76 43 2C 29 26 42 00 00 2C 42
1787903490.825341,34680,0593,12,E1 95 7D 43 15 F6 0F 42 00 00 30 42
1787903490.835673,34680,0594,12,0E 89 82 43 70 FF F7 41 00 00 34 42
1787903490.846123,34680,0595,12,9E 35 86 43 8F 20 D6 41 00 00 38 42
1787903490.856558,34680,0596,12,9D BB 89 43 C8 AB BB 41 00 00 3C 42
1787903490.867157,34680,0597,12,DD 06 8D 43 19 AD A9 41 00 00 40 42
1787903490.877568,34680,0598,12,43 04 90 43 5E DD A0 41 00 00 44 42
1787903490.887833,34680,0599,12,C6 A2 92 43 4F 96 A1 41 00 00 48 42
1787903490.902308,34680,059a,12,35 D3 94 43 9B D0 AB 41 00 00 4C 42
1787903490.912745,34680,059b,12,0C 89 96 43 1B 23 BF 41 00 00 50 42
1787903490.923170,34680,059c,12,7C BA 97 43 13 CA DA 41 00 00 54 42
1787903490.933691,34680,059d,12,9B 60 98 43 B2 AA FD 41 00 00 58 42
1787903490.944316,34680,059e,12,B4 77 98 43 A3 2F 13 42 00 00 5C 42
1787903490.954674,34680,059f,12,44 FF 97 43 C0 A5 29 42 00 00 60 42
1787903490.965466,34680,05a0,12,FE F9 96 43 BE 50 41 42 00 00 64 42
1787903490.976012,34680,05a1,12,B8 6D 95 43 DE 40 59 42 00 00 68 42
1787903490.986578,34680,05a2,12,6A 63 93 43 E4 80 70 42 00 00 6C 42
1787903490.996985,34680,05a3,12,B4 E6 90 43 57 11 83 42 00 00 70 42
1787903491.007276,34680,05a4,12,05 06 8E 43 90 A5 8C 42 00 00 74 42
1787903491.017654,34680,05a5,12,D8 D1 8A 43 A0 9A 94 42 00 00 78 42
1787903491.031512,34680,05a6,12,81 5C 87 43 ED 9F 9A 42 00 00 7C 42
1787903491.042207,34680,05a7,12,0E BA 83 43 A9 77 9E 42 00 00 80 42
1787903491.053004,34680,05a8,12,6B FE 7F 43 99 FA 9F 42 00 00 82 42
1787903491.063828,34680,05a9,12,36 83 78 43 6D 19 9F 42 00 00 84 42
1787903491.074687,34680,05aa,12,4C 2D 71 43 30 DD 9B 42 00 00 86 42
1787903491.085128,34680,05ab,12,AB 26 6A 43 A9 66 96 42 00 00 88 42
1787903491.095878,34680,05ac,12,15 98 63 43 AE ED 8E 42 00 00 8A 42
1787903491.106550,34680,05ad,12,E7 A6 5D 43 E8 BE 85 42 00 00 8C 42
1787903491.117013,34680,05ae,12,98 75 58 43 BA 6E 76 42 00 00 8E 42
1787903491.127571,34680,05af,12,D9 21 54 43 9C 86 5F 42 00 00 90 42
1787903491.138108,34680,05b0,12,76 C4 50 43 7F AD 47 42 00 00 92 42
1787903491.148575,34680,05b1,12,F5 70 4E 43 AD D7 2F 42 00 00 94 42
1787903491.160018,34680,05b2,12,95 34 4D 43 4B F9 18 42 00 00 96 42
1787903491.171137,34680,05b3,12,84 16 4D 43 00 FA 03 42 00 00 98 42
1787903491.183729,34680,05b4,12,60 17 4E 43 5D 63 E3 41 00 00 9A 42
1787903491.196715,34680,05b5,12,78 31 50 43 0F B3 C5 41 00 00 9C 42
1787903491.207568,34680,05b6,12,9A 58 53 43 AA 13 B0 41 00 00 9E 42
1787903491.218398,34680,05b7,12,D0 7A 57 43 34 62 A3 41 00 00 A0 42
1787903491.229724,34680,05b8,12,1E 80 5C 43 40 1F A0 41 00 00 A2 42
1787903491.240726,34680,05b9,12,C0 4B 62 43 56 6C A6 41 00 00 A4 42
1787903491.251337,34680,05ba,12,92 BC 68 43 A2 09 B6 41 00 00 A6 42
1787903491.262371,34680,05bb,12,38 AD 6F 43 B6 57 CE 41 00 00 A8 42
1787903491.274202,34680,05bc,12,26 F6 76 43 17 5D EE 41 00 00 AA 42
1787903491.285205,34680,05bd,12,1A 6D 7E 43 B6 6A 0A 42 00 00 AC 42
1787903491.295683,34680,05be,12,AE F3 82 43 96 1A 20 42 00 00 AE 42
1787903491.306411,34680,05bf,12,0E 9D 86 43 7C 62 37 42 00 00 B0 42
1787903491.317271,34680,05c0,12,71 1D 8A 43 FC 53 4F 42 00 00 B2 42
1787903491.327898,34680,05c1,12,E3 60 8D 43 C7 F9 66 42 00 00 B4 42
1787903491.341800,34680,05c2,12,76 54 90 43 55 64 7D 42 00 00 B6 42
1787903491.352226,34680,05c3,12,48 E7 92 43 96 D6 88 42 00 00 B8 42
1787903491.362545,34680,05c4,12,9C 0A 95 43 68 83 91 42 00 00 BA 42
1787903491.373028,34680,05c5,12,09 B2 96 43 AC 5F 98 42 00 00 BC 42
1787903491.385925,34680,05c6,12,24 D4 97 43 34 25 9D 42 00 00 BE 42
1787903491.396882,34680,05c7,12,5A 6A 98 43 AD A3 9F 42 00 00 C0 42
1787903491.407370,34680,05c8,12,54 71 98 43 71 C1 9F 42 00 00 C2 42
1787903491.417727,34680,05c9,12,E6 E8 97 43 52 7D 9D 42 00 00 C4 42
1787903491.428245,34680,05ca,12,26 D4 96 43 66 EE 98 42 00 00 C6 42
1787903491.438759,34680,05cb,12,3D 39 95 43 7F 43 92 42 00 00 C8 42
1787903491.449163,34680,05cc,12,7B 21 93 43 28 C0 89 42 00 00 CA 42
1787903491.460134,34680,05cd,12,DE 98 90 43 CD 77 7F 42 00 00 CC 42
1787903491.470947,34680,05ce,12,E4 AD 8D 43 66 38 69 42 00 00 CE 42
1787903491.481374,34680,05cf,12,79 71 8A 43 E8 A5 51 42 00 00 D0 42
1787903491.491814,34680,05d0,12,0D F6 86 43 DE B1 39 42 00 00 D2 42
1787903491.502115,34680,05d1,12,D2 4F 83 43 E8 4E 22 42 00 00 D4 42
1787903491.512386,34680,05d2,12,5D 27 7F 43 7E 6D 0C 42 00 00 D6 42
1787903491.527484,34680,05d3,12,02 AE 77 43 7E D6 F1 41 00 00 D8 42
1787903491.538079,34680,05d4,12,EE 5E 70 43 63 20 D1 41 00 00 DA 42
1787903491.548545,34680,05d5,12,C6 63 69 43 60 07 B8 41 00 00 DC 42
1787903491.558988,34680,05d6,12,09 E5 62 43 AE 89 A7 41 00 00 DE 42
1787903491.569287,34680,05d7,12,DE 07 5D 43 DA 50 A0 41 00 00 E0 42
1787903491.582227,34680,05d8,12,DC ED 57 43 0F A6 A2 41 00 00 E2 42
1787903491.592928,34680,05d9,12,9A B4 53 43 F1 71 AE 41 00 00 E4 42
1787903491.603661,34680,05da,12,2A 74 50 43 20 3B C3 41 00 00 E6 42
1787903491.614920,34680,05db,12,68 3F 4E 43 0E 2F E0 41 00 00 E8 42
1787903491.626063,34680,05dc,12,E9 22 4D 43 06 12 02 42 00 00 EA 42
1787903491.637177,34680,05dd,12,15 25 4D 43 F0 D6 16 42 00 00 EC 42
1787903491.648256,34680,05de,12,E0 45 4E 43 A4 91 2D 42 00 00 EE 42
1787903491.659476,34680,05df,12,DC 7E 50 43 31 59 45 42 00 00 A0 41
1787903491.670480,34680,05e0,12,24 C3 53 43 B9 3C 5D 42 00 00 A8 41
1787903491.681442,34680,05e1,12,FC FF 57 43 9D 46 74 42 00 00 B0 41
1787903491.691897,34680,05e2,12,2C 1D 5D 43 BF C6 84 42 00 00 B8 41
1787903491.702643,34680,05e3,12,0A FD 62 43 A2 1B 8E 42 00 00 C0 41
1787903491.713647,34680,05e4,12,1E 7E 69 43 75 C2 95 42 00 00 C8 41
1787903491.724802,34680,05e5,12,AC 7A 70 43 B6 6D 9B 42 00 00 D0 41
1787903491.736007,34680,05e6,12,B4 CA 77 43 1B E3 9E 42 00 00 D8 41
1787903491.747109,34680,05e7,12,5E 44 7F 43 9C FF 9F 42 00 00 E0 41
1787903491.758193,34680,05e8,12,27 5E 83 43 B4 B7 9E 42 00 00 E8 41
1787903491.769576,34680,05e9,12,FA 03 87 43 A4 18 9B 42 00 00 F0 41
1787903491.780690,34680,05ea,12,81 7E 8A 43 1B 47 95 42 00 00 F8 41
1787903491.792683,34680,05eb,12,D3 B9 8D 43 EC 7E 8D 42 00 00 00 42
1787903491.803906,34680,05ec,12,70 A3 90 43 EC 0E 84 42 00 00 04 42
1787903491.815147,34680,05ed,12,72 2A 93 43 63 AF 72 42 00 00 08 42
1787903491.826411,34680,05ee,12,72 40 95 43 2A 8E 5B 42 00 00 0C 42
1787903491.838022,34680,05ef,12,58 D9 96 43 76 A4 43 42 00 00 10 42
1787903491.849320,34680,05f0,12,04 EC 97 43 26 E8 2B 42 00 00 14 42
1787903491.860640,34680,05f1,12,4C 72 98 43 A6 49 15 42 00 00 18 42
1787903491.871462,34680,05f2,12,25 69 98 43 C8 B0 00 42 00 00 1C 42
1787903491.882345,34680,05f3,12,C4 D0 97 43 CE E0 DD 41 00 00 20 42
1787903491.893548,34680,05f4,12,9C AC 96 43 AA 78 C1 41 00 00 24 42
1787903491.905114,34680,05f5,12,3C 03 95 43 35 4D AD 41 00 00 28 42
1787903491.916258,34680,05f6,12,20 DE 92 43 BD 2A A2 41 00 00 2C 42
1787903491.929937,34680,05f7,12,BA 49 90 43 DF 83 A0 41 00 00 30 42
1787903491.941211,34680,05f8,12,BC 54 8D 43 F9 68 A8 41 00 00 34 42
1787903491.952525,34680,05f9,12,4E 10 8A 43 12 8A B9 41 00 00 38 42
1787903491.964225,34680,05fa,12,26 8F 86 43 0A 37 D3 41 00 00 3C 42
1787903491.975400,34680,05fb,12,50 E5 82 43 CF 6B F4 41 00 00 40 42
1787903491.986756,34680,05fc,12,1A 50 7E 43 4D EA 0D 42 00 00 44 42
1787903491.998169,34680,05fd,12,56 D9 76 43 AE EE 23 42 00 00 48 42
1787903492.009236,34680,05fe,12,9F 91 6F 43 07 64 3B 42 00 00 4C 42
1787903492.020283,34680,05ff,12,9E A2 68 43 26 59 53 42 00 00 50 42
1787903492.031851,34680,0600,12,05 34 62 43 5E DB 6A 42 00 00 54 42
1787903492.043035,34680,0601,12,25 6B 5C 43 E6 7C 80 42 00 00 58 42
1787903492.054478,34680,0602,12,F4 68 57 43 F9 68 8A 42 00 00 5C 42
1787903492.065822,34680,0603,12,7E 4A 53 43 67 CD 92 42 00 00 60 42
1787903492.076441,34680,0604,12,4D 27 50 43 E6 53 99 42 00 00 64 42
1787903492.087375,34680,0605,12,62 11 4E 43 5D BA 9D 42 00 00 68 42
1787903492.098413,34680,0606,12,D4 14 4D 43 97 D3 9F 42 00 00 6C 42
1787903492.109730,34680,0607,12,43 37 4D 43 37 8A 9F 42 00 00 70 42
1787903492.121141,34680,0608,12,E7 77 4E 43 25 E1 9C 42 00 00 74 42
1787903492.132334,34680,0609,12,8A CF 50 43 BB F3 97 42 00 00 78 42
1787903492.142998,34680,060a,12,CE 30 54 43 E2 F3 90 42 00 00 7C 42
1787903492.154477,34680,060b,12,19 88 58 43 33 29 88 42 00 00 80 42
1787903492.165807,34680,060c,12,AE BC 5D 43 AC DB 7B 42 00 00 82 42
1787903492.177532,34680,060d,12,5C B0 63 43 E0 52 65 42 00 00 84 42
1787903492.188715,34680,060e,12,0B 41 6A 43 B4 9F 4D 42 00 00 86 42
1787903492.199768,34680,060f,12,2D 49 71 43 38 B2 35 42 00 00 88 42
1787903492.210915,34680,0610,12,F9 9F 78 43 90 7F 1E 42 00 00 8A 42
1787903492.222019,34680,0611,12,CE 0D 80 43 52 F5 08 42 00 00 8C 42
1787903492.233114,34680,0612,12,58 C8 83 43 59 DB EB 41 00 00 8E 42
1787903492.243803,34680,0613,12,43 6A 87 43 94 58 CC 41 00 00 90 42
1787903492.254706,34680,0614,12,C4 DE 8A 43 82 A1 B4 41 00 00 92 42
1787903492.265744,34680,0615,12,D0 11 8E 43 94 A9 A5 41 00 00 94 42
1787903492.276908,34680,0616,12,2D F1 90 43 98 09 A0 41 00 00 96 42
1787903492.287541,34680,0617,12,30 6C 93 43 8B FA A3 41 00 00 98 42
1787903492.298382,34680,0618,12,AB 74 95 43 E6 53 B1 41 00 00 9A 42
1787903492.316976,34680,0619,12,F7 FE 96 43 71 8E C7 41 00 00 9C 42
1787903492.333435,34680,061a,12,24 02 98 43 F2 C6 E5 41 00 00 9E 42
1787903492.345240,34680,061b,12,6E 78 98 43 B0 63 05 42 00 00 A0 42
1787903492.356025,34680,061c,12,27 5F 98 43 79 8C 1A 42 00 00 A2 42
1787903492.384006,34680,061d,12,E5 B6 97 43 43 84 31 42 00 00 A4 42
1787903492.447914,34680,061e,12,66 83 96 43 69 62 49 42 00 00 A6 42
1787903492.458861,34680,061f,12,A0 CB 94 43 6E 32 61 42 00 00 A8 42
1787903492.469871,34680,0620,12,5E 99 92 43 66 00 78 42 00 00 AA 42
1787903492.481022,34680,0621,12,5E F9 8F 43 A9 72 86 42 00 00 AC 42
1787903492.492053,34680,0622,12,A9 FA 8C 43 30 85 8F 42 00 00 AE 42
1787903492.503136,34680,0623,12,60 AE 89 43 E1 DB 96 42 00 00 B0 42
1787903492.514605,34680,0624,12,A5 27 86 43 72 2B 9C 42 00 00 B2 42
1787903492.525855,34680,0625,12,8F 7A 82 43 9B 3D 9F 42 00 00 B4 42
1787903492.537065,34680,0626,12,E4 78 7D 43 40 F3 9F 42 00 00 B6 42
1787903492.548008,34680,0627,12,72 05 76 43 16 45 9E 42 00 00 B8 42
1787903492.559160,34680,0628,12,6E C5 6E 43 22 44 9A 42 00 00 BA 42
1787903492.570271,34680,0629,12,E7 E2 67 43 48 19 94 42 00 00 BC 42
1787903492.584377,34680,062a,12,18 85 61 43 D3 03 8C 42 00 00 BE 42
1787903492.595817,34680,062b,12,EE D0 5B 43 A6 55 82 42 00 00 C0 42
1787903492.607034,34680,062c,12,07 E7 56 43 92 E4 6E 42 00 00 C2 42
1787903492.618582,34680,062d,12,8B E3 52 43 0E 90 57 42 00 00 C4 42
1787903492.629755,34680,062e,12,C3 DD 4F 43 AF 9C 3F 42 00 00 C6 42
1787903492.641128,34680,062f,12,E7 E6 4D 43 D6 FF 27 42 00 00 C8 42
1787903492.652142,34680,0630,12,5C 0A 4D 43 B0 A8 11 42 00 00 CA 42
1787903492.663184,34680,0631,12,06 4D 4D 43 E2 F9 FA 41 00 00 CC 42
1787903492.675327,34680,0632,12,71 AD 4E 43 D5 91 D8 41 00 00 CE 42
1787903492.685894,34680,0633,12,A2 23 51 43 15 7A BD 41 00 00 D0 42
1787903492.696419,34680,0634,12,92 A1 54 43 BA C7 AA 41 00 00 D2 42
1787903492.709936,34680,0635,12,FF 12 59 43 28 38 A1 41 00 00 D4 42
1787903492.720793,34680,0636,12,73 5E 5E 43 AB 2D A1 41 00 00 D6 42
1787903492.731459,34680,0637,12,A8 65 64 43 AE A8 AA 41 00 00 D8 42
1787903492.741814,34680,0638,12,A6 05 6B 43 9D 48 BD 41 00 00 DA 42
1787903492.752704,34680,0639,12,AD 18 72 43 27 4E D8 41 00 00 DC 42
1787903492.763572,34680,063a,12,B4 75 79 43 97 A7 FA 41 00 00 DE 42
1787903492.774148,34680,063b,12,4A 79 80 43 E0 79 11 42 00 00 E0 42
1787903492.784996,34680,063c,12,3A 32 84 43 39 CD 27 42 00 00 E2 42
1787903492.795482,34680,063d,12,11 D0 87 43 39 69 3F 42 00 00 E4 42
1787903492.805911,34680,063e,12,35 3E 8B 43 F6 5B 57 42 00 00 E6 42
1787903492.816567,34680,063f,12,C0 68 8E 43 DD B2 6E 42 00 00 E8 42
1787903492.826876,34680,0640,12,94 3D 91 43 FA 3E 82 42 00 00 EA 42
1787903492.837415,34680,0641,12,7C AC 93 43 3D F0 8B 42 00 00 EC 42
1787903492.847781,34680,0642,12,58 A7 95 43 D8 09 94 42 00 00 EE 42
1787903492.858066,34680,0643,12,E2 22 97 43 E9 38 9A 42 00 00 A0 41
1787903492.871184,34680,0644,12,7E 16 98 43 CE 3E 9E 42 00 00 A8 41
1787903492.881608,34680,0645,12,C2 7C 98 43 28 F2 9F 42 00 00 B0 41
1787903492.892018,34680,0646,12,5D 53 98 43 C0 41 9F 42 00 00 B8 41
1787903492.906514,34680,0647,12,40 9B 97 43 7E 34 9C 42 00 00 C0 41
1787903492.916789,34680,0648,12,84 58 96 43 CB E9 96 42 00 00 C8 41
1787903492.927316,34680,0649,12,79 92 94 43 40 97 8F 42 00 00 D0 41
1787903492.937824,34680,064a,12,4B 53 92 43 27 88 86 42 00 00 D8 41
1787903492.951048,34680,064b,12,D0 A7 8F 43 86 30 78 42 00 00 E0 41
1787903492.964945,34680,064c,12,87 9F 8C 43 DC 64 61 42 00 00 E8 41
1787903492.975508,34680,064d,12,B5 4B 89 43 F0 96 49 42 00 00 F0 41
1787903492.986071,34680,064e,12,A9 BF 85 43 DE B7 31 42 00 00 F8 41
1787903492.996604,34680,064f,12,B0 0F 82 43 1B BD 1A 42 00 00 00 42
1787903493.007016,34680,0650,12,CA A1 7C 43 68 8F 05 42 00 00 04 42
1787903493.017957,34680,0651,12,03 32 75 43 BF 0F E6 41 00 00 08 42
1787903493.028422,34680,0652,12,6A FA 6D 43 4C C8 C7 41 00 00 0C 42
1787903493.038807,34680,0653,12,DD 24 67 43 2D 7B B1 41 00 00 10 42
1787903493.049516,34680,0654,12,74 D8 60 43 AE 0D A4 41 00 00 14 42
1787903493.060127,34680,0655,12,42 39 5B 43 D3 07 A0 41 00 00 18 42
1787903493.071220,34680,0656,12,E3 67 56 43 61 93 A5 41 00 00 1C 42
1787903493.086456,34680,0657,12,CA 7F 52 43 FA 76 B4 41 00 00 20 42
1787903493.097111,34680,0658,12,A2 97 4F 43 CE 1B CC 41 00 00 24 42
1787903493.107612,34680,0659,12,03 C0 4D 43 C4 8E EB 41 00 00 28 42
1787903493.117996,34680,065a,12,82 03 4D 43 A6 C8 08 42 00 00 2C 42
1787903493.128284,34680,065b,12,66 66 4D 43 2C 4F 1E 42 00 00 30 42
1787903493.138855,34680,065c,12,7B E6 4E 43 50 7E 35 42 00 00 34 42
1787903493.150246,34680,065d,12,0D 7B 51 43 3B 6B 4D 42 00 00 38 42
1787903493.160593,34680,065e,12,4C 15 55 43 ED 1F 65 42 00 00 3C 42
1787903493.170948,34680,065f,12,A5 A0 59 43 48 AC 7B 42 00 00 40 42
1787903493.182325,34680,0660,12,BA 02 5F 43 9A 14 88 42 00 00 44 42
1787903493.192722,34680,0661,12,E1 1C 65 43 78 E2 90 42 00 00 48 42
1787903493.203281,34680,0662,12,B2 CB 6B 43 92 E6 97 42 00 00 4C 42
1787903493.214018,34680,0663,12,EB E8 72 43 C3 D8 9C 42 00 00 50 42
1787903493.224599,34680,0664,12,D6 4B 7A 43 F2 86 9F 42 00 00 54 42
1787903493.234834,34680,0665,12,CD E4 80 43 87 D5 9F 42 00 00 58 42
1787903493.245243,34680,0666,12,C5 9B 84 43 80 C1 9D 42 00 00 5C 42
1787903493.255760,34680,0667,12,46 35 88 43 EA 5F 99 42 00 00 60 42
1787903493.266179,34680,0668,12,B7 9C 8B 43 D2 DD 92 42 00 00 64 42
1787903493.276817,34680,0669,12,9A BE 8E 43 23 7D 8A 42 00 00 68 42
1787903493.287317,34680,066a,12,C5 88 91 43 97 93 80 42 00 00 6C 42
1787903493.297829,34680,066b,12,52 EB 93 43 9E 0D 6B 42 00 00 70 42
1787903493.309360,34680,066c,12,6B D8 95 43 70 8D 53 42 00 00 74 42
1787903493.319924,34680,066d,12,0E 45 97 43 46 98 3B 42 00 00 78 42
1787903493.330626,34680,066e,12,11 29 98 43 CB 20 24 42 00 00 7C 42
1787903493.342701,34680,066f,12,47 7F 98 43 78 17 0E 42 00 00 80 42
1787903493.353361,34680,0670,12,C6 45 98 43 DD BB F4 41 00 00 82 42
1787903493.363749,34680,0671,12,DC 7D 97 43 FB 77 D3 41 00 00 84 42
1787903493.374244,34680,0672,12,06 2C 96 43 4F B9 B9 41 00 00 86 42
1787903493.384606,34680,0673,12,CC 57 94 43 A1 84 A8 41 00 00 88 42
1787903493.395077,34680,0674,12,CA 0B 92 43 B8 8A A0 41 00 00 8A 42
1787903493.405499,34680,0675,12,18 55 8F 43 BE 1C A2 41 00 00 8C 42
1787903493.415839,34680,0676,12,72 43 8C 43 CE 2A AD 41 00 00 8E 42
1787903493.426082,34680,0677,12,6C E8 88 43 3A 43 C1 41 00 00 90 42
1787903493.436430,34680,0678,12,38 57 85 43 76 9A DD 41 00 00 92 42
1787903493.446660,34680,0679,12,88 A4 81 43 4F 87 00 42 00 00 94 42
1787903493.457022,34680,067a,12,DC CA 7B 43 0F 1A 15 42 00 00 96 42
1787903493.467603,34680,067b,12,4A 5F 74 43 17 B5 2B 42 00 00 98 42
1787903493.478141,34680,067c,12,D0 30 6D 43 F8 6F 43 42 00 00 9A 42
1787903493.489985,34680,067d,12,8D 68 66 43 54 5A 5B 42 00 00 9C 42
1787903493.500896,34680,067e,12,D7 2D 60 43 27 7F 72 42 00 00 9E 42
1787903493.537839,34680,067f,12,2D A4 5A 43 B5 F8 83 42 00 00 A0 42
1787903493.580017,34680,0680,12,AF EB 55 43 F0 6B 8D 42 00 00 A2 42
1787903493.590672,34680,0681,12,59 1F 52 43 1A 38 95 42 00 00 A4 42
1787903493.605052,34680,0682,12,F0 54 4F 43 38 0E 9B 42 00 00 A6 42
1787903493.615443,34680,0683,12,A6 9C 4D 43 60 B2 9E 42 00 00 A8 42
1787903493.625861,34680,0684,12,47 00 4D 43 67 FF 9F 42 00 00 AA 42
1787903493.636559,34680,0685,12,5E 83 4D 43 1E E8 9E 42 00 00 AC 42
1787903493.646973,34680,0686,12,F2 22 4F 43 BF 77 9B 42 00 00 AE 42
1787903493.657237,34680,0687,12,C3 D5 51 43 1D D1 95 42 00 00 B0 42
1787903493.667645,34680,0688,12,2A 8C 55 43 FF 2D 8E 42 00 00 B2 42
1787903493.678047,34680,0689,12,FF 30 5A 43 BC DC 84 42 00 00 B4 42
1787903493.688426,34680,068a,12,53 A9 5F 43 6B 77 74 42 00 00 B6 42
1787903493.698910,34680,068b,12,CF D5 65 43 6A 70 5D 42 00 00 B8 42
1787903493.709317,34680,068c,12,24 93 6C 43 B5 8D 45 42 00 00 BA 42
1787903493.721315,34680,068d,12,39 BA 73 43 F9 C3 2D 42 00 00 BC 42
1787903493.732002,34680,068e,12,4F 22 7B 43 E0 06 17 42 00 00 BE 42
1787903493.742911,34680,068f,12,36 50 81 43 BC 3C 02 42 00 00 C0 42
1787903493.753576,34680,0690,12,D9 04 85 43 A1 76 E0 41 00 00 C2 42
1787903493.763944,34680,0691,12,D8 99 88 43 FF 71 C3 41 00 00 C4 42
1787903493.774839,34680,0692,12,6E FA 8B 43 47 95 AE 41 00 00 C6 42
1787903493.785785,34680,0693,12,5B 13 8F 43 B6 B5 A2 41 00 00 C8 42
1787903493.796292,34680,0694,12,A8 D2 91 43 8E 4B A0 41 00 00 CA 42
1787903493.806680,34680,0695,12,A0 28 94 43 A4 6F A7 41 00 00 CC 42
1787903493.816970,34680,0696,12,E0 07 96 43 A3 D9 B7 41 00 00 CE 42
1787903493.833098,34680,0697,12,8B 65 97 43 E7 E1 D0 41 00 00 D0 42
1787903493.843731,34680,0698,12,DA 39 98 43 88 87 F1 41 00 00 D2 42
1787903493.854064,34680,0699,12,FD 7F 98 43 EA 3F 0C 42 00 00 D4 42
1787903493.864399,34680,069a,12,68 36 98 43 0E 1D 22 42 00 00 D6 42
1787903493.876349,34680,069b,12,BC 5E 97 43 B8 7D 39 42 00 00 D8 42
1787903493.886712,34680,069c,12,D9 FD 95 43 7A 72 51 42 00 00 DA 42
1787903493.897946,34680,069d,12,9C 1B 94 43 E8 05 69 42 00 00 DC 42
1787903493.908475,34680,069e,12,F2 C2 91 43 34 49 7F 42 00 00 DE 42
1787903493.918882,34680,069f,12,4D 01 8F 43 BA AB 89 42 00 00 E0 42
1787903493.929542,34680,06a0,12,70 E6 8B 43 C2 32 92 42 00 00 E2 42
1787903493.940134,34680,06a1,12,5D 84 88 43 3C E2 98 42 00 00 E4 42
1787903493.950621,34680,06a2,12,5C EE 84 43 C8 75 9D 42 00 00 E6 42
1787903493.966509,34680,06a3,12,39 39 81 43 0D BF 9F 42 00 00 E8 42
1787903493.976901,34680,06a4,12,5C F4 7A 43 87 A6 9F 42 00 00 EA 42
1787903493.987390,34680,06a5,12,56 8D 73 43 30 2D 9D 42 00 00 EC 42
1787903493.998072,34680,06a6,12,52 68 6C 43 3D 6C 98 42 00 00 EE 42
1787903494.008536,34680,06a7,12,05 AE 65 43 81 94 91 42 00 00 A0 41
1787903494.021677,34680,06a8,12,75 85 5F 43 4D EB 88 42 00 00 A8 41
1787903494.032674,34680,06a9,12,DC 11 5A 43 5B 93 7D 42 00 00 B0 41
1787903494.043149,34680,06aa,12,75 72 55 43 84 2C 67 42 00 00 B8 41
1787903494.053687,34680,06ab,12,10 C2 51 43 7A 87 4F 42 00 00 C0 41
1787903494.067275,34680,06ac,12,B2 15 4F 43 84 96 37 42 00 00 C8 41
1787903494.086174,34680,06ad,12,DD 7C 4D 43 24 4C 20 42 00 00 D0 41
1787903494.096723,34680,06ae,12,AB 00 4D 43 D2 97 0A 42 00 00 D8 41
1787903494.107390,34680,06af,12,EC A3 4D 43 CF AA EE 41 00 00 E0 41
1787903494.119171,34680,06b0,12,EE 62 4F 43 BA 94 CE 41 00 00 E8 41
1787903494.129738,34680,06b1,12,A8 33 52 43 B1 35 B6 41 00 00 F0 41
1787903494.145577,34680,06b2,12,24 06 56 43 90 84 A6 41 00 00 F8 41
1787903494.156383,34680,06b3,12,04 C4 5A 43 B1 22 A0 41 00 00 00 42
1787903494.169479,34680,06b4,12,30 52 60 43 B6 50 A3 41 00 00 04 42
1787903494.183072,34680,06b5,12,BA 90 66 43 9E EE AF 41 00 00 08 42
1787903494.193647,34680,06b6,12,BB 5B 6D 43 9B 7A C5 41 00 00 0C 42
1787903494.203878,34680,06b7,12,8A 8C 74 43 6E 1A E3 41 00 00 10 42
1787903494.214160,34680,06b8,12,0F F9 7B 43 C0 CE 03 42 00 00 14 42
1787903494.224735,34680,06b9,12,7E BB 81 43 FC C8 18 42 00 00 18 42
1787903494.234988,34680,06ba,12,9F 6D 85 43 26 A5 2F 42 00 00 1C 42
1787903494.245321,34680,06bb,12,AB FD 88 43 F8 78 47 42 00 00 20 42
1787903494.255658,34680,06bc,12,53 57 8C 43 17 53 5F 42 00 00 24 42
1787903494.266008,34680,06bd,12,FA 66 8F 43 46 3E 76 42 00 00 28 42
1787903494.276329,34680,06be,12,37 1B 92 43 2E A9 85 42 00 00 2C 42
1787903494.286875,34680,06bf,12,7D 64 94 43 A4 DB 8E 42 00 00 30 42
1787903494.297692,34680,06c0,12,A8 35 96 43 64 58 96 42 00 00 34 42
1787903494.308322,34680,06c1,12,54 84 97 43 96 D3 9B 42 00 00 38 42
1787903494.318995,34680,06c2,12,D9 48 98 43 DF 14 9F 42 00 00 3C 42
1787903494.329592,34680,06c3,12,E4 7E 98 43 46 FB 9F 42 00 00 40 42
1787903494.339986,34680,06c4,12,3D 25 98 43 6F 7D 9E 42 00 00 44 42
1787903494.350542,34680,06c5,12,E8 3D 97 43 C5 AA 9A 42 00 00 48 42
1787903494.360999,34680,06c6,12,00 CE 95 43 02 AA 94 42 00 00 4C 42
1787903494.371331,34680,06c7,12,EF DD 93 43 DE B8 8C 42 00 00 50 42
1787903494.382299,34680,06c8,12,C8 78 91 43 CC 27 83 42 00 00 54 42
1787903494.392763,34680,06c9,12,50 AC 8E 43 70 B1 70 42 00 00 58 42
1787903494.403137,34680,06ca,12,9E 88 8B 43 D8 74 59 42 00 00 5C 42
1787903494.413605,34680,06cb,12,90 1F 88 43 31 85 41 42 00 00 60 42
1787903494.425606,34680,06cc,12,1B 85 84 43 95 D8 29 42 00 00 64 42
1787903494.436265,34680,06cd,12,CA CD 80 43 D3 5E 13 42 00 00 68 42
1787903494.447102,34680,06ce,12,F4 1D 7A 43 88 FC FD 41 00 00 6C 42
1787903494.457664,34680,06cf,12,67 BC 72 43 08 0F DB 41 00 00 70 42
1787903494.468032,34680,06d0,12,FE A0 6B 43 EE 56 BF 41 00 00 74 42
1787903494.478428,34680,06d1,12,52 F5 64 43 40 F1 AB 41 00 00 78 42
1787903494.488749,34680,06d2,12,5B DF 5E 43 75 A2 A1 41 00 00 7C 42
1787903494.499249,34680,06d3,12,16 82 59 43 B4 D4 A0 41 00 00 80 42
1787903494.509700,34680,06d4,12,58 FC 54 43 A8 8F A9 41 00 00 82 42
1787903494.520052,34680,06d5,12,F9 67 51 43 E4 7A BB 41 00 00 84 42
1787903494.530450,34680,06d6,12,EC D9 4E 43 2A DE D5 41 00 00 86 42
1787903494.541038,34680,06d7,12,AA 60 4D 43 30 AE F7 41 00 00 88 42
1787903494.551431,34680,06d8,12,AC 04 4D 43 7C C8 0F 42 00 00 8A 42
1787903494.561846,34680,06d9,12,03 C8 4D 43 C9 F6 25 42 00 00 8C 42
1787903494.572236,34680,06da,12,6D A6 4F 43 54 81 3D 42 00 00 8E 42
1787903494.583493,34680,06db,12,F8 94 52 43 0F 76 55 42 00 00 90 42
1787903494.593904,34680,06dc,12,DD 82 56 43 53 E2 6C 42 00 00 92 42
1787903494.604228,34680,06dd,12,84 59 5B 43 0E 6B 81 42 00 00 94 42
1787903494.615751,34680,06de,12,1E FD 60 43 51 38 8B 42 00 00 96 42
1787903494.626288,34680,06df,12,95 4D 67 43 AA 75 93 42 00 00 98 42
1787903494.637209,34680,06e0,12,F8 25 6E 43 60 CE 99 42 00 00 9A 42
1787903494.685570,34680,06e1,12,3A 5F 75 43 2A 02 9E 42 00 00 9C 42
1787903494.695745,34680,06e2,12,D6 CF 7C 43 DA E5 9F 42 00 00 9E 42
1787903494.726874,34680,06e3,12,83 26 82 43 38 66 9F 42 00 00 A0 42
1787903494.737226,34680,06e4,12,0F D6 85 43 51 88 9C 42 00 00 A2 42
1787903494.748729,34680,06e5,12,FC 60 89 43 9F 69 97 42 00 00 A4 42
1787903494.760221,34680,06e6,12,1F B3 8C 43 FE 3D 90 42 00 00 A6 42
1787903494.771026,34680,06e7,12,60 B9 8F 43 C6 4E 87 42 00 00 A8 42
1787903494.781459,34680,06e8,12,5D 62 92 43 30 EF 79 42 00 00 AA 42
1787903494.791730,34680,06e9,12,E4 9E 94 43 62 42 63 42 00 00 AC 42
1787903494.802115,34680,06ea,12,E0 61 96 43 45 80 4B 42 00 00 AE 42
1787903494.812457,34680,06eb,12,51 A1 97 43 83 99 33 42 00 00 B0 42
1787903494.823852,34680,06ec,12,0A 56 98 43 FC 82 1C 42 00 00 B2 42
1787903494.834197,34680,06ed,12,FC 7B 98 43 22 29 07 42 00 00 B4 42
1787903494.844612,34680,06ee,12,44 12 98 43 79 C8 E8 41 00 00 B6 42
1787903494.855089,34680,06ef,12,4D 1B 97 43 8B EA C9 41 00 00 B8 42
1787903494.865587,34680,06f0,12,A1 9C 95 43 25 F1 B2 41 00 00 BA 42
1787903494.875882,34680,06f1,12,D6 9E 93 43 1E C8 A4 41 00 00 BC 42
1787903494.886260,34680,06f2,12,62 2D 91 43 00 00 A0 41 00 00 BE 42
1787903494.897122,34680,06f3,12,25 56 8E 43 3A C9 A4 41 00 00 C0 42
1787903494.907754,34680,06f4,12,C2 29 8B 43 97 F2 B2 41 00 00 C2 42
1787903494.918069,34680,06f5,12,52 BA 87 43 A4 EC C9 41 00 00 C4 42
1787903494.928700,34680,06f6,12,95 1B 84 43 7A CC E8 41 00 00 C6 42
1787903494.939275,34680,06f7,12,5B 62 80 43 B1 2A 07 42 00 00 C8 42
1787903494.949825,34680,06f8,12,B5 47 79 43 95 85 1C 42 00 00 CA 42
1787903494.960258,34680,06f9,12,FA EB 71 43 56 9B 33 42 00 00 CC 42
1787903494.970678,34680,06fa,12,6D DB 6A 43 1F 82 4B 42 00 00 CE 42
1787903494.981005,34680,06fb,12,AC 3E 64 43 19 45 63 42 00 00 D0 42
1787903494.991567,34680,06fc,12,BA 3B 5E 43 DF F0 79 42 00 00 D2 42
1787903495.001833,34680,06fd,12,E6 F4 58 43 E7 4F 87 42 00 00 D4 42
1787903495.015096,34680,06fe,12,10 89 54 43 9E 3E 90 42 00 00 D6 42
1787903495.025615,34680,06ff,12,58 11 51 43 19 6A 97 42 00 00 D8 42
1787903495.036361,34680,0700,12,AE A1 4E 43 C9 88 9C 42 00 00 DA 42
1787903495.046764,34680,0701,12,14 48 4D 43 5A 66 9F 42 00 00 DC 42
1787903495.057127,34680,0702,12,4E 0C 4D 43 C5 E5 9F 42 00 00 DE 42
1787903505.140118,34680,0704,12,BD EF 4D 43 ED 01 9E 42 00 00 E0 42
1787903505.150495,34680,0705,12,39 ED 4F 43 F6 CD 99 42 00 00 E2 42
1787903505.161386,34680,0706,12,52 F9 52 43 CF 74 93 42 00 00 E4 42
1787903505.172165,34680,0707,12,83 02 57 43 9E 37 8B 42 00 00 E6 42
1787903505.182956,34680,0708,12,E0 F1 5B 43 D7 69 81 42 00 00 E8 42
1787903505.193839,34680,0709,12,87 AA 61 43 90 E0 6C 42 00 00 EA 42
1787903505.204891,34680,070a,12,D0 0B 68 43 38 74 55 42 00 00 EC 42
1787903505.215716,34680,070b,12,0E F1 6E 43 8C 7E 3D 42 00 00 EE 42
1787903505.226340,34680,070c,12,9D 32 76 43 02 F5 25 42 00 00 A0 41
1787903505.236894,34680,070d,12,29 A7 7D 43 05 C6 0F 42 00 00 A8 41
1787903505.247639,34680,070e,12,89 91 82 43 54 AB F7 41 00 00 B0 41
1787903505.258100,34680,070f,12,D9 3D 86 43 D4 DB D5 41 00 00 B8 41
1787903505.268572,34680,0710,12,68 C3 89 43 4C 78 BB 41 00 00 C0 41
1787903505.279541,34680,0711,12,F7 0D 8D 43 9E 8E A9 41 00 00 C8 41
1787903505.290020,34680,0712,12,BF 0A 90 43 3D D4 A0 41 00 00 D0 41
1787903505.300357,34680,0713,12,45 A8 92 43 E4 A2 A1 41 00 00 D8 41
1787903505.323725,34680,0714,12,AA D7 94 43 67 F2 AB 41 00 00 E0 41
1787903505.335817,34680,0715,12,5D 8C 96 43 B0 59 BF 41 00 00 E8 41
1787903505.347054,34680,0716,12,90 BC 97 43 76 11 DB 41 00 00 F0 41
1787903505.358114,34680,0717,12,74 61 98 43 F6 00 FE 41 00 00 F8 41
1787903505.369470,34680,0718,12,44 77 98 43 7E 60 13 42 00 00 00 42
1787903505.380186,34680,0719,12,8D FD 97 43 60 DA 29 42 00 00 04 42
1787903505.391479,34680,071a,12,0D F7 96 43 FA 87 41 42 00 00 08 42
1787903505.402632,34680,071b,12,A8 69 95 43 AD 76 59 42 00 00 0C 42
1787903505.413756,34680,071c,12,2C 5E 93 43 10 B4 70 42 00 00 10 42
1787903505.424487,34680,071d,12,90 E0 90 43 97 28 83 42 00 00 14 42
1787903505.435237,34680,071e,12,10 FF 8D 43 8C B9 8C 42 00 00 18 42
1787903505.445891,34680,071f,12,39 CA 8A 43 D3 AA 94 42 00 00 1C 42
1787903505.456553,34680,0720,12,7B 54 87 43 27 AB 9A 42 00 00 20 42
1787903505.467309,34680,0721,12,89 B1 83 43 BE 7D 9E 42 00 00 24 42
1787903505.478095,34680,0722,12,55 ED 7F 43 4B FB 9F 42 00 00 28 42
1787903505.488775,34680,0723,12,44 72 78 43 B6 14 9F 42 00 00 2C 42
1787903505.507372,34680,0724,12,DF 1C 71 43 13 D3 9B 42 00 00 30 42
1787903505.518577,34680,0725,12,51 17 6A 43 E3 57 96 42 00 00 34 42
1787903505.529536,34680,0726,12,A2 89 63 43 AA DA 8E 42 00 00 38 42
1787903505.540854,34680,0727,12,2D 9A 5D 43 6A A8 85 42 00 00 3C 42
1787903505.551541,34680,0728,12,B8 6A 58 43 90 3C 76 42 00 00 40 42
1787903505.562448,34680,0729,12,10 19 54 43 5B 50 5F 42 00 00 44 42
1787903505.573507,34680,072a,12,0A BE 50 43 1E 77 47 42 00 00 48 42
1787903505.584129,34680,072b,12,D9 6C 4E 43 6B A2 2F 42 00 00 4C 42
1787903505.594719,34680,072c,12,0C 33 4D 43 48 C7 18 42 00 00 50 42
1787903505.605751,34680,072d,12,8A 17 4D 43 3A CD 03 42 00 00 54 42
1787903505.616303,34680,072e,12,F0 1A 4E 43 90 16 E3 41 00 00 58 42
1787903505.627314,34680,072f,12,6C 37 50 43 9F 78 C5 41 00 00 5C 42
1787903505.638506,34680,0730,12,0B 61 53 43 9E EC AF 41 00 00 60 42
1787903505.649714,34680,0731,12,4A 85 57 43 1A 50 A3 41 00 00 64 42
1787903505.660577,34680,0732,12,7F 8C 5C 43 D1 22 A0 41 00 00 68 42
1787903505.671365,34680,0733,12,C0 59 62 43 DB 85 A6 41 00 00 6C 42
1787903505.682427,34680,0734,12,B4 CB 68 43 40 37 B6 41 00 00 70 42
1787903505.693231,34680,0735,12,AD BD 6F 43 07 98 CE 41 00 00 74 42
1787903505.704098,34680,0736,12,05 07 77 43 8D AD EE 41 00 00 78 42
1787903505.715239,34680,0737,12,32 7E 7E 43 69 99 0A 42 00 00 7C 42
1787903505.726094,34680,0738,12,24 FC 82 43 C6 4E 20 42 00 00 80 42
1787903505.737362,34680,0739,12,27 A5 86 43 5A 98 37 42 00 00 82 42
1787903505.748206,34680,073a,12,44 25 8A 43 43 8A 4F 42 00 00 84 42
1787903505.759113,34680,073b,12,FE 67 8D 43 4E 2E 67 42 00 00 86 42
1787903505.769842,34680,073c,12,C6 5A 90 43 03 95 7D 42 00 00 88 42
1787903505.780598,34680,073d,12,AA EC 92 43 66 EC 88 42 00 00 8A 42
1787903505.791613,34680,073e,12,E4 0E 95 43 1C 95 91 42 00 00 8C 42
1787903505.802438,34680,073f,12,41 B5 96 43 EB 6C 98 42 00 00 8E 42
1787903505.812970,34680,0740,12,1A D6 97 43 78 2D 9D 42 00 00 90 42
1787903505.831618,34680,0741,12,0C 6B 98 43 A1 A6 9F 42 00 00 92 42
1787903505.842469,34680,0742,12,BF 70 98 43 EC BE 9F 42 00 00 94 42
1787903505.853291,34680,0743,12,11 E7 97 43 84 75 9D 42 00 00 96 42
1787903505.864214,34680,0744,12,09 D1 96 43 93 E1 98 42 00 00 98 42
1787903505.875091,34680,0745,12,01 35 95 43 2A 32 92 42 00 00 9A 42
1787903505.888101,34680,0746,12,2F 1C 93 43 01 AB 89 42 00 00 9C 42
1787903505.898873,34680,0747,12,A1 92 90 43 BA 46 7F 42 00 00 9E 42
1787903505.909744,34680,0748,12,EE A6 8D 43 20 04 69 42 00 00 A0 42
1787903505.920569,34680,0749,12,B3 69 8A 43 B2 6F 51 42 00 00 A2 42
1787903505.931314,34680,074a,12,E4 ED 86 43 E1 7B 39 42 00 00 A4 42
1787903505.941982,34680,074b,12,60 47 83 43 4C 1B 22 42 00 00 A6 42
1787903505.953080,34680,074c,12,46 16 7F 43 7F 3D 0C 42 00 00 A8 42
1787903505.963697,34680,074d,12,4C 9D 77 43 C0 84 F1 41 00 00 AA 42
1787903505.974959,34680,074e,12,67 4E 70 43 88 DE D0 41 00 00 AC 42
1787903505.985736,34680,074f,12,5D 54 69 43 07 D8 B7 41 00 00 AE 42
1787903505.996312,34680,0750,12,E8 D6 62 43 BA 6E A7 41 00 00 B0 42
1787903506.006913,34680,0751,12,56 FB 5C 43 47 4B A0 41 00 00 B2 42
1787903506.017712,34680,0752,12,53 E3 57 43 44 B6 A2 41 00 00 B4 42
1787903506.028649,34680,0753,12,F7 AB 53 43 32 97 AE 41 00 00 B6 42
1787903506.039170,34680,0754,12,EE 6D 50 43 EF 73 C3 41 00 00 B8 42
1787903506.050932,34680,0755,12,9F 3B 4E 43 28 79 E0 41 00 00 BA 42
1787903506.097610,34680,0756,12,A9 21 4D 43 02 3F 02 42 00 00 BC 42
1787903506.109975,34680,0757,12,61 26 4D 43 90 08 17 42 00 00 BE 42
1787903506.120982,34680,0758,12,C3 49 4E 43 B2 C6 2D 42 00 00 C0 42
1787903506.133389,34680,0759,12,25 85 50 43 8F 8F 45 42 00 00 C2 42
1787903506.147306,34680,075a,12,BB CB 53 43 3D 72 5D 42 00 00 C4 42
1787903506.158845,34680,075b,12,B0 0A 58 43 02 7A 74 42 00 00 C6 42
1787903506.169461,34680,075c,12,9A 29 5D 43 82 DD 84 42 00 00 C8 42
1787903506.179872,34680,075d,12,5E 0B 63 43 FD 2E 8E 42 00 00 CA 42
1787903506.190463,34680,075e,12,8D 8D 69 43 A2 D1 95 42 00 00 CC 42
1787903506.200907,34680,075f,12,07 8B 70 43 19 78 9B 42 00 00 CE 42
1787903506.211589,34680,0760,12,9E DB 77 43 62 E8 9E 42 00 00 D0 42
1787903506.222336,34680,0761,12,43 55 7F 43 65 FF 9F 42 00 00 D2 42
1787903506.232912,34680,0762,12,B1 66 83 43 16 B2 9E 42 00 00 D4 42
1787903506.243837,34680,0763,12,20 0C 87 43 DA 0D 9B 42 00 00 D6 42
1787903506.256216,34680,0764,12,2D 86 8A 43 93 37 95 42 00 00 D8 42
1787903506.266842,34680,0765,12,D9 C0 8D 43 EE 6A 8D 42 00 00 DA 42
1787903506.277441,34680,0766,12,96 A9 90 43 EC F7 83 42 00 00 DC 42
1787903506.287924,34680,0767,12,C7 2F 93 43 8C 7C 72 42 00 00 DE 42
1787903506.298563,34680,0768,12,A8 44 95 43 80 58 5B 42 00 00 E0 42
1787903506.309223,34680,0769,12,65 DC 96 43 1E 6E 43 42 00 00 E2 42
1787903506.320051,34680,076a,12,D6 ED 97 43 61 B2 2B 42 00 00 E4 42
1787903506.331421,34680,076b,12,D8 72 98 43 62 18 15 42 00 00 E6 42
1787903506.341838,34680,076c,12,68 68 98 43 12 85 00 42 00 00 E8 42
1787903506.353468,34680,076d,12,C6 CE 97 43 FC 97 DD 41 00 00 EA 42
1787903506.364962,34680,076e,12,66 A9 96 43 58 41 C1 41 00 00 EC 42
1787903506.376007,34680,076f,12,E0 FE 94 43 FB 28 AD 41 00 00 EE 42
1787903506.386603,34680,0770,12,C7 D8 92 43 41 1C A2 41 00 00 A0 41
1787903506.397296,34680,0771,12,51 43 90 43 17 8B A0 41 00 00 A8 41
1787903506.407869,34680,0772,12,9D 4D 8D 43 9B 85 A8 41 00 00 B0 41
1787903506.418576,34680,0773,12,8F 08 8A 43 FA BA B9 41 00 00 B8 41
1787903506.429221,34680,0774,12,F3 86 86 43 6F 7B D3 41 00 00 C0 41
1787903506.440858,34680,0775,12,F2 DC 82 43 B0 BE F4 41 00 00 C8 41
1787903506.451645,34680,0776,12,D1 3E 7E 43 E9 19 0E 42 00 00 D0 41
1787903506.463755,34680,0777,12,79 C8 76 43 90 22 24 42 00 00 D8 41
1787903506.474467,34680,0778,12,5E 81 6F 43 1D 9A 3B 42 00 00 E0 41
1787903506.485167,34680,0779,12,56 93 68 43 37 90 53 42 00 00 E8 41
1787903506.495774,34680,077a,12,37 26 62 43 64 0F 6B 42 00 00 F0 41
1787903506.506399,34680,077b,12,AB 5E 5C 43 D1 94 80 42 00 00 F8 41
1787903506.523725,34680,077c,12,86 5E 57 43 D9 7D 8A 42 00 00 00 42
1787903506.534711,34680,077d,12,34 42 53 43 66 DE 92 42 00 00 04 42
1787903506.545686,34680,077e,12,57 21 50 43 8E 60 99 42 00 00 08 42
1787903506.556467,34680,077f,12,EB 0D 4E 43 C0 C1 9D 42 00 00 0C 42
1787903506.567251,34680,0780,12,DA 13 4D 43 A2 D5 9F 42 00 00 10 42
1787903506.577955,34680,0781,12,DC 38 4D 43 D5 86 9F 42 00 00 14 42
1787903506.598731,34680,0782,12,06 7C 4E 43 78 D8 9C 42 00 00 18 42
1787903506.609674,34680,0783,12,18 D6 50 43 DF E5 97 42 00 00 1C 42
1787903506.620822,34680,0784,12,8B 39 54 43 DB E1 90 42 00 00 20 42
1787903506.632009,34680,0785,12,26 93 58 43 7C 13 88 42 00 00 24 42
1787903506.642963,34680,0786,12,73 C9 5D 43 9C AA 7B 42 00 00 28 42
1787903506.653596,34680,0787,12,AF BE 63 43 22 1E 65 42 00 00 2C 42
1787903506.664479,34680,0788,12,99 50 6A 43 71 68 4D 42 00 00 30 42
1787903506.675122,34680,0789,12,6D 59 71 43 7B 7C 35 42 00 00 34 42
1787903506.685927,34680,078a,12,1E B1 78 43 8E 4C 1E 42 00 00 38 42
1787903506.696947,34680,078b,12,59 16 80 43 13 C7 08 42 00 00 3C 42
1787903506.707701,34680,078c,12,C3 D0 83 43 12 8C EB 41 00 00 40 42
1787903506.719475,34680,078d,12,5E 72 87 43 96 18 CC 41 00 00 44 42
1787903506.730149,34680,078e,12,4A E6 8A 43 7C 75 B4 41 00 00 48 42
1787903506.741192,34680,078f,12,D6 18 8E 43 2F 92 A5 41 00 00 4C 42
1787903506.751967,34680,0790,12,4B F7 90 43 C4 07 A0 41 00 00 50 42
1787903506.762570,34680,0791,12,58 71 93 43 5C 0E A4 41 00 00 54 42
1787903506.784835,34680,0792,12,C0 78 95 43 44 7D B1 41 00 00 58 42
1787903506.795484,34680,0793,12,D8 01 97 43 56 CA C7 41 00 00 5C 42
1787903506.806225,34680,0794,12,D7 03 98 43 AF 13 E6 41 00 00 60 42
1787903506.816975,34680,0795,12,D7 78 98 43 F3 90 05 42 00 00 64 42
1787903506.827600,34680,0796,12,49 5E 98 43 D2 BE 1A 42 00 00 68 42
1787903506.838239,34680,0797,12,C4 B4 97 43 9C BA 31 42 00 00 6C 42
1787903506.848969,34680,0798,12,17 80 96 43 CA 98 49 42 00 00 70 42
1787903506.863712,34680,0799,12,18 C7 94 43 96 67 61 42 00 00 74 42
1787903506.903897,34680,079a,12,D9 93 92 43 38 32 78 42 00 00 78 42
1787903506.923174,34680,079b,12,EF F2 8F 43 E9 88 86 42 00 00 7C 42
1787903506.936813,34680,079c,12,76 F3 8C 43 36 98 8F 42 00 00 80 42
1787903506.947939,34680,079d,12,A8 A6 89 43 49 EA 96 42 00 00 82 42
1787903506.959095,34680,079e,12,50 1F 86 43 FC 34 9C 42 00 00 84 42
1787903506.969687,34680,079f,12,13 72 82 43 E5 41 9F 42 00 00 86 42
1787903506.980279,34680,07a0,12,CF 67 7D 43 1E F2 9F 42 00 00 88 42
1787903506.990993,34680,07a1,12,A2 F4 75 43 78 3E 9E 42 00 00 8A 42
1787903507.001773,34680,07a2,12,74 B5 6E 43 84 38 9A 42 00 00 8C 42
1787903507.012567,34680,07a3,12,94 D3 67 43 02 09 94 42 00 00 8E 42
1787903507.023546,34680,07a4,12,4B 77 61 43 8C EF 8B 42 00 00 90 42
1787903507.035935,34680,07a5,12,CB C4 5B 43 2D 3E 82 42 00 00 92 42
1787903507.046693,34680,07a6,12,D3 DC 56 43 39 B0 6E 42 00 00 94 42
1787903507.057378,34680,07a7,12,99 DB 52 43 20 5A 57 42 00 00 96 42
1787903507.067942,34680,07a8,12,01 D8 4F 43 71 66 3F 42 00 00 98 42
1787903507.078686,34680,07a9,12,AE E3 4D 43 70 CB 27 42 00 00 9A 42
1787903507.089319,34680,07aa,12,AF 09 4D 43 3A 78 11 42 00 00 9C 42
1787903507.100144,34680,07ab,12,E8 4E 4D 43 39 A3 FA 41 00 00 9E 42
1787903507.110804,34680,07ac,12,CB B1 4E 43 C5 4B D8 41 00 00 A0 42
1787903507.121429,34680,07ad,12,88 2A 51 43 F1 45 BD 41 00 00 A2 42
1787903507.132632,34680,07ae,12,A8 AA 54 43 96 A7 AA 41 00 00 A4 42
1787903507.143359,34680,07af,12,25 1E 59 43 4D 2D A1 41 00 00 A6 42
1787903507.154011,34680,07b0,12,68 6B 5E 43 B7 38 A1 41 00 00 A8 42
1787903507.164746,34680,07b1,12,F8 73 64 43 D3 C8 AA 41 00 00 AA 42
1787903507.175896,34680,07b2,12,80 15 6B 43 C3 7C BD 41 00 00 AC 42
1787903507.186701,34680,07b3,12,31 29 72 43 39 94 D8 41 00 00 AE 42
1787903507.197443,34680,07b4,12,B1 86 79 43 CA FC FA 41 00 00 B0 42
1787903507.238853,34680,07b5,12,D4 81 80 43 2D AB 11 42 00 00 B2 42
1787903507.249811,34680,07b6,12,86 3A 84 43 9F 01 28 42 00 00 B4 42
1787903507.262272,34680,07b7,12,38 D8 87 43 78 9F 3F 42 00 00 B6 42
1787903507.275730,34680,07b8,12,C0 45 8B 43 E4 91 57 42 00 00 B8 42
1787903507.287258,34680,07b9,12,9B 6F 8E 43 53 E6 6E 42 00 00 BA 42
1787903507.297708,34680,07ba,12,99 43 91 43 DA 56 82 42 00 00 BC 42
1787903507.308315,34680,07bb,12,78 B1 93 43 84 04 8C 42 00 00 BE 42
1787903507.320319,34680,07bc,12,58 AB 95 43 1D 1A 94 42 00 00 C0 42
1787903507.331097,34680,07bd,12,A9 25 97 43 88 44 9A 42 00 00 C2 42
1787903507.341766,34680,07be,12,09 18 98 43 4F 45 9E 42 00 00 C4 42
1787903507.352462,34680,07bf,12,06 7D 98 43 4E F3 9F 42 00 00 C6 42
1787903507.363104,34680,07c0,12,5D 52 98 43 75 3D 9F 42 00 00 C8 42
1787903507.373602,34680,07c1,12,F4 98 97 43 F4 2A 9C 42 00 00 CA 42
1787903507.384439,34680,07c2,12,0A 55 96 43 63 DB 96 42 00 00 CC 42
1787903507.395350,34680,07c3,12,DF 8D 94 43 8D 84 8F 42 00 00 CE 42
1787903507.406819,34680,07c4,12,AA 4D 92 43 85 71 86 42 00 00 D0 42
1787903507.417498,34680,07c5,12,5D A1 8F 43 B3 FE 77 42 00 00 D2 42
1787903507.427953,34680,07c6,12,2B 98 8C 43 B4 2F 61 42 00 00 D4 42
1787903507.438897,34680,07c7,12,D8 43 89 43 8F 60 49 42 00 00 D6 42
1787903507.449826,34680,07c8,12,62 B7 85 43 71 82 31 42 00 00 D8 42
1787903507.460541,34680,07c9,12,30 07 82 43 E4 89 1A 42 00 00 DA 42
1787903507.475413,34680,07ca,12,EA 90 7C 43 26 62 05 42 00 00 DC 42
1787903507.486157,34680,07cb,12,10 21 75 43 03 C3 E5 41 00 00 DE 42
1787903507.496929,34680,07cc,12,59 EA 6D 43 67 8C C7 41 00 00 E0 42
1787903507.507770,34680,07cd,12,D9 15 67 43 84 52 B1 41 00 00 E2 42
1787903507.518555,34680,07ce,12,D4 CA 60 43 88 F9 A3 41 00 00 E4 42
1787903507.537312,34680,07cf,12,76 2D 5B 43 A9 09 A0 41 00 00 E6 42
1787903507.548110,34680,07d0,12,CE 5D 56 43 C8 AA A5 41 00 00 E8 42
1787903507.559276,34680,07d1,12,02 78 52 43 04 A3 B4 41 00 00 EA 42
1787903507.570502,34680,07d2,12,36 92 4F 43 BA 5A CC 41 00 00 EC 42
1787903507.581633,34680,07d3,12,13 BD 4D 43 6C DF EB 41 00 00 EE 42
1787903507.595234,34680,07d4,12,20 03 4D 43 E6 F6 08 42 00 00 A0 41
1787903507.606104,34680,07d5,12,98 68 4D 43 2E 82 1E 42 00 00 A8 41
1787903507.616966,34680,07d6,12,29 EB 4E 43 0C B4 35 42 00 00 B0 41
1787903507.627888,34680,07d7,12,22 82 51 43 8D A1 4D 42 00 00 B8 41
1787903507.638880,34680,07d8,12,A0 1E 55 43 94 55 65 42 00 00 C0 41
1787903507.649733,34680,07d9,12,E0 AB 59 43 58 DD 7B 42 00 00 C8 41
1787903507.663205,34680,07da,12,06 10 5F 43 50 2A 88 42 00 00 D0 41
1787903507.674293,34680,07db,12,82 2B 65 43 7F F4 90 42 00 00 D8 41
1787903507.686268,34680,07dc,12,7C DB 6B 43 32 F4 97 42 00 00 E0 41
1787903507.696994,34680,07dd,12,81 F9 72 43 96 E1 9C 42 00 00 E8 41
1787903507.707844,34680,07de,12,A8 5C 7A 43 54 8A 9F 42 00 00 F0 41
1787903507.725870,34680,07df,12,6E ED 80 43 7C D3 9F 42 00 00 F8 41
1787903507.736639,34680,07e0,12,22 A4 84 43 1C BA 9D 42 00 00 00 42
1787903507.747531,34680,07e1,12,48 3D 88 43 79 53 99 42 00 00 04 42
1787903507.758577,34680,07e2,12,30 A4 8B 43 88 CC 92 42 00 00 08 42
1787903507.769688,34680,07e3,12,4C C5 8E 43 43 68 8A 42 00 00 0C 42
1787903507.780801,34680,07e4,12,C1 8E 91 43 AC 7B 80 42 00 00 10 42
1787903507.791772,34680,07e5,12,3F F0 93 43 98 D9 6A 42 00 00 14 42
1787903507.802680,34680,07e6,12,3F DC 95 43 4E 57 53 42 00 00 18 42
1787903507.813707,34680,07e7,12,B3 47 97 43 41 61 3B 42 00 00 1C 42
1787903507.826528,34680,07e8,12,73 2A 98 43 EA EC 23 42 00 00 20 42
1787903507.837811,34680,07e9,12,67 7F 98 43 DC E7 0D 42 00 00 24 42
1787903507.848629,34680,07ea,12,9F 44 98 43 FE 68 F4 41 00 00 28 42
1787903507.859681,34680,07eb,12,74 7B 97 43 C1 34 D3 41 00 00 2C 42
1787903507.871045,34680,07ec,12,6B 28 96 43 91 87 B9 41 00 00 30 42
1787903507.881997,34680,07ed,12,20 53 94 43 00 68 A8 41 00 00 34 42
1787903507.892704,34680,07ee,12,FE 05 92 43 83 83 A0 41 00 00 38 42
1787903507.903558,34680,07ef,12,7A 4E 8F 43 3D 2B A2 41 00 00 3C 42
1787903507.914165,34680,07f0,12,18 3C 8C 43 6D 4E AD 41 00 00 40 42
1787903507.924968,34680,07f1,12,80 E0 88 43 81 7B C1 41 00 00 44 42
1787903507.935752,34680,07f2,12,01 4F 85 43 4A E3 DD 41 00 00 48 42
1787903507.946520,34680,07f3,12,EC 9B 81 43 06 B3 00 42 00 00 4C 42
1787903507.957282,34680,07f4,12,CE B9 7B 43 54 4B 15 42 00 00 50 42
1787903507.968952,34680,07f5,12,97 4E 74 43 F2 E9 2B 42 00 00 54 42
1787903507.980234,34680,07f6,12,D9 20 6D 43 3F A7 43 42 00 00 58 42
1787903507.991038,34680,07f7,12,D8 59 66 43 FE 8F 5B 42 00 00 5C 42
1787903508.001825,34680,07f8,12,3C 20 60 43 FE B1 72 42 00 00 60 42
1787903508.012870,34680,07f9,12,74 98 5A 43 B4 0F 84 42 00 00 64 42
1787903508.023731,34680,07fa,12,F3 E1 55 43 98 7F 8D 42 00 00 68 42
1787903508.034366,34680,07fb,12,D2 17 52 43 E6 47 95 42 00 00 6C 42
1787903508.046727,34680,07fc,12,DA 4F 4F 43 02 19 9B 42 00 00 70 42
1787903508.058978,34680,07fd,12,F7 99 4D 43 FD B7 9E 42 00 00 74 42
1787903508.069536,34680,07fe,12,2E 00 4D 43 9E FF 9F 42 00 00 78 42
1787903508.080084,34680,07ff,12,D2 85 4D 43 EE E2 9E 42 00 00 7C 42
1787903508.092271,34680,0800,12,E6 27 4F 43 2D 6D 9B 42 00 00 80 42
1787903508.110798,34680,0801,12,05 DD 51 43 F1 C1 95 42 00 00 82 42
1787903508.121725,34680,0802,12,D7 95 55 43 A4 1A 8E 42 00 00 84 42
1787903508.132575,34680,0803,12,92 3C 5A 43 F9 C5 84 42 00 00 86 42
1787903508.143288,34680,0804,12,A6 B6 5F 43 E4 44 74 42 00 00 88 42
1787903508.154424,34680,0805,12,95 E4 65 43 FA 39 5D 42 00 00 8A 42
1787903508.167346,34680,0806,12,DA A2 6C 43 57 57 45 42 00 00 8C 42
1787903508.178237,34680,0807,12,12 CB 73 43 EB 8E 2D 42 00 00 8E 42
1787903508.188946,34680,0808,12,59 33 7B 43 40 D5 16 42 00 00 90 42
1787903508.199753,34680,0809,12,BC 58 81 43 84 10 02 42 00 00 92 42
1787903508.210566,34680,080a,12,2E 0D 85 43 42 2B E0 41 00 00 94 42
1787903508.221282,34680,080b,12,B6 A1 88 43 31 39 C3 41 00 00 96 42
1787903508.234615,34680,080c,12,EA 01 8C 43 09 70 AE 41 00 00 98 42
1787903508.245395,34680,080d,12,09 1A 8F 43 82 A5 A2 41 00 00 9A 42
1787903508.256186,34680,080e,12,77 D8 91 43 0B 51 A0 41 00 00 9C 42
1787903508.266946,34680,080f,12,6E 2D 94 43 10 8B A7 41 00 00 9E 42
1787903508.277659,34680,0810,12,87 0B 96 43 FD 08 B8 41 00 00 A0 42
1787903508.288216,34680,0811,12,14 68 97 43 C4 23 D1 41 00 00 A2 42
1787903508.299021,34680,0812,12,1C 3B 98 43 46 D9 F1 41 00 00 A4 42
1787903508.309575,34680,0813,12,F8 7F 98 43 19 6F 0C 42 00 00 A6 42
1787903508.320263,34680,0814,12,1C 35 98 43 8E 51 22 42 00 00 A8 42
1787903508.331873,34680,0815,12,37 5C 97 43 B5 B3 39 42 00 00 AA 42
1787903508.342847,34680,0816,12,12 FA 95 43 B0 A8 51 42 00 00 AC 42
1787903508.354034,34680,0817,12,C5 16 94 43 2D 3A 69 42 00 00 AE 42
1787903508.364893,34680,0818,12,1B BD 91 43 72 79 7F 42 00 00 B0 42
1787903508.376107,34680,0819,12,98 FA 8E 43 3D C1 89 42 00 00 B2 42
1787903508.387611,34680,081a,12,19 DF 8B 43 16 44 92 42 00 00 B4 42
1787903508.399367,34680,081b,12,4D 7C 88 43 0E EF 98 42 00 00 B6 42
1787903508.410575,34680,081c,12,04 E6 84 43 96 7D 9D 42 00 00 B8 42
1787903508.421664,34680,081d,12,B2 30 81 43 86 C1 9F 42 00 00 BA 42
1787903508.432369,34680,081e,12,53 E3 7A 43 86 A3 9F 42 00 00 BC 42
1787903508.442923,34680,081f,12,E4 7C 73 43 EC 24 9D 42 00 00 BE 42
1787903508.453475,34680,0820,12,47 58 6C 43 FE 5E 98 42 00 00 C0 42
1787903508.467724,34680,0821,12,49 9F 65 43 CE 82 91 42 00 00 C2 42
1787903508.478999,34680,0822,12,30 78 5F 43 DA D5 88 42 00 00 C4 42
1787903508.490844,34680,0823,12,59 06 5A 43 D6 61 7D 42 00 00 C6 42
1787903508.501613,34680,0824,12,12 69 55 43 FD F7 66 42 00 00 C8 42
1787903508.512875,34680,0825,12,B6 BA 51 43 33 51 4F 42 00 00 CA 42
1787903508.523823,34680,0826,12,D2 10 4F 43 A7 60 37 42 00 00 CC 42
1787903508.534536,34680,0827,12,7E 7A 4D 43 D6 18 20 42 00 00 CE 42
1787903508.545148,34680,0828,12,DA 00 4D 43 51 68 0A 42 00 00 D0 42
1787903508.557769,34680,0829,12,A1 A6 4D 43 5A 5A EE 41 00 00 D2 42
1787903508.569064,34680,082a,12,38 68 4F 43 6A 54 CE 41 00 00 D4 42
1787903508.579791,34680,082b,12,58 3B 52 43 16 08 B6 41 00 00 D6 42
1787903508.590534,34680,082c,12,D5 0F 56 43 7C 6B A6 41 00 00 D8 42
1787903508.601510,34680,082d,12,AA CF 5A 43 13 1F A0 41 00 00 DA 42
1787903508.613258,34680,082e,12,89 5F 60 43 D3 62 A3 41 00 00 DC 42
1787903508.624163,34680,082f,12,D0 9F 66 43 AC 15 B0 41 00 00 DE 42
1787903508.635085,34680,0830,12,E9 6B 6D 43 0D B5 C5 41 00 00 E0 42
1787903508.645885,34680,0831,12,10 9D 74 43 EF 65 E3 41 00 00 E2 42
1787903508.656612,34680,0832,12,ED 09 7C 43 4C FC 03 42 00 00 E4 42
1787903508.667125,34680,0833,12,E8 C3 81 43 00 FB 18 42 00 00 E6 42
1787903508.678405,34680,0834,12,04 76 85 43 68 DA 2F 42 00 00 E8 42
1787903508.689762,34680,0835,12,AA 05 89 43 59 AF 47 42 00 00 EA 42
1787903508.700628,34680,0836,12,92 5E 8C 43 6D 88 5F 42 00 00 EC 42
1787903508.711151,34680,0837,12,7E 6D 8F 43 4C 71 76 42 00 00 EE 42
1787903508.723819,34680,0838,12,DA 20 92 43 AC BF 85 42 00 00 A0 41
1787903508.734527,34680,0839,12,3B 69 94 43 A7 EE 8E 42 00 00 A8 41
1787903508.745524,34680,083a,12,44 39 96 43 2A 67 96 42 00 00 B0 41
1787903508.755975,34680,083b,12,AB 86 97 43 87 DD 9B 42 00 00 B8 41
1787903508.766404,34680,083c,12,F3 49 98 43 AA 19 9F 42 00 00 C0 41
1787903508.777165,34680,083d,12,BA 7E 98 43 92 FA 9F 42 00 00 C8 41
1787903508.787896,34680,083e,12,C8 23 98 43 59 77 9E 42 00 00 D0 41
1787903508.798493,34680,083f,12,32 3B 97 43 8A 9F 9A 42 00 00 D8 41
1787903508.811780,34680,0840,12,2E CA 95 43 15 9A 94 42 00 00 E0 41
1787903508.822895,34680,0841,12,07 D9 93 43 8A A4 8C 42 00 00 E8 41
1787903508.834049,34680,0842,12,E7 72 91 43 8C 10 83 42 00 00 F0 41
1787903508.844851,34680,0843,12,70 A5 8E 43 43 7E 70 42 00 00 F8 41
1787903508.855429,34680,0844,12,0A 81 8B 43 09 3F 59 42 00 00 00 42
1787903508.868444,34680,0845,12,A1 17 88 43 E4 4E 41 42 00 00 04 42
1787903508.879105,34680,0846,12,D4 7C 84 43 0D A3 29 42 00 00 08 42
1787903508.889699,34680,0847,12,5A C5 80 43 FA 2D 13 42 00 00 0C 42
1787903508.900300,34680,0848,12,C0 0C 7A 43 46 A6 FD 41 00 00 10 42
1787903508.911035,34680,0849,12,A5 AB 72 43 A6 C7 DA 41 00 00 14 42
1787903508.921759,34680,084a,12,6B 91 6B 43 48 21 BF 41 00 00 18 42
1787903508.932424,34680,084b,12,E7 E6 64 43 E1 CE AB 41 00 00 1C 42
1787903508.945754,34680,084c,12,6B D2 5E 43 E2 95 A1 41 00 00 20 42
1787903508.956307,34680,084d,12,A8 76 59 43 D7 DD A0 41 00 00 24 42
1787903508.967399,34680,084e,12,FC F2 54 43 24 AE A9 41 00 00 28 42
1787903508.978278,34680,084f,12,0C 61 51 43 83 AD BB 41 00 00 2C 42
1787903508.989064,34680,0850,12,60 D5 4E 43 16 24 D6 41 00 00 30 42
1787903508.999722,34680,0851,12,9A 5E 4D 43 4D 02 F8 41 00 00 34 42
1787903509.013177,34680,0852,12,26 05 4D 43 8D F8 0F 42 00 00 38 42
1787903509.023777,34680,0853,12,12 CB 4D 43 F2 2A 26 42 00 00 3C 42
1787903509.034553,34680,0854,12,DD AB 4F 43 81 B7 3D 42 00 00 40 42
1787903509.045085,34680,0855,12,BD 9C 52 43 06 AD 55 42 00 00 44 42
1787903509.055655,34680,0856,12,CA 8C 56 43 0F 16 6D 42 00 00 48 42
1787903509.066838,34680,0857,12,A6 65 5B 43 BE 82 81 42 00 00 4C 42
1787903509.080964,34680,0858,12,F3 0A 61 43 E1 4C 8B 42 00 00 50 42
1787903509.091748,34680,0859,12,78 5C 67 43 48 86 93 42 00 00 54 42
1787903509.102413,34680,085a,12,E1 35 6E 43 97 DA 99 42 00 00 58 42
1787903509.113118,34680,085b,12,CF 6F 75 43 16 09 9E 42 00 00 5C 42
1787903509.123886,34680,085c,12,1B E1 7C 43 6A E7 9F 42 00 00 60 42
1787903509.134863,34680,085d,12,1B 2F 82 43 5C 62 9F 42 00 00 64 42
1787903509.147060,34680,085e,12,3B DE 85 43 30 7F 9C 42 00 00 68 42
1787903509.157650,34680,085f,12,BE 68 89 43 57 5B 97 42 00 00 6C 42
1787903509.168731,34680,0860,12,4B BA 8C 43 9B 2B 90 42 00 00 70 42
1787903509.179409,34680,0861,12,F3 BF 8F 43 C7 38 87 42 00 00 74 42
1787903509.190202,34680,0862,12,06 68 92 43 B8 BD 79 42 00 00 78 42
1787903509.201096,34680,0863,12,68 A3 94 43 69 0D 63 42 00 00 7C 42
1787903509.211808,34680,0864,12,46 65 96 43 FA 48 4B 42 00 00 80 42
1787903509.222521,34680,0865,12,85 A3 97 43 EE 63 33 42 00 00 82 42
1787903509.233304,34680,0866,12,06 57 98 43 51 50 1C 42 00 00 84 42
1787903509.244047,34680,0867,12,AC 7B 98 43 67 FB 06 42 00 00 86 42
1787903509.254861,34680,0868,12,B4 10 98 43 86 7A E8 41 00 00 88 42
1787903509.265672,34680,0869,12,84 18 97 43 29 AC C9 41 00 00 8A 42
1787903509.276227,34680,086a,12,AE 98 95 43 E2 C6 B2 41 00 00 8C 42
1787903509.286845,34680,086b,12,B4 99 93 43 9C B2 A4 41 00 00 8E 42
1787903509.297636,34680,086c,12,44 27 91 43 19 00 A0 41 00 00 90 42
1787903509.308684,34680,086d,12,58 4F 8E 43 EF DE A4 41 00 00 92 42
1787903509.319597,34680,086e,12,48 22 8B 43 C4 1D B3 41 00 00 94 42
1787903509.330357,34680,086f,12,57 B2 87 43 22 2A CA 41 00 00 96 42
1787903509.340958,34680,0870,12,16 13 84 43 91 1A E9 41 00 00 98 42
1787903509.355475,34680,0871,12,B8 59 80 43 7B 58 07 42 00 00 9A 42
1787903509.366572,34680,0872,12,EC 36 79 43 49 B8 1C 42 00 00 9C 42
1787903509.377180,34680,0873,12,AB DB 71 43 DC D1 33 42 00 00 9E 42
1787903509.387866,34680,0874,12,F7 CB 6A 43 7A B8 4B 42 00 00 A0 42
1787903509.398733,34680,0875,12,13 30 64 43 0C 7A 63 42 00 00 A2 42
1787903509.409993,34680,0876,12,AE 2E 5E 43 4D 22 7A 42 00 00 A4 42
1787903509.421170,34680,0877,12,F1 E9 58 43 DF 65 87 42 00 00 A6 42
1787903509.432184,34680,0878,12,27 80 54 43 48 51 90 42 00 00 A8 42
1787903509.442956,34680,0879,12,AE 0A 51 43 18 78 97 42 00 00 AA 42
1787903509.453503,34680,087a,12,50 9D 4E 43 DE 91 9C 42 00 00 AC 42
1787903509.464581,34680,087b,12,42 46 4D 43 2A 6A 9F 42 00 00 AE 42
1787903509.475266,34680,087c,12,0F 0D 4D 43 28 E4 9F 42 00 00 B0 42
1787903509.485893,34680,087d,12,01 F3 4D 43 D5 FA 9D 42 00 00 B2 42
1787903509.496628,34680,087e,12,EE F2 4F 43 E8 C1 99 42 00 00 B4 42
1787903509.507595,34680,087f,12,86 01 53 43 27 64 93 42 00 00 B6 42
1787903509.518331,34680,0880,12,E6 0C 57 43 06 23 8B 42 00 00 B8 42
1787903509.528939,34680,0881,12,EE FD 5B 43 21 52 81 42 00 00 BA 42
1787903509.539744,34680,0882,12,38 B8 61 43 E8 AB 6C 42 00 00 BC 42
1787903509.551044,34680,0883,12,D4 1A 68 43 2D 3E 55 42 00 00 BE 42
1787903509.562310,34680,0884,12,6E 01 6F 43 61 48 3D 42 00 00 C0 42
1787903509.573152,34680,0885,12,A2 43 76 43 E0 C0 25 42 00 00 C2 42
1787903509.585926,34680,0886,12,0D B8 7D 43 00 96 0F 42 00 00 C4 42
1787903509.596622,34680,0887,12,EB 99 82 43 E5 55 F7 41 00 00 C6 42
1787903509.607635,34680,0888,12,FC 45 86 43 3F 97 D5 41 00 00 C8 42
1787903509.618309,34680,0889,12,49 CB 89 43 DB 45 BB 41 00 00 CA 42
1787903509.629638,34680,088a,12,3A 15 8D 43 53 70 A9 41 00 00 CC 42
1787903509.642914,34680,088b,12,14 11 90 43 4D CB A0 41 00 00 CE 42
1787903509.654175,34680,088c,12,B2 AD 92 43 E3 AF A1 41 00 00 D0 42
1787903509.667644,34680,088d,12,0E DC 94 43 62 14 AC 41 00 00 D2 42
1787903509.678258,34680,088e,12,B4 8F 96 43 85 8F BF 41 00 00 D4 42
1787903509.688844,34680,088f,12,AE BE 97 43 FE 58 DB 41 00 00 D6 42
1787903509.699418,34680,0890,12,46 62 98 43 58 57 FE 41 00 00 D8 42
1787903509.709920,34680,0891,12,D1 76 98 43 3A 92 13 42 00 00 DA 42
1787903509.720343,34680,0892,12,DA FB 97 43 06 0F 2A 42 00 00 DC 42
1787903509.735817,34680,0893,12,10 F4 96 43 48 BE 41 42 00 00 DE 42
1787903509.748027,34680,0894,12,7D 65 95 43 79 AC 59 42 00 00 E0 42
1787903509.758854,34680,0895,12,0A 59 93 43 34 E7 70 42 00 00 E2 42
1787903509.769601,34680,0896,12,7D DA 90 43 37 40 83 42 00 00 E4 42
1787903509.780244,34680,0897,12,2D F8 8D 43 80 CD 8C 42 00 00 E6 42
1787903509.791208,34680,0898,12,82 C2 8A 43 B5 BA 94 42 00 00 E8 42
1787903509.802098,34680,0899,12,45 4C 87 43 56 B6 9A 42 00 00 EA 42
1787903509.812680,34680,089a,12,34 A9 83 43 C7 83 9E 42 00 00 EC 42
1787903509.827265,34680,089b,12,70 DC 7F 43 F4 FB 9F 42 00 00 EE 42
1787903509.838356,34680,089c,12,84 61 78 43 F2 0F 9F 42 00 00 A0 41
1787903509.849100,34680,089d,12,45 0C 71 43 16 C9 9B 42 00 00 A8 41
1787903509.859780,34680,089e,12,9E 07 6A 43 13 49 96 42 00 00 B0 41
1787903509.870287,34680,089f,12,84 7B 63 43 9E C7 8E 42 00 00 B8 41
1787903509.880867,34680,08a0,12,9C 8D 5D 43 80 91 85 42 00 00 C0 41
1787903509.891547,34680,08a1,12,FA 5F 58 43 5C 0A 76 42 00 00 C8 41
1787903509.902759,34680,08a2,12,31 10 54 43 00 1B 5F 42 00 00 D0 41
1787903509.914247,34680,08a3,12,7D B7 50 43 BD 40 47 42 00 00 D8 41
1787903509.925372,34680,08a4,12,DA 68 4E 43 2E 6D 2F 42 00 00 E0 41
1787903509.936124,34680,08a5,12,8D 31 4D 43 72 94 18 42 00 00 E8 41
1787903509.947853,34680,08a6,12,93 18 4D 43 82 A0 03 42 00 00 F0 41
1787903509.959116,34680,08a7,12,90 1E 4E 43 36 CB E2 41 00 00 F8 41
1787903509.969794,34680,08a8,12,88 3D 50 43 58 3E C5 41 00 00 00 42
1787903509.986489,34680,08a9,12,50 69 53 43 C0 C5 AF 41 00 00 04 42
1787903509.997067,34680,08aa,12,AB 8F 57 43 E1 3D A3 41 00 00 08 42
1787903510.007712,34680,08ab,12,BF 98 5C 43 92 26 A0 41 00 00 0C 42
1787903510.018225,34680,08ac,12,ED 67 62 43 23 9F A6 41 00 00 10 42
1787903510.028723,34680,08ad,12,33 DB 68 43 09 65 B6 41 00 00 14 42
1787903510.042471,34680,08ae,12,C5 CD 6F 43 82 D8 CE 41 00 00 18 42
1787903510.053661,34680,08af,12,B3 17 77 43 88 FF EE 41 00 00 1C 42
1787903510.064353,34680,08b0,12,17 8F 7E 43 28 C8 0A 42 00 00 20 42
1787903510.075109,34680,08b1,12,B3 04 83 43 1C 82 20 42 00 00 24 42
1787903510.086034,34680,08b2,12,6F AD 86 43 3A CE 37 42 00 00 28 42
1787903510.096700,34680,08b3,12,E8 2C 8A 43 88 C0 4F 42 00 00 2C 42
1787903510.107358,34680,08b4,12,02 6F 8D 43 B5 63 67 42 00 00 30 42
1787903510.118251,34680,08b5,12,03 61 90 43 A6 C5 7D 42 00 00 34 42
1787903510.129034,34680,08b6,12,1A F2 92 43 D2 01 89 42 00 00 38 42
1787903510.139602,34680,08b7,12,43 13 95 43 C5 A6 91 42 00 00 3C 42
1787903510.150113,34680,08b8,12,64 B8 96 43 1E 7A 98 42 00 00 40 42
1787903510.160827,34680,08b9,12,08 D8 97 43 D4 35 9D 42 00 00 44 42
1787903510.171545,34680,08ba,12,BA 6B 98 43 88 A9 9F 42 00 00 48 42
1787903510.182160,34680,08bb,12,25 70 98 43 66 BC 9F 42 00 00 4C 42
1787903510.195787,34680,08bc,12,2F E5 97 43 AA 6D 9D 42 00 00 50 42
1787903510.206646,34680,08bd,12,FB CD 96 43 B5 D4 98 42 00 00 54 42
1787903510.217426,34680,08be,12,CE 30 95 43 7F 20 92 42 00 00 58 42
1787903510.227927,34680,08bf,12,F0 16 93 43 D4 95 89 42 00 00 5C 42
1787903510.238434,34680,08c0,12,50 8C 90 43 70 16 7F 42 00 00 60 42
1787903510.249032,34680,08c1,12,CD 9F 8D 43 D5 CF 68 42 00 00 64 42
1787903510.259653,34680,08c2,12,18 62 8A 43 7B 39 51 42 00 00 68 42
1787903510.270631,34680,08c3,12,D3 E5 86 43 F9 44 39 42 00 00 6C 42
1787903510.281252,34680,08c4,12,06 3F 83 43 B6 E7 21 42 00 00 70 42
1787903510.291863,34680,08c5,12,FC 04 7F 43 5C 0E 0C 42 00 00 74 42
1787903510.302498,34680,08c6,12,33 8C 77 43 23 33 F1 41 00 00 78 42
1787903510.313531,34680,08c7,12,41 3E 70 43 D4 9C D0 41 00 00 7C 42
1787903510.329238,34680,08c8,12,24 45 69 43 0A A8 B7 41 00 00 80 42
1787903510.340046,34680,08c9,12,F3 C8 62 43 F7 53 A7 41 00 00 82 42
1787903510.350968,34680,08ca,12,AC EE 5C 43 FE 45 A0 41 00 00 84 42
1787903510.361531,34680,08cb,12,90 D8 57 43 AA C6 A2 41 00 00 86 42
1787903510.372146,34680,08cc,12,8B A3 53 43 A1 BC AE 41 00 00 88 42
1787903510.382719,34680,08cd,12,CB 67 50 43 E4 AD C3 41 00 00 8A 42
1787903510.393649,34680,08ce,12,E7 37 4E 43 67 C3 E0 41 00 00 8C 42
1787903510.404267,34680,08cf,12,6B 20 4D 43 48 6B 02 42 00 00 8E 42
1787903510.415131,34680,08d0,12,BA 27 4D 43 3B 3A 17 42 00 00 90 42
1787903510.425910,34680,08d1,12,95 4D 4E 43 C6 FB 2D 42 00 00 92 42
1787903510.436897,34680,08d2,12,62 8B 50 43 DE C6 45 42 00 00 94 42
1787903510.447505,34680,08d3,12,3F D4 53 43 BC A7 5D 42 00 00 96 42
1787903510.458026,34680,08d4,12,88 15 58 43 80 AC 74 42 00 00 98 42
1787903510.468545,34680,08d5,12,56 36 5D 43 3E F4 84 42 00 00 9A 42
1787903510.479576,34680,08d6,12,62 19 63 43 4E 42 8E 42 00 00 9C 42
1787903510.490146,34680,08d7,12,D2 9C 69 43 06 E1 95 42 00 00 9E 42
1787903510.500811,34680,08d8,12,35 9B 70 43 71 82 9B 42 00 00 A0 42
1787903510.511421,34680,08d9,12,BA EC 77 43 86 ED 9E 42 00 00 A2 42
1787903510.523551,34680,08da,12,8D 66 7F 43 21 FF 9F 42 00 00 A4 42
1787903510.534199,34680,08db,12,09 6F 83 43 6D AC 9E 42 00 00 A6 42
1787903510.546270,34680,08dc,12,2E 14 87 43 D5 02 9B 42 00 00 A8 42
1787903510.556894,34680,08dd,12,C1 8D 8A 43 00 28 95 42 00 00 AA 42
1787903510.567411,34680,08de,12,F2 C7 8D 43 3D 57 8D 42 00 00 AC 42
1787903510.577983,34680,08df,12,DD AF 90 43 E7 E0 83 42 00 00 AE 42
1787903510.588568,34680,08e0,12,FB 34 93 43 AC 49 72 42 00 00 B0 42
1787903510.599187,34680,08e1,12,CE 48 95 43 E6 21 5B 42 00 00 B2 42
1787903510.609733,34680,08e2,12,66 DF 96 43 C7 37 43 42 00 00 B4 42
1787903510.620242,34680,08e3,12,AB EF 97 43 8B 7D 2B 42 00 00 B6 42
1787903510.630796,34680,08e4,12,64 73 98 43 28 E7 14 42 00 00 B8 42
1787903510.642498,34680,08e5,12,AE 67 98 43 6B 59 00 42 00 00 BA 42
1787903510.653433,34680,08e6,12,CB CC 97 43 0E 4E DD 41 00 00 BC 42
1787903510.664323,34680,08e7,12,37 A6 96 43 31 0A C1 41 00 00 BE 42
1787903510.675036,34680,08e8,12,75 FA 94 43 8D 05 AD 41 00 00 C0 42
1787903510.685898,34680,08e9,12,4D D3 92 43 F6 0D A2 41 00 00 C2 42
1787903510.696923,34680,08ea,12,0C 3D 90 43 81 92 A0 41 00 00 C4 42
1787903510.707766,34680,08eb,12,91 46 8D 43 EC A2 A8 41 00 00 C6 42
1787903510.718544,34680,08ec,12,E5 00 8A 43 0F EC B9 41 00 00 C8 42
1787903510.730149,34680,08ed,12,A7 7E 86 43 D2 BE D3 41 00 00 CA 42
1787903510.742004,34680,08ee,12,61 D4 82 43 B0 11 F5 41 00 00 CC 42
1787903510.753482,34680,08ef,12,EC 2D 7E 43 90 49 0E 42 00 00 CE 42
1787903510.766662,34680,08f0,12,CF B7 76 43 5E 57 24 42 00 00 D0 42
1787903510.777264,34680,08f1,12,4E 71 6F 43 35 D0 3B 42 00 00 D2 42
1787903510.788261,34680,08f2,12,E4 83 68 43 56 C6 53 42 00 00 D4 42
1787903510.799031,34680,08f3,12,1A 18 62 43 62 43 6B 42 00 00 D6 42
1787903510.809811,34680,08f4,12,7D 52 5C 43 B6 AC 80 42 00 00 D8 42
1787903510.820948,34680,08f5,12,3A 54 57 43 0C 93 8A 42 00 00 DA 42
1787903510.833583,34680,08f6,12,06 3A 53 43 5B EF 92 42 00 00 DC 42
1787903510.845242,34680,08f7,12,54 1B 50 43 F3 6C 99 42 00 00 DE 42
1787903510.855809,34680,08f8,12,66 0A 4E 43 18 C9 9D 42 00 00 E0 42
1787903510.866325,34680,08f9,12,EC 12 4D 43 A0 D7 9F 42 00 00 E2 42
1787903510.876811,34680,08fa,12,76 3A 4D 43 57 83 9F 42 00 00 E4 42
1787903510.887570,34680,08fb,12,1F 80 4E 43 BE CF 9C 42 00 00 E6 42
1787903510.898040,34680,08fc,12,BE DC 50 43 34 D8 97 42 00 00 E8 42
1787903510.911080,34680,08fd,12,81 42 54 43 CB CF 90 42 00 00 EA 42
1787903510.922058,34680,08fe,12,F8 9D 58 43 BF FD 87 42 00 00 EC 42
1787903510.932795,34680,08ff,12,16 D6 5D 43 A9 78 7B 42 00 00 EE 42
1787903510.943529,34680,0900,12,DB CC 63 43 5D E9 64 42 00 00 A0 41
1787903510.954078,34680,0901,12,57 60 6A 43 1D 32 4D 42 00 00 A8 41
1787903510.967617,34680,0902,12,10 6A 71 43 C2 46 35 42 00 00 B0 41
1787903510.978640,34680,0903,12,E2 C1 78 43 94 19 1E 42 00 00 B8 41
1787903510.989548,34680,0904,12,CB 1E 80 43 15 98 08 42 00 00 C0 41
1787903511.000036,34680,0905,12,15 D9 83 43 EB 3C EB 41 00 00 C8 41
1787903511.010575,34680,0906,12,8F 7A 87 43 D5 D9 CB 41 00 00 D0 41
1787903511.021338,34680,0907,12,FA ED 8A 43 A1 49 B4 41 00 00 D8 41
1787903511.031900,34680,0908,12,B1 1F 8E 43 FB 7A A5 41 00 00 E0 41
1787903511.042757,34680,0909,12,55 FD 90 43 1C 06 A0 41 00 00 E8 41
1787903511.053954,34680,090a,12,6F 76 93 43 5D 22 A4 41 00 00 F0 41
1787903511.064634,34680,090b,12,DE 7C 95 43 1D A6 B1 41 00 00 F8 41
1787903511.075100,34680,090c,12,C8 04 97 43 65 06 C8 41 00 00 00 42
1787903511.086210,34680,090d,12,7E 05 98 43 8F 60 E6 41 00 00 04 42
1787903511.096875,34680,090e,12,3C 79 98 43 0C BF 05 42 00 00 08 42
1787903511.107447,34680,090f,12,6A 5D 98 43 34 F1 1A 42 00 00 0C 42
1787903511.118255,34680,0910,12,99 B2 97 43 0E F0 31 42 00 00 10 42
1787903511.129197,34680,0911,12,B3 7C 96 43 2A CF 49 42 00 00 14 42
1787903511.144646,34680,0912,12,A7 C2 94 43 BA 9C 61 42 00 00 18 42
1787903511.155401,34680,0913,12,62 8E 92 43 DC 64 78 42 00 00 1C 42
1787903511.166055,34680,0914,12,92 EC 8F 43 22 9F 86 42 00 00 20 42
1787903511.177045,34680,0915,12,2C EC 8C 43 E0 AA 8F 42 00 00 24 42
1787903511.187646,34680,0916,12,C2 9E 89 43 A6 F8 96 42 00 00 28 42
1787903511.198135,34680,0917,12,2A 17 86 43 79 3E 9C 42 00 00 2C 42
1787903511.208572,34680,0918,12,AF 69 82 43 35 46 9F 42 00 00 30 42
1787903511.219128,34680,0919,12,EC 56 7D 43 F0 F0 9F 42 00 00 34 42
1787903511.229627,34680,091a,12,A2 E3 75 43 EA 37 9E 42 00 00 38 42
1787903511.240367,34680,091b,12,1D A5 6E 43 DA 2C 9A 42 00 00 3C 42
1787903511.250999,34680,091c,12,9D C4 67 43 B2 F8 93 42 00 00 40 42
1787903511.261650,34680,091d,12,AB 69 61 43 E4 DA 8B 42 00 00 44 42
1787903511.272288,34680,091e,12,D0 B8 5B 43 AE 26 82 42 00 00 48 42
1787903511.282869,34680,091f,12,87 D2 56 43 BB 7C 6E 42 00 00 4C 42
1787903511.293324,34680,0920,12,7E D3 52 43 30 24 57 42 00 00 50 42
1787903511.303717,34680,0921,12,66 D2 4F 43 34 30 3F 42 00 00 54 42
1787903511.314300,34680,0922,12,85 E0 4D 43 2A 96 27 42 00 00 58 42
1787903511.324740,34680,0923,12,0A 09 4D 43 CE 47 11 42 00 00 5C 42
1787903511.345313,34680,0924,12,D5 50 4D 43 26 4E FA 41 00 00 60 42
1787903511.356177,34680,0925,12,44 B6 4E 43 DA 05 D8 41 00 00 64 42
1787903511.367045,34680,0926,12,4B 31 51 43 F8 11 BD 41 00 00 68 42
1787903511.377779,34680,0927,12,A8 B3 54 43 16 87 AA 41 00 00 6C 42
1787903511.388791,34680,0928,12,2E 29 59 43 A4 22 A1 41 00 00 70 42
1787903511.399428,34680,0929,12,88 78 5E 43 C5 43 A1 41 00 00 74 42
1787903511.415005,34680,092a,12,A0 82 64 43 27 E9 AA 41 00 00 78 42
1787903511.425590,34680,092b,12,00 25 6B 43 14 B1 BD 41 00 00 7C 42
1787903511.436598,34680,092c,12,86 39 72 43 A6 DB D8 41 00 00 80 42
1787903511.447084,34680,092d,12,7C 97 79 43 1C 52 FB 41 00 00 82 42
1787903511.457567,34680,092e,12,77 8A 80 43 B0 DB 11 42 00 00 84 42
1787903511.469605,34680,092f,12,02 43 84 43 0C 36 28 42 00 00 86 42
1787903511.480036,34680,0930,12,2E E0 87 43 B8 D5 3F 42 00 00 88 42
1787903511.490561,34680,0931,12,33 4D 8B 43 BC C8 57 42 00 00 8A 42
1787903511.501194,34680,0932,12,60 76 8E 43 C1 19 6F 42 00 00 8C 42
1787903511.511820,34680,0933,12,AD 49 91 43 4C 6E 82 42 00 00 8E 42
1787903511.522382,34680,0934,12,8F B6 93 43 C2 18 8C 42 00 00 90 42
1787903511.533774,34680,0935,12,3E AF 95 43 59 2A 94 42 00 00 92 42
1787903511.544368,34680,0936,12,65 28 97 43 4E 50 9A 42 00 00 94 42
1787903511.554897,34680,0937,12,8B 19 98 43 C4 4B 9E 42 00 00 96 42
1787903511.568847,34680,0938,12,48 7D 98 43 64 F4 9F 42 00 00 98 42
1787903511.580130,34680,0939,12,53 51 98 43 1F 39 9F 42 00 00 9A 42
1787903511.590748,34680,093a,12,B3 96 97 43 5F 21 9C 42 00 00 9C 42
1787903511.606924,34680,093b,12,98 51 96 43 B0 CC 96 42 00 00 9E 42
1787903511.617427,34680,093c,12,4F 89 94 43 D0 71 8F 42 00 00 A0 42
1787903511.627861,34680,093d,12,F7 47 92 43 3E 5B 86 42 00 00 A2 42
1787903511.638770,34680,093e,12,C2 9A 8F 43 D7 CC 77 42 00 00 A4 42
1787903511.649329,34680,093f,12,F8 90 8C 43 86 FA 60 42 00 00 A6 42
1787903511.661273,34680,0940,12,10 3C 89 43 3E 29 49 42 00 00 A8 42
1787903511.671927,34680,0941,12,33 AF 85 43 09 4D 31 42 00 00 AA 42
1787903511.682375,34680,0942,12,96 FE 81 43 95 57 1A 42 00 00 AC 42
1787903511.692926,34680,0943,12,A6 7F 7C 43 F2 34 05 42 00 00 AE 42
1787903511.703604,34680,0944,12,80 10 75 43 6A 76 E5 41 00 00 B0 42
1787903511.714203,34680,0945,12,79 DA 6D 43 A5 4F C7 41 00 00 B2 42
1787903511.724783,34680,0946,12,04 07 67 43 08 2A B1 41 00 00 B4 42
1787903511.735220,34680,0947,12,0F BD 60 43 EA E5 A3 41 00 00 B6 42
1787903511.746371,34680,0948,12,69 21 5B 43 B0 0B A0 41 00 00 B8 42
1787903511.757035,34680,0949,12,F7 53 56 43 5E C2 A5 41 00 00 BA 42
1787903511.767519,34680,094a,12,56 70 52 43 FD CF B4 41 00 00 BC 42
1787903511.780771,34680,094b,12,E0 8C 4F 43 CC 99 CC 41 00 00 BE 42
1787903511.791522,34680,094c,12,20 BA 4D 43 D7 2E EC 41 00 00 C0 42
1787903511.801985,34680,094d,12,C1 02 4D 43 32 25 09 42 00 00 C2 42
1787903511.812451,34680,094e,12,C3 6A 4D 43 3A B5 1E 42 00 00 C4 42
1787903511.823654,34680,094f,12,CE EF 4E 43 BA EA 35 42 00 00 C6 42
1787903511.834322,34680,0950,12,27 89 51 43 DF D7 4D 42 00 00 C8 42
1787903511.845249,34680,0951,12,14 28 55 43 4C 8A 65 42 00 00 CA 42
1787903511.855946,34680,0952,12,63 B7 59 43 5C 0E 7C 42 00 00 CC 42
1787903511.893057,34680,0953,12,08 1D 5F 43 FE 3F 88 42 00 00 CE 42
1787903511.903333,34680,0954,12,FB 39 65 43 CC 06 91 42 00 00 D0 42
1787903511.915060,34680,0955,12,18 EB 6B 43 C6 01 98 42 00 00 D2 42
1787903511.926659,34680,0956,12,49 0A 73 43 38 EA 9C 42 00 00 D4 42
1787903511.937193,34680,0957,12,DF 6D 7A 43 AA 8D 9F 42 00 00 D6 42
1787903511.947695,34680,0958,12,DD F5 80 43 64 D1 9F 42 00 00 D8 42
1787903511.958600,34680,0959,12,66 AC 84 43 8C B2 9D 42 00 00 DA 42
1787903511.969234,34680,095a,12,32 45 88 43 FE 46 99 42 00 00 DC 42
1787903511.979764,34680,095b,12,BD AB 8B 43 7F BB 92 42 00 00 DE 42
1787903511.991264,34680,095c,12,23 CC 8E 43 5B 53 8A 42 00 00 E0 42
1787903512.002063,34680,095d,12,97 94 91 43 BA 63 80 42 00 00 E2 42
1787903512.014940,34680,095e,12,1B F5 93 43 A6 A4 6A 42 00 00 E4 42
1787903512.026598,34680,095f,12,04 E0 95 43 2A 21 53 42 00 00 E6 42
1787903512.037029,34680,0960,12,5C 4A 97 43 2E 2B 3B 42 00 00 E8 42
1787903512.047673,34680,0961,12,DA 2B 98 43 10 B9 23 42 00 00 EA 42
1787903512.060080,34680,0962,12,83 7F 98 43 4C B8 0D 42 00 00 EC 42
1787903512.070538,34680,0963,12,77 43 98 43 D1 14 F4 41 00 00 EE 42
1787903512.081086,34680,0964,12,10 79 97 43 AE F1 D2 41 00 00 A0 41
1787903512.091692,34680,0965,12,C2 24 96 43 D6 56 B9 41 00 00 A8 41
1787903512.102415,34680,0966,12,57 4E 94 43 90 4B A8 41 00 00 B0 41
1787903512.113437,34680,0967,12,50 00 92 43 7E 7C A0 41 00 00 B8 41
1787903512.124049,34680,0968,12,ED 47 8F 43 2D 3A A2 41 00 00 C0 41
1787903512.134747,34680,0969,12,D2 34 8C 43 3A 72 AD 41 00 00 C8 41
1787903512.145447,34680,096a,12,7D D8 88 43 00 B3 C1 41 00 00 D0 41
1787903512.156054,34680,096b,12,99 46 85 43 42 2C DE 41 00 00 D8 41
1787903512.166814,34680,096c,12,81 93 81 43 CA DE 00 42 00 00 E0 41
1787903512.177947,34680,096d,12,F2 A8 7B 43 7C 7D 15 42 00 00 E8 41
1787903512.189045,34680,096e,12,16 3E 74 43 D4 1E 2C 42 00 00 F0 41
1787903512.199833,34680,096f,12,B5 10 6D 43 98 DD 43 42 00 00 F8 41
1787903512.214541,34680,0970,12,CF 4A 66 43 A3 C5 5B 42 00 00 00 42
1787903512.225358,34680,0971,12,F4 12 60 43 CC E4 72 42 00 00 04 42
1787903512.236661,34680,0972,12,E1 8C 5A 43 12 27 84 42 00 00 08 42
1787903512.247114,34680,0973,12,58 D8 55 43 37 93 8D 42 00 00 0C 42
1787903512.257719,34680,0974,12,3B 10 52 43 64 57 95 42 00 00 10 42
1787903512.269777,34680,0975,12,AA 4A 4F 43 C0 23 9B 42 00 00 14 42
1787903512.280433,34680,0976,12,5D 97 4D 43 8E BD 9E 42 00 00 18 42
1787903512.291019,34680,0977,12,1A 00 4D 43 CA FF 9F 42 00 00 1C 42
1787903512.301578,34680,0978,12,45 88 4D 43 B1 DD 9E 42 00 00 20 42
1787903512.312122,34680,0979,12,EF 2C 4F 43 BE 62 9B 42 00 00 24 42
1787903512.322780,34680,097a,12,78 E4 51 43 BA B2 95 42 00 00 28 42
1787903512.333291,34680,097b,12,51 9F 55 43 41 07 8E 42 00 00 2C 42
1787903512.343837,34680,097c,12,08 48 5A 43 CA AE 84 42 00 00 30 42
1787903512.354476,34680,097d,12,D6 C3 5F 43 54 12 74 42 00 00 34 42
1787903512.365146,34680,097e,12,8A F3 65 43 72 04 5D 42 00 00 38 42
1787903512.375720,34680,097f,12,EF B2 6C 43 F9 20 45 42 00 00 3C 42
1787903512.386741,34680,0980,12,8A DB 73 43 E3 59 2D 42 00 00 40 42
1787903512.397327,34680,0981,12,32 44 7B 43 CE A2 16 42 00 00 44 42
1787903512.409641,34680,0982,12,29 61 81 43 5A E4 01 42 00 00 48 42
1787903512.420302,34680,0983,12,9B 15 85 43 4D E1 DF 41 00 00 4C 42
1787903512.431301,34680,0984,12,C1 A9 88 43 8D 00 C3 41 00 00 50 42
1787903512.442512,34680,0985,12,3A 09 8C 43 F9 4A AE 41 00 00 54 42
1787903512.454220,34680,0986,12,A2 20 8F 43 39 95 A2 41 00 00 58 42
1787903512.464749,34680,0987,12,33 DE 91 43 BA 56 A0 41 00 00 5C 42
1787903512.475332,34680,0988,12,49 32 94 43 36 A6 A7 41 00 00 60 42
1787903512.485753,34680,0989,12,42 0F 96 43 85 38 B8 41 00 00 64 42
1787903512.496588,34680,098a,12,8B 6A 97 43 C9 65 D1 41 00 00 68 42
1787903512.507285,34680,098b,12,57 3C 98 43 8F 2C F2 41 00 00 6C 42
1787903512.517874,34680,098c,12,F0 7F 98 43 54 9E 0C 42 00 00 70 42
1787903512.534788,34680,098d,12,C9 33 98 43 34 85 22 42 00 00 74 42
1787903512.545843,34680,098e,12,A1 59 97 43 B4 E9 39 42 00 00 78 42
1787903512.557191,34680,098f,12,5E F6 95 43 E3 DE 51 42 00 00 7C 42
1787903512.568056,34680,0990,12,F9 11 94 43 51 6F 69 42 00 00 80 42
1787903512.578827,34680,0991,12,53 B7 91 43 A4 A9 7F 42 00 00 82 42
1787903512.589301,34680,0992,12,CE F3 8E 43 5B D6 89 42 00 00 84 42
1787903512.600051,34680,0993,12,96 D7 8B 43 62 55 92 42 00 00 86 42
1787903512.610991,34680,0994,12,6A 74 88 43 D6 FB 98 42 00 00 88 42
1787903512.621709,34680,0995,12,C4 DD 84 43 7B 85 9D 42 00 00 8A 42
1787903512.632552,34680,0996,12,45 28 81 43 F3 C3 9F 42 00 00 8C 42
1787903512.642984,34680,0997,12,18 D2 7A 43 85 A0 9F 42 00 00 8E 42
1787903512.653489,34680,0998,12,12 6C 73 43 9C 1C 9D 42 00 00 90 42
1787903512.664000,34680,0999,12,9B 48 6C 43 B4 51 98 42 00 00 92 42
1787903512.674446,34680,099a,12,BC 90 65 43 C3 70 91 42 00 00 94 42
1787903512.684909,34680,099b,12,14 6B 5F 43 60 C0 88 42 00 00 96 42
1787903512.695654,34680,099c,12,B8 FA 59 43 1C 31 7D 42 00 00 98 42
1787903512.706492,34680,099d,12,7C 5F 55 43 70 C3 66 42 00 00 9A 42
1787903512.721477,34680,099e,12,8D B3 51 43 EB 1A 4F 42 00 00 9C 42
1787903512.735786,34680,099f,12,07 0C 4F 43 E0 29 37 42 00 00 9E 42
1787903512.746726,34680,09a0,12,2C 78 4D 43 91 E5 1F 42 00 00 A0 42
1787903512.761606,34680,09a1,12,10 01 4D 43 AC 39 0A 42 00 00 A2 42
1787903512.772709,34680,09a2,12,6B A9 4D 43 06 0A EE 41 00 00 A4 42
1787903512.783253,34680,09a3,12,68 6D 4F 43 41 14 CE 41 00 00 A6 42
1787903512.794050,34680,09a4,12,E1 42 52 43 DE D9 B5 41 00 00 A8 42
1787903512.804635,34680,09a5,12,8B 19 56 43 97 52 A6 41 00 00 AA 42
1787903512.815266,34680,09a6,12,9A DB 5A 43 B6 1B A0 41 00 00 AC 42
1787903512.826271,34680,09a7,12,35 6D 60 43 20 75 A3 41 00 00 AE 42
1787903512.839510,34680,09a8,12,92 AE 66 43 E8 3C B0 41 00 00 B0 42
1787903512.850710,34680,09a9,12,BC 7B 6D 43 AA F0 C5 41 00 00 B2 42
1787903512.861645,34680,09aa,12,98 AD 74 43 93 B1 E3 41 00 00 B4 42
1787903512.872511,34680,09ab,12,2F 1B 7C 43 20 29 04 42 00 00 B6 42
1787903512.883111,34680,09ac,12,83 CC 81 43 0C 2D 19 42 00 00 B8 42
1787903512.893606,34680,09ad,12,38 7E 85 43 AF 0F 30 42 00 00 BA 42
1787903512.904154,34680,09ae,12,79 0D 89 43 AB E6 47 42 00 00 BC 42
1787903512.914812,34680,09af,12,CF 65 8C 43 BE BD 5F 42 00 00 BE 42
1787903512.925403,34680,09b0,12,27 74 8F 43 6C A3 76 42 00 00 C0 42
1787903512.936236,34680,09b1,12,9D 26 92 43 24 D6 85 42 00 00 C2 42
1787903512.946825,34680,09b2,12,DB 6D 94 43 A1 01 8F 42 00 00 C4 42
1787903512.957639,34680,09b3,12,C8 3C 96 43 26 76 96 42 00 00 C6 42
1787903512.968318,34680,09b4,12,FF 88 97 43 6C E7 9B 42 00 00 C8 42
1787903512.980880,34680,09b5,12,11 4B 98 43 56 1E 9F 42 00 00 CA 42
1787903512.994614,34680,09b6,12,8D 7E 98 43 D4 F9 9F 42 00 00 CC 42
1787903513.005245,34680,09b7,12,59 22 98 43 37 71 9E 42 00 00 CE 42
1787903513.015809,34680,09b8,12,88 38 97 43 13 94 9A 42 00 00 D0 42
1787903513.026332,34680,09b9,12,5A C6 95 43 1F 8A 94 42 00 00 D2 42
1787903513.066755,34680,09ba,12,01 D4 93 43 85 90 8C 42 00 00 D4 42
1787903513.079963,34680,09bb,12,E2 6C 91 43 46 F9 82 42 00 00 D6 42
1787903513.091479,34680,09bc,12,B7 9E 8E 43 0E 4B 70 42 00 00 D8 42
1787903513.103489,34680,09bd,12,A0 79 8B 43 49 08 59 42 00 00 DA 42
1787903513.114093,34680,09be,12,B2 0F 88 43 99 18 41 42 00 00 DC 42
1787903513.126599,34680,09bf,12,5B 74 84 43 74 6E 29 42 00 00 DE 42
1787903513.139112,34680,09c0,12,B8 BC 80 43 2B FD 12 42 00 00 E0 42
1787903513.150215,34680,09c1,12,F0 FB 79 43 22 50 FD 41 00 00 E2 42
1787903513.160734,34680,09c2,12,46 9B 72 43 30 7F DA 41 00 00 E4 42
1787903513.171355,34680,09c3,12,DB 81 6B 43 CC EB BE 41 00 00 E6 42
1787903513.182920,34680,09c4,12,2A D8 64 43 46 AD AB 41 00 00 E8 42
1787903513.194102,34680,09c5,12,31 C5 5E 43 7F 89 A1 41 00 00 EA 42
1787903513.205066,34680,09c6,12,81 6B 59 43 2C E7 A0 41 00 00 EC 42
1787903513.215838,34680,09c7,12,DA E9 54 43 57 CD A9 41 00 00 EE 42
1787903513.226642,34680,09c8,12,25 5A 51 43 4D E0 BB 41 00 00 A0 41
1787903513.237320,34680,09c9,12,C0 D0 4E 43 F9 68 D6 41 00 00 A8 41
1787903513.247842,34680,09ca,12,84 5C 4D 43 88 56 F8 41 00 00 B0 41
1787903513.258591,34680,09cb,12,A4 05 4D 43 A9 28 10 42 00 00 B8 41
1787903513.269045,34680,09cc,12,14 CE 4D 43 09 60 26 42 00 00 C0 41
1787903513.279667,34680,09cd,12,52 B1 4F 43 B0 ED 3D 42 00 00 C8 41
1787903513.290234,34680,09ce,12,B5 A4 52 43 0B E3 55 42 00 00 D0 41
1787903513.301943,34680,09cf,12,F5 96 56 43 C3 49 6D 42 00 00 D8 41
1787903513.313292,34680,09d0,12,84 71 5B 43 67 9A 81 42 00 00 E0 41
1787903513.325379,34680,09d1,12,7C 18 61 43 C3 61 8B 42 00 00 E8 41
1787903513.336280,34680,09d2,12,5C 6B 67 43 DC 96 93 42 00 00 F0 41
1787903513.346883,34680,09d3,12,2A 46 6E 43 8E E6 99 42 00 00 F8 41
1787903513.357255,34680,09d4,12,C8 80 75 43 F7 0F 9E 42 00 00 00 42
1787903513.367665,34680,09d5,12,FD F1 7C 43 ED E8 9F 42 00 00 04 42
1787903513.378104,34680,09d6,12,81 37 82 43 61 5E 9F 42 00 00 08 42
1787903513.388738,34680,09d7,12,66 E6 85 43 02 76 9C 42 00 00 0C 42
1787903513.399360,34680,09d8,12,AD 70 89 43 43 4D 97 42 00 00 10 42
1787903513.409740,34680,09d9,12,A0 C1 8C 43 30 19 90 42 00 00 14 42
1787903513.425892,34680,09da,12,5D C6 8F 43 C0 22 87 42 00 00 18 42
1787903513.436864,34680,09db,12,8C 6D 92 43 5C 8B 79 42 00 00 1C 42
1787903513.447637,34680,09dc,12,EA A7 94 43 6B D8 62 42 00 00 20 42
1787903513.459083,34680,09dd,12,BE 68 96 43 9D 12 4B 42 00 00 24 42
1787903513.470410,34680,09de,12,C4 A5 97 43 5E 2E 33 42 00 00 28 42
1787903513.481679,34680,09df,12,F8 57 98 43 AF 1D 1C 42 00 00 2C 42
1787903513.492938,34680,09e0,12,5C 7B 98 43 EF CC 06 42 00 00 30 42
1787903513.503546,34680,09e1,12,21 0F 98 43 B5 2C E8 41 00 00 34 42
1787903513.514063,34680,09e2,12,A7 15 97 43 FE 6E C9 41 00 00 38 42
1787903513.524747,34680,09e3,12,A2 94 95 43 CD 9C B2 41 00 00 3C 42
1787903513.535351,34680,09e4,12,AD 94 93 43 4A 9D A4 41 00 00 40 42
1787903513.546012,34680,09e5,12,47 21 91 43 66 00 A0 41 00 00 44 42
1787903513.556623,34680,09e6,12,88 48 8E 43 D4 F4 A4 41 00 00 48 42
1787903513.567130,34680,09e7,12,A1 1A 8B 43 64 48 B3 41 00 00 4C 42
1787903513.577695,34680,09e8,12,2C AA 87 43 C9 67 CA 41 00 00 50 42
1787903513.588085,34680,09e9,12,C7 0A 84 43 CB 68 E9 41 00 00 54 42
1787903513.598596,34680,09ea,12,46 51 80 43 1C 87 07 42 00 00 58 42
1787903513.609538,34680,09eb,12,24 26 79 43 06 EB 1C 42 00 00 5C 42
1787903513.621269,34680,09ec,12,FE CA 71 43 79 07 34 42 00 00 60 42
1787903513.631750,34680,09ed,12,28 BC 6A 43 D5 EE 4B 42 00 00 64 42
1787903513.642393,34680,09ee,12,D2 21 64 43 F8 AE 63 42 00 00 68 42
1787903513.653042,34680,09ef,12,F0 21 5E 43 8A 54 7A 42 00 00 6C 42
1787903513.663597,34680,09f0,12,00 DF 58 43 D0 7B 87 42 00 00 70 42
1787903513.678449,34680,09f1,12,0E 77 54 43 98 63 90 42 00 00 74 42
1787903513.688905,34680,09f2,12,E2 03 51 43 0C 86 97 42 00 00 78 42
1787903513.699517,34680,09f3,12,11 99 4E 43 E8 9A 9C 42 00 00 7C 42
1787903513.710058,34680,09f4,12,80 44 4D 43 FE 6D 9F 42 00 00 80 42
1787903513.720543,34680,09f5,12,D5 0D 4D 43 7F E2 9F 42 00 00 82 42
1787903513.733011,34680,09f6,12,5E F6 4D 43 D0 F3 9D 42 00 00 84 42
1787903513.743917,34680,09f7,12,CA F8 4F 43 CF B5 99 42 00 00 86 42
1787903513.754436,34680,09f8,12,90 09 53 43 75 53 93 42 00 00 88 42
1787903513.765116,34680,09f9,12,11 17 57 43 0A 0E 8B 42 00 00 8A 42
1787903513.776035,34680,09fa,12,01 0A 5C 43 65 3A 81 42 00 00 8C 42
1787903513.786544,34680,09fb,12,3D C6 61 43 1D 78 6C 42 00 00 8E 42
1787903513.798437,34680,09fc,12,34 2A 68 43 1F 08 55 42 00 00 90 42
1787903513.809100,34680,09fd,12,71 11 6F 43 39 12 3D 42 00 00 92 42
1787903513.819742,34680,09fe,12,45 54 76 43 E0 8B 25 42 00 00 94 42
1787903513.830173,34680,09ff,12,F1 C8 7D 43 06 66 0F 42 00 00 96 42
1787903513.840912,34680,0a00,12,7F A2 82 43 09 02 F7 41 00 00 98 42
1787903513.859925,34680,0a01,12,4D 4E 86 43 D1 52 D5 41 00 00 9A 42
1787903513.871010,34680,0a02,12,FC D2 89 43 96 13 BB 41 00 00 9C 42
1787903513.882380,34680,0a03,12,50 1C 8D 43 B3 51 A9 41 00 00 9E 42
1787903513.893667,34680,0a04,12,67 17 90 43 8F C2 A0 41 00 00 A0 42
1787903513.904435,34680,0a05,12,3C B3 92 43 DB BC A1 41 00 00 A2 42
1787903513.915074,34680,0a06,12,8B E0 94 43 22 37 AC 41 00 00 A4 42
1787903513.925539,34680,0a07,12,F6 92 96 43 72 C6 BF 41 00 00 A6 42
1787903513.935940,34680,0a08,12,BC C0 97 43 AB A0 DB 41 00 00 A8 42
1787903513.946560,34680,0a09,12,1A 63 98 43 D8 AD FE 41 00 00 AA 42
1787903513.957393,34680,0a0a,12,59 76 98 43 2A C3 13 42 00 00 AC 42
1787903513.967952,34680,0a0b,12,19 FA 97 43 9B 44 2A 42 00 00 AE 42
1787903513.982499,34680,0a0c,12,22 F1 96 43 87 F5 41 42 00 00 B0 42
1787903513.993398,34680,0a0d,12,68 61 95 43 41 E2 59 42 00 00 B2 42
1787903514.005101,34680,0a0e,12,C7 53 93 43 4F 1A 71 42 00 00 B4 42
1787903514.015821,34680,0a0f,12,43 D4 90 43 6A 57 83 42 00 00 B6 42
1787903514.026373,34680,0a10,12,20 F1 8D 43 C3 E1 8C 42 00 00 B8 42
1787903514.037055,34680,0a11,12,F6 BA 8A 43 D3 CA 94 42 00 00 BA 42
1787903514.047566,34680,0a12,12,3E 44 87 43 79 C1 9A 42 00 00 BC 42
1787903514.058260,34680,0a13,12,AE A0 83 43 C5 89 9E 42 00 00 BE 42
1787903514.068930,34680,0a14,12,27 CB 7F 43 8E FC 9F 42 00 00 C0 42
1787903514.079446,34680,0a15,12,62 50 78 43 0C 0B 9F 42 00 00 C2 42
1787903514.089976,34680,0a16,12,0C FC 70 43 E2 BE 9B 42 00 00 C4 42
1787903514.100608,34680,0a17,12,48 F8 69 43 38 3A 96 42 00 00 C6 42
1787903514.111342,34680,0a18,12,17 6D 63 43 89 B4 8E 42 00 00 C8 42
1787903514.121852,34680,0a19,12,C4 80 5D 43 F4 7A 85 42 00 00 CA 42
1787903514.133921,34680,0a1a,12,02 55 58 43 42 D7 75 42 00 00 CC 42
1787903514.145044,34680,0a1b,12,8B 07 54 43 B5 E4 5E 42 00 00 CE 42
1787903514.155672,34680,0a1c,12,1B B1 50 43 5B 0A 47 42 00 00 D0 42
1787903514.166448,34680,0a1d,12,CA 64 4E 43 F6 37 2F 42 00 00 D2 42
1787903514.178258,34680,0a1e,12,0B 30 4D 43 83 62 18 42 00 00 D4 42
1787903514.204752,34680,0a1f,12,A8 19 4D 43 14 73 03 42 00 00 D6 42
1787903514.222217,34680,0a20,12,22 22 4E 43 B2 7E E2 41 00 00 D8 42
1787903514.233278,34680,0a21,12,87 43 50 43 3B 04 C5 41 00 00 DA 42
1787903514.244040,34680,0a22,12,CA 71 53 43 0F 9F AF 41 00 00 DC 42
1787903514.254639,34680,0a23,12,4D 9A 57 43 28 2C A3 41 00 00 DE 42
1787903514.265356,34680,0a24,12,4D A5 5C 43 97 2A A0 41 00 00 E0 42
1787903514.276816,34680,0a25,12,CB 75 62 43 0B B9 A6 41 00 00 E2 42
1787903514.288164,34680,0a26,12,5A EA 68 43 00 93 B6 41 00 00 E4 42
1787903514.298700,34680,0a27,12,3E DE 6F 43 23 19 CF 41 00 00 E6 42
1787903514.309654,34680,0a28,12,C6 28 77 43 41 50 EF 41 00 00 E8 42
1787903514.321170,34680,0a29,12,60 A0 7E 43 C3 F7 0A 42 00 00 EA 42
1787903514.332247,34680,0a2a,12,10 0D 83 43 5C B6 20 42 00 00 EC 42
1787903514.342976,34680,0a2b,12,86 B5 86 43 1E 04 38 42 00 00 EE 42
1787903514.353530,34680,0a2c,12,B8 34 8A 43 CB F6 4F 42 00 00 A0 41
1787903514.364247,34680,0a2d,12,2F 76 8D 43 2F 98 67 42 00 00 A8 41
1787903514.374998,34680,0a2e,12,62 67 90 43 14 F7 7D 42 00 00 B0 41
1787903514.385995,34680,0a2f,12,68 F7 92 43 93 17 89 42 00 00 B8 41
1787903514.396974,34680,0a30,12,86 17 95 43 66 B8 91 42 00 00 C0 41
1787903514.407483,34680,0a31,12,96 BB 96 43 48 87 98 42 00 00 C8 41
1787903514.418014,34680,0a32,12,FE D9 97 43 00 3E 9D 42 00 00 D0 41
1787903514.428576,34680,0a33,12,68 6C 98 43 70 AC 9F 42 00 00 D8 41
1787903514.439054,34680,0a34,12,8B 6F 98 43 C8 B9 9F 42 00 00 E0 41
1787903514.449800,34680,0a35,12,55 E3 97 43 C4 65 9D 42 00 00 E8 41
1787903514.461513,34680,0a36,12,D9 CA 96 43 CC C7 98 42 00 00 F0 41
1787903514.473375,34680,0a37,12,81 2C 95 43 17 0F 92 42 00 00 F8 41
1787903514.484540,34680,0a38,12,90 11 93 43 40 80 89 42 00 00 00 42
1787903514.495030,34680,0a39,12,21 86 90 43 44 E5 7E 42 00 00 04 42
1787903514.505628,34680,0a3a,12,D4 98 8D 43 83 9B 68 42 00 00 08 42
1787903514.516154,34680,0a3b,12,4F 5A 8A 43 42 03 51 42 00 00 0C 42
1787903514.526863,34680,0a3c,12,91 DD 86 43 02 0F 39 42 00 00 10 42
1787903514.537565,34680,0a3d,12,7A 36 83 43 45 B3 21 42 00 00 14 42
1787903514.548138,34680,0a3e,12,17 F4 7E 43 77 DE 0B 42 00 00 18 42
1787903514.562313,34680,0a3f,12,7E 7B 77 43 A7 E1 F0 41 00 00 1C 42
1787903514.572879,34680,0a40,12,BE 2D 70 43 48 5B D0 41 00 00 20 42
1787903514.583639,34680,0a41,12,94 35 69 43 0B 79 B7 41 00 00 24 42
1787903514.594116,34680,0a42,12,AF BA 62 43 EE 38 A7 41 00 00 28 42
1787903514.604695,34680,0a43,12,50 E2 5C 43 D0 40 A0 41 00 00 2C 42
1787903514.615301,34680,0a44,12,10 CE 57 43 41 D7 A2 41 00 00 30 42
1787903514.625950,34680,0a45,12,F2 9A 53 43 3F E2 AE 41 00 00 34 42
1787903514.636424,34680,0a46,12,88 61 50 43 08 E7 C3 41 00 00 38 42
1787903514.647627,34680,0a47,12,1F 34 4E 43 12 0F E1 41 00 00 3C 42
1787903514.658269,34680,0a48,12,3A 1F 4D 43 62 98 02 42 00 00 40 42
1787903514.668735,34680,0a49,12,12 29 4D 43 F0 6B 17 42 00 00 44 42
1787903514.684478,34680,0a4a,12,84 51 4E 43 DF 30 2E 42 00 00 48 42
1787903514.695096,34680,0a4b,12,CA 91 50 43 3E FD 45 42 00 00 4C 42
1787903514.705789,34680,0a4c,12,FA DC 53 43 23 DE 5D 42 00 00 50 42
1787903514.716569,34680,0a4d,12,26 20 58 43 D3 DF 74 42 00 00 54 42
1787903514.727409,34680,0a4e,12,CD 42 5D 43 F4 0A 85 42 00 00 58 42
1787903514.738666,34680,0a4f,12,BC 27 63 43 98 55 8E 42 00 00 5C 42
1787903514.749519,34680,0a50,12,73 AC 69 43 1E F0 95 42 00 00 60 42
1787903514.760363,34680,0a51,12,C4 AB 70 43 EB 8C 9B 42 00 00 64 42
1787903514.771146,34680,0a52,12,75 FD 77 43 B5 F2 9E 42 00 00 68 42
1787903514.781670,34680,0a53,12,72 77 7F 43 D1 FE 9F 42 00 00 6C 42
1787903514.792101,34680,0a54,12,92 77 83 43 B7 A6 9E 42 00 00 70 42
1787903514.804026,34680,0a55,12,6A 1C 87 43 F4 F7 9A 42 00 00 74 42
1787903514.815453,34680,0a56,12,81 95 8A 43 1F 18 95 42 00 00 78 42
1787903514.826527,34680,0a57,12,E1 CE 8D 43 2D 43 8D 42 00 00 7C 42
1787903514.837540,34680,0a58,12,FF B5 90 43 DA C9 83 42 00 00 80 42
1787903514.848096,34680,0a59,12,4B 3A 93 43 C2 16 72 42 00 00 82 42
1787903514.858648,34680,0a5a,12,0A 4D 95 43 35 EC 5A 42 00 00 84 42
1787903514.869277,34680,0a5b,12,76 E2 96 43 81 00 43 42 00 00 86 42
1787903514.879829,34680,0a5c,12,72 F1 97 43 D2 47 2B 42 00 00 88 42
1787903514.890369,34680,0a5d,12,EA 73 98 43 F9 B5 14 42 00 00 8A 42
1787903514.901216,34680,0a5e,12,EB 66 98 43 D3 2D 00 42 00 00 8C 42
1787903514.912138,34680,0a5f,12,C2 CA 97 43 86 05 DD 41 00 00 8E 42
1787903514.930798,34680,0a60,12,F2 A2 96 43 42 D2 C0 41 00 00 90 42
1787903514.941474,34680,0a61,12,21 F6 94 43 B2 E1 AC 41 00 00 92 42
1787903514.952236,34680,0a62,12,F0 CD 92 43 DA FF A1 41 00 00 94 42
1787903514.962663,34680,0a63,12,9F 36 90 43 1B 9A A0 41 00 00 96 42
1787903514.973155,34680,0a64,12,5A 3F 8D 43 EE BF A8 41 00 00 98 42
1787903514.983787,34680,0a65,12,0C F9 89 43 2A 1E BA 41 00 00 9A 42
1787903514.994520,34680,0a66,12,8A 76 86 43 85 03 D4 41 00 00 9C 42
1787903515.005034,34680,0a67,12,01 CC 82 43 D1 64 F5 41 00 00 9E 42
1787903515.016125,34680,0a68,12,A4 1C 7E 43 44 79 0E 42 00 00 A0 42
1787903515.026568,34680,0a69,12,C3 A6 76 43 4E 8B 24 42 00 00 A2 42
1787903515.037044,34680,0a6a,12,E1 60 6F 43 3F 07 3C 42 00 00 A4 42
1787903515.050351,34680,0a6b,12,CD 74 68 43 62 FD 53 42 00 00 A6 42
1787903515.062123,34680,0a6c,12,52 0A 62 43 5A 77 6B 42 00 00 A8 42
1787903515.072837,34680,0a6d,12,0B 46 5C 43 96 C4 80 42 00 00 AA 42
1787903515.083342,34680,0a6e,12,B7 49 57 43 DC A7 8A 42 00 00 AC 42
1787903515.094332,34680,0a6f,12,AE 31 53 43 91 00 93 42 00 00 AE 42
1787903515.104802,34680,0a70,12,7A 15 50 43 84 79 99 42 00 00 B0 42
1787903515.115215,34680,0a71,12,FB 06 4E 43 64 D0 9D 42 00 00 B2 42
1787903515.129224,34680,0a72,12,FF 11 4D 43 92 D9 9F 42 00 00 B4 42
1787903515.140059,34680,0a73,12,1F 3C 4D 43 DC 7F 9F 42 00 00 B6 42
1787903525.162334,34680,0a75,12,56 84 4E 43 D3 C6 9C 42 00 00 B8 42
1787903525.172675,34680,0a76,12,44 E3 50 43 43 CA 97 42 00 00 BA 42
1787903525.183718,34680,0a77,12,48 4B 54 43 B2 BD 90 42 00 00 BC 42
1787903525.199991,34680,0a78,12,0E A9 58 43 FA E7 87 42 00 00 BE 42
1787903525.210410,34680,0a79,12,08 E3 5D 43 84 47 7B 42 00 00 C0 42
1787903525.220909,34680,0a7a,12,5D DB 63 43 AA B3 64 42 00 00 C2 42
1787903525.231459,34680,0a7b,12,BD 6F 6A 43 D9 FA 4C 42 00 00 C4 42
1787903525.250656,34680,0a7c,12,53 7A 71 43 0D 11 35 42 00 00 C6 42
1787903525.261336,34680,0a7d,12,09 D3 78 43 A4 E6 1D 42 00 00 C8 42
1787903525.271964,34680,0a7e,12,6F 27 80 43 F0 69 08 42 00 00 CA 42
1787903525.282669,34680,0a7f,12,98 E1 83 43 8B EC EA 41 00 00 CC 42
1787903525.293184,34680,0a80,12,91 82 87 43 2A 9A CB 41 00 00 CE 42
1787903525.304819,34680,0a81,12,7D F5 8A 43 F4 1D B4 41 00 00 D0 42
1787903525.319686,34680,0a82,12,B2 26 8E 43 F7 63 A5 41 00 00 D2 42
1787903525.330371,34680,0a83,12,81 03 91 43 AC 04 A0 41 00 00 D4 42
1787903525.340853,34680,0a84,12,A2 7B 93 43 E9 36 A4 41 00 00 D6 42
1787903525.351336,34680,0a85,12,E2 80 95 43 D9 CF B1 41 00 00 D8 42
1787903525.361766,34680,0a86,12,A4 07 97 43 9C 42 C8 41 00 00 DA 42
1787903525.372190,34680,0a87,12,2B 07 98 43 92 AD E6 41 00 00 DC 42
1787903525.382773,34680,0a88,12,A0 79 98 43 6A EC 05 42 00 00 DE 42
1787903525.393462,34680,0a89,12,82 5C 98 43 7E 24 1B 42 00 00 E0 42
1787903525.404021,34680,0a8a,12,78 B0 97 43 70 26 32 42 00 00 E2 42
1787903525.414739,34680,0a8b,12,5F 79 96 43 89 05 4A 42 00 00 E4 42
1787903525.425665,34680,0a8c,12,19 BE 94 43 D8 D1 61 42 00 00 E6 42
1787903525.437394,34680,0a8d,12,C9 88 92 43 9A 96 78 42 00 00 E8 42
1787903525.447978,34680,0a8e,12,0C E6 8F 43 B5 B5 86 42 00 00 EA 42
1787903525.458567,34680,0a8f,12,0A E5 8C 43 D3 BD 8F 42 00 00 EC 42
1787903525.469275,34680,0a90,12,07 97 89 43 F9 06 97 42 00 00 EE 42
1787903525.480613,34680,0a91,12,D3 0E 86 43 EC 47 9C 42 00 00 A0 41
1787903525.492995,34680,0a92,12,19 61 82 43 66 4A 9F 42 00 00 A8 41
1787903525.503526,34680,0a93,12,A5 45 7D 43 B0 EF 9F 42 00 00 B0 41
1787903525.513924,34680,0a94,12,06 D3 75 43 34 31 9E 42 00 00 B8 41
1787903525.524339,34680,0a95,12,26 95 6E 43 24 21 9A 42 00 00 C0 41
1787903525.534728,34680,0a96,12,4F B5 67 43 58 E8 93 42 00 00 C8 41
1787903525.544960,34680,0a97,12,BD 5B 61 43 8C C6 8B 42 00 00 D0 41
1787903525.555458,34680,0a98,12,92 AC 5B 43 C1 0E 82 42 00 00 D8 41
1787903525.566083,34680,0a99,12,7A C8 56 43 52 48 6E 42 00 00 E0 41
1787903525.576566,34680,0a9a,12,96 CB 52 43 3C EE 56 42 00 00 E8 41
1787903525.586919,34680,0a9b,12,AF CC 4F 43 F9 F9 3E 42 00 00 F0 41
1787903525.597177,34680,0a9c,12,4F DD 4D 43 D1 61 27 42 00 00 F8 41
1787903525.607636,34680,0a9d,12,66 08 4D 43 98 16 11 42 00 00 00 42
1787903525.619048,34680,0a9e,12,BE 52 4D 43 BC F7 F9 41 00 00 04 42
1787903525.629460,34680,0a9f,12,A9 BA 4E 43 15 C0 D7 41 00 00 08 42
1787903525.640561,34680,0aa0,12,3C 38 51 43 2B DE BC 41 00 00 0C 42
1787903525.651092,34680,0aa1,12,E2 BC 54 43 51 67 AA 41 00 00 10 42
1787903525.661463,34680,0aa2,12,7D 34 59 43 FE 17 A1 41 00 00 14 42
1787903525.671727,34680,0aa3,12,5E 85 5E 43 37 4F A1 41 00 00 18 42
1787903525.682014,34680,0aa4,12,F6 90 64 43 AA 09 AB 41 00 00 1C 42
1787903525.692521,34680,0aa5,12,DF 34 6B 43 8F E5 BD 41 00 00 20 42
1787903525.702945,34680,0aa6,12,3D 4A 72 43 04 22 D9 41 00 00 24 42
1787903525.714008,34680,0aa7,12,AC A8 79 43 04 A9 FB 41 00 00 28 42
1787903525.724629,34680,0aa8,12,E8 92 80 43 14 0D 12 42 00 00 2C 42
1787903525.737008,34680,0aa9,12,4D 4B 84 43 7F 6A 28 42 00 00 30 42
1787903525.748532,34680,0aaa,12,52 E8 87 43 FA 0B 40 42 00 00 34 42
1787903525.759532,34680,0aab,12,D1 54 8B 43 A3 FE 57 42 00 00 38 42
1787903525.770066,34680,0aac,12,4C 7D 8E 43 09 4E 6F 42 00 00 3C 42
1787903525.781250,34680,0aad,12,9C 4F 91 43 1F 86 82 42 00 00 40 42
1787903525.792120,34680,0aae,12,87 BB 93 43 F8 2C 8C 42 00 00 44 42
1787903525.803122,34680,0aaf,12,39 B3 95 43 8B 3A 94 42 00 00 48 42
1787903525.814297,34680,0ab0,12,2F 2B 97 43 D6 5B 9A 42 00 00 4C 42
1787903525.827867,34680,0ab1,12,14 1B 98 43 49 52 9E 42 00 00 50 42
1787903525.838441,34680,0ab2,12,86 7D 98 43 70 F5 9F 42 00 00 54 42
1787903525.850907,34680,0ab3,12,4D 50 98 43 BC 34 9F 42 00 00 58 42
1787903525.861171,34680,0ab4,12,62 94 97 43 BE 17 9C 42 00 00 5C 42
1787903525.871737,34680,0ab5,12,0F 4E 96 43 33 BE 96 42 00 00 60 42
1787903525.882114,34680,0ab6,12,A2 84 94 43 B8 5E 8F 42 00 00 64 42
1787903525.892765,34680,0ab7,12,62 42 92 43 8D 44 86 42 00 00 68 42
1787903525.903465,34680,0ab8,12,4A 94 8F 43 F0 9A 77 42 00 00 6C 42
1787903525.914312,34680,0ab9,12,98 89 8C 43 52 C5 60 42 00 00 70 42
1787903525.925287,34680,0aba,12,1A 34 89 43 DD F2 48 42 00 00 74 42
1787903525.935964,34680,0abb,12,D2 A6 85 43 BA 16 31 42 00 00 78 42
1787903525.946901,34680,0abc,12,2E F6 81 43 71 24 1A 42 00 00 7C 42
1787903525.957714,34680,0abd,12,C6 6E 7C 43 CB 07 05 42 00 00 80 42
1787903525.968760,34680,0abe,12,90 FF 74 43 F5 29 E5 41 00 00 82 42
1787903525.979815,34680,0abf,12,3D CA 6D 43 15 14 C7 41 00 00 84 42
1787903525.990353,34680,0ac0,12,DA F7 66 43 0A 01 B1 41 00 00 86 42
1787903526.001695,34680,0ac1,12,9D AF 60 43 27 D2 A3 41 00 00 88 42
1787903526.012224,34680,0ac2,12,A6 15 5B 43 E7 0D A0 41 00 00 8A 42
1787903526.022736,34680,0ac3,12,EC 49 56 43 26 DA A5 41 00 00 8C 42
1787903526.033046,34680,0ac4,12,81 68 52 43 60 FC B4 41 00 00 8E 42
1787903526.043759,34680,0ac5,12,70 87 4F 43 1E DA CC 41 00 00 90 42
1787903526.054601,34680,0ac6,12,44 B7 4D 43 C3 7F EC 41 00 00 92 42
1787903526.064952,34680,0ac7,12,6A 02 4D 43 8C 53 09 42 00 00 94 42
1787903526.075607,34680,0ac8,12,00 6D 4D 43 4D E8 1E 42 00 00 96 42
1787903526.086122,34680,0ac9,12,95 F4 4E 43 7E 20 36 42 00 00 98 42
1787903526.096657,34680,0aca,12,5C 90 51 43 1F 0F 4E 42 00 00 9A 42
1787903526.107120,34680,0acb,12,56 31 55 43 E7 BF 65 42 00 00 9C 42
1787903526.117641,34680,0acc,12,A7 C2 59 43 56 3F 7C 42 00 00 9E 42
1787903526.128027,34680,0acd,12,5A 2A 5F 43 A5 55 88 42 00 00 A0 42
1787903526.142653,34680,0ace,12,CD 48 65 43 C0 18 91 42 00 00 A2 42
1787903526.153361,34680,0acf,12,14 FB 6B 43 8C 0F 98 42 00 00 A4 42
1787903526.164616,34680,0ad0,12,B2 1A 73 43 F3 F2 9C 42 00 00 A6 42
1787903526.175104,34680,0ad1,12,B2 7E 7A 43 F4 90 9F 42 00 00 A8 42
1787903526.185445,34680,0ad2,12,7E FE 80 43 40 CF 9F 42 00 00 AA 42
1787903526.195891,34680,0ad3,12,DB B4 84 43 10 AB 9D 42 00 00 AC 42
1787903526.210831,34680,0ad4,12,49 4D 88 43 3F 3A 99 42 00 00 AE 42
1787903526.221604,34680,0ad5,12,1E B3 8B 43 21 AA 92 42 00 00 B0 42
1787903526.232099,34680,0ad6,12,D0 D2 8E 43 6C 3E 8A 42 00 00 B2 42
1787903526.242666,34680,0ad7,12,8E 9A 91 43 C3 4B 80 42 00 00 B4 42
1787903526.253014,34680,0ad8,12,12 FA 93 43 91 70 6A 42 00 00 B6 42
1787903526.263433,34680,0ad9,12,DE E3 95 43 14 EA 52 42 00 00 B8 42
1787903526.273807,34680,0ada,12,F4 4C 97 43 2F F4 3A 42 00 00 BA 42
1787903526.287747,34680,0adb,12,36 2D 98 43 3E 85 23 42 00 00 BC 42
1787903526.298170,34680,0adc,12,9D 7F 98 43 C9 88 0D 42 00 00 BE 42
1787903526.311161,34680,0add,12,46 42 98 43 32 C2 F3 41 00 00 C0 42
1787903526.321470,34680,0ade,12,9A 76 97 43 9B AD D2 41 00 00 C2 42
1787903526.331823,34680,0adf,12,2C 21 96 43 72 25 B9 41 00 00 C4 42
1787903526.342374,34680,0ae0,12,A7 49 94 43 4E 2F A8 41 00 00 C6 42
1787903526.352879,34680,0ae1,12,7F FA 91 43 AB 75 A0 41 00 00 C8 42
1787903526.363253,34680,0ae2,12,38 41 8F 43 0E 49 A2 41 00 00 CA 42
1787903526.373692,34680,0ae3,12,60 2D 8C 43 D5 96 AD 41 00 00 CC 42
1787903526.383965,34680,0ae4,12,A6 D0 88 43 9F EB C1 41 00 00 CE 42
1787903526.395125,34680,0ae5,12,60 3E 85 43 5F 75 DE 41 00 00 D0 42
1787903526.406832,34680,0ae6,12,E3 8A 81 43 9E 0A 01 42 00 00 D2 42
1787903526.417314,34680,0ae7,12,B3 97 7B 43 D6 AE 15 42 00 00 D4 42
1787903526.427694,34680,0ae8,12,35 2D 74 43 A5 54 2C 42 00 00 D6 42
1787903526.437989,34680,0ae9,12,F0 00 6D 43 E2 14 44 42 00 00 D8 42
1787903526.448410,34680,0aea,12,20 3C 66 43 44 FB 5B 42 00 00 DA 42
1787903526.459180,34680,0aeb,12,60 05 60 43 92 17 73 42 00 00 DC 42
1787903526.471205,34680,0aec,12,0E 81 5A 43 03 3E 84 42 00 00 DE 42
1787903526.482116,34680,0aed,12,8A CE 55 43 24 A7 8D 42 00 00 E0 42
1787903526.492683,34680,0aee,12,D5 08 52 43 1C 67 95 42 00 00 E2 42
1787903526.503254,34680,0aef,12,9E 45 4F 43 72 2E 9B 42 00 00 E4 42
1787903526.513689,34680,0af0,12,BA 94 4D 43 13 C3 9E 42 00 00 E6 42
1787903526.524081,34680,0af1,12,0B 00 4D 43 E8 FF 9F 42 00 00 E8 42
1787903526.534525,34680,0af2,12,CC 8A 4D 43 50 D8 9E 42 00 00 EA 42
1787903526.545193,34680,0af3,12,E0 31 4F 43 15 58 9B 42 00 00 EC 42
1787903526.557837,34680,0af4,12,C4 EB 51 43 79 A3 95 42 00 00 EE 42
1787903526.568380,34680,0af5,12,08 A9 55 43 D5 F3 8D 42 00 00 A0 41
1787903526.579056,34680,0af6,12,C6 53 5A 43 F9 97 84 42 00 00 A8 41
1787903526.589781,34680,0af7,12,57 D1 5F 43 DC DE 73 42 00 00 B0 41
1787903526.600234,34680,0af8,12,2B 02 66 43 F9 CD 5C 42 00 00 B8 41
1787903526.610641,34680,0af9,12,A9 C2 6C 43 9C EA 44 42 00 00 C0 41
1787903526.621927,34680,0afa,12,64 EC 73 43 E0 24 2D 42 00 00 C8 41
1787903526.632344,34680,0afb,12,70 55 7B 43 42 71 16 42 00 00 D0 41
1787903526.642789,34680,0afc,12,C7 69 81 43 7C B7 01 42 00 00 D8 41
1787903526.653108,34680,0afd,12,D7 1D 85 43 37 96 DF 41 00 00 E0 41
1787903526.663750,34680,0afe,12,9D B1 88 43 13 C8 C2 41 00 00 E8 41
1787903526.674037,34680,0aff,12,B4 10 8C 43 17 26 AE 41 00 00 F0 41
1787903526.686050,34680,0b00,12,60 27 8F 43 67 85 A2 41 00 00 F8 41
1787903526.696612,34680,0b01,12,0F E4 91 43 B3 5C A0 41 00 00 00 42
1787903526.706998,34680,0b02,12,05 37 94 43 04 C2 A7 41 00 00 04 42
1787903526.717330,34680,0b03,12,E5 12 96 43 38 68 B8 41 00 00 08 42
1787903526.727596,34680,0b04,12,0E 6D 97 43 F4 A7 D1 41 00 00 0C 42
1787903526.738084,34680,0b05,12,96 3D 98 43 90 7E F2 41 00 00 10 42
1787903526.748601,34680,0b06,12,E4 7F 98 43 6D CE 0C 42 00 00 14 42
1787903526.759615,34680,0b07,12,7B 32 98 43 C5 B9 22 42 00 00 18 42
1787903526.770236,34680,0b08,12,18 57 97 43 B7 1F 3A 42 00 00 1C 42
1787903526.780699,34680,0b09,12,91 F2 95 43 14 15 52 42 00 00 20 42
1787903526.791289,34680,0b0a,12,0E 0D 94 43 88 A3 69 42 00 00 24 42
1787903526.801800,34680,0b0b,12,66 B1 91 43 A0 DA 7F 42 00 00 28 42
1787903526.812432,34680,0b0c,12,29 ED 8E 43 CE EB 89 42 00 00 2C 42
1787903526.823020,34680,0b0d,12,3C D0 8B 43 A3 66 92 42 00 00 30 42
1787903526.833644,34680,0b0e,12,58 6C 88 43 93 08 99 42 00 00 34 42
1787903526.860755,34680,0b0f,12,53 D5 84 43 31 8D 9D 42 00 00 38 42
1787903526.873997,34680,0b10,12,A5 1F 81 43 5E C6 9F 42 00 00 3C 42
1787903526.884768,34680,0b11,12,42 C1 7A 43 6A 9D 9F 42 00 00 40 42
1787903526.896092,34680,0b12,12,A3 5B 73 43 41 14 9D 42 00 00 44 42
1787903526.906543,34680,0b13,12,94 38 6C 43 5E 44 98 42 00 00 48 42
1787903526.917005,34680,0b14,12,DB 81 65 43 FD 5E 91 42 00 00 4C 42
1787903526.927830,34680,0b15,12,B0 5D 5F 43 7F AA 88 42 00 00 50 42
1787903526.938434,34680,0b16,12,5F EF 59 43 80 FF 7C 42 00 00 54 42
1787903526.949080,34680,0b17,12,22 56 55 43 DC 8E 66 42 00 00 58 42
1787903526.959757,34680,0b18,12,3E AC 51 43 A1 E4 4E 42 00 00 5C 42
1787903526.970576,34680,0b19,12,24 07 4F 43 0A F4 36 42 00 00 60 42
1787903526.981578,34680,0b1a,12,D2 75 4D 43 72 B1 1F 42 00 00 64 42
1787903526.992826,34680,0b1b,12,4B 01 4D 43 45 0A 0A 42 00 00 68 42
1787903527.003630,34680,0b1c,12,2C AC 4D 43 D3 B9 ED 41 00 00 6C 42
1787903527.014226,34680,0b1d,12,BE 72 4F 43 42 D4 CD 41 00 00 70 42
1787903527.025263,34680,0b1e,12,9C 4A 52 43 9E AC B5 41 00 00 74 42
1787903527.035653,34680,0b1f,12,7F 23 56 43 76 39 A6 41 00 00 78 42
1787903527.045978,34680,0b20,12,49 E7 5A 43 7C 18 A0 41 00 00 7C 42
1787903527.056667,34680,0b21,12,95 7A 60 43 9D 87 A3 41 00 00 80 42
1787903527.067343,34680,0b22,12,AE BD 66 43 53 64 B0 41 00 00 82 42
1787903527.077809,34680,0b23,12,EE 8B 6D 43 6F 2B C6 41 00 00 84 42
1787903527.088418,34680,0b24,12,83 BE 74 43 A9 FE E3 41 00 00 86 42
1787903527.099253,34680,0b25,12,0D 2C 7C 43 C9 56 04 42 00 00 88 42
1787903527.110458,34680,0b26,12,ED D4 81 43 24 5F 19 42 00 00 8A 42
1787903527.125118,34680,0b27,12,9C 86 85 43 FC 44 30 42 00 00 8C 42
1787903527.135965,34680,0b28,12,75 15 89 43 0C 1D 48 42 00 00 8E 42
1787903527.147778,34680,0b29,12,36 6D 8C 43 F5 F3 5F 42 00 00 90 42
1787903527.158544,34680,0b2a,12,A7 7A 8F 43 5F D6 76 42 00 00 92 42
1787903527.169148,34680,0b2b,12,3C 2C 92 43 95 EC 85 42 00 00 94 42
1787903527.185159,34680,0b2c,12,94 72 94 43 93 14 8F 42 00 00 96 42
1787903527.196067,34680,0b2d,12,5F 40 96 43 D6 84 96 42 00 00 98 42
1787903527.206496,34680,0b2e,12,5F 8B 97 43 72 F1 9B 42 00 00 9A 42
1787903527.217602,34680,0b2f,12,25 4C 98 43 08 23 9F 42 00 00 9C 42
1787903527.244689,34680,0b30,12,5D 7E 98 43 08 F9 9F 42 00 00 9E 42
1787903527.254890,34680,0b31,12,DF 20 98 43 09 6B 9E 42 00 00 A0 42
1787903527.265715,34680,0b32,12,CC 35 97 43 C2 88 9A 42 00 00 A2 42
1787903527.276124,34680,0b33,12,6C C2 95 43 D8 79 94 42 00 00 A4 42
1787903527.286528,34680,0b34,12,14 CF 93 43 20 7C 8C 42 00 00 A6 42
1787903527.296990,34680,0b35,12,FD 66 91 43 F9 E1 82 42 00 00 A8 42
1787903527.307453,34680,0b36,12,D4 97 8E 43 D1 17 70 42 00 00 AA 42
1787903527.317842,34680,0b37,12,09 72 8B 43 72 D2 58 42 00 00 AC 42
1787903527.328311,34680,0b38,12,92 07 88 43 60 E1 40 42 00 00 AE 42
1787903527.338751,34680,0b39,12,13 6C 84 43 F9 38 29 42 00 00 B0 42
1787903527.349102,34680,0b3a,12,48 B4 80 43 67 CC 12 42 00 00 B2 42
1787903527.359428,34680,0b3b,12,BD EA 79 43 1B FA FC 41 00 00 B4 42
1787903527.369796,34680,0b3c,12,87 8A 72 43 1A 38 DA 41 00 00 B6 42
1787903527.380785,34680,0b3d,12,F1 71 6B 43 8F B5 BE 41 00 00 B8 42
1787903527.391185,34680,0b3e,12,C5 C9 64 43 47 8B AB 41 00 00 BA 42
1787903527.401694,34680,0b3f,12,48 B8 5E 43 4D 7D A1 41 00 00 BC 42
1787903527.412086,34680,0b40,12,1C 60 59 43 B1 F0 A0 41 00 00 BE 42
1787903527.422361,34680,0b41,12,87 E0 54 43 33 EC A9 41 00 00 C0 42
1787903527.432755,34680,0b42,12,1A 53 51 43 24 14 BC 41 00 00 C2 42
1787903527.443108,34680,0b43,12,40 CC 4E 43 32 AF D6 41 00 00 C4 42
1787903527.454156,34680,0b44,12,80 5A 4D 43 E4 AA F8 41 00 00 C6 42
1787903527.464714,34680,0b45,12,2A 06 4D 43 D2 58 10 42 00 00 C8 42
1787903527.475804,34680,0b46,12,2E D1 4D 43 40 94 26 42 00 00 CA 42
1787903527.487496,34680,0b47,12,EE B6 4F 43 D1 24 3E 42 00 00 CC 42
1787903527.498114,34680,0b48,12,84 AC 52 43 FC 19 56 42 00 00 CE 42
1787903527.509368,34680,0b49,12,EB A0 56 43 70 7D 6D 42 00 00 D0 42
1787903527.519706,34680,0b4a,12,AE 7D 5B 43 0B B2 81 42 00 00 D2 42
1787903527.530165,34680,0b4b,12,58 26 61 43 42 76 8B 42 00 00 D4 42
1787903527.540609,34680,0b4c,12,9C 7A 67 43 AF A7 93 42 00 00 D6 42
1787903527.550929,34680,0b4d,12,18 56 6E 43 AF F2 99 42 00 00 D8 42
1787903527.561333,34680,0b4e,12,5F 91 75 43 CC 16 9E 42 00 00 DA 42
1787903527.571630,34680,0b4f,12,43 03 7D 43 64 EA 9F 42 00 00 DC 42
1787903527.582518,34680,0b50,12,19 40 82 43 6C 5A 9F 42 00 00 DE 42
1787903527.593161,34680,0b51,12,C0 EE 85 43 A0 6C 9C 42 00 00 E0 42
1787903527.603616,34680,0b52,12,6D 78 89 43 E6 3E 97 42 00 00 E2 42
1787903527.616853,34680,0b53,12,C9 C8 8C 43 BB 06 90 42 00 00 E4 42
1787903527.627822,34680,0b54,12,EC CC 8F 43 B2 0C 87 42 00 00 E6 42
1787903527.638489,34680,0b55,12,30 73 92 43 CF 59 79 42 00 00 E8 42
1787903527.648970,34680,0b56,12,84 AC 94 43 7E A2 62 42 00 00 EA 42
1787903527.659524,34680,0b57,12,1E 6C 96 43 50 DB 4A 42 00 00 EC 42
1787903527.669834,34680,0b58,12,F2 A7 97 43 D2 F8 32 42 00 00 EE 42
1787903527.682829,34680,0b59,12,EE 58 98 43 16 EB 1B 42 00 00 A0 41
1787903527.693207,34680,0b5a,12,06 7B 98 43 4E 9F 06 42 00 00 A8 41
1787903527.703685,34680,0b5b,12,82 0D 98 43 B0 DD E7 41 00 00 B0 41
1787903527.717057,34680,0b5c,12,D9 12 97 43 EF 30 C9 41 00 00 B8 41
1787903527.727610,34680,0b5d,12,AA 90 95 43 E5 72 B2 41 00 00 C0 41
1787903527.738351,34680,0b5e,12,86 8F 93 43 29 88 A4 41 00 00 C8 41
1787903527.749194,34680,0b5f,12,26 1B 91 43 E3 00 A0 41 00 00 D0 41
1787903527.760045,34680,0b60,12,8F 41 8E 43 4B 0B A5 41 00 00 D8 41
1787903527.770888,34680,0b61,12,24 13 8B 43 EF 73 B3 41 00 00 E0 41
1787903527.781416,34680,0b62,12,2F A2 87 43 98 A5 CA 41 00 00 E8 41
1787903527.792077,34680,0b63,12,47 02 84 43 26 B7 E9 41 00 00 F0 41
1787903527.802551,34680,0b64,12,A3 48 80 43 00 B5 07 42 00 00 F8 41
1787903527.813000,34680,0b65,12,FA 14 79 43 AC 1E 1D 42 00 00 00 42
1787903527.823520,34680,0b66,12,B3 BA 71 43 08 3E 34 42 00 00 04 42
1787903527.833999,34680,0b67,12,B7 AC 6A 43 2F 25 4C 42 00 00 08 42
1787903527.844255,34680,0b68,12,3F 13 64 43 E0 E3 63 42 00 00 0C 42
1787903527.854638,34680,0b69,12,EB 14 5E 43 E3 85 7A 42 00 00 10 42
1787903527.865050,34680,0b6a,12,D4 D3 58 43 1A 92 87 42 00 00 14 42
1787903527.878495,34680,0b6b,12,2F 6E 54 43 2F 76 90 42 00 00 18 42
1787903527.888998,34680,0b6c,12,42 FD 50 43 F6 93 97 42 00 00 1C 42
1787903527.899510,34680,0b6d,12,BE 94 4E 43 E7 A3 9C 42 00 00 20 42
1787903527.910000,34680,0b6e,12,BA 42 4D 43 B5 71 9F 42 00 00 24 42
1787903527.920552,34680,0b6f,12,A6 0E 4D 43 C2 E0 9F 42 00 00 28 42
1787903527.933215,34680,0b70,12,AD F9 4D 43 A0 EC 9D 42 00 00 2C 42
1787903527.943436,34680,0b71,12,8A FE 4F 43 AB A9 99 42 00 00 30 42
1787903527.953923,34680,0b72,12,CF 11 53 43 B9 42 93 42 00 00 34 42
1787903527.964539,34680,0b73,12,7E 21 57 43 62 F9 8A 42 00 00 38 42
1787903527.976163,34680,0b74,12,5F 16 5C 43 3A 22 81 42 00 00 3C 42
1787903527.986810,34680,0b75,12,F4 D3 61 43 65 43 6C 42 00 00 40 42
1787903527.997338,34680,0b76,12,3D 39 68 43 0F D2 54 42 00 00 44 42
1787903528.010877,34680,0b77,12,D5 21 6F 43 12 DC 3C 42 00 00 48 42
1787903528.021371,34680,0b78,12,4C 65 76 43 CC 57 25 42 00 00 4C 42
1787903528.032596,34680,0b79,12,3A DA 7D 43 45 35 0F 42 00 00 50 42
1787903528.043449,34680,0b7a,12,E0 AA 82 43 DB AC F6 41 00 00 54 42
1787903528.054386,34680,0b7b,12,6E 56 86 43 89 0E D5 41 00 00 58 42
1787903528.079865,34680,0b7c,12,DA DA 89 43 7D E1 BA 41 00 00 5C 42
1787903528.094076,34680,0b7d,12,90 23 8D 43 C8 33 A9 41 00 00 60 42
1787903528.105057,34680,0b7e,12,DD 1D 90 43 DC B9 A0 41 00 00 64 42
1787903528.115440,34680,0b7f,12,A4 B8 92 43 3E CA A1 41 00 00 68 42
1787903528.126079,34680,0b80,12,EB E4 94 43 E3 58 AC 41 00 00 6C 42
1787903528.137586,34680,0b81,12,48 96 96 43 AE FB BF 41 00 00 70 42
1787903528.148125,34680,0b82,12,D3 C2 97 43 BA E9 DB 41 00 00 74 42
1787903528.160342,34680,0b83,12,E5 63 98 43 F3 05 FF 41 00 00 78 42
1787903528.170697,34680,0b84,12,E1 75 98 43 FD F4 13 42 00 00 7C 42
1787903528.181186,34680,0b85,12,5F F8 97 43 65 78 2A 42 00 00 80 42
1787903528.191576,34680,0b86,12,20 EE 96 43 E7 2A 42 42 00 00 82 42
1787903528.202002,34680,0b87,12,39 5D 95 43 F2 18 5A 42 00 00 84 42
1787903528.212605,34680,0b88,12,A1 4E 93 43 44 4E 71 42 00 00 86 42
1787903528.223154,34680,0b89,12,2B CE 90 43 FC 6E 83 42 00 00 88 42
1787903528.233588,34680,0b8a,12,39 EA 8D 43 4E F5 8C 42 00 00 8A 42
1787903528.244219,34680,0b8b,12,3D B3 8A 43 5C DA 94 42 00 00 8C 42
1787903528.255122,34680,0b8c,12,06 3C 87 43 C2 CC 9A 42 00 00 8E 42
1787903528.265799,34680,0b8d,12,59 98 83 43 D0 8F 9E 42 00 00 90 42
1787903528.276524,34680,0b8e,12,42 BA 7F 43 1E FD 9F 42 00 00 92 42
1787903528.287086,34680,0b8f,12,A4 3F 78 43 46 06 9F 42 00 00 94 42
1787903528.305419,34680,0b90,12,75 EB 70 43 FA B4 9B 42 00 00 96 42
1787903528.316073,34680,0b91,12,9B E8 69 43 12 2B 96 42 00 00 98 42
1787903528.328081,34680,0b92,12,00 5F 63 43 17 A1 8E 42 00 00 9A 42
1787903528.338708,34680,0b93,12,3B 74 5D 43 FC 63 85 42 00 00 9C 42
1787903528.349651,34680,0b94,12,4E 4A 58 43 DA A5 75 42 00 00 9E 42
1787903528.364675,34680,0b95,12,B7 FE 53 43 3D B0 5E 42 00 00 A0 42
1787903528.375625,34680,0b96,12,99 AA 50 43 0A D3 46 42 00 00 A2 42
1787903528.386108,34680,0b97,12,D6 60 4E 43 D8 01 2F 42 00 00 A4 42
1787903528.396571,34680,0b98,12,97 2E 4D 43 C1 2F 18 42 00 00 A6 42
1787903528.407332,34680,0b99,12,BC 1A 4D 43 3D 47 03 42 00 00 A8 42
1787903528.417737,34680,0b9a,12,CD 25 4E 43 EA 34 E2 41 00 00 AA 42
1787903528.428367,34680,0b9b,12,AE 49 50 43 49 C9 C4 41 00 00 AC 42
1787903528.438910,34680,0b9c,12,19 7A 53 43 E5 77 AF 41 00 00 AE 42
1787903528.449643,34680,0b9d,12,B7 A4 57 43 54 1A A3 41 00 00 B0 42
1787903528.461631,34680,0b9e,12,96 B1 5C 43 AA 2E A0 41 00 00 B2 42
1787903528.473143,34680,0b9f,12,FE 83 62 43 40 D2 A6 41 00 00 B4 42
1787903528.483652,34680,0ba0,12,DE F9 68 43 EF C1 B6 41 00 00 B6 42
1787903528.494014,34680,0ba1,12,5A EE 6F 43 0B 5B CF 41 00 00 B8 42
1787903528.504756,34680,0ba2,12,76 39 77 43 80 A2 EF 41 00 00 BA 42
1787903528.515253,34680,0ba3,12,45 B1 7E 43 CD 25 0B 42 00 00 BC 42
1787903528.526513,34680,0ba4,12,9E 15 83 43 E0 E8 20 42 00 00 BE 42
1787903528.537162,34680,0ba5,12,CD BD 86 43 F3 3A 38 42 00 00 C0 42
1787903528.547780,34680,0ba6,12,5A 3C 8A 43 FD 2D 50 42 00 00 C2 42
1787903528.558629,34680,0ba7,12,30 7D 8D 43 89 CD 67 42 00 00 C4 42
1787903528.569252,34680,0ba8,12,9A 6D 90 43 CB 26 7E 42 00 00 C6 42
1787903528.579760,34680,0ba9,12,D4 FC 92 43 90 2C 89 42 00 00 C8 42
1787903528.590108,34680,0baa,12,E0 1B 95 43 4A CA 91 42 00 00 CA 42
1787903528.600867,34680,0bab,12,B4 BE 96 43 A0 94 98 42 00 00 CC 42
1787903528.611269,34680,0bac,12,E6 DB 97 43 44 46 9D 42 00 00 CE 42
1787903528.623026,34680,0bad,12,10 6D 98 43 33 AF 9F 42 00 00 D0 42
1787903528.634308,34680,0bae,12,EB 6E 98 43 34 B7 9F 42 00 00 D2 42
1787903528.645007,34680,0baf,12,6D E1 97 43 AF 5D 9D 42 00 00 D4 42
1787903528.655922,34680,0bb0,12,C6 C7 96 43 9F BA 98 42 00 00 D6 42
1787903528.666398,34680,0bb1,12,4A 28 95 43 58 FD 91 42 00 00 D8 42
1787903528.677321,34680,0bb2,12,4D 0C 93 43 60 6B 89 42 00 00 DA 42
1787903528.687933,34680,0bb3,12,CC 7F 90 43 B9 B5 7E 42 00 00 DC 42
1787903528.698483,34680,0bb4,12,B0 91 8D 43 42 66 68 42 00 00 DE 42
1787903528.710409,34680,0bb5,12,B2 52 8A 43 17 CC 50 42 00 00 E0 42
1787903528.721276,34680,0bb6,12,7D D5 86 43 21 D8 38 42 00 00 E2 42
1787903528.731869,34680,0bb7,12,1F 2E 83 43 A3 80 21 42 00 00 E4 42
1787903528.744061,34680,0bb8,12,CD E2 7E 43 3D B0 0B 42 00 00 E6 42
1787903528.755197,34680,0bb9,12,68 6A 77 43 E5 8E F0 41 00 00 E8 42
1787903528.765777,34680,0bba,12,9B 1D 70 43 C2 18 D0 41 00 00 EA 42
1787903528.776259,34680,0bbb,12,60 26 69 43 69 49 B7 41 00 00 EC 42
1787903528.787211,34680,0bbc,12,C1 AC 62 43 FF 1E A7 41 00 00 EE 42
1787903528.797736,34680,0bbd,12,AF D5 5C 43 FF 3B A0 41 00 00 A0 41
1787903528.808296,34680,0bbe,12,57 C3 57 43 54 E8 A2 41 00 00 A8 41
1787903528.818929,34680,0bbf,12,90 92 53 43 B2 08 AF 41 00 00 B0 41
1787903528.829736,34680,0bc0,12,70 5B 50 43 53 21 C4 41 00 00 B8 41
1787903528.840166,34680,0bc1,12,72 30 4E 43 50 58 E1 41 00 00 C0 41
1787903528.850562,34680,0bc2,12,08 1E 4D 43 02 C4 02 42 00 00 C8 41
1787903528.869161,34680,0bc3,12,77 2A 4D 43 8A 9E 17 42 00 00 D0 41
1787903528.879988,34680,0bc4,12,61 55 4E 43 E8 66 2E 42 00 00 D8 41
1787903528.890937,34680,0bc5,12,11 98 50 43 8D 34 46 42 00 00 E0 41
1787903528.901875,34680,0bc6,12,88 E5 53 43 AD 12 5E 42 00 00 E8 41
1787903528.912405,34680,0bc7,12,08 2B 58 43 5F 11 75 42 00 00 F0 41
1787903528.926770,34680,0bc8,12,91 4F 5D 43 07 22 85 42 00 00 F8 41
1787903528.937653,34680,0bc9,12,C6 35 63 43 2D 69 8E 42 00 00 00 42
1787903528.948222,34680,0bca,12,BC BB 69 43 6E FF 95 42 00 00 04 42
1787903528.958814,34680,0bcb,12,F5 BB 70 43 FE 96 9B 42 00 00 08 42
1787903528.970236,34680,0bcc,12,93 0E 78 43 AA F7 9E 42 00 00 0C 42
1787903528.980690,34680,0bcd,12,BB 88 7F 43 72 FE 9F 42 00 00 10 42
1787903528.993198,34680,0bce,12,E9 7F 83 43 DC A0 9E 42 00 00 14 42
1787903529.003768,34680,0bcf,12,76 24 87 43 D8 EC 9A 42 00 00 18 42
1787903529.018960,34680,0bd0,12,13 9D 8A 43 BE 08 95 42 00 00 1C 42
1787903529.030110,34680,0bd1,12,F6 D5 8D 43 C3 2F 8D 42 00 00 20 42
1787903529.041385,34680,0bd2,12,43 BC 90 43 62 B2 83 42 00 00 24 42
1787903529.052686,34680,0bd3,12,7A 3F 93 43 F0 E2 71 42 00 00 28 42
1787903529.063128,34680,0bd4,12,2C 51 95 43 92 B5 5A 42 00 00 2C 42
1787903529.073685,34680,0bd5,12,71 E5 96 43 1C CB 42 42 00 00 30 42
1787903529.084034,34680,0bd6,12,41 F3 97 43 F1 13 2B 42 00 00 34 42
1787903529.094406,34680,0bd7,12,70 74 98 43 FC 83 14 42 00 00 38 42
1787903529.105129,34680,0bd8,12,2B 66 98 43 89 01 00 42 00 00 3C 42
1787903529.115862,34680,0bd9,12,C1 C8 97 43 E2 BB DC 41 00 00 40 42
1787903529.126431,34680,0bda,12,BD 9F 96 43 62 9C C0 41 00 00 44 42
1787903529.136776,34680,0bdb,12,B1 F1 94 43 3D BF AC 41 00 00 48 42
1787903529.147192,34680,0bdc,12,70 C8 92 43 B3 F1 A1 41 00 00 4C 42
1787903529.166206,34680,0bdd,12,56 30 90 43 09 A2 A0 41 00 00 50 42
1787903529.181713,34680,0bde,12,4A 38 8D 43 A0 DD A8 41 00 00 54 42
1787903529.192624,34680,0bdf,12,60 F1 89 43 BC 4E BA 41 00 00 58 42
1787903529.204580,34680,0be0,12,3D 6E 86 43 0B 46 D4 41 00 00 5C 42
1787903529.215296,34680,0be1,12,6F C3 82 43 80 B9 F5 41 00 00 60 42
1787903529.227675,34680,0be2,12,BF 0B 7E 43 D6 A9 0E 42 00 00 64 42
1787903529.238050,34680,0be3,12,1B 96 76 43 2B C0 24 42 00 00 68 42
1787903529.248859,34680,0be4,12,D5 50 6F 43 6D 3C 3C 42 00 00 6C 42
1787903529.259766,34680,0be5,12,61 65 68 43 8E 32 54 42 00 00 70 42
1787903529.271311,34680,0be6,12,3D FC 61 43 2E AC 6B 42 00 00 74 42
1787903529.281780,34680,0be7,12,E5 39 5C 43 D9 DC 80 42 00 00 78 42
1787903529.292306,34680,0be8,12,75 3F 57 43 FF BC 8A 42 00 00 7C 42
1787903529.302678,34680,0be9,12,8C 29 53 43 28 11 93 42 00 00 80 42
1787903529.313194,34680,0bea,12,83 0F 50 43 9D 85 99 42 00 00 82 42
1787903529.323484,34680,0beb,12,82 03 4E 43 C3 D7 9D 42 00 00 84 42
1787903529.333828,34680,0bec,12,1C 11 4D 43 81 DB 9F 42 00 00 86 42
1787903529.344391,34680,0bed,12,C5 3D 4D 43 44 7C 9F 42 00 00 88 42
1787903529.354843,34680,0bee,12,7A 88 4E 43 29 BE 9C 42 00 00 8A 42
1787903529.365277,34680,0bef,12,F6 E9 50 43 C0 BC 97 42 00 00 8C 42
1787903529.375721,34680,0bf0,12,48 54 54 43 3F AB 90 42 00 00 8E 42
1787903529.386114,34680,0bf1,12,E9 B3 58 43 CD D1 87 42 00 00 90 42
1787903529.396727,34680,0bf2,12,B3 EF 5D 43 7B 15 7B 42 00 00 92 42
1787903529.407216,34680,0bf3,12,90 E9 63 43 C2 7F 64 42 00 00 94 42
1787903529.417646,34680,0bf4,12,80 7F 6A 43 72 C5 4C 42 00 00 96 42
1787903529.428636,34680,0bf5,12,F8 8A 71 43 6F DA 34 42 00 00 98 42
1787903529.440008,34680,0bf6,12,CE E3 78 43 DA B2 1D 42 00 00 9A 42
1787903529.450703,34680,0bf7,12,E1 2F 80 43 0D 3B 08 42 00 00 9C 42
1787903529.461945,34680,0bf8,12,E9 E9 83 43 04 9F EA 41 00 00 9E 42
1787903529.472449,34680,0bf9,12,C0 8A 87 43 CE 5C CB 41 00 00 A0 42
1787903529.483341,34680,0bfa,12,2B FD 8A 43 B4 F1 B3 41 00 00 A2 42
1787903529.493827,34680,0bfb,12,8A 2D 8E 43 BF 4C A5 41 00 00 A4 42
1787903529.505422,34680,0bfc,12,88 09 91 43 68 03 A0 41 00 00 A6 42
1787903529.515796,34680,0bfd,12,B4 80 93 43 F2 4A A4 41 00 00 A8 42
1787903529.526390,34680,0bfe,12,FB 84 95 43 58 F8 B1 41 00 00 AA 42
1787903529.536729,34680,0bff,12,8E 0A 97 43 08 80 C8 41 00 00 AC 42
1787903529.547745,34680,0c00,12,CC 08 98 43 0D FC E6 41 00 00 AE 42
1787903529.558287,34680,0c01,12,00 7A 98 43 9E 1A 06 42 00 00 B0 42
1787903529.568772,34680,0c02,12,9E 5B 98 43 14 56 1B 42 00 00 B2 42
1787903529.579368,34680,0c03,12,48 AE 97 43 00 5B 32 42 00 00 B4 42
1787903529.590103,34680,0c04,12,F5 75 96 43 D9 3C 4A 42 00 00 B6 42
1787903529.600739,34680,0c05,12,A4 B9 94 43 DB 07 62 42 00 00 B8 42
1787903529.611377,34680,0c06,12,4E 83 92 43 2A C9 78 42 00 00 BA 42
1787903529.623143,34680,0c07,12,AB DF 8F 43 7E CB 86 42 00 00 BC 42
1787903529.633822,34680,0c08,12,BD DD 8C 43 19 D0 8F 42 00 00 BE 42
1787903529.644772,34680,0c09,12,1E 8F 89 43 80 15 97 42 00 00 C0 42
1787903529.655336,34680,0c0a,12,AC 06 86 43 7C 51 9C 42 00 00 C2 42
1787903529.665946,34680,0c0b,12,B5 58 82 43 9E 4E 9F 42 00 00 C4 42
1787903529.676976,34680,0c0c,12,C2 34 7D 43 70 EE 9F 42 00 00 C6 42
1787903529.687519,34680,0c0d,12,08 C2 75 43 AB 2A 9E 42 00 00 C8 42
1787903529.702207,34680,0c0e,12,D3 84 6E 43 30 15 9A 42 00 00 CA 42
1787903529.712798,34680,0c0f,12,5D A6 67 43 AC D7 93 42 00 00 CC 42
1787903529.723702,34680,0c10,12,23 4E 61 43 D2 B1 8B 42 00 00 CE 42
1787903529.734474,34680,0c11,12,9E A0 5B 43 9E F7 81 42 00 00 D0 42
1787903529.745062,34680,0c12,12,37 BE 56 43 A7 15 6E 42 00 00 D2 42
1787903529.755600,34680,0c13,12,84 C3 52 43 57 B7 56 42 00 00 D4 42
1787903529.766055,34680,0c14,12,1E C7 4F 43 D0 C2 3E 42 00 00 D6 42
1787903529.776473,34680,0c15,12,31 DA 4D 43 98 2C 27 42 00 00 D8 42
1787903529.787862,34680,0c16,12,CC 07 4D 43 19 E7 10 42 00 00 DA 42
1787903529.798724,34680,0c17,12,B7 54 4D 43 5E A4 F9 41 00 00 DC 42
1787903529.809222,34680,0c18,12,2E BF 4E 43 44 79 D7 41 00 00 DE 42
1787903529.819626,34680,0c19,12,0A 3F 51 43 A7 A9 BC 41 00 00 E0 42
1787903529.830017,34680,0c1a,12,EC C5 54 43 31 47 AA 41 00 00 E2 42
1787903529.840600,34680,0c1b,12,8F 3F 59 43 E4 0D A1 41 00 00 E4 42
1787903529.851025,34680,0c1c,12,85 92 5E 43 75 5A A1 41 00 00 E6 42
1787903529.865500,34680,0c1d,12,A4 9F 64 43 EE 2A AB 41 00 00 E8 42
1787903529.876222,34680,0c1e,12,64 44 6B 43 20 1B BE 41 00 00 EA 42
1787903529.887063,34680,0c1f,12,95 5A 72 43 BE 69 D9 41 00 00 EC 42
1787903529.898261,34680,0c20,12,79 B9 79 43 1A FD FB 41 00 00 EE 42
1787903529.908703,34680,0c21,12,8A 9B 80 43 D6 3C 12 42 00 00 A0 41
1787903529.919227,34680,0c22,12,C9 53 84 43 E1 9F 28 42 00 00 A8 41
1787903529.929694,34680,0c23,12,47 F0 87 43 2D 43 40 42 00 00 B0 41
1787903529.940069,34680,0c24,12,42 5C 8B 43 74 35 58 42 00 00 B8 41
1787903529.950365,34680,0c25,12,0E 84 8E 43 84 80 6F 42 00 00 C0 41
1787903529.960726,34680,0c26,12,AB 55 91 43 1E 9D 82 42 00 00 C8 41
1787903529.971158,34680,0c27,12,99 C0 93 43 7E 41 8C 42 00 00 D0 41
1787903529.988806,34680,0c28,12,1A B7 95 43 FA 4A 94 42 00 00 D8 41
1787903529.999395,34680,0c29,12,E6 2D 97 43 86 67 9A 42 00 00 E0 41
1787903530.011303,34680,0c2a,12,91 1C 98 43 8A 58 9E 42 00 00 E8 41
1787903530.021743,34680,0c2b,12,C2 7D 98 43 68 F6 9F 42 00 00 F0 41
1787903530.032158,34680,0c2c,12,3E 4F 98 43 3A 30 9F 42 00 00 F8 41
1787903530.042628,34680,0c2d,12,1B 92 97 43 E6 0D 9C 42 00 00 00 42
1787903530.053066,34680,0c2e,12,97 4A 96 43 6B AF 96 42 00 00 04 42
1787903530.063461,34680,0c2f,12,0E 80 94 43 3C 4C 8F 42 00 00 08 42
1787903530.073863,34680,0c30,12,AA 3C 92 43 9A 2E 86 42 00 00 0C 42
1787903530.084430,34680,0c31,12,AB 8D 8F 43 24 68 77 42 00 00 10 42
1787903530.094887,34680,0c32,12,62 82 8C 43 2F 8F 60 42 00 00 14 42
1787903530.105371,34680,0c33,12,50 2C 89 43 8C BB 48 42 00 00 18 42
1787903530.115835,34680,0c34,12,A2 9E 85 43 46 E2 30 42 00 00 1C 42
1787903530.126742,34680,0c35,12,94 ED 81 43 13 F3 19 42 00 00 20 42
1787903530.137281,34680,0c36,12,82 5D 7C 43 EB D9 04 42 00 00 24 42
1787903530.147626,34680,0c37,12,02 EF 74 43 52 DC E4 41 00 00 28 42
1787903530.158037,34680,0c38,12,61 BA 6D 43 A7 D7 C6 41 00 00 2C 42
1787903530.168705,34680,0c39,12,0A E9 66 43 9C D9 B0 41 00 00 30 42
1787903530.179082,34680,0c3a,12,E0 A1 60 43 3F BF A3 41 00 00 34 42
1787903530.189551,34680,0c3b,12,A1 09 5B 43 5B 10 A0 41 00 00 38 42
1787903530.200033,34680,0c3c,12,1F 40 56 43 88 F2 A5 41 00 00 3C 42
1787903530.210451,34680,0c3d,12,DF 60 52 43 B7 29 B5 41 00 00 40 42
1787903530.231444,34680,0c3e,12,24 82 4F 43 69 18 CD 41 00 00 44 42
1787903530.242435,34680,0c3f,12,5D B4 4D 43 13 CE EC 41 00 00 48 42
1787903530.253524,34680,0c40,12,17 02 4D 43 BF 82 09 42 00 00 4C 42
1787903530.264092,34680,0c41,12,36 6F 4D 43 4B 1C 1F 42 00 00 50 42
1787903530.275649,34680,0c42,12,46 F9 4E 43 34 57 36 42 00 00 54 42
1787903530.290917,34680,0c43,12,6C 97 51 43 7E 44 4E 42 00 00 58 42
1787903530.303156,34680,0c44,12,D4 3A 55 43 AA F3 65 42 00 00 5C 42
1787903530.313871,34680,0c45,12,32 CE 59 43 1D 71 7C 42 00 00 60 42
1787903530.324409,34680,0c46,12,63 37 5F 43 A4 6B 88 42 00 00 64 42
1787903530.335131,34680,0c47,12,4C 57 65 43 FA 2A 91 42 00 00 68 42
1787903530.345651,34680,0c48,12,B6 0A 6C 43 CF 1C 98 42 00 00 6C 42
1787903530.358279,34680,0c49,12,7D 2B 73 43 57 FB 9C 42 00 00 70 42
1787903530.370541,34680,0c4a,12,EA 8F 7A 43 40 94 9F 42 00 00 74 42
1787903530.381168,34680,0c4b,12,ED 06 81 43 06 CD 9F 42 00 00 78 42
1787903530.391686,34680,0c4c,12,1E BD 84 43 67 A3 9D 42 00 00 7C 42
1787903530.402781,34680,0c4d,12,31 55 88 43 E4 2D 99 42 00 00 80 42
1787903530.414111,34680,0c4e,12,A8 BA 8B 43 50 99 92 42 00 00 82 42
1787903530.426109,34680,0c4f,12,A4 D9 8E 43 18 29 8A 42 00 00 84 42
1787903530.437295,34680,0c50,12,61 A0 91 43 5C 33 80 42 00 00 86 42
1787903530.448033,34680,0c51,12,EA FE 93 43 90 3B 6A 42 00 00 88 42
1787903530.458603,34680,0c52,12,9F E7 95 43 DA B4 52 42 00 00 8A 42
1787903530.469367,34680,0c53,12,97 4F 97 43 10 BF 3A 42 00 00 8C 42
1787903530.479876,34680,0c54,12,97 2E 98 43 8E 50 23 42 00 00 8E 42
1787903530.490262,34680,0c55,12,B3 7F 98 43 80 58 0D 42 00 00 90 42
1787903530.500600,34680,0c56,12,19 41 98 43 48 6E F3 41 00 00 92 42
1787903530.510890,34680,0c57,12,31 74 97 43 FC 6B D2 41 00 00 94 42
1787903530.521240,34680,0c58,12,7E 1D 96 43 E7 F5 B8 41 00 00 96 42
1787903530.531723,34680,0c59,12,D8 44 94 43 C1 12 A8 41 00 00 98 42
1787903530.545379,34680,0c5a,12,CD F4 91 43 ED 6E A0 41 00 00 9A 42
1787903530.555740,34680,0c5b,12,A8 3A 8F 43 62 58 A2 41 00 00 9C 42
1787903530.566581,34680,0c5c,12,17 26 8C 43 60 BA AD 41 00 00 9E 42
1787903530.577419,34680,0c5d,12,A0 C8 88 43 7B 22 C2 41 00 00 A0 42
1787903530.588005,34680,0c5e,12,F6 35 85 43 E3 BF DE 41 00 00 A2 42
1787903530.599450,34680,0c5f,12,78 82 81 43 42 37 01 42 00 00 A4 42
1787903530.610117,34680,0c60,12,D7 86 7B 43 13 E1 15 42 00 00 A6 42
1787903530.620697,34680,0c61,12,B7 1C 74 43 A9 88 2C 42 00 00 A8 42
1787903530.631170,34680,0c62,12,D0 F0 6C 43 4C 4A 44 42 00 00 AA 42
1787903530.641742,34680,0c63,12,1D 2D 66 43 CE 31 5C 42 00 00 AC 42
1787903530.652226,34680,0c64,12,1F F8 5F 43 2E 4B 73 42 00 00 AE 42
1787903530.666488,34680,0c65,12,83 75 5A 43 54 55 84 42 00 00 B0 42
1787903530.677015,34680,0c66,12,F8 C4 55 43 5B BA 8D 42 00 00 B2 42
1787903530.687592,34680,0c67,12,48 01 52 43 41 76 95 42 00 00 B4 42
1787903530.698109,34680,0c68,12,7A 40 4F 43 49 39 9B 42 00 00 B6 42
1787903530.708910,34680,0c69,12,2B 92 4D 43 A4 C8 9E 42 00 00 B8 42
1787903530.720652,34680,0c6a,12,03 00 4D 43 FA FF 9F 42 00 00 BA 42
1787903530.731203,34680,0c6b,12,4A 8D 4D 43 13 D3 9E 42 00 00 BC 42
1787903530.741725,34680,0c6c,12,F3 36 4F 43 BE 4D 9B 42 00 00 BE 42
1787903530.752477,34680,0c6d,12,42 F3 51 43 EA 93 95 42 00 00 C0 42
1787903530.762972,34680,0c6e,12,8B B2 55 43 0A E0 8D 42 00 00 C2 42
1787903530.773358,34680,0c6f,12,44 5F 5A 43 BD 80 84 42 00 00 C4 42
1787903530.787095,34680,0c70,12,8E DE 5F 43 19 AD 73 42 00 00 C6 42
1787903530.798615,34680,0c71,12,25 11 66 43 55 99 5C 42 00 00 C8 42
1787903530.809185,34680,0c72,12,C3 D2 6C 43 50 B3 44 42 00 00 CA 42
1787903530.819815,34680,0c73,12,DF FC 73 43 F8 EE 2C 42 00 00 CC 42
1787903530.830312,34680,0c74,12,4A 66 7B 43 E6 3E 16 42 00 00 CE 42
1787903530.841360,34680,0c75,12,33 72 81 43 32 8C 01 42 00 00 D0 42
1787903530.851829,34680,0c76,12,43 26 85 43 D0 4D DF 41 00 00 D2 42
1787903530.862358,34680,0c77,12,A6 B9 88 43 CC 8E C2 41 00 00 D4 42
1787903530.873239,34680,0c78,12,01 18 8C 43 C2 00 AE 41 00 00 D6 42
1787903530.884682,34680,0c79,12,F6 2D 8F 43 82 75 A2 41 00 00 D8 42
1787903530.895322,34680,0c7a,12,C7 E9 91 43 A9 62 A0 41 00 00 DA 42
1787903530.906438,34680,0c7b,12,DA 3B 94 43 11 DD A7 41 00 00 DC 42
1787903530.916932,34680,0c7c,12,9A 16 96 43 EC 98 B8 41 00 00 DE 42
1787903530.927464,34680,0c7d,12,80 6F 97 43 6C EB D1 41 00 00 E0 42
1787903530.938008,34680,0c7e,12,CC 3E 98 43 1B D2 F2 41 00 00 E2 42
1787903530.948896,34680,0c7f,12,D6 7F 98 43 F0 FC 0C 42 00 00 E4 42
1787903530.960650,34680,0c80,12,22 31 98 43 95 EC 22 42 00 00 E6 42
1787903530.971133,34680,0c81,12,7C 54 97 43 AB 56 3A 42 00 00 E8 42
1787903530.985691,34680,0c82,12,D8 EE 95 43 33 4C 52 42 00 00 EA 42
1787903530.996246,34680,0c83,12,3D 08 94 43 9E D8 69 42 00 00 EC 42
1787903531.006583,34680,0c84,12,9A AB 91 43 F4 04 80 42 00 00 EE 42
1787903531.017001,34680,0c85,12,5A E6 8E 43 80 00 8A 42 00 00 A0 41
1787903531.027370,34680,0c86,12,B6 C8 8B 43 27 78 92 42 00 00 A8 41
1787903531.037934,34680,0c87,12,73 64 88 43 7D 15 99 42 00 00 B0 41
1787903531.048275,34680,0c88,12,11 CD 84 43 FD 94 9D 42 00 00 B8 41
1787903531.058700,34680,0c89,12,36 17 81 43 A8 C8 9F 42 00 00 C0 41
1787903531.069338,34680,0c8a,12,09 B0 7A 43 5F 9A 9F 42 00 00 C8 41
1787903531.080354,34680,0c8b,12,D4 4A 73 43 B4 0B 9D 42 00 00 D0 41
1787903531.090882,34680,0c8c,12,EC 28 6C 43 C4 36 98 42 00 00 D8 41
1787903531.102252,34680,0c8d,12,54 73 65 43 DE 4C 91 42 00 00 E0 41
1787903531.114987,34680,0c8e,12,9C 50 5F 43 54 95 88 42 00 00 E8 41
1787903531.125481,34680,0c8f,12,C7 E3 59 43 88 CF 7C 42 00 00 F0 41
1787903531.135852,34680,0c90,12,96 4C 55 43 5A 59 66 42 00 00 F8 41
1787903531.146197,34680,0c91,12,1F A5 51 43 66 AD 4E 42 00 00 00 42
1787903531.157286,34680,0c92,12,64 02 4F 43 4A BD 36 42 00 00 04 42
1787903531.167698,34680,0c93,12,8C 73 4D 43 20 7F 1F 42 00 00 08 42
1787903531.178135,34680,0c94,12,8C 01 4D 43 87 DC 09 42 00 00 0C 42
1787903531.189068,34680,0c95,12,02 AF 4D 43 61 68 ED 41 00 00 10 42
1787903531.199654,34680,0c96,12,F9 77 4F 43 4F 93 CD 41 00 00 14 42
1787903531.210135,34680,0c97,12,2F 52 52 43 C2 7E B5 41 00 00 18 42
1787903531.224933,34680,0c98,12,3E 2D 56 43 5D 21 A6 41 00 00 1C 42
1787903531.235679,34680,0c99,12,42 F3 5A 43 90 15 A0 41 00 00 20 42
1787903531.247124,34680,0c9a,12,48 88 60 43 9E 9A A3 41 00 00 24 42
1787903531.257610,34680,0c9b,12,76 CC 66 43 9A 8C B0 41 00 00 28 42
1787903531.267963,34680,0c9c,12,C4 9B 6D 43 62 67 C6 41 00 00 2C 42
1787903531.280922,34680,0c9d,12,0D CF 74 43 45 49 E4 41 00 00 30 42
1787903531.291744,34680,0c9e,12,50 3D 7C 43 F3 82 04 42 00 00 34 42
1787903531.302358,34680,0c9f,12,88 DD 81 43 21 92 19 42 00 00 38 42
1787903531.312729,34680,0ca0,12,CE 8E 85 43 38 7B 30 42 00 00 3C 42
1787903531.323206,34680,0ca1,12,42 1D 89 43 5E 54 48 42 00 00 40 42
1787903531.334794,34680,0ca2,12,70 74 8C 43 50 28 60 42 00 00 44 42
1787903531.346228,34680,0ca3,12,4C 81 8F 43 8F 07 77 42 00 00 48 42
1787903531.356801,34680,0ca4,12,FA 31 92 43 62 03 86 42 00 00 4C 42
1787903531.367621,34680,0ca5,12,2F 77 94 43 CE 27 8F 42 00 00 50 42
1787903531.378147,34680,0ca6,12,DE 43 96 43 BD 93 96 42 00 00 54 42
1787903531.388575,34680,0ca7,12,AD 8D 97 43 15 FB 9B 42 00 00 58 42
1787903531.399203,34680,0ca8,12,3C 4D 98 43 87 27 9F 42 00 00 5C 42
1787903531.409752,34680,0ca9,12,2A 7E 98 43 2C F8 9F 42 00 00 60 42
1787903531.421356,34680,0caa,12,6A 1F 98 43 B4 64 9E 42 00 00 64 42
1787903531.433328,34680,0cab,12,1D 33 97 43 34 7D 9A 42 00 00 68 42
1787903531.443901,34680,0cac,12,92 BE 95 43 14 6A 94 42 00 00 6C 42
1787903531.454813,34680,0cad,12,09 CA 93 43 62 68 8C 42 00 00 70 42
1787903531.465725,34680,0cae,12,F4 60 91 43 3F CA 82 42 00 00 74 42
1787903531.476170,34680,0caf,12,17 91 8E 43 A9 E3 6F 42 00 00 78 42
1787903531.486669,34680,0cb0,12,9C 6A 8B 43 AB 9B 58 42 00 00 7C 42
1787903531.497866,34680,0cb1,12,A1 FF 87 43 07 AC 40 42 00 00 80 42
1787903531.510647,34680,0cb2,12,99 63 84 43 54 05 29 42 00 00 82 42
1787903531.521557,34680,0cb3,12,A6 AB 80 43 D7 9A 12 42 00 00 84 42
1787903531.532546,34680,0cb4,12,EE D9 79 43 B9 A2 FC 41 00 00 86 42
1787903531.542977,34680,0cb5,12,2B 7A 72 43 F0 EF D9 41 00 00 88 42
1787903531.553686,34680,0cb6,12,65 62 6B 43 54 81 BE 41 00 00 8A 42
1787903531.564504,34680,0cb7,12,0E BB 64 43 9E 6A AB 41 00 00 8C 42
1787903531.576344,34680,0cb8,12,16 AB 5E 43 19 71 A1 41 00 00 8E 42
1787903531.586804,34680,0cb9,12,FD 54 59 43 93 FA A0 41 00 00 90 42
1787903531.597078,34680,0cba,12,6F D7 54 43 C7 0B AA 41 00 00 92 42
1787903531.607463,34680,0cbb,12,3C 4C 51 43 65 46 BC 41 00 00 94 42
1787903531.617819,34680,0cbc,12,AA C7 4E 43 31 F3 D6 41 00 00 96 42
1787903531.628190,34680,0cbd,12,75 58 4D 43 D2 00 F9 41 00 00 98 42
1787903531.638608,34680,0cbe,12,B4 06 4D 43 DA 89 10 42 00 00 9A 42
1787903531.649209,34680,0cbf,12,3B D4 4D 43 65 C9 26 42 00 00 9C 42
1787903531.659846,34680,0cc0,12,6F BC 4F 43 15 5A 3E 42 00 00 9E 42
1787903531.670318,34680,0cc1,12,86 B4 52 43 0D 4F 56 42 00 00 A0 42
1787903531.680748,34680,0cc2,12,20 AB 56 43 F8 B1 6D 42 00 00 A2 42
1787903531.691309,34680,0cc3,12,95 89 5B 43 10 CA 81 42 00 00 A4 42
1787903531.701966,34680,0cc4,12,E8 33 61 43 14 8B 8B 42 00 00 A6 42
1787903531.712480,34680,0cc5,12,87 89 67 43 E6 B7 93 42 00 00 A8 42
1787903531.723994,34680,0cc6,12,65 66 6E 43 5C FE 99 42 00 00 AA 42
1787903531.734901,34680,0cc7,12,59 A2 75 43 B2 1D 9E 42 00 00 AC 42
1787903531.745392,34680,0cc8,12,25 14 7D 43 D6 EB 9F 42 00 00 AE 42
1787903531.756040,34680,0cc9,12,7E 48 82 43 59 56 9F 42 00 00 B0 42
1787903531.767053,34680,0cca,12,EA F6 85 43 84 63 9C 42 00 00 B2 42
1787903531.784043,34680,0ccb,12,5A 80 89 43 FA 30 97 42 00 00 B4 42
1787903531.794713,34680,0ccc,12,1A D0 8C 43 EC F3 8F 42 00 00 B6 42
1787903531.805072,34680,0ccd,12,53 D3 8F 43 3C F6 86 42 00 00 B8 42
1787903531.815643,34680,0cce,12,B2 78 92 43 5D 27 79 42 00 00 BA 42
1787903531.826253,34680,0ccf,12,00 B1 94 43 5F 6E 62 42 00 00 BC 42
1787903531.836659,34680,0cd0,12,90 6F 96 43 E2 A5 4A 42 00 00 BE 42
1787903531.847304,34680,0cd1,12,2B AA 97 43 5D C2 32 42 00 00 C0 42
1787903531.857957,34680,0cd2,12,DB 59 98 43 A8 B7 1B 42 00 00 C2 42
1787903531.868591,34680,0cd3,12,AF 7A 98 43 F2 70 06 42 00 00 C4 42
1787903531.879111,34680,0cd4,12,EA 0B 98 43 7A 91 E7 41 00 00 C6 42
1787903531.889591,34680,0cd5,12,F6 0F 97 43 23 F5 C8 41 00 00 C8 42
1787903531.911978,34680,0cd6,12,99 8C 95 43 72 48 B2 41 00 00 CA 42
1787903531.922565,34680,0cd7,12,7A 8A 93 43 DC 72 A4 41 00 00 CC 42
1787903531.933164,34680,0cd8,12,25 15 91 43 94 01 A0 41 00 00 CE 42
1787903531.944560,34680,0cd9,12,BC 3A 8E 43 2F 21 A5 41 00 00 D0 42
1787903531.954929,34680,0cda,12,7A 0B 8B 43 2C 9E B3 41 00 00 D2 42
1787903531.965286,34680,0cdb,12,02 9A 87 43 A2 E4 CA 41 00 00 D4 42
1787903531.975619,34680,0cdc,12,F8 F9 83 43 00 07 EA 41 00 00 D6 42
1787903531.985995,34680,0cdd,12,31 40 80 43 BC E3 07 42 00 00 D8 42
1787903531.996302,34680,0cde,12,33 04 79 43 9A 50 1D 42 00 00 DA 42
1787903532.006645,34680,0cdf,12,09 AA 71 43 C0 72 34 42 00 00 DC 42
1787903532.028954,34680,0ce0,12,ED 9C 6A 43 77 5C 4C 42 00 00 DE 42
1787903532.039337,34680,0ce1,12,04 05 64 43 AA 19 64 42 00 00 E0 42
1787903532.049678,34680,0ce2,12,35 08 5E 43 0A B8 7A 42 00 00 E2 42
1787903532.060226,34680,0ce3,12,EC C8 58 43 9B A7 87 42 00 00 E4 42
1787903532.070562,34680,0ce4,12,20 65 54 43 1C 88 90 42 00 00 E6 42
1787903532.082201,34680,0ce5,12,81 F6 50 43 12 A2 97 42 00 00 E8 42
1787903532.092609,34680,0ce6,12,89 90 4E 43 01 AD 9C 42 00 00 EA 42
1787903532.102938,34680,0ce7,12,03 41 4D 43 70 75 9F 42 00 00 EC 42
1787903532.113291,34680,0ce8,12,77 0F 4D 43 08 DF 9F 42 00 00 EE 42
1787903532.123649,34680,0ce9,12,16 FD 4D 43 A2 E5 9D 42 00 00 A0 41
1787903532.135509,34680,0cea,12,71 04 50 43 46 9D 99 42 00 00 A8 41
1787903532.145916,34680,0ceb,12,E3 19 53 43 AA 31 93 42 00 00 B0 41
1787903532.156399,34680,0cec,12,B2 2B 57 43 56 E4 8A 42 00 00 B8 41
1787903532.166693,34680,0ced,12,79 22 5C 43 DB 0A 81 42 00 00 C0 41
1787903532.177009,34680,0cee,12,00 E2 61 43 70 10 6C 42 00 00 C8 41
1787903532.187351,34680,0cef,12,A2 48 68 43 0D 9B 54 42 00 00 D0 41
1787903532.197670,34680,0cf0,12,DC 31 6F 43 FF A4 3C 42 00 00 D8 41
1787903532.208565,34680,0cf1,12,F1 75 76 43 D9 22 25 42 00 00 E0 41
1787903532.218905,34680,0cf2,12,1E EB 7D 43 36 06 0F 42 00 00 E8 41
1787903532.229202,34680,0cf3,12,73 B3 82 43 B0 5A F6 41 00 00 F0 41
1787903532.239539,34680,0cf4,12,BE 5E 86 43 3B C9 D4 41 00 00 F8 41
1787903532.249896,34680,0cf5,12,8A E2 89 43 B3 AE BA 41 00 00 00 42
1787903532.260286,34680,0cf6,12,A3 2A 8D 43 88 15 A9 41 00 00 04 42
1787903532.270648,34680,0cf7,12,2C 24 90 43 A4 B1 A0 41 00 00 08 42
1787903532.280974,34680,0cf8,12,2A BE 92 43 5E D7 A1 41 00 00 0C 42
1787903532.291335,34680,0cf9,12,63 E9 94 43 04 7C AC 41 00 00 10 42
1787903532.301674,34680,0cfa,12,85 99 96 43 F2 32 C0 41 00 00 14 42
1787903532.312010,34680,0cfb,12,DC C4 97 43 F0 32 DC 41 00 00 18 42
1787903532.322400,34680,0cfc,12,AE 64 98 43 30 5B FF 41 00 00 1C 42
1787903532.336929,34680,0cfd,12,63 75 98 43 2A 25 14 42 00 00 20 42
1787903532.347602,34680,0cfe,12,99 F6 97 43 06 AE 2A 42 00 00 24 42
1787903532.358113,34680,0cff,12,2C EB 96 43 29 62 42 42 00 00 28 42
1787903532.368622,34680,0d00,12,1F 59 95 43 A0 4F 5A 42 00 00 2C 42
1787903532.379108,34680,0d01,12,78 49 93 43 6D 80 71 42 00 00 30 42
1787903532.390443,34680,0d02,12,ED C7 90 43 BC 85 83 42 00 00 34 42
1787903532.400859,34680,0d03,12,29 E3 8D 43 80 09 8D 42 00 00 38 42
1787903532.411566,34680,0d04,12,AF AB 8A 43 65 EA 94 42 00 00 3C 42
1787903532.422005,34680,0d05,12,FD 33 87 43 00 D8 9A 42 00 00 40 42
1787903532.433235,34680,0d06,12,03 90 83 43 9B 95 9E 42 00 00 44 42
1787903532.443631,34680,0d07,12,F9 A8 7F 43 9C FD 9F 42 00 00 48 42
1787903532.454211,34680,0d08,12,83 2E 78 43 48 01 9F 42 00 00 4C 42
1787903532.464488,34680,0d09,12,3F DB 70 43 AE AA 9B 42 00 00 50 42
1787903532.474844,34680,0d0a,12,4A D9 69 43 E1 1B 96 42 00 00 54 42
1787903532.485175,34680,0d0b,12,ED 50 63 43 45 8E 8E 42 00 00 58 42
1787903532.495500,34680,0d0c,12,6C 67 5D 43 C5 4D 85 42 00 00 5C 42
1787903532.505862,34680,0d0d,12,60 3F 58 43 AC 72 75 42 00 00 60 42
1787903532.516258,34680,0d0e,12,1B F6 53 43 E8 79 5E 42 00 00 64 42
1787903532.526534,34680,0d0f,12,42 A4 50 43 BA 9B 46 42 00 00 68 42
1787903532.536809,34680,0d10,12,E8 5C 4E 43 95 CD 2E 42 00 00 6C 42
1787903532.551022,34680,0d11,12,21 2D 4D 43 C1 FE 17 42 00 00 70 42
1787903532.561502,34680,0d12,12,DE 1B 4D 43 EB 19 03 42 00 00 74 42
1787903532.572064,34680,0d13,12,6A 29 4E 43 B0 E8 E1 41 00 00 78 42
1787903532.583406,34680,0d14,12,B8 4F 50 43 82 8E C4 41 00 00 7C 42
1787903532.594114,34680,0d15,12,6C 82 53 43 3A 52 AF 41 00 00 80 42
1787903532.607212,34680,0d16,12,63 AF 57 43 49 09 A3 41 00 00 82 42
1787903532.617899,34680,0d17,12,2B BE 5C 43 12 33 A0 41 00 00 84 42
1787903532.628642,34680,0d18,12,E2 91 62 43 8A EC A6 41 00 00 86 42
1787903532.639247,34680,0d19,12,0A 09 69 43 0D F1 B6 41 00 00 88 42
1787903532.649927,34680,0d1a,12,77 FE 6F 43 DD 9A CF 41 00 00 8A 42
1787903532.661599,34680,0d1b,12,8A 4A 77 43 16 F2 EF 41 00 00 8C 42
1787903532.674848,34680,0d1c,12,8F C2 7E 43 81 55 0B 42 00 00 8E 42
1787903532.685314,34680,0d1d,12,FA 1D 83 43 31 1D 21 42 00 00 90 42
1787903532.696222,34680,0d1e,12,E2 C5 86 43 CB 71 38 42 00 00 92 42
1787903532.706619,34680,0d1f,12,FB 43 8A 43 4E 63 50 42 00 00 94 42
1787903532.716905,34680,0d20,12,59 84 8D 43 0E 01 68 42 00 00 96 42
1787903532.727333,34680,0d21,12,F6 73 90 43 23 58 7E 42 00 00 98 42
1787903532.739228,34680,0d22,12,1D 02 93 43 42 42 89 42 00 00 9A 42
1787903532.749772,34680,0d23,12,1F 20 95 43 25 DC 91 42 00 00 9C 42
1787903532.760237,34680,0d24,12,CE C1 96 43 7A A1 98 42 00 00 9E 42
1787903532.770973,34680,0d25,12,D7 DD 97 43 35 4E 9D 42 00 00 A0 42
1787903532.781853,34680,0d26,12,B9 6D 98 43 02 B2 9F 42 00 00 A2 42
1787903532.792425,34680,0d27,12,4C 6E 98 43 7E B4 9F 42 00 00 A4 42
1787903532.802798,34680,0d28,12,8D DF 97 43 8E 55 9D 42 00 00 A6 42
1787903532.813293,34680,0d29,12,B0 C4 96 43 DA AD 98 42 00 00 A8 42
1787903532.823724,34680,0d2a,12,F7 23 95 43 2A EC 91 42 00 00 AA 42
1787903532.834978,34680,0d2b,12,E9 06 93 43 BE 55 89 42 00 00 AC 42
1787903532.845466,34680,0d2c,12,99 79 90 43 77 84 7E 42 00 00 AE 42
1787903532.855985,34680,0d2d,12,B3 8A 8D 43 FC 30 68 42 00 00 B0 42
1787903532.868576,34680,0d2e,12,14 4B 8A 43 CA 96 50 42 00 00 B2 42
1787903532.879797,34680,0d2f,12,3A CD 86 43 1E A3 38 42 00 00 B4 42
1787903532.890304,34680,0d30,12,92 25 83 43 42 4C 21 42 00 00 B6 42
1787903532.900590,34680,0d31,12,E8 D1 7E 43 70 80 0B 42 00 00 B8 42
1787903532.910909,34680,0d32,12,B5 59 77 43 44 3C F0 41 00 00 BA 42
1787903532.921213,34680,0d33,12,7B 0D 70 43 A4 D8 CF 41 00 00 BC 42
1787903532.931566,34680,0d34,12,D5 16 69 43 91 1B B7 41 00 00 BE 42
1787903532.943041,34680,0d35,12,84 9E 62 43 57 04 A7 41 00 00 C0 42
1787903532.953397,34680,0d36,12,5B C9 5C 43 36 37 A0 41 00 00 C2 42
1787903532.963721,34680,0d37,12,E0 B8 57 43 98 F9 A2 41 00 00 C4 42
1787903532.974081,34680,0d38,12,32 8A 53 43 04 2E AF 41 00 00 C6 42
1787903532.984588,34680,0d39,12,38 55 50 43 CD 59 C4 41 00 00 C8 42
1787903532.995482,34680,0d3a,12,B6 2C 4E 43 44 A4 E1 41 00 00 CA 42
1787903533.006041,34680,0d3b,12,E3 1C 4D 43 38 F1 02 42 00 00 CC 42
1787903533.016583,34680,0d3c,12,DA 2B 4D 43 2F D1 17 42 00 00 CE 42
1787903533.027183,34680,0d3d,12,44 59 4E 43 21 9B 2E 42 00 00 D0 42
1787903533.037526,34680,0d3e,12,84 9E 50 43 FE 69 46 42 00 00 D2 42
1787903533.047887,34680,0d3f,12,4D EE 53 43 0A 49 5E 42 00 00 D4 42
1787903533.061751,34680,0d40,12,AF 35 58 43 9F 44 75 42 00 00 D6 42
1787903533.072112,34680,0d41,12,0F 5C 5D 43 12 39 85 42 00 00 D8 42
1787903533.082484,34680,0d42,12,D3 43 63 43 10 7C 8E 42 00 00 DA 42
1787903533.092857,34680,0d43,12,63 CB 69 43 2E 0E 96 42 00 00 DC 42
1787903533.103217,34680,0d44,12,87 CC 70 43 61 A1 9B 42 00 00 DE 42
1787903533.113558,34680,0d45,12,4F 1F 78 43 C0 FC 9E 42 00 00 E0 42
1787903533.123892,34680,0d46,12,A0 99 7F 43 07 FE 9F 42 00 00 E2 42
1787903533.134288,34680,0d47,12,3F 88 83 43 28 9B 9E 42 00 00 E4 42
1787903533.145121,34680,0d48,12,B0 2C 87 43 12 E2 9A 42 00 00 E6 42
1787903533.155460,34680,0d49,12,D1 A4 8A 43 C8 F8 94 42 00 00 E8 42
1787903533.165858,34680,0d4a,12,E1 DC 8D 43 A1 1B 8D 42 00 00 EA 42
1787903533.176266,34680,0d4b,12,60 C2 90 43 E2 9A 83 42 00 00 EC 42
1787903533.186711,34680,0d4c,12,A8 44 93 43 D7 B0 71 42 00 00 EE 42
1787903533.197028,34680,0d4d,12,63 55 95 43 C6 80 5A 42 00 00 A0 41
1787903533.207388,34680,0d4e,12,7B E8 96 43 D8 93 42 42 00 00 A8 41
1787903533.217703,34680,0d4f,12,03 F5 97 43 44 DE 2A 42 00 00 B0 41
1787903533.228201,34680,0d50,12,F1 74 98 43 0A 52 14 42 00 00 B8 41
1787903533.238842,34680,0d51,12,67 65 98 43 9E AD FF 41 00 00 C0 41
1787903533.249165,34680,0d52,12,B2 C6 97 43 E3 74 DC 41 00 00 C8 41
1787903533.259530,34680,0d53,12,73 9C 96 43 CA 64 C0 41 00 00 D0 41
1787903533.269855,34680,0d54,12,58 ED 94 43 C1 9B AC 41 00 00 D8 41
1787903533.280859,34680,0d55,12,0F C3 92 43 BF E3 A1 41 00 00 E0 41
1787903533.291409,34680,0d56,12,0A 2A 90 43 E3 A9 A0 41 00 00 E8 41
1787903533.302536,34680,0d57,12,10 31 8D 43 80 FA A8 41 00 00 F0 41
1787903533.313001,34680,0d58,12,85 E9 89 43 30 81 BA 41 00 00 F8 41
1787903533.323393,34680,0d59,12,1E 66 86 43 0C 8B D4 41 00 00 00 42
1787903533.333774,34680,0d5a,12,0F BB 82 43 51 0E F6 41 00 00 04 42
1787903533.344149,34680,0d5b,12,76 FA 7D 43 CF D8 0E 42 00 00 08 42
1787903533.354443,34680,0d5c,12,74 85 76 43 44 F3 24 42 00 00 0C 42
1787903533.364792,34680,0d5d,12,6C 40 6F 43 7C 73 3C 42 00 00 10 42
1787903533.375167,34680,0d5e,12,F6 55 68 43 95 69 54 42 00 00 14 42
1787903533.386419,34680,0d5f,12,7C EE 61 43 FC E0 6B 42 00 00 18 42
1787903533.397356,34680,0d60,12,7B 2D 5C 43 43 F4 80 42 00 00 1C 42
1787903533.408776,34680,0d61,12,38 35 57 43 63 D1 8A 42 00 00 20 42
1787903533.420257,34680,0d62,12,3E 21 53 43 4A 22 93 42 00 00 24 42
1787903533.430597,34680,0d63,12,91 09 50 43 18 92 99 42 00 00 28 42
1787903533.440949,34680,0d64,12,22 00 4E 43 17 DF 9D 42 00 00 2C 42
1787903533.451332,34680,0d65,12,3B 10 4D 43 52 DD 9F 42 00 00 30 42
1787903533.461628,34680,0d66,12,70 3F 4D 43 C1 78 9F 42 00 00 34 42
1787903533.471939,34680,0d67,12,BC 8C 4E 43 26 B5 9C 42 00 00 38 42
1787903533.482284,34680,0d68,12,AD F0 50 43 B8 AE 97 42 00 00 3C 42
1787903533.492603,34680,0d69,12,1A 5D 54 43 C3 98 90 42 00 00 40 42
1787903533.502915,34680,0d6a,12,08 BF 58 43 5A BC 87 42 00 00 44 42
1787903533.513309,34680,0d6b,12,62 FC 5D 43 1A E5 7A 42 00 00 48 42
1787903533.523687,34680,0d6c,12,19 F8 63 43 03 4A 64 42 00 00 4C 42
1787903533.533996,34680,0d6d,12,46 8F 6A 43 2C 8E 4C 42 00 00 50 42
1787903533.556091,34680,0d6e,12,3F 9B 71 43 D5 A3 34 42 00 00 54 42
1787903533.566802,34680,0d6f,12,F6 F4 78 43 DC 80 1D 42 00 00 58 42
1787903533.577240,34680,0d70,12,53 38 80 43 CD 0D 08 42 00 00 5C 42
1787903533.587641,34680,0d71,12,6B F2 83 43 E9 4E EA 41 00 00 60 42
1787903533.597983,34680,0d72,12,EF 92 87 43 74 1D CB 41 00 00 64 42
1787903533.610959,34680,0d73,12,AB 04 8B 43 A4 C5 B3 41 00 00 68 42
1787903533.621278,34680,0d74,12,88 34 8E 43 80 36 A5 41 00 00 6C 42
1787903533.631631,34680,0d75,12,8C 0F 91 43 60 02 A0 41 00 00 70 42
1787903533.642004,34680,0d76,12,E2 85 93 43 E0 5F A4 41 00 00 74 42
1787903533.652339,34680,0d77,12,12 89 95 43 70 22 B2 41 00 00 78 42
1787903533.663713,34680,0d78,12,65 0D 97 43 9E BD C8 41 00 00 7C 42
1787903533.674204,34680,0d79,12,74 0A 98 43 00 48 E7 41 00 00 80 42
1787903533.685464,34680,0d7a,12,5C 7A 98 43 4E 47 06 42 00 00 82 42
1787903533.696392,34680,0d7b,12,B0 5A 98 43 71 89 1B 42 00 00 84 42
1787903533.706956,34680,0d7c,12,15 AC 97 43 6B 91 32 42 00 00 86 42
1787903533.719294,34680,0d7d,12,9C 72 96 43 28 74 4A 42 00 00 88 42
1787903533.730336,34680,0d7e,12,12 B5 94 43 04 3C 62 42 00 00 8A 42
1787903533.741053,34680,0d7f,12,D0 7D 92 43 F9 F9 78 42 00 00 8C 42
1787903533.751638,34680,0d80,12,22 D9 8F 43 02 E2 86 42 00 00 8E 42
1787903533.762660,34680,0d81,12,6E D6 8C 43 FA E2 8F 42 00 00 90 42
1787903533.773122,34680,0d82,12,62 87 89 43 FD 23 97 42 00 00 92 42
1787903533.784106,34680,0d83,12,53 FE 85 43 AE 5A 9C 42 00 00 94 42
1787903533.795124,34680,0d84,12,50 50 82 43 A4 52 9F 42 00 00 96 42
1787903533.806844,34680,0d85,12,7B 23 7D 43 16 ED 9F 42 00 00 98 42
1787903533.817356,34680,0d86,12,0B B1 75 43 DC 23 9E 42 00 00 9A 42
1787903533.827780,34680,0d87,12,E0 74 6E 43 30 09 9A 42 00 00 9C 42
1787903533.838080,34680,0d88,12,15 97 67 43 87 C7 93 42 00 00 9E 42
1787903533.848447,34680,0d89,12,8D 40 61 43 C5 9D 8B 42 00 00 A0 42
1787903533.858777,34680,0d8a,12,69 94 5B 43 A4 DF 81 42 00 00 A2 42
1787903533.869345,34680,0d8b,12,F9 B3 56 43 2E E1 6D 42 00 00 A4 42
1787903533.879723,34680,0d8c,12,A6 BB 52 43 6F 80 56 42 00 00 A6 42
1787903533.890096,34680,0d8d,12,73 C1 4F 43 89 8D 3E 42 00 00 A8 42
1787903533.900436,34680,0d8e,12,18 D7 4D 43 34 F9 26 42 00 00 AA 42
1787903533.910761,34680,0d8f,12,35 07 4D 43 FA B5 10 42 00 00 AC 42
1787903533.921152,34680,0d90,12,B6 56 4D 43 32 4E F9 41 00 00 AE 42
1787903533.936622,34680,0d91,12,9E C3 4E 43 99 32 D7 41 00 00 B0 42
1787903533.947050,34680,0d92,12,05 46 51 43 14 77 BC 41 00 00 B2 42
1787903533.958029,34680,0d93,12,FB CE 54 43 56 28 AA 41 00 00 B4 42
1787903533.968332,34680,0d94,12,E7 4A 59 43 A1 03 A1 41 00 00 B6 42
1787903533.978649,34680,0d95,12,AF 9F 5E 43 49 66 A1 41 00 00 B8 42
1787903533.988964,34680,0d96,12,00 AE 64 43 61 4C AB 41 00 00 BA 42
1787903533.999256,34680,0d97,12,48 54 6B 43 09 4F BE 41 00 00 BC 42
1787903534.009603,34680,0d98,12,EF 6A 72 43 2F AF D9 41 00 00 BE 42
1787903534.019915,34680,0d99,12,AA CA 79 43 41 54 FC 41 00 00 C0 42
1787903534.030729,34680,0d9a,12,2D A4 80 43 50 6E 12 42 00 00 C2 42
1787903534.041220,34680,0d9b,12,12 5C 84 43 49 D5 28 42 00 00 C4 42
1787903534.051629,34680,0d9c,12,69 F8 87 43 83 78 40 42 00 00 C6 42
1787903534.062000,34680,0d9d,12,B1 63 8B 43 67 6A 58 42 00 00 C8 42
1787903534.072307,34680,0d9e,12,F6 8A 8E 43 BC B4 6F 42 00 00 CA 42
1787903534.082633,34680,0d9f,12,B9 5B 91 43 E4 B4 82 42 00 00 CC 42
1787903534.095636,34680,0da0,12,8C C5 93 43 FD 55 8C 42 00 00 CE 42
1787903534.106607,34680,0da1,12,10 BB 95 43 D1 5A 94 42 00 00 D0 42
1787903534.117120,34680,0da2,12,9A 30 97 43 C6 72 9A 42 00 00 D2 42
1787903534.127615,34680,0da3,12,14 1E 98 43 F8 5E 9E 42 00 00 D4 42
1787903534.138184,34680,0da4,12,FB 7D 98 43 5C F7 9F 42 00 00 D6 42
1787903534.148722,34680,0da5,12,32 4E 98 43 AB 2B 9F 42 00 00 D8 42
1787903534.162117,34680,0da6,12,C4 8F 97 43 59 04 9C 42 00 00 DA 42
1787903534.172438,34680,0da7,12,1D 47 96 43 1A A1 96 42 00 00 DC 42
1787903534.182832,34680,0da8,12,5C 7B 94 43 12 39 8F 42 00 00 DE 42
1787903534.193105,34680,0da9,12,F0 36 92 43 DC 17 86 42 00 00 E0 42
1787903534.203501,34680,0daa,12,30 87 8F 43 4E 35 77 42 00 00 E2 42
1787903534.216526,34680,0dab,12,00 7B 8C 43 DD 5A 60 42 00 00 E4 42
1787903534.226951,34680,0dac,12,85 24 89 43 1B 86 48 42 00 00 E6 42
1787903534.237234,34680,0dad,12,40 96 85 43 00 AC 30 42 00 00 E8 42
1787903534.248142,34680,0dae,12,FA E4 81 43 02 C0 19 42 00 00 EA 42
1787903534.258433,34680,0daf,12,A3 4C 7C 43 1A AC 04 42 00 00 EC 42
1787903534.268735,34680,0db0,12,14 DE 74 43 73 91 E4 41 00 00 EE 42
1787903534.279179,34680,0db1,12,86 AA 6D 43 6E 9D C6 41 00 00 A0 41
1787903534.291143,34680,0db2,12,E5 D9 66 43 FA B0 B0 41 00 00 A8 41
1787903534.301897,34680,0db3,12,26 94 60 43 DF AB A3 41 00 00 B0 41
1787903534.312604,34680,0db4,12,E6 FD 5A 43 02 13 A0 41 00 00 B8 41
1787903534.323176,34680,0db5,12,1D 36 56 43 44 0A A6 41 00 00 C0 41
1787903534.333742,34680,0db6,12,42 59 52 43 AF 55 B5 41 00 00 C8 41
1787903534.345058,34680,0db7,12,BF 7C 4F 43 0D 59 CD 41 00 00 D0 41
1787903534.356336,34680,0db8,12,7B B1 4D 43 43 1F ED 41 00 00 D8 41
1787903534.367462,34680,0db9,12,CC 01 4D 43 00 B2 09 42 00 00 E0 41
1787903534.377937,34680,0dba,12,7F 71 4D 43 8D 4E 1F 42 00 00 E8 41
1787903534.388405,34680,0dbb,12,FC FD 4E 43 12 8C 36 42 00 00 F0 41
1787903534.399181,34680,0dbc,12,AB 9E 51 43 BC 7B 4E 42 00 00 F8 41
1787903534.409535,34680,0dbd,12,57 44 55 43 38 29 66 42 00 00 00 42
1787903534.419863,34680,0dbe,12,7F D9 59 43 DA A2 7C 42 00 00 04 42
1787903534.430223,34680,0dbf,12,BE 44 5F 43 DD 80 88 42 00 00 08 42
1787903534.441119,34680,0dc0,12,CE 65 65 43 8C 3C 91 42 00 00 0C 42
1787903534.454753,34680,0dc1,12,B6 1A 6C 43 7F 2A 98 42 00 00 10 42
1787903534.465157,34680,0dc2,12,4A 3C 73 43 FA 03 9D 42 00 00 14 42
1787903534.475534,34680,0dc3,12,BF A0 7A 43 7E 97 9F 42 00 00 18 42
1787903534.485903,34680,0dc4,12,8E 0F 81 43 D3 CA 9F 42 00 00 1C 42
1787903534.496569,34680,0dc5,12,60 C5 84 43 F5 9B 9D 42 00 00 20 42
1787903534.522328,34680,0dc6,12,46 5D 88 43 10 21 99 42 00 00 24 42
1787903534.533019,34680,0dc7,12,32 C2 8B 43 DF 87 92 42 00 00 28 42
1787903534.543502,34680,0dc8,12,4E E0 8E 43 BC 13 8A 42 00 00 2C 42
1787903534.553944,34680,0dc9,12,54 A6 91 43 C3 1B 80 42 00 00 30 42
1787903534.564335,34680,0dca,12,BF 03 94 43 54 08 6A 42 00 00 34 42
1787903534.574789,34680,0dcb,12,74 EB 95 43 C0 7D 52 42 00 00 38 42
1787903534.585124,34680,0dcc,12,38 52 97 43 17 88 3A 42 00 00 3C 42
1787903534.595452,34680,0dcd,12,EE 2F 98 43 E7 1B 23 42 00 00 40 42
1787903534.605831,34680,0dce,12,C7 7F 98 43 E6 29 0D 42 00 00 44 42
1787903534.616380,34680,0dcf,12,E9 3F 98 43 55 1D F3 41 00 00 48 42
1787903534.637789,34680,0dd0,12,B6 71 97 43 38 28 D2 41 00 00 4C 42
1787903534.648469,34680,0dd1,12,CE 19 96 43 DD C4 B8 41 00 00 50 42
1787903534.658890,34680,0dd2,12,23 40 94 43 65 F6 A7 41 00 00 54 42
1787903534.669571,34680,0dd3,12,F7 EE 91 43 99 68 A0 41 00 00 58 42
1787903534.679928,34680,0dd4,12,16 34 8F 43 62 67 A2 41 00 00 5C 42
1787903534.690292,34680,0dd5,12,A1 1E 8C 43 5A DF AD 41 00 00 60 42
1787903534.701692,34680,0dd6,12,99 C0 88 43 70 5B C2 41 00 00 64 42
1787903534.712343,34680,0dd7,12,BC 2D 85 43 8E 0A DF 41 00 00 68 42
1787903534.722694,34680,0dd8,12,DA 79 81 43 70 62 01 42 00 00 6C 42
1787903534.733031,34680,0dd9,12,FD 75 7B 43 A7 11 16 42 00 00 70 42
1787903534.743587,34680,0dda,12,D8 0B 74 43 85 BE 2C 42 00 00 74 42
1787903534.754074,34680,0ddb,12,B3 E0 6C 43 97 81 44 42 00 00 78 42
1787903534.764509,34680,0ddc,12,74 1E 66 43 53 68 5C 42 00 00 7C 42
1787903534.774996,34680,0ddd,12,92 EA 5F 43 02 7D 73 42 00 00 80 42
1787903534.788409,34680,0dde,12,FD 69 5A 43 D3 6B 84 42 00 00 82 42
1787903534.798900,34680,0ddf,12,34 BB 55 43 37 CE 8D 42 00 00 84 42
1787903534.809438,34680,0de0,12,C1 F9 51 43 E4 85 95 42 00 00 86 42
1787903534.844484,34680,0de1,12,7A 3B 4F 43 14 44 9B 42 00 00 88 42
1787903534.856694,34680,0de2,12,93 8F 4D 43 F8 CD 9E 42 00 00 8A 42
1787903534.869587,34680,0de3,12,00 00 4D 43 00 00 A0 42 00 00 8C 42
1787903534.880314,34680,0de4,12,DD 8F 4D 43 9A CD 9E 42 00 00 8E 42
1787903534.892124,34680,0de5,12,0C 3C 4F 43 FE 42 9B 42 00 00 90 42
1787903534.902782,34680,0de6,12,99 FA 51 43 50 84 95 42 00 00 92 42
1787903534.913976,34680,0de7,12,4C BC 55 43 E2 CC 8D 42 00 00 94 42
1787903534.925601,34680,0de8,12,C7 6A 5A 43 44 6A 84 42 00 00 96 42
1787903534.936286,34680,0de9,12,17 EC 5F 43 8E 79 73 42 00 00 98 42
1787903534.946614,34680,0dea,12,22 20 66 43 D4 62 5C 42 00 00 9A 42
1787903534.956961,34680,0deb,12,82 E2 6C 43 04 7C 44 42 00 00 9C 42
1787903534.967254,34680,0dec,12,BD 0D 74 43 EA BA 2C 42 00 00 9E 42
1787903534.977695,34680,0ded,12,24 77 7B 43 49 0E 16 42 00 00 A0 42
1787903534.988041,34680,0dee,12,D1 7A 81 43 72 5F 01 42 00 00 A2 42
1787903535.001853,34680,0def,12,AE 2E 85 43 04 03 DF 41 00 00 A4 42
1787903535.012265,34680,0df0,12,80 C1 88 43 AF 55 C2 41 00 00 A6 42
1787903535.022660,34680,0df1,12,78 1F 8C 43 DF DC AD 41 00 00 A8 42
1787903535.032942,34680,0df2,12,89 34 8F 43 56 66 A2 41 00 00 AA 42
1787903535.043582,34680,0df3,12,9F EF 91 43 08 69 A0 41 00 00 AC 42
1787903535.053944,34680,0df4,12,AE 40 94 43 40 F9 A7 41 00 00 AE 42
1787903535.066516,34680,0df5,12,38 1A 96 43 CC C9 B8 41 00 00 B0 42
1787903535.076845,34680,0df6,12,FD 71 97 43 C0 2C D2 41 00 00 B2 42
1787903535.087185,34680,0df7,12,FE 3F 98 43 F0 22 F3 41 00 00 B4 42
1787903535.097583,34680,0df8,12,C5 7F 98 43 21 2D 0D 42 00 00 B6 42
1787903535.107984,34680,0df9,12,C6 2F 98 43 36 21 23 42 00 00 B8 42
1787903535.122764,34680,0dfa,12,ED 51 97 43 A2 8D 3A 42 00 00 BA 42
1787903535.133239,34680,0dfb,12,06 EB 95 43 71 81 52 42 00 00 BC 42
1787903535.143692,34680,0dfc,12,6A 03 94 43 E1 0B 6A 42 00 00 BE 42
1787903535.154507,34680,0dfd,12,A9 A5 91 43 66 1D 80 42 00 00 C0 42
1787903545.201359,34680,0dff,12,8A DF 8E 43 E4 15 8A 42 00 00 C2 42
1787903545.211390,34680,0e00,12,59 C1 8B 43 A2 89 92 42 00 00 C4 42
1787903545.236670,34680,0e01,12,5E 5C 88 43 EC 21 99 42 00 00 C6 42
1787903545.248340,34680,0e02,12,CF C4 84 43 7A 9C 9D 42 00 00 C8 42
1787903545.258881,34680,0e03,12,96 0E 81 43 FB CA 9F 42 00 00 CA 42
1787903545.269410,34680,0e04,12,D0 9E 7A 43 2B 97 9F 42 00 00 CC 42
1787903545.280021,34680,0e05,12,67 3A 73 43 1C 03 9D 42 00 00 CE 42
1787903545.290609,34680,0e06,12,EA 18 6C 43 95 29 98 42 00 00 D0 42
1787903545.301100,34680,0e07,12,CF 64 65 43 54 3B 91 42 00 00 D2 42
1787903545.311610,34680,0e08,12,3E 43 5F 43 64 7F 88 42 00 00 D4 42
1787903545.322041,34680,0e09,12,33 D8 59 43 D6 9D 7C 42 00 00 D6 42
1787903545.332633,34680,0e0a,12,46 43 55 43 D2 23 66 42 00 00 D8 42
1787903545.343036,34680,0e0b,12,DB 9D 51 43 09 78 4E 42 00 00 DA 42
1787903545.354851,34680,0e0c,12,A9 FD 4E 43 68 88 36 42 00 00 DC 42
1787903545.365618,34680,0e0d,12,3D 71 4D 43 11 4B 1F 42 00 00 DE 42
1787903545.376961,34680,0e0e,12,D4 01 4D 43 3B AD 09 42 00 00 E0 42
1787903545.388258,34680,0e0f,12,CE B1 4D 43 11 17 ED 41 00 00 E2 42
1787903545.398707,34680,0e10,12,59 7D 4F 43 B7 54 CD 41 00 00 E4 42
1787903545.409291,34680,0e11,12,C8 59 52 43 A1 52 B5 41 00 00 E6 42
1787903545.419700,34680,0e12,12,3C 37 56 43 9E 08 A6 41 00 00 E8 42
1787903545.430325,34680,0e13,12,3E FF 5A 43 BB 12 A0 41 00 00 EA 42
1787903545.440783,34680,0e14,12,B0 95 60 43 D1 AD A3 41 00 00 EC 42
1787903545.451348,34680,0e15,12,98 DB 66 43 B1 B3 B0 41 00 00 EE 42
1787903545.462170,34680,0e16,12,9C AB 6D 43 76 A1 C6 41 00 00 A0 41
1787903545.472987,34680,0e17,12,FA DF 74 43 A3 96 E4 41 00 00 A8 41
1787903545.483933,34680,0e18,12,93 4E 7C 43 B8 B0 04 42 00 00 B0 41
1787903545.495313,34680,0e19,12,F1 E5 81 43 28 C5 19 42 00 00 B8 41
1787903545.505904,34680,0e1a,12,31 97 85 43 A2 AF 30 42 00 00 C0 41
1787903545.516882,34680,0e1b,12,0E 25 89 43 CF 89 48 42 00 00 C8 41
1787903545.527799,34680,0e1c,12,D4 7B 8C 43 7E 5E 60 42 00 00 D0 41
1787903545.538639,34680,0e1d,12,EF 87 8F 43 6E 3A 77 42 00 00 D8 41
1787903545.549344,34680,0e1e,12,95 37 92 43 28 1A 86 42 00 00 E0 41
1787903545.560052,34680,0e1f,12,E3 7B 94 43 5B 3A 8F 42 00 00 E8 41
1787903545.571026,34680,0e20,12,5A 47 96 43 18 A2 96 42 00 00 F0 41
1787903545.581661,34680,0e21,12,07 90 97 43 03 05 9C 42 00 00 F8 41
1787903545.594462,34680,0e22,12,51 4E 98 43 21 2C 9F 42 00 00 00 42
1787903545.605537,34680,0e23,12,F4 7D 98 43 44 F7 9F 42 00 00 04 42
1787903545.616599,34680,0e24,12,E9 1D 98 43 8A 5E 9E 42 00 00 08 42
1787903545.627324,34680,0e25,12,6B 30 97 43 FE 71 9A 42 00 00 0C 42
1787903545.637974,34680,0e26,12,9E BA 95 43 B8 59 94 42 00 00 10 42
1787903545.656564,34680,0e27,12,FB C4 93 43 EC 53 8C 42 00 00 14 42
1787903545.667035,34680,0e28,12,0B 5B 91 43 7E B2 82 42 00 00 18 42
1787903545.677472,34680,0e29,12,30 8A 8E 43 3D B1 6F 42 00 00 1C 42
1787903545.688089,34680,0e2a,12,2F 63 8B 43 BC 66 58 42 00 00 20 42
1787903545.699234,34680,0e2b,12,80 F7 87 43 D1 74 40 42 00 00 24 42
1787903545.710006,34680,0e2c,12,1F 5B 84 43 E6 CF 28 42 00 00 28 42
1787903545.722271,34680,0e2d,12,35 A3 80 43 52 69 12 42 00 00 2C 42
1787903545.734587,34680,0e2e,12,BD C8 79 43 6B 4E FC 41 00 00 30 42
1787903545.745061,34680,0e2f,12,D0 69 72 43 5E AA D9 41 00 00 34 42
1787903545.755623,34680,0e30,12,7F 52 6B 43 6F 4B BE 41 00 00 38 42
1787903545.766183,34680,0e31,12,5A AC 64 43 FE 48 AB 41 00 00 3C 42
1787903545.778371,34680,0e32,12,35 9E 5E 43 16 65 A1 41 00 00 40 42
1787903545.789267,34680,0e33,12,A1 49 59 43 4F 04 A1 41 00 00 44 42
1787903545.800058,34680,0e34,12,5C CE 54 43 78 2A AA 41 00 00 48 42
1787903545.810929,34680,0e35,12,3C 45 51 43 94 7A BC 41 00 00 4C 42
1787903545.821409,34680,0e36,12,1B C3 4E 43 B8 39 D7 41 00 00 50 42
1787903545.831821,34680,0e37,12,7C 56 4D 43 E1 56 F9 41 00 00 54 42
1787903545.842323,34680,0e38,12,46 07 4D 43 44 B9 10 42 00 00 58 42
1787903545.852829,34680,0e39,12,4E D7 4D 43 C3 FC 26 42 00 00 5C 42
1787903545.863462,34680,0e3a,12,16 C2 4F 43 3A 91 3E 42 00 00 60 42
1787903545.873989,34680,0e3b,12,8D BC 52 43 F8 85 56 42 00 00 64 42
1787903545.885300,34680,0e3c,12,1F B5 56 43 79 E6 6D 42 00 00 68 42
1787903545.896189,34680,0e3d,12,C7 95 5B 43 40 E1 81 42 00 00 6C 42
1787903545.906852,34680,0e3e,12,7B 41 61 43 29 9F 8B 42 00 00 70 42
1787903545.917380,34680,0e3f,12,CC 98 67 43 A6 C8 93 42 00 00 74 42
1787903545.927885,34680,0e40,12,B5 76 6E 43 66 0A 9A 42 00 00 78 42
1787903545.938692,34680,0e41,12,F3 B2 75 43 8C 24 9E 42 00 00 7C 42
1787903545.949336,34680,0e42,12,6B 25 7D 43 2E ED 9F 42 00 00 80 42
1787903545.962026,34680,0e43,12,E3 50 82 43 5D 52 9F 42 00 00 82 42
1787903545.973670,34680,0e44,12,43 FF 85 43 0B 5A 9C 42 00 00 84 42
1787903545.984159,34680,0e45,12,45 88 89 43 88 22 97 42 00 00 86 42
1787903545.994788,34680,0e46,12,40 D7 8C 43 13 E1 8F 42 00 00 88 42
1787903546.005595,34680,0e47,12,DE D9 8F 43 80 E0 86 42 00 00 8A 42
1787903546.022040,34680,0e48,12,31 7E 92 43 97 F6 78 42 00 00 8C 42
1787903546.033247,34680,0e49,12,95 B5 94 43 67 38 62 42 00 00 8E 42
1787903546.043961,34680,0e4a,12,FF 72 96 43 94 6E 4A 42 00 00 90 42
1787903546.058264,34680,0e4b,12,54 AC 97 43 EE 8B 32 42 00 00 92 42
1787903546.068771,34680,0e4c,12,CB 5A 98 43 00 86 1B 42 00 00 94 42
1787903546.079403,34680,0e4d,12,56 7A 98 43 36 44 06 42 00 00 96 42
1787903546.090457,34680,0e4e,12,44 0A 98 43 BB 42 E7 41 00 00 98 42
1787903546.101206,34680,0e4f,12,12 0D 97 43 66 B7 C8 41 00 00 9A 42
1787903546.111688,34680,0e50,12,9C 88 95 43 30 1E B2 41 00 00 9C 42
1787903546.122103,34680,0e51,12,4E 85 93 43 78 5E A4 41 00 00 9E 42
1787903546.132568,34680,0e52,12,23 0F 91 43 70 02 A0 41 00 00 A0 42
1787903546.143026,34680,0e53,12,C0 33 8E 43 08 38 A5 41 00 00 A2 42
1787903546.153560,34680,0e54,12,CF 03 8B 43 13 CA B3 41 00 00 A4 42
1787903546.164100,34680,0e55,12,04 92 87 43 D6 23 CB 41 00 00 A6 42
1787903546.174638,34680,0e56,12,76 F1 83 43 45 54 EA 41 00 00 A8 42
1787903546.185109,34680,0e57,12,BF 37 80 43 F0 10 08 42 00 00 AA 42
1787903546.195785,34680,0e58,12,0A F3 78 43 52 84 1D 42 00 00 AC 42
1787903546.206434,34680,0e59,12,61 99 71 43 56 A9 34 42 00 00 AE 42
1787903546.222069,34680,0e5a,12,80 8D 6A 43 BF 93 4C 42 00 00 B0 42
1787903546.235590,34680,0e5b,12,78 F6 63 43 9C 4D 64 42 00 00 B2 42
1787903546.246145,34680,0e5c,12,83 FB 5D 43 75 E8 7A 42 00 00 B4 42
1787903546.257807,34680,0e5d,12,C9 BD 58 43 D6 BD 87 42 00 00 B6 42
1787903546.272653,34680,0e5e,12,16 5C 54 43 A0 9A 90 42 00 00 B8 42
1787903546.288284,34680,0e5f,12,EC EF 50 43 23 B0 97 42 00 00 BA 42
1787903546.324261,34680,0e60,12,42 8C 4E 43 C1 B5 9C 42 00 00 BC 42
1787903546.338195,34680,0e61,12,53 3F 4D 43 00 79 9F 42 00 00 BE 42
1787903546.355136,34680,0e62,12,54 10 4D 43 32 DD 9F 42 00 00 C0 42
1787903546.367432,34680,0e63,12,84 00 4E 43 5A DE 9D 42 00 00 C2 42
1787903546.378209,34680,0e64,12,3B 0A 50 43 D6 90 99 42 00 00 C4 42
1787903546.388655,34680,0e65,12,2C 22 53 43 25 21 93 42 00 00 C6 42
1787903546.399345,34680,0e66,12,EB 35 57 43 FA CF 8A 42 00 00 C8 42
1787903546.409723,34680,0e67,12,DF 2E 5C 43 A4 F2 80 42 00 00 CA 42
1787903546.421977,34680,0e68,12,0F F0 61 43 A9 DB 6B 42 00 00 CC 42
1787903546.432513,34680,0e69,12,B1 57 68 43 08 64 54 42 00 00 CE 42
1787903546.443345,34680,0e6a,12,43 42 6F 43 CC 6F 3C 42 00 00 D0 42
1787903546.453699,34680,0e6b,12,98 86 76 43 B9 EF 24 42 00 00 D2 42
1787903546.464001,34680,0e6c,12,66 FC 7D 43 8D D5 0E 42 00 00 D4 42
1787903546.474533,34680,0e6d,12,05 BC 82 43 C2 05 F6 41 00 00 D6 42
1787903546.484962,34680,0e6e,12,DD 66 86 43 15 84 D4 41 00 00 D8 42
1787903546.495346,34680,0e6f,12,66 EA 89 43 CD 7D BA 41 00 00 DA 42
1787903546.506180,34680,0e70,12,B6 31 8D 43 7E F8 A8 41 00 00 DC 42
1787903546.516956,34680,0e71,12,9E 2A 90 43 56 A9 A0 41 00 00 DE 42
1787903546.527540,34680,0e72,12,AD C3 92 43 25 E5 A1 41 00 00 E0 42
1787903546.538261,34680,0e73,12,BE ED 94 43 53 9F AC 41 00 00 E2 42
1787903546.548957,34680,0e74,12,D2 9C 96 43 81 68 C0 41 00 00 E4 42
1787903546.559685,34680,0e75,12,E2 C6 97 43 CE 79 DC 41 00 00 E6 42
1787903546.570345,34680,0e76,12,79 65 98 43 89 B3 FF 41 00 00 E8 42
1787903546.581037,34680,0e77,12,E2 74 98 43 12 57 14 42 00 00 EA 42
1787903546.591653,34680,0e78,12,DA F4 97 43 AD E3 2A 42 00 00 EC 42
1787903546.602303,34680,0e79,12,24 E8 96 43 8C 97 42 42 00 00 EE 42
1787903546.613250,34680,0e7a,12,02 55 95 43 6F 84 5A 42 00 00 A0 41
1787903546.624137,34680,0e7b,12,2E 44 93 43 50 B4 71 42 00 00 A8 41
1787903546.634985,34680,0e7c,12,AD C1 90 43 41 9D 83 42 00 00 B0 41
1787903546.645827,34680,0e7d,12,3F DC 8D 43 A9 1D 8D 42 00 00 B8 41
1787903546.656850,34680,0e7e,12,F2 A3 8A 43 DA F9 94 42 00 00 C0 41
1787903546.667779,34680,0e7f,12,F3 2B 87 43 D1 E2 9A 42 00 00 C8 41
1787903546.678603,34680,0e80,12,7C 87 83 43 8E 9B 9E 42 00 00 D0 41
1787903546.692109,34680,0e81,12,B0 97 7F 43 13 FE 9F 42 00 00 D8 41
1787903546.702940,34680,0e82,12,C6 1D 78 43 3D FC 9E 42 00 00 E0 41
1787903546.713619,34680,0e83,12,AB CA 70 43 B0 A0 9B 42 00 00 E8 41
1787903546.724120,34680,0e84,12,FC C9 69 43 29 0D 96 42 00 00 F0 41
1787903546.734806,34680,0e85,12,89 42 63 43 C0 7A 8E 42 00 00 F8 41
1787903546.745362,34680,0e86,12,A0 5A 5D 43 C0 36 85 42 00 00 00 42
1787903546.755719,34680,0e87,12,B5 34 58 43 74 3F 75 42 00 00 04 42
1787903546.767437,34680,0e88,12,51 ED 53 43 67 45 5E 42 00 00 08 42
1787903546.778068,34680,0e89,12,F0 9D 50 43 49 66 46 42 00 00 0C 42
1787903546.789087,34680,0e8a,12,E9 58 4E 43 82 97 2E 42 00 00 10 42
1787903546.799778,34680,0e8b,12,B1 2B 4D 43 13 CC 17 42 00 00 14 42
1787903546.810493,34680,0e8c,12,FE 1C 4D 43 A8 EC 02 42 00 00 18 42
1787903546.821248,34680,0e8d,12,21 2D 4E 43 2D 9F E1 41 00 00 1C 42
1787903546.835946,34680,0e8e,12,C6 55 50 43 E2 55 C4 41 00 00 20 42
1787903546.847337,34680,0e8f,12,F6 8A 53 43 6D 2B AF 41 00 00 24 42
1787903546.858427,34680,0e90,12,14 BA 57 43 D8 F7 A2 41 00 00 28 42
1787903546.869399,34680,0e91,12,7C CA 5C 43 AF 37 A0 41 00 00 2C 42
1787903546.880057,34680,0e92,12,1D A0 62 43 1E 06 A7 41 00 00 30 42
1787903546.890795,34680,0e93,12,39 18 69 43 BD 1E B7 41 00 00 34 42
1787903546.901646,34680,0e94,12,F5 0E 70 43 15 DD CF 41 00 00 38 42
1787903546.912148,34680,0e95,12,9F 5B 77 43 98 44 F0 41 00 00 3C 42
1787903546.922892,34680,0e96,12,74 D3 7E 43 42 85 0B 42 00 00 40 42
1787903546.935345,34680,0e97,12,88 26 83 43 C4 4F 21 42 00 00 44 42
1787903546.945886,34680,0e98,12,F7 CD 86 43 CB A6 38 42 00 00 48 42
1787903546.956378,34680,0e99,12,C7 4B 8A 43 7C 9A 50 42 00 00 4C 42
1787903546.969260,34680,0e9a,12,80 8B 8D 43 5C 36 68 42 00 00 50 42
1787903546.980309,34680,0e9b,12,2A 7A 90 43 6F 89 7E 42 00 00 54 42
1787903546.991748,34680,0e9c,12,84 07 93 43 30 57 89 42 00 00 58 42
1787903547.002309,34680,0e9d,12,5B 24 95 43 5B ED 91 42 00 00 5C 42
1787903547.013058,34680,0e9e,12,F9 C4 96 43 BC AE 98 42 00 00 60 42
1787903547.023910,34680,0e9f,12,C4 DF 97 43 60 56 9D 42 00 00 64 42
1787903547.034787,34680,0ea0,12,5A 6E 98 43 C4 B4 9F 42 00 00 68 42
1787903547.045342,34680,0ea1,12,A6 6D 98 43 D2 B1 9F 42 00 00 6C 42
1787903547.055809,34680,0ea2,12,AA DD 97 43 A8 4D 9D 42 00 00 70 42
1787903547.066380,34680,0ea3,12,86 C1 96 43 96 A0 98 42 00 00 74 42
1787903547.077263,34680,0ea4,12,A2 1F 95 43 58 DA 91 42 00 00 78 42
1787903547.089478,34680,0ea5,12,A1 01 93 43 12 40 89 42 00 00 7C 42
1787903547.101268,34680,0ea6,12,3F 73 90 43 D6 54 7E 42 00 00 80 42
1787903547.111878,34680,0ea7,12,B5 83 8D 43 7C FD 67 42 00 00 82 42
1787903547.123070,34680,0ea8,12,48 43 8A 43 9C 5F 50 42 00 00 84 42
1787903547.134721,34680,0ea9,12,F5 C4 86 43 43 6C 38 42 00 00 86 42
1787903547.145276,34680,0eaa,12,36 1D 83 43 EA 17 21 42 00 00 88 42
1787903547.157260,34680,0eab,12,9F C0 7E 43 4F 52 0B 42 00 00 8A 42
1787903547.167842,34680,0eac,12,02 49 77 43 90 EC EF 41 00 00 8C 42
1787903547.178392,34680,0ead,12,FD FC 6F 43 6F 96 CF 41 00 00 8E 42
1787903547.188844,34680,0eae,12,4C 07 69 43 4A EC B6 41 00 00 90 42
1787903547.199267,34680,0eaf,12,9C 90 62 43 E1 E9 A6 41 00 00 92 42
1787903547.210036,34680,0eb0,12,C2 BC 5C 43 C6 32 A0 41 00 00 94 42
1787903547.220726,34680,0eb1,12,6E AE 57 43 76 0A A3 41 00 00 96 42
1787903547.231766,34680,0eb2,12,A9 81 53 43 D5 54 AF 41 00 00 98 42
1787903547.243129,34680,0eb3,12,06 4F 50 43 6D 94 C4 41 00 00 9A 42
1787903547.253658,34680,0eb4,12,14 29 4E 43 5D F0 E1 41 00 00 9C 42
1787903547.266608,34680,0eb5,12,BD 1B 4D 43 F4 1C 03 42 00 00 9E 42
1787903547.277079,34680,0eb6,12,42 2D 4D 43 26 02 18 42 00 00 A0 42
1787903547.293582,34680,0eb7,12,44 5D 4E 43 34 D1 2E 42 00 00 A2 42
1787903547.304000,34680,0eb8,12,FC A4 50 43 4E A1 46 42 00 00 A4 42
1787903547.314556,34680,0eb9,12,E5 F6 53 43 63 7F 5E 42 00 00 A6 42
1787903547.325302,34680,0eba,12,9A 40 58 43 19 76 75 42 00 00 A8 42
1787903547.340811,34680,0ebb,12,91 68 5D 43 50 4F 85 42 00 00 AA 42
1787903547.357564,34680,0ebc,12,37 52 63 43 93 8F 8E 42 00 00 AC 42
1787903547.370135,34680,0ebd,12,0C DB 69 43 69 1D 96 42 00 00 AE 42
1787903547.381186,34680,0ebe,12,BB DC 70 43 B8 AB 9B 42 00 00 B0 42
1787903547.393041,34680,0ebf,12,6F 30 78 43 9E 01 9F 42 00 00 B2 42
1787903547.404760,34680,0ec0,12,85 AA 7F 43 94 FD 9F 42 00 00 B4 42
1787903547.416586,34680,0ec1,12,C7 90 83 43 34 95 9E 42 00 00 B6 42
1787903547.428161,34680,0ec2,12,E9 34 87 43 DE D6 9A 42 00 00 B8 42
1787903547.438693,34680,0ec3,12,60 AC 8A 43 C8 E8 94 42 00 00 BA 42
1787903547.449571,34680,0ec4,12,F4 E3 8D 43 26 08 8D 42 00 00 BC 42
1787903547.475826,34680,0ec5,12,7C C8 90 43 28 84 83 42 00 00 BE 42
1787903547.486048,34680,0ec6,12,F1 49 93 43 F3 7C 71 42 00 00 C0 42
1787903547.497235,34680,0ec7,12,97 59 95 43 1C 4A 5A 42 00 00 C2 42
1787903547.508487,34680,0ec8,12,71 EB 96 43 96 5C 42 42 00 00 C4 42
1787903547.520085,34680,0ec9,12,CC F6 97 43 6E AA 2A 42 00 00 C6 42
1787903547.534215,34680,0eca,12,6F 75 98 43 D3 21 14 42 00 00 C8 42
1787903547.544827,34680,0ecb,12,9C 64 98 43 47 55 FF 41 00 00 CA 42
1787903547.555326,34680,0ecc,12,A0 C4 97 43 8C 2B DC 41 00 00 CC 42
1787903547.565665,34680,0ecd,12,39 99 96 43 5D 2D C0 41 00 00 CE 42
1787903547.576073,34680,0ece,12,E3 E8 94 43 A8 79 AC 41 00 00 D0 42
1787903547.586454,34680,0ecf,12,AB BD 92 43 74 D6 A1 41 00 00 D2 42
1787903547.596909,34680,0ed0,12,98 23 90 43 35 B2 A0 41 00 00 D4 42
1787903547.607906,34680,0ed1,12,D4 29 8D 43 93 18 A9 41 00 00 D6 42
1787903547.618421,34680,0ed2,12,D6 E1 89 43 D0 B3 BA 41 00 00 D8 42
1787903547.628865,34680,0ed3,12,CF 5D 86 43 DE CD D4 41 00 00 DA 42
1787903547.639400,34680,0ed4,12,AE B2 82 43 60 60 F6 41 00 00 DC 42
1787903547.649886,34680,0ed5,12,92 E9 7D 43 79 09 0F 42 00 00 DE 42
1787903547.660894,34680,0ed6,12,08 74 76 43 30 28 25 42 00 00 E0 42
1787903547.671397,34680,0ed7,12,64 30 6F 43 8D AA 3C 42 00 00 E2 42
1787903547.681895,34680,0ed8,12,E8 46 68 43 BC 9E 54 42 00 00 E4 42
1787903547.692392,34680,0ed9,12,BE E0 61 43 F8 13 6C 42 00 00 E6 42
1787903547.702996,34680,0eda,12,5D 21 5C 43 7A 0C 81 42 00 00 E8 42
1787903547.713485,34680,0edb,12,86 2A 57 43 76 E6 8A 42 00 00 EA 42
1787903547.724404,34680,0edc,12,25 19 53 43 63 33 93 42 00 00 EC 42
1787903547.734873,34680,0edd,12,C7 03 50 43 1B 9E 99 42 00 00 EE 42
1787903547.745535,34680,0ede,12,C8 FC 4D 43 1F E6 9D 42 00 00 A0 41
1787903547.756076,34680,0edf,12,64 0F 4D 43 27 DF 9F 42 00 00 A8 41
1787903547.766607,34680,0ee0,12,35 41 4D 43 11 75 9F 42 00 00 B0 41
1787903547.779199,34680,0ee1,12,EC 90 4E 43 16 AC 9C 42 00 00 B8 41
1787903547.798321,34680,0ee2,12,42 F7 50 43 20 A1 97 42 00 00 C0 41
1787903547.808998,34680,0ee3,12,F0 65 54 43 DE 86 90 42 00 00 C8 41
1787903547.819491,34680,0ee4,12,EC C9 58 43 1E A6 87 42 00 00 D0 41
1787903547.830027,34680,0ee5,12,AA 09 5E 43 FC B2 7A 42 00 00 D8 41
1787903547.840538,34680,0ee6,12,52 06 64 43 3E 14 64 42 00 00 E0 41
1787903547.851846,34680,0ee7,12,B2 9E 6A 43 C4 58 4C 42 00 00 E8 41
1787903547.862505,34680,0ee8,12,87 AB 71 43 18 6F 34 42 00 00 F0 41
1787903547.873018,34680,0ee9,12,BC 05 79 43 24 4D 1D 42 00 00 F8 41
1787903547.883636,34680,0eea,12,29 41 80 43 05 DF 07 42 00 00 00 42
1787903547.894182,34680,0eeb,12,BB FA 83 43 F0 FE E9 41 00 00 04 42
1787903547.904579,34680,0eec,12,ED 9A 87 43 68 E0 CA 41 00 00 08 42
1787903547.916934,34680,0eed,12,2A 0C 8B 43 3D 9B B3 41 00 00 0C 42
1787903547.927508,34680,0eee,12,5D 3B 8E 43 A9 1F A5 41 00 00 10 42
1787903547.938221,34680,0eef,12,D5 15 91 43 80 01 A0 41 00 00 14 42
1787903547.954891,34680,0ef0,12,F0 8A 93 43 00 75 A4 41 00 00 18 42
1787903547.965501,34680,0ef1,12,0E 8D 95 43 49 4B B2 41 00 00 1C 42
1787903547.982861,34680,0ef2,12,39 10 97 43 46 F9 C8 41 00 00 20 42
1787903547.993843,34680,0ef3,12,0F 0C 98 43 C1 96 E7 41 00 00 24 42
1787903548.004651,34680,0ef4,12,B9 7A 98 43 9E 75 06 42 00 00 28 42
1787903548.015245,34680,0ef5,12,C6 59 98 43 D7 BC 1B 42 00 00 2C 42
1787903548.025828,34680,0ef6,12,EB A9 97 43 03 C6 32 42 00 00 30 42
1787903548.038979,34680,0ef7,12,41 6F 96 43 96 A9 4A 42 00 00 34 42
1787903548.051322,34680,0ef8,12,97 B0 94 43 FC 71 62 42 00 00 38 42
1787903548.061752,34680,0ef9,12,10 78 92 43 74 2C 79 42 00 00 3C 42
1787903548.072139,34680,0efa,12,BD D2 8F 43 80 F8 86 42 00 00 40 42
1787903548.082556,34680,0efb,12,48 CF 8C 43 2F F5 8F 42 00 00 44 42
1787903548.093036,34680,0efc,12,A4 7F 89 43 F2 31 97 42 00 00 48 42
1787903548.103445,34680,0efd,12,2A F6 85 43 26 64 9C 42 00 00 4C 42
1787903548.113872,34680,0efe,12,88 47 82 43 C3 56 9F 42 00 00 50 42
1787903548.124274,34680,0eff,12,99 12 7D 43 B1 EB 9F 42 00 00 54 42
1787903548.134686,34680,0f00,12,72 A0 75 43 3C 1D 9E 42 00 00 58 42
1787903548.145133,34680,0f01,12,EF 64 6E 43 8D FD 99 42 00 00 5C 42
1787903548.156232,34680,0f02,12,29 88 67 43 C7 B6 93 42 00 00 60 42
1787903548.166690,34680,0f03,12,59 32 61 43 FB 88 8B 42 00 00 64 42
1787903548.177005,34680,0f04,12,7E 88 5B 43 A4 C7 81 42 00 00 68 42
1787903548.187671,34680,0f05,12,FB A9 56 43 74 AE 6D 42 00 00 6C 42
1787903548.198183,34680,0f06,12,CE B3 52 43 60 4B 56 42 00 00 70 42
1787903548.208519,34680,0f07,12,EE BB 4F 43 64 56 3E 42 00 00 74 42
1787903548.219167,34680,0f08,12,E1 D3 4D 43 08 C4 26 42 00 00 78 42
1787903548.229749,34680,0f09,12,A7 06 4D 43 E7 84 10 42 00 00 7C 42
1787903548.240194,34680,0f0a,12,B0 58 4D 43 10 FB F8 41 00 00 80 42
1787903548.250722,34680,0f0b,12,13 C8 4E 43 79 EE D6 41 00 00 82 42
1787903548.261916,34680,0f0c,12,DD 4C 51 43 E7 42 BC 41 00 00 84 42
1787903548.272267,34680,0f0d,12,7A D8 54 43 96 08 AA 41 00 00 86 42
1787903548.282840,34680,0f0e,12,02 56 59 43 92 F9 A0 41 00 00 88 42
1787903548.293282,34680,0f0f,12,91 AC 5E 43 E8 71 A1 41 00 00 8A 42
1787903548.303578,34680,0f10,12,5F BC 64 43 E0 6C AB 41 00 00 8C 42
1787903548.313945,34680,0f11,12,D2 63 6B 43 F1 84 BE 41 00 00 8E 42
1787903548.324272,34680,0f12,12,0B 7C 72 43 36 F7 D9 41 00 00 90 42
1787903548.334610,34680,0f13,12,79 DB 79 43 87 AB FC 41 00 00 92 42
1787903548.344914,34680,0f14,12,9D AC 80 43 28 9E 12 42 00 00 94 42
1787903548.356228,34680,0f15,12,5C 64 84 43 E8 08 29 42 00 00 96 42
1787903548.366830,34680,0f16,12,5B 00 88 43 BA AF 40 42 00 00 98 42
1787903548.377308,34680,0f17,12,77 6B 8B 43 32 A1 58 42 00 00 9A 42
1787903548.387719,34680,0f18,12,B5 91 8E 43 EC E8 6F 42 00 00 9C 42
1787903548.398963,34680,0f19,12,A1 61 91 43 D6 CB 82 42 00 00 9E 42
1787903548.409650,34680,0f1a,12,7D CA 93 43 C1 69 8C 42 00 00 A0 42
1787903548.420082,34680,0f1b,12,EC BE 95 43 2C 6B 94 42 00 00 A2 42
1787903548.430474,34680,0f1c,12,6C 33 97 43 5E 7E 9A 42 00 00 A4 42
1787903548.441266,34680,0f1d,12,8C 1F 98 43 58 65 9E 42 00 00 A6 42
1787903548.452692,34680,0f1e,12,30 7E 98 43 3B F8 9F 42 00 00 A8 42
1787903548.464415,34680,0f1f,12,24 4D 98 43 38 27 9F 42 00 00 AA 42
1787903548.475064,34680,0f20,12,77 8D 97 43 6A FA 9B 42 00 00 AC 42
1787903548.485572,34680,0f21,12,77 43 96 43 3C 92 96 42 00 00 AE 42
1787903548.495923,34680,0f22,12,C3 76 94 43 DE 25 8F 42 00 00 B0 42
1787903548.507335,34680,0f23,12,56 31 92 43 DB 01 86 42 00 00 B2 42
1787903548.517601,34680,0f24,12,B4 80 8F 43 26 04 77 42 00 00 B4 42
1787903548.527945,34680,0f25,12,C7 73 8C 43 B0 24 60 42 00 00 B6 42
1787903548.538905,34680,0f26,12,5D 1C 89 43 CA 4E 48 42 00 00 B8 42
1787903548.549229,34680,0f27,12,0E 8E 85 43 BF 75 30 42 00 00 BA 42
1787903548.559505,34680,0f28,12,91 DC 81 43 B6 8E 19 42 00 00 BC 42
1787903548.569906,34680,0f29,12,C4 3B 7C 43 E3 7F 04 42 00 00 BE 42
1787903548.581589,34680,0f2a,12,89 CD 74 43 18 44 E4 41 00 00 C0 42
1787903548.599700,34680,0f2b,12,F3 99 6D 43 54 61 C6 41 00 00 C2 42
1787903548.610624,34680,0f2c,12,1B CB 66 43 88 88 B0 41 00 00 C4 42
1787903548.621282,34680,0f2d,12,BF 86 60 43 57 99 A3 41 00 00 C6 42
1787903548.631857,34680,0f2e,12,2F F2 5A 43 C3 15 A0 41 00 00 C8 42
1787903548.646385,34680,0f2f,12,5A 2C 56 43 08 23 A6 41 00 00 CA 42
1787903548.657721,34680,0f30,12,50 51 52 43 60 83 B5 41 00 00 CC 42
1787903548.668385,34680,0f31,12,7E 77 4F 43 DA 99 CD 41 00 00 CE 42
1787903548.678862,34680,0f32,12,B0 AE 4D 43 D4 6D ED 41 00 00 D0 42
1787903548.689209,34680,0f33,12,86 01 4D 43 B2 DF 09 42 00 00 D2 42
1787903548.699660,34680,0f34,12,C1 73 4D 43 9C 82 1F 42 00 00 D4 42
1787903548.710073,34680,0f35,12,EF 02 4F 43 CF C2 36 42 00 00 D6 42
1787903548.720356,34680,0f36,12,C6 A5 51 43 F8 B2 4E 42 00 00 D8 42
1787903548.730713,34680,0f37,12,A8 4D 55 43 F0 5C 66 42 00 00 DA 42
1787903548.741062,34680,0f38,12,D0 E4 59 43 DC D2 7C 42 00 00 DC 42
1787903548.751379,34680,0f39,12,CE 51 5F 43 CC 96 88 42 00 00 DE 42
1787903548.761714,34680,0f3a,12,FE 74 65 43 B3 4E 91 42 00 00 E0 42
1787903548.776011,34680,0f3b,12,5C 2A 6C 43 24 38 98 42 00 00 E2 42
1787903548.786603,34680,0f3c,12,B6 4C 73 43 48 0C 9D 42 00 00 E4 42
1787903548.797056,34680,0f3d,12,94 B1 7A 43 95 9A 9F 42 00 00 E6 42
1787903548.807366,34680,0f3e,12,FC 17 81 43 80 C8 9F 42 00 00 E8 42
1787903548.817791,34680,0f3f,12,04 CE 84 43 34 94 9D 42 00 00 EA 42
1787903548.828458,34680,0f40,12,2C 65 88 43 30 14 99 42 00 00 EC 42
1787903548.838852,34680,0f41,12,8E C9 8B 43 FC 76 92 42 00 00 EE 42
1787903548.850118,34680,0f42,12,F7 E6 8E 43 11 FF 89 42 00 00 A0 41
1787903548.860888,34680,0f43,12,22 AC 91 43 51 03 80 42 00 00 A8 41
1787903548.871353,34680,0f44,12,CB 08 94 43 44 D3 69 42 00 00 B0 41
1787903548.881789,34680,0f45,12,2F EF 95 43 A4 46 52 42 00 00 B8 41
1787903548.893167,34680,0f46,12,C7 54 97 43 FD 52 3A 42 00 00 C0 41
1787903548.903802,34680,0f47,12,41 31 98 43 10 E9 22 42 00 00 C8 41
1787903548.914706,34680,0f48,12,D8 7F 98 43 B6 F9 0C 42 00 00 D0 41
1787903548.925362,34680,0f49,12,A8 3E 98 43 AC C9 F2 41 00 00 D8 41
1787903548.936662,34680,0f4a,12,46 6F 97 43 9C E4 D1 41 00 00 E0 41
1787903548.947273,34680,0f4b,12,30 16 96 43 A7 95 B8 41 00 00 E8 41
1787903548.957636,34680,0f4c,12,6C 3B 94 43 2F DB A7 41 00 00 F0 41
1787903548.970819,34680,0f4d,12,41 E9 91 43 3E 62 A0 41 00 00 F8 41
1787903548.981178,34680,0f4e,12,34 2D 8F 43 1A 77 A2 41 00 00 00 42
1787903548.991526,34680,0f4f,12,56 17 8C 43 84 04 AE 41 00 00 04 42
1787903549.001984,34680,0f50,12,BF B8 88 43 A0 92 C2 41 00 00 08 42
1787903549.014282,34680,0f51,12,82 25 85 43 D3 52 DF 41 00 00 0C 42
1787903549.025918,34680,0f52,12,6E 71 81 43 32 8F 01 42 00 00 10 42
1787903549.036333,34680,0f53,12,5B 64 7B 43 FA 43 16 42 00 00 14 42
1787903549.046668,34680,0f54,12,5C FB 73 43 68 F4 2C 42 00 00 18 42
1787903549.056983,34680,0f55,12,F5 D0 6C 43 04 B7 44 42 00 00 1C 42
1787903549.067342,34680,0f56,12,CE 0F 66 43 FB 9C 5C 42 00 00 20 42
1787903549.077739,34680,0f57,12,58 DD 5F 43 8C B0 73 42 00 00 24 42
1787903549.089875,34680,0f58,12,F2 5D 5A 43 15 83 84 42 00 00 28 42
1787903549.100614,34680,0f59,12,AC B1 55 43 09 E2 8D 42 00 00 2C 42
1787903549.111190,34680,0f5a,12,6A F2 51 43 F5 94 95 42 00 00 30 42
1787903549.122329,34680,0f5b,12,7E 36 4F 43 75 4E 9B 42 00 00 34 42
1787903549.134495,34680,0f5c,12,10 8D 4D 43 70 D3 9E 42 00 00 38 42
1787903549.144994,34680,0f5d,12,03 00 4D 43 F9 FF 9F 42 00 00 3C 42
1787903549.155531,34680,0f5e,12,66 92 4D 43 14 C8 9E 42 00 00 40 42
1787903549.165978,34680,0f5f,12,0E 41 4F 43 90 38 9B 42 00 00 44 42
1787903549.176367,34680,0f60,12,F5 01 52 43 34 75 95 42 00 00 48 42
1787903549.186759,34680,0f61,12,D9 C5 55 43 06 B9 8D 42 00 00 4C 42
1787903549.197351,34680,0f62,12,D6 76 5A 43 FA 52 84 42 00 00 50 42
1787903549.207737,34680,0f63,12,55 F9 5F 43 FA 45 73 42 00 00 54 42
1787903549.218737,34680,0f64,12,CC 2E 66 43 27 2E 5C 42 00 00 58 42
1787903549.229573,34680,0f65,12,42 F2 6C 43 99 46 44 42 00 00 5C 42
1787903549.240171,34680,0f66,12,3A 1E 74 43 0E 85 2C 42 00 00 60 42
1787903549.250622,34680,0f67,12,C6 88 7B 43 02 DC 15 42 00 00 64 42
1787903549.261204,34680,0f68,12,3D 83 81 43 C0 32 01 42 00 00 68 42
1787903549.271633,34680,0f69,12,E8 36 85 43 E4 BA DE 41 00 00 6C 42
1787903549.281933,34680,0f6a,12,58 C9 88 43 AC 1E C2 41 00 00 70 42
1787903549.292350,34680,0f6b,12,C2 26 8C 43 E8 B7 AD 41 00 00 74 42
1787903549.306384,34680,0f6c,12,69 3B 8F 43 D5 56 A2 41 00 00 78 42
1787903549.316941,34680,0f6d,12,53 F5 91 43 98 6F A0 41 00 00 7C 42
1787903549.327317,34680,0f6e,12,62 45 94 43 AA 14 A8 41 00 00 80 42
1787903549.337733,34680,0f6f,12,D3 1D 96 43 31 F9 B8 41 00 00 82 42
1787903549.348049,34680,0f70,12,69 74 97 43 87 70 D2 41 00 00 84 42
1787903549.358415,34680,0f71,12,3C 41 98 43 BD 76 F3 41 00 00 86 42
1787903549.368839,34680,0f72,12,B1 7F 98 43 5E 5D 0D 42 00 00 88 42
1787903549.379695,34680,0f73,12,70 2E 98 43 15 54 23 42 00 00 8A 42
1787903549.390267,34680,0f74,12,5B 4F 97 43 BF C2 3A 42 00 00 8C 42
1787903549.401217,34680,0f75,12,47 E7 95 43 8B B8 52 42 00 00 8E 42
1787903549.411902,34680,0f76,12,5C FE 93 43 E9 40 6A 42 00 00 90 42
1787903549.422237,34680,0f77,12,D8 9F 91 43 D3 35 80 42 00 00 92 42
1787903549.432619,34680,0f78,12,E0 D8 8E 43 86 2A 8A 42 00 00 94 42
1787903549.443231,34680,0f79,12,FC B9 8B 43 7B 9A 92 42 00 00 96 42
1787903549.453633,34680,0f7a,12,77 54 88 43 C0 2E 99 42 00 00 98 42
1787903549.464067,34680,0f7b,12,2B BC 84 43 2D A4 9D 42 00 00 9A 42
1787903549.474760,34680,0f7c,12,27 06 81 43 40 CD 9F 42 00 00 9C 42
1787903549.485167,34680,0f7d,12,FC 8D 7A 43 08 94 9F 42 00 00 9E 42
1787903549.495660,34680,0f7e,12,FC 29 73 43 C2 FA 9C 42 00 00 A0 42
1787903549.506608,34680,0f7f,12,47 09 6C 43 E4 1B 98 42 00 00 A2 42
1787903549.517457,34680,0f80,12,A2 55 65 43 24 29 91 42 00 00 A4 42
1787903549.527823,34680,0f81,12,32 36 5F 43 6C 69 88 42 00 00 A6 42
1787903549.538209,34680,0f82,12,E7 CC 59 43 C8 6D 7C 42 00 00 A8 42
1787903549.548594,34680,0f83,12,FA 39 55 43 14 F0 65 42 00 00 AA 42
1787903549.558979,34680,0f84,12,C6 96 51 43 CC 40 4E 42 00 00 AC 42
1787903549.569275,34680,0f85,12,BB F8 4E 43 AF 51 36 42 00 00 AE 42
1787903549.579621,34680,0f86,12,02 6F 4D 43 0C 17 1F 42 00 00 B0 42
1787903549.590034,34680,0f87,12,20 02 4D 43 95 7F 09 42 00 00 B2 42
1787903549.600394,34680,0f88,12,9F B4 4D 43 A4 C8 EC 41 00 00 B4 42
1787903549.610750,34680,0f89,12,A0 82 4F 43 17 14 CD 41 00 00 B6 42
1787903549.621147,34680,0f8a,12,BF 61 52 43 22 25 B5 41 00 00 B8 42
1787903549.631566,34680,0f8b,12,04 41 56 43 10 F0 A5 41 00 00 BA 42
1787903549.642456,34680,0f8c,12,FA 0A 5B 43 2F 10 A0 41 00 00 BC 42
1787903549.653349,34680,0f8d,12,1B A3 60 43 8E C0 A3 41 00 00 BE 42
1787903549.663968,34680,0f8e,12,65 EA 66 43 56 DC B0 41 00 00 C0 42
1787903549.674543,34680,0f8f,12,32 BC 6D 43 BD DD C6 41 00 00 C2 42
1787903549.685629,34680,0f90,12,86 F0 74 43 25 E4 E4 41 00 00 C4 42
1787903549.718108,34680,0f91,12,72 5F 7C 43 FD DC 04 42 00 00 C6 42
1787903549.745860,34680,0f92,12,59 EE 81 43 7E F6 19 42 00 00 C8 42
1787903549.772789,34680,0f93,12,62 9F 85 43 E8 E5 30 42 00 00 CA 42
1787903549.782943,34680,0f94,12,35 2D 89 43 21 C1 48 42 00 00 CC 42
1787903549.793334,34680,0f95,12,0B 83 8C 43 A5 94 60 42 00 00 CE 42
1787903549.803746,34680,0f96,12,69 8E 8F 43 8B 6B 77 42 00 00 D0 42
1787903549.814397,34680,0f97,12,2E 3D 92 43 20 30 86 42 00 00 D2 42
1787903549.824733,34680,0f98,12,7A 80 94 43 85 4D 8F 42 00 00 D4 42
1787903549.835046,34680,0f99,12,FD 4A 96 43 EA B0 96 42 00 00 D6 42
1787903549.845360,34680,0f9a,12,50 92 97 43 E5 0E 9C 42 00 00 D8 42
1787903549.855648,34680,0f9b,12,5D 4F 98 43 88 30 9F 42 00 00 DA 42
1787903549.866007,34680,0f9c,12,BC 7D 98 43 57 F6 9F 42 00 00 DC 42
1787903549.878024,34680,0f9d,12,6F 1C 98 43 1C 58 9E 42 00 00 DE 42
1787903549.888446,34680,0f9e,12,96 2D 97 43 59 66 9A 42 00 00 E0 42
1787903549.898965,34680,0f9f,12,C0 B6 95 43 52 49 94 42 00 00 E2 42
1787903549.918858,34680,0fa0,12,08 C0 93 43 1F 40 8C 42 00 00 E4 42
1787903549.929273,34680,0fa1,12,20 55 91 43 86 9B 82 42 00 00 E6 42
1787903549.941886,34680,0fa2,12,70 83 8E 43 05 7D 6F 42 00 00 E8 42
1787903549.954613,34680,0fa3,12,67 5B 8B 43 ED 2F 58 42 00 00 EA 42
1787903549.965190,34680,0fa4,12,8C EF 87 43 9C 3D 40 42 00 00 EC 42
1787903549.975972,34680,0fa5,12,D5 52 84 43 4E 9C 28 42 00 00 EE 42
1787903549.986485,34680,0fa6,12,C5 9A 80 43 86 39 12 42 00 00 A0 41
1787903550.002551,34680,0fa7,12,EF B7 79 43 45 F7 FB 41 00 00 A8 41
1787903550.013255,34680,0fa8,12,B5 58 72 43 80 62 D9 41 00 00 B0 41
1787903550.023887,34680,0fa9,12,F8 42 6B 43 B6 15 BE 41 00 00 B8 41
1787903550.034539,34680,0faa,12,FE 9D 64 43 B2 28 AB 41 00 00 C0 41
1787903550.044978,34680,0fab,12,57 91 5E 43 AC 59 A1 41 00 00 C8 41
1787903550.055467,34680,0fac,12,8B 3E 59 43 95 0E A1 41 00 00 D0 41
1787903550.065786,34680,0fad,12,E2 C4 54 43 6C 4A AA 41 00 00 D8 41
1787903550.076128,34680,0fae,12,6A 3E 51 43 F0 AE BC 41 00 00 E0 41
1787903550.086471,34680,0faf,12,AC BE 4E 43 01 7E D7 41 00 00 E8 41
1787903550.096826,34680,0fb0,12,8A 54 4D 43 24 AA F9 41 00 00 F0 41
1787903550.107223,34680,0fb1,12,DA 07 4D 43 63 EA 10 42 00 00 F8 41
1787903550.117492,34680,0fb2,12,8C DA 4D 43 F6 31 27 42 00 00 00 42
1787903550.127821,34680,0fb3,12,A1 C7 4F 43 60 C8 3E 42 00 00 04 42
1787903550.138200,34680,0fb4,12,6C C4 52 43 04 BB 56 42 00 00 08 42
1787903550.148534,34680,0fb5,12,22 BF 56 43 2A 19 6E 42 00 00 0C 42
1787903550.158916,34680,0fb6,12,B6 A1 5B 43 38 F9 81 42 00 00 10 42
1787903550.169408,34680,0fb7,12,B2 4F 61 43 EA B3 8B 42 00 00 14 42
1787903550.180221,34680,0fb8,12,BC A7 67 43 5B D9 93 42 00 00 18 42
1787903550.201178,34680,0fb9,12,A8 86 6E 43 FD 15 9A 42 00 00 1C 42
1787903550.212317,34680,0fba,12,8D C3 75 43 20 2B 9E 42 00 00 20 42
1787903550.222755,34680,0fbb,12,4E 36 7D 43 86 EE 9F 42 00 00 24 42
1787903550.233283,34680,0fbc,12,AB 59 82 43 31 4E 9F 42 00 00 28 42
1787903550.243862,34680,0fbd,12,6B 07 86 43 85 50 9C 42 00 00 2C 42
1787903550.254950,34680,0fbe,12,01 90 89 43 88 14 97 42 00 00 30 42
1787903550.266012,34680,0fbf,12,64 DE 8C 43 D5 CE 8F 42 00 00 34 42
1787903550.276659,34680,0fc0,12,41 E0 8F 43 FB C9 86 42 00 00 38 42
1787903550.291671,34680,0fc1,12,EF 83 92 43 11 C4 78 42 00 00 3C 42
1787903550.302103,34680,0fc2,12,0D BA 94 43 68 02 62 42 00 00 40 42
1787903550.315098,34680,0fc3,12,58 76 96 43 25 39 4A 42 00 00 44 42
1787903550.325881,34680,0fc4,12,7A AE 97 43 5B 57 32 42 00 00 48 42
1787903550.337242,34680,0fc5,12,B2 5B 98 43 A4 52 1B 42 00 00 4C 42
1787903550.348380,34680,0fc6,12,F5 79 98 43 F4 15 06 42 00 00 50 42
1787903550.359776,34680,0fc7,12,A6 08 98 43 21 F4 E6 41 00 00 54 42
1787903550.370545,34680,0fc8,12,3A 0A 97 43 EA 7B C8 41 00 00 58 42
1787903550.380983,34680,0fc9,12,9D 84 95 43 88 F5 B1 41 00 00 5C 42
1787903550.391614,34680,0fca,12,3E 80 93 43 8C 49 A4 41 00 00 60 42
1787903550.401932,34680,0fcb,12,D7 08 91 43 87 03 A0 41 00 00 64 42
1787903550.412370,34680,0fcc,12,EA 2C 8E 43 14 4F A5 41 00 00 68 42
1787903550.423692,34680,0fcd,12,4F FC 8A 43 A9 F4 B3 41 00 00 6C 42
1787903550.437762,34680,0fce,12,05 8A 87 43 0E 61 CB 41 00 00 70 42
1787903550.448167,34680,0fcf,12,26 E9 83 43 64 A4 EA 41 00 00 74 42
1787903550.458567,34680,0fd0,12,E9 2E 80 43 C7 3F 08 42 00 00 78 42
1787903550.468970,34680,0fd1,12,44 E2 78 43 13 B8 1D 42 00 00 7C 42
1787903550.479463,34680,0fd2,12,1A 89 71 43 17 DE 34 42 00 00 80 42
1787903550.489998,34680,0fd3,12,16 7E 6A 43 26 C9 4C 42 00 00 82 42
1787903550.500893,34680,0fd4,12,43 E8 63 43 5B 83 64 42 00 00 84 42
1787903550.511265,34680,0fd5,12,3E EE 5D 43 87 1A 7B 42 00 00 86 42
1787903550.521628,34680,0fd6,12,EA B2 58 43 0A D4 87 42 00 00 88 42
1787903550.531962,34680,0fd7,12,46 53 54 43 7C AC 90 42 00 00 8A 42
1787903550.542305,34680,0fd8,12,5C E9 50 43 B0 BD 97 42 00 00 8C 42
1787903550.554827,34680,0fd9,12,19 88 4E 43 C3 BE 9C 42 00 00 8E 42
1787903550.565171,34680,0fda,12,94 3D 4D 43 A2 7C 9F 42 00 00 90 42
1787903550.575567,34680,0fdb,12,31 11 4D 43 50 DB 9F 42 00 00 92 42
1787903550.589401,34680,0fdc,12,E5 03 4E 43 46 D7 9D 42 00 00 94 42
1787903550.600162,34680,0fdd,12,0B 10 50 43 C7 84 99 42 00 00 96 42
1787903550.611740,34680,0fde,12,4A 2A 53 43 02 10 93 42 00 00 98 42
1787903550.622171,34680,0fdf,12,A2 40 57 43 DE BA 8A 42 00 00 9A 42
1787903550.632469,34680,0fe0,12,02 3B 5C 43 67 DA 80 42 00 00 9C 42
1787903550.643139,34680,0fe1,12,D1 FD 61 43 A5 A8 6B 42 00 00 9E 42
1787903550.653662,34680,0fe2,12,C2 66 68 43 DF 2E 54 42 00 00 A0 42
1787903550.664109,34680,0fe3,12,4E 52 6F 43 BE 38 3C 42 00 00 A2 42
1787903550.674422,34680,0fe4,12,04 98 76 43 D6 BA 24 42 00 00 A4 42
1787903550.684765,34680,0fe5,12,4B 0D 7E 43 F0 A4 0E 42 00 00 A6 42
1787903550.695236,34680,0fe6,12,65 C4 82 43 D4 B3 F5 41 00 00 A8 42
1787903550.705824,34680,0fe7,12,FB 6E 86 43 6D 41 D4 41 00 00 AA 42
1787903550.716531,34680,0fe8,12,14 F2 89 43 5C 4B BA 41 00 00 AC 42
1787903550.726965,34680,0fe9,12,1A 39 8D 43 9F DA A8 41 00 00 AE 42
1787903550.739073,34680,0fea,12,E9 30 90 43 3A A1 A0 41 00 00 B0 42
1787903550.750120,34680,0feb,12,0E C9 92 43 A4 F2 A1 41 00 00 B2 42
1787903550.760907,34680,0fec,12,17 F2 94 43 9F C1 AC 41 00 00 B4 42
1787903550.771619,34680,0fed,12,09 A0 96 43 1C A0 C0 41 00 00 B6 42
1787903550.781956,34680,0fee,12,FC C8 97 43 4E C3 DC 41 00 00 B8 42
1787903550.793697,34680,0fef,12,3C 66 98 43 00 06 00 42 00 00 BA 42
1787903550.804239,34680,0ff0,12,62 74 98 43 54 87 14 42 00 00 BC 42
1787903550.843520,34680,0ff1,12,18 F3 97 43 89 17 2B 42 00 00 BE 42
1787903550.853934,34680,0ff2,12,2B E5 96 43 D0 CE 42 42 00 00 C0 42
1787903550.895784,34680,0ff3,12,B2 50 95 43 15 BB 5A 42 00 00 C2 42
1787903550.906418,34680,0ff4,12,01 3F 93 43 2B E8 71 42 00 00 C4 42
1787903550.916949,34680,0ff5,12,8F BB 90 43 F4 B3 83 42 00 00 C6 42
1787903550.927407,34680,0ff6,12,54 D5 8D 43 1C 31 8D 42 00 00 C8 42
1787903550.938162,34680,0ff7,12,62 9C 8A 43 CF 09 95 42 00 00 CA 42
1787903550.948698,34680,0ff8,12,89 23 87 43 F8 ED 9A 42 00 00 CC 42
1787903550.959342,34680,0ff9,12,25 7F 83 43 74 A1 9E 42 00 00 CE 42
1787903550.969936,34680,0ffa,12,CB 86 7F 43 79 FE 9F 42 00 00 D0 42
1787903550.980438,34680,0ffb,12,0A 0D 78 43 53 F7 9E 42 00 00 D2 42
1787903550.990867,34680,0ffc,12,79 BA 70 43 4C 96 9B 42 00 00 D4 42
1787903551.001315,34680,0ffd,12,FB B9 69 43 E3 FD 95 42 00 00 D6 42
1787903551.011847,34680,0ffe,12,7C 34 63 43 34 67 8E 42 00 00 D8 42
1787903551.022833,34680,0fff,12,22 4E 5D 43 7C 20 85 42 00 00 DA 42
1787903551.033680,34680,1000,12,0E 2A 58 43 F0 0D 75 42 00 00 DC 42
1787903551.044203,34680,1001,12,BF E4 53 43 09 0F 5E 42 00 00 DE 42
1787903551.055554,34680,1002,12,58 97 50 43 F9 2E 46 42 00 00 E0 42
1787903551.066110,34680,1003,12,06 55 4E 43 74 61 2E 42 00 00 E2 42
1787903551.078105,34680,1004,12,4F 2A 4D 43 26 9B 17 42 00 00 E4 42
1787903551.088777,34680,1005,12,24 1E 4D 43 FB C0 02 42 00 00 E6 42
1787903551.100019,34680,1006,12,C8 30 4E 43 3B 53 E1 41 00 00 E8 42
1787903551.110856,34680,1007,12,22 5C 50 43 6F 1B C4 41 00 00 EA 42
1787903551.122463,34680,1008,12,54 93 53 43 CF 04 AF 41 00 00 EC 42
1787903551.133350,34680,1009,12,8B C4 57 43 2D E7 A2 41 00 00 EE 42
1787903551.144445,34680,100a,12,D0 D6 5C 43 53 3C A0 41 00 00 A0 41
1787903551.155195,34680,100b,12,08 AE 62 43 C9 20 A7 41 00 00 A8 41
1787903551.165983,34680,100c,12,1F 28 69 43 35 4E B7 41 00 00 B0 41
1787903551.177550,34680,100d,12,16 1F 70 43 76 1F D0 41 00 00 B8 41
1787903551.188235,34680,100e,12,52 6C 77 43 6E 94 F0 41 00 00 C0 41
1787903551.198869,34680,100f,12,5A E4 7E 43 70 B3 0B 42 00 00 C8 41
1787903551.209302,34680,1010,12,E3 2E 83 43 25 84 21 42 00 00 D0 41
1787903551.223383,34680,1011,12,6B D6 86 43 AA DD 38 42 00 00 D8 41
1787903551.235720,34680,1012,12,65 53 8A 43 A8 D1 50 42 00 00 E0 41
1787903551.246785,34680,1013,12,7D 92 8D 43 D4 69 68 42 00 00 E8 41
1787903551.257762,34680,1014,12,5D 80 90 43 05 B9 7E 42 00 00 F0 41
1787903551.268435,34680,1015,12,C9 0C 93 43 D3 6C 89 42 00 00 F8 41
1787903551.278933,34680,1016,12,C6 28 95 43 23 FF 91 42 00 00 00 42
1787903551.289434,34680,1017,12,0E C8 96 43 F4 BB 98 42 00 00 04 42
1787903551.306450,34680,1018,12,A4 E1 97 43 3A 5E 9D 42 00 00 08 42
1787903551.316854,34680,1019,12,FA 6E 98 43 63 B7 9F 42 00 00 0C 42
1787903551.328739,34680,101a,12,01 6D 98 43 02 AF 9F 42 00 00 10 42
1787903551.339527,34680,101b,12,AE DB 97 43 6F 45 9D 42 00 00 14 42
1787903551.352041,34680,101c,12,6B BE 96 43 48 93 98 42 00 00 18 42
1787903551.364420,34680,101d,12,64 1B 95 43 18 C9 91 42 00 00 1C 42
1787903551.374913,34680,101e,12,57 FC 92 43 1C 2B 89 42 00 00 20 42
1787903551.386553,34680,101f,12,08 6D 90 43 7D 23 7E 42 00 00 24 42
1787903551.397078,34680,1020,12,62 7C 8D 43 28 C8 67 42 00 00 28 42
1787903551.407429,34680,1021,12,A7 3B 8A 43 6C 28 50 42 00 00 2C 42
1787903551.417974,34680,1022,12,DF BC 86 43 47 37 38 42 00 00 30 42
1787903551.428308,34680,1023,12,DA 14 83 43 5F E5 20 42 00 00 34 42
1787903551.438604,34680,1024,12,B9 AF 7E 43 9C 22 0B 42 00 00 38 42
1787903551.449324,34680,1025,12,8C 37 77 43 33 9A EF 41 00 00 3C 42
1787903551.459781,34680,1026,12,E0 EC 6F 43 64 54 CF 41 00 00 40 42
1787903551.470453,34680,1027,12,20 F8 68 43 C9 BE B6 41 00 00 44 42
1787903551.481119,34680,1028,12,B8 82 62 43 80 D0 A6 41 00 00 48 42
1787903551.491682,34680,1029,12,75 B0 5C 43 60 2E A0 41 00 00 4C 42
1787903551.502492,34680,102a,12,85 A3 57 43 1E 1C A3 41 00 00 50 42
1787903551.513071,34680,102b,12,56 79 53 43 D6 7B AF 41 00 00 54 42
1787903551.523528,34680,102c,12,FD 48 50 43 3A CD C4 41 00 00 58 42
1787903551.533950,34680,102d,12,79 25 4E 43 06 3A E2 41 00 00 5C 42
1787903551.544564,34680,102e,12,A3 1A 4D 43 46 4A 03 42 00 00 60 42
1787903551.555159,34680,102f,12,C2 2E 4D 43 DF 34 18 42 00 00 64 42
1787903551.565572,34680,1030,12,33 61 4E 43 4D 07 2F 42 00 00 68 42
1787903551.575951,34680,1031,12,53 AB 50 43 BF D6 46 42 00 00 6C 42
1787903551.587768,34680,1032,12,82 FF 53 43 E0 B3 5E 42 00 00 70 42
1787903551.598285,34680,1033,12,49 4B 58 43 46 A9 75 42 00 00 74 42
1787903551.608772,34680,1034,12,AB 75 5D 43 4D 66 85 42 00 00 78 42
1787903551.620439,34680,1035,12,4B 60 63 43 0D A3 8E 42 00 00 7C 42
1787903551.630965,34680,1036,12,5D EA 69 43 16 2C 96 42 00 00 80 42
1787903551.641359,34680,1037,12,F1 EC 70 43 AA B5 9B 42 00 00 82 42
1787903551.652076,34680,1038,12,2C 41 78 43 9B 06 9F 42 00 00 84 42
1787903551.663410,34680,1039,12,32 BC 7F 43 10 FD 9F 42 00 00 86 42
1787903551.674053,34680,103a,12,1C 99 83 43 34 8F 9E 42 00 00 88 42
1787903551.687160,34680,103b,12,F2 3C 87 43 02 CC 9A 42 00 00 8A 42
1787903551.697930,34680,103c,12,EE B3 8A 43 48 D9 94 42 00 00 8C 42
1787903551.709169,34680,103d,12,DB EA 8D 43 F4 F3 8C 42 00 00 8E 42
1787903551.719854,34680,103e,12,DE CE 90 43 9C 6C 83 42 00 00 90 42
1787903551.730485,34680,103f,12,1A 4F 93 43 07 49 71 42 00 00 92 42
1787903551.740983,34680,1040,12,B1 5D 95 43 49 15 5A 42 00 00 94 42
1787903551.751549,34680,1041,12,65 EE 96 43 34 27 42 42 00 00 96 42
1787903551.761907,34680,1042,12,88 F8 97 43 CE 74 2A 42 00 00 98 42
1787903551.772494,34680,1043,12,EF 75 98 43 F6 EF 13 42 00 00 9A 42
1787903551.782978,34680,1044,12,D3 63 98 43 0F FD FE 41 00 00 9C 42
1787903551.793566,34680,1045,12,97 C2 97 43 D5 E4 DB 41 00 00 9E 42
1787903551.805321,34680,1046,12,FC 95 96 43 FC F7 BF 41 00 00 A0 42
1787903551.815866,34680,1047,12,85 E4 94 43 8B 56 AC 41 00 00 A2 42
1787903551.826268,34680,1048,12,05 B8 92 43 E2 C8 A1 41 00 00 A4 42
1787903551.836836,34680,1049,12,49 1D 90 43 BA BA A0 41 00 00 A6 42
1787903551.847484,34680,104a,12,C0 22 8D 43 CF 35 A9 41 00 00 A8 42
1787903551.858052,34680,104b,12,26 DA 89 43 E5 E4 BA 41 00 00 AA 42
1787903551.868506,34680,104c,12,AF 55 86 43 2E 13 D5 41 00 00 AC 42
1787903551.881421,34680,104d,12,EA A9 82 43 72 B5 F6 41 00 00 AE 42
1787903551.891834,34680,104e,12,AD D8 7D 43 30 3A 0F 42 00 00 B0 42
1787903551.902404,34680,104f,12,63 63 76 43 58 5B 25 42 00 00 B2 42
1787903551.912788,34680,1050,12,5D 20 6F 43 C2 DF 3C 42 00 00 B4 42
1787903551.923313,34680,1051,12,DC 37 68 43 BE D5 54 42 00 00 B6 42
1787903551.933678,34680,1052,12,61 D2 61 43 B6 48 6C 42 00 00 B8 42
1787903551.946084,34680,1053,12,43 15 5C 43 AA 24 81 42 00 00 BA 42
1787903551.958264,34680,1054,12,52 20 57 43 CA FA 8A 42 00 00 BC 42
1787903551.968651,34680,1055,12,12 11 53 43 DE 43 93 42 00 00 BE 42
1787903551.979149,34680,1056,12,02 FE 4F 43 80 AA 99 42 00 00 C0 42
1787903551.989647,34680,1057,12,4C F9 4D 43 5A ED 9D 42 00 00 C2 42
1787903552.002206,34680,1058,12,93 0E 4D 43 F0 E0 9F 42 00 00 C4 42
1787903552.013003,34680,1059,12,EC 42 4D 43 75 71 9F 42 00 00 C6 42
1787903552.023487,34680,105a,12,21 95 4E 43 4A A3 9C 42 00 00 C8 42
1787903552.034310,34680,105b,12,DE FD 50 43 04 93 97 42 00 00 CA 42
1787903552.044763,34680,105c,12,33 6F 54 43 4F 74 90 42 00 00 CC 42
1787903552.055128,34680,105d,12,D4 D4 58 43 DB 8F 87 42 00 00 CE 42
1787903552.065620,34680,105e,12,60 16 5E 43 86 82 7A 42 00 00 D0 42
1787903552.075994,34680,105f,12,8D 14 64 43 45 E0 63 42 00 00 D2 42
1787903552.086613,34680,1060,12,21 AE 6A 43 7B 21 4C 42 00 00 D4 42
1787903552.097004,34680,1061,12,92 BC 71 43 87 38 34 42 00 00 D6 42
1787903552.107327,34680,1062,12,83 16 79 43 76 19 1D 42 00 00 D8 42
1787903552.118824,34680,1063,12,9B 49 80 43 DF B1 07 42 00 00 DA 42
1787903552.129721,34680,1064,12,0A 03 84 43 D0 B1 E9 41 00 00 DC 42
1787903552.140189,34680,1065,12,EB A2 87 43 61 A1 CA 41 00 00 DE 42
1787903552.150849,34680,1066,12,00 14 8B 43 88 6F B3 41 00 00 E0 42
1787903552.161464,34680,1067,12,2F 42 8E 43 05 09 A5 41 00 00 E2 42
1787903552.172125,34680,1068,12,D6 1B 91 43 D9 00 A0 41 00 00 E4 42
1787903552.189071,34680,1069,12,FC 8F 93 43 98 89 A4 41 00 00 E6 42
1787903552.199726,34680,106a,12,08 91 95 43 BE 75 B2 41 00 00 E8 42
1787903552.210188,34680,106b,12,2B 13 97 43 2F 37 C9 41 00 00 EA 42
1787903552.220846,34680,106c,12,A7 0D 98 43 A7 E5 E7 41 00 00 EC 42
1787903552.231283,34680,106d,12,10 7B 98 43 6A A2 06 42 00 00 EE 42
1787903552.242020,34680,106e,12,D8 58 98 43 88 EE 1B 42 00 00 A0 41
1787903552.252523,34680,106f,12,BF A7 97 43 77 FC 32 42 00 00 A8 41
1787903552.263025,34680,1070,12,BB 6B 96 43 E4 E0 4A 42 00 00 B0 41
1787903552.273528,34680,1071,12,1A AC 94 43 EF A7 62 42 00 00 B8 41
1787903552.284101,34680,1072,12,8E 72 92 43 2F 5D 79 42 00 00 C0 41
1787903552.294734,34680,1073,12,56 CC 8F 43 33 0E 87 42 00 00 C8 41
1787903552.306237,34680,1074,12,21 C8 8C 43 FD 07 90 42 00 00 D0 41
1787903552.317327,34680,1075,12,8A 77 89 43 59 40 97 42 00 00 D8 41
1787903552.327941,34680,1076,12,01 EE 85 43 93 6D 9C 42 00 00 E0 41
1787903552.339234,34680,1077,12,22 3F 82 43 B2 5A 9F 42 00 00 E8 41
1787903552.350519,34680,1078,12,B7 01 7D 43 4C EA 9F 42 00 00 F0 41
1787903552.361718,34680,1079,12,DA 8F 75 43 55 16 9E 42 00 00 F8 41
1787903552.372857,34680,107a,12,44 54 6E 43 76 F1 99 42 00 00 00 42
1787903552.383338,34680,107b,12,3E 79 67 43 FD A5 93 42 00 00 04 42
1787903552.393985,34680,107c,12,CA 24 61 43 DD 74 8B 42 00 00 08 42
1787903552.404681,34680,107d,12,97 7C 5B 43 6F B0 81 42 00 00 0C 42
1787903552.415361,34680,107e,12,01 A0 56 43 EB 79 6D 42 00 00 10 42
1787903552.426369,34680,107f,12,9E AB 52 43 72 14 56 42 00 00 14 42
1787903552.436756,34680,1080,12,6D B6 4F 43 42 1F 3E 42 00 00 18 42
1787903552.447217,34680,1081,12,D4 D0 4D 43 B2 90 26 42 00 00 1C 42
1787903552.457612,34680,1082,12,1E 06 4D 43 8A 55 10 42 00 00 20 42
1787903552.467978,34680,1083,12,AF 5A 4D 43 24 A5 F8 41 00 00 24 42
1787903552.478375,34680,1084,12,C4 CC 4E 43 1B A8 D6 41 00 00 28 42
1787903552.488767,34680,1085,12,BB 53 51 43 E8 0E BC 41 00 00 2C 42
1787903552.499159,34680,1086,12,92 E1 54 43 17 EA A9 41 00 00 30 42
1787903552.509572,34680,1087,12,21 61 59 43 09 F0 A0 41 00 00 34 42
1787903552.520146,34680,1088,12,77 B9 5E 43 20 7E A1 41 00 00 38 42
1787903552.530634,34680,1089,12,6C CB 64 43 B3 8E AB 41 00 00 3C 42
1787903552.541117,34680,108a,12,5E 73 6B 43 05 BB BE 41 00 00 40 42
1787903552.551656,34680,108b,12,68 8C 72 43 F0 3C DA 41 00 00 44 42
1787903552.562613,34680,108c,12,47 EC 79 43 F6 FF FC 41 00 00 48 42
1787903552.573424,34680,108d,12,0E B5 80 43 B9 CF 12 42 00 00 4C 42
1787903552.584058,34680,108e,12,06 6D 84 43 5E 3E 29 42 00 00 50 42
1787903552.594606,34680,108f,12,4D 08 88 43 F2 E6 40 42 00 00 54 42
1787903552.605087,34680,1090,12,E3 72 8B 43 1D D6 58 42 00 00 58 42
1787903552.615576,34680,1091,12,72 98 8E 43 4E 1B 70 42 00 00 5C 42
1787903552.626168,34680,1092,12,88 67 91 43 90 E3 82 42 00 00 60 42
1787903552.637456,34680,1093,12,A5 CF 93 43 2E 7E 8C 42 00 00 64 42
1787903552.647883,34680,1094,12,C6 C2 95 43 7C 7B 94 42 00 00 68 42
1787903552.658420,34680,1095,12,1B 36 97 43 88 89 9A 42 00 00 6C 42
1787903552.668964,34680,1096,12,01 21 98 43 75 6B 9E 42 00 00 70 42
1787903552.680564,34680,1097,12,62 7E 98 43 16 F9 9F 42 00 00 74 42
1787903552.691136,34680,1098,12,05 4C 98 43 90 22 9F 42 00 00 78 42
1787903552.701564,34680,1099,12,28 8B 97 43 70 F0 9B 42 00 00 7C 42
1787903552.711982,34680,109a,12,F8 3F 96 43 D6 83 96 42 00 00 80 42
1787903552.722503,34680,109b,12,28 72 94 43 49 13 8F 42 00 00 82 42
1787903552.733650,34680,109c,12,B8 2B 92 43 0E EB 85 42 00 00 84 42
1787903552.746615,34680,109d,12,E8 79 8F 43 3C D1 76 42 00 00 86 42
1787903552.757292,34680,109e,12,8C 6C 8C 43 7D EE 5F 42 00 00 88 42
1787903552.767904,34680,109f,12,90 14 89 43 58 19 48 42 00 00 8A 42
1787903552.778746,34680,10a0,12,DB 85 85 43 5A 41 30 42 00 00 8C 42
1787903552.797371,34680,10a1,12,27 D4 81 43 BA 5B 19 42 00 00 8E 42
1787903552.810084,34680,10a2,12,1E 2A 7C 43 2E 52 04 42 00 00 90 42
1787903552.820922,34680,10a3,12,FF BC 74 43 E1 F6 E3 41 00 00 92 42
1787903552.831358,34680,10a4,12,1C 8A 6D 43 6E 27 C6 41 00 00 94 42
1787903552.841992,34680,10a5,12,54 BC 66 43 A2 61 B0 41 00 00 96 42
1787903552.852436,34680,10a6,12,5B 79 60 43 59 86 A3 41 00 00 98 42
1787903552.862835,34680,10a7,12,F2 E5 5A 43 CE 18 A0 41 00 00 9A 42
1787903552.878223,34680,10a8,12,9B 22 56 43 FC 3B A6 41 00 00 9C 42
1787903552.889014,34680,10a9,12,BE 49 52 43 B1 AF B5 41 00 00 9E 42
1787903552.899660,34680,10aa,12,43 72 4F 43 9C D8 CD 41 00 00 A0 42
1787903552.910362,34680,10ab,12,EB AB 4D 43 48 BF ED 41 00 00 A2 42
1787903552.920917,34680,10ac,12,44 01 4D 43 0D 0F 0A 42 00 00 A4 42
1787903552.940047,34680,10ad,12,08 76 4D 43 B4 B6 1F 42 00 00 A6 42
1787903552.950788,34680,10ae,12,B0 07 4F 43 B4 F7 36 42 00 00 A8 42
1787903552.961202,34680,10af,12,E5 AC 51 43 54 E8 4E 42 00 00 AA 42
1787903552.971696,34680,10b0,12,FD 56 55 43 71 92 66 42 00 00 AC 42
1787903552.982176,34680,10b1,12,AC F0 59 43 81 04 7D 42 00 00 AE 42
1787903552.994133,34680,10b2,12,E2 5E 5F 43 B4 AC 88 42 00 00 B0 42
1787903553.004679,34680,10b3,12,86 83 65 43 33 60 91 42 00 00 B2 42
1787903553.015232,34680,10b4,12,04 3A 6C 43 48 45 98 42 00 00 B4 42
1787903553.025894,34680,10b5,12,24 5D 73 43 D3 14 9D 42 00 00 B6 42
1787903553.036881,34680,10b6,12,31 C3 7A 43 BB 9D 9F 42 00 00 B8 42
1787903553.047331,34680,10b7,12,6A 20 81 43 20 C6 9F 42 00 00 BA 42
1787903553.058199,34680,10b8,12,45 D6 84 43 AA 8C 9D 42 00 00 BC 42
1787903553.102271,34680,10b9,12,11 6D 88 43 B6 07 99 42 00 00 BE 42
1787903553.112670,34680,10ba,12,E9 D0 8B 43 77 65 92 42 00 00 C0 42
1787903553.143032,34680,10bb,12,EC ED 8E 43 A5 E9 89 42 00 00 C2 42
1787903553.153246,34680,10bc,12,EE B1 91 43 B0 D5 7F 42 00 00 C4 42
1787903553.163544,34680,10bd,12,9B 0D 94 43 FA 9F 69 42 00 00 C6 42
1787903553.173913,34680,10be,12,E8 F2 95 43 63 11 52 42 00 00 C8 42
1787903553.184386,34680,10bf,12,53 57 97 43 09 1C 3A 42 00 00 CA 42
1787903553.194634,34680,10c0,12,A2 32 98 43 77 B4 22 42 00 00 CC 42
1787903553.205911,34680,10c1,12,E6 7F 98 43 92 C9 0C 42 00 00 CE 42
1787903553.216431,34680,10c2,12,73 3D 98 43 F9 78 F2 41 00 00 D0 42
1787903553.226983,34680,10c3,12,D4 6C 97 43 71 A3 D1 41 00 00 D2 42
1787903553.237703,34680,10c4,12,90 12 96 43 F6 64 B8 41 00 00 D4 42
1787903553.248114,34680,10c5,12,7A 36 94 43 34 BF A7 41 00 00 D6 42
1787903553.258791,34680,10c6,12,89 E3 91 43 16 5C A0 41 00 00 D8 42
1787903553.269454,34680,10c7,12,9F 26 8F 43 7A 86 A2 41 00 00 DA 42
1787903553.279891,34680,10c8,12,09 10 8C 43 99 28 AE 41 00 00 DC 42
1787903553.290557,34680,10c9,12,E5 B0 88 43 EB CB C2 41 00 00 DE 42
1787903553.301303,34680,10ca,12,E5 1C 85 43 C8 9D DF 41 00 00 E0 42
1787903553.312244,34680,10cb,12,02 69 81 43 02 BC 01 42 00 00 E2 42
1787903553.322883,34680,10cc,12,81 53 7B 43 A2 74 16 42 00 00 E4 42
1787903553.333447,34680,10cd,12,E2 EA 73 43 7C 28 2D 42 00 00 E6 42
1787903553.343882,34680,10ce,12,38 C1 6C 43 50 EE 44 42 00 00 E8 42
1787903553.354752,34680,10cf,12,7D 00 66 43 78 D3 5C 42 00 00 EA 42
1787903553.365282,34680,10d0,12,22 D0 5F 43 0D E4 73 42 00 00 EC 42
1787903553.375816,34680,10d1,12,75 52 5A 43 88 99 84 42 00 00 EE 42
1787903553.386420,34680,10d2,12,29 A8 55 43 28 F5 8D 42 00 00 A0 41
1787903553.397388,34680,10d3,12,19 EB 51 43 83 A4 95 42 00 00 A8 41
1787903553.407770,34680,10d4,12,4E 31 4F 43 29 59 9B 42 00 00 B0 41
1787903553.418448,34680,10d5,12,92 8A 4D 43 DC D8 9E 42 00 00 B8 41
1787903553.428974,34680,10d6,12,0C 00 4D 43 E6 FF 9F 42 00 00 C0 41
1787903553.439546,34680,10d7,12,F6 94 4D 43 B3 C2 9E 42 00 00 C8 41
1787903553.451050,34680,10d8,12,15 46 4F 43 B8 2D 9B 42 00 00 D0 41
1787903553.461893,34680,10d9,12,AE 09 52 43 86 65 95 42 00 00 D8 41
1787903553.472550,34680,10da,12,6A CF 55 43 22 A5 8D 42 00 00 E0 41
1787903553.483392,34680,10db,12,61 82 5A 43 74 3C 84 42 00 00 E8 41
1787903553.494031,34680,10dc,12,97 06 60 43 1D 14 73 42 00 00 F0 41
1787903553.504567,34680,10dd,12,79 3D 66 43 9D F7 5B 42 00 00 F8 41
1787903553.515306,34680,10de,12,BF 02 6D 43 4E 0F 44 42 00 00 00 42
1787903553.526154,34680,10df,12,B8 2E 74 43 37 4F 2C 42 00 00 04 42
1787903553.536803,34680,10e0,12,A2 99 7B 43 79 AB 15 42 00 00 08 42
1787903553.547335,34680,10e1,12,A9 8B 81 43 A1 07 01 42 00 00 0C 42
1787903553.565902,34680,10e2,12,21 3F 85 43 62 70 DE 41 00 00 10 42
1787903553.576511,34680,10e3,12,8C D1 88 43 E6 E5 C1 41 00 00 14 42
1787903553.587177,34680,10e4,12,0A 2E 8C 43 22 93 AD 41 00 00 18 42
1787903553.597775,34680,10e5,12,F9 41 8F 43 09 48 A2 41 00 00 1C 42
1787903553.608195,34680,10e6,12,04 FB 91 43 21 76 A0 41 00 00 20 42
1787903553.619968,34680,10e7,12,15 4A 94 43 39 31 A8 41 00 00 24 42
1787903553.630634,34680,10e8,12,96 21 96 43 6B 2A B9 41 00 00 28 42
1787903553.641475,34680,10e9,12,D3 76 97 43 77 B4 D2 41 00 00 2C 42
1787903553.652127,34680,10ea,12,68 42 98 43 D2 C7 F3 41 00 00 30 42
1787903553.662702,34680,10eb,12,9B 7F 98 43 05 8C 0D 42 00 00 34 42
1787903553.674086,34680,10ec,12,16 2D 98 43 C5 88 23 42 00 00 38 42
1787903553.686360,34680,10ed,12,A8 4C 97 43 BB F9 3A 42 00 00 3C 42
1787903553.696999,34680,10ee,12,86 E3 95 43 A2 EF 52 42 00 00 40 42
1787903553.707481,34680,10ef,12,84 F9 93 43 1E 74 6A 42 00 00 44 42
1787903553.717968,34680,10f0,12,06 9A 91 43 65 4D 80 42 00 00 48 42
1787903553.728903,34680,10f1,12,34 D2 8E 43 D9 3F 8A 42 00 00 4C 42
1787903553.739908,34680,10f2,12,45 B2 8B 43 E2 AB 92 42 00 00 50 42
1787903553.752688,34680,10f3,12,90 4C 88 43 88 3B 99 42 00 00 54 42
1787903553.763294,34680,10f4,12,E8 B3 84 43 93 AB 9D 42 00 00 58 42
1787903553.773686,34680,10f5,12,B9 FD 80 43 66 CF 9F 42 00 00 5C 42
1787903553.784925,34680,10f6,12,28 7D 7A 43 BB 90 9F 42 00 00 60 42
1787903553.795544,34680,10f7,12,D0 18 73 43 12 F2 9C 42 00 00 64 42
1787903553.806002,34680,10f8,12,A6 F9 6B 43 28 0E 98 42 00 00 68 42
1787903553.822232,34680,10f9,12,23 47 65 43 87 17 91 42 00 00 6C 42
1787903553.833266,34680,10fa,12,29 29 5F 43 2C 54 88 42 00 00 70 42
1787903553.843917,34680,10fb,12,9F C1 59 43 00 3C 7C 42 00 00 74 42
1787903553.854454,34680,10fc,12,46 30 55 43 7F BA 65 42 00 00 78 42
1787903553.864836,34680,10fd,12,B6 8F 51 43 8D 09 4E 42 00 00 7C 42
1787903553.876625,34680,10fe,12,0B F4 4E 43 D5 1C 36 42 00 00 80 42
1787903553.887303,34680,10ff,12,CC 6C 4D 43 D2 E4 1E 42 00 00 82 42
1787903553.897692,34680,1100,12,72 02 4D 43 63 50 09 42 00 00 84 42
1787903553.909265,34680,1101,12,98 B7 4D 43 99 77 EC 41 00 00 86 42
1787903553.919736,34680,1102,12,EC 87 4F 43 9F D3 CC 41 00 00 88 42
1787903553.930341,34680,1103,12,62 69 52 43 59 F9 B4 41 00 00 8A 42
1787903553.941069,34680,1104,12,D2 4A 56 43 85 D8 A5 41 00 00 8C 42
1787903553.951471,34680,1105,12,B9 16 5B 43 BE 0D A0 41 00 00 8E 42
1787903553.961893,34680,1106,12,28 B1 60 43 23 D4 A3 41 00 00 90 42
1787903553.972245,34680,1107,12,35 F9 66 43 2B 05 B1 41 00 00 92 42
1787903553.982766,34680,1108,12,0F CC 6D 43 22 18 C7 41 00 00 94 42
1787903553.993207,34680,1109,12,14 01 75 43 2A 2F E5 41 00 00 96 42
1787903554.005718,34680,110a,12,52 70 7C 43 DE 0A 05 42 00 00 98 42
1787903554.019708,34680,110b,12,25 F7 81 43 99 29 1A 42 00 00 9A 42
1787903554.030216,34680,110c,12,93 A7 85 43 34 1C 31 42 00 00 9C 42
1787903554.040859,34680,110d,12,FE 34 89 43 92 F6 48 42 00 00 9E 42
1787903554.051379,34680,110e,12,41 8A 8C 43 F2 C8 60 42 00 00 A0 42
1787903554.063159,34680,110f,12,E2 94 8F 43 57 9E 77 42 00 00 A2 42
1787903554.073876,34680,1110,12,06 43 92 43 D8 46 86 42 00 00 A4 42
1787903554.084528,34680,1111,12,0E 85 94 43 A6 60 8F 42 00 00 A6 42
1787903554.095326,34680,1112,12,74 4E 96 43 30 BF 96 42 00 00 A8 42
1787903554.105853,34680,1113,12,97 94 97 43 66 18 9C 42 00 00 AA 42
1787903554.116217,34680,1114,12,65 50 98 43 09 35 9F 42 00 00 AC 42
1787903554.127233,34680,1115,12,7F 7D 98 43 56 F5 9F 42 00 00 AE 42
1787903554.137767,34680,1116,12,F1 1A 98 43 A2 51 9E 42 00 00 B0 42
1787903554.148203,34680,1117,12,DF 2A 97 43 0E 5B 9A 42 00 00 B2 42
1787903554.158782,34680,1118,12,DE B2 95 43 71 39 94 42 00 00 B4 42
1787903554.169357,34680,1119,12,12 BB 93 43 98 2B 8C 42 00 00 B6 42
1787903554.185312,34680,111a,12,ED 4E 91 43 B8 83 82 42 00 00 B8 42
1787903554.202031,34680,111b,12,AE 7C 8E 43 C4 48 6F 42 00 00 BA 42
1787903554.212292,34680,111c,12,F7 53 8B 43 F7 FA 57 42 00 00 BC 42
1787903554.245403,34680,111d,12,98 E7 87 43 48 08 40 42 00 00 BE 42
1787903554.256966,34680,111e,12,8B 4A 84 43 EC 66 28 42 00 00 C0 42
1787903554.269046,34680,111f,12,F0 91 80 43 18 08 12 42 00 00 C2 42
1787903554.280609,34680,1120,12,22 A7 79 43 3F A0 FB 41 00 00 C4 42
1787903554.292838,34680,1121,12,5D 48 72 43 38 1D D9 41 00 00 C6 42
1787903554.303462,34680,1122,12,73 33 6B 43 FB E1 BD 41 00 00 C8 42
1787903554.315023,34680,1123,12,A5 8F 64 43 72 07 AB 41 00 00 CA 42
1787903554.327497,34680,1124,12,E5 83 5E 43 0D 4E A1 41 00 00 CC 42
1787903554.339028,34680,1125,12,7A 33 59 43 0D 19 A1 41 00 00 CE 42
1787903554.349475,34680,1126,12,D9 BB 54 43 79 69 AA 41 00 00 D0 42
1787903554.360822,34680,1127,12,9C 37 51 43 B2 E1 BC 41 00 00 D2 42
1787903554.373802,34680,1128,12,42 BA 4E 43 D5 C4 D7 41 00 00 D4 42
1787903554.385421,34680,1129,12,85 52 4D 43 71 00 FA 41 00 00 D6 42
1787903554.397319,34680,112a,12,75 08 4D 43 8E 1B 11 42 00 00 D8 42
1787903554.407773,34680,112b,12,AB DD 4D 43 62 65 27 42 00 00 DA 42
1787903554.418281,34680,112c,12,32 CD 4F 43 AB FD 3E 42 00 00 DC 42
1787903554.428983,34680,112d,12,4F CC 52 43 E9 F1 56 42 00 00 DE 42
1787903554.439814,34680,112e,12,A1 C9 56 43 9B 4D 6E 42 00 00 E0 42
1787903554.450588,34680,112f,12,AA AD 5B 43 2B 11 82 42 00 00 E2 42
1787903554.461024,34680,1130,12,4D 5D 61 43 EF C7 8B 42 00 00 E4 42
1787903554.471482,34680,1131,12,AE B6 67 43 76 E9 93 42 00 00 E6 42
1787903554.482124,34680,1132,12,9C 96 6E 43 F0 21 9A 42 00 00 E8 42
1787903554.492554,34680,1133,12,EE D4 75 43 E1 31 9E 42 00 00 EA 42
1787903554.510031,34680,1134,12,31 47 7D 43 D2 EF 9F 42 00 00 EC 42
1787903554.521199,34680,1135,12,10 62 82 43 1E 4A 9F 42 00 00 EE 42
1787903554.532845,34680,1136,12,92 0F 86 43 47 47 9C 42 00 00 A0 41
1787903554.544944,34680,1137,12,BD 97 89 43 00 06 97 42 00 00 A8 41
1787903554.555473,34680,1138,12,DC E5 8C 43 EA BB 8F 42 00 00 B0 41
1787903554.566372,34680,1139,12,A2 E6 8F 43 6E B3 86 42 00 00 B8 41
1787903554.576888,34680,113a,12,6A 89 92 43 37 93 78 42 00 00 C0 41
1787903554.587327,34680,113b,12,82 BE 94 43 3A CE 61 42 00 00 C8 41
1787903554.597933,34680,113c,12,AD 79 96 43 D5 01 4A 42 00 00 D0 41
1787903554.608768,34680,113d,12,B7 B0 97 43 F4 20 32 42 00 00 D8 41
1787903554.619293,34680,113e,12,97 5C 98 43 52 1F 1B 42 00 00 E0 41
1787903554.632016,34680,113f,12,95 79 98 43 52 E9 05 42 00 00 E8 41
1787903554.643098,34680,1140,12,05 07 98 43 53 A8 E6 41 00 00 F0 41
1787903554.654200,34680,1141,12,61 07 97 43 82 3E C8 41 00 00 F8 41
1787903554.664826,34680,1142,12,6C 80 95 43 A1 CB B1 41 00 00 00 42
1787903554.675405,34680,1143,12,2B 7B 93 43 D4 34 A4 41 00 00 04 42
1787903554.692018,34680,1144,12,D0 02 91 43 C4 04 A0 41 00 00 08 42
1787903554.702601,34680,1145,12,12 26 8E 43 87 65 A5 41 00 00 0C 42
1787903554.713291,34680,1146,12,CD F4 8A 43 EC 20 B4 41 00 00 10 42
1787903554.723780,34680,1147,12,A6 81 87 43 94 A0 CB 41 00 00 14 42
1787903554.734183,34680,1148,12,D5 E0 83 43 A4 F4 EA 41 00 00 18 42
1787903554.745319,34680,1149,12,77 26 80 43 14 6D 08 42 00 00 1C 42
1787903554.755864,34680,114a,12,80 D1 78 43 1C EA 1D 42 00 00 20 42
1787903554.766250,34680,114b,12,D6 78 71 43 B6 14 35 42 00 00 24 42
1787903554.777622,34680,114c,12,F8 6D 6A 43 6C 00 4D 42 00 00 28 42
1787903554.788030,34680,114d,12,11 DA 63 43 14 B9 64 42 00 00 2C 42
1787903554.798414,34680,114e,12,94 E1 5D 43 DD 4A 7B 42 00 00 30 42
1787903554.812319,34680,114f,12,10 A8 58 43 76 E9 87 42 00 00 34 42
1787903554.822818,34680,1150,12,7A 4A 54 43 EE BE 90 42 00 00 38 42
1787903554.833367,34680,1151,12,84 E2 50 43 AC CB 97 42 00 00 3C 42
1787903554.843729,34680,1152,12,F5 83 4E 43 BA C7 9C 42 00 00 40 42
1787903554.854298,34680,1153,12,EF 3B 4D 43 19 80 9F 42 00 00 44 42
1787903554.866479,34680,1154,12,14 12 4D 43 71 D9 9F 42 00 00 48 42
1787903554.877276,34680,1155,12,4B 07 4E 43 E5 CF 9D 42 00 00 4C 42
1787903554.887802,34680,1156,12,26 16 50 43 40 78 99 42 00 00 50 42
1787903554.898212,34680,1157,12,6E 32 53 43 D5 FE 92 42 00 00 54 42
1787903554.908586,34680,1158,12,E4 4A 57 43 71 A6 8A 42 00 00 58 42
1787903554.919077,34680,1159,12,28 47 5C 43 F6 C2 80 42 00 00 5C 42
1787903554.929952,34680,115a,12,96 0B 62 43 D0 73 6B 42 00 00 60 42
1787903554.940740,34680,115b,12,88 76 68 43 D5 F7 53 42 00 00 64 42
1787903554.951219,34680,115c,12,5A 62 6F 43 B2 01 3C 42 00 00 68 42
1787903554.961713,34680,115d,12,AD A8 76 43 C4 87 24 42 00 00 6C 42
1787903554.973145,34680,115e,12,30 1E 7E 43 04 76 0E 42 00 00 70 42
1787903554.983667,34680,115f,12,C5 CC 82 43 26 5F F5 41 00 00 74 42
1787903554.994105,34680,1160,12,79 77 86 43 96 FC D3 41 00 00 78 42
1787903555.005247,34680,1161,12,C0 F9 89 43 1A 19 BA 41 00 00 7C 42
1787903555.015913,34680,1162,12,29 40 8D 43 F3 BD A8 41 00 00 80 42
1787903555.026420,34680,1163,12,32 37 90 43 95 99 A0 41 00 00 82 42
1787903555.037105,34680,1164,12,6D CE 92 43 CF 00 A2 41 00 00 84 42
1787903555.047442,34680,1165,12,A0 F6 94 43 4E E5 AC 41 00 00 86 42
1787903555.058046,34680,1166,12,3D A3 96 43 E4 D7 C0 41 00 00 88 42
1787903555.070119,34680,1167,12,FC CA 97 43 75 0A DD 41 00 00 8A 42
1787903555.080577,34680,1168,12,FD 66 98 43 CA 30 00 42 00 00 8C 42
1787903555.091052,34680,1169,12,DE 73 98 43 52 B9 14 42 00 00 8E 42
1787903555.101626,34680,116a,12,3E F1 97 43 3D 4D 2B 42 00 00 90 42
1787903555.112117,34680,116b,12,2F E2 96 43 14 06 43 42 00 00 92 42
1787903555.123694,34680,116c,12,91 4C 95 43 DD EF 5A 42 00 00 94 42
1787903555.134307,34680,116d,12,D2 39 93 43 3A 1A 72 42 00 00 96 42
1787903555.144702,34680,116e,12,6F B5 90 43 6C CB 83 42 00 00 98 42
1787903555.155805,34680,116f,12,15 CE 8D 43 34 45 8D 42 00 00 9A 42
1787903555.166223,34680,1170,12,D0 94 8A 43 BA 19 95 42 00 00 9C 42
1787903555.176626,34680,1171,12,7D 1B 87 43 B2 F8 9A 42 00 00 9E 42
1787903555.192510,34680,1172,12,CE 76 83 43 1B A7 9E 42 00 00 A0 42
1787903555.202924,34680,1173,12,E6 75 7F 43 D6 FE 9F 42 00 00 A2 42
1787903565.216261,34680,1175,12,89 FB 77 43 30 F2 9E 42 00 00 A4 42
1787903565.225553,34680,1176,12,48 AA 70 43 DD 8B 9B 42 00 00 A6 42
1787903565.235844,34680,1177,12,B2 AA 69 43 17 EF 95 42 00 00 A8 42
1787903565.246271,34680,1178,12,72 26 63 43 47 54 8E 42 00 00 AA 42
1787903565.256769,34680,1179,12,A8 41 5D 43 68 09 85 42 00 00 AC 42
1787903565.267784,34680,117a,12,EE 1E 58 43 A6 DA 74 42 00 00 AE 42
1787903565.278314,34680,117b,12,32 DC 53 43 A6 D8 5D 42 00 00 B0 42
1787903565.290598,34680,117c,12,12 91 50 43 8A F9 45 42 00 00 B2 42
1787903565.302391,34680,117d,12,2A 51 4E 43 41 2D 2E 42 00 00 B4 42
1787903565.312751,34680,117e,12,F2 28 4D 43 8D 68 17 42 00 00 B6 42
1787903565.324564,34680,117f,12,5D 1F 4D 43 D4 93 02 42 00 00 B8 42
1787903565.335098,34680,1180,12,76 34 4E 43 6F 07 E1 41 00 00 BA 42
1787903565.345664,34680,1181,12,3C 62 50 43 22 E3 C3 41 00 00 BC 42
1787903565.356360,34680,1182,12,B7 9B 53 43 AE DF AE 41 00 00 BE 42
1787903565.367859,34680,1183,12,06 CF 57 43 1F D6 A2 41 00 00 C0 42
1787903565.378361,34680,1184,12,BB E3 5C 43 53 41 A0 41 00 00 C2 42
1787903565.389044,34680,1185,12,F6 BB 62 43 A6 3B A7 41 00 00 C4 42
1787903565.399540,34680,1186,12,53 37 69 43 3C 7C B7 41 00 00 C6 42
1787903565.409948,34680,1187,12,38 2F 70 43 BD 5F D0 41 00 00 C8 42
1787903565.420688,34680,1188,12,06 7D 77 43 33 E7 F0 41 00 00 CA 42
1787903565.431102,34680,1189,12,07 F6 7E 43 4B E3 0B 42 00 00 CC 42
1787903565.441415,34680,118a,12,3E 37 83 43 8F B8 21 42 00 00 CE 42
1787903565.454709,34680,118b,12,7E DE 86 43 AF 12 39 42 00 00 D0 42
1787903565.465641,34680,118c,12,02 5B 8A 43 F3 06 51 42 00 00 D2 42
1787903565.476191,34680,118d,12,77 99 8D 43 13 9F 68 42 00 00 D4 42
1787903565.486895,34680,118e,12,D7 86 90 43 3A EA 7E 42 00 00 D6 42
1787903565.497293,34680,118f,12,0C 12 93 43 6E 82 89 42 00 00 D8 42
1787903565.507706,34680,1190,12,FD 2C 95 43 47 10 92 42 00 00 DA 42
1787903565.518070,34680,1191,12,21 CB 96 43 AE C8 98 42 00 00 DC 42
1787903565.530524,34680,1192,12,80 E3 97 43 4E 66 9D 42 00 00 DE 42
1787903565.541074,34680,1193,12,9D 6F 98 43 0C BA 9F 42 00 00 E0 42
1787903565.551486,34680,1194,12,59 6C 98 43 26 AC 9F 42 00 00 E2 42
1787903565.562060,34680,1195,12,C6 D9 97 43 72 3D 9D 42 00 00 E4 42
1787903565.584394,34680,1196,12,4D BB 96 43 63 86 98 42 00 00 E6 42
1787903565.599646,34680,1197,12,22 17 95 43 32 B7 91 42 00 00 E8 42
1787903565.637743,34680,1198,12,CC F6 92 43 62 15 89 42 00 00 EA 42
1787903565.649966,34680,1199,12,D0 66 90 43 19 F2 7D 42 00 00 EC 42
1787903565.660351,34680,119a,12,61 75 8D 43 9C 94 67 42 00 00 EE 42
1787903565.670602,34680,119b,12,05 34 8A 43 19 F3 4F 42 00 00 A0 41
1787903565.681071,34680,119c,12,C9 B4 86 43 72 00 38 42 00 00 A8 41
1787903565.691306,34680,119d,12,1B 0C 83 43 17 B1 20 42 00 00 B0 41
1787903565.701642,34680,119e,12,D4 9E 7E 43 F5 F2 0A 42 00 00 B8 41
1787903565.711940,34680,119f,12,DB 26 77 43 C0 4A EF 41 00 00 C0 41
1787903565.722457,34680,11a0,12,C4 DC 6F 43 BB 14 CF 41 00 00 C8 41
1787903565.732885,34680,11a1,12,F6 E8 68 43 DD 8F B6 41 00 00 D0 41
1787903565.743186,34680,11a2,12,33 74 62 43 6B B6 A6 41 00 00 D8 41
1787903565.753693,34680,11a3,12,2D A4 5C 43 2D 2A A0 41 00 00 E0 41
1787903565.765223,34680,11a4,12,1C 99 57 43 5C 2D A3 41 00 00 E8 41
1787903565.776570,34680,11a5,12,07 71 53 43 B1 A1 AF 41 00 00 F0 41
1787903565.787092,34680,11a6,12,FA 42 50 43 30 08 C5 41 00 00 F8 41
1787903565.797910,34680,11a7,12,B8 21 4E 43 68 86 E2 41 00 00 00 42
1787903565.808388,34680,11a8,12,8F 19 4D 43 A8 77 03 42 00 00 04 42
1787903565.818814,34680,11a9,12,36 30 4D 43 E9 65 18 42 00 00 08 42
1787903565.830869,34680,11aa,12,27 65 4E 43 96 3B 2F 42 00 00 0C 42
1787903565.841729,34680,11ab,12,B0 B1 50 43 10 0E 47 42 00 00 10 42
1787903565.852218,34680,11ac,12,89 08 54 43 2F EA 5E 42 00 00 14 42
1787903565.864181,34680,11ad,12,FE 55 58 43 6A DC 75 42 00 00 18 42
1787903565.876325,34680,11ae,12,35 82 5D 43 7D 7C 85 42 00 00 1C 42
1787903565.886666,34680,11af,12,62 6E 63 43 D6 B5 8E 42 00 00 20 42
1787903565.897171,34680,11b0,12,B0 F9 69 43 3C 3B 96 42 00 00 24 42
1787903565.907484,34680,11b1,12,E8 FD 70 43 E9 BF 9B 42 00 00 28 42
1787903565.919276,34680,11b2,12,EA 51 78 43 8B 0B 9F 42 00 00 2C 42
1787903565.929770,34680,11b3,12,17 CD 7F 43 84 FC 9F 42 00 00 30 42
1787903565.940095,34680,11b4,12,72 A1 83 43 5C 89 9E 42 00 00 34 42
1787903565.950748,34680,11b5,12,FA 44 87 43 B8 C0 9A 42 00 00 38 42
1787903565.961134,34680,11b6,12,D4 BB 8A 43 34 C9 94 42 00 00 3C 42
1787903565.971617,34680,11b7,12,C1 F1 8D 43 B8 DF 8C 42 00 00 40 42
1787903565.981950,34680,11b8,12,F6 D4 90 43 D5 55 83 42 00 00 44 42
1787903565.993393,34680,11b9,12,40 54 93 43 D4 16 71 42 00 00 48 42
1787903566.003924,34680,11ba,12,C8 61 95 43 97 DE 59 42 00 00 4C 42
1787903566.015282,34680,11bb,12,78 F1 96 43 F4 EF 41 42 00 00 50 42
1787903566.026262,34680,11bc,12,41 FA 97 43 33 3F 2A 42 00 00 54 42
1787903566.036823,34680,11bd,12,67 76 98 43 D4 BF 13 42 00 00 58 42
1787903566.047175,34680,11be,12,07 63 98 43 F2 A7 FE 41 00 00 5C 42
1787903566.057614,34680,11bf,12,8C C0 97 43 C7 9B DB 41 00 00 60 42
1787903566.075786,34680,11c0,12,97 92 96 43 E6 C0 BF 41 00 00 64 42
1787903566.086472,34680,11c1,12,24 E0 94 43 9F 33 AC 41 00 00 68 42
1787903566.096992,34680,11c2,12,9D B2 92 43 F7 BB A1 41 00 00 6C 42
1787903566.107488,34680,11c3,12,F8 16 90 43 26 C3 A0 41 00 00 70 42
1787903566.118013,34680,11c4,12,AA 1B 8D 43 43 54 A9 41 00 00 74 42
1787903566.130288,34680,11c5,12,1A D2 89 43 DF 17 BB 41 00 00 78 42
1787903566.140959,34680,11c6,12,8E 4D 86 43 A6 58 D5 41 00 00 7C 42
1787903566.151704,34680,11c7,12,88 A1 82 43 BF 07 F7 41 00 00 80 42
1787903566.162366,34680,11c8,12,C9 C7 7D 43 4A 69 0F 42 00 00 82 42
1787903566.173758,34680,11c9,12,BF 52 76 43 52 90 25 42 00 00 84 42
1787903566.190654,34680,11ca,12,9B 0F 6F 43 D8 16 3D 42 00 00 86 42
1787903566.201033,34680,11cb,12,D4 28 68 43 BC 0C 55 42 00 00 88 42
1787903566.211600,34680,11cc,12,AA C4 61 43 A4 7B 6C 42 00 00 8A 42
1787903566.222107,34680,11cd,12,2D 09 5C 43 03 3C 81 42 00 00 8C 42
1787903566.232490,34680,11ce,12,22 16 57 43 CD 0F 8B 42 00 00 8E 42
1787903566.247306,34680,11cf,12,A4 08 53 43 E2 54 93 42 00 00 90 42
1787903566.259369,34680,11d0,12,43 F8 4F 43 D8 B6 99 42 00 00 92 42
1787903566.273064,34680,11d1,12,FD F5 4D 43 4B F4 9D 42 00 00 94 42
1787903566.284192,34680,11d2,12,C7 0D 4D 43 9C E2 9F 42 00 00 96 42
1787903566.295631,34680,11d3,12,A9 44 4D 43 AC 6D 9F 42 00 00 98 42
1787903566.307201,34680,11d4,12,8D 99 4E 43 24 9A 9C 42 00 00 9A 42
1787903566.318282,34680,11d5,12,7E 04 51 43 DC 84 97 42 00 00 9C 42
1787903566.328753,34680,11d6,12,13 78 54 43 58 62 90 42 00 00 9E 42
1787903566.340621,34680,11d7,12,C0 DF 58 43 51 7A 87 42 00 00 A0 42
1787903566.351040,34680,11d8,12,1B 23 5E 43 53 50 7A 42 00 00 A2 42
1787903566.361473,34680,11d9,12,74 23 64 43 74 AA 63 42 00 00 A4 42
1787903566.371772,34680,11da,12,92 BD 6A 43 31 EA 4B 42 00 00 A6 42
1787903566.382213,34680,11db,12,DD CC 71 43 D2 03 34 42 00 00 A8 42
1787903566.392512,34680,11dc,12,4B 27 79 43 91 E7 1C 42 00 00 AA 42
1787903566.403010,34680,11dd,12,0C 52 80 43 32 83 07 42 00 00 AC 42
1787903566.413922,34680,11de,12,BB 0B 84 43 1D 62 E9 41 00 00 AE 42
1787903566.424473,34680,11df,12,E7 AA 87 43 84 62 CA 41 00 00 B0 42
1787903566.435921,34680,11e0,12,7C 1B 8B 43 7B 45 B3 41 00 00 B2 42
1787903566.446382,34680,11e1,12,00 49 8E 43 55 F3 A4 41 00 00 B4 42
1787903566.456950,34680,11e2,12,D4 21 91 43 5E 00 A0 41 00 00 B6 42
1787903566.467480,34680,11e3,12,41 95 93 43 1A 9F A4 41 00 00 B8 42
1787903566.478148,34680,11e4,12,FF 94 95 43 63 A0 B2 41 00 00 BA 42
1787903566.488674,34680,11e5,12,FA 15 97 43 27 73 C9 41 00 00 BC 42
1787903566.499068,34680,11e6,12,3D 0F 98 43 01 32 E8 41 00 00 BE 42
1787903566.512441,34680,11e7,12,63 7B 98 43 D4 D0 06 42 00 00 C0 42
1787903566.523104,34680,11e8,12,DD 57 98 43 01 22 1C 42 00 00 C2 42
1787903566.533776,34680,11e9,12,90 A5 97 43 F0 32 33 42 00 00 C4 42
1787903566.548301,34680,11ea,12,5A 68 96 43 51 16 4B 42 00 00 C6 42
1787903566.559136,34680,11eb,12,9B A7 94 43 08 DC 62 42 00 00 C8 42
1787903566.569609,34680,11ec,12,0A 6D 92 43 96 8F 79 42 00 00 CA 42
1787903566.579832,34680,11ed,12,A1 C5 8F 43 A2 24 87 42 00 00 CC 42
1787903566.590148,34680,11ee,12,F8 C0 8C 43 C2 1A 90 42 00 00 CE 42
1787903566.600429,34680,11ef,12,CA 6F 89 43 38 4E 97 42 00 00 D0 42
1787903566.610950,34680,11f0,12,D6 E5 85 43 A2 76 9C 42 00 00 D2 42
1787903566.621356,34680,11f1,12,BC 36 82 43 B7 5E 9F 42 00 00 D4 42
1787903566.631679,34680,11f2,12,0D F0 7C 43 CD E8 9F 42 00 00 D6 42
1787903566.642147,34680,11f3,12,42 7F 75 43 61 0F 9E 42 00 00 D8 42
1787903566.652529,34680,11f4,12,57 44 6E 43 BE E5 99 42 00 00 DA 42
1787903566.663687,34680,11f5,12,57 6A 67 43 BB 95 93 42 00 00 DC 42
1787903566.674249,34680,11f6,12,3E 17 61 43 03 60 8B 42 00 00 DE 42
1787903566.684576,34680,11f7,12,28 70 5B 43 62 98 81 42 00 00 E0 42
1787903566.724625,34680,11f8,12,0C 96 56 43 5A 45 6D 42 00 00 E2 42
1787903566.734931,34680,11f9,12,D0 A3 52 43 5D DF 55 42 00 00 E4 42
1787903566.770917,34680,11fa,12,F3 B0 4F 43 FF E9 3D 42 00 00 E6 42
1787903566.781400,34680,11fb,12,CD CD 4D 43 94 5B 26 42 00 00 E8 42
1787903566.791709,34680,11fc,12,96 05 4D 43 8E 24 10 42 00 00 EA 42
1787903566.802465,34680,11fd,12,B4 5C 4D 43 57 4F F8 41 00 00 EC 42
1787903566.815638,34680,11fe,12,44 D1 4E 43 46 64 D6 41 00 00 EE 42
1787903566.827075,34680,11ff,12,9E 5A 51 43 D6 DC BB 41 00 00 A0 41
1787903566.837741,34680,1200,12,B0 EA 54 43 B7 CA A9 41 00 00 A8 41
1787903566.848387,34680,1201,12,C8 6C 59 43 5D E6 A0 41 00 00 B0 41
1787903566.864947,34680,1202,12,60 C6 5E 43 8C 8A A1 41 00 00 B8 41
1787903566.875574,34680,1203,12,D1 D9 64 43 8F AF AB 41 00 00 C0 41
1787903566.886678,34680,1204,12,EC 82 6B 43 6F EF BE 41 00 00 C8 41
1787903566.897223,34680,1205,12,C6 9C 72 43 43 85 DA 41 00 00 D0 41
1787903566.907956,34680,1206,12,DE FD 79 43 7B 57 FD 41 00 00 D8 41
1787903566.918809,34680,1207,12,7E BD 80 43 55 01 13 42 00 00 E0 41
1787903566.929302,34680,1208,12,4E 75 84 43 09 72 29 42 00 00 E8 41
1787903566.941576,34680,1209,12,3D 10 88 43 4C 1C 41 42 00 00 F0 41
1787903566.952060,34680,120a,12,4E 7A 8B 43 E1 0C 59 42 00 00 F8 41
1787903566.963655,34680,120b,12,7C 9F 8E 43 6D 4F 70 42 00 00 00 42
1787903566.974443,34680,120c,12,6C 6D 91 43 43 FB 82 42 00 00 04 42
1787903566.986006,34680,120d,12,91 D4 93 43 E2 91 8C 42 00 00 08 42
1787903566.996467,34680,120e,12,9D C6 95 43 36 8B 94 42 00 00 0C 42
1787903567.007762,34680,120f,12,C7 38 97 43 0A 95 9A 42 00 00 10 42
1787903567.018194,34680,1210,12,84 22 98 43 BE 71 9E 42 00 00 14 42
1787903567.028670,34680,1211,12,91 7E 98 43 E4 F9 9F 42 00 00 18 42
1787903567.039020,34680,1212,12,F1 4A 98 43 04 1E 9F 42 00 00 1C 42
1787903567.049441,34680,1213,12,D6 88 97 43 C0 E6 9B 42 00 00 20 42
1787903567.059770,34680,1214,12,76 3C 96 43 E4 74 96 42 00 00 24 42
1787903567.070253,34680,1215,12,53 6D 94 43 03 00 8F 42 00 00 28 42
1787903567.080795,34680,1216,12,19 26 92 43 3A D4 85 42 00 00 2C 42
1787903567.091088,34680,1217,12,68 73 8F 43 02 A0 76 42 00 00 30 42
1787903567.101537,34680,1218,12,50 65 8C 43 1C BA 5F 42 00 00 34 42
1787903567.111867,34680,1219,12,C2 0C 89 43 07 E2 47 42 00 00 38 42
1787903567.122415,34680,121a,12,47 7D 85 43 23 0B 30 42 00 00 3C 42
1787903567.140096,34680,121b,12,BE CB 81 43 C6 28 19 42 00 00 40 42
1787903567.150651,34680,121c,12,3F 19 7C 43 12 26 04 42 00 00 44 42
1787903567.161366,34680,121d,12,76 AC 74 43 6B AC E3 41 00 00 48 42
1787903567.171964,34680,121e,12,48 7A 6D 43 A9 EB C5 41 00 00 4C 42
1787903567.182532,34680,121f,12,E0 AC 66 43 8E 39 B0 41 00 00 50 42
1787903567.192853,34680,1220,12,FB 6B 60 43 8E 73 A3 41 00 00 54 42
1787903567.203307,34680,1221,12,43 DA 5A 43 EE 1B A0 41 00 00 58 42
1787903567.213635,34680,1222,12,E0 18 56 43 47 54 A6 41 00 00 5C 42
1787903567.224172,34680,1223,12,30 42 52 43 BD DD B5 41 00 00 60 42
1787903567.234734,34680,1224,12,D0 6C 4F 43 BA 19 CE 41 00 00 64 42
1787903567.245044,34680,1225,12,2B A9 4D 43 E0 10 EE 41 00 00 68 42
1787903567.262007,34680,1226,12,0A 01 4D 43 D9 3C 0A 42 00 00 6C 42
1787903567.272546,34680,1227,12,55 78 4D 43 0F E9 1F 42 00 00 70 42
1787903567.283008,34680,1228,12,77 0C 4F 43 78 2E 37 42 00 00 74 42
1787903567.293426,34680,1229,12,5F B4 51 43 8D 1F 4F 42 00 00 78 42
1787903567.304236,34680,122a,12,57 60 55 43 EC C7 66 42 00 00 7C 42
1787903567.315482,34680,122b,12,06 FC 59 43 6E 34 7D 42 00 00 80 42
1787903567.325945,34680,122c,12,FA 6B 5F 43 D7 C1 88 42 00 00 82 42
1787903567.336370,34680,122d,12,11 92 65 43 47 72 91 42 00 00 84 42
1787903567.346646,34680,122e,12,67 4A 6C 43 D6 52 98 42 00 00 86 42
1787903567.356999,34680,122f,12,94 6D 73 43 52 1D 9D 42 00 00 88 42
1787903567.367366,34680,1230,12,07 D4 7A 43 BA A0 9F 42 00 00 8A 42
1787903567.377844,34680,1231,12,D8 28 81 43 CA C3 9F 42 00 00 8C 42
1787903567.388098,34680,1232,12,86 DE 84 43 D2 84 9D 42 00 00 8E 42
1787903567.398626,34680,1233,12,52 75 88 43 BF FA 98 42 00 00 90 42
1787903567.409131,34680,1234,12,42 D8 8B 43 E8 53 92 42 00 00 92 42
1787903567.419592,34680,1235,12,91 F4 8E 43 EB D4 89 42 00 00 94 42
1787903567.430047,34680,1236,12,B8 B7 91 43 5C A6 7F 42 00 00 96 42
1787903567.442050,34680,1237,12,69 12 94 43 DC 6A 69 42 00 00 98 42
1787903567.452940,34680,1238,12,CA F6 95 43 43 DA 51 42 00 00 9A 42
1787903567.463268,34680,1239,12,DD 59 97 43 18 E5 39 42 00 00 9C 42
1787903567.473740,34680,123a,12,F0 33 98 43 AF 81 22 42 00 00 9E 42
1787903567.484155,34680,123b,12,F0 7F 98 43 1C 9B 0C 42 00 00 A0 42
1787903567.494692,34680,123c,12,3A 3C 98 43 91 25 F2 41 00 00 A2 42
1787903567.505336,34680,123d,12,43 6A 97 43 25 60 D1 41 00 00 A4 42
1787903567.516057,34680,123e,12,ED 0E 96 43 74 34 B8 41 00 00 A6 42
1787903567.526647,34680,123f,12,BE 31 94 43 5C A4 A7 41 00 00 A8 42
1787903567.537042,34680,1240,12,CF DD 91 43 55 56 A0 41 00 00 AA 42
1787903567.547894,34680,1241,12,07 20 8F 43 95 96 A2 41 00 00 AC 42
1787903567.559132,34680,1242,12,63 08 8C 43 21 4E AE 41 00 00 AE 42
1787903567.569826,34680,1243,12,09 A9 88 43 61 05 C3 41 00 00 B0 42
1787903567.580474,34680,1244,12,A9 14 85 43 55 E6 DF 41 00 00 B2 42
1787903567.594626,34680,1245,12,95 60 81 43 5C E7 01 42 00 00 B4 42
1787903567.605130,34680,1246,12,A7 42 7B 43 09 A7 16 42 00 00 B6 42
1787903567.640544,34680,1247,12,A6 D9 73 43 69 5E 2D 42 00 00 B8 42
1787903567.653532,34680,1248,12,7E B1 6C 43 9D 25 45 42 00 00 BA 42
1787903567.677538,34680,1249,12,DC F1 65 43 18 08 5D 42 00 00 BC 42
1787903567.688445,34680,124a,12,EE C2 5F 43 C6 15 74 42 00 00 BE 42
1787903567.701455,34680,124b,12,FB 46 5A 43 BC B0 84 42 00 00 C0 42
1787903567.711741,34680,124c,12,3A 9E 55 43 E9 08 8E 42 00 00 C2 42
1787903567.721995,34680,124d,12,CD E3 51 43 07 B4 95 42 00 00 C4 42
1787903567.732231,34680,124e,12,5E 2C 4F 43 74 63 9B 42 00 00 C6 42
1787903567.742667,34680,124f,12,1A 88 4D 43 0D DE 9E 42 00 00 C8 42
1787903567.752932,34680,1250,12,1B 00 4D 43 C6 FF 9F 42 00 00 CA 42
1787903567.763632,34680,1251,12,A9 97 4D 43 15 BD 9E 42 00 00 CC 42
1787903567.774064,34680,1252,12,21 4B 4F 43 D6 22 9B 42 00 00 CE 42
1787903567.784784,34680,1253,12,14 11 52 43 56 56 95 42 00 00 D0 42
1787903567.795027,34680,1254,12,01 D9 55 43 E1 91 8D 42 00 00 D2 42
1787903567.805323,34680,1255,12,F0 8D 5A 43 1C 25 84 42 00 00 D4 42
1787903567.815773,34680,1256,12,7A 14 60 43 76 E0 72 42 00 00 D6 42
1787903567.826193,34680,1257,12,28 4C 66 43 0F C1 5B 42 00 00 D8 42
1787903567.836504,34680,1258,12,84 12 6D 43 E5 D9 43 42 00 00 DA 42
1787903567.849504,34680,1259,12,38 3F 74 43 3A 1B 2C 42 00 00 DC 42
1787903567.860491,34680,125a,12,7D AA 7B 43 46 79 15 42 00 00 DE 42
1787903567.873530,34680,125b,12,78 94 81 43 0E DB 00 42 00 00 E0 42
1787903567.884991,34680,125c,12,59 47 85 43 06 26 DE 41 00 00 E2 42
1787903567.896933,34680,125d,12,63 D9 88 43 36 AF C1 41 00 00 E4 42
1787903567.908239,34680,125e,12,52 35 8C 43 C8 6F AD 41 00 00 E6 42
1787903567.920734,34680,125f,12,87 48 8F 43 EA 38 A2 41 00 00 E8 42
1787903567.931147,34680,1260,12,F7 00 92 43 15 7D A0 41 00 00 EA 42
1787903567.941571,34680,1261,12,C5 4E 94 43 FC 4D A8 41 00 00 EC 42
1787903567.952728,34680,1262,12,2B 25 96 43 27 5A B9 41 00 00 EE 42
1787903567.962976,34680,1263,12,3A 79 97 43 3E F6 D2 41 00 00 A0 41
1787903567.973482,34680,1264,12,92 43 98 43 E1 1B F4 41 00 00 A8 41
1787903567.983769,34680,1265,12,80 7F 98 43 5B BC 0D 42 00 00 B0 41
1787903567.994085,34680,1266,12,BA 2B 98 43 7D BD 23 42 00 00 B8 41
1787903568.004497,34680,1267,12,10 4A 97 43 DD 2E 3B 42 00 00 C0 41
1787903568.014676,34680,1268,12,C2 DF 95 43 DA 24 53 42 00 00 C8 41
1787903568.025042,34680,1269,12,AA F4 93 43 17 A9 6A 42 00 00 D0 41
1787903568.036725,34680,126a,12,EC 93 91 43 C6 65 80 42 00 00 D8 41
1787903568.048606,34680,126b,12,86 CB 8E 43 24 55 8A 42 00 00 E0 41
1787903568.061767,34680,126c,12,E5 AA 8B 43 A8 BC 92 42 00 00 E8 41
1787903568.072765,34680,126d,12,A7 44 88 43 D8 47 99 42 00 00 F0 41
1787903568.083389,34680,126e,12,A4 AB 84 43 2F B3 9D 42 00 00 F8 41
1787903568.093898,34680,126f,12,E6 F4 80 43 92 D1 9F 42 00 00 00 42
1787903568.104384,34680,1270,12,54 6C 7A 43 62 8D 9F 42 00 00 04 42
1787903568.115157,34680,1271,12,68 08 73 43 A2 E9 9C 42 00 00 08 42
1787903568.125859,34680,1272,12,07 EA 6B 43 DA 00 98 42 00 00 0C 42
1787903568.136665,34680,1273,12,A7 38 65 43 43 05 91 42 00 00 10 42
1787903568.147620,34680,1274,12,89 1B 5F 43 25 3E 88 42 00 00 14 42
1787903568.158183,34680,1275,12,5B B6 59 43 2E 0A 7C 42 00 00 18 42
1787903568.169103,34680,1276,12,04 27 55 43 B5 86 65 42 00 00 1C 42
1787903568.179700,34680,1277,12,AC 88 51 43 2C D4 4D 42 00 00 20 42
1787903568.190130,34680,1278,12,61 EF 4E 43 24 E6 35 42 00 00 24 42
1787903568.201330,34680,1279,12,83 6A 4D 43 DE B0 1E 42 00 00 28 42
1787903568.211871,34680,127a,12,CA 02 4D 43 3E 21 09 42 00 00 2C 42
1787903568.222821,34680,127b,12,74 BA 4D 43 6D 29 EC 41 00 00 30 42
1787903568.233371,34680,127c,12,3E 8D 4F 43 7F 95 CC 41 00 00 34 42
1787903568.243687,34680,127d,12,0A 71 52 43 35 CC B4 41 00 00 38 42
1787903568.254633,34680,127e,12,18 55 56 43 5A C0 A5 41 00 00 3C 42
1787903568.265280,34680,127f,12,7D 22 5B 43 81 0B A0 41 00 00 40 42
1787903568.278822,34680,1280,12,9A BE 60 43 3E E7 A3 41 00 00 44 42
1787903568.290407,34680,1281,12,08 08 67 43 CA 2C B1 41 00 00 48 42
1787903568.302550,34680,1282,12,ED DB 6D 43 BD 54 C7 41 00 00 4C 42
1787903568.313299,34680,1283,12,67 12 75 43 F3 7C E5 41 00 00 50 42
1787903568.324009,34680,1284,12,32 81 7C 43 CD 38 05 42 00 00 54 42
1787903568.334461,34680,1285,12,8D FF 81 43 02 5B 1A 42 00 00 58 42
1787903568.345093,34680,1286,12,C2 AF 85 43 AC 50 31 42 00 00 5C 42
1787903568.355641,34680,1287,12,C7 3C 89 43 E3 2D 49 42 00 00 60 42
1787903568.366080,34680,1288,12,CB 91 8C 43 10 FF 60 42 00 00 64 42
1787903568.376733,34680,1289,12,59 9B 8F 43 19 D1 77 42 00 00 68 42
1787903568.387592,34680,128a,12,9B 48 92 43 C2 5C 86 42 00 00 6C 42
1787903568.398068,34680,128b,12,9F 89 94 43 17 73 8F 42 00 00 70 42
1787903568.410714,34680,128c,12,E9 51 96 43 ED CD 96 42 00 00 74 42
1787903568.422174,34680,128d,12,F6 96 97 43 31 22 9C 42 00 00 78 42
1787903568.433560,34680,128e,12,6B 51 98 43 7E 39 9F 42 00 00 7C 42
1787903568.446441,34680,128f,12,41 7D 98 43 51 F4 9F 42 00 00 80 42
1787903568.457082,34680,1290,12,71 19 98 43 54 4B 9E 42 00 00 82 42
1787903568.467925,34680,1291,12,25 28 97 43 52 4F 9A 42 00 00 84 42
1787903568.478336,34680,1292,12,CC AE 95 43 F7 28 94 42 00 00 86 42
1787903568.489075,34680,1293,12,1B B6 93 43 08 17 8C 42 00 00 88 42
1787903568.507026,34680,1294,12,FE 48 91 43 B3 6C 82 42 00 00 8A 42
1787903568.517702,34680,1295,12,EA 75 8E 43 40 16 6F 42 00 00 8C 42
1787903568.528108,34680,1296,12,84 4C 8B 43 22 C4 57 42 00 00 8E 42
1787903568.538545,34680,1297,12,44 DF 87 43 17 D1 3F 42 00 00 90 42
1787903568.549055,34680,1298,12,40 42 84 43 92 31 28 42 00 00 92 42
1787903568.559985,34680,1299,12,7F 89 80 43 61 D8 11 42 00 00 94 42
1787903568.570925,34680,129a,12,56 96 79 43 4B 4C FB 41 00 00 96 42
1787903568.581470,34680,129b,12,07 38 72 43 A6 D5 D8 41 00 00 98 42
1787903568.591941,34680,129c,12,39 23 6B 43 9A AC BD 41 00 00 9A 42
1787903568.602509,34680,129d,12,50 81 64 43 62 E6 AA 41 00 00 9C 42
1787903568.612952,34680,129e,12,0E 77 5E 43 03 43 A1 41 00 00 9E 42
1787903568.627773,34680,129f,12,6C 28 59 43 5C 23 A1 41 00 00 A0 42
1787903568.638376,34680,12a0,12,D4 B2 54 43 CE 89 AA 41 00 00 A2 42
1787903568.648889,34680,12a1,12,84 30 51 43 67 16 BD 41 00 00 A4 42
1787903568.659281,34680,12a2,12,DD B5 4E 43 D1 0B D8 41 00 00 A6 42
1787903568.670100,34680,12a3,12,9E 50 4D 43 F1 53 FA 41 00 00 A8 42
1787903568.681728,34680,12a4,12,15 09 4D 43 1A 4B 11 42 00 00 AA 42
1787903568.692412,34680,12a5,12,CF E0 4D 43 A2 9A 27 42 00 00 AC 42
1787903568.702947,34680,12a6,12,0A D3 4F 43 D5 34 3F 42 00 00 AE 42
1787903568.713351,34680,12a7,12,37 D4 52 43 CA 28 57 42 00 00 B0 42
1787903568.723723,34680,12a8,12,AE D3 56 43 3D 80 6E 42 00 00 B2 42
1787903568.734165,34680,12a9,12,A2 B9 5B 43 48 28 82 42 00 00 B4 42
1787903568.745909,34680,12aa,12,EA 6A 61 43 9F DC 8B 42 00 00 B6 42
1787903568.756424,34680,12ab,12,54 C6 67 43 17 FA 93 42 00 00 B8 42
1787903568.766814,34680,12ac,12,93 A6 6E 43 D9 2D 9A 42 00 00 BA 42
1787903568.777266,34680,12ad,12,8A E5 75 43 5D 38 9E 42 00 00 BC 42
1787903568.787805,34680,12ae,12,14 58 7D 43 06 F1 9F 42 00 00 BE 42
1787903568.798726,34680,12af,12,74 6A 82 43 D9 45 9F 42 00 00 C0 42
1787903568.809256,34680,12b0,12,19 18 86 43 AA 3D 9C 42 00 00 C2 42
1787903568.820836,34680,12b1,12,77 9F 89 43 6D F7 96 42 00 00 C4 42
1787903568.831427,34680,12b2,12,FD EC 8C 43 9A A9 8F 42 00 00 C6 42
1787903568.841999,34680,12b3,12,01 ED 8F 43 9E 9D 86 42 00 00 C8 42
1787903568.852544,34680,12b4,12,E3 8E 92 43 9D 60 78 42 00 00 CA 42
1787903568.863408,34680,12b5,12,29 C3 94 43 31 98 61 42 00 00 CC 42
1787903568.873845,34680,12b6,12,01 7D 96 43 86 CA 49 42 00 00 CE 42
1787903568.884337,34680,12b7,12,D8 B2 97 43 6A EC 31 42 00 00 D0 42
1787903568.896088,34680,12b8,12,79 5D 98 43 C5 ED 1A 42 00 00 D2 42
1787903568.908000,34680,12b9,12,33 79 98 43 2D BB 05 42 00 00 D4 42
1787903568.918627,34680,12ba,12,4E 05 98 43 FE 59 E6 41 00 00 D6 42
1787903568.930646,34680,12bb,12,85 04 97 43 43 01 C8 41 00 00 D8 42
1787903568.940990,34680,12bc,12,68 7C 95 43 53 A3 B1 41 00 00 DA 42
1787903568.951852,34680,12bd,12,16 76 93 43 FF 20 A4 41 00 00 DC 42
1787903568.962224,34680,12be,12,C8 FC 90 43 3E 06 A0 41 00 00 DE 42
1787903568.972643,34680,12bf,12,E7 1E 8E 43 F4 7C A5 41 00 00 E0 42
1787903569.011157,34680,12c0,12,4A ED 8A 43 5D 4D B4 41 00 00 E2 42
1787903569.053321,34680,12c1,12,A4 79 87 43 1B DE CB 41 00 00 E4 42
1787903569.065254,34680,12c2,12,83 D8 83 43 4E 42 EB 41 00 00 E6 42
1787903569.075679,34680,12c3,12,05 1E 80 43 06 9C 08 42 00 00 E8 42
1787903569.086124,34680,12c4,12,F5 BF 78 43 EE 1D 1E 42 00 00 EA 42
1787903569.096540,34680,12c5,12,92 68 71 43 58 4B 35 42 00 00 EC 42
1787903569.106924,34680,12c6,12,93 5E 6A 43 D1 35 4D 42 00 00 EE 42
1787903569.118104,34680,12c7,12,E2 CB 63 43 F5 EC 64 42 00 00 A0 41
1787903569.128599,34680,12c8,12,EE D4 5D 43 DA 7C 7B 42 00 00 A8 41
1787903569.142582,34680,12c9,12,BA 9C 58 43 9A FF 87 42 00 00 B0 41
1787903569.152898,34680,12ca,12,B4 41 54 43 56 D1 90 42 00 00 B8 41
1787903569.163346,34680,12cb,12,FF DB 50 43 23 D9 97 42 00 00 C0 41
1787903569.173756,34680,12cc,12,D7 7F 4E 43 57 D0 9C 42 00 00 C8 41
1787903569.184451,34680,12cd,12,50 3A 4D 43 A2 83 9F 42 00 00 D0 41
1787903569.195625,34680,12ce,12,08 13 4D 43 75 D7 9F 42 00 00 D8 41
1787903569.206394,34680,12cf,12,B7 0A 4E 43 78 C8 9D 42 00 00 E0 41
1787903569.217182,34680,12d0,12,00 1C 50 43 1B 6C 99 42 00 00 E8 41
1787903569.227991,34680,12d1,12,96 3A 53 43 34 EE 92 42 00 00 F0 41
1787903569.238541,34680,12d2,12,2C 55 57 43 45 91 8A 42 00 00 F8 41
1787903569.249439,34680,12d3,12,E3 53 5C 43 AD AA 80 42 00 00 00 42
1787903569.259938,34680,12d4,12,5E 19 62 43 F2 3E 6B 42 00 00 04 42
1787903569.270504,34680,12d5,12,9F 85 68 43 A7 C2 53 42 00 00 08 42
1787903569.281864,34680,12d6,12,68 72 6F 43 86 CC 3B 42 00 00 0C 42
1787903569.292722,34680,12d7,12,56 B9 76 43 EF 52 24 42 00 00 10 42
1787903569.303223,34680,12d8,12,DD 2F 7E 43 7F 45 0E 42 00 00 14 42
1787903569.313989,34680,12d9,12,25 D5 82 43 99 0A F5 41 00 00 18 42
1787903569.324615,34680,12da,12,95 7F 86 43 39 BA D3 41 00 00 1C 42
1787903569.335153,34680,12db,12,6B 01 8A 43 B6 E8 B9 41 00 00 20 42
1787903569.345922,34680,12dc,12,36 47 8D 43 74 A0 A8 41 00 00 24 42
1787903569.356682,34680,12dd,12,C4 3D 90 43 DD 91 A0 41 00 00 28 42
1787903569.367192,34680,12de,12,CA D3 92 43 2C 0F A2 41 00 00 2C 42
1787903569.382046,34680,12df,12,F4 FA 94 43 F5 07 AD 41 00 00 30 42
1787903569.393417,34680,12e0,12,6F A6 96 43 F1 0D C1 41 00 00 34 42
1787903569.404736,34680,12e1,12,FA CC 97 43 40 54 DD 41 00 00 38 42
1787903569.415294,34680,12e2,12,C3 67 98 43 24 5D 00 42 00 00 3C 42
1787903569.425953,34680,12e3,12,57 73 98 43 5C EB 14 42 00 00 40 42
1787903569.439669,34680,12e4,12,76 EF 97 43 24 81 2B 42 00 00 44 42
1787903569.450941,34680,12e5,12,31 DF 96 43 7A 3B 43 42 00 00 48 42
1787903569.461556,34680,12e6,12,6D 48 95 43 7B 26 5B 42 00 00 4C 42
1787903569.472084,34680,12e7,12,62 34 93 43 03 4E 72 42 00 00 50 42
1787903569.482545,34680,12e8,12,4E AF 90 43 DE E2 83 42 00 00 54 42
1787903569.493100,34680,12e9,12,27 C7 8D 43 95 58 8D 42 00 00 58 42
1787903569.503860,34680,12ea,12,3C 8D 8A 43 10 29 95 42 00 00 5C 42
1787903569.514268,34680,12eb,12,71 13 87 43 C2 03 9B 42 00 00 60 42
1787903569.525064,34680,12ec,12,14 6E 83 43 E9 AC 9E 42 00 00 64 42
1787903569.535809,34680,12ed,12,00 65 7F 43 27 FF 9F 42 00 00 68 42
1787903569.546148,34680,12ee,12,CF EA 77 43 2D ED 9E 42 00 00 6C 42
1787903569.557431,34680,12ef,12,19 9A 70 43 BD 81 9B 42 00 00 70 42
1787903569.567983,34680,12f0,12,6B 9B 69 43 BC DF 95 42 00 00 74 42
1787903569.578587,34680,12f1,12,C6 17 63 43 A9 40 8E 42 00 00 78 42
1787903569.589112,34680,12f2,12,32 35 5D 43 4E F2 84 42 00 00 7C 42
1787903569.599657,34680,12f3,12,50 14 58 43 10 A9 74 42 00 00 80 42
1787903569.610076,34680,12f4,12,AA D3 53 43 17 A4 5D 42 00 00 82 42
1787903569.630073,34680,12f5,12,D0 8A 50 43 3A C2 45 42 00 00 84 42
1787903569.640887,34680,12f6,12,25 4D 4E 43 3E F7 2D 42 00 00 86 42
1787903569.651454,34680,12f7,12,9B 27 4D 43 FE 35 17 42 00 00 88 42
1787903569.663425,34680,12f8,12,8E 20 4D 43 44 68 02 42 00 00 8A 42
1787903569.673867,34680,12f9,12,28 38 4E 43 57 BE E0 41 00 00 8C 42
1787903569.686718,34680,12fa,12,5B 68 50 43 05 A9 C3 41 00 00 8E 42
1787903569.697263,34680,12fb,12,82 A4 53 43 6D B9 AE 41 00 00 90 42
1787903569.707824,34680,12fc,12,87 D9 57 43 42 C5 A2 41 00 00 92 42
1787903569.718437,34680,12fd,12,18 F0 5C 43 58 46 A0 41 00 00 94 42
1787903569.728793,34680,12fe,12,E8 C9 62 43 C8 55 A7 41 00 00 96 42
1787903569.745177,34680,12ff,12,89 46 69 43 0F AC B7 41 00 00 98 42
1787903569.763845,34680,1300,12,1B 40 70 43 6E A2 D0 41 00 00 9A 42
1787903569.774637,34680,1301,12,BB 8D 77 43 19 3A F1 41 00 00 9C 42
1787903569.786119,34680,1302,12,ED 06 7F 43 92 11 0C 42 00 00 9E 42
1787903569.796483,34680,1303,12,98 3F 83 43 3A EB 21 42 00 00 A0 42
1787903569.806879,34680,1304,12,90 E6 86 43 94 49 39 42 00 00 A2 42
1787903569.818550,34680,1305,12,F8 62 8A 43 1C 3E 51 42 00 00 A4 42
1787903569.829578,34680,1306,12,71 A0 8D 43 4C D4 68 42 00 00 A6 42
1787903569.839989,34680,1307,12,05 8D 90 43 BA 19 7F 42 00 00 A8 42
1787903569.850488,34680,1308,12,4C 17 93 43 45 97 89 42 00 00 AA 42
1787903569.861355,34680,1309,12,31 31 95 43 FB 21 92 42 00 00 AC 42
1787903569.871794,34680,130a,12,55 CE 96 43 CE D5 98 42 00 00 AE 42
1787903569.883183,34680,130b,12,5A E5 97 43 56 6E 9D 42 00 00 B0 42
1787903569.894296,34680,130c,12,36 70 98 43 92 BC 9F 42 00 00 B2 42
1787903569.904878,34680,130d,12,AE 6B 98 43 56 A9 9F 42 00 00 B4 42
1787903569.915249,34680,130e,12,DB D7 97 43 21 35 9D 42 00 00 B6 42
1787903569.925755,34680,130f,12,08 B8 96 43 FE 78 98 42 00 00 B8 42
1787903569.936323,34680,1310,12,DF 12 95 43 44 A5 91 42 00 00 BA 42
1787903569.946856,34680,1311,12,7E F1 92 43 5C 00 89 42 00 00 BC 42
1787903569.960695,34680,1312,12,95 60 90 43 56 C2 7D 42 00 00 BE 42
1787903569.971127,34680,1313,12,5E 6E 8D 43 3A 5F 67 42 00 00 C0 42
1787903569.981438,34680,1314,12,08 2C 8A 43 E6 BB 4F 42 00 00 C2 42
1787903569.991752,34680,1315,12,B1 AC 86 43 A1 C9 37 42 00 00 C4 42
1787903570.002127,34680,1316,12,BE 03 83 43 9C 7E 20 42 00 00 C6 42
1787903570.012660,34680,1317,12,EE 8D 7E 43 F9 C4 0A 42 00 00 C8 42
1787903570.023243,34680,1318,12,2C 16 77 43 A6 F8 EE 41 00 00 CA 42
1787903570.033592,34680,1319,12,EC CB 6F 43 FF D2 CE 41 00 00 CC 42
1787903570.043995,34680,131a,12,CF D9 68 43 1F 61 B6 41 00 00 CE 42
1787903570.054451,34680,131b,12,56 66 62 43 68 9D A6 41 00 00 D0 42
1787903570.066095,34680,131c,12,E8 97 5C 43 4F 26 A0 41 00 00 D2 42
1787903570.076948,34680,131d,12,B7 8E 57 43 67 3F A3 41 00 00 D4 42
1787903570.087637,34680,131e,12,5C 68 53 43 10 C9 AF 41 00 00 D6 42
1787903570.098247,34680,131f,12,FC 3C 50 43 50 43 C5 41 00 00 D8 42
1787903570.132000,34680,1320,12,28 1E 4E 43 56 D0 E2 41 00 00 DA 42
1787903570.164241,34680,1321,12,81 18 4D 43 8E A3 03 42 00 00 DC 42
1787903570.198536,34680,1322,12,B0 31 4D 43 B6 98 18 42 00 00 DE 42
1787903570.210787,34680,1323,12,4F 69 4E 43 B9 71 2F 42 00 00 E0 42
1787903570.221244,34680,1324,12,13 B8 50 43 61 45 47 42 00 00 E2 42
1787903570.231947,34680,1325,12,30 11 54 43 A3 1E 5F 42 00 00 E4 42
1787903570.242511,34680,1326,12,B7 60 58 43 C8 0D 76 42 00 00 E6 42
1787903570.253523,34680,1327,12,C3 8E 5D 43 6D 93 85 42 00 00 E8 42
1787903570.265063,34680,1328,12,23 7D 63 43 3E C9 8E 42 00 00 EA 42
1787903570.276691,34680,1329,12,06 09 6A 43 57 4A 96 42 00 00 EC 42
1787903570.288108,34680,132a,12,22 0E 71 43 C4 C9 9B 42 00 00 EE 42
1787903570.300074,34680,132b,12,AA 62 78 43 45 10 9F 42 00 00 A0 41
1787903570.310791,34680,132c,12,FC DD 7F 43 E6 FB 9F 42 00 00 A8 41
1787903570.322025,34680,132d,12,29 AA 83 43 44 83 9E 42 00 00 B0 41
1787903570.332673,34680,132e,12,02 4D 87 43 62 B5 9A 42 00 00 B8 41
1787903570.343127,34680,132f,12,60 C3 8A 43 A0 B9 94 42 00 00 C0 41
1787903570.353609,34680,1330,12,A6 F8 8D 43 24 CC 8C 42 00 00 C8 41
1787903570.363950,34680,1331,12,0B DB 90 43 3B 3E 83 42 00 00 D0 41
1787903570.374429,34680,1332,12,A1 59 93 43 D6 E2 70 42 00 00 D8 41
1787903570.384967,34680,1333,12,DD 65 95 43 E2 A7 59 42 00 00 E0 41
1787903570.395860,34680,1334,12,66 F4 96 43 95 BA 41 42 00 00 E8 41
1787903570.406285,34680,1335,12,F8 FB 97 43 70 0B 2A 42 00 00 F0 41
1787903570.416744,34680,1336,12,DC 76 98 43 0E 8E 13 42 00 00 F8 41
1787903570.427778,34680,1337,12,2E 62 98 43 F7 4F FE 41 00 00 00 42
1787903570.438120,34680,1338,12,7D BE 97 43 E2 52 DB 41 00 00 04 42
1787903570.448944,34680,1339,12,55 8F 96 43 D8 8B BF 41 00 00 08 42
1787903570.459709,34680,133a,12,C2 DB 94 43 10 12 AC 41 00 00 0C 42
1787903570.470635,34680,133b,12,32 AD 92 43 CA AE A1 41 00 00 10 42
1787903570.481671,34680,133c,12,5A 10 90 43 0E CC A0 41 00 00 14 42
1787903570.492284,34680,133d,12,93 14 8D 43 E7 72 A9 41 00 00 18 42
1787903570.502876,34680,133e,12,67 CA 89 43 49 49 BB 41 00 00 1C 42
1787903570.513313,34680,133f,12,6D 45 86 43 EA 9B D5 41 00 00 20 42
1787903570.523689,34680,1340,12,26 99 82 43 10 5D F7 41 00 00 24 42
1787903570.534007,34680,1341,12,1D B6 7D 43 19 9A 0F 42 00 00 28 42
1787903570.544360,34680,1342,12,1B 42 76 43 54 C5 25 42 00 00 2C 42
1787903570.554840,34680,1343,12,98 FF 6E 43 12 4C 3D 42 00 00 30 42
1787903570.565755,34680,1344,12,CD 19 68 43 DC 41 55 42 00 00 34 42
1787903570.576629,34680,1345,12,F7 B6 61 43 53 B0 6C 42 00 00 38 42
1787903570.587390,34680,1346,12,8C FC 5B 43 27 54 81 42 00 00 3C 42
1787903570.597846,34680,1347,12,F8 0B 57 43 C8 24 8B 42 00 00 40 42
1787903570.608214,34680,1348,12,9A 00 53 43 4A 65 93 42 00 00 44 42
1787903570.619503,34680,1349,12,8A F2 4F 43 BB C2 99 42 00 00 48 42
1787903570.632544,34680,134a,12,B4 F2 4D 43 6E FB 9D 42 00 00 4C 42
1787903570.643168,34680,134b,12,F8 0C 4D 43 4C E4 9F 42 00 00 50 42
1787903570.653958,34680,134c,12,6B 46 4D 43 D7 69 9F 42 00 00 54 42
1787903570.664553,34680,134d,12,CE 9D 4E 43 40 91 9C 42 00 00 58 42
1787903570.675276,34680,134e,12,23 0B 51 43 24 77 97 42 00 00 5C 42
1787903570.686363,34680,134f,12,F8 80 54 43 B7 4F 90 42 00 00 60 42
1787903570.696974,34680,1350,12,32 EB 58 43 FF 63 87 42 00 00 64 42
1787903570.707610,34680,1351,12,D8 2F 5E 43 15 1E 7A 42 00 00 68 42
1787903570.718114,34680,1352,12,B6 31 64 43 70 76 63 42 00 00 6C 42
1787903570.728894,34680,1353,12,06 CD 6A 43 C7 B4 4B 42 00 00 70 42
1787903570.739345,34680,1354,12,2A DD 71 43 49 CD 33 42 00 00 74 42
1787903570.749999,34680,1355,12,D9 38 79 43 F5 B3 1C 42 00 00 78 42
1787903570.760864,34680,1356,12,7E 5A 80 43 92 54 07 42 00 00 7C 42
1787903570.771401,34680,1357,12,0A 14 84 43 3F 15 E9 41 00 00 80 42
1787903570.781979,34680,1358,12,E3 B2 87 43 F0 25 CA 41 00 00 82 42
1787903570.792283,34680,1359,12,F7 22 8B 43 23 1A B3 41 00 00 84 42
1787903570.802669,34680,135a,12,20 50 8E 43 13 DD A4 41 00 00 86 42
1787903570.816720,34680,135b,12,D0 27 91 43 16 00 A0 41 00 00 88 42
1787903570.827208,34680,135c,12,48 9A 93 43 12 B4 A4 41 00 00 8A 42
1787903570.839123,34680,135d,12,F4 98 95 43 C2 C9 B2 41 00 00 8C 42
1787903570.849654,34680,135e,12,C5 18 97 43 64 B1 C9 41 00 00 8E 42
1787903570.860023,34680,135f,12,E2 10 98 43 2C 81 E8 41 00 00 90 42
1787903570.876219,34680,1360,12,B4 7B 98 43 4D FF 06 42 00 00 92 42
1787903570.886798,34680,1361,12,EA 56 98 43 C4 53 1C 42 00 00 94 42
1787903570.897346,34680,1362,12,5F A3 97 43 94 67 33 42 00 00 96 42
1787903570.907800,34680,1363,12,F7 64 96 43 9D 4D 4B 42 00 00 98 42
1787903570.918296,34680,1364,12,E4 A2 94 43 EF 11 63 42 00 00 9A 42
1787903570.929023,34680,1365,12,84 67 92 43 F2 C1 79 42 00 00 9C 42
1787903570.939502,34680,1366,12,36 BF 8F 43 47 3A 87 42 00 00 9E 42
1787903570.949944,34680,1367,12,CD B9 8C 43 DC 2C 90 42 00 00 A0 42
1787903570.960953,34680,1368,12,08 68 89 43 8A 5C 97 42 00 00 A2 42
1787903570.971502,34680,1369,12,4B DD 85 43 F7 7F 9C 42 00 00 A4 42
1787903570.982133,34680,136a,12,56 2E 82 43 B0 62 9F 42 00 00 A6 42
1787903570.993386,34680,136b,12,2B DF 7C 43 4F E7 9F 42 00 00 A8 42
1787903571.003806,34680,136c,12,AC 6E 75 43 9E 08 9E 42 00 00 AA 42
1787903571.014431,34680,136d,12,6C 34 6E 43 91 D9 99 42 00 00 AC 42
1787903571.024961,34680,136e,12,C2 5A 67 43 DC 84 93 42 00 00 AE 42
1787903571.035511,34680,136f,12,B6 09 61 43 20 4B 8B 42 00 00 B0 42
1787903571.046047,34680,1370,12,49 64 5B 43 21 81 81 42 00 00 B2 42
1787903571.056432,34680,1371,12,1B 8C 56 43 89 12 6D 42 00 00 B4 42
1787903571.068874,34680,1372,12,06 9C 52 43 69 A8 55 42 00 00 B6 42
1787903571.079500,34680,1373,12,3D AB 4F 43 E1 B2 3D 42 00 00 B8 42
1787903571.090091,34680,1374,12,CB CA 4D 43 7E 26 26 42 00 00 BA 42
1787903571.100416,34680,1375,12,18 05 4D 43 46 F5 0F 42 00 00 BC 42
1787903571.111689,34680,1376,12,BE 5E 4D 43 92 FC F7 41 00 00 BE 42
1787903571.122164,34680,1377,12,CB D5 4E 43 37 1E D6 41 00 00 C0 42
1787903571.133270,34680,1378,12,D8 61 51 43 2F A9 BB 41 00 00 C2 42
1787903571.143633,34680,1379,12,D2 F3 54 43 88 AB A9 41 00 00 C4 42
1787903571.155275,34680,137a,12,F0 77 59 43 36 DD A0 41 00 00 C6 42
1787903571.167895,34680,137b,12,4E D3 5E 43 BB 96 A1 41 00 00 C8 42
1787903571.178360,34680,137c,12,39 E8 64 43 C1 D1 AB 41 00 00 CA 42
1787903571.189869,34680,137d,12,34 93 6B 43 DA 25 BF 41 00 00 CC 42
1787903571.200376,34680,137e,12,25 AD 72 43 BC CD DA 41 00 00 CE 42
1787903571.210828,34680,137f,12,AE 0E 7A 43 25 AC FD 41 00 00 D0 42
1787903571.221218,34680,1380,12,EE C5 80 43 4D 31 13 42 00 00 D2 42
1787903571.233518,34680,1381,12,96 7D 84 43 8B A7 29 42 00 00 D4 42
1787903571.243983,34680,1382,12,8A 18 88 43 87 53 41 42 00 00 D6 42
1787903571.254463,34680,1383,12,B8 81 8B 43 A1 43 59 42 00 00 D8 42
1787903571.268519,34680,1384,12,36 A6 8E 43 C0 81 70 42 00 00 DA 42
1787903571.281606,34680,1385,12,4E 73 91 43 22 12 83 42 00 00 DC 42
1787903571.292361,34680,1386,12,7A D9 93 43 3F A6 8C 42 00 00 DE 42
1787903571.303103,34680,1387,12,9E CA 95 43 72 9B 94 42 00 00 E0 42
1787903571.314081,34680,1388,12,70 3B 97 43 80 A0 9A 42 00 00 E2 42
1787903571.325716,34680,1389,12,F2 23 98 43 C3 77 9E 42 00 00 E4 42
1787903571.337742,34680,138a,12,BD 7E 98 43 9F FA 9F 42 00 00 E6 42
1787903571.348387,34680,138b,12,DA 49 98 43 44 19 9F 42 00 00 E8 42
1787903571.360219,34680,138c,12,66 86 97 43 AE DC 9B 42 00 00 EA 42
1787903571.371535,34680,138d,12,F1 38 96 43 E7 65 96 42 00 00 EC 42
1787903571.383013,34680,138e,12,B3 68 94 43 5C ED 8E 42 00 00 EE 42
1787903571.393715,34680,138f,12,78 20 92 43 24 BE 85 42 00 00 A0 41
1787903571.404124,34680,1390,12,E6 6C 8F 43 04 6D 76 42 00 00 A8 41
1787903571.414606,34680,1391,12,BD 5D 8C 43 E0 83 5F 42 00 00 B0 41
1787903571.425808,34680,1392,12,F2 04 89 43 B5 AA 47 42 00 00 B8 41
1787903571.436904,34680,1393,12,13 75 85 43 C7 D6 2F 42 00 00 C0 41
1787903571.448487,34680,1394,12,54 C3 81 43 97 F7 18 42 00 00 C8 41
1787903571.459342,34680,1395,12,61 08 7C 43 79 F8 03 42 00 00 D0 41
1787903571.470115,34680,1396,12,2B 9B 74 43 7C 5F E3 41 00 00 D8 41
1787903571.480919,34680,1397,12,76 6A 6D 43 0E B0 C5 41 00 00 E0 41
1787903571.491939,34680,1398,12,1F 9E 66 43 02 13 B0 41 00 00 E8 41
1787903571.502826,34680,1399,12,9F 5E 60 43 95 61 A3 41 00 00 F0 41
1787903571.513398,34680,139a,12,99 CE 5A 43 5E 1F A0 41 00 00 F8 41
1787903571.523807,34680,139b,12,B8 0E 56 43 9E 6D A6 41 00 00 00 42
1787903571.534357,34680,139c,12,A8 3A 52 43 F8 0B B6 41 00 00 04 42
1787903571.544920,34680,139d,12,A0 67 4F 43 CB 58 CE 41 00 00 08 42
1787903571.555946,34680,139e,12,71 A6 4D 43 D3 5F EE 41 00 00 0C 42
1787903571.567293,34680,139f,12,D6 00 4D 43 4D 6C 0A 42 00 00 10 42
1787903571.578291,34680,13a0,12,C3 7A 4D 43 37 1D 20 42 00 00 14 42
1787903571.589005,34680,13a1,12,44 11 4F 43 40 65 37 42 00 00 18 42
1787903571.599913,34680,13a2,12,89 BB 51 43 E6 54 4F 42 00 00 1C 42
1787903571.610866,34680,13a3,12,B6 69 55 43 91 FB 66 42 00 00 20 42
1787903571.621553,34680,13a4,12,64 07 5A 43 FE 65 7D 42 00 00 24 42
1787903571.632386,34680,13a5,12,B1 79 5F 43 AF D7 88 42 00 00 28 42
1787903571.643906,34680,13a6,12,9F A0 65 43 51 84 91 42 00 00 2C 42
1787903571.654808,34680,13a7,12,13 5A 6C 43 E5 5F 98 42 00 00 30 42
1787903571.665595,34680,13a8,12,04 7E 73 43 7D 25 9D 42 00 00 34 42
1787903571.676024,34680,13a9,12,DE E4 7A 43 C7 A3 9F 42 00 00 38 42
1787903571.686520,34680,13aa,12,AA 31 81 43 50 C1 9F 42 00 00 3C 42
1787903571.697112,34680,13ab,12,C6 E6 84 43 EC 7C 9D 42 00 00 40 42
1787903571.707663,34680,13ac,12,34 7D 88 43 2F EE 98 42 00 00 44 42
1787903571.718897,34680,13ad,12,9A DF 8B 43 E8 42 92 42 00 00 48 42
1787903571.729605,34680,13ae,12,34 FB 8E 43 70 BF 89 42 00 00 4C 42
1787903571.740041,34680,13af,12,C5 BD 91 43 54 75 7F 42 00 00 50 42
1787903571.754641,34680,13b0,12,35 17 94 43 B7 35 69 42 00 00 54 42
1787903571.765438,34680,13b1,12,7E FA 95 43 FE A4 51 42 00 00 58 42
1787903571.776045,34680,13b2,12,64 5C 97 43 07 B0 39 42 00 00 5C 42
1787903571.786622,34680,13b3,12,3A 35 98 43 26 4D 22 42 00 00 60 42
1787903571.797188,34680,13b4,12,F9 7F 98 43 12 6B 0C 42 00 00 64 42
1787903571.807741,34680,13b5,12,FF 3A 98 43 4C D2 F1 41 00 00 68 42
1787903571.818623,34680,13b6,12,CB 67 97 43 47 1F D1 41 00 00 6C 42
1787903571.829381,34680,13b7,12,47 0B 96 43 C2 05 B8 41 00 00 70 42
1787903571.839951,34680,13b8,12,FF 2C 94 43 C2 88 A7 41 00 00 74 42
1787903571.850485,34680,13b9,12,CF D7 91 43 91 50 A0 41 00 00 78 42
1787903571.860952,34680,13ba,12,6E 19 8F 43 E3 A6 A2 41 00 00 7C 42
1787903571.871538,34680,13bb,12,13 01 8C 43 91 72 AE 41 00 00 80 42
1787903571.882030,34680,13bc,12,2C A1 88 43 0E 3D C3 41 00 00 82 42
1787903571.892390,34680,13bd,12,6D 0C 85 43 93 31 E0 41 00 00 84 42
1787903571.903605,34680,13be,12,C5 57 81 43 4A 14 02 42 00 00 86 42
1787903571.914381,34680,13bf,12,CE 31 7B 43 7B D9 16 42 00 00 88 42
1787903571.924966,34680,13c0,12,2E C9 73 43 88 92 2D 42 00 00 8A 42
1787903571.945251,34680,13c1,12,C6 A1 6C 43 0B 5B 45 42 00 00 8C 42
1787903571.955746,34680,13c2,12,3E E3 65 43 8C 3E 5D 42 00 00 8E 42
1787903571.966256,34680,13c3,12,23 B5 5F 43 34 49 74 42 00 00 90 42
1787903571.976757,34680,13c4,12,86 3B 5A 43 EA C7 84 42 00 00 92 42
1787903571.994770,34680,13c5,12,C1 94 55 43 F6 1B 8E 42 00 00 94 42
1787903572.005542,34680,13c6,12,86 DC 51 43 FA C2 95 42 00 00 96 42
1787903572.016082,34680,13c7,12,73 27 4F 43 11 6E 9B 42 00 00 98 42
1787903572.026454,34680,13c8,12,8B 85 4D 43 60 E3 9E 42 00 00 9A 42
1787903572.036898,34680,13c9,12,30 00 4D 43 9A FF 9F 42 00 00 9C 42
1787903572.047374,34680,13ca,12,44 9A 4D 43 9C B7 9E 42 00 00 9E 42
1787903572.058040,34680,13cb,12,33 50 4F 43 46 18 9B 42 00 00 A0 42
1787903572.068531,34680,13cc,12,80 18 52 43 94 46 95 42 00 00 A2 42
1787903572.079041,34680,13cd,12,0E E3 55 43 EA 7D 8D 42 00 00 A4 42
1787903572.089550,34680,13ce,12,84 99 5A 43 BE 0D 84 42 00 00 A6 42
1787903572.099896,34680,13cf,12,C2 21 60 43 88 AE 72 42 00 00 A8 42
1787903572.110390,34680,13d0,12,DA 5A 66 43 56 8C 5B 42 00 00 AA 42
1787903572.120866,34680,13d1,12,4B 22 6D 43 9C A2 43 42 00 00 AC 42
1787903572.131448,34680,13d2,12,7C 50 74 43 6F E5 2B 42 00 00 AE 42
1787903572.142181,34680,13d3,12,59 BB 7B 43 1E 47 15 42 00 00 B0 42
1787903572.152859,34680,13d4,12,E3 9C 81 43 0B B0 00 42 00 00 B2 42
1787903572.163510,34680,13d5,12,91 4F 85 43 53 DE DD 41 00 00 B4 42
1787903572.173866,34680,13d6,12,38 E1 88 43 C7 76 C1 41 00 00 B6 42
1787903572.184423,34680,13d7,12,ED 3C 8C 43 60 4B AD 41 00 00 B8 42
1787903572.195158,34680,13d8,12,13 4F 8F 43 FE 29 A2 41 00 00 BA 42
1787903572.206085,34680,13d9,12,A4 06 92 43 FE 83 A0 41 00 00 BC 42
1787903572.216835,34680,13da,12,72 53 94 43 F2 69 A8 41 00 00 BE 42
1787903572.227353,34680,13db,12,BE 28 96 43 BC 8B B9 41 00 00 C0 42
1787903572.238792,34680,13dc,12,BA 7B 97 43 7C 3A D3 41 00 00 C2 42
1787903572.249256,34680,13dd,12,BA 44 98 43 10 70 F4 41 00 00 C4 42
1787903572.260846,34680,13de,12,64 7F 98 43 1A EB 0D 42 00 00 C6 42
1787903572.271312,34680,13df,12,5A 2A 98 43 72 F0 23 42 00 00 C8 42
1787903572.283168,34680,13e0,12,76 47 97 43 DF 65 3B 42 00 00 CA 42
1787903572.293842,34680,13e1,12,D0 DB 95 43 ED 5B 53 42 00 00 CC 42
1787903572.304460,34680,13e2,12,CD EF 93 43 0A DE 6A 42 00 00 CE 42
1787903572.314942,34680,13e3,12,15 8E 91 43 4D 7D 80 42 00 00 D0 42
1787903572.325483,34680,13e4,12,D6 C4 8E 43 AF 69 8A 42 00 00 D2 42
1787903572.335875,34680,13e5,12,83 A3 8B 43 FB CD 92 42 00 00 D4 42
1787903572.346744,34680,13e6,12,5F 3C 88 43 8A 54 99 42 00 00 D6 42
1787903572.357289,34680,13e7,12,60 A3 84 43 BE BA 9D 42 00 00 D8 42
1787903572.367656,34680,13e8,12,77 EC 80 43 A0 D3 9F 42 00 00 DA 42
1787903572.378555,34680,13e9,12,81 5B 7A 43 1A 8A 9F 42 00 00 DC 42
1787903572.389171,34680,13ea,12,00 F8 72 43 D9 E0 9C 42 00 00 DE 42
1787903572.400146,34680,13eb,12,B1 D9 6B 43 08 F3 97 42 00 00 E0 42
1787903572.410709,34680,13ec,12,2E 2A 65 43 F6 F2 90 42 00 00 E2 42
1787903572.469962,34680,13ed,12,88 0E 5F 43 D6 28 88 42 00 00 E4 42
1787903572.482036,34680,13ee,12,1B AB 59 43 00 DA 7B 42 00 00 E6 42
1787903572.492925,34680,13ef,12,C7 1D 55 43 14 51 65 42 00 00 E8 42
1787903572.505316,34680,13f0,12,54 81 51 43 EA 9C 4D 42 00 00 EA 42
1787903572.515705,34680,13f1,12,BC EA 4E 43 76 AF 35 42 00 00 EC 42
1787903572.526198,34680,13f2,12,59 68 4D 43 B4 7E 1E 42 00 00 EE 42
1787903572.538432,34680,13f3,12,27 03 4D 43 BF F3 08 42 00 00 A0 41
1787903572.549526,34680,13f4,12,57 BD 4D 43 A6 D8 EB 41 00 00 A8 41
1787903572.559875,34680,13f5,12,D4 92 4F 43 59 55 CC 41 00 00 B0 41
1787903572.570216,34680,13f6,12,B6 78 52 43 3F 9F B4 41 00 00 B8 41
1787903572.580614,34680,13f7,12,EF 5E 56 43 2E A9 A5 41 00 00 C0 41
1787903572.591000,34680,13f8,12,45 2E 5B 43 87 09 A0 41 00 00 C8 41
1787903572.601441,34680,13f9,12,10 CC 60 43 36 FB A3 41 00 00 D0 41
1787903572.611743,34680,13fa,12,8D 17 67 43 FA 55 B1 41 00 00 D8 41
1787903572.622269,34680,13fb,12,CE EB 6D 43 83 91 C7 41 00 00 E0 41
1787903572.632740,34680,13fc,12,F7 22 75 43 3C C8 E5 41 00 00 E8 41
1787903572.643324,34680,13fd,12,12 92 7C 43 3B 65 05 42 00 00 F0 41
1787903572.657099,34680,13fe,12,F5 07 82 43 30 8E 1A 42 00 00 F8 41
1787903572.667778,34680,13ff,12,52 B8 85 43 01 87 31 42 00 00 00 42
1787903572.678376,34680,1400,12,8E 44 89 43 33 65 49 42 00 00 04 42
1787903572.689016,34680,1401,12,FE 98 8C 43 53 33 61 42 00 00 08 42
1787903572.699484,34680,1402,12,CE A1 8F 43 18 02 78 42 00 00 0C 42
1787903572.709984,34680,1403,12,2D 4E 92 43 6C 73 86 42 00 00 10 42
1787903572.720473,34680,1404,12,64 8E 94 43 26 86 8F 42 00 00 14 42
1787903572.730980,34680,1405,12,5B 55 96 43 9E DC 96 42 00 00 18 42
1787903572.741979,34680,1406,12,36 99 97 43 9B 2B 9C 42 00 00 1C 42
1787903572.752733,34680,1407,12,6E 52 98 43 C0 3D 9F 42 00 00 20 42
1787903572.763231,34680,1408,12,00 7D 98 43 2D F3 9F 42 00 00 24 42
1787903572.773773,34680,1409,12,DC 17 98 43 C1 44 9E 42 00 00 28 42
1787903572.784335,34680,140a,12,68 25 97 43 F1 43 9A 42 00 00 2C 42
1787903572.794910,34680,140b,12,E6 AA 95 43 72 18 94 42 00 00 30 42
1787903572.805434,34680,140c,12,E6 B0 93 43 22 03 8C 42 00 00 34 42
1787903572.816157,34680,140d,12,0D 43 91 43 0A 54 82 42 00 00 38 42
1787903572.827007,34680,140e,12,D4 6E 8E 43 EF E1 6E 42 00 00 3C 42
1787903572.837448,34680,140f,12,11 45 8B 43 26 8F 57 42 00 00 40 42
1787903572.848503,34680,1410,12,4E D7 87 43 E7 99 3F 42 00 00 44 42
1787903572.858847,34680,1411,12,92 39 84 43 0D FE 27 42 00 00 48 42
1787903572.869353,34680,1412,12,0E 81 80 43 5E A5 11 42 00 00 4C 42
1787903572.888593,34680,1413,12,C3 84 79 43 83 F5 FA 41 00 00 50 42
1787903572.899505,34680,1414,12,B2 27 72 43 A8 90 D8 41 00 00 54 42
1787903572.910177,34680,1415,12,B8 13 6B 43 67 77 BD 41 00 00 58 42
1787903572.920735,34680,1416,12,53 72 64 43 A1 C6 AA 41 00 00 5C 42
1787903572.931232,34680,1417,12,3C 6A 5E 43 67 37 A1 41 00 00 60 42
1787903572.941931,34680,1418,12,E1 1C 59 43 38 2E A1 41 00 00 64 42
1787903572.952753,34680,1419,12,D5 A9 54 43 38 A9 AA 41 00 00 68 42
1787903572.963341,34680,141a,12,C2 29 51 43 48 4B BD 41 00 00 6C 42
1787903572.973732,34680,141b,12,4B B1 4E 43 8A 50 D8 41 00 00 70 42
1787903572.984437,34680,141c,12,BC 4E 4D 43 6D AD FA 41 00 00 74 42
1787903572.994825,34680,141d,12,C2 09 4D 43 5C 7C 11 42 00 00 78 42
1787903573.006273,34680,141e,12,F9 E3 4D 43 1A CE 27 42 00 00 7C 42
1787903573.016814,34680,141f,12,A6 D8 4F 43 01 6C 3F 42 00 00 80 42
1787903573.027305,34680,1420,12,82 DC 52 43 CD 5D 57 42 00 00 82 42
1787903573.037907,34680,1421,12,C0 DD 56 43 64 B6 6E 42 00 00 84 42
1787903573.048244,34680,1422,12,2B C6 5B 43 2E 40 82 42 00 00 86 42
1787903573.060132,34680,1423,12,8B 78 61 43 94 F0 8B 42 00 00 88 42
1787903573.070706,34680,1424,12,4C D5 67 43 AE 0A 94 42 00 00 8A 42
1787903573.081194,34680,1425,12,49 B7 6E 43 4E 39 9A 42 00 00 8C 42
1787903573.092751,34680,1426,12,28 F6 75 43 40 3F 9E 42 00 00 8E 42
1787903573.103200,34680,1427,12,BF 69 7D 43 38 F2 9F 42 00 00 90 42
1787903573.113619,34680,1428,12,D8 72 82 43 AD 41 9F 42 00 00 92 42
1787903573.124177,34680,1429,12,3F 20 86 43 02 34 9C 42 00 00 94 42
1787903573.134641,34680,142a,12,8B A7 89 43 4E E9 96 42 00 00 96 42
1787903573.145208,34680,142b,12,1C F4 8C 43 F8 95 8F 42 00 00 98 42
1787903573.155749,34680,142c,12,AA F3 8F 43 03 87 86 42 00 00 9A 42
1787903573.166047,34680,142d,12,59 94 92 43 B0 2F 78 42 00 00 9C 42
1787903573.176414,34680,142e,12,9A C7 94 43 22 62 61 42 00 00 9E 42
1787903573.186840,34680,142f,12,78 80 96 43 15 95 49 42 00 00 A0 42
1787903573.197180,34680,1430,12,F5 B4 97 43 35 B4 31 42 00 00 A2 42
1787903573.207535,34680,1431,12,62 5E 98 43 85 BA 1A 42 00 00 A4 42
1787903573.218235,34680,1432,12,CE 78 98 43 A6 8E 05 42 00 00 A6 42
1787903573.228720,34680,1433,12,A7 03 98 43 CE 0B E6 41 00 00 A8 42
1787903573.239195,34680,1434,12,84 01 97 43 41 C6 C7 41 00 00 AA 42
1787903573.249552,34680,1435,12,61 78 95 43 62 78 B1 41 00 00 AC 42
1787903573.259847,34680,1436,12,C2 70 93 43 A9 0C A4 41 00 00 AE 42
1787903573.271360,34680,1437,12,BD F6 90 43 DB 07 A0 41 00 00 B0 42
1787903573.283424,34680,1438,12,0C 18 8E 43 93 94 A5 41 00 00 B2 42
1787903573.295045,34680,1439,12,6D E5 8A 43 7A 78 B4 41 00 00 B4 42
1787903573.305383,34680,143a,12,A2 71 87 43 1E 20 CC 41 00 00 B6 42
1787903573.315769,34680,143b,12,CF CF 83 43 D4 92 EB 41 00 00 B8 42
1787903573.326159,34680,143c,12,93 15 80 43 6D C9 08 42 00 00 BA 42
1787903573.336468,34680,143d,12,32 AF 78 43 C9 51 1E 42 00 00 BC 42
1787903573.347015,34680,143e,12,90 57 71 43 24 80 35 42 00 00 BE 42
1787903573.357432,34680,143f,12,30 4F 6A 43 F4 6E 4D 42 00 00 C0 42
1787903573.368120,34680,1440,12,0F BD 63 43 A2 22 65 42 00 00 C2 42
1787903573.378651,34680,1441,12,4B C8 5D 43 1B AD 7B 42 00 00 C4 42
1787903573.389035,34680,1442,12,E9 91 58 43 B7 15 88 42 00 00 C6 42
1787903573.399425,34680,1443,12,8A 38 54 43 16 E3 90 42 00 00 C8 42
1787903573.409859,34680,1444,12,80 D5 50 43 82 E7 97 42 00 00 CA 42
1787903573.420328,34680,1445,12,8E 7B 4E 43 36 D9 9C 42 00 00 CC 42
1787903573.430721,34680,1446,12,B6 38 4D 43 01 87 9F 42 00 00 CE 42
1787903573.441059,34680,1447,12,F6 13 4D 43 6C D5 9F 42 00 00 D0 42
1787903573.451488,34680,1448,12,51 0E 4E 43 40 C1 9D 42 00 00 D2 42
1787903573.461884,34680,1449,12,E1 21 50 43 10 5F 99 42 00 00 D4 42
1787903573.472309,34680,144a,12,24 43 53 43 F3 DC 92 42 00 00 D6 42
1787903573.482836,34680,144b,12,77 5F 57 43 C9 7C 8A 42 00 00 D8 42
1787903573.493316,34680,144c,12,11 60 5C 43 5D 92 80 42 00 00 DA 42
1787903573.504991,34680,144d,12,CC 27 62 43 D9 0B 6B 42 00 00 DC 42
1787903573.517304,34680,144e,12,B8 94 68 43 BA 89 53 42 00 00 DE 42
1787903573.527793,34680,144f,12,36 83 6F 43 7F 95 3B 42 00 00 E0 42
1787903573.538289,34680,1450,12,00 CA 76 43 EC 1F 24 42 00 00 E2 42
1787903573.548844,34680,1451,12,C2 40 7E 43 06 15 0E 42 00 00 E4 42
1787903573.559603,34680,1452,12,E7 DD 82 43 0A B9 F4 41 00 00 E6 42
1787903573.579327,34680,1453,12,B1 87 86 43 5F 73 D3 41 00 00 E8 42
1787903573.610084,34680,1454,12,70 09 8A 43 CC B6 B9 41 00 00 EA 42
1787903573.620713,34680,1455,12,42 4E 8D 43 25 84 A8 41 00 00 EC 42
1787903573.637964,34680,1456,12,09 44 90 43 58 8A A0 41 00 00 EE 42
1787903573.648843,34680,1457,12,64 D9 92 43 3C 1D A2 41 00 00 A0 41
1787903573.660547,34680,1458,12,45 FF 94 43 3D 2D AD 41 00 00 A8 41
1787903573.671973,34680,1459,12,C4 A9 96 43 0F 46 C1 41 00 00 B0 41
1787903573.684495,34680,145a,12,F4 CE 97 43 AF 9B DD 41 00 00 B8 41
1787903573.695691,34680,145b,12,7E 68 98 43 8D 89 00 42 00 00 C0 41
1787903573.706505,34680,145c,12,C8 72 98 43 BC 1B 15 42 00 00 C8 41
1787903573.716960,34680,145d,12,AC ED 97 43 B6 B8 2B 42 00 00 D0 41
1787903573.727906,34680,145e,12,0C DC 96 43 C1 72 43 42 00 00 D8 41
1787903573.738251,34680,145f,12,46 44 95 43 3B 5B 5B 42 00 00 E0 41
1787903573.748446,34680,1460,12,2E 2F 93 43 C3 81 72 42 00 00 E8 41
1787903573.759172,34680,1461,12,E1 A8 90 43 7E F9 83 42 00 00 F0 41
1787903573.769651,34680,1462,12,36 C0 8D 43 49 6D 8D 42 00 00 F8 41
1787903573.779885,34680,1463,12,4E 85 8A 43 E6 38 95 42 00 00 00 42
1787903573.790158,34680,1464,12,63 0B 87 43 67 0E 9B 42 00 00 04 42
1787903573.800514,34680,1465,12,BB 65 83 43 AA B2 9E 42 00 00 08 42
1787903573.812445,34680,1466,12,53 53 7F 43 69 FF 9F 42 00 00 0C 42
1787903573.823071,34680,1467,12,16 DA 77 43 C4 E7 9E 42 00 00 10 42
1787903573.833816,34680,1468,12,2C 89 70 43 37 77 9B 42 00 00 14 42
1787903573.844151,34680,1469,12,27 8C 69 43 DC D0 95 42 00 00 18 42
1787903573.854477,34680,146a,12,C2 09 63 43 01 2D 8E 42 00 00 1C 42
1787903573.865121,34680,146b,12,2D 28 5D 43 F6 DB 84 42 00 00 20 42
1787903573.875484,34680,146c,12,B8 09 58 43 F5 73 74 42 00 00 24 42
1787903573.885864,34680,146d,12,C2 CA 53 43 AC 6D 5D 42 00 00 28 42
1787903573.896385,34680,146e,12,94 84 50 43 CB 8C 45 42 00 00 2C 42
1787903573.906865,34680,146f,12,53 49 4E 43 40 C1 2D 42 00 00 30 42
1787903573.917196,34680,1470,12,3A 26 4D 43 2F 05 17 42 00 00 34 42
1787903573.931078,34680,1471,12,C6 21 4D 43 B4 39 02 42 00 00 38 42
1787903573.943862,34680,1472,12,0C 3C 4E 43 D4 72 E0 41 00 00 3C 42
1787903573.954678,34680,1473,12,7F 6E 50 43 0A 71 C3 41 00 00 40 42
1787903573.965319,34680,1474,12,EF AC 53 43 5D 93 AE 41 00 00 44 42
1787903573.976388,34680,1475,12,88 E4 57 43 28 B5 A2 41 00 00 48 42
1787903573.987360,34680,1476,12,78 FC 5C 43 ED 4B A0 41 00 00 4C 42
1787903573.998017,34680,1477,12,82 D8 62 43 05 71 A7 41 00 00 50 42
1787903574.008601,34680,1478,12,C2 55 69 43 6F DA B7 41 00 00 54 42
1787903574.019089,34680,1479,12,41 50 70 43 48 E5 D0 41 00 00 58 42
1787903574.029539,34680,147a,12,36 9F 77 43 50 8A F1 41 00 00 5C 42
1787903574.041353,34680,147b,12,D2 17 7F 43 25 43 0C 42 00 00 60 42
1787903574.051783,34680,147c,12,55 48 83 43 B3 1F 22 42 00 00 64 42
1787903574.062744,34680,147d,12,A1 EE 86 43 A0 7E 39 42 00 00 68 42
1787903574.073219,34680,147e,12,92 6A 8A 43 42 75 51 42 00 00 6C 42
1787903574.083723,34680,147f,12,BB A7 8D 43 B0 07 69 42 00 00 70 42
1787903574.094029,34680,1480,12,32 93 90 43 82 4C 7F 42 00 00 74 42
1787903574.104544,34680,1481,12,C9 1C 93 43 D0 AC 89 42 00 00 78 42
1787903574.115095,34680,1482,12,63 35 95 43 0C 33 92 42 00 00 7C 42
1787903574.125579,34680,1483,12,62 D1 96 43 E4 E2 98 42 00 00 80 42
1787903574.135939,34680,1484,12,47 E7 97 43 0D 76 9D 42 00 00 82 42
1787903574.146321,34680,1485,12,CD 70 98 43 38 BF 9F 42 00 00 84 42
1787903574.156716,34680,1486,12,F8 6A 98 43 61 A6 9F 42 00 00 86 42
1787903574.167149,34680,1487,12,ED D5 97 43 0C 2D 9D 42 00 00 88 42
1787903574.177500,34680,1488,12,E5 B4 96 43 8F 6B 98 42 00 00 8A 42
1787903574.189992,34680,1489,12,66 0E 95 43 E7 93 91 42 00 00 8C 42
1787903574.200375,34680,148a,12,2E EC 92 43 D5 E9 88 42 00 00 8E 42
1787903574.210905,34680,148b,12,0F 5A 90 43 DC 90 7D 42 00 00 90 42
1787903574.221353,34680,148c,12,59 67 8D 43 A2 2B 67 42 00 00 92 42
1787903574.231757,34680,148d,12,63 24 8A 43 B1 84 4F 42 00 00 94 42
1787903574.242229,34680,148e,12,39 A4 86 43 AE 94 37 42 00 00 96 42
1787903574.252703,34680,148f,12,60 FB 82 43 9F 48 20 42 00 00 98 42
1787903574.262985,34680,1490,12,41 7C 7E 43 6C 95 0A 42 00 00 9A 42
1787903574.273564,34680,1491,12,7D 05 77 43 74 A9 EE 41 00 00 9C 42
1787903574.285846,34680,1492,12,D4 BB 6F 43 6D 91 CE 41 00 00 9E 42
1787903574.298997,34680,1493,12,F7 C9 68 43 23 34 B6 41 00 00 A0 42
1787903574.309494,34680,1494,12,7B 58 62 43 D7 82 A6 41 00 00 A2 42
1787903574.320305,34680,1495,12,17 8B 5C 43 80 22 A0 41 00 00 A4 42
1787903574.330896,34680,1496,12,57 84 57 43 04 51 A3 41 00 00 A6 42
1787903574.341596,34680,1497,12,18 60 53 43 9E F0 AF 41 00 00 A8 42
1787903574.351840,34680,1498,12,BD 36 50 43 98 7C C5 41 00 00 AA 42
1787903574.362176,34680,1499,12,9E 1A 4E 43 9A 1F E3 41 00 00 AC 42
1787903574.372809,34680,149a,12,6C 17 4D 43 0C D1 03 42 00 00 AE 42
1787903574.383144,34680,149b,12,30 33 4D 43 D3 C9 18 42 00 00 B0 42
1787903574.393674,34680,149c,12,4E 6D 4E 43 E1 A7 2F 42 00 00 B2 42
1787903574.404068,34680,149d,12,C6 BE 50 43 D2 7A 47 42 00 00 B4 42
1787903574.414317,34680,149e,12,DB 19 54 43 BF 56 5F 42 00 00 B6 42
1787903574.425435,34680,149f,12,F3 6B 58 43 D8 40 76 42 00 00 B8 42
1787903574.435949,34680,14a0,12,54 9B 5D 43 8F A9 85 42 00 00 BA 42
1787903574.446646,34680,14a1,12,40 8B 63 43 9E DC 8E 42 00 00 BC 42
1787903574.459383,34680,14a2,12,14 19 6A 43 E5 58 96 42 00 00 BE 42
1787903574.469973,34680,14a3,12,5C 1E 71 43 45 D4 9B 42 00 00 C0 42
1787903574.480464,34680,14a4,12,30 74 78 43 1D 15 9F 42 00 00 C2 42
1787903574.491423,34680,14a5,12,E1 EE 7F 43 43 FB 9F 42 00 00 C4 42
1787903574.502206,34680,14a6,12,7D B2 83 43 1F 7D 9E 42 00 00 C6 42
1787903574.512806,34680,14a7,12,67 55 87 43 64 AA 9A 42 00 00 C8 42
1787903574.523120,34680,14a8,12,EA CA 8A 43 EB A8 94 42 00 00 CA 42
1787903574.534945,34680,14a9,12,DA FF 8D 43 D8 B7 8C 42 00 00 CC 42
1787903574.545408,34680,14aa,12,1F E1 90 43 68 27 83 42 00 00 CE 42
1787903574.556041,34680,14ab,12,C2 5E 93 43 D0 AE 70 42 00 00 D0 42
1787903574.566482,34680,14ac,12,1F 6A 95 43 03 73 59 42 00 00 D2 42
1787903574.577040,34680,14ad,12,52 F7 96 43 78 81 41 42 00 00 D4 42
1787903574.587618,34680,14ae,12,BF FD 97 43 E2 D5 29 42 00 00 D6 42
1787903574.598261,34680,14af,12,4E 77 98 43 01 5E 13 42 00 00 D8 42
1787903574.612584,34680,14b0,12,5C 61 98 43 1A F8 FD 41 00 00 DA 42
1787903574.623320,34680,14b1,12,53 BC 97 43 98 0C DB 41 00 00 DC 42
1787903574.634109,34680,14b2,12,10 8C 96 43 40 53 BF 41 00 00 DE 42
1787903574.644744,34680,14b3,12,28 D7 94 43 83 EF AB 41 00 00 E0 42
1787903574.655370,34680,14b4,12,C6 A7 92 43 3F A2 A1 41 00 00 E2 42
1787903574.665852,34680,14b5,12,05 0A 90 43 2A D5 A0 41 00 00 E4 42
1787903574.678116,34680,14b6,12,27 0D 8D 43 B1 90 A9 41 00 00 E6 42
1787903574.688562,34680,14b7,12,B4 C2 89 43 5B 7E BB 41 00 00 E8 42
1787903574.698980,34680,14b8,12,EA 3C 86 43 B0 E1 D5 41 00 00 EA 42
1787903574.709366,34680,14b9,12,C4 90 82 43 9A AF F7 41 00 00 EC 42
1787903574.737422,34680,14ba,12,39 A5 7D 43 F3 CA 0F 42 00 00 EE 42
1787903574.749058,34680,14bb,12,B4 30 76 43 90 F8 25 42 00 00 A0 41
1787903574.760882,34680,14bc,12,97 EF 6E 43 0A 85 3D 42 00 00 A8 41
1787903574.772217,34680,14bd,12,18 0A 68 43 D5 78 55 42 00 00 B0 41
1787903574.784438,34680,14be,12,46 A9 61 43 32 E3 6C 42 00 00 B8 41
1787903574.794949,34680,14bf,12,7E F0 5B 43 45 6C 81 42 00 00 C0 41
1787903574.805421,34680,14c0,12,59 01 57 43 04 39 8B 42 00 00 C8 41
1787903574.816633,34680,14c1,12,96 F8 52 43 CD 76 93 42 00 00 D0 41
1787903574.827155,34680,14c2,12,92 EC 4F 43 FD CE 99 42 00 00 D8 41
1787903574.837841,34680,14c3,12,70 EF 4D 43 48 02 9E 42 00 00 E0 41
1787903574.848450,34680,14c4,12,38 0C 4D 43 EF E5 9F 42 00 00 E8 41
1787903574.861807,34680,14c5,12,48 48 4D 43 17 66 9F 42 00 00 F0 41
1787903574.872135,34680,14c6,12,13 A2 4E 43 B2 87 9C 42 00 00 F8 41
1787903574.882579,34680,14c7,12,1D 12 51 43 E7 68 97 42 00 00 00 42
1787903574.892979,34680,14c8,12,E1 89 54 43 AE 3D 90 42 00 00 04 42
1787903574.903541,34680,14c9,12,28 F6 58 43 A6 4D 87 42 00 00 08 42
1787903574.914274,34680,14ca,12,31 3D 5E 43 81 ED 79 42 00 00 0C 42
1787903574.924823,34680,14cb,12,FB 3F 64 43 C0 3E 63 42 00 00 10 42
1787903574.935563,34680,14cc,12,33 DD 6A 43 7C 7D 4B 42 00 00 14 42
1787903574.946554,34680,14cd,12,78 ED 71 43 9C 98 33 42 00 00 18 42
1787903574.957096,34680,14ce,12,A2 49 79 43 62 80 1C 42 00 00 1C 42
1787903574.967389,34680,14cf,12,53 63 80 43 94 27 07 42 00 00 20 42
1787903574.977937,34680,14d0,12,58 1C 84 43 20 C3 E8 41 00 00 24 42
1787903574.989115,34680,14d1,12,3C BB 87 43 65 E7 C9 41 00 00 28 42
1787903574.999660,34680,14d2,12,71 2A 8B 43 6E F0 B2 41 00 00 2C 42
1787903575.010421,34680,14d3,12,ED 56 8E 43 02 C7 A4 41 00 00 30 42
1787903575.022913,34680,14d4,12,11 2E 91 43 00 00 A0 41 00 00 34 42
1787903575.033451,34680,14d5,12,4C 9F 93 43 B5 CA A4 41 00 00 38 42
1787903575.043786,34680,14d6,12,14 9D 95 43 C3 F4 B2 41 00 00 3C 42
1787903575.057311,34680,14d7,12,8E 1B 97 43 AC ED C9 41 00 00 40 42
1787903575.067882,34680,14d8,12,72 12 98 43 7A D0 E8 41 00 00 44 42
1787903575.078698,34680,14d9,12,05 7C 98 43 40 2C 07 42 00 00 48 42
1787903575.089367,34680,14da,12,F4 55 98 43 0E 89 1C 42 00 00 4C 42
1787903575.099778,34680,14db,12,10 A1 97 43 16 9E 33 42 00 00 50 42
1787903575.110410,34680,14dc,12,91 61 96 43 09 83 4B 42 00 00 54 42
1787903575.120814,34680,14dd,12,60 9E 94 43 D0 47 63 42 00 00 58 42
1787903575.131323,34680,14de,12,BA 61 92 43 8E F2 79 42 00 00 5C 42
1787903575.141652,34680,14df,12,C9 B8 8F 43 69 51 87 42 00 00 60 42
1787903575.151951,34680,14e0,12,4C B2 8C 43 8F 3F 90 42 00 00 64 42
1787903575.162717,34680,14e1,12,46 60 89 43 56 6A 97 42 00 00 68 42
1787903575.173104,34680,14e2,12,1F D5 85 43 40 89 9C 42 00 00 6C 42
1787903575.183387,34680,14e3,12,8C 25 82 43 7B 66 9F 42 00 00 70 42
1787903575.193640,34680,14e4,12,4A CE 7C 43 A9 E5 9F 42 00 00 74 42
1787903575.203952,34680,14e5,12,53 5D 75 43 92 01 9E 42 00 00 78 42
1787903575.214207,34680,14e6,12,82 24 6E 43 C2 CD 99 42 00 00 7C 42
1787903585.228947,34680,14e8,12,E0 4B 67 43 F4 73 93 42 00 00 80 42
1787903585.238274,34680,14e9,12,90 FB 60 43 EA 36 8B 42 00 00 82 42
1787903585.248766,34680,14ea,12,6E 58 5B 43 37 68 81 42 00 00 84 42
1787903585.259387,34680,14eb,12,BA 81 56 43 E8 DD 6C 42 00 00 86 42
1787903585.269868,34680,14ec,12,42 94 52 43 4F 73 55 42 00 00 88 42
1787903585.280448,34680,14ed,12,CE A5 4F 43 C5 7B 3D 42 00 00 8A 42
1787903585.290830,34680,14ee,12,AC C7 4D 43 3C F3 25 42 00 00 8C 42
1787903585.301116,34680,14ef,12,A1 04 4D 43 BA C2 0F 42 00 00 8E 42
1787903585.311538,34680,14f0,12,E7 60 4D 43 05 A7 F7 41 00 00 90 42
1787903585.321987,34680,14f1,12,57 DA 4E 43 AC DA D5 41 00 00 92 42
1787903585.332500,34680,14f2,12,C5 68 51 43 B4 75 BB 41 00 00 94 42
1787903585.343120,34680,14f3,12,65 FD 54 43 96 8D A9 41 00 00 96 42
1787903585.353594,34680,14f4,12,1C 83 59 43 9E D3 A0 41 00 00 98 42
1787903585.364058,34680,14f5,12,D8 E0 5E 43 8B A3 A1 41 00 00 9A 42
1787903585.374445,34680,14f6,12,A4 F6 64 43 FA F2 AB 41 00 00 9C 42
1787903585.384842,34680,14f7,12,C7 A2 6B 43 72 5C BF 41 00 00 9E 42
1787903585.395338,34680,14f8,12,48 BE 72 43 E6 13 DB 41 00 00 A0 42
1787903585.405730,34680,14f9,12,7E 1F 7A 43 E0 06 FE 41 00 00 A2 42
1787903585.416040,34680,14fa,12,C2 CE 80 43 FF 62 13 42 00 00 A4 42
1787903585.426375,34680,14fb,12,DD 85 84 43 43 DB 29 42 00 00 A6 42
1787903585.437244,34680,14fc,12,79 20 88 43 C3 8A 41 42 00 00 A8 42
1787903585.447619,34680,14fd,12,78 89 8B 43 82 78 59 42 00 00 AA 42
1787903585.458096,34680,14fe,12,ED AC 8E 43 91 B7 70 42 00 00 AC 42
1787903585.468476,34680,14ff,12,74 79 91 43 C8 29 83 42 00 00 AE 42
1787903585.478957,34680,1500,12,62 DE 93 43 E2 B9 8C 42 00 00 B0 42
1787903585.489586,34680,1501,12,70 CE 95 43 A4 AB 94 42 00 00 B2 42
1787903585.500032,34680,1502,12,36 3E 97 43 88 AB 9A 42 00 00 B4 42
1787903585.521095,34680,1503,12,5E 25 98 43 28 7E 9E 42 00 00 B6 42
1787903585.531706,34680,1504,12,E9 7E 98 43 54 FB 9F 42 00 00 B8 42
1787903585.542264,34680,1505,12,BF 48 98 43 A1 14 9F 42 00 00 BA 42
1787903585.552686,34680,1506,12,0F 84 97 43 90 D2 9B 42 00 00 BC 42
1787903585.563239,34680,1507,12,40 35 96 43 62 57 96 42 00 00 BE 42
1787903585.578205,34680,1508,12,10 64 94 43 5C D9 8E 42 00 00 C0 42
1787903585.588636,34680,1509,12,91 1A 92 43 42 A7 85 42 00 00 C2 42
1787903585.599234,34680,150a,12,62 66 8F 43 B8 3B 76 42 00 00 C4 42
1787903585.609781,34680,150b,12,7E 56 8C 43 9E 4D 5F 42 00 00 C6 42
1787903585.620253,34680,150c,12,C5 FC 88 43 44 75 47 42 00 00 C8 42
1787903585.630812,34680,150d,12,DE 6C 85 43 C4 9E 2F 42 00 00 CA 42
1787903585.641736,34680,150e,12,87 BA 81 43 B8 C4 18 42 00 00 CC 42
1787903585.652387,34680,150f,12,84 F7 7B 43 7A CC 03 42 00 00 CE 42
1787903585.662816,34680,1510,12,A4 8A 74 43 B2 12 E3 41 00 00 D0 42
1787903585.673382,34680,1511,12,EB 59 6D 43 A2 76 C5 41 00 00 D2 42
1787903585.684422,34680,1512,12,60 8F 66 43 F2 E9 AF 41 00 00 D4 42
1787903585.695235,34680,1513,12,A8 50 60 43 2E 4F A3 41 00 00 D6 42
1787903585.706016,34680,1514,12,F2 C2 5A 43 E0 22 A0 41 00 00 D8 42
1787903585.716776,34680,1515,12,08 05 56 43 26 87 A6 41 00 00 DA 42
1787903585.727254,34680,1516,12,CC 32 52 43 CE 38 B6 41 00 00 DC 42
1787903585.737742,34680,1517,12,75 62 4F 43 72 9C CE 41 00 00 DE 42
1787903585.748259,34680,1518,12,9D A3 4D 43 AE B1 EE 41 00 00 E0 42
1787903585.758757,34680,1519,12,A7 00 4D 43 32 9A 0A 42 00 00 E2 42
1787903585.769227,34680,151a,12,1C 7D 4D 43 68 51 20 42 00 00 E4 42
1787903585.779750,34680,151b,12,4E 16 4F 43 2F 9A 37 42 00 00 E6 42
1787903585.790807,34680,151c,12,B9 C2 51 43 FB 8D 4F 42 00 00 E8 42
1787903585.801169,34680,151d,12,89 73 55 43 FF 30 67 42 00 00 EA 42
1787903585.811682,34680,151e,12,C6 12 5A 43 D4 95 7D 42 00 00 EC 42
1787903585.822147,34680,151f,12,D0 86 5F 43 80 ED 88 42 00 00 EE 42
1787903585.833255,34680,1520,12,DC AF 65 43 B6 95 91 42 00 00 A0 41
1787903585.844032,34680,1521,12,C2 69 6C 43 D3 6D 98 42 00 00 A8 41
1787903585.854705,34680,1522,12,39 8F 73 43 E4 2D 9D 42 00 00 B0 41
1787903585.865081,34680,1523,12,B5 F5 7A 43 AE A6 9F 42 00 00 B8 41
1787903585.875816,34680,1524,12,18 3A 81 43 CB BE 9F 42 00 00 C0 41
1787903585.886652,34680,1525,12,66 EF 84 43 40 75 9D 42 00 00 C8 41
1787903585.897568,34680,1526,12,16 85 88 43 B2 E0 98 42 00 00 D0 41
1787903585.908083,34680,1527,12,47 E7 8B 43 46 31 92 42 00 00 D8 41
1787903585.918906,34680,1528,12,D5 01 8F 43 A6 AA 89 42 00 00 E0 41
1787903585.929634,34680,1529,12,8B C3 91 43 40 44 7F 42 00 00 E8 41
1787903585.941347,34680,152a,12,37 1C 94 43 59 02 69 42 00 00 F0 41
1787903585.952053,34680,152b,12,30 FE 95 43 FB 6B 51 42 00 00 F8 41
1787903585.963360,34680,152c,12,05 5F 97 43 1C 79 39 42 00 00 00 42
1787903585.973866,34680,152d,12,83 36 98 43 6E 1A 22 42 00 00 04 42
1787903585.984608,34680,152e,12,FE 7F 98 43 13 3B 0C 42 00 00 08 42
1787903585.995031,34680,152f,12,B2 39 98 43 F8 81 F1 41 00 00 0C 42
1787903586.005644,34680,1530,12,51 65 97 43 06 DA D0 41 00 00 10 42
1787903586.016061,34680,1531,12,74 07 96 43 9A D5 B7 41 00 00 14 42
1787903586.026412,34680,1532,12,3E 28 94 43 46 6E A7 41 00 00 18 42
1787903586.037107,34680,1533,12,10 D2 91 43 01 4B A0 41 00 00 1C 42
1787903586.047876,34680,1534,12,85 12 8F 43 D3 B6 A2 41 00 00 20 42
1787903586.058537,34680,1535,12,C2 F9 8B 43 C1 99 AE 41 00 00 24 42
1787903586.069349,34680,1536,12,F1 98 88 43 DA 76 C3 41 00 00 28 42
1787903586.080905,34680,1537,12,30 04 85 43 68 7A E0 41 00 00 2C 42
1787903586.091664,34680,1538,12,58 4F 81 43 46 41 02 42 00 00 30 42
1787903586.102324,34680,1539,12,2E 20 7B 43 42 0A 17 42 00 00 34 42
1787903586.112704,34680,153a,12,B7 B8 73 43 55 CA 2D 42 00 00 38 42
1787903586.123166,34680,153b,12,56 91 6C 43 59 92 45 42 00 00 3C 42
1787903586.133594,34680,153c,12,A3 D4 65 43 23 73 5D 42 00 00 40 42
1787903586.144041,34680,153d,12,F7 A7 5F 43 9A 7C 74 42 00 00 44 42
1787903586.154350,34680,153e,12,8D 2F 5A 43 48 DE 84 42 00 00 48 42
1787903586.164980,34680,153f,12,4C 8B 55 43 50 30 8E 42 00 00 4C 42
1787903586.175412,34680,1540,12,EE D4 51 43 68 D2 95 42 00 00 50 42
1787903586.185989,34680,1541,12,8E 22 4F 43 46 78 9B 42 00 00 54 42
1787903586.196599,34680,1542,12,1F 83 4D 43 A6 E8 9E 42 00 00 58 42
1787903586.216546,34680,1543,12,4B 00 4D 43 63 FF 9F 42 00 00 5C 42
1787903586.227325,34680,1544,12,E4 9C 4D 43 B4 B1 9E 42 00 00 60 42
1787903586.237888,34680,1545,12,86 55 4F 43 4C 0D 9B 42 00 00 64 42
1787903586.248320,34680,1546,12,F2 1F 52 43 50 37 95 42 00 00 68 42
1787903586.285262,34680,1547,12,AE EC 55 43 EB 69 8D 42 00 00 6C 42
1787903586.295518,34680,1548,12,A4 A5 5A 43 24 F7 83 42 00 00 70 42
1787903586.306447,34680,1549,12,0F 2F 60 43 0F 79 72 42 00 00 74 42
1787903586.317047,34680,154a,12,3D 6A 66 43 C0 55 5B 42 00 00 78 42
1787903586.327568,34680,154b,12,14 32 6D 43 34 6D 43 42 00 00 7C 42
1787903586.338352,34680,154c,12,FE 60 74 43 AB AF 2B 42 00 00 80 42
1787903586.349455,34680,154d,12,FD CC 7B 43 B4 16 15 42 00 00 82 42
1787903586.359861,34680,154e,12,4E A5 81 43 14 82 00 42 00 00 84 42
1787903586.371778,34680,154f,12,2A 58 85 43 41 94 DD 41 00 00 86 42
1787903586.383248,34680,1550,12,0C E9 88 43 6A 40 C1 41 00 00 88 42
1787903586.393774,34680,1551,12,32 44 8C 43 29 27 AD 41 00 00 8A 42
1787903586.404271,34680,1552,12,EB 55 8F 43 C4 1B A2 41 00 00 8C 42
1787903586.414721,34680,1553,12,4F 0C 92 43 98 8B A0 41 00 00 8E 42
1787903586.425406,34680,1554,12,55 58 94 43 14 87 A8 41 00 00 90 42
1787903586.435802,34680,1555,12,4F 2C 96 43 CD BB B9 41 00 00 92 42
1787903586.446848,34680,1556,12,1B 7E 97 43 E3 7E D3 41 00 00 94 42
1787903586.457603,34680,1557,12,EB 45 98 43 84 C1 F4 41 00 00 96 42
1787903586.468149,34680,1558,12,44 7F 98 43 2C 1D 0E 42 00 00 98 42
1787903586.478822,34680,1559,12,E8 28 98 43 39 25 24 42 00 00 9A 42
1787903586.490419,34680,155a,12,D9 44 97 43 06 9B 3B 42 00 00 9C 42
1787903586.501057,34680,155b,12,07 D8 95 43 FE 92 53 42 00 00 9E 42
1787903586.511784,34680,155c,12,B4 EA 93 43 29 11 6B 42 00 00 A0 42
