ts,event,session,payload_len,payload_hex
1787903710.664958,34680,0087,12,05 49 AC 43 FB 66 54 42 00 00 54 42
1787903710.671634,34680,0088,12,66 BA AD 43 3B 71 3C 42 00 00 58 42
1787903710.681984,34680,0089,12,5C A3 AE 43 7F F1 24 42 00 00 5C 42
1787903710.699173,34680,008a,12,AD FE AE 43 7D D7 0E 42 00 00 60 42
1787903710.709879,34680,008b,12,4A CA AE 43 C5 09 F6 41 00 00 64 42
1787903710.720647,34680,008c,12,60 07 AE 43 C9 87 D4 41 00 00 68 42
1787903710.731105,34680,008d,12,52 BA AC 43 1E 7F BA 41 00 00 6C 42
1787903710.741741,34680,008e,12,98 EA AA 43 7E F9 A8 41 00 00 70 42
1787903710.752590,34680,008f,12,9D A2 A8 43 A9 A9 A0 41 00 00 74 42
1787903710.764263,34680,0090,12,80 EF A5 43 7D E4 A1 41 00 00 78 42
1787903710.774616,34680,0091,12,C5 E0 A2 43 6D 9D AC 41 00 00 7C 42
1787903710.785174,34680,0092,12,00 88 9F 43 0F 67 C0 41 00 00 80 42
1787903710.795654,34680,0093,12,70 F8 9B 43 58 77 DC 41 00 00 82 42
1787903710.808242,34680,0094,12,89 46 98 43 04 B0 FF 41 00 00 84 42
1787903710.818649,34680,0095,12,90 87 94 43 B6 54 14 42 00 00 86 42
1787903710.829670,34680,0096,12,0B D1 90 43 CD E0 2A 42 00 00 88 42
1787903710.844362,34680,0097,12,53 38 8D 43 1B 96 42 42 00 00 8A 42
1787903710.854794,34680,0098,12,15 D2 89 43 9B 82 5A 42 00 00 8C 42
1787903710.865259,34680,0099,12,DB B1 86 43 40 B2 71 42 00 00 8E 42
1787903710.875690,34680,009a,12,A1 E9 83 43 25 9C 83 42 00 00 90 42
1787903710.886435,34680,009b,12,64 89 81 43 95 1C 8D 42 00 00 92 42
1787903710.897454,34680,009c,12,9A 3D 7F 43 6F F9 94 42 00 00 94 42
1787903710.913239,34680,009d,12,BF 69 7C 43 71 E2 9A 42 00 00 96 42
1787903710.923777,34680,009e,12,7A A7 7A 43 51 9B 9E 42 00 00 98 42
1787903710.934445,34680,009f,12,EA 00 7A 43 0D FE 9F 42 00 00 9A 42
1787903710.945129,34680,00a0,12,C9 79 7A 43 83 FC 9E 42 00 00 9C 42
1787903710.958722,34680,00a1,12,62 0F 7C 43 F5 A0 9B 42 00 00 9E 42
1787903710.969406,34680,00a2,12,99 B8 7E 43 AC 0D 96 42 00 00 A0 42
1787903710.980442,34680,00a3,12,12 33 81 43 88 7B 8E 42 00 00 A2 42
1787903710.991374,34680,00a4,12,6C 81 83 43 D0 37 85 42 00 00 A4 42
1787903711.003128,34680,00a5,12,1A 3A 86 43 26 42 75 42 00 00 A6 42
1787903711.014068,34680,00a6,12,77 4D 89 43 E0 46 5E 42 00 00 A8 42
1787903711.025265,34680,00a7,12,D6 A9 8C 43 23 68 46 42 00 00 AA 42
1787903711.035770,34680,00a8,12,E0 3B 90 43 A9 99 2E 42 00 00 AC 42
1787903711.046565,34680,00a9,12,11 EF 93 43 6A CE 17 42 00 00 AE 42
1787903711.057220,34680,00aa,12,23 AE 97 43 08 EF 02 42 00 00 B0 42
1787903711.067796,34680,00ab,12,8C 63 9B 43 3D A1 E1 41 00 00 B2 42
1787903711.079426,34680,00ac,12,FC F9 9E 43 D7 57 C4 41 00 00 B4 42
1787903711.090318,34680,00ad,12,CE 5C A2 43 F8 2C AF 41 00 00 B6 42
1787903711.103475,34680,00ae,12,8D 78 A5 43 A5 F8 A2 41 00 00 B8 42
1787903711.114717,34680,00af,12,5A 3B A8 43 70 37 A0 41 00 00 BA 42
1787903711.125563,34680,00b0,12,55 95 AA 43 65 05 A7 41 00 00 BC 42
1787903711.137375,34680,00b1,12,FC 78 AC 43 27 1D B7 41 00 00 BE 42
1787903711.147916,34680,00b2,12,6E DB AD 43 71 DA CF 41 00 00 C0 42
1787903711.158683,34680,00b3,12,B6 B4 AE 43 C7 40 F0 41 00 00 C2 42
1787903711.169566,34680,00b4,12,F6 FF AE 43 BF 82 0B 42 00 00 C4 42
1787903711.181366,34680,00b5,12,7A BB AE 43 58 4E 21 42 00 00 C6 42
1787903711.199328,34680,00b6,12,CD E8 AD 43 F5 A4 38 42 00 00 C8 42
1787903711.213592,34680,00b7,12,AB 8C AC 43 49 98 50 42 00 00 CA 42
1787903711.225974,34680,00b8,12,E5 AE AA 43 E6 33 68 42 00 00 CC 42
1787903711.236520,34680,00b9,12,35 5A A8 43 D8 86 7E 42 00 00 CE 42
1787903711.247070,34680,00ba,12,03 9C A5 43 9A 56 89 42 00 00 D0 42
1787903711.257635,34680,00bb,12,10 84 A2 43 C2 EC 91 42 00 00 D2 42
1787903711.268794,34680,00bc,12,2B 24 9F 43 36 AE 98 42 00 00 D4 42
1787903711.279341,34680,00bd,12,B8 8F 9B 43 00 56 9D 42 00 00 D6 42
1787903711.291061,34680,00be,12,4B DB 97 43 A0 B4 9F 42 00 00 D8 42
1787903711.301603,34680,00bf,12,32 1C 94 43 E6 B1 9F 42 00 00 DA 42
1787903711.312461,34680,00c0,12,F4 67 90 43 EE 4D 9D 42 00 00 DC 42
1787903711.323001,34680,00c1,12,E1 D3 8C 43 1E A1 98 42 00 00 DE 42
1787903711.333513,34680,00c2,12,8B 74 89 43 2B DB 91 42 00 00 E0 42
1787903711.344453,34680,00c3,12,53 5D 86 43 36 41 89 42 00 00 E2 42
1787903711.354948,34680,00c4,12,00 A0 83 43 2C 56 7E 42 00 00 E4 42
1787903711.365561,34680,00c5,12,4F 4C 81 43 45 FF 67 42 00 00 E6 42
1787903711.376169,34680,00c6,12,4B DF 7E 43 CF 61 50 42 00 00 E8 42
1787903711.387005,34680,00c7,12,6A 29 7C 43 CC 6E 38 42 00 00 EA 42
1787903711.397486,34680,00c8,12,90 86 7A 43 AA 1A 21 42 00 00 EC 42
1787903711.407803,34680,00c9,12,27 00 7A 43 9A 53 0B 42 00 00 EE 42
1787903711.418235,34680,00ca,12,33 99 7A 43 53 EF EF 41 00 00 A0 41
1787903711.428777,34680,00cb,12,44 4E 7C 43 12 99 CF 41 00 00 A8 41
1787903711.439163,34680,00cc,12,88 15 7F 43 78 EE B6 41 00 00 B0 41
1787903711.449559,34680,00cd,12,84 6F 81 43 43 EB A6 41 00 00 B8 41
1787903711.460452,34680,00ce,12,7E CA 83 43 E4 32 A0 41 00 00 C0 41
1787903711.470869,34680,00cf,12,2B 8E 86 43 E0 09 A3 41 00 00 C8 41
1787903711.482064,34680,00d0,12,A0 AA 89 43 49 53 AF 41 00 00 D0 41
1787903711.493997,34680,00d1,12,FE 0D 8D 43 B8 91 C4 41 00 00 D8 41
1787903711.504679,34680,00d2,12,CA A4 90 43 5D EC E1 41 00 00 E0 41
1787903711.515224,34680,00d3,12,61 5A 94 43 B9 1B 03 42 00 00 E8 41
1787903711.526314,34680,00d4,12,73 19 98 43 74 00 18 42 00 00 F0 41
1787903711.537377,34680,00d5,12,70 CC 9B 43 0D CF 2E 42 00 00 F8 41
1787903711.549392,34680,00d6,12,17 5E 9F 43 C0 9E 46 42 00 00 00 42
1787903711.561751,34680,00d7,12,E2 B9 A2 43 88 7C 5E 42 00 00 04 42
1787903711.572699,34680,00d8,12,86 CC A5 43 B6 74 75 42 00 00 08 42
1787903711.584453,34680,00d9,12,51 84 A8 43 8A 4E 85 42 00 00 0C 42
1787903711.596382,34680,00da,12,AA D1 AA 43 CC 8E 8E 42 00 00 10 42
1787903711.607905,34680,00db,12,52 A7 AC 43 B6 1C 96 42 00 00 14 42
1787903711.618794,34680,00dc,12,BA FA AD 43 2D AB 9B 42 00 00 18 42
1787903711.630504,34680,00dd,12,47 C4 AE 43 7B 01 9F 42 00 00 1C 42
1787903711.641922,34680,00de,12,70 FF AE 43 98 FD 9F 42 00 00 20 42
1787903711.653099,34680,00df,12,E1 AA AE 43 72 95 9E 42 00 00 24 42
1787903711.664892,34680,00e0,12,80 C8 AD 43 63 D7 9A 42 00 00 28 42
1787903711.675883,34680,00e1,12,64 5D AC 43 9F E9 94 42 00 00 2C 42
1787903711.686809,34680,00e2,12,B2 71 AA 43 B2 08 8D 42 00 00 30 42
1787903711.697883,34680,00e3,12,7A 10 A8 43 F2 84 83 42 00 00 34 42
1787903711.710027,34680,00e4,12,63 47 A5 43 05 7F 71 42 00 00 38 42
1787903711.720713,34680,00e5,12,73 26 A2 43 A3 4C 5A 42 00 00 3C 42
1787903711.731430,34680,00e6,12,AF BF 9E 43 7D 5F 42 42 00 00 40 42
1787903711.743594,34680,00e7,12,99 26 9B 43 E3 AB 2A 42 00 00 44 42
1787903711.755157,34680,00e8,12,EB 6F 97 43 7E 23 14 42 00 00 48 42
1787903711.765656,34680,00e9,12,F5 B0 93 43 CB 58 FF 41 00 00 4C 42
1787903711.776878,34680,00ea,12,44 FF 8F 43 EE 2E DC 41 00 00 50 42
1787903711.787645,34680,00eb,12,1D 70 8C 43 45 30 C0 41 00 00 54 42
1787903711.798209,34680,00ec,12,E9 17 89 43 9C 7A AC 41 00 00 58 42
1787903711.810500,34680,00ed,12,EE 09 86 43 E8 D6 A1 41 00 00 5C 42
1787903711.821972,34680,00ee,12,B2 57 83 43 DF B1 A0 41 00 00 60 42
1787903711.833599,34680,00ef,12,BA 10 81 43 2E 17 A9 41 00 00 64 42
1787903711.844462,34680,00f0,12,43 84 7E 43 26 B1 BA 41 00 00 68 42
1787903711.855093,34680,00f1,12,8A EC 7B 43 FD CB D4 41 00 00 6C 42
1787903711.866315,34680,00f2,12,3B 69 7A 43 88 5D F6 41 00 00 70 42
1787903711.877160,34680,00f3,12,02 03 7A 43 89 07 0F 42 00 00 74 42
1787903711.888329,34680,00f4,12,30 BC 7A 43 BE 25 25 42 00 00 78 42
1787903711.901883,34680,00f5,12,97 90 7C 43 A8 A7 3C 42 00 00 7C 42
1787903711.912628,34680,00f6,12,B8 75 7F 43 3E 9D 54 42 00 00 80 42
1787903711.923894,34680,00f7,12,73 AD 81 43 34 12 6C 42 00 00 82 42
1787903711.934578,34680,00f8,12,E4 14 84 43 83 0B 81 42 00 00 84 42
1787903711.946089,34680,00f9,12,59 E3 86 43 7D E5 8A 42 00 00 86 42
1787903711.958261,34680,00fa,12,AC 08 8A 43 7D 32 93 42 00 00 88 42
1787903711.969231,34680,00fb,12,CF 72 8D 43 C5 9D 99 42 00 00 8A 42
1787903711.979955,34680,00fc,12,16 0E 91 43 E1 E5 9D 42 00 00 8C 42
1787903711.992087,34680,00fd,12,D2 C5 94 43 15 DF 9F 42 00 00 8E 42
1787903712.003047,34680,00fe,12,9C 84 98 43 3D 75 9F 42 00 00 90 42
1787903712.014437,34680,00ff,12,E6 34 9C 43 91 AC 9C 42 00 00 92 42
1787903712.027047,34680,0100,12,86 C1 9F 43 82 A1 97 42 00 00 94 42
1787903712.037809,34680,0101,12,0B 16 A3 43 7D 87 90 42 00 00 96 42
1787903712.049366,34680,0102,12,59 1F A6 43 01 A7 87 42 00 00 98 42
1787903712.061004,34680,0103,12,F5 CB A8 43 4D B5 7A 42 00 00 9A 42
1787903712.071696,34680,0104,12,7C 0C AB 43 11 17 64 42 00 00 9C 42
1787903712.083776,34680,0105,12,04 D4 AC 43 43 5A 4C 42 00 00 9E 42
1787903712.095106,34680,0106,12,4A 18 AE 43 EC 70 34 42 00 00 A0 42
1787903712.106515,34680,0107,12,0C D2 AE 43 34 4F 1D 42 00 00 A2 42
1787903712.118009,34680,0108,12,1A FD AE 43 2E E1 07 42 00 00 A4 42
1787903712.133320,34680,0109,12,7E 98 AE 43 24 03 EA 41 00 00 A6 42
1787903712.144583,34680,010a,12,7A A6 AD 43 1F E2 CA 41 00 00 A8 42
1787903712.155170,34680,010b,12,7F 2C AC 43 B4 9C B3 41 00 00 AA 42
1787903712.167167,34680,010c,12,06 33 AA 43 91 20 A5 41 00 00 AC 42
1787903712.178390,34680,010d,12,6B C5 A7 43 8A 01 A0 41 00 00 AE 42
1787903712.189659,34680,010e,12,AA F1 A4 43 E2 73 A4 41 00 00 B0 42
1787903712.200215,34680,010f,12,F8 C7 A1 43 23 4A B2 41 00 00 B2 42
1787903712.211311,34680,0110,12,91 5A 9E 43 34 F7 C8 41 00 00 B4 42
1787903712.221931,34680,0111,12,1D BD 9A 43 9E 93 E7 41 00 00 B6 42
1787903712.232790,34680,0112,12,6B 04 97 43 7A 73 06 42 00 00 B8 42
1787903712.243651,34680,0113,12,E5 45 93 43 24 BA 1B 42 00 00 BA 42
1787903712.255437,34680,0114,12,07 97 8F 43 89 C4 32 42 00 00 BC 42
1787903712.266415,34680,0115,12,09 0D 8C 43 BC A7 4A 42 00 00 BE 42
1787903712.277519,34680,0116,12,39 BC 88 43 D6 6F 62 42 00 00 C0 42
1787903712.289171,34680,0117,12,AB B7 85 43 1F 2A 79 42 00 00 C2 42
1787903712.300009,34680,0118,12,BF 10 83 43 51 F7 86 42 00 00 C4 42
1787903712.310781,34680,0119,12,AB D6 80 43 AC F4 8F 42 00 00 C6 42
1787903712.321830,34680,011a,12,86 2C 7E 43 76 31 97 42 00 00 C8 42
1787903712.332858,34680,011b,12,28 B3 7B 43 C6 63 9C 42 00 00 CA 42
1787903712.344205,34680,011c,12,7B 4F 7A 43 92 56 9F 42 00 00 CC 42
1787903712.355963,34680,011d,12,7C 09 7A 43 C4 EB 9F 42 00 00 CE 42
1787903712.366783,34680,011e,12,BD E2 7A 43 6C 1D 9E 42 00 00 D0 42
1787903712.378120,34680,011f,12,59 D6 7C 43 F4 FD 99 42 00 00 D2 42
1787903712.389292,34680,0120,12,1F D9 7F 43 72 B7 93 42 00 00 D4 42
1787903712.400110,34680,0121,12,DE EC 81 43 F1 89 8B 42 00 00 D6 42
1787903712.413324,34680,0122,12,93 60 84 43 E7 C8 81 42 00 00 D8 42
1787903712.425359,34680,0123,12,9E 39 87 43 E1 AF 6D 42 00 00 DA 42
1787903712.436019,34680,0124,12,95 67 8A 43 37 4D 56 42 00 00 DC 42
1787903712.446870,34680,0125,12,3B D8 8D 43 96 58 3E 42 00 00 DE 42
1787903712.457419,34680,0126,12,C5 77 91 43 7D C6 26 42 00 00 E0 42
1787903712.469025,34680,0127,12,57 31 95 43 7B 87 10 42 00 00 E2 42
1787903712.479921,34680,0128,12,93 EF 98 43 66 FD F8 41 00 00 E4 42
1787903712.490925,34680,0129,12,E8 9C 9C 43 D5 F0 D6 41 00 00 E6 42
1787903712.502580,34680,012a,12,3F 24 A0 43 FB 44 BC 41 00 00 E8 42
1787903712.514976,34680,012b,12,46 71 A3 43 0C 0A AA 41 00 00 EA 42
1787903712.526683,34680,012c,12,00 71 A6 43 18 FA A0 41 00 00 EC 42
1787903712.537958,34680,012d,12,39 12 A9 43 94 71 A1 41 00 00 EE 42
1787903712.548673,34680,012e,12,C8 45 AB 43 BF 6B AB 41 00 00 A0 41
1787903712.560424,34680,012f,12,0E FF AC 43 CB 82 BE 41 00 00 A8 41
1787903712.572062,34680,0130,12,1E 34 AE 43 E1 F3 D9 41 00 00 B0 41
1787903712.583706,34680,0131,12,05 DE AE 43 F1 A6 FC 41 00 00 B8 41
1787903712.594764,34680,0132,12,F6 F8 AE 43 D0 9C 12 42 00 00 C0 41
1787903712.605548,34680,0133,12,54 84 AE 43 1E 07 29 42 00 00 C8 41
1787903712.616977,34680,0134,12,BE 82 AD 43 86 AD 40 42 00 00 D0 41
1787903712.630544,34680,0135,12,FC F9 AB 43 AA 9E 58 42 00 00 D8 41
1787903712.641158,34680,0136,12,E4 F2 A9 43 2E E6 6F 42 00 00 E0 41
1787903712.653438,34680,0137,12,18 79 A7 43 31 CB 82 42 00 00 E8 41
1787903712.664219,34680,0138,12,DC 9A A4 43 12 69 8C 42 00 00 F0 41
1787903712.675988,34680,0139,12,A3 68 A1 43 85 6A 94 42 00 00 F8 41
1787903712.686502,34680,013a,12,D3 F4 9D 43 D6 7D 9A 42 00 00 00 42
1787903712.698225,34680,013b,12,4A 53 9A 43 02 65 9E 42 00 00 04 42
1787903712.709162,34680,013c,12,DE 98 96 43 35 F8 9F 42 00 00 08 42
1787903712.719838,34680,013d,12,08 DB 92 43 5F 27 9F 42 00 00 0C 42
1787903712.731119,34680,013e,12,41 2F 8F 43 D0 FA 9B 42 00 00 10 42
1787903712.742680,34680,013f,12,A8 AA 8B 43 EC 92 96 42 00 00 14 42
1787903712.753544,34680,0140,12,7E 61 88 43 E1 26 8F 42 00 00 18 42
1787903712.764468,34680,0141,12,9B 66 85 43 7A 02 86 42 00 00 1C 42
1787903712.776073,34680,0142,12,2C CB 82 43 DB 05 77 42 00 00 20 42
1787903712.788903,34680,0143,12,24 9E 80 43 BB 26 60 42 00 00 24 42
1787903712.800961,34680,0144,12,16 D8 7D 43 58 51 48 42 00 00 28 42
1787903712.812538,34680,0145,12,44 7D 7B 43 B6 78 30 42 00 00 2C 42
1787903712.825667,34680,0146,12,55 39 7A 43 FD 8F 19 42 00 00 30 42
1787903712.837438,34680,0147,12,94 13 7A 43 6B 81 04 42 00 00 34 42
1787903712.849633,34680,0148,12,D8 0C 7B 43 03 47 E4 41 00 00 38 42
1787903712.861034,34680,0149,12,89 1F 7D 43 1A 64 C6 41 00 00 3C 42
1787903712.873389,34680,014a,12,DC 1F 80 43 BD 8A B0 41 00 00 40 42
1787903712.884147,34680,014b,12,BA 2D 82 43 D1 99 A3 41 00 00 44 42
1787903712.895636,34680,014c,12,8E AD 84 43 A9 15 A0 41 00 00 48 42
1787903712.906626,34680,014d,12,F4 90 87 43 18 22 A6 41 00 00 4C 42
1787903712.917256,34680,014e,12,5A C7 8A 43 43 81 B5 41 00 00 50 42
1787903712.928644,34680,014f,12,3E 3E 8E 43 4E 96 CD 41 00 00 54 42
1787903712.939338,34680,0150,12,C1 E1 91 43 CB 6B ED 41 00 00 58 42
1787903712.950196,34680,0151,12,F1 9C 95 43 1C DE 09 42 00 00 5C 42
1787903712.961053,34680,0152,12,54 5A 99 43 A5 80 1F 42 00 00 60 42
1787903712.972806,34680,0153,12,77 04 9D 43 48 C0 36 42 00 00 64 42
1787903712.984401,34680,0154,12,3B 86 A0 43 F3 AF 4E 42 00 00 68 42
1787903712.995860,34680,0155,12,84 CB A3 43 99 5B 66 42 00 00 6C 42
1787903713.006501,34680,0156,12,7C C1 A6 43 32 D1 7C 42 00 00 70 42
1787903713.018549,34680,0157,12,1B 57 A9 43 F9 95 88 42 00 00 74 42
1787903713.029579,34680,0158,12,8D 7D AB 43 DC 4D 91 42 00 00 78 42
1787903713.041598,34680,0159,12,6F 28 AD 43 65 37 98 42 00 00 7C 42
1787903713.052301,34680,015a,12,2F 4E AE 43 10 0C 9D 42 00 00 80 42
1787903713.063246,34680,015b,12,32 E8 AE 43 7A 9A 9F 42 00 00 82 42
1787903713.074526,34680,015c,12,03 F3 AE 43 97 C8 9F 42 00 00 84 42
1787903713.087017,34680,015d,12,63 6E AE 43 90 94 9D 42 00 00 86 42
1787903713.097910,34680,015e,12,4E 5D AD 43 E5 14 99 42 00 00 88 42
1787903713.110004,34680,015f,12,E4 C5 AB 43 6C 77 92 42 00 00 8A 42
1787903713.121837,34680,0160,12,4C B1 A9 43 C8 FF 89 42 00 00 8C 42
1787903713.133180,34680,0161,12,81 2B A7 43 3D 04 80 42 00 00 8E 42
1787903713.143664,34680,0162,12,FA 42 A4 43 B8 D5 69 42 00 00 90 42
1787903713.156181,34680,0163,12,7A 08 A1 43 A7 49 52 42 00 00 92 42
1787903713.166971,34680,0164,12,87 8E 9D 43 5D 54 3A 42 00 00 94 42
1787903713.178884,34680,0165,12,21 E9 99 43 D2 EA 22 42 00 00 96 42
1787903713.189821,34680,0166,12,45 2D 96 43 87 FB 0C 42 00 00 98 42
1787903713.203620,34680,0167,12,5F 70 92 43 89 CD F2 41 00 00 9A 42
1787903713.215505,34680,0168,12,F9 C7 8E 43 4D E8 D1 41 00 00 9C 42
1787903713.226212,34680,0169,12,0D 49 8B 43 E0 96 B8 41 00 00 9E 42
1787903713.237067,34680,016a,12,BB 07 88 43 20 DC A7 41 00 00 A0 42
1787903713.247741,34680,016b,12,BF 16 85 43 7A 62 A0 41 00 00 A2 42
1787903713.259843,34680,016c,12,F8 86 82 43 60 76 A2 41 00 00 A4 42
1787903713.271246,34680,016d,12,28 67 80 43 7B 02 AE 41 00 00 A6 42
1787903713.283709,34680,016e,12,01 87 7D 43 32 91 C2 41 00 00 A8 42
1787903713.295152,34680,016f,12,E0 4A 7B 43 52 50 DF 41 00 00 AA 42
1787903713.305966,34680,0170,12,CA 26 7A 43 82 8D 01 42 00 00 AC 42
1787903713.317899,34680,0171,12,49 21 7A 43 A7 41 16 42 00 00 AE 42
1787903713.329051,34680,0172,12,7D 3A 7B 43 75 F1 2C 42 00 00 B0 42
1787903713.340081,34680,0173,12,1A 6C 7D 43 A2 B5 44 42 00 00 B2 42
1787903713.351095,34680,0174,12,C0 54 80 43 28 9B 5C 42 00 00 B4 42
1787903713.363101,34680,0175,12,05 70 82 43 9A AE 73 42 00 00 B6 42
1787903713.373622,34680,0176,12,C5 FB 84 43 02 82 84 42 00 00 B8 42
1787903713.385304,34680,0177,12,55 E9 87 43 F4 E0 8D 42 00 00 BA 42
1787903713.396470,34680,0178,12,EA 27 8B 43 91 94 95 42 00 00 BC 42
1787903713.407629,34680,0179,12,D7 A4 8E 43 1A 4E 9B 42 00 00 BE 42
1787903713.418581,34680,017a,12,09 4C 92 43 3C D3 9E 42 00 00 C0 42
1787903713.430012,34680,017b,12,8C 08 96 43 FA FF 9F 42 00 00 C2 42
1787903713.441338,34680,017c,12,D7 C4 99 43 62 C8 9E 42 00 00 C4 42
1787903713.453526,34680,017d,12,7D 6B 9D 43 D5 38 9B 42 00 00 C6 42
1787903713.464187,34680,017e,12,7A E7 A0 43 BB 75 95 42 00 00 C8 42
1787903713.477959,34680,017f,12,C1 24 A4 43 C6 B9 8D 42 00 00 CA 42
1787903713.489624,34680,0180,12,BD 10 A7 43 0D 54 84 42 00 00 CC 42
1787903713.502090,34680,0181,12,97 9A A9 43 CC 48 73 42 00 00 CE 42
1787903713.512717,34680,0182,12,C1 B3 AB 43 84 2F 5C 42 00 00 D0 42
1787903713.524368,34680,0183,12,25 50 AD 43 72 48 44 42 00 00 D2 42
1787903713.536430,34680,0184,12,7E 66 AE 43 16 87 2C 42 00 00 D4 42
1787903713.547900,34680,0185,12,91 F0 AE 43 54 DE 15 42 00 00 D6 42
1787903713.560061,34680,0186,12,42 EB AE 43 32 35 01 42 00 00 D8 42
1787903713.570825,34680,0187,12,AE 56 AE 43 C1 BC DE 41 00 00 DA 42
1787903713.582870,34680,0188,12,2C 36 AD 43 94 20 C2 41 00 00 DC 42
1787903713.594541,34680,0189,12,3A 90 AB 43 4C B9 AD 41 00 00 DE 42
1787903713.605441,34680,018a,12,4C 6E A9 43 8B 57 A2 41 00 00 E0 42
1787903713.616553,34680,018b,12,AC DC A6 43 3B 6F A0 41 00 00 E2 42
1787903713.627977,34680,018c,12,15 EA A3 43 F3 13 A8 41 00 00 E4 42
1787903713.639717,34680,018d,12,80 A7 A0 43 8C F7 B8 41 00 00 E6 42
1787903713.651886,34680,018e,12,AF 27 9D 43 F8 6D D2 41 00 00 E8 42
1787903713.662770,34680,018f,12,B5 7E 99 43 DD 72 F3 41 00 00 EA 42
1787903713.674181,34680,0190,12,AA C1 95 43 BB 5A 0D 42 00 00 EC 42
1787903713.685529,34680,0191,12,FF 05 92 43 C4 52 23 42 00 00 EE 42
1787903713.696107,34680,0192,12,30 61 8E 43 E7 C0 3A 42 00 00 A0 41
1787903713.706995,34680,0193,12,38 E8 8A 43 77 B6 52 42 00 00 A8 41
1787903713.719031,34680,0194,12,00 AF 87 43 76 3E 6A 42 00 00 B0 41
1787903713.729863,34680,0195,12,1C C8 84 43 7D 34 80 42 00 00 B8 41
1787903713.740394,34680,0196,12,31 44 82 43 FD 29 8A 42 00 00 C0 41
1787903713.751834,34680,0197,12,BA 31 80 43 E6 99 92 42 00 00 C8 41
1787903713.762350,34680,0198,12,49 39 7D 43 44 2E 99 42 00 00 D0 41
1787903713.773270,34680,0199,12,06 1C 7B 43 D2 A3 9D 42 00 00 D8 41
1787903713.785522,34680,019a,12,DA 17 7A 43 21 CD 9F 42 00 00 E0 41
1787903713.797428,34680,019b,12,99 32 7A 43 1C 94 9F 42 00 00 E8 41
1787903713.808446,34680,019c,12,AD 6B 7B 43 0D FB 9C 42 00 00 F0 41
1787903713.819732,34680,019d,12,09 BC 7D 43 68 1C 98 42 00 00 F8 41
1787903713.830695,34680,019e,12,33 8B 80 43 FB 29 91 42 00 00 00 42
1787903713.841417,34680,019f,12,BA B3 82 43 A0 6A 88 42 00 00 04 42
1787903713.852233,34680,01a0,12,37 4B 85 43 07 6F 7C 42 00 00 08 42
1787903713.865908,34680,01a1,12,C1 42 88 43 DF F1 65 42 00 00 0C 42
1787903713.876937,34680,01a2,12,43 89 8B 43 E1 42 4E 42 00 00 10 42
1787903713.888760,34680,01a3,12,F3 0B 8F 43 36 54 36 42 00 00 14 42
1787903713.900961,34680,01a4,12,97 B6 92 43 E4 19 1F 42 00 00 18 42
1787903713.911560,34680,01a5,12,26 74 96 43 C4 80 09 42 00 00 1C 42
1787903713.922398,34680,01a6,12,1A 2F 9A 43 5B CB EC 41 00 00 20 42
1787903713.934450,34680,01a7,12,F9 D1 9D 43 87 16 CD 41 00 00 24 42
1787903713.946497,34680,01a8,12,E9 47 A1 43 3B 27 B5 41 00 00 28 42
1787903713.958375,34680,01a9,12,F8 7C A4 43 66 F1 A5 41 00 00 2C 42
1787903713.970060,34680,01aa,12,C1 5E A7 43 40 10 A0 41 00 00 30 42
1787903713.981667,34680,01ab,12,AC DC A9 43 E6 BF A3 41 00 00 34 42
1787903713.992557,34680,01ac,12,62 E8 AB 43 CD DA B0 41 00 00 38 42
1787903714.003713,34680,01ad,12,28 76 AD 43 F4 DA C6 41 00 00 3C 42
1787903714.014359,34680,01ae,12,0B 7D AE 43 E7 DF E4 41 00 00 40 42
1787903714.027519,34680,01af,12,22 F7 AE 43 D8 DB 04 42 00 00 44 42
1787903714.038780,34680,01b0,12,B2 E1 AE 43 C9 F4 19 42 00 00 48 42
1787903714.049444,34680,01b1,12,36 3D AE 43 DC E3 30 42 00 00 4C 42
1787903714.060139,34680,01b2,12,5E 0D AD 43 92 BE 48 42 00 00 50 42
1787903714.070935,34680,01b3,12,FC 58 AB 43 B0 91 60 42 00 00 54 42
1787903714.083357,34680,01b4,12,DF 29 A9 43 46 6A 77 42 00 00 58 42
1787903714.096524,34680,01b5,12,9E 8C A6 43 5E 2F 86 42 00 00 5C 42
1787903714.112560,34680,01b6,12,2F 90 A3 43 CC 4C 8F 42 00 00 60 42
1787903714.128492,34680,01b7,12,C5 45 A0 43 3A B0 96 42 00 00 64 42
1787903714.144557,34680,01b8,12,4C C0 9C 43 5B 0E 9C 42 00 00 68 42
1787903714.158471,34680,01b9,12,02 14 99 43 6A 30 9F 42 00 00 6C 42
1787903714.169519,34680,01ba,12,13 56 95 43 60 F6 9F 42 00 00 70 42
1787903714.180999,34680,01bb,12,E7 9B 91 43 5A 58 9E 42 00 00 74 42
1787903714.192299,34680,01bc,12,FB FA 8D 43 E3 66 9A 42 00 00 78 42
1787903714.203671,34680,01bd,12,2A 88 8A 43 38 4A 94 42 00 00 7C 42
1787903714.214311,34680,01be,12,49 57 87 43 A2 40 8C 42 00 00 80 42
1787903714.225732,34680,01bf,12,B7 7A 84 43 52 9C 82 42 00 00 82 42
1787903714.236934,34680,01c0,12,D7 02 82 43 FD 7E 6F 42 00 00 84 42
1787903714.248367,34680,01c1,12,C7 FB 7F 43 75 32 58 42 00 00 86 42
1787903714.259804,34680,01c2,12,F0 EE 7C 43 A1 40 40 42 00 00 88 42
1787903714.271230,34680,01c3,12,B3 F0 7A 43 A4 9D 28 42 00 00 8A 42
1787903714.282008,34680,01c4,12,86 0C 7A 43 2E 3B 12 42 00 00 8C 42
1787903714.293517,34680,01c5,12,84 47 7A 43 8E FA FB 41 00 00 8E 42
1787903714.304926,34680,01c6,12,5F A0 7B 43 D2 65 D9 41 00 00 90 42
1787903714.317086,34680,01c7,12,57 0F 7E 43 A5 18 BE 41 00 00 92 42
1787903714.327899,34680,01c8,12,37 C3 80 43 87 29 AB 41 00 00 94 42
1787903714.339939,34680,01c9,12,D5 F8 82 43 10 5A A1 41 00 00 96 42
1787903714.350618,34680,01ca,12,DF 9B 85 43 31 0E A1 41 00 00 98 42
1787903714.361878,34680,01cb,12,26 9D 88 43 F1 48 AA 41 00 00 9A 42
1787903714.372817,34680,01cc,12,63 EB 8B 43 12 AC BC 41 00 00 9C 42
1787903714.383467,34680,01cd,12,95 73 8F 43 3B 7C D7 41 00 00 9E 42
1787903714.394362,34680,01ce,12,61 21 93 43 41 A7 F9 41 00 00 A0 42
1787903714.406163,34680,01cf,12,B8 DF 96 43 89 E8 10 42 00 00 A2 42
1787903714.417762,34680,01d0,12,09 99 9A 43 81 2F 27 42 00 00 A4 42
1787903714.428486,34680,01d1,12,EB 37 9E 43 5D C5 3E 42 00 00 A6 42
1787903714.439620,34680,01d2,12,8D A7 A1 43 A4 B9 56 42 00 00 A8 42
1787903714.451468,34680,01d3,12,23 D4 A4 43 69 17 6E 42 00 00 AA 42
1787903714.462730,34680,01d4,12,84 AB A7 43 51 F8 81 42 00 00 AC 42
1787903714.474250,34680,01d5,12,4D 1D AA 43 F5 B2 8B 42 00 00 AE 42
1787903714.485137,34680,01d6,12,71 1B AC 43 72 D8 93 42 00 00 B0 42
1787903714.495830,34680,01d7,12,7B 9A AD 43 B0 15 9A 42 00 00 B2 42
1787903714.506675,34680,01d8,12,CF 91 AE 43 E5 2A 9E 42 00 00 B4 42
1787903714.517483,34680,01d9,12,E4 FB AE 43 79 EE 9F 42 00 00 B6 42
1787903714.529234,34680,01da,12,56 D6 AE 43 63 4E 9F 42 00 00 B8 42
1787903714.540740,34680,01db,12,FB 21 AE 43 0B 51 9C 42 00 00 BA 42
1787903714.551712,34680,01dc,12,E2 E2 AC 43 E5 14 97 42 00 00 BC 42
1787903714.564100,34680,01dd,12,3A 20 AB 43 78 CF 8F 42 00 00 BE 42
1787903714.574777,34680,01de,12,17 E4 A8 43 D5 CA 86 42 00 00 C0 42
1787903714.585994,34680,01df,12,59 3B A6 43 66 C6 78 42 00 00 C2 42
1787903714.597491,34680,01e0,12,48 35 A3 43 5C 05 62 42 00 00 C4 42
1787903714.609310,34680,01e1,12,46 E3 9F 43 87 3A 4A 42 00 00 C6 42
1787903714.621175,34680,01e2,12,78 58 9C 43 2D 59 32 42 00 00 C8 42
1787903714.632833,34680,01e3,12,23 A9 98 43 94 54 1B 42 00 00 CA 42
1787903714.644119,34680,01e4,12,82 EA 94 43 17 18 06 42 00 00 CC 42
1787903714.655357,34680,01e5,12,1C 32 91 43 6C F8 E6 41 00 00 CE 42
1787903714.665999,34680,01e6,12,55 95 8D 43 74 7D C8 41 00 00 D0 42
1787903714.678008,34680,01e7,12,FD 28 8A 43 F0 F6 B1 41 00 00 D2 42
1787903714.688775,34680,01e8,12,AB 00 87 43 56 4A A4 41 00 00 D4 42
1787903714.701731,34680,01e9,12,93 2E 84 43 79 03 A0 41 00 00 D6 42
1787903714.712334,34680,01ea,12,EC C2 81 43 D0 4D A5 41 00 00 D8 42
1787903714.722826,34680,01eb,12,43 97 7F 43 8E F3 B3 41 00 00 DA 42
1787903714.734343,34680,01ec,12,07 A8 7C 43 EE 5E CB 41 00 00 DC 42
1787903714.746287,34680,01ed,12,F2 C8 7A 43 5D A1 EA 41 00 00 DE 42
1787903714.756996,34680,01ee,12,D0 04 7A 43 9D 3D 08 42 00 00 E0 42
1787903714.768314,34680,01ef,12,0A 60 7A 43 3E B5 1D 42 00 00 E2 42
1787903714.779540,34680,01f0,12,94 D8 7B 43 B9 DC 34 42 00 00 E4 42
1787903714.791910,34680,01f1,12,EE 65 7E 43 4C C7 4C 42 00 00 E6 42
1787903714.803534,34680,01f2,12,BE FC 80 43 55 81 64 42 00 00 E8 42
1787903714.814034,34680,01f3,12,54 3F 83 43 38 18 7B 42 00 00 EA 42
1787903714.824744,34680,01f4,12,BB ED 85 43 D4 D2 87 42 00 00 EC 42
1787903714.836590,34680,01f5,12,88 F8 88 43 06 AC 90 42 00 00 EE 42
1787903714.847747,34680,01f6,12,33 4E 8C 43 38 BD 97 42 00 00 A0 41
1787903714.858834,34680,01f7,12,A4 DB 8F 43 6C BE 9C 42 00 00 A8 41
1787903714.869501,34680,01f8,12,66 8C 93 43 77 7C 9F 42 00 00 B0 41
1787903714.880989,34680,01f9,12,40 4B 97 43 6A DB 9F 42 00 00 B8 41
1787903714.892770,34680,01fa,12,A9 02 9B 43 74 D7 9D 42 00 00 C0 41
1787903714.903862,34680,01fb,12,39 9D 9E 43 32 85 99 42 00 00 C8 41
1787903714.915111,34680,01fc,12,4E 06 A2 43 A8 10 93 42 00 00 D0 41
1787903714.928394,34680,01fd,12,41 2A A5 43 D8 BB 8A 42 00 00 D8 41
1787903714.939782,34680,01fe,12,03 F7 A7 43 BA DB 80 42 00 00 E0 41
1787903714.951919,34680,01ff,12,7D 5C AA 43 F7 A9 6B 42 00 00 E8 41
1787903714.963138,34680,0200,12,E0 4C AC 43 B6 30 54 42 00 00 F0 41
1787903714.974051,34680,0201,12,14 BD AD 43 D1 3A 3C 42 00 00 F8 41
1787903714.985028,34680,0202,12,CE A4 AE 43 47 BD 24 42 00 00 00 42
1787903714.998100,34680,0203,12,D8 FE AE 43 98 A7 0E 42 00 00 04 42
1787903715.009565,34680,0204,12,2D C9 AE 43 F2 B5 F5 41 00 00 08 42
1787903715.020196,34680,0205,12,05 05 AE 43 BC 43 D4 41 00 00 0C 42
1787903715.032403,34680,0206,12,C2 B6 AC 43 43 4D BA 41 00 00 10 42
1787903715.043260,34680,0207,12,E9 E5 AA 43 00 DC A8 41 00 00 14 42
1787903715.054198,34680,0208,12,E9 9C A8 43 AA A1 A0 41 00 00 18 42
1787903715.065641,34680,0209,12,E7 E8 A5 43 4A F2 A1 41 00 00 1C 42
1787903715.077669,34680,020a,12,76 D9 A2 43 6E C0 AC 41 00 00 20 42
1787903715.088944,34680,020b,12,1C 80 9F 43 03 9E C0 41 00 00 24 42
1787903715.100107,34680,020c,12,23 F0 9B 43 E8 BF DC 41 00 00 28 42
1787903715.111762,34680,020d,12,06 3E 98 43 94 03 00 42 00 00 2C 42
1787903715.122968,34680,020e,12,05 7F 94 43 14 86 14 42 00 00 30 42
1787903715.133682,34680,020f,12,B5 C8 90 43 BD 15 2B 42 00 00 34 42
1787903715.144565,34680,0210,12,56 30 8D 43 BA CC 42 42 00 00 38 42
1787903715.155370,34680,0211,12,9F CA 89 43 8F B8 5A 42 00 00 3C 42
1787903715.166941,34680,0212,12,1A AB 86 43 55 E5 71 42 00 00 40 42
1787903715.177980,34680,0213,12,BA E3 83 43 5E B3 83 42 00 00 44 42
1787903715.189299,34680,0214,12,80 84 81 43 6F 30 8D 42 00 00 48 42
1787903715.200414,34680,0215,12,01 36 7F 43 35 09 95 42 00 00 4C 42
1787903715.211361,34680,0216,12,83 64 7C 43 74 ED 9A 42 00 00 50 42
1787903715.221855,34680,0217,12,BC A4 7A 43 22 A1 9E 42 00 00 54 42
1787903715.232813,34680,0218,12,B8 00 7A 43 76 FE 9F 42 00 00 58 42
1787903715.243252,34680,0219,12,25 7C 7A 43 7E F7 9E 42 00 00 5C 42
1787903715.253653,34680,021a,12,3E 14 7C 43 B1 96 9B 42 00 00 60 42
1787903715.264398,34680,021b,12,DC BF 7E 43 98 FE 95 42 00 00 64 42
1787903715.275213,34680,021c,12,D1 37 81 43 45 68 8E 42 00 00 68 42
1787903715.285669,34680,021d,12,2F 87 83 43 0F 21 85 42 00 00 6C 42
1787903715.296767,34680,021e,12,B8 40 86 43 A8 0F 75 42 00 00 70 42
1787903715.308849,34680,021f,12,D1 54 89 43 16 11 5E 42 00 00 74 42
1787903715.321040,34680,0220,12,C1 B1 8C 43 87 31 46 42 00 00 78 42
1787903715.332288,34680,0221,12,32 44 90 43 69 64 2E 42 00 00 7C 42
1787903715.342829,34680,0222,12,99 F7 93 43 6B 9C 17 42 00 00 80 42
1787903715.354496,34680,0223,12,A3 B6 97 43 7E C2 02 42 00 00 82 42
1787903715.365575,34680,0224,12,E1 6B 9B 43 18 56 E1 41 00 00 84 42
1787903715.377260,34680,0225,12,F2 01 9F 43 22 1E C4 41 00 00 86 42
1787903715.388562,34680,0226,12,3B 64 A2 43 EA 06 AF 41 00 00 88 42
1787903715.399836,34680,0227,12,45 7F A5 43 9B E7 A2 41 00 00 8A 42
1787903715.411987,34680,0228,12,2D 41 A8 43 29 3C A0 41 00 00 8C 42
1787903715.423094,34680,0229,12,2C 9A AA 43 C7 1F A7 41 00 00 8E 42
1787903715.434822,34680,022a,12,B8 7C AC 43 02 4C B7 41 00 00 90 42
1787903715.445622,34680,022b,12,FA DD AD 43 D4 1B D0 41 00 00 92 42
1787903715.456300,34680,022c,12,04 B6 AE 43 5D 92 F0 41 00 00 94 42
1787903715.468249,34680,022d,12,FC FF AE 43 D6 B1 0B 42 00 00 96 42
1787903715.479393,34680,022e,12,3A BA AE 43 2C 82 21 42 00 00 98 42
1787903715.490262,34680,022f,12,4E E6 AD 43 21 DB 38 42 00 00 9A 42
1787903715.501491,34680,0230,12,F9 88 AC 43 A4 CE 50 42 00 00 9C 42
1787903715.512914,34680,0231,12,15 AA AA 43 7F 68 68 42 00 00 9E 42
1787903715.523889,34680,0232,12,6B 54 A8 43 5F B7 7E 42 00 00 A0 42
1787903715.535129,34680,0233,12,58 95 A5 43 02 6C 89 42 00 00 A2 42
1787903715.545821,34680,0234,12,AC 7C A2 43 51 FE 91 42 00 00 A4 42
1787903715.557995,34680,0235,12,36 1C 9F 43 3B BB 98 42 00 00 A6 42
1787903715.569274,34680,0236,12,5F 87 9B 43 06 5E 9D 42 00 00 A8 42
1787903715.580187,34680,0237,12,CC D2 97 43 4C B7 9F 42 00 00 AA 42
1787903715.591773,34680,0238,12,B0 13 94 43 1E AF 9F 42 00 00 AC 42
1787903715.602621,34680,0239,12,A3 5F 90 43 D1 45 9D 42 00 00 AE 42
1787903715.613242,34680,023a,12,EF CB 8C 43 03 94 98 42 00 00 B0 42
1787903715.625446,34680,023b,12,24 6D 89 43 8A C9 91 42 00 00 B2 42
1787903715.636871,34680,023c,12,AE 56 86 43 D6 2B 89 42 00 00 B4 42
1787903715.647560,34680,023d,12,38 9A 83 43 5A 25 7E 42 00 00 B6 42
1787903715.658411,34680,023e,12,88 47 81 43 9F CA 67 42 00 00 B8 42
1787903715.671223,34680,023f,12,F2 D7 7E 43 70 2B 50 42 00 00 BA 42
1787903715.682564,34680,0240,12,72 24 7C 43 A6 38 38 42 00 00 BC 42
1787903715.693146,34680,0241,12,1C 84 7A 43 20 E7 20 42 00 00 BE 42
1787903715.703955,34680,0242,12,3F 00 7A 43 68 24 0B 42 00 00 C0 42
1787903715.716681,34680,0243,12,D8 9B 7A 43 00 9E EF 41 00 00 C2 42
1787903715.727618,34680,0244,12,68 53 7C 43 FE 57 CF 41 00 00 C4 42
1787903715.739507,34680,0245,12,10 1D 7F 43 F6 BF B6 41 00 00 C6 42
1787903715.752066,34680,0246,12,5E 74 81 43 60 D1 A6 41 00 00 C8 42
1787903715.762715,34680,0247,12,58 D0 83 43 8A 2E A0 41 00 00 CA 42
1787903715.773660,34680,0248,12,E1 94 86 43 4C 1B A3 41 00 00 CC 42
1787903715.785667,34680,0249,12,10 B2 89 43 B2 79 AF 41 00 00 CE 42
1787903715.796764,34680,024a,12,FD 15 8D 43 C1 CB C4 41 00 00 D0 42
1787903715.809120,34680,024b,12,1D AD 90 43 78 37 E2 41 00 00 D2 42
1787903715.820519,34680,024c,12,E5 62 94 43 90 48 03 42 00 00 D4 42
1787903715.831689,34680,024d,12,F4 21 98 43 87 32 18 42 00 00 D6 42
1787903715.842432,34680,024e,12,C0 D4 9B 43 58 04 2F 42 00 00 D8 42
1787903715.853031,34680,024f,12,05 66 9F 43 5D D5 46 42 00 00 DA 42
1787903715.864198,34680,0250,12,37 C1 A2 43 0E B2 5E 42 00 00 DC 42
1787903715.876524,34680,0251,12,20 D3 A5 43 58 A7 75 42 00 00 DE 42
1787903715.890144,34680,0252,12,0E 8A A8 43 3E 65 85 42 00 00 E0 42
1787903715.902071,34680,0253,12,64 D6 AA 43 FD A1 8E 42 00 00 E2 42
1787903715.913646,34680,0254,12,EE AA AC 43 B5 2B 96 42 00 00 E4 42
1787903715.924475,34680,0255,12,22 FD AD 43 52 B5 9B 42 00 00 E6 42
1787903715.936843,34680,0256,12,6F C5 AE 43 6B 06 9F 42 00 00 E8 42
1787903715.947783,34680,0257,12,51 FF AE 43 16 FD 9F 42 00 00 EA 42
1787903715.960102,34680,0258,12,7C A9 AE 43 89 8F 9E 42 00 00 EC 42
1787903715.970940,34680,0259,12,DC C5 AD 43 4A CC 9A 42 00 00 EE 42
1787903715.982008,34680,025a,12,94 59 AC 43 D2 D9 94 42 00 00 A0 41
1787903715.993614,34680,025b,12,C9 6C AA 43 B7 F4 8C 42 00 00 A8 41
1787903716.005951,34680,025c,12,90 0A A8 43 B2 6D 83 42 00 00 B0 41
1787903716.016960,34680,025d,12,9E 40 A5 43 DE 4B 71 42 00 00 B8 41
1787903716.027720,34680,025e,12,FB 1E A2 43 A7 16 5A 42 00 00 C0 41
1787903716.039404,34680,025f,12,B3 B7 9E 43 0E 29 42 42 00 00 C8 41
1787903716.050889,34680,0260,12,42 1E 9B 43 D3 76 2A 42 00 00 D0 41
1787903716.062884,34680,0261,12,63 67 97 43 44 F2 13 42 00 00 D8 41
1787903716.074451,34680,0262,12,73 A8 93 43 E1 01 FF 41 00 00 E0 41
1787903716.085186,34680,0263,12,F9 F6 8F 43 A8 E6 DB 41 00 00 E8 41
1787903716.095931,34680,0264,12,3E 68 8C 43 D4 F9 BF 41 00 00 F0 41
1787903716.108522,34680,0265,12,9D 10 89 43 DE 57 AC 41 00 00 F8 41
1787903716.120341,34680,0266,12,5B 03 86 43 82 C9 A1 41 00 00 00 42
1787903716.131325,34680,0267,12,03 52 83 43 41 BA A0 41 00 00 04 42
1787903716.142452,34680,0268,12,10 0C 81 43 0D 35 A9 41 00 00 08 42
1787903716.153365,34680,0269,12,32 7D 7E 43 31 E3 BA 41 00 00 0C 42
1787903716.166428,34680,026a,12,DF E7 7B 43 91 10 D5 41 00 00 10 42
1787903716.178581,34680,026b,12,0E 67 7A 43 83 B1 F6 41 00 00 14 42
1787903716.189633,34680,026c,12,64 03 7A 43 86 37 0F 42 00 00 18 42
1787903716.201255,34680,026d,12,1E BF 7A 43 04 5A 25 42 00 00 1C 42
1787903716.213171,34680,026e,12,FD 95 7C 43 EA DD 3C 42 00 00 20 42
1787903716.223821,34680,026f,12,79 7D 7F 43 AA D3 54 42 00 00 24 42
1787903716.235361,34680,0270,12,6E B2 81 43 47 46 6C 42 00 00 28 42
1787903716.247423,34680,0271,12,DA 1A 84 43 58 23 81 42 00 00 2C 42
1787903716.258413,34680,0272,12,29 EA 86 43 44 FA 8A 42 00 00 30 42
1787903716.269586,34680,0273,12,28 10 8A 43 4C 43 93 42 00 00 34 42
1787903716.282710,34680,0274,12,D1 7A 8D 43 08 AA 99 42 00 00 38 42
1787903716.294150,34680,0275,12,77 16 91 43 05 ED 9D 42 00 00 3C 42
1787903716.306001,34680,0276,12,5B CE 94 43 D7 E0 9F 42 00 00 40 42
1787903716.316513,34680,0277,12,1C 8D 98 43 8D 71 9F 42 00 00 44 42
1787903716.327221,34680,0278,12,26 3D 9C 43 99 A3 9C 42 00 00 48 42
1787903716.338281,34680,0279,12,5E C9 9F 43 8C 93 97 42 00 00 4C 42
1787903716.349367,34680,027a,12,52 1D A3 43 2B 75 90 42 00 00 50 42
1787903716.360020,34680,027b,12,E0 25 A6 43 12 91 87 42 00 00 54 42
1787903716.374402,34680,027c,12,96 D1 A8 43 C8 83 7A 42 00 00 58 42
1787903716.385863,34680,027d,12,14 11 AB 43 12 E2 63 42 00 00 5C 42
1787903716.396271,34680,027e,12,7C D7 AC 43 91 23 4C 42 00 00 60 42
1787903716.406737,34680,027f,12,90 1A AE 43 0C 3B 34 42 00 00 64 42
1787903716.417401,34680,0280,12,10 D3 AE 43 49 1C 1D 42 00 00 68 42
1787903716.428173,34680,0281,12,D7 FC AE 43 0A B3 07 42 00 00 6C 42
1787903716.439005,34680,0282,12,F6 96 AE 43 7B B4 E9 41 00 00 70 42
1787903716.449832,34680,0283,12,B5 A3 AD 43 06 A4 CA 41 00 00 74 42
1787903716.461459,34680,0284,12,8B 28 AC 43 5D 71 B3 41 00 00 78 42
1787903716.473494,34680,0285,12,FC 2D AA 43 28 0A A5 41 00 00 7C 42
1787903716.484375,34680,0286,12,68 BF A7 43 DC 00 A0 41 00 00 80 42
1787903716.495320,34680,0287,12,CA EA A4 43 E1 88 A4 41 00 00 82 42
1787903716.506680,34680,0288,12,74 C0 A1 43 F5 73 B2 41 00 00 84 42
1787903716.517219,34680,0289,12,83 52 9E 43 96 34 C9 41 00 00 86 42
1787903716.528076,34680,028a,12,B9 B4 9A 43 AB E1 E7 41 00 00 88 42
1787903716.538907,34680,028b,12,E1 FB 96 43 40 A1 06 42 00 00 8A 42
1787903716.550084,34680,028c,12,61 3D 93 43 D0 EC 1B 42 00 00 8C 42
1787903716.561226,34680,028d,12,CB 8E 8F 43 2E FA 32 42 00 00 8E 42
1787903716.572536,34680,028e,12,33 05 8C 43 92 DE 4A 42 00 00 90 42
1787903716.583328,34680,028f,12,FB B4 88 43 36 A5 62 42 00 00 92 42
1787903716.594573,34680,0290,12,30 B1 85 43 EC 5B 79 42 00 00 94 42
1787903716.606533,34680,0291,12,28 0B 83 43 72 0D 87 42 00 00 96 42
1787903716.617607,34680,0292,12,23 D2 80 43 34 07 90 42 00 00 98 42
1787903716.628654,34680,0293,12,B3 25 7E 43 BE 3F 97 42 00 00 9A 42
1787903716.639796,34680,0294,12,C0 AE 7B 43 1A 6D 9C 42 00 00 9C 42
1787903716.650548,34680,0295,12,97 4D 7A 43 98 5A 9F 42 00 00 9E 42
1787903716.661462,34680,0296,12,28 0A 7A 43 58 EA 9F 42 00 00 A0 42
1787903716.674165,34680,0297,12,F1 E5 7A 43 9F 16 9E 42 00 00 A2 42
1787903716.685507,34680,0298,12,08 DC 7C 43 F8 F1 99 42 00 00 A4 42
1787903716.697022,34680,0299,12,27 E1 7F 43 D6 A6 93 42 00 00 A6 42
1787903716.708334,34680,029a,12,F7 F1 81 43 62 75 8B 42 00 00 A8 42
1787903716.719865,34680,029b,12,A8 66 84 43 3D B1 81 42 00 00 AA 42
1787903716.730742,34680,029c,12,7E 40 87 43 20 7C 6D 42 00 00 AC 42
1787903716.741560,34680,029d,12,28 6F 8A 43 C0 16 56 42 00 00 AE 42
1787903716.753053,34680,029e,12,50 E0 8D 43 09 22 3E 42 00 00 B0 42
1787903716.764762,34680,029f,12,2D 80 91 43 06 92 26 42 00 00 B2 42
1787903716.776639,34680,02a0,12,E8 39 95 43 2E 57 10 42 00 00 B4 42
1787903716.787842,34680,02a1,12,09 F8 98 43 BD A8 F8 41 00 00 B6 42
1787903716.798500,34680,02a2,12,26 A5 9C 43 0F AB D6 41 00 00 B8 42
1787903716.810427,34680,02a3,12,0E 2C A0 43 86 11 BC 41 00 00 BA 42
1787903716.821825,34680,02a4,12,7A 78 A3 43 E1 EA A9 41 00 00 BC 42
1787903716.832897,34680,02a5,12,74 77 A6 43 5D F0 A0 41 00 00 BE 42
1787903716.844002,34680,02a6,12,BA 17 A9 43 9C 7D A1 41 00 00 C0 42
1787903716.854920,34680,02a7,12,44 4A AB 43 47 8D AB 41 00 00 C2 42
1787903716.867419,34680,02a8,12,67 02 AD 43 4A B8 BE 41 00 00 C4 42
1787903716.878482,34680,02a9,12,40 36 AE 43 22 3B DA 41 00 00 C6 42
1787903716.889039,34680,02aa,12,E6 DE AE 43 09 FD FC 41 00 00 C8 42
1787903716.899687,34680,02ab,12,8E F8 AE 43 A4 CD 12 42 00 00 CA 42
1787903716.912431,34680,02ac,12,A7 82 AE 43 1F 3C 29 42 00 00 CC 42
1787903716.924035,34680,02ad,12,D5 7F AD 43 29 E4 40 42 00 00 CE 42
1787903716.934695,34680,02ae,12,E8 F5 AB 43 BF D4 58 42 00 00 D0 42
1787903716.946045,34680,02af,12,B8 ED A9 43 90 19 70 42 00 00 D2 42
1787903716.957455,34680,02b0,12,FF 72 A7 43 91 E2 82 42 00 00 D4 42
1787903716.969006,34680,02b1,12,EB 93 A4 43 53 7D 8C 42 00 00 D6 42
1787903716.979766,34680,02b2,12,08 61 A1 43 AA 7A 94 42 00 00 D8 42
1787903716.992746,34680,02b3,12,B8 EC 9D 43 3E 89 9A 42 00 00 DA 42
1787903717.004586,34680,02b4,12,D9 4A 9A 43 3F 6B 9E 42 00 00 DC 42
1787903717.015284,34680,02b5,12,59 90 96 43 0D F9 9F 42 00 00 DE 42
1787903717.027397,34680,02b6,12,8E D2 92 43 C2 22 9F 42 00 00 E0 42
1787903717.037942,34680,02b7,12,08 27 8F 43 F1 F0 9B 42 00 00 E2 42
1787903717.048944,34680,02b8,12,E1 A2 8B 43 36 84 96 42 00 00 E4 42
1787903717.059289,34680,02b9,12,4F 5A 88 43 EE 13 8F 42 00 00 E6 42
1787903717.075629,34680,02ba,12,3D 60 85 43 03 EC 85 42 00 00 E8 42
1787903717.086251,34680,02bb,12,B4 C5 82 43 5F D3 76 42 00 00 EA 42
1787903717.096992,34680,02bc,12,B7 99 80 43 39 F1 5F 42 00 00 EC 42
1787903717.108417,34680,02bd,12,86 D1 7D 43 BA 1A 48 42 00 00 EE 42
1787903717.120043,34680,02be,12,20 79 7B 43 2B 43 30 42 00 00 A0 41
1787903717.130835,34680,02bf,12,BC 37 7A 43 DD 5D 19 42 00 00 A8 41
1787903717.141806,34680,02c0,12,88 14 7A 43 18 54 04 42 00 00 B0 41
1787903717.153281,34680,02c1,12,56 10 7B 43 C5 FA E3 41 00 00 B8 41
1787903717.164652,34680,02c2,12,7E 25 7D 43 ED 28 C6 41 00 00 C0 41
1787903717.175277,34680,02c3,12,03 24 80 43 FB 62 B0 41 00 00 C8 41
1787903717.187027,34680,02c4,12,EC 32 82 43 24 87 A3 41 00 00 D0 41
1787903717.198940,34680,02c5,12,B4 B3 84 43 AC 18 A0 41 00 00 D8 41
1787903717.209599,34680,02c6,12,EF 97 87 43 B8 3A A6 41 00 00 E0 41
1787903717.220586,34680,02c7,12,FE CE 8A 43 8B AE B5 41 00 00 E8 41
1787903717.232411,34680,02c8,12,65 46 8E 43 6E D6 CD 41 00 00 F0 41
1787903717.243241,34680,02c9,12,29 EA 91 43 DE BB ED 41 00 00 F8 41
1787903717.254628,34680,02ca,12,76 A5 95 43 10 0D 0A 42 00 00 00 42
1787903717.265278,34680,02cb,12,CC 62 99 43 13 B4 1F 42 00 00 04 42
1787903717.277302,34680,02cc,12,AA 0C 9D 43 56 F6 36 42 00 00 08 42
1787903717.288273,34680,02cd,12,00 8E A0 43 7A E6 4E 42 00 00 0C 42
1787903717.298881,34680,02ce,12,9E D2 A3 43 33 90 66 42 00 00 10 42
1787903717.310972,34680,02cf,12,CE C7 A6 43 6C 02 7D 42 00 00 14 42
1787903717.322269,34680,02d0,12,84 5C A9 43 9A AB 88 42 00 00 18 42
1787903717.332857,34680,02d1,12,EA 81 AB 43 BF 5F 91 42 00 00 1C 42
1787903717.344021,34680,02d2,12,A8 2B AD 43 D3 44 98 42 00 00 20 42
1787903717.354521,34680,02d3,12,2C 50 AE 43 78 14 9D 42 00 00 24 42
1787903717.366450,34680,02d4,12,ED E8 AE 43 9A 9D 9F 42 00 00 28 42
1787903717.379035,34680,02d5,12,76 F2 AE 43 40 C6 9F 42 00 00 2C 42
1787903717.390892,34680,02d6,12,91 6C AE 43 DD 8C 9D 42 00 00 30 42
1787903717.401713,34680,02d7,12,41 5A AD 43 24 08 99 42 00 00 34 42
1787903717.413262,34680,02d8,12,B3 C1 AB 43 33 66 92 42 00 00 38 42
1787903717.424679,34680,02d9,12,0B AC A9 43 8B EA 89 42 00 00 3C 42
1787903717.435615,34680,02da,12,4A 25 A7 43 28 D8 7F 42 00 00 40 42
1787903717.446601,34680,02db,12,F4 3B A4 43 4E A1 69 42 00 00 44 42
1787903717.457604,34680,02dc,12,C9 00 A1 43 3C 13 52 42 00 00 48 42
1787903717.468951,34680,02dd,12,67 86 9D 43 57 1E 3A 42 00 00 4C 42
1787903717.480027,34680,02de,12,B6 E0 99 43 AC B6 22 42 00 00 50 42
1787903717.491498,34680,02df,12,BA 24 96 43 00 CC 0C 42 00 00 54 42
1787903717.502002,34680,02e0,12,EA 67 92 43 0F 7B F2 41 00 00 58 42
1787903717.512868,34680,02e1,12,C5 BF 8E 43 B3 A5 D1 41 00 00 5C 42
1787903717.524467,34680,02e2,12,5A 41 8B 43 00 67 B8 41 00 00 60 42
1787903717.535004,34680,02e3,12,AA 00 88 43 5F C0 A7 41 00 00 64 42
1787903717.545860,34680,02e4,12,74 10 85 43 65 5C A0 41 00 00 68 42
1787903717.556476,34680,02e5,12,9D 81 82 43 13 86 A2 41 00 00 6C 42
1787903717.567487,34680,02e6,12,D9 62 80 43 58 27 AE 41 00 00 70 42
1787903717.578057,34680,02e7,12,BA 80 7D 43 83 C9 C2 41 00 00 74 42
1787903717.590010,34680,02e8,12,0A 47 7B 43 A2 9A DF 41 00 00 78 42
1787903717.601606,34680,02e9,12,78 25 7A 43 C0 B9 01 42 00 00 7C 42
1787903717.612555,34680,02ea,12,87 22 7A 43 60 73 16 42 00 00 80 42
1787903717.623805,34680,02eb,12,47 3E 7B 43 AE 26 2D 42 00 00 82 42
1787903717.635075,34680,02ec,12,4F 72 7D 43 FE EB 44 42 00 00 84 42
1787903717.646145,34680,02ed,12,02 59 80 43 2F D1 5C 42 00 00 86 42
1787903717.657794,34680,02ee,12,58 75 82 43 74 E1 73 42 00 00 88 42
1787903717.669481,34680,02ef,12,08 02 85 43 F2 98 84 42 00 00 8A 42
1787903717.681304,34680,02f0,12,6A F0 87 43 7E F4 8D 42 00 00 8C 42
1787903717.692483,34680,02f1,12,98 2F 8B 43 DC A3 95 42 00 00 8E 42
1787903717.703104,34680,02f2,12,FD AC 8E 43 B6 58 9B 42 00 00 90 42
1787903717.713742,34680,02f3,12,7D 54 92 43 96 D8 9E 42 00 00 92 42
1787903717.725869,34680,02f4,12,17 11 96 43 E7 FF 9F 42 00 00 94 42
1787903717.736390,34680,02f5,12,4F CD 99 43 E3 C2 9E 42 00 00 96 42
1787903717.748172,34680,02f6,12,9F 73 9D 43 2D 2E 9B 42 00 00 98 42
1787903717.759844,34680,02f7,12,24 EF A0 43 2F 66 95 42 00 00 9A 42
1787903717.771246,34680,02f8,12,CC 2B A4 43 23 A6 8D 42 00 00 9C 42
1787903717.782985,34680,02f9,12,FA 16 A7 43 09 3D 84 42 00 00 9E 42
1787903717.793795,34680,02fa,12,E8 9F A9 43 D7 15 73 42 00 00 A0 42
1787903717.804738,34680,02fb,12,FA B7 AB 43 E7 F9 5B 42 00 00 A2 42
1787903717.816368,34680,02fc,12,37 53 AD 43 A0 11 44 42 00 00 A4 42
1787903717.828234,34680,02fd,12,59 68 AE 43 EE 51 2C 42 00 00 A6 42
1787903717.839086,34680,02fe,12,28 F1 AE 43 BA AC 15 42 00 00 A8 42
1787903717.849870,34680,02ff,12,8F EA AE 43 20 09 01 42 00 00 AA 42
1787903717.861369,34680,0300,12,BA 54 AE 43 82 73 DE 41 00 00 AC 42
1787903717.873244,34680,0301,12,00 33 AD 43 48 E8 C1 41 00 00 AE 42
1787903717.884470,34680,0302,12,E6 8B AB 43 FC 94 AD 41 00 00 B0 42
1787903717.895487,34680,0303,12,EA 68 A9 43 6B 48 A2 41 00 00 B2 42
1787903717.906293,34680,0304,12,57 D6 A6 43 E6 75 A0 41 00 00 B4 42
1787903717.916903,34680,0305,12,00 E3 A3 43 06 30 A8 41 00 00 B6 42
1787903717.927681,34680,0306,12,CA 9F A0 43 5A 28 B9 41 00 00 B8 42
1787903717.939823,34680,0307,12,7E 1F 9D 43 08 B1 D2 41 00 00 BA 42
1787903717.950973,34680,0308,12,3F 76 99 43 B9 C5 F3 41 00 00 BC 42
1787903717.961588,34680,0309,12,18 B9 95 43 67 8A 0D 42 00 00 BE 42
1787903717.972421,34680,030a,12,95 FD 91 43 8F 86 23 42 00 00 C0 42
1787903717.983367,34680,030b,12,13 59 8E 43 6C F7 3A 42 00 00 C2 42
1787903717.994056,34680,030c,12,90 E0 8A 43 DB EC 52 42 00 00 C4 42
1787903718.005894,34680,030d,12,FF A7 87 43 CA 72 6A 42 00 00 C6 42
1787903718.017329,34680,030e,12,E6 C1 84 43 94 4C 80 42 00 00 C8 42
1787903718.029401,34680,030f,12,F6 3E 82 43 F4 3E 8A 42 00 00 CA 42
1787903718.040598,34680,0310,12,91 2D 80 43 27 AB 92 42 00 00 CC 42
1787903718.051097,34680,0311,12,42 33 7D 43 E4 3A 99 42 00 00 CE 42
1787903718.062690,34680,0312,12,74 18 7B 43 62 AB 9D 42 00 00 D0 42
1787903718.074975,34680,0313,12,D1 16 7A 43 53 CF 9F 42 00 00 D2 42
1787903718.086281,34680,0314,12,20 34 7A 43 DE 90 9F 42 00 00 D4 42
1787903718.096890,34680,0315,12,B9 6F 7B 43 70 F2 9C 42 00 00 D6 42
1787903718.108229,34680,0316,12,87 C2 7D 43 DA 0E 98 42 00 00 D8 42
1787903718.119817,34680,0317,12,97 8F 80 43 FC 17 91 42 00 00 DA 42
1787903718.131031,34680,0318,12,2E B9 82 43 E8 54 88 42 00 00 DC 42
1787903718.142070,34680,0319,12,8F 51 85 43 17 3E 7C 42 00 00 DE 42
1787903718.153240,34680,031a,12,E0 49 88 43 BF BC 65 42 00 00 E0 42
1787903718.164876,34680,031b,12,06 91 8B 43 56 0C 4E 42 00 00 E2 42
1787903718.175416,34680,031c,12,28 14 8F 43 33 1E 36 42 00 00 E4 42
1787903718.186027,34680,031d,12,16 BF 92 43 90 E6 1E 42 00 00 E6 42
1787903718.196520,34680,031e,12,AB 7C 96 43 5E 52 09 42 00 00 E8 42
1787903718.207324,34680,031f,12,80 37 9A 43 FE 7A EC 41 00 00 EA 42
1787903718.217844,34680,0320,12,17 DA 9D 43 DF D6 CC 41 00 00 EC 42
1787903718.230244,34680,0321,12,89 4F A1 43 7B FA B4 41 00 00 EE 42
1787903718.240685,34680,0322,12,F4 83 A4 43 56 D9 A5 41 00 00 A0 41
1787903718.250956,34680,0323,12,E1 64 A7 43 D8 0D A0 41 00 00 A8 41
1787903718.261218,34680,0324,12,D8 E1 A9 43 4F D3 A3 41 00 00 B0 41
1787903718.271634,34680,0325,12,7F EC AB 43 1A 03 B1 41 00 00 B8 41
1787903718.282137,34680,0326,12,1A 79 AD 43 9E 16 C7 41 00 00 C0 41
1787903718.292794,34680,0327,12,C2 7E AE 43 8F 2C E5 41 00 00 C8 41
1787903718.303855,34680,0328,12,93 F7 AE 43 F1 08 05 42 00 00 D0 41
1787903718.314843,34680,0329,12,DC E0 AE 43 74 27 1A 42 00 00 D8 41
1787903718.325494,34680,032a,12,1D 3B AE 43 76 19 31 42 00 00 E0 41
1787903718.336365,34680,032b,12,0E 0A AD 43 30 F5 48 42 00 00 E8 41
1787903718.347950,34680,032c,12,88 54 AB 43 22 C7 60 42 00 00 F0 41
1787903718.358590,34680,032d,12,69 24 A9 43 36 9C 77 42 00 00 F8 41
1787903718.369529,34680,032e,12,35 86 A6 43 E4 45 86 42 00 00 00 42
1787903718.380123,34680,032f,12,00 89 A3 43 AF 5F 8F 42 00 00 04 42
1787903718.390496,34680,0330,12,FA 3D A0 43 D2 BE 96 42 00 00 08 42
1787903718.400988,34680,0331,12,11 B8 9C 43 12 18 9C 42 00 00 0C 42
1787903718.411431,34680,0332,12,93 0B 99 43 D9 34 9F 42 00 00 10 42
1787903718.426291,34680,0333,12,88 4D 95 43 61 F5 9F 42 00 00 14 42
1787903718.436809,34680,0334,12,7E 93 91 43 F6 51 9E 42 00 00 18 42
1787903718.447381,34680,0335,12,E4 F2 8D 43 59 5B 9A 42 00 00 1C 42
1787903718.459457,34680,0336,12,93 80 8A 43 FE 39 94 42 00 00 20 42
1787903718.470029,34680,0337,12,67 50 87 43 74 2C 8C 42 00 00 24 42
1787903718.485968,34680,0338,12,A0 74 84 43 B8 84 82 42 00 00 28 42
1787903718.496575,34680,0339,12,B6 FD 81 43 66 4B 6F 42 00 00 2C 42
1787903718.507462,34680,033a,12,AE F3 7F 43 56 FC 57 42 00 00 30 42
1787903718.518496,34680,033b,12,2E E9 7C 43 21 0A 40 42 00 00 34 42
1787903718.530016,34680,033c,12,6E ED 7A 43 2A 69 28 42 00 00 38 42
1787903718.540790,34680,033d,12,C8 0B 7A 43 2A 0A 12 42 00 00 3C 42
1787903718.584027,34680,033e,12,55 49 7A 43 A2 A4 FB 41 00 00 40 42
1787903718.596288,34680,033f,12,B4 A4 7B 43 02 1F D9 41 00 00 44 42
1787903718.611438,34680,0340,12,18 16 7E 43 C6 E3 BD 41 00 00 48 42
1787903718.629820,34680,0341,12,B4 C7 80 43 D6 08 AB 41 00 00 4C 42
1787903718.643282,34680,0342,12,61 FE 82 43 89 4E A1 41 00 00 50 42
1787903718.655116,34680,0343,12,54 A2 85 43 85 18 A1 41 00 00 54 42
1787903718.665584,34680,0344,12,5E A4 88 43 AB 68 AA 41 00 00 58 42
1787903718.677994,34680,0345,12,36 F3 8B 43 EE DF BC 41 00 00 5C 42
1787903718.688538,34680,0346,12,C8 7B 8F 43 DC C1 D7 41 00 00 60 42
1787903718.699444,34680,0347,12,DE 29 93 43 D2 FC F9 41 00 00 64 42
1787903718.709936,34680,0348,12,42 E8 96 43 14 19 11 42 00 00 68 42
1787903718.720418,34680,0349,12,6F A1 9A 43 0D 64 27 42 00 00 6C 42
1787903718.730843,34680,034a,12,FD 3F 9E 43 D2 FB 3E 42 00 00 70 42
1787903718.741272,34680,034b,12,11 AF A1 43 9B EF 56 42 00 00 74 42
1787903718.752730,34680,034c,12,04 DB A4 43 68 4B 6E 42 00 00 78 42
1787903718.768964,34680,034d,12,8E B1 A7 43 F6 0F 82 42 00 00 7C 42
1787903718.779493,34680,034e,12,5F 22 AA 43 6A C7 8B 42 00 00 80 42
1787903718.790126,34680,034f,12,6D 1F AC 43 E7 E8 93 42 00 00 82 42
1787903718.802106,34680,0350,12,46 9D AD 43 70 21 9A 42 00 00 84 42
1787903718.819662,34680,0351,12,62 93 AE 43 99 31 9E 42 00 00 86 42
1787903718.830432,34680,0352,12,31 FC AE 43 C1 EF 9F 42 00 00 88 42
1787903718.841242,34680,0353,12,5B D5 AE 43 38 4A 9F 42 00 00 8A 42
1787903718.851793,34680,0354,12,BF 1F AE 43 9A 47 9C 42 00 00 8C 42
1787903718.862456,34680,0355,12,75 DF AC 43 9C 06 97 42 00 00 8E 42
1787903718.873117,34680,0356,12,A7 1B AB 43 B6 BC 8F 42 00 00 90 42
1787903718.883966,34680,0357,12,7D DE A8 43 92 B4 86 42 00 00 92 42
1787903718.895109,34680,0358,12,D8 34 A6 43 7B 94 78 42 00 00 94 42
1787903718.907330,34680,0359,12,10 2E A3 43 09 D0 61 42 00 00 96 42
1787903718.918568,34680,035a,12,6C DB 9F 43 27 04 4A 42 00 00 98 42
1787903718.929756,34680,035b,12,34 50 9C 43 3C 23 32 42 00 00 9A 42
1787903718.943138,34680,035c,12,97 A0 98 43 E8 21 1B 42 00 00 9C 42
1787903718.960619,34680,035d,12,F8 E1 94 43 7A EA 05 42 00 00 9E 42
1787903718.971219,34680,035e,12,C5 29 91 43 F2 AA E6 41 00 00 A0 42
1787903718.981789,34680,035f,12,49 8D 8D 43 15 41 C8 41 00 00 A2 42
1787903718.992863,34680,0360,12,77 21 8A 43 62 CD B1 41 00 00 A4 42
1787903719.003843,34680,0361,12,CC F9 86 43 DE 35 A4 41 00 00 A6 42
1787903719.014841,34680,0362,12,96 28 84 43 BA 04 A0 41 00 00 A8 42
1787903719.025499,34680,0363,12,F1 BD 81 43 BE 64 A5 41 00 00 AA 42
1787903719.036214,34680,0364,12,6B 8F 7F 43 10 1F B4 41 00 00 AC 42
1787903719.046717,34680,0365,12,8A A2 7C 43 E9 9D CB 41 00 00 AE 42
1787903719.057498,34680,0366,12,EC C5 7A 43 97 F0 EA 41 00 00 B0 42
1787903719.068513,34680,0367,12,5B 04 7A 43 E8 6B 08 42 00 00 B2 42
1787903719.079264,34680,0368,12,21 62 7A 43 60 E8 1D 42 00 00 B4 42
1787903719.090261,34680,0369,12,31 DD 7B 43 6B 12 35 42 00 00 B6 42
1787903719.100804,34680,036a,12,F2 6C 7E 43 1A FE 4C 42 00 00 B8 42
1787903719.111582,34680,036b,12,67 01 81 43 5F B6 64 42 00 00 BA 42
1787903719.122615,34680,036c,12,FC 44 83 43 9D 49 7B 42 00 00 BC 42
1787903719.133633,34680,036d,12,3E F4 85 43 B8 E8 87 42 00 00 BE 42
1787903719.145195,34680,036e,12,D4 FF 88 43 28 BE 90 42 00 00 C0 42
1787903729.153651,34680,0370,12,14 56 8C 43 16 CB 97 42 00 00 C2 42
1787903729.161894,34680,0371,12,F9 E3 8F 43 46 C7 9C 42 00 00 C4 42
1787903729.172420,34680,0372,12,E7 94 93 43 02 80 9F 42 00 00 C6 42
1787903729.183083,34680,0373,12,BC 53 97 43 82 D9 9F 42 00 00 C8 42
1787903729.193645,34680,0374,12,08 0B 9B 43 34 D0 9D 42 00 00 CA 42
1787903729.206521,34680,0375,12,3E A5 9E 43 C7 78 99 42 00 00 CC 42
1787903729.218164,34680,0376,12,D6 0D A2 43 B3 FF 92 42 00 00 CE 42
1787903729.230099,34680,0377,12,0B 31 A5 43 F8 A6 8A 42 00 00 D0 42
1787903729.240660,34680,0378,12,EB FC A7 43 C6 C3 80 42 00 00 D2 42
1787903729.251837,34680,0379,12,71 61 AA 43 07 76 6B 42 00 00 D4 42
1787903729.262519,34680,037a,12,BC 50 AC 43 24 FA 53 42 00 00 D6 42
1787903729.273159,34680,037b,12,C5 BF AD 43 78 04 3C 42 00 00 D8 42
1787903729.283570,34680,037c,12,3C A6 AE 43 16 89 24 42 00 00 DA 42
1787903729.294001,34680,037d,12,00 FF AE 43 A4 77 0E 42 00 00 DC 42
1787903729.305521,34680,037e,12,0E C8 AE 43 B3 62 F5 41 00 00 DE 42
1787903729.315904,34680,037f,12,A5 02 AE 43 79 FF D3 41 00 00 E0 42
1787903729.326677,34680,0380,12,2A B3 AC 43 A1 1B BA 41 00 00 E2 42
1787903729.337065,34680,0381,12,37 E1 AA 43 B0 BE A8 41 00 00 E4 42
1787903729.347595,34680,0382,12,3C 97 A8 43 D7 99 A0 41 00 00 E6 42
1787903729.358108,34680,0383,12,4E E2 A5 43 35 00 A2 41 00 00 E8 42
1787903729.368590,34680,0384,12,21 D2 A2 43 CD E3 AC 41 00 00 EA 42
1787903729.379031,34680,0385,12,28 78 9F 43 12 D5 C0 41 00 00 EC 42
1787903729.389693,34680,0386,12,D5 E7 9B 43 9D 08 DD 41 00 00 EE 42
1787903729.400601,34680,0387,12,8F 35 98 43 4E 2F 00 42 00 00 A0 41
1787903729.411174,34680,0388,12,7D 76 94 43 3A B7 14 42 00 00 A8 41
1787903729.421900,34680,0389,12,5A C0 90 43 FC 4A 2B 42 00 00 B0 41
1787903729.432624,34680,038a,12,4B 28 8D 43 4B 03 43 42 00 00 B8 41
1787903729.442887,34680,038b,12,2B C3 89 43 7F EE 5A 42 00 00 C0 41
1787903729.453441,34680,038c,12,64 A4 86 43 7F 18 72 42 00 00 C8 41
1787903729.463925,34680,038d,12,D6 DD 83 43 70 CA 83 42 00 00 D0 41
1787903729.474480,34680,038e,12,9B 7F 81 43 5C 44 8D 42 00 00 D8 41
1787903729.485215,34680,038f,12,5F 2E 7F 43 EC 18 95 42 00 00 E0 41
1787903729.495847,34680,0390,12,4D 5F 7C 43 6C F8 9A 42 00 00 E8 41
1787903729.506607,34680,0391,12,07 A2 7A 43 E9 A6 9E 42 00 00 F0 41
1787903729.517450,34680,0392,12,8D 00 7A 43 D3 FE 9F 42 00 00 F8 41
1787903729.528473,34680,0393,12,88 7E 7A 43 67 F2 9E 42 00 00 00 42
1787903729.539064,34680,0394,12,29 19 7C 43 64 8C 9B 42 00 00 04 42
1787903729.549739,34680,0395,12,24 C7 7E 43 79 EF 95 42 00 00 08 42
1787903729.561898,34680,0396,12,8B 3C 81 43 F0 54 8E 42 00 00 0C 42
1787903729.572705,34680,0397,12,F2 8C 83 43 60 0A 85 42 00 00 10 42
1787903729.583345,34680,0398,12,5C 47 86 43 CD DC 74 42 00 00 14 42
1787903729.594129,34680,0399,12,3B 5C 89 43 64 DB 5D 42 00 00 18 42
1787903729.604764,34680,039a,12,B0 B9 8C 43 EC FA 45 42 00 00 1C 42
1787903729.615719,34680,039b,12,77 4C 90 43 10 2F 2E 42 00 00 20 42
1787903729.626836,34680,039c,12,1D 00 94 43 AC 6A 17 42 00 00 24 42
1787903729.637734,34680,039d,12,2A BF 97 43 BA 95 02 42 00 00 28 42
1787903729.648730,34680,039e,12,44 74 9B 43 41 0B E1 41 00 00 2C 42
1787903729.659117,34680,039f,12,EB 09 9F 43 96 E4 C3 41 00 00 30 42
1787903729.669761,34680,03a0,12,9B 6B A2 43 F6 E0 AE 41 00 00 34 42
1787903729.680182,34680,03a1,12,F9 85 A5 43 D4 D6 A2 41 00 00 38 42
1787903729.690662,34680,03a2,12,03 47 A8 43 1D 41 A0 41 00 00 3C 42
1787903729.701097,34680,03a3,12,09 9F AA 43 4A 3A A7 41 00 00 40 42
1787903729.711961,34680,03a4,12,72 80 AC 43 0B 7B B7 41 00 00 44 42
1787903729.722487,34680,03a5,12,80 E0 AD 43 82 5D D0 41 00 00 48 42
1787903729.735133,34680,03a6,12,4E B7 AE 43 B9 E3 F0 41 00 00 4C 42
1787903729.745579,34680,03a7,12,FF FF AE 43 49 E1 0B 42 00 00 50 42
1787903729.756059,34680,03a8,12,F5 B8 AE 43 EA B5 21 42 00 00 54 42
1787903729.767812,34680,03a9,12,CA E3 AD 43 50 11 39 42 00 00 58 42
1787903729.778496,34680,03aa,12,4A 85 AC 43 1B 05 51 42 00 00 5C 42
1787903729.789889,34680,03ab,12,45 A5 AA 43 D8 9C 68 42 00 00 60 42
1787903729.800404,34680,03ac,12,9A 4E A8 43 2A E8 7E 42 00 00 64 42
1787903729.810860,34680,03ad,12,9E 8E A5 43 57 81 89 42 00 00 68 42
1787903729.823095,34680,03ae,12,44 75 A2 43 D5 0F 92 42 00 00 6C 42
1787903729.833623,34680,03af,12,4C 14 9F 43 3D C8 98 42 00 00 70 42
1787903729.844439,34680,03b0,12,0A 7F 9B 43 F8 65 9D 42 00 00 74 42
1787903729.854870,34680,03b1,12,46 CA 97 43 F0 B9 9F 42 00 00 78 42
1787903729.865505,34680,03b2,12,1E 0B 94 43 4B AC 9F 42 00 00 7C 42
1787903729.875885,34680,03b3,12,50 57 90 43 A7 3D 9D 42 00 00 80 42
1787903729.886807,34680,03b4,12,09 C4 8C 43 D6 86 98 42 00 00 82 42
1787903729.902468,34680,03b5,12,C2 65 89 43 F3 B7 91 42 00 00 84 42
1787903729.913206,34680,03b6,12,06 50 86 43 4B 16 89 42 00 00 86 42
1787903729.924144,34680,03b7,12,67 94 83 43 97 F4 7D 42 00 00 88 42
1787903729.934795,34680,03b8,12,C1 42 81 43 F2 95 67 42 00 00 8A 42
1787903729.945216,34680,03b9,12,A8 D0 7E 43 F2 F4 4F 42 00 00 8C 42
1787903729.956094,34680,03ba,12,82 1F 7C 43 BF 02 38 42 00 00 8E 42
1787903729.967200,34680,03bb,12,AC 81 7A 43 48 B3 20 42 00 00 90 42
1787903729.978162,34680,03bc,12,5D 00 7A 43 5C F5 0A 42 00 00 92 42
1787903729.989501,34680,03bd,12,83 9E 7A 43 CF 4C EF 41 00 00 94 42
1787903730.001013,34680,03be,12,8A 58 7C 43 EF 16 CF 41 00 00 96 42
1787903730.012366,34680,03bf,12,9A 24 7F 43 D4 91 B6 41 00 00 98 42
1787903730.023399,34680,03c0,12,3D 79 81 43 83 B7 A6 41 00 00 9A 42
1787903730.034155,34680,03c1,12,3F D6 83 43 62 2A A0 41 00 00 9C 42
1787903730.045317,34680,03c2,12,9C 9B 86 43 E9 2C A3 41 00 00 9E 42
1787903730.055855,34680,03c3,12,76 B9 89 43 60 A0 AF 41 00 00 A0 42
1787903730.066468,34680,03c4,12,F9 1D 8D 43 B5 05 C5 41 00 00 A2 42
1787903730.077326,34680,03c5,12,77 B5 90 43 32 83 E2 41 00 00 A4 42
1787903730.090404,34680,03c6,12,79 6B 94 43 5E 75 03 42 00 00 A6 42
1787903730.101402,34680,03c7,12,77 2A 98 43 A4 64 18 42 00 00 A8 42
1787903730.112581,34680,03c8,12,03 DD 9B 43 C6 39 2F 42 00 00 AA 42
1787903730.123945,34680,03c9,12,F0 6D 9F 43 BE 0B 47 42 00 00 AC 42
1787903730.140964,34680,03ca,12,90 C8 A2 43 E8 E7 5E 42 00 00 AE 42
1787903730.155558,34680,03cb,12,C6 D9 A5 43 D6 D9 75 42 00 00 B0 42
1787903730.167886,34680,03cc,12,C8 8F A8 43 EA 7B 85 42 00 00 B2 42
1787903730.181501,34680,03cd,12,15 DB AA 43 30 B5 8E 42 00 00 B4 42
1787903730.193319,34680,03ce,12,88 AE AC 43 99 3A 96 42 00 00 B6 42
1787903730.206846,34680,03cf,12,88 FF AD 43 7C BF 9B 42 00 00 B8 42
1787903730.218851,34680,03d0,12,96 C6 AE 43 4C 0B 9F 42 00 00 BA 42
1787903730.230040,34680,03d1,12,30 FF AE 43 88 FC 9F 42 00 00 BC 42
1787903730.240803,34680,03d2,12,16 A8 AE 43 90 89 9E 42 00 00 BE 42
1787903730.251992,34680,03d3,12,36 C3 AD 43 31 C1 9A 42 00 00 C0 42
1787903730.263597,34680,03d4,12,BF 55 AC 43 E0 C9 94 42 00 00 C2 42
1787903730.274562,34680,03d5,12,D3 67 AA 43 BE E0 8C 42 00 00 C4 42
1787903730.286992,34680,03d6,12,A5 04 A8 43 6C 56 83 42 00 00 C6 42
1787903730.298158,34680,03d7,12,E2 39 A5 43 92 18 71 42 00 00 C8 42
1787903730.308940,34680,03d8,12,81 17 A2 43 E3 E0 59 42 00 00 CA 42
1787903730.321124,34680,03d9,12,B0 AF 9E 43 46 F2 41 42 00 00 CC 42
1787903730.331848,34680,03da,12,D8 15 9B 43 E7 41 2A 42 00 00 CE 42
1787903730.344555,34680,03db,12,DB 5E 97 43 13 C1 13 42 00 00 D0 42
1787903730.356128,34680,03dc,12,FD 9F 93 43 E5 AA FE 41 00 00 D2 42
1787903730.367583,34680,03dd,12,AE EE 8F 43 D7 9E DB 41 00 00 D4 42
1787903730.378336,34680,03de,12,5A 60 8C 43 34 C3 BF 41 00 00 D6 42
1787903730.389304,34680,03df,12,43 09 89 43 60 35 AC 41 00 00 D8 42
1787903730.400242,34680,03e0,12,CA FC 85 43 4C BC A1 41 00 00 DA 42
1787903730.412251,34680,03e1,12,5E 4C 83 43 DA C2 A0 41 00 00 DC 42
1787903730.423439,34680,03e2,12,68 07 81 43 FB 52 A9 41 00 00 DE 42
1787903730.434196,34680,03e3,12,20 76 7E 43 BA 15 BB 41 00 00 E0 42
1787903730.445723,34680,03e4,12,2E E3 7B 43 25 55 D5 41 00 00 E2 42
1787903730.457189,34680,03e5,12,E7 64 7A 43 9D 05 F7 41 00 00 E4 42
1787903730.468130,34680,03e6,12,CB 03 7A 43 A8 67 0F 42 00 00 E6 42
1787903730.479062,34680,03e7,12,12 C2 7A 43 19 8E 25 42 00 00 E8 42
1787903730.489635,34680,03e8,12,6D 9B 7C 43 88 14 3D 42 00 00 EA 42
1787903730.500828,34680,03e9,12,51 85 7F 43 F6 09 55 42 00 00 EC 42
1787903730.511613,34680,03ea,12,6C B7 81 43 53 7A 6C 42 00 00 EE 42
1787903730.522481,34680,03eb,12,CA 20 84 43 34 3B 81 42 00 00 A0 41
1787903730.533157,34680,03ec,12,FB F0 86 43 EC 0E 8B 42 00 00 A8 41
1787903730.543890,34680,03ed,12,AB 17 8A 43 2C 54 93 42 00 00 B0 41
1787903730.554695,34680,03ee,12,E6 82 8D 43 39 B6 99 42 00 00 B8 41
1787903730.565840,34680,03ef,12,D9 1E 91 43 1D F4 9D 42 00 00 C0 41
1787903730.581190,34680,03f0,12,D8 D6 94 43 8E E2 9F 42 00 00 C8 41
1787903730.592114,34680,03f1,12,9C 95 98 43 D5 6D 9F 42 00 00 D0 41
1787903730.603028,34680,03f2,12,6D 45 9C 43 86 9A 9C 42 00 00 D8 41
1787903730.614205,34680,03f3,12,47 D1 9F 43 93 85 97 42 00 00 E0 41
1787903730.625212,34680,03f4,12,98 24 A3 43 D0 62 90 42 00 00 E8 41
1787903730.636232,34680,03f5,12,5C 2C A6 43 10 7B 87 42 00 00 F0 41
1787903730.647069,34680,03f6,12,35 D7 A8 43 6E 52 7A 42 00 00 F8 41
1787903730.657816,34680,03f7,12,AD 15 AB 43 B6 AC 63 42 00 00 00 42
1787903730.668736,34680,03f8,12,F9 DA AC 43 FB EC 4B 42 00 00 04 42
1787903730.679617,34680,03f9,12,D4 1C AE 43 30 05 34 42 00 00 08 42
1787903730.690673,34680,03fa,12,10 D4 AE 43 4C E9 1C 42 00 00 0C 42
1787903730.701744,34680,03fb,12,91 FC AE 43 27 85 07 42 00 00 10 42
1787903730.712737,34680,03fc,12,6A 95 AE 43 74 65 E9 41 00 00 14 42
1787903730.723836,34680,03fd,12,E8 A0 AD 43 AF 65 CA 41 00 00 18 42
1787903730.734894,34680,03fe,12,95 24 AC 43 91 46 B3 41 00 00 1C 42
1787903730.745994,34680,03ff,12,F7 28 AA 43 14 F4 A4 41 00 00 20 42
1787903730.757174,34680,0400,12,62 B9 A7 43 62 00 A0 41 00 00 24 42
1787903730.768621,34680,0401,12,F7 E3 A4 43 32 9E A4 41 00 00 28 42
1787903730.779424,34680,0402,12,DD B8 A1 43 3B 9E B2 41 00 00 2C 42
1787903730.790268,34680,0403,12,73 4A 9E 43 9A 71 C9 41 00 00 30 42
1787903730.803755,34680,0404,12,60 AC 9A 43 5B 2F E8 41 00 00 34 42
1787903730.814578,34680,0405,12,57 F3 96 43 E2 CE 06 42 00 00 38 42
1787903730.825524,34680,0406,12,EF 34 93 43 D8 1F 1C 42 00 00 3C 42
1787903730.837193,34680,0407,12,7D 86 8F 43 31 30 33 42 00 00 40 42
1787903730.848680,34680,0408,12,5E FD 8B 43 EF 14 4B 42 00 00 44 42
1787903730.861110,34680,0409,12,C9 AD 88 43 3A DA 62 42 00 00 48 42
1787903730.872066,34680,040a,12,B7 AA 85 43 78 8D 79 42 00 00 4C 42
1787903730.887685,34680,040b,12,9F 05 83 43 B1 23 87 42 00 00 50 42
1787903730.899192,34680,040c,12,93 CD 80 43 D0 19 90 42 00 00 54 42
1787903730.911080,34680,040d,12,E5 1E 7E 43 DD 4D 97 42 00 00 58 42
1787903730.926000,34680,040e,12,63 AA 7B 43 52 76 9C 42 00 00 5C 42
1787903730.940342,34680,040f,12,B9 4B 7A 43 8C 5E 9F 42 00 00 60 42
1787903730.958704,34680,0410,12,D8 0A 7A 43 DD E8 9F 42 00 00 64 42
1787903730.969554,34680,0411,12,32 E9 7A 43 BB 0F 9E 42 00 00 68 42
1787903730.980151,34680,0412,12,BE E1 7C 43 0C E6 99 42 00 00 6C 42
1787903730.990973,34680,0413,12,28 E9 7F 43 4B 96 93 42 00 00 70 42
1787903731.002018,34680,0414,12,13 F7 81 43 E3 60 8B 42 00 00 74 42
1787903731.013104,34680,0415,12,B2 6C 84 43 65 99 81 42 00 00 78 42
1787903731.024106,34680,0416,12,70 47 87 43 01 48 6D 42 00 00 7C 42
1787903731.035192,34680,0417,12,BC 76 8A 43 BD E0 55 42 00 00 80 42
1787903731.046243,34680,0418,12,59 E8 8D 43 D8 EB 3D 42 00 00 82 42
1787903731.056933,34680,0419,12,95 88 91 43 CF 5D 26 42 00 00 84 42
1787903731.067665,34680,041a,12,66 42 95 43 9C 26 10 42 00 00 86 42
1787903731.083860,34680,041b,12,92 00 99 43 AA 53 F8 41 00 00 88 42
1787903731.095207,34680,041c,12,62 AD 9C 43 07 66 D6 41 00 00 8A 42
1787903731.106061,34680,041d,12,D0 33 A0 43 92 DE BB 41 00 00 8C 42
1787903731.116632,34680,041e,12,AC 7F A3 43 07 CC A9 41 00 00 8E 42
1787903731.127287,34680,041f,12,D8 7D A6 43 C5 E6 A0 41 00 00 90 42
1787903731.138018,34680,0420,12,46 1D A9 43 EA 89 A1 41 00 00 92 42
1787903731.149040,34680,0421,12,BE 4E AB 43 B5 AE AB 41 00 00 94 42
1787903731.159833,34680,0422,12,B8 05 AD 43 9D ED BE 41 00 00 96 42
1787903731.170805,34680,0423,12,60 38 AE 43 3A 82 DA 41 00 00 98 42
1787903731.182270,34680,0424,12,C1 DF AE 43 CE 53 FD 41 00 00 9A 42
1787903731.192887,34680,0425,12,22 F8 AE 43 D4 FE 12 42 00 00 9C 42
1787903731.204322,34680,0426,12,F7 80 AE 43 B2 70 29 42 00 00 9E 42
1787903731.215614,34680,0427,12,ED 7C AD 43 72 1A 41 42 00 00 A0 42
1787903731.227413,34680,0428,12,D1 F1 AB 43 95 0A 59 42 00 00 A2 42
1787903731.238520,34680,0429,12,96 E8 A9 43 3E 4D 70 42 00 00 A4 42
1787903731.249692,34680,042a,12,D6 6C A7 43 11 FA 82 42 00 00 A6 42
1787903731.260509,34680,042b,12,F9 8C A4 43 60 91 8C 42 00 00 A8 42
1787903731.271925,34680,042c,12,76 59 A1 43 AA 8A 94 42 00 00 AA 42
1787903731.282804,34680,042d,12,9D E4 9D 43 8E 94 9A 42 00 00 AC 42
1787903731.293786,34680,042e,12,7A 42 9A 43 7A 71 9E 42 00 00 AE 42
1787903731.304549,34680,042f,12,C1 87 96 43 DA F9 9F 42 00 00 B0 42
1787903731.315491,34680,0430,12,14 CA 92 43 23 1E 9F 42 00 00 B2 42
1787903731.327240,34680,0431,12,DD 1E 8F 43 16 E7 9B 42 00 00 B4 42
1787903731.338000,34680,0432,12,1B 9B 8B 43 85 75 96 42 00 00 B6 42
1787903731.348688,34680,0433,12,31 53 88 43 D2 00 8F 42 00 00 B8 42
1787903731.359726,34680,0434,12,D3 59 85 43 60 D5 85 42 00 00 BA 42
1787903731.378100,34680,0435,12,3F C0 82 43 48 A1 76 42 00 00 BC 42
1787903731.389302,34680,0436,12,54 95 80 43 ED BB 5F 42 00 00 BE 42
1787903731.400150,34680,0437,12,FB CA 7D 43 59 E4 47 42 00 00 C0 42
1787903731.410727,34680,0438,12,0A 75 7B 43 69 0D 30 42 00 00 C2 42
1787903731.421570,34680,0439,12,24 36 7A 43 58 2B 19 42 00 00 C4 42
1787903731.435956,34680,043a,12,83 15 7A 43 36 27 04 42 00 00 C6 42
1787903731.446954,34680,043b,12,D6 13 7B 43 FF AE E3 41 00 00 C8 42
1787903731.457495,34680,043c,12,78 2B 7D 43 29 EE C5 41 00 00 CA 42
1787903731.468294,34680,043d,12,24 28 80 43 3B 3B B0 41 00 00 CC 42
1787903731.479008,34680,043e,12,2D 38 82 43 80 74 A3 41 00 00 CE 42
1787903731.489701,34680,043f,12,E0 B9 84 43 DA 1B A0 41 00 00 D0 42
1787903731.500487,34680,0440,12,E1 9E 87 43 70 53 A6 41 00 00 D2 42
1787903731.512766,34680,0441,12,A3 D6 8A 43 CE DB B5 41 00 00 D4 42
1787903731.523882,34680,0442,12,7A 4E 8E 43 FE 16 CE 41 00 00 D6 42
1787903731.536113,34680,0443,12,A4 F2 91 43 C2 0C EE 41 00 00 D8 42
1787903731.548084,34680,0444,12,02 AE 95 43 AA 3B 0A 42 00 00 DA 42
1787903731.558785,34680,0445,12,37 6B 99 43 50 E7 1F 42 00 00 DC 42
1787903731.569581,34680,0446,12,DC 14 9D 43 2C 2C 37 42 00 00 DE 42
1787903731.580415,34680,0447,12,B4 95 A0 43 3C 1D 4F 42 00 00 E0 42
1787903731.594333,34680,0448,12,C6 D9 A3 43 3A C5 66 42 00 00 E2 42
1787903731.605113,34680,0449,12,23 CE A6 43 30 33 7D 42 00 00 E4 42
1787903731.616191,34680,044a,12,E3 61 A9 43 1C C1 88 42 00 00 E6 42
1787903731.628358,34680,044b,12,44 86 AB 43 85 71 91 42 00 00 E8 42
1787903731.639623,34680,044c,12,D8 2E AD 43 45 52 98 42 00 00 EA 42
1787903731.650671,34680,044d,12,2B 52 AE 43 E5 1C 9D 42 00 00 EC 42
1787903731.662122,34680,044e,12,A5 E9 AE 43 A6 A0 9F 42 00 00 EE 42
1787903731.673668,34680,044f,12,E7 F1 AE 43 DE C3 9F 42 00 00 A0 41
1787903731.684365,34680,0450,12,BD 6A AE 43 26 85 9D 42 00 00 A8 41
1787903731.697787,34680,0451,12,37 57 AD 43 4B FB 98 42 00 00 B0 41
1787903731.708607,34680,0452,12,76 BD AB 43 CB 54 92 42 00 00 B8 41
1787903731.719590,34680,0453,12,C4 A6 A9 43 74 D5 89 42 00 00 C0 41
1787903731.730353,34680,0454,12,1A 1F A7 43 00 A8 7F 42 00 00 C8 41
1787903731.741075,34680,0455,12,ED 34 A4 43 17 6D 69 42 00 00 D0 41
1787903731.751787,34680,0456,12,27 F9 A0 43 93 DC 51 42 00 00 D8 41
1787903731.762307,34680,0457,12,34 7E 9D 43 DE E7 39 42 00 00 E0 41
1787903731.772719,34680,0458,12,44 D8 99 43 FF 82 22 42 00 00 E8 41
1787903731.783927,34680,0459,12,3A 1C 96 43 B8 9C 0C 42 00 00 F0 41
1787903731.794658,34680,045a,12,75 5F 92 43 11 29 F2 41 00 00 F8 41
1787903731.811505,34680,045b,12,A3 B7 8E 43 F7 62 D1 41 00 00 00 42
1787903731.822173,34680,045c,12,98 39 8B 43 E6 36 B8 41 00 00 04 42
1787903731.832661,34680,045d,12,97 F9 87 43 0D A5 A7 41 00 00 08 42
1787903731.843299,34680,045e,12,35 0A 85 43 87 56 A0 41 00 00 0C 42
1787903731.855145,34680,045f,12,44 7C 82 43 E7 95 A2 41 00 00 10 42
1787903731.866117,34680,0460,12,95 5E 80 43 8D 4C AE 41 00 00 14 42
1787903731.878959,34680,0461,12,6A 7A 7D 43 7A 02 C3 41 00 00 18 42
1787903731.891446,34680,0462,12,36 43 7B 43 74 E4 DF 41 00 00 1C 42
1787903731.909072,34680,0463,12,2E 24 7A 43 DC E5 01 42 00 00 20 42
1787903731.920266,34680,0464,12,CB 23 7A 43 EC A4 16 42 00 00 24 42
1787903731.931235,34680,0465,12,0E 42 7B 43 26 5C 2D 42 00 00 28 42
1787903731.941840,34680,0466,12,97 78 7D 43 D3 22 45 42 00 00 2C 42
1787903731.952775,34680,0467,12,48 5D 80 43 BB 06 5D 42 00 00 30 42
1787903731.963688,34680,0468,12,A6 7A 82 43 0D 14 74 42 00 00 34 42
1787903731.974520,34680,0469,12,4E 08 85 43 C3 AF 84 42 00 00 38 42
1787903731.986317,34680,046a,12,72 F7 87 43 14 08 8E 42 00 00 3C 42
1787903731.997030,34680,046b,12,58 37 8B 43 3E B3 95 42 00 00 40 42
1787903732.007846,34680,046c,12,29 B5 8E 43 30 63 9B 42 00 00 44 42
1787903732.019127,34680,046d,12,E5 5C 92 43 DF DD 9E 42 00 00 48 42
1787903732.029948,34680,046e,12,A3 19 96 43 C8 FF 9F 42 00 00 4C 42
1787903732.040621,34680,046f,12,B5 D5 99 43 52 BD 9E 42 00 00 50 42
1787903732.051312,34680,0470,12,D3 7B 9D 43 62 23 9B 42 00 00 54 42
1787903732.063248,34680,0471,12,D3 F6 A0 43 BB 56 95 42 00 00 58 42
1787903732.074267,34680,0472,12,CB 32 A4 43 8C 92 8D 42 00 00 5C 42
1787903732.085030,34680,0473,12,36 1D A7 43 17 26 84 42 00 00 60 42
1787903732.096987,34680,0474,12,2A A5 A9 43 A2 E2 72 42 00 00 64 42
1787903732.108289,34680,0475,12,3B BC AB 43 CF C3 5B 42 00 00 68 42
1787903732.119076,34680,0476,12,49 56 AD 43 46 DB 43 42 00 00 6C 42
1787903732.130080,34680,0477,12,2E 6A AE 43 07 1D 2C 42 00 00 70 42
1787903732.141850,34680,0478,12,BB F1 AE 43 61 7B 15 42 00 00 74 42
1787903732.152306,34680,0479,12,DC E9 AE 43 EC DC 00 42 00 00 78 42
1787903732.163121,34680,047a,12,BF 52 AE 43 C5 29 DE 41 00 00 7C 42
1787903732.174002,34680,047b,12,D0 2F AD 43 A0 B0 C1 41 00 00 80 42
1787903732.184687,34680,047c,12,95 87 AB 43 01 71 AD 41 00 00 82 42
1787903732.195544,34680,047d,12,86 63 A9 43 8C 39 A2 41 00 00 84 42
1787903732.206890,34680,047e,12,0E D0 A6 43 C9 7C A0 41 00 00 86 42
1787903732.220467,34680,047f,12,DA DB A3 43 86 4C A8 41 00 00 88 42
1787903732.231352,34680,0480,12,0C 98 A0 43 EA 58 B9 41 00 00 8A 42
1787903732.242095,34680,0481,12,58 17 9D 43 F6 F3 D2 41 00 00 8C 42
1787903732.252782,34680,0482,12,C8 6D 99 43 59 18 F4 41 00 00 8E 42
1787903732.263361,34680,0483,12,99 B0 95 43 54 BA 0D 42 00 00 90 42
1787903732.274195,34680,0484,12,1A F5 91 43 D4 BA 23 42 00 00 92 42
1787903732.285088,34680,0485,12,F1 50 8E 43 7D 2D 3B 42 00 00 94 42
1787903732.295665,34680,0486,12,F4 D8 8A 43 02 23 53 42 00 00 96 42
1787903732.306724,34680,0487,12,00 A1 87 43 DE A6 6A 42 00 00 98 42
1787903732.318282,34680,0488,12,C0 BB 84 43 C0 64 80 42 00 00 9A 42
1787903732.328879,34680,0489,12,B3 39 82 43 12 54 8A 42 00 00 9C 42
1787903732.339893,34680,048a,12,66 29 80 43 39 BC 92 42 00 00 9E 42
1787903732.350415,34680,048b,12,49 2D 7D 43 6A 47 99 42 00 00 A0 42
1787903732.361170,34680,048c,12,E8 14 7B 43 DD B2 9D 42 00 00 A2 42
1787903732.371903,34680,048d,12,D0 15 7A 43 7B D1 9F 42 00 00 A4 42
1787903732.383996,34680,048e,12,B0 35 7A 43 8E 8D 9F 42 00 00 A6 42
1787903732.395006,34680,048f,12,CD 73 7B 43 DA E9 9C 42 00 00 A8 42
1787903732.405658,34680,0490,12,01 C9 7D 43 50 01 98 42 00 00 AA 42
1787903732.428502,34680,0491,12,FE 93 80 43 08 06 91 42 00 00 AC 42
1787903732.442115,34680,0492,12,98 BE 82 43 12 3F 88 42 00 00 AE 42
1787903732.452898,34680,0493,12,F7 57 85 43 B1 0C 7C 42 00 00 B0 42
1787903732.465456,34680,0494,12,06 51 88 43 0D 88 65 42 00 00 B2 42
1787903732.476140,34680,0495,12,C0 98 8B 43 05 D6 4D 42 00 00 B4 42
1787903732.486979,34680,0496,12,5F 1C 8F 43 6F E8 35 42 00 00 B6 42
1787903732.498354,34680,0497,12,83 C7 92 43 0C B3 1E 42 00 00 B8 42
1787903732.510533,34680,0498,12,43 85 96 43 9E 23 09 42 00 00 BA 42
1787903732.521451,34680,0499,12,EC 3F 9A 43 72 2B EC 41 00 00 BC 42
1787903732.531899,34680,049a,12,28 E2 9D 43 A5 97 CC 41 00 00 BE 42
1787903732.544693,34680,049b,12,27 57 A1 43 18 CE B4 41 00 00 C0 42
1787903732.561430,34680,049c,12,DE 8A A4 43 5C C1 A5 41 00 00 C2 42
1787903732.575740,34680,049d,12,0C 6B A7 43 9D 0B A0 41 00 00 C4 42
1787903732.586546,34680,049e,12,05 E7 A9 43 BF E6 A3 41 00 00 C6 42
1787903732.597492,34680,049f,12,93 F0 AB 43 69 2B B1 41 00 00 C8 42
1787903732.608028,34680,04a0,12,0A 7C AD 43 31 52 C7 41 00 00 CA 42
1787903732.618850,34680,04a1,12,73 80 AE 43 AF 79 E5 41 00 00 CC 42
1787903732.629555,34680,04a2,12,03 F8 AE 43 7C 36 05 42 00 00 CE 42
1787903732.640583,34680,04a3,12,03 E0 AE 43 BA 59 1A 42 00 00 D0 42
1787903732.651270,34680,04a4,12,04 39 AE 43 DA 4E 31 42 00 00 D2 42
1787903732.661985,34680,04a5,12,BB 06 AD 43 90 2B 49 42 00 00 D4 42
1787903732.676700,34680,04a6,12,19 50 AB 43 CB FC 60 42 00 00 D6 42
1787903732.687667,34680,04a7,12,E1 1E A9 43 8A CE 77 42 00 00 D8 42
1787903732.698308,34680,04a8,12,CA 7F A6 43 32 5C 86 42 00 00 DA 42
1787903732.708920,34680,04a9,12,DB 81 A3 43 74 72 8F 42 00 00 DC 42
1787903732.719594,34680,04aa,12,2E 36 A0 43 4F CD 96 42 00 00 DE 42
1787903732.730189,34680,04ab,12,E1 AF 9C 43 C8 21 9C 42 00 00 E0 42
1787903732.740817,34680,04ac,12,0B 03 99 43 45 39 9F 42 00 00 E2 42
1787903732.754372,34680,04ad,12,FD 44 95 43 58 F4 9F 42 00 00 E4 42
1787903732.765120,34680,04ae,12,21 8B 91 43 8C 4B 9E 42 00 00 E6 42
1787903732.776824,34680,04af,12,CD EA 8D 43 D0 4F 9A 42 00 00 E8 42
1787903732.790500,34680,04b0,12,08 79 8A 43 A8 29 94 42 00 00 EA 42
1787903732.801409,34680,04b1,12,74 49 87 43 11 18 8C 42 00 00 EC 42
1787903732.812546,34680,04b2,12,8A 6E 84 43 4C 6D 82 42 00 00 EE 42
1787903732.823241,34680,04b3,12,A0 F8 81 43 00 18 6F 42 00 00 A0 41
1787903732.834210,34680,04b4,12,9A EB 7F 43 6F C6 57 42 00 00 A8 41
1787903732.845102,34680,04b5,12,7A E3 7C 43 67 D3 3F 42 00 00 B0 41
1787903732.857418,34680,04b6,12,25 EA 7A 43 43 34 28 42 00 00 B8 41
1787903732.868630,34680,04b7,12,0F 0B 7A 43 9D D9 11 42 00 00 C0 41
1787903732.882797,34680,04b8,12,29 4B 7A 43 33 4F FB 41 00 00 C8 41
1787903732.893562,34680,04b9,12,10 A9 7B 43 A6 D8 D8 41 00 00 D0 41
1787903732.904350,34680,04ba,12,D6 1C 7E 43 D7 AE BD 41 00 00 D8 41
1787903732.916391,34680,04bb,12,41 CC 80 43 0C E8 AA 41 00 00 E0 41
1787903732.927099,34680,04bc,12,EF 03 83 43 4B 43 A1 41 00 00 E8 41
1787903732.937991,34680,04bd,12,C1 A8 85 43 00 23 A1 41 00 00 F0 41
1787903732.949372,34680,04be,12,98 AB 88 43 72 88 AA 41 00 00 F8 41
1787903732.960254,34680,04bf,12,FE FA 8B 43 30 14 BD 41 00 00 00 42
1787903732.971034,34680,04c0,12,15 84 8F 43 3B 08 D8 41 00 00 04 42
1787903732.981742,34680,04c1,12,5C 32 93 43 C7 51 FA 41 00 00 08 42
1787903732.992287,34680,04c2,12,C0 F0 96 43 74 49 11 42 00 00 0C 42
1787903733.003201,34680,04c3,12,D5 A9 9A 43 66 98 27 42 00 00 10 42
1787903733.014077,34680,04c4,12,02 48 9E 43 84 32 3F 42 00 00 14 42
1787903733.025501,34680,04c5,12,A9 B6 A1 43 06 26 57 42 00 00 18 42
1787903733.036349,34680,04c6,12,E3 E1 A4 43 EE 7E 6E 42 00 00 1C 42
1787903733.047224,34680,04c7,12,8E B7 A7 43 7B 27 82 42 00 00 20 42
1787903733.057902,34680,04c8,12,6E 27 AA 43 C2 DB 8B 42 00 00 24 42
1787903733.068509,34680,04c9,12,61 23 AC 43 64 F9 93 42 00 00 28 42
1787903733.079560,34680,04ca,12,17 A0 AD 43 3F 2D 9A 42 00 00 2C 42
1787903733.090583,34680,04cb,12,F1 94 AE 43 32 38 9E 42 00 00 30 42
1787903733.101043,34680,04cc,12,7B FC AE 43 FB F0 9F 42 00 00 34 42
1787903733.119405,34680,04cd,12,5E D4 AE 43 07 46 9F 42 00 00 38 42
1787903733.130119,34680,04ce,12,82 1D AE 43 12 3E 9C 42 00 00 3C 42
1787903733.149941,34680,04cf,12,FB DB AC 43 29 F8 96 42 00 00 40 42
1787903733.160529,34680,04d0,12,11 17 AB 43 14 AA 8F 42 00 00 44 42
1787903733.171038,34680,04d1,12,E9 D8 A8 43 60 9E 86 42 00 00 48 42
1787903733.181527,34680,04d2,12,55 2E A6 43 BC 62 78 42 00 00 4C 42
1787903733.192451,34680,04d3,12,CC 26 A3 43 75 9A 61 42 00 00 50 42
1787903733.203286,34680,04d4,12,91 D3 9F 43 50 CD 49 42 00 00 54 42
1787903733.217269,34680,04d5,12,EF 47 9C 43 C6 ED 31 42 00 00 58 42
1787903733.229229,34680,04d6,12,30 98 98 43 7C EF 1A 42 00 00 5C 42
1787903733.239785,34680,04d7,12,6E D9 94 43 1C BD 05 42 00 00 60 42
1787903733.250345,34680,04d8,12,63 21 91 43 46 5D E6 41 00 00 64 42
1787903733.260952,34680,04d9,12,3F 85 8D 43 59 04 C8 41 00 00 68 42
1787903733.271618,34680,04da,12,F2 19 8A 43 5E A4 B1 41 00 00 6C 42
1787903733.282420,34680,04db,12,0C F3 86 43 AE 21 A4 41 00 00 70 42
1787903733.293233,34680,04dc,12,9A 22 84 43 2D 06 A0 41 00 00 74 42
1787903733.303893,34680,04dd,12,F0 B8 81 43 F7 7B A5 41 00 00 78 42
1787903733.314934,34680,04de,12,98 87 7F 43 1F 4B B4 41 00 00 7C 42
1787903733.325645,34680,04df,12,14 9D 7C 43 83 DC CB 41 00 00 80 42
1787903733.336776,34680,04e0,12,F9 C2 7A 43 9D 3F EB 41 00 00 82 42
1787903733.347643,34680,04e1,12,EC 03 7A 43 0E 9A 08 42 00 00 84 42
1787903733.363711,34680,04e2,12,41 64 7A 43 C1 1B 1E 42 00 00 86 42
1787903733.375006,34680,04e3,12,D3 E1 7B 43 96 48 35 42 00 00 88 42
1787903733.386265,34680,04e4,12,FD 73 7E 43 6F 34 4D 42 00 00 8A 42
1787903733.398294,34680,04e5,12,FF 05 81 43 29 EB 64 42 00 00 8C 42
1787903733.409400,34680,04e6,12,A6 4A 83 43 C2 7A 7B 42 00 00 8E 42
1787903733.420169,34680,04e7,12,CD FA 85 43 AC FE 87 42 00 00 90 42
1787903733.431083,34680,04e8,12,22 07 89 43 69 D0 90 42 00 00 92 42
1787903733.441738,34680,04e9,12,F6 5D 8C 43 CA D8 97 42 00 00 94 42
1787903733.452679,34680,04ea,12,2B EC 8F 43 0B D0 9C 42 00 00 96 42
1787903733.463440,34680,04eb,12,69 9D 93 43 7C 83 9F 42 00 00 98 42
1787903733.474337,34680,04ec,12,45 5C 97 43 8B D7 9F 42 00 00 9A 42
1787903733.484968,34680,04ed,12,67 13 9B 43 D8 C8 9D 42 00 00 9C 42
1787903733.497792,34680,04ee,12,42 AD 9E 43 6C 6C 99 42 00 00 9E 42
1787903733.508460,34680,04ef,12,3C 15 A2 43 C7 EE 92 42 00 00 A0 42
1787903733.519238,34680,04f0,12,D4 37 A5 43 28 92 8A 42 00 00 A2 42
1787903733.530042,34680,04f1,12,D9 02 A8 43 B2 AB 80 42 00 00 A4 42
1787903733.545875,34680,04f2,12,63 66 AA 43 9D 41 6B 42 00 00 A6 42
1787903733.557590,34680,04f3,12,94 54 AC 43 07 C4 53 42 00 00 A8 42
1787903733.568320,34680,04f4,12,67 C2 AD 43 5E CE 3B 42 00 00 AA 42
1787903733.581002,34680,04f5,12,A8 A7 AE 43 26 55 24 42 00 00 AC 42
1787903733.592032,34680,04f6,12,25 FF AE 43 88 47 0E 42 00 00 AE 42
1787903733.603137,34680,04f7,12,EC C6 AE 43 DD 0E F5 41 00 00 B0 42
1787903733.613938,34680,04f8,12,42 00 AE 43 F0 BB D3 41 00 00 B2 42
1787903733.624821,34680,04f9,12,9E AF AC 43 62 EA B9 41 00 00 B4 42
1787903733.635502,34680,04fa,12,83 DC AA 43 B0 A1 A8 41 00 00 B6 42
1787903733.646306,34680,04fb,12,84 91 A8 43 2E 92 A0 41 00 00 B8 42
1787903733.657784,34680,04fc,12,B4 DB A5 43 71 0E A2 41 00 00 BA 42
1787903733.668617,34680,04fd,12,CA CA A2 43 0F 07 AD 41 00 00 BC 42
1787903733.679594,34680,04fe,12,56 70 9F 43 11 0C C1 41 00 00 BE 42
1787903733.692435,34680,04ff,12,87 DF 9B 43 27 51 DD 41 00 00 C0 42
1787903733.706464,34680,0500,12,0C 2D 98 43 48 5B 00 42 00 00 C2 42
1787903733.717654,34680,0501,12,F5 6D 94 43 D5 E8 14 42 00 00 C4 42
1787903733.729956,34680,0502,12,FF B7 90 43 CC 7F 2B 42 00 00 C6 42
1787903733.740682,34680,0503,12,65 20 8D 43 A1 39 43 42 00 00 C8 42
1787903733.751240,34680,0504,12,B8 BB 89 43 A7 24 5B 42 00 00 CA 42
1787903733.761988,34680,0505,12,A7 9D 86 43 67 4B 72 42 00 00 CC 42
1787903733.775375,34680,0506,12,F6 D7 83 43 B0 E1 83 42 00 00 CE 42
1787903733.786038,34680,0507,12,B8 7A 81 43 40 58 8D 42 00 00 D0 42
1787903733.797333,34680,0508,12,CE 26 7F 43 88 28 95 42 00 00 D2 42
1787903733.810211,34680,0509,12,1C 5A 7C 43 64 03 9B 42 00 00 D4 42
1787903733.820921,34680,050a,12,54 9F 7A 43 9E AC 9E 42 00 00 D6 42
1787903733.832045,34680,050b,12,67 00 7A 43 24 FF 9F 42 00 00 D8 42
1787903733.842885,34680,050c,12,F0 80 7A 43 43 ED 9E 42 00 00 DA 42
1787903733.853551,34680,050d,12,12 1E 7C 43 17 82 9B 42 00 00 DC 42
1787903733.864177,34680,050e,12,70 CE 7E 43 40 E0 95 42 00 00 DE 42
1787903733.874649,34680,050f,12,4F 41 81 43 A6 41 8E 42 00 00 E0 42
1787903733.885247,34680,0510,12,B8 92 83 43 78 F3 84 42 00 00 E2 42
1787903733.895901,34680,0511,12,02 4E 86 43 E9 A9 74 42 00 00 E4 42
1787903733.906536,34680,0512,12,9B 63 89 43 EA A5 5D 42 00 00 E6 42
1787903733.917141,34680,0513,12,A1 C1 8C 43 14 C4 45 42 00 00 E8 42
1787903733.927783,34680,0514,12,CA 54 90 43 F7 F9 2D 42 00 00 EA 42
1787903733.938375,34680,0515,12,A2 08 94 43 8A 38 17 42 00 00 EC 42
1787903733.948943,34680,0516,12,B0 C7 97 43 02 69 02 42 00 00 EE 42
1787903733.959763,34680,0517,12,9B 7C 9B 43 DF C0 E0 41 00 00 A0 41
1787903733.970364,34680,0518,12,E2 11 9F 43 F7 AA C3 41 00 00 A8 41
1787903733.981060,34680,0519,12,05 73 A2 43 5A BB AE 41 00 00 B0 41
1787903733.992278,34680,051a,12,AB 8C A5 43 1B C6 A2 41 00 00 B8 41
1787903734.003085,34680,051b,12,D6 4C A8 43 42 46 A0 41 00 00 C0 41
1787903734.014942,34680,051c,12,DC A3 AA 43 DF 54 A7 41 00 00 C8 41
1787903734.026312,34680,051d,12,2A 84 AC 43 74 AA B7 41 00 00 D0 41
1787903734.037159,34680,051e,12,07 E3 AD 43 10 9F D0 41 00 00 D8 41
1787903734.047952,34680,051f,12,96 B8 AE 43 EA 35 F1 41 00 00 E0 41
1787903734.058682,34680,0520,12,00 00 AF 43 C7 10 0C 42 00 00 E8 41
1787903734.069837,34680,0521,12,AE B7 AE 43 78 E9 21 42 00 00 F0 41
1787903734.080590,34680,0522,12,44 E1 AD 43 BE 47 39 42 00 00 F8 41
1787903734.091727,34680,0523,12,93 81 AC 43 54 3B 51 42 00 00 00 42
1787903734.102488,34680,0524,12,72 A0 AA 43 9D D1 68 42 00 00 04 42
1787903734.113428,34680,0525,12,C7 48 A8 43 EA 18 7F 42 00 00 08 42
1787903734.124375,34680,0526,12,ED 87 A5 43 8C 96 89 42 00 00 0C 42
1787903734.135972,34680,0527,12,DB 6D A2 43 63 21 92 42 00 00 10 42
1787903734.146974,34680,0528,12,55 0C 9F 43 25 D5 98 42 00 00 14 42
1787903734.157550,34680,0529,12,B3 76 9B 43 EF 6D 9D 42 00 00 18 42
1787903734.168238,34680,052a,12,BF C1 97 43 87 BC 9F 42 00 00 1C 42
1787903734.178873,34680,052b,12,9A 02 94 43 70 A9 9F 42 00 00 20 42
1787903734.194264,34680,052c,12,FD 4E 90 43 68 35 9D 42 00 00 24 42
1787903734.208400,34680,052d,12,18 BC 8C 43 AC 79 98 42 00 00 28 42
1787903734.220438,34680,052e,12,62 5E 89 43 2B A6 91 42 00 00 2C 42
1787903734.231491,34680,052f,12,5F 49 86 43 B8 00 89 42 00 00 30 42
1787903734.245642,34680,0530,12,A1 8E 83 43 FE C3 7D 42 00 00 34 42
1787903734.258635,34680,0531,12,FC 3D 81 43 04 61 67 42 00 00 38 42
1787903734.271923,34680,0532,12,5A C9 7E 43 AF BE 4F 42 00 00 3C 42
1787903734.285943,34680,0533,12,97 1A 7C 43 64 CC 37 42 00 00 40 42
1787903734.301273,34680,0534,12,42 7F 7A 43 79 7F 20 42 00 00 44 42
1787903734.312019,34680,0535,12,81 00 7A 43 91 C6 0A 42 00 00 48 42
1787903734.322855,34680,0536,12,35 A1 7A 43 65 FB EE 41 00 00 4C 42
1787903734.333733,34680,0537,12,BA 5D 7C 43 4E D6 CE 41 00 00 50 42
1787903734.345414,34680,0538,12,2A 2C 7F 43 7A 63 B6 41 00 00 54 42
1787903734.356051,34680,0539,12,1F 7E 81 43 D5 9D A6 41 00 00 58 42
1787903734.368091,34680,053a,12,1F DC 83 43 71 26 A0 41 00 00 5C 42
1787903734.383517,34680,053b,12,59 A2 86 43 CB 3E A3 41 00 00 60 42
1787903734.395965,34680,053c,12,E9 C0 89 43 12 C7 AF 41 00 00 64 42
1787903734.406793,34680,053d,12,F6 25 8D 43 54 40 C5 41 00 00 68 42
1787903734.425009,34680,053e,12,D1 BD 90 43 12 CF E2 41 00 00 6C 42
1787903734.435882,34680,053f,12,00 74 94 43 08 A2 03 42 00 00 70 42
1787903734.446585,34680,0540,12,FB 32 98 43 02 97 18 42 00 00 74 42
1787903734.457574,34680,0541,12,51 E5 9B 43 FE 6E 2F 42 00 00 78 42
1787903734.470375,34680,0542,12,DA 75 9F 43 97 42 47 42 00 00 7C 42
1787903734.483090,34680,0543,12,E8 CF A2 43 BD 1D 5F 42 00 00 80 42
1787903734.493853,34680,0544,12,61 E0 A5 43 12 0C 76 42 00 00 82 42
1787903734.504432,34680,0545,12,81 95 A8 43 A8 92 85 42 00 00 84 42
1787903734.515447,34680,0546,12,CA DF AA 43 44 C8 8E 42 00 00 86 42
1787903734.531774,34680,0547,12,1E B2 AC 43 94 49 96 42 00 00 88 42
1787903734.542587,34680,0548,12,EC 01 AE 43 9A C9 9B 42 00 00 8A 42
1787903734.553414,34680,0549,12,B9 C7 AE 43 1C 10 9F 42 00 00 8C 42
1787903734.564664,34680,054a,12,0B FF AE 43 EC FB 9F 42 00 00 8E 42
1787903734.575436,34680,054b,12,AB A6 AE 43 93 83 9E 42 00 00 90 42
1787903734.586275,34680,054c,12,8C C0 AD 43 F4 B5 9A 42 00 00 92 42
1787903734.597201,34680,054d,12,E6 51 AC 43 E5 B9 94 42 00 00 94 42
1787903734.608018,34680,054e,12,E2 62 AA 43 D2 CC 8C 42 00 00 96 42
1787903734.618770,34680,054f,12,B7 FE A7 43 06 3F 83 42 00 00 98 42
1787903734.629740,34680,0550,12,1A 33 A5 43 76 E5 70 42 00 00 9A 42
1787903734.643813,34680,0551,12,05 10 A2 43 A4 AA 59 42 00 00 9C 42
1787903734.655345,34680,0552,12,AC A7 9E 43 7F BB 41 42 00 00 9E 42
1787903734.666887,34680,0553,12,7A 0D 9B 43 3B 0D 2A 42 00 00 A0 42
1787903734.678168,34680,0554,12,52 56 97 43 B8 8F 13 42 00 00 A2 42
1787903734.688890,34680,0555,12,7B 97 93 43 66 54 FE 41 00 00 A4 42
1787903734.699657,34680,0556,12,64 E6 8F 43 8E 56 DB 41 00 00 A6 42
1787903734.710205,34680,0557,12,77 58 8C 43 C1 8C BF 41 00 00 A8 42
1787903734.721047,34680,0558,12,F5 01 89 43 39 13 AC 41 00 00 AA 42
1787903734.731784,34680,0559,12,3B F6 85 43 3A AF A1 41 00 00 AC 42
1787903734.742562,34680,055a,12,B3 46 83 43 9A CB A0 41 00 00 AE 42
1787903734.753538,34680,055b,12,C2 02 81 43 5B 71 A9 41 00 00 B0 42
1787903734.766621,34680,055c,12,14 6F 7E 43 71 48 BB 41 00 00 B2 42
1787903734.777668,34680,055d,12,8A DE 7B 43 94 99 D5 41 00 00 B4 42
1787903734.789805,34680,055e,12,C5 62 7A 43 34 5A F7 41 00 00 B6 42
1787903734.800617,34680,055f,12,39 04 7A 43 A2 97 0F 42 00 00 B8 42
1787903734.811437,34680,0560,12,0C C5 7A 43 A7 C2 25 42 00 00 BA 42
1787903734.823044,34680,0561,12,E2 A0 7C 43 29 4B 3D 42 00 00 BC 42
1787903734.834212,34680,0562,12,22 8D 7F 43 04 40 55 42 00 00 BE 42
1787903734.845080,34680,0563,12,6C BC 81 43 90 AE 6C 42 00 00 C0 42
1787903734.858995,34680,0564,12,C5 26 84 43 F0 52 81 42 00 00 C2 42
1787903734.869980,34680,0565,12,CE F7 86 43 B9 23 8B 42 00 00 C4 42
1787903734.880627,34680,0566,12,2F 1F 8A 43 02 65 93 42 00 00 C6 42
1787903734.891810,34680,0567,12,F1 8A 8D 43 52 C2 99 42 00 00 C8 42
1787903734.902612,34680,0568,12,3B 27 91 43 31 FB 9D 42 00 00 CA 42
1787903734.915206,34680,0569,12,61 DF 94 43 36 E4 9F 42 00 00 CC 42
1787903734.925826,34680,056a,12,1C 9E 98 43 09 6A 9F 42 00 00 CE 42
1787903734.937704,34680,056b,12,B2 4D 9C 43 68 91 9C 42 00 00 D0 42
1787903734.948278,34680,056c,12,22 D9 9F 43 9E 77 97 42 00 00 D2 42
1787903734.958820,34680,056d,12,DC 2B A3 43 57 50 90 42 00 00 D4 42
1787903734.969276,34680,056e,12,DF 32 A6 43 20 65 87 42 00 00 D6 42
1787903734.979769,34680,056f,12,D2 DC A8 43 9E 20 7A 42 00 00 D8 42
1787903734.990203,34680,0570,12,43 1A AB 43 54 77 63 42 00 00 DA 42
1787903735.000815,34680,0571,12,6E DE AC 43 A1 B6 4B 42 00 00 DC 42
1787903735.011472,34680,0572,12,14 1F AE 43 1C CF 33 42 00 00 DE 42
1787903735.022263,34680,0573,12,0E D5 AE 43 8F B6 1C 42 00 00 E0 42
1787903735.033337,34680,0574,12,48 FC AE 43 EC 56 07 42 00 00 E2 42
1787903735.043976,34680,0575,12,DB 93 AE 43 8F 16 E9 41 00 00 E4 42
1787903735.054597,34680,0576,12,1C 9E AD 43 09 28 CA 41 00 00 E6 42
1787903735.065077,34680,0577,12,9C 20 AC 43 96 1B B3 41 00 00 E8 42
1787903735.076604,34680,0578,12,E8 23 AA 43 31 DE A4 41 00 00 EA 42
1787903735.087362,34680,0579,12,5A B3 A7 43 17 00 A0 41 00 00 EC 42
1787903735.098286,34680,057a,12,19 DD A4 43 B6 B3 A4 41 00 00 EE 42
1787903735.108745,34680,057b,12,50 B1 A1 43 52 C8 B2 41 00 00 A0 41
1787903735.119914,34680,057c,12,63 42 9E 43 4D AF C9 41 00 00 A8 41
1787903735.130532,34680,057d,12,FB A3 9A 43 2D 7D E8 41 00 00 B0 41
1787903735.141103,34680,057e,12,CD EA 96 43 F5 FC 06 42 00 00 B8 41
1787903735.152028,34680,057f,12,71 2C 93 43 EA 52 1C 42 00 00 C0 41
1787903735.162611,34680,0580,12,3D 7E 8F 43 C1 65 33 42 00 00 C8 41
1787903735.173329,34680,0581,12,89 F5 8B 43 C3 4B 4B 42 00 00 D0 41
1787903735.184086,34680,0582,12,8F A6 88 43 37 0F 63 42 00 00 D8 41
1787903735.194812,34680,0583,12,40 A4 85 43 68 BF 79 42 00 00 E0 41
1787903735.205727,34680,0584,12,10 00 83 43 E8 39 87 42 00 00 E8 41
1787903735.217009,34680,0585,12,0C C9 80 43 3C 2C 90 42 00 00 F0 41
1787903735.230232,34680,0586,12,1C 18 7E 43 10 5C 97 42 00 00 F8 41
1787903735.241257,34680,0587,12,06 A6 7B 43 7F 7F 9C 42 00 00 00 42
1787903735.252105,34680,0588,12,E1 49 7A 43 7E 62 9F 42 00 00 04 42
1787903735.263559,34680,0589,12,8F 0B 7A 43 56 E7 9F 42 00 00 08 42
1787903735.274219,34680,058a,12,74 EC 7A 43 DA 08 9E 42 00 00 0C 42
1787903735.284945,34680,058b,12,79 E7 7C 43 FA D9 99 42 00 00 10 42
1787903735.295755,34680,058c,12,3A F1 7F 43 B6 85 93 42 00 00 14 42
1787903735.306966,34680,058d,12,30 FC 81 43 2E 4C 8B 42 00 00 18 42
1787903735.317636,34680,058e,12,C7 72 84 43 87 81 81 42 00 00 1C 42
1787903735.329706,34680,058f,12,59 4E 87 43 4C 14 6D 42 00 00 20 42
1787903735.340615,34680,0590,12,51 7E 8A 43 40 AA 55 42 00 00 24 42
1787903735.351479,34680,0591,12,70 F0 8D 43 A9 B5 3D 42 00 00 28 42
1787903735.362199,34680,0592,12,FE 90 91 43 2C 29 26 42 00 00 2C 42
1787903735.373341,34680,0593,12,F1 4A 95 43 15 F6 0F 42 00 00 30 42
1787903735.384125,34680,0594,12,0E 09 99 43 70 FF F7 41 00 00 34 42
1787903735.395031,34680,0595,12,9E B5 9C 43 8F 20 D6 41 00 00 38 42
1787903735.405891,34680,0596,12,9D 3B A0 43 C8 AB BB 41 00 00 3C 42
1787903735.416633,34680,0597,12,DD 86 A3 43 19 AD A9 41 00 00 40 42
1787903735.427164,34680,0598,12,43 84 A6 43 5E DD A0 41 00 00 44 42
1787903735.437901,34680,0599,12,C6 22 A9 43 4F 96 A1 41 00 00 48 42
1787903735.448619,34680,059a,12,35 53 AB 43 9B D0 AB 41 00 00 4C 42
1787903735.459858,34680,059b,12,0C 09 AD 43 1B 23 BF 41 00 00 50 42
1787903735.470408,34680,059c,12,7C 3A AE 43 13 CA DA 41 00 00 54 42
1787903735.480971,34680,059d,12,9B E0 AE 43 B2 AA FD 41 00 00 58 42
1787903735.491629,34680,059e,12,B4 F7 AE 43 A3 2F 13 42 00 00 5C 42
1787903735.502126,34680,059f,12,44 7F AE 43 C0 A5 29 42 00 00 60 42
1787903735.525393,34680,05a0,12,FE 79 AD 43 BE 50 41 42 00 00 64 42
1787903735.535979,34680,05a1,12,B8 ED AB 43 DE 40 59 42 00 00 68 42
1787903735.547269,34680,05a2,12,6A E3 A9 43 E4 80 70 42 00 00 6C 42
1787903735.558505,34680,05a3,12,B4 66 A7 43 57 11 83 42 00 00 70 42
1787903735.569366,34680,05a4,12,05 86 A4 43 90 A5 8C 42 00 00 74 42
1787903735.586139,34680,05a5,12,D8 51 A1 43 A0 9A 94 42 00 00 78 42
1787903735.596699,34680,05a6,12,81 DC 9D 43 ED 9F 9A 42 00 00 7C 42
1787903735.607316,34680,05a7,12,0E 3A 9A 43 A9 77 9E 42 00 00 80 42
1787903735.617755,34680,05a8,12,36 7F 96 43 99 FA 9F 42 00 00 82 42
1787903735.628335,34680,05a9,12,9B C1 92 43 6D 19 9F 42 00 00 84 42
1787903735.639644,34680,05aa,12,A6 16 8F 43 30 DD 9B 42 00 00 86 42
1787903735.650134,34680,05ab,12,56 93 8B 43 A9 66 96 42 00 00 88 42
1787903735.660873,34680,05ac,12,0B 4C 88 43 AE ED 8E 42 00 00 8A 42
1787903735.671376,34680,05ad,12,74 53 85 43 E8 BE 85 42 00 00 8C 42
1787903735.682126,34680,05ae,12,CC BA 82 43 BA 6E 76 42 00 00 8E 42
1787903735.693878,34680,05af,12,ED 90 80 43 9C 86 5F 42 00 00 90 42
1787903735.704636,34680,05b0,12,76 C4 7D 43 7F AD 47 42 00 00 92 42
1787903735.715189,34680,05b1,12,F5 70 7B 43 AD D7 2F 42 00 00 94 42
1787903735.725860,34680,05b2,12,95 34 7A 43 4B F9 18 42 00 00 96 42
1787903735.736606,34680,05b3,12,84 16 7A 43 00 FA 03 42 00 00 98 42
1787903735.748192,34680,05b4,12,60 17 7B 43 5D 63 E3 41 00 00 9A 42
1787903735.758777,34680,05b5,12,78 31 7D 43 0F B3 C5 41 00 00 9C 42
1787903735.773557,34680,05b6,12,4D 2C 80 43 AA 13 B0 41 00 00 9E 42
1787903735.784322,34680,05b7,12,68 3D 82 43 34 62 A3 41 00 00 A0 42
1787903735.795084,34680,05b8,12,0F C0 84 43 40 1F A0 41 00 00 A2 42
1787903735.805637,34680,05b9,12,E0 A5 87 43 56 6C A6 41 00 00 A4 42
1787903735.816657,34680,05ba,12,49 DE 8A 43 A2 09 B6 41 00 00 A6 42
1787903735.827487,34680,05bb,12,9C 56 8E 43 B6 57 CE 41 00 00 A8 42
1787903735.838069,34680,05bc,12,13 FB 91 43 17 5D EE 41 00 00 AA 42
1787903735.848829,34680,05bd,12,8D B6 95 43 B6 6A 0A 42 00 00 AC 42
1787903735.859664,34680,05be,12,AE 73 99 43 96 1A 20 42 00 00 AE 42
1787903735.870524,34680,05bf,12,0E 1D 9D 43 7C 62 37 42 00 00 B0 42
1787903735.890305,34680,05c0,12,71 9D A0 43 FC 53 4F 42 00 00 B2 42
1787903735.900820,34680,05c1,12,E3 E0 A3 43 C7 F9 66 42 00 00 B4 42
1787903735.911345,34680,05c2,12,76 D4 A6 43 55 64 7D 42 00 00 B6 42
1787903735.926158,34680,05c3,12,48 67 A9 43 96 D6 88 42 00 00 B8 42
1787903735.936919,34680,05c4,12,9C 8A AB 43 68 83 91 42 00 00 BA 42
1787903735.947729,34680,05c5,12,09 32 AD 43 AC 5F 98 42 00 00 BC 42
1787903735.962065,34680,05c6,12,24 54 AE 43 34 25 9D 42 00 00 BE 42
1787903735.972992,34680,05c7,12,5A EA AE 43 AD A3 9F 42 00 00 C0 42
1787903735.983872,34680,05c8,12,54 F1 AE 43 71 C1 9F 42 00 00 C2 42
1787903735.994876,34680,05c9,12,E6 68 AE 43 52 7D 9D 42 00 00 C4 42
1787903736.006391,34680,05ca,12,26 54 AD 43 66 EE 98 42 00 00 C6 42
1787903736.017743,34680,05cb,12,3D B9 AB 43 7F 43 92 42 00 00 C8 42
1787903736.033834,34680,05cc,12,7B A1 A9 43 28 C0 89 42 00 00 CA 42
1787903736.044054,34680,05cd,12,DE 18 A7 43 CD 77 7F 42 00 00 CC 42
1787903736.059214,34680,05ce,12,E4 2D A4 43 66 38 69 42 00 00 CE 42
1787903736.070369,34680,05cf,12,79 F1 A0 43 E8 A5 51 42 00 00 D0 42
1787903736.080959,34680,05d0,12,0D 76 9D 43 DE B1 39 42 00 00 D2 42
1787903736.091797,34680,05d1,12,D2 CF 99 43 E8 4E 22 42 00 00 D4 42
1787903736.102617,34680,05d2,12,AF 13 96 43 7E 6D 0C 42 00 00 D6 42
1787903736.113378,34680,05d3,12,01 57 92 43 7E D6 F1 41 00 00 D8 42
1787903736.123816,34680,05d4,12,77 AF 8E 43 63 20 D1 41 00 00 DA 42
1787903736.134537,34680,05d5,12,E3 31 8B 43 60 07 B8 41 00 00 DC 42
1787903736.146110,34680,05d6,12,84 F2 87 43 AE 89 A7 41 00 00 DE 42
1787903736.156642,34680,05d7,12,EF 03 85 43 DA 50 A0 41 00 00 E0 42
1787903736.167267,34680,05d8,12,EE 76 82 43 0F A6 A2 41 00 00 E2 42
1787903736.178654,34680,05d9,12,4D 5A 80 43 F1 71 AE 41 00 00 E4 42
1787903736.191006,34680,05da,12,2A 74 7D 43 20 3B C3 41 00 00 E6 42
1787903736.203038,34680,05db,12,68 3F 7B 43 0E 2F E0 41 00 00 E8 42
1787903736.213812,34680,05dc,12,E9 22 7A 43 06 12 02 42 00 00 EA 42
1787903736.225896,34680,05dd,12,15 25 7A 43 F0 D6 16 42 00 00 EC 42
1787903736.236643,34680,05de,12,E0 45 7B 43 A4 91 2D 42 00 00 EE 42
1787903736.247535,34680,05df,12,DC 7E 7D 43 31 59 45 42 00 00 A0 41
1787903736.258185,34680,05e0,12,92 61 80 43 B9 3C 5D 42 00 00 A8 41
1787903736.269103,34680,05e1,12,FE 7F 82 43 9D 46 74 42 00 00 B0 41
1787903736.280466,34680,05e2,12,96 0E 85 43 BF C6 84 42 00 00 B8 41
1787903736.292100,34680,05e3,12,85 FE 87 43 A2 1B 8E 42 00 00 C0 41
1787903736.304264,34680,05e4,12,0F 3F 8B 43 75 C2 95 42 00 00 C8 41
1787903736.314857,34680,05e5,12,56 BD 8E 43 B6 6D 9B 42 00 00 D0 41
1787903736.325392,34680,05e6,12,5A 65 92 43 1B E3 9E 42 00 00 D8 41
1787903736.336479,34680,05e7,12,2F 22 96 43 9C FF 9F 42 00 00 E0 41
1787903736.347543,34680,05e8,12,27 DE 99 43 B4 B7 9E 42 00 00 E8 41
1787903736.358125,34680,05e9,12,FA 83 9D 43 A4 18 9B 42 00 00 F0 41
1787903736.368776,34680,05ea,12,81 FE A0 43 1B 47 95 42 00 00 F8 41
1787903736.379541,34680,05eb,12,D3 39 A4 43 EC 7E 8D 42 00 00 00 42
1787903736.390107,34680,05ec,12,70 23 A7 43 EC 0E 84 42 00 00 04 42
1787903736.400886,34680,05ed,12,72 AA A9 43 63 AF 72 42 00 00 08 42
1787903736.411369,34680,05ee,12,72 C0 AB 43 2A 8E 5B 42 00 00 0C 42
1787903736.422052,34680,05ef,12,58 59 AD 43 76 A4 43 42 00 00 10 42
1787903736.432647,34680,05f0,12,04 6C AE 43 26 E8 2B 42 00 00 14 42
1787903736.443237,34680,05f1,12,4C F2 AE 43 A6 49 15 42 00 00 18 42
1787903736.456461,34680,05f2,12,25 E9 AE 43 C8 B0 00 42 00 00 1C 42
1787903736.468721,34680,05f3,12,C4 50 AE 43 CE E0 DD 41 00 00 20 42
1787903736.479173,34680,05f4,12,9C 2C AD 43 AA 78 C1 41 00 00 24 42
1787903736.489688,34680,05f5,12,3C 83 AB 43 35 4D AD 41 00 00 28 42
1787903736.500495,34680,05f6,12,20 5E A9 43 BD 2A A2 41 00 00 2C 42
1787903736.514838,34680,05f7,12,BA C9 A6 43 DF 83 A0 41 00 00 30 42
1787903736.528695,34680,05f8,12,BC D4 A3 43 F9 68 A8 41 00 00 34 42
1787903736.539312,34680,05f9,12,4E 90 A0 43 12 8A B9 41 00 00 38 42
1787903736.549927,34680,05fa,12,26 0F 9D 43 0A 37 D3 41 00 00 3C 42
1787903736.562798,34680,05fb,12,50 65 99 43 CF 6B F4 41 00 00 40 42
1787903736.573569,34680,05fc,12,0D A8 95 43 4D EA 0D 42 00 00 44 42
1787903736.586133,34680,05fd,12,AB EC 91 43 AE EE 23 42 00 00 48 42
1787903736.596881,34680,05fe,12,CF 48 8E 43 07 64 3B 42 00 00 4C 42
1787903736.607748,34680,05ff,12,4F D1 8A 43 26 59 53 42 00 00 50 42
1787903736.618701,34680,0600,12,03 9A 87 43 5E DB 6A 42 00 00 54 42
1787903736.629434,34680,0601,12,93 B5 84 43 E6 7C 80 42 00 00 58 42
1787903736.640293,34680,0602,12,7A 34 82 43 F9 68 8A 42 00 00 5C 42
1787903736.651073,34680,0603,12,3F 25 80 43 67 CD 92 42 00 00 60 42
1787903736.661990,34680,0604,12,4D 27 7D 43 E6 53 99 42 00 00 64 42
1787903736.672863,34680,0605,12,62 11 7B 43 5D BA 9D 42 00 00 68 42
1787903736.683678,34680,0606,12,D4 14 7A 43 97 D3 9F 42 00 00 6C 42
1787903736.696798,34680,0607,12,43 37 7A 43 37 8A 9F 42 00 00 70 42
1787903736.707515,34680,0608,12,E7 77 7B 43 25 E1 9C 42 00 00 74 42
1787903736.718218,34680,0609,12,8A CF 7D 43 BB F3 97 42 00 00 78 42
1787903736.729283,34680,060a,12,67 98 80 43 E2 F3 90 42 00 00 7C 42
1787903736.741551,34680,060b,12,0C C4 82 43 33 29 88 42 00 00 80 42
1787903736.752188,34680,060c,12,57 5E 85 43 AC DB 7B 42 00 00 82 42
1787903736.763866,34680,060d,12,2E 58 88 43 E0 52 65 42 00 00 84 42
1787903736.777678,34680,060e,12,85 A0 8B 43 B4 9F 4D 42 00 00 86 42
1787903736.788603,34680,060f,12,97 24 8F 43 38 B2 35 42 00 00 88 42
1787903736.799657,34680,0610,12,FC CF 92 43 90 7F 1E 42 00 00 8A 42
1787903736.810225,34680,0611,12,CE 8D 96 43 52 F5 08 42 00 00 8C 42
1787903736.820918,34680,0612,12,58 48 9A 43 59 DB EB 41 00 00 8E 42
1787903736.831697,34680,0613,12,43 EA 9D 43 94 58 CC 41 00 00 90 42
1787903736.842412,34680,0614,12,C4 5E A1 43 82 A1 B4 41 00 00 92 42
1787903736.857073,34680,0615,12,D0 91 A4 43 94 A9 A5 41 00 00 94 42
1787903736.867700,34680,0616,12,2D 71 A7 43 98 09 A0 41 00 00 96 42
1787903736.879390,34680,0617,12,30 EC A9 43 8B FA A3 41 00 00 98 42
1787903736.890509,34680,0618,12,AB F4 AB 43 E6 53 B1 41 00 00 9A 42
1787903736.901034,34680,0619,12,F7 7E AD 43 71 8E C7 41 00 00 9C 42
1787903736.911668,34680,061a,12,24 82 AE 43 F2 C6 E5 41 00 00 9E 42
1787903736.922302,34680,061b,12,6E F8 AE 43 B0 63 05 42 00 00 A0 42
1787903736.933987,34680,061c,12,27 DF AE 43 79 8C 1A 42 00 00 A2 42
1787903736.944662,34680,061d,12,E5 36 AE 43 43 84 31 42 00 00 A4 42
1787903736.955246,34680,061e,12,66 03 AD 43 69 62 49 42 00 00 A6 42
1787903736.971085,34680,061f,12,A0 4B AB 43 6E 32 61 42 00 00 A8 42
1787903736.981837,34680,0620,12,5E 19 A9 43 66 00 78 42 00 00 AA 42
1787903736.992413,34680,0621,12,5E 79 A6 43 A9 72 86 42 00 00 AC 42
1787903737.002991,34680,0622,12,A9 7A A3 43 30 85 8F 42 00 00 AE 42
1787903737.013666,34680,0623,12,60 2E A0 43 E1 DB 96 42 00 00 B0 42
1787903737.032459,34680,0624,12,A5 A7 9C 43 72 2B 9C 42 00 00 B2 42
1787903737.048190,34680,0625,12,8F FA 98 43 9B 3D 9F 42 00 00 B4 42
1787903737.058808,34680,0626,12,72 3C 95 43 40 F3 9F 42 00 00 B6 42
1787903737.070203,34680,0627,12,B9 82 91 43 16 45 9E 42 00 00 B8 42
1787903737.081696,34680,0628,12,B7 E2 8D 43 22 44 9A 42 00 00 BA 42
1787903737.092282,34680,0629,12,74 71 8A 43 48 19 94 42 00 00 BC 42
1787903737.102895,34680,062a,12,8C 42 87 43 D3 03 8C 42 00 00 BE 42
1787903737.113965,34680,062b,12,77 68 84 43 A6 55 82 42 00 00 C0 42
1787903737.128692,34680,062c,12,83 F3 81 43 92 E4 6E 42 00 00 C2 42
1787903737.139471,34680,062d,12,8B E3 7F 43 0E 90 57 42 00 00 C4 42
1787903737.150340,34680,062e,12,C3 DD 7C 43 AF 9C 3F 42 00 00 C6 42
1787903737.161332,34680,062f,12,E7 E6 7A 43 D6 FF 27 42 00 00 C8 42
1787903737.172415,34680,0630,12,5C 0A 7A 43 B0 A8 11 42 00 00 CA 42
1787903737.184377,34680,0631,12,06 4D 7A 43 E2 F9 FA 41 00 00 CC 42
1787903737.195294,34680,0632,12,71 AD 7B 43 D5 91 D8 41 00 00 CE 42
1787903737.211819,34680,0633,12,A2 23 7E 43 15 7A BD 41 00 00 D0 42
1787903737.223971,34680,0634,12,C9 D0 80 43 BA C7 AA 41 00 00 D2 42
1787903737.240215,34680,0635,12,80 09 83 43 28 38 A1 41 00 00 D4 42
1787903737.251476,34680,0636,12,3A AF 85 43 AB 2D A1 41 00 00 D6 42
1787903737.261995,34680,0637,12,D4 B2 88 43 AE A8 AA 41 00 00 D8 42
1787903737.272632,34680,0638,12,D3 02 8C 43 9D 48 BD 41 00 00 DA 42
1787903737.283907,34680,0639,12,56 8C 8F 43 27 4E D8 41 00 00 DC 42
1787903737.294451,34680,063a,12,DA 3A 93 43 97 A7 FA 41 00 00 DE 42
1787903737.305414,34680,063b,12,4A F9 96 43 E0 79 11 42 00 00 E0 42
1787903737.315976,34680,063c,12,3A B2 9A 43 39 CD 27 42 00 00 E2 42
1787903737.326821,34680,063d,12,11 50 9E 43 39 69 3F 42 00 00 E4 42
1787903737.337952,34680,063e,12,35 BE A1 43 F6 5B 57 42 00 00 E6 42
1787903737.348522,34680,063f,12,C0 E8 A4 43 DD B2 6E 42 00 00 E8 42
1787903737.359106,34680,0640,12,94 BD A7 43 FA 3E 82 42 00 00 EA 42
1787903737.370603,34680,0641,12,7C 2C AA 43 3D F0 8B 42 00 00 EC 42
1787903737.382519,34680,0642,12,58 27 AC 43 D8 09 94 42 00 00 EE 42
1787903737.393230,34680,0643,12,E2 A2 AD 43 E9 38 9A 42 00 00 A0 41
1787903737.403934,34680,0644,12,7E 96 AE 43 CE 3E 9E 42 00 00 A8 41
1787903737.414551,34680,0645,12,C2 FC AE 43 28 F2 9F 42 00 00 B0 41
1787903737.425385,34680,0646,12,5D D3 AE 43 C0 41 9F 42 00 00 B8 41
1787903737.435998,34680,0647,12,40 1B AE 43 7E 34 9C 42 00 00 C0 41
1787903737.448570,34680,0648,12,84 D8 AC 43 CB E9 96 42 00 00 C8 41
1787903737.459259,34680,0649,12,79 12 AB 43 40 97 8F 42 00 00 D0 41
1787903737.469718,34680,064a,12,4B D3 A8 43 27 88 86 42 00 00 D8 41
1787903737.480966,34680,064b,12,D0 27 A6 43 86 30 78 42 00 00 E0 41
1787903737.492983,34680,064c,12,87 1F A3 43 DC 64 61 42 00 00 E8 41
1787903737.510395,34680,064d,12,B5 CB 9F 43 F0 96 49 42 00 00 F0 41
1787903737.521478,34680,064e,12,A9 3F 9C 43 DE B7 31 42 00 00 F8 41
1787903737.532993,34680,064f,12,B0 8F 98 43 1B BD 1A 42 00 00 00 42
1787903737.543618,34680,0650,12,E5 D0 94 43 68 8F 05 42 00 00 04 42
1787903737.554509,34680,0651,12,02 19 91 43 BF 0F E6 41 00 00 08 42
1787903737.565364,34680,0652,12,35 7D 8D 43 4C C8 C7 41 00 00 0C 42
1787903737.575823,34680,0653,12,6E 12 8A 43 2D 7B B1 41 00 00 10 42
1787903737.587541,34680,0654,12,3A EC 86 43 AE 0D A4 41 00 00 14 42
1787903737.598160,34680,0655,12,A1 1C 84 43 D3 07 A0 41 00 00 18 42
1787903737.608908,34680,0656,12,F1 B3 81 43 61 93 A5 41 00 00 1C 42
1787903737.619752,34680,0657,12,CA 7F 7F 43 FA 76 B4 41 00 00 20 42
1787903737.630506,34680,0658,12,A2 97 7C 43 CE 1B CC 41 00 00 24 42
1787903737.641408,34680,0659,12,03 C0 7A 43 C4 8E EB 41 00 00 28 42
1787903737.653113,34680,065a,12,82 03 7A 43 A6 C8 08 42 00 00 2C 42
1787903737.663849,34680,065b,12,66 66 7A 43 2C 4F 1E 42 00 00 30 42
1787903737.675753,34680,065c,12,7B E6 7B 43 50 7E 35 42 00 00 34 42
1787903737.686554,34680,065d,12,0D 7B 7E 43 3B 6B 4D 42 00 00 38 42
1787903737.697531,34680,065e,12,A6 0A 81 43 ED 1F 65 42 00 00 3C 42
1787903737.708183,34680,065f,12,52 50 83 43 48 AC 7B 42 00 00 40 42
1787903737.719350,34680,0660,12,5D 01 86 43 9A 14 88 42 00 00 44 42
1787903737.730064,34680,0661,12,70 0E 89 43 78 E2 90 42 00 00 48 42
1787903737.741077,34680,0662,12,D9 65 8C 43 92 E6 97 42 00 00 4C 42
1787903737.751709,34680,0663,12,75 F4 8F 43 C3 D8 9C 42 00 00 50 42
1787903737.762876,34680,0664,12,EB A5 93 43 F2 86 9F 42 00 00 54 42
1787903737.773460,34680,0665,12,CD 64 97 43 87 D5 9F 42 00 00 58 42
1787903737.784765,34680,0666,12,C5 1B 9B 43 80 C1 9D 42 00 00 5C 42
1787903737.804537,34680,0667,12,46 B5 9E 43 EA 5F 99 42 00 00 60 42
1787903737.815610,34680,0668,12,B7 1C A2 43 D2 DD 92 42 00 00 64 42
1787903737.826051,34680,0669,12,9A 3E A5 43 23 7D 8A 42 00 00 68 42
1787903737.836551,34680,066a,12,C5 08 A8 43 97 93 80 42 00 00 6C 42
1787903737.847068,34680,066b,12,52 6B AA 43 9E 0D 6B 42 00 00 70 42
1787903737.859389,34680,066c,12,6B 58 AC 43 70 8D 53 42 00 00 74 42
1787903737.871793,34680,066d,12,0E C5 AD 43 46 98 3B 42 00 00 78 42
1787903737.884355,34680,066e,12,11 A9 AE 43 CB 20 24 42 00 00 7C 42
1787903737.894926,34680,066f,12,47 FF AE 43 78 17 0E 42 00 00 80 42
1787903737.905518,34680,0670,12,C6 C5 AE 43 DD BB F4 41 00 00 82 42
1787903737.916902,34680,0671,12,DC FD AD 43 FB 77 D3 41 00 00 84 42
1787903737.927438,34680,0672,12,06 AC AC 43 4F B9 B9 41 00 00 86 42
1787903737.938177,34680,0673,12,CC D7 AA 43 A1 84 A8 41 00 00 88 42
1787903737.948716,34680,0674,12,CA 8B A8 43 B8 8A A0 41 00 00 8A 42
1787903737.959231,34680,0675,12,18 D5 A5 43 BE 1C A2 41 00 00 8C 42
1787903737.969725,34680,0676,12,72 C3 A2 43 CE 2A AD 41 00 00 8E 42
1787903737.980329,34680,0677,12,6C 68 9F 43 3A 43 C1 41 00 00 90 42
1787903737.990982,34680,0678,12,38 D7 9B 43 76 9A DD 41 00 00 92 42
1787903738.001517,34680,0679,12,88 24 98 43 4F 87 00 42 00 00 94 42
1787903738.011924,34680,067a,12,6E 65 94 43 0F 1A 15 42 00 00 96 42
1787903738.023954,34680,067b,12,A5 AF 90 43 17 B5 2B 42 00 00 98 42
1787903738.034499,34680,067c,12,68 18 8D 43 F8 6F 43 42 00 00 9A 42
1787903738.045270,34680,067d,12,46 B4 89 43 54 5A 5B 42 00 00 9C 42
1787903738.055764,34680,067e,12,EC 96 86 43 27 7F 72 42 00 00 9E 42
1787903738.070191,34680,067f,12,17 D2 83 43 B5 F8 83 42 00 00 A0 42
1787903738.080716,34680,0680,12,D8 75 81 43 F0 6B 8D 42 00 00 A2 42
1787903738.091274,34680,0681,12,59 1F 7F 43 1A 38 95 42 00 00 A4 42
1787903738.102137,34680,0682,12,F0 54 7C 43 38 0E 9B 42 00 00 A6 42
1787903738.112674,34680,0683,12,A6 9C 7A 43 60 B2 9E 42 00 00 A8 42
1787903738.123384,34680,0684,12,47 00 7A 43 67 FF 9F 42 00 00 AA 42
1787903738.136367,34680,0685,12,5E 83 7A 43 1E E8 9E 42 00 00 AC 42
1787903738.148465,34680,0686,12,F2 22 7C 43 BF 77 9B 42 00 00 AE 42
1787903738.162199,34680,0687,12,C3 D5 7E 43 1D D1 95 42 00 00 B0 42
1787903738.172947,34680,0688,12,15 46 81 43 FF 2D 8E 42 00 00 B2 42
1787903738.183536,34680,0689,12,80 98 83 43 BC DC 84 42 00 00 B4 42
1787903738.194393,34680,068a,12,A9 54 86 43 6B 77 74 42 00 00 B6 42
1787903738.205087,34680,068b,12,E7 6A 89 43 6A 70 5D 42 00 00 B8 42
1787903738.215779,34680,068c,12,92 C9 8C 43 B5 8D 45 42 00 00 BA 42
1787903738.226774,34680,068d,12,1D 5D 90 43 F9 C3 2D 42 00 00 BC 42
1787903738.237262,34680,068e,12,27 11 94 43 E0 06 17 42 00 00 BE 42
1787903738.247702,34680,068f,12,36 D0 97 43 BC 3C 02 42 00 00 C0 42
1787903738.260527,34680,0690,12,D9 84 9B 43 A1 76 E0 41 00 00 C2 42
1787903738.272110,34680,0691,12,D8 19 9F 43 FF 71 C3 41 00 00 C4 42
1787903738.339613,34680,0692,12,6E 7A A2 43 47 95 AE 41 00 00 C6 42
1787903738.360225,34680,0693,12,5B 93 A5 43 B6 B5 A2 41 00 00 C8 42
1787903738.371566,34680,0694,12,A8 52 A8 43 8E 4B A0 41 00 00 CA 42
1787903738.383833,34680,0695,12,A0 A8 AA 43 A4 6F A7 41 00 00 CC 42
1787903738.394599,34680,0696,12,E0 87 AC 43 A3 D9 B7 41 00 00 CE 42
1787903738.406508,34680,0697,12,8B E5 AD 43 E7 E1 D0 41 00 00 D0 42
1787903738.418807,34680,0698,12,DA B9 AE 43 88 87 F1 41 00 00 D2 42
1787903738.429353,34680,0699,12,FD FF AE 43 EA 3F 0C 42 00 00 D4 42
1787903738.440089,34680,069a,12,68 B6 AE 43 0E 1D 22 42 00 00 D6 42
1787903738.450798,34680,069b,12,BC DE AD 43 B8 7D 39 42 00 00 D8 42
1787903738.492206,34680,069c,12,D9 7D AC 43 7A 72 51 42 00 00 DA 42
1787903738.513711,34680,069d,12,9C 9B AA 43 E8 05 69 42 00 00 DC 42
1787903738.530555,34680,069e,12,F2 42 A8 43 34 49 7F 42 00 00 DE 42
1787903738.559726,34680,069f,12,4D 81 A5 43 BA AB 89 42 00 00 E0 42
1787903738.571785,34680,06a0,12,70 66 A2 43 C2 32 92 42 00 00 E2 42
1787903738.585971,34680,06a1,12,5D 04 9F 43 3C E2 98 42 00 00 E4 42
1787903738.600115,34680,06a2,12,5C 6E 9B 43 C8 75 9D 42 00 00 E6 42
1787903738.611611,34680,06a3,12,39 B9 97 43 0D BF 9F 42 00 00 E8 42
1787903738.622197,34680,06a4,12,2E FA 93 43 87 A6 9F 42 00 00 EA 42
1787903738.633068,34680,06a5,12,AB 46 90 43 30 2D 9D 42 00 00 EC 42
1787903738.644983,34680,06a6,12,29 B4 8C 43 3D 6C 98 42 00 00 EE 42
1787903738.658181,34680,06a7,12,02 57 89 43 81 94 91 42 00 00 A0 41
1787903738.669398,34680,06a8,12,BB 42 86 43 4D EB 88 42 00 00 A8 41
1787903738.680908,34680,06a9,12,EE 88 83 43 5B 93 7D 42 00 00 B0 41
1787903738.691619,34680,06aa,12,3A 39 81 43 84 2C 67 42 00 00 B8 41
1787903738.704043,34680,06ab,12,10 C2 7E 43 7A 87 4F 42 00 00 C0 41
1787903738.716936,34680,06ac,12,B2 15 7C 43 84 96 37 42 00 00 C8 41
1787903738.727655,34680,06ad,12,DD 7C 7A 43 24 4C 20 42 00 00 D0 41
1787903738.739035,34680,06ae,12,AB 00 7A 43 D2 97 0A 42 00 00 D8 41
1787903738.749661,34680,06af,12,EC A3 7A 43 CF AA EE 41 00 00 E0 41
1787903738.760673,34680,06b0,12,EE 62 7C 43 BA 94 CE 41 00 00 E8 41
1787903738.771430,34680,06b1,12,A8 33 7F 43 B1 35 B6 41 00 00 F0 41
1787903738.782073,34680,06b2,12,12 83 81 43 90 84 A6 41 00 00 F8 41
1787903738.792600,34680,06b3,12,02 E2 83 43 B1 22 A0 41 00 00 00 42
1787903738.804077,34680,06b4,12,18 A9 86 43 B6 50 A3 41 00 00 04 42
1787903738.814929,34680,06b5,12,5D C8 89 43 9E EE AF 41 00 00 08 42
1787903738.825508,34680,06b6,12,DE 2D 8D 43 9B 7A C5 41 00 00 0C 42
1787903738.843336,34680,06b7,12,45 C6 90 43 6E 1A E3 41 00 00 10 42
1787903738.854335,34680,06b8,12,88 7C 94 43 C0 CE 03 42 00 00 14 42
1787903738.865682,34680,06b9,12,7E 3B 98 43 FC C8 18 42 00 00 18 42
1787903738.876516,34680,06ba,12,9F ED 9B 43 26 A5 2F 42 00 00 1C 42
1787903738.887199,34680,06bb,12,AB 7D 9F 43 F8 78 47 42 00 00 20 42
1787903738.899031,34680,06bc,12,53 D7 A2 43 17 53 5F 42 00 00 24 42
1787903738.909656,34680,06bd,12,FA E6 A5 43 46 3E 76 42 00 00 28 42
1787903738.920221,34680,06be,12,37 9B A8 43 2E A9 85 42 00 00 2C 42
1787903738.930716,34680,06bf,12,7D E4 AA 43 A4 DB 8E 42 00 00 30 42
1787903738.941189,34680,06c0,12,A8 B5 AC 43 64 58 96 42 00 00 34 42
1787903738.951628,34680,06c1,12,54 04 AE 43 96 D3 9B 42 00 00 38 42
1787903738.962202,34680,06c2,12,D9 C8 AE 43 DF 14 9F 42 00 00 3C 42
1787903738.973105,34680,06c3,12,E4 FE AE 43 46 FB 9F 42 00 00 40 42
1787903738.983880,34680,06c4,12,3D A5 AE 43 6F 7D 9E 42 00 00 44 42
1787903738.994606,34680,06c5,12,E8 BD AD 43 C5 AA 9A 42 00 00 48 42
1787903739.005467,34680,06c6,12,00 4E AC 43 02 AA 94 42 00 00 4C 42
1787903739.016043,34680,06c7,12,EF 5D AA 43 DE B8 8C 42 00 00 50 42
1787903739.026864,34680,06c8,12,C8 F8 A7 43 CC 27 83 42 00 00 54 42
1787903739.037474,34680,06c9,12,50 2C A5 43 70 B1 70 42 00 00 58 42
1787903739.048237,34680,06ca,12,9E 08 A2 43 D8 74 59 42 00 00 5C 42
1787903739.058728,34680,06cb,12,90 9F 9E 43 31 85 41 42 00 00 60 42
1787903739.069552,34680,06cc,12,1B 05 9B 43 95 D8 29 42 00 00 64 42
1787903739.080166,34680,06cd,12,CA 4D 97 43 D3 5E 13 42 00 00 68 42
1787903739.095515,34680,06ce,12,FA 8E 93 43 88 FC FD 41 00 00 6C 42
1787903739.106614,34680,06cf,12,33 DE 8F 43 08 0F DB 41 00 00 70 42
1787903739.117135,34680,06d0,12,7F 50 8C 43 EE 56 BF 41 00 00 74 42
1787903739.127806,34680,06d1,12,A9 FA 88 43 40 F1 AB 41 00 00 78 42
1787903739.138370,34680,06d2,12,AE EF 85 43 75 A2 A1 41 00 00 7C 42
1787903739.149019,34680,06d3,12,0B 41 83 43 B4 D4 A0 41 00 00 80 42
1787903749.161432,34680,06d5,12,2C FE 80 43 A8 8F A9 41 00 00 82 42
1787903749.168422,34680,06d6,12,F9 67 7E 43 E4 7A BB 41 00 00 84 42
1787903749.179372,34680,06d7,12,EC D9 7B 43 2A DE D5 41 00 00 86 42
1787903749.191061,34680,06d8,12,AA 60 7A 43 30 AE F7 41 00 00 88 42
1787903749.202355,34680,06d9,12,AC 04 7A 43 7C C8 0F 42 00 00 8A 42
1787903749.212948,34680,06da,12,03 C8 7A 43 C9 F6 25 42 00 00 8C 42
1787903749.224296,34680,06db,12,6D A6 7C 43 54 81 3D 42 00 00 8E 42
1787903749.235772,34680,06dc,12,F8 94 7F 43 0F 76 55 42 00 00 90 42
1787903749.248223,34680,06dd,12,6F C1 81 43 53 E2 6C 42 00 00 92 42
1787903749.258746,34680,06de,12,C2 2C 84 43 0E 6B 81 42 00 00 94 42
1787903749.269689,34680,06df,12,8F FE 86 43 51 38 8B 42 00 00 96 42
1787903749.282781,34680,06e0,12,CB 26 8A 43 AA 75 93 42 00 00 98 42
1787903749.293262,34680,06e1,12,FC 92 8D 43 60 CE 99 42 00 00 9A 42
1787903749.305026,34680,06e2,12,9D 2F 91 43 2A 02 9E 42 00 00 9C 42
1787903749.316960,34680,06e3,12,EB E7 94 43 DA E5 9F 42 00 00 9E 42
1787903749.327876,34680,06e4,12,83 A6 98 43 38 66 9F 42 00 00 A0 42
1787903749.339185,34680,06e5,12,0F 56 9C 43 51 88 9C 42 00 00 A2 42
1787903749.349671,34680,06e6,12,FC E0 9F 43 9F 69 97 42 00 00 A4 42
1787903749.360217,34680,06e7,12,1F 33 A3 43 FE 3D 90 42 00 00 A6 42
1787903749.370792,34680,06e8,12,60 39 A6 43 C6 4E 87 42 00 00 A8 42
1787903749.381480,34680,06e9,12,5D E2 A8 43 30 EF 79 42 00 00 AA 42
1787903749.392056,34680,06ea,12,E4 1E AB 43 62 42 63 42 00 00 AC 42
1787903749.402465,34680,06eb,12,E0 E1 AC 43 45 80 4B 42 00 00 AE 42
1787903749.413114,34680,06ec,12,51 21 AE 43 83 99 33 42 00 00 B0 42
1787903749.423902,34680,06ed,12,0A D6 AE 43 FC 82 1C 42 00 00 B2 42
1787903749.435018,34680,06ee,12,FC FB AE 43 22 29 07 42 00 00 B4 42
1787903749.446053,34680,06ef,12,44 92 AE 43 79 C8 E8 41 00 00 B6 42
1787903749.456535,34680,06f0,12,4D 9B AD 43 8B EA C9 41 00 00 B8 42
1787903749.468024,34680,06f1,12,A1 1C AC 43 25 F1 B2 41 00 00 BA 42
1787903749.479147,34680,06f2,12,D6 1E AA 43 1E C8 A4 41 00 00 BC 42
1787903749.489605,34680,06f3,12,62 AD A7 43 00 00 A0 41 00 00 BE 42
1787903749.500373,34680,06f4,12,25 D6 A4 43 3A C9 A4 41 00 00 C0 42
1787903749.512732,34680,06f5,12,C2 A9 A1 43 97 F2 B2 41 00 00 C2 42
1787903749.523329,34680,06f6,12,52 3A 9E 43 A4 EC C9 41 00 00 C4 42
1787903749.534511,34680,06f7,12,95 9B 9A 43 7A CC E8 41 00 00 C6 42
1787903749.545325,34680,06f8,12,5B E2 96 43 B1 2A 07 42 00 00 C8 42
1787903749.555704,34680,06f9,12,DB 23 93 43 95 85 1C 42 00 00 CA 42
1787903749.566471,34680,06fa,12,FD 75 8F 43 56 9B 33 42 00 00 CC 42
1787903749.577655,34680,06fb,12,B6 ED 8B 43 1F 82 4B 42 00 00 CE 42
1787903749.589460,34680,06fc,12,56 9F 88 43 19 45 63 42 00 00 D0 42
1787903749.601287,34680,06fd,12,DD 9D 85 43 DF F0 79 42 00 00 D2 42
1787903749.612243,34680,06fe,12,73 FA 82 43 E7 4F 87 42 00 00 D4 42
1787903749.624280,34680,06ff,12,88 C4 80 43 9E 3E 90 42 00 00 D6 42
1787903749.635397,34680,0700,12,58 11 7E 43 19 6A 97 42 00 00 D8 42
1787903749.645902,34680,0701,12,AE A1 7B 43 C9 88 9C 42 00 00 DA 42
1787903749.658268,34680,0702,12,14 48 7A 43 5A 66 9F 42 00 00 DC 42
1787903749.668708,34680,0703,12,4E 0C 7A 43 C5 E5 9F 42 00 00 DE 42
1787903749.680690,34680,0704,12,BD EF 7A 43 ED 01 9E 42 00 00 E0 42
1787903749.692547,34680,0705,12,39 ED 7C 43 F6 CD 99 42 00 00 E2 42
1787903749.703433,34680,0706,12,52 F9 7F 43 CF 74 93 42 00 00 E4 42
1787903749.715406,34680,0707,12,42 01 82 43 9E 37 8B 42 00 00 E6 42
1787903749.726124,34680,0708,12,F0 78 84 43 D7 69 81 42 00 00 E8 42
1787903749.737340,34680,0709,12,44 55 87 43 90 E0 6C 42 00 00 EA 42
1787903749.749526,34680,070a,12,E8 85 8A 43 38 74 55 42 00 00 EC 42
1787903749.760163,34680,070b,12,87 F8 8D 43 8C 7E 3D 42 00 00 EE 42
1787903749.771283,34680,070c,12,4E 99 91 43 02 F5 25 42 00 00 A0 41
1787903749.782815,34680,070d,12,95 53 95 43 05 C6 0F 42 00 00 A8 41
1787903749.794612,34680,070e,12,89 11 99 43 54 AB F7 41 00 00 B0 41
1787903749.807084,34680,070f,12,D9 BD 9C 43 D4 DB D5 41 00 00 B8 41
1787903749.850192,34680,0710,12,68 43 A0 43 4C 78 BB 41 00 00 C0 41
1787903749.861533,34680,0711,12,F7 8D A3 43 9E 8E A9 41 00 00 C8 41
1787903749.873221,34680,0712,12,BF 8A A6 43 3D D4 A0 41 00 00 D0 41
1787903749.885061,34680,0713,12,45 28 A9 43 E4 A2 A1 41 00 00 D8 41
1787903749.905868,34680,0714,12,AA 57 AB 43 67 F2 AB 41 00 00 E0 41
1787903749.916322,34680,0715,12,5D 0C AD 43 B0 59 BF 41 00 00 E8 41
1787903749.926758,34680,0716,12,90 3C AE 43 76 11 DB 41 00 00 F0 41
1787903749.938018,34680,0717,12,74 E1 AE 43 F6 00 FE 41 00 00 F8 41
1787903749.949684,34680,0718,12,44 F7 AE 43 7E 60 13 42 00 00 00 42
1787903749.960285,34680,0719,12,8D 7D AE 43 60 DA 29 42 00 00 04 42
1787903749.971679,34680,071a,12,0D 77 AD 43 FA 87 41 42 00 00 08 42
1787903749.984624,34680,071b,12,A8 E9 AB 43 AD 76 59 42 00 00 0C 42
1787903749.997073,34680,071c,12,2C DE A9 43 10 B4 70 42 00 00 10 42
1787903750.010254,34680,071d,12,90 60 A7 43 97 28 83 42 00 00 14 42
1787903750.022697,34680,071e,12,10 7F A4 43 8C B9 8C 42 00 00 18 42
1787903750.044672,34680,071f,12,39 4A A1 43 D3 AA 94 42 00 00 1C 42
1787903750.055218,34680,0720,12,7B D4 9D 43 27 AB 9A 42 00 00 20 42
1787903750.065758,34680,0721,12,89 31 9A 43 BE 7D 9E 42 00 00 24 42
1787903750.076284,34680,0722,12,AA 76 96 43 4B FB 9F 42 00 00 28 42
1787903750.088016,34680,0723,12,22 B9 92 43 B6 14 9F 42 00 00 2C 42
1787903750.099877,34680,0724,12,70 0E 8F 43 13 D3 9B 42 00 00 30 42
1787903750.111066,34680,0725,12,A8 8B 8B 43 E3 57 96 42 00 00 34 42
1787903750.121571,34680,0726,12,D1 44 88 43 AA DA 8E 42 00 00 38 42
1787903750.132310,34680,0727,12,16 4D 85 43 6A A8 85 42 00 00 3C 42
1787903750.143113,34680,0728,12,5C B5 82 43 90 3C 76 42 00 00 40 42
1787903750.155655,34680,0729,12,88 8C 80 43 5B 50 5F 42 00 00 44 42
1787903750.166196,34680,072a,12,0A BE 7D 43 1E 77 47 42 00 00 48 42
1787903750.176942,34680,072b,12,D9 6C 7B 43 6B A2 2F 42 00 00 4C 42
1787903750.187681,34680,072c,12,0C 33 7A 43 48 C7 18 42 00 00 50 42
1787903750.198352,34680,072d,12,8A 17 7A 43 3A CD 03 42 00 00 54 42
1787903750.209504,34680,072e,12,F0 1A 7B 43 90 16 E3 41 00 00 58 42
1787903750.220301,34680,072f,12,6C 37 7D 43 9F 78 C5 41 00 00 5C 42
1787903750.231376,34680,0730,12,85 30 80 43 9E EC AF 41 00 00 60 42
1787903750.244869,34680,0731,12,A5 42 82 43 1A 50 A3 41 00 00 64 42
1787903750.256914,34680,0732,12,3F C6 84 43 D1 22 A0 41 00 00 68 42
1787903750.267348,34680,0733,12,E0 AC 87 43 DB 85 A6 41 00 00 6C 42
1787903750.277847,34680,0734,12,DA E5 8A 43 40 37 B6 41 00 00 70 42
1787903750.288269,34680,0735,12,D6 5E 8E 43 07 98 CE 41 00 00 74 42
1787903750.298648,34680,0736,12,82 03 92 43 8D AD EE 41 00 00 78 42
1787903750.309156,34680,0737,12,19 BF 95 43 69 99 0A 42 00 00 7C 42
1787903750.319685,34680,0738,12,24 7C 99 43 C6 4E 20 42 00 00 80 42
1787903750.330652,34680,0739,12,27 25 9D 43 5A 98 37 42 00 00 82 42
1787903750.341085,34680,073a,12,44 A5 A0 43 43 8A 4F 42 00 00 84 42
1787903750.352635,34680,073b,12,FE E7 A3 43 4E 2E 67 42 00 00 86 42
1787903750.363280,34680,073c,12,C6 DA A6 43 03 95 7D 42 00 00 88 42
1787903750.374251,34680,073d,12,AA 6C A9 43 66 EC 88 42 00 00 8A 42
1787903750.384763,34680,073e,12,E4 8E AB 43 1C 95 91 42 00 00 8C 42
1787903750.395374,34680,073f,12,41 35 AD 43 EB 6C 98 42 00 00 8E 42
1787903750.405874,34680,0740,12,1A 56 AE 43 78 2D 9D 42 00 00 90 42
1787903750.416548,34680,0741,12,0C EB AE 43 A1 A6 9F 42 00 00 92 42
1787903750.427019,34680,0742,12,BF F0 AE 43 EC BE 9F 42 00 00 94 42
1787903750.437911,34680,0743,12,11 67 AE 43 84 75 9D 42 00 00 96 42
1787903750.448632,34680,0744,12,09 51 AD 43 93 E1 98 42 00 00 98 42
1787903750.459264,34680,0745,12,01 B5 AB 43 2A 32 92 42 00 00 9A 42
1787903750.469640,34680,0746,12,2F 9C A9 43 01 AB 89 42 00 00 9C 42
1787903750.480256,34680,0747,12,A1 12 A7 43 BA 46 7F 42 00 00 9E 42
1787903750.490820,34680,0748,12,EE 26 A4 43 20 04 69 42 00 00 A0 42
1787903750.530807,34680,0749,12,B3 E9 A0 43 B2 6F 51 42 00 00 A2 42
1787903750.541334,34680,074a,12,E4 6D 9D 43 E1 7B 39 42 00 00 A4 42
1787903750.552359,34680,074b,12,60 C7 99 43 4C 1B 22 42 00 00 A6 42
1787903750.562891,34680,074c,12,23 0B 96 43 7F 3D 0C 42 00 00 A8 42
1787903750.573474,34680,074d,12,A6 4E 92 43 C0 84 F1 41 00 00 AA 42
1787903750.584835,34680,074e,12,33 A7 8E 43 88 DE D0 41 00 00 AC 42
1787903750.596864,34680,074f,12,2F 2A 8B 43 07 D8 B7 41 00 00 AE 42
1787903750.608293,34680,0750,12,74 EB 87 43 BA 6E A7 41 00 00 B0 42
1787903750.619972,34680,0751,12,AB FD 84 43 47 4B A0 41 00 00 B2 42
1787903750.630804,34680,0752,12,AA 71 82 43 44 B6 A2 41 00 00 B4 42
1787903750.642664,34680,0753,12,FC 55 80 43 32 97 AE 41 00 00 B6 42
1787903750.653484,34680,0754,12,EE 6D 7D 43 EF 73 C3 41 00 00 B8 42
1787903750.664437,34680,0755,12,9F 3B 7B 43 28 79 E0 41 00 00 BA 42
1787903750.676979,34680,0756,12,A9 21 7A 43 02 3F 02 42 00 00 BC 42
1787903750.687515,34680,0757,12,61 26 7A 43 90 08 17 42 00 00 BE 42
1787903750.698107,34680,0758,12,C3 49 7B 43 B2 C6 2D 42 00 00 C0 42
1787903750.709272,34680,0759,12,25 85 7D 43 8F 8F 45 42 00 00 C2 42
1787903750.719906,34680,075a,12,DE 65 80 43 3D 72 5D 42 00 00 C4 42
1787903750.730459,34680,075b,12,58 85 82 43 02 7A 74 42 00 00 C6 42
1787903750.742438,34680,075c,12,CD 14 85 43 82 DD 84 42 00 00 C8 42
1787903750.753246,34680,075d,12,AF 05 88 43 FD 2E 8E 42 00 00 CA 42
1787903750.763719,34680,075e,12,C6 46 8B 43 A2 D1 95 42 00 00 CC 42
1787903750.774149,34680,075f,12,84 C5 8E 43 19 78 9B 42 00 00 CE 42
1787903750.785697,34680,0760,12,CF 6D 92 43 62 E8 9E 42 00 00 D0 42
1787903750.796219,34680,0761,12,A2 2A 96 43 65 FF 9F 42 00 00 D2 42
1787903750.807205,34680,0762,12,B1 E6 99 43 16 B2 9E 42 00 00 D4 42
1787903750.818038,34680,0763,12,20 8C 9D 43 DA 0D 9B 42 00 00 D6 42
1787903750.828840,34680,0764,12,2D 06 A1 43 93 37 95 42 00 00 D8 42
1787903750.839660,34680,0765,12,D9 40 A4 43 EE 6A 8D 42 00 00 DA 42
1787903750.850938,34680,0766,12,96 29 A7 43 EC F7 83 42 00 00 DC 42
1787903750.861394,34680,0767,12,C7 AF A9 43 8C 7C 72 42 00 00 DE 42
1787903750.871869,34680,0768,12,A8 C4 AB 43 80 58 5B 42 00 00 E0 42
1787903750.882356,34680,0769,12,65 5C AD 43 1E 6E 43 42 00 00 E2 42
1787903750.892921,34680,076a,12,D6 6D AE 43 61 B2 2B 42 00 00 E4 42
1787903750.903605,34680,076b,12,D8 F2 AE 43 62 18 15 42 00 00 E6 42
1787903750.919072,34680,076c,12,68 E8 AE 43 12 85 00 42 00 00 E8 42
1787903750.929725,34680,076d,12,C6 4E AE 43 FC 97 DD 41 00 00 EA 42
1787903750.943041,34680,076e,12,66 29 AD 43 58 41 C1 41 00 00 EC 42
1787903750.954473,34680,076f,12,E0 7E AB 43 FB 28 AD 41 00 00 EE 42
1787903750.965864,34680,0770,12,C7 58 A9 43 41 1C A2 41 00 00 A0 41
1787903750.977010,34680,0771,12,51 C3 A6 43 17 8B A0 41 00 00 A8 41
1787903750.989317,34680,0772,12,9D CD A3 43 9B 85 A8 41 00 00 B0 41
1787903751.000369,34680,0773,12,8F 88 A0 43 FA BA B9 41 00 00 B8 41
1787903751.010946,34680,0774,12,F3 06 9D 43 6F 7B D3 41 00 00 C0 41
1787903751.022059,34680,0775,12,F2 5C 99 43 B0 BE F4 41 00 00 C8 41
1787903751.033899,34680,0776,12,69 9F 95 43 E9 19 0E 42 00 00 D0 41
1787903751.044440,34680,0777,12,3D E4 91 43 90 22 24 42 00 00 D8 41
1787903751.055244,34680,0778,12,AF 40 8E 43 1D 9A 3B 42 00 00 E0 41
1787903751.065996,34680,0779,12,AB C9 8A 43 37 90 53 42 00 00 E8 41
1787903751.078266,34680,077a,12,1B 93 87 43 64 0F 6B 42 00 00 F0 41
1787903751.089144,34680,077b,12,56 AF 84 43 D1 94 80 42 00 00 F8 41
1787903751.100605,34680,077c,12,43 2F 82 43 D9 7D 8A 42 00 00 00 42
1787903751.112092,34680,077d,12,1A 21 80 43 66 DE 92 42 00 00 04 42
1787903751.123158,34680,077e,12,57 21 7D 43 8E 60 99 42 00 00 08 42
1787903751.134525,34680,077f,12,EB 0D 7B 43 C0 C1 9D 42 00 00 0C 42
1787903751.145569,34680,0780,12,DA 13 7A 43 A2 D5 9F 42 00 00 10 42
1787903751.156444,34680,0781,12,DC 38 7A 43 D5 86 9F 42 00 00 14 42
1787903751.167035,34680,0782,12,06 7C 7B 43 78 D8 9C 42 00 00 18 42
1787903751.178785,34680,0783,12,18 D6 7D 43 DF E5 97 42 00 00 1C 42
1787903751.190652,34680,0784,12,C6 9C 80 43 DB E1 90 42 00 00 20 42
1787903751.201349,34680,0785,12,93 C9 82 43 7C 13 88 42 00 00 24 42
1787903751.212101,34680,0786,12,BA 64 85 43 9C AA 7B 42 00 00 28 42
1787903751.223336,34680,0787,12,57 5F 88 43 22 1E 65 42 00 00 2C 42
1787903751.235478,34680,0788,12,4C A8 8B 43 71 68 4D 42 00 00 30 42
1787903751.246892,34680,0789,12,B7 2C 8F 43 7B 7C 35 42 00 00 34 42
1787903751.258034,34680,078a,12,8F D8 92 43 8E 4C 1E 42 00 00 38 42
1787903751.268860,34680,078b,12,59 96 96 43 13 C7 08 42 00 00 3C 42
1787903751.279160,34680,078c,12,C3 50 9A 43 12 8C EB 41 00 00 40 42
1787903751.290737,34680,078d,12,5E F2 9D 43 96 18 CC 41 00 00 44 42
1787903751.301745,34680,078e,12,4A 66 A1 43 7C 75 B4 41 00 00 48 42
1787903751.312416,34680,078f,12,D6 98 A4 43 2F 92 A5 41 00 00 4C 42
1787903751.323694,34680,0790,12,4B 77 A7 43 C4 07 A0 41 00 00 50 42
1787903751.335488,34680,0791,12,58 F1 A9 43 5C 0E A4 41 00 00 54 42
1787903751.346422,34680,0792,12,C0 F8 AB 43 44 7D B1 41 00 00 58 42
1787903751.356927,34680,0793,12,D8 81 AD 43 56 CA C7 41 00 00 5C 42
1787903751.368869,34680,0794,12,D7 83 AE 43 AF 13 E6 41 00 00 60 42
1787903751.379594,34680,0795,12,D7 F8 AE 43 F3 90 05 42 00 00 64 42
1787903751.391123,34680,0796,12,49 DE AE 43 D2 BE 1A 42 00 00 68 42
1787903751.401942,34680,0797,12,C4 34 AE 43 9C BA 31 42 00 00 6C 42
1787903751.412611,34680,0798,12,17 00 AD 43 CA 98 49 42 00 00 70 42
1787903751.423666,34680,0799,12,18 47 AB 43 96 67 61 42 00 00 74 42
1787903751.434191,34680,079a,12,D9 13 A9 43 38 32 78 42 00 00 78 42
1787903751.445748,34680,079b,12,EF 72 A6 43 E9 88 86 42 00 00 7C 42
1787903751.456128,34680,079c,12,76 73 A3 43 36 98 8F 42 00 00 80 42
1787903751.466920,34680,079d,12,A8 26 A0 43 49 EA 96 42 00 00 82 42
1787903751.477406,34680,079e,12,50 9F 9C 43 FC 34 9C 42 00 00 84 42
1787903751.488824,34680,079f,12,13 F2 98 43 E5 41 9F 42 00 00 86 42
1787903751.499866,34680,07a0,12,E7 33 95 43 1E F2 9F 42 00 00 88 42
1787903751.510608,34680,07a1,12,51 7A 91 43 78 3E 9E 42 00 00 8A 42
1787903751.521216,34680,07a2,12,BA DA 8D 43 84 38 9A 42 00 00 8C 42
1787903751.531674,34680,07a3,12,CA 69 8A 43 02 09 94 42 00 00 8E 42
1787903751.542397,34680,07a4,12,A6 3B 87 43 8C EF 8B 42 00 00 90 42
1787903751.553397,34680,07a5,12,65 62 84 43 2D 3E 82 42 00 00 92 42
1787903751.564769,34680,07a6,12,6A EE 81 43 39 B0 6E 42 00 00 94 42
1787903751.578011,34680,07a7,12,99 DB 7F 43 20 5A 57 42 00 00 96 42
1787903751.589509,34680,07a8,12,01 D8 7C 43 71 66 3F 42 00 00 98 42
1787903751.600707,34680,07a9,12,AE E3 7A 43 70 CB 27 42 00 00 9A 42
1787903751.613263,34680,07aa,12,AF 09 7A 43 3A 78 11 42 00 00 9C 42
1787903751.625131,34680,07ab,12,E8 4E 7A 43 39 A3 FA 41 00 00 9E 42
1787903751.636343,34680,07ac,12,CB B1 7B 43 C5 4B D8 41 00 00 A0 42
1787903751.646950,34680,07ad,12,88 2A 7E 43 F1 45 BD 41 00 00 A2 42
1787903751.658694,34680,07ae,12,54 D5 80 43 96 A7 AA 41 00 00 A4 42
1787903751.669380,34680,07af,12,12 0F 83 43 4D 2D A1 41 00 00 A6 42
1787903751.680467,34680,07b0,12,B4 B5 85 43 B7 38 A1 41 00 00 A8 42
1787903751.691262,34680,07b1,12,FC B9 88 43 D3 C8 AA 41 00 00 AA 42
1787903751.702993,34680,07b2,12,C0 0A 8C 43 C3 7C BD 41 00 00 AC 42
1787903751.714432,34680,07b3,12,98 94 8F 43 39 94 D8 41 00 00 AE 42
1787903751.726230,34680,07b4,12,58 43 93 43 CA FC FA 41 00 00 B0 42
1787903751.736758,34680,07b5,12,D4 01 97 43 2D AB 11 42 00 00 B2 42
1787903751.747675,34680,07b6,12,86 BA 9A 43 9F 01 28 42 00 00 B4 42
1787903751.758959,34680,07b7,12,38 58 9E 43 78 9F 3F 42 00 00 B6 42
1787903751.769383,34680,07b8,12,C0 C5 A1 43 E4 91 57 42 00 00 B8 42
1787903751.780211,34680,07b9,12,9B EF A4 43 53 E6 6E 42 00 00 BA 42
1787903751.791901,34680,07ba,12,99 C3 A7 43 DA 56 82 42 00 00 BC 42
1787903751.803419,34680,07bb,12,78 31 AA 43 84 04 8C 42 00 00 BE 42
1787903751.814743,34680,07bc,12,58 2B AC 43 1D 1A 94 42 00 00 C0 42
1787903751.825496,34680,07bd,12,A9 A5 AD 43 88 44 9A 42 00 00 C2 42
1787903751.836830,34680,07be,12,09 98 AE 43 4F 45 9E 42 00 00 C4 42
1787903751.848487,34680,07bf,12,06 FD AE 43 4E F3 9F 42 00 00 C6 42
1787903751.859766,34680,07c0,12,5D D2 AE 43 75 3D 9F 42 00 00 C8 42
1787903751.871162,34680,07c1,12,F4 18 AE 43 F4 2A 9C 42 00 00 CA 42
1787903751.881768,34680,07c2,12,0A D5 AC 43 63 DB 96 42 00 00 CC 42
1787903751.893845,34680,07c3,12,DF 0D AB 43 8D 84 8F 42 00 00 CE 42
1787903751.906596,34680,07c4,12,AA CD A8 43 85 71 86 42 00 00 D0 42
1787903751.917890,34680,07c5,12,5D 21 A6 43 B3 FE 77 42 00 00 D2 42
1787903751.930319,34680,07c6,12,2B 18 A3 43 B4 2F 61 42 00 00 D4 42
1787903751.941069,34680,07c7,12,D8 C3 9F 43 8F 60 49 42 00 00 D6 42
1787903751.952838,34680,07c8,12,62 37 9C 43 71 82 31 42 00 00 D8 42
1787903751.964241,34680,07c9,12,30 87 98 43 E4 89 1A 42 00 00 DA 42
1787903751.975713,34680,07ca,12,75 C8 94 43 26 62 05 42 00 00 DC 42
1787903751.986759,34680,07cb,12,88 10 91 43 03 C3 E5 41 00 00 DE 42
1787903751.998011,34680,07cc,12,2C 75 8D 43 67 8C C7 41 00 00 E0 42
1787903752.008701,34680,07cd,12,EC 0A 8A 43 84 52 B1 41 00 00 E2 42
1787903752.019407,34680,07ce,12,6A E5 86 43 88 F9 A3 41 00 00 E4 42
1787903752.031391,34680,07cf,12,BB 16 84 43 A9 09 A0 41 00 00 E6 42
1787903752.041979,34680,07d0,12,E7 AE 81 43 C8 AA A5 41 00 00 E8 42
1787903752.053169,34680,07d1,12,02 78 7F 43 04 A3 B4 41 00 00 EA 42
1787903752.063730,34680,07d2,12,36 92 7C 43 BA 5A CC 41 00 00 EC 42
1787903752.074628,34680,07d3,12,13 BD 7A 43 6C DF EB 41 00 00 EE 42
1787903752.085148,34680,07d4,12,20 03 7A 43 E6 F6 08 42 00 00 A0 41
1787903752.096577,34680,07d5,12,98 68 7A 43 2E 82 1E 42 00 00 A8 41
1787903752.108760,34680,07d6,12,29 EB 7B 43 0C B4 35 42 00 00 B0 41
1787903752.120014,34680,07d7,12,22 82 7E 43 8D A1 4D 42 00 00 B8 41
1787903752.131137,34680,07d8,12,50 0F 81 43 94 55 65 42 00 00 C0 41
1787903752.141623,34680,07d9,12,F0 55 83 43 58 DD 7B 42 00 00 C8 41
1787903752.153406,34680,07da,12,03 08 86 43 50 2A 88 42 00 00 D0 41
1787903752.165351,34680,07db,12,C1 15 89 43 7F F4 90 42 00 00 D8 41
1787903752.177291,34680,07dc,12,BE 6D 8C 43 32 F4 97 42 00 00 E0 41
1787903752.188025,34680,07dd,12,C1 FC 8F 43 96 E1 9C 42 00 00 E8 41
1787903752.198515,34680,07de,12,54 AE 93 43 54 8A 9F 42 00 00 F0 41
1787903752.210130,34680,07df,12,6E 6D 97 43 7C D3 9F 42 00 00 F8 41
1787903752.220685,34680,07e0,12,22 24 9B 43 1C BA 9D 42 00 00 00 42
1787903752.231290,34680,07e1,12,48 BD 9E 43 79 53 99 42 00 00 04 42
1787903752.241697,34680,07e2,12,30 24 A2 43 88 CC 92 42 00 00 08 42
1787903752.252538,34680,07e3,12,4C 45 A5 43 43 68 8A 42 00 00 0C 42
1787903752.263276,34680,07e4,12,C1 0E A8 43 AC 7B 80 42 00 00 10 42
1787903752.274786,34680,07e5,12,3F 70 AA 43 98 D9 6A 42 00 00 14 42
1787903752.285343,34680,07e6,12,3F 5C AC 43 4E 57 53 42 00 00 18 42
1787903752.295906,34680,07e7,12,B3 C7 AD 43 41 61 3B 42 00 00 1C 42
1787903752.306813,34680,07e8,12,73 AA AE 43 EA EC 23 42 00 00 20 42
1787903752.317540,34680,07e9,12,67 FF AE 43 DC E7 0D 42 00 00 24 42
1787903752.329269,34680,07ea,12,9F C4 AE 43 FE 68 F4 41 00 00 28 42
1787903752.340282,34680,07eb,12,74 FB AD 43 C1 34 D3 41 00 00 2C 42
1787903752.351218,34680,07ec,12,6B A8 AC 43 91 87 B9 41 00 00 30 42
1787903752.361942,34680,07ed,12,20 D3 AA 43 00 68 A8 41 00 00 34 42
1787903752.372650,34680,07ee,12,FE 85 A8 43 83 83 A0 41 00 00 38 42
1787903752.383071,34680,07ef,12,7A CE A5 43 3D 2B A2 41 00 00 3C 42
1787903752.394028,34680,07f0,12,18 BC A2 43 6D 4E AD 41 00 00 40 42
1787903752.405103,34680,07f1,12,80 60 9F 43 81 7B C1 41 00 00 44 42
1787903752.415653,34680,07f2,12,01 CF 9B 43 4A E3 DD 41 00 00 48 42
1787903752.427612,34680,07f3,12,EC 1B 98 43 06 B3 00 42 00 00 4C 42
1787903752.439525,34680,07f4,12,E7 5C 94 43 54 4B 15 42 00 00 50 42
1787903752.450244,34680,07f5,12,4C A7 90 43 F2 E9 2B 42 00 00 54 42
1787903752.461705,34680,07f6,12,6C 10 8D 43 3F A7 43 42 00 00 58 42
1787903752.473309,34680,07f7,12,EC AC 89 43 FE 8F 5B 42 00 00 5C 42
1787903752.484918,34680,07f8,12,1E 90 86 43 FE B1 72 42 00 00 60 42
1787903752.496249,34680,07f9,12,3A CC 83 43 B4 0F 84 42 00 00 64 42
1787903752.508332,34680,07fa,12,FA 70 81 43 98 7F 8D 42 00 00 68 42
1787903752.519328,34680,07fb,12,D2 17 7F 43 E6 47 95 42 00 00 6C 42
1787903752.530565,34680,07fc,12,DA 4F 7C 43 02 19 9B 42 00 00 70 42
1787903752.540997,34680,07fd,12,F7 99 7A 43 FD B7 9E 42 00 00 74 42
1787903752.553202,34680,07fe,12,2E 00 7A 43 9E FF 9F 42 00 00 78 42
1787903752.563933,34680,07ff,12,D2 85 7A 43 EE E2 9E 42 00 00 7C 42
1787903752.575091,34680,0800,12,E6 27 7C 43 2D 6D 9B 42 00 00 80 42
1787903752.586283,34680,0801,12,05 DD 7E 43 F1 C1 95 42 00 00 82 42
1787903752.597431,34680,0802,12,EC 4A 81 43 A4 1A 8E 42 00 00 84 42
1787903752.608997,34680,0803,12,49 9E 83 43 F9 C5 84 42 00 00 86 42
1787903752.619970,34680,0804,12,53 5B 86 43 E4 44 74 42 00 00 88 42
1787903752.632090,34680,0805,12,4A 72 89 43 FA 39 5D 42 00 00 8A 42
1787903752.642421,34680,0806,12,6D D1 8C 43 57 57 45 42 00 00 8C 42
1787903752.653347,34680,0807,12,89 65 90 43 EB 8E 2D 42 00 00 8E 42
1787903752.663730,34680,0808,12,AD 19 94 43 40 D5 16 42 00 00 90 42
1787903752.675276,34680,0809,12,BC D8 97 43 84 10 02 42 00 00 92 42
1787903752.685980,34680,080a,12,2E 8D 9B 43 42 2B E0 41 00 00 94 42
1787903752.698556,34680,080b,12,B6 21 9F 43 31 39 C3 41 00 00 96 42
1787903752.710509,34680,080c,12,EA 81 A2 43 09 70 AE 41 00 00 98 42
1787903752.722672,34680,080d,12,09 9A A5 43 82 A5 A2 41 00 00 9A 42
1787903752.733125,34680,080e,12,77 58 A8 43 0B 51 A0 41 00 00 9C 42
1787903752.744094,34680,080f,12,6E AD AA 43 10 8B A7 41 00 00 9E 42
1787903752.755973,34680,0810,12,87 8B AC 43 FD 08 B8 41 00 00 A0 42
1787903752.767291,34680,0811,12,14 E8 AD 43 C4 23 D1 41 00 00 A2 42
1787903752.779232,34680,0812,12,1C BB AE 43 46 D9 F1 41 00 00 A4 42
1787903752.790728,34680,0813,12,F8 FF AE 43 19 6F 0C 42 00 00 A6 42
1787903752.802508,34680,0814,12,1C B5 AE 43 8E 51 22 42 00 00 A8 42
1787903752.813580,34680,0815,12,37 DC AD 43 B5 B3 39 42 00 00 AA 42
1787903752.824629,34680,0816,12,12 7A AC 43 B0 A8 51 42 00 00 AC 42
1787903752.835724,34680,0817,12,C5 96 AA 43 2D 3A 69 42 00 00 AE 42
1787903752.846615,34680,0818,12,1B 3D A8 43 72 79 7F 42 00 00 B0 42
1787903752.858804,34680,0819,12,98 7A A5 43 3D C1 89 42 00 00 B2 42
1787903752.869278,34680,081a,12,19 5F A2 43 16 44 92 42 00 00 B4 42
1787903752.881131,34680,081b,12,4D FC 9E 43 0E EF 98 42 00 00 B6 42
1787903752.891811,34680,081c,12,04 66 9B 43 96 7D 9D 42 00 00 B8 42
1787903752.903229,34680,081d,12,B2 B0 97 43 86 C1 9F 42 00 00 BA 42
1787903752.914984,34680,081e,12,A9 F1 93 43 86 A3 9F 42 00 00 BC 42
1787903752.926323,34680,081f,12,72 3E 90 43 EC 24 9D 42 00 00 BE 42
1787903752.936901,34680,0820,12,23 AC 8C 43 FE 5E 98 42 00 00 C0 42
1787903752.947620,34680,0821,12,A5 4F 89 43 CE 82 91 42 00 00 C2 42
1787903752.958108,34680,0822,12,18 3C 86 43 DA D5 88 42 00 00 C4 42
1787903752.970938,34680,0823,12,2C 83 83 43 D6 61 7D 42 00 00 C6 42
1787903752.981879,34680,0824,12,89 34 81 43 FD F7 66 42 00 00 C8 42
1787903752.993934,34680,0825,12,B6 BA 7E 43 33 51 4F 42 00 00 CA 42
1787903753.005712,34680,0826,12,D2 10 7C 43 A7 60 37 42 00 00 CC 42
1787903753.016581,34680,0827,12,7E 7A 7A 43 D6 18 20 42 00 00 CE 42
1787903753.027845,34680,0828,12,DA 00 7A 43 51 68 0A 42 00 00 D0 42
1787903753.039694,34680,0829,12,A1 A6 7A 43 5A 5A EE 41 00 00 D2 42
1787903753.050391,34680,082a,12,38 68 7C 43 6A 54 CE 41 00 00 D4 42
1787903753.061054,34680,082b,12,58 3B 7F 43 16 08 B6 41 00 00 D6 42
1787903753.072941,34680,082c,12,EB 87 81 43 7C 6B A6 41 00 00 D8 42
1787903753.086097,34680,082d,12,D5 E7 83 43 13 1F A0 41 00 00 DA 42
1787903753.097683,34680,082e,12,C4 AF 86 43 D3 62 A3 41 00 00 DC 42
1787903753.108325,34680,082f,12,E8 CF 89 43 AC 15 B0 41 00 00 DE 42
1787903753.118960,34680,0830,12,F5 35 8D 43 0D B5 C5 41 00 00 E0 42
1787903753.130410,34680,0831,12,88 CE 90 43 EF 65 E3 41 00 00 E2 42
1787903753.141557,34680,0832,12,F6 84 94 43 4C FC 03 42 00 00 E4 42
1787903753.152170,34680,0833,12,E8 43 98 43 00 FB 18 42 00 00 E6 42
1787903753.162633,34680,0834,12,04 F6 9B 43 68 DA 2F 42 00 00 E8 42
1787903753.173315,34680,0835,12,AA 85 9F 43 59 AF 47 42 00 00 EA 42
1787903753.183996,34680,0836,12,92 DE A2 43 6D 88 5F 42 00 00 EC 42
1787903753.194791,34680,0837,12,7E ED A5 43 4C 71 76 42 00 00 EE 42
1787903753.205718,34680,0838,12,DA A0 A8 43 AC BF 85 42 00 00 A0 41
1787903753.217630,34680,0839,12,3B E9 AA 43 A7 EE 8E 42 00 00 A8 41
1787903753.228137,34680,083a,12,44 B9 AC 43 2A 67 96 42 00 00 B0 41
1787903753.240285,34680,083b,12,AB 06 AE 43 87 DD 9B 42 00 00 B8 41
1787903753.251416,34680,083c,12,F3 C9 AE 43 AA 19 9F 42 00 00 C0 41
1787903753.262115,34680,083d,12,BA FE AE 43 92 FA 9F 42 00 00 C8 41
1787903753.272901,34680,083e,12,C8 A3 AE 43 59 77 9E 42 00 00 D0 41
1787903753.284328,34680,083f,12,32 BB AD 43 8A 9F 9A 42 00 00 D8 41
1787903753.296732,34680,0840,12,2E 4A AC 43 15 9A 94 42 00 00 E0 41
1787903753.307301,34680,0841,12,07 59 AA 43 8A A4 8C 42 00 00 E8 41
1787903753.317796,34680,0842,12,E7 F2 A7 43 8C 10 83 42 00 00 F0 41
1787903753.328276,34680,0843,12,70 25 A5 43 43 7E 70 42 00 00 F8 41
1787903753.339759,34680,0844,12,0A 01 A2 43 09 3F 59 42 00 00 00 42
1787903753.350329,34680,0845,12,A1 97 9E 43 E4 4E 41 42 00 00 04 42
1787903753.360883,34680,0846,12,D4 FC 9A 43 0D A3 29 42 00 00 08 42
1787903753.371507,34680,0847,12,5A 45 97 43 FA 2D 13 42 00 00 0C 42
1787903753.381926,34680,0848,12,60 86 93 43 46 A6 FD 41 00 00 10 42
1787903753.392569,34680,0849,12,D2 D5 8F 43 A6 C7 DA 41 00 00 14 42
1787903753.402962,34680,084a,12,B6 48 8C 43 48 21 BF 41 00 00 18 42
1787903753.413397,34680,084b,12,74 F3 88 43 E1 CE AB 41 00 00 1C 42
1787903753.423747,34680,084c,12,35 E9 85 43 E2 95 A1 41 00 00 20 42
1787903753.434123,34680,084d,12,54 3B 83 43 D7 DD A0 41 00 00 24 42
1787903753.444482,34680,084e,12,7E F9 80 43 24 AE A9 41 00 00 28 42
1787903753.455642,34680,084f,12,0C 61 7E 43 83 AD BB 41 00 00 2C 42
1787903753.466503,34680,0850,12,60 D5 7B 43 16 24 D6 41 00 00 30 42
1787903753.477381,34680,0851,12,9A 5E 7A 43 4D 02 F8 41 00 00 34 42
1787903753.490322,34680,0852,12,26 05 7A 43 8D F8 0F 42 00 00 38 42
1787903753.500764,34680,0853,12,12 CB 7A 43 F2 2A 26 42 00 00 3C 42
1787903753.511686,34680,0854,12,DD AB 7C 43 81 B7 3D 42 00 00 40 42
1787903753.522181,34680,0855,12,BD 9C 7F 43 06 AD 55 42 00 00 44 42
1787903753.533476,34680,0856,12,65 C6 81 43 0F 16 6D 42 00 00 48 42
1787903753.544760,34680,0857,12,D3 32 84 43 BE 82 81 42 00 00 4C 42
1787903753.555132,34680,0858,12,79 05 87 43 E1 4C 8B 42 00 00 50 42
1787903753.567148,34680,0859,12,3C 2E 8A 43 48 86 93 42 00 00 54 42
1787903753.577407,34680,085a,12,F0 9A 8D 43 97 DA 99 42 00 00 58 42
1787903753.588374,34680,085b,12,E8 37 91 43 16 09 9E 42 00 00 5C 42
1787903753.599494,34680,085c,12,8E F0 94 43 6A E7 9F 42 00 00 60 42
1787903753.612440,34680,085d,12,1B AF 98 43 5C 62 9F 42 00 00 64 42
1787903753.622945,34680,085e,12,3B 5E 9C 43 30 7F 9C 42 00 00 68 42
1787903753.633499,34680,085f,12,BE E8 9F 43 57 5B 97 42 00 00 6C 42
1787903753.644535,34680,0860,12,4B 3A A3 43 9B 2B 90 42 00 00 70 42
1787903753.655652,34680,0861,12,F3 3F A6 43 C7 38 87 42 00 00 74 42
1787903753.666715,34680,0862,12,06 E8 A8 43 B8 BD 79 42 00 00 78 42
1787903753.678541,34680,0863,12,68 23 AB 43 69 0D 63 42 00 00 7C 42
1787903753.689129,34680,0864,12,46 E5 AC 43 FA 48 4B 42 00 00 80 42
1787903753.700302,34680,0865,12,85 23 AE 43 EE 63 33 42 00 00 82 42
1787903753.711200,34680,0866,12,06 D7 AE 43 51 50 1C 42 00 00 84 42
1787903753.723089,34680,0867,12,AC FB AE 43 67 FB 06 42 00 00 86 42
1787903753.734120,34680,0868,12,B4 90 AE 43 86 7A E8 41 00 00 88 42
1787903753.744613,34680,0869,12,84 98 AD 43 29 AC C9 41 00 00 8A 42
1787903753.755438,34680,086a,12,AE 18 AC 43 E2 C6 B2 41 00 00 8C 42
1787903753.766081,34680,086b,12,B4 19 AA 43 9C B2 A4 41 00 00 8E 42
1787903753.777237,34680,086c,12,44 A7 A7 43 19 00 A0 41 00 00 90 42
1787903753.788423,34680,086d,12,58 CF A4 43 EF DE A4 41 00 00 92 42
1787903753.799477,34680,086e,12,48 A2 A1 43 C4 1D B3 41 00 00 94 42
1787903753.810993,34680,086f,12,57 32 9E 43 22 2A CA 41 00 00 96 42
1787903753.822435,34680,0870,12,16 93 9A 43 91 1A E9 41 00 00 98 42
1787903753.833286,34680,0871,12,B8 D9 96 43 7B 58 07 42 00 00 9A 42
1787903753.844625,34680,0872,12,76 1B 93 43 49 B8 1C 42 00 00 9C 42
1787903753.856380,34680,0873,12,D6 6D 8F 43 DC D1 33 42 00 00 9E 42
1787903753.869099,34680,0874,12,FC E5 8B 43 7A B8 4B 42 00 00 A0 42
1787903753.880046,34680,0875,12,0A 98 88 43 0C 7A 63 42 00 00 A2 42
1787903753.890834,34680,0876,12,57 97 85 43 4D 22 7A 42 00 00 A4 42
1787903753.901445,34680,0877,12,F8 F4 82 43 DF 65 87 42 00 00 A6 42
1787903753.912336,34680,0878,12,13 C0 80 43 48 51 90 42 00 00 A8 42
1787903753.923640,34680,0879,12,AE 0A 7E 43 18 78 97 42 00 00 AA 42
1787903753.935385,34680,087a,12,50 9D 7B 43 DE 91 9C 42 00 00 AC 42
1787903753.946712,34680,087b,12,42 46 7A 43 2A 6A 9F 42 00 00 AE 42
1787903753.958879,34680,087c,12,0F 0D 7A 43 28 E4 9F 42 00 00 B0 42
1787903753.969605,34680,087d,12,01 F3 7A 43 D5 FA 9D 42 00 00 B2 42
1787903753.981301,34680,087e,12,EE F2 7C 43 E8 C1 99 42 00 00 B4 42
1787903753.991929,34680,087f,12,C3 00 80 43 27 64 93 42 00 00 B6 42
1787903754.002609,34680,0880,12,73 06 82 43 06 23 8B 42 00 00 B8 42
1787903754.013548,34680,0881,12,F7 7E 84 43 21 52 81 42 00 00 BA 42
1787903754.026205,34680,0882,12,1C 5C 87 43 E8 AB 6C 42 00 00 BC 42
1787903754.036647,34680,0883,12,6A 8D 8A 43 2D 3E 55 42 00 00 BE 42
1787903754.047136,34680,0884,12,B7 00 8E 43 61 48 3D 42 00 00 C0 42
1787903754.057738,34680,0885,12,D1 A1 91 43 E0 C0 25 42 00 00 C2 42
1787903754.069123,34680,0886,12,07 5C 95 43 00 96 0F 42 00 00 C4 42
1787903754.080965,34680,0887,12,EB 19 99 43 E5 55 F7 41 00 00 C6 42
1787903754.092923,34680,0888,12,FC C5 9C 43 3F 97 D5 41 00 00 C8 42
1787903754.106055,34680,0889,12,49 4B A0 43 DB 45 BB 41 00 00 CA 42
1787903754.116637,34680,088a,12,3A 95 A3 43 53 70 A9 41 00 00 CC 42
1787903754.128497,34680,088b,12,14 91 A6 43 4D CB A0 41 00 00 CE 42
1787903754.139060,34680,088c,12,B2 2D A9 43 E3 AF A1 41 00 00 D0 42
1787903754.150712,34680,088d,12,0E 5C AB 43 62 14 AC 41 00 00 D2 42
1787903754.161580,34680,088e,12,B4 0F AD 43 85 8F BF 41 00 00 D4 42
1787903754.172729,34680,088f,12,AE 3E AE 43 FE 58 DB 41 00 00 D6 42
1787903754.184839,34680,0890,12,46 E2 AE 43 58 57 FE 41 00 00 D8 42
1787903754.195995,34680,0891,12,D1 F6 AE 43 3A 92 13 42 00 00 DA 42
1787903754.207846,34680,0892,12,DA 7B AE 43 06 0F 2A 42 00 00 DC 42
1787903754.218882,34680,0893,12,10 74 AD 43 48 BE 41 42 00 00 DE 42
1787903754.229776,34680,0894,12,7D E5 AB 43 79 AC 59 42 00 00 E0 42
1787903754.241873,34680,0895,12,0A D9 A9 43 34 E7 70 42 00 00 E2 42
1787903754.252840,34680,0896,12,7D 5A A7 43 37 40 83 42 00 00 E4 42
1787903754.263769,34680,0897,12,2D 78 A4 43 80 CD 8C 42 00 00 E6 42
1787903754.274811,34680,0898,12,82 42 A1 43 B5 BA 94 42 00 00 E8 42
1787903754.285815,34680,0899,12,45 CC 9D 43 56 B6 9A 42 00 00 EA 42
1787903754.297671,34680,089a,12,34 29 9A 43 C7 83 9E 42 00 00 EC 42
1787903754.308966,34680,089b,12,38 6E 96 43 F4 FB 9F 42 00 00 EE 42
1787903754.321256,34680,089c,12,C2 B0 92 43 F2 0F 9F 42 00 00 A0 41
1787903754.332434,34680,089d,12,22 06 8F 43 16 C9 9B 42 00 00 A8 41
1787903754.343711,34680,089e,12,CF 83 8B 43 13 49 96 42 00 00 B0 41
1787903754.355063,34680,089f,12,C2 3D 88 43 9E C7 8E 42 00 00 B8 41
1787903754.367025,34680,08a0,12,CE 46 85 43 80 91 85 42 00 00 C0 41
1787903754.377670,34680,08a1,12,FD AF 82 43 5C 0A 76 42 00 00 C8 41
1787903754.388926,34680,08a2,12,19 88 80 43 00 1B 5F 42 00 00 D0 41
1787903754.400568,34680,08a3,12,7D B7 7D 43 BD 40 47 42 00 00 D8 41
1787903754.411447,34680,08a4,12,DA 68 7B 43 2E 6D 2F 42 00 00 E0 41
1787903754.422680,34680,08a5,12,8D 31 7A 43 72 94 18 42 00 00 E8 41
1787903754.433547,34680,08a6,12,93 18 7A 43 82 A0 03 42 00 00 F0 41
1787903754.445131,34680,08a7,12,90 1E 7B 43 36 CB E2 41 00 00 F8 41
1787903754.456644,34680,08a8,12,88 3D 7D 43 58 3E C5 41 00 00 00 42
1787903754.468449,34680,08a9,12,A8 34 80 43 C0 C5 AF 41 00 00 04 42
1787903754.479046,34680,08aa,12,D5 47 82 43 E1 3D A3 41 00 00 08 42
1787903754.489638,34680,08ab,12,60 CC 84 43 92 26 A0 41 00 00 0C 42
1787903754.501891,34680,08ac,12,F6 B3 87 43 23 9F A6 41 00 00 10 42
1787903754.512576,34680,08ad,12,99 ED 8A 43 09 65 B6 41 00 00 14 42
1787903754.523305,34680,08ae,12,E2 66 8E 43 82 D8 CE 41 00 00 18 42
1787903754.534704,34680,08af,12,DA 0B 92 43 88 FF EE 41 00 00 1C 42
1787903754.545855,34680,08b0,12,8B C7 95 43 28 C8 0A 42 00 00 20 42
1787903754.556298,34680,08b1,12,B3 84 99 43 1C 82 20 42 00 00 24 42
1787903754.567014,34680,08b2,12,6F 2D 9D 43 3A CE 37 42 00 00 28 42
1787903754.579292,34680,08b3,12,E8 AC A0 43 88 C0 4F 42 00 00 2C 42
1787903754.591476,34680,08b4,12,02 EF A3 43 B5 63 67 42 00 00 30 42
1787903754.602058,34680,08b5,12,03 E1 A6 43 A6 C5 7D 42 00 00 34 42
1787903754.612592,34680,08b6,12,1A 72 A9 43 D2 01 89 42 00 00 38 42
1787903754.623976,34680,08b7,12,43 93 AB 43 C5 A6 91 42 00 00 3C 42
1787903754.637026,34680,08b8,12,64 38 AD 43 1E 7A 98 42 00 00 40 42
1787903754.648369,34680,08b9,12,08 58 AE 43 D4 35 9D 42 00 00 44 42
1787903754.658946,34680,08ba,12,BA EB AE 43 88 A9 9F 42 00 00 48 42
1787903754.669408,34680,08bb,12,25 F0 AE 43 66 BC 9F 42 00 00 4C 42
1787903754.679857,34680,08bc,12,2F 65 AE 43 AA 6D 9D 42 00 00 50 42
1787903754.691724,34680,08bd,12,FB 4D AD 43 B5 D4 98 42 00 00 54 42
1787903754.702623,34680,08be,12,CE B0 AB 43 7F 20 92 42 00 00 58 42
1787903754.713459,34680,08bf,12,F0 96 A9 43 D4 95 89 42 00 00 5C 42
1787903754.724953,34680,08c0,12,50 0C A7 43 70 16 7F 42 00 00 60 42
1787903754.735534,34680,08c1,12,CD 1F A4 43 D5 CF 68 42 00 00 64 42
1787903754.747046,34680,08c2,12,18 E2 A0 43 7B 39 51 42 00 00 68 42
1787903754.757541,34680,08c3,12,D3 65 9D 43 F9 44 39 42 00 00 6C 42
1787903754.769506,34680,08c4,12,06 BF 99 43 B6 E7 21 42 00 00 70 42
1787903754.780134,34680,08c5,12,7E 02 96 43 5C 0E 0C 42 00 00 74 42
1787903754.791040,34680,08c6,12,19 46 92 43 23 33 F1 41 00 00 78 42
1787903754.802098,34680,08c7,12,21 9F 8E 43 D4 9C D0 41 00 00 7C 42
1787903754.814138,34680,08c8,12,92 22 8B 43 0A A8 B7 41 00 00 80 42
1787903754.825049,34680,08c9,12,7A E4 87 43 F7 53 A7 41 00 00 82 42
1787903754.835963,34680,08ca,12,56 F7 84 43 FE 45 A0 41 00 00 84 42
1787903754.847106,34680,08cb,12,48 6C 82 43 AA C6 A2 41 00 00 86 42
1787903754.859390,34680,08cc,12,C5 51 80 43 A1 BC AE 41 00 00 88 42
1787903754.870395,34680,08cd,12,CB 67 7D 43 E4 AD C3 41 00 00 8A 42
1787903754.881677,34680,08ce,12,E7 37 7B 43 67 C3 E0 41 00 00 8C 42
1787903754.893316,34680,08cf,12,6B 20 7A 43 48 6B 02 42 00 00 8E 42
1787903754.904799,34680,08d0,12,BA 27 7A 43 3B 3A 17 42 00 00 90 42
1787903754.915638,34680,08d1,12,95 4D 7B 43 C6 FB 2D 42 00 00 92 42
1787903754.926875,34680,08d2,12,62 8B 7D 43 DE C6 45 42 00 00 94 42
1787903754.938479,34680,08d3,12,20 6A 80 43 BC A7 5D 42 00 00 96 42
1787903754.950175,34680,08d4,12,C4 8A 82 43 80 AC 74 42 00 00 98 42
1787903754.960911,34680,08d5,12,2B 1B 85 43 3E F4 84 42 00 00 9A 42
1787903754.971623,34680,08d6,12,B1 0C 88 43 4E 42 8E 42 00 00 9C 42
1787903754.982704,34680,08d7,12,69 4E 8B 43 06 E1 95 42 00 00 9E 42
1787903754.993951,34680,08d8,12,9A CD 8E 43 71 82 9B 42 00 00 A0 42
1787903755.005219,34680,08d9,12,5D 76 92 43 86 ED 9E 42 00 00 A2 42
1787903755.016083,34680,08da,12,46 33 96 43 21 FF 9F 42 00 00 A4 42
1787903755.027926,34680,08db,12,09 EF 99 43 6D AC 9E 42 00 00 A6 42
1787903755.038499,34680,08dc,12,2E 94 9D 43 D5 02 9B 42 00 00 A8 42
1787903755.049529,34680,08dd,12,C1 0D A1 43 00 28 95 42 00 00 AA 42
1787903755.059911,34680,08de,12,F2 47 A4 43 3D 57 8D 42 00 00 AC 42
1787903755.070775,34680,08df,12,DD 2F A7 43 E7 E0 83 42 00 00 AE 42
1787903755.081816,34680,08e0,12,FB B4 A9 43 AC 49 72 42 00 00 B0 42
1787903755.093119,34680,08e1,12,CE C8 AB 43 E6 21 5B 42 00 00 B2 42
1787903755.104161,34680,08e2,12,66 5F AD 43 C7 37 43 42 00 00 B4 42
1787903755.116378,34680,08e3,12,AB 6F AE 43 8B 7D 2B 42 00 00 B6 42
1787903755.127455,34680,08e4,12,64 F3 AE 43 28 E7 14 42 00 00 B8 42
1787903755.138066,34680,08e5,12,AE E7 AE 43 6B 59 00 42 00 00 BA 42
1787903755.148812,34680,08e6,12,CB 4C AE 43 0E 4E DD 41 00 00 BC 42
1787903755.159324,34680,08e7,12,37 26 AD 43 31 0A C1 41 00 00 BE 42
1787903755.170764,34680,08e8,12,75 7A AB 43 8D 05 AD 41 00 00 C0 42
1787903755.183952,34680,08e9,12,4D 53 A9 43 F6 0D A2 41 00 00 C2 42
1787903755.195057,34680,08ea,12,0C BD A6 43 81 92 A0 41 00 00 C4 42
1787903755.206634,34680,08eb,12,91 C6 A3 43 EC A2 A8 41 00 00 C6 42
1787903755.217224,34680,08ec,12,E5 80 A0 43 0F EC B9 41 00 00 C8 42
1787903755.229214,34680,08ed,12,A7 FE 9C 43 D2 BE D3 41 00 00 CA 42
1787903755.240091,34680,08ee,12,61 54 99 43 B0 11 F5 41 00 00 CC 42
1787903755.253189,34680,08ef,12,F6 96 95 43 90 49 0E 42 00 00 CE 42
1787903755.264630,34680,08f0,12,E8 DB 91 43 5E 57 24 42 00 00 D0 42
1787903755.275292,34680,08f1,12,A7 38 8E 43 35 D0 3B 42 00 00 D2 42
1787903755.285896,34680,08f2,12,F2 C1 8A 43 56 C6 53 42 00 00 D4 42
1787903755.298028,34680,08f3,12,0D 8C 87 43 62 43 6B 42 00 00 D6 42
1787903755.309328,34680,08f4,12,3E A9 84 43 B6 AC 80 42 00 00 D8 42
1787903755.320492,34680,08f5,12,1D 2A 82 43 0C 93 8A 42 00 00 DA 42
1787903755.332468,34680,08f6,12,03 1D 80 43 5B EF 92 42 00 00 DC 42
1787903755.344900,34680,08f7,12,54 1B 7D 43 F3 6C 99 42 00 00 DE 42
1787903755.355700,34680,08f8,12,66 0A 7B 43 18 C9 9D 42 00 00 E0 42
1787903755.367770,34680,08f9,12,EC 12 7A 43 A0 D7 9F 42 00 00 E2 42
1787903755.380919,34680,08fa,12,76 3A 7A 43 57 83 9F 42 00 00 E4 42
1787903755.392413,34680,08fb,12,1F 80 7B 43 BE CF 9C 42 00 00 E6 42
1787903755.403940,34680,08fc,12,BE DC 7D 43 34 D8 97 42 00 00 E8 42
1787903755.414642,34680,08fd,12,41 A1 80 43 CB CF 90 42 00 00 EA 42
1787903755.425310,34680,08fe,12,FC CE 82 43 BF FD 87 42 00 00 EC 42
1787903755.435843,34680,08ff,12,0B 6B 85 43 A9 78 7B 42 00 00 EE 42
1787903755.446367,34680,0900,12,6D 66 88 43 5D E9 64 42 00 00 A0 41
1787903755.456755,34680,0901,12,2C B0 8B 43 1D 32 4D 42 00 00 A8 41
1787903755.467900,34680,0902,12,08 35 8F 43 C2 46 35 42 00 00 B0 41
1787903755.479022,34680,0903,12,F1 E0 92 43 94 19 1E 42 00 00 B8 41
1787903755.490257,34680,0904,12,CB 9E 96 43 15 98 08 42 00 00 C0 41
1787903755.501004,34680,0905,12,15 59 9A 43 EB 3C EB 41 00 00 C8 41
1787903755.511388,34680,0906,12,8F FA 9D 43 D5 D9 CB 41 00 00 D0 41
1787903755.522034,34680,0907,12,FA 6D A1 43 A1 49 B4 41 00 00 D8 41
1787903755.533897,34680,0908,12,B1 9F A4 43 FB 7A A5 41 00 00 E0 41
1787903755.544535,34680,0909,12,55 7D A7 43 1C 06 A0 41 00 00 E8 41
1787903755.556296,34680,090a,12,6F F6 A9 43 5D 22 A4 41 00 00 F0 41
1787903755.567070,34680,090b,12,DE FC AB 43 1D A6 B1 41 00 00 F8 41
1787903755.577642,34680,090c,12,C8 84 AD 43 65 06 C8 41 00 00 00 42
1787903755.589315,34680,090d,12,7E 85 AE 43 8F 60 E6 41 00 00 04 42
1787903755.599855,34680,090e,12,3C F9 AE 43 0C BF 05 42 00 00 08 42
1787903755.611063,34680,090f,12,6A DD AE 43 34 F1 1A 42 00 00 0C 42
1787903755.623581,34680,0910,12,99 32 AE 43 0E F0 31 42 00 00 10 42
1787903755.634626,34680,0911,12,B3 FC AC 43 2A CF 49 42 00 00 14 42
1787903755.645386,34680,0912,12,A7 42 AB 43 BA 9C 61 42 00 00 18 42
1787903755.657131,34680,0913,12,62 0E A9 43 DC 64 78 42 00 00 1C 42
1787903755.667477,34680,0914,12,92 6C A6 43 22 9F 86 42 00 00 20 42
1787903755.677919,34680,0915,12,2C 6C A3 43 E0 AA 8F 42 00 00 24 42
1787903755.688356,34680,0916,12,C2 1E A0 43 A6 F8 96 42 00 00 28 42
1787903755.699210,34680,0917,12,2A 97 9C 43 79 3E 9C 42 00 00 2C 42
1787903755.710011,34680,0918,12,AF E9 98 43 35 46 9F 42 00 00 30 42
1787903755.720651,34680,0919,12,76 2B 95 43 F0 F0 9F 42 00 00 34 42
1787903755.731641,34680,091a,12,D1 71 91 43 EA 37 9E 42 00 00 38 42
1787903755.742524,34680,091b,12,8E D2 8D 43 DA 2C 9A 42 00 00 3C 42
1787903755.754391,34680,091c,12,4E 62 8A 43 B2 F8 93 42 00 00 40 42
1787903755.765316,34680,091d,12,D5 34 87 43 E4 DA 8B 42 00 00 44 42
1787903755.776743,34680,091e,12,68 5C 84 43 AE 26 82 42 00 00 48 42
1787903755.789155,34680,091f,12,43 E9 81 43 BB 7C 6E 42 00 00 4C 42
1787903755.799646,34680,0920,12,7E D3 7F 43 30 24 57 42 00 00 50 42
1787903755.811119,34680,0921,12,66 D2 7C 43 34 30 3F 42 00 00 54 42
1787903755.822325,34680,0922,12,85 E0 7A 43 2A 96 27 42 00 00 58 42
1787903755.833469,34680,0923,12,0A 09 7A 43 CE 47 11 42 00 00 5C 42
1787903755.845366,34680,0924,12,D5 50 7A 43 26 4E FA 41 00 00 60 42
1787903755.856899,34680,0925,12,44 B6 7B 43 DA 05 D8 41 00 00 64 42
1787903755.869574,34680,0926,12,4B 31 7E 43 F8 11 BD 41 00 00 68 42
1787903755.880717,34680,0927,12,D4 D9 80 43 16 87 AA 41 00 00 6C 42
1787903755.891724,34680,0928,12,97 14 83 43 A4 22 A1 41 00 00 70 42
1787903755.902317,34680,0929,12,44 BC 85 43 C5 43 A1 41 00 00 74 42
1787903755.914699,34680,092a,12,50 C1 88 43 27 E9 AA 41 00 00 78 42
1787903755.926046,34680,092b,12,80 12 8C 43 14 B1 BD 41 00 00 7C 42
1787903755.937134,34680,092c,12,C3 9C 8F 43 A6 DB D8 41 00 00 80 42
1787903755.947716,34680,092d,12,BE 4B 93 43 1C 52 FB 41 00 00 82 42
1787903755.958318,34680,092e,12,77 0A 97 43 B0 DB 11 42 00 00 84 42
1787903755.969239,34680,092f,12,02 C3 9A 43 0C 36 28 42 00 00 86 42
1787903755.980223,34680,0930,12,2E 60 9E 43 B8 D5 3F 42 00 00 88 42
1787903755.991349,34680,0931,12,33 CD A1 43 BC C8 57 42 00 00 8A 42
1787903756.003223,34680,0932,12,60 F6 A4 43 C1 19 6F 42 00 00 8C 42
1787903756.014199,34680,0933,12,AD C9 A7 43 4C 6E 82 42 00 00 8E 42
1787903756.026560,34680,0934,12,8F 36 AA 43 C2 18 8C 42 00 00 90 42
1787903756.037295,34680,0935,12,3E 2F AC 43 59 2A 94 42 00 00 92 42
1787903756.047976,34680,0936,12,65 A8 AD 43 4E 50 9A 42 00 00 94 42
1787903756.060799,34680,0937,12,8B 99 AE 43 C4 4B 9E 42 00 00 96 42
1787903756.072212,34680,0938,12,48 FD AE 43 64 F4 9F 42 00 00 98 42
1787903756.083104,34680,0939,12,53 D1 AE 43 1F 39 9F 42 00 00 9A 42
1787903756.094850,34680,093a,12,B3 16 AE 43 5F 21 9C 42 00 00 9C 42
1787903756.107352,34680,093b,12,98 D1 AC 43 B0 CC 96 42 00 00 9E 42
1787903756.118639,34680,093c,12,4F 09 AB 43 D0 71 8F 42 00 00 A0 42
1787903756.129284,34680,093d,12,F7 C7 A8 43 3E 5B 86 42 00 00 A2 42
1787903756.140065,34680,093e,12,C2 1A A6 43 D7 CC 77 42 00 00 A4 42
1787903756.151273,34680,093f,12,F8 10 A3 43 86 FA 60 42 00 00 A6 42
1787903756.162304,34680,0940,12,10 BC 9F 43 3E 29 49 42 00 00 A8 42
1787903756.173443,34680,0941,12,33 2F 9C 43 09 4D 31 42 00 00 AA 42
1787903756.184793,34680,0942,12,96 7E 98 43 95 57 1A 42 00 00 AC 42
1787903756.195457,34680,0943,12,D3 BF 94 43 F2 34 05 42 00 00 AE 42
1787903756.206241,34680,0944,12,40 08 91 43 6A 76 E5 41 00 00 B0 42
1787903756.217171,34680,0945,12,3C 6D 8D 43 A5 4F C7 41 00 00 B2 42
1787903756.227892,34680,0946,12,82 03 8A 43 08 2A B1 41 00 00 B4 42
1787903756.238925,34680,0947,12,87 DE 86 43 EA E5 A3 41 00 00 B6 42
1787903756.250278,34680,0948,12,B4 10 84 43 B0 0B A0 41 00 00 B8 42
1787903756.261191,34680,0949,12,FC A9 81 43 5E C2 A5 41 00 00 BA 42
1787903756.272286,34680,094a,12,56 70 7F 43 FD CF B4 41 00 00 BC 42
1787903756.283079,34680,094b,12,E0 8C 7C 43 CC 99 CC 41 00 00 BE 42
1787903756.294316,34680,094c,12,20 BA 7A 43 D7 2E EC 41 00 00 C0 42
1787903756.305435,34680,094d,12,C1 02 7A 43 32 25 09 42 00 00 C2 42
1787903756.316386,34680,094e,12,C3 6A 7A 43 3A B5 1E 42 00 00 C4 42
1787903756.326862,34680,094f,12,CE EF 7B 43 BA EA 35 42 00 00 C6 42
1787903756.338649,34680,0950,12,27 89 7E 43 DF D7 4D 42 00 00 C8 42
1787903756.350577,34680,0951,12,0A 14 81 43 4C 8A 65 42 00 00 CA 42
1787903756.361393,34680,0952,12,B2 5B 83 43 5C 0E 7C 42 00 00 CC 42
1787903756.372205,34680,0953,12,84 0E 86 43 FE 3F 88 42 00 00 CE 42
1787903756.383452,34680,0954,12,FD 1C 89 43 CC 06 91 42 00 00 D0 42
1787903756.394564,34680,0955,12,8C 75 8C 43 C6 01 98 42 00 00 D2 42
1787903756.407564,34680,0956,12,25 05 90 43 38 EA 9C 42 00 00 D4 42
1787903756.418594,34680,0957,12,EF B6 93 43 AA 8D 9F 42 00 00 D6 42
1787903756.429625,34680,0958,12,DD 75 97 43 64 D1 9F 42 00 00 D8 42
1787903756.441253,34680,0959,12,66 2C 9B 43 8C B2 9D 42 00 00 DA 42
1787903756.451910,34680,095a,12,32 C5 9E 43 FE 46 99 42 00 00 DC 42
1787903756.462577,34680,095b,12,BD 2B A2 43 7F BB 92 42 00 00 DE 42
1787903756.473729,34680,095c,12,23 4C A5 43 5B 53 8A 42 00 00 E0 42
1787903756.484847,34680,095d,12,97 14 A8 43 BA 63 80 42 00 00 E2 42
1787903756.495773,34680,095e,12,1B 75 AA 43 A6 A4 6A 42 00 00 E4 42
1787903756.507765,34680,095f,12,04 60 AC 43 2A 21 53 42 00 00 E6 42
1787903756.518746,34680,0960,12,5C CA AD 43 2E 2B 3B 42 00 00 E8 42
1787903756.531210,34680,0961,12,DA AB AE 43 10 B9 23 42 00 00 EA 42
1787903756.541752,34680,0962,12,83 FF AE 43 4C B8 0D 42 00 00 EC 42
1787903756.552608,34680,0963,12,77 C3 AE 43 D1 14 F4 41 00 00 EE 42
1787903756.563195,34680,0964,12,10 F9 AD 43 AE F1 D2 41 00 00 A0 41
1787903756.576058,34680,0965,12,C2 A4 AC 43 D6 56 B9 41 00 00 A8 41
1787903756.587205,34680,0966,12,57 CE AA 43 90 4B A8 41 00 00 B0 41
1787903756.597616,34680,0967,12,50 80 A8 43 7E 7C A0 41 00 00 B8 41
1787903756.608198,34680,0968,12,ED C7 A5 43 2D 3A A2 41 00 00 C0 41
1787903756.619140,34680,0969,12,D2 B4 A2 43 3A 72 AD 41 00 00 C8 41
1787903756.630086,34680,096a,12,7D 58 9F 43 00 B3 C1 41 00 00 D0 41
1787903756.640970,34680,096b,12,99 C6 9B 43 42 2C DE 41 00 00 D8 41
1787903756.652016,34680,096c,12,81 13 98 43 CA DE 00 42 00 00 E0 41
1787903756.663110,34680,096d,12,79 54 94 43 7C 7D 15 42 00 00 E8 41
1787903756.673819,34680,096e,12,0B 9F 90 43 D4 1E 2C 42 00 00 F0 41
1787903756.684935,34680,096f,12,5A 08 8D 43 98 DD 43 42 00 00 F8 41
1787903756.695953,34680,0970,12,68 A5 89 43 A3 C5 5B 42 00 00 00 42
1787903756.709103,34680,0971,12,7A 89 86 43 CC E4 72 42 00 00 04 42
1787903756.720499,34680,0972,12,70 C6 83 43 12 27 84 42 00 00 08 42
1787903756.732732,34680,0973,12,2C 6C 81 43 37 93 8D 42 00 00 0C 42
1787903756.745583,34680,0974,12,3B 10 7F 43 64 57 95 42 00 00 10 42
1787903756.756028,34680,0975,12,AA 4A 7C 43 C0 23 9B 42 00 00 14 42
1787903756.767308,34680,0976,12,5D 97 7A 43 8E BD 9E 42 00 00 18 42
1787903756.778264,34680,0977,12,1A 00 7A 43 CA FF 9F 42 00 00 1C 42
1787903756.788779,34680,0978,12,45 88 7A 43 B1 DD 9E 42 00 00 20 42
1787903756.799449,34680,0979,12,EF 2C 7C 43 BE 62 9B 42 00 00 24 42
1787903756.810050,34680,097a,12,78 E4 7E 43 BA B2 95 42 00 00 28 42
1787903756.822125,34680,097b,12,A8 4F 81 43 41 07 8E 42 00 00 2C 42
1787903756.833560,34680,097c,12,04 A4 83 43 CA AE 84 42 00 00 30 42
1787903756.846159,34680,097d,12,EB 61 86 43 54 12 74 42 00 00 34 42
1787903756.857476,34680,097e,12,C5 79 89 43 72 04 5D 42 00 00 38 42
1787903756.868830,34680,097f,12,78 D9 8C 43 F9 20 45 42 00 00 3C 42
1787903756.879358,34680,0980,12,C5 6D 90 43 E3 59 2D 42 00 00 40 42
1787903756.889877,34680,0981,12,19 22 94 43 CE A2 16 42 00 00 44 42
1787903756.900553,34680,0982,12,29 E1 97 43 5A E4 01 42 00 00 48 42
1787903756.911473,34680,0983,12,9B 95 9B 43 4D E1 DF 41 00 00 4C 42
1787903756.922534,34680,0984,12,C1 29 9F 43 8D 00 C3 41 00 00 50 42
1787903756.935168,34680,0985,12,3A 89 A2 43 F9 4A AE 41 00 00 54 42
1787903756.946636,34680,0986,12,A2 A0 A5 43 39 95 A2 41 00 00 58 42
1787903756.958590,34680,0987,12,33 5E A8 43 BA 56 A0 41 00 00 5C 42
1787903756.970336,34680,0988,12,49 B2 AA 43 36 A6 A7 41 00 00 60 42
1787903756.982293,34680,0989,12,42 8F AC 43 85 38 B8 41 00 00 64 42
1787903756.992969,34680,098a,12,8B EA AD 43 C9 65 D1 41 00 00 68 42
1787903757.004267,34680,098b,12,57 BC AE 43 8F 2C F2 41 00 00 6C 42
1787903757.016156,34680,098c,12,F0 FF AE 43 54 9E 0C 42 00 00 70 42
1787903757.027850,34680,098d,12,C9 B3 AE 43 34 85 22 42 00 00 74 42
1787903757.038677,34680,098e,12,A1 D9 AD 43 B4 E9 39 42 00 00 78 42
1787903757.050010,34680,098f,12,5E 76 AC 43 E3 DE 51 42 00 00 7C 42
1787903757.061471,34680,0990,12,F9 91 AA 43 51 6F 69 42 00 00 80 42
1787903757.072540,34680,0991,12,53 37 A8 43 A4 A9 7F 42 00 00 82 42
1787903757.084606,34680,0992,12,CE 73 A5 43 5B D6 89 42 00 00 84 42
1787903757.095464,34680,0993,12,96 57 A2 43 62 55 92 42 00 00 86 42
1787903757.105981,34680,0994,12,6A F4 9E 43 D6 FB 98 42 00 00 88 42
1787903757.116550,34680,0995,12,C4 5D 9B 43 7B 85 9D 42 00 00 8A 42
1787903757.127973,34680,0996,12,45 A8 97 43 F3 C3 9F 42 00 00 8C 42
1787903757.139117,34680,0997,12,0C E9 93 43 85 A0 9F 42 00 00 8E 42
1787903757.149665,34680,0998,12,09 36 90 43 9C 1C 9D 42 00 00 90 42
1787903757.162039,34680,0999,12,4D A4 8C 43 B4 51 98 42 00 00 92 42
1787903757.172659,34680,099a,12,5E 48 89 43 C3 70 91 42 00 00 94 42
1787903757.184345,34680,099b,12,8A 35 86 43 60 C0 88 42 00 00 96 42
1787903757.195666,34680,099c,12,5C 7D 83 43 1C 31 7D 42 00 00 98 42
1787903757.206583,34680,099d,12,BE 2F 81 43 70 C3 66 42 00 00 9A 42
1787903757.217411,34680,099e,12,8D B3 7E 43 EB 1A 4F 42 00 00 9C 42
1787903757.229284,34680,099f,12,07 0C 7C 43 E0 29 37 42 00 00 9E 42
1787903757.239795,34680,09a0,12,2C 78 7A 43 91 E5 1F 42 00 00 A0 42
1787903757.250522,34680,09a1,12,10 01 7A 43 AC 39 0A 42 00 00 A2 42
1787903757.262136,34680,09a2,12,6B A9 7A 43 06 0A EE 41 00 00 A4 42
1787903757.272950,34680,09a3,12,68 6D 7C 43 41 14 CE 41 00 00 A6 42
1787903757.283694,34680,09a4,12,E1 42 7F 43 DE D9 B5 41 00 00 A8 42
1787903757.294865,34680,09a5,12,C6 8C 81 43 97 52 A6 41 00 00 AA 42
1787903757.305942,34680,09a6,12,CD ED 83 43 B6 1B A0 41 00 00 AC 42
1787903757.316679,34680,09a7,12,9A B6 86 43 20 75 A3 41 00 00 AE 42
1787903757.327153,34680,09a8,12,49 D7 89 43 E8 3C B0 41 00 00 B0 42
1787903757.337889,34680,09a9,12,DE 3D 8D 43 AA F0 C5 41 00 00 B2 42
1787903757.349104,34680,09aa,12,CC D6 90 43 93 B1 E3 41 00 00 B4 42
1787903757.359705,34680,09ab,12,97 8D 94 43 20 29 04 42 00 00 B6 42
1787903757.371463,34680,09ac,12,83 4C 98 43 0C 2D 19 42 00 00 B8 42
1787903757.382425,34680,09ad,12,38 FE 9B 43 AF 0F 30 42 00 00 BA 42
1787903757.393603,34680,09ae,12,79 8D 9F 43 AB E6 47 42 00 00 BC 42
1787903757.404852,34680,09af,12,CF E5 A2 43 BE BD 5F 42 00 00 BE 42
1787903757.415964,34680,09b0,12,27 F4 A5 43 6C A3 76 42 00 00 C0 42
1787903757.427707,34680,09b1,12,9D A6 A8 43 24 D6 85 42 00 00 C2 42
1787903757.438755,34680,09b2,12,DB ED AA 43 A1 01 8F 42 00 00 C4 42
1787903757.449783,34680,09b3,12,C8 BC AC 43 26 76 96 42 00 00 C6 42
1787903757.462481,34680,09b4,12,FF 08 AE 43 6C E7 9B 42 00 00 C8 42
1787903757.474196,34680,09b5,12,11 CB AE 43 56 1E 9F 42 00 00 CA 42
1787903757.486310,34680,09b6,12,8D FE AE 43 D4 F9 9F 42 00 00 CC 42
1787903757.497859,34680,09b7,12,59 A2 AE 43 37 71 9E 42 00 00 CE 42
1787903757.509644,34680,09b8,12,88 B8 AD 43 13 94 9A 42 00 00 D0 42
1787903757.521469,34680,09b9,12,5A 46 AC 43 1F 8A 94 42 00 00 D2 42
1787903757.532188,34680,09ba,12,01 54 AA 43 85 90 8C 42 00 00 D4 42
1787903757.542667,34680,09bb,12,E2 EC A7 43 46 F9 82 42 00 00 D6 42
1787903757.555194,34680,09bc,12,B7 1E A5 43 0E 4B 70 42 00 00 D8 42
1787903757.565950,34680,09bd,12,A0 F9 A1 43 49 08 59 42 00 00 DA 42
1787903757.576649,34680,09be,12,B2 8F 9E 43 99 18 41 42 00 00 DC 42
1787903757.587282,34680,09bf,12,5B F4 9A 43 74 6E 29 42 00 00 DE 42
1787903757.597771,34680,09c0,12,B8 3C 97 43 2B FD 12 42 00 00 E0 42
1787903757.608496,34680,09c1,12,F8 7D 93 43 22 50 FD 41 00 00 E2 42
1787903757.618944,34680,09c2,12,A3 CD 8F 43 30 7F DA 41 00 00 E4 42
1787903757.629598,34680,09c3,12,ED 40 8C 43 CC EB BE 41 00 00 E6 42
1787903757.641657,34680,09c4,12,15 EC 88 43 46 AD AB 41 00 00 E8 42
1787903757.652215,34680,09c5,12,99 E2 85 43 7F 89 A1 41 00 00 EA 42
1787903757.671395,34680,09c6,12,C0 35 83 43 2C E7 A0 41 00 00 EC 42
1787903757.683074,34680,09c7,12,ED F4 80 43 57 CD A9 41 00 00 EE 42
1787903757.693742,34680,09c8,12,25 5A 7E 43 4D E0 BB 41 00 00 A0 41
1787903757.704106,34680,09c9,12,C0 D0 7B 43 F9 68 D6 41 00 00 A8 41
1787903757.715887,34680,09ca,12,84 5C 7A 43 88 56 F8 41 00 00 B0 41
1787903757.726533,34680,09cb,12,A4 05 7A 43 A9 28 10 42 00 00 B8 41
1787903757.736888,34680,09cc,12,14 CE 7A 43 09 60 26 42 00 00 C0 41
1787903757.747347,34680,09cd,12,52 B1 7C 43 B0 ED 3D 42 00 00 C8 41
1787903757.758229,34680,09ce,12,B5 A4 7F 43 0B E3 55 42 00 00 D0 41
1787903757.769396,34680,09cf,12,7B CB 81 43 C3 49 6D 42 00 00 D8 41
1787903757.780246,34680,09d0,12,C2 38 84 43 67 9A 81 42 00 00 E0 41
1787903757.790759,34680,09d1,12,3E 0C 87 43 C3 61 8B 42 00 00 E8 41
1787903757.801363,34680,09d2,12,AE 35 8A 43 DC 96 93 42 00 00 F0 41
1787903757.831128,34680,09d3,12,15 A3 8D 43 8E E6 99 42 00 00 F8 41
1787903757.841829,34680,09d4,12,64 40 91 43 F7 0F 9E 42 00 00 00 42
1787903757.852850,34680,09d5,12,FF F8 94 43 ED E8 9F 42 00 00 04 42
1787903757.863499,34680,09d6,12,81 B7 98 43 61 5E 9F 42 00 00 08 42
1787903757.874014,34680,09d7,12,66 66 9C 43 02 76 9C 42 00 00 0C 42
1787903757.884664,34680,09d8,12,AD F0 9F 43 43 4D 97 42 00 00 10 42
1787903757.895202,34680,09d9,12,A0 41 A3 43 30 19 90 42 00 00 14 42
1787903757.905639,34680,09da,12,5D 46 A6 43 C0 22 87 42 00 00 18 42
1787903757.916483,34680,09db,12,8C ED A8 43 5C 8B 79 42 00 00 1C 42
1787903757.927188,34680,09dc,12,EA 27 AB 43 6B D8 62 42 00 00 20 42
1787903757.938063,34680,09dd,12,BE E8 AC 43 9D 12 4B 42 00 00 24 42
1787903757.949295,34680,09de,12,C4 25 AE 43 5E 2E 33 42 00 00 28 42
1787903757.959923,34680,09df,12,F8 D7 AE 43 AF 1D 1C 42 00 00 2C 42
1787903757.972809,34680,09e0,12,5C FB AE 43 EF CC 06 42 00 00 30 42
1787903757.983242,34680,09e1,12,21 8F AE 43 B5 2C E8 41 00 00 34 42
1787903757.993869,34680,09e2,12,A7 95 AD 43 FE 6E C9 41 00 00 38 42
1787903758.004359,34680,09e3,12,A2 14 AC 43 CD 9C B2 41 00 00 3C 42
1787903758.014945,34680,09e4,12,AD 14 AA 43 4A 9D A4 41 00 00 40 42
1787903758.025585,34680,09e5,12,47 A1 A7 43 66 00 A0 41 00 00 44 42
1787903758.036151,34680,09e6,12,88 C8 A4 43 D4 F4 A4 41 00 00 48 42
1787903758.047171,34680,09e7,12,A1 9A A1 43 64 48 B3 41 00 00 4C 42
1787903758.058991,34680,09e8,12,2C 2A 9E 43 C9 67 CA 41 00 00 50 42
1787903758.069843,34680,09e9,12,C7 8A 9A 43 CB 68 E9 41 00 00 54 42
1787903758.080464,34680,09ea,12,46 D1 96 43 1C 87 07 42 00 00 58 42
1787903758.091227,34680,09eb,12,12 13 93 43 06 EB 1C 42 00 00 5C 42
1787903758.102040,34680,09ec,12,7F 65 8F 43 79 07 34 42 00 00 60 42
1787903758.113045,34680,09ed,12,14 DE 8B 43 D5 EE 4B 42 00 00 64 42
1787903758.123795,34680,09ee,12,E9 90 88 43 F8 AE 63 42 00 00 68 42
1787903758.135096,34680,09ef,12,F8 90 85 43 8A 54 7A 42 00 00 6C 42
1787903758.145616,34680,09f0,12,80 EF 82 43 D0 7B 87 42 00 00 70 42
1787903758.156269,34680,09f1,12,87 BB 80 43 98 63 90 42 00 00 74 42
1787903758.166695,34680,09f2,12,E2 03 7E 43 0C 86 97 42 00 00 78 42
1787903758.177190,34680,09f3,12,11 99 7B 43 E8 9A 9C 42 00 00 7C 42
1787903758.187744,34680,09f4,12,80 44 7A 43 FE 6D 9F 42 00 00 80 42
1787903758.198279,34680,09f5,12,D5 0D 7A 43 7F E2 9F 42 00 00 82 42
1787903758.208840,34680,09f6,12,5E F6 7A 43 D0 F3 9D 42 00 00 84 42
1787903758.219314,34680,09f7,12,CA F8 7C 43 CF B5 99 42 00 00 86 42
1787903758.231436,34680,09f8,12,C8 04 80 43 75 53 93 42 00 00 88 42
1787903758.242389,34680,09f9,12,89 0B 82 43 0A 0E 8B 42 00 00 8A 42
1787903758.253211,34680,09fa,12,00 85 84 43 65 3A 81 42 00 00 8C 42
1787903758.264014,34680,09fb,12,1E 63 87 43 1D 78 6C 42 00 00 8E 42
1787903758.274440,34680,09fc,12,1A 95 8A 43 1F 08 55 42 00 00 90 42
1787903758.284998,34680,09fd,12,B9 08 8E 43 39 12 3D 42 00 00 92 42
1787903758.295787,34680,09fe,12,22 AA 91 43 E0 8B 25 42 00 00 94 42
1787903758.306297,34680,09ff,12,79 64 95 43 06 66 0F 42 00 00 96 42
1787903758.317299,34680,0a00,12,7F 22 99 43 09 02 F7 41 00 00 98 42
1787903758.327754,34680,0a01,12,4D CE 9C 43 D1 52 D5 41 00 00 9A 42
1787903758.338864,34680,0a02,12,FC 52 A0 43 96 13 BB 41 00 00 9C 42
1787903758.351954,34680,0a03,12,50 9C A3 43 B3 51 A9 41 00 00 9E 42
1787903758.363802,34680,0a04,12,67 97 A6 43 8F C2 A0 41 00 00 A0 42
1787903758.376626,34680,0a05,12,3C 33 A9 43 DB BC A1 41 00 00 A2 42
1787903758.387764,34680,0a06,12,8B 60 AB 43 22 37 AC 41 00 00 A4 42
1787903758.398699,34680,0a07,12,F6 12 AD 43 72 C6 BF 41 00 00 A6 42
1787903758.409528,34680,0a08,12,BC 40 AE 43 AB A0 DB 41 00 00 A8 42
1787903758.420950,34680,0a09,12,1A E3 AE 43 D8 AD FE 41 00 00 AA 42
1787903758.431916,34680,0a0a,12,59 F6 AE 43 2A C3 13 42 00 00 AC 42
1787903758.443235,34680,0a0b,12,19 7A AE 43 9B 44 2A 42 00 00 AE 42
1787903758.453928,34680,0a0c,12,22 71 AD 43 87 F5 41 42 00 00 B0 42
1787903758.465069,34680,0a0d,12,68 E1 AB 43 41 E2 59 42 00 00 B2 42
1787903758.475719,34680,0a0e,12,C7 D3 A9 43 4F 1A 71 42 00 00 B4 42
1787903758.487002,34680,0a0f,12,43 54 A7 43 6A 57 83 42 00 00 B6 42
1787903758.498280,34680,0a10,12,20 71 A4 43 C3 E1 8C 42 00 00 B8 42
1787903758.508828,34680,0a11,12,F6 3A A1 43 D3 CA 94 42 00 00 BA 42
1787903758.521157,34680,0a12,12,3E C4 9D 43 79 C1 9A 42 00 00 BC 42
1787903758.532026,34680,0a13,12,AE 20 9A 43 C5 89 9E 42 00 00 BE 42
1787903758.542781,34680,0a14,12,94 65 96 43 8E FC 9F 42 00 00 C0 42
1787903758.553566,34680,0a15,12,31 A8 92 43 0C 0B 9F 42 00 00 C2 42
1787903758.564367,34680,0a16,12,06 FE 8E 43 E2 BE 9B 42 00 00 C4 42
1787903758.575312,34680,0a17,12,24 7C 8B 43 38 3A 96 42 00 00 C6 42
1787903758.590887,34680,0a18,12,8C 36 88 43 89 B4 8E 42 00 00 C8 42
1787903758.607144,34680,0a19,12,62 40 85 43 F4 7A 85 42 00 00 CA 42
1787903758.623071,34680,0a1a,12,81 AA 82 43 42 D7 75 42 00 00 CC 42
1787903758.637910,34680,0a1b,12,C6 83 80 43 B5 E4 5E 42 00 00 CE 42
1787903758.654155,34680,0a1c,12,1B B1 7D 43 5B 0A 47 42 00 00 D0 42
1787903758.664795,34680,0a1d,12,CA 64 7B 43 F6 37 2F 42 00 00 D2 42
1787903758.676706,34680,0a1e,12,0B 30 7A 43 83 62 18 42 00 00 D4 42
1787903758.696789,34680,0a1f,12,A8 19 7A 43 14 73 03 42 00 00 D6 42
1787903758.709228,34680,0a20,12,22 22 7B 43 B2 7E E2 41 00 00 D8 42
1787903758.724927,34680,0a21,12,87 43 7D 43 3B 04 C5 41 00 00 DA 42
1787903758.735782,34680,0a22,12,E5 38 80 43 0F 9F AF 41 00 00 DC 42
1787903758.746390,34680,0a23,12,27 4D 82 43 28 2C A3 41 00 00 DE 42
1787903758.757403,34680,0a24,12,A6 D2 84 43 97 2A A0 41 00 00 E0 42
1787903758.769152,34680,0a25,12,E5 BA 87 43 0B B9 A6 41 00 00 E2 42
1787903758.780376,34680,0a26,12,2D F5 8A 43 00 93 B6 41 00 00 E4 42
1787903758.791017,34680,0a27,12,1F 6F 8E 43 23 19 CF 41 00 00 E6 42
1787903758.801727,34680,0a28,12,63 14 92 43 41 50 EF 41 00 00 E8 42
1787903758.812324,34680,0a29,12,30 D0 95 43 C3 F7 0A 42 00 00 EA 42
1787903758.823905,34680,0a2a,12,10 8D 99 43 5C B6 20 42 00 00 EC 42
1787903758.834468,34680,0a2b,12,86 35 9D 43 1E 04 38 42 00 00 EE 42
1787903758.845516,34680,0a2c,12,B8 B4 A0 43 CB F6 4F 42 00 00 A0 41
1787903758.856116,34680,0a2d,12,2F F6 A3 43 2F 98 67 42 00 00 A8 41
1787903758.870418,34680,0a2e,12,62 E7 A6 43 14 F7 7D 42 00 00 B0 41
1787903758.882210,34680,0a2f,12,68 77 A9 43 93 17 89 42 00 00 B8 41
1787903758.893811,34680,0a30,12,86 97 AB 43 66 B8 91 42 00 00 C0 41
1787903758.904847,34680,0a31,12,96 3B AD 43 48 87 98 42 00 00 C8 41
1787903758.915625,34680,0a32,12,FE 59 AE 43 00 3E 9D 42 00 00 D0 41
1787903758.928456,34680,0a33,12,68 EC AE 43 70 AC 9F 42 00 00 D8 41
1787903758.940310,34680,0a34,12,8B EF AE 43 C8 B9 9F 42 00 00 E0 41
1787903758.950917,34680,0a35,12,55 63 AE 43 C4 65 9D 42 00 00 E8 41
1787903758.962937,34680,0a36,12,D9 4A AD 43 CC C7 98 42 00 00 F0 41
1787903758.974063,34680,0a37,12,81 AC AB 43 17 0F 92 42 00 00 F8 41
1787903758.984730,34680,0a38,12,90 91 A9 43 40 80 89 42 00 00 00 42
1787903758.995830,34680,0a39,12,21 06 A7 43 44 E5 7E 42 00 00 04 42
1787903759.007834,34680,0a3a,12,D4 18 A4 43 83 9B 68 42 00 00 08 42
1787903759.018723,34680,0a3b,12,4F DA A0 43 42 03 51 42 00 00 0C 42
1787903759.030926,34680,0a3c,12,91 5D 9D 43 02 0F 39 42 00 00 10 42
1787903759.045028,34680,0a3d,12,7A B6 99 43 45 B3 21 42 00 00 14 42
1787903759.061251,34680,0a3e,12,0B FA 95 43 77 DE 0B 42 00 00 18 42
1787903759.072572,34680,0a3f,12,BF 3D 92 43 A7 E1 F0 41 00 00 1C 42
1787903759.084407,34680,0a40,12,DF 96 8E 43 48 5B D0 41 00 00 20 42
1787903759.096391,34680,0a41,12,CA 1A 8B 43 0B 79 B7 41 00 00 24 42
1787903759.107665,34680,0a42,12,58 DD 87 43 EE 38 A7 41 00 00 28 42
1787903759.118292,34680,0a43,12,28 F1 84 43 D0 40 A0 41 00 00 2C 42
1787903759.131305,34680,0a44,12,08 67 82 43 41 D7 A2 41 00 00 30 42
1787903759.150274,34680,0a45,12,79 4D 80 43 3F E2 AE 41 00 00 34 42
1787903769.162040,34680,0a47,12,88 61 7D 43 08 E7 C3 41 00 00 38 42
1787903769.171375,34680,0a48,12,1F 34 7B 43 12 0F E1 41 00 00 3C 42
1787903769.181692,34680,0a49,12,3A 1F 7A 43 62 98 02 42 00 00 40 42
1787903769.191975,34680,0a4a,12,12 29 7A 43 F0 6B 17 42 00 00 44 42
1787903769.202334,34680,0a4b,12,84 51 7B 43 DF 30 2E 42 00 00 48 42
1787903769.212814,34680,0a4c,12,CA 91 7D 43 3E FD 45 42 00 00 4C 42
1787903769.228050,34680,0a4d,12,7D 6E 80 43 23 DE 5D 42 00 00 50 42
1787903769.238604,34680,0a4e,12,13 90 82 43 D3 DF 74 42 00 00 54 42
1787903769.249039,34680,0a4f,12,66 21 85 43 F4 0A 85 42 00 00 58 42
1787903769.259819,34680,0a50,12,DE 13 88 43 98 55 8E 42 00 00 5C 42
1787903769.270350,34680,0a51,12,3A 56 8B 43 1E F0 95 42 00 00 60 42
1787903769.281624,34680,0a52,12,E2 D5 8E 43 EB 8C 9B 42 00 00 64 42
1787903769.292119,34680,0a53,12,BA 7E 92 43 B5 F2 9E 42 00 00 68 42
1787903769.302526,34680,0a54,12,B9 3B 96 43 D1 FE 9F 42 00 00 6C 42
1787903769.313088,34680,0a55,12,92 F7 99 43 B7 A6 9E 42 00 00 70 42
1787903769.323618,34680,0a56,12,6A 9C 9D 43 F4 F7 9A 42 00 00 74 42
1787903769.334148,34680,0a57,12,81 15 A1 43 1F 18 95 42 00 00 78 42
1787903769.386364,34680,0a58,12,E1 4E A4 43 2D 43 8D 42 00 00 7C 42
1787903769.400165,34680,0a59,12,FF 35 A7 43 DA C9 83 42 00 00 80 42
1787903769.416221,34680,0a5a,12,4B BA A9 43 C2 16 72 42 00 00 82 42
1787903769.426777,34680,0a5b,12,0A CD AB 43 35 EC 5A 42 00 00 84 42
1787903769.439736,34680,0a5c,12,76 62 AD 43 81 00 43 42 00 00 86 42
1787903769.451798,34680,0a5d,12,72 71 AE 43 D2 47 2B 42 00 00 88 42
1787903769.462279,34680,0a5e,12,EA F3 AE 43 F9 B5 14 42 00 00 8A 42
1787903769.472817,34680,0a5f,12,EB E6 AE 43 D3 2D 00 42 00 00 8C 42
1787903769.483265,34680,0a60,12,C2 4A AE 43 86 05 DD 41 00 00 8E 42
1787903769.493886,34680,0a61,12,F2 22 AD 43 42 D2 C0 41 00 00 90 42
1787903769.504416,34680,0a62,12,21 76 AB 43 B2 E1 AC 41 00 00 92 42
1787903769.514836,34680,0a63,12,F0 4D A9 43 DA FF A1 41 00 00 94 42
1787903769.525452,34680,0a64,12,9F B6 A6 43 1B 9A A0 41 00 00 96 42
1787903769.536386,34680,0a65,12,5A BF A3 43 EE BF A8 41 00 00 98 42
1787903769.548075,34680,0a66,12,0C 79 A0 43 2A 1E BA 41 00 00 9A 42
1787903769.558808,34680,0a67,12,8A F6 9C 43 85 03 D4 41 00 00 9C 42
1787903769.569613,34680,0a68,12,01 4C 99 43 D1 64 F5 41 00 00 9E 42
1787903769.580442,34680,0a69,12,52 8E 95 43 44 79 0E 42 00 00 A0 42
1787903769.591041,34680,0a6a,12,62 D3 91 43 4E 8B 24 42 00 00 A2 42
1787903769.601495,34680,0a6b,12,71 30 8E 43 3F 07 3C 42 00 00 A4 42
1787903769.611915,34680,0a6c,12,67 BA 8A 43 62 FD 53 42 00 00 A6 42
1787903769.622815,34680,0a6d,12,29 85 87 43 5A 77 6B 42 00 00 A8 42
1787903769.633577,34680,0a6e,12,06 A3 84 43 96 C4 80 42 00 00 AA 42
1787903769.644133,34680,0a6f,12,DC 24 82 43 DC A7 8A 42 00 00 AC 42
1787903769.655360,34680,0a70,12,D7 18 80 43 91 00 93 42 00 00 AE 42
1787903769.668313,34680,0a71,12,7A 15 7D 43 84 79 99 42 00 00 B0 42
1787903769.679402,34680,0a72,12,FB 06 7B 43 64 D0 9D 42 00 00 B2 42
1787903769.690566,34680,0a73,12,FF 11 7A 43 92 D9 9F 42 00 00 B4 42
1787903769.701104,34680,0a74,12,1F 3C 7A 43 DC 7F 9F 42 00 00 B6 42
1787903769.713985,34680,0a75,12,56 84 7B 43 D3 C6 9C 42 00 00 B8 42
1787903769.724562,34680,0a76,12,44 E3 7D 43 43 CA 97 42 00 00 BA 42
1787903769.735198,34680,0a77,12,A4 A5 80 43 B2 BD 90 42 00 00 BC 42
1787903769.745913,34680,0a78,12,87 D4 82 43 FA E7 87 42 00 00 BE 42
1787903769.756550,34680,0a79,12,84 71 85 43 84 47 7B 42 00 00 C0 42
1787903769.767191,34680,0a7a,12,AF 6D 88 43 AA B3 64 42 00 00 C2 42
1787903769.777845,34680,0a7b,12,DE B7 8B 43 D9 FA 4C 42 00 00 C4 42
1787903769.788692,34680,0a7c,12,2A 3D 8F 43 0D 11 35 42 00 00 C6 42
1787903769.799234,34680,0a7d,12,84 E9 92 43 A4 E6 1D 42 00 00 C8 42
1787903769.809942,34680,0a7e,12,6F A7 96 43 F0 69 08 42 00 00 CA 42
1787903769.821854,34680,0a7f,12,98 61 9A 43 8B EC EA 41 00 00 CC 42
1787903769.835522,34680,0a80,12,91 02 9E 43 2A 9A CB 41 00 00 CE 42
1787903769.849180,34680,0a81,12,7D 75 A1 43 F4 1D B4 41 00 00 D0 42
1787903769.859734,34680,0a82,12,B2 A6 A4 43 F7 63 A5 41 00 00 D2 42
1787903769.871120,34680,0a83,12,81 83 A7 43 AC 04 A0 41 00 00 D4 42
1787903769.882595,34680,0a84,12,A2 FB A9 43 E9 36 A4 41 00 00 D6 42
1787903769.893143,34680,0a85,12,E2 00 AC 43 D9 CF B1 41 00 00 D8 42
1787903769.903650,34680,0a86,12,A4 87 AD 43 9C 42 C8 41 00 00 DA 42
1787903769.914180,34680,0a87,12,2B 87 AE 43 92 AD E6 41 00 00 DC 42
1787903769.924716,34680,0a88,12,A0 F9 AE 43 6A EC 05 42 00 00 DE 42
1787903769.939204,34680,0a89,12,82 DC AE 43 7E 24 1B 42 00 00 E0 42
1787903769.949907,34680,0a8a,12,78 30 AE 43 70 26 32 42 00 00 E2 42
1787903769.960386,34680,0a8b,12,5F F9 AC 43 89 05 4A 42 00 00 E4 42
1787903769.983225,34680,0a8c,12,19 3E AB 43 D8 D1 61 42 00 00 E6 42
1787903769.993981,34680,0a8d,12,C9 08 A9 43 9A 96 78 42 00 00 E8 42
1787903770.004517,34680,0a8e,12,0C 66 A6 43 B5 B5 86 42 00 00 EA 42
1787903770.014921,34680,0a8f,12,0A 65 A3 43 D3 BD 8F 42 00 00 EC 42
1787903770.025377,34680,0a90,12,07 17 A0 43 F9 06 97 42 00 00 EE 42
1787903770.036833,34680,0a91,12,D3 8E 9C 43 EC 47 9C 42 00 00 A0 41
1787903770.052639,34680,0a92,12,19 E1 98 43 66 4A 9F 42 00 00 A8 41
1787903770.063589,34680,0a93,12,D2 22 95 43 B0 EF 9F 42 00 00 B0 41
1787903770.074181,34680,0a94,12,83 69 91 43 34 31 9E 42 00 00 B8 41
1787903770.085307,34680,0a95,12,93 CA 8D 43 24 21 9A 42 00 00 C0 41
1787903770.096019,34680,0a96,12,A8 5A 8A 43 58 E8 93 42 00 00 C8 41
1787903770.106944,34680,0a97,12,DE 2D 87 43 8C C6 8B 42 00 00 D0 41
1787903770.117514,34680,0a98,12,49 56 84 43 C1 0E 82 42 00 00 D8 41
1787903770.128106,34680,0a99,12,3D E4 81 43 52 48 6E 42 00 00 E0 41
1787903770.138772,34680,0a9a,12,96 CB 7F 43 3C EE 56 42 00 00 E8 41
1787903770.149558,34680,0a9b,12,AF CC 7C 43 F9 F9 3E 42 00 00 F0 41
1787903770.160016,34680,0a9c,12,4F DD 7A 43 D1 61 27 42 00 00 F8 41
1787903770.170901,34680,0a9d,12,66 08 7A 43 98 16 11 42 00 00 00 42
1787903770.185670,34680,0a9e,12,BE 52 7A 43 BC F7 F9 41 00 00 04 42
1787903770.195969,34680,0a9f,12,A9 BA 7B 43 15 C0 D7 41 00 00 08 42
1787903770.206240,34680,0aa0,12,3C 38 7E 43 2B DE BC 41 00 00 0C 42
1787903770.218224,34680,0aa1,12,71 DE 80 43 51 67 AA 41 00 00 10 42
1787903770.230727,34680,0aa2,12,3F 1A 83 43 FE 17 A1 41 00 00 14 42
1787903770.242859,34680,0aa3,12,AF C2 85 43 37 4F A1 41 00 00 18 42
1787903770.253888,34680,0aa4,12,7B C8 88 43 AA 09 AB 41 00 00 1C 42
1787903770.264874,34680,0aa5,12,70 1A 8C 43 8F E5 BD 41 00 00 20 42
1787903770.275691,34680,0aa6,12,1F A5 8F 43 04 22 D9 41 00 00 24 42
1787903770.286592,34680,0aa7,12,56 54 93 43 04 A9 FB 41 00 00 28 42
1787903770.296984,34680,0aa8,12,E8 12 97 43 14 0D 12 42 00 00 2C 42
1787903770.308247,34680,0aa9,12,4D CB 9A 43 7F 6A 28 42 00 00 30 42
1787903770.318689,34680,0aaa,12,52 68 9E 43 FA 0B 40 42 00 00 34 42
1787903770.329231,34680,0aab,12,D1 D4 A1 43 A3 FE 57 42 00 00 38 42
1787903770.339757,34680,0aac,12,4C FD A4 43 09 4E 6F 42 00 00 3C 42
1787903770.350157,34680,0aad,12,9C CF A7 43 1F 86 82 42 00 00 40 42
1787903770.360662,34680,0aae,12,87 3B AA 43 F8 2C 8C 42 00 00 44 42
1787903770.372136,34680,0aaf,12,39 33 AC 43 8B 3A 94 42 00 00 48 42
1787903770.382870,34680,0ab0,12,2F AB AD 43 D6 5B 9A 42 00 00 4C 42
1787903770.394248,34680,0ab1,12,14 9B AE 43 49 52 9E 42 00 00 50 42
1787903770.404800,34680,0ab2,12,86 FD AE 43 70 F5 9F 42 00 00 54 42
1787903770.415833,34680,0ab3,12,4D D0 AE 43 BC 34 9F 42 00 00 58 42
1787903770.426843,34680,0ab4,12,62 14 AE 43 BE 17 9C 42 00 00 5C 42
1787903770.437427,34680,0ab5,12,0F CE AC 43 33 BE 96 42 00 00 60 42
1787903770.448339,34680,0ab6,12,A2 04 AB 43 B8 5E 8F 42 00 00 64 42
1787903770.459164,34680,0ab7,12,62 C2 A8 43 8D 44 86 42 00 00 68 42
1787903770.470048,34680,0ab8,12,4A 14 A6 43 F0 9A 77 42 00 00 6C 42
1787903770.480535,34680,0ab9,12,98 09 A3 43 52 C5 60 42 00 00 70 42
1787903770.491792,34680,0aba,12,1A B4 9F 43 DD F2 48 42 00 00 74 42
1787903770.502292,34680,0abb,12,D2 26 9C 43 BA 16 31 42 00 00 78 42
1787903770.516451,34680,0abc,12,2E 76 98 43 71 24 1A 42 00 00 7C 42
1787903770.534590,34680,0abd,12,63 B7 94 43 CB 07 05 42 00 00 80 42
1787903770.545372,34680,0abe,12,C8 FF 90 43 F5 29 E5 41 00 00 82 42
1787903770.557853,34680,0abf,12,1E 65 8D 43 15 14 C7 41 00 00 84 42
1787903770.572778,34680,0ac0,12,ED FB 89 43 0A 01 B1 41 00 00 86 42
1787903770.583248,34680,0ac1,12,CF D7 86 43 27 D2 A3 41 00 00 88 42
1787903770.593796,34680,0ac2,12,D3 0A 84 43 E7 0D A0 41 00 00 8A 42
1787903770.604244,34680,0ac3,12,F6 A4 81 43 26 DA A5 41 00 00 8C 42
1787903770.614856,34680,0ac4,12,81 68 7F 43 60 FC B4 41 00 00 8E 42
1787903770.625323,34680,0ac5,12,70 87 7C 43 1E DA CC 41 00 00 90 42
1787903770.635821,34680,0ac6,12,44 B7 7A 43 C3 7F EC 41 00 00 92 42
1787903770.646451,34680,0ac7,12,6A 02 7A 43 8C 53 09 42 00 00 94 42
1787903770.657156,34680,0ac8,12,00 6D 7A 43 4D E8 1E 42 00 00 96 42
1787903770.668186,34680,0ac9,12,95 F4 7B 43 7E 20 36 42 00 00 98 42
1787903770.679099,34680,0aca,12,5C 90 7E 43 1F 0F 4E 42 00 00 9A 42
1787903770.689698,34680,0acb,12,AB 18 81 43 E7 BF 65 42 00 00 9C 42
1787903770.703201,34680,0acc,12,54 61 83 43 56 3F 7C 42 00 00 9E 42
1787903770.714617,34680,0acd,12,2D 15 86 43 A5 55 88 42 00 00 A0 42
1787903770.725133,34680,0ace,12,66 24 89 43 C0 18 91 42 00 00 A2 42
1787903770.735665,34680,0acf,12,8A 7D 8C 43 8C 0F 98 42 00 00 A4 42
1787903770.746167,34680,0ad0,12,59 0D 90 43 F3 F2 9C 42 00 00 A6 42
1787903770.757648,34680,0ad1,12,59 BF 93 43 F4 90 9F 42 00 00 A8 42
1787903770.768609,34680,0ad2,12,7E 7E 97 43 40 CF 9F 42 00 00 AA 42
1787903770.780179,34680,0ad3,12,DB 34 9B 43 10 AB 9D 42 00 00 AC 42
1787903770.791282,34680,0ad4,12,49 CD 9E 43 3F 3A 99 42 00 00 AE 42
1787903770.802006,34680,0ad5,12,1E 33 A2 43 21 AA 92 42 00 00 B0 42
1787903770.812659,34680,0ad6,12,D0 52 A5 43 6C 3E 8A 42 00 00 B2 42
1787903770.823291,34680,0ad7,12,8E 1A A8 43 C3 4B 80 42 00 00 B4 42
1787903770.833937,34680,0ad8,12,12 7A AA 43 91 70 6A 42 00 00 B6 42
1787903770.844535,34680,0ad9,12,DE 63 AC 43 14 EA 52 42 00 00 B8 42
1787903770.856186,34680,0ada,12,F4 CC AD 43 2F F4 3A 42 00 00 BA 42
1787903770.870006,34680,0adb,12,36 AD AE 43 3E 85 23 42 00 00 BC 42
1787903770.882473,34680,0adc,12,9D FF AE 43 C9 88 0D 42 00 00 BE 42
1787903770.894570,34680,0add,12,46 C2 AE 43 32 C2 F3 41 00 00 C0 42
1787903770.909278,34680,0ade,12,9A F6 AD 43 9B AD D2 41 00 00 C2 42
1787903770.921296,34680,0adf,12,2C A1 AC 43 72 25 B9 41 00 00 C4 42
1787903770.931967,34680,0ae0,12,A7 C9 AA 43 4E 2F A8 41 00 00 C6 42
1787903770.942804,34680,0ae1,12,7F 7A A8 43 AB 75 A0 41 00 00 C8 42
1787903770.953487,34680,0ae2,12,38 C1 A5 43 0E 49 A2 41 00 00 CA 42
1787903770.964492,34680,0ae3,12,60 AD A2 43 D5 96 AD 41 00 00 CC 42
1787903770.975135,34680,0ae4,12,A6 50 9F 43 9F EB C1 41 00 00 CE 42
1787903770.989965,34680,0ae5,12,60 BE 9B 43 5F 75 DE 41 00 00 D0 42
1787903771.000830,34680,0ae6,12,E3 0A 98 43 9E 0A 01 42 00 00 D2 42
1787903771.017849,34680,0ae7,12,D9 4B 94 43 D6 AE 15 42 00 00 D4 42
1787903771.029245,34680,0ae8,12,9B 96 90 43 A5 54 2C 42 00 00 D6 42
1787903771.039852,34680,0ae9,12,78 00 8D 43 E2 14 44 42 00 00 D8 42
1787903771.050400,34680,0aea,12,10 9E 89 43 44 FB 5B 42 00 00 DA 42
1787903771.060836,34680,0aeb,12,B0 82 86 43 92 17 73 42 00 00 DC 42
1787903771.071454,34680,0aec,12,87 C0 83 43 03 3E 84 42 00 00 DE 42
1787903771.081905,34680,0aed,12,45 67 81 43 24 A7 8D 42 00 00 E0 42
1787903771.092315,34680,0aee,12,D5 08 7F 43 1C 67 95 42 00 00 E2 42
1787903771.102714,34680,0aef,12,9E 45 7C 43 72 2E 9B 42 00 00 E4 42
1787903771.113048,34680,0af0,12,BA 94 7A 43 13 C3 9E 42 00 00 E6 42
1787903771.123579,34680,0af1,12,0B 00 7A 43 E8 FF 9F 42 00 00 E8 42
1787903771.134553,34680,0af2,12,CC 8A 7A 43 50 D8 9E 42 00 00 EA 42
1787903771.144923,34680,0af3,12,E0 31 7C 43 15 58 9B 42 00 00 EC 42
1787903771.158559,34680,0af4,12,C4 EB 7E 43 79 A3 95 42 00 00 EE 42
1787903771.169908,34680,0af5,12,84 54 81 43 D5 F3 8D 42 00 00 A0 41
1787903771.180285,34680,0af6,12,E3 A9 83 43 F9 97 84 42 00 00 A8 41
1787903771.190636,34680,0af7,12,AC 68 86 43 DC DE 73 42 00 00 B0 41
1787903771.201067,34680,0af8,12,15 81 89 43 F9 CD 5C 42 00 00 B8 41
1787903771.211985,34680,0af9,12,55 E1 8C 43 9C EA 44 42 00 00 C0 41
1787903771.222791,34680,0afa,12,32 76 90 43 E0 24 2D 42 00 00 C8 41
1787903771.233542,34680,0afb,12,B8 2A 94 43 42 71 16 42 00 00 D0 41
1787903771.244266,34680,0afc,12,C7 E9 97 43 7C B7 01 42 00 00 D8 41
1787903771.255713,34680,0afd,12,D7 9D 9B 43 37 96 DF 41 00 00 E0 41
1787903771.267918,34680,0afe,12,9D 31 9F 43 13 C8 C2 41 00 00 E8 41
1787903771.279513,34680,0aff,12,B4 90 A2 43 17 26 AE 41 00 00 F0 41
1787903771.295521,34680,0b00,12,60 A7 A5 43 67 85 A2 41 00 00 F8 41
1787903771.307742,34680,0b01,12,0F 64 A8 43 B3 5C A0 41 00 00 00 42
1787903771.318245,34680,0b02,12,05 B7 AA 43 04 C2 A7 41 00 00 04 42
1787903771.329089,34680,0b03,12,E5 92 AC 43 38 68 B8 41 00 00 08 42
1787903771.340720,34680,0b04,12,0E ED AD 43 F4 A7 D1 41 00 00 0C 42
1787903771.351893,34680,0b05,12,96 BD AE 43 90 7E F2 41 00 00 10 42
1787903771.366398,34680,0b06,12,E4 FF AE 43 6D CE 0C 42 00 00 14 42
1787903771.379935,34680,0b07,12,7B B2 AE 43 C5 B9 22 42 00 00 18 42
1787903771.390808,34680,0b08,12,18 D7 AD 43 B7 1F 3A 42 00 00 1C 42
1787903771.418346,34680,0b09,12,91 72 AC 43 14 15 52 42 00 00 20 42
1787903771.434446,34680,0b0a,12,0E 8D AA 43 88 A3 69 42 00 00 24 42
1787903771.444963,34680,0b0b,12,66 31 A8 43 A0 DA 7F 42 00 00 28 42
1787903771.455887,34680,0b0c,12,29 6D A5 43 CE EB 89 42 00 00 2C 42
1787903771.467918,34680,0b0d,12,3C 50 A2 43 A3 66 92 42 00 00 30 42
1787903771.480834,34680,0b0e,12,58 EC 9E 43 93 08 99 42 00 00 34 42
1787903771.493819,34680,0b0f,12,53 55 9B 43 31 8D 9D 42 00 00 38 42
1787903771.507205,34680,0b10,12,A5 9F 97 43 5E C6 9F 42 00 00 3C 42
1787903771.519531,34680,0b11,12,A1 E0 93 43 6A 9D 9F 42 00 00 40 42
1787903771.542988,34680,0b12,12,D1 2D 90 43 41 14 9D 42 00 00 44 42
1787903771.555808,34680,0b13,12,4A 9C 8C 43 5E 44 98 42 00 00 48 42
1787903771.571830,34680,0b14,12,EE 40 89 43 FD 5E 91 42 00 00 4C 42
1787903771.585191,34680,0b15,12,D8 2E 86 43 7F AA 88 42 00 00 50 42
1787903771.595617,34680,0b16,12,B0 77 83 43 80 FF 7C 42 00 00 54 42
1787903771.606972,34680,0b17,12,11 2B 81 43 DC 8E 66 42 00 00 58 42
1787903771.618666,34680,0b18,12,3E AC 7E 43 A1 E4 4E 42 00 00 5C 42
1787903771.631328,34680,0b19,12,24 07 7C 43 0A F4 36 42 00 00 60 42
1787903771.642175,34680,0b1a,12,D2 75 7A 43 72 B1 1F 42 00 00 64 42
1787903771.658640,34680,0b1b,12,4B 01 7A 43 45 0A 0A 42 00 00 68 42
1787903771.670651,34680,0b1c,12,2C AC 7A 43 D3 B9 ED 41 00 00 6C 42
1787903771.684526,34680,0b1d,12,BE 72 7C 43 42 D4 CD 41 00 00 70 42
1787903771.698112,34680,0b1e,12,9C 4A 7F 43 9E AC B5 41 00 00 74 42
1787903771.709797,34680,0b1f,12,C0 91 81 43 76 39 A6 41 00 00 78 42
1787903771.720527,34680,0b20,12,A4 F3 83 43 7C 18 A0 41 00 00 7C 42
1787903771.732556,34680,0b21,12,4B BD 86 43 9D 87 A3 41 00 00 80 42
1787903771.743446,34680,0b22,12,D7 DE 89 43 53 64 B0 41 00 00 82 42
1787903771.754896,34680,0b23,12,F7 45 8D 43 6F 2B C6 41 00 00 84 42
1787903771.765469,34680,0b24,12,41 DF 90 43 A9 FE E3 41 00 00 86 42
1787903771.776560,34680,0b25,12,07 96 94 43 C9 56 04 42 00 00 88 42
1787903771.787688,34680,0b26,12,ED 54 98 43 24 5F 19 42 00 00 8A 42
1787903771.798194,34680,0b27,12,9C 06 9C 43 FC 44 30 42 00 00 8C 42
1787903771.808714,34680,0b28,12,75 95 9F 43 0C 1D 48 42 00 00 8E 42
1787903771.821268,34680,0b29,12,36 ED A2 43 F5 F3 5F 42 00 00 90 42
1787903771.832315,34680,0b2a,12,A7 FA A5 43 5F D6 76 42 00 00 92 42
1787903771.843578,34680,0b2b,12,3C AC A8 43 95 EC 85 42 00 00 94 42
1787903771.854406,34680,0b2c,12,94 F2 AA 43 93 14 8F 42 00 00 96 42
1787903771.865342,34680,0b2d,12,5F C0 AC 43 D6 84 96 42 00 00 98 42
1787903771.876248,34680,0b2e,12,5F 0B AE 43 72 F1 9B 42 00 00 9A 42
1787903771.886874,34680,0b2f,12,25 CC AE 43 08 23 9F 42 00 00 9C 42
1787903771.897836,34680,0b30,12,5D FE AE 43 08 F9 9F 42 00 00 9E 42
1787903771.909629,34680,0b31,12,DF A0 AE 43 09 6B 9E 42 00 00 A0 42
1787903771.929374,34680,0b32,12,CC B5 AD 43 C2 88 9A 42 00 00 A2 42
1787903771.944200,34680,0b33,12,6C 42 AC 43 D8 79 94 42 00 00 A4 42
1787903771.959563,34680,0b34,12,14 4F AA 43 20 7C 8C 42 00 00 A6 42
1787903771.970990,34680,0b35,12,FD E6 A7 43 F9 E1 82 42 00 00 A8 42
1787903771.981640,34680,0b36,12,D4 17 A5 43 D1 17 70 42 00 00 AA 42
1787903771.992388,34680,0b37,12,09 F2 A1 43 72 D2 58 42 00 00 AC 42
1787903772.003190,34680,0b38,12,92 87 9E 43 60 E1 40 42 00 00 AE 42
1787903772.013958,34680,0b39,12,13 EC 9A 43 F9 38 29 42 00 00 B0 42
1787903772.024548,34680,0b3a,12,48 34 97 43 67 CC 12 42 00 00 B2 42
1787903772.036608,34680,0b3b,12,5F 75 93 43 1B FA FC 41 00 00 B4 42
1787903772.046992,34680,0b3c,12,44 C5 8F 43 1A 38 DA 41 00 00 B6 42
1787903772.057728,34680,0b3d,12,F8 38 8C 43 8F B5 BE 41 00 00 B8 42
1787903772.069384,34680,0b3e,12,E2 E4 88 43 47 8B AB 41 00 00 BA 42
1787903772.081083,34680,0b3f,12,24 DC 85 43 4D 7D A1 41 00 00 BC 42
1787903772.091730,34680,0b40,12,0E 30 83 43 B1 F0 A0 41 00 00 BE 42
1787903772.103688,34680,0b41,12,44 F0 80 43 33 EC A9 41 00 00 C0 42
1787903772.114107,34680,0b42,12,1A 53 7E 43 24 14 BC 41 00 00 C2 42
1787903772.126020,34680,0b43,12,40 CC 7B 43 32 AF D6 41 00 00 C4 42
1787903772.136575,34680,0b44,12,80 5A 7A 43 E4 AA F8 41 00 00 C6 42
1787903772.147234,34680,0b45,12,2A 06 7A 43 D2 58 10 42 00 00 C8 42
1787903772.158859,34680,0b46,12,2E D1 7A 43 40 94 26 42 00 00 CA 42
1787903772.170789,34680,0b47,12,EE B6 7C 43 D1 24 3E 42 00 00 CC 42
1787903772.182209,34680,0b48,12,84 AC 7F 43 FC 19 56 42 00 00 CE 42
1787903772.193404,34680,0b49,12,75 D0 81 43 70 7D 6D 42 00 00 D0 42
1787903772.204039,34680,0b4a,12,D7 3E 84 43 0B B2 81 42 00 00 D2 42
1787903772.215254,34680,0b4b,12,2C 13 87 43 42 76 8B 42 00 00 D4 42
1787903772.225933,34680,0b4c,12,4E 3D 8A 43 AF A7 93 42 00 00 D6 42
1787903772.236474,34680,0b4d,12,0C AB 8D 43 AF F2 99 42 00 00 D8 42
1787903772.247272,34680,0b4e,12,AF 48 91 43 CC 16 9E 42 00 00 DA 42
1787903772.258188,34680,0b4f,12,A1 01 95 43 64 EA 9F 42 00 00 DC 42
1787903772.268922,34680,0b50,12,19 C0 98 43 6C 5A 9F 42 00 00 DE 42
1787903772.279461,34680,0b51,12,C0 6E 9C 43 A0 6C 9C 42 00 00 E0 42
1787903772.290023,34680,0b52,12,6D F8 9F 43 E6 3E 97 42 00 00 E2 42
1787903772.301583,34680,0b53,12,C9 48 A3 43 BB 06 90 42 00 00 E4 42
1787903772.312306,34680,0b54,12,EC 4C A6 43 B2 0C 87 42 00 00 E6 42
1787903772.323003,34680,0b55,12,30 F3 A8 43 CF 59 79 42 00 00 E8 42
1787903772.334883,34680,0b56,12,84 2C AB 43 7E A2 62 42 00 00 EA 42
1787903772.347701,34680,0b57,12,1E EC AC 43 50 DB 4A 42 00 00 EC 42
1787903772.358508,34680,0b58,12,F2 27 AE 43 D2 F8 32 42 00 00 EE 42
1787903772.369468,34680,0b59,12,EE D8 AE 43 16 EB 1B 42 00 00 A0 41
1787903772.380050,34680,0b5a,12,06 FB AE 43 4E 9F 06 42 00 00 A8 41
1787903772.390720,34680,0b5b,12,82 8D AE 43 B0 DD E7 41 00 00 B0 41
1787903772.401167,34680,0b5c,12,D9 92 AD 43 EF 30 C9 41 00 00 B8 41
1787903772.412166,34680,0b5d,12,AA 10 AC 43 E5 72 B2 41 00 00 C0 41
1787903772.423625,34680,0b5e,12,86 0F AA 43 29 88 A4 41 00 00 C8 41
1787903772.436917,34680,0b5f,12,26 9B A7 43 E3 00 A0 41 00 00 D0 41
1787903772.447632,34680,0b60,12,8F C1 A4 43 4B 0B A5 41 00 00 D8 41
1787903772.458255,34680,0b61,12,24 93 A1 43 EF 73 B3 41 00 00 E0 41
1787903772.468978,34680,0b62,12,2F 22 9E 43 98 A5 CA 41 00 00 E8 41
1787903772.479671,34680,0b63,12,47 82 9A 43 26 B7 E9 41 00 00 F0 41
1787903772.490397,34680,0b64,12,A3 C8 96 43 00 B5 07 42 00 00 F8 41
1787903772.501180,34680,0b65,12,7D 0A 93 43 AC 1E 1D 42 00 00 00 42
1787903772.512639,34680,0b66,12,5A 5D 8F 43 08 3E 34 42 00 00 04 42
1787903772.524416,34680,0b67,12,5C D6 8B 43 2F 25 4C 42 00 00 08 42
1787903772.535718,34680,0b68,12,A0 89 88 43 E0 E3 63 42 00 00 0C 42
1787903772.546236,34680,0b69,12,76 8A 85 43 E3 85 7A 42 00 00 10 42
1787903772.557144,34680,0b6a,12,EA E9 82 43 1A 92 87 42 00 00 14 42
1787903772.568402,34680,0b6b,12,17 B7 80 43 2F 76 90 42 00 00 18 42
1787903772.580610,34680,0b6c,12,42 FD 7D 43 F6 93 97 42 00 00 1C 42
1787903772.591214,34680,0b6d,12,BE 94 7B 43 E7 A3 9C 42 00 00 20 42
1787903772.602283,34680,0b6e,12,BA 42 7A 43 B5 71 9F 42 00 00 24 42
1787903772.613121,34680,0b6f,12,A6 0E 7A 43 C2 E0 9F 42 00 00 28 42
1787903772.626613,34680,0b70,12,AD F9 7A 43 A0 EC 9D 42 00 00 2C 42
1787903772.638010,34680,0b71,12,8A FE 7C 43 AB A9 99 42 00 00 30 42
1787903772.648505,34680,0b72,12,E7 08 80 43 B9 42 93 42 00 00 34 42
1787903772.659104,34680,0b73,12,BF 10 82 43 62 F9 8A 42 00 00 38 42
1787903772.669885,34680,0b74,12,2F 8B 84 43 3A 22 81 42 00 00 3C 42
1787903772.680280,34680,0b75,12,FA 69 87 43 65 43 6C 42 00 00 40 42
1787903772.690715,34680,0b76,12,9F 9C 8A 43 0F D2 54 42 00 00 44 42
1787903772.701236,34680,0b77,12,EA 10 8E 43 12 DC 3C 42 00 00 48 42
1787903772.711791,34680,0b78,12,A6 B2 91 43 CC 57 25 42 00 00 4C 42
1787903772.722188,34680,0b79,12,1D 6D 95 43 45 35 0F 42 00 00 50 42
1787903772.732914,34680,0b7a,12,E0 2A 99 43 DB AC F6 41 00 00 54 42
1787903772.743530,34680,0b7b,12,6E D6 9C 43 89 0E D5 41 00 00 58 42
1787903772.755224,34680,0b7c,12,DA 5A A0 43 7D E1 BA 41 00 00 5C 42
1787903772.765765,34680,0b7d,12,90 A3 A3 43 C8 33 A9 41 00 00 60 42
1787903772.779711,34680,0b7e,12,DD 9D A6 43 DC B9 A0 41 00 00 64 42
1787903772.790659,34680,0b7f,12,A4 38 A9 43 3E CA A1 41 00 00 68 42
1787903772.801796,34680,0b80,12,EB 64 AB 43 E3 58 AC 41 00 00 6C 42
1787903772.812593,34680,0b81,12,48 16 AD 43 AE FB BF 41 00 00 70 42
1787903772.823537,34680,0b82,12,D3 42 AE 43 BA E9 DB 41 00 00 74 42
1787903772.840214,34680,0b83,12,E5 E3 AE 43 F3 05 FF 41 00 00 78 42
1787903772.852372,34680,0b84,12,E1 F5 AE 43 FD F4 13 42 00 00 7C 42
1787903772.863529,34680,0b85,12,5F 78 AE 43 65 78 2A 42 00 00 80 42
1787903772.874756,34680,0b86,12,20 6E AD 43 E7 2A 42 42 00 00 82 42
1787903772.887792,34680,0b87,12,39 DD AB 43 F2 18 5A 42 00 00 84 42
1787903772.898381,34680,0b88,12,A1 CE A9 43 44 4E 71 42 00 00 86 42
1787903772.908982,34680,0b89,12,2B 4E A7 43 FC 6E 83 42 00 00 88 42
1787903772.919563,34680,0b8a,12,39 6A A4 43 4E F5 8C 42 00 00 8A 42
1787903772.931391,34680,0b8b,12,3D 33 A1 43 5C DA 94 42 00 00 8C 42
1787903772.942233,34680,0b8c,12,06 BC 9D 43 C2 CC 9A 42 00 00 8E 42
1787903772.952816,34680,0b8d,12,59 18 9A 43 D0 8F 9E 42 00 00 90 42
1787903772.963268,34680,0b8e,12,21 5D 96 43 1E FD 9F 42 00 00 92 42
1787903772.974216,34680,0b8f,12,D2 9F 92 43 46 06 9F 42 00 00 94 42
1787903772.984746,34680,0b90,12,BA F5 8E 43 FA B4 9B 42 00 00 96 42
1787903772.995406,34680,0b91,12,4D 74 8B 43 12 2B 96 42 00 00 98 42
1787903773.006007,34680,0b92,12,80 2F 88 43 17 A1 8E 42 00 00 9A 42
1787903773.017390,34680,0b93,12,1E 3A 85 43 FC 63 85 42 00 00 9C 42
1787903773.029073,34680,0b94,12,27 A5 82 43 DA A5 75 42 00 00 9E 42
1787903773.039720,34680,0b95,12,5C 7F 80 43 3D B0 5E 42 00 00 A0 42
1787903773.050563,34680,0b96,12,99 AA 7D 43 0A D3 46 42 00 00 A2 42
1787903773.061172,34680,0b97,12,D6 60 7B 43 D8 01 2F 42 00 00 A4 42
1787903773.071877,34680,0b98,12,97 2E 7A 43 C1 2F 18 42 00 00 A6 42
1787903773.083030,34680,0b99,12,BC 1A 7A 43 3D 47 03 42 00 00 A8 42
1787903773.093818,34680,0b9a,12,CD 25 7B 43 EA 34 E2 41 00 00 AA 42
1787903773.104764,34680,0b9b,12,AE 49 7D 43 49 C9 C4 41 00 00 AC 42
1787903773.115888,34680,0b9c,12,0C 3D 80 43 E5 77 AF 41 00 00 AE 42
1787903773.127810,34680,0b9d,12,5C 52 82 43 54 1A A3 41 00 00 B0 42
1787903773.138348,34680,0b9e,12,CB D8 84 43 AA 2E A0 41 00 00 B2 42
1787903773.150646,34680,0b9f,12,FF C1 87 43 40 D2 A6 41 00 00 B4 42
1787903773.161033,34680,0ba0,12,EF FC 8A 43 EF C1 B6 41 00 00 B6 42
1787903773.173937,34680,0ba1,12,2D 77 8E 43 0B 5B CF 41 00 00 B8 42
1787903773.184917,34680,0ba2,12,BB 1C 92 43 80 A2 EF 41 00 00 BA 42
1787903773.195781,34680,0ba3,12,A3 D8 95 43 CD 25 0B 42 00 00 BC 42
1787903773.206171,34680,0ba4,12,9E 95 99 43 E0 E8 20 42 00 00 BE 42
1787903773.216698,34680,0ba5,12,CD 3D 9D 43 F3 3A 38 42 00 00 C0 42
1787903773.227179,34680,0ba6,12,5A BC A0 43 FD 2D 50 42 00 00 C2 42
1787903773.237821,34680,0ba7,12,30 FD A3 43 89 CD 67 42 00 00 C4 42
1787903773.248378,34680,0ba8,12,9A ED A6 43 CB 26 7E 42 00 00 C6 42
1787903773.259206,34680,0ba9,12,D4 7C A9 43 90 2C 89 42 00 00 C8 42
1787903773.269882,34680,0baa,12,E0 9B AB 43 4A CA 91 42 00 00 CA 42
1787903773.280482,34680,0bab,12,B4 3E AD 43 A0 94 98 42 00 00 CC 42
1787903773.291120,34680,0bac,12,E6 5B AE 43 44 46 9D 42 00 00 CE 42
1787903773.301718,34680,0bad,12,10 ED AE 43 33 AF 9F 42 00 00 D0 42
1787903773.312869,34680,0bae,12,EB EE AE 43 34 B7 9F 42 00 00 D2 42
1787903773.323452,34680,0baf,12,6D 61 AE 43 AF 5D 9D 42 00 00 D4 42
1787903773.334310,34680,0bb0,12,C6 47 AD 43 9F BA 98 42 00 00 D6 42
1787903773.344938,34680,0bb1,12,4A A8 AB 43 58 FD 91 42 00 00 D8 42
1787903773.355389,34680,0bb2,12,4D 8C A9 43 60 6B 89 42 00 00 DA 42
1787903773.367625,34680,0bb3,12,CC FF A6 43 B9 B5 7E 42 00 00 DC 42
1787903773.379973,34680,0bb4,12,B0 11 A4 43 42 66 68 42 00 00 DE 42
1787903773.392645,34680,0bb5,12,B2 D2 A0 43 17 CC 50 42 00 00 E0 42
1787903773.406352,34680,0bb6,12,7D 55 9D 43 21 D8 38 42 00 00 E2 42
1787903773.418110,34680,0bb7,12,1F AE 99 43 A3 80 21 42 00 00 E4 42
1787903773.429635,34680,0bb8,12,67 F1 95 43 3D B0 0B 42 00 00 E6 42
1787903773.440302,34680,0bb9,12,34 35 92 43 E5 8E F0 41 00 00 E8 42
1787903773.451502,34680,0bba,12,CE 8E 8E 43 C2 18 D0 41 00 00 EA 42
1787903773.463329,34680,0bbb,12,30 13 8B 43 69 49 B7 41 00 00 EC 42
1787903773.474060,34680,0bbc,12,61 D6 87 43 FF 1E A7 41 00 00 EE 42
1787903773.484955,34680,0bbd,12,D7 EA 84 43 FF 3B A0 41 00 00 A0 41
1787903773.498051,34680,0bbe,12,AC 61 82 43 54 E8 A2 41 00 00 A8 41
1787903773.509033,34680,0bbf,12,48 49 80 43 B2 08 AF 41 00 00 B0 41
1787903773.526524,34680,0bc0,12,70 5B 7D 43 53 21 C4 41 00 00 B8 41
1787903773.536720,34680,0bc1,12,72 30 7B 43 50 58 E1 41 00 00 C0 41
1787903773.551164,34680,0bc2,12,08 1E 7A 43 02 C4 02 42 00 00 C8 41
1787903773.570252,34680,0bc3,12,77 2A 7A 43 8A 9E 17 42 00 00 D0 41
1787903773.584752,34680,0bc4,12,61 55 7B 43 E8 66 2E 42 00 00 D8 41
1787903773.596420,34680,0bc5,12,11 98 7D 43 8D 34 46 42 00 00 E0 41
1787903773.607249,34680,0bc6,12,C4 72 80 43 AD 12 5E 42 00 00 E8 41
1787903773.617681,34680,0bc7,12,84 95 82 43 5F 11 75 42 00 00 F0 41
1787903773.628224,34680,0bc8,12,C8 27 85 43 07 22 85 42 00 00 F8 41
1787903773.638716,34680,0bc9,12,E3 1A 88 43 2D 69 8E 42 00 00 00 42
1787903773.652707,34680,0bca,12,DE 5D 8B 43 6E FF 95 42 00 00 04 42
1787903773.663644,34680,0bcb,12,FA DD 8E 43 FE 96 9B 42 00 00 08 42
1787903773.674511,34680,0bcc,12,49 87 92 43 AA F7 9E 42 00 00 0C 42
1787903773.685041,34680,0bcd,12,5E 44 96 43 72 FE 9F 42 00 00 10 42
1787903773.695402,34680,0bce,12,E9 FF 99 43 DC A0 9E 42 00 00 14 42
1787903773.705956,34680,0bcf,12,76 A4 9D 43 D8 EC 9A 42 00 00 18 42
1787903773.716677,34680,0bd0,12,13 1D A1 43 BE 08 95 42 00 00 1C 42
1787903773.727391,34680,0bd1,12,F6 55 A4 43 C3 2F 8D 42 00 00 20 42
1787903773.737931,34680,0bd2,12,43 3C A7 43 62 B2 83 42 00 00 24 42
1787903773.748614,34680,0bd3,12,7A BF A9 43 F0 E2 71 42 00 00 28 42
1787903773.759137,34680,0bd4,12,2C D1 AB 43 92 B5 5A 42 00 00 2C 42
1787903773.770043,34680,0bd5,12,71 65 AD 43 1C CB 42 42 00 00 30 42
1787903773.780636,34680,0bd6,12,41 73 AE 43 F1 13 2B 42 00 00 34 42
1787903773.791001,34680,0bd7,12,70 F4 AE 43 FC 83 14 42 00 00 38 42
1787903773.801387,34680,0bd8,12,2B E6 AE 43 89 01 00 42 00 00 3C 42
1787903773.811780,34680,0bd9,12,C1 48 AE 43 E2 BB DC 41 00 00 40 42
1787903773.822160,34680,0bda,12,BD 1F AD 43 62 9C C0 41 00 00 44 42
1787903773.832566,34680,0bdb,12,B1 71 AB 43 3D BF AC 41 00 00 48 42
1787903773.843182,34680,0bdc,12,70 48 A9 43 B3 F1 A1 41 00 00 4C 42
1787903773.853518,34680,0bdd,12,56 B0 A6 43 09 A2 A0 41 00 00 50 42
1787903773.863834,34680,0bde,12,4A B8 A3 43 A0 DD A8 41 00 00 54 42
1787903773.874753,34680,0bdf,12,60 71 A0 43 BC 4E BA 41 00 00 58 42
1787903773.885089,34680,0be0,12,3D EE 9C 43 0B 46 D4 41 00 00 5C 42
1787903773.895741,34680,0be1,12,6F 43 99 43 80 B9 F5 41 00 00 60 42
1787903773.906397,34680,0be2,12,DF 85 95 43 D6 A9 0E 42 00 00 64 42
1787903773.916917,34680,0be3,12,0E CB 91 43 2B C0 24 42 00 00 68 42
1787903773.927316,34680,0be4,12,6B 28 8E 43 6D 3C 3C 42 00 00 6C 42
1787903773.937927,34680,0be5,12,B0 B2 8A 43 8E 32 54 42 00 00 70 42
1787903773.948519,34680,0be6,12,1E 7E 87 43 2E AC 6B 42 00 00 74 42
1787903773.958861,34680,0be7,12,F2 9C 84 43 D9 DC 80 42 00 00 78 42
1787903773.969594,34680,0be8,12,BA 1F 82 43 FF BC 8A 42 00 00 7C 42
1787903773.980895,34680,0be9,12,C6 14 80 43 28 11 93 42 00 00 80 42
1787903773.991402,34680,0bea,12,83 0F 7D 43 9D 85 99 42 00 00 82 42
1787903774.003233,34680,0beb,12,82 03 7B 43 C3 D7 9D 42 00 00 84 42
1787903774.015124,34680,0bec,12,1C 11 7A 43 81 DB 9F 42 00 00 86 42
1787903774.026696,34680,0bed,12,C5 3D 7A 43 44 7C 9F 42 00 00 88 42
1787903774.037252,34680,0bee,12,7A 88 7B 43 29 BE 9C 42 00 00 8A 42
1787903774.048669,34680,0bef,12,F6 E9 7D 43 C0 BC 97 42 00 00 8C 42
1787903774.059269,34680,0bf0,12,24 AA 80 43 3F AB 90 42 00 00 8E 42
1787903774.071431,34680,0bf1,12,F4 D9 82 43 CD D1 87 42 00 00 90 42
1787903774.082203,34680,0bf2,12,D9 77 85 43 7B 15 7B 42 00 00 92 42
1787903774.093401,34680,0bf3,12,C8 74 88 43 C2 7F 64 42 00 00 94 42
1787903774.103908,34680,0bf4,12,C0 BF 8B 43 72 C5 4C 42 00 00 96 42
1787903774.114439,34680,0bf5,12,7C 45 8F 43 6F DA 34 42 00 00 98 42
1787903774.125196,34680,0bf6,12,E7 F1 92 43 DA B2 1D 42 00 00 9A 42
1787903774.135647,34680,0bf7,12,E1 AF 96 43 0D 3B 08 42 00 00 9C 42
1787903774.145912,34680,0bf8,12,E9 69 9A 43 04 9F EA 41 00 00 9E 42
1787903774.156258,34680,0bf9,12,C0 0A 9E 43 CE 5C CB 41 00 00 A0 42
1787903774.166796,34680,0bfa,12,2B 7D A1 43 B4 F1 B3 41 00 00 A2 42
1787903774.177222,34680,0bfb,12,8A AD A4 43 BF 4C A5 41 00 00 A4 42
1787903774.187731,34680,0bfc,12,88 89 A7 43 68 03 A0 41 00 00 A6 42
1787903774.198219,34680,0bfd,12,B4 00 AA 43 F2 4A A4 41 00 00 A8 42
1787903774.208914,34680,0bfe,12,FB 04 AC 43 58 F8 B1 41 00 00 AA 42
1787903774.219496,34680,0bff,12,8E 8A AD 43 08 80 C8 41 00 00 AC 42
1787903774.230268,34680,0c00,12,CC 88 AE 43 0D FC E6 41 00 00 AE 42
1787903774.241197,34680,0c01,12,00 FA AE 43 9E 1A 06 42 00 00 B0 42
1787903774.251776,34680,0c02,12,9E DB AE 43 14 56 1B 42 00 00 B2 42
1787903774.262216,34680,0c03,12,48 2E AE 43 00 5B 32 42 00 00 B4 42
1787903774.272608,34680,0c04,12,F5 F5 AC 43 D9 3C 4A 42 00 00 B6 42
1787903774.283016,34680,0c05,12,A4 39 AB 43 DB 07 62 42 00 00 B8 42
1787903774.293348,34680,0c06,12,4E 03 A9 43 2A C9 78 42 00 00 BA 42
1787903774.303901,34680,0c07,12,AB 5F A6 43 7E CB 86 42 00 00 BC 42
1787903774.314635,34680,0c08,12,BD 5D A3 43 19 D0 8F 42 00 00 BE 42
1787903774.325089,34680,0c09,12,1E 0F A0 43 80 15 97 42 00 00 C0 42
1787903774.336940,34680,0c0a,12,AC 86 9C 43 7C 51 9C 42 00 00 C2 42
1787903774.347354,34680,0c0b,12,B5 D8 98 43 9E 4E 9F 42 00 00 C4 42
1787903774.357728,34680,0c0c,12,61 1A 95 43 70 EE 9F 42 00 00 C6 42
1787903774.369447,34680,0c0d,12,04 61 91 43 AB 2A 9E 42 00 00 C8 42
1787903774.379799,34680,0c0e,12,6A C2 8D 43 30 15 9A 42 00 00 CA 42
1787903774.391099,34680,0c0f,12,2F 53 8A 43 AC D7 93 42 00 00 CC 42
1787903774.402036,34680,0c10,12,12 27 87 43 D2 B1 8B 42 00 00 CE 42
1787903774.412663,34680,0c11,12,4F 50 84 43 9E F7 81 42 00 00 D0 42
1787903774.423110,34680,0c12,12,1C DF 81 43 A7 15 6E 42 00 00 D2 42
1787903774.434043,34680,0c13,12,84 C3 7F 43 57 B7 56 42 00 00 D4 42
1787903774.444514,34680,0c14,12,1E C7 7C 43 D0 C2 3E 42 00 00 D6 42
1787903774.455457,34680,0c15,12,31 DA 7A 43 98 2C 27 42 00 00 D8 42
1787903774.467394,34680,0c16,12,CC 07 7A 43 19 E7 10 42 00 00 DA 42
1787903774.478927,34680,0c17,12,B7 54 7A 43 5E A4 F9 41 00 00 DC 42
1787903774.489637,34680,0c18,12,2E BF 7B 43 44 79 D7 41 00 00 DE 42
1787903774.500065,34680,0c19,12,0A 3F 7E 43 A7 A9 BC 41 00 00 E0 42
1787903774.510914,34680,0c1a,12,F6 E2 80 43 31 47 AA 41 00 00 E2 42
1787903774.521355,34680,0c1b,12,C8 1F 83 43 E4 0D A1 41 00 00 E4 42
1787903774.531935,34680,0c1c,12,42 C9 85 43 75 5A A1 41 00 00 E6 42
1787903774.543499,34680,0c1d,12,D2 CF 88 43 EE 2A AB 41 00 00 E8 42
1787903774.554117,34680,0c1e,12,32 22 8C 43 20 1B BE 41 00 00 EA 42
1787903774.564502,34680,0c1f,12,4B AD 8F 43 BE 69 D9 41 00 00 EC 42
1787903774.583163,34680,0c20,12,BD 5C 93 43 1A FD FB 41 00 00 EE 42
1787903774.597339,34680,0c21,12,8A 1B 97 43 D6 3C 12 42 00 00 A0 41
1787903774.608825,34680,0c22,12,C9 D3 9A 43 E1 9F 28 42 00 00 A8 41
1787903774.619418,34680,0c23,12,47 70 9E 43 2D 43 40 42 00 00 B0 41
1787903774.635088,34680,0c24,12,42 DC A1 43 74 35 58 42 00 00 B8 41
1787903774.645863,34680,0c25,12,0E 04 A5 43 84 80 6F 42 00 00 C0 41
1787903774.661124,34680,0c26,12,AB D5 A7 43 1E 9D 82 42 00 00 C8 41
1787903774.671702,34680,0c27,12,99 40 AA 43 7E 41 8C 42 00 00 D0 41
1787903774.682199,34680,0c28,12,1A 37 AC 43 FA 4A 94 42 00 00 D8 41
1787903774.693078,34680,0c29,12,E6 AD AD 43 86 67 9A 42 00 00 E0 41
1787903774.703683,34680,0c2a,12,91 9C AE 43 8A 58 9E 42 00 00 E8 41
1787903774.714178,34680,0c2b,12,C2 FD AE 43 68 F6 9F 42 00 00 F0 41
1787903774.725394,34680,0c2c,12,3E CF AE 43 3A 30 9F 42 00 00 F8 41
1787903774.737775,34680,0c2d,12,1B 12 AE 43 E6 0D 9C 42 00 00 00 42
1787903774.751506,34680,0c2e,12,97 CA AC 43 6B AF 96 42 00 00 04 42
1787903774.762083,34680,0c2f,12,0E 00 AB 43 3C 4C 8F 42 00 00 08 42
1787903774.772615,34680,0c30,12,AA BC A8 43 9A 2E 86 42 00 00 0C 42
1787903774.785203,34680,0c31,12,AB 0D A6 43 24 68 77 42 00 00 10 42
1787903774.795813,34680,0c32,12,62 02 A3 43 2F 8F 60 42 00 00 14 42
1787903774.806728,34680,0c33,12,50 AC 9F 43 8C BB 48 42 00 00 18 42
1787903774.817861,34680,0c34,12,A2 1E 9C 43 46 E2 30 42 00 00 1C 42
1787903774.833043,34680,0c35,12,94 6D 98 43 13 F3 19 42 00 00 20 42
1787903774.843776,34680,0c36,12,C1 AE 94 43 EB D9 04 42 00 00 24 42
1787903774.857950,34680,0c37,12,81 F7 90 43 52 DC E4 41 00 00 28 42
1787903774.868547,34680,0c38,12,30 5D 8D 43 A7 D7 C6 41 00 00 2C 42
1787903774.879297,34680,0c39,12,85 F4 89 43 9C D9 B0 41 00 00 30 42
1787903774.889980,34680,0c3a,12,F0 D0 86 43 3F BF A3 41 00 00 34 42
1787903774.900524,34680,0c3b,12,D0 04 84 43 5B 10 A0 41 00 00 38 42
1787903774.911163,34680,0c3c,12,0F A0 81 43 88 F2 A5 41 00 00 3C 42
1787903774.921632,34680,0c3d,12,DF 60 7F 43 B7 29 B5 41 00 00 40 42
1787903774.932087,34680,0c3e,12,24 82 7C 43 69 18 CD 41 00 00 44 42
1787903774.942566,34680,0c3f,12,5D B4 7A 43 13 CE EC 41 00 00 48 42
1787903774.957364,34680,0c40,12,17 02 7A 43 BF 82 09 42 00 00 4C 42
1787903774.974086,34680,0c41,12,36 6F 7A 43 4B 1C 1F 42 00 00 50 42
1787903774.985031,34680,0c42,12,46 F9 7B 43 34 57 36 42 00 00 54 42
1787903774.995645,34680,0c43,12,6C 97 7E 43 7E 44 4E 42 00 00 58 42
1787903775.006450,34680,0c44,12,6A 1D 81 43 AA F3 65 42 00 00 5C 42
1787903775.016854,34680,0c45,12,19 67 83 43 1D 71 7C 42 00 00 60 42
1787903775.028733,34680,0c46,12,B2 1B 86 43 A4 6B 88 42 00 00 64 42
1787903775.040440,34680,0c47,12,A6 2B 89 43 FA 2A 91 42 00 00 68 42
1787903775.051038,34680,0c48,12,5B 85 8C 43 CF 1C 98 42 00 00 6C 42
1787903775.063260,34680,0c49,12,BF 15 90 43 57 FB 9C 42 00 00 70 42
1787903775.073959,34680,0c4a,12,F5 C7 93 43 40 94 9F 42 00 00 74 42
1787903775.084421,34680,0c4b,12,ED 86 97 43 06 CD 9F 42 00 00 78 42
1787903775.094943,34680,0c4c,12,1E 3D 9B 43 67 A3 9D 42 00 00 7C 42
1787903775.109821,34680,0c4d,12,31 D5 9E 43 E4 2D 99 42 00 00 80 42
1787903775.121427,34680,0c4e,12,A8 3A A2 43 50 99 92 42 00 00 82 42
1787903775.131888,34680,0c4f,12,A4 59 A5 43 18 29 8A 42 00 00 84 42
1787903775.157382,34680,0c50,12,61 20 A8 43 5C 33 80 42 00 00 86 42
1787903775.168275,34680,0c51,12,EA 7E AA 43 90 3B 6A 42 00 00 88 42
1787903775.179020,34680,0c52,12,9F 67 AC 43 DA B4 52 42 00 00 8A 42
1787903775.190579,34680,0c53,12,97 CF AD 43 10 BF 3A 42 00 00 8C 42
1787903775.201448,34680,0c54,12,97 AE AE 43 8E 50 23 42 00 00 8E 42
1787903775.213582,34680,0c55,12,B3 FF AE 43 80 58 0D 42 00 00 90 42
1787903775.224488,34680,0c56,12,19 C1 AE 43 48 6E F3 41 00 00 92 42
1787903775.235106,34680,0c57,12,31 F4 AD 43 FC 6B D2 41 00 00 94 42
1787903775.246050,34680,0c58,12,7E 9D AC 43 E7 F5 B8 41 00 00 96 42
1787903775.257692,34680,0c59,12,D8 C4 AA 43 C1 12 A8 41 00 00 98 42
1787903775.269057,34680,0c5a,12,CD 74 A8 43 ED 6E A0 41 00 00 9A 42
1787903775.280417,34680,0c5b,12,A8 BA A5 43 62 58 A2 41 00 00 9C 42
1787903775.291653,34680,0c5c,12,17 A6 A2 43 60 BA AD 41 00 00 9E 42
1787903775.302336,34680,0c5d,12,A0 48 9F 43 7B 22 C2 41 00 00 A0 42
1787903775.330694,34680,0c5e,12,F6 B5 9B 43 E3 BF DE 41 00 00 A2 42
1787903775.340857,34680,0c5f,12,78 02 98 43 42 37 01 42 00 00 A4 42
1787903775.351332,34680,0c60,12,6C 43 94 43 13 E1 15 42 00 00 A6 42
1787903775.361641,34680,0c61,12,5B 8E 90 43 A9 88 2C 42 00 00 A8 42
1787903775.371925,34680,0c62,12,68 F8 8C 43 4C 4A 44 42 00 00 AA 42
1787903775.382442,34680,0c63,12,8F 96 89 43 CE 31 5C 42 00 00 AC 42
1787903775.392825,34680,0c64,12,0F 7C 86 43 2E 4B 73 42 00 00 AE 42
1787903775.403102,34680,0c65,12,C2 BA 83 43 54 55 84 42 00 00 B0 42
1787903775.413651,34680,0c66,12,7C 62 81 43 5B BA 8D 42 00 00 B2 42
1787903775.424298,34680,0c67,12,48 01 7F 43 41 76 95 42 00 00 B4 42
1787903775.434730,34680,0c68,12,7A 40 7C 43 49 39 9B 42 00 00 B6 42
1787903775.445446,34680,0c69,12,2B 92 7A 43 A4 C8 9E 42 00 00 B8 42
1787903775.455783,34680,0c6a,12,03 00 7A 43 FA FF 9F 42 00 00 BA 42
1787903775.466302,34680,0c6b,12,4A 8D 7A 43 13 D3 9E 42 00 00 BC 42
1787903775.476914,34680,0c6c,12,F3 36 7C 43 BE 4D 9B 42 00 00 BE 42
1787903775.487843,34680,0c6d,12,42 F3 7E 43 EA 93 95 42 00 00 C0 42
1787903775.498716,34680,0c6e,12,46 59 81 43 0A E0 8D 42 00 00 C2 42
1787903775.510286,34680,0c6f,12,A2 AF 83 43 BD 80 84 42 00 00 C4 42
1787903775.521534,34680,0c70,12,47 6F 86 43 19 AD 73 42 00 00 C6 42
1787903775.532041,34680,0c71,12,92 88 89 43 55 99 5C 42 00 00 C8 42
1787903775.542568,34680,0c72,12,61 E9 8C 43 50 B3 44 42 00 00 CA 42
1787903775.553093,34680,0c73,12,70 7E 90 43 F8 EE 2C 42 00 00 CC 42
1787903775.563701,34680,0c74,12,25 33 94 43 E6 3E 16 42 00 00 CE 42
1787903775.574138,34680,0c75,12,33 F2 97 43 32 8C 01 42 00 00 D0 42
1787903775.585017,34680,0c76,12,43 A6 9B 43 D0 4D DF 41 00 00 D2 42
1787903775.595506,34680,0c77,12,A6 39 9F 43 CC 8E C2 41 00 00 D4 42
1787903775.606037,34680,0c78,12,01 98 A2 43 C2 00 AE 41 00 00 D6 42
1787903775.618030,34680,0c79,12,F6 AD A5 43 82 75 A2 41 00 00 D8 42
1787903775.630424,34680,0c7a,12,C7 69 A8 43 A9 62 A0 41 00 00 DA 42
1787903775.640928,34680,0c7b,12,DA BB AA 43 11 DD A7 41 00 00 DC 42
1787903775.651476,34680,0c7c,12,9A 96 AC 43 EC 98 B8 41 00 00 DE 42
1787903775.662048,34680,0c7d,12,80 EF AD 43 6C EB D1 41 00 00 E0 42
1787903775.672647,34680,0c7e,12,CC BE AE 43 1B D2 F2 41 00 00 E2 42
1787903775.683064,34680,0c7f,12,D6 FF AE 43 F0 FC 0C 42 00 00 E4 42
1787903775.693698,34680,0c80,12,22 B1 AE 43 95 EC 22 42 00 00 E6 42
1787903775.717312,34680,0c81,12,7C D4 AD 43 AB 56 3A 42 00 00 E8 42
1787903775.727898,34680,0c82,12,D8 6E AC 43 33 4C 52 42 00 00 EA 42
1787903775.738651,34680,0c83,12,3D 88 AA 43 9E D8 69 42 00 00 EC 42
1787903775.750985,34680,0c84,12,9A 2B A8 43 F4 04 80 42 00 00 EE 42
1787903775.761434,34680,0c85,12,5A 66 A5 43 80 00 8A 42 00 00 A0 41
1787903775.772120,34680,0c86,12,B6 48 A2 43 27 78 92 42 00 00 A8 41
1787903775.782629,34680,0c87,12,73 E4 9E 43 7D 15 99 42 00 00 B0 41
1787903775.793111,34680,0c88,12,11 4D 9B 43 FD 94 9D 42 00 00 B8 41
1787903775.803448,34680,0c89,12,36 97 97 43 A8 C8 9F 42 00 00 C0 41
1787903775.815524,34680,0c8a,12,05 D8 93 43 5F 9A 9F 42 00 00 C8 41
1787903775.826591,34680,0c8b,12,6A 25 90 43 B4 0B 9D 42 00 00 D0 41
1787903775.837176,34680,0c8c,12,76 94 8C 43 C4 36 98 42 00 00 D8 41
1787903775.847738,34680,0c8d,12,AA 39 89 43 DE 4C 91 42 00 00 E0 41
1787903775.858240,34680,0c8e,12,4E 28 86 43 54 95 88 42 00 00 E8 41
1787903775.868824,34680,0c8f,12,E3 71 83 43 88 CF 7C 42 00 00 F0 41
1787903775.879263,34680,0c90,12,4B 26 81 43 5A 59 66 42 00 00 F8 41
1787903775.890378,34680,0c91,12,1F A5 7E 43 66 AD 4E 42 00 00 00 42
1787903775.904920,34680,0c92,12,64 02 7C 43 4A BD 36 42 00 00 04 42
1787903775.915642,34680,0c93,12,8C 73 7A 43 20 7F 1F 42 00 00 08 42
1787903775.926553,34680,0c94,12,8C 01 7A 43 87 DC 09 42 00 00 0C 42
1787903775.937119,34680,0c95,12,02 AF 7A 43 61 68 ED 41 00 00 10 42
1787903775.949283,34680,0c96,12,F9 77 7C 43 4F 93 CD 41 00 00 14 42
1787903775.959826,34680,0c97,12,2F 52 7F 43 C2 7E B5 41 00 00 18 42
1787903775.970437,34680,0c98,12,9F 96 81 43 5D 21 A6 41 00 00 1C 42
1787903775.980965,34680,0c99,12,A1 F9 83 43 90 15 A0 41 00 00 20 42
1787903775.991669,34680,0c9a,12,24 C4 86 43 9E 9A A3 41 00 00 24 42
1787903776.002252,34680,0c9b,12,3B E6 89 43 9A 8C B0 41 00 00 28 42
1787903776.013067,34680,0c9c,12,E2 4D 8D 43 62 67 C6 41 00 00 2C 42
1787903776.023828,34680,0c9d,12,86 E7 90 43 45 49 E4 41 00 00 30 42
1787903776.034518,34680,0c9e,12,A8 9E 94 43 F3 82 04 42 00 00 34 42
1787903776.045006,34680,0c9f,12,88 5D 98 43 21 92 19 42 00 00 38 42
1787903776.055918,34680,0ca0,12,CE 0E 9C 43 38 7B 30 42 00 00 3C 42
1787903776.066406,34680,0ca1,12,42 9D 9F 43 5E 54 48 42 00 00 40 42
1787903776.076759,34680,0ca2,12,70 F4 A2 43 50 28 60 42 00 00 44 42
1787903776.088970,34680,0ca3,12,4C 01 A6 43 8F 07 77 42 00 00 48 42
1787903776.111049,34680,0ca4,12,FA B1 A8 43 62 03 86 42 00 00 4C 42
1787903776.121403,34680,0ca5,12,2F F7 AA 43 CE 27 8F 42 00 00 50 42
1787903776.131785,34680,0ca6,12,DE C3 AC 43 BD 93 96 42 00 00 54 42
1787903776.142200,34680,0ca7,12,AD 0D AE 43 15 FB 9B 42 00 00 58 42
1787903776.152661,34680,0ca8,12,3C CD AE 43 87 27 9F 42 00 00 5C 42
1787903776.163027,34680,0ca9,12,2A FE AE 43 2C F8 9F 42 00 00 60 42
1787903776.173289,34680,0caa,12,6A 9F AE 43 B4 64 9E 42 00 00 64 42
1787903776.183587,34680,0cab,12,1D B3 AD 43 34 7D 9A 42 00 00 68 42
1787903776.194006,34680,0cac,12,92 3E AC 43 14 6A 94 42 00 00 6C 42
1787903776.204550,34680,0cad,12,09 4A AA 43 62 68 8C 42 00 00 70 42
1787903776.215013,34680,0cae,12,F4 E0 A7 43 3F CA 82 42 00 00 74 42
1787903776.226579,34680,0caf,12,17 11 A5 43 A9 E3 6F 42 00 00 78 42
1787903776.238357,34680,0cb0,12,9C EA A1 43 AB 9B 58 42 00 00 7C 42
1787903776.249879,34680,0cb1,12,A1 7F 9E 43 07 AC 40 42 00 00 80 42
1787903776.260473,34680,0cb2,12,99 E3 9A 43 54 05 29 42 00 00 82 42
1787903776.271136,34680,0cb3,12,A6 2B 97 43 D7 9A 12 42 00 00 84 42
1787903776.281562,34680,0cb4,12,F7 6C 93 43 B9 A2 FC 41 00 00 86 42
1787903776.292003,34680,0cb5,12,15 BD 8F 43 F0 EF D9 41 00 00 88 42
1787903776.302659,34680,0cb6,12,32 31 8C 43 54 81 BE 41 00 00 8A 42
1787903776.313606,34680,0cb7,12,87 DD 88 43 9E 6A AB 41 00 00 8C 42
1787903776.326192,34680,0cb8,12,8B D5 85 43 19 71 A1 41 00 00 8E 42
1787903776.337581,34680,0cb9,12,7F 2A 83 43 93 FA A0 41 00 00 90 42
1787903776.349380,34680,0cba,12,B8 EB 80 43 C7 0B AA 41 00 00 92 42
1787903776.359955,34680,0cbb,12,3C 4C 7E 43 65 46 BC 41 00 00 94 42
1787903776.372930,34680,0cbc,12,AA C7 7B 43 31 F3 D6 41 00 00 96 42
1787903776.383708,34680,0cbd,12,75 58 7A 43 D2 00 F9 41 00 00 98 42
1787903776.394154,34680,0cbe,12,B4 06 7A 43 DA 89 10 42 00 00 9A 42
1787903776.404610,34680,0cbf,12,3B D4 7A 43 65 C9 26 42 00 00 9C 42
1787903776.414916,34680,0cc0,12,6F BC 7C 43 15 5A 3E 42 00 00 9E 42
1787903776.425356,34680,0cc1,12,86 B4 7F 43 0D 4F 56 42 00 00 A0 42
1787903776.435688,34680,0cc2,12,90 D5 81 43 F8 B1 6D 42 00 00 A2 42
1787903776.446260,34680,0cc3,12,CB 44 84 43 10 CA 81 42 00 00 A4 42
1787903776.457012,34680,0cc4,12,F4 19 87 43 14 8B 8B 42 00 00 A6 42
1787903776.467615,34680,0cc5,12,C3 44 8A 43 E6 B7 93 42 00 00 A8 42
1787903776.478296,34680,0cc6,12,33 B3 8D 43 5C FE 99 42 00 00 AA 42
1787903776.489148,34680,0cc7,12,2D 51 91 43 B2 1D 9E 42 00 00 AC 42
1787903776.500161,34680,0cc8,12,13 0A 95 43 D6 EB 9F 42 00 00 AE 42
1787903776.510819,34680,0cc9,12,7E C8 98 43 59 56 9F 42 00 00 B0 42
1787903776.521568,34680,0cca,12,EA 76 9C 43 84 63 9C 42 00 00 B2 42
1787903776.531896,34680,0ccb,12,5A 00 A0 43 FA 30 97 42 00 00 B4 42
1787903776.542278,34680,0ccc,12,1A 50 A3 43 EC F3 8F 42 00 00 B6 42
1787903776.552753,34680,0ccd,12,53 53 A6 43 3C F6 86 42 00 00 B8 42
1787903776.563220,34680,0cce,12,B2 F8 A8 43 5D 27 79 42 00 00 BA 42
1787903776.573738,34680,0ccf,12,00 31 AB 43 5F 6E 62 42 00 00 BC 42
1787903776.584429,34680,0cd0,12,90 EF AC 43 E2 A5 4A 42 00 00 BE 42
1787903776.595099,34680,0cd1,12,2B 2A AE 43 5D C2 32 42 00 00 C0 42
1787903776.606244,34680,0cd2,12,DB D9 AE 43 A8 B7 1B 42 00 00 C2 42
1787903776.616829,34680,0cd3,12,AF FA AE 43 F2 70 06 42 00 00 C4 42
1787903776.628152,34680,0cd4,12,EA 8B AE 43 7A 91 E7 41 00 00 C6 42
1787903776.638716,34680,0cd5,12,F6 8F AD 43 23 F5 C8 41 00 00 C8 42
1787903776.650841,34680,0cd6,12,99 0C AC 43 72 48 B2 41 00 00 CA 42
1787903776.661421,34680,0cd7,12,7A 0A AA 43 DC 72 A4 41 00 00 CC 42
1787903776.672958,34680,0cd8,12,25 95 A7 43 94 01 A0 41 00 00 CE 42
1787903776.684271,34680,0cd9,12,BC BA A4 43 2F 21 A5 41 00 00 D0 42
1787903776.695039,34680,0cda,12,7A 8B A1 43 2C 9E B3 41 00 00 D2 42
1787903776.705650,34680,0cdb,12,02 1A 9E 43 A2 E4 CA 41 00 00 D4 42
1787903776.716158,34680,0cdc,12,F8 79 9A 43 00 07 EA 41 00 00 D6 42
1787903776.726627,34680,0cdd,12,31 C0 96 43 BC E3 07 42 00 00 D8 42
1787903776.737105,34680,0cde,12,19 02 93 43 9A 50 1D 42 00 00 DA 42
1787903776.752019,34680,0cdf,12,05 55 8F 43 C0 72 34 42 00 00 DC 42
1787903776.762901,34680,0ce0,12,76 CE 8B 43 77 5C 4C 42 00 00 DE 42
1787903776.773310,34680,0ce1,12,82 82 88 43 AA 19 64 42 00 00 E0 42
1787903776.791727,34680,0ce2,12,1A 84 85 43 0A B8 7A 42 00 00 E2 42
1787903776.802280,34680,0ce3,12,76 E4 82 43 9B A7 87 42 00 00 E4 42
1787903776.812844,34680,0ce4,12,90 B2 80 43 1C 88 90 42 00 00 E6 42
1787903776.829808,34680,0ce5,12,81 F6 7D 43 12 A2 97 42 00 00 E8 42
1787903776.841407,34680,0ce6,12,89 90 7B 43 01 AD 9C 42 00 00 EA 42
1787903776.851765,34680,0ce7,12,03 41 7A 43 70 75 9F 42 00 00 EC 42
1787903776.862293,34680,0ce8,12,77 0F 7A 43 08 DF 9F 42 00 00 EE 42
1787903776.872756,34680,0ce9,12,16 FD 7A 43 A2 E5 9D 42 00 00 A0 41
1787903776.883089,34680,0cea,12,71 04 7D 43 46 9D 99 42 00 00 A8 41
1787903776.893594,34680,0ceb,12,F2 0C 80 43 AA 31 93 42 00 00 B0 41
1787903776.904301,34680,0cec,12,D9 15 82 43 56 E4 8A 42 00 00 B8 41
1787903776.914991,34680,0ced,12,3D 91 84 43 DB 0A 81 42 00 00 C0 41
1787903776.925806,34680,0cee,12,00 71 87 43 70 10 6C 42 00 00 C8 41
1787903776.936413,34680,0cef,12,51 A4 8A 43 0D 9B 54 42 00 00 D0 41
1787903776.954037,34680,0cf0,12,EE 18 8E 43 FF A4 3C 42 00 00 D8 41
1787903776.964894,34680,0cf1,12,F9 BA 91 43 D9 22 25 42 00 00 E0 41
1787903776.975643,34680,0cf2,12,8F 75 95 43 36 06 0F 42 00 00 E8 41
1787903776.986232,34680,0cf3,12,73 33 99 43 B0 5A F6 41 00 00 F0 41
1787903776.996679,34680,0cf4,12,BE DE 9C 43 3B C9 D4 41 00 00 F8 41
1787903777.007186,34680,0cf5,12,8A 62 A0 43 B3 AE BA 41 00 00 00 42
1787903777.018445,34680,0cf6,12,A3 AA A3 43 88 15 A9 41 00 00 04 42
1787903777.029060,34680,0cf7,12,2C A4 A6 43 A4 B1 A0 41 00 00 08 42
1787903777.039870,34680,0cf8,12,2A 3E A9 43 5E D7 A1 41 00 00 0C 42
1787903777.050613,34680,0cf9,12,63 69 AB 43 04 7C AC 41 00 00 10 42
1787903777.061036,34680,0cfa,12,85 19 AD 43 F2 32 C0 41 00 00 14 42
1787903777.071645,34680,0cfb,12,DC 44 AE 43 F0 32 DC 41 00 00 18 42
1787903777.082134,34680,0cfc,12,AE E4 AE 43 30 5B FF 41 00 00 1C 42
1787903777.093486,34680,0cfd,12,63 F5 AE 43 2A 25 14 42 00 00 20 42
1787903777.103966,34680,0cfe,12,99 76 AE 43 06 AE 2A 42 00 00 24 42
1787903777.114454,34680,0cff,12,2C 6B AD 43 29 62 42 42 00 00 28 42
1787903777.131801,34680,0d00,12,1F D9 AB 43 A0 4F 5A 42 00 00 2C 42
1787903777.165002,34680,0d01,12,78 C9 A9 43 6D 80 71 42 00 00 30 42
1787903777.175455,34680,0d02,12,ED 47 A7 43 BC 85 83 42 00 00 34 42
1787903777.185815,34680,0d03,12,29 63 A4 43 80 09 8D 42 00 00 38 42
1787903777.196275,34680,0d04,12,AF 2B A1 43 65 EA 94 42 00 00 3C 42
1787903777.207068,34680,0d05,12,FD B3 9D 43 00 D8 9A 42 00 00 40 42
1787903777.219684,34680,0d06,12,03 10 9A 43 9B 95 9E 42 00 00 44 42
1787903777.230906,34680,0d07,12,7D 54 96 43 9C FD 9F 42 00 00 48 42
1787903777.243153,34680,0d08,12,41 97 92 43 48 01 9F 42 00 00 4C 42
1787903777.253720,34680,0d09,12,A0 ED 8E 43 AE AA 9B 42 00 00 50 42
1787903777.264067,34680,0d0a,12,A5 6C 8B 43 E1 1B 96 42 00 00 54 42
1787903777.274955,34680,0d0b,12,76 28 88 43 45 8E 8E 42 00 00 58 42
1787903777.285364,34680,0d0c,12,B6 33 85 43 C5 4D 85 42 00 00 5C 42
1787903777.295778,34680,0d0d,12,B0 9F 82 43 AC 72 75 42 00 00 60 42
1787903777.306295,34680,0d0e,12,0E 7B 80 43 E8 79 5E 42 00 00 64 42
1787903777.316869,34680,0d0f,12,42 A4 7D 43 BA 9B 46 42 00 00 68 42
1787903777.327898,34680,0d10,12,E8 5C 7B 43 95 CD 2E 42 00 00 6C 42
1787903777.339008,34680,0d11,12,21 2D 7A 43 C1 FE 17 42 00 00 70 42
1787903777.349525,34680,0d12,12,DE 1B 7A 43 EB 19 03 42 00 00 74 42
1787903777.359973,34680,0d13,12,6A 29 7B 43 B0 E8 E1 41 00 00 78 42
1787903777.370828,34680,0d14,12,B8 4F 7D 43 82 8E C4 41 00 00 7C 42
1787903777.381466,34680,0d15,12,36 41 80 43 3A 52 AF 41 00 00 80 42
1787903777.391923,34680,0d16,12,B2 57 82 43 49 09 A3 41 00 00 82 42
1787903777.402247,34680,0d17,12,16 DF 84 43 12 33 A0 41 00 00 84 42
1787903777.415895,34680,0d18,12,F1 C8 87 43 8A EC A6 41 00 00 86 42
1787903777.428384,34680,0d19,12,85 04 8B 43 0D F1 B6 41 00 00 88 42
1787903777.439727,34680,0d1a,12,3B 7F 8E 43 DD 9A CF 41 00 00 8A 42
1787903777.451433,34680,0d1b,12,45 25 92 43 16 F2 EF 41 00 00 8C 42
1787903777.463338,34680,0d1c,12,47 E1 95 43 81 55 0B 42 00 00 8E 42
1787903777.473898,34680,0d1d,12,FA 9D 99 43 31 1D 21 42 00 00 90 42
1787903777.486802,34680,0d1e,12,E2 45 9D 43 CB 71 38 42 00 00 92 42
1787903777.498436,34680,0d1f,12,FB C3 A0 43 4E 63 50 42 00 00 94 42
1787903777.509852,34680,0d20,12,59 04 A4 43 0E 01 68 42 00 00 96 42
1787903777.520615,34680,0d21,12,F6 F3 A6 43 23 58 7E 42 00 00 98 42
1787903777.531925,34680,0d22,12,1D 82 A9 43 42 42 89 42 00 00 9A 42
1787903777.542884,34680,0d23,12,1F A0 AB 43 25 DC 91 42 00 00 9C 42
1787903777.553927,34680,0d24,12,CE 41 AD 43 7A A1 98 42 00 00 9E 42
1787903777.564458,34680,0d25,12,D7 5D AE 43 35 4E 9D 42 00 00 A0 42
1787903777.575238,34680,0d26,12,B9 ED AE 43 02 B2 9F 42 00 00 A2 42
1787903777.586807,34680,0d27,12,4C EE AE 43 7E B4 9F 42 00 00 A4 42
1787903777.597346,34680,0d28,12,8D 5F AE 43 8E 55 9D 42 00 00 A6 42
1787903777.607805,34680,0d29,12,B0 44 AD 43 DA AD 98 42 00 00 A8 42
1787903777.618388,34680,0d2a,12,F7 A3 AB 43 2A EC 91 42 00 00 AA 42
1787903777.629014,34680,0d2b,12,E9 86 A9 43 BE 55 89 42 00 00 AC 42
1787903777.640015,34680,0d2c,12,99 F9 A6 43 77 84 7E 42 00 00 AE 42
1787903777.650467,34680,0d2d,12,B3 0A A4 43 FC 30 68 42 00 00 B0 42
1787903777.660862,34680,0d2e,12,14 CB A0 43 CA 96 50 42 00 00 B2 42
1787903777.671570,34680,0d2f,12,3A 4D 9D 43 1E A3 38 42 00 00 B4 42
1787903777.681973,34680,0d30,12,92 A5 99 43 42 4C 21 42 00 00 B6 42
1787903777.692307,34680,0d31,12,F4 E8 95 43 70 80 0B 42 00 00 B8 42
1787903777.706338,34680,0d32,12,DA 2C 92 43 44 3C F0 41 00 00 BA 42
1787903777.718214,34680,0d33,12,BD 86 8E 43 A4 D8 CF 41 00 00 BC 42
1787903777.728898,34680,0d34,12,6A 0B 8B 43 91 1B B7 41 00 00 BE 42
1787903777.739286,34680,0d35,12,42 CF 87 43 57 04 A7 41 00 00 C0 42
1787903777.749635,34680,0d36,12,AD E4 84 43 36 37 A0 41 00 00 C2 42
1787903777.760211,34680,0d37,12,70 5C 82 43 98 F9 A2 41 00 00 C4 42
1787903777.770604,34680,0d38,12,19 45 80 43 04 2E AF 41 00 00 C6 42
1787903777.781014,34680,0d39,12,38 55 7D 43 CD 59 C4 41 00 00 C8 42
1787903777.791528,34680,0d3a,12,B6 2C 7B 43 44 A4 E1 41 00 00 CA 42
1787903777.801934,34680,0d3b,12,E3 1C 7A 43 38 F1 02 42 00 00 CC 42
1787903777.812240,34680,0d3c,12,DA 2B 7A 43 2F D1 17 42 00 00 CE 42
1787903777.826880,34680,0d3d,12,44 59 7B 43 21 9B 2E 42 00 00 D0 42
1787903777.838202,34680,0d3e,12,84 9E 7D 43 FE 69 46 42 00 00 D2 42
1787903777.849312,34680,0d3f,12,27 77 80 43 0A 49 5E 42 00 00 D4 42
1787903777.859590,34680,0d40,12,D7 9A 82 43 9F 44 75 42 00 00 D6 42
1787903777.870063,34680,0d41,12,08 2E 85 43 12 39 85 42 00 00 D8 42
1787903777.880451,34680,0d42,12,EA 21 88 43 10 7C 8E 42 00 00 DA 42
1787903777.892007,34680,0d43,12,B2 65 8B 43 2E 0E 96 42 00 00 DC 42
1787903777.902750,34680,0d44,12,44 E6 8E 43 61 A1 9B 42 00 00 DE 42
1787903777.914114,34680,0d45,12,A7 8F 92 43 C0 FC 9E 42 00 00 E0 42
1787903777.924691,34680,0d46,12,D0 4C 96 43 07 FE 9F 42 00 00 E2 42
1787903777.935106,34680,0d47,12,3F 08 9A 43 28 9B 9E 42 00 00 E4 42
1787903777.947253,34680,0d48,12,B0 AC 9D 43 12 E2 9A 42 00 00 E6 42
1787903777.957987,34680,0d49,12,D1 24 A1 43 C8 F8 94 42 00 00 E8 42
1787903777.968529,34680,0d4a,12,E1 5C A4 43 A1 1B 8D 42 00 00 EA 42
1787903777.979343,34680,0d4b,12,60 42 A7 43 E2 9A 83 42 00 00 EC 42
1787903777.989790,34680,0d4c,12,A8 C4 A9 43 D7 B0 71 42 00 00 EE 42
1787903778.001211,34680,0d4d,12,63 D5 AB 43 C6 80 5A 42 00 00 A0 41
1787903778.014747,34680,0d4e,12,7B 68 AD 43 D8 93 42 42 00 00 A8 41
1787903778.025617,34680,0d4f,12,03 75 AE 43 44 DE 2A 42 00 00 B0 41
1787903778.036509,34680,0d50,12,F1 F4 AE 43 0A 52 14 42 00 00 B8 41
1787903778.050305,34680,0d51,12,67 E5 AE 43 9E AD FF 41 00 00 C0 41
1787903778.061287,34680,0d52,12,B2 46 AE 43 E3 74 DC 41 00 00 C8 41
1787903778.077831,34680,0d53,12,73 1C AD 43 CA 64 C0 41 00 00 D0 41
1787903778.088740,34680,0d54,12,58 6D AB 43 C1 9B AC 41 00 00 D8 41
1787903778.099698,34680,0d55,12,0F 43 A9 43 BF E3 A1 41 00 00 E0 41
1787903778.110430,34680,0d56,12,0A AA A6 43 E3 A9 A0 41 00 00 E8 41
1787903778.123696,34680,0d57,12,10 B1 A3 43 80 FA A8 41 00 00 F0 41
1787903778.134475,34680,0d58,12,85 69 A0 43 30 81 BA 41 00 00 F8 41
1787903778.144969,34680,0d59,12,1E E6 9C 43 0C 8B D4 41 00 00 00 42
1787903778.155452,34680,0d5a,12,0F 3B 99 43 51 0E F6 41 00 00 04 42
1787903778.165949,34680,0d5b,12,3B 7D 95 43 CF D8 0E 42 00 00 08 42
1787903778.177443,34680,0d5c,12,BA C2 91 43 44 F3 24 42 00 00 0C 42
1787903778.190427,34680,0d5d,12,36 20 8E 43 7C 73 3C 42 00 00 10 42
1787903778.200668,34680,0d5e,12,FB AA 8A 43 95 69 54 42 00 00 14 42
1787903778.211178,34680,0d5f,12,3E 77 87 43 FC E0 6B 42 00 00 18 42
1787903778.221822,34680,0d60,12,BE 96 84 43 43 F4 80 42 00 00 1C 42
1787903778.232315,34680,0d61,12,9C 1A 82 43 63 D1 8A 42 00 00 20 42
1787903778.242936,34680,0d62,12,9F 10 80 43 4A 22 93 42 00 00 24 42
1787903778.253943,34680,0d63,12,91 09 7D 43 18 92 99 42 00 00 28 42
1787903778.264383,34680,0d64,12,22 00 7B 43 17 DF 9D 42 00 00 2C 42
1787903778.277644,34680,0d65,12,3B 10 7A 43 52 DD 9F 42 00 00 30 42
1787903778.289106,34680,0d66,12,70 3F 7A 43 C1 78 9F 42 00 00 34 42
1787903778.299616,34680,0d67,12,BC 8C 7B 43 26 B5 9C 42 00 00 38 42
1787903778.310011,34680,0d68,12,AD F0 7D 43 B8 AE 97 42 00 00 3C 42
1787903778.321539,34680,0d69,12,8D AE 80 43 C3 98 90 42 00 00 40 42
1787903778.331849,34680,0d6a,12,84 DF 82 43 5A BC 87 42 00 00 44 42
1787903778.356298,34680,0d6b,12,31 7E 85 43 1A E5 7A 42 00 00 48 42
1787903778.368936,34680,0d6c,12,0D 7C 88 43 03 4A 64 42 00 00 4C 42
1787903778.379780,34680,0d6d,12,A3 C7 8B 43 2C 8E 4C 42 00 00 50 42
1787903778.391246,34680,0d6e,12,A0 4D 8F 43 D5 A3 34 42 00 00 54 42
1787903778.402081,34680,0d6f,12,7B FA 92 43 DC 80 1D 42 00 00 58 42
1787903778.413193,34680,0d70,12,53 B8 96 43 CD 0D 08 42 00 00 5C 42
1787903778.428096,34680,0d71,12,6B 72 9A 43 E9 4E EA 41 00 00 60 42
1787903778.440842,34680,0d72,12,EF 12 9E 43 74 1D CB 41 00 00 64 42
1787903778.454872,34680,0d73,12,AB 84 A1 43 A4 C5 B3 41 00 00 68 42
1787903778.465695,34680,0d74,12,88 B4 A4 43 80 36 A5 41 00 00 6C 42
1787903778.476253,34680,0d75,12,8C 8F A7 43 60 02 A0 41 00 00 70 42
1787903778.486855,34680,0d76,12,E2 05 AA 43 E0 5F A4 41 00 00 74 42
1787903778.497560,34680,0d77,12,12 09 AC 43 70 22 B2 41 00 00 78 42
1787903778.507939,34680,0d78,12,65 8D AD 43 9E BD C8 41 00 00 7C 42
1787903778.518521,34680,0d79,12,74 8A AE 43 00 48 E7 41 00 00 80 42
1787903778.528870,34680,0d7a,12,5C FA AE 43 4E 47 06 42 00 00 82 42
1787903778.539377,34680,0d7b,12,B0 DA AE 43 71 89 1B 42 00 00 84 42
1787903778.549759,34680,0d7c,12,15 2C AE 43 6B 91 32 42 00 00 86 42
1787903778.560204,34680,0d7d,12,9C F2 AC 43 28 74 4A 42 00 00 88 42
1787903778.570961,34680,0d7e,12,12 35 AB 43 04 3C 62 42 00 00 8A 42
1787903778.582830,34680,0d7f,12,D0 FD A8 43 F9 F9 78 42 00 00 8C 42
1787903778.594416,34680,0d80,12,22 59 A6 43 02 E2 86 42 00 00 8E 42
1787903778.604967,34680,0d81,12,6E 56 A3 43 FA E2 8F 42 00 00 90 42
1787903778.615532,34680,0d82,12,62 07 A0 43 FD 23 97 42 00 00 92 42
1787903778.626031,34680,0d83,12,53 7E 9C 43 AE 5A 9C 42 00 00 94 42
1787903778.636767,34680,0d84,12,50 D0 98 43 A4 52 9F 42 00 00 96 42
1787903778.647457,34680,0d85,12,BE 11 95 43 16 ED 9F 42 00 00 98 42
1787903778.658185,34680,0d86,12,86 58 91 43 DC 23 9E 42 00 00 9A 42
1787903778.668670,34680,0d87,12,70 BA 8D 43 30 09 9A 42 00 00 9C 42
1787903778.679018,34680,0d88,12,8B 4B 8A 43 87 C7 93 42 00 00 9E 42
1787903778.689768,34680,0d89,12,46 20 87 43 C5 9D 8B 42 00 00 A0 42
1787903778.700209,34680,0d8a,12,34 4A 84 43 A4 DF 81 42 00 00 A2 42
1787903778.710725,34680,0d8b,12,FC D9 81 43 2E E1 6D 42 00 00 A4 42
1787903778.722093,34680,0d8c,12,A6 BB 7F 43 6F 80 56 42 00 00 A6 42
1787903778.733137,34680,0d8d,12,73 C1 7C 43 89 8D 3E 42 00 00 A8 42
1787903778.743641,34680,0d8e,12,18 D7 7A 43 34 F9 26 42 00 00 AA 42
1787903778.754149,34680,0d8f,12,35 07 7A 43 FA B5 10 42 00 00 AC 42
1787903778.765637,34680,0d90,12,B6 56 7A 43 32 4E F9 41 00 00 AE 42
1787903778.779965,34680,0d91,12,9E C3 7B 43 99 32 D7 41 00 00 B0 42
1787903778.790476,34680,0d92,12,05 46 7E 43 14 77 BC 41 00 00 B2 42
1787903778.803005,34680,0d93,12,7D E7 80 43 56 28 AA 41 00 00 B4 42
1787903778.813644,34680,0d94,12,74 25 83 43 A1 03 A1 41 00 00 B6 42
1787903778.826226,34680,0d95,12,D8 CF 85 43 49 66 A1 41 00 00 B8 42
1787903778.836851,34680,0d96,12,00 D7 88 43 61 4C AB 41 00 00 BA 42
1787903778.853834,34680,0d97,12,24 2A 8C 43 09 4F BE 41 00 00 BC 42
1787903778.864531,34680,0d98,12,77 B5 8F 43 2F AF D9 41 00 00 BE 42
1787903778.874938,34680,0d99,12,55 65 93 43 41 54 FC 41 00 00 C0 42
1787903778.885430,34680,0d9a,12,2D 24 97 43 50 6E 12 42 00 00 C2 42
1787903778.895864,34680,0d9b,12,12 DC 9A 43 49 D5 28 42 00 00 C4 42
1787903778.906620,34680,0d9c,12,69 78 9E 43 83 78 40 42 00 00 C6 42
1787903778.917581,34680,0d9d,12,B1 E3 A1 43 67 6A 58 42 00 00 C8 42
1787903778.928091,34680,0d9e,12,F6 0A A5 43 BC B4 6F 42 00 00 CA 42
1787903778.938620,34680,0d9f,12,B9 DB A7 43 E4 B4 82 42 00 00 CC 42
1787903778.949005,34680,0da0,12,8C 45 AA 43 FD 55 8C 42 00 00 CE 42
1787903778.960698,34680,0da1,12,10 3B AC 43 D1 5A 94 42 00 00 D0 42
1787903778.971205,34680,0da2,12,9A B0 AD 43 C6 72 9A 42 00 00 D2 42
1787903778.984291,34680,0da3,12,14 9E AE 43 F8 5E 9E 42 00 00 D4 42
1787903778.995092,34680,0da4,12,FB FD AE 43 5C F7 9F 42 00 00 D6 42
1787903779.005661,34680,0da5,12,32 CE AE 43 AB 2B 9F 42 00 00 D8 42
1787903779.018613,34680,0da6,12,C4 0F AE 43 59 04 9C 42 00 00 DA 42
1787903779.029367,34680,0da7,12,1D C7 AC 43 1A A1 96 42 00 00 DC 42
1787903779.040252,34680,0da8,12,5C FB AA 43 12 39 8F 42 00 00 DE 42
1787903779.050929,34680,0da9,12,F0 B6 A8 43 DC 17 86 42 00 00 E0 42
1787903779.061412,34680,0daa,12,30 07 A6 43 4E 35 77 42 00 00 E2 42
1787903779.071907,34680,0dab,12,00 FB A2 43 DD 5A 60 42 00 00 E4 42
1787903779.082255,34680,0dac,12,85 A4 9F 43 1B 86 48 42 00 00 E6 42
1787903779.093886,34680,0dad,12,40 16 9C 43 00 AC 30 42 00 00 E8 42
1787903779.107694,34680,0dae,12,FA 64 98 43 02 C0 19 42 00 00 EA 42
1787903779.119233,34680,0daf,12,51 A6 94 43 1A AC 04 42 00 00 EC 42
1787903779.130176,34680,0db0,12,0A EF 90 43 73 91 E4 41 00 00 EE 42
1787903779.140698,34680,0db1,12,43 55 8D 43 6E 9D C6 41 00 00 A0 41
1787903779.151569,34680,0db2,12,F3 EC 89 43 FA B0 B0 41 00 00 A8 41
1787903789.172735,34680,0db4,12,13 CA 86 43 DF AB A3 41 00 00 B0 41
1787903789.183480,34680,0db5,12,F3 FE 83 43 02 13 A0 41 00 00 B8 41
1787903789.196543,34680,0db6,12,0E 9B 81 43 44 0A A6 41 00 00 C0 41
1787903789.207798,34680,0db7,12,42 59 7F 43 AF 55 B5 41 00 00 C8 41
1787903789.218841,34680,0db8,12,BF 7C 7C 43 0D 59 CD 41 00 00 D0 41
1787903789.229502,34680,0db9,12,7B B1 7A 43 43 1F ED 41 00 00 D8 41
1787903789.240469,34680,0dba,12,CC 01 7A 43 00 B2 09 42 00 00 E0 41
1787903789.251196,34680,0dbb,12,7F 71 7A 43 8D 4E 1F 42 00 00 E8 41
1787903789.262566,34680,0dbc,12,FC FD 7B 43 12 8C 36 42 00 00 F0 41
1787903789.274088,34680,0dbd,12,AB 9E 7E 43 BC 7B 4E 42 00 00 F8 41
1787903789.286433,34680,0dbe,12,2B 22 81 43 38 29 66 42 00 00 00 42
1787903789.298758,34680,0dbf,12,C0 6C 83 43 DA A2 7C 42 00 00 04 42
1787903789.309798,34680,0dc0,12,5F 22 86 43 DD 80 88 42 00 00 08 42
1787903789.321166,34680,0dc1,12,E7 32 89 43 8C 3C 91 42 00 00 0C 42
1787903789.332528,34680,0dc2,12,5B 8D 8C 43 7F 2A 98 42 00 00 10 42
1787903789.343906,34680,0dc3,12,25 1E 90 43 FA 03 9D 42 00 00 14 42
1787903789.356082,34680,0dc4,12,5F D0 93 43 7E 97 9F 42 00 00 18 42
1787903789.366967,34680,0dc5,12,8E 8F 97 43 D3 CA 9F 42 00 00 1C 42
1787903789.378312,34680,0dc6,12,60 45 9B 43 F5 9B 9D 42 00 00 20 42
1787903789.389848,34680,0dc7,12,46 DD 9E 43 10 21 99 42 00 00 24 42
1787903789.401115,34680,0dc8,12,32 42 A2 43 DF 87 92 42 00 00 28 42
1787903789.412470,34680,0dc9,12,4E 60 A5 43 BC 13 8A 42 00 00 2C 42
1787903789.423760,34680,0dca,12,54 26 A8 43 C3 1B 80 42 00 00 30 42
1787903789.435204,34680,0dcb,12,BF 83 AA 43 54 08 6A 42 00 00 34 42
1787903789.446382,34680,0dcc,12,74 6B AC 43 C0 7D 52 42 00 00 38 42
1787903789.461158,34680,0dcd,12,38 D2 AD 43 17 88 3A 42 00 00 3C 42
1787903789.472421,34680,0dce,12,EE AF AE 43 E7 1B 23 42 00 00 40 42
1787903789.484942,34680,0dcf,12,C7 FF AE 43 E6 29 0D 42 00 00 44 42
1787903789.495932,34680,0dd0,12,E9 BF AE 43 55 1D F3 41 00 00 48 42
1787903789.506714,34680,0dd1,12,B6 F1 AD 43 38 28 D2 41 00 00 4C 42
1787903789.518091,34680,0dd2,12,CE 99 AC 43 DD C4 B8 41 00 00 50 42
1787903789.532127,34680,0dd3,12,23 C0 AA 43 65 F6 A7 41 00 00 54 42
1787903789.543593,34680,0dd4,12,F7 6E A8 43 99 68 A0 41 00 00 58 42
1787903789.555858,34680,0dd5,12,16 B4 A5 43 62 67 A2 41 00 00 5C 42
1787903789.566954,34680,0dd6,12,A1 9E A2 43 5A DF AD 41 00 00 60 42
1787903789.578314,34680,0dd7,12,99 40 9F 43 70 5B C2 41 00 00 64 42
1787903789.589508,34680,0dd8,12,BC AD 9B 43 8E 0A DF 41 00 00 68 42
1787903789.600846,34680,0dd9,12,DA F9 97 43 70 62 01 42 00 00 6C 42
1787903789.612931,34680,0dda,12,FE 3A 94 43 A7 11 16 42 00 00 70 42
1787903789.623670,34680,0ddb,12,EC 85 90 43 85 BE 2C 42 00 00 74 42
1787903789.634212,34680,0ddc,12,59 F0 8C 43 97 81 44 42 00 00 78 42
1787903789.645494,34680,0ddd,12,3A 8F 89 43 53 68 5C 42 00 00 7C 42
1787903789.656755,34680,0dde,12,49 75 86 43 02 7D 73 42 00 00 80 42
1787903789.668009,34680,0ddf,12,FE B4 83 43 D3 6B 84 42 00 00 82 42
1787903789.679307,34680,0de0,12,9A 5D 81 43 37 CE 8D 42 00 00 84 42
1787903789.690579,34680,0de1,12,C1 F9 7E 43 E4 85 95 42 00 00 86 42
1787903789.701773,34680,0de2,12,7A 3B 7C 43 14 44 9B 42 00 00 88 42
1787903789.712260,34680,0de3,12,93 8F 7A 43 F8 CD 9E 42 00 00 8A 42
1787903789.723116,34680,0de4,12,00 00 7A 43 00 00 A0 42 00 00 8C 42
1787903789.734558,34680,0de5,12,DD 8F 7A 43 9A CD 9E 42 00 00 8E 42
1787903789.745804,34680,0de6,12,0C 3C 7C 43 FE 42 9B 42 00 00 90 42
1787903789.756994,34680,0de7,12,99 FA 7E 43 50 84 95 42 00 00 92 42
1787903789.768184,34680,0de8,12,26 5E 81 43 E2 CC 8D 42 00 00 94 42
1787903789.779511,34680,0de9,12,64 B5 83 43 44 6A 84 42 00 00 96 42
1787903789.790953,34680,0dea,12,0C 76 86 43 8E 79 73 42 00 00 98 42
1787903789.802495,34680,0deb,12,11 90 89 43 D4 62 5C 42 00 00 9A 42
1787903789.816947,34680,0dec,12,41 F1 8C 43 04 7C 44 42 00 00 9C 42
1787903789.828496,34680,0ded,12,DE 86 90 43 EA BA 2C 42 00 00 9E 42
1787903789.839399,34680,0dee,12,92 3B 94 43 49 0E 16 42 00 00 A0 42
1787903789.850201,34680,0def,12,D1 FA 97 43 72 5F 01 42 00 00 A2 42
1787903789.861738,34680,0df0,12,AE AE 9B 43 04 03 DF 41 00 00 A4 42
1787903789.873069,34680,0df1,12,80 41 9F 43 AF 55 C2 41 00 00 A6 42
1787903789.884219,34680,0df2,12,78 9F A2 43 DF DC AD 41 00 00 A8 42
1787903789.895575,34680,0df3,12,89 B4 A5 43 56 66 A2 41 00 00 AA 42
1787903789.907545,34680,0df4,12,9F 6F A8 43 08 69 A0 41 00 00 AC 42
1787903789.918656,34680,0df5,12,AE C0 AA 43 40 F9 A7 41 00 00 AE 42
1787903789.929506,34680,0df6,12,38 9A AC 43 CC C9 B8 41 00 00 B0 42
1787903789.942183,34680,0df7,12,FD F1 AD 43 C0 2C D2 41 00 00 B2 42
1787903789.952990,34680,0df8,12,FE BF AE 43 F0 22 F3 41 00 00 B4 42
1787903789.964113,34680,0df9,12,C5 FF AE 43 21 2D 0D 42 00 00 B6 42
1787903789.975386,34680,0dfa,12,C6 AF AE 43 36 21 23 42 00 00 B8 42
1787903789.986672,34680,0dfb,12,ED D1 AD 43 A2 8D 3A 42 00 00 BA 42
1787903789.997983,34680,0dfc,12,06 6B AC 43 71 81 52 42 00 00 BC 42
1787903790.009196,34680,0dfd,12,6A 83 AA 43 E1 0B 6A 42 00 00 BE 42
1787903790.020449,34680,0dfe,12,A9 25 A8 43 66 1D 80 42 00 00 C0 42
1787903790.032045,34680,0dff,12,8A 5F A5 43 E4 15 8A 42 00 00 C2 42
1787903790.043810,34680,0e00,12,59 41 A2 43 A2 89 92 42 00 00 C4 42
1787903790.054629,34680,0e01,12,5E DC 9E 43 EC 21 99 42 00 00 C6 42
1787903790.065785,34680,0e02,12,CF 44 9B 43 7A 9C 9D 42 00 00 C8 42
1787903790.077645,34680,0e03,12,96 8E 97 43 FB CA 9F 42 00 00 CA 42
1787903790.088969,34680,0e04,12,68 CF 93 43 2B 97 9F 42 00 00 CC 42
1787903790.102113,34680,0e05,12,34 1D 90 43 1C 03 9D 42 00 00 CE 42
1787903790.113441,34680,0e06,12,75 8C 8C 43 95 29 98 42 00 00 D0 42
1787903790.125448,34680,0e07,12,68 32 89 43 54 3B 91 42 00 00 D2 42
1787903790.137277,34680,0e08,12,9F 21 86 43 64 7F 88 42 00 00 D4 42
1787903790.149501,34680,0e09,12,1A 6C 83 43 D6 9D 7C 42 00 00 D6 42
1787903790.160694,34680,0e0a,12,A3 21 81 43 D2 23 66 42 00 00 D8 42
1787903790.175475,34680,0e0b,12,DB 9D 7E 43 09 78 4E 42 00 00 DA 42
1787903790.186906,34680,0e0c,12,A9 FD 7B 43 68 88 36 42 00 00 DC 42
1787903790.198050,34680,0e0d,12,3D 71 7A 43 11 4B 1F 42 00 00 DE 42
1787903790.209444,34680,0e0e,12,D4 01 7A 43 3B AD 09 42 00 00 E0 42
1787903790.220894,34680,0e0f,12,CE B1 7A 43 11 17 ED 41 00 00 E2 42
1787903790.232154,34680,0e10,12,59 7D 7C 43 B7 54 CD 41 00 00 E4 42
1787903790.243939,34680,0e11,12,C8 59 7F 43 A1 52 B5 41 00 00 E6 42
1787903790.255999,34680,0e12,12,9E 9B 81 43 9E 08 A6 41 00 00 E8 42
1787903790.267332,34680,0e13,12,9F FF 83 43 BB 12 A0 41 00 00 EA 42
1787903790.278591,34680,0e14,12,D8 CA 86 43 D1 AD A3 41 00 00 EC 42
1787903790.289828,34680,0e15,12,CC ED 89 43 B1 B3 B0 41 00 00 EE 42
1787903790.301336,34680,0e16,12,CE 55 8D 43 76 A1 C6 41 00 00 A0 41
1787903790.312035,34680,0e17,12,FD EF 90 43 A3 96 E4 41 00 00 A8 41
1787903790.322805,34680,0e18,12,49 A7 94 43 B8 B0 04 42 00 00 B0 41
1787903790.334102,34680,0e19,12,F1 65 98 43 28 C5 19 42 00 00 B8 41
1787903790.344759,34680,0e1a,12,31 17 9C 43 A2 AF 30 42 00 00 C0 41
1787903790.355583,34680,0e1b,12,0E A5 9F 43 CF 89 48 42 00 00 C8 41
1787903790.366842,34680,0e1c,12,D4 FB A2 43 7E 5E 60 42 00 00 D0 41
1787903790.381134,34680,0e1d,12,EF 07 A6 43 6E 3A 77 42 00 00 D8 41
1787903790.392833,34680,0e1e,12,95 B7 A8 43 28 1A 86 42 00 00 E0 41
1787903790.404752,34680,0e1f,12,E3 FB AA 43 5B 3A 8F 42 00 00 E8 41
1787903790.416194,34680,0e20,12,5A C7 AC 43 18 A2 96 42 00 00 F0 41
1787903790.448409,34680,0e21,12,07 10 AE 43 03 05 9C 42 00 00 F8 41
1787903790.459882,34680,0e22,12,51 CE AE 43 21 2C 9F 42 00 00 00 42
1787903790.472929,34680,0e23,12,F4 FD AE 43 44 F7 9F 42 00 00 04 42
1787903790.485754,34680,0e24,12,E9 9D AE 43 8A 5E 9E 42 00 00 08 42
1787903790.497813,34680,0e25,12,6B B0 AD 43 FE 71 9A 42 00 00 0C 42
1787903790.509515,34680,0e26,12,9E 3A AC 43 B8 59 94 42 00 00 10 42
1787903790.520924,34680,0e27,12,FB 44 AA 43 EC 53 8C 42 00 00 14 42
1787903790.532076,34680,0e28,12,0B DB A7 43 7E B2 82 42 00 00 18 42
1787903790.542703,34680,0e29,12,30 0A A5 43 3D B1 6F 42 00 00 1C 42
1787903790.553237,34680,0e2a,12,2F E3 A1 43 BC 66 58 42 00 00 20 42
1787903790.565663,34680,0e2b,12,80 77 9E 43 D1 74 40 42 00 00 24 42
1787903790.579372,34680,0e2c,12,1F DB 9A 43 E6 CF 28 42 00 00 28 42
1787903790.589945,34680,0e2d,12,35 23 97 43 52 69 12 42 00 00 2C 42
1787903790.600457,34680,0e2e,12,5E 64 93 43 6B 4E FC 41 00 00 30 42
1787903790.611415,34680,0e2f,12,E8 B4 8F 43 5E AA D9 41 00 00 34 42
1787903790.621861,34680,0e30,12,40 29 8C 43 6F 4B BE 41 00 00 38 42
1787903790.632516,34680,0e31,12,2D D6 88 43 FE 48 AB 41 00 00 3C 42
1787903790.643428,34680,0e32,12,1A CF 85 43 16 65 A1 41 00 00 40 42
1787903790.653845,34680,0e33,12,D1 24 83 43 4F 04 A1 41 00 00 44 42
1787903790.664261,34680,0e34,12,2E E7 80 43 78 2A AA 41 00 00 48 42
1787903790.675726,34680,0e35,12,3C 45 7E 43 94 7A BC 41 00 00 4C 42
1787903790.686054,34680,0e36,12,1B C3 7B 43 B8 39 D7 41 00 00 50 42
1787903790.696394,34680,0e37,12,7C 56 7A 43 E1 56 F9 41 00 00 54 42
1787903790.706681,34680,0e38,12,46 07 7A 43 44 B9 10 42 00 00 58 42
1787903790.717130,34680,0e39,12,4E D7 7A 43 C3 FC 26 42 00 00 5C 42
1787903790.727492,34680,0e3a,12,16 C2 7C 43 3A 91 3E 42 00 00 60 42
1787903790.737900,34680,0e3b,12,8D BC 7F 43 F8 85 56 42 00 00 64 42
1787903790.748474,34680,0e3c,12,8F DA 81 43 79 E6 6D 42 00 00 68 42
1787903790.758817,34680,0e3d,12,E4 4A 84 43 40 E1 81 42 00 00 6C 42
1787903790.769141,34680,0e3e,12,BE 20 87 43 29 9F 8B 42 00 00 70 42
1787903790.779520,34680,0e3f,12,66 4C 8A 43 A6 C8 93 42 00 00 74 42
1787903790.790128,34680,0e40,12,5A BB 8D 43 66 0A 9A 42 00 00 78 42
1787903790.800515,34680,0e41,12,79 59 91 43 8C 24 9E 42 00 00 7C 42
1787903790.810937,34680,0e42,12,B6 12 95 43 2E ED 9F 42 00 00 80 42
1787903790.821322,34680,0e43,12,E3 D0 98 43 5D 52 9F 42 00 00 82 42
1787903790.831696,34680,0e44,12,43 7F 9C 43 0B 5A 9C 42 00 00 84 42
1787903790.842158,34680,0e45,12,45 08 A0 43 88 22 97 42 00 00 86 42
1787903790.852520,34680,0e46,12,40 57 A3 43 13 E1 8F 42 00 00 88 42
1787903790.862888,34680,0e47,12,DE 59 A6 43 80 E0 86 42 00 00 8A 42
1787903790.873203,34680,0e48,12,31 FE A8 43 97 F6 78 42 00 00 8C 42
1787903790.883641,34680,0e49,12,95 35 AB 43 67 38 62 42 00 00 8E 42
1787903790.894035,34680,0e4a,12,FF F2 AC 43 94 6E 4A 42 00 00 90 42
1787903790.906536,34680,0e4b,12,54 2C AE 43 EE 8B 32 42 00 00 92 42
1787903790.918364,34680,0e4c,12,CB DA AE 43 00 86 1B 42 00 00 94 42
1787903790.929266,34680,0e4d,12,56 FA AE 43 36 44 06 42 00 00 96 42
1787903790.939705,34680,0e4e,12,44 8A AE 43 BB 42 E7 41 00 00 98 42
1787903790.950397,34680,0e4f,12,12 8D AD 43 66 B7 C8 41 00 00 9A 42
1787903790.960803,34680,0e50,12,9C 08 AC 43 30 1E B2 41 00 00 9C 42
1787903790.971130,34680,0e51,12,4E 05 AA 43 78 5E A4 41 00 00 9E 42
1787903790.981535,34680,0e52,12,23 8F A7 43 70 02 A0 41 00 00 A0 42
1787903790.991896,34680,0e53,12,C0 B3 A4 43 08 38 A5 41 00 00 A2 42
1787903791.002319,34680,0e54,12,CF 83 A1 43 13 CA B3 41 00 00 A4 42
1787903791.012709,34680,0e55,12,04 12 9E 43 D6 23 CB 41 00 00 A6 42
1787903791.023307,34680,0e56,12,76 71 9A 43 45 54 EA 41 00 00 A8 42
1787903791.033922,34680,0e57,12,BF B7 96 43 F0 10 08 42 00 00 AA 42
1787903791.044281,34680,0e58,12,85 F9 92 43 52 84 1D 42 00 00 AC 42
1787903791.054761,34680,0e59,12,B0 4C 8F 43 56 A9 34 42 00 00 AE 42
1787903791.065270,34680,0e5a,12,C0 C6 8B 43 BF 93 4C 42 00 00 B0 42
1787903791.075567,34680,0e5b,12,3C 7B 88 43 9C 4D 64 42 00 00 B2 42
1787903791.086178,34680,0e5c,12,C2 7D 85 43 75 E8 7A 42 00 00 B4 42
1787903791.096869,34680,0e5d,12,E4 DE 82 43 D6 BD 87 42 00 00 B6 42
1787903791.107201,34680,0e5e,12,0B AE 80 43 A0 9A 90 42 00 00 B8 42
1787903791.118087,34680,0e5f,12,EC EF 7D 43 23 B0 97 42 00 00 BA 42
1787903791.128667,34680,0e60,12,42 8C 7B 43 C1 B5 9C 42 00 00 BC 42
1787903791.139064,34680,0e61,12,53 3F 7A 43 00 79 9F 42 00 00 BE 42
1787903791.149904,34680,0e62,12,54 10 7A 43 32 DD 9F 42 00 00 C0 42
1787903791.160579,34680,0e63,12,84 00 7B 43 5A DE 9D 42 00 00 C2 42
1787903791.171185,34680,0e64,12,3B 0A 7D 43 D6 90 99 42 00 00 C4 42
1787903791.181716,34680,0e65,12,16 11 80 43 25 21 93 42 00 00 C6 42
1787903791.192217,34680,0e66,12,F6 1A 82 43 FA CF 8A 42 00 00 C8 42
1787903791.203167,34680,0e67,12,70 97 84 43 A4 F2 80 42 00 00 CA 42
1787903791.215390,34680,0e68,12,08 78 87 43 A9 DB 6B 42 00 00 CC 42
1787903791.226881,34680,0e69,12,D8 AB 8A 43 08 64 54 42 00 00 CE 42
1787903791.237390,34680,0e6a,12,22 21 8E 43 CC 6F 3C 42 00 00 D0 42
1787903791.247801,34680,0e6b,12,4C C3 91 43 B9 EF 24 42 00 00 D2 42
1787903791.258314,34680,0e6c,12,33 7E 95 43 8D D5 0E 42 00 00 D4 42
1787903791.268682,34680,0e6d,12,05 3C 99 43 C2 05 F6 41 00 00 D6 42
1787903791.279332,34680,0e6e,12,DD E6 9C 43 15 84 D4 41 00 00 D8 42
1787903791.290384,34680,0e6f,12,66 6A A0 43 CD 7D BA 41 00 00 DA 42
1787903791.301267,34680,0e70,12,B6 B1 A3 43 7E F8 A8 41 00 00 DC 42
1787903791.311639,34680,0e71,12,9E AA A6 43 56 A9 A0 41 00 00 DE 42
1787903791.323708,34680,0e72,12,AD 43 A9 43 25 E5 A1 41 00 00 E0 42
1787903791.334576,34680,0e73,12,BE 6D AB 43 53 9F AC 41 00 00 E2 42
1787903791.346079,34680,0e74,12,D2 1C AD 43 81 68 C0 41 00 00 E4 42
1787903791.356629,34680,0e75,12,E2 46 AE 43 CE 79 DC 41 00 00 E6 42
1787903791.366985,34680,0e76,12,79 E5 AE 43 89 B3 FF 41 00 00 E8 42
1787903791.377252,34680,0e77,12,E2 F4 AE 43 12 57 14 42 00 00 EA 42
1787903791.387690,34680,0e78,12,DA 74 AE 43 AD E3 2A 42 00 00 EC 42
1787903791.397984,34680,0e79,12,24 68 AD 43 8C 97 42 42 00 00 EE 42
1787903791.408271,34680,0e7a,12,02 D5 AB 43 6F 84 5A 42 00 00 A0 41
1787903791.418677,34680,0e7b,12,2E C4 A9 43 50 B4 71 42 00 00 A8 41
1787903791.429042,34680,0e7c,12,AD 41 A7 43 41 9D 83 42 00 00 B0 41
1787903791.439360,34680,0e7d,12,3F 5C A4 43 A9 1D 8D 42 00 00 B8 41
1787903791.449823,34680,0e7e,12,F2 23 A1 43 DA F9 94 42 00 00 C0 41
1787903791.460207,34680,0e7f,12,F3 AB 9D 43 D1 E2 9A 42 00 00 C8 41
1787903791.471807,34680,0e80,12,7C 07 9A 43 8E 9B 9E 42 00 00 D0 41
1787903791.482198,34680,0e81,12,D8 4B 96 43 13 FE 9F 42 00 00 D8 41
1787903791.492624,34680,0e82,12,E3 8E 92 43 3D FC 9E 42 00 00 E0 41
1787903791.503128,34680,0e83,12,56 E5 8E 43 B0 A0 9B 42 00 00 E8 41
1787903791.513460,34680,0e84,12,FE 64 8B 43 29 0D 96 42 00 00 F0 41
1787903791.523782,34680,0e85,12,45 21 88 43 C0 7A 8E 42 00 00 F8 41
1787903791.534055,34680,0e86,12,50 2D 85 43 C0 36 85 42 00 00 00 42
1787903791.544300,34680,0e87,12,5A 9A 82 43 74 3F 75 42 00 00 04 42
1787903791.554749,34680,0e88,12,A9 76 80 43 67 45 5E 42 00 00 08 42
1787903791.565065,34680,0e89,12,F0 9D 7D 43 49 66 46 42 00 00 0C 42
1787903791.575345,34680,0e8a,12,E9 58 7B 43 82 97 2E 42 00 00 10 42
1787903791.586524,34680,0e8b,12,B1 2B 7A 43 13 CC 17 42 00 00 14 42
1787903791.597015,34680,0e8c,12,FE 1C 7A 43 A8 EC 02 42 00 00 18 42
1787903791.607643,34680,0e8d,12,21 2D 7B 43 2D 9F E1 41 00 00 1C 42
1787903791.618270,34680,0e8e,12,C6 55 7D 43 E2 55 C4 41 00 00 20 42
1787903791.628728,34680,0e8f,12,7B 45 80 43 6D 2B AF 41 00 00 24 42
1787903791.639778,34680,0e90,12,0A 5D 82 43 D8 F7 A2 41 00 00 28 42
1787903791.655328,34680,0e91,12,3E E5 84 43 AF 37 A0 41 00 00 2C 42
1787903791.665906,34680,0e92,12,0E D0 87 43 1E 06 A7 41 00 00 30 42
1787903791.676471,34680,0e93,12,1D 0C 8B 43 BD 1E B7 41 00 00 34 42
1787903791.686893,34680,0e94,12,7B 87 8E 43 15 DD CF 41 00 00 38 42
1787903791.699797,34680,0e95,12,D0 2D 92 43 98 44 F0 41 00 00 3C 42
1787903791.711485,34680,0e96,12,BA E9 95 43 42 85 0B 42 00 00 40 42
1787903791.722271,34680,0e97,12,88 A6 99 43 C4 4F 21 42 00 00 44 42
1787903791.732935,34680,0e98,12,F7 4D 9D 43 CB A6 38 42 00 00 48 42
1787903791.743322,34680,0e99,12,C7 CB A0 43 7C 9A 50 42 00 00 4C 42
1787903791.753675,34680,0e9a,12,80 0B A4 43 5C 36 68 42 00 00 50 42
1787903791.763976,34680,0e9b,12,2A FA A6 43 6F 89 7E 42 00 00 54 42
1787903791.774331,34680,0e9c,12,84 87 A9 43 30 57 89 42 00 00 58 42
1787903791.784656,34680,0e9d,12,5B A4 AB 43 5B ED 91 42 00 00 5C 42
1787903791.794948,34680,0e9e,12,F9 44 AD 43 BC AE 98 42 00 00 60 42
1787903791.805319,34680,0e9f,12,C4 5F AE 43 60 56 9D 42 00 00 64 42
1787903791.816103,34680,0ea0,12,5A EE AE 43 C4 B4 9F 42 00 00 68 42
1787903791.831685,34680,0ea1,12,A6 ED AE 43 D2 B1 9F 42 00 00 6C 42
1787903791.842317,34680,0ea2,12,AA 5D AE 43 A8 4D 9D 42 00 00 70 42
1787903791.852788,34680,0ea3,12,86 41 AD 43 96 A0 98 42 00 00 74 42
1787903791.863197,34680,0ea4,12,A2 9F AB 43 58 DA 91 42 00 00 78 42
1787903791.873544,34680,0ea5,12,A1 81 A9 43 12 40 89 42 00 00 7C 42
1787903791.883904,34680,0ea6,12,3F F3 A6 43 D6 54 7E 42 00 00 80 42
1787903791.894347,34680,0ea7,12,B5 03 A4 43 7C FD 67 42 00 00 82 42
1787903791.905281,34680,0ea8,12,48 C3 A0 43 9C 5F 50 42 00 00 84 42
1787903791.915753,34680,0ea9,12,F5 44 9D 43 43 6C 38 42 00 00 86 42
1787903791.926298,34680,0eaa,12,36 9D 99 43 EA 17 21 42 00 00 88 42
1787903791.936747,34680,0eab,12,4F E0 95 43 4F 52 0B 42 00 00 8A 42
1787903791.947187,34680,0eac,12,81 24 92 43 90 EC EF 41 00 00 8C 42
1787903791.957568,34680,0ead,12,7E 7E 8E 43 6F 96 CF 41 00 00 8E 42
1787903791.968049,34680,0eae,12,A6 03 8B 43 4A EC B6 41 00 00 90 42
1787903791.978483,34680,0eaf,12,4E C8 87 43 E1 E9 A6 41 00 00 92 42
1787903791.988929,34680,0eb0,12,61 DE 84 43 C6 32 A0 41 00 00 94 42
1787903791.999340,34680,0eb1,12,37 57 82 43 76 0A A3 41 00 00 96 42
1787903792.010266,34680,0eb2,12,D4 40 80 43 D5 54 AF 41 00 00 98 42
1787903792.020628,34680,0eb3,12,06 4F 7D 43 6D 94 C4 41 00 00 9A 42
1787903792.031118,34680,0eb4,12,14 29 7B 43 5D F0 E1 41 00 00 9C 42
1787903792.041508,34680,0eb5,12,BD 1B 7A 43 F4 1C 03 42 00 00 9E 42
1787903792.051919,34680,0eb6,12,42 2D 7A 43 26 02 18 42 00 00 A0 42
1787903792.062231,34680,0eb7,12,44 5D 7B 43 34 D1 2E 42 00 00 A2 42
1787903792.072889,34680,0eb8,12,FC A4 7D 43 4E A1 46 42 00 00 A4 42
1787903792.083498,34680,0eb9,12,72 7B 80 43 63 7F 5E 42 00 00 A6 42
1787903792.094030,34680,0eba,12,4D A0 82 43 19 76 75 42 00 00 A8 42
1787903792.104346,34680,0ebb,12,48 34 85 43 50 4F 85 42 00 00 AA 42
1787903792.114868,34680,0ebc,12,1C 29 88 43 93 8F 8E 42 00 00 AC 42
1787903792.125514,34680,0ebd,12,86 6D 8B 43 69 1D 96 42 00 00 AE 42
1787903792.136190,34680,0ebe,12,5E EE 8E 43 B8 AB 9B 42 00 00 B0 42
1787903792.149884,34680,0ebf,12,37 98 92 43 9E 01 9F 42 00 00 B2 42
1787903792.160463,34680,0ec0,12,43 55 96 43 94 FD 9F 42 00 00 B4 42
1787903792.170964,34680,0ec1,12,C7 10 9A 43 34 95 9E 42 00 00 B6 42
1787903792.181269,34680,0ec2,12,E9 B4 9D 43 DE D6 9A 42 00 00 B8 42
1787903792.191681,34680,0ec3,12,60 2C A1 43 C8 E8 94 42 00 00 BA 42
1787903792.202020,34680,0ec4,12,F4 63 A4 43 26 08 8D 42 00 00 BC 42
1787903792.213889,34680,0ec5,12,7C 48 A7 43 28 84 83 42 00 00 BE 42
1787903792.224833,34680,0ec6,12,F1 C9 A9 43 F3 7C 71 42 00 00 C0 42
1787903792.235135,34680,0ec7,12,97 D9 AB 43 1C 4A 5A 42 00 00 C2 42
1787903792.245530,34680,0ec8,12,71 6B AD 43 96 5C 42 42 00 00 C4 42
1787903792.255929,34680,0ec9,12,CC 76 AE 43 6E AA 2A 42 00 00 C6 42
1787903792.266225,34680,0eca,12,6F F5 AE 43 D3 21 14 42 00 00 C8 42
1787903792.276664,34680,0ecb,12,9C E4 AE 43 47 55 FF 41 00 00 CA 42
1787903792.287960,34680,0ecc,12,A0 44 AE 43 8C 2B DC 41 00 00 CC 42
1787903792.298754,34680,0ecd,12,39 19 AD 43 5D 2D C0 41 00 00 CE 42
1787903792.309227,34680,0ece,12,E3 68 AB 43 A8 79 AC 41 00 00 D0 42
1787903792.319698,34680,0ecf,12,AB 3D A9 43 74 D6 A1 41 00 00 D2 42
1787903792.331070,34680,0ed0,12,98 A3 A6 43 35 B2 A0 41 00 00 D4 42
1787903792.342252,34680,0ed1,12,D4 A9 A3 43 93 18 A9 41 00 00 D6 42
1787903792.352736,34680,0ed2,12,D6 61 A0 43 D0 B3 BA 41 00 00 D8 42
1787903792.363642,34680,0ed3,12,CF DD 9C 43 DE CD D4 41 00 00 DA 42
1787903792.374391,34680,0ed4,12,AE 32 99 43 60 60 F6 41 00 00 DC 42
1787903792.384808,34680,0ed5,12,C9 74 95 43 79 09 0F 42 00 00 DE 42
1787903792.395220,34680,0ed6,12,04 BA 91 43 30 28 25 42 00 00 E0 42
1787903792.405866,34680,0ed7,12,32 18 8E 43 8D AA 3C 42 00 00 E2 42
1787903792.416407,34680,0ed8,12,74 A3 8A 43 BC 9E 54 42 00 00 E4 42
1787903792.427231,34680,0ed9,12,5F 70 87 43 F8 13 6C 42 00 00 E6 42
1787903792.437968,34680,0eda,12,AE 90 84 43 7A 0C 81 42 00 00 E8 42
1787903792.448597,34680,0edb,12,43 15 82 43 76 E6 8A 42 00 00 EA 42
1787903792.459036,34680,0edc,12,93 0C 80 43 63 33 93 42 00 00 EC 42
1787903792.473078,34680,0edd,12,C7 03 7D 43 1B 9E 99 42 00 00 EE 42
1787903792.483604,34680,0ede,12,C8 FC 7A 43 1F E6 9D 42 00 00 A0 41
1787903792.494079,34680,0edf,12,64 0F 7A 43 27 DF 9F 42 00 00 A8 41
1787903792.504730,34680,0ee0,12,35 41 7A 43 11 75 9F 42 00 00 B0 41
1787903792.515404,34680,0ee1,12,EC 90 7B 43 16 AC 9C 42 00 00 B8 41
1787903792.525883,34680,0ee2,12,42 F7 7D 43 20 A1 97 42 00 00 C0 41
1787903792.536627,34680,0ee3,12,F8 B2 80 43 DE 86 90 42 00 00 C8 41
1787903792.550819,34680,0ee4,12,F6 E4 82 43 1E A6 87 42 00 00 D0 41
1787903792.561443,34680,0ee5,12,D5 84 85 43 FC B2 7A 42 00 00 D8 41
1787903792.572505,34680,0ee6,12,29 83 88 43 3E 14 64 42 00 00 E0 41
1787903792.582940,34680,0ee7,12,59 CF 8B 43 C4 58 4C 42 00 00 E8 41
1787903792.598858,34680,0ee8,12,C4 55 8F 43 18 6F 34 42 00 00 F0 41
1787903792.609627,34680,0ee9,12,DE 02 93 43 24 4D 1D 42 00 00 F8 41
1787903792.620008,34680,0eea,12,29 C1 96 43 05 DF 07 42 00 00 00 42
1787903792.630410,34680,0eeb,12,BB 7A 9A 43 F0 FE E9 41 00 00 04 42
1787903792.640738,34680,0eec,12,ED 1A 9E 43 68 E0 CA 41 00 00 08 42
1787903792.651213,34680,0eed,12,2A 8C A1 43 3D 9B B3 41 00 00 0C 42
1787903792.661966,34680,0eee,12,5D BB A4 43 A9 1F A5 41 00 00 10 42
1787903792.672646,34680,0eef,12,D5 95 A7 43 80 01 A0 41 00 00 14 42
1787903792.683075,34680,0ef0,12,F0 0A AA 43 00 75 A4 41 00 00 18 42
1787903792.694341,34680,0ef1,12,0E 0D AC 43 49 4B B2 41 00 00 1C 42
1787903792.704755,34680,0ef2,12,39 90 AD 43 46 F9 C8 41 00 00 20 42
1787903792.721546,34680,0ef3,12,0F 8C AE 43 C1 96 E7 41 00 00 24 42
1787903792.732032,34680,0ef4,12,B9 FA AE 43 9E 75 06 42 00 00 28 42
1787903792.742609,34680,0ef5,12,C6 D9 AE 43 D7 BC 1B 42 00 00 2C 42
1787903792.753017,34680,0ef6,12,EB 29 AE 43 03 C6 32 42 00 00 30 42
1787903792.796160,34680,0ef7,12,41 EF AC 43 96 A9 4A 42 00 00 34 42
1787903792.816074,34680,0ef8,12,97 30 AB 43 FC 71 62 42 00 00 38 42
1787903792.828196,34680,0ef9,12,10 F8 A8 43 74 2C 79 42 00 00 3C 42
1787903792.848200,34680,0efa,12,BD 52 A6 43 80 F8 86 42 00 00 40 42
1787903792.867482,34680,0efb,12,48 4F A3 43 2F F5 8F 42 00 00 44 42
1787903792.877995,34680,0efc,12,A4 FF 9F 43 F2 31 97 42 00 00 48 42
1787903792.888516,34680,0efd,12,2A 76 9C 43 26 64 9C 42 00 00 4C 42
1787903792.900232,34680,0efe,12,88 C7 98 43 C3 56 9F 42 00 00 50 42
1787903792.910802,34680,0eff,12,4D 09 95 43 B1 EB 9F 42 00 00 54 42
1787903792.921154,34680,0f00,12,39 50 91 43 3C 1D 9E 42 00 00 58 42
1787903792.931335,34680,0f01,12,78 B2 8D 43 8D FD 99 42 00 00 5C 42
1787903792.942106,34680,0f02,12,14 44 8A 43 C7 B6 93 42 00 00 60 42
1787903792.952878,34680,0f03,12,2D 19 87 43 FB 88 8B 42 00 00 64 42
1787903792.963749,34680,0f04,12,3F 44 84 43 A4 C7 81 42 00 00 68 42
1787903792.974407,34680,0f05,12,FD D4 81 43 74 AE 6D 42 00 00 6C 42
1787903792.985298,34680,0f06,12,CE B3 7F 43 60 4B 56 42 00 00 70 42
1787903792.995968,34680,0f07,12,EE BB 7C 43 64 56 3E 42 00 00 74 42
1787903793.006650,34680,0f08,12,E1 D3 7A 43 08 C4 26 42 00 00 78 42
1787903793.017115,34680,0f09,12,A7 06 7A 43 E7 84 10 42 00 00 7C 42
1787903793.027728,34680,0f0a,12,B0 58 7A 43 10 FB F8 41 00 00 80 42
1787903793.038371,34680,0f0b,12,13 C8 7B 43 79 EE D6 41 00 00 82 42
1787903793.048691,34680,0f0c,12,DD 4C 7E 43 E7 42 BC 41 00 00 84 42
1787903793.060383,34680,0f0d,12,3D EC 80 43 96 08 AA 41 00 00 86 42
1787903793.070834,34680,0f0e,12,01 2B 83 43 92 F9 A0 41 00 00 88 42
1787903793.081445,34680,0f0f,12,49 D6 85 43 E8 71 A1 41 00 00 8A 42
1787903793.091830,34680,0f10,12,30 DE 88 43 E0 6C AB 41 00 00 8C 42
1787903793.103043,34680,0f11,12,E9 31 8C 43 F1 84 BE 41 00 00 8E 42
1787903793.113492,34680,0f12,12,06 BE 8F 43 36 F7 D9 41 00 00 90 42
1787903793.126365,34680,0f13,12,BC 6D 93 43 87 AB FC 41 00 00 92 42
1787903793.137036,34680,0f14,12,9D 2C 97 43 28 9E 12 42 00 00 94 42
1787903793.147969,34680,0f15,12,5C E4 9A 43 E8 08 29 42 00 00 96 42
1787903793.160205,34680,0f16,12,5B 80 9E 43 BA AF 40 42 00 00 98 42
1787903793.170659,34680,0f17,12,77 EB A1 43 32 A1 58 42 00 00 9A 42
1787903793.181055,34680,0f18,12,B5 11 A5 43 EC E8 6F 42 00 00 9C 42
1787903793.191656,34680,0f19,12,A1 E1 A7 43 D6 CB 82 42 00 00 9E 42
1787903793.202234,34680,0f1a,12,7D 4A AA 43 C1 69 8C 42 00 00 A0 42
1787903793.213820,34680,0f1b,12,EC 3E AC 43 2C 6B 94 42 00 00 A2 42
1787903793.224452,34680,0f1c,12,6C B3 AD 43 5E 7E 9A 42 00 00 A4 42
1787903793.234989,34680,0f1d,12,8C 9F AE 43 58 65 9E 42 00 00 A6 42
1787903793.245655,34680,0f1e,12,30 FE AE 43 3B F8 9F 42 00 00 A8 42
1787903793.258000,34680,0f1f,12,24 CD AE 43 38 27 9F 42 00 00 AA 42
1787903793.269670,34680,0f20,12,77 0D AE 43 6A FA 9B 42 00 00 AC 42
1787903793.280216,34680,0f21,12,77 C3 AC 43 3C 92 96 42 00 00 AE 42
1787903793.291497,34680,0f22,12,C3 F6 AA 43 DE 25 8F 42 00 00 B0 42
1787903793.302758,34680,0f23,12,56 B1 A8 43 DB 01 86 42 00 00 B2 42
1787903793.313230,34680,0f24,12,B4 00 A6 43 26 04 77 42 00 00 B4 42
1787903793.324402,34680,0f25,12,C7 F3 A2 43 B0 24 60 42 00 00 B6 42
1787903793.335759,34680,0f26,12,5D 9C 9F 43 CA 4E 48 42 00 00 B8 42
1787903793.350769,34680,0f27,12,0E 0E 9C 43 BF 75 30 42 00 00 BA 42
1787903793.361578,34680,0f28,12,91 5C 98 43 B6 8E 19 42 00 00 BC 42
1787903793.372198,34680,0f29,12,E2 9D 94 43 E3 7F 04 42 00 00 BE 42
1787903793.382837,34680,0f2a,12,C4 E6 90 43 18 44 E4 41 00 00 C0 42
1787903793.394431,34680,0f2b,12,F9 4C 8D 43 54 61 C6 41 00 00 C2 42
1787903793.405091,34680,0f2c,12,8E E5 89 43 88 88 B0 41 00 00 C4 42
1787903793.415755,34680,0f2d,12,5F C3 86 43 57 99 A3 41 00 00 C6 42
1787903793.426652,34680,0f2e,12,17 F9 83 43 C3 15 A0 41 00 00 C8 42
1787903793.437296,34680,0f2f,12,2D 96 81 43 08 23 A6 41 00 00 CA 42
1787903793.447782,34680,0f30,12,50 51 7F 43 60 83 B5 41 00 00 CC 42
1787903793.459471,34680,0f31,12,7E 77 7C 43 DA 99 CD 41 00 00 CE 42
1787903793.470026,34680,0f32,12,B0 AE 7A 43 D4 6D ED 41 00 00 D0 42
1787903793.480456,34680,0f33,12,86 01 7A 43 B2 DF 09 42 00 00 D2 42
1787903793.491345,34680,0f34,12,C1 73 7A 43 9C 82 1F 42 00 00 D4 42
1787903793.501949,34680,0f35,12,EF 02 7C 43 CF C2 36 42 00 00 D6 42
1787903793.512418,34680,0f36,12,C6 A5 7E 43 F8 B2 4E 42 00 00 D8 42
1787903793.522773,34680,0f37,12,D4 26 81 43 F0 5C 66 42 00 00 DA 42
1787903793.533135,34680,0f38,12,68 72 83 43 DC D2 7C 42 00 00 DC 42
1787903793.543695,34680,0f39,12,E7 28 86 43 CC 96 88 42 00 00 DE 42
1787903793.554070,34680,0f3a,12,7F 3A 89 43 B3 4E 91 42 00 00 E0 42
1787903793.573706,34680,0f3b,12,2E 95 8C 43 24 38 98 42 00 00 E2 42
1787903793.585188,34680,0f3c,12,5B 26 90 43 48 0C 9D 42 00 00 E4 42
1787903793.595685,34680,0f3d,12,CA D8 93 43 95 9A 9F 42 00 00 E6 42
1787903793.609966,34680,0f3e,12,FC 97 97 43 80 C8 9F 42 00 00 E8 42
1787903793.620400,34680,0f3f,12,04 4E 9B 43 34 94 9D 42 00 00 EA 42
1787903793.631896,34680,0f40,12,2C E5 9E 43 30 14 99 42 00 00 EC 42
1787903793.647605,34680,0f41,12,8E 49 A2 43 FC 76 92 42 00 00 EE 42
1787903793.658469,34680,0f42,12,F7 66 A5 43 11 FF 89 42 00 00 A0 41
1787903793.670017,34680,0f43,12,22 2C A8 43 51 03 80 42 00 00 A8 41
1787903793.680569,34680,0f44,12,CB 88 AA 43 44 D3 69 42 00 00 B0 41
1787903793.691419,34680,0f45,12,2F 6F AC 43 A4 46 52 42 00 00 B8 41
1787903793.702496,34680,0f46,12,C7 D4 AD 43 FD 52 3A 42 00 00 C0 41
1787903793.713902,34680,0f47,12,41 B1 AE 43 10 E9 22 42 00 00 C8 41
1787903793.726240,34680,0f48,12,D8 FF AE 43 B6 F9 0C 42 00 00 D0 41
1787903793.736887,34680,0f49,12,A8 BE AE 43 AC C9 F2 41 00 00 D8 41
1787903793.747584,34680,0f4a,12,46 EF AD 43 9C E4 D1 41 00 00 E0 41
1787903793.758653,34680,0f4b,12,30 96 AC 43 A7 95 B8 41 00 00 E8 41
1787903793.770084,34680,0f4c,12,6C BB AA 43 2F DB A7 41 00 00 F0 41
1787903793.780866,34680,0f4d,12,41 69 A8 43 3E 62 A0 41 00 00 F8 41
1787903793.791641,34680,0f4e,12,34 AD A5 43 1A 77 A2 41 00 00 00 42
1787903793.802419,34680,0f4f,12,56 97 A2 43 84 04 AE 41 00 00 04 42
1787903793.813525,34680,0f50,12,BF 38 9F 43 A0 92 C2 41 00 00 08 42
1787903793.824288,34680,0f51,12,82 A5 9B 43 D3 52 DF 41 00 00 0C 42
1787903793.834735,34680,0f52,12,6E F1 97 43 32 8F 01 42 00 00 10 42
1787903793.845592,34680,0f53,12,2D 32 94 43 FA 43 16 42 00 00 14 42
1787903793.856246,34680,0f54,12,AE 7D 90 43 68 F4 2C 42 00 00 18 42
1787903793.867320,34680,0f55,12,7A E8 8C 43 04 B7 44 42 00 00 1C 42
1787903793.878335,34680,0f56,12,E7 87 89 43 FB 9C 5C 42 00 00 20 42
1787903793.890163,34680,0f57,12,AC 6E 86 43 8C B0 73 42 00 00 24 42
1787903793.900598,34680,0f58,12,F9 AE 83 43 15 83 84 42 00 00 28 42
1787903793.911073,34680,0f59,12,D6 58 81 43 09 E2 8D 42 00 00 2C 42
1787903793.929591,34680,0f5a,12,6A F2 7E 43 F5 94 95 42 00 00 30 42
1787903793.940619,34680,0f5b,12,7E 36 7C 43 75 4E 9B 42 00 00 34 42
1787903793.951277,34680,0f5c,12,10 8D 7A 43 70 D3 9E 42 00 00 38 42
1787903793.962022,34680,0f5d,12,03 00 7A 43 F9 FF 9F 42 00 00 3C 42
1787903793.972501,34680,0f5e,12,66 92 7A 43 14 C8 9E 42 00 00 40 42
1787903793.983220,34680,0f5f,12,0E 41 7C 43 90 38 9B 42 00 00 44 42
1787903793.994121,34680,0f60,12,F5 01 7F 43 34 75 95 42 00 00 48 42
1787903794.004592,34680,0f61,12,EC 62 81 43 06 B9 8D 42 00 00 4C 42
1787903794.014993,34680,0f62,12,6B BB 83 43 FA 52 84 42 00 00 50 42
1787903794.028287,34680,0f63,12,AB 7C 86 43 FA 45 73 42 00 00 54 42
1787903794.039505,34680,0f64,12,66 97 89 43 27 2E 5C 42 00 00 58 42
1787903794.049994,34680,0f65,12,21 F9 8C 43 99 46 44 42 00 00 5C 42
1787903794.060755,34680,0f66,12,1D 8F 90 43 0E 85 2C 42 00 00 60 42
1787903794.071213,34680,0f67,12,63 44 94 43 02 DC 15 42 00 00 64 42
1787903794.081777,34680,0f68,12,3D 03 98 43 C0 32 01 42 00 00 68 42
1787903794.092304,34680,0f69,12,E8 B6 9B 43 E4 BA DE 41 00 00 6C 42
1787903794.102854,34680,0f6a,12,58 49 9F 43 AC 1E C2 41 00 00 70 42
1787903794.113863,34680,0f6b,12,C2 A6 A2 43 E8 B7 AD 41 00 00 74 42
1787903794.125192,34680,0f6c,12,69 BB A5 43 D5 56 A2 41 00 00 78 42
1787903794.135721,34680,0f6d,12,53 75 A8 43 98 6F A0 41 00 00 7C 42
1787903794.146141,34680,0f6e,12,62 C5 AA 43 AA 14 A8 41 00 00 80 42
1787903794.156633,34680,0f6f,12,D3 9D AC 43 31 F9 B8 41 00 00 82 42
1787903794.167420,34680,0f70,12,69 F4 AD 43 87 70 D2 41 00 00 84 42
1787903794.179529,34680,0f71,12,3C C1 AE 43 BD 76 F3 41 00 00 86 42
1787903794.190348,34680,0f72,12,B1 FF AE 43 5E 5D 0D 42 00 00 88 42
1787903794.201070,34680,0f73,12,70 AE AE 43 15 54 23 42 00 00 8A 42
1787903794.211584,34680,0f74,12,5B CF AD 43 BF C2 3A 42 00 00 8C 42
1787903794.222949,34680,0f75,12,47 67 AC 43 8B B8 52 42 00 00 8E 42
1787903794.233578,34680,0f76,12,5C 7E AA 43 E9 40 6A 42 00 00 90 42
1787903794.255639,34680,0f77,12,D8 1F A8 43 D3 35 80 42 00 00 92 42
1787903794.267082,34680,0f78,12,E0 58 A5 43 86 2A 8A 42 00 00 94 42
1787903794.277820,34680,0f79,12,FC 39 A2 43 7B 9A 92 42 00 00 96 42
1787903794.288556,34680,0f7a,12,77 D4 9E 43 C0 2E 99 42 00 00 98 42
1787903794.299721,34680,0f7b,12,2B 3C 9B 43 2D A4 9D 42 00 00 9A 42
1787903794.310378,34680,0f7c,12,27 86 97 43 40 CD 9F 42 00 00 9C 42
1787903794.320993,34680,0f7d,12,FE C6 93 43 08 94 9F 42 00 00 9E 42
1787903794.331623,34680,0f7e,12,FE 14 90 43 C2 FA 9C 42 00 00 A0 42
1787903794.342214,34680,0f7f,12,A3 84 8C 43 E4 1B 98 42 00 00 A2 42
1787903794.353094,34680,0f80,12,D1 2A 89 43 24 29 91 42 00 00 A4 42
1787903794.364041,34680,0f81,12,19 1B 86 43 6C 69 88 42 00 00 A6 42
1787903794.374837,34680,0f82,12,74 66 83 43 C8 6D 7C 42 00 00 A8 42
1787903794.385421,34680,0f83,12,FD 1C 81 43 14 F0 65 42 00 00 AA 42
1787903794.396471,34680,0f84,12,C6 96 7E 43 CC 40 4E 42 00 00 AC 42
1787903794.408674,34680,0f85,12,BB F8 7B 43 AF 51 36 42 00 00 AE 42
1787903794.419460,34680,0f86,12,02 6F 7A 43 0C 17 1F 42 00 00 B0 42
1787903794.430542,34680,0f87,12,20 02 7A 43 95 7F 09 42 00 00 B2 42
1787903794.442443,34680,0f88,12,9F B4 7A 43 A4 C8 EC 41 00 00 B4 42
1787903794.452816,34680,0f89,12,A0 82 7C 43 17 14 CD 41 00 00 B6 42
1787903794.464322,34680,0f8a,12,BF 61 7F 43 22 25 B5 41 00 00 B8 42
1787903794.474825,34680,0f8b,12,82 A0 81 43 10 F0 A5 41 00 00 BA 42
1787903794.485231,34680,0f8c,12,7D 05 84 43 2F 10 A0 41 00 00 BC 42
1787903794.496220,34680,0f8d,12,8D D1 86 43 8E C0 A3 41 00 00 BE 42
1787903794.507170,34680,0f8e,12,33 F5 89 43 56 DC B0 41 00 00 C0 42
1787903794.521624,34680,0f8f,12,19 5E 8D 43 BD DD C6 41 00 00 C2 42
1787903794.532439,34680,0f90,12,43 F8 90 43 25 E4 E4 41 00 00 C4 42
1787903794.543680,34680,0f91,12,B9 AF 94 43 FD DC 04 42 00 00 C6 42
1787903794.554972,34680,0f92,12,59 6E 98 43 7E F6 19 42 00 00 C8 42
1787903794.565713,34680,0f93,12,62 1F 9C 43 E8 E5 30 42 00 00 CA 42
1787903794.576243,34680,0f94,12,35 AD 9F 43 21 C1 48 42 00 00 CC 42
1787903794.587041,34680,0f95,12,0B 03 A3 43 A5 94 60 42 00 00 CE 42
1787903794.597660,34680,0f96,12,69 0E A6 43 8B 6B 77 42 00 00 D0 42
1787903794.609634,34680,0f97,12,2E BD A8 43 20 30 86 42 00 00 D2 42
1787903794.620222,34680,0f98,12,7A 00 AB 43 85 4D 8F 42 00 00 D4 42
1787903794.631795,34680,0f99,12,FD CA AC 43 EA B0 96 42 00 00 D6 42
1787903794.642282,34680,0f9a,12,50 12 AE 43 E5 0E 9C 42 00 00 D8 42
1787903794.652957,34680,0f9b,12,5D CF AE 43 88 30 9F 42 00 00 DA 42
1787903794.663458,34680,0f9c,12,BC FD AE 43 57 F6 9F 42 00 00 DC 42
1787903794.674227,34680,0f9d,12,6F 9C AE 43 1C 58 9E 42 00 00 DE 42
1787903794.685776,34680,0f9e,12,96 AD AD 43 59 66 9A 42 00 00 E0 42
1787903794.697698,34680,0f9f,12,C0 36 AC 43 52 49 94 42 00 00 E2 42
1787903794.708589,34680,0fa0,12,08 40 AA 43 1F 40 8C 42 00 00 E4 42
1787903794.720340,34680,0fa1,12,20 D5 A7 43 86 9B 82 42 00 00 E6 42
1787903794.733434,34680,0fa2,12,70 03 A5 43 05 7D 6F 42 00 00 E8 42
1787903794.744184,34680,0fa3,12,67 DB A1 43 ED 2F 58 42 00 00 EA 42
1787903794.755112,34680,0fa4,12,8C 6F 9E 43 9C 3D 40 42 00 00 EC 42
1787903794.765676,34680,0fa5,12,D5 D2 9A 43 4E 9C 28 42 00 00 EE 42
1787903794.800641,34680,0fa6,12,C5 1A 97 43 86 39 12 42 00 00 A0 41
1787903794.812107,34680,0fa7,12,F8 5B 93 43 45 F7 FB 41 00 00 A8 41
1787903794.822587,34680,0fa8,12,5A AC 8F 43 80 62 D9 41 00 00 B0 41
1787903794.833195,34680,0fa9,12,7C 21 8C 43 B6 15 BE 41 00 00 B8 41
1787903794.845813,34680,0faa,12,FF CE 88 43 B2 28 AB 41 00 00 C0 41
1787903794.866862,34680,0fab,12,AC C8 85 43 AC 59 A1 41 00 00 C8 41
1787903794.877105,34680,0fac,12,46 1F 83 43 95 0E A1 41 00 00 D0 41
1787903794.889464,34680,0fad,12,71 E2 80 43 6C 4A AA 41 00 00 D8 41
1787903794.904023,34680,0fae,12,6A 3E 7E 43 F0 AE BC 41 00 00 E0 41
1787903794.918262,34680,0faf,12,AC BE 7B 43 01 7E D7 41 00 00 E8 41
1787903794.929447,34680,0fb0,12,8A 54 7A 43 24 AA F9 41 00 00 F0 41
1787903794.942064,34680,0fb1,12,DA 07 7A 43 63 EA 10 42 00 00 F8 41
1787903794.952808,34680,0fb2,12,8C DA 7A 43 F6 31 27 42 00 00 00 42
1787903794.963801,34680,0fb3,12,A1 C7 7C 43 60 C8 3E 42 00 00 04 42
1787903794.975116,34680,0fb4,12,6C C4 7F 43 04 BB 56 42 00 00 08 42
1787903794.986694,34680,0fb5,12,91 DF 81 43 2A 19 6E 42 00 00 0C 42
1787903794.998342,34680,0fb6,12,DB 50 84 43 38 F9 81 42 00 00 10 42
1787903795.009112,34680,0fb7,12,D9 27 87 43 EA B3 8B 42 00 00 14 42
1787903795.019816,34680,0fb8,12,DE 53 8A 43 5B D9 93 42 00 00 18 42
1787903795.030141,34680,0fb9,12,54 C3 8D 43 FD 15 9A 42 00 00 1C 42
1787903795.040465,34680,0fba,12,C7 61 91 43 20 2B 9E 42 00 00 20 42
1787903795.050937,34680,0fbb,12,27 1B 95 43 86 EE 9F 42 00 00 24 42
1787903795.061478,34680,0fbc,12,AB D9 98 43 31 4E 9F 42 00 00 28 42
1787903795.071848,34680,0fbd,12,6B 87 9C 43 85 50 9C 42 00 00 2C 42
1787903795.091254,34680,0fbe,12,01 10 A0 43 88 14 97 42 00 00 30 42
1787903795.133495,34680,0fbf,12,64 5E A3 43 D5 CE 8F 42 00 00 34 42
1787903795.144310,34680,0fc0,12,41 60 A6 43 FB C9 86 42 00 00 38 42
1787903795.155535,34680,0fc1,12,EF 03 A9 43 11 C4 78 42 00 00 3C 42
1787903795.166082,34680,0fc2,12,0D 3A AB 43 68 02 62 42 00 00 40 42
1787903795.176835,34680,0fc3,12,58 F6 AC 43 25 39 4A 42 00 00 44 42
1787903795.187340,34680,0fc4,12,7A 2E AE 43 5B 57 32 42 00 00 48 42
1787903795.197802,34680,0fc5,12,B2 DB AE 43 A4 52 1B 42 00 00 4C 42
1787903795.208154,34680,0fc6,12,F5 F9 AE 43 F4 15 06 42 00 00 50 42
1787903795.218562,34680,0fc7,12,A6 88 AE 43 21 F4 E6 41 00 00 54 42
1787903795.228979,34680,0fc8,12,3A 8A AD 43 EA 7B C8 41 00 00 58 42
1787903795.239647,34680,0fc9,12,9D 04 AC 43 88 F5 B1 41 00 00 5C 42
1787903795.251140,34680,0fca,12,3E 00 AA 43 8C 49 A4 41 00 00 60 42
1787903795.263757,34680,0fcb,12,D7 88 A7 43 87 03 A0 41 00 00 64 42
1787903795.274738,34680,0fcc,12,EA AC A4 43 14 4F A5 41 00 00 68 42
1787903795.285384,34680,0fcd,12,4F 7C A1 43 A9 F4 B3 41 00 00 6C 42
1787903795.297148,34680,0fce,12,05 0A 9E 43 0E 61 CB 41 00 00 70 42
1787903795.307750,34680,0fcf,12,26 69 9A 43 64 A4 EA 41 00 00 74 42
1787903795.318165,34680,0fd0,12,E9 AE 96 43 C7 3F 08 42 00 00 78 42
1787903795.328699,34680,0fd1,12,22 F1 92 43 13 B8 1D 42 00 00 7C 42
1787903795.339152,34680,0fd2,12,8D 44 8F 43 17 DE 34 42 00 00 80 42
1787903795.349640,34680,0fd3,12,0B BF 8B 43 26 C9 4C 42 00 00 82 42
1787903795.365508,34680,0fd4,12,21 74 88 43 5B 83 64 42 00 00 84 42
1787903795.375850,34680,0fd5,12,1F 77 85 43 87 1A 7B 42 00 00 86 42
1787903795.386338,34680,0fd6,12,75 D9 82 43 0A D4 87 42 00 00 88 42
1787903795.396785,34680,0fd7,12,A3 A9 80 43 7C AC 90 42 00 00 8A 42
1787903795.407406,34680,0fd8,12,5C E9 7D 43 B0 BD 97 42 00 00 8C 42
1787903795.418018,34680,0fd9,12,19 88 7B 43 C3 BE 9C 42 00 00 8E 42
1787903795.432282,34680,0fda,12,94 3D 7A 43 A2 7C 9F 42 00 00 90 42
1787903795.445046,34680,0fdb,12,31 11 7A 43 50 DB 9F 42 00 00 92 42
1787903795.459907,34680,0fdc,12,E5 03 7B 43 46 D7 9D 42 00 00 94 42
1787903795.471668,34680,0fdd,12,0B 10 7D 43 C7 84 99 42 00 00 96 42
1787903795.482165,34680,0fde,12,25 15 80 43 02 10 93 42 00 00 98 42
1787903795.495247,34680,0fdf,12,51 20 82 43 DE BA 8A 42 00 00 9A 42
1787903795.506101,34680,0fe0,12,81 9D 84 43 67 DA 80 42 00 00 9C 42
1787903795.518121,34680,0fe1,12,E8 7E 87 43 A5 A8 6B 42 00 00 9E 42
1787903795.534760,34680,0fe2,12,61 B3 8A 43 DF 2E 54 42 00 00 A0 42
1787903795.545248,34680,0fe3,12,27 29 8E 43 BE 38 3C 42 00 00 A2 42
1787903795.556731,34680,0fe4,12,02 CC 91 43 D6 BA 24 42 00 00 A4 42
1787903795.569822,34680,0fe5,12,A6 86 95 43 F0 A4 0E 42 00 00 A6 42
1787903795.580379,34680,0fe6,12,65 44 99 43 D4 B3 F5 41 00 00 A8 42
1787903795.593975,34680,0fe7,12,FB EE 9C 43 6D 41 D4 41 00 00 AA 42
1787903795.609059,34680,0fe8,12,14 72 A0 43 5C 4B BA 41 00 00 AC 42
1787903795.619887,34680,0fe9,12,1A B9 A3 43 9F DA A8 41 00 00 AE 42
1787903795.630991,34680,0fea,12,E9 B0 A6 43 3A A1 A0 41 00 00 B0 42
1787903795.643514,34680,0feb,12,0E 49 A9 43 A4 F2 A1 41 00 00 B2 42
1787903795.654829,34680,0fec,12,17 72 AB 43 9F C1 AC 41 00 00 B4 42
1787903795.666017,34680,0fed,12,09 20 AD 43 1C A0 C0 41 00 00 B6 42
1787903795.676970,34680,0fee,12,FC 48 AE 43 4E C3 DC 41 00 00 B8 42
1787903795.688385,34680,0fef,12,3C E6 AE 43 00 06 00 42 00 00 BA 42
1787903795.700095,34680,0ff0,12,62 F4 AE 43 54 87 14 42 00 00 BC 42
1787903795.711834,34680,0ff1,12,18 73 AE 43 89 17 2B 42 00 00 BE 42
1787903795.722517,34680,0ff2,12,2B 65 AD 43 D0 CE 42 42 00 00 C0 42
1787903795.733829,34680,0ff3,12,B2 D0 AB 43 15 BB 5A 42 00 00 C2 42
1787903795.745585,34680,0ff4,12,01 BF A9 43 2B E8 71 42 00 00 C4 42
1787903795.757550,34680,0ff5,12,8F 3B A7 43 F4 B3 83 42 00 00 C6 42
1787903795.768285,34680,0ff6,12,54 55 A4 43 1C 31 8D 42 00 00 C8 42
1787903795.795217,34680,0ff7,12,62 1C A1 43 CF 09 95 42 00 00 CA 42
1787903795.805679,34680,0ff8,12,89 A3 9D 43 F8 ED 9A 42 00 00 CC 42
1787903795.816053,34680,0ff9,12,25 FF 99 43 74 A1 9E 42 00 00 CE 42
1787903795.826525,34680,0ffa,12,65 43 96 43 79 FE 9F 42 00 00 D0 42
1787903795.836960,34680,0ffb,12,85 86 92 43 53 F7 9E 42 00 00 D2 42
1787903795.847325,34680,0ffc,12,3C DD 8E 43 4C 96 9B 42 00 00 D4 42
1787903795.858276,34680,0ffd,12,FE 5C 8B 43 E3 FD 95 42 00 00 D6 42
1787903795.869124,34680,0ffe,12,3E 1A 88 43 34 67 8E 42 00 00 D8 42
1787903795.879703,34680,0fff,12,11 27 85 43 7C 20 85 42 00 00 DA 42
1787903795.893981,34680,1000,12,07 95 82 43 F0 0D 75 42 00 00 DC 42
1787903795.909587,34680,1001,12,60 72 80 43 09 0F 5E 42 00 00 DE 42
1787903795.920115,34680,1002,12,58 97 7D 43 F9 2E 46 42 00 00 E0 42
1787903795.930826,34680,1003,12,06 55 7B 43 74 61 2E 42 00 00 E2 42
1787903795.941293,34680,1004,12,4F 2A 7A 43 26 9B 17 42 00 00 E4 42
1787903795.951996,34680,1005,12,24 1E 7A 43 FB C0 02 42 00 00 E6 42
1787903795.963564,34680,1006,12,C8 30 7B 43 3B 53 E1 41 00 00 E8 42
1787903795.976909,34680,1007,12,22 5C 7D 43 6F 1B C4 41 00 00 EA 42
1787903795.988269,34680,1008,12,AA 49 80 43 CF 04 AF 41 00 00 EC 42
1787903795.999079,34680,1009,12,45 62 82 43 2D E7 A2 41 00 00 EE 42
1787903796.010853,34680,100a,12,68 EB 84 43 53 3C A0 41 00 00 A0 41
1787903796.023194,34680,100b,12,04 D7 87 43 C9 20 A7 41 00 00 A8 41
1787903796.034449,34680,100c,12,0F 14 8B 43 35 4E B7 41 00 00 B0 41
1787903796.046272,34680,100d,12,8B 8F 8E 43 76 1F D0 41 00 00 B8 41
1787903796.056956,34680,100e,12,29 36 92 43 6E 94 F0 41 00 00 C0 41
1787903796.069503,34680,100f,12,2D F2 95 43 70 B3 0B 42 00 00 C8 41
1787903796.085171,34680,1010,12,E3 AE 99 43 25 84 21 42 00 00 D0 41
1787903796.100274,34680,1011,12,6B 56 9D 43 AA DD 38 42 00 00 D8 41
1787903796.111353,34680,1012,12,65 D3 A0 43 A8 D1 50 42 00 00 E0 41
1787903796.123697,34680,1013,12,7D 12 A4 43 D4 69 68 42 00 00 E8 41
1787903796.139107,34680,1014,12,5D 00 A7 43 05 B9 7E 42 00 00 F0 41
1787903796.149895,34680,1015,12,C9 8C A9 43 D3 6C 89 42 00 00 F8 41
1787903796.160353,34680,1016,12,C6 A8 AB 43 23 FF 91 42 00 00 00 42
1787903796.170863,34680,1017,12,0E 48 AD 43 F4 BB 98 42 00 00 04 42
1787903796.182344,34680,1018,12,A4 61 AE 43 3A 5E 9D 42 00 00 08 42
1787903796.193250,34680,1019,12,FA EE AE 43 63 B7 9F 42 00 00 0C 42
1787903796.203822,34680,101a,12,01 ED AE 43 02 AF 9F 42 00 00 10 42
1787903796.216429,34680,101b,12,AE 5B AE 43 6F 45 9D 42 00 00 14 42
1787903796.231612,34680,101c,12,6B 3E AD 43 48 93 98 42 00 00 18 42
1787903796.247287,34680,101d,12,64 9B AB 43 18 C9 91 42 00 00 1C 42
1787903796.259739,34680,101e,12,57 7C A9 43 1C 2B 89 42 00 00 20 42
1787903796.270433,34680,101f,12,08 ED A6 43 7D 23 7E 42 00 00 24 42
1787903796.281213,34680,1020,12,62 FC A3 43 28 C8 67 42 00 00 28 42
1787903796.291869,34680,1021,12,A7 BB A0 43 6C 28 50 42 00 00 2C 42
1787903796.307710,34680,1022,12,DF 3C 9D 43 47 37 38 42 00 00 30 42
1787903796.324814,34680,1023,12,DA 94 99 43 5F E5 20 42 00 00 34 42
1787903796.335792,34680,1024,12,DD D7 95 43 9C 22 0B 42 00 00 38 42
1787903796.347347,34680,1025,12,C6 1B 92 43 33 9A EF 41 00 00 3C 42
1787903796.358011,34680,1026,12,70 76 8E 43 64 54 CF 41 00 00 40 42
1787903796.368797,34680,1027,12,10 FC 8A 43 C9 BE B6 41 00 00 44 42
1787903796.379133,34680,1028,12,5C C1 87 43 80 D0 A6 41 00 00 48 42
1787903796.389555,34680,1029,12,3B D8 84 43 60 2E A0 41 00 00 4C 42
1787903796.420781,34680,102a,12,C2 51 82 43 1E 1C A3 41 00 00 50 42
1787903796.437269,34680,102b,12,AB 3C 80 43 D6 7B AF 41 00 00 54 42
1787903796.460295,34680,102c,12,FD 48 7D 43 3A CD C4 41 00 00 58 42
1787903796.482033,34680,102d,12,79 25 7B 43 06 3A E2 41 00 00 5C 42
1787903796.495302,34680,102e,12,A3 1A 7A 43 46 4A 03 42 00 00 60 42
1787903796.506593,34680,102f,12,C2 2E 7A 43 DF 34 18 42 00 00 64 42
1787903796.516871,34680,1030,12,33 61 7B 43 4D 07 2F 42 00 00 68 42
1787903796.527440,34680,1031,12,53 AB 7D 43 BF D6 46 42 00 00 6C 42
1787903796.537781,34680,1032,12,C1 7F 80 43 E0 B3 5E 42 00 00 70 42
1787903796.548266,34680,1033,12,A5 A5 82 43 46 A9 75 42 00 00 74 42
1787903796.560192,34680,1034,12,D6 3A 85 43 4D 66 85 42 00 00 78 42
1787903796.570840,34680,1035,12,26 30 88 43 0D A3 8E 42 00 00 7C 42
1787903796.581307,34680,1036,12,2E 75 8B 43 16 2C 96 42 00 00 80 42
1787903796.591742,34680,1037,12,79 F6 8E 43 AA B5 9B 42 00 00 82 42
1787903796.602752,34680,1038,12,96 A0 92 43 9B 06 9F 42 00 00 84 42
1787903796.618250,34680,1039,12,19 5E 96 43 10 FD 9F 42 00 00 86 42
1787903796.630925,34680,103a,12,1C 19 9A 43 34 8F 9E 42 00 00 88 42
1787903796.647840,34680,103b,12,F2 BC 9D 43 02 CC 9A 42 00 00 8A 42
1787903796.659280,34680,103c,12,EE 33 A1 43 48 D9 94 42 00 00 8C 42
1787903796.674548,34680,103d,12,DB 6A A4 43 F4 F3 8C 42 00 00 8E 42
1787903796.689753,34680,103e,12,DE 4E A7 43 9C 6C 83 42 00 00 90 42
1787903796.703445,34680,103f,12,1A CF A9 43 07 49 71 42 00 00 92 42
1787903796.718874,34680,1040,12,B1 DD AB 43 49 15 5A 42 00 00 94 42
1787903796.737359,34680,1041,12,65 6E AD 43 34 27 42 42 00 00 96 42
1787903796.749532,34680,1042,12,88 78 AE 43 CE 74 2A 42 00 00 98 42
1787903796.760840,34680,1043,12,EF F5 AE 43 F6 EF 13 42 00 00 9A 42
1787903796.782068,34680,1044,12,D3 E3 AE 43 0F FD FE 41 00 00 9C 42
1787903796.795048,34680,1045,12,97 42 AE 43 D5 E4 DB 41 00 00 9E 42
1787903796.806856,34680,1046,12,FC 15 AD 43 FC F7 BF 41 00 00 A0 42
1787903796.818783,34680,1047,12,85 64 AB 43 8B 56 AC 41 00 00 A2 42
1787903796.831230,34680,1048,12,05 38 A9 43 E2 C8 A1 41 00 00 A4 42
1787903796.842561,34680,1049,12,49 9D A6 43 BA BA A0 41 00 00 A6 42
1787903796.858370,34680,104a,12,C0 A2 A3 43 CF 35 A9 41 00 00 A8 42
1787903796.880006,34680,104b,12,26 5A A0 43 E5 E4 BA 41 00 00 AA 42
1787903796.891309,34680,104c,12,AF D5 9C 43 2E 13 D5 41 00 00 AC 42
1787903796.905845,34680,104d,12,EA 29 99 43 72 B5 F6 41 00 00 AE 42
1787903796.919622,34680,104e,12,57 6C 95 43 30 3A 0F 42 00 00 B0 42
1787903796.934366,34680,104f,12,B1 B1 91 43 58 5B 25 42 00 00 B2 42
1787903796.945056,34680,1050,12,2F 10 8E 43 C2 DF 3C 42 00 00 B4 42
1787903796.956272,34680,1051,12,EE 9B 8A 43 BE D5 54 42 00 00 B6 42
1787903796.967434,34680,1052,12,31 69 87 43 B6 48 6C 42 00 00 B8 42
1787903796.984833,34680,1053,12,A2 8A 84 43 AA 24 81 42 00 00 BA 42
1787903796.996741,34680,1054,12,29 10 82 43 CA FA 8A 42 00 00 BC 42
1787903797.008009,34680,1055,12,89 08 80 43 DE 43 93 42 00 00 BE 42
1787903797.028088,34680,1056,12,02 FE 7C 43 80 AA 99 42 00 00 C0 42
1787903797.039749,34680,1057,12,4C F9 7A 43 5A ED 9D 42 00 00 C2 42
1787903797.053212,34680,1058,12,93 0E 7A 43 F0 E0 9F 42 00 00 C4 42
1787903797.065530,34680,1059,12,EC 42 7A 43 75 71 9F 42 00 00 C6 42
1787903797.085882,34680,105a,12,21 95 7B 43 4A A3 9C 42 00 00 C8 42
1787903797.101908,34680,105b,12,DE FD 7D 43 04 93 97 42 00 00 CA 42
1787903797.117565,34680,105c,12,9A B7 80 43 4F 74 90 42 00 00 CC 42
1787903797.136078,34680,105d,12,6A EA 82 43 DB 8F 87 42 00 00 CE 42
1787903797.150144,34680,105e,12,30 8B 85 43 86 82 7A 42 00 00 D0 42
1787903797.161464,34680,105f,12,46 8A 88 43 45 E0 63 42 00 00 D2 42
1787903797.172022,34680,1060,12,11 D7 8B 43 7B 21 4C 42 00 00 D4 42
1787903797.183031,34680,1061,12,49 5E 8F 43 87 38 34 42 00 00 D6 42
1787903797.197748,34680,1062,12,42 0B 93 43 76 19 1D 42 00 00 D8 42
1787903797.210549,34680,1063,12,9B C9 96 43 DF B1 07 42 00 00 DA 42
1787903797.221549,34680,1064,12,0A 83 9A 43 D0 B1 E9 41 00 00 DC 42
1787903797.232865,34680,1065,12,EB 22 9E 43 61 A1 CA 41 00 00 DE 42
1787903797.247278,34680,1066,12,00 94 A1 43 88 6F B3 41 00 00 E0 42
1787903797.258316,34680,1067,12,2F C2 A4 43 05 09 A5 41 00 00 E2 42
1787903797.270204,34680,1068,12,D6 9B A7 43 D9 00 A0 41 00 00 E4 42
1787903797.281871,34680,1069,12,FC 0F AA 43 98 89 A4 41 00 00 E6 42
1787903797.293168,34680,106a,12,08 11 AC 43 BE 75 B2 41 00 00 E8 42
1787903797.304579,34680,106b,12,2B 93 AD 43 2F 37 C9 41 00 00 EA 42
1787903797.320612,34680,106c,12,A7 8D AE 43 A7 E5 E7 41 00 00 EC 42
1787903797.335378,34680,106d,12,10 FB AE 43 6A A2 06 42 00 00 EE 42
1787903797.351312,34680,106e,12,D8 D8 AE 43 88 EE 1B 42 00 00 A0 41
1787903797.368323,34680,106f,12,BF 27 AE 43 77 FC 32 42 00 00 A8 41
1787903797.379141,34680,1070,12,BB EB AC 43 E4 E0 4A 42 00 00 B0 41
1787903797.391659,34680,1071,12,1A 2C AB 43 EF A7 62 42 00 00 B8 41
1787903797.403793,34680,1072,12,8E F2 A8 43 2F 5D 79 42 00 00 C0 41
1787903797.423803,34680,1073,12,56 4C A6 43 33 0E 87 42 00 00 C8 41
1787903797.440105,34680,1074,12,21 48 A3 43 FD 07 90 42 00 00 D0 41
1787903797.456594,34680,1075,12,8A F7 9F 43 59 40 97 42 00 00 D8 41
1787903797.473435,34680,1076,12,01 6E 9C 43 93 6D 9C 42 00 00 E0 41
1787903797.484601,34680,1077,12,22 BF 98 43 B2 5A 9F 42 00 00 E8 41
1787903797.499844,34680,1078,12,DB 00 95 43 4C EA 9F 42 00 00 F0 41
1787903797.519422,34680,1079,12,ED 47 91 43 55 16 9E 42 00 00 F8 41
1787903797.551396,34680,107a,12,22 AA 8D 43 76 F1 99 42 00 00 00 42
1787903797.567063,34680,107b,12,9F 3C 8A 43 FD A5 93 42 00 00 04 42
1787903797.578383,34680,107c,12,65 12 87 43 DD 74 8B 42 00 00 08 42
1787903797.589747,34680,107d,12,4C 3E 84 43 6F B0 81 42 00 00 0C 42
1787903797.603611,34680,107e,12,00 D0 81 43 EB 79 6D 42 00 00 10 42
1787903797.614607,34680,107f,12,9E AB 7F 43 72 14 56 42 00 00 14 42
1787903797.626450,34680,1080,12,6D B6 7C 43 42 1F 3E 42 00 00 18 42
1787903797.638581,34680,1081,12,D4 D0 7A 43 B2 90 26 42 00 00 1C 42
1787903797.649557,34680,1082,12,1E 06 7A 43 8A 55 10 42 00 00 20 42
1787903797.662215,34680,1083,12,AF 5A 7A 43 24 A5 F8 41 00 00 24 42
1787903797.676526,34680,1084,12,C4 CC 7B 43 1B A8 D6 41 00 00 28 42
1787903797.691381,34680,1085,12,BB 53 7E 43 E8 0E BC 41 00 00 2C 42
1787903797.718407,34680,1086,12,C9 F0 80 43 17 EA A9 41 00 00 30 42
1787903797.729041,34680,1087,12,90 30 83 43 09 F0 A0 41 00 00 34 42
1787903797.743978,34680,1088,12,BC DC 85 43 20 7E A1 41 00 00 38 42
1787903797.755113,34680,1089,12,B6 E5 88 43 B3 8E AB 41 00 00 3C 42
1787903797.766199,34680,108a,12,AF 39 8C 43 05 BB BE 41 00 00 40 42
1787903797.777562,34680,108b,12,34 C6 8F 43 F0 3C DA 41 00 00 44 42
1787903797.788467,34680,108c,12,24 76 93 43 F6 FF FC 41 00 00 48 42
1787903797.803328,34680,108d,12,0E 35 97 43 B9 CF 12 42 00 00 4C 42
1787903797.819138,34680,108e,12,06 ED 9A 43 5E 3E 29 42 00 00 50 42
1787903797.833376,34680,108f,12,4D 88 9E 43 F2 E6 40 42 00 00 54 42
1787903797.853690,34680,1090,12,E3 F2 A1 43 1D D6 58 42 00 00 58 42
1787903797.865126,34680,1091,12,72 18 A5 43 4E 1B 70 42 00 00 5C 42
1787903797.881645,34680,1092,12,88 E7 A7 43 90 E3 82 42 00 00 60 42
1787903797.893995,34680,1093,12,A5 4F AA 43 2E 7E 8C 42 00 00 64 42
1787903797.904695,34680,1094,12,C6 42 AC 43 7C 7B 94 42 00 00 68 42
1787903797.916780,34680,1095,12,1B B6 AD 43 88 89 9A 42 00 00 6C 42
1787903797.927748,34680,1096,12,01 A1 AE 43 75 6B 9E 42 00 00 70 42
1787903797.938593,34680,1097,12,62 FE AE 43 16 F9 9F 42 00 00 74 42
1787903797.950824,34680,1098,12,05 CC AE 43 90 22 9F 42 00 00 78 42
1787903797.962719,34680,1099,12,28 0B AE 43 70 F0 9B 42 00 00 7C 42
1787903797.974931,34680,109a,12,F8 BF AC 43 D6 83 96 42 00 00 80 42
1787903797.986205,34680,109b,12,28 F2 AA 43 49 13 8F 42 00 00 82 42
1787903797.997894,34680,109c,12,B8 AB A8 43 0E EB 85 42 00 00 84 42
1787903798.011624,34680,109d,12,E8 F9 A5 43 3C D1 76 42 00 00 86 42
1787903798.023614,34680,109e,12,8C EC A2 43 7D EE 5F 42 00 00 88 42
1787903798.035721,34680,109f,12,90 94 9F 43 58 19 48 42 00 00 8A 42
1787903798.046555,34680,10a0,12,DB 05 9C 43 5A 41 30 42 00 00 8C 42
1787903798.058157,34680,10a1,12,27 54 98 43 BA 5B 19 42 00 00 8E 42
1787903798.068848,34680,10a2,12,0F 95 94 43 2E 52 04 42 00 00 90 42
1787903798.079349,34680,10a3,12,7F DE 90 43 E1 F6 E3 41 00 00 92 42
1787903798.089829,34680,10a4,12,0E 45 8D 43 6E 27 C6 41 00 00 94 42
1787903798.113887,34680,10a5,12,2A DE 89 43 A2 61 B0 41 00 00 96 42
1787903798.124495,34680,10a6,12,AE BC 86 43 59 86 A3 41 00 00 98 42
1787903798.135234,34680,10a7,12,F9 F2 83 43 CE 18 A0 41 00 00 9A 42
1787903798.145969,34680,10a8,12,4D 91 81 43 FC 3B A6 41 00 00 9C 42
1787903798.156797,34680,10a9,12,BE 49 7F 43 B1 AF B5 41 00 00 9E 42
1787903798.167496,34680,10aa,12,43 72 7C 43 9C D8 CD 41 00 00 A0 42
1787903798.178175,34680,10ab,12,EB AB 7A 43 48 BF ED 41 00 00 A2 42
1787903798.190680,34680,10ac,12,44 01 7A 43 0D 0F 0A 42 00 00 A4 42
1787903798.203704,34680,10ad,12,08 76 7A 43 B4 B6 1F 42 00 00 A6 42
1787903798.215228,34680,10ae,12,B0 07 7C 43 B4 F7 36 42 00 00 A8 42
1787903798.226795,34680,10af,12,E5 AC 7E 43 54 E8 4E 42 00 00 AA 42
1787903798.237620,34680,10b0,12,7E 2B 81 43 71 92 66 42 00 00 AC 42
1787903798.248297,34680,10b1,12,56 78 83 43 81 04 7D 42 00 00 AE 42
1787903798.259231,34680,10b2,12,71 2F 86 43 B4 AC 88 42 00 00 B0 42
1787903798.269808,34680,10b3,12,C3 41 89 43 33 60 91 42 00 00 B2 42
1787903798.280460,34680,10b4,12,02 9D 8C 43 48 45 98 42 00 00 B4 42
1787903798.291056,34680,10b5,12,92 2E 90 43 D3 14 9D 42 00 00 B6 42
1787903798.301533,34680,10b6,12,98 E1 93 43 BB 9D 9F 42 00 00 B8 42
1787903798.312341,34680,10b7,12,6A A0 97 43 20 C6 9F 42 00 00 BA 42
1787903798.323332,34680,10b8,12,45 56 9B 43 AA 8C 9D 42 00 00 BC 42
1787903798.334233,34680,10b9,12,11 ED 9E 43 B6 07 99 42 00 00 BE 42
1787903798.346673,34680,10ba,12,E9 50 A2 43 77 65 92 42 00 00 C0 42
1787903798.357401,34680,10bb,12,EC 6D A5 43 A5 E9 89 42 00 00 C2 42
1787903798.374399,34680,10bc,12,EE 31 A8 43 B0 D5 7F 42 00 00 C4 42
1787903798.386532,34680,10bd,12,9B 8D AA 43 FA 9F 69 42 00 00 C6 42
1787903798.398353,34680,10be,12,E8 72 AC 43 63 11 52 42 00 00 C8 42
1787903798.412450,34680,10bf,12,53 D7 AD 43 09 1C 3A 42 00 00 CA 42
1787903798.425141,34680,10c0,12,A2 B2 AE 43 77 B4 22 42 00 00 CC 42
1787903798.437636,34680,10c1,12,E6 FF AE 43 92 C9 0C 42 00 00 CE 42
1787903798.448530,34680,10c2,12,73 BD AE 43 F9 78 F2 41 00 00 D0 42
1787903798.461670,34680,10c3,12,D4 EC AD 43 71 A3 D1 41 00 00 D2 42
1787903798.473173,34680,10c4,12,90 92 AC 43 F6 64 B8 41 00 00 D4 42
1787903798.483874,34680,10c5,12,7A B6 AA 43 34 BF A7 41 00 00 D6 42
1787903798.494633,34680,10c6,12,89 63 A8 43 16 5C A0 41 00 00 D8 42
1787903798.506683,34680,10c7,12,9F A6 A5 43 7A 86 A2 41 00 00 DA 42
1787903798.522753,34680,10c8,12,09 90 A2 43 99 28 AE 41 00 00 DC 42
1787903798.538921,34680,10c9,12,E5 30 9F 43 EB CB C2 41 00 00 DE 42
1787903798.550169,34680,10ca,12,E5 9C 9B 43 C8 9D DF 41 00 00 E0 42
1787903798.562038,34680,10cb,12,02 E9 97 43 02 BC 01 42 00 00 E2 42
1787903798.575334,34680,10cc,12,C0 29 94 43 A2 74 16 42 00 00 E4 42
1787903798.586264,34680,10cd,12,71 75 90 43 7C 28 2D 42 00 00 E6 42
1787903798.596930,34680,10ce,12,9C E0 8C 43 50 EE 44 42 00 00 E8 42
1787903798.609572,34680,10cf,12,3E 80 89 43 78 D3 5C 42 00 00 EA 42
1787903798.620389,34680,10d0,12,11 68 86 43 0D E4 73 42 00 00 EC 42
1787903798.633084,34680,10d1,12,3A A9 83 43 88 99 84 42 00 00 EE 42
1787903798.643855,34680,10d2,12,14 54 81 43 28 F5 8D 42 00 00 A0 41
1787903798.654303,34680,10d3,12,19 EB 7E 43 83 A4 95 42 00 00 A8 41
1787903798.665100,34680,10d4,12,4E 31 7C 43 29 59 9B 42 00 00 B0 41
1787903798.675761,34680,10d5,12,92 8A 7A 43 DC D8 9E 42 00 00 B8 41
1787903798.686402,34680,10d6,12,0C 00 7A 43 E6 FF 9F 42 00 00 C0 41
1787903798.697001,34680,10d7,12,F6 94 7A 43 B3 C2 9E 42 00 00 C8 41
1787903798.707683,34680,10d8,12,15 46 7C 43 B8 2D 9B 42 00 00 D0 41
1787903798.718299,34680,10d9,12,AE 09 7F 43 86 65 95 42 00 00 D8 41
1787903798.728891,34680,10da,12,B5 67 81 43 22 A5 8D 42 00 00 E0 41
1787903798.739991,34680,10db,12,30 C1 83 43 74 3C 84 42 00 00 E8 41
1787903798.750612,34680,10dc,12,4C 83 86 43 1D 14 73 42 00 00 F0 41
1787903798.761122,34680,10dd,12,BC 9E 89 43 9D F7 5B 42 00 00 F8 41
1787903798.771692,34680,10de,12,60 01 8D 43 4E 0F 44 42 00 00 00 42
1787903798.782298,34680,10df,12,5C 97 90 43 37 4F 2C 42 00 00 04 42
1787903798.792872,34680,10e0,12,D1 4C 94 43 79 AB 15 42 00 00 08 42
1787903798.803408,34680,10e1,12,A9 0B 98 43 A1 07 01 42 00 00 0C 42
1787903798.813924,34680,10e2,12,21 BF 9B 43 62 70 DE 41 00 00 10 42
1787903798.824390,34680,10e3,12,8C 51 9F 43 E6 E5 C1 41 00 00 14 42
1787903798.834927,34680,10e4,12,0A AE A2 43 22 93 AD 41 00 00 18 42
1787903798.845710,34680,10e5,12,F9 C1 A5 43 09 48 A2 41 00 00 1C 42
1787903798.856193,34680,10e6,12,04 7B A8 43 21 76 A0 41 00 00 20 42
1787903798.866761,34680,10e7,12,15 CA AA 43 39 31 A8 41 00 00 24 42
1787903798.877317,34680,10e8,12,96 A1 AC 43 6B 2A B9 41 00 00 28 42
1787903798.887812,34680,10e9,12,D3 F6 AD 43 77 B4 D2 41 00 00 2C 42
1787903798.898638,34680,10ea,12,68 C2 AE 43 D2 C7 F3 41 00 00 30 42
1787903798.909206,34680,10eb,12,9B FF AE 43 05 8C 0D 42 00 00 34 42
1787903798.919986,34680,10ec,12,16 AD AE 43 C5 88 23 42 00 00 38 42
1787903798.930383,34680,10ed,12,A8 CC AD 43 BB F9 3A 42 00 00 3C 42
1787903798.942483,34680,10ee,12,86 63 AC 43 A2 EF 52 42 00 00 40 42
1787903798.953191,34680,10ef,12,84 79 AA 43 1E 74 6A 42 00 00 44 42
1787903798.966030,34680,10f0,12,06 1A A8 43 65 4D 80 42 00 00 48 42
1787903798.976649,34680,10f1,12,34 52 A5 43 D9 3F 8A 42 00 00 4C 42
1787903798.987441,34680,10f2,12,45 32 A2 43 E2 AB 92 42 00 00 50 42
1787903798.998778,34680,10f3,12,90 CC 9E 43 88 3B 99 42 00 00 54 42
1787903799.011101,34680,10f4,12,E8 33 9B 43 93 AB 9D 42 00 00 58 42
1787903799.021597,34680,10f5,12,B9 7D 97 43 66 CF 9F 42 00 00 5C 42
1787903799.032771,34680,10f6,12,94 BE 93 43 BB 90 9F 42 00 00 60 42
1787903799.043814,34680,10f7,12,68 0C 90 43 12 F2 9C 42 00 00 64 42
1787903799.055498,34680,10f8,12,D3 7C 8C 43 28 0E 98 42 00 00 68 42
1787903799.067169,34680,10f9,12,92 23 89 43 87 17 91 42 00 00 6C 42
1787903799.078892,34680,10fa,12,94 14 86 43 2C 54 88 42 00 00 70 42
1787903799.089832,34680,10fb,12,CF 60 83 43 00 3C 7C 42 00 00 74 42
1787903799.101064,34680,10fc,12,23 18 81 43 7F BA 65 42 00 00 78 42
1787903799.111743,34680,10fd,12,B6 8F 7E 43 8D 09 4E 42 00 00 7C 42
1787903799.122409,34680,10fe,12,0B F4 7B 43 D5 1C 36 42 00 00 80 42
1787903799.133275,34680,10ff,12,CC 6C 7A 43 D2 E4 1E 42 00 00 82 42
1787903799.143821,34680,1100,12,72 02 7A 43 63 50 09 42 00 00 84 42
1787903799.154426,34680,1101,12,98 B7 7A 43 99 77 EC 41 00 00 86 42
1787903799.165048,34680,1102,12,EC 87 7C 43 9F D3 CC 41 00 00 88 42
1787903799.175596,34680,1103,12,62 69 7F 43 59 F9 B4 41 00 00 8A 42
1787903809.182948,34680,1105,12,69 A5 81 43 85 D8 A5 41 00 00 8C 42
1787903809.191301,34680,1106,12,5D 0B 84 43 BE 0D A0 41 00 00 8E 42
1787903809.201698,34680,1107,12,94 D8 86 43 23 D4 A3 41 00 00 90 42
1787903809.212140,34680,1108,12,9B FC 89 43 2B 05 B1 41 00 00 92 42
1787903809.238573,34680,1109,12,07 66 8D 43 22 18 C7 41 00 00 94 42
1787903809.263749,34680,110a,12,8A 00 91 43 2A 2F E5 41 00 00 96 42
1787903809.276989,34680,110b,12,29 B8 94 43 DE 0A 05 42 00 00 98 42
1787903809.288455,34680,110c,12,25 77 98 43 99 29 1A 42 00 00 9A 42
1787903809.301257,34680,110d,12,93 27 9C 43 34 1C 31 42 00 00 9C 42
1787903809.311977,34680,110e,12,FE B4 9F 43 92 F6 48 42 00 00 9E 42
1787903809.323936,34680,110f,12,41 0A A3 43 F2 C8 60 42 00 00 A0 42
1787903809.335015,34680,1110,12,E2 14 A6 43 57 9E 77 42 00 00 A2 42
1787903809.346386,34680,1111,12,06 C3 A8 43 D8 46 86 42 00 00 A4 42
1787903809.356887,34680,1112,12,0E 05 AB 43 A6 60 8F 42 00 00 A6 42
1787903809.367827,34680,1113,12,74 CE AC 43 30 BF 96 42 00 00 A8 42
1787903809.379224,34680,1114,12,97 14 AE 43 66 18 9C 42 00 00 AA 42
1787903809.390212,34680,1115,12,65 D0 AE 43 09 35 9F 42 00 00 AC 42
1787903809.401214,34680,1116,12,7F FD AE 43 56 F5 9F 42 00 00 AE 42
1787903809.411878,34680,1117,12,F1 9A AE 43 A2 51 9E 42 00 00 B0 42
1787903809.429863,34680,1118,12,DF AA AD 43 0E 5B 9A 42 00 00 B2 42
1787903809.440330,34680,1119,12,DE 32 AC 43 71 39 94 42 00 00 B4 42
1787903809.451628,34680,111a,12,12 3B AA 43 98 2B 8C 42 00 00 B6 42
1787903809.462923,34680,111b,12,ED CE A7 43 B8 83 82 42 00 00 B8 42
1787903809.473654,34680,111c,12,AE FC A4 43 C4 48 6F 42 00 00 BA 42
1787903809.484515,34680,111d,12,F7 D3 A1 43 F7 FA 57 42 00 00 BC 42
1787903809.495310,34680,111e,12,98 67 9E 43 48 08 40 42 00 00 BE 42
1787903809.508209,34680,111f,12,8B CA 9A 43 EC 66 28 42 00 00 C0 42
1787903809.518576,34680,1120,12,F0 11 97 43 18 08 12 42 00 00 C2 42
1787903809.529175,34680,1121,12,91 53 93 43 3F A0 FB 41 00 00 C4 42
1787903809.543068,34680,1122,12,2E A4 8F 43 38 1D D9 41 00 00 C6 42
1787903809.577323,34680,1123,12,BA 19 8C 43 FB E1 BD 41 00 00 C8 42
1787903809.588328,34680,1124,12,D3 C7 88 43 72 07 AB 41 00 00 CA 42
1787903809.598863,34680,1125,12,F2 C1 85 43 0D 4E A1 41 00 00 CC 42
1787903809.611822,34680,1126,12,BD 19 83 43 0D 19 A1 41 00 00 CE 42
1787903809.623191,34680,1127,12,EC DD 80 43 79 69 AA 41 00 00 D0 42
1787903809.633785,34680,1128,12,9C 37 7E 43 B2 E1 BC 41 00 00 D2 42
1787903809.646000,34680,1129,12,42 BA 7B 43 D5 C4 D7 41 00 00 D4 42
1787903809.658022,34680,112a,12,85 52 7A 43 71 00 FA 41 00 00 D6 42
1787903809.669442,34680,112b,12,75 08 7A 43 8E 1B 11 42 00 00 D8 42
1787903809.681117,34680,112c,12,AB DD 7A 43 62 65 27 42 00 00 DA 42
1787903809.691877,34680,112d,12,32 CD 7C 43 AB FD 3E 42 00 00 DC 42
1787903809.703907,34680,112e,12,4F CC 7F 43 E9 F1 56 42 00 00 DE 42
1787903809.715706,34680,112f,12,D1 E4 81 43 9B 4D 6E 42 00 00 E0 42
1787903809.727096,34680,1130,12,D5 56 84 43 2B 11 82 42 00 00 E2 42
1787903809.737779,34680,1131,12,A6 2E 87 43 EF C7 8B 42 00 00 E4 42
1787903809.748180,34680,1132,12,57 5B 8A 43 76 E9 93 42 00 00 E6 42
1787903809.769159,34680,1133,12,4E CB 8D 43 F0 21 9A 42 00 00 E8 42
1787903809.779561,34680,1134,12,77 6A 91 43 E1 31 9E 42 00 00 EA 42
1787903809.789881,34680,1135,12,98 23 95 43 D2 EF 9F 42 00 00 EC 42
1787903809.800246,34680,1136,12,10 E2 98 43 1E 4A 9F 42 00 00 EE 42
1787903809.811188,34680,1137,12,92 8F 9C 43 47 47 9C 42 00 00 A0 41
1787903809.821643,34680,1138,12,BD 17 A0 43 00 06 97 42 00 00 A8 41
1787903809.832003,34680,1139,12,DC 65 A3 43 EA BB 8F 42 00 00 B0 41
1787903809.843834,34680,113a,12,A2 66 A6 43 6E B3 86 42 00 00 B8 41
1787903809.854393,34680,113b,12,6A 09 A9 43 37 93 78 42 00 00 C0 41
1787903809.865339,34680,113c,12,82 3E AB 43 3A CE 61 42 00 00 C8 41
1787903809.875778,34680,113d,12,AD F9 AC 43 D5 01 4A 42 00 00 D0 41
1787903809.888770,34680,113e,12,B7 30 AE 43 F4 20 32 42 00 00 D8 41
1787903809.900218,34680,113f,12,97 DC AE 43 52 1F 1B 42 00 00 E0 41
1787903809.910944,34680,1140,12,95 F9 AE 43 52 E9 05 42 00 00 E8 41
1787903809.921382,34680,1141,12,05 87 AE 43 53 A8 E6 41 00 00 F0 41
1787903809.931790,34680,1142,12,61 87 AD 43 82 3E C8 41 00 00 F8 41
1787903809.942265,34680,1143,12,6C 00 AC 43 A1 CB B1 41 00 00 00 42
1787903809.953288,34680,1144,12,2B FB A9 43 D4 34 A4 41 00 00 04 42
1787903809.965655,34680,1145,12,D0 82 A7 43 C4 04 A0 41 00 00 08 42
1787903809.976493,34680,1146,12,12 A6 A4 43 87 65 A5 41 00 00 0C 42
1787903809.986925,34680,1147,12,CD 74 A1 43 EC 20 B4 41 00 00 10 42
1787903809.998178,34680,1148,12,A6 01 9E 43 94 A0 CB 41 00 00 14 42
1787903810.008679,34680,1149,12,D5 60 9A 43 A4 F4 EA 41 00 00 18 42
1787903810.019248,34680,114a,12,77 A6 96 43 14 6D 08 42 00 00 1C 42
1787903810.029692,34680,114b,12,C0 E8 92 43 1C EA 1D 42 00 00 20 42
1787903810.040155,34680,114c,12,6B 3C 8F 43 B6 14 35 42 00 00 24 42
1787903810.050548,34680,114d,12,FC B6 8B 43 6C 00 4D 42 00 00 28 42
1787903810.060936,34680,114e,12,08 6D 88 43 14 B9 64 42 00 00 2C 42
1787903810.071661,34680,114f,12,CA 70 85 43 DD 4A 7B 42 00 00 30 42
1787903810.082204,34680,1150,12,08 D4 82 43 76 E9 87 42 00 00 34 42
1787903810.092752,34680,1151,12,3D A5 80 43 EE BE 90 42 00 00 38 42
1787903810.103278,34680,1152,12,84 E2 7D 43 AC CB 97 42 00 00 3C 42
1787903810.113782,34680,1153,12,F5 83 7B 43 BA C7 9C 42 00 00 40 42
1787903810.124483,34680,1154,12,EF 3B 7A 43 19 80 9F 42 00 00 44 42
1787903810.134880,34680,1155,12,14 12 7A 43 71 D9 9F 42 00 00 48 42
1787903810.145407,34680,1156,12,4B 07 7B 43 E5 CF 9D 42 00 00 4C 42
1787903810.156167,34680,1157,12,26 16 7D 43 40 78 99 42 00 00 50 42
1787903810.167043,34680,1158,12,37 19 80 43 D5 FE 92 42 00 00 54 42
1787903810.177713,34680,1159,12,72 25 82 43 71 A6 8A 42 00 00 58 42
1787903810.188100,34680,115a,12,94 A3 84 43 F6 C2 80 42 00 00 5C 42
1787903810.200669,34680,115b,12,CB 85 87 43 D0 73 6B 42 00 00 60 42
1787903810.211196,34680,115c,12,44 BB 8A 43 D5 F7 53 42 00 00 64 42
1787903810.222426,34680,115d,12,2D 31 8E 43 B2 01 3C 42 00 00 68 42
1787903810.232825,34680,115e,12,56 D4 91 43 C4 87 24 42 00 00 6C 42
1787903810.243185,34680,115f,12,18 8F 95 43 04 76 0E 42 00 00 70 42
1787903810.253837,34680,1160,12,C5 4C 99 43 26 5F F5 41 00 00 74 42
1787903810.264302,34680,1161,12,79 F7 9C 43 96 FC D3 41 00 00 78 42
1787903810.274819,34680,1162,12,C0 79 A0 43 1A 19 BA 41 00 00 7C 42
1787903810.285406,34680,1163,12,29 C0 A3 43 F3 BD A8 41 00 00 80 42
1787903810.296058,34680,1164,12,32 B7 A6 43 95 99 A0 41 00 00 82 42
1787903810.306506,34680,1165,12,6D 4E A9 43 CF 00 A2 41 00 00 84 42
1787903810.316992,34680,1166,12,A0 76 AB 43 4E E5 AC 41 00 00 86 42
1787903810.327443,34680,1167,12,3D 23 AD 43 E4 D7 C0 41 00 00 88 42
1787903810.337846,34680,1168,12,FC 4A AE 43 75 0A DD 41 00 00 8A 42
1787903810.348394,34680,1169,12,FD E6 AE 43 CA 30 00 42 00 00 8C 42
1787903810.358855,34680,116a,12,DE F3 AE 43 52 B9 14 42 00 00 8E 42
1787903810.370548,34680,116b,12,3E 71 AE 43 3D 4D 2B 42 00 00 90 42
1787903810.380960,34680,116c,12,2F 62 AD 43 14 06 43 42 00 00 92 42
1787903810.391428,34680,116d,12,91 CC AB 43 DD EF 5A 42 00 00 94 42
1787903810.401753,34680,116e,12,D2 B9 A9 43 3A 1A 72 42 00 00 96 42
1787903810.412172,34680,116f,12,6F 35 A7 43 6C CB 83 42 00 00 98 42
1787903810.428646,34680,1170,12,15 4E A4 43 34 45 8D 42 00 00 9A 42
1787903810.439372,34680,1171,12,D0 14 A1 43 BA 19 95 42 00 00 9C 42
1787903810.451252,34680,1172,12,7D 9B 9D 43 B2 F8 9A 42 00 00 9E 42
1787903810.462119,34680,1173,12,CE F6 99 43 1B A7 9E 42 00 00 A0 42
1787903810.472716,34680,1174,12,F3 3A 96 43 D6 FE 9F 42 00 00 A2 42
1787903810.483257,34680,1175,12,C5 7D 92 43 30 F2 9E 42 00 00 A4 42
1787903810.494112,34680,1176,12,24 D5 8E 43 DD 8B 9B 42 00 00 A6 42
1787903810.504611,34680,1177,12,59 55 8B 43 17 EF 95 42 00 00 A8 42
1787903810.515105,34680,1178,12,39 13 88 43 47 54 8E 42 00 00 AA 42
1787903810.525546,34680,1179,12,D4 20 85 43 68 09 85 42 00 00 AC 42
1787903810.535997,34680,117a,12,77 8F 82 43 A6 DA 74 42 00 00 AE 42
1787903810.546524,34680,117b,12,19 6E 80 43 A6 D8 5D 42 00 00 B0 42
1787903810.557026,34680,117c,12,12 91 7D 43 8A F9 45 42 00 00 B2 42
1787903810.567574,34680,117d,12,2A 51 7B 43 41 2D 2E 42 00 00 B4 42
1787903810.578170,34680,117e,12,F2 28 7A 43 8D 68 17 42 00 00 B6 42
1787903810.588742,34680,117f,12,5D 1F 7A 43 D4 93 02 42 00 00 B8 42
1787903810.599155,34680,1180,12,76 34 7B 43 6F 07 E1 41 00 00 BA 42
1787903810.609565,34680,1181,12,3C 62 7D 43 22 E3 C3 41 00 00 BC 42
1787903810.619956,34680,1182,12,DB 4D 80 43 AE DF AE 41 00 00 BE 42
1787903810.630407,34680,1183,12,83 67 82 43 1F D6 A2 41 00 00 C0 42
1787903810.641521,34680,1184,12,DD F1 84 43 53 41 A0 41 00 00 C2 42
1787903810.652325,34680,1185,12,FB DD 87 43 A6 3B A7 41 00 00 C4 42
1787903810.664047,34680,1186,12,A9 1B 8B 43 3C 7C B7 41 00 00 C6 42
1787903810.674728,34680,1187,12,9C 97 8E 43 BD 5F D0 41 00 00 C8 42
1787903810.685360,34680,1188,12,83 3E 92 43 33 E7 F0 41 00 00 CA 42
1787903810.696769,34680,1189,12,04 FB 95 43 4B E3 0B 42 00 00 CC 42
1787903810.707286,34680,118a,12,3E B7 99 43 8F B8 21 42 00 00 CE 42
1787903810.717834,34680,118b,12,7E 5E 9D 43 AF 12 39 42 00 00 D0 42
1787903810.728884,34680,118c,12,02 DB A0 43 F3 06 51 42 00 00 D2 42
1787903810.739391,34680,118d,12,77 19 A4 43 13 9F 68 42 00 00 D4 42
1787903810.750396,34680,118e,12,D7 06 A7 43 3A EA 7E 42 00 00 D6 42
1787903810.761400,34680,118f,12,0C 92 A9 43 6E 82 89 42 00 00 D8 42
1787903810.772391,34680,1190,12,FD AC AB 43 47 10 92 42 00 00 DA 42
1787903810.782951,34680,1191,12,21 4B AD 43 AE C8 98 42 00 00 DC 42
1787903810.793376,34680,1192,12,80 63 AE 43 4E 66 9D 42 00 00 DE 42
1787903810.803807,34680,1193,12,9D EF AE 43 0C BA 9F 42 00 00 E0 42
1787903810.815427,34680,1194,12,59 EC AE 43 26 AC 9F 42 00 00 E2 42
1787903810.826185,34680,1195,12,C6 59 AE 43 72 3D 9D 42 00 00 E4 42
1787903810.837593,34680,1196,12,4D 3B AD 43 63 86 98 42 00 00 E6 42
1787903810.848099,34680,1197,12,22 97 AB 43 32 B7 91 42 00 00 E8 42
1787903810.858685,34680,1198,12,CC 76 A9 43 62 15 89 42 00 00 EA 42
1787903810.869497,34680,1199,12,D0 E6 A6 43 19 F2 7D 42 00 00 EC 42
1787903810.879905,34680,119a,12,61 F5 A3 43 9C 94 67 42 00 00 EE 42
1787903810.890287,34680,119b,12,05 B4 A0 43 19 F3 4F 42 00 00 A0 41
1787903810.900594,34680,119c,12,C9 34 9D 43 72 00 38 42 00 00 A8 41
1787903810.911065,34680,119d,12,1B 8C 99 43 17 B1 20 42 00 00 B0 41
1787903810.921456,34680,119e,12,6A CF 95 43 F5 F2 0A 42 00 00 B8 41
1787903810.931794,34680,119f,12,6E 13 92 43 C0 4A EF 41 00 00 C0 41
1787903810.942270,34680,11a0,12,62 6E 8E 43 BB 14 CF 41 00 00 C8 41
1787903810.952721,34680,11a1,12,7B F4 8A 43 DD 8F B6 41 00 00 D0 41
1787903810.964100,34680,11a2,12,1A BA 87 43 6B B6 A6 41 00 00 D8 41
1787903810.974575,34680,11a3,12,16 D2 84 43 2D 2A A0 41 00 00 E0 41
1787903810.985065,34680,11a4,12,8E 4C 82 43 5C 2D A3 41 00 00 E8 41
1787903810.995525,34680,11a5,12,84 38 80 43 B1 A1 AF 41 00 00 F0 41
1787903811.006127,34680,11a6,12,FA 42 7D 43 30 08 C5 41 00 00 F8 41
1787903811.016546,34680,11a7,12,B8 21 7B 43 68 86 E2 41 00 00 00 42
1787903811.027106,34680,11a8,12,8F 19 7A 43 A8 77 03 42 00 00 04 42
1787903811.037572,34680,11a9,12,36 30 7A 43 E9 65 18 42 00 00 08 42
1787903811.047991,34680,11aa,12,27 65 7B 43 96 3B 2F 42 00 00 0C 42
1787903811.058345,34680,11ab,12,B0 B1 7D 43 10 0E 47 42 00 00 10 42
1787903811.069000,34680,11ac,12,44 84 80 43 2F EA 5E 42 00 00 14 42
1787903811.079348,34680,11ad,12,FF AA 82 43 6A DC 75 42 00 00 18 42
1787903811.089785,34680,11ae,12,1A 41 85 43 7D 7C 85 42 00 00 1C 42
1787903811.103595,34680,11af,12,31 37 88 43 D6 B5 8E 42 00 00 20 42
1787903811.114010,34680,11b0,12,D8 7C 8B 43 3C 3B 96 42 00 00 24 42
1787903811.125372,34680,11b1,12,F4 FE 8E 43 E9 BF 9B 42 00 00 28 42
1787903811.135863,34680,11b2,12,F5 A8 92 43 8B 0B 9F 42 00 00 2C 42
1787903811.146428,34680,11b3,12,8C 66 96 43 84 FC 9F 42 00 00 30 42
1787903811.157231,34680,11b4,12,72 21 9A 43 5C 89 9E 42 00 00 34 42
1787903811.168303,34680,11b5,12,FA C4 9D 43 B8 C0 9A 42 00 00 38 42
1787903811.178725,34680,11b6,12,D4 3B A1 43 34 C9 94 42 00 00 3C 42
1787903811.190134,34680,11b7,12,C1 71 A4 43 B8 DF 8C 42 00 00 40 42
1787903811.200989,34680,11b8,12,F6 54 A7 43 D5 55 83 42 00 00 44 42
1787903811.211426,34680,11b9,12,40 D4 A9 43 D4 16 71 42 00 00 48 42
1787903811.221953,34680,11ba,12,C8 E1 AB 43 97 DE 59 42 00 00 4C 42
1787903811.232269,34680,11bb,12,78 71 AD 43 F4 EF 41 42 00 00 50 42
1787903811.242877,34680,11bc,12,41 7A AE 43 33 3F 2A 42 00 00 54 42
1787903811.253346,34680,11bd,12,67 F6 AE 43 D4 BF 13 42 00 00 58 42
1787903811.263738,34680,11be,12,07 E3 AE 43 F2 A7 FE 41 00 00 5C 42
1787903811.274171,34680,11bf,12,8C 40 AE 43 C7 9B DB 41 00 00 60 42
1787903811.284591,34680,11c0,12,97 12 AD 43 E6 C0 BF 41 00 00 64 42
1787903811.294978,34680,11c1,12,24 60 AB 43 9F 33 AC 41 00 00 68 42
1787903811.305731,34680,11c2,12,9D 32 A9 43 F7 BB A1 41 00 00 6C 42
1787903811.316763,34680,11c3,12,F8 96 A6 43 26 C3 A0 41 00 00 70 42
1787903811.329380,34680,11c4,12,AA 9B A3 43 43 54 A9 41 00 00 74 42
1787903811.340168,34680,11c5,12,1A 52 A0 43 DF 17 BB 41 00 00 78 42
1787903811.351174,34680,11c6,12,8E CD 9C 43 A6 58 D5 41 00 00 7C 42
1787903811.362715,34680,11c7,12,88 21 99 43 BF 07 F7 41 00 00 80 42
1787903811.375188,34680,11c8,12,E5 63 95 43 4A 69 0F 42 00 00 82 42
1787903811.386077,34680,11c9,12,5F A9 91 43 52 90 25 42 00 00 84 42
1787903811.396751,34680,11ca,12,CD 07 8E 43 D8 16 3D 42 00 00 86 42
1787903811.409092,34680,11cb,12,6A 94 8A 43 BC 0C 55 42 00 00 88 42
1787903811.419690,34680,11cc,12,55 62 87 43 A4 7B 6C 42 00 00 8A 42
1787903811.430172,34680,11cd,12,96 84 84 43 03 3C 81 42 00 00 8C 42
1787903811.440671,34680,11ce,12,11 0B 82 43 CD 0F 8B 42 00 00 8E 42
1787903811.451219,34680,11cf,12,52 04 80 43 E2 54 93 42 00 00 90 42
1787903811.461543,34680,11d0,12,43 F8 7C 43 D8 B6 99 42 00 00 92 42
1787903811.472259,34680,11d1,12,FD F5 7A 43 4B F4 9D 42 00 00 94 42
1787903811.482719,34680,11d2,12,C7 0D 7A 43 9C E2 9F 42 00 00 96 42
1787903811.500017,34680,11d3,12,A9 44 7A 43 AC 6D 9F 42 00 00 98 42
1787903811.510410,34680,11d4,12,8D 99 7B 43 24 9A 9C 42 00 00 9A 42
1787903811.520820,34680,11d5,12,7E 04 7E 43 DC 84 97 42 00 00 9C 42
1787903811.531236,34680,11d6,12,0A BC 80 43 58 62 90 42 00 00 9E 42
1787903811.541669,34680,11d7,12,E0 EF 82 43 51 7A 87 42 00 00 A0 42
1787903811.552159,34680,11d8,12,8D 91 85 43 53 50 7A 42 00 00 A2 42
1787903811.562677,34680,11d9,12,BA 91 88 43 74 AA 63 42 00 00 A4 42
1787903811.573026,34680,11da,12,C9 DE 8B 43 31 EA 4B 42 00 00 A6 42
1787903811.586889,34680,11db,12,6E 66 8F 43 D2 03 34 42 00 00 A8 42
1787903811.602373,34680,11dc,12,A5 13 93 43 91 E7 1C 42 00 00 AA 42
1787903811.613957,34680,11dd,12,0C D2 96 43 32 83 07 42 00 00 AC 42
1787903811.629563,34680,11de,12,BB 8B 9A 43 1D 62 E9 41 00 00 AE 42
1787903811.652419,34680,11df,12,E7 2A 9E 43 84 62 CA 41 00 00 B0 42
1787903811.665541,34680,11e0,12,7C 9B A1 43 7B 45 B3 41 00 00 B2 42
1787903811.677792,34680,11e1,12,00 C9 A4 43 55 F3 A4 41 00 00 B4 42
1787903811.690168,34680,11e2,12,D4 A1 A7 43 5E 00 A0 41 00 00 B6 42
1787903811.705000,34680,11e3,12,41 15 AA 43 1A 9F A4 41 00 00 B8 42
1787903811.715707,34680,11e4,12,FF 14 AC 43 63 A0 B2 41 00 00 BA 42
1787903811.726565,34680,11e5,12,FA 95 AD 43 27 73 C9 41 00 00 BC 42
1787903811.737188,34680,11e6,12,3D 8F AE 43 01 32 E8 41 00 00 BE 42
1787903811.747739,34680,11e7,12,63 FB AE 43 D4 D0 06 42 00 00 C0 42
1787903811.758495,34680,11e8,12,DD D7 AE 43 01 22 1C 42 00 00 C2 42
1787903811.768978,34680,11e9,12,90 25 AE 43 F0 32 33 42 00 00 C4 42
1787903811.779654,34680,11ea,12,5A E8 AC 43 51 16 4B 42 00 00 C6 42
1787903811.790346,34680,11eb,12,9B 27 AB 43 08 DC 62 42 00 00 C8 42
1787903811.800877,34680,11ec,12,0A ED A8 43 96 8F 79 42 00 00 CA 42
1787903811.812046,34680,11ed,12,A1 45 A6 43 A2 24 87 42 00 00 CC 42
1787903811.822673,34680,11ee,12,F8 40 A3 43 C2 1A 90 42 00 00 CE 42
1787903811.833145,34680,11ef,12,CA EF 9F 43 38 4E 97 42 00 00 D0 42
1787903811.843623,34680,11f0,12,D6 65 9C 43 A2 76 9C 42 00 00 D2 42
1787903811.854174,34680,11f1,12,BC B6 98 43 B7 5E 9F 42 00 00 D4 42
1787903811.864608,34680,11f2,12,07 F8 94 43 CD E8 9F 42 00 00 D6 42
1787903811.875315,34680,11f3,12,A1 3F 91 43 61 0F 9E 42 00 00 D8 42
1787903811.886287,34680,11f4,12,2B A2 8D 43 BE E5 99 42 00 00 DA 42
1787903811.897112,34680,11f5,12,2C 35 8A 43 BB 95 93 42 00 00 DC 42
1787903811.908780,34680,11f6,12,9F 0B 87 43 03 60 8B 42 00 00 DE 42
1787903811.919355,34680,11f7,12,14 38 84 43 62 98 81 42 00 00 E0 42
1787903811.930192,34680,11f8,12,06 CB 81 43 5A 45 6D 42 00 00 E2 42
1787903811.941907,34680,11f9,12,D0 A3 7F 43 5D DF 55 42 00 00 E4 42
1787903811.952610,34680,11fa,12,F3 B0 7C 43 FF E9 3D 42 00 00 E6 42
1787903811.963143,34680,11fb,12,CD CD 7A 43 94 5B 26 42 00 00 E8 42
1787903811.974607,34680,11fc,12,96 05 7A 43 8E 24 10 42 00 00 EA 42
1787903811.985269,34680,11fd,12,B4 5C 7A 43 57 4F F8 41 00 00 EC 42
1787903811.995663,34680,11fe,12,44 D1 7B 43 46 64 D6 41 00 00 EE 42
1787903812.008971,34680,11ff,12,9E 5A 7E 43 D6 DC BB 41 00 00 A0 41
1787903812.019805,34680,1200,12,58 F5 80 43 B7 CA A9 41 00 00 A8 41
1787903812.030236,34680,1201,12,64 36 83 43 5D E6 A0 41 00 00 B0 41
1787903812.040636,34680,1202,12,30 E3 85 43 8C 8A A1 41 00 00 B8 41
1787903812.051772,34680,1203,12,E8 EC 88 43 8F AF AB 41 00 00 C0 41
1787903812.062217,34680,1204,12,76 41 8C 43 6F EF BE 41 00 00 C8 41
1787903812.072743,34680,1205,12,63 CE 8F 43 43 85 DA 41 00 00 D0 41
1787903812.083325,34680,1206,12,EF 7E 93 43 7B 57 FD 41 00 00 D8 41
1787903812.094966,34680,1207,12,7E 3D 97 43 55 01 13 42 00 00 E0 41
1787903812.105386,34680,1208,12,4E F5 9A 43 09 72 29 42 00 00 E8 41
1787903812.115783,34680,1209,12,3D 90 9E 43 4C 1C 41 42 00 00 F0 41
1787903812.126433,34680,120a,12,4E FA A1 43 E1 0C 59 42 00 00 F8 41
1787903812.137022,34680,120b,12,7C 1F A5 43 6D 4F 70 42 00 00 00 42
1787903812.148185,34680,120c,12,6C ED A7 43 43 FB 82 42 00 00 04 42
1787903812.160306,34680,120d,12,91 54 AA 43 E2 91 8C 42 00 00 08 42
1787903812.171697,34680,120e,12,9D 46 AC 43 36 8B 94 42 00 00 0C 42
1787903812.182180,34680,120f,12,C7 B8 AD 43 0A 95 9A 42 00 00 10 42
1787903812.192657,34680,1210,12,84 A2 AE 43 BE 71 9E 42 00 00 14 42
1787903812.203156,34680,1211,12,91 FE AE 43 E4 F9 9F 42 00 00 18 42
1787903812.213654,34680,1212,12,F1 CA AE 43 04 1E 9F 42 00 00 1C 42
1787903812.224223,34680,1213,12,D6 08 AE 43 C0 E6 9B 42 00 00 20 42
1787903812.234787,34680,1214,12,76 BC AC 43 E4 74 96 42 00 00 24 42
1787903812.245524,34680,1215,12,53 ED AA 43 03 00 8F 42 00 00 28 42
1787903812.255897,34680,1216,12,19 A6 A8 43 3A D4 85 42 00 00 2C 42
1787903812.266392,34680,1217,12,68 F3 A5 43 02 A0 76 42 00 00 30 42
1787903812.276987,34680,1218,12,50 E5 A2 43 1C BA 5F 42 00 00 34 42
1787903812.288085,34680,1219,12,C2 8C 9F 43 07 E2 47 42 00 00 38 42
1787903812.299819,34680,121a,12,47 FD 9B 43 23 0B 30 42 00 00 3C 42
1787903812.310558,34680,121b,12,BE 4B 98 43 C6 28 19 42 00 00 40 42
1787903812.322527,34680,121c,12,A0 8C 94 43 12 26 04 42 00 00 44 42
1787903812.333369,34680,121d,12,3B D6 90 43 6B AC E3 41 00 00 48 42
1787903812.345026,34680,121e,12,24 3D 8D 43 A9 EB C5 41 00 00 4C 42
1787903812.355510,34680,121f,12,70 D6 89 43 8E 39 B0 41 00 00 50 42
1787903812.366002,34680,1220,12,FE B5 86 43 8E 73 A3 41 00 00 54 42
1787903812.376470,34680,1221,12,22 ED 83 43 EE 1B A0 41 00 00 58 42
1787903812.386858,34680,1222,12,70 8C 81 43 47 54 A6 41 00 00 5C 42
1787903812.398127,34680,1223,12,30 42 7F 43 BD DD B5 41 00 00 60 42
1787903812.408763,34680,1224,12,D0 6C 7C 43 BA 19 CE 41 00 00 64 42
1787903812.419871,34680,1225,12,2B A9 7A 43 E0 10 EE 41 00 00 68 42
1787903812.430517,34680,1226,12,0A 01 7A 43 D9 3C 0A 42 00 00 6C 42
1787903812.440997,34680,1227,12,55 78 7A 43 0F E9 1F 42 00 00 70 42
1787903812.451448,34680,1228,12,77 0C 7C 43 78 2E 37 42 00 00 74 42
1787903812.461819,34680,1229,12,5F B4 7E 43 8D 1F 4F 42 00 00 78 42
1787903812.472203,34680,122a,12,2C 30 81 43 EC C7 66 42 00 00 7C 42
1787903812.482787,34680,122b,12,03 7E 83 43 6E 34 7D 42 00 00 80 42
1787903812.493464,34680,122c,12,FD 35 86 43 D7 C1 88 42 00 00 82 42
1787903812.503908,34680,122d,12,08 49 89 43 47 72 91 42 00 00 84 42
1787903812.514362,34680,122e,12,34 A5 8C 43 D6 52 98 42 00 00 86 42
1787903812.524808,34680,122f,12,CA 36 90 43 52 1D 9D 42 00 00 88 42
1787903812.535487,34680,1230,12,04 EA 93 43 BA A0 9F 42 00 00 8A 42
1787903812.546093,34680,1231,12,D8 A8 97 43 CA C3 9F 42 00 00 8C 42
1787903812.556854,34680,1232,12,86 5E 9B 43 D2 84 9D 42 00 00 8E 42
1787903812.567325,34680,1233,12,52 F5 9E 43 BF FA 98 42 00 00 90 42
1787903812.577746,34680,1234,12,42 58 A2 43 E8 53 92 42 00 00 92 42
1787903812.588121,34680,1235,12,91 74 A5 43 EB D4 89 42 00 00 94 42
1787903812.598500,34680,1236,12,B8 37 A8 43 5C A6 7F 42 00 00 96 42
1787903812.608827,34680,1237,12,69 92 AA 43 DC 6A 69 42 00 00 98 42
1787903812.619356,34680,1238,12,CA 76 AC 43 43 DA 51 42 00 00 9A 42
1787903812.635006,34680,1239,12,DD D9 AD 43 18 E5 39 42 00 00 9C 42
1787903812.649325,34680,123a,12,F0 B3 AE 43 AF 81 22 42 00 00 9E 42
1787903812.659939,34680,123b,12,F0 FF AE 43 1C 9B 0C 42 00 00 A0 42
1787903812.670595,34680,123c,12,3A BC AE 43 91 25 F2 41 00 00 A2 42
1787903812.681149,34680,123d,12,43 EA AD 43 25 60 D1 41 00 00 A4 42
1787903812.691592,34680,123e,12,ED 8E AC 43 74 34 B8 41 00 00 A6 42
1787903812.701983,34680,123f,12,BE B1 AA 43 5C A4 A7 41 00 00 A8 42
1787903812.712342,34680,1240,12,CF 5D A8 43 55 56 A0 41 00 00 AA 42
1787903812.722681,34680,1241,12,07 A0 A5 43 95 96 A2 41 00 00 AC 42
1787903812.733198,34680,1242,12,63 88 A2 43 21 4E AE 41 00 00 AE 42
1787903812.743621,34680,1243,12,09 29 9F 43 61 05 C3 41 00 00 B0 42
1787903812.754080,34680,1244,12,A9 94 9B 43 55 E6 DF 41 00 00 B2 42
1787903812.771741,34680,1245,12,95 E0 97 43 5C E7 01 42 00 00 B4 42
1787903812.787722,34680,1246,12,54 21 94 43 09 A7 16 42 00 00 B6 42
1787903812.807678,34680,1247,12,D3 6C 90 43 69 5E 2D 42 00 00 B8 42
1787903812.820184,34680,1248,12,BF D8 8C 43 9D 25 45 42 00 00 BA 42
1787903812.830781,34680,1249,12,EE 78 89 43 18 08 5D 42 00 00 BC 42
1787903812.844542,34680,124a,12,77 61 86 43 C6 15 74 42 00 00 BE 42
1787903812.855612,34680,124b,12,7E A3 83 43 BC B0 84 42 00 00 C0 42
1787903812.869625,34680,124c,12,1D 4F 81 43 E9 08 8E 42 00 00 C2 42
1787903812.880445,34680,124d,12,CD E3 7E 43 07 B4 95 42 00 00 C4 42
1787903812.894254,34680,124e,12,5E 2C 7C 43 74 63 9B 42 00 00 C6 42
1787903812.906332,34680,124f,12,1A 88 7A 43 0D DE 9E 42 00 00 C8 42
1787903812.916758,34680,1250,12,1B 00 7A 43 C6 FF 9F 42 00 00 CA 42
1787903812.927366,34680,1251,12,A9 97 7A 43 15 BD 9E 42 00 00 CC 42
1787903812.937863,34680,1252,12,21 4B 7C 43 D6 22 9B 42 00 00 CE 42
1787903812.948495,34680,1253,12,14 11 7F 43 56 56 95 42 00 00 D0 42
1787903812.959100,34680,1254,12,80 6C 81 43 E1 91 8D 42 00 00 D2 42
1787903812.969857,34680,1255,12,F8 C6 83 43 1C 25 84 42 00 00 D4 42
1787903812.980474,34680,1256,12,3D 8A 86 43 76 E0 72 42 00 00 D6 42
1787903812.991162,34680,1257,12,14 A6 89 43 0F C1 5B 42 00 00 D8 42
1787903813.002210,34680,1258,12,42 09 8D 43 E5 D9 43 42 00 00 DA 42
1787903813.013016,34680,1259,12,9C 9F 90 43 3A 1B 2C 42 00 00 DC 42
1787903813.024138,34680,125a,12,3F 55 94 43 46 79 15 42 00 00 DE 42
1787903813.034709,34680,125b,12,78 14 98 43 0E DB 00 42 00 00 E0 42
1787903813.045153,34680,125c,12,59 C7 9B 43 06 26 DE 41 00 00 E2 42
1787903813.055586,34680,125d,12,63 59 9F 43 36 AF C1 41 00 00 E4 42
1787903813.066036,34680,125e,12,52 B5 A2 43 C8 6F AD 41 00 00 E6 42
1787903813.076719,34680,125f,12,87 C8 A5 43 EA 38 A2 41 00 00 E8 42
1787903813.087380,34680,1260,12,F7 80 A8 43 15 7D A0 41 00 00 EA 42
1787903813.099381,34680,1261,12,C5 CE AA 43 FC 4D A8 41 00 00 EC 42
1787903813.109797,34680,1262,12,2B A5 AC 43 27 5A B9 41 00 00 EE 42
1787903813.120303,34680,1263,12,3A F9 AD 43 3E F6 D2 41 00 00 A0 41
1787903813.130807,34680,1264,12,92 C3 AE 43 E1 1B F4 41 00 00 A8 41
1787903813.141282,34680,1265,12,80 FF AE 43 5B BC 0D 42 00 00 B0 41
1787903813.151829,34680,1266,12,BA AB AE 43 7D BD 23 42 00 00 B8 41
1787903813.162364,34680,1267,12,10 CA AD 43 DD 2E 3B 42 00 00 C0 41
1787903813.172769,34680,1268,12,C2 5F AC 43 DA 24 53 42 00 00 C8 41
1787903813.183179,34680,1269,12,AA 74 AA 43 17 A9 6A 42 00 00 D0 41
1787903813.193738,34680,126a,12,EC 13 A8 43 C6 65 80 42 00 00 D8 41
1787903813.205453,34680,126b,12,86 4B A5 43 24 55 8A 42 00 00 E0 41
1787903813.215886,34680,126c,12,E5 2A A2 43 A8 BC 92 42 00 00 E8 41
1787903813.226919,34680,126d,12,A7 C4 9E 43 D8 47 99 42 00 00 F0 41
1787903813.240493,34680,126e,12,A4 2B 9B 43 2F B3 9D 42 00 00 F8 41
1787903813.251928,34680,126f,12,E6 74 97 43 92 D1 9F 42 00 00 00 42
1787903813.262502,34680,1270,12,2A B6 93 43 62 8D 9F 42 00 00 04 42
1787903813.273120,34680,1271,12,34 04 90 43 A2 E9 9C 42 00 00 08 42
1787903813.283505,34680,1272,12,03 75 8C 43 DA 00 98 42 00 00 0C 42
1787903813.294064,34680,1273,12,54 1C 89 43 43 05 91 42 00 00 10 42
1787903813.304924,34680,1274,12,C5 0D 86 43 25 3E 88 42 00 00 14 42
1787903813.315631,34680,1275,12,2D 5B 83 43 2E 0A 7C 42 00 00 18 42
1787903813.326396,34680,1276,12,82 13 81 43 B5 86 65 42 00 00 1C 42
1787903813.337979,34680,1277,12,AC 88 7E 43 2C D4 4D 42 00 00 20 42
1787903813.348382,34680,1278,12,61 EF 7B 43 24 E6 35 42 00 00 24 42
1787903813.358838,34680,1279,12,83 6A 7A 43 DE B0 1E 42 00 00 28 42
1787903813.369488,34680,127a,12,CA 02 7A 43 3E 21 09 42 00 00 2C 42
1787903813.383106,34680,127b,12,74 BA 7A 43 6D 29 EC 41 00 00 30 42
1787903813.393763,34680,127c,12,3E 8D 7C 43 7F 95 CC 41 00 00 34 42
1787903813.404031,34680,127d,12,0A 71 7F 43 35 CC B4 41 00 00 38 42
1787903813.414575,34680,127e,12,8C AA 81 43 5A C0 A5 41 00 00 3C 42
1787903813.424833,34680,127f,12,3E 11 84 43 81 0B A0 41 00 00 40 42
1787903813.435444,34680,1280,12,4D DF 86 43 3E E7 A3 41 00 00 44 42
1787903813.446525,34680,1281,12,04 04 8A 43 CA 2C B1 41 00 00 48 42
1787903813.456943,34680,1282,12,F7 6D 8D 43 BD 54 C7 41 00 00 4C 42
1787903813.467429,34680,1283,12,33 09 91 43 F3 7C E5 41 00 00 50 42
1787903813.489050,34680,1284,12,99 C0 94 43 CD 38 05 42 00 00 54 42
1787903813.499760,34680,1285,12,8D 7F 98 43 02 5B 1A 42 00 00 58 42
1787903813.511438,34680,1286,12,C2 2F 9C 43 AC 50 31 42 00 00 5C 42
1787903813.522670,34680,1287,12,C7 BC 9F 43 E3 2D 49 42 00 00 60 42
1787903813.536976,34680,1288,12,CB 11 A3 43 10 FF 60 42 00 00 64 42
1787903813.547380,34680,1289,12,59 1B A6 43 19 D1 77 42 00 00 68 42
1787903813.557983,34680,128a,12,9B C8 A8 43 C2 5C 86 42 00 00 6C 42
1787903813.570564,34680,128b,12,9F 09 AB 43 17 73 8F 42 00 00 70 42
1787903813.580963,34680,128c,12,E9 D1 AC 43 ED CD 96 42 00 00 74 42
1787903813.591657,34680,128d,12,F6 16 AE 43 31 22 9C 42 00 00 78 42
1787903813.602129,34680,128e,12,6B D1 AE 43 7E 39 9F 42 00 00 7C 42
1787903813.612614,34680,128f,12,41 FD AE 43 51 F4 9F 42 00 00 80 42
1787903813.623126,34680,1290,12,71 99 AE 43 54 4B 9E 42 00 00 82 42
1787903813.634034,34680,1291,12,25 A8 AD 43 52 4F 9A 42 00 00 84 42
1787903813.644529,34680,1292,12,CC 2E AC 43 F7 28 94 42 00 00 86 42
1787903813.654853,34680,1293,12,1B 36 AA 43 08 17 8C 42 00 00 88 42
1787903813.665198,34680,1294,12,FE C8 A7 43 B3 6C 82 42 00 00 8A 42
1787903813.675845,34680,1295,12,EA F5 A4 43 40 16 6F 42 00 00 8C 42
1787903813.686300,34680,1296,12,84 CC A1 43 22 C4 57 42 00 00 8E 42
1787903813.696596,34680,1297,12,44 5F 9E 43 17 D1 3F 42 00 00 90 42
1787903813.706956,34680,1298,12,40 C2 9A 43 92 31 28 42 00 00 92 42
1787903813.718694,34680,1299,12,7F 09 97 43 61 D8 11 42 00 00 94 42
1787903813.729230,34680,129a,12,2B 4B 93 43 4B 4C FB 41 00 00 96 42
1787903813.739760,34680,129b,12,03 9C 8F 43 A6 D5 D8 41 00 00 98 42
1787903813.750334,34680,129c,12,9C 11 8C 43 9A AC BD 41 00 00 9A 42
1787903813.760985,34680,129d,12,A8 C0 88 43 62 E6 AA 41 00 00 9C 42
1787903813.771845,34680,129e,12,87 BB 85 43 03 43 A1 41 00 00 9E 42
1787903813.782522,34680,129f,12,36 14 83 43 5C 23 A1 41 00 00 A0 42
1787903813.793026,34680,12a0,12,6A D9 80 43 CE 89 AA 41 00 00 A2 42
1787903813.803674,34680,12a1,12,84 30 7E 43 67 16 BD 41 00 00 A4 42
1787903813.814099,34680,12a2,12,DD B5 7B 43 D1 0B D8 41 00 00 A6 42
1787903813.824663,34680,12a3,12,9E 50 7A 43 F1 53 FA 41 00 00 A8 42
1787903813.837106,34680,12a4,12,15 09 7A 43 1A 4B 11 42 00 00 AA 42
1787903813.849338,34680,12a5,12,CF E0 7A 43 A2 9A 27 42 00 00 AC 42
1787903813.859793,34680,12a6,12,0A D3 7C 43 D5 34 3F 42 00 00 AE 42
1787903813.870562,34680,12a7,12,37 D4 7F 43 CA 28 57 42 00 00 B0 42
1787903813.882010,34680,12a8,12,D7 E9 81 43 3D 80 6E 42 00 00 B2 42
1787903813.893742,34680,12a9,12,D1 5C 84 43 48 28 82 42 00 00 B4 42
1787903813.904556,34680,12aa,12,75 35 87 43 9F DC 8B 42 00 00 B6 42
1787903813.915463,34680,12ab,12,2A 63 8A 43 17 FA 93 42 00 00 B8 42
1787903813.925955,34680,12ac,12,4A D3 8D 43 D9 2D 9A 42 00 00 BA 42
1787903813.939478,34680,12ad,12,C5 72 91 43 5D 38 9E 42 00 00 BC 42
1787903813.950475,34680,12ae,12,0A 2C 95 43 06 F1 9F 42 00 00 BE 42
1787903813.961326,34680,12af,12,74 EA 98 43 D9 45 9F 42 00 00 C0 42
1787903813.991872,34680,12b0,12,19 98 9C 43 AA 3D 9C 42 00 00 C2 42
1787903814.023145,34680,12b1,12,77 1F A0 43 6D F7 96 42 00 00 C4 42
1787903814.035396,34680,12b2,12,FD 6C A3 43 9A A9 8F 42 00 00 C6 42
1787903814.047282,34680,12b3,12,01 6D A6 43 9E 9D 86 42 00 00 C8 42
1787903814.059450,34680,12b4,12,E3 0E A9 43 9D 60 78 42 00 00 CA 42
1787903814.071034,34680,12b5,12,29 43 AB 43 31 98 61 42 00 00 CC 42
1787903814.081668,34680,12b6,12,01 FD AC 43 86 CA 49 42 00 00 CE 42
1787903814.092273,34680,12b7,12,D8 32 AE 43 6A EC 31 42 00 00 D0 42
1787903814.103002,34680,12b8,12,79 DD AE 43 C5 ED 1A 42 00 00 D2 42
1787903814.113751,34680,12b9,12,33 F9 AE 43 2D BB 05 42 00 00 D4 42
1787903814.124608,34680,12ba,12,4E 85 AE 43 FE 59 E6 41 00 00 D6 42
1787903814.135167,34680,12bb,12,85 84 AD 43 43 01 C8 41 00 00 D8 42
1787903814.146020,34680,12bc,12,68 FC AB 43 53 A3 B1 41 00 00 DA 42
1787903814.157656,34680,12bd,12,16 F6 A9 43 FF 20 A4 41 00 00 DC 42
1787903814.168407,34680,12be,12,C8 7C A7 43 3E 06 A0 41 00 00 DE 42
1787903814.179810,34680,12bf,12,E7 9E A4 43 F4 7C A5 41 00 00 E0 42
1787903814.190496,34680,12c0,12,4A 6D A1 43 5D 4D B4 41 00 00 E2 42
1787903814.201005,34680,12c1,12,A4 F9 9D 43 1B DE CB 41 00 00 E4 42
1787903814.211488,34680,12c2,12,83 58 9A 43 4E 42 EB 41 00 00 E6 42
1787903814.222016,34680,12c3,12,05 9E 96 43 06 9C 08 42 00 00 E8 42
1787903814.232377,34680,12c4,12,FB DF 92 43 EE 1D 1E 42 00 00 EA 42
1787903814.242693,34680,12c5,12,49 34 8F 43 58 4B 35 42 00 00 EC 42
1787903814.254614,34680,12c6,12,4A AF 8B 43 D1 35 4D 42 00 00 EE 42
1787903814.265364,34680,12c7,12,F1 65 88 43 F5 EC 64 42 00 00 A0 41
1787903814.275769,34680,12c8,12,77 6A 85 43 DA 7C 7B 42 00 00 A8 41
1787903814.286225,34680,12c9,12,5D CE 82 43 9A FF 87 42 00 00 B0 41
1787903814.297060,34680,12ca,12,DA A0 80 43 56 D1 90 42 00 00 B8 41
1787903814.307813,34680,12cb,12,FF DB 7D 43 23 D9 97 42 00 00 C0 41
1787903814.319600,34680,12cc,12,D7 7F 7B 43 57 D0 9C 42 00 00 C8 41
1787903814.330093,34680,12cd,12,50 3A 7A 43 A2 83 9F 42 00 00 D0 41
1787903814.340775,34680,12ce,12,08 13 7A 43 75 D7 9F 42 00 00 D8 41
1787903814.351366,34680,12cf,12,B7 0A 7B 43 78 C8 9D 42 00 00 E0 41
1787903814.362053,34680,12d0,12,00 1C 7D 43 1B 6C 99 42 00 00 E8 41
1787903814.376194,34680,12d1,12,4B 1D 80 43 34 EE 92 42 00 00 F0 41
1787903814.386602,34680,12d2,12,96 2A 82 43 45 91 8A 42 00 00 F8 41
1787903814.397274,34680,12d3,12,F1 A9 84 43 AD AA 80 42 00 00 00 42
1787903814.407722,34680,12d4,12,AF 8C 87 43 F2 3E 6B 42 00 00 04 42
1787903814.418088,34680,12d5,12,CF C2 8A 43 A7 C2 53 42 00 00 08 42
1787903814.428600,34680,12d6,12,34 39 8E 43 86 CC 3B 42 00 00 0C 42
1787903814.439282,34680,12d7,12,AB DC 91 43 EF 52 24 42 00 00 10 42
1787903814.449597,34680,12d8,12,EE 97 95 43 7F 45 0E 42 00 00 14 42
1787903814.459895,34680,12d9,12,25 55 99 43 99 0A F5 41 00 00 18 42
1787903814.470361,34680,12da,12,95 FF 9C 43 39 BA D3 41 00 00 1C 42
1787903814.480982,34680,12db,12,6B 81 A0 43 B6 E8 B9 41 00 00 20 42
1787903814.491563,34680,12dc,12,36 C7 A3 43 74 A0 A8 41 00 00 24 42
1787903814.501972,34680,12dd,12,C4 BD A6 43 DD 91 A0 41 00 00 28 42
1787903814.512484,34680,12de,12,CA 53 A9 43 2C 0F A2 41 00 00 2C 42
1787903814.523052,34680,12df,12,F4 7A AB 43 F5 07 AD 41 00 00 30 42
1787903814.533602,34680,12e0,12,6F 26 AD 43 F1 0D C1 41 00 00 34 42
1787903814.544016,34680,12e1,12,FA 4C AE 43 40 54 DD 41 00 00 38 42
1787903814.554412,34680,12e2,12,C3 E7 AE 43 24 5D 00 42 00 00 3C 42
1787903814.565081,34680,12e3,12,57 F3 AE 43 5C EB 14 42 00 00 40 42
1787903814.576686,34680,12e4,12,76 6F AE 43 24 81 2B 42 00 00 44 42
1787903814.587140,34680,12e5,12,31 5F AD 43 7A 3B 43 42 00 00 48 42
1787903814.599248,34680,12e6,12,6D C8 AB 43 7B 26 5B 42 00 00 4C 42
1787903814.614087,34680,12e7,12,62 B4 A9 43 03 4E 72 42 00 00 50 42
1787903814.624675,34680,12e8,12,4E 2F A7 43 DE E2 83 42 00 00 54 42
1787903814.635034,34680,12e9,12,27 47 A4 43 95 58 8D 42 00 00 58 42
1787903814.646814,34680,12ea,12,3C 0D A1 43 10 29 95 42 00 00 5C 42
1787903814.657308,34680,12eb,12,71 93 9D 43 C2 03 9B 42 00 00 60 42
1787903814.667786,34680,12ec,12,14 EE 99 43 E9 AC 9E 42 00 00 64 42
1787903814.678298,34680,12ed,12,80 32 96 43 27 FF 9F 42 00 00 68 42
1787903814.688881,34680,12ee,12,68 75 92 43 2D ED 9E 42 00 00 6C 42
1787903814.700498,34680,12ef,12,0D CD 8E 43 BD 81 9B 42 00 00 70 42
1787903814.710894,34680,12f0,12,B6 4D 8B 43 BC DF 95 42 00 00 74 42
1787903814.721388,34680,12f1,12,E3 0B 88 43 A9 40 8E 42 00 00 78 42
1787903814.731700,34680,12f2,12,99 1A 85 43 4E F2 84 42 00 00 7C 42
1787903814.742296,34680,12f3,12,28 8A 82 43 10 A9 74 42 00 00 80 42
1787903814.752878,34680,12f4,12,D5 69 80 43 17 A4 5D 42 00 00 82 42
1787903814.763652,34680,12f5,12,D0 8A 7D 43 3A C2 45 42 00 00 84 42
1787903814.777572,34680,12f6,12,25 4D 7B 43 3E F7 2D 42 00 00 86 42
1787903814.790254,34680,12f7,12,9B 27 7A 43 FE 35 17 42 00 00 88 42
1787903814.800690,34680,12f8,12,8E 20 7A 43 44 68 02 42 00 00 8A 42
1787903814.811312,34680,12f9,12,28 38 7B 43 57 BE E0 41 00 00 8C 42
1787903814.821892,34680,12fa,12,5B 68 7D 43 05 A9 C3 41 00 00 8E 42
1787903814.832444,34680,12fb,12,41 52 80 43 6D B9 AE 41 00 00 90 42
1787903814.844608,34680,12fc,12,C4 6C 82 43 42 C5 A2 41 00 00 92 42
1787903814.855052,34680,12fd,12,0C F8 84 43 58 46 A0 41 00 00 94 42
1787903814.865701,34680,12fe,12,F4 E4 87 43 C8 55 A7 41 00 00 96 42
1787903814.876122,34680,12ff,12,45 23 8B 43 0F AC B7 41 00 00 98 42
1787903814.886900,34680,1300,12,0E A0 8E 43 6E A2 D0 41 00 00 9A 42
1787903814.898180,34680,1301,12,DD 46 92 43 19 3A F1 41 00 00 9C 42
1787903814.910809,34680,1302,12,76 03 96 43 92 11 0C 42 00 00 9E 42
1787903814.921588,34680,1303,12,98 BF 99 43 3A EB 21 42 00 00 A0 42
1787903814.932055,34680,1304,12,90 66 9D 43 94 49 39 42 00 00 A2 42
1787903814.944028,34680,1305,12,F8 E2 A0 43 1C 3E 51 42 00 00 A4 42
1787903814.955140,34680,1306,12,71 20 A4 43 4C D4 68 42 00 00 A6 42
1787903814.965564,34680,1307,12,05 0D A7 43 BA 19 7F 42 00 00 A8 42
1787903814.975876,34680,1308,12,4C 97 A9 43 45 97 89 42 00 00 AA 42
1787903814.986300,34680,1309,12,31 B1 AB 43 FB 21 92 42 00 00 AC 42
1787903814.996797,34680,130a,12,55 4E AD 43 CE D5 98 42 00 00 AE 42
1787903815.007721,34680,130b,12,5A 65 AE 43 56 6E 9D 42 00 00 B0 42
1787903815.020042,34680,130c,12,36 F0 AE 43 92 BC 9F 42 00 00 B2 42
1787903815.030586,34680,130d,12,AE EB AE 43 56 A9 9F 42 00 00 B4 42
1787903815.040942,34680,130e,12,DB 57 AE 43 21 35 9D 42 00 00 B6 42
1787903815.051396,34680,130f,12,08 38 AD 43 FE 78 98 42 00 00 B8 42
1787903815.062183,34680,1310,12,DF 92 AB 43 44 A5 91 42 00 00 BA 42
1787903815.072503,34680,1311,12,7E 71 A9 43 5C 00 89 42 00 00 BC 42
1787903815.083076,34680,1312,12,95 E0 A6 43 56 C2 7D 42 00 00 BE 42
1787903815.093525,34680,1313,12,5E EE A3 43 3A 5F 67 42 00 00 C0 42
1787903815.103928,34680,1314,12,08 AC A0 43 E6 BB 4F 42 00 00 C2 42
1787903815.114587,34680,1315,12,B1 2C 9D 43 A1 C9 37 42 00 00 C4 42
1787903815.124989,34680,1316,12,BE 83 99 43 9C 7E 20 42 00 00 C6 42
1787903815.135621,34680,1317,12,F7 C6 95 43 F9 C4 0A 42 00 00 C8 42
1787903815.146245,34680,1318,12,16 0B 92 43 A6 F8 EE 41 00 00 CA 42
1787903815.157366,34680,1319,12,F6 65 8E 43 FF D2 CE 41 00 00 CC 42
1787903815.173305,34680,131a,12,E8 EC 8A 43 1F 61 B6 41 00 00 CE 42
1787903815.183843,34680,131b,12,2B B3 87 43 68 9D A6 41 00 00 D0 42
1787903815.194241,34680,131c,12,F4 CB 84 43 4F 26 A0 41 00 00 D2 42
1787903815.206708,34680,131d,12,5C 47 82 43 67 3F A3 41 00 00 D4 42
1787903815.217206,34680,131e,12,2E 34 80 43 10 C9 AF 41 00 00 D6 42
1787903815.227798,34680,131f,12,FC 3C 7D 43 50 43 C5 41 00 00 D8 42
1787903815.238270,34680,1320,12,28 1E 7B 43 56 D0 E2 41 00 00 DA 42
1787903815.248973,34680,1321,12,81 18 7A 43 8E A3 03 42 00 00 DC 42
1787903815.259774,34680,1322,12,B0 31 7A 43 B6 98 18 42 00 00 DE 42
1787903815.270123,34680,1323,12,4F 69 7B 43 B9 71 2F 42 00 00 E0 42
1787903815.280708,34680,1324,12,13 B8 7D 43 61 45 47 42 00 00 E2 42
1787903815.291403,34680,1325,12,98 88 80 43 A3 1E 5F 42 00 00 E4 42
1787903815.304173,34680,1326,12,5B B0 82 43 C8 0D 76 42 00 00 E6 42
1787903815.315046,34680,1327,12,61 47 85 43 6D 93 85 42 00 00 E8 42
1787903815.326958,34680,1328,12,92 3E 88 43 3E C9 8E 42 00 00 EA 42
1787903815.337421,34680,1329,12,83 84 8B 43 57 4A 96 42 00 00 EC 42
1787903815.348866,34680,132a,12,11 07 8F 43 C4 C9 9B 42 00 00 EE 42
1787903815.359444,34680,132b,12,55 B1 92 43 45 10 9F 42 00 00 A0 41
1787903815.370151,34680,132c,12,FE 6E 96 43 E6 FB 9F 42 00 00 A8 41
1787903815.380639,34680,132d,12,29 2A 9A 43 44 83 9E 42 00 00 B0 41
1787903815.391081,34680,132e,12,02 CD 9D 43 62 B5 9A 42 00 00 B8 41
1787903815.401719,34680,132f,12,60 43 A1 43 A0 B9 94 42 00 00 C0 41
1787903815.412135,34680,1330,12,A6 78 A4 43 24 CC 8C 42 00 00 C8 41
1787903815.424437,34680,1331,12,0B 5B A7 43 3B 3E 83 42 00 00 D0 41
1787903815.439857,34680,1332,12,A1 D9 A9 43 D6 E2 70 42 00 00 D8 41
1787903815.450298,34680,1333,12,DD E5 AB 43 E2 A7 59 42 00 00 E0 41
1787903815.460720,34680,1334,12,66 74 AD 43 95 BA 41 42 00 00 E8 41
1787903815.471116,34680,1335,12,F8 7B AE 43 70 0B 2A 42 00 00 F0 41
1787903815.481449,34680,1336,12,DC F6 AE 43 0E 8E 13 42 00 00 F8 41
1787903815.491919,34680,1337,12,2E E2 AE 43 F7 4F FE 41 00 00 00 42
1787903815.502478,34680,1338,12,7D 3E AE 43 E2 52 DB 41 00 00 04 42
1787903815.513161,34680,1339,12,55 0F AD 43 D8 8B BF 41 00 00 08 42
1787903815.523533,34680,133a,12,C2 5B AB 43 10 12 AC 41 00 00 0C 42
1787903815.533805,34680,133b,12,32 2D A9 43 CA AE A1 41 00 00 10 42
1787903815.544100,34680,133c,12,5A 90 A6 43 0E CC A0 41 00 00 14 42
1787903815.554587,34680,133d,12,93 94 A3 43 E7 72 A9 41 00 00 18 42
1787903815.565098,34680,133e,12,67 4A A0 43 49 49 BB 41 00 00 1C 42
1787903815.582612,34680,133f,12,6D C5 9C 43 EA 9B D5 41 00 00 20 42
1787903815.593032,34680,1340,12,26 19 99 43 10 5D F7 41 00 00 24 42
1787903815.603613,34680,1341,12,0F 5B 95 43 19 9A 0F 42 00 00 28 42
1787903815.614040,34680,1342,12,0E A1 91 43 54 C5 25 42 00 00 2C 42
1787903815.624438,34680,1343,12,CC FF 8D 43 12 4C 3D 42 00 00 30 42
1787903815.636401,34680,1344,12,E6 8C 8A 43 DC 41 55 42 00 00 34 42
1787903815.647343,34680,1345,12,7B 5B 87 43 53 B0 6C 42 00 00 38 42
1787903815.657849,34680,1346,12,46 7E 84 43 27 54 81 42 00 00 3C 42
1787903815.668223,34680,1347,12,FC 05 82 43 C8 24 8B 42 00 00 40 42
1787903815.678728,34680,1348,12,4D 00 80 43 4A 65 93 42 00 00 44 42
1787903815.689281,34680,1349,12,8A F2 7C 43 BB C2 99 42 00 00 48 42
1787903815.699666,34680,134a,12,B4 F2 7A 43 6E FB 9D 42 00 00 4C 42
1787903815.710186,34680,134b,12,F8 0C 7A 43 4C E4 9F 42 00 00 50 42
1787903815.720645,34680,134c,12,6B 46 7A 43 D7 69 9F 42 00 00 54 42
1787903815.731034,34680,134d,12,CE 9D 7B 43 40 91 9C 42 00 00 58 42
1787903815.741433,34680,134e,12,23 0B 7E 43 24 77 97 42 00 00 5C 42
1787903815.751904,34680,134f,12,7C C0 80 43 B7 4F 90 42 00 00 60 42
1787903815.762367,34680,1350,12,99 F5 82 43 FF 63 87 42 00 00 64 42
1787903815.772883,34680,1351,12,EC 97 85 43 15 1E 7A 42 00 00 68 42
1787903815.783269,34680,1352,12,DB 98 88 43 70 76 63 42 00 00 6C 42
1787903815.794383,34680,1353,12,83 E6 8B 43 C7 B4 4B 42 00 00 70 42
1787903815.804736,34680,1354,12,95 6E 8F 43 49 CD 33 42 00 00 74 42
1787903815.815236,34680,1355,12,6D 1C 93 43 F5 B3 1C 42 00 00 78 42
1787903815.825824,34680,1356,12,7E DA 96 43 92 54 07 42 00 00 7C 42
1787903815.836293,34680,1357,12,0A 94 9A 43 3F 15 E9 41 00 00 80 42
1787903815.847334,34680,1358,12,E3 32 9E 43 F0 25 CA 41 00 00 82 42
1787903815.863139,34680,1359,12,F7 A2 A1 43 23 1A B3 41 00 00 84 42
1787903815.873690,34680,135a,12,20 D0 A4 43 13 DD A4 41 00 00 86 42
1787903815.884067,34680,135b,12,D0 A7 A7 43 16 00 A0 41 00 00 88 42
1787903815.894414,34680,135c,12,48 1A AA 43 12 B4 A4 41 00 00 8A 42
1787903815.904719,34680,135d,12,F4 18 AC 43 C2 C9 B2 41 00 00 8C 42
1787903815.915225,34680,135e,12,C5 98 AD 43 64 B1 C9 41 00 00 8E 42
1787903815.928862,34680,135f,12,E2 90 AE 43 2C 81 E8 41 00 00 90 42
1787903815.944261,34680,1360,12,B4 FB AE 43 4D FF 06 42 00 00 92 42
1787903815.957779,34680,1361,12,EA D6 AE 43 C4 53 1C 42 00 00 94 42
1787903815.968225,34680,1362,12,5F 23 AE 43 94 67 33 42 00 00 96 42
1787903815.978868,34680,1363,12,F7 E4 AC 43 9D 4D 4B 42 00 00 98 42
1787903815.989434,34680,1364,12,E4 22 AB 43 EF 11 63 42 00 00 9A 42
1787903816.000301,34680,1365,12,84 E7 A8 43 F2 C1 79 42 00 00 9C 42
1787903816.010769,34680,1366,12,36 3F A6 43 47 3A 87 42 00 00 9E 42
1787903816.021272,34680,1367,12,CD 39 A3 43 DC 2C 90 42 00 00 A0 42
1787903816.031729,34680,1368,12,08 E8 9F 43 8A 5C 97 42 00 00 A2 42
1787903816.044736,34680,1369,12,4B 5D 9C 43 F7 7F 9C 42 00 00 A4 42
1787903816.055974,34680,136a,12,56 AE 98 43 B0 62 9F 42 00 00 A6 42
1787903816.068322,34680,136b,12,96 EF 94 43 4F E7 9F 42 00 00 A8 42
1787903816.079803,34680,136c,12,56 37 91 43 9E 08 9E 42 00 00 AA 42
1787903816.090568,34680,136d,12,36 9A 8D 43 91 D9 99 42 00 00 AC 42
1787903816.101064,34680,136e,12,61 2D 8A 43 DC 84 93 42 00 00 AE 42
1787903816.111498,34680,136f,12,DB 04 87 43 20 4B 8B 42 00 00 B0 42
1787903816.121940,34680,1370,12,24 32 84 43 21 81 81 42 00 00 B2 42
1787903816.132352,34680,1371,12,0E C6 81 43 89 12 6D 42 00 00 B4 42
1787903816.142791,34680,1372,12,06 9C 7F 43 69 A8 55 42 00 00 B6 42
1787903816.153194,34680,1373,12,3D AB 7C 43 E1 B2 3D 42 00 00 B8 42
1787903816.163599,34680,1374,12,CB CA 7A 43 7E 26 26 42 00 00 BA 42
1787903816.174610,34680,1375,12,18 05 7A 43 46 F5 0F 42 00 00 BC 42
1787903816.185111,34680,1376,12,BE 5E 7A 43 92 FC F7 41 00 00 BE 42
1787903816.196753,34680,1377,12,CB D5 7B 43 37 1E D6 41 00 00 C0 42
1787903816.208356,34680,1378,12,D8 61 7E 43 2F A9 BB 41 00 00 C2 42
1787903816.219079,34680,1379,12,E9 F9 80 43 88 AB A9 41 00 00 C4 42
1787903816.232886,34680,137a,12,F8 3B 83 43 36 DD A0 41 00 00 C6 42
1787903816.243994,34680,137b,12,A7 E9 85 43 BB 96 A1 41 00 00 C8 42
1787903816.254769,34680,137c,12,1C F4 88 43 C1 D1 AB 41 00 00 CA 42
1787903816.265309,34680,137d,12,9A 49 8C 43 DA 25 BF 41 00 00 CC 42
1787903816.278896,34680,137e,12,93 D6 8F 43 BC CD DA 41 00 00 CE 42
1787903816.304695,34680,137f,12,57 87 93 43 25 AC FD 41 00 00 D0 42
1787903816.315708,34680,1380,12,EE 45 97 43 4D 31 13 42 00 00 D2 42
1787903816.327033,34680,1381,12,96 FD 9A 43 8B A7 29 42 00 00 D4 42
1787903816.338849,34680,1382,12,8A 98 9E 43 87 53 41 42 00 00 D6 42
1787903816.349417,34680,1383,12,B8 01 A2 43 A1 43 59 42 00 00 D8 42
1787903816.360015,34680,1384,12,36 26 A5 43 C0 81 70 42 00 00 DA 42
1787903816.371088,34680,1385,12,4E F3 A7 43 22 12 83 42 00 00 DC 42
1787903816.381621,34680,1386,12,7A 59 AA 43 3F A6 8C 42 00 00 DE 42
1787903816.392103,34680,1387,12,9E 4A AC 43 72 9B 94 42 00 00 E0 42
1787903816.403708,34680,1388,12,70 BB AD 43 80 A0 9A 42 00 00 E2 42
1787903816.416178,34680,1389,12,F2 A3 AE 43 C3 77 9E 42 00 00 E4 42
1787903816.426791,34680,138a,12,BD FE AE 43 9F FA 9F 42 00 00 E6 42
1787903816.438713,34680,138b,12,DA C9 AE 43 44 19 9F 42 00 00 E8 42
1787903816.449175,34680,138c,12,66 06 AE 43 AE DC 9B 42 00 00 EA 42
1787903816.459625,34680,138d,12,F1 B8 AC 43 E7 65 96 42 00 00 EC 42
1787903816.470049,34680,138e,12,B3 E8 AA 43 5C ED 8E 42 00 00 EE 42
1787903816.480443,34680,138f,12,78 A0 A8 43 24 BE 85 42 00 00 A0 41
1787903816.490773,34680,1390,12,E6 EC A5 43 04 6D 76 42 00 00 A8 41
1787903816.501129,34680,1391,12,BD DD A2 43 E0 83 5F 42 00 00 B0 41
1787903816.512301,34680,1392,12,F2 84 9F 43 B5 AA 47 42 00 00 B8 41
1787903816.522925,34680,1393,12,13 F5 9B 43 C7 D6 2F 42 00 00 C0 41
1787903816.533701,34680,1394,12,54 43 98 43 97 F7 18 42 00 00 C8 41
1787903816.549563,34680,1395,12,31 84 94 43 79 F8 03 42 00 00 D0 41
1787903816.559952,34680,1396,12,95 CD 90 43 7C 5F E3 41 00 00 D8 41
1787903816.570822,34680,1397,12,3B 35 8D 43 0E B0 C5 41 00 00 E0 41
1787903816.581199,34680,1398,12,0F CF 89 43 02 13 B0 41 00 00 E8 41
1787903816.591749,34680,1399,12,4F AF 86 43 95 61 A3 41 00 00 F0 41
1787903816.602144,34680,139a,12,4C E7 83 43 5E 1F A0 41 00 00 F8 41
1787903816.612502,34680,139b,12,5C 87 81 43 9E 6D A6 41 00 00 00 42
1787903816.622942,34680,139c,12,A8 3A 7F 43 F8 0B B6 41 00 00 04 42
1787903816.633528,34680,139d,12,A0 67 7C 43 CB 58 CE 41 00 00 08 42
1787903816.644067,34680,139e,12,71 A6 7A 43 D3 5F EE 41 00 00 0C 42
1787903816.654586,34680,139f,12,D6 00 7A 43 4D 6C 0A 42 00 00 10 42
1787903816.664965,34680,13a0,12,C3 7A 7A 43 37 1D 20 42 00 00 14 42
1787903816.675862,34680,13a1,12,44 11 7C 43 40 65 37 42 00 00 18 42
1787903816.686320,34680,13a2,12,89 BB 7E 43 E6 54 4F 42 00 00 1C 42
1787903816.696724,34680,13a3,12,DB 34 81 43 91 FB 66 42 00 00 20 42
1787903816.707250,34680,13a4,12,B2 83 83 43 FE 65 7D 42 00 00 24 42
1787903816.717802,34680,13a5,12,D8 3C 86 43 AF D7 88 42 00 00 28 42
1787903816.728028,34680,13a6,12,4F 50 89 43 51 84 91 42 00 00 2C 42
1787903816.738355,34680,13a7,12,0A AD 8C 43 E5 5F 98 42 00 00 30 42
1787903816.748720,34680,13a8,12,02 3F 90 43 7D 25 9D 42 00 00 34 42
1787903816.759415,34680,13a9,12,6F F2 93 43 C7 A3 9F 42 00 00 38 42
1787903816.770051,34680,13aa,12,AA B1 97 43 50 C1 9F 42 00 00 3C 42
1787903816.780646,34680,13ab,12,C6 66 9B 43 EC 7C 9D 42 00 00 40 42
1787903816.791221,34680,13ac,12,34 FD 9E 43 2F EE 98 42 00 00 44 42
1787903816.801857,34680,13ad,12,9A 5F A2 43 E8 42 92 42 00 00 48 42
1787903816.812398,34680,13ae,12,34 7B A5 43 70 BF 89 42 00 00 4C 42
1787903816.822765,34680,13af,12,C5 3D A8 43 54 75 7F 42 00 00 50 42
1787903816.833346,34680,13b0,12,35 97 AA 43 B7 35 69 42 00 00 54 42
1787903816.844591,34680,13b1,12,7E 7A AC 43 FE A4 51 42 00 00 58 42
1787903816.855086,34680,13b2,12,64 DC AD 43 07 B0 39 42 00 00 5C 42
1787903816.865804,34680,13b3,12,3A B5 AE 43 26 4D 22 42 00 00 60 42
1787903816.880723,34680,13b4,12,F9 FF AE 43 12 6B 0C 42 00 00 64 42
1787903816.892420,34680,13b5,12,FF BA AE 43 4C D2 F1 41 00 00 68 42
1787903816.902759,34680,13b6,12,CB E7 AD 43 47 1F D1 41 00 00 6C 42
1787903816.913048,34680,13b7,12,47 8B AC 43 C2 05 B8 41 00 00 70 42
1787903816.923456,34680,13b8,12,FF AC AA 43 C2 88 A7 41 00 00 74 42
1787903816.933846,34680,13b9,12,CF 57 A8 43 91 50 A0 41 00 00 78 42
1787903816.944305,34680,13ba,12,6E 99 A5 43 E3 A6 A2 41 00 00 7C 42
1787903816.954688,34680,13bb,12,13 81 A2 43 91 72 AE 41 00 00 80 42
1787903816.965118,34680,13bc,12,2C 21 9F 43 0E 3D C3 41 00 00 82 42
1787903816.975815,34680,13bd,12,6D 8C 9B 43 93 31 E0 41 00 00 84 42
1787903816.986580,34680,13be,12,C5 D7 97 43 4A 14 02 42 00 00 86 42
1787903816.998087,34680,13bf,12,E7 18 94 43 7B D9 16 42 00 00 88 42
1787903817.008400,34680,13c0,12,97 64 90 43 88 92 2D 42 00 00 8A 42
1787903817.018844,34680,13c1,12,E3 D0 8C 43 0B 5B 45 42 00 00 8C 42
1787903817.031918,34680,13c2,12,9F 71 89 43 8C 3E 5D 42 00 00 8E 42
1787903817.042500,34680,13c3,12,91 5A 86 43 34 49 74 42 00 00 90 42
1787903817.054053,34680,13c4,12,C3 9D 83 43 EA C7 84 42 00 00 92 42
1787903817.064418,34680,13c5,12,60 4A 81 43 F6 1B 8E 42 00 00 94 42
1787903817.075225,34680,13c6,12,86 DC 7E 43 FA C2 95 42 00 00 96 42
1787903817.089247,34680,13c7,12,73 27 7C 43 11 6E 9B 42 00 00 98 42
1787903817.099908,34680,13c8,12,8B 85 7A 43 60 E3 9E 42 00 00 9A 42
1787903817.110246,34680,13c9,12,30 00 7A 43 9A FF 9F 42 00 00 9C 42
1787903817.120559,34680,13ca,12,44 9A 7A 43 9C B7 9E 42 00 00 9E 42
1787903817.130996,34680,13cb,12,33 50 7C 43 46 18 9B 42 00 00 A0 42
1787903817.142343,34680,13cc,12,80 18 7F 43 94 46 95 42 00 00 A2 42
1787903817.161686,34680,13cd,12,87 71 81 43 EA 7D 8D 42 00 00 A4 42
1787903817.172925,34680,13ce,12,C2 CC 83 43 BE 0D 84 42 00 00 A6 42
1787903817.184207,34680,13cf,12,E1 90 86 43 88 AE 72 42 00 00 A8 42
1787903817.194755,34680,13d0,12,6D AD 89 43 56 8C 5B 42 00 00 AA 42
1787903817.205102,34680,13d1,12,26 11 8D 43 9C A2 43 42 00 00 AC 42
1787903817.215390,34680,13d2,12,3E A8 90 43 6F E5 2B 42 00 00 AE 42
1787903817.225832,34680,13d3,12,AD 5D 94 43 1E 47 15 42 00 00 B0 42
1787903817.237630,34680,13d4,12,E3 1C 98 43 0B B0 00 42 00 00 B2 42
1787903817.249593,34680,13d5,12,91 CF 9B 43 53 DE DD 41 00 00 B4 42
1787903817.260032,34680,13d6,12,38 61 9F 43 C7 76 C1 41 00 00 B6 42
1787903817.272730,34680,13d7,12,ED BC A2 43 60 4B AD 41 00 00 B8 42
1787903817.283267,34680,13d8,12,13 CF A5 43 FE 29 A2 41 00 00 BA 42
1787903817.294256,34680,13d9,12,A4 86 A8 43 FE 83 A0 41 00 00 BC 42
1787903817.305423,34680,13da,12,72 D3 AA 43 F2 69 A8 41 00 00 BE 42
1787903817.317693,34680,13db,12,BE A8 AC 43 BC 8B B9 41 00 00 C0 42
1787903817.328682,34680,13dc,12,BA FB AD 43 7C 3A D3 41 00 00 C2 42
1787903817.339234,34680,13dd,12,BA C4 AE 43 10 70 F4 41 00 00 C4 42
1787903817.349759,34680,13de,12,64 FF AE 43 1A EB 0D 42 00 00 C6 42
1787903817.360273,34680,13df,12,5A AA AE 43 72 F0 23 42 00 00 C8 42
1787903817.370816,34680,13e0,12,76 C7 AD 43 DF 65 3B 42 00 00 CA 42
1787903817.381356,34680,13e1,12,D0 5B AC 43 ED 5B 53 42 00 00 CC 42
1787903817.391768,34680,13e2,12,CD 6F AA 43 0A DE 6A 42 00 00 CE 42
1787903817.402359,34680,13e3,12,15 0E A8 43 4D 7D 80 42 00 00 D0 42
1787903817.425119,34680,13e4,12,D6 44 A5 43 AF 69 8A 42 00 00 D2 42
1787903817.446061,34680,13e5,12,83 23 A2 43 FB CD 92 42 00 00 D4 42
1787903817.459828,34680,13e6,12,5F BC 9E 43 8A 54 99 42 00 00 D6 42
1787903817.470994,34680,13e7,12,60 23 9B 43 BE BA 9D 42 00 00 D8 42
1787903817.481982,34680,13e8,12,77 6C 97 43 A0 D3 9F 42 00 00 DA 42
1787903817.492534,34680,13e9,12,C1 AD 93 43 1A 8A 9F 42 00 00 DC 42
1787903817.503242,34680,13ea,12,00 FC 8F 43 D9 E0 9C 42 00 00 DE 42
1787903817.514106,34680,13eb,12,D9 6C 8C 43 08 F3 97 42 00 00 E0 42
1787903817.524657,34680,13ec,12,17 15 89 43 F6 F2 90 42 00 00 E2 42
1787903817.536986,34680,13ed,12,44 07 86 43 D6 28 88 42 00 00 E4 42
1787903817.548071,34680,13ee,12,8E 55 83 43 00 DA 7B 42 00 00 E6 42
1787903817.558558,34680,13ef,12,E4 0E 81 43 14 51 65 42 00 00 E8 42
1787903817.569338,34680,13f0,12,54 81 7E 43 EA 9C 4D 42 00 00 EA 42
1787903817.579836,34680,13f1,12,BC EA 7B 43 76 AF 35 42 00 00 EC 42
1787903817.590393,34680,13f2,12,59 68 7A 43 B4 7E 1E 42 00 00 EE 42
1787903817.600834,34680,13f3,12,27 03 7A 43 BF F3 08 42 00 00 A0 41
1787903817.611221,34680,13f4,12,57 BD 7A 43 A6 D8 EB 41 00 00 A8 41
1787903817.621659,34680,13f5,12,D4 92 7C 43 59 55 CC 41 00 00 B0 41
1787903817.632038,34680,13f6,12,B6 78 7F 43 3F 9F B4 41 00 00 B8 41
1787903817.642471,34680,13f7,12,77 AF 81 43 2E A9 A5 41 00 00 C0 41
1787903817.654096,34680,13f8,12,22 17 84 43 87 09 A0 41 00 00 C8 41
1787903817.664860,34680,13f9,12,08 E6 86 43 36 FB A3 41 00 00 D0 41
1787903817.675531,34680,13fa,12,C6 0B 8A 43 FA 55 B1 41 00 00 D8 41
1787903817.686255,34680,13fb,12,E7 75 8D 43 83 91 C7 41 00 00 E0 41
1787903817.696830,34680,13fc,12,7B 11 91 43 3C C8 E5 41 00 00 E8 41
1787903817.707352,34680,13fd,12,09 C9 94 43 3B 65 05 42 00 00 F0 41
1787903817.717715,34680,13fe,12,F5 87 98 43 30 8E 1A 42 00 00 F8 41
1787903817.728111,34680,13ff,12,52 38 9C 43 01 87 31 42 00 00 00 42
1787903817.738437,34680,1400,12,8E C4 9F 43 33 65 49 42 00 00 04 42
1787903817.748872,34680,1401,12,FE 18 A3 43 53 33 61 42 00 00 08 42
1787903817.761384,34680,1402,12,CE 21 A6 43 18 02 78 42 00 00 0C 42
1787903817.772924,34680,1403,12,2D CE A8 43 6C 73 86 42 00 00 10 42
1787903817.786557,34680,1404,12,64 0E AB 43 26 86 8F 42 00 00 14 42
1787903817.796937,34680,1405,12,5B D5 AC 43 9E DC 96 42 00 00 18 42
1787903817.807622,34680,1406,12,36 19 AE 43 9B 2B 9C 42 00 00 1C 42
1787903817.818148,34680,1407,12,6E D2 AE 43 C0 3D 9F 42 00 00 20 42
1787903817.828627,34680,1408,12,00 FD AE 43 2D F3 9F 42 00 00 24 42
1787903817.839205,34680,1409,12,DC 97 AE 43 C1 44 9E 42 00 00 28 42
1787903817.851145,34680,140a,12,68 A5 AD 43 F1 43 9A 42 00 00 2C 42
1787903817.861637,34680,140b,12,E6 2A AC 43 72 18 94 42 00 00 30 42
1787903817.872067,34680,140c,12,E6 30 AA 43 22 03 8C 42 00 00 34 42
1787903817.886264,34680,140d,12,0D C3 A7 43 0A 54 82 42 00 00 38 42
1787903817.896947,34680,140e,12,D4 EE A4 43 EF E1 6E 42 00 00 3C 42
1787903817.907920,34680,140f,12,11 C5 A1 43 26 8F 57 42 00 00 40 42
1787903817.918421,34680,1410,12,4E 57 9E 43 E7 99 3F 42 00 00 44 42
1787903817.928926,34680,1411,12,92 B9 9A 43 0D FE 27 42 00 00 48 42
1787903817.939726,34680,1412,12,0E 01 97 43 5E A5 11 42 00 00 4C 42
1787903817.950219,34680,1413,12,62 42 93 43 83 F5 FA 41 00 00 50 42
1787903817.960557,34680,1414,12,D9 93 8F 43 A8 90 D8 41 00 00 54 42
1787903817.970953,34680,1415,12,DC 09 8C 43 67 77 BD 41 00 00 58 42
1787903817.981438,34680,1416,12,2A B9 88 43 A1 C6 AA 41 00 00 5C 42
1787903817.991859,34680,1417,12,1E B5 85 43 67 37 A1 41 00 00 60 42
1787903818.008627,34680,1418,12,70 0E 83 43 38 2E A1 41 00 00 64 42
1787903818.019369,34680,1419,12,EA D4 80 43 38 A9 AA 41 00 00 68 42
1787903818.030025,34680,141a,12,C2 29 7E 43 48 4B BD 41 00 00 6C 42
1787903818.040548,34680,141b,12,4B B1 7B 43 8A 50 D8 41 00 00 70 42
1787903818.051061,34680,141c,12,BC 4E 7A 43 6D AD FA 41 00 00 74 42
1787903818.061730,34680,141d,12,C2 09 7A 43 5C 7C 11 42 00 00 78 42
1787903818.072272,34680,141e,12,F9 E3 7A 43 1A CE 27 42 00 00 7C 42
1787903818.082584,34680,141f,12,A6 D8 7C 43 01 6C 3F 42 00 00 80 42
1787903818.093042,34680,1420,12,82 DC 7F 43 CD 5D 57 42 00 00 82 42
1787903818.103309,34680,1421,12,E0 EE 81 43 64 B6 6E 42 00 00 84 42
1787903818.113644,34680,1422,12,16 63 84 43 2E 40 82 42 00 00 86 42
1787903818.124060,34680,1423,12,46 3C 87 43 94 F0 8B 42 00 00 88 42
1787903818.134394,34680,1424,12,A6 6A 8A 43 AE 0A 94 42 00 00 8A 42
1787903818.144900,34680,1425,12,A4 DB 8D 43 4E 39 9A 42 00 00 8C 42
1787903818.155287,34680,1426,12,14 7B 91 43 40 3F 9E 42 00 00 8E 42
1787903818.166136,34680,1427,12,DF 34 95 43 38 F2 9F 42 00 00 90 42
1787903818.176576,34680,1428,12,D8 F2 98 43 AD 41 9F 42 00 00 92 42
1787903818.186942,34680,1429,12,3F A0 9C 43 02 34 9C 42 00 00 94 42
1787903818.197397,34680,142a,12,8B 27 A0 43 4E E9 96 42 00 00 96 42
1787903818.207875,34680,142b,12,1C 74 A3 43 F8 95 8F 42 00 00 98 42
1787903818.218307,34680,142c,12,AA 73 A6 43 03 87 86 42 00 00 9A 42
1787903818.228809,34680,142d,12,59 14 A9 43 B0 2F 78 42 00 00 9C 42
1787903818.239319,34680,142e,12,9A 47 AB 43 22 62 61 42 00 00 9E 42
1787903818.249766,34680,142f,12,78 00 AD 43 15 95 49 42 00 00 A0 42
1787903818.260091,34680,1430,12,F5 34 AE 43 35 B4 31 42 00 00 A2 42
1787903818.270588,34680,1431,12,62 DE AE 43 85 BA 1A 42 00 00 A4 42
1787903818.281661,34680,1432,12,CE F8 AE 43 A6 8E 05 42 00 00 A6 42
1787903818.293899,34680,1433,12,A7 83 AE 43 CE 0B E6 41 00 00 A8 42
1787903818.305138,34680,1434,12,84 81 AD 43 41 C6 C7 41 00 00 AA 42
1787903818.315855,34680,1435,12,61 F8 AB 43 62 78 B1 41 00 00 AC 42
1787903818.326768,34680,1436,12,C2 F0 A9 43 A9 0C A4 41 00 00 AE 42
1787903818.337446,34680,1437,12,BD 76 A7 43 DB 07 A0 41 00 00 B0 42
1787903818.347942,34680,1438,12,0C 98 A4 43 93 94 A5 41 00 00 B2 42
1787903818.358668,34680,1439,12,6D 65 A1 43 7A 78 B4 41 00 00 B4 42
1787903818.369744,34680,143a,12,A2 F1 9D 43 1E 20 CC 41 00 00 B6 42
1787903818.380016,34680,143b,12,CF 4F 9A 43 D4 92 EB 41 00 00 B8 42
1787903818.390370,34680,143c,12,93 95 96 43 6D C9 08 42 00 00 BA 42
1787903818.400838,34680,143d,12,99 D7 92 43 C9 51 1E 42 00 00 BC 42
1787903818.411425,34680,143e,12,C8 2B 8F 43 24 80 35 42 00 00 BE 42
1787903818.421813,34680,143f,12,98 A7 8B 43 F4 6E 4D 42 00 00 C0 42
1787903818.432927,34680,1440,12,87 5E 88 43 A2 22 65 42 00 00 C2 42
1787903818.443336,34680,1441,12,25 64 85 43 1B AD 7B 42 00 00 C4 42
1787903818.453886,34680,1442,12,F4 C8 82 43 B7 15 88 42 00 00 C6 42
1787903818.464486,34680,1443,12,45 9C 80 43 16 E3 90 42 00 00 C8 42
1787903818.474891,34680,1444,12,80 D5 7D 43 82 E7 97 42 00 00 CA 42
1787903818.486740,34680,1445,12,8E 7B 7B 43 36 D9 9C 42 00 00 CC 42
1787903818.498072,34680,1446,12,B6 38 7A 43 01 87 9F 42 00 00 CE 42
1787903818.508960,34680,1447,12,F6 13 7A 43 6C D5 9F 42 00 00 D0 42
1787903818.520578,34680,1448,12,51 0E 7B 43 40 C1 9D 42 00 00 D2 42
1787903818.531200,34680,1449,12,E1 21 7D 43 10 5F 99 42 00 00 D4 42
1787903818.541613,34680,144a,12,92 21 80 43 F3 DC 92 42 00 00 D6 42
1787903818.552084,34680,144b,12,BC 2F 82 43 C9 7C 8A 42 00 00 D8 42
1787903818.562593,34680,144c,12,09 B0 84 43 5D 92 80 42 00 00 DA 42
1787903818.572912,34680,144d,12,E6 93 87 43 D9 0B 6B 42 00 00 DC 42
1787903818.586176,34680,144e,12,5C CA 8A 43 BA 89 53 42 00 00 DE 42
1787903818.596733,34680,144f,12,9B 41 8E 43 7F 95 3B 42 00 00 E0 42
1787903818.608821,34680,1450,12,00 E5 91 43 EC 1F 24 42 00 00 E2 42
1787903818.619687,34680,1451,12,61 A0 95 43 06 15 0E 42 00 00 E4 42
1787903818.631829,34680,1452,12,E7 5D 99 43 0A B9 F4 41 00 00 E6 42
1787903818.643029,34680,1453,12,B1 07 9D 43 5F 73 D3 41 00 00 E8 42
1787903818.654382,34680,1454,12,70 89 A0 43 CC B6 B9 41 00 00 EA 42
1787903818.664916,34680,1455,12,42 CE A3 43 25 84 A8 41 00 00 EC 42
1787903818.675576,34680,1456,12,09 C4 A6 43 58 8A A0 41 00 00 EE 42
1787903818.686115,34680,1457,12,64 59 A9 43 3C 1D A2 41 00 00 A0 41
1787903818.697122,34680,1458,12,45 7F AB 43 3D 2D AD 41 00 00 A8 41
1787903818.708827,34680,1459,12,C4 29 AD 43 0F 46 C1 41 00 00 B0 41
1787903818.719465,34680,145a,12,F4 4E AE 43 AF 9B DD 41 00 00 B8 41
1787903818.729996,34680,145b,12,7E E8 AE 43 8D 89 00 42 00 00 C0 41
1787903818.740948,34680,145c,12,C8 F2 AE 43 BC 1B 15 42 00 00 C8 41
1787903818.751504,34680,145d,12,AC 6D AE 43 B6 B8 2B 42 00 00 D0 41
1787903818.761940,34680,145e,12,0C 5C AD 43 C1 72 43 42 00 00 D8 41
1787903818.772780,34680,145f,12,46 C4 AB 43 3B 5B 5B 42 00 00 E0 41
1787903818.785120,34680,1460,12,2E AF A9 43 C3 81 72 42 00 00 E8 41
1787903818.795726,34680,1461,12,E1 28 A7 43 7E F9 83 42 00 00 F0 41
1787903818.806276,34680,1462,12,36 40 A4 43 49 6D 8D 42 00 00 F8 41
1787903818.816814,34680,1463,12,4E 05 A1 43 E6 38 95 42 00 00 00 42
1787903818.827764,34680,1464,12,63 8B 9D 43 67 0E 9B 42 00 00 04 42
1787903818.838166,34680,1465,12,BB E5 99 43 AA B2 9E 42 00 00 08 42
1787903818.848849,34680,1466,12,A9 29 96 43 69 FF 9F 42 00 00 0C 42
1787903818.859393,34680,1467,12,0B 6D 92 43 C4 E7 9E 42 00 00 10 42
1787903818.869832,34680,1468,12,96 C4 8E 43 37 77 9B 42 00 00 14 42
1787903818.880758,34680,1469,12,14 46 8B 43 DC D0 95 42 00 00 18 42
1787903818.891469,34680,146a,12,E1 04 88 43 01 2D 8E 42 00 00 1C 42
1787903818.901815,34680,146b,12,16 14 85 43 F6 DB 84 42 00 00 20 42
1787903818.912460,34680,146c,12,DC 84 82 43 F5 73 74 42 00 00 24 42
1787903818.923095,34680,146d,12,61 65 80 43 AC 6D 5D 42 00 00 28 42
1787903818.933571,34680,146e,12,94 84 7D 43 CB 8C 45 42 00 00 2C 42
1787903818.947732,34680,146f,12,53 49 7B 43 40 C1 2D 42 00 00 30 42
1787903818.958276,34680,1470,12,3A 26 7A 43 2F 05 17 42 00 00 34 42
1787903818.969784,34680,1471,12,C6 21 7A 43 B4 39 02 42 00 00 38 42
1787903818.981073,34680,1472,12,0C 3C 7B 43 D4 72 E0 41 00 00 3C 42
1787903818.992795,34680,1473,12,7F 6E 7D 43 0A 71 C3 41 00 00 40 42
1787903819.003683,34680,1474,12,77 56 80 43 5D 93 AE 41 00 00 44 42
1787903819.014689,34680,1475,12,44 72 82 43 28 B5 A2 41 00 00 48 42
1787903819.025288,34680,1476,12,3C FE 84 43 ED 4B A0 41 00 00 4C 42
1787903819.035756,34680,1477,12,41 EC 87 43 05 71 A7 41 00 00 50 42
1787903819.047509,34680,1478,12,E1 2A 8B 43 6F DA B7 41 00 00 54 42
1787903819.059411,34680,1479,12,21 A8 8E 43 48 E5 D0 41 00 00 58 42
1787903819.069896,34680,147a,12,9B 4F 92 43 50 8A F1 41 00 00 5C 42
1787903819.080334,34680,147b,12,E9 0B 96 43 25 43 0C 42 00 00 60 42
1787903819.090820,34680,147c,12,55 C8 99 43 B3 1F 22 42 00 00 64 42
1787903819.101259,34680,147d,12,A1 6E 9D 43 A0 7E 39 42 00 00 68 42
1787903819.111723,34680,147e,12,92 EA A0 43 42 75 51 42 00 00 6C 42
1787903819.123258,34680,147f,12,BB 27 A4 43 B0 07 69 42 00 00 70 42
1787903819.135899,34680,1480,12,32 13 A7 43 82 4C 7F 42 00 00 74 42
1787903819.146542,34680,1481,12,C9 9C A9 43 D0 AC 89 42 00 00 78 42
1787903819.157073,34680,1482,12,63 B5 AB 43 0C 33 92 42 00 00 7C 42
1787903819.167542,34680,1483,12,62 51 AD 43 E4 E2 98 42 00 00 80 42
1787903819.178168,34680,1484,12,47 67 AE 43 0D 76 9D 42 00 00 82 42
1787903829.197461,34680,1486,12,CD F0 AE 43 38 BF 9F 42 00 00 84 42
1787903829.206768,34680,1487,12,F8 EA AE 43 61 A6 9F 42 00 00 86 42
1787903829.218390,34680,1488,12,ED 55 AE 43 0C 2D 9D 42 00 00 88 42
1787903829.228862,34680,1489,12,E5 34 AD 43 8F 6B 98 42 00 00 8A 42
1787903829.239956,34680,148a,12,66 8E AB 43 E7 93 91 42 00 00 8C 42
1787903829.250578,34680,148b,12,2E 6C A9 43 D5 E9 88 42 00 00 8E 42
1787903829.261998,34680,148c,12,0F DA A6 43 DC 90 7D 42 00 00 90 42
1787903829.273305,34680,148d,12,59 E7 A3 43 A2 2B 67 42 00 00 92 42
1787903829.283973,34680,148e,12,63 A4 A0 43 B1 84 4F 42 00 00 94 42
1787903829.294660,34680,148f,12,39 24 9D 43 AE 94 37 42 00 00 96 42
1787903829.305330,34680,1490,12,60 7B 99 43 9F 48 20 42 00 00 98 42
1787903829.315768,34680,1491,12,21 BE 95 43 6C 95 0A 42 00 00 9A 42
1787903829.326164,34680,1492,12,BF 02 92 43 74 A9 EE 41 00 00 9C 42
1787903829.339162,34680,1493,12,EA 5D 8E 43 6D 91 CE 41 00 00 9E 42
1787903829.351105,34680,1494,12,FC E4 8A 43 23 34 B6 41 00 00 A0 42
1787903829.361603,34680,1495,12,3E AC 87 43 D7 82 A6 41 00 00 A2 42
1787903829.372424,34680,1496,12,8C C5 84 43 80 22 A0 41 00 00 A4 42
1787903829.382945,34680,1497,12,2C 42 82 43 04 51 A3 41 00 00 A6 42
1787903829.393560,34680,1498,12,0C 30 80 43 9E F0 AF 41 00 00 A8 42
1787903829.404285,34680,1499,12,BD 36 7D 43 98 7C C5 41 00 00 AA 42
1787903829.414897,34680,149a,12,9E 1A 7B 43 9A 1F E3 41 00 00 AC 42
1787903829.428745,34680,149b,12,6C 17 7A 43 0C D1 03 42 00 00 AE 42
1787903829.443253,34680,149c,12,30 33 7A 43 D3 C9 18 42 00 00 B0 42
1787903829.454911,34680,149d,12,4E 6D 7B 43 E1 A7 2F 42 00 00 B2 42
1787903829.465735,34680,149e,12,C6 BE 7D 43 D2 7A 47 42 00 00 B4 42
1787903829.476414,34680,149f,12,EE 8C 80 43 BF 56 5F 42 00 00 B6 42
1787903829.487119,34680,14a0,12,FA B5 82 43 D8 40 76 42 00 00 B8 42
1787903829.497949,34680,14a1,12,AA 4D 85 43 8F A9 85 42 00 00 BA 42
1787903829.508724,34680,14a2,12,A0 45 88 43 9E DC 8E 42 00 00 BC 42
1787903829.519353,34680,14a3,12,8A 8C 8B 43 E5 58 96 42 00 00 BE 42
1787903829.530049,34680,14a4,12,2E 0F 8F 43 45 D4 9B 42 00 00 C0 42
1787903829.540622,34680,14a5,12,18 BA 92 43 1D 15 9F 42 00 00 C2 42
1787903829.551333,34680,14a6,12,71 77 96 43 43 FB 9F 42 00 00 C4 42
1787903829.562571,34680,14a7,12,7D 32 9A 43 1F 7D 9E 42 00 00 C6 42
1787903829.574016,34680,14a8,12,67 D5 9D 43 64 AA 9A 42 00 00 C8 42
1787903829.584808,34680,14a9,12,EA 4A A1 43 EB A8 94 42 00 00 CA 42
1787903829.596297,34680,14aa,12,DA 7F A4 43 D8 B7 8C 42 00 00 CC 42
1787903829.606961,34680,14ab,12,1F 61 A7 43 68 27 83 42 00 00 CE 42
1787903829.617702,34680,14ac,12,C2 DE A9 43 D0 AE 70 42 00 00 D0 42
1787903829.628224,34680,14ad,12,1F EA AB 43 03 73 59 42 00 00 D2 42
1787903829.640932,34680,14ae,12,52 77 AD 43 78 81 41 42 00 00 D4 42
1787903829.652451,34680,14af,12,BF 7D AE 43 E2 D5 29 42 00 00 D6 42
1787903829.663121,34680,14b0,12,4E F7 AE 43 01 5E 13 42 00 00 D8 42
1787903829.673805,34680,14b1,12,5C E1 AE 43 1A F8 FD 41 00 00 DA 42
1787903829.684427,34680,14b2,12,53 3C AE 43 98 0C DB 41 00 00 DC 42
1787903829.695028,34680,14b3,12,10 0C AD 43 40 53 BF 41 00 00 DE 42
1787903829.707737,34680,14b4,12,28 57 AB 43 83 EF AB 41 00 00 E0 42
1787903829.723317,34680,14b5,12,C6 27 A9 43 3F A2 A1 41 00 00 E2 42
1787903829.733907,34680,14b6,12,05 8A A6 43 2A D5 A0 41 00 00 E4 42
1787903829.744429,34680,14b7,12,27 8D A3 43 B1 90 A9 41 00 00 E6 42
1787903829.754916,34680,14b8,12,B4 42 A0 43 5B 7E BB 41 00 00 E8 42
1787903829.765666,34680,14b9,12,EA BC 9C 43 B0 E1 D5 41 00 00 EA 42
1787903829.776223,34680,14ba,12,C4 10 99 43 9A AF F7 41 00 00 EC 42
1787903829.786846,34680,14bb,12,9D 52 95 43 F3 CA 0F 42 00 00 EE 42
1787903829.797299,34680,14bc,12,5A 98 91 43 90 F8 25 42 00 00 A0 41
1787903829.807852,34680,14bd,12,CB F7 8D 43 0A 85 3D 42 00 00 A8 41
1787903829.818609,34680,14be,12,0C 85 8A 43 D5 78 55 42 00 00 B0 41
1787903829.828981,34680,14bf,12,A3 54 87 43 32 E3 6C 42 00 00 B8 41
1787903829.842218,34680,14c0,12,3F 78 84 43 45 6C 81 42 00 00 C0 41
1787903829.854475,34680,14c1,12,AC 00 82 43 04 39 8B 42 00 00 C8 41
1787903829.865281,34680,14c2,12,96 F8 7F 43 CD 76 93 42 00 00 D0 41
1787903829.875958,34680,14c3,12,92 EC 7C 43 FD CE 99 42 00 00 D8 41
1787903829.886713,34680,14c4,12,70 EF 7A 43 48 02 9E 42 00 00 E0 41
1787903829.898177,34680,14c5,12,38 0C 7A 43 EF E5 9F 42 00 00 E8 41
1787903829.908892,34680,14c6,12,48 48 7A 43 17 66 9F 42 00 00 F0 41
1787903829.920316,34680,14c7,12,13 A2 7B 43 B2 87 9C 42 00 00 F8 41
1787903829.931227,34680,14c8,12,1D 12 7E 43 E7 68 97 42 00 00 00 42
1787903829.942268,34680,14c9,12,F1 C4 80 43 AE 3D 90 42 00 00 04 42
1787903829.954872,34680,14ca,12,14 FB 82 43 A6 4D 87 42 00 00 08 42
1787903829.965651,34680,14cb,12,99 9E 85 43 81 ED 79 42 00 00 0C 42
1787903829.976686,34680,14cc,12,FD 9F 88 43 C0 3E 63 42 00 00 10 42
1787903829.987667,34680,14cd,12,9A EE 8B 43 7C 7D 4B 42 00 00 14 42
1787903830.003469,34680,14ce,12,BC 76 8F 43 9C 98 33 42 00 00 18 42
1787903830.014173,34680,14cf,12,D1 24 93 43 62 80 1C 42 00 00 1C 42
1787903830.024705,34680,14d0,12,53 E3 96 43 94 27 07 42 00 00 20 42
1787903830.035630,34680,14d1,12,58 9C 9A 43 20 C3 E8 41 00 00 24 42
1787903830.046189,34680,14d2,12,3C 3B 9E 43 65 E7 C9 41 00 00 28 42
1787903830.056715,34680,14d3,12,71 AA A1 43 6E F0 B2 41 00 00 2C 42
1787903830.067350,34680,14d4,12,ED D6 A4 43 02 C7 A4 41 00 00 30 42
1787903830.077897,34680,14d5,12,11 AE A7 43 00 00 A0 41 00 00 34 42
1787903830.088427,34680,14d6,12,4C 1F AA 43 B5 CA A4 41 00 00 38 42
1787903830.099062,34680,14d7,12,14 1D AC 43 C3 F4 B2 41 00 00 3C 42
1787903830.109670,34680,14d8,12,8E 9B AD 43 AC ED C9 41 00 00 40 42
1787903830.120307,34680,14d9,12,72 92 AE 43 7A D0 E8 41 00 00 44 42
1787903830.130787,34680,14da,12,05 FC AE 43 40 2C 07 42 00 00 48 42
1787903830.141429,34680,14db,12,F4 D5 AE 43 0E 89 1C 42 00 00 4C 42
1787903830.151989,34680,14dc,12,10 21 AE 43 16 9E 33 42 00 00 50 42
1787903830.164217,34680,14dd,12,91 E1 AC 43 09 83 4B 42 00 00 54 42
1787903830.175548,34680,14de,12,60 1E AB 43 D0 47 63 42 00 00 58 42
1787903830.186152,34680,14df,12,BA E1 A8 43 8E F2 79 42 00 00 5C 42
1787903830.196759,34680,14e0,12,C9 38 A6 43 69 51 87 42 00 00 60 42
1787903830.211688,34680,14e1,12,4C 32 A3 43 8F 3F 90 42 00 00 64 42
1787903830.225136,34680,14e2,12,46 E0 9F 43 56 6A 97 42 00 00 68 42
1787903830.276110,34680,14e3,12,1F 55 9C 43 40 89 9C 42 00 00 6C 42
1787903830.289435,34680,14e4,12,8C A5 98 43 7B 66 9F 42 00 00 70 42
1787903830.302102,34680,14e5,12,25 E7 94 43 A9 E5 9F 42 00 00 74 42
1787903830.313106,34680,14e6,12,AA 2E 91 43 92 01 9E 42 00 00 78 42
1787903830.324000,34680,14e7,12,41 92 8D 43 C2 CD 99 42 00 00 7C 42
1787903830.335793,34680,14e8,12,F0 25 8A 43 F4 73 93 42 00 00 80 42
1787903830.346489,34680,14e9,12,C8 FD 86 43 EA 36 8B 42 00 00 82 42
1787903830.358839,34680,14ea,12,37 2C 84 43 37 68 81 42 00 00 84 42
1787903830.370968,34680,14eb,12,DD C0 81 43 E8 DD 6C 42 00 00 86 42
1787903830.381678,34680,14ec,12,42 94 7F 43 4F 73 55 42 00 00 88 42
1787903830.392383,34680,14ed,12,CE A5 7C 43 C5 7B 3D 42 00 00 8A 42
1787903830.403099,34680,14ee,12,AC C7 7A 43 3C F3 25 42 00 00 8C 42
1787903830.413748,34680,14ef,12,A1 04 7A 43 BA C2 0F 42 00 00 8E 42
1787903830.424508,34680,14f0,12,E7 60 7A 43 05 A7 F7 41 00 00 90 42
1787903830.435530,34680,14f1,12,57 DA 7B 43 AC DA D5 41 00 00 92 42
1787903830.446112,34680,14f2,12,C5 68 7E 43 B4 75 BB 41 00 00 94 42
1787903830.456751,34680,14f3,12,B3 FE 80 43 96 8D A9 41 00 00 96 42
1787903830.467308,34680,14f4,12,8E 41 83 43 9E D3 A0 41 00 00 98 42
1787903830.477839,34680,14f5,12,6C F0 85 43 8B A3 A1 41 00 00 9A 42
1787903830.488231,34680,14f6,12,52 FB 88 43 FA F2 AB 41 00 00 9C 42
1787903830.499835,34680,14f7,12,64 51 8C 43 72 5C BF 41 00 00 9E 42
1787903830.510470,34680,14f8,12,24 DF 8F 43 E6 13 DB 41 00 00 A0 42
1787903830.521242,34680,14f9,12,BF 8F 93 43 E0 06 FE 41 00 00 A2 42
1787903830.533209,34680,14fa,12,C2 4E 97 43 FF 62 13 42 00 00 A4 42
1787903830.543720,34680,14fb,12,DD 05 9B 43 43 DB 29 42 00 00 A6 42
1787903830.556568,34680,14fc,12,79 A0 9E 43 C3 8A 41 42 00 00 A8 42
1787903830.567861,34680,14fd,12,78 09 A2 43 82 78 59 42 00 00 AA 42
1787903830.583283,34680,14fe,12,ED 2C A5 43 91 B7 70 42 00 00 AC 42
1787903830.593957,34680,14ff,12,74 F9 A7 43 C8 29 83 42 00 00 AE 42
1787903830.604604,34680,1500,12,62 5E AA 43 E2 B9 8C 42 00 00 B0 42
1787903830.615224,34680,1501,12,70 4E AC 43 A4 AB 94 42 00 00 B2 42
1787903830.625855,34680,1502,12,36 BE AD 43 88 AB 9A 42 00 00 B4 42
1787903830.637348,34680,1503,12,5E A5 AE 43 28 7E 9E 42 00 00 B6 42
