ts,event,session,payload_len,payload_hex
1788592494.665195,34680,008b,12,7F 6E 0F 43 B1 68 F1 41 59 6A 54 42
1788592494.667209,34680,008c,12,AD 6C 14 43 1E 7E D3 41 AA 07 6E 42
1788592494.677685,34680,008d,12,FC 53 13 43 1C 0D BD 41 5D 8A 69 42
1788592494.688170,34680,008e,12,BB FB 16 43 CC BE 96 41 4D CA 78 42
1788592494.698877,34680,008f,12,81 0A 18 43 84 80 A9 41 29 AA 71 42
1788592494.709518,34680,0090,12,E2 95 14 43 C4 4E 8C 41 0F A4 7A 42
1788592494.723639,34680,0091,12,E0 06 14 43 8E 63 9E 41 EE DE 80 42
1788592494.734488,34680,0092,12,C0 E8 10 43 A7 36 A1 41 CE 5A 7E 42
1788592494.745057,34680,0093,12,A5 99 11 43 B3 07 FB 41 80 47 7C 42
1788592494.755561,34680,0094,12,7C 5C 10 43 97 DA 04 42 F1 D2 81 42
1788592494.766053,34680,0095,12,0A F6 0B 43 45 19 08 42 6E 2B 83 42
1788592494.776819,34680,0096,12,78 F4 0D 43 74 75 21 42 10 99 8A 42
1788592494.787174,34680,0097,12,DA 4C 07 43 3D 5F 4A 42 77 7D 88 42
1788592494.797720,34680,0098,12,7D 68 05 43 82 48 5C 42 2F EB 8B 42
1788592494.808308,34680,0099,12,E1 5C 00 43 B9 04 6F 42 33 3D 94 42
1788592494.818787,34680,009a,12,A0 AA F3 42 37 51 75 42 1C A1 8B 42
1788592494.829650,34680,009b,12,79 18 F1 42 AB 4A 8E 42 3E F1 90 42
1788592494.840244,34680,009c,12,DB F6 DF 42 57 1B 8E 42 C3 DD 94 42
1788592494.850831,34680,009d,12,0C 26 DC 42 9F DD A6 42 72 8B 96 42
1788592494.861759,34680,009e,12,4C 40 C8 42 AE F2 9F 42 5B F1 9B 42
1788592494.872401,34680,009f,12,3D DB CC 42 F4 79 A2 42 E0 E7 9B 42
1788592494.882900,34680,00a0,12,A5 12 BD 42 65 D0 9F 42 30 EB 9B 42
1788592494.893534,34680,00a1,12,F2 65 B0 42 64 13 9E 42 13 A0 99 42
1788592494.903918,34680,00a2,12,25 E3 AD 42 EC C3 96 42 DA FB 9F 42
1788592494.914608,34680,00a3,12,AC AF A0 42 DC 48 8F 42 55 DD 9F 42
1788592494.925113,34680,00a4,12,02 E9 98 42 51 D3 86 42 DB 7F A5 42
1788592494.936329,34680,00a5,12,52 A0 8F 42 85 8A 79 42 BE 51 A2 42
1788592494.947053,34680,00a6,12,49 CC 81 42 71 FE 53 42 F6 03 A9 42
1788592494.959722,34680,00a7,12,E1 2D 8D 42 A8 B1 26 42 94 6A A7 42
1788592494.970665,34680,00a8,12,22 FB 6B 42 8B A4 2C 42 29 4A B8 42
1788592494.981180,34680,00a9,12,E4 F8 6D 42 66 A8 18 42 AF 78 B6 42
1788592494.997218,34680,00aa,12,EF D1 57 42 54 20 0B 42 82 BC B6 42
1788592495.007641,34680,00ab,12,D7 DE 58 42 84 4C E7 41 3C 4A B8 42
1788592495.018035,34680,00ac,12,1E EF 4E 42 09 08 C2 41 0E EF B5 42
1788592495.028653,34680,00ad,12,94 CE 4E 42 15 01 9A 41 7B 2C B4 42
1788592495.039242,34680,00ae,12,EF BC 4C 42 64 9C 95 41 9E 47 BC 42
1788592495.049828,34680,00af,12,BB F7 50 42 AE D9 96 41 D8 24 BA 42
1788592495.061214,34680,00b0,12,0F 1E 3F 42 51 24 A3 41 17 FD B6 42
1788592495.071928,34680,00b1,12,5F 37 45 42 0D 64 BE 41 18 57 BB 42
1788592495.082474,34680,00b2,12,6E C8 5A 42 91 33 DA 41 B3 CC BF 42
1788592495.093145,34680,00b3,12,34 66 68 42 0E 45 F3 41 95 0E C3 42
1788592495.103751,34680,00b4,12,71 A3 66 42 F3 6D 08 42 80 87 C4 42
1788592495.115448,34680,00b5,12,6A 43 78 42 16 6A 24 42 14 A6 C5 42
1788592495.136306,34680,00b6,12,CD 56 74 42 E4 AD 44 42 7A 68 C7 42
1788592495.147196,34680,00b7,12,13 F8 89 42 10 0D 4B 42 F7 1A CC 42
1788592495.157806,34680,00b8,12,78 5D 8D 42 43 AD 73 42 55 71 CE 42
1788592495.168391,34680,00b9,12,EC EB 96 42 D1 AE 7E 42 DF 82 D4 42
1788592495.179491,34680,00ba,12,B3 DC 9D 42 77 1F 8F 42 81 A8 CA 42
1788592495.190098,34680,00bb,12,9C 70 A3 42 04 C6 8A 42 A8 BF DC 42
1788592495.200614,34680,00bc,12,1C 62 AE 42 D9 89 97 42 08 12 D0 42
1788592495.211130,34680,00bd,12,DD 9C B9 42 8F 72 9B 42 6B B3 D4 42
1788592495.221607,34680,00be,12,7E CD BF 42 47 B6 9F 42 3A 8A D7 42
1788592495.232151,34680,00bf,12,30 80 C7 42 68 DA A5 42 4B F3 DC 42
1788592495.243054,34680,00c0,12,9F 2C D2 42 5D F2 9A 42 77 9F E1 42
1788592495.253979,34680,00c1,12,3C 1E DB 42 56 D4 9D 42 3D 83 E0 42
1788592495.264570,34680,00c2,12,2B D1 E7 42 B0 6A 96 42 E9 C5 E3 42
1788592495.275142,34680,00c3,12,05 F9 E4 42 73 39 88 42 4A 4D E3 42
1788592495.285713,34680,00c4,12,6F 35 FB 42 81 48 84 42 3D 54 DD 42
1788592495.296347,34680,00c5,12,73 74 00 43 30 1B 75 42 79 15 E8 42
1788592495.306888,34680,00c6,12,8F 15 07 43 C3 D1 59 42 C9 4E EF 42
1788592495.317532,34680,00c7,12,A0 29 0B 43 05 C2 43 42 52 06 EA 42
1788592495.328227,34680,00c8,12,F4 62 0C 43 90 00 18 42 26 13 E7 42
1788592495.339086,34680,00c9,12,45 A9 0E 43 EF 10 21 42 E1 B1 EF 42
1788592495.349700,34680,00ca,12,CB 05 12 43 27 4B DA 41 AC 33 B2 41
1788592495.360318,34680,00cb,12,4E 30 12 43 27 BB CB 41 2F 68 98 41
1788592495.370871,34680,00cc,12,6A B2 12 43 1B D8 CA 41 BE BC AE 41
1788592495.381672,34680,00cd,12,22 23 16 43 0E 48 9B 41 5D 94 BB 41
1788592495.392242,34680,00ce,12,CE 5A 14 43 6C 5D 99 41 5C 24 D0 41
1788592495.402786,34680,00cf,12,21 02 16 43 7E 32 A1 41 3D 8B D7 41
1788592495.413656,34680,00d0,12,09 7A 14 43 1C 76 B0 41 29 0F D3 41
1788592495.425629,34680,00d1,12,03 88 14 43 0C FF D4 41 C7 34 DD 41
1788592495.436709,34680,00d2,12,14 20 13 43 1F F1 CD 41 AB B3 E4 41
1788592495.447215,34680,00d3,12,8A 24 10 43 AA 47 12 42 F3 B7 DE 41
1788592495.457728,34680,00d4,12,83 72 0D 43 0B BE 1C 42 D6 DC F8 41
1788592495.468237,34680,00d5,12,21 D5 09 43 96 2D 33 42 1B CC F8 41
1788592495.478846,34680,00d6,12,6D 8B 07 43 48 DC 4C 42 2B D8 03 42
1788592495.489559,34680,00d7,12,E9 30 05 43 6F 0D 5E 42 AD 50 03 42
1788592495.500007,34680,00d8,12,6D B0 01 43 18 AC 73 42 45 AC ED 41
1788592495.510601,34680,00d9,12,CA 61 F9 42 A8 CF 80 42 7F D1 14 42
1788592495.521188,34680,00da,12,C0 65 F5 42 D1 AF 96 42 C3 51 10 42
1788592495.532374,34680,00db,12,A6 4D E4 42 22 58 98 42 B9 27 17 42
1788592495.542928,34680,00dc,12,93 C3 D7 42 E8 90 94 42 05 DF 0B 42
1788592495.559720,34680,00dd,12,BE 80 D1 42 90 46 A0 42 B6 08 1D 42
1788592495.570206,34680,00de,12,65 B9 C3 42 7F 52 AB 42 7B 79 2F 42
1788592495.580801,34680,00df,12,91 D5 BD 42 EA 77 9F 42 7F 93 11 42
1788592495.591884,34680,00e0,12,40 67 B3 42 50 04 98 42 17 2D 26 42
1788592495.603102,34680,00e1,12,BF 14 A6 42 47 57 95 42 4F 4E 2A 42
1788592495.613816,34680,00e2,12,B9 71 9D 42 C0 ED 89 42 70 6C 32 42
1788592495.625651,34680,00e3,12,F1 B9 91 42 76 4B 84 42 1E 1C 34 42
1788592495.636338,34680,00e4,12,79 FF 8F 42 E0 75 6F 42 C9 D8 38 42
1788592495.646955,34680,00e5,12,E3 E5 86 42 CD 7D 64 42 1E 86 45 42
1788592495.658154,34680,00e6,12,74 85 86 42 AF 58 4B 42 15 46 35 42
1788592495.668779,34680,00e7,12,AA 08 7C 42 7A B4 2D 42 ED D2 41 42
1788592495.679783,34680,00e8,12,3D EE 6E 42 8F A6 14 42 D3 61 46 42
1788592495.690340,34680,00e9,12,87 B8 60 42 4C 9A F7 41 ED 4D 5E 42
1788592495.700841,34680,00ea,12,6C F8 59 42 38 2C C9 41 9A EF 47 42
1788592495.711336,34680,00eb,12,9D 95 58 42 86 20 C6 41 D0 B6 52 42
1788592495.722153,34680,00ec,12,DF 22 4E 42 DE 02 90 41 2F D5 6A 42
1788592495.732857,34680,00ed,12,50 9D 58 42 D1 84 93 41 B3 A3 52 42
1788592495.743438,34680,00ee,12,03 B3 52 42 1D FF B0 41 57 E3 4D 42
1788592495.754000,34680,00ef,12,FE C6 43 42 E4 87 B3 41 24 21 70 42
1788592495.764546,34680,00f0,12,D9 EF 53 42 AC A8 98 41 36 15 61 42
1788592495.778291,34680,00f1,12,29 0B 55 42 34 73 D6 41 D2 1A 6F 42
1788592495.788848,34680,00f2,12,96 C8 4D 42 43 A5 FB 41 E6 48 72 42
1788592495.799456,34680,00f3,12,94 17 66 42 C9 12 13 42 F7 CB 6E 42
1788592495.809905,34680,00f4,12,7D 42 6D 42 90 93 26 42 14 81 6F 42
1788592495.821070,34680,00f5,12,23 87 70 42 C7 40 37 42 A4 3A 76 42
1788592495.831601,34680,00f6,12,1B F1 83 42 A7 7A 56 42 A3 EF 86 42
1788592495.842288,34680,00f7,12,D9 95 8D 42 06 78 75 42 9B 66 86 42
1788592495.852721,34680,00f8,12,ED E7 94 42 A3 D0 83 42 4B E3 81 42
1788592495.863276,34680,00f9,12,D3 E1 A1 42 E9 C9 87 42 86 AE 7C 42
1788592495.873776,34680,00fa,12,55 43 A7 42 E2 12 90 42 43 CD 85 42
1788592495.884291,34680,00fb,12,34 8B AD 42 E8 57 97 42 38 A5 89 42
1788592495.894834,34680,00fc,12,57 D5 B8 42 55 03 9E 42 5B 57 90 42
1788592495.905347,34680,00fd,12,91 1A C2 42 0E F5 9A 42 52 3C 81 42
1788592495.915782,34680,00fe,12,E3 AE D1 42 FA AA 9C 42 0D C6 8C 42
1788592495.926299,34680,00ff,12,66 D3 DA 42 61 E5 A1 42 7C 4C 91 42
1788592495.936836,34680,0100,12,F0 CF E0 42 C9 65 94 42 67 4A 93 42
1788592495.947579,34680,0101,12,B2 9A DF 42 B8 18 90 42 F6 73 94 42
1788592495.958196,34680,0102,12,C7 23 EC 42 3D B3 84 42 C5 E1 93 42
1788592495.968810,34680,0103,12,C8 C5 F6 42 CA 56 7B 42 2C AF 9B 42
1788592495.979291,34680,0104,12,54 59 03 43 ED C0 61 42 0C 53 A0 42
1788592495.990423,34680,0105,12,53 73 06 43 52 81 49 42 7F 0B 9D 42
1788592496.001260,34680,0106,12,7B 21 09 43 92 5E 3A 42 62 98 9D 42
1788592496.012948,34680,0107,12,5E 93 09 43 42 35 18 42 B8 50 A2 42
1788592496.023668,34680,0108,12,51 C5 0E 43 96 67 12 42 46 F6 A3 42
1788592496.034357,34680,0109,12,17 67 10 43 99 8D 01 42 78 3A AA 42
1788592496.044889,34680,010a,12,43 C3 10 43 22 CC C5 41 16 09 A8 42
1788592496.055420,34680,010b,12,0F F8 14 43 66 08 CA 41 FD 1B AD 42
1788592496.066132,34680,010c,12,AE 15 15 43 DF 82 A2 41 07 01 AF 42
1788592496.076903,34680,010d,12,E0 F3 14 43 D3 A1 C4 41 7D 88 B3 42
1788592496.087490,34680,010e,12,0C F4 17 43 27 00 B5 41 37 38 AC 42
1788592496.097962,34680,010f,12,A2 85 17 43 9D E0 BF 41 85 6A B0 42
1788592496.108662,34680,0110,12,34 18 15 43 54 0B D0 41 C3 59 B5 42
1788592496.119659,34680,0111,12,FC 64 12 43 90 4A BE 41 59 45 B4 42
1788592496.130442,34680,0112,12,88 42 0F 43 6C AC 08 42 20 38 BB 42
1788592496.140988,34680,0113,12,32 3A 0D 43 34 E9 17 42 BF 8D C0 42
1788592496.151636,34680,0114,12,A6 97 0B 43 95 81 34 42 03 D5 BA 42
1788592496.162214,34680,0115,12,DB BF 06 43 E5 3C 5A 42 4E BC B8 42
1788592496.172913,34680,0116,12,1C A1 FD 42 46 6D 59 42 11 5B BA 42
1788592496.183511,34680,0117,12,91 81 FB 42 31 A6 6E 42 71 54 C6 42
1788592496.194090,34680,0118,12,2E F2 F0 42 0A E5 86 42 4A D9 C8 42
1788592496.204576,34680,0119,12,4E B6 EE 42 00 01 90 42 13 29 CE 42
1788592496.215142,34680,011a,12,D5 32 E3 42 26 AF 96 42 9E 4D CA 42
1788592496.225832,34680,011b,12,D3 4B DB 42 29 80 9D 42 09 07 CC 42
1788592496.236547,34680,011c,12,D8 B8 D4 42 75 F1 9E 42 64 97 C8 42
1788592496.250512,34680,011d,12,E1 60 BF 42 61 A5 A5 42 71 43 CD 42
1788592496.261063,34680,011e,12,7F EC BF 42 73 F9 9A 42 AE 2A CF 42
1788592496.272384,34680,011f,12,CE 4F B1 42 7B DB 9C 42 CD D0 D9 42
1788592496.283134,34680,0120,12,AF 04 AA 42 0A EE 8E 42 66 88 D7 42
1788592496.293902,34680,0121,12,D1 D3 A4 42 C8 79 84 42 5C 8B DB 42
1788592496.304946,34680,0122,12,3A C8 94 42 A4 56 84 42 EF C2 D7 42
1788592496.315403,34680,0123,12,BB 96 8E 42 E8 7F 75 42 9C BC D4 42
1788592496.326064,34680,0124,12,8D 1C 8D 42 B7 D9 5B 42 3E 28 DD 42
1788592496.336874,34680,0125,12,1C D1 77 42 9B 62 43 42 F1 E3 DF 42
1788592496.347402,34680,0126,12,78 79 6E 42 24 0A 1F 42 42 52 DA 42
1788592496.357996,34680,0127,12,38 DA 63 42 B9 F9 0A 42 5C 47 E5 42
1788592496.368397,34680,0128,12,52 83 66 42 B9 06 FE 41 54 00 E2 42
1788592496.379043,34680,0129,12,9F FF 55 42 3B E1 BF 41 8C 79 E0 42
1788592496.389966,34680,012a,12,56 70 56 42 87 73 BF 41 00 A7 EA 42
1788592496.400629,34680,012b,12,1E 1F 4E 42 63 0E B8 41 B9 53 EB 42
1788592496.411330,34680,012c,12,E2 E6 44 42 C8 3A B8 41 D9 48 ED 42
1788592496.421883,34680,012d,12,18 65 3A 42 D3 1F 95 41 27 20 F3 42
1788592496.432406,34680,012e,12,A1 19 57 42 AE E1 AC 41 C1 CD 9D 41
1788592496.442864,34680,012f,12,B5 EA 55 42 42 3F C6 41 04 07 B3 41
1788592496.453508,34680,0130,12,BA D5 64 42 DA 5F E6 41 14 72 A9 41
1788592496.464049,34680,0131,12,D3 8C 55 42 ED E4 FA 41 24 D0 A7 41
1788592496.489179,34680,0132,12,DB FB 68 42 CF 2B 13 42 9D 0B BD 41
1788592496.499534,34680,0133,12,82 DE 69 42 D8 24 24 42 09 A7 C1 41
1788592496.517006,34680,0134,12,86 C2 81 42 02 DF 4A 42 0C 7E E7 41
1788592496.527894,34680,0135,12,F7 9D 86 42 27 9E 5A 42 34 C5 F1 41
1788592496.538351,34680,0136,12,DF 9E 8A 42 08 46 6E 42 E7 66 F7 41
1788592496.548856,34680,0137,12,AD 9F 9D 42 E8 49 82 42 EA F0 EE 41
1788592496.559444,34680,0138,12,70 EC A0 42 5E 6A 89 42 E1 87 C7 41
1788592496.569969,34680,0139,12,ED 5F A9 42 28 14 91 42 F8 CA E1 41
1788592496.580624,34680,013a,12,D6 06 B3 42 60 42 A2 42 C4 B8 FB 41
1788592496.591177,34680,013b,12,90 70 BF 42 AF E8 A3 42 6B 85 0C 42
1788592496.601841,34680,013c,12,27 8F C6 42 91 57 A3 42 6B 07 0E 42
1788592496.612218,34680,013d,12,CE C6 CD 42 83 66 9A 42 01 8C 0D 42
1788592496.623324,34680,013e,12,DD DB D4 42 00 09 97 42 77 AF 15 42
1788592496.633893,34680,013f,12,A3 C3 DB 42 6D 73 9A 42 4C C2 0A 42
1788592496.644395,34680,0140,12,4C 2F EC 42 52 A4 8D 42 D5 AE 14 42
1788592496.654915,34680,0141,12,80 DF F8 42 78 19 86 42 DA 61 1A 42
1788592496.665428,34680,0142,12,61 B4 FF 42 BE 2D 6E 42 B9 A4 25 42
1788592496.675849,34680,0143,12,01 EF 01 43 E9 47 5F 42 79 89 26 42
1788592496.686429,34680,0144,12,14 3D 0A 43 B9 60 52 42 52 FC 26 42
1788592496.699946,34680,0145,12,0B 05 0A 43 F9 8D 2C 42 C0 AA 32 42
1788592496.714608,34680,0146,12,CE 27 0E 43 E1 90 2D 42 0A F8 23 42
1788592496.725179,34680,0147,12,70 BA 11 43 9F BB 07 42 FA 0A 2A 42
1788592496.736305,34680,0148,12,DE 23 13 43 5C A8 E4 41 C8 1C 32 42
1788592496.746852,34680,0149,12,5B 5D 0F 43 CE 0E BA 41 79 1C 40 42
1788592496.757386,34680,014a,12,99 CB 15 43 32 BC 91 41 77 B9 43 42
1788592496.770201,34680,014b,12,E2 E2 12 43 08 75 A8 41 26 2C 3E 42
1788592496.780684,34680,014c,12,7F D8 13 43 CC 2D A0 41 90 3E 46 42
1788592496.791158,34680,014d,12,AD 93 13 43 25 A4 B0 41 7B 06 5A 42
1788592496.801653,34680,014e,12,B7 78 16 43 BE 8A B0 41 42 21 54 42
1788592496.812924,34680,014f,12,E6 F6 11 43 E6 77 C5 41 4A 1C 4B 42
1788592496.823406,34680,0150,12,9D 97 12 43 27 AD 01 42 62 C3 4D 42
1788592496.834424,34680,0151,12,64 71 12 43 49 87 FB 41 D6 15 62 42
1788592496.844592,34680,0152,12,43 9B 0C 43 5E 93 29 42 5A 1E 63 42
1788592496.854926,34680,0153,12,EB 5B 0B 43 B0 30 2D 42 22 44 68 42
1788592496.865368,34680,0154,12,0E 23 02 43 9D 00 61 42 76 A4 63 42
1788592496.875821,34680,0155,12,FB 2F 01 43 10 3F 6C 42 36 5E 76 42
1788592496.886308,34680,0156,12,0D 41 FB 42 22 FE 74 42 EC 9C 73 42
1788592496.896903,34680,0157,12,35 85 F2 42 C6 12 87 42 71 E8 78 42
1788592496.907268,34680,0158,12,FF 04 E7 42 EB EF 8E 42 82 51 74 42
1788592496.918025,34680,0159,12,61 EA DE 42 4A 14 98 42 2A 3F 78 42
1788592496.928565,34680,015a,12,87 EE D3 42 F1 45 9E 42 48 2F 85 42
1788592496.939118,34680,015b,12,B3 E2 CD 42 7B 1F A0 42 56 56 7A 42
1788592496.949697,34680,015c,12,2B 74 C5 42 25 66 9A 42 0C 78 85 42
1788592496.960241,34680,015d,12,BB 4D B9 42 9F DE A1 42 35 49 7B 42
1788592496.970947,34680,015e,12,E1 33 B1 42 DE B7 A2 42 37 3E 8A 42
1788592496.981372,34680,015f,12,69 7A A9 42 7D E9 92 42 69 18 88 42
1788592496.991936,34680,0160,12,FF 94 9A 42 13 95 8B 42 F6 D9 89 42
1788592497.002610,34680,0161,12,FE C4 8B 42 F0 75 77 42 7B 21 8A 42
1788592497.013012,34680,0162,12,0E D7 86 42 9B A6 6A 42 3E 54 8B 42
1788592497.023609,34680,0163,12,59 83 80 42 BB 92 4F 42 3A FE 94 42
1788592497.034123,34680,0164,12,E8 DD 7B 42 44 54 40 42 62 FC 91 42
1788592497.044745,34680,0165,12,4D DD 6F 42 64 0C 24 42 FC C3 9A 42
1788592497.055372,34680,0166,12,8D 2A 52 42 13 AA 0D 42 80 4B 9B 42
1788592497.065953,34680,0167,12,C0 46 56 42 18 4F FC 41 85 7A 9A 42
1788592497.076585,34680,0168,12,9B B2 58 42 09 E0 C2 41 5B 52 9D 42
1788592497.087024,34680,0169,12,BF D8 4A 42 21 05 AA 41 5B AD A7 42
1788592497.097735,34680,016a,12,4E 78 47 42 B8 9A 89 41 2C E2 A4 42
1788592497.108199,34680,016b,12,8D 88 3F 42 84 14 B6 41 99 AF A9 42
1788592497.118746,34680,016c,12,FF AB 54 42 76 56 B3 41 DB E2 A8 42
1788592497.129298,34680,016d,12,AC 0E 4E 42 0C 5A A5 41 AC 8A A7 42
1788592497.139869,34680,016e,12,8A CE 4C 42 34 65 A9 41 E4 2C A7 42
1788592497.150549,34680,016f,12,81 78 4C 42 9E 05 EE 41 1E D6 AB 42
1788592497.161159,34680,0170,12,C3 44 64 42 42 8D 04 42 42 F4 AC 42
1788592497.171971,34680,0171,12,E5 AE 63 42 98 4C 13 42 A9 5D AE 42
1788592497.182643,34680,0172,12,EF 88 74 42 1E A5 24 42 41 7E AC 42
1788592497.193385,34680,0173,12,C8 E5 7D 42 FF 36 3C 42 39 C0 AD 42
1788592497.204060,34680,0174,12,51 E9 87 42 7E C9 5A 42 E9 79 B1 42
1788592497.214806,34680,0175,12,AC 68 8C 42 B8 78 72 42 B3 A7 BA 42
1788592497.225166,34680,0176,12,2E C1 9A 42 70 0C 81 42 DE E7 B9 42
1788592497.235698,34680,0177,12,09 2F A0 42 9A B2 89 42 08 AB BB 42
1788592497.246237,34680,0178,12,27 84 AA 42 53 7F 97 42 4C D9 C2 42
1788592497.256907,34680,0179,12,CC EB BA 42 9A 7B 9A 42 C7 A6 BB 42
1788592497.267363,34680,017a,12,50 1F BA 42 FA 9A 9D 42 ED C7 C4 42
1788592497.277877,34680,017b,12,13 DD CA 42 2F FA A1 42 4C FE BA 42
1788592497.288499,34680,017c,12,86 E1 CD 42 3C 26 9A 42 FC D6 C3 42
1788592497.299158,34680,017d,12,9F 46 DA 42 89 A4 A3 42 84 B0 CA 42
1788592497.309850,34680,017e,12,93 12 E6 42 33 9B 93 42 1B 63 D2 42
1788592497.320451,34680,017f,12,2F D7 EF 42 6D B4 8F 42 A9 3D CD 42
1788592497.330989,34680,0180,12,15 7C 01 43 F9 D8 86 42 B1 EE BE 42
1788592497.342021,34680,0181,12,2A 0E FD 42 21 A0 66 42 9E F0 CB 42
1788592497.352761,34680,0182,12,9C 26 06 43 6E 68 64 42 C2 CC D1 42
1788592497.363315,34680,0183,12,44 C9 0A 43 0A A3 43 42 66 19 DA 42
1788592497.373918,34680,0184,12,60 8B 0B 43 A6 5B 35 42 3B EF CF 42
1788592497.384463,34680,0185,12,31 93 0F 43 F9 01 06 42 A0 7B D6 42
1788592497.394986,34680,0186,12,EE 6E 0F 43 80 79 00 42 7D FA D7 42
1788592497.405479,34680,0187,12,18 96 13 43 3E 82 C1 41 3C CC D5 42
1788592497.416045,34680,0188,12,7F F6 14 43 2D 18 B5 41 D5 41 DF 42
1788592497.426694,34680,0189,12,08 E5 15 43 B4 01 92 41 2C 72 DF 42
1788592497.437505,34680,018a,12,99 0E 16 43 BB 1F 97 41 64 45 E1 42
1788592497.448134,34680,018b,12,BF C3 15 43 2E 03 83 41 36 74 E3 42
1788592497.458960,34680,018c,12,6E DC 17 43 08 3B 94 41 BB 40 EA 42
1788592497.469505,34680,018d,12,DC B0 15 43 7A B2 B4 41 20 17 EA 42
1788592497.480090,34680,018e,12,96 FF 10 43 16 05 C1 41 53 5B E6 42
1788592497.490874,34680,018f,12,CA F8 0C 43 F8 F0 E6 41 A0 AC EB 42
1788592497.501208,34680,0190,12,7C 76 0F 43 DC F2 04 42 95 3F E7 42
1788592497.511875,34680,0191,12,07 5C 0D 43 77 DF 21 42 4E 9C F1 42
1788592497.522518,34680,0192,12,A2 19 0B 43 9C 58 43 42 42 C1 B7 41
1788592497.533164,34680,0193,12,0C 50 03 43 51 9B 4C 42 07 A7 AB 41
1788592497.543747,34680,0194,12,64 CD F9 42 75 0A 73 42 79 AF CC 41
1788592497.554217,34680,0195,12,A7 A5 FF 42 7E 65 71 42 8A AE B2 41
1788592497.564734,34680,0196,12,EB 43 F2 42 2F DF 89 42 24 E2 C2 41
1788592497.575408,34680,0197,12,60 35 F3 42 9C AE 8F 42 DB 49 DB 41
1788592497.586067,34680,0198,12,9D 09 E2 42 10 AD 9B 42 35 8E BB 41
1788592497.596590,34680,0199,12,39 EA DE 42 FF B2 9A 42 D0 51 CA 41
1788592497.607142,34680,019a,12,59 58 D1 42 D5 52 9D 42 2B 73 DE 41
1788592497.617688,34680,019b,12,AB A7 C3 42 D6 2E A3 42 E0 E8 D2 41
1788592497.628364,34680,019c,12,4A 29 B8 42 68 AE 9C 42 3C A5 E6 41
1788592497.639034,34680,019d,12,65 D4 B0 42 CC C4 98 42 BA C5 02 42
1788592497.649452,34680,019e,12,4F AA A3 42 FE 63 92 42 50 D8 F4 41
1788592497.660017,34680,019f,12,8C BB 9C 42 05 0F 86 42 63 15 0A 42
1788592497.670521,34680,01a0,12,36 4B 8D 42 C5 57 81 42 EB C7 04 42
1788592497.681177,34680,01a1,12,10 3F 85 42 2F BA 63 42 D7 D0 0C 42
1788592497.691763,34680,01a2,12,CC 46 82 42 78 3A 51 42 F0 A3 28 42
1788592497.702403,34680,01a3,12,08 03 79 42 20 47 31 42 79 7E 0E 42
1788592497.712849,34680,01a4,12,D6 69 75 42 48 B1 1A 42 92 49 24 42
1788592497.723435,34680,01a5,12,50 16 5E 42 8D A7 0E 42 80 70 11 42
1788592497.733937,34680,01a6,12,F5 59 6A 42 F0 03 05 42 24 CE 1C 42
1788592497.744462,34680,01a7,12,3B 7B 54 42 D9 17 AA 41 56 5E 1D 42
1788592497.755375,34680,01a8,12,3F 1F 54 42 60 3F 98 41 D9 3B 18 42
1788592497.765955,34680,01a9,12,D3 25 4C 42 C1 8A A6 41 3C A2 2A 42
1788592497.776497,34680,01aa,12,05 7A 4C 42 82 90 A1 41 B3 94 2E 42
1788592497.787655,34680,01ab,12,FF 61 35 42 F4 21 A7 41 AF D8 31 42
1788592497.798151,34680,01ac,12,45 1D 47 42 2C B9 92 41 07 B0 40 42
1788592497.808694,34680,01ad,12,66 5A 54 42 FA 2F B6 41 73 4E 3B 42
1788592497.819283,34680,01ae,12,A8 31 63 42 25 14 DC 41 7C EF 38 42
1788592497.829783,34680,01af,12,09 F0 5E 42 79 76 03 42 DD EF 3C 42
1788592497.840323,34680,01b0,12,CD 9C 70 42 D6 81 1A 42 DE 6D 51 42
1788592497.850855,34680,01b1,12,40 CD 76 42 4A BB 34 42 29 E3 42 42
1788592497.861765,34680,01b2,12,28 73 82 42 E9 6D 54 42 23 C8 55 42
1788592497.872445,34680,01b3,12,29 13 86 42 28 28 6B 42 81 B0 51 42
1788592497.883241,34680,01b4,12,02 30 8D 42 CA 34 82 42 F1 6C 58 42
1788592497.893954,34680,01b5,12,FC 4E 9B 42 F3 7F 86 42 6B 04 5A 42
1788592497.904491,34680,01b6,12,1A 55 9D 42 37 B9 93 42 B7 AD 5B 42
1788592497.915184,34680,01b7,12,7B 48 AE 42 A9 98 8E 42 74 31 69 42
1788592497.925817,34680,01b8,12,E9 5B B6 42 1B F6 98 42 97 80 5C 42
1788592497.936368,34680,01b9,12,0A 24 BF 42 15 10 A1 42 99 4C 70 42
1788592497.946949,34680,01ba,12,87 F0 C0 42 7B DF 98 42 61 FE 6B 42
1788592497.957572,34680,01bb,12,EE BF D9 42 C2 DB 9A 42 B7 64 75 42
1788592497.968425,34680,01bc,12,A1 F1 DC 42 4D 60 9C 42 59 E7 72 42
1788592497.978976,34680,01bd,12,48 C3 E7 42 7D B3 95 42 8B 20 82 42
1788592497.989697,34680,01be,12,13 6A EE 42 E8 43 8D 42 0B 31 82 42
1788592498.000219,34680,01bf,12,B1 8C F5 42 D1 D9 86 42 B0 98 7E 42
1788592498.010817,34680,01c0,12,69 0F 01 43 23 8F 73 42 47 16 82 42
1788592498.021415,34680,01c1,12,5F 13 00 43 67 84 50 42 71 6D 8B 42
1788592498.031986,34680,01c2,12,E8 68 08 43 39 F8 41 42 D8 E2 8A 42
1788592498.042690,34680,01c3,12,38 BE 0E 43 C2 79 29 42 49 6B 90 42
1788592498.053267,34680,01c4,12,07 4F 13 43 3C AF FF 41 C6 F0 8B 42
1788592498.063819,34680,01c5,12,30 4E 12 43 2C 4A 08 42 2A 7E 8B 42
1788592498.075067,34680,01c6,12,B0 14 17 43 22 C4 C6 41 D8 68 8B 42
1788592498.085567,34680,01c7,12,52 4D 15 43 55 32 C7 41 77 75 93 42
1788592498.096222,34680,01c8,12,16 3C 15 43 37 93 CD 41 6D 4B 8F 42
1788592498.106872,34680,01c9,12,8C 67 17 43 E2 9B AA 41 81 34 95 42
1788592498.117350,34680,01ca,12,A2 26 13 43 1E 24 B4 41 9D EF 93 42
1788592498.127852,34680,01cb,12,2B 6F 17 43 D0 70 AA 41 99 D2 99 42
1788592498.138422,34680,01cc,12,02 65 13 43 34 FE B6 41 B1 4D 93 42
1788592498.149032,34680,01cd,12,DA 83 15 43 70 F8 C2 41 52 38 A7 42
1788592498.159792,34680,01ce,12,00 C8 0F 43 0B FB EC 41 0F E2 9D 42
1788592498.170887,34680,01cf,12,1A 6A 10 43 F4 82 20 42 03 6B A2 42
1788592498.181517,34680,01d0,12,37 BB 0D 43 29 A2 36 42 82 D4 A4 42
1788592498.192010,34680,01d1,12,5E DF 08 43 EF 8A 4A 42 9C E6 A6 42
1788592498.202805,34680,01d2,12,8E 1E 08 43 B6 7B 5A 42 D0 AA A9 42
1788592498.213445,34680,01d3,12,AA 72 00 43 97 CE 77 42 69 CD AA 42
1788592498.224031,34680,01d4,12,6E B1 F8 42 01 44 8A 42 FE 3B AD 42
1788592498.235005,34680,01d5,12,B8 B5 F0 42 3C 04 8A 42 A7 EE AE 42
1788592498.245576,34680,01d6,12,BC 5F E8 42 17 2E 93 42 B3 12 AF 42
1788592498.256146,34680,01d7,12,48 1E DE 42 26 F5 93 42 29 05 AF 42
1788592498.266672,34680,01d8,12,45 EC D5 42 D3 BB 9D 42 AD 11 B5 42
1788592498.277317,34680,01d9,12,77 FD C1 42 66 19 9C 42 51 39 BD 42
1788592498.287741,34680,01da,12,D2 56 C0 42 AB 69 96 42 37 A4 BA 42
1788592498.298500,34680,01db,12,70 BB B7 42 E5 09 9A 42 D2 1D BD 42
1788592498.308822,34680,01dc,12,81 B4 A8 42 D5 8B 99 42 DE A7 C0 42
1788592498.339842,34680,01dd,12,82 46 9A 42 2F 9D 93 42 EB 2D C7 42
1788592498.350851,34680,01de,12,BE 08 A5 42 FC B9 84 42 7B 6E C2 42
1788592498.361375,34680,01df,12,F1 E7 93 42 B8 00 82 42 76 8B BE 42
1788592498.371986,34680,01e0,12,82 53 87 42 9B 21 62 42 87 5E C7 42
1788592498.382613,34680,01e1,12,BB F8 83 42 EB 48 55 42 CF A4 C6 42
1788592498.393333,34680,01e2,12,27 F9 6F 42 1E 27 2C 42 5B 13 CB 42
1788592498.404151,34680,01e3,12,39 34 72 42 31 3A 1D 42 B2 86 D1 42
1788592498.414745,34680,01e4,12,86 89 65 42 9A 6B 11 42 79 19 CE 42
1788592498.425393,34680,01e5,12,1D AB 5C 42 AA F6 D8 41 25 71 CA 42
1788592498.438830,34680,01e6,12,0E F0 4B 42 C6 53 CB 41 E9 3D D0 42
1788592498.450336,34680,01e7,12,07 20 4E 42 EA 08 A0 41 5A 30 D0 42
1788592498.461057,34680,01e8,12,18 EB 5B 42 A8 90 AE 41 B7 50 CF 42
1788592498.471464,34680,01e9,12,80 2F 4F 42 77 DA B1 41 05 3E D7 42
1788592498.482086,34680,01ea,12,0C CC 4B 42 74 FD B3 41 DA 21 D2 42
1788592498.492774,34680,01eb,12,65 C4 52 42 2F F2 B2 41 D8 F4 D9 42
1788592498.503478,34680,01ec,12,06 BD 50 42 BA F4 C2 41 0F 82 D9 42
1788592498.514025,34680,01ed,12,30 D0 4D 42 45 FF DF 41 98 22 DB 42
1788592498.524698,34680,01ee,12,0C 3B 6C 42 C5 74 05 42 1E 93 E8 42
1788592498.535241,34680,01ef,12,B1 B3 7E 42 99 A1 20 42 33 D3 E3 42
1788592498.545819,34680,01f0,12,4B 54 81 42 47 BD 2C 42 11 3E E6 42
1788592498.556358,34680,01f1,12,2E 64 88 42 1B E6 3F 42 B5 7A E8 42
1788592498.567015,34680,01f2,12,AD B7 87 42 88 CF 62 42 1A F2 E9 42
1788592498.577516,34680,01f3,12,C0 65 91 42 10 3C 7C 42 AD 5C ED 42
1788592498.588181,34680,01f4,12,98 62 9D 42 91 F8 86 42 41 9F EE 42
1788592498.598867,34680,01f5,12,D7 96 9F 42 31 16 93 42 0C 62 EC 42
1788592498.609396,34680,01f6,12,DF 9F AC 42 FB E6 99 42 F9 FA A2 41
1788592498.620033,34680,01f7,12,59 57 B1 42 18 E8 99 42 26 02 BA 41
1788592498.630647,34680,01f8,12,08 69 C0 42 A8 F1 A3 42 93 02 B4 41
1788592498.641185,34680,01f9,12,55 B8 D4 42 8A 45 9F 42 4D 8C B8 41
1788592498.653123,34680,01fa,12,4A 6B D6 42 93 45 A3 42 69 38 C4 41
1788592498.663657,34680,01fb,12,E1 81 DC 42 81 FF 99 42 4A 07 B6 41
1788592498.674105,34680,01fc,12,4F 31 EA 42 AC BD 99 42 6D A4 CC 41
1788592498.684768,34680,01fd,12,08 5E F6 42 B8 47 86 42 2B 78 D3 41
1788592498.695413,34680,01fe,12,CC 2A FD 42 16 8B 82 42 AE E4 C6 41
1788592498.706239,34680,01ff,12,B6 0B 01 43 8D 9E 69 42 8D 72 E9 41
1788592498.717000,34680,0200,12,24 6A 05 43 B1 8E 49 42 6F 5F DC 41
1788592498.727674,34680,0201,12,B2 29 07 43 D4 0E 3D 42 AE 8A 0D 42
1788592498.738216,34680,0202,12,AB BE 0E 43 65 CE 22 42 94 FB F3 41
1788592498.748867,34680,0203,12,93 A5 0E 43 D6 00 04 42 78 DB 09 42
1788592498.760068,34680,0204,12,E5 B2 0F 43 A2 E3 E7 41 4D C0 02 42
1788592498.770612,34680,0205,12,66 B3 13 43 98 25 E0 41 6D CC 17 42
1788592498.781267,34680,0206,12,51 6E 14 43 F6 51 BC 41 4E 1B 08 42
1788592498.791831,34680,0207,12,AE 21 16 43 FD EB 9C 41 87 F2 0E 42
1788592498.802298,34680,0208,12,D0 76 15 43 2D E1 9C 41 E7 AD 0E 42
1788592498.812862,34680,0209,12,25 3C 17 43 56 57 71 41 38 C7 22 42
1788592498.823355,34680,020a,12,92 F6 12 43 89 B1 AC 41 70 BF 29 42
1788592498.833878,34680,020b,12,04 58 10 43 E2 15 A4 41 D5 5B 22 42
1788592498.844451,34680,020c,12,B2 89 16 43 62 83 F4 41 5A 09 26 42
1788592498.855093,34680,020d,12,11 3F 12 43 04 2F 0E 42 66 81 2A 42
1788592498.865758,34680,020e,12,B6 31 10 43 8C 49 13 42 DE D6 29 42
1788592498.876444,34680,020f,12,C7 4A 0D 43 43 84 1E 42 BC 7C 2E 42
1788592498.887252,34680,0210,12,34 01 06 43 2C 6E 49 42 D9 7E 33 42
1788592498.897830,34680,0211,12,22 BB 02 43 3A 9D 5A 42 E8 93 40 42
1788592498.908353,34680,0212,12,30 30 01 43 6A A4 6F 42 B5 AC 40 42
1788592498.919055,34680,0213,12,1B 36 F6 42 F1 31 7C 42 A8 6A 40 42
1788592498.929657,34680,0214,12,77 80 EB 42 86 BC 89 42 81 DC 55 42
1788592498.940383,34680,0215,12,B7 C9 E7 42 E5 62 98 42 E9 FB 49 42
1788592498.950947,34680,0216,12,81 94 D2 42 44 F2 9A 42 B3 78 4D 42
1788592498.961494,34680,0217,12,D6 83 D0 42 96 07 99 42 4C 32 57 42
1788592498.971959,34680,0218,12,1A 56 C6 42 11 BC A1 42 F0 8C 4F 42
1788592498.982455,34680,0219,12,21 A2 B9 42 5E 28 9C 42 7A 0B 5E 42
1788592498.993049,34680,021a,12,88 A6 BB 42 EB 3F 98 42 76 9F 65 42
1788592499.003567,34680,021b,12,1E EB A7 42 66 EF 93 42 A7 35 5F 42
1788592499.014062,34680,021c,12,7D 56 A1 42 F6 4C 8F 42 E6 AE 5E 42
1788592499.024725,34680,021d,12,DE 28 98 42 4D A1 89 42 DF 21 65 42
1788592499.035294,34680,021e,12,05 36 8E 42 07 37 68 42 B1 1B 71 42
1788592499.045880,34680,021f,12,9D F5 8D 42 B6 17 66 42 42 2F 82 42
1788592499.056418,34680,0220,12,B2 68 86 42 DC 48 41 42 3F E6 7A 42
1788592499.067077,34680,0221,12,D4 CE 75 42 F1 E3 28 42 AE 68 78 42
1788592499.077705,34680,0222,12,62 7B 77 42 21 60 19 42 D9 87 84 42
1788592499.088454,34680,0223,12,A6 64 52 42 DE 52 12 42 98 17 83 42
1788592499.099041,34680,0224,12,FB 05 51 42 1A 50 DD 41 61 AA 85 42
1788592499.110530,34680,0225,12,46 2A 4C 42 B0 02 C6 41 04 64 87 42
1788592499.121552,34680,0226,12,D4 57 48 42 BF 42 A1 41 29 7E 88 42
1788592499.132150,34680,0227,12,C0 9F 41 42 D0 42 84 41 DA CC 87 42
1788592499.142753,34680,0228,12,1F F5 47 42 9E 7A 9F 41 06 7D 89 42
1788592499.156461,34680,0229,12,65 5C 54 42 FD 7F B6 41 4F C6 8F 42
1788592499.167155,34680,022a,12,C7 AE 4C 42 3D B1 9D 41 3E F4 8C 42
1788592499.177712,34680,022b,12,63 29 4F 42 F2 8B B0 41 65 F8 93 42
1788592499.189723,34680,022c,12,91 BE 50 42 1A 15 F5 41 18 DF 91 42
1788592499.201284,34680,022d,12,9E A8 6F 42 5E 35 FC 41 60 F6 99 42
1788592499.212014,34680,022e,12,3A EE 68 42 03 0E 24 42 EB A9 92 42
1788592499.226804,34680,022f,12,20 35 69 42 43 80 2F 42 85 50 9D 42
1788592499.237497,34680,0230,12,C3 BB 83 42 BC 77 54 42 7F 1E 98 42
1788592499.248034,34680,0231,12,6F 53 8C 42 4A 44 59 42 D0 C8 9C 42
1788592499.258576,34680,0232,12,5A 92 91 42 38 58 7F 42 B3 AF 9D 42
1788592499.269579,34680,0233,12,84 D9 8F 42 FB F2 8A 42 26 EA 9D 42
1788592499.280073,34680,0234,12,D8 2B A5 42 D1 53 93 42 64 B8 A1 42
1788592499.290660,34680,0235,12,09 E8 B2 42 85 C9 94 42 F1 2F A1 42
1788592499.301172,34680,0236,12,86 DC BD 42 96 6E 98 42 87 CF A4 42
1788592499.311695,34680,0237,12,68 4D C5 42 CE 3D A2 42 E1 A1 A8 42
1788592499.322396,34680,0238,12,D0 3D D1 42 08 67 A5 42 E7 4F AF 42
1788592499.333412,34680,0239,12,C6 1F D3 42 4D B6 A6 42 11 E1 AB 42
1788592499.343949,34680,023a,12,36 19 E6 42 FC 98 91 42 1C DB B2 42
1788592499.354444,34680,023b,12,BF 60 E5 42 2D 75 96 42 3D F9 AF 42
1788592499.364981,34680,023c,12,E2 41 F8 42 84 BA 8C 42 63 C1 B3 42
1788592499.375475,34680,023d,12,46 59 FC 42 87 4E 7F 42 AB 78 B3 42
1788592499.385963,34680,023e,12,CB D3 02 43 C9 56 69 42 70 5E AF 42
1788592499.396540,34680,023f,12,C0 A5 06 43 27 EF 41 42 1A 46 B8 42
1788592499.407031,34680,0240,12,E9 B2 07 43 2F 57 33 42 84 B4 B6 42
1788592499.417688,34680,0241,12,83 A2 0B 43 D4 7C 1F 42 7C 89 BE 42
1788592499.431308,34680,0242,12,7A 85 0E 43 36 06 1B 42 99 A7 C2 42
1788592499.441980,34680,0243,12,64 CA 0E 43 CC F4 F3 41 38 7B C0 42
1788592499.452480,34680,0244,12,B9 93 15 43 9D 11 B8 41 AF 83 C4 42
1788592499.467182,34680,0245,12,EB 96 12 43 D8 73 AF 41 CA 7D C5 42
1788592499.477698,34680,0246,12,E2 A6 19 43 87 FA 9E 41 46 17 C1 42
1788592499.488242,34680,0247,12,AD C9 17 43 92 D3 A2 41 FC 0F D0 42
1788592499.499114,34680,0248,12,A4 76 16 43 25 87 9B 41 0B A1 D3 42
1788592499.509571,34680,0249,12,A8 0E 14 43 17 D3 9B 41 33 39 D0 42
1788592499.520174,34680,024a,12,49 96 15 43 24 86 BC 41 AE 64 D4 42
1788592499.530900,34680,024b,12,EF 79 12 43 75 13 E7 41 31 4B D9 42
1788592499.541780,34680,024c,12,96 BB 0F 43 AF B1 04 42 EE 56 D9 42
1788592499.552590,34680,024d,12,03 B6 0E 43 93 D0 12 42 DF 00 DC 42
1788592499.563129,34680,024e,12,EE 3D 08 43 A2 0A 29 42 1A 21 D7 42
1788592499.573706,34680,024f,12,30 B1 07 43 8F 2A 4B 42 2E 83 DA 42
1788592499.584421,34680,0250,12,C3 2F 03 43 60 06 5B 42 98 E8 D4 42
1788592499.595516,34680,0251,12,38 03 FF 42 67 64 72 42 21 09 DD 42
1788592499.606073,34680,0252,12,DB 19 F8 42 E1 75 84 42 E2 7F E0 42
1788592499.616568,34680,0253,12,0E 39 F0 42 3A D7 8E 42 C0 00 E5 42
1788592499.627306,34680,0254,12,D9 70 E8 42 E3 F3 94 42 67 F6 DA 42
1788592499.637891,34680,0255,12,3E 36 D2 42 B0 AF 97 42 8F 79 EA 42
1788592499.648386,34680,0256,12,0C 58 D1 42 A6 97 9D 42 87 AC E9 42
1788592499.659148,34680,0257,12,F8 EF CA 42 AA A0 99 42 12 52 ED 42
1788592499.669698,34680,0258,12,19 3B BD 42 71 55 9F 42 AA 42 EC 42
1788592499.680332,34680,0259,12,AB 26 AC 42 F1 2D 9C 42 EB DB ED 42
1788592499.690922,34680,025a,12,F9 B1 A1 42 E6 BD 96 42 D1 B0 9D 41
1788592499.701772,34680,025b,12,5B D3 A3 42 98 BA 86 42 03 DD B7 41
1788592499.712408,34680,025c,12,AA 94 96 42 F4 6F 89 42 02 70 9D 41
1788592499.722884,34680,025d,12,DF A9 8D 42 68 4B 69 42 84 00 A6 41
1788592499.733474,34680,025e,12,F8 D2 86 42 28 3D 58 42 7E B1 BB 41
1788592499.744000,34680,025f,12,D2 75 7A 42 A8 4A 43 42 50 1B CF 41
1788592499.754602,34680,0260,12,C6 C9 6D 42 25 0C 31 42 EF C6 DB 41
1788592499.765210,34680,0261,12,B5 9A 6D 42 BA 31 16 42 4A 5C C2 41
1788592499.779424,34680,0262,12,7A C9 4E 42 16 82 08 42 58 38 F7 41
1788592499.790245,34680,0263,12,06 B5 48 42 89 81 CF 41 79 72 CB 41
1788592499.800704,34680,0264,12,8D 2B 57 42 C9 57 C7 41 D1 C1 D4 41
1788592499.811723,34680,0265,12,86 0C 48 42 A5 7A B7 41 1A BD F3 41
1788592499.822363,34680,0266,12,DB 52 46 42 1B 0F A6 41 7B D6 0A 42
1788592499.833164,34680,0267,12,37 57 4A 42 6C 39 98 41 68 59 06 42
1788592499.843709,34680,0268,12,E8 B5 3A 42 76 B9 A4 41 06 CA 19 42
1788592499.854279,34680,0269,12,B2 CA 3E 42 81 BA DB 41 98 F2 11 42
1788592499.864863,34680,026a,12,88 E1 45 42 67 35 D2 41 E1 27 0F 42
1788592499.877344,34680,026b,12,99 7D 53 42 75 44 F8 41 F7 01 04 42
1788592499.887924,34680,026c,12,71 0E 63 42 08 6D 09 42 15 B7 15 42
1788592499.898544,34680,026d,12,04 A2 6F 42 2B 4E 1E 42 65 32 15 42
1788592499.909551,34680,026e,12,63 44 81 42 4F 43 34 42 C7 3A 25 42
1788592499.920211,34680,026f,12,4A F6 84 42 74 0C 46 42 08 CC 19 42
1788592499.930792,34680,0270,12,4C 2A 8E 42 E2 C4 6C 42 E0 60 2F 42
1788592499.941427,34680,0271,12,74 D9 8E 42 27 D3 7C 42 70 E4 29 42
1788592499.952041,34680,0272,12,0F E8 9A 42 4D 2C 90 42 C1 27 2E 42
1788592499.962772,34680,0273,12,71 58 A1 42 E5 46 94 42 D1 47 2C 42
1788592499.973443,34680,0274,12,4B 75 AD 42 44 39 91 42 C5 A3 30 42
1788592499.984224,34680,0275,12,C2 CA BC 42 9B EF 9C 42 39 BF 3C 42
1788592499.994837,34680,0276,12,88 33 C2 42 92 24 A0 42 9C 9F 34 42
1788592500.005365,34680,0277,12,01 22 CE 42 93 93 9C 42 99 40 43 42
1788592500.016024,34680,0278,12,DE 0B D8 42 48 C8 9B 42 06 47 42 42
1788592500.026655,34680,0279,12,1A 0C E6 42 50 F6 92 42 71 E4 46 42
1788592500.037275,34680,027a,12,92 A2 E8 42 19 F6 8C 42 10 00 5C 42
1788592500.047852,34680,027b,12,A2 21 FA 42 12 77 8D 42 8D 74 5A 42
1788592500.058570,34680,027c,12,1B 5D 00 43 22 25 72 42 D4 59 4E 42
1788592500.069120,34680,027d,12,E3 A2 FF 42 EE FD 66 42 7D 8D 51 42
1788592500.079746,34680,027e,12,23 61 07 43 8C 16 38 42 BD 96 66 42
1788592500.090320,34680,027f,12,7C A8 0A 43 7A 41 36 42 D4 82 62 42
1788592500.100872,34680,0280,12,F3 22 0B 43 BC B7 05 42 4F 88 72 42
1788592500.111519,34680,0281,12,18 FB 11 43 F5 93 FA 41 F8 7A 77 42
1788592500.122284,34680,0282,12,53 B6 11 43 78 D2 ED 41 D7 59 7C 42
1788592500.133287,34680,0283,12,C6 E0 16 43 C9 95 B1 41 46 46 7E 42
1788592500.144622,34680,0284,12,53 42 15 43 BA 42 9E 41 86 8F 71 42
1788592500.155286,34680,0285,12,04 58 14 43 C1 CA A2 41 00 FF 78 42
1788592500.166044,34680,0286,12,9F FA 14 43 6A A6 89 41 CB D8 83 42
1788592500.176740,34680,0287,12,39 EB 16 43 8C 0A B2 41 59 54 79 42
1788592500.187255,34680,0288,12,17 A5 13 43 DD 86 B7 41 46 E4 81 42
1788592500.198218,34680,0289,12,E6 5F 13 43 00 8F B7 41 9B B3 89 42
1788592500.208871,34680,028a,12,7F D8 11 43 DB D7 DA 41 46 76 89 42
1788592500.220998,34680,028b,12,80 65 10 43 79 6C F2 41 AF B0 85 42
1788592500.231887,34680,028c,12,5E 0D 0B 43 D4 DA 0D 42 3D ED 8D 42
1788592500.242410,34680,028d,12,4F 6B 08 43 BF 7F 2D 42 85 EB 92 42
1788592500.252998,34680,028e,12,FD 1B 09 43 3B F3 52 42 3D 9D 8E 42
1788592500.264184,34680,028f,12,29 AD 03 43 81 1D 68 42 13 40 96 42
1788592500.274861,34680,0290,12,D3 CF 02 43 A8 D1 75 42 A5 9C 91 42
1788592500.285841,34680,0291,12,AE D5 F3 42 AA EA 84 42 2A DC 96 42
1788592500.296758,34680,0292,12,2F A3 EB 42 26 37 92 42 17 4A 9B 42
1788592500.307358,34680,0293,12,DD C7 E3 42 1A 82 96 42 97 8B 9C 42
1788592500.317884,34680,0294,12,86 CD D7 42 74 EB 9C 42 90 86 9D 42
1788592500.328487,34680,0295,12,EF CF D0 42 50 6C 9E 42 B8 DA 9D 42
1788592500.339081,34680,0296,12,F2 33 C3 42 D0 64 A2 42 58 CC 9F 42
1788592500.349754,34680,0297,12,AB 6E B7 42 55 A3 AA 42 6B 80 A3 42
1788592500.360293,34680,0298,12,A5 9F B3 42 BF D5 92 42 CB 9B A0 42
1788592500.370941,34680,0299,12,29 37 A4 42 4C F6 90 42 45 B0 AB 42
1788592500.381445,34680,029a,12,38 B1 A0 42 C6 90 8B 42 FF 67 AD 42
1788592500.392272,34680,029b,12,64 5A 96 42 E5 02 86 42 D7 65 B0 42
1788592500.402834,34680,029c,12,66 11 92 42 26 DA 66 42 E2 DD B0 42
1788592500.413383,34680,029d,12,A7 32 85 42 CF 1D 4F 42 8C 5A A9 42
1788592500.423841,34680,029e,12,1D AE 7C 42 8E A6 3F 42 A1 5F B7 42
1788592500.434263,34680,029f,12,2C 3E 71 42 D3 C9 29 42 D7 18 AE 42
1788592500.444963,34680,02a0,12,91 A3 57 42 85 D2 10 42 87 8D B2 42
1788592500.455517,34680,02a1,12,4D A6 6C 42 36 84 02 42 42 0B B5 42
1788592500.466339,34680,02a2,12,B1 64 4E 42 02 FC BA 41 84 FD B2 42
1788592500.478152,34680,02a3,12,EE 06 52 42 07 ED BD 41 A9 F4 BB 42
1788592500.488740,34680,02a4,12,DF 88 52 42 EF 6A 91 41 D2 B8 BE 42
1788592500.499302,34680,02a5,12,2A C7 41 42 3C 8E 96 41 D8 37 B9 42
1788592500.510712,34680,02a6,12,96 92 4A 42 23 2E B2 41 F1 93 C0 42
1788592500.521395,34680,02a7,12,9B D9 4A 42 EF F2 AE 41 52 B5 BD 42
1788592500.532067,34680,02a8,12,0E F0 49 42 7F 21 DB 41 03 68 CA 42
1788592500.543467,34680,02a9,12,E9 E0 5C 42 23 64 D0 41 24 88 C5 42
1788592500.554206,34680,02aa,12,72 AF 60 42 84 F5 F7 41 7E BE CB 42
1788592500.564718,34680,02ab,12,83 5D 6B 42 FB FC 15 42 33 22 CE 42
1788592500.580506,34680,02ac,12,9C 62 69 42 85 BC 2A 42 AE 11 CA 42
1788592500.591016,34680,02ad,12,F2 64 81 42 0A 2B 42 42 3C 32 D0 42
1788592500.601596,34680,02ae,12,CC CF 85 42 98 E1 53 42 11 1E D5 42
1788592500.612298,34680,02af,12,05 A4 89 42 8B 3D 72 42 72 29 CC 42
1788592500.623576,34680,02b0,12,F7 35 96 42 7A 4B 81 42 A2 B7 D4 42
1788592500.634338,34680,02b1,12,60 AD 9D 42 49 55 89 42 0E 25 D5 42
1788592500.648662,34680,02b2,12,CE 37 AA 42 4D 5A 94 42 57 E3 D9 42
1788592500.659717,34680,02b3,12,47 F7 B7 42 22 6E 97 42 BB 0D DF 42
1788592500.670476,34680,02b4,12,19 39 BE 42 FA 8F 9C 42 AC 67 DC 42
1788592500.680980,34680,02b5,12,33 14 C6 42 B4 C5 A2 42 76 5F D5 42
1788592500.691753,34680,02b6,12,79 67 CD 42 6D 3E 97 42 5F 30 DC 42
1788592500.702353,34680,02b7,12,A2 CF DC 42 34 1A 9E 42 8E 4B E7 42
1788592500.712860,34680,02b8,12,E8 C6 E7 42 58 AF 92 42 2E 31 E6 42
1788592500.723670,34680,02b9,12,74 95 EC 42 0E B4 8D 42 83 32 EC 42
1788592500.734056,34680,02ba,12,D0 30 F5 42 D5 79 83 42 1A C7 E3 42
1788592500.744582,34680,02bb,12,E8 47 00 43 2B 29 79 42 6C D2 E3 42
1788592500.755125,34680,02bc,12,2F E3 03 43 C9 0B 72 42 39 B9 EC 42
1788592500.765830,34680,02bd,12,B1 E5 08 43 A4 B2 4B 42 5E 94 F4 42
1788592500.776434,34680,02be,12,13 5D 0C 43 84 9F 38 42 0A 9D 9A 41
1788592500.787172,34680,02bf,12,FB B2 0D 43 28 D7 15 42 B1 F5 A9 41
1788592500.798355,34680,02c0,12,A9 A4 11 43 D2 D1 EE 41 CA EC AB 41
1788592500.809071,34680,02c1,12,A5 A9 10 43 93 9A E1 41 B2 9D BB 41
1788592500.819744,34680,02c2,12,6B 39 13 43 4B 81 B9 41 E7 6C B9 41
1788592500.830240,34680,02c3,12,B2 36 15 43 B6 71 C9 41 E6 E7 C2 41
1788592500.840853,34680,02c4,12,BD D3 16 43 73 2E A9 41 DC 02 BE 41
1788592500.851381,34680,02c5,12,60 D1 16 43 E2 8C 97 41 72 19 05 42
1788592500.861942,34680,02c6,12,6A DD 15 43 6F 4A A2 41 22 9B D6 41
1788592500.872418,34680,02c7,12,ED F3 16 43 C3 80 D9 41 4B F5 DE 41
1788592500.883488,34680,02c8,12,07 5B 13 43 85 35 B8 41 3C 33 D9 41
1788592500.894188,34680,02c9,12,88 9E 10 43 A2 C2 DB 41 EC 1E DE 41
1788592500.904755,34680,02ca,12,4D 2D 0E 43 C4 04 04 42 AC 40 FF 41
1788592500.915799,34680,02cb,12,AB F2 0E 43 00 8C 0D 42 3B 70 F4 41
1788592500.926455,34680,02cc,12,BF 47 07 43 70 2C 35 42 D4 58 13 42
1788592500.937407,34680,02cd,12,95 FF 07 43 80 7F 4B 42 EF 01 15 42
1788592500.947998,34680,02ce,12,36 30 00 43 A3 2A 63 42 D4 32 14 42
1788592500.958590,34680,02cf,12,5E D0 00 43 64 E4 80 42 A3 50 00 42
1788592500.969053,34680,02d0,12,D7 73 EE 42 98 7E 85 42 F0 9A 18 42
1788592500.980005,34680,02d1,12,00 B5 F3 42 46 CD 89 42 C6 63 1C 42
1788592500.990165,34680,02d2,12,B8 87 E4 42 DD 0E 95 42 17 A5 1F 42
1788592501.000699,34680,02d3,12,5B 65 E0 42 45 A5 9E 42 10 E5 1E 42
1788592501.011911,34680,02d4,12,B9 FD CC 42 C0 D8 9E 42 BD 8C 1E 42
1788592501.022590,34680,02d5,12,DD 62 C5 42 13 92 A1 42 70 BA 1B 42
1788592501.033755,34680,02d6,12,FA C8 B6 42 F7 94 A1 42 4B A1 2F 42
1788592501.044183,34680,02d7,12,BD 1B B6 42 AA C4 99 42 40 58 3D 42
1788592501.054779,34680,02d8,12,44 08 A8 42 31 53 92 42 4B DB 3C 42
1788592501.065685,34680,02d9,12,BC 80 A1 42 5B B3 88 42 6D 8D 4A 42
1788592501.076336,34680,02da,12,15 DA 96 42 49 4B 7A 42 19 B5 37 42
1788592501.086900,34680,02db,12,25 4D 8F 42 2E 01 64 42 90 E4 45 42
1788592501.097808,34680,02dc,12,4E E3 83 42 50 54 57 42 CD 3B 50 42
1788592501.108346,34680,02dd,12,35 7E 7C 42 B5 3E 2F 42 20 7E 59 42
1788592501.118964,34680,02de,12,07 54 74 42 13 48 2A 42 8F 87 57 42
1788592501.129623,34680,02df,12,27 FD 66 42 D7 0F 13 42 6A 23 4D 42
1788592501.140205,34680,02e0,12,C1 1F 5A 42 BD D3 F9 41 9B 38 5D 42
1788592501.150864,34680,02e1,12,83 9A 58 42 E5 2B B3 41 04 D6 62 42
1788592501.161569,34680,02e2,12,D3 82 52 42 97 E4 C9 41 F1 1F 57 42
1788592501.172377,34680,02e3,12,AB 0A 4E 42 D0 69 B0 41 95 56 62 42
1788592501.183022,34680,02e4,12,F3 5C 48 42 73 FC 99 41 82 01 70 42
1788592501.193709,34680,02e5,12,6E D5 53 42 D7 44 A5 41 A3 84 6A 42
1788592501.204324,34680,02e6,12,B9 E7 4B 42 1D E9 B0 41 44 CA 6A 42
1788592501.215221,34680,02e7,12,BB 7D 4F 42 32 D7 CE 41 58 FE 7D 42
1788592501.225858,34680,02e8,12,C1 42 46 42 31 F3 C6 41 2C D6 71 42
1788592501.236424,34680,02e9,12,FB 26 66 42 13 66 0D 42 C1 39 79 42
1788592501.247039,34680,02ea,12,D9 89 6E 42 F0 69 1C 42 46 BD 8A 42
1788592501.257631,34680,02eb,12,8B 4D 6D 42 7A D6 2F 42 B4 1E 71 42
1788592501.268220,34680,02ec,12,8E 2F 74 42 92 80 37 42 F9 D7 7E 42
1788592501.278891,34680,02ed,12,61 61 88 42 57 8D 58 42 42 FE 83 42
1788592501.289744,34680,02ee,12,8E CF 94 42 D9 B0 7C 42 49 15 86 42
1788592501.300636,34680,02ef,12,06 3E 98 42 78 46 8B 42 90 38 8C 42
1788592501.311308,34680,02f0,12,CE 3D A0 42 DF B9 8E 42 41 82 8A 42
1788592501.322081,34680,02f1,12,BC D1 A9 42 D4 DB 98 42 E7 D6 91 42
1788592501.332676,34680,02f2,12,3B 8C AD 42 A7 11 9D 42 08 36 91 42
1788592501.343315,34680,02f3,12,7D 56 BB 42 E2 9B 96 42 C8 98 93 42
1788592501.354134,34680,02f4,12,8C 77 C9 42 26 9F 9F 42 77 4A 9D 42
1788592501.364695,34680,02f5,12,84 E0 CC 42 00 E3 9F 42 A5 3C 90 42
1788592501.375398,34680,02f6,12,8F DE D6 42 00 17 97 42 33 48 9E 42
1788592501.385952,34680,02f7,12,C5 B4 E4 42 2E 6D 98 42 08 16 9C 42
1788592501.396657,34680,02f8,12,C4 72 F5 42 F3 1F 8B 42 60 89 97 42
1788592501.407179,34680,02f9,12,58 9F FA 42 EB DF 82 42 27 B0 9F 42
1788592501.417693,34680,02fa,12,5B A5 02 43 8B EF 69 42 12 94 A3 42
1788592501.428929,34680,02fb,12,FE 2C 02 43 37 73 58 42 76 49 A3 42
1788592501.439366,34680,02fc,12,24 DD 09 43 D6 8D 46 42 5F 7C A0 42
1788592501.450290,34680,02fd,12,D4 74 0C 43 90 02 34 42 0D 64 A7 42
1788592501.460998,34680,02fe,12,56 2A 0D 43 90 35 16 42 C5 9A A1 42
1788592501.472013,34680,02ff,12,10 52 10 43 8D B9 07 42 D5 DC A7 42
1788592501.488683,34680,0300,12,F7 BD 13 43 66 AD D8 41 36 38 B1 42
1788592501.499987,34680,0301,12,92 F9 10 43 CA 54 D3 41 A0 FF AF 42
1788592501.510568,34680,0302,12,42 6B 16 43 04 4D B3 41 D3 11 B0 42
1788592501.521156,34680,0303,12,4A D9 16 43 71 88 A8 41 DF D9 B4 42
1788592501.531703,34680,0304,12,2F 39 16 43 18 36 94 41 9E 74 B9 42
1788592501.542204,34680,0305,12,CF EF 16 43 DC 31 C3 41 90 25 B4 42
1788592501.552916,34680,0306,12,DA 6F 16 43 B9 D6 B8 41 00 97 BC 42
1788592501.563637,34680,0307,12,34 98 12 43 98 2A D2 41 94 9E BE 42
1788592501.574024,34680,0308,12,F8 AE 14 43 DC 01 EB 41 7F ED BA 42
1788592501.584606,34680,0309,12,44 6E 0F 43 D6 CD FA 41 A5 23 C0 42
1788592501.595121,34680,030a,12,E8 C7 0B 43 9E 30 2C 42 A6 F5 C2 42
1788592501.605873,34680,030b,12,2D 9C 09 43 2F 05 43 42 7A CE C1 42
1788592501.623182,34680,030c,12,9C 87 09 43 58 8C 51 42 E6 A7 CF 42
1788592501.633888,34680,030d,12,C7 78 02 43 6B A2 70 42 87 5F C2 42
1788592501.644477,34680,030e,12,D1 69 FC 42 C9 98 6A 42 AC A0 C6 42
1788592501.655118,34680,030f,12,19 9A F7 42 22 80 8A 42 58 DC C8 42
1788592501.665863,34680,0310,12,30 58 E5 42 ED 14 93 42 51 A4 CD 42
1788592501.676463,34680,0311,12,7D BD DE 42 E4 90 9B 42 66 30 C8 42
1788592501.687272,34680,0312,12,D1 ED D5 42 D7 27 A2 42 CD 5B D3 42
1788592501.698058,34680,0313,12,2F 01 C6 42 8E 0F A5 42 DF 62 CC 42
1788592501.708663,34680,0314,12,0D 8D C2 42 7B 47 A1 42 DC 67 D6 42
1788592501.719259,34680,0315,12,E0 FC B6 42 0C 44 99 42 09 F0 D4 42
1788592501.729942,34680,0316,12,C6 D6 A5 42 0A 26 9C 42 05 76 D9 42
1788592501.740500,34680,0317,12,13 45 A7 42 CC A6 8B 42 54 35 DF 42
1788592501.751033,34680,0318,12,FF 99 93 42 7D C0 88 42 E7 68 DA 42
1788592501.762187,34680,0319,12,B2 3A 95 42 B2 58 71 42 F8 D0 DD 42
1788592501.772768,34680,031a,12,1C F3 90 42 ED 65 69 42 99 15 DD 42
1788592501.783482,34680,031b,12,3D FC 7B 42 79 F8 51 42 7C 0A E0 42
1788592501.793964,34680,031c,12,13 F0 7F 42 7F 6B 33 42 4D D9 EA 42
1788592501.804511,34680,031d,12,96 23 6B 42 C6 EB 1B 42 60 D6 E0 42
1788592501.815235,34680,031e,12,37 BE 5F 42 F8 6F 02 42 72 6E E8 42
1788592501.826234,34680,031f,12,3E D6 56 42 2F 29 E1 41 53 99 EB 42
1788592501.836913,34680,0320,12,58 D3 58 42 19 07 CB 41 DF DB E8 42
1788592501.847578,34680,0321,12,F0 74 4C 42 C5 6C A3 41 0A 22 E8 42
1788592501.858345,34680,0322,12,0D 16 49 42 2F 25 A4 41 77 F4 B9 41
1788592501.869002,34680,0323,12,76 C9 3E 42 8C 3F B7 41 B7 F3 9B 41
1788592501.879542,34680,0324,12,87 65 42 42 03 CB 9D 41 13 64 B1 41
1788592501.890175,34680,0325,12,42 24 4E 42 17 6E AE 41 D6 A2 CB 41
1788592501.900823,34680,0326,12,CF C0 50 42 CA C4 BF 41 FD EE C2 41
1788592501.911471,34680,0327,12,1E CC 5B 42 A2 33 DE 41 27 FE B9 41
1788592501.922030,34680,0328,12,8B 77 4E 42 42 62 0A 42 7E 15 C2 41
1788592501.932556,34680,0329,12,84 F5 62 42 D3 5B 0E 42 6E B8 ED 41
1788592501.943182,34680,032a,12,CD 2F 80 42 99 33 35 42 E9 25 C5 41
1788592501.954195,34680,032b,12,3A 9B 84 42 5A C6 4F 42 CE B0 EF 41
1788592501.964732,34680,032c,12,5B BC 85 42 AB 78 4F 42 7B EE D9 41
1788592501.975384,34680,032d,12,F2 13 91 42 EA 67 76 42 6C B9 E4 41
1788592501.986000,34680,032e,12,DA 0A A3 42 0C 08 8D 42 09 9F 02 42
1788592501.996667,34680,032f,12,DD D5 A9 42 B7 5E 88 42 B0 F2 FA 41
1788592502.007222,34680,0330,12,84 2F B0 42 88 05 94 42 CE 00 FD 41
1788592502.018230,34680,0331,12,69 E8 B7 42 08 98 A0 42 4C 85 0A 42
1788592502.028831,34680,0332,12,C0 F3 BE 42 2F 6C 9E 42 20 93 15 42
1788592502.039832,34680,0333,12,9D 6E D0 42 1B 3E A0 42 48 2B 17 42
1788592502.050416,34680,0334,12,EF 84 CE 42 20 83 9E 42 46 0D 06 42
1788592502.061003,34680,0335,12,40 F3 DB 42 23 54 9C 42 BB 5C 26 42
1788592502.071611,34680,0336,12,0A C4 E5 42 80 03 98 42 76 7A 1C 42
1788592502.082361,34680,0337,12,83 AE EC 42 34 D3 91 42 C6 85 2B 42
1788592502.092968,34680,0338,12,07 CD F8 42 EA 3F 78 42 54 94 2A 42
1788592502.103784,34680,0339,12,17 67 FD 42 F8 F2 79 42 6C 3C 31 42
1788592502.114548,34680,033a,12,39 40 05 43 B2 EC 5A 42 DB 88 32 42
1788592502.125321,34680,033b,12,24 D0 09 43 C9 A4 4C 42 AE 14 35 42
1788592502.135789,34680,033c,12,6F 79 0C 43 83 7E 34 42 CE 17 3C 42
1788592502.146352,34680,033d,12,7F 06 12 43 71 D4 16 42 79 28 37 42
1788592502.158649,34680,033e,12,C8 03 14 43 6C 3F 01 42 CB 5A 3A 42
1788592502.169358,34680,033f,12,47 5A 13 43 07 7B CD 41 62 2E 4C 42
1788592502.179884,34680,0340,12,C3 F7 11 43 2A 70 C6 41 5E 86 41 42
1788592502.190430,34680,0341,12,7F 82 15 43 DC 2D A7 41 0D 9B 51 42
1788592502.200883,34680,0342,12,88 77 13 43 FB 65 BB 41 2B CE 5B 42
1788592502.211670,34680,0343,12,BE 35 16 43 82 D3 9C 41 96 9F 59 42
1788592502.222126,34680,0344,12,1D 23 19 43 0A 9B BF 41 8B 17 4F 42
1788592502.232604,34680,0345,12,27 4E 13 43 8C A4 CB 41 74 95 50 42
1788592502.243812,34680,0346,12,E2 E3 12 43 C5 70 DD 41 60 0D 5F 42
1788592502.254486,34680,0347,12,35 75 10 43 71 B4 0C 42 69 FD 66 42
1788592502.264989,34680,0348,12,95 26 0D 43 DD 24 03 42 80 B3 68 42
1788592502.275927,34680,0349,12,B0 1D 0F 43 F4 FD 25 42 3C 37 6D 42
1788592502.288843,34680,034a,12,F0 7F 09 43 8A 5F 37 42 CA B5 6D 42
1788592502.299615,34680,034b,12,0C C2 03 43 E0 1F 58 42 A0 E6 72 42
1788592502.310255,34680,034c,12,11 7A FC 42 1E A1 6C 42 B3 52 84 42
1788592502.320922,34680,034d,12,1D C1 F6 42 66 90 88 42 2A 40 79 42
1788592502.331685,34680,034e,12,30 23 F7 42 D0 9B 8B 42 BB 60 7F 42
1788592502.342132,34680,034f,12,35 1D E3 42 D6 A7 94 42 8B 7D 85 42
1788592502.352783,34680,0350,12,28 64 DA 42 E0 65 A1 42 38 FD 76 42
1788592502.363424,34680,0351,12,8E 03 D6 42 F4 C4 9C 42 E6 B0 83 42
1788592502.373949,34680,0352,12,81 09 C7 42 8A 14 A3 42 D0 6F 8B 42
1788592502.384534,34680,0353,12,CE 7F C1 42 7D AD A0 42 A8 44 89 42
1788592502.395272,34680,0354,12,13 AE AE 42 DA BA 9F 42 EF 27 86 42
1788592502.406261,34680,0355,12,68 31 AB 42 86 EA 92 42 D5 5A 8F 42
1788592502.416761,34680,0356,12,E4 20 A3 42 65 1C 8D 42 35 4F 8E 42
1788592502.427280,34680,0357,12,D1 C7 9D 42 57 6C 86 42 6F 9B 8F 42
1788592502.437791,34680,0358,12,A0 68 93 42 57 CC 6C 42 23 25 95 42
1788592502.448614,34680,0359,12,8B 7A 86 42 9F B8 5F 42 E9 00 95 42
1788592502.459033,34680,035a,12,B4 CF 7B 42 77 B1 4A 42 AD 79 9A 42
1788592502.469581,34680,035b,12,DF 51 77 42 30 4A 31 42 36 16 9A 42
1788592502.480114,34680,035c,12,2D 6F 6C 42 9D 19 1D 42 5A F9 A0 42
1788592502.490831,34680,035d,12,B4 4D 4E 42 B8 22 11 42 26 7A 98 42
1788592502.501293,34680,035e,12,25 F6 56 42 ED 4E E8 41 DC 4E 9B 42
1788592502.511962,34680,035f,12,BE B4 50 42 26 63 FE 41 F0 24 A2 42
1788592502.522596,34680,0360,12,B9 4D 4C 42 83 1B B1 41 89 72 A4 42
1788592502.533457,34680,0361,12,7F E8 47 42 A1 CE B1 41 C8 33 A8 42
1788592502.544235,34680,0362,12,48 33 4A 42 AB 60 A4 41 CC FF AC 42
1788592502.554750,34680,0363,12,FD 5B 49 42 E8 97 A6 41 97 AC AB 42
1788592502.565255,34680,0364,12,E4 36 4F 42 49 64 A0 41 E7 46 AD 42
1788592502.575817,34680,0365,12,29 18 50 42 C7 7D C1 41 BF EC B0 42
1788592502.586417,34680,0366,12,33 39 5D 42 26 ED ED 41 77 18 B0 42
1788592502.597158,34680,0367,12,36 D4 67 42 9E 9C 08 42 69 37 AB 42
1788592502.607665,34680,0368,12,36 6C 7B 42 F7 E7 09 42 19 4F B5 42
1788592502.618197,34680,0369,12,A4 B0 7A 42 A2 88 35 42 61 5F B6 42
1788592502.628815,34680,036a,12,34 06 84 42 19 C7 5D 42 02 4C B7 42
1788592502.639408,34680,036b,12,7E AC 89 42 EB F3 5B 42 E2 4C B7 42
1788592502.650080,34680,036c,12,51 50 99 42 56 47 79 42 F6 40 B8 42
1788592502.660741,34680,036d,12,F1 17 9E 42 40 5B 85 42 BE B0 C1 42
1788592502.671324,34680,036e,12,E5 99 A3 42 70 B3 91 42 99 6D BE 42
1788592502.681829,34680,036f,12,8A 6E AE 42 B5 5A 93 42 4F 66 BF 42
1788592502.692465,34680,0370,12,39 A9 B4 42 61 AA 9F 42 6A FB C9 42
1788592502.703047,34680,0371,12,3E 64 C6 42 49 F6 A2 42 40 4C CB 42
1788592502.713712,34680,0372,12,66 39 D0 42 DE 63 A4 42 26 A1 C5 42
1788592502.724313,34680,0373,12,5F 47 D9 42 D2 3A 9C 42 5E BF CA 42
1788592502.734890,34680,0374,12,C0 BB E6 42 B3 91 9C 42 2F E1 CF 42
1788592502.745479,34680,0375,12,3B 7E EF 42 62 0E 9B 42 A2 3A D2 42
1788592502.756038,34680,0376,12,BD CE F0 42 87 16 85 42 A6 E9 CD 42
1788592502.766619,34680,0377,12,96 74 F4 42 B0 AB 82 42 BF 1C D0 42
1788592502.777145,34680,0378,12,C8 33 00 43 A2 02 77 42 CF D7 D1 42
1788592502.787791,34680,0379,12,65 DC 06 43 E0 38 49 42 5C 29 D3 42
1788592502.799167,34680,037a,12,34 C8 09 43 BD 73 44 42 73 15 D6 42
1788592502.809880,34680,037b,12,7D 89 0B 43 EB 70 22 42 1B 45 DE 42
1788592502.820434,34680,037c,12,60 00 0E 43 F1 10 0C 42 12 1D E0 42
1788592502.831023,34680,037d,12,BA 02 0E 43 EE 9F F0 41 F8 23 E1 42
1788592502.841758,34680,037e,12,42 BC 13 43 CF 1E D9 41 06 33 DA 42
1788592502.852618,34680,037f,12,0A 0E 13 43 B1 D9 C3 41 5B 15 E2 42
1788592502.863195,34680,0380,12,2D 63 17 43 8E 8B CB 41 9C 0A DC 42
1788592502.873818,34680,0381,12,F0 07 14 43 15 BE A9 41 9B 89 E4 42
1788592502.884436,34680,0382,12,45 0B 14 43 01 76 98 41 BA 96 EC 42
1788592502.895144,34680,0383,12,BC 85 15 43 7E 4F A6 41 27 E1 E6 42
1788592502.906105,34680,0384,12,CF CE 13 43 E8 8C CF 41 CC AA EE 42
1788592502.917459,34680,0385,12,89 83 0F 43 00 F3 D5 41 A5 20 EF 42
1788592502.928091,34680,0386,12,2A 78 11 43 E2 CF FD 41 16 5B A7 41
1788592502.938865,34680,0387,12,B5 5C 08 43 E5 97 06 42 5D 7E BD 41
1788592502.949836,34680,0388,12,56 18 0E 43 AD 49 30 42 50 A3 A3 41
1788592502.960449,34680,0389,12,47 21 0C 43 F2 04 4E 42 EE 79 A1 41
1788592502.971159,34680,038a,12,50 81 04 43 2F C7 5F 42 E2 74 A6 41
1788592502.981658,34680,038b,12,DD C5 FE 42 25 59 77 42 44 0F B6 41
1788592502.992241,34680,038c,12,19 FD F4 42 E5 54 85 42 D1 8E D0 41
1788592503.002847,34680,038d,12,74 B4 F2 42 04 B5 92 42 DE A0 CA 41
1788592503.013486,34680,038e,12,C3 C0 E6 42 6B EE 92 42 ED FC C4 41
1788592503.024088,34680,038f,12,8C 3A DD 42 29 AE A3 42 FF AB D6 41
1788592503.034734,34680,0390,12,5B D1 D4 42 61 03 A0 42 99 98 EC 41
1788592503.045169,34680,0391,12,D1 42 C4 42 E3 5F A6 42 2A E7 F4 41
1788592503.055750,34680,0392,12,D3 31 C0 42 F6 94 A0 42 08 D6 F1 41
1788592503.066447,34680,0393,12,52 CB B8 42 07 24 9C 42 D2 DA 04 42
1788592503.077089,34680,0394,12,A6 F6 A5 42 BC E2 93 42 4D B2 01 42
1788592503.087797,34680,0395,12,7A 9E A0 42 92 96 84 42 A8 29 08 42
1788592503.098323,34680,0396,12,23 33 99 42 B1 95 8B 42 8F 1D 16 42
1788592503.108944,34680,0397,12,D0 8D 90 42 85 A8 7D 42 EA 54 11 42
1788592503.119669,34680,0398,12,88 7E 88 42 90 77 63 42 3C 75 1C 42
1788592503.130450,34680,0399,12,DC F8 82 42 47 B4 4E 42 DA 20 0E 42
1788592503.141011,34680,039a,12,09 C1 74 42 0A E7 2C 42 99 3F 2B 42
1788592503.151657,34680,039b,12,DA B8 61 42 98 A7 15 42 BD C3 2C 42
1788592513.156813,34680,039d,12,64 2A 69 42 EF CD 0B 42 DE CF 22 42
1788592513.165736,34680,039e,12,A6 7F 5B 42 70 2D CD 41 46 1C 38 42
1788592513.176383,34680,039f,12,71 EC 3F 42 14 AD C2 41 EF 6E 36 42
1788592513.186962,34680,03a0,12,EB 8A 47 42 F2 11 CC 41 74 1F 36 42
1788592513.197667,34680,03a1,12,55 C0 46 42 17 D8 98 41 D6 3C 41 42
1788592513.208351,34680,03a2,12,62 52 48 42 11 32 8C 41 3D 29 3F 42
1788592513.218925,34680,03a3,12,4A C6 3E 42 DA A7 A8 41 E9 49 35 42
1788592513.229621,34680,03a4,12,B6 84 4E 42 53 EA AA 41 E7 78 4C 42
1788592513.240226,34680,03a5,12,74 73 53 42 E9 5F DC 41 5D CB 3C 42
1788592513.250969,34680,03a6,12,68 DD 58 42 63 03 D3 41 02 6A 4E 42
1788592513.261895,34680,03a7,12,E2 6E 60 42 E5 87 FF 41 10 81 51 42
1788592513.272459,34680,03a8,12,A2 E2 68 42 44 5A 27 42 D8 4B 5E 42
1788592513.283193,34680,03a9,12,B2 2D 7A 42 38 74 3F 42 2C F5 5C 42
1788592513.293830,34680,03aa,12,81 4C 82 42 2B 4D 59 42 F9 DD 59 42
1788592513.304426,34680,03ab,12,4C 93 8E 42 63 43 64 42 74 E3 59 42
1788592513.315011,34680,03ac,12,91 8E 91 42 71 1D 7D 42 9D 1B 65 42
1788592513.325556,34680,03ad,12,FD FF 96 42 D0 8D 86 42 31 B5 5F 42
1788592513.336114,34680,03ae,12,DC F9 A6 42 15 DE 92 42 6B 7D 69 42
1788592513.346607,34680,03af,12,22 60 B3 42 08 19 99 42 FB A4 6E 42
1788592513.357020,34680,03b0,12,B7 7A BE 42 25 BB 9A 42 8E DA 7B 42
1788592513.367688,34680,03b1,12,FB 71 BE 42 2C 8D 9B 42 B0 42 7E 42
1788592513.378124,34680,03b2,12,71 52 C9 42 0E F1 9B 42 67 4E 77 42
1788592513.388607,34680,03b3,12,B9 7C D0 42 E7 3C 9C 42 DE 50 81 42
1788592513.399796,34680,03b4,12,C3 62 E0 42 0B 64 99 42 C3 7A 80 42
1788592513.410476,34680,03b5,12,09 04 E8 42 80 D4 8C 42 37 50 7C 42
1788592513.421007,34680,03b6,12,4C 39 F6 42 3B F3 8A 42 1B FE 7E 42
1788592513.431798,34680,03b7,12,E5 17 FB 42 97 A6 7E 42 3A B0 86 42
1788592513.442488,34680,03b8,12,47 94 01 43 A6 D3 6D 42 87 BF 88 42
1788592513.453039,34680,03b9,12,3F 90 08 43 CA 39 50 42 7E 9B 84 42
1788592513.463683,34680,03ba,12,0B 28 0A 43 B5 94 34 42 B4 8E 8F 42
1788592513.474155,34680,03bb,12,CE BF 0E 43 DA C3 18 42 BC 3F 92 42
1788592513.485073,34680,03bc,12,96 DF 0E 43 E5 35 01 42 8B AC 8F 42
1788592513.495659,34680,03bd,12,30 B0 12 43 9E C3 F3 41 69 4D 97 42
1788592513.506170,34680,03be,12,90 93 10 43 5E E2 B6 41 EB CB 91 42
1788592513.516675,34680,03bf,12,D0 EF 14 43 EA 91 B2 41 90 62 95 42
1788592513.530477,34680,03c0,12,72 20 18 43 11 48 9A 41 8B 29 97 42
1788592513.540992,34680,03c1,12,09 8D 14 43 49 2E 98 41 E4 89 99 42
1788592513.572021,34680,03c2,12,FE E5 18 43 33 0B A3 41 87 9C 9A 42
1788592513.590037,34680,03c3,12,62 F6 15 43 91 E3 C5 41 37 8B A0 42
1788592513.600798,34680,03c4,12,1C AD 18 43 7E 9C C5 41 48 9B 9B 42
1788592513.611409,34680,03c5,12,E7 A3 11 43 2E A8 D9 41 A5 2F A2 42
1788592513.622572,34680,03c6,12,E5 7A 13 43 48 ED F4 41 6C 68 AB 42
1788592513.633215,34680,03c7,12,4A D1 0B 43 38 18 18 42 A2 A3 A1 42
1788592513.644018,34680,03c8,12,76 74 0C 43 43 E3 35 42 0F A4 A4 42
1788592513.654622,34680,03c9,12,85 4C 06 43 A5 4F 4E 42 D2 69 B7 42
1788592513.665299,34680,03ca,12,F5 BA 01 43 0B C5 67 42 05 0B B4 42
1788592513.675745,34680,03cb,12,86 A1 00 43 1C 1A 7C 42 B9 81 AE 42
1788592513.686236,34680,03cc,12,54 F7 FA 42 2D F7 84 42 87 22 AD 42
1788592513.696756,34680,03cd,12,C6 49 F0 42 39 37 8D 42 A2 0F B4 42
1788592513.707289,34680,03ce,12,2A CD E3 42 C9 73 92 42 10 3F B5 42
1788592513.717869,34680,03cf,12,A7 0C D6 42 7D BF 98 42 57 0E B2 42
1788592513.729894,34680,03d0,12,A5 F7 D3 42 8F B1 A1 42 C0 A3 BD 42
1788592513.740558,34680,03d1,12,DD 3C C6 42 12 D6 A0 42 79 89 BE 42
1788592513.751077,34680,03d2,12,42 86 B8 42 2C 69 9A 42 D4 B0 B9 42
1788592513.762007,34680,03d3,12,FA 78 B0 42 73 42 9A 42 3E BE BE 42
1788592513.776119,34680,03d4,12,CA 08 A7 42 AE 0D 93 42 CB 9F C4 42
1788592513.786587,34680,03d5,12,8F 64 97 42 D8 7D 8B 42 A6 24 C7 42
1788592513.797231,34680,03d6,12,4F 8B 98 42 1C 3D 81 42 55 F3 C9 42
1788592513.807965,34680,03d7,12,1D BC 8B 42 CD 7F 6D 42 B4 2F C7 42
1788592513.818992,34680,03d8,12,DE 1A 8F 42 6D A6 61 42 E0 52 CF 42
1788592513.829585,34680,03d9,12,53 6E 82 42 28 DF 39 42 29 59 CE 42
1788592513.840385,34680,03da,12,5B 5A 79 42 F2 04 28 42 19 4B CE 42
1788592513.851387,34680,03db,12,B2 56 6C 42 7E A7 15 42 9F CB D1 42
1788592513.861966,34680,03dc,12,D2 80 51 42 F4 AD F4 41 40 4D DB 42
1788592513.872566,34680,03dd,12,67 BB 4A 42 BC 23 E6 41 C0 79 CD 42
1788592513.883111,34680,03de,12,F8 BD 4F 42 6E E9 CE 41 61 59 D6 42
1788592513.893703,34680,03df,12,D0 43 38 42 1A D7 AF 41 CF 0A D9 42
1788592513.904233,34680,03e0,12,91 1C 42 42 3F AA B3 41 7D D5 D9 42
1788592513.914688,34680,03e1,12,74 70 42 42 3B EF AE 41 03 59 DC 42
1788592513.925222,34680,03e2,12,4B DB 44 42 4C 18 A2 41 29 07 E4 42
1788592513.935771,34680,03e3,12,5E 11 3E 42 97 AE B6 41 26 49 E2 42
1788592513.946176,34680,03e4,12,F2 78 64 42 B5 44 E3 41 80 DB E5 42
1788592513.956688,34680,03e5,12,64 F0 5A 42 D1 D4 EE 41 48 E0 E3 42
1788592513.967218,34680,03e6,12,F5 06 63 42 7A F9 1C 42 95 79 E2 42
1788592513.979044,34680,03e7,12,3E 68 6F 42 66 F7 25 42 F8 E9 EA 42
1788592513.989730,34680,03e8,12,3C E1 78 42 D5 C7 3E 42 09 73 EB 42
1788592514.000273,34680,03e9,12,90 E9 83 42 30 5C 48 42 2C 58 EA 42
1788592514.010678,34680,03ea,12,56 48 8C 42 7B 81 6F 42 F0 0A EF 42
1788592514.021148,34680,03eb,12,17 77 92 42 7A E7 7A 42 94 E3 9A 41
1788592514.031739,34680,03ec,12,48 C8 9C 42 74 75 8C 42 29 F4 B1 41
1788592514.042360,34680,03ed,12,A8 B1 A1 42 D6 C3 97 42 19 01 BE 41
1788592514.052937,34680,03ee,12,FB 1F AE 42 42 F9 99 42 DC 0A CF 41
1788592514.063436,34680,03ef,12,79 6C B8 42 DB 70 9C 42 BA FD C7 41
1788592514.075048,34680,03f0,12,1D FB C1 42 BF A2 9A 42 8C 07 BF 41
1788592514.087835,34680,03f1,12,5F 9E D3 42 A3 43 A3 42 B1 F6 D2 41
1788592514.098435,34680,03f2,12,11 48 D7 42 4B 72 95 42 23 60 CE 41
1788592514.110435,34680,03f3,12,5C BD E6 42 9C D1 97 42 81 45 D4 41
1788592514.121445,34680,03f4,12,57 05 EC 42 25 F3 90 42 FE E6 D0 41
1788592514.132119,34680,03f5,12,FB 8F F2 42 C5 EE 82 42 87 9A EA 41
1788592514.142917,34680,03f6,12,C9 E9 FB 42 67 10 72 42 3B 29 E9 41
1788592514.157600,34680,03f7,12,71 89 03 43 B1 38 56 42 04 78 FA 41
1788592514.168806,34680,03f8,12,EE 63 05 43 96 90 45 42 A2 E2 06 42
1788592514.179466,34680,03f9,12,87 40 05 43 DE F7 3D 42 D7 F5 10 42
1788592514.190077,34680,03fa,12,EB A5 0E 43 E9 E7 0F 42 0A 32 14 42
1788592514.200739,34680,03fb,12,ED 98 0E 43 79 71 09 42 78 E8 13 42
1788592514.211498,34680,03fc,12,B3 C1 13 43 67 8C E4 41 65 62 0C 42
1788592514.222171,34680,03fd,12,D0 EE 13 43 0B 7E DA 41 96 EC 03 42
1788592514.232899,34680,03fe,12,1F 70 10 43 60 83 92 41 9F B0 0F 42
1788592514.243524,34680,03ff,12,5D 08 1A 43 BE E6 9E 41 61 13 2F 42
1788592514.254221,34680,0400,12,C8 96 13 43 85 8F B2 41 AE 1D 19 42
1788592514.264777,34680,0401,12,97 F5 15 43 78 53 B5 41 77 97 12 42
1788592514.275157,34680,0402,12,CE 51 15 43 53 4F AD 41 28 CD 28 42
1788592514.285853,34680,0403,12,E7 0B 15 43 08 32 C4 41 AB D5 38 42
1788592514.296463,34680,0404,12,E2 60 13 43 C0 84 D4 41 73 B8 3C 42
1788592514.307103,34680,0405,12,D4 6D 11 43 D5 6B 16 42 16 9D 51 42
1788592514.317868,34680,0406,12,BF B4 0D 43 3B B9 1E 42 07 D1 27 42
1788592514.328372,34680,0407,12,72 18 0C 43 CF A8 24 42 AD FF 4E 42
1788592514.338932,34680,0408,12,3B 40 08 43 AA B6 46 42 13 BC 56 42
1788592514.349492,34680,0409,12,A5 DC 03 43 1C BC 68 42 FA D0 47 42
1788592514.360140,34680,040a,12,9D 97 FB 42 A1 B0 76 42 86 D3 3E 42
1788592514.370704,34680,040b,12,03 EC F8 42 A7 5C 87 42 C0 20 4F 42
1788592514.381164,34680,040c,12,D4 D4 E6 42 60 BF 8F 42 05 3F 5A 42
1788592514.391733,34680,040d,12,7E 7D EA 42 58 9B 98 42 5A 72 5C 42
1788592514.402468,34680,040e,12,66 3B D1 42 40 5E 9D 42 03 67 53 42
1788592514.413069,34680,040f,12,73 1C D6 42 03 C3 9C 42 BB 23 60 42
1788592514.423620,34680,0410,12,89 7F C5 42 69 50 A0 42 F1 05 62 42
1788592514.443831,34680,0411,12,99 96 BE 42 5D B1 9D 42 2E FE 78 42
1788592514.454484,34680,0412,12,A6 58 B5 42 6D 90 9F 42 3B E2 66 42
1788592514.465303,34680,0413,12,48 B9 A8 42 C4 52 94 42 52 89 71 42
1788592514.476030,34680,0414,12,E9 0E A2 42 5F 00 8C 42 C8 0A 80 42
1788592514.486603,34680,0415,12,7A 11 9D 42 3A 19 82 42 1C F0 6D 42
1788592514.497408,34680,0416,12,E4 05 95 42 71 93 6D 42 9A 80 7D 42
1788592514.508237,34680,0417,12,66 DD 8B 42 02 04 54 42 54 36 84 42
1788592514.519203,34680,0418,12,09 9D 80 42 95 11 34 42 48 BB 7B 42
1788592514.529838,34680,0419,12,FA A2 6B 42 CD 93 29 42 45 E8 87 42
1788592514.540679,34680,041a,12,FE 1B 6A 42 61 E8 15 42 26 89 84 42
1788592514.551734,34680,041b,12,83 A0 58 42 E7 60 F4 41 E4 24 85 42
1788592514.562119,34680,041c,12,C3 3D 55 42 14 8D DE 41 00 79 87 42
1788592514.572651,34680,041d,12,9F 70 4F 42 B2 25 A4 41 61 EC 8B 42
1788592514.583199,34680,041e,12,48 3F 3E 42 66 E7 80 41 C9 ED 92 42
1788592514.593777,34680,041f,12,7A F3 54 42 94 B3 9D 41 7A A6 8E 42
1788592514.604284,34680,0420,12,78 AD 4F 42 0D 49 B1 41 20 28 95 42
1788592514.614795,34680,0421,12,80 F3 5F 42 0E CF B0 41 80 BA 94 42
1788592514.625455,34680,0422,12,BD 2F 55 42 58 9D B3 41 C2 97 95 42
1788592514.636294,34680,0423,12,7C 0A 56 42 16 DB E0 41 F9 FC 9B 42
1788592514.646738,34680,0424,12,5D 1A 5B 42 66 CE 05 42 30 2C 9A 42
1788592514.657644,34680,0425,12,99 24 77 42 96 91 2A 42 44 A6 99 42
1788592514.668173,34680,0426,12,66 C0 70 42 44 5D 26 42 69 5F 9C 42
1788592514.678861,34680,0427,12,36 50 7D 42 3E 95 3C 42 6A 05 9A 42
1788592514.689586,34680,0428,12,1B 0B 87 42 1E 6A 56 42 59 38 9F 42
1788592514.700095,34680,0429,12,EF C3 8E 42 76 9D 6C 42 2F 2F A4 42
1788592514.710843,34680,042a,12,1F 9C 93 42 DE 8C 85 42 6A FE A7 42
1788592514.721439,34680,042b,12,E2 C0 A2 42 DE 5A 91 42 05 80 A6 42
1788592514.731994,34680,042c,12,CE 65 AB 42 34 1C 91 42 DB 48 AC 42
1788592514.743073,34680,042d,12,EB 52 B6 42 A9 DE 97 42 5E F1 B0 42
1788592514.753583,34680,042e,12,52 65 C0 42 65 FE 9C 42 78 52 A9 42
1788592514.764246,34680,042f,12,AC 23 C6 42 6B 99 98 42 DB 7C B2 42
1788592514.774875,34680,0430,12,65 95 C7 42 10 D5 9F 42 FF B3 B1 42
1788592514.785409,34680,0431,12,AC 78 DB 42 27 04 9D 42 65 6D B6 42
1788592514.798196,34680,0432,12,55 E3 E3 42 DA C1 98 42 EE 4B B2 42
1788592514.808776,34680,0433,12,C2 4E F1 42 F5 9A 8D 42 36 CA B8 42
1788592514.819406,34680,0434,12,82 17 F7 42 EE C0 89 42 1C 38 BB 42
1788592514.830285,34680,0435,12,4F 6A FF 42 AD BF 6A 42 DF 1C BC 42
1788592514.840747,34680,0436,12,B8 EE 04 43 D4 36 5E 42 4A C8 BA 42
1788592514.851690,34680,0437,12,81 F2 06 43 88 FB 5C 42 D7 A3 C0 42
1788592514.863269,34680,0438,12,3C 51 0E 43 DC A3 28 42 0D 31 C7 42
1788592514.875130,34680,0439,12,16 A2 0C 43 BB 5F 19 42 2A D7 C0 42
1788592514.886431,34680,043a,12,37 37 10 43 F0 01 1E 42 AA 85 C5 42
1788592514.897376,34680,043b,12,D8 21 14 43 20 8B F8 41 2F B7 C2 42
1788592514.908038,34680,043c,12,4A 9C 12 43 A2 FB BB 41 49 15 CA 42
1788592514.918895,34680,043d,12,6B 9D 16 43 D8 F3 B2 41 E8 A9 CB 42
1788592514.929362,34680,043e,12,06 BB 13 43 16 C6 8B 41 0E C1 CB 42
1788592514.939925,34680,043f,12,B8 CE 14 43 3F F0 9D 41 BE DC D1 42
1788592514.951038,34680,0440,12,9F 92 19 43 E0 F9 C0 41 CD 2D D5 42
1788592514.961816,34680,0441,12,13 9D 17 43 A2 69 BB 41 FC 90 D4 42
1788592514.972395,34680,0442,12,2E D3 10 43 A1 91 CF 41 E5 5E D2 42
1788592514.982799,34680,0443,12,14 EA 0F 43 2E 65 F7 41 F0 F8 D7 42
1788592514.997115,34680,0444,12,FB 39 0C 43 77 56 0C 42 E1 65 DD 42
1788592515.007696,34680,0445,12,09 40 11 43 B9 5E 27 42 ED 0D DD 42
1788592515.018201,34680,0446,12,6B 7E 06 43 D7 2E 38 42 6A D7 D8 42
1788592515.029222,34680,0447,12,71 4C 06 43 1F B8 53 42 2B E9 E5 42
1788592515.040255,34680,0448,12,0E 0C 02 43 61 C0 64 42 30 08 E3 42
1788592515.050782,34680,0449,12,98 B3 00 43 C5 46 8B 42 7E 8E E0 42
1788592515.061307,34680,044a,12,9C E5 F1 42 57 57 86 42 BD 68 EB 42
1788592515.072008,34680,044b,12,EE D3 E7 42 00 4D 91 42 DE 58 ED 42
1788592515.082597,34680,044c,12,2D CF E5 42 40 B2 97 42 5C 53 E6 42
1788592515.093111,34680,044d,12,76 91 D1 42 07 2F 9D 42 BF 40 E8 42
1788592515.103699,34680,044e,12,96 FB D1 42 6C 4D 9A 42 0A 61 ED 42
1788592515.116021,34680,044f,12,EB 50 C1 42 46 81 A1 42 FF 78 AE 41
1788592515.126657,34680,0450,12,26 A4 BC 42 A5 A9 A3 42 E0 B0 9F 41
1788592515.137309,34680,0451,12,F1 57 AD 42 54 04 9C 42 54 74 8A 41
1788592515.149038,34680,0452,12,A9 61 A6 42 42 4D 92 42 9A 1E C4 41
1788592515.159668,34680,0453,12,0E B3 A0 42 A8 7F 8A 42 81 4F D8 41
1788592515.170211,34680,0454,12,1E 41 95 42 C8 8F 7E 42 6F 15 E5 41
1788592515.180716,34680,0455,12,37 F2 89 42 09 B9 74 42 34 69 A8 41
1788592515.191344,34680,0456,12,00 0B 83 42 CA 80 44 42 D4 FC E1 41
1788592515.202024,34680,0457,12,21 DF 76 42 FC C3 31 42 19 59 DF 41
1788592515.212595,34680,0458,12,80 BD 68 42 CB 28 1F 42 01 A9 F0 41
1788592515.223256,34680,0459,12,B1 36 55 42 15 43 0D 42 23 5B 02 42
1788592515.235571,34680,045a,12,75 BF 59 42 3B D1 E0 41 01 BD ED 41
1788592515.248956,34680,045b,12,50 7A 55 42 5B 01 E6 41 CF ED 05 42
1788592515.259516,34680,045c,12,74 D5 4E 42 14 BB AE 41 C6 A7 09 42
1788592515.270219,34680,045d,12,6A A5 42 42 9B 9B A8 41 CD BD 05 42
1788592515.280910,34680,045e,12,9E 7C 49 42 EF F2 A8 41 CA 08 17 42
1788592515.291389,34680,045f,12,E4 3D 48 42 BC 2F 9B 41 F9 B4 0B 42
1788592515.302027,34680,0460,12,DE 87 46 42 81 5B B9 41 50 99 21 42
1788592515.312617,34680,0461,12,DE 14 51 42 B3 B1 B1 41 E7 6C 1B 42
1788592515.323163,34680,0462,12,DE 45 56 42 9D 68 E2 41 64 77 1C 42
1788592515.334025,34680,0463,12,31 B3 54 42 B5 23 03 42 C6 E2 10 42
1788592515.344656,34680,0464,12,02 1A 62 42 A1 34 1B 42 CC 96 14 42
1788592515.355284,34680,0465,12,B7 CD 69 42 F3 18 22 42 7A 68 21 42
1788592515.366039,34680,0466,12,20 DC 79 42 39 2B 49 42 EA 46 2D 42
1788592515.376583,34680,0467,12,64 00 88 42 DE D2 68 42 63 19 33 42
1788592515.387156,34680,0468,12,3D 74 8B 42 A1 78 80 42 54 75 37 42
1788592515.397778,34680,0469,12,F7 8C 90 42 D2 F4 8C 42 78 53 36 42
1788592515.408289,34680,046a,12,11 24 9D 42 78 28 8C 42 92 7A 41 42
1788592515.418804,34680,046b,12,07 44 A5 42 56 E8 94 42 5A 2B 3B 42
1788592515.429331,34680,046c,12,41 5D B7 42 5A D7 9D 42 7B AC 35 42
1788592515.439966,34680,046d,12,AB D4 B7 42 7C E9 9D 42 18 90 42 42
1788592515.450674,34680,046e,12,73 BC CB 42 1D 7F 9B 42 59 59 50 42
1788592515.461617,34680,046f,12,CC 1F D5 42 79 14 9B 42 C1 D8 50 42
1788592515.472313,34680,0470,12,79 1D DE 42 02 42 9D 42 63 32 60 42
1788592515.482799,34680,0471,12,64 EB E6 42 B0 8F 95 42 32 B2 55 42
1788592515.493574,34680,0472,12,D7 AE ED 42 A2 B4 8A 42 BC 8E 61 42
1788592515.504114,34680,0473,12,BE E8 FB 42 40 4D 81 42 B0 24 5B 42
1788592515.514720,34680,0474,12,04 CD 01 43 C0 65 72 42 59 A2 59 42
1788592515.525256,34680,0475,12,71 EB 01 43 19 9A 62 42 36 9C 5E 42
1788592515.535713,34680,0476,12,8A 38 08 43 DB 91 41 42 7F E3 65 42
1788592515.547169,34680,0477,12,68 A8 09 43 C0 2C 34 42 2C 86 6B 42
1788592515.557699,34680,0478,12,EE 45 0E 43 B9 0C 20 42 8D 93 75 42
1788592515.568218,34680,0479,12,D4 3F 0F 43 73 09 FD 41 A0 0A 7D 42
1788592515.579302,34680,047a,12,F2 8F 12 43 FB 49 CD 41 13 16 80 42
1788592515.589894,34680,047b,12,F4 E4 14 43 BB DC D0 41 F6 65 80 42
1788592515.600580,34680,047c,12,6C CD 17 43 84 13 C5 41 34 E6 78 42
1788592515.611250,34680,047d,12,3D 6A 13 43 88 00 AF 41 05 DF 84 42
1788592515.622033,34680,047e,12,D3 8F 17 43 41 D1 A5 41 E4 7C 86 42
1788592515.632571,34680,047f,12,4D EC 0F 43 56 1B 9A 41 16 F1 89 42
1788592515.643076,34680,0480,12,FE A0 16 43 12 69 C2 41 66 E7 8E 42
1788592515.653729,34680,0481,12,69 B9 10 43 09 2C C3 41 45 06 8E 42
1788592515.664815,34680,0482,12,95 7B 12 43 E0 D0 FE 41 C5 CF 85 42
1788592515.687479,34680,0483,12,C9 1E 13 43 C0 ED 13 42 28 DC 8F 42
1788592515.702442,34680,0484,12,C1 E3 0B 43 07 4A 26 42 45 76 90 42
1788592515.715297,34680,0485,12,0D 03 09 43 4F 95 41 42 61 66 98 42
1788592515.725947,34680,0486,12,91 3A 06 43 86 84 4C 42 68 50 8D 42
1788592515.736627,34680,0487,12,71 2F 05 43 04 C8 65 42 62 DB 94 42
1788592515.747935,34680,0488,12,91 46 FC 42 3B 23 84 42 B3 EB 99 42
1788592515.758546,34680,0489,12,8B 5A F5 42 03 FB 86 42 BF 63 A8 42
1788592515.769122,34680,048a,12,D5 75 E6 42 B3 A9 91 42 55 E4 9F 42
1788592515.779718,34680,048b,12,18 4F DC 42 C9 E1 99 42 83 4C A5 42
1788592515.790234,34680,048c,12,58 97 D7 42 F9 3E 98 42 D2 8C A1 42
1788592515.800979,34680,048d,12,52 FF C4 42 74 91 A0 42 C2 A0 A5 42
1788592515.811352,34680,048e,12,60 7B BE 42 28 90 A1 42 29 82 A4 42
1788592515.821898,34680,048f,12,1F 9C B9 42 D2 30 9A 42 D6 5E A8 42
1788592515.832473,34680,0490,12,F9 D4 B1 42 87 6C 94 42 C3 B9 A3 42
1788592515.843076,34680,0491,12,60 0B A9 42 CA F1 8C 42 4A E9 AE 42
1788592515.853884,34680,0492,12,E9 82 9B 42 49 F3 8B 42 E9 79 AB 42
1788592515.864448,34680,0493,12,28 9D 99 42 04 B6 79 42 D8 5F AB 42
1788592515.874998,34680,0494,12,58 76 91 42 9B 13 61 42 E4 7E AD 42
1788592515.885829,34680,0495,12,AD 66 82 42 A2 FC 4D 42 73 19 B5 42
1788592515.896509,34680,0496,12,EF 8E 73 42 28 C5 31 42 9D 9C BB 42
1788592515.907416,34680,0497,12,54 AC 67 42 95 25 24 42 4C 6E BA 42
1788592515.918082,34680,0498,12,DD 29 59 42 6F 2A 02 42 5D 13 C0 42
1788592515.928938,34680,0499,12,F7 6A 63 42 FC 8F F2 41 49 88 BF 42
1788592515.939770,34680,049a,12,C7 60 57 42 E6 06 D0 41 D1 F4 BB 42
1788592515.951256,34680,049b,12,5C C5 48 42 69 0A B3 41 DA 68 BA 42
1788592515.962598,34680,049c,12,46 28 48 42 05 DF 8C 41 E1 43 C8 42
1788592515.973143,34680,049d,12,37 29 43 42 52 3C A3 41 84 75 C9 42
1788592515.984063,34680,049e,12,04 C8 4C 42 B4 E3 A3 41 99 9F C3 42
1788592515.994718,34680,049f,12,66 A7 41 42 44 5E C6 41 A9 3B C8 42
1788592516.005453,34680,04a0,12,4D 74 4A 42 A2 40 D8 41 55 E9 D0 42
1788592516.016187,34680,04a1,12,21 F2 54 42 9B 3C E5 41 27 F7 CB 42
1788592516.027155,34680,04a2,12,CD 0B 69 42 0B 00 05 42 D3 C8 CE 42
1788592516.037955,34680,04a3,12,0F 03 6B 42 CB 74 20 42 47 B9 D3 42
1788592516.048782,34680,04a4,12,48 0C 82 42 EA 4C 2A 42 83 91 C8 42
1788592516.059737,34680,04a5,12,38 EA 7E 42 40 06 46 42 08 99 C9 42
1788592516.070451,34680,04a6,12,65 E8 86 42 00 8A 5D 42 C2 AA D8 42
1788592516.081414,34680,04a7,12,7E 1B 92 42 3E 66 6A 42 97 81 D9 42
1788592516.092174,34680,04a8,12,7A 81 9B 42 59 01 89 42 5B 74 DD 42
1788592516.103027,34680,04a9,12,BE 9A A3 42 ED A3 8D 42 0F 63 D7 42
1788592516.113643,34680,04aa,12,A4 B3 A8 42 4B 10 97 42 4C F6 E7 42
1788592516.124264,34680,04ab,12,70 DD B6 42 5A BB 96 42 64 51 DE 42
1788592516.134820,34680,04ac,12,45 A3 C5 42 D6 F4 9E 42 25 AB E1 42
1788592516.145461,34680,04ad,12,08 77 CC 42 4F 8D 9E 42 A0 0E E8 42
1788592516.156283,34680,04ae,12,88 91 CE 42 C0 49 9B 42 B4 66 E2 42
1788592516.167156,34680,04af,12,E1 00 DD 42 8E 61 9D 42 76 D5 E6 42
1788592516.177636,34680,04b0,12,39 C3 E6 42 27 18 96 42 29 77 E7 42
1788592516.188369,34680,04b1,12,61 C3 F6 42 AA 72 8E 42 52 65 E5 42
1788592516.199071,34680,04b2,12,02 35 F8 42 07 10 87 42 C0 C6 F0 42
1788592516.209643,34680,04b3,12,7D 1A 03 43 5D 55 6A 42 F8 19 78 41
1788592516.220245,34680,04b4,12,AB B1 03 43 9E DE 55 42 82 AC A7 41
1788592516.230874,34680,04b5,12,CB E9 08 43 8D 76 30 42 A4 54 AF 41
1788592516.241599,34680,04b6,12,BF 1C 0E 43 89 99 22 42 8F F4 A0 41
1788592516.252307,34680,04b7,12,AD 7C 0F 43 DE 9C 0A 42 F9 7F C5 41
1788592516.263005,34680,04b8,12,B2 BA 0D 43 7D 6F F7 41 4D D2 D8 41
1788592516.273633,34680,04b9,12,A1 74 11 43 BF 38 C8 41 DC 0F DB 41
1788592516.284147,34680,04ba,12,FB 54 13 43 E9 2C E1 41 F9 D2 F8 41
1788592516.294822,34680,04bb,12,62 F7 14 43 4F 1A B2 41 F6 69 D4 41
1788592516.305676,34680,04bc,12,04 01 13 43 B9 C5 93 41 B4 0A D2 41
1788592516.316137,34680,04bd,12,93 95 19 43 C5 5F A2 41 E5 02 00 42
1788592516.326923,34680,04be,12,5D BC 14 43 12 38 AA 41 D3 90 08 42
1788592516.337565,34680,04bf,12,4B 53 12 43 DC 73 C0 41 F2 37 06 42
1788592516.348075,34680,04c0,12,76 30 17 43 E5 21 E7 41 28 8E 05 42
1788592516.358613,34680,04c1,12,0F 1B 14 43 5B 3D E9 41 37 B2 07 42
1788592516.369605,34680,04c2,12,41 61 0E 43 80 46 10 42 82 12 0B 42
1788592516.380290,34680,04c3,12,93 B0 0E 43 E2 2E 22 42 AC 20 07 42
1788592516.390682,34680,04c4,12,1C D5 08 43 53 74 46 42 D5 E2 11 42
1788592516.401203,34680,04c5,12,34 F6 06 43 CB 1E 5C 42 E1 F9 25 42
1788592516.411719,34680,04c6,12,D2 F6 FC 42 80 96 6D 42 20 D4 14 42
1788592516.422327,34680,04c7,12,96 D3 F6 42 3D 72 82 42 E0 36 20 42
1788592516.432861,34680,04c8,12,7E 79 F4 42 3E BE 8C 42 09 50 25 42
1788592516.443695,34680,04c9,12,04 7A EB 42 E3 B6 91 42 08 1B 25 42
1788592516.454268,34680,04ca,12,A1 BE DF 42 9F 68 A5 42 CA 88 2D 42
1788592516.465039,34680,04cb,12,02 87 D4 42 63 F7 A2 42 E0 14 25 42
1788592516.476084,34680,04cc,12,2C 88 CB 42 DC 20 A4 42 1B 2F 41 42
1788592516.486666,34680,04cd,12,1B BB B7 42 2F EE 97 42 00 2B 39 42
1788592516.497224,34680,04ce,12,71 CE B4 42 F9 76 9C 42 C5 C4 36 42
1788592516.507765,34680,04cf,12,EC E1 AB 42 AB A5 99 42 4A C3 33 42
1788592516.518409,34680,04d0,12,49 15 A6 42 3C A9 8D 42 A1 3D 40 42
1788592516.528960,34680,04d1,12,4B 6A 95 42 80 96 87 42 CE 41 48 42
1788592516.539971,34680,04d2,12,81 2D 98 42 2B 2C 83 42 7D 08 53 42
1788592516.550589,34680,04d3,12,F4 7A 8B 42 E2 67 65 42 61 3C 52 42
1788592516.561148,34680,04d4,12,65 C3 86 42 C7 FF 49 42 7C 6F 53 42
1788592516.571773,34680,04d5,12,61 C0 6D 42 34 AF 2A 42 4F D8 5A 42
1788592516.582845,34680,04d6,12,41 29 71 42 47 B7 19 42 FA 85 5B 42
1788592516.593175,34680,04d7,12,0D DF 6B 42 C7 FF 0B 42 33 C7 6F 42
1788592516.604035,34680,04d8,12,30 6B 68 42 6F AE F9 41 A3 F6 61 42
1788592516.614795,34680,04d9,12,6E DE 54 42 6A 90 C0 41 A5 78 6F 42
1788592516.626146,34680,04da,12,3A 7F 4F 42 9C 16 C0 41 2C 63 62 42
1788592516.636815,34680,04db,12,A5 00 49 42 D1 9A 94 41 86 06 60 42
1788592516.647426,34680,04dc,12,72 E3 41 42 AE 07 8B 41 70 8A 79 42
1788592516.658280,34680,04dd,12,DB 32 44 42 B6 C9 B9 41 9B 16 77 42
1788592516.668840,34680,04de,12,E2 CE 5B 42 5E CA BA 41 7C 70 76 42
1788592516.679538,34680,04df,12,3A 3B 69 42 C4 34 BF 41 6A 0E 78 42
1788592516.690215,34680,04e0,12,DB 11 4B 42 7C 0B E8 41 7A 62 7C 42
1788592516.700646,34680,04e1,12,DE 35 65 42 AD CA 01 42 28 B1 86 42
1788592516.711895,34680,04e2,12,A5 52 6C 42 DE 08 1A 42 8A AC 88 42
1788592516.727762,34680,04e3,12,D2 E1 83 42 96 D0 31 42 15 99 8C 42
1788592516.738407,34680,04e4,12,5E BF 80 42 63 87 5A 42 A3 02 88 42
1788592516.749026,34680,04e5,12,9F F4 83 42 F5 60 6B 42 87 5B 8A 42
1788592516.759691,34680,04e6,12,CC 4E 91 42 04 3B 7A 42 0A 7F 93 42
1788592516.770275,34680,04e7,12,5E E8 95 42 8F A3 88 42 17 05 91 42
1788592516.780805,34680,04e8,12,76 C6 A0 42 EE 10 8D 42 B5 5B 8D 42
1788592516.791584,34680,04e9,12,61 E2 AB 42 A4 7A 99 42 50 FF 93 42
1788592516.802279,34680,04ea,12,B5 D2 B3 42 3B C5 9B 42 39 D4 8D 42
1788592516.819712,34680,04eb,12,54 E6 C2 42 07 97 A1 42 9F DD 98 42
1788592516.831293,34680,04ec,12,DB A7 CC 42 99 6A 9E 42 DF A9 9F 42
1788592516.842441,34680,04ed,12,76 99 DB 42 FD 94 97 42 2F E3 9B 42
1788592516.852989,34680,04ee,12,50 F7 E1 42 6D 41 9E 42 4F FD 9E 42
1788592516.863660,34680,04ef,12,38 B9 E3 42 4E 00 94 42 69 47 9E 42
1788592516.874413,34680,04f0,12,4A A6 F1 42 89 A7 89 42 31 AF 9F 42
1788592516.885094,34680,04f1,12,45 9F F8 42 06 9E 85 42 33 88 A2 42
1788592516.895707,34680,04f2,12,95 93 01 43 F5 16 6C 42 D4 BB A7 42
1788592516.906291,34680,04f3,12,89 E2 05 43 80 44 50 42 82 C2 A7 42
1788592516.916891,34680,04f4,12,53 81 0A 43 67 ED 4A 42 FD 55 AE 42
1788592516.927632,34680,04f5,12,0B A2 06 43 C0 58 2E 42 6C 7F A6 42
1788592516.938487,34680,04f6,12,54 BF 0D 43 FA 35 15 42 D2 9A AF 42
1788592516.949315,34680,04f7,12,3A B8 13 43 7B 41 EF 41 0A 71 B2 42
1788592516.960012,34680,04f8,12,BD 3E 10 43 73 33 DD 41 9A 90 B3 42
1788592516.970634,34680,04f9,12,B1 7B 15 43 B7 6D C2 41 CB 30 B9 42
1788592516.981260,34680,04fa,12,86 07 16 43 5F DB B4 41 1B DE B1 42
1788592516.991794,34680,04fb,12,E7 3E 17 43 F8 2C 94 41 AF 21 C0 42
1788592517.002372,34680,04fc,12,BD BA 13 43 A6 09 9B 41 D7 99 BA 42
1788592517.012925,34680,04fd,12,25 BE 13 43 20 B8 AD 41 4A 6B C0 42
1788592517.023475,34680,04fe,12,62 08 13 43 4D 78 D8 41 5F 2F C6 42
1788592517.034052,34680,04ff,12,28 B3 11 43 21 14 F2 41 C0 3A C7 42
1788592517.044721,34680,0500,12,28 02 11 43 2F A4 05 42 B2 58 BD 42
1788592517.055263,34680,0501,12,43 3F 0F 43 D1 C5 16 42 50 E2 BF 42
1788592517.065823,34680,0502,12,E1 0B 0E 43 41 34 3C 42 2C 0A C1 42
1788592517.076375,34680,0503,12,52 54 09 43 3B 69 4E 42 AB 5B CD 42
1788592517.087050,34680,0504,12,36 56 03 43 16 C9 5F 42 96 58 CE 42
1788592517.097616,34680,0505,12,31 60 00 43 5D 14 71 42 0F 59 D1 42
1788592517.111368,34680,0506,12,95 05 F6 42 52 CF 85 42 7B 96 CD 42
1788592517.121994,34680,0507,12,36 D2 ED 42 E9 6A 8A 42 C2 A5 D1 42
1788592517.132540,34680,0508,12,25 7A E9 42 EA BF 94 42 02 B1 D7 42
1788592517.143120,34680,0509,12,85 1F DD 42 9B 7C 9D 42 6F 0B D4 42
1788592517.154611,34680,050a,12,33 D4 D1 42 64 75 9D 42 E3 AC DA 42
1788592517.165008,34680,050b,12,8B 29 C9 42 09 C8 A0 42 1D 9B D6 42
1788592517.175575,34680,050c,12,2C 14 C0 42 58 75 A4 42 04 E8 DE 42
1788592517.186123,34680,050d,12,BF 55 BB 42 4A 2C 97 42 5D 54 D7 42
1788592517.196715,34680,050e,12,40 4C A9 42 D2 98 98 42 9A 20 E0 42
1788592517.207683,34680,050f,12,2E DE A5 42 02 85 92 42 EB FD E3 42
1788592517.218251,34680,0510,12,A3 3A 96 42 C8 ED 7E 42 70 89 E9 42
1788592517.233273,34680,0511,12,E6 4B 8C 42 F5 75 70 42 2A 75 E4 42
1788592517.243742,34680,0512,12,4E 29 86 42 2A BE 66 42 EC 2F ED 42
1788592517.254619,34680,0513,12,CB F2 82 42 A6 88 48 42 1C 4F F0 42
1788592517.265164,34680,0514,12,07 E0 7C 42 91 05 33 42 F9 5C E5 42
1788592517.276864,34680,0515,12,51 BF 6A 42 A4 E5 16 42 8D 8A EB 42
1788592517.288185,34680,0516,12,99 4E 5C 42 DB 29 FE 41 55 92 E5 42
1788592517.298823,34680,0517,12,47 B6 54 42 88 3A E5 41 5D 68 9C 41
1788592517.309404,34680,0518,12,AF 50 47 42 52 FB CA 41 C9 DD B0 41
1788592517.320080,34680,0519,12,EB 9C 57 42 D8 1F 95 41 28 D6 C8 41
1788592517.331164,34680,051a,12,6D FD 4A 42 0E CA 97 41 E1 0F B5 41
1788592517.341802,34680,051b,12,2D 7C 45 42 F2 07 86 41 32 C3 C1 41
1788592517.352816,34680,051c,12,F1 62 5B 42 47 3C BB 41 7E B6 C4 41
1788592517.363522,34680,051d,12,0B 0E 52 42 2E A3 98 41 97 5C EA 41
1788592517.374302,34680,051e,12,A2 FC 4C 42 F8 63 BD 41 EC B2 D3 41
1788592517.384608,34680,051f,12,BC AA 5C 42 8C 21 E5 41 13 C0 E3 41
1788592517.395151,34680,0520,12,2F AA 55 42 6C E0 09 42 5D 18 D9 41
1788592517.414996,34680,0521,12,34 CF 7E 42 97 ED 20 42 29 CF F1 41
1788592517.426074,34680,0522,12,F3 53 78 42 48 8F 31 42 75 11 FF 41
1788592517.437379,34680,0523,12,96 E8 88 42 09 DD 4D 42 F5 04 F0 41
1788592517.448067,34680,0524,12,2F C9 87 42 14 2C 62 42 DE D3 11 42
1788592517.458630,34680,0525,12,C1 EE 96 42 62 57 82 42 3B 4C 04 42
1788592517.469285,34680,0526,12,C5 62 97 42 4A 18 8B 42 13 A4 0B 42
1788592517.480015,34680,0527,12,54 F8 A7 42 35 BF 91 42 0A 55 0C 42
1788592517.490661,34680,0528,12,3A 26 AE 42 2E 51 9B 42 32 CC 18 42
1788592517.501176,34680,0529,12,AA CC B8 42 8E ED 9C 42 2E 47 1D 42
1788592517.511896,34680,052a,12,CF 2A BA 42 87 6E 9F 42 F9 03 0E 42
1788592517.522403,34680,052b,12,C5 64 CC 42 39 81 9C 42 29 8D 2C 42
1788592517.533004,34680,052c,12,3F F9 D8 42 23 10 A0 42 0C B5 2F 42
1788592517.543520,34680,052d,12,9E FE E5 42 D5 C8 95 42 F9 79 1B 42
1788592517.554654,34680,052e,12,F5 BD EC 42 84 A5 8E 42 4D 0F 2A 42
1788592517.565208,34680,052f,12,67 BF F5 42 88 E7 8F 42 E3 5F 2E 42
1788592517.575759,34680,0530,12,B8 63 FF 42 81 D8 7C 42 B3 ED 30 42
1788592517.586400,34680,0531,12,6E D2 02 43 23 BD 6B 42 02 95 2C 42
1788592517.596898,34680,0532,12,66 73 08 43 84 D4 50 42 F2 CB 41 42
1788592517.607451,34680,0533,12,32 F5 09 43 AA 31 3C 42 64 C5 44 42
1788592517.618089,34680,0534,12,4D 4A 10 43 27 0F 1D 42 6B C2 38 42
1788592517.628586,34680,0535,12,D1 69 0F 43 DA AD 0E 42 64 13 3C 42
1788592517.643960,34680,0536,12,3F F3 11 43 9D F7 02 42 6E 41 50 42
1788592517.654637,34680,0537,12,C8 FB 10 43 F4 FC AA 41 39 39 4C 42
1788592517.665161,34680,0538,12,4C AD 16 43 2B 55 B2 41 04 C7 52 42
1788592517.675727,34680,0539,12,72 42 15 43 51 6C D0 41 21 E8 58 42
1788592517.686278,34680,053a,12,16 95 13 43 E5 57 87 41 D0 F0 68 42
1788592517.696903,34680,053b,12,2C 9A 15 43 55 AF 83 41 2B EE 61 42
1788592517.707355,34680,053c,12,D8 29 17 43 05 EF AB 41 C9 FB 67 42
1788592517.717987,34680,053d,12,93 78 19 43 92 70 D4 41 77 F7 6B 42
1788592517.728608,34680,053e,12,01 E2 0E 43 B5 B0 E8 41 94 55 61 42
1788592517.739048,34680,053f,12,04 AD 0F 43 80 27 00 42 D3 3C 6B 42
1788592517.749967,34680,0540,12,D4 4A 0D 43 7D F6 14 42 96 2F 74 42
1788592517.760517,34680,0541,12,53 42 09 43 E3 C9 37 42 BC 2B 82 42
1788592517.771043,34680,0542,12,19 C5 04 43 7E 46 46 42 17 0C 7C 42
1788592517.781704,34680,0543,12,6A AA 02 43 DE 36 6B 42 26 83 7B 42
1788592517.792267,34680,0544,12,E4 4C FF 42 90 5C 72 42 77 F8 82 42
1788592517.802714,34680,0545,12,10 20 F1 42 84 0E 86 42 97 12 82 42
1788592517.813363,34680,0546,12,73 FA EE 42 D6 25 89 42 50 84 82 42
1788592517.824240,34680,0547,12,32 0D E2 42 D7 9B 97 42 CD 14 8A 42
1788592517.834888,34680,0548,12,13 E8 D6 42 86 1F 9D 42 54 A2 8E 42
1788592517.845495,34680,0549,12,F1 B6 CD 42 7A 06 A3 42 C7 6A 8B 42
1788592517.855952,34680,054a,12,96 C1 C8 42 36 54 A1 42 B0 49 88 42
1788592517.866573,34680,054b,12,6B 6F BD 42 E5 20 9F 42 71 A1 91 42
1788592517.877033,34680,054c,12,47 B1 B2 42 7A 1C 91 42 B7 A5 8D 42
1788592517.887672,34680,054d,12,06 00 AE 42 54 AD 96 42 08 A8 92 42
1788592517.898212,34680,054e,12,BE 29 9D 42 9E 64 8D 42 D1 2C 9C 42
1788592517.909061,34680,054f,12,71 B1 A1 42 58 6D 83 42 DA AF 98 42
1788592517.919499,34680,0550,12,CA D3 8D 42 72 51 7B 42 4C BB 99 42
1788592517.930004,34680,0551,12,92 2A 86 42 B6 5E 47 42 D3 35 99 42
1788592517.940571,34680,0552,12,A9 94 86 42 60 DD 4F 42 0A 9B 9D 42
1788592517.951142,34680,0553,12,B8 F1 66 42 7C D0 38 42 B8 F2 A4 42
1788592517.961725,34680,0554,12,CA 83 6C 42 52 53 13 42 C5 D6 A4 42
1788592517.972362,34680,0555,12,23 23 67 42 CA 73 FB 41 C8 6D A6 42
1788592517.982835,34680,0556,12,2C 52 56 42 D3 4E EF 41 18 6B A9 42
1788592517.993373,34680,0557,12,C4 84 57 42 16 6D AC 41 02 0E A9 42
1788592518.003883,34680,0558,12,5C FD 54 42 CE 95 94 41 88 9B A6 42
1788592518.014394,34680,0559,12,20 BB 55 42 16 32 AA 41 65 11 A7 42
1788592518.025364,34680,055a,12,C2 06 49 42 CA 0D 9B 41 5C A1 AE 42
1788592518.036863,34680,055b,12,8B 9E 48 42 18 B6 AE 41 FF 4E B1 42
1788592518.047432,34680,055c,12,10 64 51 42 C9 35 B3 41 97 18 B3 42
1788592518.057985,34680,055d,12,73 74 59 42 E5 26 CD 41 8D 27 B1 42
1788592518.068579,34680,055e,12,DD B4 5B 42 93 33 FC 41 73 FD B6 42
1788592518.079170,34680,055f,12,6F EC 6D 42 5A 25 0F 42 03 FC B0 42
1788592518.089669,34680,0560,12,B6 57 7E 42 26 BA 29 42 3F 33 C0 42
1788592518.100275,34680,0561,12,9C E9 7D 42 81 95 3C 42 00 FB B9 42
1788592518.110965,34680,0562,12,35 F0 86 42 8A A4 5B 42 D0 68 B9 42
1788592518.121419,34680,0563,12,31 87 8B 42 6D C5 6E 42 8B 19 C0 42
1788592518.131978,34680,0564,12,2D CD 93 42 A5 4B 82 42 C2 DC C3 42
1788592518.142681,34680,0565,12,02 33 9D 42 2E B6 8B 42 16 6E BD 42
1788592518.153224,34680,0566,12,49 D6 AA 42 43 99 8E 42 21 C3 C4 42
1788592518.163820,34680,0567,12,CC D6 AA 42 77 A0 91 42 75 33 C3 42
1788592518.174594,34680,0568,12,E4 9D B6 42 21 77 9D 42 9F A4 CB 42
1788592518.185025,34680,0569,12,7C 03 C3 42 68 B8 A7 42 53 CC CC 42
1788592518.195544,34680,056a,12,52 FF CE 42 10 60 9B 42 7A EC CE 42
1788592518.206204,34680,056b,12,03 CF D6 42 74 BB 9B 42 10 34 CD 42
1788592518.216742,34680,056c,12,90 81 E1 42 F9 B1 98 42 84 07 CE 42
1788592518.227347,34680,056d,12,C4 58 F3 42 EC 4C 8B 42 AE 41 D4 42
1788592518.238885,34680,056e,12,6D EF F7 42 F9 81 85 42 14 3C D0 42
1788592518.249395,34680,056f,12,D2 AA FF 42 54 07 87 42 50 EE D7 42
1788592518.259982,34680,0570,12,79 74 03 43 4D 99 5D 42 8C F4 DB 42
1788592518.270528,34680,0571,12,15 1E 08 43 21 08 4D 42 0B 28 DD 42
1788592518.281057,34680,0572,12,46 9D 0C 43 4A B3 3E 42 0F B7 E0 42
1788592518.291519,34680,0573,12,C1 FD 0E 43 C2 5C 24 42 67 A0 DA 42
1788592518.302077,34680,0574,12,AD 5C 0E 43 85 67 FF 41 F2 6D DE 42
1788592518.312582,34680,0575,12,C6 34 12 43 8F 44 D7 41 07 20 E1 42
1788592518.323246,34680,0576,12,1D A7 11 43 04 F4 CC 41 93 5A DC 42
1788592518.333780,34680,0577,12,E7 1A 17 43 D2 EE A4 41 A5 9F E5 42
1788592518.344307,34680,0578,12,23 F3 15 43 23 2F A1 41 65 92 E4 42
1788592518.354811,34680,0579,12,49 24 18 43 15 A3 85 41 15 75 EC 42
1788592518.365314,34680,057a,12,19 A1 13 43 52 ED B8 41 04 6F EA 42
1788592518.375969,34680,057b,12,26 07 17 43 00 37 A4 41 7A 6C 8D 41
1788592518.386308,34680,057c,12,99 74 14 43 EB F5 C1 41 4C DC BB 41
1788592518.396924,34680,057d,12,A0 4B 14 43 11 9F E4 41 48 12 A7 41
1788592518.407922,34680,057e,12,22 65 0F 43 37 B6 05 42 A9 0F D3 41
1788592518.418358,34680,057f,12,ED 33 0B 43 8A F5 29 42 17 B9 B7 41
1788592518.428876,34680,0580,12,B8 8F 08 43 DD 72 3B 42 96 D0 CB 41
1788592518.439424,34680,0581,12,F5 D0 09 43 E6 3B 4E 42 5C 81 D7 41
1788592518.449888,34680,0582,12,48 B6 03 43 BE BC 5F 42 98 2C CD 41
1788592518.460630,34680,0583,12,81 20 FC 42 8A B8 7D 42 8C BE E2 41
1788592518.471204,34680,0584,12,67 47 FC 42 37 70 86 42 C5 38 D8 41
1788592518.481853,34680,0585,12,3E 86 EA 42 40 35 8B 42 22 ED 01 42
1788592518.492592,34680,0586,12,02 29 E2 42 BC 93 8A 42 B7 0D 01 42
1788592518.503214,34680,0587,12,1D 37 E2 42 5A 23 9E 42 01 E5 E6 41
1788592518.513733,34680,0588,12,F2 16 CA 42 06 CD 9F 42 E4 AC 04 42
1788592518.524154,34680,0589,12,52 32 C4 42 5F 76 9A 42 87 39 07 42
1788592518.534615,34680,058a,12,2D D3 B9 42 91 F5 9B 42 32 A7 FC 41
1788592518.545075,34680,058b,12,DA B8 AC 42 56 91 95 42 66 56 0F 42
1788592518.555542,34680,058c,12,E9 72 A8 42 31 34 95 42 D3 06 1D 42
1788592518.566141,34680,058d,12,6E 96 A3 42 B3 1A 8C 42 A7 83 12 42
1788592518.576803,34680,058e,12,2F 2A 9D 42 2E 23 81 42 79 A5 26 42
1788592518.587405,34680,058f,12,52 12 8B 42 15 70 67 42 85 05 17 42
1788592518.597940,34680,0590,12,5D 1E 85 42 46 18 45 42 7F 9A 1F 42
1788592518.608619,34680,0591,12,E0 8C 78 42 10 6E 41 42 E5 3F 33 42
1788592518.619324,34680,0592,12,8F C6 79 42 92 A8 15 42 A1 FB 3A 42
1788592518.652667,34680,0593,12,01 A5 56 42 E2 FB 06 42 73 5B 32 42
1788592518.663855,34680,0594,12,FF EF 55 42 5B 8B F2 41 B1 09 2E 42
1788592518.674429,34680,0595,12,C3 57 58 42 AD 52 CF 41 0C 81 45 42
1788592518.685130,34680,0596,12,69 BB 4E 42 D9 A1 C7 41 34 82 34 42
1788592518.695743,34680,0597,12,0F CA 3F 42 21 60 C3 41 F5 52 39 42
1788592518.706235,34680,0598,12,21 09 4D 42 E0 23 A2 41 C6 4A 52 42
1788592518.716859,34680,0599,12,0C 19 3F 42 9F 0A A6 41 C1 DC 4C 42
1788592518.727367,34680,059a,12,16 21 44 42 C6 33 B2 41 8B 22 3F 42
1788592518.737961,34680,059b,12,AB 24 59 42 38 3F C7 41 7C FF 50 42
1788592518.748466,34680,059c,12,5C BB 5D 42 91 A3 CF 41 E9 04 52 42
1788592518.759084,34680,059d,12,23 1E 5F 42 1B D8 08 42 5B C9 5D 42
1788592518.769700,34680,059e,12,57 90 71 42 6F 8C 10 42 D5 0B 5B 42
1788592518.780431,34680,059f,12,79 CD 73 42 45 39 2B 42 88 EB 60 42
1788592518.791315,34680,05a0,12,82 CE 74 42 5D 34 4B 42 08 C8 68 42
1788592518.801754,34680,05a1,12,E9 C9 84 42 EE F1 4F 42 10 0B 61 42
1788592518.812416,34680,05a2,12,C7 65 92 42 43 1F 80 42 AD 4E 64 42
1788592518.823499,34680,05a3,12,49 EF 94 42 4F 65 86 42 6F 78 7D 42
1788592518.833693,34680,05a4,12,05 F0 A2 42 9E 3D 93 42 B8 56 81 42
1788592518.844180,34680,05a5,12,EC E9 AB 42 D1 A2 97 42 84 EB 6A 42
1788592518.854732,34680,05a6,12,90 D9 B5 42 40 84 A1 42 48 AF 7A 42
1788592518.865261,34680,05a7,12,73 73 C0 42 2D 3A 9A 42 E5 29 82 42
1788592518.875881,34680,05a8,12,9B F3 C5 42 9D 26 9D 42 32 EB 7B 42
1788592518.886751,34680,05a9,12,91 61 DA 42 0D 78 9C 42 C7 64 83 42
1788592518.897299,34680,05aa,12,10 3F D3 42 D2 86 9C 42 1B 3B 87 42
1788592518.907968,34680,05ab,12,9C 30 EA 42 FA 67 90 42 4F EC 8A 42
1788592518.918585,34680,05ac,12,E7 F2 EF 42 C1 04 8F 42 3F 97 8F 42
1788592518.929264,34680,05ad,12,0A 55 F8 42 9E 89 82 42 79 76 8B 42
1788592518.939821,34680,05ae,12,B5 86 F5 42 4A B1 6C 42 42 C1 8A 42
1788592518.950485,34680,05af,12,45 51 02 43 B9 3C 62 42 3D D9 8C 42
1788592518.961072,34680,05b0,12,02 40 08 43 62 E0 3F 42 00 30 8A 42
1788592518.971591,34680,05b1,12,04 28 0C 43 2D AE 36 42 E4 35 91 42
1788592518.982113,34680,05b2,12,8B B1 0B 43 57 0E 15 42 EA 66 97 42
1788592518.992716,34680,05b3,12,BF 10 14 43 AE 08 F7 41 72 33 9C 42
1788592519.003265,34680,05b4,12,5B 6E 12 43 A6 5E C9 41 E4 C1 9A 42
1788592519.013762,34680,05b5,12,58 77 10 43 EA AF A8 41 C3 F2 9D 42
1788592519.024953,34680,05b6,12,CE 1C 16 43 65 B0 B4 41 CD B5 9F 42
1788592519.035611,34680,05b7,12,7C 5F 1A 43 C7 EC C5 41 90 8B 9C 42
1788592519.046390,34680,05b8,12,04 D5 15 43 00 44 8E 41 40 5A 9D 42
1788592519.057072,34680,05b9,12,4B B5 14 43 B3 E1 93 41 3A F9 9B 42
1788592519.069090,34680,05ba,12,6F 08 14 43 45 86 BC 41 3E 84 B1 42
1788592519.079731,34680,05bb,12,53 05 15 43 7D 87 DA 41 12 64 A8 42
1788592519.090272,34680,05bc,12,A7 64 13 43 E7 EE F9 41 C5 BF A9 42
1788592519.100814,34680,05bd,12,9B A2 11 43 0B CF 04 42 B1 60 AC 42
1788592519.111320,34680,05be,12,8F 61 0C 43 31 9D 22 42 19 FA AD 42
1788592519.121851,34680,05bf,12,AE D1 0D 43 5E 6D 3B 42 45 4B AF 42
1788592519.132379,34680,05c0,12,53 9F 06 43 8F 90 59 42 A5 6C AC 42
1788592519.143035,34680,05c1,12,3B BE 00 43 33 40 66 42 70 CB B9 42
1788592519.153616,34680,05c2,12,11 B9 FD 42 71 BF 84 42 EF 29 B7 42
1788592519.164234,34680,05c3,12,78 5A F9 42 D2 26 89 42 66 9E B7 42
1788592519.174895,34680,05c4,12,B4 1C E8 42 15 48 91 42 36 33 B6 42
1788592519.185764,34680,05c5,12,E9 1F E3 42 4C 0D 99 42 3B 45 B5 42
1788592519.196342,34680,05c6,12,36 42 D9 42 4C B5 9A 42 B6 AE BF 42
1788592519.207221,34680,05c7,12,C1 96 D3 42 D9 F6 9D 42 6C 07 C1 42
1788592519.217919,34680,05c8,12,17 B3 C0 42 56 D4 A1 42 C2 1D C3 42
1788592519.228353,34680,05c9,12,EA 93 B7 42 C8 41 9F 42 CB 6E C4 42
1788592519.238860,34680,05ca,12,9E 31 B2 42 78 24 9A 42 A3 91 CF 42
1788592519.249333,34680,05cb,12,EE 8C A7 42 1A 8F 93 42 E6 C1 C3 42
1788592519.259927,34680,05cc,12,F6 74 9B 42 52 C9 8B 42 7C DF C7 42
1788592519.270658,34680,05cd,12,0D D4 99 42 E4 2E 75 42 28 C6 C5 42
1788592519.281202,34680,05ce,12,89 78 88 42 DA 96 72 42 60 09 C9 42
1788592519.291790,34680,05cf,12,4E 0D 86 42 69 F8 49 42 5B B9 D3 42
1788592519.302600,34680,05d0,12,CE 9F 7A 42 FC 22 34 42 74 BB CE 42
1788592519.313093,34680,05d1,12,CB E1 71 42 1D E0 10 42 6E 53 D3 42
1788592519.323733,34680,05d2,12,F1 11 65 42 48 94 FD 41 E7 9D D8 42
1788592519.334328,34680,05d3,12,C0 67 56 42 98 53 F0 41 23 66 D6 42
1788592519.345164,34680,05d4,12,3B 9F 4E 42 F2 C3 DB 41 C8 39 D8 42
1788592519.355859,34680,05d5,12,78 45 48 42 F8 A3 AF 41 9C A7 DC 42
1788592519.366556,34680,05d6,12,67 1B 4B 42 B8 19 B8 41 8F 7F D3 42
1788592519.377129,34680,05d7,12,C5 C9 46 42 47 70 A5 41 9B 2C DF 42
1788592519.387757,34680,05d8,12,A0 EF 49 42 2E AC 78 41 EF 5B E5 42
1788592519.398296,34680,05d9,12,7F 91 4B 42 7E 56 B5 41 BC AC E4 42
1788592519.408993,34680,05da,12,B7 85 50 42 41 52 BF 41 01 37 E9 42
1788592519.419412,34680,05db,12,01 77 50 42 3F E1 CE 41 E0 97 E7 42
1788592519.429974,34680,05dc,12,D1 D7 61 42 9E 85 08 42 25 2C EA 42
1788592519.440534,34680,05dd,12,30 9A 6B 42 E2 AB 24 42 08 45 ED 42
1788592519.451051,34680,05de,12,9C 05 73 42 AE 46 38 42 FF 0B EC 42
1788592519.461656,34680,05df,12,35 EF 83 42 3D B6 3F 42 8D 08 A6 41
1788592519.472167,34680,05e0,12,A0 3F 8A 42 C1 48 64 42 A8 C0 B3 41
1788592519.482651,34680,05e1,12,20 67 92 42 5E 27 6B 42 E9 7C A5 41
1788592519.493428,34680,05e2,12,89 87 97 42 9A F4 84 42 3E B1 BA 41
1788592519.503884,34680,05e3,12,AB 20 A3 42 B0 50 90 42 43 11 B6 41
1788592519.514406,34680,05e4,12,E0 BE A6 42 35 03 93 42 E2 3F E6 41
1788592519.525135,34680,05e5,12,35 BE AD 42 97 5B 9E 42 B3 A4 D2 41
1788592519.535518,34680,05e6,12,69 45 C2 42 39 BD A2 42 20 8B DD 41
1788592519.546318,34680,05e7,12,20 2A C6 42 17 66 9E 42 E5 19 D2 41
1788592519.556751,34680,05e8,12,65 22 D0 42 D0 AB A0 42 D6 B3 CB 41
1788592519.568321,34680,05e9,12,32 54 DE 42 CD 1E 9F 42 A9 9E 04 42
1788592519.578332,34680,05ea,12,A2 44 EA 42 05 DB 97 42 96 0C FD 41
1788592519.589101,34680,05eb,12,CB D9 ED 42 E5 15 86 42 6E 82 00 42
1788592519.599515,34680,05ec,12,EA BE F5 42 9B 76 88 42 43 C2 FE 41
1788592519.610263,34680,05ed,12,2D B1 01 43 7E D4 6F 42 FF A4 07 42
1788592519.620801,34680,05ee,12,CD C1 03 43 ED 07 5C 42 01 33 0B 42
1788592519.631616,34680,05ef,12,F5 70 09 43 03 98 47 42 16 03 0A 42
1788592519.642054,34680,05f0,12,9E 1C 0D 43 7F 10 31 42 5C 49 0B 42
1788592519.652558,34680,05f1,12,F3 89 0D 43 15 1F 18 42 06 AF 0D 42
1788592519.663276,34680,05f2,12,CB 24 0E 43 84 6A 00 42 80 54 21 42
1788592519.673828,34680,05f3,12,B8 21 15 43 3C C3 E8 41 87 04 18 42
1788592519.684236,34680,05f4,12,F9 D3 10 43 A7 AF BA 41 FD EA 30 42
1788592519.695341,34680,05f5,12,EE 4B 14 43 D1 CF C8 41 A8 70 22 42
1788592519.705849,34680,05f6,12,4F 76 16 43 63 11 B8 41 A8 36 23 42
1788592519.716421,34680,05f7,12,D9 0C 1D 43 EC 15 A9 41 C2 19 2D 42
1788592519.727078,34680,05f8,12,22 F2 17 43 DE FC A6 41 2E 5A 1F 42
1788592519.737670,34680,05f9,12,2E 4B 13 43 58 ED A6 41 99 FB 32 42
1788592519.748350,34680,05fa,12,14 AE 13 43 9E 16 BF 41 A0 23 44 42
1788592519.759065,34680,05fb,12,FD B7 13 43 A1 AF ED 41 96 84 39 42
1788592519.770785,34680,05fc,12,E6 84 0D 43 59 DF 07 42 2A 3F 3A 42
1788592519.782254,34680,05fd,12,EF 96 0E 43 33 0C 20 42 69 B8 4E 42
1788592519.792739,34680,05fe,12,30 67 07 43 C4 FA 3A 42 3B 98 53 42
1788592519.803444,34680,05ff,12,FF 74 07 43 8C 7E 4D 42 A4 1C 49 42
1788592519.814066,34680,0600,12,0F 9D 01 43 D4 4A 6A 42 7C 9E 54 42
1788592519.824661,34680,0601,12,8F 4F FB 42 23 9E 7B 42 C8 7B 60 42
1788592519.835313,34680,0602,12,99 F9 F6 42 1A 7D 80 42 4E F9 60 42
1788592519.845883,34680,0603,12,EB EF E2 42 FE 2A 93 42 C1 4D 65 42
1788592519.856479,34680,0604,12,D5 46 DA 42 13 17 9A 42 48 2C 68 42
1788592519.867115,34680,0605,12,05 F3 D7 42 13 16 9F 42 1F F1 62 42
1788592519.877718,34680,0606,12,B8 57 C6 42 40 46 A1 42 9D DA 66 42
1788592519.888220,34680,0607,12,FF 2E C0 42 6D 03 9E 42 B8 A4 5F 42
1788592519.898772,34680,0608,12,10 20 BA 42 18 AD 9F 42 4C 3A 76 42
1788592519.909321,34680,0609,12,EF 76 B0 42 2C F6 95 42 96 3E 73 42
1788592519.919847,34680,060a,12,D7 FE A3 42 D8 D9 99 42 B7 3D 74 42
1788592519.930422,34680,060b,12,84 85 99 42 34 CC 85 42 4E EF 83 42
1788592519.940956,34680,060c,12,8B EC 8E 42 AE 70 7B 42 A7 DE 84 42
1788592519.951467,34680,060d,12,4F 41 8A 42 D2 60 5C 42 D5 35 85 42
1788592519.962003,34680,060e,12,D0 B6 80 42 54 85 54 42 A2 C4 87 42
1788592519.972516,34680,060f,12,E5 56 83 42 64 63 3A 42 6E 03 8B 42
1788592519.983449,34680,0610,12,C9 31 6F 42 07 67 1F 42 96 23 85 42
1788592519.993996,34680,0611,12,6F A2 69 42 E4 C5 05 42 FE 11 8B 42
1788592520.004586,34680,0612,12,1A 4F 5B 42 48 76 F1 41 D8 EA 8A 42
1788592520.015132,34680,0613,12,22 F8 49 42 4F 41 DA 41 44 D6 8D 42
1788592520.026052,34680,0614,12,6C D4 45 42 F2 F0 D0 41 37 86 93 42
1788592520.036694,34680,0615,12,2D D2 31 42 F9 A0 AD 41 DB D8 97 42
1788592520.047369,34680,0616,12,7D 3E 56 42 0C 9E 9C 41 0C A5 93 42
1788592520.057896,34680,0617,12,44 C2 49 42 A7 1D AB 41 E3 B1 96 42
1788592520.068512,34680,0618,12,D7 44 4E 42 7B 53 B3 41 7C D4 97 42
1788592520.082262,34680,0619,12,A8 94 4B 42 21 CF DA 41 E5 04 A0 42
1788592520.092783,34680,061a,12,8B F4 5C 42 C9 8F E0 41 8C 0B 9E 42
1788592520.103379,34680,061b,12,99 61 5A 42 60 24 F2 41 0D 0D A0 42
1788592520.113980,34680,061c,12,73 15 6C 42 8A 2E 1C 42 88 97 A9 42
1788592520.124652,34680,061d,12,AF 27 78 42 B5 A9 34 42 F5 F3 A7 42
1788592520.135330,34680,061e,12,1D 87 82 42 2F DA 4A 42 C7 45 A7 42
1788592520.146001,34680,061f,12,9A 48 8A 42 D8 97 61 42 EE 3E A8 42
1788592520.156612,34680,0620,12,33 2C 96 42 EF 35 7F 42 B9 D0 AA 42
1788592520.167316,34680,0621,12,1A 08 A7 42 8F 31 86 42 B4 94 B1 42
1788592520.178912,34680,0622,12,68 3A A4 42 23 4B 8B 42 4D 24 B2 42
1788592520.189260,34680,0623,12,AF 85 B1 42 2B D8 99 42 63 29 AC 42
1788592520.199857,34680,0624,12,2A 6A AE 42 84 04 A1 42 B5 69 AF 42
1788592520.210402,34680,0625,12,B1 24 C1 42 59 F4 9C 42 27 1D B1 42
1788592520.221021,34680,0626,12,D1 88 CD 42 DB F3 A2 42 B7 B0 AF 42
1788592520.231606,34680,0627,12,3E 3A D4 42 B7 93 9D 42 10 7C B7 42
1788592520.242178,34680,0628,12,08 C5 DE 42 B5 C2 98 42 5D C8 BB 42
1788592520.252814,34680,0629,12,9A 17 E3 42 99 F9 92 42 51 B2 BB 42
1788592520.263330,34680,062a,12,8E AE ED 42 2E 63 8D 42 B2 D5 BC 42
1788592520.273863,34680,062b,12,3F 81 F6 42 5F 36 7A 42 24 3D B6 42
1788592520.284601,34680,062c,12,A7 D8 00 43 DD E3 72 42 9C C4 C1 42
1788592520.295168,34680,062d,12,6A FE 05 43 EC 6E 53 42 C7 0F C4 42
1788592520.305746,34680,062e,12,90 61 07 43 CD 95 43 42 7A 1C C6 42
1788592520.316267,34680,062f,12,D9 96 09 43 2D 89 22 42 67 98 C5 42
1788592520.326809,34680,0630,12,21 E9 0F 43 2A DF 1D 42 70 44 CC 42
1788592520.337391,34680,0631,12,60 80 0D 43 FA EC F1 41 01 55 CA 42
1788592520.347945,34680,0632,12,78 AD 13 43 19 B1 D3 41 A8 3C CC 42
1788592520.358522,34680,0633,12,B2 DA 12 43 3E D2 BB 41 92 D8 CD 42
1788592520.369531,34680,0634,12,C1 D3 18 43 8A 00 9D 41 45 62 CC 42
1788592520.380035,34680,0635,12,6B 51 14 43 9A 67 89 41 FF 05 D8 42
1788592520.390524,34680,0636,12,6D 50 13 43 2C 05 A1 41 A4 20 D3 42
1788592520.401196,34680,0637,12,E6 5D 17 43 FC F1 B6 41 8D 5B D5 42
1788592520.411637,34680,0638,12,3C 4C 16 43 00 F0 A5 41 EB D0 D8 42
1788592520.422417,34680,0639,12,3E 7C 12 43 F6 28 CD 41 51 38 D8 42
1788592520.433148,34680,063a,12,3A D9 0E 43 63 48 F3 41 EC A2 D6 42
1788592520.443770,34680,063b,12,8C E7 0E 43 88 F1 18 42 12 96 DE 42
1788592520.454343,34680,063c,12,28 1B 0B 43 62 A7 31 42 9D A6 E1 42
1788592520.464948,34680,063d,12,90 70 07 43 E6 31 45 42 FA 2C E8 42
1788592520.475580,34680,063e,12,D7 55 05 43 88 82 4B 42 B9 05 E2 42
1788592520.486333,34680,063f,12,C5 6F FF 42 D9 70 72 42 BF 28 E9 42
1788592520.496970,34680,0640,12,21 10 FD 42 D7 39 80 42 D9 8E E8 42
1788592520.507510,34680,0641,12,76 8C EE 42 F3 CD 8D 42 AA 25 EA 42
1788592520.518001,34680,0642,12,C0 AD E6 42 AE 4E 90 42 04 20 EB 42
1788592520.528602,34680,0643,12,5E 1B E4 42 C9 4A 9A 42 71 C8 9A 41
1788592520.539570,34680,0644,12,6D A3 D3 42 25 BB 9E 42 87 74 AF 41
1788592520.550042,34680,0645,12,5C 8E CD 42 23 A5 A4 42 58 1E BE 41
1788592520.563155,34680,0646,12,D9 3C B9 42 FE FA 9E 42 5C 76 C6 41
1788592520.573727,34680,0647,12,1F 62 B5 42 F2 E1 9B 42 2D 54 AE 41
1788592520.584390,34680,0648,12,1D C5 AA 42 2A 86 9A 42 E4 0E C2 41
1788592520.607717,34680,0649,12,95 55 A5 42 DA 50 89 42 56 01 B9 41
1788592520.618425,34680,064a,12,45 22 9B 42 7A 55 86 42 3A ED E1 41
1788592520.629073,34680,064b,12,54 A0 90 42 3C D2 78 42 A9 E0 F1 41
1788592520.639802,34680,064c,12,3A E3 86 42 F1 C8 55 42 85 95 E9 41
1788592520.650357,34680,064d,12,19 BD 81 42 90 57 45 42 2B C4 E3 41
1788592520.661057,34680,064e,12,98 53 7E 42 13 67 2B 42 06 50 F5 41
1788592520.671731,34680,064f,12,91 85 68 42 78 39 1C 42 04 FA 07 42
1788592520.682290,34680,0650,12,20 D4 64 42 06 2C 03 42 97 6C 02 42
1788592520.692826,34680,0651,12,E8 B0 56 42 5E 0B BC 41 F0 D6 08 42
1788592520.703528,34680,0652,12,2B 6B 59 42 3C 06 C7 41 D3 AE 16 42
1788592520.714185,34680,0653,12,1B 3E 4E 42 C4 FE A4 41 85 23 FC 41
1788592520.724693,34680,0654,12,C9 1E 4A 42 87 5E 92 41 6C A8 07 42
1788592520.741917,34680,0655,12,79 C6 52 42 DA 13 97 41 6E 02 21 42
1788592520.752418,34680,0656,12,CD 41 47 42 84 1B A5 41 15 5D 21 42
1788592520.763098,34680,0657,12,43 52 40 42 D6 42 BB 41 2E 28 1F 42
1788592520.773993,34680,0658,12,AF 40 59 42 E1 32 F0 41 7E DA 20 42
1788592520.784527,34680,0659,12,B3 65 63 42 F8 FE EC 41 3B AC 19 42
1788592520.795801,34680,065a,12,A6 BF 62 42 D7 4D 13 42 C0 53 28 42
1788592520.809746,34680,065b,12,B2 93 63 42 10 36 24 42 74 68 2F 42
1788592520.820294,34680,065c,12,57 76 6F 42 A6 15 41 42 64 60 36 42
1788592520.831748,34680,065d,12,52 E9 7C 42 3E C9 49 42 1F D9 34 42
1788592520.842537,34680,065e,12,96 01 92 42 A5 7B 5E 42 B6 07 34 42
1788592520.854495,34680,065f,12,83 EB 91 42 F2 39 75 42 8B E0 40 42
1788592520.865407,34680,0660,12,DD 72 9F 42 87 8F 83 42 FB 7B 48 42
1788592520.878168,34680,0661,12,69 60 A2 42 BE F9 90 42 D3 C7 53 42
1788592520.888794,34680,0662,12,A9 4E AB 42 A9 C1 9B 42 C1 14 47 42
1788592520.899616,34680,0663,12,7E 61 B3 42 B3 7E A2 42 15 D0 4B 42
1788592520.910082,34680,0664,12,42 04 C9 42 A8 FF A2 42 67 F7 49 42
1788592520.921181,34680,0665,12,6B 7F C6 42 73 93 9F 42 1F E4 4B 42
1788592520.931890,34680,0666,12,06 98 D5 42 D6 37 A1 42 04 99 61 42
1788592520.942564,34680,0667,12,24 B7 E5 42 F1 C3 9A 42 80 AF 5F 42
1788592520.953239,34680,0668,12,0B C9 E5 42 84 60 95 42 67 E6 64 42
1788592520.963971,34680,0669,12,AD D0 EC 42 3F D2 8F 42 13 A7 5D 42
1788592520.974616,34680,066a,12,01 8A FA 42 19 49 81 42 97 0C 6D 42
1788592520.985526,34680,066b,12,6E 58 04 43 17 EB 6E 42 4F 5A 6B 42
1788592520.996324,34680,066c,12,88 C0 04 43 CF C1 53 42 71 D7 68 42
1788592521.007108,34680,066d,12,05 F6 0B 43 58 22 37 42 0E 8A 76 42
1788592521.018061,34680,066e,12,96 EC 0B 43 9B 50 29 42 8B DB 76 42
1788592521.028870,34680,066f,12,91 50 11 43 C8 20 14 42 FA CE 84 42
1788592521.039685,34680,0670,12,E8 4F 10 43 A9 A6 F6 41 19 67 85 42
1788592521.050737,34680,0671,12,80 81 14 43 D4 6F B8 41 05 A8 87 42
1788592521.061503,34680,0672,12,69 63 14 43 DC 6C B4 41 46 1A 89 42
1788592521.071996,34680,0673,12,06 C9 14 43 24 04 B3 41 9A 06 90 42
1788592521.082603,34680,0674,12,F1 57 14 43 08 EB A8 41 78 30 88 42
1788592521.093315,34680,0675,12,13 68 13 43 CD 20 A1 41 A4 3D 8F 42
1788592521.104086,34680,0676,12,65 E9 15 43 23 C4 97 41 D1 4F 8C 42
1788592521.114655,34680,0677,12,11 CF 12 43 69 E0 B9 41 AE 09 89 42
1788592521.125202,34680,0678,12,69 64 12 43 78 D9 CB 41 96 1A 95 42
1788592521.135809,34680,0679,12,4D 35 12 43 E9 C1 EB 41 D7 1A 98 42
1788592521.146388,34680,067a,12,23 93 0E 43 74 54 1C 42 39 F0 8F 42
1788592521.157350,34680,067b,12,77 EC 0C 43 B3 70 2A 42 9D 70 9C 42
1788592521.168012,34680,067c,12,E7 D2 08 43 AE 71 43 42 3D 0F 9A 42
1788592521.178617,34680,067d,12,B7 CB 00 43 61 E0 63 42 D1 19 A3 42
1788592521.189316,34680,067e,12,9C 62 FC 42 5C 7D 73 42 96 F9 9B 42
1788592521.199833,34680,067f,12,F0 4F F8 42 A0 83 80 42 A7 81 A1 42
1788592521.210984,34680,0680,12,85 C5 EC 42 65 0B 8F 42 65 9B 9A 42
1788592521.221141,34680,0681,12,0E 0A E7 42 56 2F 9C 42 5A D1 A1 42
1788592521.231810,34680,0682,12,B0 03 DF 42 2B 59 9A 42 7C 7F 9E 42
1788592521.242454,34680,0683,12,A1 4F D1 42 0C A6 9B 42 FD 3E A3 42
1788592521.253027,34680,0684,12,5B 8F BF 42 B3 B8 A7 42 01 CA AB 42
1788592521.263772,34680,0685,12,ED 23 B8 42 90 2A A5 42 9B 36 AB 42
1788592521.274430,34680,0686,12,6D BC B5 42 11 90 99 42 16 EB AD 42
1788592521.285494,34680,0687,12,42 F9 A6 42 75 D6 96 42 5A FC AD 42
1788592521.296163,34680,0688,12,71 9D 9E 42 0A D0 8A 42 87 A3 B1 42
1788592521.306837,34680,0689,12,84 80 96 42 1C 67 7E 42 98 FC B1 42
1788592521.317382,34680,068a,12,B0 8D 91 42 CF 98 78 42 53 F0 AE 42
1788592521.328017,34680,068b,12,9A E6 8E 42 D8 59 57 42 DC BE BC 42
1788592521.338555,34680,068c,12,30 64 7A 42 1E 84 34 42 CD A3 B7 42
1788592521.349448,34680,068d,12,8C 94 6E 42 C6 20 36 42 74 04 C0 42
1788592521.360019,34680,068e,12,13 5F 62 42 E2 47 14 42 86 95 BB 42
1788592521.370622,34680,068f,12,B5 3D 67 42 48 35 06 42 C9 DD C3 42
1788592521.381187,34680,0690,12,57 66 50 42 56 5C DC 41 A9 4F C4 42
1788592521.392163,34680,0691,12,58 C5 64 42 FD 76 BA 41 40 EF C2 42
1788592521.402729,34680,0692,12,A7 BD 4E 42 B8 8A A9 41 A5 48 C4 42
1788592521.413322,34680,0693,12,A1 A6 3C 42 77 AD A0 41 39 46 C5 42
1788592521.423880,34680,0694,12,F5 9D 46 42 85 C3 8B 41 83 1D C1 42
1788592521.434418,34680,0695,12,59 5F 42 42 E6 26 A6 41 7A 82 CC 42
1788592521.445329,34680,0696,12,59 48 3F 42 A1 36 B1 41 2E AC D2 42
1788592521.456453,34680,0697,12,58 0F 4D 42 B5 7E D9 41 F0 1B D1 42
1788592521.467105,34680,0698,12,66 CE 5B 42 3E 8A 00 42 2F E2 D5 42
1788592521.477594,34680,0699,12,69 83 62 42 84 1F 0E 42 46 75 D5 42
1788592521.488137,34680,069a,12,AC E7 6F 42 45 DD 28 42 B2 E4 D2 42
1788592521.500782,34680,069b,12,42 E0 7E 42 3A 8A 34 42 38 68 DB 42
1788592521.511745,34680,069c,12,5D A4 83 42 08 A0 57 42 8E 55 DA 42
1788592521.522313,34680,069d,12,82 CD 87 42 C4 48 68 42 CB 7D DC 42
1788592521.532933,34680,069e,12,A0 8E 99 42 2A EB 77 42 17 C4 E0 42
1788592521.543537,34680,069f,12,E5 04 9F 42 72 75 92 42 A8 19 DC 42
1788592521.554224,34680,06a0,12,5E 12 A9 42 B6 75 96 42 DC DE E3 42
1788592521.564815,34680,06a1,12,EB 10 B0 42 CA AB 9A 42 30 DE DC 42
1788592521.575268,34680,06a2,12,FC 28 B9 42 34 24 9F 42 71 E9 E8 42
1788592521.585837,34680,06a3,12,2F 90 C4 42 B2 1F A1 42 B4 E1 E6 42
1788592521.596302,34680,06a4,12,06 66 D3 42 20 F8 A0 42 5A B8 E5 42
1788592521.607362,34680,06a5,12,98 36 D8 42 CE F6 9C 42 58 A0 EA 42
1788592521.618123,34680,06a6,12,79 4A E2 42 6C F5 9F 42 1B 6E E7 42
1788592521.628698,34680,06a7,12,5C 79 EB 42 7B D2 91 42 AD D1 9F 41
1788592521.639327,34680,06a8,12,94 86 F4 42 0B 14 8B 42 21 83 B9 41
1788592521.649987,34680,06a9,12,A4 B8 F0 42 EC D0 82 42 4B CD AC 41
1788592521.660567,34680,06aa,12,10 F4 05 43 A5 8C 6A 42 18 9D A1 41
1788592521.671264,34680,06ab,12,66 40 07 43 C4 2A 5B 42 CE A5 D1 41
1788592521.682185,34680,06ac,12,F9 97 08 43 B7 98 40 42 67 3D CB 41
1788592521.692943,34680,06ad,12,B2 62 0E 43 87 FB 24 42 18 47 E3 41
1788592521.704418,34680,06ae,12,51 44 10 43 46 8B 13 42 D4 A3 D1 41
1788592521.715501,34680,06af,12,D5 42 14 43 57 53 E1 41 3A 5A F6 41
1788592521.726049,34680,06b0,12,B1 97 15 43 CC 5A BA 41 ED 54 D8 41
1788592521.736554,34680,06b1,12,5C 54 14 43 3F 37 C4 41 81 29 EC 41
1788592521.747326,34680,06b2,12,E9 CF 18 43 15 FE A7 41 1C 36 E3 41
1788592521.758396,34680,06b3,12,A0 E5 18 43 E3 FC 8F 41 DE CC 07 42
1788592521.769150,34680,06b4,12,E8 0D 14 43 69 BB 8F 41 10 E8 08 42
1788592521.779776,34680,06b5,12,D3 9A 12 43 EA 8B AD 41 1E 8B 03 42
1788592521.790314,34680,06b6,12,10 FB 10 43 23 FD B5 41 C3 71 01 42
1788592521.800815,34680,06b7,12,D2 31 14 43 BC 8E CD 41 BA 2D 0A 42
1788592521.811519,34680,06b8,12,6D E1 0C 43 C6 56 09 42 AF 19 1D 42
1788592521.821858,34680,06b9,12,CF CE 0F 43 02 C3 1E 42 51 FD 13 42
1788592521.832389,34680,06ba,12,34 9F 0B 43 A9 63 24 42 44 0E 1B 42
1788592521.843024,34680,06bb,12,C7 53 08 43 26 E9 4E 42 AA 35 2B 42
1788592521.853566,34680,06bc,12,BE E8 FF 42 A0 A3 5A 42 87 8E 20 42
1788592521.864398,34680,06bd,12,03 9C F4 42 14 92 6A 42 55 FB 2F 42
1788592521.874885,34680,06be,12,9D 80 F7 42 0A 32 84 42 FF 35 38 42
1788592521.885663,34680,06bf,12,95 CC E9 42 EC 7A 91 42 F4 40 24 42
1788592521.896034,34680,06c0,12,80 89 E2 42 F5 B0 99 42 54 9A 29 42
1788592521.906606,34680,06c1,12,6B 28 D1 42 05 03 9E 42 9F BA 27 42
1788592521.917266,34680,06c2,12,8D 61 D1 42 C9 F5 A0 42 03 D2 3A 42
1788592521.927935,34680,06c3,12,13 23 C8 42 3F 91 9D 42 A1 80 48 42
1788592521.939573,34680,06c4,12,AA 55 BC 42 28 DB 99 42 D5 F1 38 42
1788592521.954896,34680,06c5,12,60 15 B6 42 A4 37 9F 42 C1 E7 4C 42
1788592521.965453,34680,06c6,12,5E 6D A8 42 27 6A 95 42 CE D7 45 42
1788592521.976000,34680,06c7,12,A4 9C A5 42 2B C3 8B 42 96 E1 5A 42
1788592521.986464,34680,06c8,12,C1 99 96 42 E5 F7 82 42 15 68 55 42
1788592521.997018,34680,06c9,12,04 1C 8E 42 73 A5 74 42 F4 07 64 42
1788592522.007574,34680,06ca,12,48 C8 86 42 67 72 64 42 BF 25 60 42
1788592522.022078,34680,06cb,12,87 CD 78 42 4A 79 3E 42 4C 0A 68 42
1788592522.033354,34680,06cc,12,19 10 67 42 21 11 17 42 6A B6 67 42
1788592522.043921,34680,06cd,12,67 94 62 42 F2 1F 19 42 15 F4 6D 42
1788592522.055416,34680,06ce,12,41 3C 51 42 36 91 F8 41 47 F0 6B 42
1788592522.066258,34680,06cf,12,73 8A 5C 42 1E 29 D2 41 2A 50 81 42
1788592522.076892,34680,06d0,12,DE EE 4C 42 61 AB BC 41 7B 84 73 42
1788592522.087462,34680,06d1,12,91 6A 57 42 62 2B 9E 41 F4 FF 6C 42
1788592522.098112,34680,06d2,12,42 A3 47 42 C4 80 A1 41 95 B3 6F 42
1788592522.108664,34680,06d3,12,87 02 56 42 3F E5 82 41 7B FA 86 42
1788592522.119400,34680,06d4,12,A1 AC 47 42 D5 BD A6 41 E2 F7 86 42
1788592522.130123,34680,06d5,12,43 56 4B 42 BB 0D BA 41 FA BA 81 42
1788592522.140732,34680,06d6,12,1D 0F 42 42 57 60 CD 41 9C CF 89 42
1788592522.151797,34680,06d7,12,E4 90 62 42 CE 38 F8 41 D0 68 84 42
1788592522.162405,34680,06d8,12,A8 19 64 42 F1 BF 17 42 92 08 84 42
1788592522.173362,34680,06d9,12,5E B0 7D 42 A9 6C 22 42 4C FF 8C 42
1788592522.184081,34680,06da,12,5B DC 75 42 D6 65 2F 42 6A 46 8E 42
1788592522.194521,34680,06db,12,B9 DA 86 42 A2 CF 4E 42 12 91 8E 42
1788592522.205131,34680,06dc,12,98 FC 8A 42 5B 0C 6F 42 62 A5 8F 42
1788592522.215646,34680,06dd,12,0A AD 93 42 F4 53 82 42 64 47 93 42
1788592522.226271,34680,06de,12,FD 2B A6 42 86 FD 89 42 FE 24 8E 42
1788592522.236827,34680,06df,12,C5 E8 AE 42 91 71 97 42 DB 6D 96 42
1788592522.247690,34680,06e0,12,78 3D B4 42 86 08 9B 42 C9 4E A0 42
1788592522.258296,34680,06e1,12,58 37 B8 42 2E 88 A2 42 E2 AA 95 42
1788592522.268925,34680,06e2,12,0B E1 C3 42 72 80 A5 42 47 22 9F 42
1788592522.280079,34680,06e3,12,28 65 CD 42 A5 2A 9F 42 C8 31 9F 42
1788592522.290874,34680,06e4,12,4A AB D9 42 15 D7 98 42 28 49 A1 42
1788592522.301380,34680,06e5,12,D2 41 E2 42 7F E2 94 42 62 7B A6 42
1788592522.311874,34680,06e6,12,EF F9 E8 42 1F 8D 95 42 F0 DF AB 42
1788592522.322397,34680,06e7,12,44 1C F6 42 4B 3E 86 42 70 DB A7 42
1788592522.333601,34680,06e8,12,21 56 FF 42 7C 1A 75 42 14 9E A8 42
1788592522.344269,34680,06e9,12,EA FD 04 43 BA 00 5E 42 B2 69 AC 42
1788592522.354893,34680,06ea,12,EA E2 06 43 B0 BE 3D 42 93 B9 B2 42
1788592522.368082,34680,06eb,12,C7 93 09 43 7A DF 2E 42 6C 26 B1 42
1788592522.378939,34680,06ec,12,9F 07 0A 43 8C 4A 1A 42 AC C1 AE 42
1788592522.389297,34680,06ed,12,E6 15 12 43 3C 26 07 42 78 0C B7 42
1788592522.399991,34680,06ee,12,8D 5D 11 43 3A 14 D6 41 20 C9 BC 42
1788592522.410518,34680,06ef,12,21 4A 14 43 61 D0 D8 41 BB 9A B5 42
1788592522.421042,34680,06f0,12,6E 60 15 43 5A 2C C1 41 C2 30 B8 42
1788592522.431623,34680,06f1,12,7A 29 17 43 E9 BD A6 41 1B 14 BA 42
1788592522.442431,34680,06f2,12,3A 08 17 43 04 75 8F 41 7E 7F C5 42
1788592522.453615,34680,06f3,12,96 68 14 43 FE 20 B8 41 06 47 C7 42
1788592522.464150,34680,06f4,12,A9 2C 12 43 3A 18 D5 41 E2 CE C1 42
1788592522.474639,34680,06f5,12,E5 C1 13 43 88 2E DF 41 B8 83 BA 42
1788592522.485070,34680,06f6,12,6C 08 13 43 D4 C3 BD 41 82 F5 C9 42
1788592522.495522,34680,06f7,12,D3 7F 0D 43 98 64 FD 41 77 AD C9 42
1788592522.506081,34680,06f8,12,44 1F 0B 43 67 66 23 42 EA B9 C8 42
1788592522.516518,34680,06f9,12,37 1C 0B 43 37 46 33 42 1F FC C5 42
1788592522.527021,34680,06fa,12,83 BF 04 43 38 DF 48 42 B9 E2 CE 42
1788592522.537369,34680,06fb,12,DE 42 05 43 FC 10 6C 42 EB 59 D6 42
1788592522.547933,34680,06fc,12,E7 2D FE 42 93 C6 7A 42 1F 03 D4 42
1788592522.558466,34680,06fd,12,B2 DB F2 42 95 FD 83 42 2A 15 D1 42
1788592522.569081,34680,06fe,12,88 8D EE 42 18 5B 8E 42 B7 F6 D6 42
1788592522.579515,34680,06ff,12,CB 69 E4 42 EB 89 9F 42 08 53 DB 42
1788592522.589990,34680,0700,12,FA A9 D4 42 1E FE A3 42 A4 09 D5 42
1788592522.607580,34680,0701,12,A0 2C D4 42 11 35 A2 42 69 18 E0 42
1788592522.616805,34680,0702,12,3B 23 C7 42 06 96 9B 42 CC 22 E2 42
1788592522.629167,34680,0703,12,76 CA B4 42 D4 AE A1 42 FF 2C E4 42
1788592522.642819,34680,0704,12,A4 F9 AC 42 A2 E6 95 42 70 C6 E1 42
1788592522.655657,34680,0705,12,2C 28 A9 42 17 53 96 42 06 90 E6 42
1788592522.666017,34680,0706,12,FE 69 9F 42 E7 F5 84 42 00 4A E6 42
1788592522.676655,34680,0707,12,11 37 9B 42 59 5A 80 42 2E 1D E5 42
1788592522.689869,34680,0708,12,34 26 8E 42 BD EF 6D 42 2A C0 E9 42
1788592522.700486,34680,0709,12,3A 8E 82 42 A8 89 56 42 26 5D E8 42
1788592522.711027,34680,070a,12,61 84 7C 42 2B DB 35 42 89 38 ED 42
1788592522.721647,34680,070b,12,8B 85 7E 42 50 64 1F 42 DB 14 BC 41
1788592522.732004,34680,070c,12,50 98 65 42 FC F1 0E 42 7D 1E 96 41
1788592522.742569,34680,070d,12,56 F0 62 42 BC 9D EC 41 41 8B CE 41
1788592522.753188,34680,070e,12,BB FF 4F 42 77 11 C3 41 D5 AB D2 41
1788592522.764005,34680,070f,12,B9 95 50 42 19 E7 BA 41 E9 2A C5 41
1788592522.774680,34680,0710,12,9C F4 47 42 22 60 AE 41 1B C1 B0 41
1788592522.785222,34680,0711,12,8A C0 3B 42 F9 78 B5 41 CF 7F C1 41
1788592522.795826,34680,0712,12,0C 70 53 42 98 88 A1 41 00 CD CF 41
1788592522.806436,34680,0713,12,3B 78 4D 42 91 30 87 41 3B 7C DE 41
1788592522.817539,34680,0714,12,18 D9 49 42 87 0E BB 41 62 8B E8 41
1788592522.828170,34680,0715,12,8B 69 4D 42 52 7F EC 41 B7 6A D2 41
1788592522.838738,34680,0716,12,13 EE 5D 42 9E DE E4 41 AA A5 FE 41
1788592522.849232,34680,0717,12,95 47 5B 42 45 17 10 42 D7 84 FB 41
1788592522.859855,34680,0718,12,0A B7 7A 42 ED B5 20 42 2B 76 F1 41
1788592522.870429,34680,0719,12,BA CD 81 42 AA FB 4D 42 C2 90 07 42
1788592522.881062,34680,071a,12,1D 35 8C 42 EF F0 55 42 35 E1 12 42
1788592522.891592,34680,071b,12,58 93 8D 42 04 3F 6C 42 C6 F6 07 42
1788592522.902464,34680,071c,12,AF 87 98 42 96 50 79 42 0D 43 29 42
1788592522.913286,34680,071d,12,D8 F8 98 42 39 9D 90 42 C3 53 14 42
1788592522.923861,34680,071e,12,2B 66 A7 42 41 FC 90 42 EA 0A 1F 42
1788592522.934461,34680,071f,12,8C A7 B4 42 5C A7 99 42 D8 EC 19 42
1788592522.945012,34680,0720,12,07 43 B3 42 B5 68 9F 42 41 23 1F 42
1788592522.955684,34680,0721,12,8D D1 C7 42 3C 58 A2 42 E3 B7 25 42
1788592522.966240,34680,0722,12,F6 08 D3 42 4E E1 95 42 E4 D9 32 42
1788592522.976931,34680,0723,12,A2 E7 D9 42 A6 D5 9D 42 34 71 34 42
1788592522.987610,34680,0724,12,EC 71 E3 42 22 93 97 42 1C BB 2F 42
1788592522.998224,34680,0725,12,69 11 EC 42 E4 6D 90 42 FB 83 3D 42
1788592523.009166,34680,0726,12,3E A9 EF 42 79 8A 82 42 6B 6A 3B 42
1788592523.019726,34680,0727,12,67 63 00 43 3C 1F 75 42 6B 5B 49 42
1788592523.030322,34680,0728,12,42 B1 04 43 2C 2E 5D 42 1A F2 46 42
1788592523.040831,34680,0729,12,3E D8 05 43 AC 38 48 42 CC F7 3C 42
1788592523.051470,34680,072a,12,ED 44 0C 43 2F DF 30 42 28 10 4A 42
1788592523.063920,34680,072b,12,A0 BF 0D 43 D2 14 10 42 83 CE 4C 42
1788592523.074633,34680,072c,12,23 5F 15 43 21 B5 04 42 03 30 53 42
1788592523.085408,34680,072d,12,E0 85 12 43 EB 44 DB 41 D7 E1 54 42
1788592523.096066,34680,072e,12,B7 E8 15 43 E3 22 C8 41 0C 85 59 42
1788592523.106777,34680,072f,12,28 E6 11 43 FD 48 99 41 D2 2A 61 42
1788592523.117056,34680,0730,12,AC 04 15 43 BC EF 98 41 70 73 5C 42
1788592523.127743,34680,0731,12,B8 55 15 43 BC 02 95 41 D3 5A 65 42
1788592523.138294,34680,0732,12,EA 41 18 43 17 C4 9F 41 17 11 66 42
1788592523.148973,34680,0733,12,EE 7B 17 43 24 04 AC 41 A4 2B 65 42
1788592533.159897,34680,0735,12,C4 C4 13 43 41 B8 CD 41 DA 79 7C 42
1788592533.168739,34680,0736,12,A7 CE 0F 43 31 8E E6 41 51 6B 74 42
1788592533.179173,34680,0737,12,3D 6B 0E 43 E1 F9 0B 42 24 B9 7F 42
1788592533.189598,34680,0738,12,85 E3 0B 43 3F 83 20 42 F6 7D 7D 42
1788592533.200168,34680,0739,12,73 B2 07 43 B2 07 4F 42 B9 D3 81 42
1788592533.211186,34680,073a,12,B8 79 03 43 A8 36 5B 42 A6 B8 84 42
1788592533.221532,34680,073b,12,8C 4B 06 43 41 5E 77 42 9F 9B 86 42
1788592533.232093,34680,073c,12,78 5B FB 42 3E E5 7A 42 51 FE 85 42
1788592533.242661,34680,073d,12,7B 4A F2 42 8C CF 86 42 DD EE 82 42
1788592533.253304,34680,073e,12,51 84 E9 42 78 CF 90 42 6B 41 8A 42
1788592533.269700,34680,073f,12,BC E5 E4 42 04 D4 95 42 EE 14 88 42
1788592533.280418,34680,0740,12,DA 6E D3 42 86 A7 96 42 E4 0C 98 42
1788592533.290967,34680,0741,12,92 09 CE 42 21 8D A3 42 70 22 93 42
1788592533.301504,34680,0742,12,12 DD C4 42 9A B3 A1 42 E7 58 96 42
1788592533.312018,34680,0743,12,A5 69 C0 42 7C F1 A0 42 3F 81 9D 42
1788592533.322618,34680,0744,12,1C 95 B3 42 68 F5 9B 42 67 73 96 42
1788592533.333245,34680,0745,12,A9 73 A3 42 12 8A 93 42 3D 8B 93 42
1788592533.343796,34680,0746,12,55 6D 9C 42 8F 1C 85 42 FF 27 94 42
1788592533.354495,34680,0747,12,F0 40 94 42 B4 3A 6C 42 B4 37 A1 42
1788592533.364931,34680,0748,12,06 E1 8E 42 59 9C 63 42 42 92 A2 42
1788592533.375439,34680,0749,12,FC E1 82 42 09 E1 4E 42 D8 8C 9E 42
1788592533.385956,34680,074a,12,F6 89 82 42 E2 3E 38 42 D6 84 9F 42
1788592533.396564,34680,074b,12,ED 01 72 42 40 78 22 42 24 9E A0 42
1788592533.407015,34680,074c,12,3F 00 67 42 D5 58 08 42 F6 FD A4 42
1788592533.417519,34680,074d,12,B3 24 60 42 1F BB DE 41 39 7D A9 42
1788592533.428278,34680,074e,12,18 CD 53 42 EA E1 D9 41 61 B2 B3 42
1788592533.438923,34680,074f,12,65 72 4B 42 B8 69 BF 41 77 F8 AC 42
1788592533.449548,34680,0750,12,06 B9 4A 42 2C 71 A7 41 A4 61 AF 42
1788592533.460174,34680,0751,12,D2 ED 47 42 4F 23 9E 41 97 DF B5 42
1788592533.471169,34680,0752,12,92 94 4A 42 02 08 A6 41 DA F8 B3 42
1788592533.482041,34680,0753,12,D6 06 47 42 C0 EC 90 41 82 05 B2 42
1788592533.493060,34680,0754,12,F7 4C 51 42 62 9E CA 41 57 28 B7 42
1788592533.503579,34680,0755,12,11 4D 5B 42 56 A9 EE 41 FF 12 BF 42
1788592533.514096,34680,0756,12,E5 AF 5D 42 D9 1D 03 42 C7 63 B9 42
1788592533.524646,34680,0757,12,DF 24 69 42 A5 C6 10 42 52 AB BC 42
1788592533.535197,34680,0758,12,B4 5A 7B 42 A2 8C 28 42 68 9D BA 42
1788592533.545740,34680,0759,12,D1 25 81 42 28 7F 43 42 97 40 C7 42
1788592533.556289,34680,075a,12,53 A8 88 42 CD 17 5D 42 62 ED BF 42
1788592533.568746,34680,075b,12,0F B1 8D 42 06 32 75 42 63 E6 C4 42
1788592533.579259,34680,075c,12,AF C0 9A 42 93 B7 82 42 C4 D2 C4 42
1788592533.589973,34680,075d,12,19 63 A2 42 27 9A 88 42 F7 B9 C3 42
1788592533.600390,34680,075e,12,C1 A3 AA 42 81 75 91 42 56 04 C8 42
1788592533.610946,34680,075f,12,63 93 B9 42 C2 1C 9E 42 58 B6 CD 42
1788592533.621452,34680,0760,12,D9 41 C1 42 85 D1 9C 42 E0 31 CD 42
1788592533.632039,34680,0761,12,1E F2 CA 42 36 04 A4 42 35 FD D2 42
1788592533.642856,34680,0762,12,6E 2C D8 42 3C 0B A0 42 80 DD CB 42
1788592533.653385,34680,0763,12,21 02 D7 42 42 03 9C 42 AE 8D D1 42
1788592533.663803,34680,0764,12,2E B6 E4 42 C4 3E 94 42 7F 79 D2 42
1788592533.674422,34680,0765,12,31 6C F2 42 86 B2 87 42 23 88 D9 42
1788592533.685155,34680,0766,12,5F 32 F9 42 B9 98 81 42 6E 2E D7 42
1788592533.695599,34680,0767,12,06 25 02 43 36 5E 63 42 E8 03 DF 42
1788592533.706083,34680,0768,12,E3 1B 01 43 EF 27 54 42 4D 00 DF 42
1788592533.716715,34680,0769,12,97 56 08 43 73 09 43 42 84 00 DA 42
1788592533.727257,34680,076a,12,04 5C 0E 43 BD C7 38 42 85 F1 E2 42
1788592533.738316,34680,076b,12,05 E5 0A 43 DE B1 12 42 2A 6C EF 42
1788592533.748899,34680,076c,12,7B D9 0F 43 E9 A8 05 42 32 3A E9 42
1788592533.759529,34680,076d,12,97 A9 11 43 8F 67 EC 41 68 2E ED 42
1788592533.770036,34680,076e,12,33 3E 18 43 ED B0 B0 41 CD 90 EA 42
1788592533.780600,34680,076f,12,6D E0 16 43 85 41 A5 41 17 B4 EB 42
1788592533.791132,34680,0770,12,4F AF 16 43 83 76 9B 41 A6 C0 A5 41
1788592533.801666,34680,0771,12,8E BC 15 43 53 BB 9C 41 DF B4 B8 41
1788592533.812756,34680,0772,12,6C AC 16 43 67 C7 A6 41 BF 18 C6 41
1788592533.823510,34680,0773,12,2B 97 14 43 30 1D C3 41 2F 2E B1 41
1788592533.834010,34680,0774,12,45 18 14 43 5A 5C C5 41 09 99 C9 41
1788592533.844586,34680,0775,12,CE 4B 11 43 CA 45 D9 41 88 0A CB 41
1788592533.880117,34680,0776,12,25 91 10 43 D4 A6 14 42 25 82 D8 41
1788592533.891412,34680,0777,12,5B E5 0B 43 BA FE 21 42 98 78 C2 41
1788592533.902041,34680,0778,12,84 B3 08 43 65 A0 34 42 D2 5A D9 41
1788592533.912627,34680,0779,12,6B D9 06 43 D8 0D 51 42 54 1D EE 41
1788592533.923232,34680,077a,12,E5 A7 02 43 7B AE 67 42 78 D9 CF 41
1788592533.933817,34680,077b,12,84 29 F4 42 81 25 7A 42 96 2A 07 42
1788592533.944420,34680,077c,12,DB E0 EF 42 40 DC 85 42 F4 DC 01 42
1788592533.955030,34680,077d,12,F3 59 E7 42 DD BF 93 42 F0 AB F1 41
1788592533.965559,34680,077e,12,06 C4 DD 42 3B 18 96 42 DC E3 00 42
1788592533.976092,34680,077f,12,93 8E D7 42 E5 C9 9C 42 3B 94 09 42
1788592533.986656,34680,0780,12,1F D6 C4 42 79 92 A3 42 6C 19 14 42
1788592533.997205,34680,0781,12,8B 01 BE 42 96 39 9E 42 4F D2 1C 42
1788592534.007868,34680,0782,12,83 C7 B8 42 10 11 9B 42 02 83 18 42
1788592534.018525,34680,0783,12,42 48 A7 42 CF 15 96 42 55 B7 1F 42
1788592534.029143,34680,0784,12,4B A4 A1 42 7A 95 93 42 6C 6C 1D 42
1788592534.039745,34680,0785,12,F9 DD 9D 42 F0 7C 82 42 95 F4 36 42
1788592534.050331,34680,0786,12,D8 4B 91 42 CD 14 79 42 19 69 26 42
1788592534.060872,34680,0787,12,77 AB 89 42 CF 69 69 42 A2 6F 30 42
1788592534.071441,34680,0788,12,7D F2 81 42 2E C9 43 42 57 FE 30 42
1788592534.082030,34680,0789,12,DF 8E 75 42 5E EC 3A 42 4E 7F 36 42
1788592534.092784,34680,078a,12,CA A2 6F 42 AE 60 24 42 53 14 2F 42
1788592534.103657,34680,078b,12,99 8B 5A 42 37 5B 0D 42 63 F8 36 42
1788592534.114021,34680,078c,12,BE FA 53 42 09 86 00 42 FB 5E 49 42
1788592534.124682,34680,078d,12,2B 5E 4E 42 90 A2 D9 41 06 64 3D 42
1788592534.135235,34680,078e,12,30 83 4F 42 67 09 AD 41 E7 53 41 42
1788592534.145907,34680,078f,12,F1 48 5A 42 91 98 9B 41 14 36 5C 42
1788592534.156445,34680,0790,12,D4 FB 50 42 5C 41 A7 41 6F FD 57 42
1788592534.167142,34680,0791,12,2C 97 46 42 BC AC 8E 41 BF 38 59 42
1788592534.177594,34680,0792,12,02 28 41 42 85 1D AD 41 F0 04 57 42
1788592534.188115,34680,0793,12,E0 4D 4E 42 84 9F CC 41 BE AC 5B 42
1788592534.198564,34680,0794,12,69 C7 62 42 54 39 FD 41 D9 9E 66 42
1788592534.209124,34680,0795,12,76 89 54 42 C8 42 02 42 23 16 5E 42
1788592534.219717,34680,0796,12,2D 35 5A 42 AB 9F 19 42 F8 84 63 42
1788592534.230286,34680,0797,12,92 33 7D 42 77 9B 35 42 6E A3 67 42
1788592534.240996,34680,0798,12,1D 94 7E 42 5E 7E 43 42 E8 5C 6F 42
1788592534.251676,34680,0799,12,9E E1 87 42 65 36 64 42 4E EC 7E 42
1788592534.262347,34680,079a,12,C8 CA 8B 42 4F D4 77 42 B3 E0 7A 42
1788592534.272893,34680,079b,12,14 00 9D 42 74 84 89 42 F7 CF 7E 42
1788592534.283689,34680,079c,12,87 84 A6 42 27 A2 8A 42 78 90 82 42
1788592534.294352,34680,079d,12,7F 3D AE 42 B2 48 9D 42 A0 E6 7A 42
1788592534.304961,34680,079e,12,BA F1 B6 42 A9 26 A5 42 BB E9 86 42
1788592534.315678,34680,079f,12,28 4A C2 42 A9 74 A5 42 82 CC 83 42
1788592534.326645,34680,07a0,12,F4 35 CC 42 24 C3 A1 42 3D 9A 8D 42
1788592534.337167,34680,07a1,12,D8 6E DC 42 D6 B3 9B 42 AE 34 8A 42
1788592534.347729,34680,07a2,12,AC EA DE 42 15 42 A1 42 F6 8F 8D 42
1788592534.358433,34680,07a3,12,DD 99 EA 42 0D 6D 95 42 89 A0 88 42
1788592534.369187,34680,07a4,12,6C DD EF 42 C8 49 8D 42 84 CB 90 42
1788592534.379769,34680,07a5,12,E2 0B FF 42 AB 07 84 42 FF 6F 8F 42
1788592534.390578,34680,07a6,12,04 AB FD 42 A7 86 65 42 29 9C 9A 42
1788592534.401348,34680,07a7,12,FD 05 03 43 BD D9 4B 42 D8 8E 8E 42
1788592534.411673,34680,07a8,12,16 39 0B 43 56 E2 4A 42 2A 90 97 42
1788592534.422345,34680,07a9,12,48 3B 08 43 D7 1F 22 42 5B D4 9E 42
1788592534.433026,34680,07aa,12,13 56 0D 43 CF F2 17 42 82 E6 99 42
1788592534.443720,34680,07ab,12,EB F4 11 43 FE 01 0A 42 BC 14 A0 42
1788592534.454222,34680,07ac,12,71 65 12 43 41 52 EC 41 92 87 A4 42
1788592534.465093,34680,07ad,12,36 5C 13 43 A4 5C B4 41 0C 11 A8 42
1788592534.475627,34680,07ae,12,8E C3 13 43 AC A5 A4 41 96 7A A2 42
1788592534.486137,34680,07af,12,32 9E 16 43 5B CD AA 41 83 ED A5 42
1788592534.496804,34680,07b0,12,F3 50 12 43 32 16 BB 41 57 6C A0 42
1788592534.507324,34680,07b1,12,6D 28 12 43 09 0A 99 41 09 06 B0 42
1788592534.517860,34680,07b2,12,5B EB 17 43 0D 80 C5 41 CA 60 AA 42
1788592534.528376,34680,07b3,12,4F F2 10 43 84 9D E0 41 92 92 AC 42
1788592534.538932,34680,07b4,12,90 5A 10 43 5A 9D FB 41 D3 58 B7 42
1788592534.549363,34680,07b5,12,76 66 10 43 EA A2 22 42 27 8F AF 42
1788592534.559899,34680,07b6,12,EB E4 0E 43 F5 B6 2D 42 7D 36 B6 42
1788592534.570498,34680,07b7,12,13 39 07 43 A0 01 38 42 7E E0 AD 42
1788592534.581231,34680,07b8,12,D9 A8 04 43 2D D9 61 42 90 FA B4 42
1788592534.591852,34680,07b9,12,72 E8 00 43 0D AE 7A 42 F0 22 BD 42
1788592534.602651,34680,07ba,12,0F 9F 00 43 F5 79 7E 42 D7 AF BD 42
1788592534.613215,34680,07bb,12,A0 A2 EF 42 2D 70 88 42 02 7A BE 42
1788592534.623768,34680,07bc,12,0E 16 EB 42 CA CE 94 42 82 7A B9 42
1788592534.634505,34680,07bd,12,03 A9 DF 42 AC B0 99 42 78 4F C5 42
1788592534.645043,34680,07be,12,D4 E2 D5 42 AA CA 97 42 5C 9F C4 42
1788592534.656016,34680,07bf,12,81 03 CA 42 61 99 A3 42 46 32 C7 42
1788592534.666566,34680,07c0,12,85 7C C3 42 1F EC 99 42 3C B9 CB 42
1788592534.677069,34680,07c1,12,95 B3 B9 42 00 D4 9C 42 1B 3B D4 42
1788592534.687642,34680,07c2,12,32 BB B4 42 FA C5 98 42 9E A1 CD 42
1788592534.698200,34680,07c3,12,C7 16 A7 42 55 A1 8F 42 DD BF C5 42
1788592534.708718,34680,07c4,12,89 F8 98 42 CC B4 86 42 90 2B CF 42
1788592534.719245,34680,07c5,12,C4 0E 91 42 F6 DD 6E 42 33 76 D9 42
1788592534.729724,34680,07c6,12,22 37 8E 42 E3 5A 5B 42 12 62 D4 42
1788592534.740505,34680,07c7,12,43 D5 7C 42 56 74 4E 42 06 AD D1 42
1788592534.751149,34680,07c8,12,6A B0 81 42 34 C0 36 42 9A 6D D3 42
1788592534.761752,34680,07c9,12,FF F4 66 42 DC 90 15 42 E3 10 D6 42
1788592534.772387,34680,07ca,12,1F 37 60 42 04 52 03 42 4B B3 DF 42
1788592534.782845,34680,07cb,12,16 E1 5A 42 F0 07 E2 41 82 D8 DF 42
1788592534.793473,34680,07cc,12,A1 83 49 42 86 76 DA 41 39 CD E2 42
1788592534.804220,34680,07cd,12,CE 23 49 42 EF B9 BD 41 A5 15 D9 42
1788592534.814706,34680,07ce,12,F8 FC 55 42 93 DE 89 41 FA 86 E5 42
1788592534.825217,34680,07cf,12,B2 C9 47 42 7A 46 A7 41 95 27 E3 42
1788592534.835712,34680,07d0,12,1F D8 4E 42 ED 53 B4 41 8E 2D EE 42
1788592534.846258,34680,07d1,12,F5 62 49 42 5D B2 A8 41 C9 60 E6 42
1788592534.856737,34680,07d2,12,DA 63 59 42 A2 31 D9 41 01 79 EE 42
1788592534.867518,34680,07d3,12,DE 90 63 42 4C B5 F3 41 C6 E7 E9 42
1788592534.877837,34680,07d4,12,67 14 67 42 B7 CC 0A 42 47 0B A4 41
1788592534.888368,34680,07d5,12,F3 BC 6A 42 B6 43 1B 42 79 5C 96 41
1788592534.898862,34680,07d6,12,96 CC 6E 42 97 CF 2A 42 BE F9 96 41
1788592534.909327,34680,07d7,12,8A 3C 7F 42 AF D0 49 42 08 FF B2 41
1788592534.919820,34680,07d8,12,D0 B4 8C 42 09 9C 73 42 B4 33 CF 41
1788592534.930446,34680,07d9,12,49 AE 95 42 ED 6E 73 42 EB 93 E3 41
1788592534.940863,34680,07da,12,41 B4 99 42 D2 5E 8D 42 DD 05 B7 41
1788592534.951447,34680,07db,12,75 56 A1 42 04 BD 95 42 04 B2 C0 41
1788592534.962111,34680,07dc,12,5C 22 AB 42 A6 C7 96 42 BD 34 CD 41
1788592534.972722,34680,07dd,12,BC 73 B6 42 25 15 9B 42 AA 50 ED 41
1788592534.983380,34680,07de,12,32 44 C0 42 97 44 9E 42 6A 86 F0 41
1788592534.994016,34680,07df,12,95 90 CD 42 A1 B8 9F 42 33 DC F2 41
1788592535.004715,34680,07e0,12,7B 1A D6 42 5E 94 9C 42 AC 98 03 42
1788592535.015198,34680,07e1,12,63 AE DD 42 CC 3F 9F 42 FF FE 03 42
1788592535.025785,34680,07e2,12,8F AA EE 42 BB FD 94 42 A7 6F 0A 42
1788592535.036223,34680,07e3,12,2A AC F2 42 16 AF 85 42 75 E7 19 42
1788592535.046761,34680,07e4,12,26 2C FA 42 26 0E 81 42 4A DA 17 42
1788592535.057452,34680,07e5,12,1E 10 01 43 46 D4 6A 42 BD 4C 18 42
1788592535.067899,34680,07e6,12,EF 50 04 43 99 82 50 42 D4 6C 1E 42
1788592535.078503,34680,07e7,12,B3 62 06 43 F5 11 3D 42 DB 03 1A 42
1788592535.089200,34680,07e8,12,66 98 0D 43 86 B5 17 42 BB 86 15 42
1788592535.099727,34680,07e9,12,A8 A9 11 43 03 9D 07 42 6F 6B 21 42
1788592535.110281,34680,07ea,12,87 51 12 43 1D 32 F6 41 FD 4C 28 42
1788592535.120836,34680,07eb,12,16 3F 15 43 DE D3 D8 41 42 44 2C 42
1788592535.131452,34680,07ec,12,32 0B 13 43 7B 53 93 41 59 92 2C 42
1788592535.142349,34680,07ed,12,B6 95 16 43 84 4D AE 41 18 16 2B 42
1788592535.152975,34680,07ee,12,0A 2E 16 43 B3 16 99 41 D9 06 43 42
1788592535.163626,34680,07ef,12,B6 DB 18 43 F7 2F 9E 41 98 AE 3D 42
1788592535.174193,34680,07f0,12,75 08 15 43 37 41 9B 41 91 92 39 42
1788592535.185184,34680,07f1,12,23 59 12 43 AF AF B4 41 B1 2A 3F 42
1788592535.195412,34680,07f2,12,A2 81 12 43 22 A5 EA 41 96 F2 46 42
1788592535.206025,34680,07f3,12,02 3B 0D 43 01 7B DD 41 E6 C3 53 42
1788592535.216751,34680,07f4,12,8B E9 0D 43 98 01 0B 42 93 CC 4D 42
1788592535.227623,34680,07f5,12,E0 CD 08 43 3E 94 21 42 D9 D6 64 42
1788592535.238600,34680,07f6,12,EE 79 09 43 E8 D4 43 42 40 4C 57 42
1788592535.248959,34680,07f7,12,81 AB 04 43 74 61 54 42 59 5F 53 42
1788592535.259444,34680,07f8,12,64 DC 00 43 66 4A 77 42 CB 87 67 42
1788592535.269972,34680,07f9,12,AA B9 FD 42 87 79 86 42 DE 0C 70 42
1788592535.280536,34680,07fa,12,2C 90 F6 42 C4 EC 8A 42 DE 9D 66 42
1788592535.291064,34680,07fb,12,D4 DE EB 42 6A 18 95 42 4D 41 65 42
1788592535.301866,34680,07fc,12,BF 33 E2 42 F0 E6 9E 42 41 81 73 42
1788592535.312553,34680,07fd,12,43 DA D2 42 8A 17 9E 42 9F 1F 6A 42
1788592535.323167,34680,07fe,12,B2 10 B9 42 7D 48 9B 42 3E 34 6D 42
1788592535.333782,34680,07ff,12,50 44 BA 42 33 94 8F 42 57 C9 83 42
1788592535.344557,34680,0800,12,26 27 B5 42 47 52 9E 42 67 46 7D 42
1788592535.355169,34680,0801,12,D5 AC AA 42 F6 A6 98 42 81 A0 84 42
1788592535.365816,34680,0802,12,74 16 A4 42 71 34 8A 42 94 ED 7E 42
1788592535.376559,34680,0803,12,AD CD 98 42 1D BA 85 42 89 79 86 42
1788592535.387801,34680,0804,12,05 82 8A 42 99 1B 68 42 30 D8 84 42
1788592535.397962,34680,0805,12,5E AC 87 42 D9 35 6A 42 BF FD 8A 42
1788592535.408622,34680,0806,12,D9 DC 79 42 D2 19 41 42 9B F1 8A 42
1788592535.419206,34680,0807,12,1A 58 7C 42 A6 05 31 42 F4 26 93 42
1788592535.429860,34680,0808,12,E7 B8 5B 42 8E E9 2A 42 96 D3 8A 42
1788592535.440470,34680,0809,12,8C 4B 6A 42 96 E3 FA 41 95 CE 93 42
1788592535.451119,34680,080a,12,98 8C 55 42 14 9F CC 41 BD 89 94 42
1788592535.461735,34680,080b,12,58 A6 53 42 E7 AA A2 41 C5 CF 98 42
1788592535.472307,34680,080c,12,15 A7 49 42 43 CF B2 41 FD F6 93 42
1788592535.482972,34680,080d,12,3C E4 46 42 01 35 AD 41 4A 53 9A 42
1788592535.493577,34680,080e,12,02 4C 53 42 03 C1 A6 41 2F 88 9E 42
1788592535.509382,34680,080f,12,5F AA 4C 42 56 61 8D 41 69 41 A4 42
1788592535.520004,34680,0810,12,11 29 58 42 72 0D B0 41 B3 63 A2 42
1788592535.530591,34680,0811,12,EB 1C 55 42 D5 BF D8 41 49 8D A2 42
1788592535.541240,34680,0812,12,1E DD 50 42 12 51 E2 41 6E 10 A1 42
1788592535.551719,34680,0813,12,9C 70 61 42 C3 3B 01 42 6D 15 AC 42
1788592535.562344,34680,0814,12,E7 44 63 42 9F B3 26 42 48 DF A6 42
1788592535.573022,34680,0815,12,66 8E 77 42 D6 ED 4C 42 03 8D AA 42
1788592535.583635,34680,0816,12,AA AD 7F 42 1F 03 51 42 5D 32 AD 42
1788592535.594381,34680,0817,12,AE 7B 92 42 A8 D6 60 42 16 43 AF 42
1788592535.605018,34680,0818,12,06 6A 91 42 D8 45 64 42 36 3A A5 42
1788592535.615697,34680,0819,12,76 B1 9D 42 2F B9 8C 42 45 95 A4 42
1788592535.626371,34680,081a,12,60 AA A1 42 6B BD 93 42 06 BC B3 42
1788592535.636963,34680,081b,12,A5 71 AD 42 69 AB 94 42 26 A5 B4 42
1788592535.647502,34680,081c,12,AA 98 BA 42 7A 0E 9C 42 55 7A B2 42
1788592535.658115,34680,081d,12,8A 58 C2 42 B3 22 A2 42 57 EE B7 42
1788592535.668683,34680,081e,12,32 58 D6 42 64 EB 9D 42 2E 45 C4 42
1788592535.679416,34680,081f,12,D9 45 D2 42 05 01 9E 42 51 E6 BD 42
1788592535.690193,34680,0820,12,BA 17 E5 42 E4 65 9E 42 DA 3D C1 42
1788592535.700786,34680,0821,12,77 1C E6 42 FC 59 90 42 8F E2 BB 42
1788592535.711352,34680,0822,12,EE 47 F6 42 41 08 89 42 5F 76 BE 42
1788592535.721986,34680,0823,12,AA 68 F9 42 53 6B 7A 42 85 B0 C8 42
1788592535.732532,34680,0824,12,28 A4 FD 42 56 C4 6C 42 82 E6 C9 42
1788592535.743139,34680,0825,12,82 F2 04 43 D1 9F 49 42 2A 7A CC 42
1788592535.753851,34680,0826,12,61 BC 06 43 41 B2 2C 42 08 7F CA 42
1788592535.764412,34680,0827,12,CB A2 0A 43 E7 C4 21 42 B1 69 CF 42
1788592535.774994,34680,0828,12,9F D2 0E 43 D9 2E 10 42 44 0B D5 42
1788592535.785783,34680,0829,12,F1 02 15 43 9E 2C E7 41 96 FB D9 42
1788592535.796537,34680,082a,12,2D 4B 12 43 7F 0F E9 41 3D AC D6 42
1788592535.807131,34680,082b,12,3D 9E 13 43 E0 38 C0 41 C7 61 D7 42
1788592535.817719,34680,082c,12,15 AE 15 43 29 4B A2 41 7B 13 D3 42
1788592535.828558,34680,082d,12,04 11 14 43 2C D3 9D 41 B5 7F DA 42
1788592535.839249,34680,082e,12,1B B3 14 43 22 A4 9B 41 66 8C DB 42
1788592535.849938,34680,082f,12,85 3B 18 43 02 9F A1 41 49 8E D9 42
1788592535.860857,34680,0830,12,13 2C 12 43 C1 BE D4 41 F5 00 E3 42
1788592535.871575,34680,0831,12,EC 87 16 43 71 38 EE 41 0D 98 E7 42
1788592535.882157,34680,0832,12,2C 88 0F 43 AE 30 06 42 4B AB E4 42
1788592535.892666,34680,0833,12,CB 98 0B 43 7F 24 27 42 CE FB DF 42
1788592535.903244,34680,0834,12,FA E8 09 43 82 6A 1E 42 8B E4 EA 42
1788592535.913808,34680,0835,12,FA A0 06 43 F0 5E 40 42 1B A5 E6 42
1788592535.924305,34680,0836,12,87 04 04 43 CA CB 5C 42 25 A8 F0 42
1788592535.934806,34680,0837,12,2A 80 FD 42 DA A8 81 42 D9 29 EE 42
1788592535.945327,34680,0838,12,09 F5 F4 42 09 76 8A 42 BE A1 82 41
1788592535.955940,34680,0839,12,B6 CF EC 42 DE FF 97 42 5E FC B5 41
1788592535.966516,34680,083a,12,78 E8 DF 42 C5 10 95 42 D8 A3 B8 41
1788592535.977174,34680,083b,12,EF 12 DC 42 DC 69 9F 42 3A 5D B5 41
1788592535.987727,34680,083c,12,59 65 D1 42 F8 0B 98 42 50 A3 B6 41
1788592535.998457,34680,083d,12,F3 ED CB 42 5C AA A2 42 D6 11 BC 41
1788592536.009018,34680,083e,12,55 D5 B8 42 2C 16 9E 42 46 74 E9 41
1788592536.019529,34680,083f,12,43 35 BA 42 09 54 9A 42 DC 44 D2 41
1788592536.030080,34680,0840,12,E9 EC AC 42 6D CE 94 42 09 B6 E5 41
1788592536.040819,34680,0841,12,F0 AF 9E 42 B0 F8 8F 42 B7 04 E7 41
1788592536.051329,34680,0842,12,D2 19 97 42 93 D3 7E 42 86 DB F7 41
1788592536.062005,34680,0843,12,F2 88 8E 42 05 15 76 42 80 19 05 42
1788592536.072432,34680,0844,12,95 8A 83 42 1C 77 59 42 CD 76 EE 41
1788592536.083928,34680,0845,12,7C 9F 81 42 00 8D 3A 42 67 E9 F6 41
1788592536.094480,34680,0846,12,35 40 65 42 4B 85 2C 42 C8 9D 04 42
1788592536.105231,34680,0847,12,18 D8 6C 42 E9 03 23 42 2D CF 05 42
1788592536.115796,34680,0848,12,D0 DE 66 42 7E C1 00 42 C2 A7 0B 42
1788592536.126415,34680,0849,12,7C 31 4D 42 21 8C EF 41 5A C5 0F 42
1788592536.137118,34680,084a,12,A8 78 49 42 D3 B2 AF 41 69 73 04 42
1788592536.148139,34680,084b,12,E9 3D 50 42 1A BE BC 41 83 AA 1A 42
1788592536.158548,34680,084c,12,23 C6 46 42 D2 D1 B0 41 4B 1D 28 42
1788592536.169174,34680,084d,12,A0 B8 5C 42 9D 3F 96 41 F2 07 27 42
1788592536.179852,34680,084e,12,9D F3 4B 42 E2 17 99 41 09 D1 21 42
1788592536.190355,34680,084f,12,60 2D 4A 42 6D E0 B5 41 2C DA 36 42
1788592536.200865,34680,0850,12,33 CB 4D 42 B0 1B BB 41 B9 E9 23 42
1788592536.211712,34680,0851,12,D9 23 67 42 32 D2 04 42 43 21 33 42
1788592536.222076,34680,0852,12,72 81 58 42 4E DF 14 42 55 98 36 42
1788592536.232575,34680,0853,12,DA 08 6C 42 9E CB 17 42 95 D5 2C 42
1788592536.243080,34680,0854,12,1C A8 7B 42 16 C9 50 42 A4 DE 3A 42
1788592536.253635,34680,0855,12,E8 79 8A 42 22 50 58 42 40 36 46 42
1788592536.264095,34680,0856,12,31 DA 8D 42 98 04 63 42 82 BA 44 42
1788592536.274643,34680,0857,12,66 71 99 42 02 88 83 42 AF 9E 49 42
1788592536.285103,34680,0858,12,5D 51 9A 42 BF 4F 88 42 AB 8E 4F 42
1788592536.295588,34680,0859,12,A8 25 AA 42 37 30 99 42 3A 5A 5B 42
1788592536.306131,34680,085a,12,F7 AC B2 42 57 20 A1 42 4E FF 56 42
1788592536.316641,34680,085b,12,8D 20 B7 42 17 50 9D 42 FC F2 53 42
1788592536.327157,34680,085c,12,A2 EC C2 42 F2 AA A4 42 0D B4 5C 42
1788592536.337895,34680,085d,12,E0 36 D4 42 97 7D 9D 42 F0 4F 5C 42
1788592536.348455,34680,085e,12,70 45 D1 42 CF AF 9B 42 85 EA 6D 42
1788592536.360263,34680,085f,12,5D D8 DE 42 9A D8 94 42 04 F6 66 42
1788592536.370735,34680,0860,12,F7 1F ED 42 27 37 91 42 AF 8D 7F 42
1788592536.381345,34680,0861,12,A8 97 F5 42 48 24 87 42 17 EF 6C 42
1788592536.392060,34680,0862,12,56 23 03 43 46 B8 72 42 56 45 74 42
1788592536.402636,34680,0863,12,D3 04 03 43 0C C4 73 42 41 9C 74 42
1788592536.413253,34680,0864,12,14 CD 06 43 09 3E 4D 42 DB 4C 84 42
1788592536.423897,34680,0865,12,97 2A 08 43 31 79 2D 42 0E 8D 80 42
1788592536.434936,34680,0866,12,07 FA 0A 43 3C 7C 20 42 4D C9 81 42
1788592536.445606,34680,0867,12,30 84 0B 43 2B B1 00 42 79 AE 84 42
1788592536.456379,34680,0868,12,AF 7B 12 43 85 97 E6 41 99 7D 86 42
1788592536.466804,34680,0869,12,AF 85 12 43 D0 89 E9 41 20 44 8C 42
1788592536.477489,34680,086a,12,B2 A9 16 43 DA 76 C0 41 1B 52 89 42
1788592536.488215,34680,086b,12,79 C3 16 43 BF ED A1 41 81 5A 8D 42
1788592536.498838,34680,086c,12,D1 7B 17 43 B1 41 94 41 B2 FE 8E 42
1788592536.509394,34680,086d,12,F3 15 18 43 61 A4 99 41 C1 D8 91 42
1788592536.519890,34680,086e,12,D1 C5 15 43 F8 97 A2 41 1A 30 98 42
1788592536.530460,34680,086f,12,EA 8F 17 43 FA 1E DA 41 0B D9 96 42
1788592536.541088,34680,0870,12,01 1E 12 43 89 25 F0 41 41 6E 97 42
1788592536.551707,34680,0871,12,5D CB 0E 43 14 1F 01 42 6B AD 96 42
1788592536.562442,34680,0872,12,CE EA 0C 43 BA CE 16 42 6A 18 9E 42
1788592536.572845,34680,0873,12,2E FD 0B 43 B1 4C 45 42 79 F5 9F 42
1788592536.583342,34680,0874,12,0F FF 06 43 6B F9 44 42 CC 7F A4 42
1788592536.593886,34680,0875,12,84 10 04 43 39 C0 66 42 F5 E9 9E 42
1788592536.604640,34680,0876,12,28 0F F8 42 62 A1 7C 42 91 94 9E 42
1788592536.615190,34680,0877,12,2C C3 FD 42 AB 46 8A 42 E8 3F A2 42
1788592536.625750,34680,0878,12,E3 D2 E9 42 16 77 91 42 69 55 A5 42
1788592536.636388,34680,0879,12,DA 31 E4 42 D7 32 99 42 D6 36 A8 42
1788592536.647250,34680,087a,12,85 00 DA 42 EB FA 9B 42 20 E3 A8 42
1788592536.657811,34680,087b,12,46 AE CD 42 B5 46 A0 42 09 E0 AF 42
1788592536.668333,34680,087c,12,EF E8 C4 42 80 FD A0 42 B3 D5 A8 42
1788592536.678896,34680,087d,12,84 EA BC 42 EF 23 9B 42 48 9E B3 42
1788592536.689384,34680,087e,12,9D 7B B0 42 D2 B6 9B 42 5B 0A B8 42
1788592536.699970,34680,087f,12,58 C6 A4 42 44 9E 94 42 65 23 B3 42
1788592536.710577,34680,0880,12,E4 90 9F 42 6E C8 90 42 DE B7 BA 42
1788592536.721131,34680,0881,12,CA 7D 98 42 FF 90 81 42 09 BE B6 42
1788592536.731787,34680,0882,12,81 A3 93 42 42 8C 74 42 32 10 C1 42
1788592536.742584,34680,0883,12,3C 66 8A 42 A3 3A 57 42 5A E8 C6 42
1788592536.753230,34680,0884,12,A0 B4 7A 42 0D 0B 36 42 91 DE C2 42
1788592536.763788,34680,0885,12,6D 43 73 42 B0 54 2D 42 E7 28 C3 42
1788592536.774544,34680,0886,12,38 F8 5F 42 07 DA 08 42 A0 D1 C7 42
1788592536.785232,34680,0887,12,7C 36 6E 42 D3 A7 DC 41 EC 37 C6 42
1788592536.795786,34680,0888,12,1D 19 4D 42 CE 0C BF 41 A6 EC C3 42
1788592536.806427,34680,0889,12,67 17 49 42 B6 62 A6 41 5B DF CC 42
1788592536.817052,34680,088a,12,F6 D6 4C 42 66 1B A8 41 EB F1 CC 42
1788592536.827677,34680,088b,12,20 23 4E 42 99 19 97 41 F0 D6 D0 42
1788592536.838472,34680,088c,12,3E 33 51 42 3D F1 A9 41 BE F5 CD 42
1788592536.849168,34680,088d,12,A8 9A 46 42 C8 2E CB 41 52 48 D0 42
1788592536.859692,34680,088e,12,7E C8 4D 42 F2 E9 A5 41 68 BD D2 42
1788592536.870515,34680,088f,12,8D B1 60 42 8B D2 E3 41 99 CA D9 42
1788592536.881026,34680,0890,12,4E 1C 53 42 28 CB EF 41 47 B9 D8 42
1788592536.891733,34680,0891,12,C8 DC 60 42 9F D5 08 42 35 85 E0 42
1788592536.902258,34680,0892,12,12 21 73 42 38 3B 26 42 E6 EC DF 42
1788592536.912835,34680,0893,12,1E 8F 80 42 F2 29 42 42 3E A5 D9 42
1788592536.923658,34680,0894,12,E7 3D 83 42 E1 6C 64 42 3C E4 E0 42
1788592536.934290,34680,0895,12,78 4B 8F 42 E2 6D 7A 42 37 0F E5 42
1788592536.944752,34680,0896,12,39 69 97 42 FB B9 81 42 FB E5 E7 42
1788592536.955426,34680,0897,12,31 99 A0 42 08 94 8A 42 BD DD E6 42
1788592536.965976,34680,0898,12,1F 09 AD 42 60 77 94 42 5A EB E7 42
1788592536.976516,34680,0899,12,6A 94 AF 42 56 8A 9E 42 2F F4 F0 42
1788592536.987021,34680,089a,12,A1 E5 BF 42 22 16 9E 42 BF B1 ED 42
1788592536.997811,34680,089b,12,EA 6E C5 42 6E 25 9D 42 3F 7B F1 42
1788592537.008593,34680,089c,12,CC FE CE 42 D1 DF 9C 42 E7 0F 94 41
1788592537.019198,34680,089d,12,7D 39 DE 42 59 C5 97 42 81 45 AB 41
1788592537.029822,34680,089e,12,11 B3 E5 42 4C 96 9D 42 38 59 99 41
1788592537.040429,34680,089f,12,FC BE F4 42 15 58 94 42 E6 94 A8 41
1788592537.050936,34680,08a0,12,03 86 FF 42 3B 5E 87 42 15 E5 CD 41
1788592537.061459,34680,08a1,12,4C 00 FA 42 B2 5A 82 42 7F 53 AB 41
1788592537.071994,34680,08a2,12,A0 FD 03 43 AF 59 69 42 DB 55 D3 41
1788592537.082595,34680,08a3,12,08 9E 06 43 03 11 3E 42 8D 22 E0 41
1788592537.093251,34680,08a4,12,99 33 0B 43 E7 C8 2B 42 A8 17 CF 41
1788592537.103943,34680,08a5,12,02 EF 0E 43 7E 4A 1C 42 9A 6A E4 41
1788592537.114476,34680,08a6,12,EB AF 0E 43 8B 6D 04 42 42 8D DD 41
1788592537.124959,34680,08a7,12,47 41 11 43 97 AD D2 41 69 F5 E5 41
1788592537.135505,34680,08a8,12,C9 3D 17 43 98 D3 DE 41 7A E9 FE 41
1788592537.145996,34680,08a9,12,A9 8D 18 43 E7 9E AD 41 7F 07 05 42
1788592537.156518,34680,08aa,12,DB 16 17 43 96 F9 A7 41 1B 46 04 42
1788592537.167172,34680,08ab,12,6D 6F 17 43 76 5D 90 41 DA 24 0C 42
1788592537.177829,34680,08ac,12,F8 29 15 43 83 6A C7 41 84 56 1A 42
1788592537.188531,34680,08ad,12,4A 6E 13 43 F6 7D AD 41 A8 D4 13 42
1788592537.199004,34680,08ae,12,A1 5C 11 43 54 79 BB 41 A4 53 17 42
1788592537.209794,34680,08af,12,0D 51 12 43 FD 7B D6 41 58 B4 1D 42
1788592537.220467,34680,08b0,12,6E 5A 0C 43 4F CA F6 41 C8 25 29 42
1788592537.231213,34680,08b1,12,F3 BA 0D 43 72 3C 20 42 71 F5 27 42
1788592537.241786,34680,08b2,12,1A 65 08 43 60 4D 46 42 F0 45 25 42
1788592537.252352,34680,08b3,12,3F C2 04 43 C6 79 58 42 8A A6 29 42
1788592537.262978,34680,08b4,12,A3 54 FE 42 9F 7D 54 42 9A BD 2E 42
1788592537.273509,34680,08b5,12,29 C7 FA 42 FE B6 84 42 F7 F9 40 42
1788592537.283993,34680,08b6,12,46 32 F2 42 D4 C6 87 42 3E 8A 2F 42
1788592537.294539,34680,08b7,12,F8 16 EF 42 56 1D 91 42 CF E6 45 42
1788592537.305243,34680,08b8,12,8E 41 E3 42 33 CE 93 42 FE 09 49 42
1788592537.322014,34680,08b9,12,42 4F DB 42 E2 92 9F 42 CB BD 55 42
1788592537.332622,34680,08ba,12,08 EC C8 42 1B 51 A0 42 CD 64 3E 42
1788592537.343235,34680,08bb,12,0C 21 C2 42 FD 80 99 42 57 E3 51 42
1788592537.353884,34680,08bc,12,EE 08 C3 42 6D F6 9B 42 2E 4E 4F 42
1788592537.365191,34680,08bd,12,10 4C AE 42 EE 9A 97 42 F8 CA 51 42
1788592537.377915,34680,08be,12,61 78 A9 42 08 13 8C 42 71 9B 58 42
1788592537.388542,34680,08bf,12,77 89 A5 42 71 1C 90 42 DD B0 51 42
1788592537.398977,34680,08c0,12,04 6D 96 42 5D 75 7D 42 A5 3A 4C 42
1788592537.409483,34680,08c1,12,F5 BB 88 42 B5 E3 6C 42 43 78 63 42
1788592537.420019,34680,08c2,12,90 8B 88 42 7B EB 4D 42 B2 7C 6A 42
1788592537.430516,34680,08c3,12,1F F4 7C 42 7C 00 34 42 8D A2 6C 42
1788592537.441061,34680,08c4,12,B6 4F 6E 42 35 24 17 42 3D 58 6A 42
1788592537.451682,34680,08c5,12,2D BF 69 42 D9 2C 15 42 26 1E 7C 42
1788592537.462366,34680,08c6,12,03 91 5C 42 36 2A ED 41 98 71 75 42
1788592537.473049,34680,08c7,12,DD 47 48 42 EB 72 E0 41 56 D2 71 42
1788592537.483794,34680,08c8,12,A4 5E 4C 42 2A 38 BD 41 A1 CD 7C 42
1788592537.494374,34680,08c9,12,B6 D5 52 42 05 EE 9F 41 02 C9 80 42
1788592537.504943,34680,08ca,12,DF 73 49 42 6E F3 8E 41 A2 7A 87 42
1788592537.515613,34680,08cb,12,94 37 53 42 92 C5 A4 41 B3 DC 81 42
1788592537.526438,34680,08cc,12,AE 55 4E 42 0E D4 91 41 96 53 8A 42
1788592537.537063,34680,08cd,12,D3 2C 55 42 03 61 C5 41 97 14 91 42
1788592537.547584,34680,08ce,12,5C 05 4F 42 EC C0 BC 41 45 57 91 42
1788592537.558141,34680,08cf,12,8E C6 57 42 94 99 07 42 4C C8 8A 42
1788592537.569390,34680,08d0,12,E3 4B 56 42 AC 71 07 42 14 04 8C 42
1788592537.579988,34680,08d1,12,F1 A6 80 42 64 A0 30 42 F9 64 8F 42
1788592537.590624,34680,08d2,12,C7 BF 7F 42 41 0F 40 42 7D 90 99 42
1788592537.601217,34680,08d3,12,F9 AB 8A 42 CC 94 5A 42 81 6E 99 42
1788592537.611752,34680,08d4,12,FE CF 8F 42 9A 48 72 42 00 5E 9C 42
1788592537.622411,34680,08d5,12,C1 2D 95 42 C0 BA 87 42 9C 63 97 42
1788592537.633029,34680,08d6,12,EC 32 A1 42 D4 53 8E 42 E3 51 9C 42
1788592537.643786,34680,08d7,12,5F 7C A8 42 DC 4A 9B 42 43 01 9E 42
1788592537.654634,34680,08d8,12,52 A0 B3 42 40 12 95 42 AB B7 A2 42
1788592537.665174,34680,08d9,12,77 1D BB 42 67 A2 9E 42 C4 18 A0 42
1788592537.675785,34680,08da,12,4E 27 C6 42 21 8A 9C 42 7B EF 9D 42
1788592537.686265,34680,08db,12,01 35 D5 42 10 49 A1 42 CD 07 A4 42
1788592537.696814,34680,08dc,12,D7 75 D7 42 5A 15 9D 42 0F 51 AF 42
1788592537.707500,34680,08dd,12,E7 3D E7 42 D7 2C 92 42 57 4A AD 42
1788592537.718078,34680,08de,12,9E B2 EB 42 6F C3 89 42 F8 50 AD 42
1788592537.728621,34680,08df,12,06 32 F1 42 0A 3D 84 42 BA 1F B2 42
1788592537.739150,34680,08e0,12,66 98 01 43 48 D7 71 42 5F 97 AB 42
1788592537.749666,34680,08e1,12,80 5D 03 43 7B 26 5C 42 54 52 AE 42
1788592537.760708,34680,08e2,12,64 F0 06 43 14 AF 34 42 09 C3 B7 42
1788592537.771105,34680,08e3,12,68 0F 08 43 D9 BB 2C 42 A5 3A B5 42
1788592537.781736,34680,08e4,12,4D B1 10 43 70 F1 18 42 86 D9 B6 42
1788592537.792314,34680,08e5,12,E6 6E 11 43 91 1D EC 41 8A DA B6 42
1788592537.802853,34680,08e6,12,76 86 12 43 3F C9 CB 41 C7 BF B5 42
1788592537.813349,34680,08e7,12,82 62 11 43 31 CE D3 41 45 EE BA 42
1788592537.823907,34680,08e8,12,C3 FC 14 43 0F 28 AD 41 FB 73 C5 42
1788592537.834605,34680,08e9,12,2F 75 13 43 EF F1 A6 41 73 7F B9 42
1788592537.845307,34680,08ea,12,16 79 15 43 AF 34 B3 41 E1 32 BF 42
1788592537.855785,34680,08eb,12,52 94 16 43 99 F6 9C 41 D7 64 BF 42
1788592537.866286,34680,08ec,12,EC 57 14 43 03 01 C7 41 8B DE CE 42
1788592537.876976,34680,08ed,12,E6 97 14 43 58 FA C3 41 70 95 CC 42
1788592537.887414,34680,08ee,12,02 B0 0E 43 CB 82 FA 41 39 47 D0 42
1788592537.897908,34680,08ef,12,D8 B9 0C 43 85 7A 17 42 61 83 CD 42
1788592537.908374,34680,08f0,12,B7 B4 06 43 23 7E 34 42 44 86 D3 42
1788592537.918953,34680,08f1,12,F3 CF 04 43 8A FB 3C 42 18 81 CF 42
1788592537.929525,34680,08f2,12,CD 27 09 43 FC 65 4C 42 99 BF D9 42
1788592537.940027,34680,08f3,12,7F 07 01 43 41 55 6A 42 62 62 D9 42
1788592537.950896,34680,08f4,12,0B 30 FF 42 3E 72 78 42 AF 10 D3 42
1788592537.961994,34680,08f5,12,67 62 F1 42 13 0B 91 42 00 D9 D7 42
1788592537.972522,34680,08f6,12,69 D8 E7 42 92 A2 95 42 47 72 DC 42
1788592537.983006,34680,08f7,12,69 79 DE 42 22 08 9B 42 80 0F E1 42
1788592537.993539,34680,08f8,12,B3 B0 D7 42 E5 1C 9E 42 F1 C5 DC 42
1788592538.005425,34680,08f9,12,FB 6B CD 42 BD 60 9E 42 EA 74 DF 42
1788592538.015945,34680,08fa,12,F4 E4 C0 42 26 3B 97 42 0A C0 E3 42
1788592538.026460,34680,08fb,12,BC E7 B5 42 63 5E 9C 42 A6 3C E6 42
1788592538.036949,34680,08fc,12,54 CA AE 42 4B EE 93 42 F0 EA E4 42
1788592538.047443,34680,08fd,12,F7 47 A1 42 25 C3 8E 42 43 F8 EA 42
1788592538.058052,34680,08fe,12,D2 10 9B 42 1F CA 89 42 70 A9 ED 42
1788592538.068984,34680,08ff,12,97 F0 8C 42 CB 2A 87 42 3F 08 ED 42
1788592538.079467,34680,0900,12,ED 78 8C 42 18 F3 5A 42 00 4C A5 41
1788592538.090057,34680,0901,12,AB 0B 85 42 29 D5 4C 42 2D 72 A7 41
1788592538.100745,34680,0902,12,A3 C0 74 42 E0 49 26 42 F3 4D AB 41
1788592538.112317,34680,0903,12,E8 C0 62 42 BB AB 1D 42 9D 6C 9B 41
1788592538.122969,34680,0904,12,98 0A 73 42 6F 42 10 42 9A 90 C5 41
1788592538.133642,34680,0905,12,1F 06 4E 42 47 D7 DF 41 F2 8E CF 41
1788592538.144167,34680,0906,12,26 C3 57 42 66 01 D8 41 24 D1 B4 41
1788592538.155416,34680,0907,12,CD 09 41 42 81 F7 C6 41 2C 28 F7 41
1788592538.166040,34680,0908,12,6F 6D 40 42 B7 B4 9B 41 4C 77 CB 41
1788592538.176473,34680,0909,12,BD A0 47 42 3E 6E 9C 41 84 A2 F1 41
1788592538.186965,34680,090a,12,D1 56 3B 42 E2 66 96 41 DF 5F F0 41
1788592538.197582,34680,090b,12,6E A2 41 42 E0 4B BF 41 2C DD F4 41
1788592538.208330,34680,090c,12,FD 67 4B 42 02 38 AF 41 92 7C F3 41
1788592538.218941,34680,090d,12,7F 5F 55 42 2D 86 F8 41 D7 6F 0B 42
1788592538.229397,34680,090e,12,7C 72 5C 42 B6 9E 03 42 75 C4 05 42
1788592538.239945,34680,090f,12,79 62 68 42 AE AC 22 42 3F AA 05 42
1788592538.250421,34680,0910,12,7E 2D 6C 42 60 A8 38 42 F4 22 02 42
1788592538.261681,34680,0911,12,F8 CA 80 42 43 38 51 42 08 A2 19 42
1788592538.272387,34680,0912,12,B8 FE 88 42 8C 14 67 42 FB B7 1E 42
1788592538.282954,34680,0913,12,22 C2 8B 42 FF 4D 78 42 6A EB 1F 42
1788592538.293484,34680,0914,12,C4 0C 99 42 B8 5C 88 42 3E 81 28 42
1788592538.304082,34680,0915,12,58 BB A1 42 41 C2 8E 42 CE 65 2C 42
1788592538.315106,34680,0916,12,12 CF A9 42 82 EF 9B 42 12 37 28 42
1788592538.325155,34680,0917,12,41 CE B9 42 79 FB 9A 42 6B F8 2D 42
1788592538.335744,34680,0918,12,E9 CE BE 42 DA 4D A3 42 16 C6 35 42
1788592538.346171,34680,0919,12,EB B6 CD 42 BC 64 A1 42 F8 ED 36 42
1788592538.356857,34680,091a,12,B2 FF C9 42 D3 B0 9C 42 73 69 45 42
1788592538.368016,34680,091b,12,72 48 DE 42 C6 D4 96 42 35 3C 32 42
1788592538.379027,34680,091c,12,DC 04 E7 42 9F 0D 99 42 F5 7C 38 42
1788592538.389610,34680,091d,12,25 0C F0 42 8B 21 8B 42 6A D8 4B 42
1788592538.400170,34680,091e,12,80 19 F8 42 90 72 8B 42 60 E1 49 42
1788592538.410718,34680,091f,12,1D ED 01 43 8D 8E 72 42 A8 BC 5D 42
1788592538.421283,34680,0920,12,EC 4A 02 43 5E 35 5B 42 22 8A 5D 42
1788592538.432040,34680,0921,12,B0 E6 09 43 28 54 3A 42 E1 C3 58 42
1788592538.442641,34680,0922,12,1C 40 0A 43 25 57 1D 42 BA B1 5D 42
1788592538.453322,34680,0923,12,9B F8 0E 43 5E 2F 18 42 3E 93 59 42
1788592538.463867,34680,0924,12,AE 87 12 43 13 23 F7 41 87 EB 5F 42
1788592538.474458,34680,0925,12,6D 01 11 43 43 20 C9 41 84 C2 6C 42
1788592538.485012,34680,0926,12,01 84 14 43 09 9C BC 41 4C D7 6D 42
1788592538.495533,34680,0927,12,AC 88 15 43 C2 F2 B9 41 C3 30 6C 42
1788592538.506242,34680,0928,12,3A 24 18 43 99 7A 9B 41 F8 3E 6A 42
1788592538.516736,34680,0929,12,10 D2 17 43 A5 51 A7 41 FD 60 72 42
1788592538.527284,34680,092a,12,35 1C 16 43 2D 56 CB 41 8C 89 7D 42
1788592538.537811,34680,092b,12,88 C4 13 43 6B 75 B9 41 CC BB 7A 42
1788592538.548636,34680,092c,12,90 EB 12 43 95 C1 DF 41 92 E2 85 42
1788592538.559117,34680,092d,12,AD C3 15 43 34 9D F8 41 F6 39 7C 42
1788592538.569566,34680,092e,12,E0 C3 0E 43 62 30 09 42 3F C1 89 42
1788592538.580079,34680,092f,12,9D CC 0B 43 12 7A 26 42 98 B6 7E 42
1788592538.590689,34680,0930,12,59 99 0A 43 83 66 41 42 DA 00 91 42
1788592538.601097,34680,0931,12,79 A0 05 43 99 E7 57 42 66 63 82 42
1788592538.611633,34680,0932,12,8C 80 F8 42 B6 31 71 42 09 F5 8D 42
1788592538.622250,34680,0933,12,6D E4 F5 42 64 CA 89 42 92 79 93 42
1788592538.632850,34680,0934,12,45 97 F1 42 0F D2 89 42 CA A9 8D 42
1788592538.643426,34680,0935,12,AA 03 E8 42 ED 36 99 42 BD 3C 95 42
1788592538.654103,34680,0936,12,66 28 E5 42 61 B3 9E 42 B9 7E 97 42
1788592538.664786,34680,0937,12,27 28 D4 42 CC 9D 9A 42 DA D9 97 42
1788592538.676099,34680,0938,12,4C B7 C6 42 FB DE 9D 42 7B EE 9C 42
1788592538.686627,34680,0939,12,7A 96 C1 42 DD 57 A7 42 AC 2C 9B 42
1788592538.697234,34680,093a,12,03 71 BA 42 11 F0 96 42 57 4C 9B 42
1788592538.707974,34680,093b,12,A3 4C B2 42 6A 5F 91 42 21 8E 9D 42
1788592538.718442,34680,093c,12,9E C6 A6 42 CD 24 8F 42 C7 F2 A5 42
1788592538.728949,34680,093d,12,CB BA 9A 42 3B F2 83 42 17 00 9A 42
1788592538.739576,34680,093e,12,14 1E 90 42 C1 6C 6F 42 24 1B A1 42
1788592538.750245,34680,093f,12,DA E2 83 42 AD 9C 70 42 37 C6 A0 42
1788592538.760834,34680,0940,12,69 DD 83 42 41 15 50 42 FA 0D AC 42
1788592538.771381,34680,0941,12,2E 5C 6E 42 FA 3E 2E 42 3C 28 AC 42
1788592538.782113,34680,0942,12,B4 9C 6E 42 A4 72 21 42 57 8A AE 42
1788592538.792807,34680,0943,12,E8 E0 5C 42 A1 EF FA 41 C7 09 B3 42
1788592538.803457,34680,0944,12,A1 3D 5D 42 85 E8 FB 41 5C DB B0 42
1788592538.814126,34680,0945,12,8C 9C 4B 42 C2 03 CF 41 E4 E0 B0 42
1788592538.824888,34680,0946,12,F0 F2 4A 42 BF E7 C2 41 CF D2 B7 42
1788592538.835391,34680,0947,12,D5 5D 49 42 B2 57 A1 41 4D 8B B9 42
1788592538.846002,34680,0948,12,E1 5E 54 42 76 0C 99 41 48 9D B4 42
1788592538.856619,34680,0949,12,D3 AD 54 42 80 F3 99 41 C4 D9 B5 42
1788592538.867220,34680,094a,12,97 31 48 42 44 82 96 41 12 4B C0 42
1788592538.877777,34680,094b,12,11 DD 54 42 54 EB DD 41 FA E5 BF 42
1788592538.888456,34680,094c,12,1D 04 4F 42 DC FA D4 41 EE 29 BD 42
1788592538.899326,34680,094d,12,42 62 61 42 1C 87 F9 41 F2 20 C0 42
1788592538.909863,34680,094e,12,CF 42 63 42 49 88 26 42 ED DB BA 42
1788592538.920563,34680,094f,12,6C EE 77 42 06 B7 34 42 B9 CF C0 42
1788592538.956741,34680,0950,12,53 A3 88 42 34 9F 4A 42 EC FD CA 42
1788592538.967631,34680,0951,12,23 BC 8D 42 65 FD 63 42 FD 26 C8 42
1788592538.979055,34680,0952,12,1D B1 8E 42 C7 77 81 42 91 58 CE 42
1788592538.989678,34680,0953,12,BF 82 A0 42 42 34 8B 42 EE DC CA 42
1788592539.000429,34680,0954,12,A8 89 A4 42 BE 35 8E 42 35 F2 CF 42
1788592539.010848,34680,0955,12,8D 77 AE 42 F1 0A A1 42 62 B3 D1 42
1788592539.021480,34680,0956,12,5D 0C BA 42 A8 05 9C 42 B5 C3 D1 42
1788592539.032046,34680,0957,12,05 DD C0 42 EB 0A A5 42 53 9E D6 42
1788592539.042673,34680,0958,12,C5 6D CE 42 99 D4 A2 42 F4 E4 D4 42
1788592539.053227,34680,0959,12,E5 76 D9 42 B0 80 9F 42 55 9D D6 42
1788592539.063845,34680,095a,12,8D 74 E0 42 18 55 9C 42 86 76 DD 42
1788592539.074893,34680,095b,12,49 E7 E9 42 E0 22 90 42 08 63 D9 42
1788592539.085495,34680,095c,12,76 2B EF 42 11 47 86 42 FC C7 E0 42
1788592539.096145,34680,095d,12,50 9D FA 42 2C 93 7C 42 34 9B E6 42
1788592539.106675,34680,095e,12,DF 76 05 43 D3 40 5D 42 6C 4A E7 42
1788592539.117187,34680,095f,12,5C 15 06 43 73 26 53 42 AE 65 EA 42
1788592539.127815,34680,0960,12,F2 CE 0A 43 55 8F 3B 42 B2 68 EA 42
1788592539.138487,34680,0961,12,56 20 0C 43 E5 F9 30 42 B2 CF E1 42
1788592539.149056,34680,0962,12,95 4A 0A 43 31 11 18 42 0A D0 EC 42
1788592539.159615,34680,0963,12,53 DA 13 43 C6 F5 FC 41 4E 82 EB 42
1788592539.170337,34680,0964,12,F2 73 12 43 3B CE D5 41 7E A5 9E 41
1788592539.181079,34680,0965,12,F6 D9 15 43 10 94 C1 41 39 BB BE 41
1788592539.191738,34680,0966,12,43 9F 12 43 B5 24 AC 41 F0 2D AC 41
1788592539.202357,34680,0967,12,E1 20 17 43 71 88 A9 41 C9 38 CC 41
1788592539.213120,34680,0968,12,A1 34 13 43 4B 6B 99 41 13 9A E1 41
1788592539.223735,34680,0969,12,E9 47 16 43 8C 60 AB 41 6F 68 B6 41
1788592539.234595,34680,096a,12,7E 7C 16 43 57 69 9B 41 BF 82 C2 41
1788592539.245214,34680,096b,12,CE 08 11 43 B1 E6 E6 41 BA 47 BC 41
1788592539.255795,34680,096c,12,8F 58 12 43 D9 BB EC 41 BF 14 E2 41
1788592539.266346,34680,096d,12,0A AC 0F 43 21 4F 12 42 9C A6 EA 41
1788592539.276845,34680,096e,12,AC 69 0F 43 6F B8 2A 42 7E 0E F3 41
1788592539.287696,34680,096f,12,D6 53 07 43 51 28 4B 42 74 EE 07 42
1788592539.298347,34680,0970,12,B0 77 01 43 AA 1A 60 42 E0 29 F6 41
1788592539.308896,34680,0971,12,91 7F 00 43 4C 1A 78 42 0E 12 01 42
1788592539.319537,34680,0972,12,B4 8B FC 42 3B F2 83 42 73 32 FA 41
1788592539.330304,34680,0973,12,23 6A F2 42 6D 46 8E 42 D0 E4 01 42
1788592539.340814,34680,0974,12,25 FB E4 42 D0 A9 98 42 A3 75 18 42
1788592539.351383,34680,0975,12,7D A9 DE 42 BC 20 97 42 4E 94 1D 42
1788592539.361945,34680,0976,12,E6 85 C9 42 76 F6 A4 42 78 A2 18 42
1788592539.372751,34680,0977,12,6E 63 C4 42 87 60 9B 42 2E E8 1D 42
1788592539.383193,34680,0978,12,03 FB C2 42 20 01 9B 42 9F 8D 14 42
1788592539.394140,34680,0979,12,A8 70 B8 42 BF FD 98 42 FA 41 23 42
1788592539.404787,34680,097a,12,15 BB AE 42 A8 9E 97 42 80 49 21 42
1788592539.415370,34680,097b,12,68 37 A0 42 0C 69 93 42 72 BC 2C 42
1788592539.426109,34680,097c,12,25 23 9D 42 59 7A 84 42 25 67 40 42
1788592539.436689,34680,097d,12,5D 52 8D 42 4E 67 64 42 58 7C 33 42
1788592539.447301,34680,097e,12,74 00 8F 42 DA 44 5F 42 39 E1 40 42
1788592539.458486,34680,097f,12,92 DE 79 42 96 59 36 42 26 90 3B 42
1788592539.468949,34680,0980,12,DB 84 6B 42 81 19 2A 42 79 C7 3A 42
1788592539.479716,34680,0981,12,63 F5 64 42 F8 EF 13 42 DE BE 3D 42
1788592539.490341,34680,0982,12,64 C4 53 42 14 15 F6 41 BD B0 43 42
1788592539.500893,34680,0983,12,00 54 4F 42 14 DD DF 41 80 D1 3D 42
1788592539.511577,34680,0984,12,0D C2 4F 42 D4 02 E6 41 E5 5A 53 42
1788592539.522601,34680,0985,12,B7 11 57 42 E2 0D A7 41 EA 1A 53 42
1788592539.533347,34680,0986,12,7A 70 47 42 F4 3A 90 41 FE 40 52 42
1788592539.543704,34680,0987,12,6C 46 4A 42 C9 25 8E 41 4D E8 5F 42
1788592539.554284,34680,0988,12,3B 83 50 42 ED 6C A6 41 F3 6A 59 42
1788592539.564671,34680,0989,12,AF 05 49 42 76 B3 AA 41 D6 A6 56 42
1788592539.575290,34680,098a,12,32 9F 4B 42 32 47 EC 41 AD F0 6C 42
1788592539.585768,34680,098b,12,61 10 66 42 DC E2 F8 41 E4 69 75 42
1788592539.596257,34680,098c,12,3B 04 58 42 65 B9 12 42 0A 81 6E 42
1788592539.606999,34680,098d,12,15 D4 72 42 02 DD 23 42 0E 0D 78 42
1788592539.617438,34680,098e,12,83 F7 74 42 CE 1A 32 42 8C C1 6F 42
1788592539.628189,34680,098f,12,07 32 84 42 58 AB 4B 42 89 BF 77 42
1788592539.638718,34680,0990,12,1B 62 8B 42 C3 79 60 42 98 83 88 42
1788592539.649276,34680,0991,12,CB D8 94 42 DC DC 81 42 16 C7 87 42
1788592539.659645,34680,0992,12,59 70 9F 42 6B DB 87 42 D5 7E 84 42
1788592539.670115,34680,0993,12,28 67 AB 42 20 5A 98 42 DD DF 87 42
1788592539.680722,34680,0994,12,2A 7D B0 42 E2 7A 93 42 04 FD 82 42
1788592539.691301,34680,0995,12,A6 FD B0 42 F0 50 A4 42 10 A1 85 42
1788592539.702003,34680,0996,12,D0 4B C4 42 D3 B3 A2 42 38 CC 8B 42
1788592539.712607,34680,0997,12,95 50 C9 42 A3 57 9E 42 EA 95 90 42
1788592539.723177,34680,0998,12,C9 E0 D3 42 7E C3 A3 42 20 18 8F 42
1788592539.734074,34680,0999,12,6A 55 E1 42 9A 12 9F 42 10 6F 93 42
1788592539.744468,34680,099a,12,06 14 EE 42 59 CA 8B 42 68 7D 92 42
1788592539.755113,34680,099b,12,5D 12 F5 42 E1 BA 87 42 98 3C 98 42
1788592539.765871,34680,099c,12,AE 30 F8 42 DF 6F 86 42 F2 DC 93 42
1788592539.776433,34680,099d,12,BD 59 02 43 88 78 5B 42 3C 0C 95 42
1788592539.787001,34680,099e,12,C6 54 07 43 FE E8 4D 42 09 0C A5 42
1788592539.797541,34680,099f,12,4F 93 0A 43 50 23 31 42 E5 60 98 42
1788592539.808108,34680,09a0,12,E5 45 0D 43 87 F1 25 42 EB 8D AA 42
1788592539.818651,34680,09a1,12,9B 7B 0D 43 42 7A 0E 42 1A 75 9F 42
1788592539.829484,34680,09a2,12,4D 9F 14 43 8E DB CB 41 93 51 A0 42
1788592539.840173,34680,09a3,12,19 36 10 43 CF AB C1 41 29 66 AA 42
1788592539.850927,34680,09a4,12,CC FF 11 43 95 30 B8 41 9B 98 A3 42
1788592539.861474,34680,09a5,12,A9 5F 15 43 13 F0 A2 41 A3 31 AB 42
1788592539.872197,34680,09a6,12,88 A5 15 43 01 9D 94 41 2F 3A AB 42
1788592539.882911,34680,09a7,12,40 87 15 43 90 72 8C 41 68 FC B1 42
1788592539.893574,34680,09a8,12,D2 F2 14 43 18 42 AE 41 23 7E AD 42
1788592539.904174,34680,09a9,12,A4 1C 14 43 48 77 E7 41 C6 C6 B5 42
1788592539.914795,34680,09aa,12,93 43 10 43 96 6B E2 41 DF 03 B6 42
1788592539.925441,34680,09ab,12,F9 98 11 43 95 9C 04 42 57 8F BD 42
1788592539.936015,34680,09ac,12,DA 1C 0C 43 C4 29 11 42 88 9E B2 42
1788592539.946599,34680,09ad,12,38 9F 0D 43 D3 AD 2E 42 ED 78 B8 42
1788592539.957248,34680,09ae,12,DA 8C 06 43 FC CC 53 42 B5 C2 B9 42
1788592539.967861,34680,09af,12,45 9B 03 43 89 AF 57 42 1A CC BB 42
1788592539.978422,34680,09b0,12,DC 80 03 43 FE E8 7C 42 6A E8 BE 42
1788592539.988992,34680,09b1,12,76 A2 F6 42 1F 16 8C 42 C7 93 C6 42
1788592539.999770,34680,09b2,12,94 29 E5 42 18 06 93 42 33 90 C2 42
1788592540.010271,34680,09b3,12,CB EC DE 42 CF BB 99 42 EB 41 C8 42
1788592540.020981,34680,09b4,12,03 F3 D7 42 E4 55 98 42 45 6C C5 42
1788592540.031525,34680,09b5,12,A8 0E D1 42 1A 76 99 42 80 DB C8 42
1788592540.042119,34680,09b6,12,DB EF CA 42 D8 B0 9B 42 13 CD D2 42
1788592540.052814,34680,09b7,12,C3 4B B9 42 5B FB A2 42 BF 86 CE 42
1788592540.063339,34680,09b8,12,4F 7A B9 42 D7 A0 A1 42 20 BC D1 42
1788592540.074112,34680,09b9,12,9E 5B A7 42 3C 98 93 42 16 34 D3 42
1788592540.084760,34680,09ba,12,49 87 A0 42 BC 58 90 42 94 C8 D2 42
1788592540.095476,34680,09bb,12,3F 91 94 42 1A 4B 7B 42 B4 6B CF 42
1788592540.106259,34680,09bc,12,34 BF 90 42 81 96 64 42 46 46 D7 42
1788592540.116889,34680,09bd,12,A2 91 89 42 98 96 51 42 5C 68 DD 42
1788592540.127418,34680,09be,12,C6 23 7D 42 8A AA 3D 42 96 BA E0 42
1788592540.138121,34680,09bf,12,24 C8 7C 42 AC E6 25 42 D7 2D DC 42
1788592540.148683,34680,09c0,12,50 78 66 42 4A A2 0D 42 9F AA D9 42
1788592540.159258,34680,09c1,12,C4 15 60 42 0B A5 03 42 F6 64 E2 42
1788592540.169915,34680,09c2,12,BA 8C 56 42 25 43 F2 41 DD 5A E1 42
1788592540.180500,34680,09c3,12,04 AA 4D 42 86 0E B8 41 3C FE E4 42
1788592540.191103,34680,09c4,12,E4 2F 4D 42 E2 3A BC 41 2A B1 E8 42
1788592540.201819,34680,09c5,12,AE 70 45 42 48 E3 96 41 82 DB EB 42
1788592540.212522,34680,09c6,12,CB 84 4E 42 32 5B 71 41 80 49 F0 42
1788592540.223167,34680,09c7,12,5F D2 48 42 B1 76 97 41 B6 BB EF 42
1788592540.233957,34680,09c8,12,DC 18 4F 42 1C CE B7 41 06 FA A4 41
1788592540.244628,34680,09c9,12,40 53 57 42 C8 D3 CC 41 D2 87 B5 41
1788592540.255215,34680,09ca,12,1F E0 52 42 49 39 F7 41 7A 14 D6 41
1788592540.265733,34680,09cb,12,11 29 56 42 EE 90 11 42 38 23 DD 41
1788592540.276492,34680,09cc,12,B3 4A 73 42 A0 63 25 42 35 88 A4 41
1788592540.286992,34680,09cd,12,E4 8C 78 42 D7 0B 3A 42 1C 66 C9 41
1788592540.297539,34680,09ce,12,3A 29 87 42 4B FE 62 42 9A 6E D0 41
1788592540.307941,34680,09cf,12,CF 68 8A 42 CA 24 78 42 9E E6 EB 41
1788592540.318400,34680,09d0,12,2F D8 8F 42 11 24 7E 42 38 E8 F2 41
1788592540.328922,34680,09d1,12,73 6D 9F 42 DE 21 8C 42 7F 16 E7 41
1788592540.339432,34680,09d2,12,E6 F6 A7 42 9E 8D 91 42 B2 CB F5 41
1788592540.349949,34680,09d3,12,47 C0 BA 42 E8 10 9C 42 36 B3 F0 41
1788592540.360536,34680,09d4,12,DB 4B B2 42 F1 DC 96 42 81 B7 03 42
1788592540.371105,34680,09d5,12,35 C1 C2 42 1D 01 A0 42 0E 4E 0E 42
1788592540.381678,34680,09d6,12,55 50 D7 42 7A 67 A1 42 87 20 0A 42
1788592540.392623,34680,09d7,12,FB 00 E3 42 7B 0D 99 42 8E 8E 05 42
1788592540.403135,34680,09d8,12,6B 41 E5 42 C7 75 95 42 32 4E 18 42
1788592540.413653,34680,09d9,12,23 DD ED 42 11 E9 8A 42 71 15 08 42
1788592540.424277,34680,09da,12,94 7C F3 42 D3 23 8B 42 54 F3 1F 42
1788592540.434749,34680,09db,12,24 1A FC 42 23 49 77 42 DB 26 24 42
1788592540.445313,34680,09dc,12,D4 2A 05 43 D0 80 61 42 57 C1 32 42
1788592540.456033,34680,09dd,12,00 A0 07 43 10 F8 3F 42 CF 69 22 42
1788592540.466736,34680,09de,12,E7 2F 09 43 E7 74 3B 42 5E 9C 26 42
1788592540.477351,34680,09df,12,02 97 11 43 13 7F 0C 42 EA 63 2C 42
1788592540.487835,34680,09e0,12,88 FB 10 43 AA 93 0A 42 FD 84 31 42
1788592540.498408,34680,09e1,12,7A 34 11 43 53 1A D2 41 D2 DD 37 42
1788592540.509003,34680,09e2,12,36 8D 14 43 E6 FC C9 41 91 EC 3F 42
1788592540.519612,34680,09e3,12,DE 4F 18 43 FF 74 CB 41 68 11 39 42
1788592540.530238,34680,09e4,12,6F 25 1A 43 F7 31 C1 41 C9 DC 3A 42
1788592540.540912,34680,09e5,12,AB D0 16 43 8B 3B 7A 41 72 9E 53 42
1788592540.551529,34680,09e6,12,3E DA 15 43 AA 5F B5 41 74 AC 49 42
1788592540.562294,34680,09e7,12,20 93 11 43 4F 74 AB 41 5B 1C 4A 42
1788592540.572894,34680,09e8,12,8A 16 12 43 6C 01 B5 41 08 CC 58 42
1788592540.583470,34680,09e9,12,9B 04 11 43 F9 EE E1 41 D5 74 54 42
1788592540.594030,34680,09ea,12,05 DA 0E 43 99 E3 0D 42 4C 62 61 42
1788592540.604571,34680,09eb,12,D1 92 0D 43 C3 B3 17 42 BE 13 55 42
1788592540.615194,34680,09ec,12,A8 05 09 43 80 CF 23 42 BD A7 54 42
1788592540.625654,34680,09ed,12,B6 8E 06 43 1A E4 41 42 72 68 57 42
1788592540.636261,34680,09ee,12,EF B1 03 43 BA 1C 6A 42 F5 CF 57 42
1788592540.646846,34680,09ef,12,47 17 FD 42 42 58 74 42 EF C5 6A 42
1788592540.657543,34680,09f0,12,F5 A9 F4 42 10 4F 81 42 99 B5 72 42
1788592540.668143,34680,09f1,12,5C D7 E7 42 8B CA 8B 42 56 BE 73 42
1788592540.678734,34680,09f2,12,C7 37 E2 42 8A 88 98 42 57 92 74 42
1788592540.689232,34680,09f3,12,6F 1C DE 42 2A 1A 9D 42 97 54 83 42
1788592540.700252,34680,09f4,12,C6 D8 CC 42 51 CF 97 42 AE 90 71 42
1788592540.710723,34680,09f5,12,0A D1 C2 42 7D 45 9E 42 3E E6 81 42
1788592540.721288,34680,09f6,12,9B C1 BE 42 88 C2 98 42 4A 2D 89 42
1788592540.732123,34680,09f7,12,13 E3 B6 42 19 55 94 42 24 A6 8B 42
1788592540.743051,34680,09f8,12,FC DE A6 42 26 A7 8D 42 04 BC 84 42
1788592540.753627,34680,09f9,12,20 08 9F 42 09 56 86 42 68 CA 90 42
1788592540.764019,34680,09fa,12,4E 0D 93 42 F7 7C 81 42 E2 C8 8E 42
1788592540.774713,34680,09fb,12,C9 6C 8B 42 07 3E 6D 42 B9 7E 89 42
1788592540.785429,34680,09fc,12,E6 F0 7D 42 B7 40 5A 42 2D A2 94 42
1788592540.796613,34680,09fd,12,B1 BB 82 42 95 C4 3A 42 5E 2B 92 42
1788592540.807270,34680,09fe,12,2A 05 69 42 92 40 21 42 2C D0 90 42
1788592540.817800,34680,09ff,12,90 25 6E 42 A9 5A 1A 42 84 A8 9D 42
1788592540.828487,34680,0a00,12,1D 9E 54 42 B1 E8 00 42 BC 82 97 42
1788592540.839023,34680,0a01,12,C4 EE 58 42 49 9F D8 41 19 1B 99 42
1788592540.849514,34680,0a02,12,41 A7 4A 42 93 B7 CB 41 EB DA A0 42
1788592540.860078,34680,0a03,12,76 C7 42 42 5E 2E A5 41 2B 21 A0 42
1788592540.870803,34680,0a04,12,B6 88 40 42 BF D4 9B 41 25 07 A4 42
1788592540.881803,34680,0a05,12,3C 14 45 42 77 D3 8E 41 E0 91 A2 42
1788592540.892384,34680,0a06,12,1C 0D 4F 42 34 8E C0 41 00 CB 9E 42
1788592540.902904,34680,0a07,12,9E 52 49 42 8B 55 C4 41 F6 7A A8 42
1788592540.913439,34680,0a08,12,4B 8F 52 42 1B 8B DF 41 8A 5B A4 42
1788592540.923994,34680,0a09,12,C4 CC 5C 42 D3 65 04 42 28 26 A8 42
1788592540.934637,34680,0a0a,12,0A 87 5E 42 B2 9C 0F 42 63 DD A7 42
1788592540.945196,34680,0a0b,12,10 20 6B 42 BA D0 24 42 E6 30 B1 42
1788592540.955877,34680,0a0c,12,E7 91 77 42 BB 6F 3F 42 3C 9E AA 42
1788592540.966427,34680,0a0d,12,7B 32 8F 42 5C FD 5A 42 EE 46 AB 42
1788592540.977444,34680,0a0e,12,B7 48 91 42 EB 53 75 42 7B 37 B7 42
1788592540.987985,34680,0a0f,12,BA 2E 93 42 AD 74 75 42 A0 45 BD 42
1788592540.998773,34680,0a10,12,41 7D 9F 42 6E 95 8E 42 D8 84 B6 42
1788592541.009135,34680,0a11,12,F1 61 AE 42 1D 3F 92 42 C5 79 B8 42
1788592541.019750,34680,0a12,12,0C FD B6 42 B3 21 96 42 25 4D BA 42
1788592541.030301,34680,0a13,12,93 3A B9 42 77 98 9C 42 16 AF BE 42
1788592541.042040,34680,0a14,12,DA F9 CA 42 E4 7B A3 42 A5 23 BA 42
1788592541.052587,34680,0a15,12,61 94 D1 42 DC 3B 9A 42 81 CC BF 42
1788592541.063059,34680,0a16,12,B8 1E DD 42 8F 4E A1 42 9C 3E C0 42
1788592541.073604,34680,0a17,12,11 B9 E9 42 46 21 91 42 E0 AF C1 42
1788592541.084136,34680,0a18,12,CC EF F0 42 DF CD 94 42 CC E3 C6 42
1788592541.094743,34680,0a19,12,30 9E FD 42 5E E7 84 42 17 5B C7 42
1788592541.105317,34680,0a1a,12,B0 CF F6 42 A2 2B 77 42 2D E5 CD 42
1788592541.115765,34680,0a1b,12,A9 DC 05 43 25 A1 5F 42 6D F8 CE 42
1788592541.126269,34680,0a1c,12,60 36 0D 43 B2 26 4C 42 63 3D CD 42
1788592541.136964,34680,0a1d,12,2F F0 0D 43 F2 8E 1D 42 0D 26 D6 42
1788592541.148472,34680,0a1e,12,A4 B0 0B 43 AF 4C 1D 42 EF D0 D0 42
1788592541.158884,34680,0a1f,12,56 7A 0F 43 1E A7 00 42 2B BE D3 42
1788592541.169693,34680,0a20,12,2D 3C 12 43 C6 4F BE 41 03 39 D5 42
1788592541.180559,34680,0a21,12,14 6A 11 43 2C 98 D6 41 FA C2 D7 42
1788592541.191045,34680,0a22,12,95 C5 15 43 3F F3 B0 41 85 1E DD 42
1788592541.201969,34680,0a23,12,66 E3 17 43 92 52 A5 41 F9 7B DD 42
1788592541.212574,34680,0a24,12,FF A7 16 43 B8 B0 90 41 15 A1 DE 42
1788592541.223070,34680,0a25,12,C9 07 15 43 92 9C AD 41 98 54 E4 42
1788592541.233686,34680,0a26,12,97 57 15 43 69 6F BB 41 55 80 E2 42
1788592541.244188,34680,0a27,12,38 05 14 43 EA 37 D6 41 4D 35 E3 42
1788592541.255437,34680,0a28,12,8B 8D 14 43 A1 CE FC 41 65 D9 ED 42
1788592541.266012,34680,0a29,12,FC 7D 0F 43 BB 28 0A 42 9D 48 EE 42
1788592541.276768,34680,0a2a,12,B8 24 0B 43 2D 39 2A 42 F8 CA F0 42
1788592541.287339,34680,0a2b,12,7D B6 09 43 F4 4D 35 42 F6 55 F0 42
1788592541.298005,34680,0a2c,12,91 25 05 43 0B DD 57 42 C6 23 9C 41
1788592541.308740,34680,0a2d,12,D6 60 01 43 87 FB 69 42 86 56 A4 41
1788592541.319454,34680,0a2e,12,65 B2 F7 42 78 B9 71 42 3F A4 BB 41
1788592541.330263,34680,0a2f,12,5B 7B EE 42 E6 E4 87 42 69 49 AC 41
1788592541.340545,34680,0a30,12,57 B0 E7 42 C0 36 8E 42 2B 85 D3 41
1788592541.351227,34680,0a31,12,F6 60 E0 42 DD C1 9B 42 90 29 C7 41
1788592541.361827,34680,0a32,12,63 48 D6 42 E8 D4 9A 42 35 3C D6 41
1788592541.372714,34680,0a33,12,52 07 CC 42 DF F6 9B 42 B8 BC D9 41
1788592541.383352,34680,0a34,12,19 90 C6 42 52 04 AA 42 24 3F E8 41
1788592541.394084,34680,0a35,12,95 B5 B3 42 E9 DA A3 42 DA 70 F8 41
1788592541.404627,34680,0a36,12,3B 22 B0 42 50 72 99 42 90 D2 F3 41
1788592541.415238,34680,0a37,12,9C 72 A9 42 9A D5 8F 42 03 71 FA 41
1788592541.425749,34680,0a38,12,7A 0C A0 42 8E C6 88 42 BD 5E F0 41
1788592541.436207,34680,0a39,12,1B 2F 96 42 EA D0 6F 42 5B A2 01 42
1788592541.446755,34680,0a3a,12,7B 7C 85 42 AE 3E 68 42 15 3F FF 41
1788592541.457356,34680,0a3b,12,23 9C 85 42 BF B5 43 42 1B 89 0D 42
1788592541.467908,34680,0a3c,12,5F B2 84 42 41 90 49 42 4B 31 1B 42
1788592541.478515,34680,0a3d,12,2C D8 6C 42 62 84 18 42 F2 65 23 42
1788592541.489095,34680,0a3e,12,30 1A 57 42 18 73 20 42 DC E1 17 42
1788592541.499703,34680,0a3f,12,D7 62 5D 42 CC 76 FA 41 C5 59 22 42
1788592541.510445,34680,0a40,12,5E E2 51 42 4E 61 C5 41 69 A1 25 42
1788592541.521050,34680,0a41,12,27 7A 46 42 58 FD CB 41 36 FE 22 42
1788592541.531641,34680,0a42,12,88 44 50 42 C8 84 D6 41 F4 46 2D 42
1788592541.541944,34680,0a43,12,98 F9 3F 42 52 32 8B 41 37 AA 23 42
1788592541.552819,34680,0a44,12,3B 2C 54 42 F1 D2 96 41 55 2A 2F 42
1788592541.563205,34680,0a45,12,55 21 50 42 4E F2 C0 41 4B 3F 47 42
1788592541.573747,34680,0a46,12,68 0D 55 42 7E EA 9C 41 75 85 2D 42
1788592541.584333,34680,0a47,12,F0 AE 5C 42 06 2B E7 41 06 DC 33 42
1788592541.595208,34680,0a48,12,88 E1 59 42 DF D7 FC 41 32 9A 39 42
1788592541.605669,34680,0a49,12,3F 95 6B 42 F2 C6 13 42 0A 61 41 42
1788592541.616293,34680,0a4a,12,EC 39 73 42 E9 F5 38 42 7B DB 4E 42
1788592541.626862,34680,0a4b,12,A1 76 83 42 D3 8C 41 42 FB E9 43 42
1788592541.638065,34680,0a4c,12,2B 42 84 42 9C 09 67 42 BC F9 62 42
1788592541.648624,34680,0a4d,12,39 59 8E 42 36 A2 7F 42 D0 9D 5C 42
1788592541.659133,34680,0a4e,12,63 05 98 42 AF 76 87 42 B3 DF 54 42
1788592541.669819,34680,0a4f,12,4D 8B 9F 42 C1 44 8E 42 8A C7 62 42
1788592541.680379,34680,0a50,12,BF 73 A8 42 D8 9F 92 42 BE D4 55 42
1788592541.690882,34680,0a51,12,DF 4D B4 42 3D 64 9A 42 86 6F 67 42
1788592541.701459,34680,0a52,12,22 53 B8 42 82 F5 9F 42 02 22 65 42
1788592541.711950,34680,0a53,12,D1 66 CD 42 E3 E9 A5 42 98 82 6E 42
1788592541.722496,34680,0a54,12,66 E7 D3 42 5A 9B 9C 42 9B 7A 6F 42
1788592541.733032,34680,0a55,12,11 6A DB 42 E6 36 9E 42 5B 36 6F 42
1788592541.743581,34680,0a56,12,EC F4 E0 42 B8 73 95 42 9E F7 7D 42
1788592541.754287,34680,0a57,12,7C DF ED 42 AA C7 93 42 A5 62 85 42
1788592541.765034,34680,0a58,12,1B 63 F9 42 47 5A 8D 42 D8 D8 83 42
1788592541.776333,34680,0a59,12,48 3A 03 43 53 14 78 42 6D E0 85 42
1788592541.786808,34680,0a5a,12,0E 74 05 43 61 80 66 42 B8 9A 86 42
1788592541.797573,34680,0a5b,12,E4 71 0A 43 AA BE 4B 42 3E 16 8D 42
1788592541.808044,34680,0a5c,12,19 3B 0B 43 55 FE 21 42 DD 7E 85 42
1788592541.818548,34680,0a5d,12,8C E1 0E 43 F2 8A 13 42 A0 9F 8C 42
1788592541.829234,34680,0a5e,12,02 B4 13 43 27 DF 00 42 26 2F 90 42
1788592541.839814,34680,0a5f,12,35 44 12 43 49 B1 03 42 AA DC 8C 42
1788592541.850501,34680,0a60,12,73 D2 14 43 EB 1F B9 41 BF 1C 8F 42
1788592541.860890,34680,0a61,12,B9 B7 12 43 F3 D0 A4 41 DE 91 8F 42
1788592541.871506,34680,0a62,12,EE 5E 16 43 45 E8 8C 41 26 16 98 42
1788592541.882107,34680,0a63,12,1B 0E 19 43 87 11 B0 41 1A 12 96 42
1788592541.892444,34680,0a64,12,20 FF 14 43 63 79 A1 41 2E 95 96 42
1788592541.903130,34680,0a65,12,D9 8C 12 43 B4 84 C0 41 EE FB A0 42
1788592541.913867,34680,0a66,12,3F 94 12 43 1C 05 BF 41 71 02 A1 42
1788592541.924425,34680,0a67,12,E2 3B 10 43 29 E9 00 42 33 F7 9F 42
1788592541.935115,34680,0a68,12,98 0A 11 43 CC B4 0E 42 A9 DE A5 42
1788592541.945615,34680,0a69,12,E7 1D 0C 43 B5 1E 1C 42 36 D9 A5 42
1788592541.956148,34680,0a6a,12,A5 41 06 43 3D F3 3D 42 E0 71 A5 42
1788592541.966724,34680,0a6b,12,54 31 06 43 AF 4D 4F 42 C8 AF A4 42
1788592541.977275,34680,0a6c,12,C7 A9 00 43 13 C2 6C 42 6A 6B A7 42
1788592541.987921,34680,0a6d,12,37 9E F5 42 32 3A 85 42 6A B3 A7 42
1788592541.998537,34680,0a6e,12,D9 39 EF 42 11 D0 80 42 8B FE B3 42
1788592542.009254,34680,0a6f,12,9E F6 E3 42 1F A7 91 42 95 D2 AF 42
1788592542.019787,34680,0a70,12,46 99 E0 42 B0 36 97 42 C1 9D AE 42
1788592542.030371,34680,0a71,12,F0 08 D8 42 DC 90 97 42 3A 6B B1 42
1788592542.041198,34680,0a72,12,7F BB D2 42 E4 56 9F 42 C3 3F AD 42
1788592542.051767,34680,0a73,12,C7 FD C6 42 D8 8C 9E 42 46 8F B6 42
1788592542.062490,34680,0a74,12,E3 14 BC 42 DB 49 A3 42 D9 8F BD 42
1788592542.073200,34680,0a75,12,CC 49 B1 42 02 E7 95 42 42 E3 BE 42
1788592542.083694,34680,0a76,12,9A AA A3 42 DB 93 91 42 A0 A6 C4 42
1788592542.094235,34680,0a77,12,23 4E 99 42 8D 08 83 42 6A 7A B7 42
1788592542.104745,34680,0a78,12,0C 86 93 42 FF 7D 7A 42 F8 FE BD 42
1788592542.115256,34680,0a79,12,07 9B 8A 42 01 26 67 42 81 33 C8 42
1788592542.125885,34680,0a7a,12,59 BB 83 42 FC 02 3A 42 DA DB C3 42
1788592542.136443,34680,0a7b,12,1A 70 82 42 85 D2 2F 42 AA E5 BD 42
1788592542.147111,34680,0a7c,12,53 C5 78 42 EC 85 1C 42 E8 82 C9 42
1788592542.157798,34680,0a7d,12,FC E5 63 42 CB 29 04 42 46 78 CC 42
1788592542.168352,34680,0a7e,12,0F 01 5F 42 5D 90 E4 41 EE 56 D6 42
1788592542.178932,34680,0a7f,12,90 E1 4D 42 6D CF BC 41 F7 74 C9 42
1788592542.189465,34680,0a80,12,89 09 57 42 F3 53 AB 41 E2 DB CD 42
1788592542.199982,34680,0a81,12,2C D7 49 42 FF 46 AC 41 67 B0 CC 42
1788592542.210545,34680,0a82,12,21 F8 3B 42 FF 1B 95 41 3C 78 D5 42
1788592542.221033,34680,0a83,12,F0 60 34 42 48 13 A6 41 D2 75 CF 42
1788592542.231600,34680,0a84,12,60 72 3E 42 95 BA 94 41 6D B2 D9 42
1788592542.242380,34680,0a85,12,04 CE 54 42 92 39 D3 41 33 97 D1 42
1788592542.252888,34680,0a86,12,5D 02 68 42 14 56 EB 41 CC 09 D8 42
1788592542.263707,34680,0a87,12,E7 DC 63 42 34 78 0D 42 8A BD DC 42
1788592542.274193,34680,0a88,12,FB 6A 64 42 3F 7F 08 42 06 14 DD 42
1788592542.284734,34680,0a89,12,EC F4 6B 42 24 3E 39 42 7F 4F E1 42
1788592542.295427,34680,0a8a,12,B0 A1 8F 42 07 68 49 42 F2 3D E3 42
1788592542.305799,34680,0a8b,12,D3 1C 8F 42 B4 FF 66 42 8F 69 E8 42
1788592542.316311,34680,0a8c,12,FC A6 96 42 B4 44 82 42 27 F5 E2 42
1788592542.326747,34680,0a8d,12,0B 2D 9A 42 C8 76 88 42 0F 20 E9 42
1788592542.337309,34680,0a8e,12,24 C0 9F 42 42 C9 8D 42 FA 6B ED 42
1788592542.347870,34680,0a8f,12,8F A7 AD 42 D4 DD 90 42 17 94 EA 42
1788592542.358381,34680,0a90,12,3E 57 BA 42 3E 41 9A 42 52 0B 97 41
1788592542.369149,34680,0a91,12,F0 C1 C1 42 65 E6 9F 42 AE C1 C5 41
1788592542.380163,34680,0a92,12,5A CF CC 42 ED 88 A3 42 63 11 AE 41
1788592542.390783,34680,0a93,12,06 C3 D6 42 88 6E 99 42 B0 94 BD 41
1788592542.401526,34680,0a94,12,8A A5 E0 42 F1 84 97 42 6E BE BA 41
1788592542.412112,34680,0a95,12,99 B2 EC 42 57 A4 90 42 71 B2 EC 41
1788592542.422763,34680,0a96,12,47 78 F1 42 AA CB 86 42 ED E1 E8 41
1788592542.433432,34680,0a97,12,9A 3C FA 42 95 51 7D 42 EC EE E0 41
1788592542.444072,34680,0a98,12,C0 75 02 43 1C 90 69 42 8D 89 D8 41
1788592542.454709,34680,0a99,12,AF 0F 07 43 7F 00 52 42 9B A1 DB 41
1788592542.465259,34680,0a9a,12,81 C8 09 43 21 89 39 42 00 95 EE 41
1788592542.475789,34680,0a9b,12,D1 C9 09 43 C3 5D 25 42 50 29 F3 41
1788592542.486719,34680,0a9c,12,36 95 11 43 F7 F4 16 42 30 F3 E7 41
1788592542.497339,34680,0a9d,12,7C B7 0E 43 63 47 00 42 EA 47 05 42
1788592542.507868,34680,0a9e,12,8B CB 11 43 56 DC DB 41 AC B4 18 42
1788592542.518508,34680,0a9f,12,18 F3 17 43 66 F0 CB 41 45 62 00 42
1788592542.529071,34680,0aa0,12,6D 50 16 43 E2 7F 99 41 3B 4B 0E 42
1788592542.539765,34680,0aa1,12,77 88 15 43 70 A8 AA 41 5D 8D 0F 42
1788592542.550591,34680,0aa2,12,F5 7B 13 43 C0 2C 8F 41 80 A9 19 42
1788592542.561257,34680,0aa3,12,91 2C 18 43 16 F4 AC 41 32 4E 1D 42
1788592542.571788,34680,0aa4,12,B2 B8 16 43 EA B8 B4 41 F4 B4 17 42
1788592542.582310,34680,0aa5,12,93 5D 13 43 03 97 F3 41 A7 24 26 42
1788592542.592902,34680,0aa6,12,BE B7 0D 43 7A 3A 04 42 A9 10 2C 42
1788592542.603424,34680,0aa7,12,3D 0B 0F 43 B8 90 0D 42 F0 69 3A 42
1788592542.614039,34680,0aa8,12,89 81 0B 43 DB D5 23 42 3A CB 30 42
1788592542.624754,34680,0aa9,12,E9 D8 05 43 4F B1 38 42 97 A5 32 42
1788592542.635300,34680,0aaa,12,CA D2 00 43 63 1D 60 42 AA F3 2F 42
1788592542.646466,34680,0aab,12,C4 A5 FD 42 DC B4 65 42 D0 9C 34 42
1788592542.657010,34680,0aac,12,82 A9 FB 42 A3 22 84 42 6F 4E 46 42
1788592542.667644,34680,0aad,12,66 90 F4 42 32 3A 89 42 30 CC 35 42
1788592542.678601,34680,0aae,12,29 36 E6 42 D7 AB 9A 42 6F 7D 37 42
1788592542.689134,34680,0aaf,12,56 56 DB 42 44 9D 99 42 CE 12 5D 42
1788592542.699692,34680,0ab0,12,A2 7D CD 42 E0 E0 97 42 9F CC 4E 42
1788592542.710377,34680,0ab1,12,46 03 D0 42 94 5C A4 42 82 D3 52 42
1788592542.720796,34680,0ab2,12,5E 51 BF 42 47 B9 A0 42 28 13 55 42
1788592542.731338,34680,0ab3,12,D6 CD B4 42 37 A9 97 42 C7 FD 5E 42
1788592542.741964,34680,0ab4,12,95 9F AC 42 DC 93 97 42 14 EE 5B 42
1788592542.753122,34680,0ab5,12,C6 16 A4 42 16 98 90 42 D6 79 52 42
1788592542.763525,34680,0ab6,12,AC 2C 9A 42 AC 09 8C 42 40 78 6D 42
1788592542.774064,34680,0ab7,12,17 B5 94 42 66 65 72 42 20 C0 5D 42
1788592542.784790,34680,0ab8,12,00 6B 8B 42 C6 B6 5D 42 C2 C8 77 42
1788592542.795439,34680,0ab9,12,13 BF 85 42 4D 2B 42 42 79 6E 72 42
1788592542.806067,34680,0aba,12,43 90 6B 42 2C 08 29 42 42 E3 72 42
1788592542.816548,34680,0abb,12,6F F3 6A 42 48 7E 26 42 0F 12 83 42
1788592542.827082,34680,0abc,12,02 AD 64 42 30 F4 FF 41 C4 1C 83 42
1788592542.837552,34680,0abd,12,0C 48 5E 42 FA C1 EB 41 E4 CF 85 42
1788592542.848047,34680,0abe,12,B8 A5 5A 42 11 1A D3 41 58 9D 85 42
1788592542.858821,34680,0abf,12,46 77 3C 42 80 FE CD 41 B3 1D 8B 42
1788592542.869551,34680,0ac0,12,73 B5 39 42 97 52 9A 41 DA 45 88 42
1788592542.880741,34680,0ac1,12,83 D3 47 42 B2 B0 A5 41 BF 8F 8C 42
1788592542.891323,34680,0ac2,12,49 B1 3B 42 5A 41 B8 41 DA F7 8E 42
1788592542.901991,34680,0ac3,12,C9 69 47 42 4F 12 C2 41 4C BA 8D 42
1788592542.912687,34680,0ac4,12,AD A8 4C 42 D8 D1 C0 41 C3 95 91 42
1788592542.923235,34680,0ac5,12,11 44 53 42 32 78 01 42 39 B0 8D 42
1788592542.934021,34680,0ac6,12,53 04 5B 42 CD 15 09 42 4B 63 97 42
1788592542.944536,34680,0ac7,12,D3 C4 6F 42 7A 94 11 42 96 6B 9A 42
1788592542.955013,34680,0ac8,12,BA 8D 7B 42 61 62 35 42 DD 28 99 42
1788592542.965794,34680,0ac9,12,79 C0 77 42 FA 5E 59 42 D4 F3 98 42
1788592542.976357,34680,0aca,12,C2 F6 8E 42 0E 9F 58 42 81 29 A3 42
1788592542.987006,34680,0acb,12,B5 5C 8C 42 C4 95 79 42 E5 2D A1 42
1788592542.997634,34680,0acc,12,F5 E5 98 42 53 C8 85 42 7A 72 9C 42
1788592543.008108,34680,0acd,12,10 7E A3 42 E8 94 8D 42 30 FA A2 42
1788592543.018600,34680,0ace,12,A1 0E AE 42 88 75 93 42 04 85 9F 42
1788592543.029151,34680,0acf,12,5F 3C BC 42 D2 0F 98 42 38 C0 A0 42
1788592543.039737,34680,0ad0,12,96 A4 C3 42 68 EA A5 42 CC F9 AA 42
1788592543.050331,34680,0ad1,12,B9 87 CF 42 53 8E 9D 42 8C 86 AD 42
1788592543.060895,34680,0ad2,12,48 AF DA 42 17 6D A0 42 E6 96 A6 42
1788592543.071388,34680,0ad3,12,FF FF E0 42 BD F9 9A 42 CD 9E AF 42
1788592543.082241,34680,0ad4,12,EA 65 E8 42 2F A4 91 42 8E 7E AB 42
1788592543.092837,34680,0ad5,12,47 6D F0 42 27 6B 8B 42 52 A5 AD 42
1788592543.103361,34680,0ad6,12,0B 4F FD 42 1B 12 7E 42 FB 1C B3 42
1788592543.113908,34680,0ad7,12,59 5A FF 42 AF DE 64 42 9B B4 B9 42
1788592543.124444,34680,0ad8,12,03 CC 03 43 3E F3 47 42 55 C3 BA 42
1788592543.135025,34680,0ad9,12,49 90 09 43 40 78 49 42 26 53 BA 42
1788592543.145514,34680,0ada,12,8D 79 0B 43 16 E6 28 42 32 2B BF 42
1788592543.156003,34680,0adb,12,0E 71 0D 43 5C 97 13 42 B4 AB C1 42
1788592553.163888,34680,0add,12,13 AA 10 43 96 8A E3 41 B2 1B C4 42
1788592553.172724,34680,0ade,12,87 23 15 43 98 7C DA 41 93 CB BE 42
1788592553.183273,34680,0adf,12,27 6A 13 43 0C 6F B7 41 8F D1 BD 42
1788592553.193882,34680,0ae0,12,DF E3 14 43 B8 24 BA 41 EF 3C C7 42
1788592553.204518,34680,0ae1,12,49 ED 15 43 78 89 91 41 7A 08 C6 42
1788592553.215205,34680,0ae2,12,88 A8 15 43 2D A7 B1 41 E8 A8 CC 42
1788592553.225650,34680,0ae3,12,E6 D9 17 43 83 77 CC 41 E9 3D D0 42
1788592553.236096,34680,0ae4,12,FC B5 14 43 DD D4 C6 41 F3 1A D2 42
1788592553.246860,34680,0ae5,12,46 1D 10 43 80 E5 E3 41 17 6F CA 42
1788592553.257464,34680,0ae6,12,56 6B 11 43 C6 2C 0B 42 9C 74 D1 42
1788592553.269469,34680,0ae7,12,2E E3 0E 43 59 5F 10 42 C4 9A CD 42
1788592553.280183,34680,0ae8,12,8B C0 09 43 20 D2 22 42 50 12 D8 42
1788592553.290915,34680,0ae9,12,57 C5 06 43 5B 37 3D 42 49 AA D6 42
1788592553.302101,34680,0aea,12,CD EE 05 43 EC 4F 5C 42 53 7C D3 42
1788592553.312793,34680,0aeb,12,6F D0 FD 42 3B 46 7A 42 70 60 DC 42
1788592553.323512,34680,0aec,12,93 1A EF 42 D7 BF 7A 42 6A 56 D7 42
1788592553.334036,34680,0aed,12,F5 9E F3 42 CC 24 90 42 C9 8F DB 42
1788592553.344640,34680,0aee,12,6C E6 E6 42 55 38 93 42 F7 4D E1 42
1788592553.355230,34680,0aef,12,19 FF D8 42 CE 8F 9B 42 F2 D8 DE 42
1788592553.365777,34680,0af0,12,99 C5 D1 42 CF A4 99 42 F6 8C E3 42
1788592553.376324,34680,0af1,12,BF 04 C6 42 7D 4E A1 42 CF 57 E5 42
1788592553.386855,34680,0af2,12,42 73 BE 42 FB 96 A1 42 74 0D E9 42
1788592553.397526,34680,0af3,12,D6 93 B1 42 99 71 97 42 A5 38 E7 42
1788592553.408109,34680,0af4,12,FE 43 A9 42 B0 8E 99 42 1E FF F1 42
1788592553.418892,34680,0af5,12,13 51 99 42 06 E6 90 42 36 6D AC 41
1788592553.429471,34680,0af6,12,28 CD 9A 42 9C 48 84 42 FC 6C B7 41
1788592553.440023,34680,0af7,12,FF EF 93 42 6E 3B 69 42 77 5A A4 41
1788592553.450732,34680,0af8,12,D4 35 8E 42 D4 81 6A 42 6C 91 BB 41
1788592553.461510,34680,0af9,12,0E 9C 77 42 B4 0C 51 42 7E 15 DF 41
1788592553.472236,34680,0afa,12,C6 93 7E 42 4B C6 30 42 C5 32 AF 41
1788592553.482932,34680,0afb,12,7E 11 68 42 FF 1C 1D 42 C7 77 D8 41
1788592553.493655,34680,0afc,12,B1 02 54 42 66 70 08 42 C0 C7 00 42
1788592553.504790,34680,0afd,12,77 2C 4F 42 E6 CE E7 41 C0 C8 CA 41
1788592553.515640,34680,0afe,12,E3 39 50 42 9E 68 E2 41 F1 5E D7 41
1788592553.526196,34680,0aff,12,B8 7B 43 42 A3 B6 B8 41 51 39 DD 41
1788592553.537015,34680,0b00,12,13 C6 44 42 14 68 A9 41 2F F1 EF 41
1788592553.547749,34680,0b01,12,1B 19 4D 42 C8 79 9A 41 0E BE F4 41
1788592553.558596,34680,0b02,12,A7 88 52 42 C3 6A AC 41 99 A2 07 42
1788592553.569679,34680,0b03,12,F0 AE 53 42 D2 4A C7 41 80 C8 FE 41
1788592553.580248,34680,0b04,12,4B 64 49 42 5B 5A D0 41 9B DD 0D 42
1788592553.590775,34680,0b05,12,10 41 5A 42 B3 D6 04 42 7E DB 0D 42
1788592553.601461,34680,0b06,12,80 D0 5E 42 83 05 07 42 86 CD 0C 42
1788592553.612089,34680,0b07,12,B5 E2 67 42 91 E5 13 42 D8 97 19 42
1788592553.622714,34680,0b08,12,AB 4F 79 42 E8 29 37 42 C8 F5 14 42
1788592553.633347,34680,0b09,12,65 A2 8C 42 BA 35 4F 42 74 53 1B 42
1788592553.644291,34680,0b0a,12,39 D9 8E 42 4E 8A 71 42 CD 50 17 42
1788592553.654902,34680,0b0b,12,33 54 96 42 50 2A 6F 42 23 02 2A 42
1788592553.665591,34680,0b0c,12,2D 70 98 42 C7 1A 8D 42 B5 08 35 42
1788592553.676161,34680,0b0d,12,F1 28 A5 42 C3 A1 98 42 1B 28 25 42
1788592553.686944,34680,0b0e,12,C4 BF AD 42 FF 9F 99 42 62 A5 2B 42
1788592553.697567,34680,0b0f,12,BA F0 B7 42 E1 90 9E 42 D5 13 38 42
1788592553.708101,34680,0b10,12,71 F2 C3 42 33 F8 9E 42 E5 10 3A 42
1788592553.718695,34680,0b11,12,50 F9 CA 42 9F 5F A1 42 C2 99 45 42
1788592553.729333,34680,0b12,12,32 A9 D7 42 C3 E1 9F 42 B6 DC 37 42
1788592553.739967,34680,0b13,12,EA FD E4 42 0E CF 9D 42 B5 10 3C 42
1788592553.750594,34680,0b14,12,85 3D E5 42 BA 4F 90 42 E3 BE 4B 42
1788592553.761190,34680,0b15,12,89 82 F0 42 10 EA 87 42 DA 32 53 42
1788592553.771823,34680,0b16,12,3A 23 FD 42 38 82 82 42 2B 75 5E 42
1788592553.782490,34680,0b17,12,53 7F 01 43 56 C4 6A 42 1A C2 54 42
1788592553.793566,34680,0b18,12,7E 07 FF 42 9B C8 43 42 87 33 62 42
1788592553.804272,34680,0b19,12,97 75 05 43 5A 87 3D 42 00 44 5E 42
1788592553.814670,34680,0b1a,12,F4 7A 0D 43 EA 9F 1A 42 84 D2 6B 42
1788592553.825412,34680,0b1b,12,F1 6D 0F 43 39 D2 0F 42 38 C5 64 42
1788592553.836117,34680,0b1c,12,6D F2 12 43 1D 88 F8 41 82 0A 68 42
1788592553.846618,34680,0b1d,12,7B CF 11 43 80 0E C7 41 EC C8 7D 42
1788592553.857215,34680,0b1e,12,5A 6A 15 43 A0 F1 9C 41 67 2C 78 42
1788592553.867737,34680,0b1f,12,D1 94 14 43 A1 17 BE 41 2A 64 7D 42
1788592553.878264,34680,0b20,12,B1 DD 18 43 0D 6C 9F 41 EF 15 75 42
1788592553.888943,34680,0b21,12,E1 FB 16 43 49 EC 9A 41 BE 24 86 42
1788592553.899478,34680,0b22,12,22 99 13 43 86 27 AB 41 5E 4C 83 42
1788592553.910096,34680,0b23,12,E7 15 13 43 57 B3 DA 41 69 AF 82 42
1788592553.920693,34680,0b24,12,E5 9E 13 43 1E 0D D8 41 EC E5 7D 42
1788592553.931788,34680,0b25,12,45 25 14 43 4F D0 E9 41 28 48 8A 42
1788592553.942954,34680,0b26,12,64 D8 0D 43 49 88 0F 42 EE 1D 8D 42
1788592553.953582,34680,0b27,12,DD 79 07 43 49 25 2F 42 0F ED 8C 42
1788592553.964575,34680,0b28,12,C7 60 06 43 80 74 49 42 57 BD 8C 42
1788592553.975334,34680,0b29,12,1C 15 02 43 9B 7A 56 42 0E 8E 8C 42
1788592553.985935,34680,0b2a,12,E5 86 FC 42 00 03 77 42 A3 CB 94 42
1788592553.996559,34680,0b2b,12,DF 86 FE 42 A4 EC 89 42 68 8E 93 42
1788592554.007045,34680,0b2c,12,46 7E EB 42 C2 16 8F 42 40 B1 9A 42
1788592554.018109,34680,0b2d,12,95 99 EB 42 F6 7B 97 42 FF 77 9C 42
1788592554.028902,34680,0b2e,12,B2 F4 E3 42 49 15 9B 42 65 FC 94 42
1788592554.039892,34680,0b2f,12,92 B1 CF 42 1C 79 9E 42 25 EC 9B 42
1788592554.050498,34680,0b30,12,17 FA CB 42 C6 F8 98 42 F3 E4 9F 42
1788592554.061182,34680,0b31,12,D0 6A C1 42 0E 20 A4 42 70 2E 9F 42
1788592554.071751,34680,0b32,12,AC 8E B2 42 E4 E9 A2 42 DA BC A1 42
1788592554.082467,34680,0b33,12,C6 23 A6 42 AD 1F 93 42 B0 A5 AB 42
1788592554.093146,34680,0b34,12,08 91 A4 42 68 F3 8F 42 DA D8 A9 42
1788592554.104261,34680,0b35,12,D5 7E 96 42 7C 5C 84 42 A9 DC AA 42
1788592554.114781,34680,0b36,12,4C 4D 8D 42 C5 CF 70 42 F1 FF A4 42
1788592554.125347,34680,0b37,12,1E A4 86 42 3D C5 58 42 03 38 B2 42
1788592554.160892,34680,0b38,12,3B C2 7D 42 F1 95 3C 42 E5 BD AB 42
1788592554.179075,34680,0b39,12,20 64 74 42 72 83 31 42 5B 4D AB 42
1788592554.189606,34680,0b3a,12,F3 F4 60 42 DC 93 15 42 B6 12 B6 42
1788592554.200198,34680,0b3b,12,BF 7C 6D 42 3D 90 F3 41 FC BB B0 42
1788592554.210850,34680,0b3c,12,79 99 56 42 5A E9 DC 41 1F 38 B2 42
1788592554.221919,34680,0b3d,12,EA 39 53 42 BD 01 C1 41 05 F6 B8 42
1788592554.232419,34680,0b3e,12,03 42 5A 42 6D 15 B1 41 11 FC BA 42
1788592554.243447,34680,0b3f,12,41 2B 3D 42 EE BD A3 41 A5 D2 BB 42
1788592554.254286,34680,0b40,12,5B DF 4F 42 50 36 99 41 29 26 BC 42
1788592554.264709,34680,0b41,12,60 7F 57 42 9D 6A BA 41 EC 31 BD 42
1788592554.275496,34680,0b42,12,FA 89 43 42 2E 30 C6 41 51 85 CA 42
1788592554.286140,34680,0b43,12,AC A7 56 42 75 99 C6 41 92 B8 C3 42
1788592554.296896,34680,0b44,12,94 AF 5C 42 68 58 F0 41 5A B9 C5 42
1788592554.307459,34680,0b45,12,51 47 69 42 41 5A 10 42 3C 92 C8 42
1788592554.317931,34680,0b46,12,86 37 67 42 7C 22 25 42 86 06 C6 42
1788592554.328477,34680,0b47,12,1A CF 71 42 6A 21 38 42 E7 C4 D2 42
1788592554.339124,34680,0b48,12,05 79 88 42 52 F6 66 42 3A 9D D0 42
1788592554.349721,34680,0b49,12,F6 3F 8E 42 6C 4F 6D 42 59 3C D0 42
1788592554.360261,34680,0b4a,12,45 6A 94 42 5C EB 7A 42 81 50 CE 42
1788592554.370801,34680,0b4b,12,7E B1 9F 42 C8 E1 86 42 E8 7C D0 42
1788592554.381310,34680,0b4c,12,12 D1 AB 42 BF 67 98 42 5B 28 D9 42
1788592554.391794,34680,0b4d,12,22 50 B3 42 97 C2 8E 42 3A B0 CE 42
1788592554.402383,34680,0b4e,12,3E 0A BE 42 A3 2F A1 42 A0 9F DB 42
1788592554.413151,34680,0b4f,12,88 0C C2 42 EB 02 A1 42 D3 79 DA 42
1788592554.423751,34680,0b50,12,78 AA CB 42 20 BD A0 42 5E A2 DD 42
1788592554.434311,34680,0b51,12,FB DF DE 42 35 1E 96 42 44 1B DB 42
1788592554.444901,34680,0b52,12,EB 4F E5 42 CF 6B 9A 42 38 80 E6 42
1788592554.455461,34680,0b53,12,07 8C F5 42 3F 93 8C 42 4C E2 E3 42
1788592554.466134,34680,0b54,12,61 8F F5 42 1D 32 7E 42 18 C0 E3 42
1788592554.476874,34680,0b55,12,2B 5A FE 42 C1 40 82 42 59 34 E3 42
1788592554.487493,34680,0b56,12,54 8D FD 42 F6 F0 62 42 83 9C EA 42
1788592554.498026,34680,0b57,12,40 40 07 43 D8 4B 42 42 48 9F EC 42
1788592554.508600,34680,0b58,12,05 13 08 43 6E 88 2E 42 5E 9E F2 42
1788592554.519172,34680,0b59,12,C6 4B 0E 43 13 26 21 42 A0 F4 B0 41
1788592554.529799,34680,0b5a,12,DC 5F 0F 43 F3 37 0D 42 B0 5D AA 41
1788592554.540530,34680,0b5b,12,36 5C 12 43 9C 7F D8 41 22 23 C4 41
1788592554.551135,34680,0b5c,12,1A 4E 17 43 D9 B0 C1 41 B3 C8 C7 41
1788592554.561739,34680,0b5d,12,17 7A 13 43 05 9A B0 41 04 1E D4 41
1788592554.572549,34680,0b5e,12,BB 8A 12 43 C1 C6 A1 41 55 D5 C5 41
1788592554.583125,34680,0b5f,12,16 04 15 43 EE FF 7A 41 F0 EE C3 41
1788592554.593767,34680,0b60,12,AF 74 16 43 F1 F4 B6 41 CE 67 E1 41
1788592554.604293,34680,0b61,12,B7 F8 12 43 A7 32 A5 41 EA DC D0 41
1788592554.614937,34680,0b62,12,9F EF 12 43 95 7A C0 41 DB 04 E9 41
1788592554.625452,34680,0b63,12,80 EF 0E 43 97 65 EB 41 8C D1 02 42
1788592554.636318,34680,0b64,12,F0 98 0F 43 1A 4A 0D 42 A2 79 EC 41
1788592554.647365,34680,0b65,12,7E 60 0E 43 E2 EF 0E 42 96 02 F6 41
1788592554.657831,34680,0b66,12,DC C9 08 43 0D FC 38 42 2C F4 0F 42
1788592554.668393,34680,0b67,12,7C 6E 08 43 48 D3 3E 42 BF 3D F7 41
1788592554.679016,34680,0b68,12,86 C6 04 43 59 30 73 42 6D 35 12 42
1788592554.689692,34680,0b69,12,BF 10 FA 42 81 8A 7C 42 36 5B 0F 42
1788592554.701903,34680,0b6a,12,1A 33 F1 42 2B 69 8D 42 B9 3C 0E 42
1788592554.713912,34680,0b6b,12,C2 F9 E6 42 DB 76 86 42 D4 0D 2B 42
1788592554.724442,34680,0b6c,12,E9 78 E1 42 1D 08 98 42 03 C3 11 42
1788592554.735027,34680,0b6d,12,FE F0 D7 42 1E 03 97 42 AC 4A 1E 42
1788592554.745684,34680,0b6e,12,DA 95 CF 42 9C F4 9F 42 EF 65 24 42
1788592554.756356,34680,0b6f,12,06 C6 C1 42 20 62 A0 42 F0 B3 26 42
1788592554.766989,34680,0b70,12,2D 89 BD 42 91 82 9C 42 E2 05 2B 42
1788592554.777572,34680,0b71,12,49 CD B3 42 C3 49 9B 42 6A B2 3F 42
1788592554.788282,34680,0b72,12,6E F4 A6 42 8D 05 8E 42 1C A9 2C 42
1788592554.799172,34680,0b73,12,90 D3 9A 42 F1 0B 8D 42 16 9E 43 42
1788592554.809917,34680,0b74,12,56 8D 96 42 EC 82 6F 42 5C D9 37 42
1788592554.820700,34680,0b75,12,39 0C 86 42 94 B7 6B 42 52 A7 37 42
1788592554.831304,34680,0b76,12,8C 2A 84 42 A7 FA 61 42 FB D5 46 42
1788592554.841858,34680,0b77,12,94 BE 6B 42 E1 3F 31 42 A0 AC 3F 42
1788592554.852480,34680,0b78,12,00 53 77 42 ED D9 1A 42 C4 60 4E 42
1788592554.863067,34680,0b79,12,64 13 50 42 22 FE 17 42 EF 50 53 42
1788592554.873734,34680,0b7a,12,10 81 67 42 0A C4 FD 41 4B 27 4D 42
1788592554.884351,34680,0b7b,12,23 7A 45 42 2C 64 C9 41 47 EA 5C 42
1788592554.894925,34680,0b7c,12,DE 52 48 42 B5 95 C7 41 B3 8F 5A 42
1788592554.905456,34680,0b7d,12,36 D6 4D 42 5D 38 A1 41 92 A7 68 42
1788592554.916081,34680,0b7e,12,A7 99 4B 42 F7 52 96 41 44 DE 67 42
1788592554.926590,34680,0b7f,12,F3 7A 46 42 83 E9 93 41 C0 F0 6E 42
1788592554.937352,34680,0b80,12,FF E7 49 42 6C 04 9F 41 A6 2A 72 42
1788592554.948152,34680,0b81,12,04 A7 51 42 6D 39 A9 41 6D 0C 6D 42
1788592554.958783,34680,0b82,12,CA CB 56 42 12 80 D5 41 28 FE 74 42
1788592554.969296,34680,0b83,12,B3 A6 55 42 FC 9B 10 42 CE 6B 78 42
1788592554.979826,34680,0b84,12,28 79 5F 42 97 9F 0E 42 80 2C 6C 42
1788592554.990699,34680,0b85,12,58 A5 68 42 9C 21 25 42 AF F7 85 42
1788592555.003686,34680,0b86,12,50 AA 83 42 A0 89 2F 42 C4 56 84 42
1788592555.014219,34680,0b87,12,C4 42 85 42 6D 08 4F 42 45 10 88 42
1788592555.024765,34680,0b88,12,3E C8 90 42 1D F1 6A 42 47 70 81 42
1788592555.035531,34680,0b89,12,79 2C 8F 42 87 3F 83 42 97 4B 89 42
1788592555.046692,34680,0b8a,12,25 8C 9D 42 8C 12 8F 42 25 A2 8A 42
1788592555.057291,34680,0b8b,12,DD 1B B1 42 7C 77 8E 42 2E D2 8B 42
1788592555.068224,34680,0b8c,12,21 1A B4 42 8C 36 9B 42 4E 1C 86 42
1788592555.078722,34680,0b8d,12,A3 89 BE 42 36 29 97 42 C7 5C 95 42
1788592555.089496,34680,0b8e,12,E2 0C C2 42 4B C6 A8 42 0D FC 97 42
1788592555.100064,34680,0b8f,12,23 AB CF 42 CA 27 A0 42 B4 AC 91 42
1788592555.110570,34680,0b90,12,C4 23 DE 42 73 12 9B 42 8B 20 90 42
1788592555.121229,34680,0b91,12,A7 72 E2 42 72 68 8C 42 8E 33 99 42
1788592555.131799,34680,0b92,12,8A D5 EA 42 36 36 95 42 EC A2 96 42
1788592555.142334,34680,0b93,12,3F DC FC 42 D7 78 84 42 D0 84 9E 42
1788592555.152962,34680,0b94,12,AC 2C FF 42 C1 7D 73 42 F8 F6 9F 42
1788592555.163465,34680,0b95,12,FC 90 04 43 65 88 4C 42 CE 6C 98 42
1788592555.175534,34680,0b96,12,C7 3D 08 43 DA B0 3D 42 C0 5D A6 42
1788592555.187122,34680,0b97,12,79 EB 0C 43 16 9A 35 42 C4 B2 A0 42
1788592555.197646,34680,0b98,12,9F 07 10 43 5F E6 13 42 51 3E 9D 42
1788592555.215336,34680,0b99,12,AD 15 13 43 E5 3E 03 42 6C 80 9D 42
1788592555.226045,34680,0b9a,12,51 3E 11 43 D9 53 E2 41 0B E0 A3 42
1788592555.236522,34680,0b9b,12,D8 B7 14 43 86 97 BB 41 6C 01 B3 42
1788592555.248185,34680,0b9c,12,2F AC 15 43 E8 3B B0 41 45 56 A9 42
1788592555.259077,34680,0b9d,12,AB 70 14 43 E4 E6 8E 41 37 84 AF 42
1788592555.269647,34680,0b9e,12,36 86 11 43 3A 97 A1 41 19 CA B9 42
1788592555.280146,34680,0b9f,12,69 FC 17 43 28 A6 AE 41 B5 5F B6 42
1788592555.290818,34680,0ba0,12,0B 6E 17 43 2C 60 B7 41 66 E5 B3 42
1788592555.301332,34680,0ba1,12,44 01 16 43 4E 6F CB 41 96 6E B4 42
1788592555.311842,34680,0ba2,12,93 9B 10 43 8C BD E6 41 8D 14 BD 42
1788592555.322433,34680,0ba3,12,BE 45 0E 43 9E 05 0A 42 FA 9E BB 42
1788592555.333313,34680,0ba4,12,FE 11 0A 43 B5 F6 21 42 2F 49 C1 42
1788592555.343908,34680,0ba5,12,07 07 0B 43 29 69 2E 42 1C 3E BE 42
1788592555.354495,34680,0ba6,12,D4 14 09 43 CB 04 5A 42 C9 42 C2 42
1788592555.364967,34680,0ba7,12,AA 74 01 43 4B AC 60 42 9B EA BF 42
1788592555.375496,34680,0ba8,12,72 16 FA 42 20 BA 83 42 27 9B C5 42
1788592555.385987,34680,0ba9,12,DD BD F1 42 D0 8C 88 42 96 EB C5 42
1788592555.396494,34680,0baa,12,80 97 E2 42 60 E2 8D 42 9C EB CA 42
1788592555.407066,34680,0bab,12,82 27 E3 42 8B FF 9E 42 B1 5F D3 42
1788592555.417709,34680,0bac,12,09 54 D9 42 88 31 9C 42 B4 8A C6 42
1788592555.428372,34680,0bad,12,1E FD C5 42 42 CD A1 42 6C BC D1 42
1788592555.439067,34680,0bae,12,68 69 C6 42 DF C5 A6 42 3D 05 CF 42
1788592555.450650,34680,0baf,12,10 FE C0 42 ED 34 A5 42 CB CB CF 42
1788592555.461284,34680,0bb0,12,BD 98 AE 42 03 7C 95 42 CB E1 D8 42
1788592555.471793,34680,0bb1,12,78 F8 AE 42 8B F5 91 42 E9 42 D4 42
1788592555.482566,34680,0bb2,12,65 3C 9B 42 35 24 90 42 DF 9E D7 42
1788592555.493005,34680,0bb3,12,FC 2D 97 42 95 86 75 42 84 C7 D9 42
1788592555.503462,34680,0bb4,12,7D F7 89 42 E3 75 61 42 18 77 ED 42
1788592555.514050,34680,0bb5,12,BE 0E 82 42 8F F3 5E 42 DD CA E3 42
1788592555.524499,34680,0bb6,12,6B 3D 76 42 B7 FA 32 42 28 AF DE 42
1788592555.535022,34680,0bb7,12,25 43 75 42 74 F8 1C 42 D4 5F E3 42
1788592555.545623,34680,0bb8,12,1C 65 6D 42 64 05 16 42 DA DD E8 42
1788592555.556214,34680,0bb9,12,4C 9A 54 42 2D CF FC 41 48 93 EB 42
1788592555.566847,34680,0bba,12,F4 68 58 42 72 11 C4 41 B4 44 E7 42
1788592555.577352,34680,0bbb,12,B4 50 52 42 47 3F C2 41 EA 48 EE 42
1788592555.587851,34680,0bbc,12,D7 63 5C 42 AA E4 AB 41 13 09 EA 42
1788592555.598397,34680,0bbd,12,71 62 51 42 DB F7 AA 41 7B EC 9A 41
1788592555.609005,34680,0bbe,12,3B C1 4C 42 90 13 B4 41 0E 66 B7 41
1788592555.619648,34680,0bbf,12,D8 9D 55 42 8E 38 9F 41 CF 1F B6 41
1788592555.630419,34680,0bc0,12,E8 22 55 42 E6 D1 A5 41 21 7B C2 41
1788592555.641268,34680,0bc1,12,F4 52 37 42 EE C5 C1 41 A2 4F B8 41
1788592555.651811,34680,0bc2,12,52 74 64 42 63 77 0E 42 B2 7F DF 41
1788592555.663385,34680,0bc3,12,16 00 66 42 CA 77 17 42 AB B4 CF 41
1788592555.673964,34680,0bc4,12,19 9C 67 42 05 2A 2C 42 9B A5 CF 41
1788592555.684909,34680,0bc5,12,2C DC 89 42 CC 2C 46 42 41 E6 CB 41
1788592555.695117,34680,0bc6,12,DA 8C 89 42 AC C4 5F 42 1B 65 DC 41
1788592555.706291,34680,0bc7,12,AB 39 96 42 F6 BA 70 42 A0 DB E9 41
1788592555.716877,34680,0bc8,12,34 3C 96 42 60 AD 84 42 87 30 F3 41
1788592555.730491,34680,0bc9,12,61 44 9E 42 FB EA 8D 42 6F A5 ED 41
1788592555.741610,34680,0bca,12,46 A1 AB 42 EA C8 92 42 54 AD 03 42
1788592555.752295,34680,0bcb,12,4C 60 B1 42 C1 9A A0 42 98 71 0D 42
1788592555.764713,34680,0bcc,12,6E 32 BB 42 59 3E 9E 42 5D 80 0E 42
1788592555.775411,34680,0bcd,12,B4 A3 C9 42 54 35 A3 42 32 9F 11 42
1788592555.786040,34680,0bce,12,B7 51 D1 42 F6 FB A4 42 00 48 0D 42
1788592555.798297,34680,0bcf,12,B9 E7 D6 42 F7 8D 9A 42 F6 7F 1B 42
1788592555.808926,34680,0bd0,12,72 B3 EC 42 1B B6 94 42 96 A2 1D 42
1788592555.819538,34680,0bd1,12,B9 06 F0 42 BB D2 89 42 7E 77 21 42
1788592555.830151,34680,0bd2,12,C4 32 F7 42 09 E5 79 42 C6 E4 25 42
1788592555.840676,34680,0bd3,12,43 DF 02 43 0D 72 70 42 1A 50 21 42
1788592555.851247,34680,0bd4,12,45 33 06 43 F9 14 4F 42 98 10 2B 42
1788592555.861912,34680,0bd5,12,DA 6F 06 43 D5 F3 46 42 F6 7A 42 42
1788592555.872463,34680,0bd6,12,F2 7E 0C 43 B7 53 2D 42 3B F6 30 42
1788592555.883008,34680,0bd7,12,93 97 0A 43 B8 C0 17 42 AA 02 3B 42
1788592555.893670,34680,0bd8,12,79 AA 13 43 34 86 D7 41 01 85 36 42
1788592555.904281,34680,0bd9,12,67 15 13 43 2D AD DA 41 A4 BC 41 42
1788592555.914850,34680,0bda,12,D4 03 16 43 B3 FD D8 41 27 39 34 42
1788592555.925488,34680,0bdb,12,3E E9 19 43 72 B1 B4 41 60 7C 3D 42
1788592555.936264,34680,0bdc,12,F4 74 17 43 44 E6 94 41 8A B8 50 42
1788592555.946907,34680,0bdd,12,77 AB 17 43 C5 FB 93 41 92 58 50 42
1788592555.957384,34680,0bde,12,FD 5B 12 43 E9 01 AE 41 D9 FF 55 42
1788592555.967932,34680,0bdf,12,48 D4 12 43 0D 01 A7 41 06 B8 47 42
1788592555.978527,34680,0be0,12,3A 8B 13 43 A1 4E DA 41 C7 86 5E 42
1788592555.989038,34680,0be1,12,C9 42 10 43 25 F5 F1 41 C9 A2 5B 42
1788592555.999529,34680,0be2,12,F1 DC 0F 43 57 B8 01 42 1F 81 68 42
1788592556.010030,34680,0be3,12,BB EC 0B 43 E9 93 27 42 32 20 70 42
1788592556.020643,34680,0be4,12,32 5F 0A 43 61 C3 47 42 C2 8D 7F 42
1788592556.031203,34680,0be5,12,86 9F FE 42 47 99 4F 42 F3 1C 6D 42
1788592556.041774,34680,0be6,12,00 99 FA 42 44 F5 62 42 3E 52 77 42
1788592556.052459,34680,0be7,12,7D B5 F8 42 98 C7 6F 42 AD E9 7B 42
1788592556.063527,34680,0be8,12,C1 4E EF 42 9D EC 8D 42 AA A9 7B 42
1788592556.074119,34680,0be9,12,CD 66 E5 42 C4 08 8A 42 EE 3F 86 42
1788592556.084670,34680,0bea,12,EB D1 DC 42 DE 11 9F 42 D3 0B 82 42
1788592556.095155,34680,0beb,12,27 0F D3 42 75 44 9D 42 98 44 83 42
1788592556.105677,34680,0bec,12,EC FC C7 42 0B 6D A3 42 C6 2E 85 42
1788592556.116282,34680,0bed,12,0C A6 C3 42 37 53 99 42 A7 58 8C 42
1788592556.126754,34680,0bee,12,71 53 B7 42 50 53 9C 42 8E F7 87 42
1788592556.137247,34680,0bef,12,26 42 AB 42 AD B8 97 42 BA 6B 92 42
1788592556.147855,34680,0bf0,12,A4 11 A1 42 B1 2A 95 42 56 8E 87 42
1788592556.158359,34680,0bf1,12,6D 80 96 42 A9 3F 86 42 54 EE 93 42
1788592556.169234,34680,0bf2,12,3A 05 90 42 38 0F 7A 42 3A 0F 8F 42
1788592556.179824,34680,0bf3,12,EC 1B 84 42 22 78 64 42 D5 53 96 42
1788592556.190555,34680,0bf4,12,86 EF 7A 42 D2 60 58 42 49 3C 93 42
1788592556.200930,34680,0bf5,12,DC E2 7A 42 E4 EC 30 42 4D 77 94 42
1788592556.211627,34680,0bf6,12,7A FE 65 42 17 49 17 42 1D B4 9D 42
1788592556.222506,34680,0bf7,12,FE F7 53 42 C5 D2 04 42 42 54 9E 42
1788592556.233165,34680,0bf8,12,EB 01 63 42 70 07 ED 41 38 41 A1 42
1788592556.243701,34680,0bf9,12,2A 7A 4A 42 D5 6E DB 41 ED 43 A7 42
1788592556.254257,34680,0bfa,12,DA F3 48 42 7F 3B B8 41 1A 80 A1 42
1788592556.264944,34680,0bfb,12,93 CD 50 42 6F 8F 99 41 98 1B A4 42
1788592556.275453,34680,0bfc,12,90 AF 38 42 9B 50 A3 41 A7 E3 A8 42
1788592556.286043,34680,0bfd,12,8A 86 50 42 C3 8E BD 41 32 C6 A9 42
1788592556.296609,34680,0bfe,12,92 61 47 42 D1 50 A5 41 0A C7 A8 42
1788592556.307229,34680,0bff,12,D8 CE 47 42 1F D2 C0 41 73 5B AD 42
1788592556.317894,34680,0c00,12,72 F4 57 42 E6 4A D5 41 CB BE B1 42
1788592556.328505,34680,0c01,12,54 30 5F 42 6B 10 10 42 80 3A AC 42
1788592556.338977,34680,0c02,12,FD FB 6E 42 F8 2C 27 42 29 6A AD 42
1788592556.349595,34680,0c03,12,0D DC 6F 42 F3 49 27 42 95 22 B2 42
1788592556.360225,34680,0c04,12,F6 24 86 42 FF 3C 48 42 7C EE B6 42
1788592556.370775,34680,0c05,12,49 83 8C 42 EA 28 62 42 E3 CC BB 42
1788592556.381332,34680,0c06,12,A7 D2 95 42 5E A0 79 42 30 BA B8 42
1788592556.391952,34680,0c07,12,6A 0C 9C 42 E0 24 82 42 87 28 B9 42
1788592556.402579,34680,0c08,12,4D 66 A2 42 38 F4 93 42 E0 31 BE 42
1788592556.413169,34680,0c09,12,A0 76 AF 42 D0 B5 9A 42 60 30 BB 42
1788592556.423684,34680,0c0a,12,6C 6C B7 42 CA 39 99 42 05 33 BF 42
1788592556.434631,34680,0c0b,12,D9 C0 C2 42 34 D8 9B 42 EA BB C8 42
1788592556.444635,34680,0c0c,12,7B 13 C4 42 AB AB 9B 42 34 CB CE 42
1788592556.455582,34680,0c0d,12,B2 12 D6 42 5A 12 A2 42 96 88 CC 42
1788592556.466100,34680,0c0e,12,07 1B D8 42 BE 2D 9E 42 D8 AD CC 42
1788592556.476682,34680,0c0f,12,36 67 EB 42 51 13 92 42 48 D8 CC 42
1788592556.487317,34680,0c10,12,AE 59 EE 42 34 44 8D 42 DA 9B CD 42
1788592556.498314,34680,0c11,12,87 57 F9 42 F9 05 82 42 16 04 D1 42
1788592556.508954,34680,0c12,12,33 68 02 43 F9 58 71 42 A4 10 D2 42
1788592556.519533,34680,0c13,12,1D 49 04 43 50 F4 49 42 EC FD CC 42
1788592556.530040,34680,0c14,12,FD 62 08 43 AF 55 3A 42 25 BB D3 42
1788592556.540904,34680,0c15,12,88 9D 06 43 82 DD 2F 42 AA 5F D8 42
1788592556.551435,34680,0c16,12,38 B3 11 43 0A 2F 16 42 A3 08 D7 42
1788592556.562119,34680,0c17,12,3A B5 0E 43 40 50 DF 41 93 79 E3 42
1788592556.572613,34680,0c18,12,96 B0 13 43 CB EF D3 41 83 F7 D9 42
1788592556.583281,34680,0c19,12,F6 AF 14 43 BA F0 DE 41 26 A5 DF 42
1788592556.593734,34680,0c1a,12,1A DE 15 43 DC 2C 97 41 F4 90 E7 42
1788592556.604328,34680,0c1b,12,E7 97 15 43 4D 94 7C 41 C1 CE E3 42
1788592556.614880,34680,0c1c,12,3F 70 13 43 05 48 95 41 C4 61 E0 42
1788592556.625629,34680,0c1d,12,95 A5 14 43 3A 12 B4 41 36 A4 EB 42
1788592556.659671,34680,0c1e,12,25 4C 13 43 C0 11 B0 41 FF 66 EA 42
1788592556.678487,34680,0c1f,12,4C A5 11 43 EF 58 F0 41 B9 24 EA 42
1788592556.689233,34680,0c20,12,6C 53 14 43 9E 30 F7 41 93 41 E8 42
1788592556.700058,34680,0c21,12,32 0D 10 43 D2 93 02 42 34 86 B0 41
1788592556.710620,34680,0c22,12,39 17 0D 43 A1 A7 34 42 6C 16 9D 41
1788592556.721249,34680,0c23,12,8E 75 0A 43 56 00 3B 42 35 27 B2 41
1788592556.731970,34680,0c24,12,9A AE 09 43 4B 93 53 42 39 AC CC 41
1788592556.742756,34680,0c25,12,FC 90 02 43 81 01 73 42 A2 7F C8 41
1788592556.753497,34680,0c26,12,1F 77 FA 42 74 4F 7F 42 96 43 D5 41
1788592556.763870,34680,0c27,12,A2 90 E9 42 84 29 88 42 5E 58 DC 41
1788592556.774504,34680,0c28,12,F1 C8 E6 42 A2 43 95 42 CE E6 D6 41
1788592556.785086,34680,0c29,12,10 65 DA 42 50 33 98 42 8B DE E7 41
1788592556.795730,34680,0c2a,12,CB 71 D2 42 E6 33 9D 42 C0 D6 F1 41
1788592556.806336,34680,0c2b,12,8F 1B C8 42 A4 5A 98 42 10 7A E2 41
1788592556.818334,34680,0c2c,12,A8 83 C4 42 8A 87 9B 42 C8 98 FE 41
1788592556.828890,34680,0c2d,12,34 90 BD 42 8F E1 9F 42 D8 EF 03 42
1788592556.839693,34680,0c2e,12,D3 8E B2 42 3D E4 95 42 03 4C 04 42
1788592556.850224,34680,0c2f,12,68 F7 A2 42 80 7D 92 42 E4 7A EC 41
1788592556.860893,34680,0c30,12,B7 DA 92 42 03 B2 8B 42 5E 26 18 42
1788592556.871512,34680,0c31,12,CF B9 90 42 54 FA 77 42 3F D4 11 42
1788592556.882520,34680,0c32,12,0E F0 87 42 D5 99 57 42 E0 F2 07 42
1788592556.892991,34680,0c33,12,CC 72 86 42 5C 45 51 42 28 98 0F 42
1788592556.903478,34680,0c34,12,5E 7E 74 42 D1 FD 28 42 97 FD 2B 42
1788592556.914451,34680,0c35,12,02 56 66 42 4D 2A 19 42 55 0A 22 42
1788592556.925094,34680,0c36,12,7B 2A 5C 42 2F 4E F8 41 33 74 1E 42
1788592556.935951,34680,0c37,12,37 7A 49 42 28 B2 F3 41 64 F8 22 42
1788592556.946460,34680,0c38,12,1D 40 57 42 B2 FB D5 41 32 45 2B 42
1788592556.957955,34680,0c39,12,79 AF 48 42 FC B8 99 41 F4 12 38 42
1788592556.968639,34680,0c3a,12,A5 07 3C 42 AB 37 97 41 D9 31 38 42
1788592556.979057,34680,0c3b,12,23 9A 43 42 19 9B 94 41 DD D4 2F 42
1788592556.989674,34680,0c3c,12,75 FE 59 42 D4 72 AA 41 53 DE 39 42
1788592557.001475,34680,0c3d,12,C5 6D 56 42 5B 33 B0 41 5E A8 46 42
1788592557.013573,34680,0c3e,12,5E D1 4A 42 CA D2 D5 41 40 F6 48 42
1788592557.024106,34680,0c3f,12,BA 39 56 42 68 9F EC 41 5E 25 4B 42
1788592557.034657,34680,0c40,12,C6 47 59 42 A8 67 0A 42 32 54 51 42
1788592557.045262,34680,0c41,12,A3 15 64 42 15 E7 1C 42 29 06 55 42
1788592557.055780,34680,0c42,12,B0 45 76 42 22 FA 40 42 D8 DA 56 42
1788592557.066368,34680,0c43,12,65 9C 75 42 AE 03 59 42 46 13 55 42
1788592557.077253,34680,0c44,12,B5 D2 82 42 1A AB 5E 42 A7 1F 64 42
1788592557.087934,34680,0c45,12,78 66 92 42 22 2F 81 42 E5 CC 61 42
1788592557.098467,34680,0c46,12,9F 85 A1 42 CA AF 92 42 65 0B 5E 42
1788592557.109190,34680,0c47,12,DD D2 9E 42 AA 70 8F 42 33 CA 64 42
1788592557.119778,34680,0c48,12,C2 37 B0 42 15 01 9E 42 E8 27 6A 42
1788592557.130419,34680,0c49,12,C2 B4 BA 42 CF 42 9A 42 4B 4E 70 42
1788592557.141247,34680,0c4a,12,F8 1F C0 42 7E 87 9D 42 58 5A 69 42
1788592557.151888,34680,0c4b,12,E0 75 C8 42 7C 9A 9B 42 67 72 80 42
1788592557.162404,34680,0c4c,12,0A B4 D4 42 5D BD A0 42 DF 01 6E 42
1788592557.173103,34680,0c4d,12,1B C1 DD 42 24 B9 99 42 9A 69 80 42
1788592557.183750,34680,0c4e,12,DA F7 E9 42 97 A0 93 42 B8 23 89 42
1788592557.194380,34680,0c4f,12,73 04 F6 42 74 41 8A 42 FC E8 83 42
1788592557.205041,34680,0c50,12,F8 FF FC 42 AB CB 81 42 DD 61 89 42
1788592557.215644,34680,0c51,12,28 E8 01 43 9E B5 5E 42 CC D3 87 42
1788592557.226169,34680,0c52,12,31 7F 07 43 FB 50 4E 42 21 AD 8B 42
1788592557.236771,34680,0c53,12,1E 7E 09 43 28 EA 3F 42 56 F1 8A 42
1788592557.247398,34680,0c54,12,A1 3C 0C 43 0E 2C 23 42 FF 44 8A 42
1788592557.257950,34680,0c55,12,E8 B3 0F 43 36 DC 05 42 50 E2 8E 42
1788592557.268536,34680,0c56,12,0E 34 10 43 A7 D4 DF 41 BF 0D 96 42
1788592557.279245,34680,0c57,12,BA AB 13 43 45 49 CB 41 AB 07 94 42
1788592557.290379,34680,0c58,12,A4 BA 12 43 AE DA C6 41 A2 B4 93 42
1788592557.300863,34680,0c59,12,D6 7B 14 43 C4 8C BD 41 C6 A3 99 42
1788592557.311440,34680,0c5a,12,69 44 15 43 75 F1 91 41 DE 47 9B 42
1788592557.322122,34680,0c5b,12,83 82 14 43 64 B4 8C 41 48 A1 9C 42
1788592557.332691,34680,0c5c,12,8C 91 11 43 04 74 AA 41 99 BA 99 42
1788592557.343245,34680,0c5d,12,B7 57 14 43 12 91 C7 41 D0 CF A3 42
1788592557.354223,34680,0c5e,12,48 14 13 43 F3 67 F8 41 14 2A 9E 42
1788592557.364338,34680,0c5f,12,2A 4A 0C 43 F0 05 E8 41 33 47 A4 42
1788592557.374893,34680,0c60,12,7D 5B 13 43 DE 50 1A 42 37 33 A3 42
1788592557.385397,34680,0c61,12,CE A4 09 43 AA 82 2E 42 FA 16 A9 42
1788592557.395842,34680,0c62,12,CF CE 09 43 51 A9 48 42 1B CE A7 42
1788592557.406384,34680,0c63,12,6F F2 03 43 58 7A 67 42 A0 8C A4 42
1788592557.416999,34680,0c64,12,4C 23 03 43 F1 B6 7B 42 E2 EE B1 42
1788592557.427700,34680,0c65,12,35 58 F9 42 58 7B 79 42 72 C3 AF 42
1788592557.438397,34680,0c66,12,34 DD EE 42 35 6D 8B 42 7B 28 AC 42
1788592557.449371,34680,0c67,12,C9 F7 E6 42 37 08 98 42 14 AA B3 42
1788592557.459928,34680,0c68,12,F0 98 DC 42 BA 7C 9D 42 C8 CF B8 42
1788592557.470969,34680,0c69,12,AE EA CF 42 01 5A 9C 42 8A 01 B8 42
1788592557.481508,34680,0c6a,12,52 E9 C4 42 7F 3B 99 42 D7 EF BA 42
1788592557.492114,34680,0c6b,12,14 7C BC 42 F5 F6 9D 42 14 D4 B2 42
1788592557.503015,34680,0c6c,12,9D 9D B1 42 57 18 9A 42 80 14 B8 42
1788592557.513910,34680,0c6d,12,C4 DA AB 42 27 86 96 42 95 B0 BF 42
1788592557.524571,34680,0c6e,12,53 FB 9F 42 AA 00 8B 42 1E E7 C5 42
1788592557.535318,34680,0c6f,12,EA 37 92 42 9C C7 89 42 55 18 C6 42
1788592557.545839,34680,0c70,12,C2 52 8B 42 A5 CC 79 42 BA A6 C9 42
1788592557.556518,34680,0c71,12,A1 F9 82 42 4C 11 5A 42 3C B0 C5 42
1788592557.567179,34680,0c72,12,68 C1 72 42 81 0F 51 42 0F 37 C8 42
1788592557.578124,34680,0c73,12,7F 1D 75 42 A8 55 39 42 36 2F C8 42
1788592557.588639,34680,0c74,12,DC DB 72 42 EE 4D 0E 42 30 0D CD 42
1788592557.599117,34680,0c75,12,CB CD 4C 42 E4 F4 04 42 EC E5 C9 42
1788592557.609600,34680,0c76,12,72 04 4A 42 EC FF D9 41 C8 5F DA 42
1788592557.620325,34680,0c77,12,0E 05 4F 42 13 3E C6 41 C8 3D D1 42
1788592557.631194,34680,0c78,12,5C A2 4E 42 A7 56 90 41 DA 55 D9 42
1788592557.641745,34680,0c79,12,ED 6E 4E 42 4A 32 B0 41 BA DE D7 42
1788592557.652253,34680,0c7a,12,CA 3C 41 42 59 F1 A0 41 6C EF DA 42
1788592557.662833,34680,0c7b,12,C2 33 55 42 A4 FD 95 41 F3 F9 DD 42
1788592557.673322,34680,0c7c,12,21 91 50 42 E2 6F 98 41 48 49 DE 42
1788592557.683724,34680,0c7d,12,54 83 54 42 BB 97 C2 41 CA 2B E1 42
1788592557.694425,34680,0c7e,12,3B 0D 64 42 6E B5 D9 41 E0 AE DA 42
1788592557.705179,34680,0c7f,12,DC AC 64 42 7E 51 12 42 47 00 E1 42
1788592557.715899,34680,0c80,12,41 D5 73 42 E7 B6 29 42 79 A0 EC 42
1788592557.726658,34680,0c81,12,5E E6 81 42 90 A0 2A 42 6A 8E E8 42
1788592557.737320,34680,0c82,12,59 93 85 42 39 23 56 42 B1 92 E9 42
1788592557.748006,34680,0c83,12,88 0A 85 42 B0 44 64 42 EC 89 E9 42
1788592557.758692,34680,0c84,12,0C D4 92 42 43 18 78 42 37 E6 F0 42
1788592557.769367,34680,0c85,12,DB 77 9A 42 C6 FB 8C 42 5A 30 B5 41
1788592557.779909,34680,0c86,12,66 ED AB 42 F8 A5 9A 42 5E 30 A2 41
1788592557.790481,34680,0c87,12,EF 52 B6 42 6C 11 9C 42 C5 53 B3 41
1788592557.801350,34680,0c88,12,39 50 B8 42 90 43 A5 42 A0 53 CC 41
1788592557.811937,34680,0c89,12,74 B1 BD 42 24 E3 A4 42 F7 47 BB 41
1788592557.822694,34680,0c8a,12,AC BD D4 42 08 84 A3 42 B7 C1 CE 41
1788592557.833295,34680,0c8b,12,15 E3 D1 42 9A 3E A2 42 BC 0E BF 41
1788592557.843873,34680,0c8c,12,D2 FB E4 42 9D 58 9A 42 D7 18 E5 41
1788592557.854389,34680,0c8d,12,B2 C2 EA 42 74 B2 8E 42 F2 F6 D7 41
1788592557.865053,34680,0c8e,12,8E BD F1 42 25 93 83 42 80 3B EC 41
1788592557.875673,34680,0c8f,12,66 5C F7 42 79 07 7E 42 90 5D F4 41
1788592557.886680,34680,0c90,12,A8 F9 FE 42 1F BE 69 42 BC 8D E9 41
1788592557.897192,34680,0c91,12,43 9B 06 43 14 B7 3F 42 EE 58 F9 41
1788592557.907736,34680,0c92,12,7A 2D 06 43 BE 5B 37 42 F8 A1 FE 41
1788592557.918335,34680,0c93,12,35 F7 0B 43 FB B2 23 42 2B 08 0C 42
1788592557.928915,34680,0c94,12,AE 85 0C 43 6C B9 0A 42 85 54 0F 42
1788592557.939512,34680,0c95,12,8B EA 10 43 FB 0C E8 41 D9 C0 19 42
1788592557.950237,34680,0c96,12,48 68 12 43 AE 1C BF 41 E3 60 17 42
1788592557.961182,34680,0c97,12,66 77 16 43 78 C2 E2 41 2F 8B 01 42
1788592557.971749,34680,0c98,12,BB 71 16 43 02 B3 AC 41 DC E8 22 42
1788592557.982355,34680,0c99,12,37 1D 15 43 9B 1A 9E 41 71 D6 18 42
1788592557.992965,34680,0c9a,12,2A 28 16 43 17 F2 A3 41 24 53 27 42
1788592558.003472,34680,0c9b,12,ED 54 15 43 32 5C 9E 41 3C FE 21 42
1788592558.013991,34680,0c9c,12,D1 57 13 43 62 03 CA 41 27 0F 27 42
1788592558.024513,34680,0c9d,12,50 30 15 43 2A 67 C3 41 B3 EC 31 42
1788592558.035057,34680,0c9e,12,72 0B 11 43 8C 2F 1B 42 5A 29 34 42
1788592558.045839,34680,0c9f,12,2C CB 0C 43 45 41 1C 42 5B 18 36 42
1788592558.056597,34680,0ca0,12,30 2A 0D 43 F3 55 2D 42 CD EA 33 42
1788592558.067679,34680,0ca1,12,F6 9E 03 43 0A 29 41 42 F3 1E 39 42
1788592558.078116,34680,0ca2,12,14 A6 03 43 B4 12 5A 42 D2 81 47 42
1788592558.088635,34680,0ca3,12,43 F8 00 43 60 5E 78 42 88 C9 53 42
1788592558.099131,34680,0ca4,12,D1 4E F8 42 1E C6 87 42 CF DE 40 42
1788592558.109629,34680,0ca5,12,1A F6 EB 42 85 54 91 42 DC BD 61 42
1788592558.120204,34680,0ca6,12,4C 1C DF 42 F8 54 94 42 EC 81 51 42
1788592558.130698,34680,0ca7,12,6B 29 D6 42 8F DC 93 42 5C 4F 51 42
1788592558.141195,34680,0ca8,12,40 41 CF 42 73 C9 A5 42 3C CB 6A 42
1788592558.152151,34680,0ca9,12,5B 91 C7 42 49 49 A4 42 85 89 5B 42
1788592558.162730,34680,0caa,12,B4 57 BA 42 0D F1 A9 42 62 31 67 42
1788592558.173279,34680,0cab,12,58 72 B8 42 81 40 A2 42 CC BC 74 42
1788592558.183746,34680,0cac,12,FF 4F A7 42 6D BF 99 42 2E EC 6E 42
1788592558.194223,34680,0cad,12,AE 76 A1 42 62 F7 8E 42 50 40 77 42
1788592558.204701,34680,0cae,12,86 4B 9A 42 A8 9B 85 42 3E 70 69 42
1788592558.215276,34680,0caf,12,14 05 90 42 6C 1A 75 42 ED 80 71 42
1788592558.225791,34680,0cb0,12,6F 99 83 42 EB 4C 5F 42 4D B2 82 42
1788592558.236274,34680,0cb1,12,B5 8B 85 42 65 AF 40 42 1C 92 80 42
1788592558.246720,34680,0cb2,12,B3 F5 6A 42 D6 9B 1D 42 1C 89 80 42
1788592558.257209,34680,0cb3,12,3D 45 73 42 42 64 11 42 8F CF 87 42
1788592558.267838,34680,0cb4,12,EF 89 59 42 A1 58 0B 42 8E EA 85 42
1788592558.278348,34680,0cb5,12,DA C6 54 42 4C BF E4 41 E2 FF 83 42
1788592558.289071,34680,0cb6,12,2F AE 52 42 A4 15 A9 41 B0 C7 8E 42
1788592558.299816,34680,0cb7,12,30 1D 46 42 37 0F 92 41 A0 C4 87 42
1788592558.310529,34680,0cb8,12,35 B7 45 42 27 7D AE 41 47 03 92 42
1788592558.321137,34680,0cb9,12,C1 19 4F 42 C5 18 8E 41 3C 9C 95 42
1788592558.331751,34680,0cba,12,AE C7 43 42 04 87 A1 41 96 71 93 42
1788592558.342327,34680,0cbb,12,3A 27 52 42 33 0C D1 41 98 76 94 42
1788592558.352857,34680,0cbc,12,8F 2E 44 42 F4 DD D2 41 07 17 94 42
1788592558.363620,34680,0cbd,12,FC 77 5C 42 D0 9B FE 41 74 26 94 42
1788592558.374225,34680,0cbe,12,B0 22 72 42 3D 48 18 42 31 A5 9E 42
1788592558.384777,34680,0cbf,12,B1 8E 6F 42 DC 2F 2F 42 5A 44 9F 42
1788592558.395241,34680,0cc0,12,4A 5A 70 42 AC 0D 43 42 D2 96 9F 42
1788592558.405758,34680,0cc1,12,20 C9 84 42 D7 2C 5E 42 4E B2 9A 42
1788592558.416267,34680,0cc2,12,66 D8 89 42 EA BC 76 42 41 AB A4 42
1788592558.426902,34680,0cc3,12,FF 1D 95 42 10 F7 80 42 BA 50 A5 42
1788592558.437400,34680,0cc4,12,2A 3C 9F 42 1C FA 8B 42 19 C2 AA 42
1788592558.448176,34680,0cc5,12,87 34 A3 42 B8 66 8D 42 B2 D2 A9 42
1788592558.458701,34680,0cc6,12,FC 4E B0 42 8D 75 96 42 4C 94 A7 42
1788592558.469218,34680,0cc7,12,74 24 BE 42 A0 72 99 42 62 5C B5 42
1788592558.479709,34680,0cc8,12,C0 A7 CA 42 E0 F1 9C 42 15 A5 B1 42
1788592558.490294,34680,0cc9,12,C7 FA D0 42 57 FF 9B 42 56 A1 B0 42
1788592558.500873,34680,0cca,12,55 08 D5 42 15 BE 9D 42 F0 ED AF 42
1788592558.511455,34680,0ccb,12,6A 34 E0 42 0B 5C 96 42 29 5A B6 42
1788592558.521939,34680,0ccc,12,01 97 EB 42 8C 5E 8E 42 64 43 B1 42
1788592558.532607,34680,0ccd,12,B4 7F F8 42 75 65 83 42 D9 A5 BE 42
1788592558.543366,34680,0cce,12,04 5E FF 42 99 B8 78 42 9F 90 BC 42
1788592558.553848,34680,0ccf,12,E1 C5 04 43 11 03 5E 42 1C FB B7 42
1788592558.564368,34680,0cd0,12,E8 BF 06 43 A4 30 66 42 2C 0B C2 42
1788592558.574924,34680,0cd1,12,0B 9E 0A 43 62 93 26 42 E1 EB C0 42
1788592558.585633,34680,0cd2,12,26 BD 0D 43 C9 CB 1B 42 6F 03 BF 42
1788592558.596196,34680,0cd3,12,20 6D 0E 43 51 20 ED 41 AB CE C3 42
1788592558.606729,34680,0cd4,12,60 F9 13 43 B6 93 D5 41 CC 46 C7 42
1788592558.617232,34680,0cd5,12,EB C2 12 43 6A FB D2 41 04 DE C0 42
1788592558.627821,34680,0cd6,12,C0 96 15 43 95 CA 9D 41 C4 19 C4 42
1788592558.638214,34680,0cd7,12,4E 20 19 43 EB C9 BE 41 54 6E C6 42
1788592558.648810,34680,0cd8,12,2D EA 13 43 BE BD 99 41 14 BC CE 42
1788592558.659418,34680,0cd9,12,EF 0E 17 43 2A C2 A6 41 01 04 D2 42
1788592558.670020,34680,0cda,12,C4 A0 10 43 DA 87 A3 41 34 84 D1 42
1788592558.680563,34680,0cdb,12,8A 66 11 43 11 D9 B6 41 37 C0 CB 42
1788592558.691244,34680,0cdc,12,D3 42 13 43 15 32 F9 41 EA F7 D7 42
1788592558.701756,34680,0cdd,12,C7 68 0C 43 E4 26 0B 42 70 53 D7 42
1788592558.712313,34680,0cde,12,B0 40 0A 43 AE D3 14 42 A2 EE D9 42
1788592558.722856,34680,0cdf,12,BE DD 06 43 05 37 2C 42 63 5B D9 42
1788592558.733726,34680,0ce0,12,F6 65 08 43 1D 6E 51 42 EE 3F DF 42
1788592558.744487,34680,0ce1,12,1A 2E 06 43 92 1F 60 42 9F BD DF 42
1788592558.755088,34680,0ce2,12,62 10 FE 42 ED 9E 76 42 EB D7 E1 42
1788592558.765632,34680,0ce3,12,F5 53 F0 42 0D 0F 81 42 C8 11 E8 42
1788592558.776172,34680,0ce4,12,DD FF ED 42 86 10 90 42 D7 02 E9 42
1788592558.786737,34680,0ce5,12,A2 A1 E1 42 0B F0 98 42 0E C9 EB 42
1788592558.797435,34680,0ce6,12,75 72 D9 42 F9 10 9D 42 0F 42 E9 42
1788592558.807993,34680,0ce7,12,93 8E D3 42 F7 52 9B 42 00 5A E9 42
1788592558.818610,34680,0ce8,12,B7 4A C9 42 78 25 A3 42 AD E2 E7 42
1788592558.829305,34680,0ce9,12,59 D7 B4 42 72 EC 9D 42 95 98 CB 41
1788592558.839950,34680,0cea,12,23 81 B1 42 91 35 94 42 6A E9 BF 41
1788592558.850541,34680,0ceb,12,6B 12 A7 42 E4 EE 8F 42 B3 DF B3 41
1788592558.861064,34680,0cec,12,1E F0 A2 42 E3 17 8F 42 D3 1E A2 41
1788592558.871653,34680,0ced,12,D5 49 90 42 46 EF 7B 42 AB 0B C6 41
1788592558.882111,34680,0cee,12,E6 FC 8D 42 47 FE 61 42 96 5C BE 41
1788592558.892736,34680,0cef,12,52 25 8A 42 3D 14 49 42 CE 11 DB 41
1788592558.903095,34680,0cf0,12,1A D3 7E 42 D4 4B 41 42 C1 2F DF 41
1788592558.913635,34680,0cf1,12,B7 7F 69 42 BB E5 2A 42 CB 86 DC 41
1788592558.924100,34680,0cf2,12,21 47 65 42 08 CB 13 42 EA FE F2 41
1788592558.934633,34680,0cf3,12,36 E2 5D 42 65 A4 F9 41 D1 16 E2 41
1788592558.945125,34680,0cf4,12,C9 B7 67 42 87 D9 E0 41 81 72 FB 41
1788592558.955821,34680,0cf5,12,EA 91 4C 42 B3 FD B9 41 8C 84 E7 41
1788592558.966350,34680,0cf6,12,05 90 50 42 72 4C A9 41 A2 47 05 42
1788592558.977049,34680,0cf7,12,DE 5C 35 42 44 1B 92 41 12 DB 13 42
1788592558.987634,34680,0cf8,12,68 9A 42 42 36 8C A9 41 DC 4F 19 42
1788592558.998353,34680,0cf9,12,7F 85 47 42 E9 AF AB 41 1B 07 10 42
1788592559.009197,34680,0cfa,12,B6 4B 50 42 19 2A C4 41 78 9F 1C 42
1788592559.019720,34680,0cfb,12,19 C0 50 42 FA FA D4 41 72 91 11 42
1788592559.030245,34680,0cfc,12,B8 78 65 42 E8 5A 02 42 0F 12 0D 42
1788592559.040770,34680,0cfd,12,94 DD 6A 42 4E 91 1B 42 98 10 2A 42
1788592559.051296,34680,0cfe,12,93 2F 74 42 11 32 33 42 9E 46 25 42
1788592559.062069,34680,0cff,12,A0 90 7E 42 B2 AC 45 42 CA C2 2E 42
1788592559.072649,34680,0d00,12,9F 0C 84 42 B5 37 44 42 62 3D 2C 42
1788592559.083180,34680,0d01,12,17 8B 95 42 7F 2F 71 42 2C CD 34 42
1788592559.093662,34680,0d02,12,82 7F 99 42 3A 5A 73 42 D0 24 30 42
1788592559.104126,34680,0d03,12,22 92 9D 42 D0 B2 90 42 BE 16 30 42
1788592559.114748,34680,0d04,12,FD EE A5 42 9E C9 96 42 7B 71 40 42
1788592559.125219,34680,0d05,12,2A B3 B8 42 3C DC 9A 42 CA 82 52 42
1788592559.135791,34680,0d06,12,46 5E BD 42 FB 96 9C 42 D8 D0 3E 42
1788592559.146178,34680,0d07,12,5A B5 CC 42 96 4F A6 42 E0 13 44 42
1788592559.156784,34680,0d08,12,92 74 D6 42 30 6C 98 42 90 65 3F 42
1788592559.167314,34680,0d09,12,EB 13 D8 42 91 47 99 42 EB B1 5A 42
1788592559.178107,34680,0d0a,12,C4 A5 E7 42 50 2E 99 42 51 14 53 42
1788592559.188580,34680,0d0b,12,58 13 EF 42 4D 9F 91 42 BF A9 5C 42
1788592559.199177,34680,0d0c,12,EE ED F5 42 B7 AF 88 42 E7 A1 58 42
1788592559.232935,34680,0d0d,12,4C CA 00 43 D4 6A 70 42 E6 E4 74 42
1788592559.243455,34680,0d0e,12,AC 4F 03 43 1C 6F 62 42 CB E0 4E 42
1788592559.254443,34680,0d0f,12,3B 3F 07 43 7F 68 4E 42 DE A5 6E 42
1788592559.265035,34680,0d10,12,04 91 0A 43 C2 29 32 42 3F 30 5A 42
1788592559.275581,34680,0d11,12,E9 A1 0F 43 B5 0F 19 42 61 D1 71 42
1788592559.286117,34680,0d12,12,50 80 0E 43 DF 52 F7 41 07 88 79 42
1788592559.296730,34680,0d13,12,AF AE 12 43 C7 46 E3 41 DF FE 70 42
1788592559.307291,34680,0d14,12,D0 D8 14 43 E3 E7 CD 41 0C 90 78 42
1788592559.317801,34680,0d15,12,E3 A3 16 43 6A B7 A9 41 10 8C 80 42
1788592559.328341,34680,0d16,12,93 17 17 43 7E A8 98 41 FC BB 84 42
1788592559.338986,34680,0d17,12,05 3B 1A 43 63 92 A1 41 37 B4 81 42
1788592559.349818,34680,0d18,12,5F 02 15 43 6B 74 AB 41 E9 EE 8D 42
1788592559.360460,34680,0d19,12,2A 15 13 43 BE 8F AD 41 2B 86 86 42
1788592559.371062,34680,0d1a,12,EF E2 12 43 6B 73 C4 41 43 DD 8A 42
1788592559.381613,34680,0d1b,12,64 83 11 43 E0 CD F5 41 E0 9B 8A 42
1788592559.392302,34680,0d1c,12,56 5D 0D 43 DE E9 06 42 95 BC 8E 42
1788592559.402649,34680,0d1d,12,11 A3 0C 43 64 5F 24 42 82 48 92 42
1788592559.413088,34680,0d1e,12,70 C7 09 43 E7 6D 3A 42 AA F6 93 42
1788592559.423598,34680,0d1f,12,09 D9 07 43 DE 92 58 42 DE 8D 97 42
1788592559.434145,34680,0d20,12,05 5A 02 43 9D DF 5C 42 D5 59 97 42
1788592559.444634,34680,0d21,12,CA A2 FF 42 21 82 7A 42 4E 91 9D 42
1788592559.455278,34680,0d22,12,E8 A1 FA 42 05 C2 81 42 DC AE 9E 42
1788592559.465847,34680,0d23,12,22 5F E7 42 9B DF 94 42 3D C3 97 42
1788592559.476363,34680,0d24,12,02 7D E6 42 4B AB 9C 42 60 F8 9C 42
1788592559.487078,34680,0d25,12,35 54 D1 42 69 09 A0 42 D1 FA 99 42
1788592559.497873,34680,0d26,12,16 44 D0 42 DB F6 9D 42 6C C0 9F 42
1788592559.508465,34680,0d27,12,77 26 BF 42 A4 13 A0 42 2A A3 A1 42
1788592559.519610,34680,0d28,12,18 A9 B6 42 FB 18 A1 42 7F 63 A1 42
1788592559.530078,34680,0d29,12,77 22 A5 42 07 2F 9D 42 2E 04 A2 42
1788592559.540825,34680,0d2a,12,59 84 9D 42 3B 06 97 42 6F 2E AB 42
1788592559.551461,34680,0d2b,12,A8 97 99 42 4C EF 91 42 9C 55 AE 42
1788592559.562079,34680,0d2c,12,87 5A 93 42 35 66 7F 42 DB 78 AE 42
1788592559.573044,34680,0d2d,12,4D F3 8C 42 10 49 57 42 73 36 B4 42
1788592559.583671,34680,0d2e,12,7C A5 7F 42 B5 C6 45 42 36 F6 B1 42
1788592559.594129,34680,0d2f,12,EC DC 6E 42 E8 B3 41 42 C4 70 AE 42
1788592559.604691,34680,0d30,12,7E 10 6D 42 01 E4 2E 42 85 89 B8 42
1788592559.615382,34680,0d31,12,6B E5 59 42 BA 23 15 42 CA FD B6 42
1788592559.625826,34680,0d32,12,2D CC 61 42 45 D7 EF 41 86 AB BB 42
1788592559.636381,34680,0d33,12,D2 3C 57 42 9E 80 DE 41 BF 47 BB 42
1788592559.646976,34680,0d34,12,13 8E 57 42 81 D9 A8 41 45 98 C1 42
1788592559.657549,34680,0d35,12,67 65 4E 42 3C E3 A5 41 89 90 C3 42
1788592559.668055,34680,0d36,12,44 C5 3C 42 A7 C1 B6 41 61 4A C4 42
1788592559.678547,34680,0d37,12,BB D4 4E 42 0E 15 9F 41 B9 B0 C1 42
1788592559.689139,34680,0d38,12,43 8A 52 42 3E D5 A6 41 AC AB C0 42
1788592559.699715,34680,0d39,12,EF F8 52 42 72 85 B5 41 BE 05 C8 42
1788592559.710264,34680,0d3a,12,DD 59 49 42 C2 E7 CF 41 C2 52 CC 42
1788592559.720943,34680,0d3b,12,23 B5 5A 42 EF 7E 09 42 2B F5 C9 42
1788592559.731366,34680,0d3c,12,4A 6C 68 42 A9 3D 1E 42 76 21 D8 42
1788592559.741926,34680,0d3d,12,6F 4A 7A 42 DB DC 32 42 4E C4 CF 42
1788592559.752292,34680,0d3e,12,D3 62 84 42 50 68 3A 42 61 56 D4 42
1788592559.762982,34680,0d3f,12,BC 8D 89 42 1A 88 5A 42 7D 7D D7 42
1788592559.773686,34680,0d40,12,CC 73 8A 42 E7 61 7D 42 F7 05 D2 42
1788592559.784168,34680,0d41,12,AD 16 99 42 1C 1E 77 42 7A 78 DD 42
1788592559.794660,34680,0d42,12,9F 2D A5 42 5B 8B 8D 42 CE 33 D8 42
1788592559.805109,34680,0d43,12,2C AC B0 42 2C 69 97 42 D9 20 DA 42
1788592559.815636,34680,0d44,12,D8 D6 B1 42 83 BC 9C 42 92 70 DD 42
1788592559.826277,34680,0d45,12,37 8C BC 42 33 E7 A1 42 E6 25 DD 42
1788592559.836647,34680,0d46,12,8D A1 CF 42 35 09 A4 42 DD 82 E2 42
1788592559.847762,34680,0d47,12,6A B1 CF 42 5B 94 A1 42 FC 2C E2 42
1788592559.858509,34680,0d48,12,07 13 DD 42 52 16 97 42 64 ED EB 42
1788592559.869134,34680,0d49,12,2F 17 EB 42 23 FD 98 42 99 17 ED 42
1788592559.880270,34680,0d4a,12,E4 49 F4 42 8F 7B 92 42 F4 AA ED 42
1788592559.891007,34680,0d4b,12,C4 A4 F8 42 5D 36 83 42 E8 43 EA 42
1788592559.901544,34680,0d4c,12,39 B4 02 43 A9 8A 76 42 75 6F F7 42
1788592559.912095,34680,0d4d,12,C1 A9 01 43 2E 75 5C 42 6A F0 A6 41
1788592559.922631,34680,0d4e,12,88 F7 06 43 1F 5D 3C 42 E0 AD A0 41
1788592559.933148,34680,0d4f,12,E4 82 0B 43 2C 43 38 42 94 3E C8 41
1788592559.943672,34680,0d50,12,F9 DF 0E 43 BE 54 15 42 7D F7 BD 41
1788592559.954197,34680,0d51,12,74 DB 0F 43 8F 90 05 42 59 0A C2 41
1788592559.964696,34680,0d52,12,70 55 12 43 64 5B FD 41 44 F6 E3 41
1788592559.975404,34680,0d53,12,66 C4 15 43 1E 91 C7 41 83 87 E3 41
1788592559.985668,34680,0d54,12,47 51 19 43 C0 D1 B1 41 D0 6D D7 41
1788592559.996220,34680,0d55,12,04 9A 14 43 04 D7 B5 41 9E 28 DD 41
1788592560.006761,34680,0d56,12,A7 CB 16 43 9E 43 A0 41 19 BE CD 41
1788592560.017454,34680,0d57,12,AC 55 15 43 18 D9 B0 41 3C 4D F6 41
1788592560.029378,34680,0d58,12,31 49 12 43 72 A0 D2 41 7C 9D 15 42
1788592560.040090,34680,0d59,12,84 DB 15 43 C4 7B BC 41 F7 82 08 42
1788592560.050658,34680,0d5a,12,60 13 14 43 7A A6 0B 42 49 2E 04 42
1788592560.061201,34680,0d5b,12,8A 3E 0D 43 A2 F5 13 42 5B 91 10 42
1788592560.071732,34680,0d5c,12,A2 C7 0A 43 5F A7 1E 42 58 6E 12 42
1788592560.082263,34680,0d5d,12,1D 4E 08 43 58 E4 41 42 0C 10 0B 42
1788592560.092902,34680,0d5e,12,BF 46 06 43 20 07 59 42 2C BA 1A 42
1788592560.103509,34680,0d5f,12,20 1E 04 43 3F D8 6E 42 2B C2 19 42
1788592560.114095,34680,0d60,12,A9 15 FA 42 2C E6 7F 42 CE 8B 16 42
1788592560.124588,34680,0d61,12,4C 41 EE 42 23 97 86 42 4E C7 27 42
1788592560.135244,34680,0d62,12,65 73 E1 42 61 B7 9A 42 EB 84 2D 42
1788592560.145654,34680,0d63,12,CF 5B E2 42 7D A6 9D 42 A9 6C 2E 42
1788592560.156106,34680,0d64,12,41 09 D1 42 F5 CD A0 42 93 37 2E 42
1788592560.166707,34680,0d65,12,98 2A C9 42 B1 82 9D 42 78 5E 2D 42
1788592560.177247,34680,0d66,12,09 E1 C2 42 F5 10 9E 42 7A 99 38 42
1788592560.187747,34680,0d67,12,E9 E6 B0 42 64 AB 9E 42 26 5D 24 42
1788592560.201046,34680,0d68,12,DB EE A9 42 8E 0B 96 42 19 EE 34 42
1788592560.211641,34680,0d69,12,B7 C6 A0 42 01 67 98 42 5E 1B 4F 42
1788592560.222439,34680,0d6a,12,B6 26 98 42 2E 81 85 42 E3 E4 44 42
1788592560.232981,34680,0d6b,12,BA 71 8C 42 68 69 82 42 46 16 56 42
1788592560.243479,34680,0d6c,12,C9 E4 89 42 5F A9 5E 42 44 B3 55 42
1788592560.254080,34680,0d6d,12,93 D1 71 42 AE F9 4E 42 89 F4 58 42
1788592560.264641,34680,0d6e,12,C5 81 6E 42 A4 28 2F 42 86 D3 5C 42
1788592560.275407,34680,0d6f,12,50 79 68 42 C2 C5 14 42 4C AE 60 42
1788592560.286066,34680,0d70,12,92 68 6C 42 84 71 08 42 D9 6B 57 42
1788592560.296880,34680,0d71,12,B9 12 5C 42 F5 B5 E9 41 5E 02 5F 42
1788592560.307425,34680,0d72,12,2B 42 51 42 E7 66 CB 41 81 65 62 42
1788592560.317902,34680,0d73,12,96 8F 52 42 E5 6E A9 41 5F 74 66 42
1788592560.328533,34680,0d74,12,72 39 40 42 D8 B4 AB 41 50 71 69 42
1788592560.339069,34680,0d75,12,53 18 4E 42 90 E3 8A 41 5E 84 68 42
1788592560.349663,34680,0d76,12,16 95 4B 42 4D 85 9B 41 98 9C 76 42
1788592560.360216,34680,0d77,12,B3 AA 4E 42 C2 D2 CA 41 CF 17 6E 42
1788592560.370715,34680,0d78,12,0D 6B 4D 42 C8 F4 B9 41 27 00 81 42
1788592560.381172,34680,0d79,12,87 45 61 42 A9 23 EE 41 27 55 76 42
1788592560.391701,34680,0d7a,12,E4 51 62 42 45 6A 11 42 6E D2 7F 42
1788592560.402626,34680,0d7b,12,63 46 71 42 66 44 12 42 06 2D 8A 42
1788592560.412746,34680,0d7c,12,D4 2F 6C 42 E5 2F 36 42 FC D6 89 42
1788592560.423328,34680,0d7d,12,8B 46 84 42 98 D2 4A 42 F0 3B 87 42
1788592560.434065,34680,0d7e,12,8D EA 89 42 36 08 66 42 2B CD 8F 42
1788592560.444615,34680,0d7f,12,E8 18 95 42 DD FC 85 42 06 B0 86 42
1788592560.455084,34680,0d80,12,AB 5C 9F 42 1A 22 88 42 91 E8 8E 42
1788592560.465587,34680,0d81,12,5E A0 A6 42 AF D3 8D 42 DC 8A 87 42
1788592560.476121,34680,0d82,12,58 D9 A5 42 94 D6 93 42 B9 D0 92 42
1788592560.486619,34680,0d83,12,0E 9B B7 42 82 63 98 42 51 86 90 42
1788592560.497118,34680,0d84,12,6E 76 C3 42 61 25 A0 42 48 7D 9A 42
1788592560.507580,34680,0d85,12,DA DC C7 42 9B F3 A6 42 29 76 9D 42
1788592560.518427,34680,0d86,12,1E A6 D3 42 6D B2 A5 42 01 DA 99 42
1788592560.532893,34680,0d87,12,CB EA E0 42 71 87 99 42 8A 19 A3 42
1788592560.543791,34680,0d88,12,5B D2 E5 42 FB BB 95 42 F9 53 A5 42
1788592560.554398,34680,0d89,12,CA 7E F6 42 A0 A3 90 42 A1 BC 9E 42
1788592560.564958,34680,0d8a,12,12 56 F8 42 36 88 87 42 45 1A A4 42
1788592560.575341,34680,0d8b,12,42 02 00 43 04 02 6D 42 83 96 A4 42
1788592560.585844,34680,0d8c,12,52 05 0A 43 4D C8 5B 42 B6 B7 A4 42
1788592560.596676,34680,0d8d,12,6B 7B 0B 43 C0 B5 45 42 42 EE A8 42
1788592560.607380,34680,0d8e,12,2E EA 0A 43 D6 A4 22 42 45 CB AE 42
1788592560.617893,34680,0d8f,12,DD 04 0E 43 22 93 07 42 93 71 AE 42
1788592560.628377,34680,0d90,12,85 F4 10 43 6A 98 05 42 92 02 AF 42
1788592560.638869,34680,0d91,12,EB 53 11 43 44 F7 E3 41 B7 D6 B4 42
1788592560.649378,34680,0d92,12,15 87 10 43 6F 1D C3 41 CA 4A B4 42
1788592560.659863,34680,0d93,12,91 34 17 43 DF 24 AE 41 32 AC B1 42
1788592560.670413,34680,0d94,12,6D 63 18 43 7E 05 95 41 AE 9C AD 42
1788592560.680906,34680,0d95,12,BE 86 13 43 29 16 86 41 5A 30 B9 42
1788592560.691663,34680,0d96,12,FD DB 13 43 AA EA A1 41 14 1F B7 42
1788592560.702268,34680,0d97,12,C9 BF 12 43 53 44 C4 41 18 7D BD 42
1788592560.712935,34680,0d98,12,FD 27 12 43 E8 2E C9 41 8B EF BF 42
1788592560.723518,34680,0d99,12,F3 92 0F 43 DC 5B 02 42 0A 03 C3 42
1788592560.734240,34680,0d9a,12,AC B7 11 43 78 77 20 42 AD 21 C3 42
1788592560.744762,34680,0d9b,12,C7 23 0A 43 48 80 1E 42 B4 35 C1 42
1788592560.755504,34680,0d9c,12,EB 37 0C 43 9D 70 3D 42 B1 E2 CB 42
1788592560.765850,34680,0d9d,12,1C 35 05 43 38 BD 49 42 40 83 C7 42
1788592560.776238,34680,0d9e,12,B0 7E 03 43 FA 06 71 42 E5 DA C9 42
1788592560.786819,34680,0d9f,12,EB 08 FB 42 66 FD 87 42 8B BD D0 42
1788592560.797363,34680,0da0,12,15 52 EF 42 EB B1 8C 42 93 C5 CA 42
1788592560.808090,34680,0da1,12,84 C3 E9 42 35 F2 9A 42 84 2A D6 42
1788592560.818639,34680,0da2,12,84 92 DE 42 64 76 9C 42 7F BA CF 42
1788592560.829229,34680,0da3,12,4C CA D2 42 C8 03 A1 42 75 C8 D5 42
1788592560.839858,34680,0da4,12,BE 0A CE 42 AC CA 9E 42 27 0A DE 42
1788592560.850547,34680,0da5,12,28 D8 BD 42 34 B6 A3 42 95 32 D3 42
1788592560.860802,34680,0da6,12,78 36 BA 42 28 B1 A0 42 24 31 DF 42
1788592560.871382,34680,0da7,12,7A 19 B4 42 F8 D1 96 42 CB 50 D5 42
1788592560.881872,34680,0da8,12,4F 85 A5 42 9E 3B 8E 42 AF 3B E1 42
1788592560.892444,34680,0da9,12,E2 40 97 42 38 BF 87 42 47 96 DB 42
1788592560.903032,34680,0daa,12,AC 73 8B 42 D1 AC 76 42 00 13 DC 42
1788592560.913480,34680,0dab,12,F0 35 8C 42 45 12 67 42 AE 7A DD 42
1788592560.923979,34680,0dac,12,6D C9 7F 42 D3 55 3D 42 17 72 EC 42
1788592560.934530,34680,0dad,12,83 9A 81 42 4F D1 2B 42 4C 92 E5 42
1788592560.944935,34680,0dae,12,3B 95 67 42 34 56 16 42 0A 7A E3 42
1788592560.955443,34680,0daf,12,DB 12 5A 42 CB 73 03 42 22 4F F0 42
1788592560.965953,34680,0db0,12,2C FF 53 42 26 D2 CE 41 77 B6 F0 42
1788592560.976496,34680,0db1,12,5C E7 55 42 82 E6 D8 41 7B 6C 96 41
1788592560.987043,34680,0db2,12,C4 F7 45 42 89 EC A6 41 C6 59 AE 41
1788592560.997556,34680,0db3,12,DC 95 40 42 E5 E2 AD 41 95 6E B2 41
1788592561.008168,34680,0db4,12,19 BD 4B 42 2C 4B B3 41 E5 79 BB 41
1788592561.018742,34680,0db5,12,C2 45 52 42 A2 11 B9 41 9C 3D BD 41
1788592561.029209,34680,0db6,12,B1 7C 46 42 83 97 B3 41 53 9A D3 41
1788592561.039722,34680,0db7,12,25 9A 50 42 84 E1 CA 41 A3 A3 CC 41
1788592561.051543,34680,0db8,12,71 84 5C 42 2F 98 FD 41 B5 25 D0 41
1788592561.062179,34680,0db9,12,19 98 76 42 C2 79 10 42 78 0E D2 41
1788592561.072603,34680,0dba,12,2B ED 70 42 A9 E8 1D 42 43 74 DF 41
1788592561.083045,34680,0dbb,12,26 42 79 42 8A FD 42 42 6E 9E E2 41
1788592561.093581,34680,0dbc,12,24 37 83 42 D2 5A 4B 42 C6 99 F7 41
1788592561.104151,34680,0dbd,12,74 2E 8B 42 B5 2F 60 42 1D 70 E9 41
1788592561.114608,34680,0dbe,12,C5 03 91 42 D8 66 81 42 01 B0 15 42
1788592561.125105,34680,0dbf,12,F8 C1 9B 42 72 1A 88 42 8A 16 15 42
1788592561.135682,34680,0dc0,12,ED 1E 9E 42 52 D7 8E 42 E5 E2 0C 42
1788592561.146324,34680,0dc1,12,BD EE AC 42 74 D5 95 42 86 FC 11 42
1788592561.156619,34680,0dc2,12,8D 62 B1 42 F8 5C 92 42 16 7C 17 42
1788592561.167221,34680,0dc3,12,35 8B C0 42 7A 2D A1 42 3F 25 08 42
1788592561.178757,34680,0dc4,12,A2 94 C3 42 A3 8A 9F 42 17 DA 21 42
1788592561.189458,34680,0dc5,12,F8 9F DB 42 B2 0F 9E 42 DD 56 2B 42
1788592561.200060,34680,0dc6,12,79 47 E6 42 0F 18 9A 42 2B C3 1A 42
1788592561.210455,34680,0dc7,12,63 91 F1 42 7B D4 95 42 CA 81 20 42
1788592561.221006,34680,0dc8,12,7F 99 F1 42 5C 3D 93 42 93 57 27 42
1788592561.231647,34680,0dc9,12,F7 FF FA 42 7D 24 7F 42 A0 28 37 42
1788592561.242156,34680,0dca,12,B0 E3 FF 42 3A C6 67 42 35 CA 2B 42
1788592561.252836,34680,0dcb,12,91 AA 04 43 CF 66 57 42 5C 3A 3D 42
1788592561.263693,34680,0dcc,12,2E B7 07 43 E3 30 36 42 54 EE 46 42
1788592561.274241,34680,0dcd,12,B9 07 0D 43 3D D8 1D 42 E4 9E 3D 42
1788592561.284805,34680,0dce,12,DF 32 0F 43 39 91 09 42 B1 EB 3B 42
1788592561.295370,34680,0dcf,12,A7 77 13 43 3F D6 E5 41 1D F3 3A 42
1788592561.305754,34680,0dd0,12,78 0D 15 43 6A B1 B9 41 53 2F 4E 42
1788592561.316392,34680,0dd1,12,5C FE 16 43 E2 DB C7 41 13 B6 49 42
1788592561.326678,34680,0dd2,12,43 0D 1A 43 14 14 A9 41 44 8E 50 42
1788592561.337157,34680,0dd3,12,F9 56 17 43 BE 84 97 41 57 99 58 42
1788592561.347699,34680,0dd4,12,12 E8 15 43 AE A3 AF 41 4E 9E 64 42
1788592561.361424,34680,0dd5,12,39 3B 17 43 19 25 BB 41 90 79 62 42
1788592561.373530,34680,0dd6,12,57 D1 11 43 A1 65 D2 41 E8 EE 62 42
1788592561.384074,34680,0dd7,12,BA CE 13 43 A5 A7 DD 41 D0 72 67 42
1788592561.395565,34680,0dd8,12,4E E6 0F 43 A6 66 08 42 64 CE 6F 42
1788592561.406142,34680,0dd9,12,24 85 0F 43 63 6D 0B 42 2B 08 76 42
1788592561.417440,34680,0dda,12,5C 9B 07 43 87 CD 3E 42 32 9C 76 42
1788592561.428158,34680,0ddb,12,F6 E7 06 43 66 F8 4E 42 29 40 70 42
1788592561.438761,34680,0ddc,12,1E BC 04 43 02 A5 61 42 3B D8 71 42
1788592561.449221,34680,0ddd,12,5E AA 00 43 C0 DB 81 42 33 B4 82 42
1788592561.459754,34680,0dde,12,38 CD F8 42 B2 38 85 42 F2 A7 83 42
1788592561.470605,34680,0ddf,12,96 AF ED 42 39 51 8C 42 C9 C9 7E 42
1788592561.481035,34680,0de0,12,8A 87 E4 42 FC 0C 93 42 BB 6E 87 42
1788592561.491720,34680,0de1,12,D1 45 E7 42 74 86 A0 42 D1 31 82 42
1788592561.502131,34680,0de2,12,79 C7 D3 42 B8 D5 A0 42 A5 21 8E 42
1788592561.512595,34680,0de3,12,D2 C5 CC 42 C4 B2 9D 42 0A B9 8C 42
1788592561.523302,34680,0de4,12,DD 8B C2 42 32 B2 9C 42 69 5E 90 42
1788592561.534310,34680,0de5,12,C6 5D B6 42 A7 96 9A 42 D7 1D 94 42
1788592561.544842,34680,0de6,12,24 13 AE 42 26 10 98 42 CD 33 96 42
1788592561.555487,34680,0de7,12,E8 52 A6 42 15 C7 89 42 05 F4 91 42
1788592561.565996,34680,0de8,12,46 18 95 42 77 31 80 42 9D 1F 9E 42
1788592561.576477,34680,0de9,12,DD 0D 95 42 B4 E4 70 42 77 52 98 42
1788592561.588358,34680,0dea,12,C6 D3 81 42 34 62 61 42 75 EC 98 42
1788592561.598890,34680,0deb,12,10 D7 75 42 F4 16 45 42 B7 B5 9A 42
1788592561.609360,34680,0dec,12,BE C7 74 42 AC 4B 28 42 34 30 A1 42
1788592561.619813,34680,0ded,12,C8 22 61 42 3E 19 0F 42 A7 DB 9E 42
1788592561.630333,34680,0dee,12,51 01 62 42 18 69 F6 41 A1 5B A8 42
1788592561.640863,34680,0def,12,17 DF 54 42 E7 9E DD 41 07 73 A6 42
1788592561.651636,34680,0df0,12,B4 E1 51 42 16 57 BE 41 CD 2C A4 42
1788592561.662326,34680,0df1,12,77 BE 4C 42 FA 7F 8E 41 C3 3D A4 42
1788592561.672874,34680,0df2,12,E7 52 49 42 80 8A A9 41 B3 91 A6 42
1788592561.683381,34680,0df3,12,BB 00 4A 42 E8 D6 A7 41 CD 7B AB 42
1788592561.694000,34680,0df4,12,BC 19 42 42 E9 47 AF 41 71 61 AB 42
1788592561.704520,34680,0df5,12,A9 EE 50 42 0D 21 9C 41 FE 69 AA 42
1788592561.715050,34680,0df6,12,5C 95 47 42 40 EB D2 41 CD F7 B0 42
1788592561.725537,34680,0df7,12,28 73 57 42 84 05 04 42 43 F2 B1 42
1788592561.736042,34680,0df8,12,FD DD 5D 42 A7 27 0A 42 0A C0 AF 42
1788592561.749371,34680,0df9,12,82 DE 7D 42 B5 94 29 42 F7 9D B8 42
1788592561.760000,34680,0dfa,12,15 A3 87 42 FC FF 35 42 D6 12 BD 42
1788592561.777984,34680,0dfb,12,84 45 83 42 CF 46 55 42 7E FB BE 42
1788592561.787818,34680,0dfc,12,3D 9A 8B 42 35 46 74 42 70 38 C1 42
1788592561.798432,34680,0dfd,12,A6 76 96 42 E4 1E 81 42 7E CC C8 42
1788592561.808996,34680,0dfe,12,FD E7 9B 42 59 54 8C 42 38 0E BC 42
1788592561.819455,34680,0dff,12,68 8E A4 42 03 6F 93 42 8D 5F C1 42
1788592561.829946,34680,0e00,12,CC 8F B2 42 0A 9B 91 42 09 DC BF 42
1788592561.840609,34680,0e01,12,2E 0A B7 42 90 DC 98 42 58 42 CF 42
1788592561.851312,34680,0e02,12,67 E9 CA 42 AE 46 9F 42 43 F3 C7 42
1788592561.862091,34680,0e03,12,D9 2F D1 42 E3 21 A0 42 5E BD CE 42
1788592561.872537,34680,0e04,12,A7 C1 D7 42 D5 F4 9F 42 08 01 CB 42
1788592561.883036,34680,0e05,12,53 D0 DE 42 AD 4B 98 42 71 AA CD 42
1788592561.893718,34680,0e06,12,FE CD EB 42 6A BA 95 42 40 23 D5 42
1788592561.904346,34680,0e07,12,F3 2E EF 42 E1 A6 89 42 11 B5 D6 42
1788592561.915330,34680,0e08,12,B5 34 F8 42 29 2A 79 42 AB DD DD 42
1788592561.925942,34680,0e09,12,25 2B 04 43 39 04 5B 42 01 2E D9 42
1788592561.936652,34680,0e0a,12,CC D3 06 43 66 E5 42 42 D4 A3 DC 42
1788592561.947208,34680,0e0b,12,BC F0 08 43 F2 B6 40 42 1E 15 DD 42
1788592561.957743,34680,0e0c,12,AC 45 0D 43 5D B6 2D 42 74 75 DF 42
1788592561.968483,34680,0e0d,12,6F C5 0F 43 39 26 FB 41 7F 3B E1 42
1788592561.979076,34680,0e0e,12,4E C6 12 43 7E 9E EC 41 88 2E E4 42
1788592561.989671,34680,0e0f,12,3E 0A 12 43 1E 2E DB 41 FC 22 EA 42
1788592562.000138,34680,0e10,12,62 4D 17 43 90 01 A7 41 B1 AD E8 42
1788592562.010717,34680,0e11,12,78 27 17 43 33 7D AB 41 C9 17 E9 42
1788592562.021228,34680,0e12,12,F2 19 16 43 AC C0 A2 41 07 67 F0 42
1788592562.031863,34680,0e13,12,40 30 16 43 08 82 A8 41 A6 9B EC 42
1788592562.042479,34680,0e14,12,2E A8 16 43 F0 DE 8E 41 D3 DF F2 42
1788592562.053047,34680,0e15,12,E4 92 15 43 67 BC C4 41 64 67 94 41
1788592562.063751,34680,0e16,12,AF 4E 10 43 99 A5 CC 41 0F 1A A5 41
1788592562.074167,34680,0e17,12,F1 A8 14 43 BA D5 FF 41 52 C7 C9 41
1788592562.084784,34680,0e18,12,54 D1 09 43 47 3F 21 42 C4 FF A6 41
1788592562.095285,34680,0e19,12,9E 72 0C 43 B2 5B 3A 42 7E 87 A4 41
1788592562.105800,34680,0e1a,12,0A C1 07 43 90 0C 49 42 89 44 CD 41
1788592562.116359,34680,0e1b,12,49 A0 02 43 13 E1 61 42 0D C7 D8 41
1788592562.127270,34680,0e1c,12,25 9E 00 43 E9 A3 79 42 58 76 01 42
1788592562.137900,34680,0e1d,12,29 5C F5 42 9E CF 86 42 4E 3F D7 41
1788592562.148392,34680,0e1e,12,5D B4 EA 42 AC BD 93 42 3F 33 F4 41
1788592562.158885,34680,0e1f,12,2E 38 E7 42 B3 54 95 42 A3 38 F2 41
1788592562.169836,34680,0e20,12,F0 54 D9 42 A7 52 9B 42 BD 48 F9 41
1788592562.180347,34680,0e21,12,D7 6D D2 42 AE E0 9E 42 4D 09 F6 41
1788592562.190939,34680,0e22,12,AA 7B CB 42 3F BC A6 42 BA 4A 11 42
1788592562.204190,34680,0e23,12,4D 6C B6 42 66 1E 9C 42 EB E3 08 42
1788592562.214690,34680,0e24,12,3B E6 B8 42 DE F3 98 42 55 27 0E 42
1788592562.225325,34680,0e25,12,0A 6D AA 42 9E EA 95 42 54 07 0A 42
1788592562.237097,34680,0e26,12,78 51 A1 42 F1 C1 92 42 FB C6 0C 42
1788592562.248876,34680,0e27,12,C2 A9 99 42 0B 78 83 42 37 AE 1B 42
1788592562.259457,34680,0e28,12,D2 E4 90 42 16 E5 78 42 4C 9E 12 42
1788592562.269971,34680,0e29,12,E5 6D 83 42 5C 3B 5C 42 1E 9B 28 42
1788592562.280483,34680,0e2a,12,55 31 78 42 9D 30 36 42 7D FF 22 42
1788592562.291436,34680,0e2b,12,DD 14 71 42 94 E9 27 42 9B D4 2B 42
1788592562.302053,34680,0e2c,12,02 4E 6A 42 E6 1C 1A 42 9F 35 35 42
1788592562.312750,34680,0e2d,12,C1 2C 66 42 D2 8E F4 41 E4 0C 33 42
1788592562.323658,34680,0e2e,12,04 07 4D 42 C1 5C F0 41 81 CE 2F 42
1788592562.334153,34680,0e2f,12,98 86 5E 42 64 E3 BA 41 26 83 34 42
1788592562.344735,34680,0e30,12,E8 C9 5B 42 5F 5A AD 41 0B 42 37 42
1788592562.355191,34680,0e31,12,E8 AA 3E 42 7C B9 97 41 25 86 37 42
1788592562.365750,34680,0e32,12,03 C3 3C 42 5C 97 BB 41 2B 58 46 42
1788592562.376252,34680,0e33,12,3C AD 32 42 CB 1E A9 41 2B 24 49 42
1788592562.386660,34680,0e34,12,A2 69 44 42 34 20 B8 41 89 60 5A 42
1788592562.397230,34680,0e35,12,61 AB 61 42 28 E5 D2 41 2A 16 4D 42
1788592562.407996,34680,0e36,12,A7 26 53 42 68 94 ED 41 05 75 4D 42
1788592562.418472,34680,0e37,12,31 A7 5C 42 B9 69 0B 42 7D D7 49 42
1788592562.429422,34680,0e38,12,25 B1 71 42 6E 13 2B 42 8D C7 58 42
1788592562.439974,34680,0e39,12,46 AD 77 42 24 B7 38 42 E3 A0 53 42
1788592562.450561,34680,0e3a,12,E9 C6 8D 42 AE DA 55 42 13 DA 66 42
1788592562.461174,34680,0e3b,12,3C 1A 92 42 97 13 68 42 19 8C 68 42
1788592562.472188,34680,0e3c,12,BF BD 94 42 6D 16 81 42 A1 60 65 42
1788592562.482624,34680,0e3d,12,28 EE 99 42 44 91 8D 42 AF 6F 67 42
1788592562.493077,34680,0e3e,12,A3 51 A6 42 BF B9 97 42 D6 4F 74 42
1788592562.505968,34680,0e3f,12,EB 06 B4 42 45 E3 97 42 95 C2 77 42
1788592562.515991,34680,0e40,12,F7 6E B7 42 66 8E 9A 42 FE 0A 7F 42
1788592562.526443,34680,0e41,12,5D 11 C6 42 16 08 A4 42 ED A0 86 42
1788592562.536947,34680,0e42,12,CC E6 D3 42 6E 71 A2 42 85 24 82 42
1788592562.547433,34680,0e43,12,A3 E8 DE 42 4A 74 9D 42 B1 69 7F 42
1788592562.557929,34680,0e44,12,CB E5 E6 42 5F 3B 95 42 51 79 85 42
1788592562.568411,34680,0e45,12,CD 16 E7 42 35 A8 8D 42 E6 23 8E 42
1788592562.579003,34680,0e46,12,7A 90 FC 42 C8 C5 8F 42 FD A2 89 42
1788592562.589476,34680,0e47,12,4A 97 FD 42 0A 4C 76 42 C5 F1 87 42
1788592562.600156,34680,0e48,12,AD 1B 02 43 93 45 63 42 18 9D 91 42
1788592562.610713,34680,0e49,12,99 34 06 43 CA AB 4C 42 94 CD 93 42
1788592562.621198,34680,0e4a,12,05 3D 0C 43 7F 34 34 42 CE D1 90 42
1788592562.631805,34680,0e4b,12,8E C3 0A 43 99 C7 23 42 89 4F 95 42
1788592562.642321,34680,0e4c,12,D3 4F 0E 43 1E D4 FB 41 0C CD 9A 42
1788592562.652865,34680,0e4d,12,A5 71 13 43 88 31 FB 41 A7 FB 9B 42
1788592562.663383,34680,0e4e,12,34 88 13 43 66 93 DB 41 07 CE 99 42
1788592562.673919,34680,0e4f,12,5B EC 12 43 90 CA AB 41 18 65 9D 42
1788592562.684395,34680,0e50,12,EE CF 17 43 FE F2 8F 41 20 8B 99 42
1788592562.694872,34680,0e51,12,D3 64 14 43 06 34 B9 41 5D F6 9E 42
1788592562.705437,34680,0e52,12,58 3B 16 43 8B 40 9D 41 CD 7B A3 42
1788592562.715913,34680,0e53,12,20 43 13 43 96 0D 94 41 5E EF A7 42
1788592562.726842,34680,0e54,12,EE A0 14 43 08 A9 B0 41 A9 F2 A6 42
1788592562.737304,34680,0e55,12,B6 B3 0F 43 D6 D3 F2 41 70 25 A0 42
1788592562.748409,34680,0e56,12,4A 06 11 43 27 BF FF 41 96 4A AD 42
1788592562.758996,34680,0e57,12,8F 44 0A 43 53 80 24 42 4E 2F AF 42
1788592562.769375,34680,0e58,12,79 7C 09 43 AC A8 35 42 1F 62 AE 42
1788592562.779891,34680,0e59,12,19 C6 07 43 06 B1 55 42 6C C2 B1 42
1788592562.790598,34680,0e5a,12,DA EB 02 43 40 E7 64 42 DA 40 B0 42
1788592562.801290,34680,0e5b,12,FA 6B 00 43 53 D8 75 42 ED 37 B5 42
1788592562.811833,34680,0e5c,12,90 B4 F1 42 06 BE 8D 42 9A 07 B7 42
1788592562.822513,34680,0e5d,12,F2 34 E9 42 CA 88 92 42 53 87 BA 42
1788592562.833155,34680,0e5e,12,DE D4 E1 42 33 3C 9B 42 AA B4 B2 42
1788592562.843858,34680,0e5f,12,E2 E8 D5 42 9D EA 99 42 D7 37 BD 42
1788592562.854645,34680,0e60,12,63 2B CA 42 7B C9 A0 42 4C 54 BB 42
1788592562.865558,34680,0e61,12,CE C5 C5 42 41 47 A2 42 3E 01 BF 42
1788592562.876090,34680,0e62,12,A9 44 B4 42 AF F9 9F 42 C9 22 BF 42
1788592562.886611,34680,0e63,12,0C 6F B1 42 1F B3 9B 42 D8 15 C5 42
1788592562.897192,34680,0e64,12,5A A8 A6 42 CC 8D 9A 42 81 84 C4 42
1788592562.907999,34680,0e65,12,04 90 9B 42 0E 6D 85 42 62 6B C3 42
1788592562.918782,34680,0e66,12,68 C4 97 42 46 15 82 42 E6 E5 C6 42
1788592562.929374,34680,0e67,12,D9 6C 91 42 E5 81 6C 42 9C F4 C9 42
1788592562.939796,34680,0e68,12,51 AB 87 42 E2 F4 51 42 71 0F CC 42
1788592562.950350,34680,0e69,12,86 C1 79 42 25 6C 3F 42 09 CB D3 42
1788592562.960890,34680,0e6a,12,9B 34 66 42 18 D6 26 42 A4 E8 D3 42
1788592562.971421,34680,0e6b,12,4E 3C 64 42 85 0A 0E 42 DD D2 CB 42
1788592562.981989,34680,0e6c,12,C3 98 57 42 9A 8A 03 42 01 BE DA 42
1788592562.992906,34680,0e6d,12,CE C7 4F 42 20 4D B6 41 BC 26 DA 42
1788592563.003722,34680,0e6e,12,DB 0C 4C 42 57 C9 BD 41 B3 16 DE 42
1788592563.014235,34680,0e6f,12,9C BF 3E 42 06 6B BF 41 BE 83 D8 42
1788592563.024759,34680,0e70,12,DE A3 52 42 D6 87 A2 41 CC 1F E0 42
1788592563.035084,34680,0e71,12,ED D3 52 42 AB F4 97 41 CE E6 D6 42
1788592563.045595,34680,0e72,12,13 98 46 42 8E 36 A8 41 65 BC E1 42
1788592563.056062,34680,0e73,12,4F 06 4A 42 17 A2 CA 41 8B E5 E5 42
1788592563.066554,34680,0e74,12,DD AD 5A 42 F6 10 C6 41 73 C1 ED 42
1788592563.077038,34680,0e75,12,C9 26 6C 42 B6 3A 00 42 1F A8 E8 42
1788592563.087566,34680,0e76,12,84 C2 5E 42 E1 E2 10 42 06 17 EB 42
1788592563.098208,34680,0e77,12,78 3E 74 42 D9 15 2F 42 DA F1 EC 42
1788592563.108925,34680,0e78,12,3A 1D 81 42 7D E9 47 42 22 95 EB 42
1788592563.119348,34680,0e79,12,25 B8 8A 42 04 9E 59 42 18 C6 AF 41
1788592563.131909,34680,0e7a,12,68 0C 8B 42 8D 48 77 42 24 86 B9 41
1788592563.142483,34680,0e7b,12,AB 9B 94 42 C4 FB 88 42 8E D9 B3 41
1788592563.153043,34680,0e7c,12,30 F5 A4 42 58 C2 94 42 E2 39 BF 41
1788592573.165345,34680,0e7e,12,4C E9 A5 42 C2 0E 92 42 4C 58 B6 41
1788592573.174800,34680,0e7f,12,40 A7 AB 42 E0 64 9C 42 B7 9B E1 41
1788592573.185506,34680,0e80,12,DC D1 C0 42 A3 05 9E 42 57 07 D9 41
1788592573.195919,34680,0e81,12,76 9E D1 42 98 96 A2 42 7E 5C D1 41
1788592573.206430,34680,0e82,12,6F E1 CF 42 31 43 9D 42 43 7C E4 41
1788592573.216936,34680,0e83,12,65 C2 DD 42 46 3F 9E 42 B4 D8 E4 41
1788592573.227458,34680,0e84,12,65 AA EA 42 B7 1B 9C 42 84 96 E6 41
1788592573.237874,34680,0e85,12,90 43 EF 42 B9 4D 8A 42 63 37 E7 41
1788592573.248405,34680,0e86,12,87 E9 F1 42 BF 6D 81 42 57 B1 EC 41
1788592573.259051,34680,0e87,12,3A 68 00 43 CA C5 75 42 53 9A FC 41
1788592573.269501,34680,0e88,12,DF 73 06 43 BC 4B 5F 42 D8 91 12 42
1788592573.280134,34680,0e89,12,F8 90 08 43 CB 13 3B 42 BB 5C 0D 42
1788592573.290713,34680,0e8a,12,D4 55 0B 43 6F 37 30 42 7A CC 06 42
1788592573.301692,34680,0e8b,12,38 7E 10 43 DA 5B 11 42 34 66 0E 42
1788592573.312246,34680,0e8c,12,39 E2 0F 43 D6 29 07 42 67 B5 19 42
1788592573.322812,34680,0e8d,12,21 11 11 43 D5 30 E2 41 7F 18 19 42
1788592573.333388,34680,0e8e,12,BE 41 14 43 3D 54 B6 41 46 19 1F 42
1788592573.343904,34680,0e8f,12,A9 FE 15 43 A3 8C AA 41 7C 35 1C 42
1788592573.354436,34680,0e90,12,CB 3E 17 43 3E 02 97 41 97 9E 26 42
1788592573.365242,34680,0e91,12,8C CB 13 43 0E 53 95 41 85 CB 1F 42
1788592573.375741,34680,0e92,12,1E 9A 15 43 D6 85 CE 41 46 B7 2F 42
1788592573.386391,34680,0e93,12,C3 2C 13 43 FE 84 C5 41 B4 BA 2D 42
1788592573.397002,34680,0e94,12,A0 A9 11 43 60 F1 BB 41 56 A3 31 42
1788592573.407972,34680,0e95,12,07 E7 14 43 D1 58 EE 41 83 B0 3E 42
1788592573.418336,34680,0e96,12,FC C0 0A 43 62 FF 01 42 1F BB 38 42
1788592573.429220,34680,0e97,12,FE E5 0C 43 43 97 1D 42 64 00 3C 42
1788592573.440309,34680,0e98,12,56 92 07 43 B0 F4 37 42 CE C7 48 42
1788592573.451277,34680,0e99,12,D1 56 06 43 77 0A 4D 42 49 00 4E 42
1788592573.462044,34680,0e9a,12,36 3D 03 43 68 8F 69 42 68 BC 54 42
1788592573.474637,34680,0e9b,12,75 3E FA 42 90 B3 7E 42 6B 7B 54 42
1788592573.485299,34680,0e9c,12,4A 28 EC 42 45 42 89 42 37 FD 4F 42
1788592573.495823,34680,0e9d,12,3A 04 ED 42 A6 5C 91 42 CB 19 56 42
1788592573.506507,34680,0e9e,12,F4 CB DD 42 91 C2 9D 42 51 E3 5C 42
1788592573.517021,34680,0e9f,12,4D F5 D2 42 FD 09 9E 42 BF 25 64 42
1788592573.527496,34680,0ea0,12,4D 04 CC 42 DB F1 9A 42 0F 92 79 42
1788592573.538134,34680,0ea1,12,02 99 BD 42 7F B6 A3 42 5F 7E 6F 42
1788592573.548688,34680,0ea2,12,31 C8 B9 42 9E 2C 9C 42 CA 5E 6F 42
1788592573.559193,34680,0ea3,12,D8 1C AC 42 88 D9 94 42 FC 3B 75 42
1788592573.569746,34680,0ea4,12,3E 95 A7 42 E8 2F 8B 42 24 12 79 42
1788592573.580211,34680,0ea5,12,3F EA 9F 42 76 19 8B 42 42 D4 82 42
1788592573.590678,34680,0ea6,12,D8 45 95 42 9C D9 83 42 20 02 77 42
1788592573.601457,34680,0ea7,12,E4 9E 89 42 09 FA 6E 42 26 45 81 42
1788592573.612049,34680,0ea8,12,7D 9B 87 42 66 A9 51 42 EA 37 82 42
1788592573.623528,34680,0ea9,12,39 19 80 42 A2 E4 2D 42 5D 7C 87 42
1788592573.634168,34680,0eaa,12,04 23 75 42 60 5E 2C 42 0F 2C 83 42
1788592573.645302,34680,0eab,12,67 72 6B 42 FD E8 11 42 1C 44 88 42
1788592573.655820,34680,0eac,12,7B 9A 56 42 CA 08 F4 41 DF 4F 8A 42
1788592573.666778,34680,0ead,12,14 C6 4C 42 E3 FC B9 41 75 4A 8D 42
1788592573.677019,34680,0eae,12,3F 36 4B 42 2F 2B B0 41 5E F0 8C 42
1788592573.687768,34680,0eaf,12,70 5D 50 42 A1 D4 A2 41 38 41 8E 42
1788592573.698740,34680,0eb0,12,17 3E 54 42 F9 39 84 41 24 95 99 42
1788592573.709276,34680,0eb1,12,D7 A5 4C 42 7A AE A3 41 9A C6 95 42
1788592573.719936,34680,0eb2,12,8A 8A 48 42 57 56 A9 41 E1 F9 97 42
1788592573.730330,34680,0eb3,12,FA 33 55 42 1C 1C A7 41 04 0B 93 42
1788592573.740898,34680,0eb4,12,34 2F 55 42 F4 BA B9 41 D2 8B 9E 42
1788592573.751495,34680,0eb5,12,2B B0 6D 42 54 6D 02 42 7C 16 9A 42
1788592573.761940,34680,0eb6,12,C1 B7 6D 42 20 7E 0D 42 AF D0 9D 42
1788592573.772452,34680,0eb7,12,8D C9 70 42 51 52 33 42 0A D0 9F 42
1788592573.784211,34680,0eb8,12,C1 2E 85 42 13 F0 40 42 39 62 A7 42
1788592573.794792,34680,0eb9,12,2C BF 84 42 E3 E6 71 42 AA FA AE 42
1788592573.805282,34680,0eba,12,02 69 8D 42 41 19 7C 42 19 8B 9E 42
1788592573.815799,34680,0ebb,12,49 CE 9F 42 9E C5 7F 42 65 D3 A6 42
1788592573.826300,34680,0ebc,12,6F 92 A6 42 86 76 94 42 E6 90 A9 42
1788592573.836917,34680,0ebd,12,B1 67 AB 42 6E AD 93 42 18 8E AA 42
1788592573.847439,34680,0ebe,12,5D 4D B2 42 A6 C6 9C 42 D5 B7 B1 42
1788592573.858009,34680,0ebf,12,E1 1D BC 42 29 B5 9B 42 EA A6 B1 42
1788592573.868530,34680,0ec0,12,15 02 C7 42 CD DB A0 42 AA E2 B9 42
1788592573.879033,34680,0ec1,12,9D F2 CC 42 55 B0 9D 42 60 83 B9 42
1788592573.889586,34680,0ec2,12,E3 C0 DA 42 88 00 95 42 F9 1D BE 42
1788592573.900142,34680,0ec3,12,1B CA DA 42 55 26 97 42 BC 0D BB 42
1788592573.910673,34680,0ec4,12,F4 CB F3 42 0D F6 89 42 50 7B B8 42
1788592573.921302,34680,0ec5,12,36 A5 F7 42 65 9E 81 42 93 9C BD 42
1788592573.931877,34680,0ec6,12,B8 35 00 43 B5 BD 71 42 C0 40 C7 42
1788592573.942447,34680,0ec7,12,09 45 05 43 69 A1 5C 42 CE 69 C2 42
1788592573.953044,34680,0ec8,12,C5 CA 07 43 85 60 44 42 F7 58 C8 42
1788592573.963544,34680,0ec9,12,97 C1 0B 43 60 A4 17 42 29 86 C1 42
1788592573.974383,34680,0eca,12,86 14 0C 43 E1 0E 18 42 C8 5C C8 42
1788592573.984932,34680,0ecb,12,D1 3F 0E 43 F7 53 0A 42 B9 0B C4 42
1788592573.995466,34680,0ecc,12,2B E5 12 43 6E A8 F9 41 F3 9D CB 42
1788592574.005952,34680,0ecd,12,96 E6 14 43 48 71 B8 41 E6 75 CE 42
1788592574.016670,34680,0ece,12,1F 54 12 43 57 92 9C 41 AD B7 D3 42
1788592574.027342,34680,0ecf,12,D5 03 16 43 6E 35 BA 41 66 3C DA 42
1788592574.037981,34680,0ed0,12,8F A7 14 43 E9 32 93 41 F3 83 D7 42
1788592574.048515,34680,0ed1,12,4D 53 17 43 A2 E0 9D 41 EB A6 D3 42
1788592574.059094,34680,0ed2,12,84 E3 16 43 7D A4 B9 41 71 BF D8 42
1788592574.069612,34680,0ed3,12,0D 8B 11 43 28 F7 BE 41 DE 77 DE 42
1788592574.081425,34680,0ed4,12,85 31 0F 43 80 6F E8 41 D3 DF E0 42
1788592574.092120,34680,0ed5,12,72 0A 12 43 46 A4 17 42 18 05 E2 42
1788592574.102698,34680,0ed6,12,45 76 0C 43 CE AA 21 42 F6 81 DD 42
1788592574.114425,34680,0ed7,12,20 3D 05 43 6F 6D 3E 42 44 49 E9 42
1788592574.124964,34680,0ed8,12,FE 01 05 43 55 0C 61 42 92 B1 E2 42
1788592574.135532,34680,0ed9,12,0F 53 01 43 AE F7 72 42 38 74 E1 42
1788592574.146175,34680,0eda,12,C3 F0 FC 42 31 6D 7E 42 88 CD E1 42
1788592574.156973,34680,0edb,12,1F 9C EF 42 BC 54 8D 42 26 07 E9 42
1788592574.167665,34680,0edc,12,28 D9 E9 42 E8 31 94 42 B6 2A E8 42
1788592574.178264,34680,0edd,12,60 45 E1 42 D4 E5 9F 42 4F 26 EB 42
1788592574.188785,34680,0ede,12,53 43 D9 42 69 C4 9A 42 5A CD A8 41
1788592574.199341,34680,0edf,12,55 D8 D4 42 5D 44 A1 42 5B 1C A0 41
1788592574.209984,34680,0ee0,12,53 50 C3 42 AA AE 9F 42 55 61 A7 41
1788592574.220753,34680,0ee1,12,D3 4D B6 42 20 07 9F 42 9D 0A DB 41
1788592574.231271,34680,0ee2,12,6E 72 B7 42 0E 61 95 42 CF EF C0 41
1788592574.241951,34680,0ee3,12,08 7A A1 42 3F A6 8F 42 59 50 D0 41
1788592574.252382,34680,0ee4,12,AE 64 97 42 CC BB 8B 42 41 B6 DE 41
1788592574.262957,34680,0ee5,12,5E 9C 8A 42 EC EE 76 42 D5 C0 E5 41
1788592574.273506,34680,0ee6,12,57 B8 83 42 E2 4B 6D 42 DF 43 DA 41
1788592574.284307,34680,0ee7,12,30 1C 83 42 3C 70 54 42 0F 47 EA 41
1788592574.294520,34680,0ee8,12,5B 23 7C 42 B3 C6 31 42 41 18 F3 41
1788592574.305047,34680,0ee9,12,DB A5 70 42 14 32 1C 42 CC 27 00 42
1788592574.315611,34680,0eea,12,C1 6A 5B 42 0C D4 06 42 12 B1 06 42
1788592574.326166,34680,0eeb,12,87 C2 50 42 75 0D F2 41 81 BC 0C 42
1788592574.336931,34680,0eec,12,65 9D 5E 42 43 DD B9 41 04 A0 09 42
1788592574.347331,34680,0eed,12,5C 07 4B 42 AB 94 BE 41 1C 0D 11 42
1788592574.357924,34680,0eee,12,97 9D 44 42 40 E6 AA 41 66 94 1E 42
1788592574.368505,34680,0eef,12,68 7D 45 42 DA 9A BB 41 8E 56 1E 42
1788592574.379286,34680,0ef0,12,77 87 51 42 36 04 A3 41 08 3B 1C 42
1788592574.390090,34680,0ef1,12,65 FB 43 42 12 F9 A7 41 BA 0A 23 42
1788592574.400651,34680,0ef2,12,47 3A 51 42 06 78 C7 41 B9 78 10 42
1788592574.411314,34680,0ef3,12,F4 58 5F 42 48 75 E0 41 89 F7 2F 42
1788592574.441347,34680,0ef4,12,5C 91 66 42 AE 46 0A 42 6F 11 2C 42
1788592574.451898,34680,0ef5,12,11 06 6E 42 82 31 1B 42 51 04 3A 42
1788592574.462536,34680,0ef6,12,C9 2E 7A 42 0E BB 2A 42 42 4C 3C 42
1788592574.473109,34680,0ef7,12,E8 63 84 42 56 C1 49 42 B3 B5 2D 42
1788592574.483786,34680,0ef8,12,91 0A 86 42 79 16 5F 42 BD E5 35 42
1788592574.494270,34680,0ef9,12,DE 2A 8F 42 2B E9 70 42 71 6D 34 42
1788592574.504809,34680,0efa,12,94 C0 9A 42 53 2F 83 42 41 C5 54 42
1788592574.515351,34680,0efb,12,9A D9 A2 42 57 F5 90 42 7D 79 41 42
1788592574.525921,34680,0efc,12,B9 7C AF 42 66 EF 9E 42 EA CE 46 42
1788592574.536570,34680,0efd,12,53 8E BF 42 20 CE 9D 42 FC 42 45 42
1788592574.547242,34680,0efe,12,70 62 BF 42 00 3D 9E 42 C6 BE 4D 42
1788592574.557836,34680,0eff,12,49 62 CB 42 49 C9 9D 42 AB 90 57 42
1788592574.568285,34680,0f00,12,EF 13 D8 42 A6 02 9E 42 5D DE 51 42
1788592574.578877,34680,0f01,12,83 B1 DB 42 34 C3 9D 42 40 F6 59 42
1788592574.589410,34680,0f02,12,5B 77 E7 42 09 66 90 42 5D 66 5F 42
1788592574.599932,34680,0f03,12,60 B3 F5 42 6C 49 87 42 3C 78 6E 42
1788592574.610525,34680,0f04,12,E6 88 F9 42 86 78 8E 42 B1 EB 62 42
1788592574.621058,34680,0f05,12,C6 7C 02 43 6D DD 74 42 6F E9 68 42
1788592574.631539,34680,0f06,12,84 BC 04 43 97 58 4C 42 47 5A 6B 42
1788592574.642149,34680,0f07,12,7D 4B 0A 43 53 EC 4D 42 CE DF 7E 42
1788592574.652954,34680,0f08,12,63 06 0E 43 9E C2 1B 42 3F 10 6F 42
1788592574.663614,34680,0f09,12,0F E0 14 43 35 38 16 42 3F 48 78 42
1788592574.674258,34680,0f0a,12,16 C2 13 43 62 36 E7 41 81 B5 85 42
1788592574.687760,34680,0f0b,12,D1 D5 10 43 E4 3A E9 41 0F 46 88 42
1788592574.698621,34680,0f0c,12,AC A2 17 43 A4 98 B5 41 BF 38 83 42
1788592574.709170,34680,0f0d,12,5E D3 15 43 61 15 B1 41 F5 3E 87 42
1788592574.720005,34680,0f0e,12,46 5E 15 43 63 C7 A2 41 D0 F8 83 42
1788592574.730825,34680,0f0f,12,97 ED 14 43 A2 88 8A 41 F5 97 89 42
1788592574.741319,34680,0f10,12,A8 0C 16 43 44 67 BB 41 72 CA 91 42
1788592574.751856,34680,0f11,12,87 E4 13 43 FF E4 CE 41 66 60 8E 42
1788592574.766037,34680,0f12,12,5F 6D 12 43 02 40 AE 41 9D 9D 8A 42
1788592574.778497,34680,0f13,12,BA F1 10 43 D7 A4 0E 42 D7 63 93 42
1788592574.789478,34680,0f14,12,00 6D 0F 43 A1 AB 08 42 2D CD 92 42
1788592574.802275,34680,0f15,12,EE A2 11 43 27 B1 26 42 16 D1 92 42
1788592574.812949,34680,0f16,12,0C 1D 05 43 36 66 40 42 7A 91 96 42
1788592574.824001,34680,0f17,12,1E EC 05 43 82 92 5B 42 C3 8F 9E 42
1788592574.834131,34680,0f18,12,E1 B6 01 43 66 A8 6D 42 C0 33 9B 42
1788592574.844678,34680,0f19,12,E4 C6 F6 42 7C 25 87 42 72 78 9C 42
1788592574.855217,34680,0f1a,12,6D 31 ED 42 4A FF 8B 42 38 66 A4 42
1788592574.866375,34680,0f1b,12,87 F6 E6 42 59 97 91 42 92 8E 9E 42
1788592574.877000,34680,0f1c,12,FC 2E E1 42 35 80 96 42 FB 7E A0 42
1788592574.887639,34680,0f1d,12,AD A5 D8 42 05 B3 A1 42 56 E4 A4 42
1788592574.898353,34680,0f1e,12,82 ED CC 42 00 D5 A1 42 B4 A8 A0 42
1788592574.908946,34680,0f1f,12,1C C8 C3 42 9B 91 9C 42 C8 F7 AA 42
1788592574.919569,34680,0f20,12,28 46 B6 42 52 ED 9D 42 94 AF A8 42
1788592574.930158,34680,0f21,12,12 96 AC 42 32 F3 98 42 D3 B9 A8 42
1788592574.940704,34680,0f22,12,7B 01 A6 42 5D 56 8F 42 A5 68 B1 42
1788592574.951252,34680,0f23,12,56 56 93 42 93 A4 82 42 44 93 B1 42
1788592574.961914,34680,0f24,12,E3 D3 89 42 10 32 78 42 98 DD B3 42
1788592574.972457,34680,0f25,12,FF 88 86 42 33 A9 69 42 1F FF B1 42
1788592574.983052,34680,0f26,12,1F 2D 81 42 11 9D 53 42 F0 31 BA 42
1788592574.993612,34680,0f27,12,00 10 75 42 01 F6 36 42 A9 E7 B9 42
1788592575.004134,34680,0f28,12,58 14 6D 42 A7 12 1C 42 7A 5E BD 42
1788592575.014653,34680,0f29,12,A4 FF 55 42 40 9F 0C 42 8C A2 BD 42
1788592575.025382,34680,0f2a,12,27 F6 55 42 92 80 EC 41 56 5E C5 42
1788592575.037083,34680,0f2b,12,17 55 51 42 6F 6F AD 41 98 DD C1 42
1788592575.047624,34680,0f2c,12,93 92 4B 42 50 BE B0 41 32 D5 C6 42
1788592575.058341,34680,0f2d,12,E8 9E 51 42 99 16 A2 41 90 57 C5 42
1788592575.068975,34680,0f2e,12,F7 4A 32 42 BB 1A 98 41 46 56 C5 42
1788592575.079666,34680,0f2f,12,73 43 41 42 14 92 AB 41 A8 C9 C4 42
1788592575.090125,34680,0f30,12,A5 F7 3F 42 50 46 9A 41 9B CD CC 42
1788592575.100786,34680,0f31,12,26 BE 4E 42 59 39 CA 41 3E E6 D2 42
1788592575.111314,34680,0f32,12,D8 9C 5B 42 10 0B DE 41 5C 33 D1 42
1788592575.122332,34680,0f33,12,E6 10 70 42 63 C7 11 42 9A 3B D4 42
1788592575.132927,34680,0f34,12,9F 70 5C 42 CA F2 15 42 87 DD D0 42
1788592575.143584,34680,0f35,12,A6 A8 6D 42 2D C9 33 42 1F BA D7 42
1788592575.154183,34680,0f36,12,73 05 89 42 AF FF 4D 42 CD 42 DA 42
1788592575.164800,34680,0f37,12,4F 16 91 42 91 52 6B 42 5D 52 D7 42
1788592575.175292,34680,0f38,12,E3 99 91 42 4D 6D 80 42 94 7E DA 42
1788592575.185858,34680,0f39,12,51 38 9F 42 EE 5E 8B 42 7B E4 E0 42
1788592575.196407,34680,0f3a,12,A8 98 A0 42 27 23 99 42 46 93 E3 42
1788592575.207035,34680,0f3b,12,BC 41 B3 42 40 39 9A 42 FA 68 DD 42
1788592575.217547,34680,0f3c,12,8E FA BF 42 13 A3 99 42 20 55 E6 42
1788592575.228055,34680,0f3d,12,E3 1B C5 42 20 40 95 42 EC ED E4 42
1788592575.238786,34680,0f3e,12,3C C2 CA 42 F3 4B 9D 42 56 D5 E8 42
1788592575.249503,34680,0f3f,12,60 91 DC 42 4C B6 9A 42 B2 B7 EB 42
1788592575.261355,34680,0f40,12,DC 75 E0 42 3A FD 97 42 A6 2E E7 42
1788592575.271956,34680,0f41,12,B9 3A E8 42 09 DF 93 42 C0 6D F2 42
1788592575.282587,34680,0f42,12,81 65 F5 42 22 7B 8F 42 71 7B 98 41
1788592575.293333,34680,0f43,12,7D E2 F6 42 72 98 83 42 4F E2 8E 41
1788592575.304358,34680,0f44,12,27 3A 01 43 0A 13 74 42 F5 E9 C1 41
1788592575.315994,34680,0f45,12,EB D1 06 43 7D 6F 4B 42 8B 3F B3 41
1788592575.326635,34680,0f46,12,CD 06 0B 43 34 3C 27 42 C3 E4 BF 41
1788592575.337338,34680,0f47,12,64 CA 0E 43 DE AF 26 42 A3 2C BB 41
1788592575.348149,34680,0f48,12,4E B6 10 43 3E F0 07 42 E5 2D D8 41
1788592575.358850,34680,0f49,12,9D 57 0E 43 83 B4 E4 41 E7 FB D8 41
1788592575.369532,34680,0f4a,12,35 2A 14 43 AB 03 B0 41 95 D9 E9 41
1788592575.380267,34680,0f4b,12,33 35 13 43 4E 45 A4 41 04 4B 04 42
1788592575.390807,34680,0f4c,12,15 84 15 43 64 42 AE 41 D3 97 DB 41
1788592575.401332,34680,0f4d,12,2F CD 13 43 99 10 A0 41 05 FA 01 42
1788592575.411904,34680,0f4e,12,F9 22 15 43 2F E9 99 41 98 6B EB 41
1788592575.422889,34680,0f4f,12,70 B3 15 43 EC F4 C3 41 2C BA 08 42
1788592575.433606,34680,0f50,12,5B D6 11 43 FB 96 B9 41 B1 A8 00 42
1788592575.444137,34680,0f51,12,A9 6F 12 43 C1 D8 E1 41 CE 25 0D 42
1788592575.454744,34680,0f52,12,61 F1 11 43 70 7C FE 41 2A D6 14 42
1788592575.465120,34680,0f53,12,35 22 10 43 40 98 0B 42 C4 4E 1B 42
1788592575.475773,34680,0f54,12,30 3A 0A 43 5C AC 27 42 AD FA 1B 42
1788592575.486545,34680,0f55,12,7B A9 09 43 C5 AD 42 42 57 3A 1D 42
1788592575.497479,34680,0f56,12,15 26 00 43 0C 3A 63 42 FD 6E 32 42
1788592575.507710,34680,0f57,12,EE 2B F4 42 34 D2 79 42 BE 94 2A 42
1788592575.518375,34680,0f58,12,71 9A F4 42 8C 38 83 42 E7 0E 2E 42
1788592575.529244,34680,0f59,12,14 5F F3 42 A0 1D 8D 42 D6 7B 36 42
1788592575.539865,34680,0f5a,12,D4 4E E4 42 D4 3E 95 42 17 E5 26 42
1788592575.550492,34680,0f5b,12,76 71 D8 42 0A 13 9D 42 98 E3 3D 42
1788592575.561002,34680,0f5c,12,AD E8 D8 42 6F 3F 9F 42 7C 7D 3A 42
1788592575.571626,34680,0f5d,12,F8 D2 C2 42 2C 8F 99 42 80 01 3B 42
1788592575.582237,34680,0f5e,12,AD 9B BD 42 C1 A8 A3 42 BC F4 3B 42
1788592575.592811,34680,0f5f,12,A4 67 B0 42 08 04 9D 42 8E CA 4B 42
1788592575.603570,34680,0f60,12,A6 E3 A1 42 89 3C 9B 42 C8 A9 4A 42
1788592575.614262,34680,0f61,12,4E 8F 9F 42 7E 50 87 42 65 0A 53 42
1788592575.625281,34680,0f62,12,ED CA 98 42 B4 4C 8B 42 3B 96 51 42
1788592575.635421,34680,0f63,12,EB 89 8D 42 71 86 6F 42 03 AC 51 42
1788592575.646017,34680,0f64,12,DA AE 7D 42 97 AB 53 42 F2 2A 5A 42
1788592575.656687,34680,0f65,12,0C BC 85 42 26 A8 48 42 90 21 64 42
1788592575.667678,34680,0f66,12,B8 C7 78 42 F5 79 25 42 D5 9C 66 42
1788592575.678599,34680,0f67,12,A9 BD 60 42 70 20 20 42 C2 FF 6B 42
1788592575.689250,34680,0f68,12,45 EA 58 42 A2 C0 04 42 3B D0 6D 42
1788592575.699581,34680,0f69,12,7E 53 4C 42 18 0F DE 41 47 FA 71 42
1788592575.710177,34680,0f6a,12,CE 3F 50 42 8C 86 C0 41 70 F0 61 42
1788592575.720973,34680,0f6b,12,EE 08 52 42 6F 15 AE 41 6B 72 6D 42
1788592575.731589,34680,0f6c,12,A8 64 49 42 C0 B1 A1 41 0B C4 82 42
1788592575.742123,34680,0f6d,12,A1 A1 3F 42 9B D7 B5 41 94 0C 7E 42
1788592575.752595,34680,0f6e,12,F9 2D 46 42 2D DF A7 41 3E A7 7E 42
1788592575.763527,34680,0f6f,12,D5 B2 46 42 68 0D 8E 41 EA 9B 8A 42
1788592575.774094,34680,0f70,12,5B A5 47 42 31 B6 D1 41 DC 57 83 42
1788592575.784716,34680,0f71,12,44 88 53 42 9E 8E E3 41 E9 F5 83 42
1788592575.795350,34680,0f72,12,52 00 61 42 44 29 06 42 1F 53 8B 42
1788592575.806094,34680,0f73,12,FA A0 71 42 2A EB 1C 42 F0 BA 83 42
1788592575.817070,34680,0f74,12,C9 93 7F 42 72 35 40 42 E7 A4 8D 42
1788592575.827627,34680,0f75,12,AB FF 7B 42 56 57 4F 42 5E 5D 8F 42
1788592575.838583,34680,0f76,12,79 80 86 42 AE E1 58 42 9C 60 8B 42
1788592575.849093,34680,0f77,12,1E 6B 8F 42 0B 6D 80 42 F6 90 90 42
1788592575.859815,34680,0f78,12,03 73 A0 42 36 60 89 42 66 46 97 42
1788592575.870361,34680,0f79,12,9F 25 A1 42 C4 2A 8E 42 8D B1 96 42
1788592575.880862,34680,0f7a,12,BB 7B AF 42 4E CF 97 42 4F BD 94 42
1788592575.891538,34680,0f7b,12,26 7C B9 42 29 4E 9C 42 DE 80 97 42
1788592575.906374,34680,0f7c,12,BE A7 C3 42 03 32 A0 42 89 1F 99 42
1788592575.917756,34680,0f7d,12,1F E7 CC 42 5B 76 9F 42 CB 64 99 42
1788592575.928566,34680,0f7e,12,29 9C D6 42 71 2A 9D 42 50 D9 9F 42
1788592575.942659,34680,0f7f,12,85 C8 E0 42 7D 39 99 42 AA 59 A9 42
1788592575.953456,34680,0f80,12,75 DC F0 42 55 86 90 42 9E 97 A4 42
1788592575.964096,34680,0f81,12,FA F9 F2 42 FB 6A 89 42 9D DA A5 42
1788592575.974627,34680,0f82,12,F2 F9 F7 42 3F 97 7F 42 DF 76 A9 42
1788592575.985269,34680,0f83,12,64 B0 05 43 3E 48 6D 42 4E A9 A9 42
1788592575.995737,34680,0f84,12,01 4A 08 43 BC 9F 55 42 D7 40 AB 42
1788592576.006305,34680,0f85,12,93 0A 0B 43 64 B7 32 42 E7 07 AB 42
1788592576.016716,34680,0f86,12,EE 79 0B 43 05 5A 2B 42 0F C8 AE 42
1788592576.027284,34680,0f87,12,08 67 10 43 46 7E 06 42 B3 29 B4 42
1788592576.037947,34680,0f88,12,17 C8 12 43 D8 60 F9 41 7C FF B7 42
1788592576.049073,34680,0f89,12,06 C4 12 43 54 7B C4 41 BE 7B B6 42
1788592576.059662,34680,0f8a,12,1B 4E 10 43 65 F3 A8 41 33 2F BC 42
1788592576.070174,34680,0f8b,12,E4 D7 16 43 39 C1 A5 41 0B 8D BB 42
1788592576.081026,34680,0f8c,12,07 98 18 43 40 45 A5 41 AB F7 BC 42
1788592576.091574,34680,0f8d,12,35 2D 18 43 6F 99 A8 41 77 8E BD 42
1788592576.102092,34680,0f8e,12,38 AE 15 43 B7 D1 AE 41 2B 70 BF 42
1788592576.112673,34680,0f8f,12,11 A3 15 43 38 8C BE 41 93 94 C3 42
1788592576.123104,34680,0f90,12,FF 7A 10 43 E1 B3 E2 41 D2 61 C1 42
1788592576.133677,34680,0f91,12,9A 26 12 43 5D 98 01 42 C0 C1 C3 42
1788592576.144498,34680,0f92,12,5B 82 0C 43 22 61 0C 42 8A 48 CC 42
1788592576.155106,34680,0f93,12,D4 50 0B 43 FD 93 38 42 37 6D CB 42
1788592576.165582,34680,0f94,12,C4 E4 03 43 6C 27 51 42 3D A7 D2 42
1788592576.176193,34680,0f95,12,66 A4 04 43 A8 4C 5B 42 A0 EC CF 42
1788592576.186846,34680,0f96,12,B3 2F 00 43 92 9D 7A 42 65 E7 D2 42
1788592576.197368,34680,0f97,12,FE 0F FA 42 D0 D4 86 42 28 A9 D4 42
1788592576.208218,34680,0f98,12,53 76 DF 42 27 56 90 42 5E 87 D3 42
1788592576.218858,34680,0f99,12,48 F6 E7 42 F8 E1 8C 42 46 4B DE 42
1788592576.229450,34680,0f9a,12,EA 67 DB 42 47 15 97 42 1F B9 DA 42
1788592576.240008,34680,0f9b,12,5F 5D D4 42 A9 A2 9A 42 E5 17 E1 42
1788592576.250490,34680,0f9c,12,21 D9 CE 42 61 01 9E 42 B4 1A DA 42
1788592576.261102,34680,0f9d,12,EF 93 B8 42 FB 2F A1 42 BD E3 DD 42
1788592576.271947,34680,0f9e,12,12 A6 B1 42 EB 11 99 42 BE 26 E3 42
1788592576.282762,34680,0f9f,12,94 4E 9E 42 D8 C7 91 42 BE 64 E4 42
1788592576.293333,34680,0fa0,12,4C 02 9E 42 73 12 8C 42 2B 48 E3 42
1788592576.303982,34680,0fa1,12,A0 66 94 42 14 76 84 42 77 1B E4 42
1788592576.314585,34680,0fa2,12,9B 91 8B 42 47 7C 6F 42 73 23 E5 42
1788592576.325366,34680,0fa3,12,48 97 8A 42 1B 92 59 42 A2 AA E7 42
1788592576.336394,34680,0fa4,12,E0 1D 7C 42 B7 76 4C 42 F3 A3 E5 42
1788592576.347091,34680,0fa5,12,46 02 69 42 DD 1A 35 42 9A C7 EA 42
1788592576.357992,34680,0fa6,12,FC AC 6B 42 C5 77 12 42 E5 D1 AD 41
1788592576.368513,34680,0fa7,12,89 DF 5E 42 6D 1F 07 42 96 C9 AB 41
1788592576.379402,34680,0fa8,12,ED 05 48 42 9E AF D8 41 D8 C9 B9 41
1788592576.390040,34680,0fa9,12,94 8F 4C 42 62 01 CE 41 E4 03 A8 41
1788592576.400693,34680,0faa,12,14 CB 41 42 55 1F B0 41 5C 4A B7 41
1788592576.411509,34680,0fab,12,98 11 4A 42 55 1D 80 41 6B 0B B6 41
1788592576.422145,34680,0fac,12,79 91 4D 42 55 18 B7 41 6A 57 DC 41
1788592576.432692,34680,0fad,12,BB AF 47 42 76 F8 BC 41 4B 80 D3 41
1788592576.443212,34680,0fae,12,AC 88 53 42 45 11 BC 41 31 05 DD 41
1788592576.453796,34680,0faf,12,1E F5 54 42 9F 4B E3 41 B5 85 EC 41
1788592576.464399,34680,0fb0,12,7A 8A 58 42 76 83 02 42 A1 41 FB 41
1788592576.475063,34680,0fb1,12,E7 19 54 42 09 4B 1A 42 6B DD E9 41
1788592576.485759,34680,0fb2,12,51 AE 6E 42 0D A9 32 42 FF 0A FD 41
1788592576.496308,34680,0fb3,12,0B C1 82 42 E2 C9 36 42 16 57 11 42
1788592576.507041,34680,0fb4,12,DC 6F 87 42 7D 29 56 42 D1 B8 03 42
1788592576.517709,34680,0fb5,12,4B 8E 90 42 A3 14 6A 42 80 4A F8 41
1788592576.528490,34680,0fb6,12,7F 4F 92 42 B0 17 85 42 FF 52 1A 42
1788592576.539659,34680,0fb7,12,B1 48 A0 42 24 DE 8E 42 12 E4 02 42
1788592576.550276,34680,0fb8,12,3E A3 A6 42 4B BD 91 42 62 38 17 42
1788592576.561002,34680,0fb9,12,98 EB B0 42 36 3C 9D 42 38 70 10 42
1788592576.571762,34680,0fba,12,D1 31 BC 42 EE 00 9D 42 81 01 1E 42
1788592576.582345,34680,0fbb,12,2D E1 BC 42 09 97 A1 42 AB C0 1C 42
1788592576.592945,34680,0fbc,12,40 38 CB 42 13 57 9C 42 55 B9 2C 42
1788592576.603759,34680,0fbd,12,DD 86 D6 42 E4 D7 99 42 32 29 2D 42
1788592576.614866,34680,0fbe,12,87 00 E2 42 C0 C8 9B 42 9A F8 35 42
1788592576.625550,34680,0fbf,12,A8 31 ED 42 BF 50 8D 42 8A 3F 2F 42
1788592576.636292,34680,0fc0,12,DA E2 F5 42 5F 0A 88 42 EB 6E 34 42
1788592576.647176,34680,0fc1,12,31 73 01 43 21 DB 77 42 CB 4C 3B 42
1788592576.658206,34680,0fc2,12,1B 0B 01 43 3F 72 6B 42 C5 79 4A 42
1788592576.668728,34680,0fc3,12,F1 C4 04 43 5F 8D 49 42 C6 08 37 42
1788592576.679373,34680,0fc4,12,4C 2B 0B 43 07 FA 34 42 4E 51 4A 42
1788592576.690067,34680,0fc5,12,84 1F 0C 43 10 C4 1D 42 CD 99 50 42
1788592576.700638,34680,0fc6,12,00 05 10 43 8A 07 0C 42 DE 5A 48 42
1788592576.711222,34680,0fc7,12,86 E9 10 43 72 4E EB 41 A6 6A 5E 42
1788592576.721661,34680,0fc8,12,FD D7 14 43 52 F3 BC 41 F4 1A 5E 42
1788592576.732377,34680,0fc9,12,32 CA 17 43 16 8E AD 41 38 66 65 42
1788592576.743069,34680,0fca,12,71 97 15 43 BB D0 94 41 1C CC 60 42
1788592576.753762,34680,0fcb,12,9A 0D 14 43 21 91 91 41 C7 E8 5F 42
1788592576.764521,34680,0fcc,12,AE A0 16 43 32 11 A8 41 7A ED 75 42
1788592576.775609,34680,0fcd,12,32 40 13 43 6F 90 A4 41 A9 D0 69 42
1788592576.786178,34680,0fce,12,D8 9A 14 43 D0 26 CE 41 12 6F 73 42
1788592576.796528,34680,0fcf,12,81 F6 10 43 0A 66 ED 41 5F 1B 7D 42
1788592576.807263,34680,0fd0,12,20 7A 0D 43 14 76 18 42 A5 4B 6C 42
1788592576.817969,34680,0fd1,12,F7 69 0F 43 69 E0 25 42 45 89 7F 42
1788592576.828489,34680,0fd2,12,25 C7 0C 43 61 0B 29 42 EB 28 83 42
1788592576.845738,34680,0fd3,12,18 F0 05 43 4A 8F 5A 42 F2 86 84 42
1788592576.856289,34680,0fd4,12,4E 9E FF 42 95 7B 60 42 BB 23 83 42
1788592576.866810,34680,0fd5,12,51 6F F9 42 8F 30 7E 42 60 CA 89 42
1788592576.877316,34680,0fd6,12,5B AA F4 42 ED A1 86 42 38 D6 8B 42
1788592576.887851,34680,0fd7,12,DC C4 ED 42 F8 5C 84 42 AB 6B 8C 42
1788592576.898880,34680,0fd8,12,C5 19 E2 42 F9 C3 8D 42 1F B1 8A 42
1788592576.909422,34680,0fd9,12,76 E1 D8 42 93 83 9F 42 6C FA 8E 42
1788592576.920064,34680,0fda,12,B4 8A CF 42 3A E2 99 42 A5 39 8D 42
1788592576.930677,34680,0fdb,12,A5 CF C5 42 0F 5E A7 42 83 DA 92 42
1788592576.941264,34680,0fdc,12,C1 25 BB 42 72 6F A0 42 85 49 97 42
1788592576.951883,34680,0fdd,12,3B C8 B3 42 F7 3E 95 42 65 3C 94 42
1788592576.962528,34680,0fde,12,ED 75 A3 42 5F 6E 8E 42 55 5A 96 42
1788592576.973121,34680,0fdf,12,51 ED A1 42 8C 2A 89 42 2F B3 9B 42
1788592576.984148,34680,0fe0,12,E7 D4 98 42 E7 60 81 42 C7 E5 96 42
1788592576.994771,34680,0fe1,12,4F F3 8B 42 EB B6 6F 42 66 C7 9C 42
1788592577.005272,34680,0fe2,12,20 73 81 42 20 43 5F 42 B2 34 A2 42
1788592577.015785,34680,0fe3,12,B8 AF 7B 42 F1 66 3C 42 A9 DF A7 42
1788592577.026329,34680,0fe4,12,09 E0 66 42 90 6C 30 42 0B 3A A1 42
1788592577.036923,34680,0fe5,12,41 00 69 42 9C 2B 08 42 99 94 A7 42
1788592577.052182,34680,0fe6,12,98 AC 63 42 8D F9 01 42 67 1E A6 42
1788592577.062690,34680,0fe7,12,72 13 4F 42 DA 46 C6 41 19 53 A4 42
1788592577.073172,34680,0fe8,12,F0 C6 56 42 80 03 AE 41 6F 74 AE 42
1788592577.084715,34680,0fe9,12,84 F6 3C 42 46 12 A1 41 C8 6F AA 42
1788592577.095243,34680,0fea,12,20 46 3B 42 F9 0D B2 41 7F 83 AB 42
1788592577.106223,34680,0feb,12,C9 1A 4D 42 E3 C6 82 41 35 A9 AF 42
1788592577.116545,34680,0fec,12,DF 38 47 42 96 42 B5 41 8B 78 B1 42
1788592577.127062,34680,0fed,12,89 07 50 42 D9 9E CC 41 F0 09 B2 42
1788592577.137712,34680,0fee,12,2B 94 60 42 D9 72 D6 41 72 46 BB 42
1788592577.148267,34680,0fef,12,3E E2 55 42 D1 B2 06 42 12 2B B6 42
1788592577.158909,34680,0ff0,12,CF FB 68 42 90 B8 13 42 AA 70 C0 42
1788592577.169752,34680,0ff1,12,97 65 74 42 9C 5C 22 42 3E E0 C4 42
1788592577.180352,34680,0ff2,12,15 97 7D 42 B1 8B 4D 42 79 2F C1 42
1788592577.190929,34680,0ff3,12,31 38 8D 42 25 F1 63 42 BC 40 C2 42
1788592577.201417,34680,0ff4,12,9B E2 8F 42 05 07 6D 42 9C 11 CA 42
1788592577.211990,34680,0ff5,12,76 A8 91 42 91 06 88 42 1A 05 C9 42
1788592577.223011,34680,0ff6,12,76 BB 9E 42 0D 29 97 42 8C 9E CB 42
1788592577.233628,34680,0ff7,12,37 C5 AB 42 9E 38 97 42 79 B2 C0 42
1788592577.244188,34680,0ff8,12,7B AD B8 42 8A A3 9A 42 70 0D C4 42
1788592577.254631,34680,0ff9,12,E9 18 C2 42 E8 3B 9E 42 DF 54 CA 42
1788592577.265183,34680,0ffa,12,56 33 CC 42 54 C4 A5 42 E7 43 CF 42
1788592577.275659,34680,0ffb,12,7B 29 D1 42 D8 D4 95 42 06 33 CE 42
1788592577.286280,34680,0ffc,12,7F D2 D4 42 E8 72 9C 42 91 1C CE 42
1788592577.296911,34680,0ffd,12,7C E6 DF 42 64 AD 95 42 23 10 D9 42
1788592577.307536,34680,0ffe,12,08 EA EB 42 46 8C 95 42 23 DF DA 42
1788592577.318620,34680,0fff,12,4B 09 01 43 4B 68 83 42 7C 15 D5 42
1788592577.328652,34680,1000,12,50 76 01 43 91 30 77 42 0F BB DC 42
1788592577.339163,34680,1001,12,34 6C 00 43 BB BB 63 42 37 E6 D6 42
1788592577.349684,34680,1002,12,F3 0B 08 43 CF 58 51 42 85 F2 DD 42
1788592577.360250,34680,1003,12,34 7D 09 43 58 72 2B 42 89 0D E0 42
1788592577.370704,34680,1004,12,18 28 0C 43 21 42 19 42 13 CA DE 42
1788592577.381454,34680,1005,12,71 36 13 43 6D 65 07 42 9E 05 E7 42
1788592577.392106,34680,1006,12,CD 9B 11 43 6E 0D DB 41 7D 88 EB 42
1788592577.402668,34680,1007,12,2C A1 12 43 04 4F AB 41 7D 9F EC 42
1788592577.414432,34680,1008,12,EE 2B 13 43 12 9F A3 41 C7 C4 EC 42
1788592577.424991,34680,1009,12,27 AB 19 43 1C F7 A3 41 5D 2D EA 42
1788592577.435695,34680,100a,12,C2 8C 16 43 F7 1F AF 41 A7 29 AD 41
1788592577.446264,34680,100b,12,89 17 13 43 96 4A C1 41 2C D0 9B 41
1788592577.456954,34680,100c,12,D9 B6 14 43 2D 35 BF 41 26 7F 99 41
1788592577.467537,34680,100d,12,66 9E 14 43 D6 DB DF 41 C8 D8 93 41
1788592577.478069,34680,100e,12,5E E9 13 43 A4 DC EE 41 4C 0D CA 41
1788592577.488741,34680,100f,12,E1 CF 0E 43 7E 5A 0A 42 98 5B D4 41
1788592577.499388,34680,1010,12,48 F4 0D 43 08 5C 2A 42 5F 55 EC 41
1788592577.510133,34680,1011,12,06 3A 0A 43 B5 B5 40 42 6F FA CF 41
1788592577.520644,34680,1012,12,34 50 04 43 17 C6 4D 42 7D 61 F0 41
1788592577.531356,34680,1013,12,8C E6 07 43 08 03 75 42 30 2A EE 41
1788592577.541926,34680,1014,12,BD 85 02 43 E3 73 79 42 10 58 F3 41
1788592577.552644,34680,1015,12,41 05 F3 42 6C D9 84 42 9F A9 02 42
1788592577.563142,34680,1016,12,1E CA E6 42 44 C1 98 42 31 58 F0 41
1788592577.573744,34680,1017,12,7D 13 DD 42 B1 C1 9B 42 4B 58 FC 41
1788592577.584228,34680,1018,12,1D 74 D9 42 E3 24 9F 42 03 6C 01 42
1788592577.594819,34680,1019,12,91 93 CA 42 87 AD 9F 42 92 71 04 42
1788592577.605484,34680,101a,12,25 06 C5 42 51 D4 9C 42 97 30 10 42
1788592577.616101,34680,101b,12,DE 7D B4 42 48 8E 99 42 93 B4 22 42
1788592577.626996,34680,101c,12,31 DC B5 42 78 D7 9B 42 7C D1 11 42
1788592577.637560,34680,101d,12,82 70 AB 42 BD A2 8F 42 63 20 22 42
1788592577.648082,34680,101e,12,1E 9C 97 42 83 7C 8B 42 61 AC 2B 42
1788592577.659750,34680,101f,12,85 7C 93 42 28 66 80 42 07 13 24 42
1788592577.670413,34680,1020,12,9C B9 86 42 0D 80 6C 42 D3 1E 31 42
1788592577.681515,34680,1021,12,E4 B9 82 42 D5 EE 52 42 FC 59 1A 42
1788592577.696438,34680,1022,12,1E 26 7D 42 12 73 35 42 3A 8D 43 42
1788592577.707993,34680,1023,12,3C 07 63 42 58 AC 25 42 DE 3B 35 42
1788592577.718551,34680,1024,12,EB 22 66 42 FF AB 0B 42 29 E1 52 42
1788592577.729202,34680,1025,12,6C 1C 5E 42 84 F7 F2 41 E6 AE 3D 42
1788592577.740032,34680,1026,12,02 B9 63 42 13 EB B8 41 28 BB 44 42
1788592577.750688,34680,1027,12,66 35 4B 42 4E 45 C2 41 ED F8 45 42
1788592577.763454,34680,1028,12,37 C2 3C 42 61 F1 B0 41 01 AA 57 42
1788592577.774485,34680,1029,12,8F C8 4B 42 5F E2 9D 41 A9 20 43 42
1788592577.784734,34680,102a,12,FF 38 3E 42 7D C3 94 41 92 C5 56 42
1788592577.796391,34680,102b,12,82 22 44 42 4C 0F A6 41 4E 89 4D 42
1788592577.808670,34680,102c,12,CB 7E 61 42 0A FD B0 41 D1 07 56 42
1788592577.819143,34680,102d,12,71 57 4B 42 88 17 E6 41 C0 9C 5C 42
1788592577.829706,34680,102e,12,02 85 5B 42 97 D2 07 42 FE 7C 5B 42
1788592577.840269,34680,102f,12,10 8E 63 42 49 B4 1F 42 93 EE 63 42
1788592577.850911,34680,1030,12,3C 90 77 42 F9 19 2A 42 25 42 71 42
1788592577.861634,34680,1031,12,D5 2C 86 42 BD 33 41 42 0C 3C 6C 42
1788592577.872439,34680,1032,12,1D 8A 8A 42 16 0C 64 42 AF 71 6D 42
1788592577.883177,34680,1033,12,86 1D 95 42 15 8F 68 42 06 EA 74 42
1788592577.894243,34680,1034,12,43 1A 9D 42 7C 09 84 42 A2 94 76 42
1788592577.904799,34680,1035,12,75 9B 9A 42 10 29 8F 42 9B D3 7C 42
1788592577.915387,34680,1036,12,35 7C AF 42 0F C6 95 42 F9 C1 82 42
1788592577.926085,34680,1037,12,A6 EC B9 42 13 77 9F 42 FC 8B 89 42
1788592577.936677,34680,1038,12,1C 96 CC 42 39 61 9F 42 12 89 7F 42
1788592577.947620,34680,1039,12,67 FD CC 42 E3 79 A1 42 89 DA 85 42
1788592577.958180,34680,103a,12,77 DE CB 42 A8 AC 9D 42 B9 21 86 42
1788592577.968955,34680,103b,12,21 60 DD 42 62 32 9A 42 DA C1 89 42
1788592577.980043,34680,103c,12,7A 6E EA 42 37 44 95 42 14 97 88 42
1788592577.989985,34680,103d,12,77 2C F5 42 73 CB 8C 42 C9 0D 8A 42
1788592578.000453,34680,103e,12,B5 EF FD 42 08 A0 88 42 E2 1B 8F 42
1788592578.011206,34680,103f,12,28 C5 FE 42 57 9E 77 42 2A D4 95 42
1788592578.021730,34680,1040,12,E7 BD 02 43 D0 EF 62 42 39 3C 93 42
1788592578.032737,34680,1041,12,02 F6 09 43 52 C4 4B 42 02 00 99 42
1788592578.043342,34680,1042,12,41 95 0A 43 79 88 26 42 52 75 9A 42
1788592578.054173,34680,1043,12,24 04 10 43 B4 E7 29 42 C7 51 97 42
1788592578.064668,34680,1044,12,F1 D8 10 43 CB 82 FF 41 DA AF A3 42
1788592578.076232,34680,1045,12,B4 43 12 43 0B 76 E9 41 4E AB 9B 42
1788592578.086314,34680,1046,12,3A A4 13 43 8D 59 C3 41 F0 41 9B 42
1788592578.096896,34680,1047,12,F2 AD 17 43 D5 F6 8A 41 26 C9 9C 42
1788592578.107495,34680,1048,12,01 D4 13 43 0F 70 92 41 07 D8 A6 42
1788592578.118270,34680,1049,12,F3 B6 15 43 0D B1 B3 41 BE 01 A6 42
1788592578.128730,34680,104a,12,CA AB 17 43 19 51 BF 41 30 14 AA 42
1788592578.139357,34680,104b,12,1F 7E 14 43 38 4A C1 41 86 81 A8 42
1788592578.150055,34680,104c,12,0F 2E 13 43 B2 F2 EC 41 92 D0 A6 42
1788592578.160956,34680,104d,12,0C 3F 0F 43 94 05 F4 41 94 65 B4 42
1788592578.171306,34680,104e,12,D3 C5 0E 43 BA 4A 15 42 54 97 AF 42
1788592578.181926,34680,104f,12,30 98 0B 43 3A 65 17 42 04 39 B4 42
1788592578.193218,34680,1050,12,0B 76 07 43 63 03 31 42 39 CF AE 42
1788592578.203918,34680,1051,12,73 C8 05 43 C8 2A 51 42 12 36 B6 42
1788592578.214626,34680,1052,12,F9 C6 FF 42 35 ED 6B 42 DE D3 B4 42
1788592578.225189,34680,1053,12,E8 DA FD 42 9E 3F 77 42 AC E0 BC 42
1788592578.235826,34680,1054,12,54 AF EC 42 F3 7F 86 42 5C CD BA 42
1788592578.246373,34680,1055,12,82 02 E5 42 F4 8F 94 42 0E 00 BA 42
1788592578.257027,34680,1056,12,7A EB E2 42 42 1C 9D 42 1F 09 BA 42
1788592578.267712,34680,1057,12,7E A1 CE 42 96 60 9E 42 2A E3 C5 42
1788592578.278284,34680,1058,12,41 C8 CB 42 D6 EE 9F 42 B9 BA C0 42
1788592578.289203,34680,1059,12,DA DE C2 42 30 48 A0 42 E6 16 C8 42
1788592578.299815,34680,105a,12,DB 93 B8 42 FD 69 98 42 28 F8 C5 42
1788592578.310903,34680,105b,12,7A 77 AF 42 A8 CD 98 42 9F 43 C7 42
1788592578.321510,34680,105c,12,E4 7C A3 42 AB 78 91 42 2E B8 C9 42
1788592578.332243,34680,105d,12,EC EA 9D 42 00 5D 85 42 61 5F D0 42
1788592578.342651,34680,105e,12,EE 4D 98 42 41 6F 7A 42 26 7C CD 42
1788592578.353802,34680,105f,12,E4 C5 83 42 C3 40 5B 42 E1 84 D1 42
1788592578.364379,34680,1060,12,BB B9 82 42 4C 92 48 42 38 53 D0 42
1788592578.374967,34680,1061,12,0E FE 69 42 BA 80 3E 42 A9 EE D6 42
1788592578.385363,34680,1062,12,48 FF 6C 42 52 31 21 42 4D E7 D1 42
1788592578.396297,34680,1063,12,4C B0 57 42 8E 48 19 42 DF ED DA 42
1788592578.407228,34680,1064,12,80 03 63 42 7C 1E F1 41 20 9A D5 42
1788592578.417862,34680,1065,12,D1 A5 54 42 44 C4 BC 41 7E C6 D9 42
1788592578.428958,34680,1066,12,70 E5 49 42 33 4B C0 41 BE FA D8 42
1788592578.439696,34680,1067,12,FB B0 50 42 BA 44 A9 41 C8 1D E5 42
1788592578.450524,34680,1068,12,43 C1 41 42 E4 B4 A5 41 BB CB E8 42
1788592578.461174,34680,1069,12,65 D7 3E 42 F0 7C A3 41 4D 10 E7 42
1788592578.480377,34680,106a,12,25 03 50 42 1A EB B6 41 4C 2A E5 42
1788592578.495465,34680,106b,12,F4 06 5B 42 0C DE CD 41 E7 80 E9 42
1788592578.506114,34680,106c,12,74 E2 5C 42 4F B5 D5 41 32 9C EF 42
1788592578.516833,34680,106d,12,66 E2 53 42 D7 B2 09 42 01 05 ED 42
1788592578.527428,34680,106e,12,B6 D1 63 42 00 EF 15 42 52 2F A8 41
1788592578.537946,34680,106f,12,63 5F 70 42 4E 4F 23 42 67 EA A5 41
1788592578.548502,34680,1070,12,2E 5D 85 42 57 A4 43 42 43 CE 8E 41
1788592578.559099,34680,1071,12,D0 6D 91 42 A3 29 60 42 27 3A BC 41
1788592578.570166,34680,1072,12,20 35 94 42 36 4C 83 42 AA F0 B6 41
1788592578.581175,34680,1073,12,81 F2 9A 42 43 6E 85 42 B2 ED DB 41
1788592578.592118,34680,1074,12,5D 47 A8 42 58 22 90 42 7A 42 CC 41
1788592578.603293,34680,1075,12,2D 64 AE 42 1A 93 94 42 2C 4D BB 41
1788592578.613929,34680,1076,12,DD B3 B9 42 77 44 9B 42 04 25 F0 41
1788592578.626322,34680,1077,12,D8 F8 C2 42 D9 D1 A1 42 88 1F E4 41
1788592578.636991,34680,1078,12,02 42 CB 42 45 CF 9C 42 78 28 F6 41
1788592578.647805,34680,1079,12,BD 33 D6 42 D6 A9 A3 42 D8 C1 DC 41
1788592578.658199,34680,107a,12,E1 6F DA 42 A9 D4 98 42 C3 02 F2 41
1788592578.668816,34680,107b,12,3E 1B E7 42 2E 43 8D 42 97 05 0C 42
1788592578.679429,34680,107c,12,40 86 F8 42 9E 59 8B 42 9E 5F 09 42
1788592578.689990,34680,107d,12,18 44 F7 42 5E A8 8A 42 40 A1 17 42
1788592578.700560,34680,107e,12,EF 49 FC 42 44 56 6F 42 6E 95 0D 42
1788592578.711445,34680,107f,12,AE 6F 08 43 CE 65 56 42 DA A8 13 42
1788592578.721946,34680,1080,12,63 D4 0D 43 5F 57 48 42 32 8D 11 42
1788592578.732623,34680,1081,12,DF 51 0C 43 C7 43 19 42 D1 03 18 42
1788592578.743495,34680,1082,12,1D 03 0F 43 CB 7F 0F 42 C5 56 1F 42
1788592578.754231,34680,1083,12,F9 92 12 43 23 45 FA 41 00 E7 1E 42
1788592578.764870,34680,1084,12,F4 1B 14 43 16 E1 E4 41 7A 01 22 42
1788592578.775417,34680,1085,12,15 7E 12 43 62 51 BF 41 35 D3 33 42
1788592578.786122,34680,1086,12,D4 3D 18 43 89 E0 B1 41 97 87 36 42
1788592578.796745,34680,1087,12,0F 74 17 43 38 30 94 41 DA 26 40 42
1788592578.807395,34680,1088,12,08 70 16 43 01 1B AA 41 DD BD 36 42
1788592578.818153,34680,1089,12,5D EE 16 43 EF 54 99 41 53 86 3D 42
1788592578.828619,34680,108a,12,D1 89 14 43 AC EC CC 41 30 2F 40 42
1788592578.839177,34680,108b,12,BE 19 11 43 3F 3E F0 41 17 8A 49 42
1788592578.849727,34680,108c,12,9B 44 11 43 9B C4 EC 41 8B 0F 44 42
1788592578.860251,34680,108d,12,16 BF 0E 43 6D 8F 15 42 FB 69 3A 42
1788592578.870897,34680,108e,12,2C D2 0A 43 9F 57 37 42 22 C6 59 42
1788592578.881532,34680,108f,12,5F F9 09 43 EA 56 47 42 4E 8A 56 42
1788592578.892004,34680,1090,12,B7 26 04 43 F0 F4 5A 42 91 7C 4E 42
1788592578.902511,34680,1091,12,F5 88 01 43 14 38 76 42 D5 7D 6A 42
1788592578.913123,34680,1092,12,C1 04 F5 42 61 08 88 42 BB 48 5E 42
1788592578.923768,34680,1093,12,BA 2A F5 42 30 FD 8C 42 7F 94 5C 42
1788592578.934227,34680,1094,12,1B 16 EB 42 33 E8 91 42 5A FD 59 42
1788592578.944920,34680,1095,12,B1 E4 D6 42 AC 11 9A 42 BD AD 60 42
1788592578.957244,34680,1096,12,AE 11 D4 42 3E E4 9D 42 93 B6 6B 42
1788592578.967896,34680,1097,12,BA D2 C4 42 6C 15 9C 42 8C F7 5B 42
1788592578.979005,34680,1098,12,47 95 C1 42 91 93 A4 42 2F 69 68 42
1788592578.989550,34680,1099,12,63 29 AF 42 9A FF 9B 42 1E 45 81 42
1788592579.000121,34680,109a,12,55 A9 AF 42 5D 22 96 42 16 67 7C 42
1788592579.010691,34680,109b,12,BC 39 A3 42 9A 15 90 42 F5 F6 74 42
1788592579.021272,34680,109c,12,5F 42 99 42 12 0F 7E 42 85 5B 86 42
1788592579.032522,34680,109d,12,FA FD 91 42 5E 73 6E 42 5A C9 83 42
1788592579.043030,34680,109e,12,B3 06 83 42 59 91 53 42 46 D7 8E 42
1788592579.053475,34680,109f,12,A8 94 72 42 3E 2F 4C 42 DB C2 8A 42
1788592579.064522,34680,10a0,12,5C AE 81 42 CC 3F 2E 42 20 F3 89 42
1788592579.075249,34680,10a1,12,1B 69 60 42 57 33 0D 42 53 05 8A 42
1788592579.086075,34680,10a2,12,6B FC 5F 42 79 37 0C 42 FA 9C 90 42
1788592579.096588,34680,10a3,12,B0 EF 63 42 BD 73 E6 41 00 14 93 42
1788592579.107326,34680,10a4,12,0A BE 45 42 06 9B B1 41 83 44 97 42
1788592579.117814,34680,10a5,12,9D 07 4B 42 3F 0B B4 41 F1 C1 92 42
1788592579.128494,34680,10a6,12,A2 4E 41 42 CB 53 9B 41 C6 29 9D 42
1788592579.138903,34680,10a7,12,16 6B 4B 42 8C E8 A9 41 40 F4 98 42
1788592579.150041,34680,10a8,12,8C D2 4B 42 CF 48 BE 41 12 96 A2 42
1788592579.160776,34680,10a9,12,C3 F6 44 42 F1 A2 B2 41 12 10 9F 42
1788592579.171745,34680,10aa,12,7C B8 4D 42 D0 6F CC 41 B5 42 A2 42
1788592579.182845,34680,10ab,12,D7 04 60 42 89 CF DE 41 79 C8 A2 42
1788592579.193418,34680,10ac,12,B8 E4 69 42 E0 52 04 42 E9 1A A3 42
1788592579.203945,34680,10ad,12,BB EF 71 42 52 87 1F 42 EB 3A A0 42
1788592579.214593,34680,10ae,12,D0 3F 82 42 D3 CE 3B 42 1B 7A A6 42
1788592579.225085,34680,10af,12,F5 B5 8A 42 83 D8 5F 42 21 C7 A7 42
1788592579.235640,34680,10b0,12,BE 21 8B 42 18 DE 5F 42 4C A1 B0 42
1788592579.246137,34680,10b1,12,BE FD 98 42 23 DC 76 42 09 5F AD 42
1788592579.256675,34680,10b2,12,65 A3 9A 42 43 AE 88 42 24 44 AF 42
1788592579.267661,34680,10b3,12,A0 08 A7 42 E7 92 95 42 7C 30 B2 42
1788592579.278466,34680,10b4,12,32 F7 A7 42 C8 24 95 42 87 64 B1 42
1788592579.289362,34680,10b5,12,52 2E B9 42 92 D3 A0 42 C6 F5 B2 42
1788592579.299938,34680,10b6,12,C1 F9 B5 42 88 C7 9D 42 87 E1 BC 42
1788592579.313994,34680,10b7,12,BC 19 CB 42 ED 2E 9F 42 CC 1F B8 42
1788592579.324700,34680,10b8,12,B5 DB D5 42 D9 FB A1 42 68 CD BF 42
1788592579.335252,34680,10b9,12,F4 A5 DE 42 E1 29 9B 42 BE 6A C2 42
1788592579.345873,34680,10ba,12,B2 26 E6 42 E0 71 8B 42 32 EA C7 42
1788592579.356434,34680,10bb,12,75 29 F3 42 1A BC 86 42 5C 1E BE 42
1788592579.367051,34680,10bc,12,03 48 02 43 44 EB 79 42 63 92 BE 42
1788592579.377810,34680,10bd,12,C1 E2 FC 42 B1 BF 60 42 B4 E4 BF 42
1788592579.388277,34680,10be,12,01 DB 02 43 CE DF 43 42 BA 25 CC 42
1788592579.398981,34680,10bf,12,C9 1C 0A 43 38 F5 31 42 AD 27 D2 42
1788592579.409455,34680,10c0,12,C6 40 0B 43 1F 93 1E 42 B7 5D CB 42
1788592579.421014,34680,10c1,12,CF 51 0E 43 BB DC 0C 42 89 9C D1 42
1788592579.431471,34680,10c2,12,34 F3 0E 43 34 A6 D7 41 D1 4D CA 42
1788592579.442162,34680,10c3,12,8E 53 14 43 C6 BB D8 41 95 8A D7 42
1788592579.452551,34680,10c4,12,8E 00 17 43 D9 2F AA 41 62 49 D3 42
1788592579.463250,34680,10c5,12,C6 FE 15 43 3E 35 B3 41 FA 00 D0 42
1788592579.473954,34680,10c6,12,36 C9 13 43 9B 8E AE 41 90 92 D8 42
1788592579.484436,34680,10c7,12,EE A5 14 43 E7 FB B8 41 D3 D1 E1 42
1788592579.520170,34680,10c8,12,2F D9 14 43 30 ED AF 41 F4 01 D6 42
1788592579.538963,34680,10c9,12,E5 C0 16 43 02 8A D0 41 8A DF D6 42
1788592579.549556,34680,10ca,12,BC F2 13 43 78 10 FD 41 D0 6E E4 42
1788592579.560093,34680,10cb,12,66 FD 11 43 8D 7E EF 41 01 0D EA 42
1788592579.570796,34680,10cc,12,85 75 0F 43 52 E5 1A 42 94 BC E3 42
1788592579.581373,34680,10cd,12,26 06 0A 43 8D DE 36 42 98 37 E3 42
1788592579.592170,34680,10ce,12,74 E3 09 43 DA 18 42 42 F0 1D ED 42
1788592579.602972,34680,10cf,12,B7 05 06 43 05 25 55 42 54 45 E9 42
1788592579.613622,34680,10d0,12,BB C1 FB 42 D6 4C 81 42 02 21 E8 42
1788592579.624238,34680,10d1,12,86 BF FD 42 66 40 8E 42 E2 D2 EC 42
1788592579.634825,34680,10d2,12,75 09 F0 42 7D 76 91 42 61 5A A2 41
1788592579.645450,34680,10d3,12,6E 4D E1 42 9A 62 9D 42 EC 46 AC 41
1788592579.656110,34680,10d4,12,CD CA DD 42 2F 93 9E 42 A8 F6 98 41
1788592579.666820,34680,10d5,12,FE B0 CE 42 FB 3B 9C 42 8A BC C6 41
1788592579.677428,34680,10d6,12,FC 35 CA 42 84 6F A1 42 49 FE CC 41
1788592579.687913,34680,10d7,12,06 A9 BC 42 AE CA 9A 42 77 56 CD 41
1788592579.700830,34680,10d8,12,45 1E B1 42 74 6B 96 42 69 C0 CC 41
1788592579.711001,34680,10d9,12,55 8B AB 42 43 2F 96 42 10 2A C4 41
1788592579.721683,34680,10da,12,95 2D A4 42 EC F3 8E 42 BB 08 E2 41
1788592579.732317,34680,10db,12,F6 B2 97 42 AB 91 86 42 83 DD E8 41
1788592579.742891,34680,10dc,12,4F 33 8E 42 FD 1C 73 42 3B 68 D6 41
1788592579.753508,34680,10dd,12,C9 B1 83 42 9B 23 6A 42 1F 3E D9 41
1788592579.764075,34680,10de,12,DD 30 82 42 0B 96 44 42 EC D5 0F 42
1788592579.775270,34680,10df,12,CB B1 6D 42 12 EE 2E 42 29 16 0A 42
1788592579.786312,34680,10e0,12,74 E6 6F 42 8D 16 1F 42 1B EC F0 41
1788592579.796898,34680,10e1,12,B0 49 66 42 18 EF 0C 42 40 1A 00 42
1788592579.807505,34680,10e2,12,E5 01 48 42 F0 D7 CC 41 F7 84 0E 42
1788592579.818067,34680,10e3,12,35 34 46 42 5A 78 EA 41 99 F4 17 42
1788592579.828605,34680,10e4,12,F0 BC 43 42 AB FD A5 41 82 2F 1C 42
1788592579.839117,34680,10e5,12,2F 95 4E 42 AD E1 A2 41 9F 24 1B 42
1788592579.849639,34680,10e6,12,4F 7C 5A 42 55 80 8C 41 F2 B6 22 42
1788592579.860231,34680,10e7,12,47 FA 45 42 9F F9 B6 41 81 3F 2B 42
1788592579.870932,34680,10e8,12,52 67 43 42 E8 16 BE 41 10 A8 25 42
1788592579.881474,34680,10e9,12,E8 B5 52 42 D1 F7 D1 41 EB B8 33 42
1788592579.892056,34680,10ea,12,52 C1 6A 42 40 CE EC 41 BA 9F 27 42
1788592579.902616,34680,10eb,12,35 14 57 42 97 B2 0C 42 57 14 33 42
1788592579.913275,34680,10ec,12,D6 95 70 42 43 87 11 42 EB 80 35 42
1788592579.923851,34680,10ed,12,11 20 83 42 A2 84 47 42 85 96 41 42
1788592579.934411,34680,10ee,12,28 2A 87 42 EB B8 68 42 1C 39 4C 42
1788592579.945029,34680,10ef,12,55 2E 8C 42 8D B4 68 42 61 42 47 42
1788592579.955665,34680,10f0,12,EC F3 95 42 44 DC 81 42 26 32 56 42
1788592579.966276,34680,10f1,12,13 85 A5 42 A2 D9 87 42 86 05 5B 42
1788592579.976945,34680,10f2,12,EB 93 A9 42 6D A4 90 42 3D 79 50 42
1788592579.987578,34680,10f3,12,DC E9 B0 42 FC 04 95 42 C5 F4 5C 42
1788592579.998061,34680,10f4,12,3E 7F BA 42 9D D6 9B 42 DB A0 47 42
1788592580.009243,34680,10f5,12,39 82 BE 42 59 37 A4 42 4C BC 5B 42
1788592580.020059,34680,10f6,12,79 02 D6 42 EF 72 9F 42 03 49 56 42
1788592580.030592,34680,10f7,12,93 2D CD 42 F1 27 9F 42 27 5B 57 42
1788592580.041110,34680,10f8,12,E9 3A E4 42 8F 94 98 42 86 E0 65 42
1788592580.051759,34680,10f9,12,72 8E EC 42 FC FC 86 42 4F AE 5E 42
1788592580.062348,34680,10fa,12,F8 15 F5 42 A7 C1 89 42 F2 03 61 42
1788592580.072887,34680,10fb,12,6A 37 FF 42 91 38 75 42 60 E5 76 42
1788592580.083369,34680,10fc,12,62 4E 02 43 74 16 69 42 7A 0C 78 42
1788592580.094718,34680,10fd,12,B5 D8 02 43 6F 1D 48 42 7A A0 74 42
1788592580.105257,34680,10fe,12,74 BC 0A 43 E1 95 40 42 00 6B 80 42
1788592580.116039,34680,10ff,12,4A D2 08 43 FE 3A 17 42 53 1E 85 42
1788592580.127057,34680,1100,12,C2 48 0D 43 05 D4 E9 41 EB 71 86 42
1788592580.137562,34680,1101,12,88 58 12 43 9F E8 E7 41 E2 35 87 42
1788592580.148131,34680,1102,12,54 83 10 43 ED 7F CB 41 6E FC 86 42
1788592580.158976,34680,1103,12,B3 5E 17 43 E1 C5 BA 41 AB 27 88 42
1788592580.169965,34680,1104,12,FF 06 16 43 D0 D7 A7 41 16 CD 8C 42
1788592580.180635,34680,1105,12,41 0C 17 43 B0 96 BA 41 DD AF 93 42
1788592580.191197,34680,1106,12,93 3F 17 43 5A 7D A6 41 61 AB 90 42
1788592580.202181,34680,1107,12,5D BF 13 43 4A AF 9A 41 6C 39 98 42
1788592580.212999,34680,1108,12,35 AE 11 43 61 4D B2 41 6C D6 9B 42
1788592580.223628,34680,1109,12,D4 D8 11 43 71 73 D2 41 46 AA 8E 42
1788592580.234322,34680,110a,12,1D 90 0D 43 B5 0F 07 42 D7 C9 A0 42
1788592580.245055,34680,110b,12,8F C5 09 43 10 5A 17 42 EE A8 9A 42
1788592580.255647,34680,110c,12,8C 03 0A 43 6F E7 32 42 0F 9C 9F 42
1788592580.266188,34680,110d,12,18 E0 04 43 98 F6 42 42 C0 D2 9C 42
1788592580.276767,34680,110e,12,78 E1 00 43 B8 A8 5E 42 3A AC A5 42
1788592580.287481,34680,110f,12,BF 2C F9 42 35 9F 75 42 04 E9 A1 42
1788592580.298080,34680,1110,12,95 45 F2 42 97 08 88 42 3B 22 A7 42
1788592580.308668,34680,1111,12,50 21 EC 42 64 C1 94 42 22 B6 A6 42
1788592580.319449,34680,1112,12,63 72 E0 42 B5 B0 98 42 6D 10 AA 42
1788592580.330123,34680,1113,12,21 39 DB 42 D0 EC 9E 42 26 BF AA 42
1788592580.340639,34680,1114,12,45 A8 D6 42 23 51 9F 42 0B 00 A5 42
1788592580.351712,34680,1115,12,5A 39 D0 42 C7 8E 9D 42 2D DF B1 42
1788592580.362316,34680,1116,12,D0 47 BA 42 F2 D7 9F 42 42 37 B2 42
1788592580.372873,34680,1117,12,57 3C B4 42 E3 C2 96 42 DE 6D AE 42
1788592580.383498,34680,1118,12,D4 18 A9 42 91 F2 95 42 E2 4E B6 42
1788592580.393919,34680,1119,12,B0 FE A2 42 88 FF 8A 42 FE 05 B2 42
1788592580.404445,34680,111a,12,63 C9 90 42 8F 3A 73 42 09 83 BB 42
1788592580.415036,34680,111b,12,4A 0C 90 42 DC D1 6A 42 88 98 BE 42
1788592580.425749,34680,111c,12,28 0F 89 42 D8 44 6B 42 32 58 BB 42
1788592580.437229,34680,111d,12,C2 79 7F 42 EF 93 36 42 FC 44 C0 42
1788592580.447883,34680,111e,12,62 47 6E 42 25 25 25 42 AA 41 B8 42
1788592580.458606,34680,111f,12,F6 60 6A 42 45 68 0F 42 B9 B5 C2 42
1788592580.469046,34680,1120,12,02 1A 58 42 DA 77 E2 41 8F DF C2 42
1788592580.479610,34680,1121,12,5B 88 4A 42 DD BF E4 41 E1 FC C6 42
1788592580.490234,34680,1122,12,C4 F9 53 42 77 31 BD 41 80 4E C4 42
1788592580.500784,34680,1123,12,08 78 50 42 BA 30 A9 41 3D D2 CD 42
1788592580.511329,34680,1124,12,1D 69 4F 42 C9 4D AC 41 E2 87 C7 42
1788592580.521893,34680,1125,12,2D B3 42 42 6C 57 9D 41 62 3D D0 42
1788592580.532436,34680,1126,12,16 E9 49 42 68 C0 8D 41 5F 24 D3 42
1788592580.543041,34680,1127,12,2A FB 51 42 8E 68 AD 41 35 C3 D3 42
1788592580.553661,34680,1128,12,24 72 4B 42 2D D2 C9 41 9B 14 D4 42
1788592580.564147,34680,1129,12,BE 6A 67 42 F3 4C F5 41 11 7C D4 42
1788592580.574767,34680,112a,12,E7 0A 69 42 16 8C 14 42 E7 7F D7 42
1788592580.585318,34680,112b,12,B7 03 69 42 D4 87 33 42 13 D3 D8 42
1788592580.595898,34680,112c,12,1D BC 84 42 26 23 39 42 95 7C D7 42
1788592580.606639,34680,112d,12,DB FB 88 42 63 EA 5A 42 1B D1 DF 42
1788592580.617242,34680,112e,12,AB 68 91 42 5B 33 63 42 F2 1F E1 42
1788592580.627687,34680,112f,12,4D 18 92 42 41 C2 82 42 FD A5 E1 42
1788592580.638347,34680,1130,12,A9 ED 9F 42 07 E3 8C 42 0A 58 ED 42
1788592580.649361,34680,1131,12,28 72 AE 42 B1 A3 96 42 B9 6F E3 42
1788592580.659800,34680,1132,12,9B D3 B5 42 51 1F 92 42 AF 9E F2 42
1788592580.671358,34680,1133,12,5A 00 C1 42 7B 7E A2 42 4E 1C ED 42
1788592580.681977,34680,1134,12,D2 7A C5 42 BB 4C A7 42 4F A6 ED 42
1788592580.693031,34680,1135,12,32 4D CE 42 64 FB A3 42 7D E1 F2 42
1788592580.703719,34680,1136,12,40 C3 D8 42 5A 24 9F 42 45 63 8B 41
1788592580.716733,34680,1137,12,48 EF E1 42 53 C8 8D 42 45 4F 8B 41
1788592580.727201,34680,1138,12,D0 7D ED 42 CA DE 84 42 3F 56 A8 41
1788592580.737787,34680,1139,12,7B 42 F1 42 27 4C 8B 42 26 E9 D4 41
1788592580.748863,34680,113a,12,A8 D3 01 43 09 2C 7A 42 5C 30 D2 41
1788592580.759420,34680,113b,12,A8 B1 00 43 8A 10 61 42 06 26 C2 41
1788592580.769997,34680,113c,12,82 21 05 43 95 FB 44 42 77 05 D5 41
1788592580.780726,34680,113d,12,F0 90 0B 43 3E 2F 3D 42 F9 CC DB 41
1788592580.791820,34680,113e,12,1A BC 0E 43 F4 98 14 42 CC E5 C6 41
1788592580.802627,34680,113f,12,46 63 0F 43 82 AD 06 42 26 CF EB 41
1788592580.812897,34680,1140,12,83 60 11 43 1F 3B E6 41 AC B7 F1 41
1788592580.824590,34680,1141,12,7D 43 14 43 97 EE CC 41 E7 8D 03 42
1788592580.835409,34680,1142,12,AC 06 13 43 2D 51 98 41 85 00 07 42
1788592580.845826,34680,1143,12,9C 02 17 43 46 2B A6 41 1E D6 E7 41
1788592580.856350,34680,1144,12,B3 36 15 43 99 39 A4 41 44 AB 0F 42
1788592580.866879,34680,1145,12,36 18 18 43 91 B8 91 41 FC C6 09 42
1788592580.877408,34680,1146,12,68 DF 14 43 73 D5 BD 41 1B B1 17 42
1788592580.887902,34680,1147,12,2A 2E 13 43 9F 19 CB 41 F1 99 07 42
1788592580.898450,34680,1148,12,65 28 0F 43 B3 F4 EE 41 C1 69 0E 42
1788592580.909194,34680,1149,12,DF 48 0D 43 C5 C0 FE 41 B2 F8 2A 42
1788592580.920016,34680,114a,12,37 6A 0D 43 90 A4 18 42 0B 34 15 42
1788592580.930443,34680,114b,12,FF C0 0A 43 42 74 48 42 D2 49 1D 42
1788592580.941041,34680,114c,12,84 4C 04 43 DC 57 47 42 04 29 29 42
1788592580.951456,34680,114d,12,40 C4 FE 42 92 CB 67 42 F6 CD 26 42
1788592580.962176,34680,114e,12,BC E4 00 43 CA 65 83 42 12 28 25 42
1788592580.972823,34680,114f,12,C0 FF F6 42 A4 58 83 42 EA 3A 29 42
1788592580.983475,34680,1150,12,2D C6 E8 42 FF 5E 95 42 CF 94 38 42
1788592580.994018,34680,1151,12,FE 02 E0 42 AB 5D 92 42 5A 42 3C 42
1788592581.004557,34680,1152,12,69 B9 D9 42 E6 EA 9E 42 A2 4F 46 42
1788592581.015062,34680,1153,12,C3 3B D0 42 74 CA A1 42 55 00 48 42
1788592581.025710,34680,1154,12,B5 A0 C6 42 D2 42 A0 42 FB 29 46 42
1788592581.036032,34680,1155,12,C7 A6 BD 42 C6 39 9C 42 CE 35 45 42
1788592581.047134,34680,1156,12,DF FA AF 42 E9 DF 91 42 42 7F 51 42
1788592581.057770,34680,1157,12,3A CC A6 42 4C 04 90 42 30 EF 4F 42
1788592581.068213,34680,1158,12,95 5F 9F 42 C9 D1 8D 42 8B 6B 51 42
1788592581.078997,34680,1159,12,02 B3 93 42 97 4E 7E 42 6F 03 69 42
1788592581.089591,34680,115a,12,F7 2B 8A 42 C2 01 6F 42 A2 50 6A 42
1788592581.100079,34680,115b,12,EB 32 8A 42 60 D5 45 42 B6 21 55 42
1788592581.110625,34680,115c,12,B4 F3 77 42 81 08 3E 42 F7 FC 69 42
1788592581.121177,34680,115d,12,B2 1E 6A 42 8F 01 1E 42 E9 45 6E 42
1788592581.136999,34680,115e,12,C2 B5 57 42 0D 78 0A 42 A9 69 71 42
1788592581.147510,34680,115f,12,38 80 59 42 3C A3 F7 41 3F 35 74 42
1788592581.157998,34680,1160,12,F4 D4 4B 42 F0 B1 C7 41 0C C5 79 42
1788592581.168612,34680,1161,12,9E 7F 3E 42 59 E5 A6 41 41 F1 78 42
1788592581.179129,34680,1162,12,67 09 56 42 0C 04 87 41 5C C0 80 42
1788592581.189670,34680,1163,12,6A 60 4F 42 C0 AA B5 41 24 45 82 42
1788592581.204228,34680,1164,12,1D EA 43 42 CD 42 BE 41 7F 43 88 42
1788592581.214746,34680,1165,12,39 1F 48 42 8A 27 91 41 6D 19 85 42
1788592581.225241,34680,1166,12,9A 04 5D 42 AE EF BF 41 84 07 8C 42
1788592581.235863,34680,1167,12,C5 01 4E 42 84 D0 DE 41 7C D9 87 42
1788592581.246373,34680,1168,12,F2 39 5D 42 B0 1B FE 41 4F 5F 91 42
1788592581.257175,34680,1169,12,14 3F 5F 42 7E F4 11 42 23 5C 8D 42
1788592581.267700,34680,116a,12,E6 1B 7C 42 87 E6 1E 42 ED 2C 93 42
1788592581.278361,34680,116b,12,74 82 83 42 C6 31 44 42 73 AA 8E 42
1788592581.288862,34680,116c,12,B6 36 89 42 A1 20 64 42 E3 77 99 42
1788592581.299441,34680,116d,12,D7 60 90 42 7B 00 69 42 8B 5F 98 42
1788592581.309984,34680,116e,12,51 EA 97 42 0F 84 83 42 73 C0 97 42
1788592581.320683,34680,116f,12,4C C8 A4 42 32 7F 8C 42 BF 33 9C 42
1788592581.331069,34680,1170,12,22 69 AB 42 F0 CD 93 42 B9 DF 9A 42
1788592581.341624,34680,1171,12,8C 62 AE 42 1E 05 9B 42 48 DC A2 42
1788592581.352229,34680,1172,12,D7 C8 BC 42 0F D3 9B 42 FB B0 A2 42
1788592581.363085,34680,1173,12,7C 5B C7 42 C4 76 A5 42 38 AA 9F 42
1788592581.373585,34680,1174,12,43 44 D6 42 F6 C0 9F 42 80 B1 A2 42
1788592581.384124,34680,1175,12,F0 A2 D6 42 BB 8E 9E 42 56 BE AE 42
1788592581.395112,34680,1176,12,89 F7 EB 42 14 45 96 42 6C E1 A7 42
1788592581.405931,34680,1177,12,85 40 ED 42 A1 04 94 42 9F D4 A8 42
1788592581.416776,34680,1178,12,D1 AD F5 42 57 5C 84 42 21 E2 AC 42
1788592581.427371,34680,1179,12,1F EF FF 42 B7 E1 70 42 C4 BF AA 42
1788592581.437895,34680,117a,12,98 FA 01 43 DE 35 5D 42 09 0F AC 42
1788592581.448613,34680,117b,12,D2 46 03 43 52 10 45 42 D6 75 AB 42
1788592581.459129,34680,117c,12,51 D2 0A 43 13 45 25 42 92 E5 B6 42
1788592581.470176,34680,117d,12,69 D9 0B 43 C4 2F 11 42 C7 B1 B4 42
1788592581.480814,34680,117e,12,89 01 12 43 9F 9F EC 41 28 95 BA 42
1788592581.491338,34680,117f,12,A2 E7 12 43 83 D4 F6 41 45 1D BE 42
1788592581.501963,34680,1180,12,32 DA 11 43 5A 2C BE 41 0F 1E B9 42
1788592581.512703,34680,1181,12,54 16 14 43 E0 58 A2 41 A7 F4 C0 42
1788592581.523383,34680,1182,12,22 0C 16 43 64 88 AB 41 53 62 C3 42
1788592581.534015,34680,1183,12,62 B6 12 43 F6 FA AE 41 0F 19 C2 42
1788592581.544710,34680,1184,12,E0 8F 12 43 35 58 C1 41 DA BA C0 42
1788592581.555240,34680,1185,12,EE 2A 10 43 B2 34 CC 41 FE C2 C4 42
1788592581.565899,34680,1186,12,02 19 16 43 5D 1B ED 41 EB 35 CA 42
1788592581.576749,34680,1187,12,F6 F4 10 43 AA FC FD 41 34 EC C2 42
1788592581.587200,34680,1188,12,D7 E2 0C 43 98 19 0F 42 E3 8E CE 42
1788592581.598329,34680,1189,12,3F 98 0D 43 52 63 21 42 9E EF CD 42
1788592581.609127,34680,118a,12,47 5A 08 43 D2 D7 39 42 69 23 CC 42
1788592581.619740,34680,118b,12,A5 C8 07 43 29 C6 40 42 D4 A7 CE 42
1788592581.630286,34680,118c,12,FA 8D 03 43 AC DE 5F 42 75 EC D1 42
1788592581.640706,34680,118d,12,E0 8C F6 42 9E 02 82 42 56 11 D1 42
1788592581.652206,34680,118e,12,CE 05 EC 42 C8 B2 85 42 08 C7 D8 42
1788592581.662839,34680,118f,12,00 F0 EA 42 CB 37 8E 42 E3 5B D9 42
1788592581.673442,34680,1190,12,07 D5 DB 42 65 EF 94 42 FC D9 D4 42
1788592581.684100,34680,1191,12,38 E5 D1 42 9D 29 9F 42 29 5E DF 42
1788592581.694691,34680,1192,12,D3 A3 D1 42 33 CE 9E 42 C3 27 D9 42
1788592581.705170,34680,1193,12,8C AC C2 42 C6 E2 A0 42 6C DC E1 42
1788592581.715673,34680,1194,12,54 50 B9 42 73 1D 95 42 2B 97 E7 42
1788592581.726188,34680,1195,12,DF FF AF 42 E8 59 9C 42 B9 F9 E0 42
1788592581.736920,34680,1196,12,06 BA A4 42 AA 4A 8E 42 D7 36 EC 42
1788592581.747426,34680,1197,12,0E A8 A1 42 73 2E 8A 42 12 5C EA 42
1788592581.758064,34680,1198,12,9F 35 8D 42 A2 24 7D 42 4A 6D E3 42
1788592581.768446,34680,1199,12,40 37 85 42 8A C5 5F 42 93 A3 F3 42
1788592581.778981,34680,119a,12,F5 7B 85 42 F3 65 54 42 75 B2 A6 41
1788592581.790257,34680,119b,12,01 2A 80 42 AE 3A 29 42 63 5D B9 41
1788592581.800939,34680,119c,12,B8 ED 76 42 78 49 25 42 76 BA B1 41
1788592581.811590,34680,119d,12,C3 E7 60 42 87 3B 11 42 C4 77 AE 41
1788592581.822099,34680,119e,12,23 E4 55 42 61 77 E4 41 74 E6 C5 41
1788592581.832962,34680,119f,12,B8 CD 55 42 AF 2A E0 41 C4 78 CE 41
1788592581.843401,34680,11a0,12,1D 2B 49 42 B8 0D AA 41 60 34 CF 41
1788592581.853955,34680,11a1,12,F6 2C 51 42 5B 0C AB 41 C1 05 D3 41
1788592581.864589,34680,11a2,12,87 05 40 42 9F 95 81 41 73 EE E9 41
1788592581.875181,34680,11a3,12,F3 B4 4F 42 A0 31 AE 41 6D 65 D3 41
1788592581.885839,34680,11a4,12,E3 87 4C 42 2C 70 AD 41 B9 42 E3 41
1788592581.896172,34680,11a5,12,ED 7D 51 42 D8 BD B6 41 E9 8D F6 41
1788592581.906805,34680,11a6,12,AF 36 5C 42 5D 93 BC 41 AD B0 DD 41
1788592581.917427,34680,11a7,12,32 E5 64 42 28 B4 F5 41 26 18 0B 42
1788592581.931055,34680,11a8,12,68 11 6A 42 02 71 18 42 28 EF 04 42
1788592581.941955,34680,11a9,12,ED F9 6F 42 FF B8 35 42 62 7B 09 42
1788592581.952772,34680,11aa,12,C4 B4 81 42 7F BE 3E 42 2A 46 0E 42
1788592581.963309,34680,11ab,12,B2 76 88 42 C9 C6 5A 42 9D 3F 1D 42
1788592581.973877,34680,11ac,12,AE BA 95 42 9F 93 7C 42 6E 9B 0C 42
1788592581.984379,34680,11ad,12,89 F7 9E 42 C4 9F 84 42 D4 6E 18 42
1788592581.994898,34680,11ae,12,1E B3 9D 42 A6 ED 8E 42 D4 01 17 42
1788592582.005410,34680,11af,12,B2 91 A4 42 2A 01 95 42 DD 62 22 42
1788592582.015886,34680,11b0,12,E3 04 B1 42 1B F2 9B 42 EB ED 23 42
1788592582.026517,34680,11b1,12,31 5A BA 42 3E 43 A3 42 7E 09 2B 42
1788592582.037184,34680,11b2,12,03 2D C9 42 60 8A A2 42 06 04 3F 42
1788592582.047756,34680,11b3,12,D6 C2 D0 42 EA 0D 97 42 7F 8F 35 42
1788592582.058381,34680,11b4,12,DE 59 E0 42 3C DE 96 42 6E 62 3A 42
1788592582.069464,34680,11b5,12,82 81 E5 42 EC 21 95 42 B3 A1 40 42
1788592582.080078,34680,11b6,12,28 D1 ED 42 F3 AE 8E 42 F3 C3 4B 42
1788592582.090575,34680,11b7,12,9C AE FC 42 3C B6 8A 42 86 8C 3F 42
1788592582.101180,34680,11b8,12,F7 2F 00 43 ED CA 6E 42 23 3F 50 42
1788592582.111742,34680,11b9,12,8F 41 04 43 28 C8 4E 42 06 33 49 42
1788592582.122678,34680,11ba,12,E3 A1 07 43 C2 F2 44 42 5E 5B 4E 42
1788592582.133224,34680,11bb,12,08 67 06 43 8C 3A 22 42 66 55 61 42
1788592582.143889,34680,11bc,12,47 BC 0D 43 EC DF 1D 42 20 C1 56 42
1788592582.154360,34680,11bd,12,7F D9 0F 43 84 64 07 42 5C C0 54 42
1788592582.164901,34680,11be,12,67 B8 11 43 41 B6 F4 41 83 39 5E 42
1788592582.175469,34680,11bf,12,1F A6 14 43 FC 48 BA 41 E6 B8 58 42
1788592582.186059,34680,11c0,12,7E A6 17 43 85 47 B8 41 08 34 60 42
1788592582.196574,34680,11c1,12,C4 68 17 43 B0 FC 8C 41 3C 69 6E 42
1788592582.209513,34680,11c2,12,09 0E 18 43 03 BF A7 41 5A 01 74 42
1788592582.220409,34680,11c3,12,15 A7 14 43 EC E4 97 41 13 45 72 42
1788592582.231139,34680,11c4,12,54 BD 15 43 5C ED BE 41 FD 3C 71 42
1788592582.242529,34680,11c5,12,92 DD 12 43 D9 D4 DD 41 91 47 85 42
1788592582.256403,34680,11c6,12,A9 C7 12 43 6E FC F6 41 C4 FD 85 42
1788592582.267155,34680,11c7,12,4B 14 12 43 0E A8 0A 42 D0 57 83 42
1788592582.277809,34680,11c8,12,BF 03 0C 43 1D 54 2F 42 6A 14 8C 42
1788592582.288669,34680,11c9,12,13 3A 07 43 46 F3 49 42 F3 F7 81 42
1788592582.299233,34680,11ca,12,54 89 06 43 83 2E 53 42 1C 43 85 42
1788592582.309909,34680,11cb,12,32 A5 FD 42 91 B3 6A 42 99 B8 86 42
1788592582.320298,34680,11cc,12,08 F7 F0 42 CC FD 76 42 32 DC 89 42
1788592582.330740,34680,11cd,12,27 C6 F1 42 B7 95 8D 42 46 CC 87 42
1788592582.341408,34680,11ce,12,51 CD E5 42 5E D4 97 42 11 4E 89 42
1788592582.352081,34680,11cf,12,18 9E DC 42 CD A5 91 42 75 3F 8E 42
1788592582.362835,34680,11d0,12,FC 2A D2 42 C9 96 9E 42 BB 1E 98 42
1788592582.373478,34680,11d1,12,C5 08 CA 42 BE AF A3 42 90 AF 99 42
1788592582.384043,34680,11d2,12,D0 CF C4 42 C6 C4 A0 42 B6 EC 98 42
1788592582.394644,34680,11d3,12,0F 14 B5 42 B5 19 9E 42 63 AE 98 42
1788592582.405195,34680,11d4,12,28 0D AD 42 E5 E1 96 42 C2 0C 9C 42
1788592582.415799,34680,11d5,12,FD 1C A1 42 C8 76 8D 42 7B 42 A1 42
1788592582.426310,34680,11d6,12,9E 67 9A 42 9D 5D 85 42 CA B0 A2 42
1788592582.436855,34680,11d7,12,09 2D 96 42 9B B1 6D 42 9D 64 A4 42
1788592582.447486,34680,11d8,12,F8 5F 89 42 B6 6B 6C 42 DD 40 A1 42
1788592582.458095,34680,11d9,12,F9 0E 84 42 FD ED 54 42 EA DB A3 42
1788592582.468730,34680,11da,12,5F 30 75 42 52 8D 27 42 D4 71 A5 42
1788592582.479751,34680,11db,12,19 6F 65 42 FD 8D 0F 42 7B 3C A9 42
1788592582.490829,34680,11dc,12,E7 54 58 42 86 23 06 42 EF E6 A6 42
1788592582.501311,34680,11dd,12,4B B9 59 42 DA C2 EF 41 33 87 B8 42
1788592582.511959,34680,11de,12,58 3C 55 42 86 2C C7 41 A6 98 AF 42
1788592582.522595,34680,11df,12,1A 3E 4E 42 B6 E9 C0 41 E3 0D A9 42
1788592582.533142,34680,11e0,12,8C C6 41 42 23 2E A6 41 15 D5 AD 42
1788592582.543771,34680,11e1,12,88 2B 42 42 2C FC A9 41 5C BF B7 42
1788592582.554371,34680,11e2,12,10 3F 55 42 56 C4 B3 41 B8 04 B6 42
1788592582.565192,34680,11e3,12,A8 78 49 42 68 0B B6 41 50 FA B6 42
1788592582.575632,34680,11e4,12,9D E6 4F 42 74 A6 DC 41 E1 10 B5 42
1788592582.586207,34680,11e5,12,D9 DA 62 42 28 9A ED 41 EC CB B9 42
1788592582.596728,34680,11e6,12,EA BF 60 42 1A E2 07 42 5A B4 B6 42
1788592582.607394,34680,11e7,12,6F 78 65 42 B1 CD 1C 42 57 F6 C2 42
1788592582.618016,34680,11e8,12,82 85 76 42 6E 5F 2F 42 52 FE C5 42
1788592582.628577,34680,11e9,12,A3 28 7F 42 F6 A5 42 42 27 3E C8 42
1788592582.639195,34680,11ea,12,AC 68 89 42 4A 3C 64 42 8A 10 CB 42
1788592582.649790,34680,11eb,12,B7 82 97 42 26 E5 72 42 EA 76 C9 42
1788592582.660364,34680,11ec,12,C7 DC 93 42 26 4D 84 42 47 A2 C2 42
1788592582.671007,34680,11ed,12,2D E8 9F 42 93 9A 8B 42 9C 8E D0 42
1788592582.681656,34680,11ee,12,E8 D7 AB 42 B2 5C 9B 42 FC 59 D2 42
1788592582.692325,34680,11ef,12,D4 38 B4 42 A4 FA 9D 42 28 6B D4 42
1788592582.703363,34680,11f0,12,EF 21 BF 42 78 9E A5 42 D3 8A D4 42
1788592582.713849,34680,11f1,12,56 AC CD 42 62 AD 9C 42 A3 82 D3 42
1788592582.724499,34680,11f2,12,F4 4B DA 42 2C C0 9C 42 61 59 D6 42
1788592582.735122,34680,11f3,12,66 FB E4 42 A8 5F 9E 42 12 4C D9 42
1788592582.745797,34680,11f4,12,EE C5 E1 42 AE 64 97 42 78 55 DF 42
1788592582.756323,34680,11f5,12,B0 C5 ED 42 25 6E 93 42 2B 61 DD 42
1788592582.766845,34680,11f6,12,CD 4B FA 42 8B 74 7E 42 BC 1C DE 42
1788592582.777404,34680,11f7,12,A6 04 00 43 A6 D8 6F 42 9B EE E4 42
1788592582.787809,34680,11f8,12,DB 7B 03 43 53 07 51 42 33 9A EC 42
1788592582.798388,34680,11f9,12,75 5A 08 43 70 70 33 42 61 1B E9 42
1788592582.808933,34680,11fa,12,BC D7 0A 43 B8 9E 2D 42 90 EF EA 42
1788592582.819606,34680,11fb,12,C3 62 0F 43 F0 77 0D 42 55 E0 EA 42
1788592582.834132,34680,11fc,12,AA 4D 14 43 0A 58 FE 41 04 A7 ED 42
1788592582.846345,34680,11fd,12,6A C5 13 43 F8 6B C1 41 AE 44 EA 42
1788592582.857325,34680,11fe,12,DD 57 13 43 FC 73 98 41 2D 0D A9 41
1788592582.871731,34680,11ff,12,A8 2A 14 43 8B DE AE 41 D4 56 A2 41
1788592582.882659,34680,1200,12,26 54 16 43 79 27 97 41 A3 0A BD 41
1788592582.893849,34680,1201,12,C0 29 14 43 65 EE 9F 41 6A C3 C5 41
1788592582.906632,34680,1202,12,BD 31 16 43 FE 47 C8 41 32 59 C2 41
1788592582.917150,34680,1203,12,86 A4 17 43 F6 A2 C5 41 24 40 C8 41
1788592582.927947,34680,1204,12,04 BC 10 43 0E BF DB 41 0F AA CF 41
1788592582.938552,34680,1205,12,7F 37 13 43 A5 42 05 42 32 CB E0 41
1788592582.949497,34680,1206,12,80 AE 0D 43 0D B8 20 42 35 44 E7 41
1788592582.960053,34680,1207,12,3C D7 06 43 23 F4 29 42 53 2B F7 41
1788592582.970672,34680,1208,12,54 1D 0B 43 E8 C0 40 42 3D B1 02 42
1788592582.981188,34680,1209,12,98 39 03 43 BD D4 5B 42 53 F5 FE 41
1788592582.991850,34680,120a,12,91 C1 00 43 C2 7C 67 42 15 7A 03 42
1788592583.002493,34680,120b,12,15 1C F9 42 58 49 80 42 36 64 07 42
1788592583.012989,34680,120c,12,53 3E EE 42 58 E7 8F 42 79 0D 07 42
1788592583.023574,34680,120d,12,1D C2 E1 42 0C 47 94 42 59 EA 11 42
1788592583.034171,34680,120e,12,68 F4 DE 42 75 D1 9A 42 CE CD 13 42
1788592583.044888,34680,120f,12,01 7B D1 42 E9 51 9F 42 65 2F 20 42
1788592583.055458,34680,1210,12,80 EA CA 42 20 8F A6 42 28 E8 13 42
1788592583.066209,34680,1211,12,15 53 B3 42 3B 8C A6 42 A2 34 1C 42
1788592583.076730,34680,1212,12,29 93 AD 42 FA 1F 99 42 0E 5C 0E 42
1788592583.088491,34680,1213,12,B7 06 A8 42 2A 25 9D 42 A2 67 23 42
1788592583.099152,34680,1214,12,E9 10 A7 42 E2 E4 90 42 91 34 36 42
1788592583.109815,34680,1215,12,08 79 9A 42 47 CD 8A 42 88 F6 1F 42
1788592583.120249,34680,1216,12,84 D9 93 42 FF BE 7C 42 65 3D 25 42
1788592583.130627,34680,1217,12,99 C5 8A 42 66 E9 5E 42 BB 8B 32 42
1788592583.141444,34680,1218,12,9A 66 84 42 72 A8 47 42 48 71 33 42
1788592583.153911,34680,1219,12,87 A5 7B 42 41 62 32 42 33 98 31 42
1788592593.175936,34680,121c,12,59 62 5B 42 63 1A F9 41 29 C3 43 42
1788592593.184412,34680,121d,12,E1 96 4F 42 C4 3E F5 41 CB 77 47 42
1788592593.194933,34680,121e,12,69 69 43 42 90 92 D4 41 9E 7E 4E 42
1788592593.205781,34680,121f,12,52 32 5E 42 4E 04 A3 41 3D 81 54 42
1788592593.217167,34680,1220,12,16 B4 47 42 7D E8 89 41 47 7D 58 42
1788592593.227671,34680,1221,12,B6 01 4A 42 5A AD A6 41 39 68 50 42
1788592593.238194,34680,1222,12,E7 12 50 42 96 08 AC 41 22 8C 5A 42
1788592593.249234,34680,1223,12,B8 8D 3F 42 82 BC B9 41 B8 E5 58 42
1788592593.259641,34680,1224,12,75 49 53 42 11 99 D1 41 E9 11 52 42
1788592593.270247,34680,1225,12,BE 0C 51 42 84 5D EC 41 BC 2C 65 42
1788592593.280720,34680,1226,12,03 92 5A 42 F0 87 1B 42 F5 7A 71 42
1788592593.291323,34680,1227,12,72 46 68 42 C8 8D 0B 42 9C A4 65 42
1788592593.301927,34680,1228,12,39 E1 78 42 D3 17 38 42 7A B9 6E 42
1788592593.312510,34680,1229,12,EC 49 86 42 48 5F 40 42 50 17 7B 42
1788592593.323010,34680,122a,12,23 8A 8B 42 63 52 61 42 C9 7F 82 42
1788592593.333697,34680,122b,12,93 02 93 42 67 9D 71 42 58 49 84 42
1788592593.344271,34680,122c,12,35 E6 98 42 94 65 8A 42 54 E6 78 42
1788592593.354857,34680,122d,12,51 22 A4 42 01 CC 8F 42 54 EF 85 42
1788592593.365882,34680,122e,12,FB C3 B2 42 E6 51 92 42 7B 33 86 42
1788592593.376493,34680,122f,12,07 37 B6 42 24 E1 9B 42 FC 3B 8B 42
1788592593.387291,34680,1230,12,2A 38 BD 42 57 34 9F 42 FA 07 7E 42
1788592593.397904,34680,1231,12,F8 6B CD 42 5C E7 A2 42 23 A7 85 42
1788592593.408555,34680,1232,12,F6 CB D8 42 10 50 9B 42 EF 0D 93 42
1788592593.419156,34680,1233,12,5C 68 D9 42 AD 40 98 42 A7 30 91 42
1788592593.429990,34680,1234,12,21 D5 E1 42 8E DD 93 42 A5 E2 8B 42
1788592593.440544,34680,1235,12,C7 5F F5 42 4C 10 89 42 26 F4 91 42
1788592593.451309,34680,1236,12,BC 55 FF 42 55 9D 78 42 09 FB 92 42
1788592593.461956,34680,1237,12,EC 3E 02 43 29 E7 66 42 35 D6 97 42
1788592593.472566,34680,1238,12,17 30 08 43 59 8C 59 42 F8 54 95 42
1788592593.483325,34680,1239,12,6B 5B 05 43 A8 6C 3F 42 BB 41 A2 42
1788592593.494003,34680,123a,12,96 36 0C 43 22 E0 1F 42 55 C6 9E 42
1788592593.504747,34680,123b,12,CE 35 10 43 BF 79 11 42 FF E7 9C 42
1788592593.515372,34680,123c,12,89 EE 0E 43 BF 04 D4 41 09 D5 9E 42
1788592593.526089,34680,123d,12,9C 88 15 43 71 09 BE 41 25 9D A5 42
1788592593.536635,34680,123e,12,90 A1 13 43 C0 0E B3 41 50 B3 A9 42
1788592593.547158,34680,123f,12,90 BE 14 43 4A DE 89 41 36 B4 A7 42
1788592593.557655,34680,1240,12,FD 70 18 43 3B 42 B5 41 F6 2D A8 42
1788592593.568529,34680,1241,12,34 8E 11 43 5F BE A1 41 BF EB A8 42
1788592593.579240,34680,1242,12,AC A1 15 43 3F 21 BA 41 E9 53 B1 42
1788592593.589757,34680,1243,12,02 AC 12 43 CD D0 BD 41 1D 4F B5 42
1788592593.600446,34680,1244,12,20 C3 10 43 34 DD CF 41 92 B6 AC 42
1788592593.611048,34680,1245,12,24 DF 0F 43 92 0E EC 41 A3 63 B8 42
1788592593.621580,34680,1246,12,FD 70 0D 43 BB 21 0F 42 AE 24 B5 42
1788592593.632174,34680,1247,12,9D 0E 0C 43 A2 E7 37 42 C0 12 BB 42
1788592593.642715,34680,1248,12,05 16 07 43 9B 4F 46 42 4E 75 B4 42
1788592593.653205,34680,1249,12,DC 27 00 43 2A 87 57 42 DF 95 C2 42
1788592593.663958,34680,124a,12,8F 5E FC 42 EB 1A 7D 42 63 ED BB 42
1788592593.674377,34680,124b,12,8C 77 F4 42 EA 8E 81 42 FA EB C3 42
1788592593.684906,34680,124c,12,AA 23 EC 42 80 91 89 42 E2 D8 C7 42
1788592593.695462,34680,124d,12,5E 40 DB 42 3F A4 95 42 34 41 C7 42
1788592593.706136,34680,124e,12,8E C0 DA 42 42 D8 9D 42 61 A4 C9 42
1788592593.716727,34680,124f,12,C2 1A D5 42 25 EE 9D 42 7F 3D CB 42
1788592593.727616,34680,1250,12,A1 BC CE 42 8D B9 A1 42 C9 E2 CD 42
1788592593.738401,34680,1251,12,25 47 C0 42 27 07 9C 42 ED 46 CF 42
1788592593.749011,34680,1252,12,40 46 B2 42 C8 BA 9A 42 BD 10 CF 42
1788592593.759708,34680,1253,12,0F 62 AC 42 8F 80 94 42 A1 98 C8 42
1788592593.770270,34680,1254,12,2F 8C A3 42 74 15 8D 42 42 CA D4 42
1788592593.780883,34680,1255,12,F1 F0 99 42 D4 9D 83 42 62 B8 DB 42
1788592593.791462,34680,1256,12,C6 23 8A 42 87 E3 7D 42 50 E8 DA 42
1788592593.801898,34680,1257,12,75 CA 88 42 E8 DD 68 42 5A 36 D4 42
1788592593.812302,34680,1258,12,01 BE 82 42 F8 B0 50 42 32 9D D9 42
1788592593.822897,34680,1259,12,DE 73 74 42 E4 A0 34 42 D2 95 D5 42
1788592593.833456,34680,125a,12,28 2F 71 42 DB 70 1F 42 3B 59 E4 42
1788592593.844022,34680,125b,12,6C B0 64 42 D0 6B 00 42 1A 7A DE 42
1788592593.854794,34680,125c,12,F6 58 46 42 E1 52 EB 41 5E D3 E2 42
1788592593.865339,34680,125d,12,6F 7C 61 42 1D D2 BE 41 54 5C E2 42
1788592593.876028,34680,125e,12,0A 67 47 42 F2 B3 BC 41 A0 B7 EB 42
1788592593.886970,34680,125f,12,99 B6 5B 42 14 22 AA 41 AE 80 E9 42
1788592593.897579,34680,1260,12,D6 17 4C 42 81 E0 AB 41 6F 7D EC 42
1788592593.908906,34680,1261,12,6E 79 4F 42 CF 23 A8 41 AB 72 EA 42
1788592593.919761,34680,1262,12,C1 91 5F 42 DE D2 B6 41 1B 4C ED 42
1788592593.930320,34680,1263,12,93 F5 4C 42 85 AE BD 41 67 5E 9E 41
1788592593.941003,34680,1264,12,8B CC 58 42 FE 9A EB 41 08 FA 96 41
1788592593.951619,34680,1265,12,FB 23 6F 42 8E 5F 20 42 FF AB B9 41
1788592593.962560,34680,1266,12,C3 E7 69 42 5C 22 26 42 7F B9 B6 41
1788592593.973155,34680,1267,12,B4 ED 75 42 FF 6B 3A 42 80 E1 BB 41
1788592593.983773,34680,1268,12,95 2C 89 42 C8 FD 5A 42 D2 77 A2 41
1788592593.994288,34680,1269,12,E1 82 8E 42 77 95 68 42 7E 86 D9 41
1788592594.004811,34680,126a,12,1F D4 99 42 C9 E7 82 42 59 DE C7 41
1788592594.015363,34680,126b,12,E6 80 9C 42 AF 50 8A 42 71 71 E6 41
1788592594.025896,34680,126c,12,A7 33 A5 42 5A 3E 90 42 C7 A9 F5 41
1788592594.036451,34680,126d,12,41 A5 B8 42 1F 77 9A 42 F5 D5 F9 41
1788592594.047050,34680,126e,12,A1 C4 B9 42 36 4E 97 42 A7 DC F1 41
1788592594.057780,34680,126f,12,68 84 C0 42 81 C7 A2 42 6B 22 F1 41
1788592594.068363,34680,1270,12,F0 70 D2 42 C4 C0 A1 42 2C 4F FB 41
1788592594.079028,34680,1271,12,77 AD D7 42 62 B9 9D 42 87 C9 07 42
1788592594.089607,34680,1272,12,9C A2 E5 42 9B 9E 93 42 76 80 17 42
1788592594.100510,34680,1273,12,26 21 E8 42 5F A3 8D 42 5B 2F 05 42
1788592594.111084,34680,1274,12,0B 54 F6 42 7A E7 82 42 6B 61 15 42
1788592594.122883,34680,1275,12,73 9E FD 42 E1 5F 73 42 E9 25 12 42
1788592594.133343,34680,1276,12,C0 83 02 43 34 4B 5D 42 31 62 23 42
1788592594.143987,34680,1277,12,91 09 07 43 49 09 4C 42 89 4F 1A 42
1788592594.154544,34680,1278,12,10 58 0B 43 BA 40 3C 42 D4 6B 2E 42
1788592594.164974,34680,1279,12,41 F9 0C 43 27 28 28 42 B7 62 35 42
1788592594.175477,34680,127a,12,D1 5C 10 43 2C CF 11 42 5A 5D 17 42
1788592594.186221,34680,127b,12,BF E3 10 43 85 7C EE 41 C4 A8 39 42
1788592594.197039,34680,127c,12,AB 90 12 43 41 E5 CC 41 D4 D1 21 42
1788592594.207494,34680,127d,12,FE D6 16 43 8A 5A BA 41 B5 D8 3A 42
1788592594.217969,34680,127e,12,54 FC 13 43 24 C1 AB 41 38 22 2F 42
1788592594.228893,34680,127f,12,F5 49 18 43 64 0E A2 41 30 BC 3C 42
1788592594.239434,34680,1280,12,32 27 17 43 DB 6F AD 41 41 0E 44 42
1788592594.249958,34680,1281,12,50 0F 15 43 47 95 AB 41 5C 0C 41 42
1788592594.260504,34680,1282,12,8E DB 12 43 F2 77 B9 41 60 29 50 42
1788592594.271122,34680,1283,12,5A 37 10 43 95 7F E8 41 0D B3 55 42
1788592594.282241,34680,1284,12,14 35 0D 43 73 4A 0C 42 66 DA 50 42
1788592594.292648,34680,1285,12,0E 3C 0C 43 4A E3 26 42 AD 12 5B 42
1788592594.303213,34680,1286,12,BA 50 0B 43 01 67 3A 42 7A 92 64 42
1788592594.313962,34680,1287,12,31 02 07 43 C1 9B 56 42 23 B9 52 42
1788592594.324727,34680,1288,12,58 51 04 43 5F 8B 6D 42 9A 9F 61 42
1788592594.335690,34680,1289,12,66 EA FE 42 00 D1 7A 42 53 7B 63 42
1788592594.346092,34680,128a,12,B8 93 F4 42 60 62 87 42 D3 3C 66 42
1788592594.356669,34680,128b,12,A0 D3 EA 42 BA 84 91 42 49 5E 7E 42
1788592594.367151,34680,128c,12,9E C1 E7 42 E6 9E 9B 42 CF B6 7C 42
1788592594.377666,34680,128d,12,87 A4 E0 42 B6 16 9A 42 4F B5 80 42
1788592594.388134,34680,128e,12,B9 2C CE 42 96 9E A1 42 EF 3A 76 42
1788592594.398625,34680,128f,12,07 AC C3 42 3D 96 A1 42 B0 AA 81 42
1788592594.409204,34680,1290,12,DD 22 BA 42 0B 1F 99 42 B3 97 85 42
1788592594.419725,34680,1291,12,D2 09 AB 42 34 97 A5 42 59 E6 82 42
1788592594.430667,34680,1292,12,9A 08 B0 42 41 FF 96 42 C1 60 82 42
1788592594.441150,34680,1293,12,40 19 A0 42 A6 0B 8D 42 CF 89 7F 42
1788592594.452416,34680,1294,12,5C 20 95 42 3B 58 7F 42 FE 11 83 42
1788592594.463100,34680,1295,12,AF E1 93 42 3C 1C 6B 42 73 31 8B 42
1788592594.473768,34680,1296,12,3E A1 80 42 E0 E0 5B 42 C0 C1 93 42
1788592594.484374,34680,1297,12,23 EF 78 42 7F E4 3D 42 6E D6 8B 42
1788592594.495467,34680,1298,12,C9 1E 79 42 81 B2 2B 42 1A FE 95 42
1788592594.505752,34680,1299,12,37 9B 64 42 D1 3F 18 42 77 0B 96 42
1788592594.516404,34680,129a,12,27 40 54 42 1F 7A EF 41 93 DE 98 42
1788592594.527027,34680,129b,12,C6 79 52 42 7D 11 C9 41 99 30 95 42
1788592594.537560,34680,129c,12,71 74 45 42 55 2E BB 41 4F 4E 97 42
1788592594.548057,34680,129d,12,14 21 40 42 E8 0A C7 41 C9 5A 9D 42
1788592594.558612,34680,129e,12,85 33 43 42 F9 3A 99 41 B1 2D A3 42
1788592594.569621,34680,129f,12,4D 2A 53 42 8A F3 AA 41 16 DE 98 42
1788592594.580223,34680,12a0,12,50 C0 41 42 AE DE 9D 41 80 82 A4 42
1788592594.590855,34680,12a1,12,E7 1C 55 42 64 53 AF 41 AB 11 A5 42
1788592594.601876,34680,12a2,12,DB 07 62 42 8E C0 C4 41 B4 F1 A0 42
1788592594.613045,34680,12a3,12,0D 00 5C 42 D5 52 F9 41 BD D9 A9 42
1788592594.623863,34680,12a4,12,20 4C 5C 42 02 73 15 42 91 03 A9 42
1788592594.634440,34680,12a5,12,AF 82 6A 42 C5 51 26 42 05 67 A9 42
1788592594.645201,34680,12a6,12,E9 28 80 42 0B 1E 37 42 AD 8F AE 42
1788592594.655776,34680,12a7,12,EF AE 86 42 D5 3B 55 42 DC 8E B1 42
1788592594.666342,34680,12a8,12,77 87 8F 42 0C 8B 68 42 E0 5B A9 42
1788592594.676885,34680,12a9,12,85 BB 98 42 16 8E 7B 42 5A E1 B0 42
1788592594.687526,34680,12aa,12,6A B2 9E 42 AB 2F 91 42 18 06 BB 42
1788592594.698107,34680,12ab,12,0C A9 AA 42 D2 D2 96 42 6C 25 B2 42
1788592594.708767,34680,12ac,12,4A 83 B5 42 BE 00 9B 42 05 83 B9 42
1788592594.737962,34680,12ad,12,2D 61 B7 42 DF 9B A1 42 7A A1 C2 42
1788592594.748380,34680,12ae,12,B8 62 CC 42 2D DD A3 42 F8 F3 B7 42
1788592594.768036,34680,12af,12,7D 01 D6 42 FF 5E 9D 42 C8 54 B8 42
1788592594.778839,34680,12b0,12,4E B2 DD 42 72 87 96 42 24 1B C1 42
1788592594.789521,34680,12b1,12,14 E8 E7 42 C9 44 94 42 71 3E CA 42
1788592594.800138,34680,12b2,12,42 DB EE 42 41 6A 8D 42 22 94 C8 42
1788592594.810820,34680,12b3,12,07 BF F9 42 B4 59 81 42 F8 47 C7 42
1788592594.821388,34680,12b4,12,68 C7 00 43 BF 75 71 42 5B 79 CC 42
1788592594.831931,34680,12b5,12,76 CE 03 43 E2 52 6C 42 8A 8E CB 42
1788592594.842535,34680,12b6,12,5F 07 09 43 5F 44 5B 42 8E 1A CE 42
1788592594.853118,34680,12b7,12,86 9A 0A 43 C9 00 32 42 68 AB D0 42
1788592594.863741,34680,12b8,12,2C 14 0D 43 AD 00 23 42 E0 25 D5 42
1788592594.874346,34680,12b9,12,C1 1D 10 43 4E B0 03 42 58 58 D5 42
1788592594.884880,34680,12ba,12,A8 61 15 43 D7 A6 E2 41 63 B4 D9 42
1788592594.895439,34680,12bb,12,3B 95 0F 43 3C E3 A1 41 53 B3 DE 42
1788592594.906067,34680,12bc,12,3A 9B 13 43 94 63 B0 41 CE 32 E8 42
1788592594.916678,34680,12bd,12,C0 17 13 43 B5 41 A2 41 74 D3 DC 42
1788592594.927412,34680,12be,12,B3 3F 17 43 E0 8E 97 41 96 DD DB 42
1788592594.937948,34680,12bf,12,5D F3 17 43 5F 45 BB 41 53 3B DD 42
1788592594.948675,34680,12c0,12,58 CC 16 43 32 F1 B0 41 42 B4 E6 42
1788592594.959342,34680,12c1,12,49 99 12 43 25 AE C4 41 43 27 DF 42
1788592594.970119,34680,12c2,12,91 48 10 43 35 FC F1 41 ED C4 EC 42
1788592594.980675,34680,12c3,12,91 6B 11 43 7E 46 03 42 89 B7 E5 42
1788592594.991281,34680,12c4,12,C5 D5 09 43 63 8F 22 42 A0 78 E5 42
1788592595.001865,34680,12c5,12,A7 23 09 43 A3 E1 2F 42 01 12 ED 42
1788592595.012389,34680,12c6,12,3B 9B 06 43 A4 5F 46 42 03 CE EA 42
1788592595.023035,34680,12c7,12,7F B6 00 43 53 33 56 42 8C 71 B5 41
1788592595.033619,34680,12c8,12,B4 C8 FF 42 08 58 76 42 6A F0 AF 41
1788592595.044296,34680,12c9,12,E5 4F F8 42 2D 6B 87 42 FD 39 CC 41
1788592595.055193,34680,12ca,12,E8 1A EB 42 51 06 89 42 9E 0C AA 41
1788592595.065790,34680,12cb,12,2A 93 E2 42 87 A0 96 42 9E 4F D0 41
1788592595.076435,34680,12cc,12,B3 D6 D3 42 06 8D A1 42 B0 E2 BF 41
1788592595.087049,34680,12cd,12,01 5B CC 42 4F A9 9F 42 F1 5E DF 41
1788592595.097452,34680,12ce,12,36 DB BD 42 CB 72 A5 42 61 E3 D2 41
1788592595.108073,34680,12cf,12,20 A3 B7 42 FA CE 9F 42 65 32 C5 41
1788592595.118686,34680,12d0,12,6A 75 B6 42 FE 7F 9B 42 08 D5 CC 41
1788592595.129358,34680,12d1,12,B6 D5 9E 42 98 2F 94 42 B8 C4 F8 41
1788592595.139930,34680,12d2,12,D0 D3 9B 42 F7 1F 87 42 23 A3 ED 41
1788592595.150542,34680,12d3,12,EC 5F 8F 42 32 B5 82 42 F4 C5 05 42
1788592595.161078,34680,12d4,12,5F CA 8A 42 DE E1 62 42 B3 EE 06 42
1788592595.171632,34680,12d5,12,6C A2 81 42 DA 81 4D 42 73 05 14 42
1788592595.182234,34680,12d6,12,7C 8C 80 42 62 1F 41 42 00 03 03 42
1788592595.193123,34680,12d7,12,3F 6D 6A 42 7D 21 19 42 97 56 0E 42
1788592595.203746,34680,12d8,12,47 C9 6C 42 2C 6C 0B 42 95 5A 12 42
1788592595.214340,34680,12d9,12,99 F3 63 42 7F 67 D7 41 A5 32 27 42
1788592595.225347,34680,12da,12,1E 4B 52 42 C0 68 C1 41 58 BC 0B 42
1788592595.235449,34680,12db,12,E4 FA 41 42 8F D5 AF 41 52 90 1E 42
1788592595.246000,34680,12dc,12,59 92 50 42 CD 19 A2 41 0C AB 27 42
1788592595.256604,34680,12dd,12,2E 88 4C 42 BF C6 9F 41 C3 11 25 42
1788592595.267112,34680,12de,12,A4 FB 51 42 23 6C AF 41 5D 07 37 42
1788592595.277641,34680,12df,12,C1 2F 53 42 B6 E0 A7 41 61 F2 33 42
1788592595.288161,34680,12e0,12,5B 8E 3D 42 46 90 CB 41 AC BA 27 42
1788592595.299112,34680,12e1,12,30 7F 69 42 AD 03 DB 41 83 F3 30 42
1788592595.309747,34680,12e2,12,3E 91 5B 42 C3 9D 00 42 5B 8A 32 42
1788592595.320340,34680,12e3,12,D6 E7 5D 42 5C A6 14 42 22 9E 41 42
1788592595.331219,34680,12e4,12,D4 02 85 42 23 B1 25 42 61 B6 4B 42
1788592595.341523,34680,12e5,12,41 99 87 42 82 55 3D 42 E9 03 4E 42
1788592595.352226,34680,12e6,12,31 3E 89 42 D5 5D 68 42 7C 8F 4D 42
1788592595.362979,34680,12e7,12,1A 1A 8E 42 4A 5F 6B 42 7D 90 59 42
1788592595.373552,34680,12e8,12,6F DB 98 42 69 61 73 42 5B 2E 51 42
1788592595.384130,34680,12e9,12,56 6F 9D 42 89 C4 89 42 7E F7 55 42
1788592595.394616,34680,12ea,12,2B CE A7 42 77 2D 90 42 A3 26 57 42
1788592595.405549,34680,12eb,12,FB D1 B6 42 02 42 98 42 18 D8 63 42
1788592595.415514,34680,12ec,12,CE D8 BD 42 26 D0 A3 42 6C 76 59 42
1788592595.426013,34680,12ed,12,FE 91 CA 42 34 D5 9E 42 8F 10 65 42
1788592595.437524,34680,12ee,12,5B F4 D0 42 AA 48 9E 42 6C EF 74 42
1788592595.448136,34680,12ef,12,F8 81 DB 42 07 35 9E 42 69 12 73 42
1788592595.458650,34680,12f0,12,14 C3 E0 42 23 EE 96 42 BD 63 6C 42
1788592595.475734,34680,12f1,12,AF 25 ED 42 9E 02 89 42 E0 B4 78 42
1788592595.486296,34680,12f2,12,0F F5 F6 42 36 F7 81 42 08 BD 84 42
1788592595.496785,34680,12f3,12,E9 16 00 43 50 0F 75 42 D5 2B 88 42
1788592595.507329,34680,12f4,12,B0 60 03 43 54 33 6D 42 F1 87 83 42
1788592595.518129,34680,12f5,12,A4 16 06 43 2B CD 4D 42 B3 95 87 42
1788592595.529553,34680,12f6,12,F2 36 0B 43 0C BC 2F 42 AC D7 81 42
1788592595.539968,34680,12f7,12,D7 20 08 43 CB 5D 14 42 37 62 89 42
1788592595.550638,34680,12f8,12,B8 E7 0E 43 5C D3 F5 41 88 31 89 42
1788592595.561141,34680,12f9,12,BD B3 10 43 97 73 D6 41 70 84 8C 42
1788592595.571842,34680,12fa,12,B9 23 14 43 74 68 BE 41 F2 94 8F 42
1788592595.582385,34680,12fb,12,E7 65 13 43 F6 F4 BD 41 AD B0 99 42
1788592595.592914,34680,12fc,12,43 E2 13 43 D7 E4 B1 41 C0 87 97 42
1788592595.603455,34680,12fd,12,5C D2 12 43 3B D1 81 41 9D 67 93 42
1788592595.614027,34680,12fe,12,7E 0C 15 43 58 81 B5 41 ED 3A 95 42
1788592595.624702,34680,12ff,12,89 EE 15 43 7F 7D BB 41 46 78 9A 42
1788592595.635254,34680,1300,12,41 AA 12 43 9A 27 D9 41 52 09 95 42
1788592595.645764,34680,1301,12,4E FD 13 43 32 9C 01 42 5C 67 99 42
1788592595.656259,34680,1302,12,97 99 0F 43 A7 8C 0F 42 12 74 9E 42
1788592595.666820,34680,1303,12,11 92 0B 43 B8 B7 23 42 7F 8C 9C 42
1788592595.677365,34680,1304,12,EB 51 0C 43 4E AC 37 42 C1 2F AA 42
1788592595.687905,34680,1305,12,28 B4 08 43 8D B8 47 42 36 12 A1 42
1788592595.698742,34680,1306,12,1D 4A 00 43 E0 89 78 42 B2 D1 A0 42
1788592595.709513,34680,1307,12,0A 57 FB 42 F0 48 7E 42 5E 04 A0 42
1788592595.720078,34680,1308,12,C3 8C F6 42 28 7B 87 42 13 E4 AB 42
1788592595.730656,34680,1309,12,35 C2 E5 42 4C FC 97 42 A4 17 A9 42
1788592595.741295,34680,130a,12,7B 4B E4 42 F7 58 9D 42 A6 A3 AA 42
1788592595.751872,34680,130b,12,A8 8E DD 42 1A A7 96 42 E3 A1 AA 42
1788592595.762563,34680,130c,12,C1 00 CC 42 FC 6E A4 42 BD B2 B4 42
1788592595.773209,34680,130d,12,FB FB C4 42 4A 91 A0 42 F7 EE B3 42
1788592595.784170,34680,130e,12,9C 5F BD 42 88 B5 97 42 A6 32 B4 42
1788592595.795006,34680,130f,12,41 29 B0 42 BC D9 98 42 61 30 BA 42
1788592595.805681,34680,1310,12,58 A2 A6 42 2E 58 92 42 58 9E BD 42
1788592595.816216,34680,1311,12,B9 11 9D 42 6F 9C 8C 42 56 65 BE 42
1788592595.826766,34680,1312,12,F0 C2 91 42 39 B5 78 42 7B 9C BF 42
1788592595.837449,34680,1313,12,F4 E5 8A 42 0F 3C 5E 42 29 A9 BE 42
1788592595.847960,34680,1314,12,92 98 84 42 2D 88 4D 42 13 B1 BF 42
1788592595.858572,34680,1315,12,A7 B1 77 42 28 60 36 42 1C 6D C4 42
1788592595.869587,34680,1316,12,FF 10 67 42 82 97 25 42 68 30 C9 42
1788592595.880275,34680,1317,12,0A E9 65 42 16 B0 06 42 37 16 C7 42
1788592595.890829,34680,1318,12,4F B6 56 42 F4 38 05 42 90 17 C8 42
1788592595.901434,34680,1319,12,63 88 4F 42 54 9C EE 41 6A DE C9 42
1788592595.912139,34680,131a,12,9B 50 4C 42 83 37 AE 41 C8 DD CA 42
1788592595.923444,34680,131b,12,FE 12 52 42 8C A2 B3 41 D3 49 CF 42
1788592595.934113,34680,131c,12,2C 78 3B 42 90 71 8B 41 0B 36 D3 42
1788592595.944761,34680,131d,12,76 FE 44 42 21 70 BD 41 5B 1F D4 42
1788592595.955329,34680,131e,12,AB F3 3D 42 12 3F AF 41 8B 50 CE 42
1788592595.966042,34680,131f,12,17 33 4E 42 ED 49 C7 41 98 B2 D6 42
1788592595.976788,34680,1320,12,C3 63 54 42 11 CD D1 41 6F 0B DB 42
1788592595.987440,34680,1321,12,BA 0B 63 42 81 8E 06 42 D8 6C DF 42
1788592595.998176,34680,1322,12,27 EA 61 42 0A 3F 25 42 62 99 E4 42
1788592596.008709,34680,1323,12,9E 3D 77 42 5D AF 20 42 A0 2F E4 42
1788592596.019266,34680,1324,12,BA F1 78 42 A4 BD 47 42 66 BE E4 42
1788592596.030190,34680,1325,12,94 3C 82 42 9E DA 60 42 03 E2 E6 42
1788592596.040635,34680,1326,12,BE F2 94 42 B2 4E 68 42 56 DF E8 42
1788592596.051214,34680,1327,12,60 1D 9D 42 7F 99 8B 42 63 CF EB 42
1788592596.061871,34680,1328,12,DC 35 A4 42 DC 60 8C 42 A8 17 E4 42
1788592596.072571,34680,1329,12,9D 88 AA 42 99 B2 8A 42 5D B2 EE 42
1788592596.083221,34680,132a,12,9A 02 B8 42 CA 46 9E 42 B4 8D E5 42
1788592596.093957,34680,132b,12,07 CB B9 42 FF 2C A6 42 06 85 A6 41
1788592596.104497,34680,132c,12,29 86 CB 42 BE F8 A2 42 7A 8B A8 41
1788592596.115252,34680,132d,12,8F 72 D6 42 70 29 A5 42 82 17 9D 41
1788592596.126063,34680,132e,12,E1 51 E0 42 29 F8 9B 42 D2 A3 BE 41
1788592596.136507,34680,132f,12,7A 00 E0 42 AE 7F 92 42 94 5A AC 41
1788592596.147235,34680,1330,12,2C 15 EE 42 7A 33 92 42 A7 E6 AF 41
1788592596.157871,34680,1331,12,4D 95 FC 42 0E 97 75 42 9F E9 BA 41
1788592596.168424,34680,1332,12,5C 26 FB 42 13 E1 6E 42 97 27 D4 41
1788592596.178916,34680,1333,12,B9 F9 04 43 05 5A 5E 42 79 86 CC 41
1788592596.189411,34680,1334,12,70 54 0A 43 02 DC 32 42 48 5D E4 41
1788592596.199932,34680,1335,12,FC AA 0A 43 26 4C 23 42 E7 CB F3 41
1788592596.210873,34680,1336,12,6E BB 0C 43 98 1C 06 42 9B 37 EC 41
1788592596.221424,34680,1337,12,87 C1 11 43 1C 7D 01 42 4D 48 FF 41
1788592596.232126,34680,1338,12,BF E5 10 43 52 26 E7 41 27 7A 11 42
1788592596.242679,34680,1339,12,2E 8A 13 43 72 48 C1 41 13 DF 08 42
1788592596.253271,34680,133a,12,D9 53 15 43 DF 3B C6 41 30 0B 10 42
1788592596.263826,34680,133b,12,47 92 16 43 F9 1C 93 41 69 B8 0A 42
1788592596.274364,34680,133c,12,CE DC 14 43 A5 4E 9B 41 16 E1 0E 42
1788592596.284912,34680,133d,12,B2 94 16 43 E6 3B AD 41 B4 93 10 42
1788592596.295649,34680,133e,12,C2 64 10 43 68 D2 A5 41 98 C2 14 42
1788592596.305953,34680,133f,12,F6 1E 14 43 C5 D1 CA 41 B0 12 16 42
1788592596.316723,34680,1340,12,0F C8 10 43 FA D1 F3 41 1B 81 28 42
1788592596.327408,34680,1341,12,78 0D 0F 43 C3 69 21 42 88 2F 2B 42
1788592596.338122,34680,1342,12,8F 1E 0A 43 DD C8 26 42 C1 02 33 42
1788592596.348713,34680,1343,12,2E 50 09 43 EE 96 38 42 7C 16 2C 42
1788592596.359222,34680,1344,12,08 BB 05 43 CC 76 62 42 17 A3 34 42
1788592596.369793,34680,1345,12,8B BA FF 42 BC 64 73 42 CA F5 39 42
1788592596.380474,34680,1346,12,4D DD FD 42 C4 F6 83 42 EA E1 3C 42
1788592596.391118,34680,1347,12,50 C5 F8 42 E2 07 87 42 AC AF 4C 42
1788592596.401695,34680,1348,12,02 9D E8 42 D0 9E 8F 42 87 F7 47 42
1788592596.412261,34680,1349,12,42 05 E3 42 BF 0F 99 42 1A 4C 43 42
1788592596.422923,34680,134a,12,A8 5B D6 42 43 7B A4 42 74 C5 42 42
1788592596.433801,34680,134b,12,89 DB CA 42 42 70 A1 42 61 0A 59 42
1788592596.444326,34680,134c,12,12 13 C1 42 45 55 9D 42 4D 85 5A 42
1788592596.455225,34680,134d,12,80 70 BD 42 C6 77 9D 42 1B C0 51 42
1788592596.465672,34680,134e,12,A4 D0 B6 42 1B 33 9B 42 DC 10 6F 42
1788592596.476099,34680,134f,12,47 53 A4 42 C7 F9 8E 42 3A 3A 72 42
1788592596.486573,34680,1350,12,D0 EE 9C 42 14 79 87 42 7F 1F 5E 42
1788592596.497392,34680,1351,12,46 13 8A 42 E8 73 7E 42 84 9F 6A 42
1788592596.507943,34680,1352,12,7A 9A 8C 42 E3 A7 65 42 AE 14 6F 42
1788592596.518562,34680,1353,12,94 11 83 42 A2 DD 4A 42 F6 66 71 42
1788592596.529251,34680,1354,12,DD D2 7D 42 FC CB 32 42 A1 9A 68 42
1788592596.539730,34680,1355,12,F7 66 6E 42 1A 9F 1B 42 F2 51 7D 42
1788592596.550390,34680,1356,12,A1 F2 57 42 18 E5 FA 41 47 34 78 42
1788592596.561233,34680,1357,12,9F DD 5E 42 05 F1 03 42 FF BC 7E 42
1788592596.571766,34680,1358,12,A6 24 4A 42 A9 07 D1 41 85 E7 84 42
1788592596.582418,34680,1359,12,BD E3 40 42 A1 1E A7 41 9A DB 7A 42
1788592596.592855,34680,135a,12,0D 07 47 42 58 D6 9E 41 23 8B 87 42
1788592596.603390,34680,135b,12,1C B0 40 42 8E F5 94 41 63 91 85 42
1788592596.614001,34680,135c,12,1E 1C 49 42 38 44 91 41 B5 A8 8E 42
1788592596.624641,34680,135d,12,BA D7 41 42 7C C1 A7 41 7A 78 8B 42
1788592596.635139,34680,135e,12,41 B5 5B 42 59 F0 E7 41 8C 75 95 42
1788592596.645689,34680,135f,12,7C 4D 5D 42 B2 56 D6 41 FD EA 98 42
1788592596.656207,34680,1360,12,BB 14 5F 42 20 5F 0A 42 44 A6 88 42
1788592596.666804,34680,1361,12,6B D9 58 42 A2 D7 24 42 3A 5A 95 42
1788592596.677477,34680,1362,12,53 6B 72 42 4A A3 30 42 B2 8C 8C 42
1788592596.688089,34680,1363,12,A6 E9 84 42 4A 5B 4B 42 C8 75 9B 42
1788592596.698890,34680,1364,12,08 DC 8D 42 80 DC 6F 42 9E 25 9F 42
1788592596.709436,34680,1365,12,AC AC 91 42 48 AF 77 42 7C 88 9B 42
1788592596.720346,34680,1366,12,88 FE 9E 42 F3 31 98 42 11 DC 9A 42
1788592596.730884,34680,1367,12,DD D1 A0 42 AB D3 8E 42 76 4B A4 42
1788592596.741492,34680,1368,12,74 4A AC 42 3B DB 99 42 AC E7 9A 42
1788592596.752157,34680,1369,12,2B 47 B7 42 85 BB A2 42 C9 80 9C 42
1788592596.762768,34680,136a,12,BF A0 C4 42 78 C7 9C 42 C9 96 A2 42
1788592596.773501,34680,136b,12,21 E4 C7 42 32 1D A7 42 FE 22 A5 42
1788592596.784114,34680,136c,12,DC 0A D9 42 EE 74 A0 42 DC 61 AF 42
1788592596.794680,34680,136d,12,02 8B E1 42 71 EF 95 42 BA BD A5 42
1788592596.805245,34680,136e,12,53 A7 EC 42 84 82 98 42 07 05 AE 42
1788592596.815842,34680,136f,12,32 75 F2 42 B6 48 91 42 C4 E0 B1 42
1788592596.826633,34680,1370,12,62 C3 FA 42 D3 E5 80 42 A4 58 AF 42
1788592596.836879,34680,1371,12,00 D9 00 43 95 C8 67 42 BC 29 B6 42
1788592596.847466,34680,1372,12,EF 2A 08 43 01 A2 4B 42 7D 8D AE 42
1788592596.857873,34680,1373,12,8B 86 0A 43 D2 D0 3A 42 68 77 B6 42
1788592596.868389,34680,1374,12,71 AC 0C 43 14 6D 20 42 A8 2F B9 42
1788592596.879157,34680,1375,12,68 8E 0F 43 16 ED 1B 42 E7 61 BB 42
1788592596.889735,34680,1376,12,FE D8 0E 43 22 61 03 42 DB 33 BC 42
1788592596.900232,34680,1377,12,9C 69 14 43 60 0D D8 41 81 EF BF 42
1788592596.911047,34680,1378,12,09 B3 14 43 3A AD B4 41 5E 47 C4 42
1788592596.921520,34680,1379,12,9D 82 13 43 66 F3 A4 41 E0 3A BF 42
1788592596.932136,34680,137a,12,26 13 18 43 84 18 B4 41 39 7A C5 42
1788592596.943440,34680,137b,12,D8 24 16 43 6A A0 A5 41 C7 AA C4 42
1788592596.953997,34680,137c,12,A5 C2 16 43 8D 21 9F 41 86 44 CA 42
1788592596.964679,34680,137d,12,4B 52 15 43 2A 33 B6 41 0B 44 C8 42
1788592596.975338,34680,137e,12,CC EC 16 43 34 5B FB 41 0F BE C9 42
1788592596.985977,34680,137f,12,C5 87 0F 43 76 37 F5 41 E8 C7 CA 42
1788592596.996452,34680,1380,12,BD 89 0F 43 08 CB 07 42 B9 11 D4 42
1788592597.007326,34680,1381,12,88 20 0A 43 D5 C6 27 42 32 7A D2 42
1788592597.018032,34680,1382,12,0E 8F 08 43 F0 98 40 42 36 4E D2 42
1788592597.028612,34680,1383,12,10 73 04 43 FD 72 54 42 45 92 D5 42
1788592597.039347,34680,1384,12,91 19 01 43 5F D4 73 42 4D 99 D8 42
1788592597.050028,34680,1385,12,C3 9C FA 42 A8 81 87 42 B5 97 DB 42
1788592597.060576,34680,1386,12,04 A9 F5 42 F2 7C 96 42 04 34 DC 42
1788592597.071282,34680,1387,12,17 C3 ED 42 8C CB 92 42 38 E1 DC 42
1788592597.082124,34680,1388,12,85 16 DA 42 0E 77 98 42 48 43 E4 42
1788592597.092722,34680,1389,12,01 AC CD 42 9E 8F 9B 42 93 6D E6 42
1788592597.103627,34680,138a,12,16 EC C6 42 D5 FA A2 42 14 F7 E5 42
1788592597.114421,34680,138b,12,2F 5F BF 42 AA A4 9E 42 79 C9 E9 42
1788592597.125057,34680,138c,12,2B DF B1 42 CA C1 9D 42 82 45 EA 42
1788592597.135848,34680,138d,12,BB A4 A9 42 76 70 98 42 04 FB EC 42
1788592597.146445,34680,138e,12,B7 82 9F 42 80 26 8C 42 74 76 E7 42
1788592597.157370,34680,138f,12,71 3F 99 42 32 60 89 42 32 DC A6 41
1788592597.168212,34680,1390,12,93 B4 90 42 0D F7 79 42 1E 26 BB 41
1788592597.178950,34680,1391,12,2D C6 8D 42 9D E1 59 42 8C D9 9B 41
1788592597.189718,34680,1392,12,36 8E 83 42 CD 24 43 42 19 9A BD 41
1788592597.200739,34680,1393,12,B9 07 73 42 ED 00 36 42 EA AF ED 41
1788592597.211447,34680,1394,12,33 2D 65 42 57 83 26 42 39 76 BA 41
1788592597.222411,34680,1395,12,AB 81 51 42 F3 F4 E9 41 A5 0E C0 41
1788592597.233234,34680,1396,12,99 12 49 42 15 4A DB 41 DF 7D C2 41
1788592597.244131,34680,1397,12,AA 7D 4F 42 14 DD C9 41 EE 7E DC 41
1788592597.255537,34680,1398,12,93 7E 40 42 AE 53 9C 41 D4 61 E4 41
1788592597.266349,34680,1399,12,C1 78 46 42 43 2A B8 41 F3 28 F1 41
1788592597.277067,34680,139a,12,13 03 39 42 76 83 A3 41 D2 09 06 42
1788592597.287735,34680,139b,12,5A 19 4A 42 42 30 98 41 2A 26 FA 41
1788592597.298352,34680,139c,12,09 DD 49 42 1C DA C9 41 2A D1 02 42
1788592597.308956,34680,139d,12,55 BE 4D 42 60 23 01 42 C0 76 04 42
1788592597.319654,34680,139e,12,2D 33 65 42 47 1D EF 41 80 40 09 42
1788592597.330399,34680,139f,12,71 24 61 42 06 67 13 42 0B C3 15 42
1788592597.341050,34680,13a0,12,A5 F4 6A 42 EB C4 23 42 F6 CB 06 42
1788592597.351835,34680,13a1,12,75 73 7B 42 8A 75 41 42 8C A4 10 42
1788592597.362450,34680,13a2,12,F9 F3 80 42 BD A4 4A 42 F2 BE 1A 42
1788592597.373184,34680,13a3,12,01 D9 86 42 14 D7 6C 42 A5 0B 1B 42
1788592597.383812,34680,13a4,12,10 55 91 42 70 43 76 42 87 35 2B 42
1788592597.394565,34680,13a5,12,32 E2 A5 42 35 FA 8A 42 A9 AB 1F 42
1788592597.405107,34680,13a6,12,07 A1 A7 42 1D 68 88 42 D6 16 27 42
1788592597.415736,34680,13a7,12,6E 0A AE 42 28 CF 8E 42 EC 29 2F 42
1788592597.426327,34680,13a8,12,C2 05 B7 42 04 6A 9E 42 4B 6A 31 42
1788592597.436958,34680,13a9,12,A0 33 C1 42 C8 F1 9F 42 2A AF 3D 42
1788592597.447522,34680,13aa,12,0E A7 C8 42 43 29 9C 42 3A D8 33 42
1788592597.458080,34680,13ab,12,86 E6 D3 42 96 A1 9B 42 69 EB 43 42
1788592597.468663,34680,13ac,12,7F D4 E1 42 A9 8D 98 42 40 2C 37 42
1788592597.479264,34680,13ad,12,97 16 EA 42 79 67 8F 42 6C 1E 3E 42
1788592597.490006,34680,13ae,12,A1 45 F2 42 DB 83 82 42 2A FC 35 42
1788592597.500792,34680,13af,12,29 B7 FA 42 2D F3 81 42 EE 14 4C 42
1788592597.511456,34680,13b0,12,DC 36 02 43 CA 7C 78 42 CF 9B 43 42
1788592597.522534,34680,13b1,12,17 4A 04 43 40 73 4D 42 92 D1 51 42
1788592597.533132,34680,13b2,12,C4 6A 08 43 57 16 34 42 78 6A 53 42
1788592597.543635,34680,13b3,12,DB BE 10 43 05 76 20 42 21 82 60 42
1788592597.554340,34680,13b4,12,93 57 12 43 D7 EF 06 42 AD D9 60 42
1788592597.564984,34680,13b5,12,3C F9 0E 43 93 18 E9 41 C3 2D 62 42
1788592597.575583,34680,13b6,12,B2 55 11 43 DE D8 EB 41 2A EF 69 42
1788592597.586165,34680,13b7,12,6A 2C 16 43 FB C0 B7 41 4E D3 71 42
1788592597.596972,34680,13b8,12,69 90 14 43 5E CB B3 41 81 F6 7A 42
1788592597.607634,34680,13b9,12,0D 73 16 43 B4 AC A9 41 7D 0C 7A 42
1788592597.618209,34680,13ba,12,C8 91 15 43 0B CA 96 41 0B FC 73 42
1788592597.629258,34680,13bb,12,D7 F8 14 43 84 57 C8 41 1E 1A 75 42
1788592597.639897,34680,13bc,12,03 D8 14 43 F9 3D D6 41 51 32 83 42
1788592597.650452,34680,13bd,12,28 EE 12 43 4E C8 E4 41 A6 0D 89 42
1788592597.660975,34680,13be,12,80 26 12 43 16 0E 03 42 40 95 83 42
1788592597.671544,34680,13bf,12,1B FD 0A 43 83 66 20 42 12 FD 8A 42
1788592597.682245,34680,13c0,12,E1 25 0B 43 B3 E0 3A 42 FB B4 89 42
1788592597.692997,34680,13c1,12,2D E1 07 43 F1 7B 46 42 CF 19 8F 42
1788592597.703773,34680,13c2,12,9E 0C 05 43 55 E0 6C 42 18 F0 8B 42
1788592597.714524,34680,13c3,12,4D EF FC 42 B7 46 65 42 FB 7F 91 42
1788592597.725183,34680,13c4,12,F5 52 F8 42 F1 80 87 42 0E 0F 96 42
1788592597.735743,34680,13c5,12,C9 1D EE 42 62 1D 8C 42 AB 96 97 42
1788592597.746312,34680,13c6,12,14 36 E5 42 EB 72 92 42 44 91 95 42
1788592597.756836,34680,13c7,12,F6 60 DE 42 E6 54 9A 42 6C E6 9D 42
1788592597.767430,34680,13c8,12,84 31 CC 42 18 CB 9F 42 E2 28 9A 42
1788592597.778035,34680,13c9,12,EC 5A C8 42 D4 E5 A2 42 AE FA 9D 42
1788592597.788516,34680,13ca,12,F1 DD C0 42 3D B1 9E 42 24 8B 9E 42
1788592597.799045,34680,13cb,12,F3 D8 B7 42 E4 B4 95 42 95 D6 9B 42
1788592597.809929,34680,13cc,12,5F A4 A6 42 C2 91 9B 42 08 5A A7 42
1788592597.820668,34680,13cd,12,53 9C A0 42 C9 6C 8F 42 78 93 A4 42
1788592597.831240,34680,13ce,12,EB 6D 9B 42 A9 7C 89 42 87 BC A8 42
1788592597.841842,34680,13cf,12,8D 03 92 42 54 C6 6E 42 44 C2 A5 42
1788592597.852551,34680,13d0,12,8C 23 8A 42 B8 58 54 42 04 1E B2 42
1788592597.863117,34680,13d1,12,90 49 7C 42 57 0F 3F 42 60 4B AC 42
1788592597.873628,34680,13d2,12,16 60 67 42 B0 13 2B 42 CC F9 B1 42
1788592597.884133,34680,13d3,12,4A C1 6A 42 56 53 0D 42 37 CB B2 42
1788592597.894624,34680,13d4,12,86 A7 5B 42 67 E2 DE 41 73 AB B3 42
1788592597.905226,34680,13d5,12,6A 62 55 42 C9 22 EA 41 DD E2 AE 42
1788592597.915801,34680,13d6,12,68 DA 49 42 4C A4 D0 41 8A 23 B9 42
1788592597.926607,34680,13d7,12,47 13 54 42 22 AE B9 41 11 E1 B6 42
1788592597.937670,34680,13d8,12,3B 11 3B 42 A0 5C 95 41 49 5A B4 42
1788592597.948621,34680,13d9,12,32 5A 50 42 D6 C2 B0 41 DD 6B C0 42
1788592597.959151,34680,13da,12,E1 48 42 42 32 C9 A4 41 D1 59 BB 42
1788592597.969717,34680,13db,12,69 64 49 42 84 47 A5 41 78 95 C3 42
1788592597.980524,34680,13dc,12,B0 E4 4F 42 D6 9A C8 41 DE 6A C1 42
1788592597.991053,34680,13dd,12,FA 94 5A 42 7B A1 FA 41 02 D7 C8 42
1788592598.001676,34680,13de,12,DF 1F 66 42 22 52 FF 41 30 FF C1 42
1788592598.012382,34680,13df,12,EA 7F 71 42 0C 56 20 42 93 DF CD 42
1788592598.022862,34680,13e0,12,FE 2B 84 42 DC 0A 3D 42 02 1F CC 42
1788592598.033411,34680,13e1,12,97 06 87 42 91 0A 52 42 40 18 CD 42
1788592598.044031,34680,13e2,12,98 5E 85 42 3A 11 73 42 BE 96 C5 42
1788592598.054607,34680,13e3,12,CB 11 95 42 B5 B7 89 42 51 FF C8 42
1788592598.065325,34680,13e4,12,65 BC 98 42 4F AB 88 42 5E 01 D7 42
1788592598.076228,34680,13e5,12,B5 87 AD 42 C7 FC 91 42 58 24 D6 42
1788592598.086837,34680,13e6,12,B8 A5 B0 42 E3 47 9B 42 A8 21 D4 42
1788592598.097390,34680,13e7,12,2E 1A BF 42 29 D0 9A 42 F3 35 DF 42
1788592598.107979,34680,13e8,12,D7 C4 C3 42 6A 45 A0 42 FA 11 DD 42
1788592598.118677,34680,13e9,12,A2 0E CC 42 87 88 9B 42 A3 1E DE 42
1788592598.129280,34680,13ea,12,1B EF D9 42 25 4A 9D 42 35 A9 DA 42
1788592598.139889,34680,13eb,12,EA 22 E1 42 FF 5A 97 42 2D 72 DE 42
1788592598.150441,34680,13ec,12,36 3F E7 42 80 FA 91 42 16 F2 E1 42
1788592598.161113,34680,13ed,12,A4 A8 F1 42 89 FE 83 42 27 D9 DC 42
1788592598.171582,34680,13ee,12,25 DA 00 43 DB 6F 7A 42 90 FB E2 42
1788592598.182210,34680,13ef,12,83 CC 01 43 3C 1E 59 42 0A 3F DE 42
1788592598.192916,34680,13f0,12,69 76 06 43 8B 0E 4B 42 D9 6E F0 42
1788592598.203438,34680,13f1,12,67 6F 08 43 D6 3A 3D 42 B7 C3 EC 42
1788592598.214030,34680,13f2,12,45 D3 0C 43 35 6B 25 42 D1 5F E7 42
1788592598.224617,34680,13f3,12,4D 5D 0C 43 92 5C 18 42 94 16 8F 41
1788592598.235091,34680,13f4,12,9D 2E 11 43 67 79 BE 41 D4 CE B0 41
1788592598.245606,34680,13f5,12,C6 A6 11 43 3E 95 D5 41 7C 20 B3 41
1788592598.256184,34680,13f6,12,67 09 14 43 B0 34 AB 41 DA 3B 98 41
1788592598.266685,34680,13f7,12,11 B1 16 43 01 BB AB 41 EC 97 C4 41
1788592598.277389,34680,13f8,12,5A A8 14 43 D1 B7 A7 41 7E 91 C3 41
1788592598.287885,34680,13f9,12,61 BA 13 43 3A E7 7B 41 F1 E5 DA 41
1788592598.298481,34680,13fa,12,8B 98 15 43 FD 2B C1 41 88 57 C4 41
1788592598.309124,34680,13fb,12,AC 7D 13 43 2C 8E E1 41 9A 69 EA 41
1788592598.319704,34680,13fc,12,E7 DD 14 43 5B 6D 03 42 E3 38 01 42
1788592598.330238,34680,13fd,12,8E 93 11 43 D6 15 19 42 BF E3 FC 41
1788592598.340864,34680,13fe,12,32 B4 0A 43 73 93 18 42 07 41 06 42
1788592598.351717,34680,13ff,12,27 77 0D 43 94 4D 20 42 B4 10 02 42
1788592598.362737,34680,1400,12,34 9A 05 43 5C E7 42 42 80 9E FD 41
1788592598.373948,34680,1401,12,5E E1 02 43 FB 69 5A 42 62 A0 00 42
1788592598.384571,34680,1402,12,00 08 03 43 57 79 72 42 9E F8 F0 41
1788592598.395502,34680,1403,12,E7 A3 F2 42 69 D5 88 42 B8 7E FA 41
1788592598.405538,34680,1404,12,D6 6E EF 42 7D 01 98 42 03 B1 13 42
1788592598.416077,34680,1405,12,FA D3 DB 42 39 FE 94 42 42 13 1F 42
1788592598.426767,34680,1406,12,07 DB D9 42 25 31 A0 42 24 76 15 42
1788592598.437136,34680,1407,12,33 69 D1 42 CA C1 9E 42 3A 20 18 42
1788592598.447731,34680,1408,12,A1 21 C5 42 1E BC 9D 42 57 D9 16 42
1788592598.458279,34680,1409,12,60 E7 BC 42 54 2E 9B 42 30 75 30 42
1788592598.468852,34680,140a,12,6E 0A AF 42 15 D9 9A 42 BE 4B 37 42
1788592598.480095,34680,140b,12,1A 11 AA 42 1B 3B 97 42 F9 50 35 42
1788592598.491461,34680,140c,12,81 BA 99 42 0D BE 8A 42 D8 10 2C 42
1788592598.501949,34680,140d,12,B6 A6 92 42 B6 B9 78 42 E3 9B 36 42
1788592598.512525,34680,140e,12,18 45 8C 42 7F 1D 65 42 B0 47 33 42
1788592598.523105,34680,140f,12,23 58 87 42 BD 5A 51 42 5B 0A 37 42
1788592598.533629,34680,1410,12,C9 31 75 42 EB 30 40 42 F8 03 54 42
1788592598.544174,34680,1411,12,6D 31 6C 42 B8 D7 2C 42 A9 90 48 42
1788592598.554829,34680,1412,12,65 15 6A 42 AA 80 0A 42 61 0C 47 42
1788592598.565429,34680,1413,12,16 8C 4E 42 FB 08 F4 41 33 72 4F 42
1788592598.575983,34680,1414,12,F5 1D 57 42 E6 30 D7 41 05 F9 5B 42
1788592598.586517,34680,1415,12,B1 AC 54 42 D8 3B C0 41 9C 17 56 42
1788592598.597038,34680,1416,12,80 27 40 42 0A AE 9A 41 57 70 5B 42
1788592598.607586,34680,1417,12,BE 56 47 42 C7 C8 99 41 2C D6 62 42
1788592598.618081,34680,1418,12,F2 10 38 42 8C C5 A7 41 12 26 63 42
1788592598.628805,34680,1419,12,EE 93 44 42 0A 35 8B 41 8C 9E 6C 42
1788592598.639407,34680,141a,12,CB 07 54 42 6E A1 D7 41 B2 E4 70 42
1788592598.650101,34680,141b,12,F2 6E 52 42 51 44 E4 41 F8 C0 6F 42
1788592598.661052,34680,141c,12,79 45 5D 42 11 54 E1 41 54 FF 72 42
1788592598.671527,34680,141d,12,8B CD 60 42 BD 03 02 42 96 D9 76 42
1788592598.682214,34680,141e,12,D4 8E 7F 42 A7 F0 29 42 25 F7 7F 42
1788592598.693070,34680,141f,12,1C 17 6B 42 9A D6 3B 42 52 F8 77 42
1788592598.703732,34680,1420,12,BD 80 84 42 74 08 59 42 CC 36 86 42
1788592598.714492,34680,1421,12,3C 4C 8F 42 85 68 7C 42 1C 0A 81 42
1788592598.725072,34680,1422,12,2D D9 96 42 F2 60 8A 42 45 CF 83 42
1788592598.735584,34680,1423,12,CA 9C 9D 42 D5 0A 89 42 60 BE 86 42
1788592598.746325,34680,1424,12,A9 A7 A6 42 E3 BB 98 42 D8 FA 8A 42
1788592598.756917,34680,1425,12,85 55 B8 42 42 99 97 42 96 31 88 42
1788592598.767383,34680,1426,12,78 F8 B4 42 21 23 A2 42 AB 31 8E 42
1788592598.777884,34680,1427,12,56 13 C1 42 1D B0 A4 42 BA C6 8C 42
1788592598.788351,34680,1428,12,19 5D D0 42 5A 98 9F 42 98 D6 91 42
1788592598.799104,34680,1429,12,2D B4 D5 42 F8 20 9B 42 FB 9C 92 42
1788592598.810127,34680,142a,12,D2 60 E3 42 C9 76 9C 42 03 1C 99 42
1788592598.820769,34680,142b,12,3F E9 EC 42 2A 85 8C 42 ED 7C 92 42
1788592598.831445,34680,142c,12,C9 74 F4 42 7C 33 85 42 FD 41 9E 42
1788592598.842243,34680,142d,12,D1 3D 01 43 D7 35 70 42 85 7B 9A 42
1788592598.852725,34680,142e,12,7E 6A 07 43 D1 00 5F 42 74 44 A0 42
1788592598.863220,34680,142f,12,40 76 08 43 C9 96 52 42 7F F2 95 42
1788592598.874141,34680,1430,12,4F 16 0B 43 9F A3 2C 42 B4 EF A2 42
1788592598.884524,34680,1431,12,0A 3B 0E 43 9D 8E 17 42 C6 B7 A2 42
1788592598.895172,34680,1432,12,30 63 11 43 78 42 09 42 0B D5 A6 42
1788592598.905673,34680,1433,12,06 51 10 43 C1 6B EC 41 3B 3D A6 42
1788592598.916129,34680,1434,12,98 62 0F 43 CF 83 BB 41 43 29 A7 42
1788592598.926661,34680,1435,12,9B 56 14 43 1C 4F A9 41 36 D2 AC 42
1788592598.937115,34680,1436,12,2C 46 17 43 3E 20 B3 41 00 92 AE 42
1788592598.947692,34680,1437,12,0B 87 17 43 0B 6D 8C 41 03 82 B2 42
1788592598.958349,34680,1438,12,37 88 13 43 51 40 A8 41 43 AC B5 42
1788592598.968861,34680,1439,12,B6 C5 13 43 47 9B CD 41 C2 69 B7 42
1788592598.979474,34680,143a,12,60 0C 12 43 59 E4 DA 41 03 1D B5 42
1788592598.990201,34680,143b,12,E5 12 15 43 22 35 EF 41 F1 9A BC 42
1788592599.000785,34680,143c,12,78 34 0F 43 58 C4 07 42 3D 1E B6 42
1788592599.011425,34680,143d,12,11 51 0C 43 8E 56 25 42 D8 CC C2 42
1788592599.022080,34680,143e,12,56 37 0A 43 92 8C 33 42 12 FD BC 42
1788592599.032911,34680,143f,12,1B 35 06 43 80 C0 56 42 ED ED C0 42
1788592599.043470,34680,1440,12,66 A3 00 43 6E 02 6A 42 BB F7 C5 42
1788592599.054189,34680,1441,12,E7 EB 00 43 62 A7 7A 42 7C 4F BA 42
1788592599.064665,34680,1442,12,B6 2A F3 42 BA 94 88 42 C5 75 C1 42
1788592599.075224,34680,1443,12,E0 BC E8 42 15 69 8F 42 60 45 C9 42
1788592599.085782,34680,1444,12,C6 58 E7 42 D6 F5 96 42 CC F1 C7 42
1788592599.096302,34680,1445,12,47 F8 D3 42 E9 DB 9D 42 83 5C CB 42
1788592599.107121,34680,1446,12,82 FA CE 42 A1 0D 9E 42 C6 9D CD 42
1788592599.117612,34680,1447,12,F7 F9 C6 42 27 AE A3 42 B7 3F CC 42
1788592599.128148,34680,1448,12,A0 A4 B1 42 CC 57 9B 42 2A 2A D8 42
1788592599.138923,34680,1449,12,83 54 B0 42 E1 A8 9A 42 46 64 CE 42
1788592599.149457,34680,144a,12,81 F3 A4 42 2B 6A 92 42 E9 6D D1 42
1788592599.160036,34680,144b,12,6F 37 9A 42 9B A7 8D 42 06 2B DE 42
1788592599.171259,34680,144c,12,C4 58 92 42 B4 8E 85 42 93 69 D9 42
1788592599.181840,34680,144d,12,00 3F 95 42 3C 7F 54 42 67 3A DB 42
1788592599.192403,34680,144e,12,EE BD 85 42 E4 D8 56 42 EA 70 E1 42
1788592599.203041,34680,144f,12,6F 57 73 42 08 A2 4D 42 C5 D0 D8 42
1788592599.213428,34680,1450,12,A9 23 66 42 1A F6 2C 42 31 A4 E2 42
1788592599.224185,34680,1451,12,3A 1D 5F 42 9C 89 14 42 77 4A DC 42
1788592599.234493,34680,1452,12,A2 6C 69 42 33 E5 D5 41 D9 D9 E5 42
1788592599.245006,34680,1453,12,3E 01 51 42 7F D1 C7 41 10 5D E6 42
1788592599.255521,34680,1454,12,ED AD 4A 42 C5 BB AB 41 ED 4A EA 42
1788592599.266104,34680,1455,12,E4 00 4F 42 02 C6 A3 41 AD 78 ED 42
1788592599.276792,34680,1456,12,F9 4F 38 42 43 C2 AA 41 B8 F5 F0 42
1788592599.287307,34680,1457,12,E8 5A 45 42 AB 6C 9D 41 C3 B5 A2 41
1788592599.298021,34680,1458,12,0C 9E 4C 42 10 E3 B6 41 47 97 9B 41
1788592599.308600,34680,1459,12,3C B7 55 42 89 1E C7 41 C8 38 BA 41
1788592599.319201,34680,145a,12,B4 43 4B 42 C5 7D DF 41 D5 0C C1 41
1788592599.329778,34680,145b,12,8A 0E 6B 42 F9 12 07 42 CC D1 A3 41
1788592599.340303,34680,145c,12,9E FD 61 42 CF 93 10 42 DB 52 DF 41
1788592599.350860,34680,145d,12,53 DF 76 42 B8 EA 1D 42 EB 9E CD 41
1788592599.361390,34680,145e,12,D0 F4 80 42 D0 FA 3E 42 25 C4 D0 41
1788592599.372214,34680,145f,12,A9 E5 89 42 79 8E 5D 42 AA 53 EF 41
1788592599.382576,34680,1460,12,1A 72 8E 42 0C 2E 64 42 DE 19 04 42
1788592599.393137,34680,1461,12,F4 FA 94 42 67 18 82 42 78 B0 E0 41
1788592599.403701,34680,1462,12,44 A5 9F 42 06 77 8B 42 3B 4A EE 41
1788592599.414234,34680,1463,12,9E 0F AB 42 6C 26 97 42 78 88 0C 42
1788592599.424665,34680,1464,12,86 D1 B4 42 CF 21 99 42 9A 3A 0B 42
1788592599.435229,34680,1465,12,B1 1C BF 42 5D 11 A0 42 95 67 0E 42
1788592599.445712,34680,1466,12,29 61 BF 42 B9 C7 A3 42 0A 9E 13 42
1788592599.456192,34680,1467,12,9C 9A CC 42 6E FB A2 42 92 B8 0A 42
1788592599.466856,34680,1468,12,24 0D DF 42 2F 26 98 42 16 FF 0D 42
1788592599.477201,34680,1469,12,73 6F E6 42 95 97 90 42 4A ED 08 42
1788592599.487711,34680,146a,12,C1 9A F6 42 8A 8F 8D 42 5A B0 1C 42
1788592599.498358,34680,146b,12,33 51 F7 42 E1 1A 85 42 7B AA 1A 42
1788592599.508816,34680,146c,12,6F 7D 01 43 46 FA 65 42 0A 55 1A 42
1788592599.519305,34680,146d,12,77 CE 04 43 00 61 57 42 31 04 2A 42
1788592599.529824,34680,146e,12,E7 75 08 43 50 86 45 42 97 11 30 42
1788592599.540406,34680,146f,12,7E 42 0B 43 4D 7C 1E 42 E1 8C 1F 42
1788592599.551235,34680,1470,12,E8 F9 0C 43 DF 97 1E 42 49 19 3A 42
1788592599.561839,34680,1471,12,45 D3 11 43 73 3E 0E 42 A2 92 37 42
1788592599.572469,34680,1472,12,00 BD 11 43 39 52 EF 41 5D 2D 2A 42
1788592599.583379,34680,1473,12,89 6B 15 43 A2 79 C5 41 CB 33 3A 42
1788592599.594005,34680,1474,12,3A 94 15 43 DE D5 9F 41 A2 5C 43 42
1788592599.604451,34680,1475,12,E5 13 15 43 4E 93 AA 41 AA 45 4C 42
1788592599.615748,34680,1476,12,55 C4 17 43 35 BD B0 41 16 14 5F 42
1788592599.626438,34680,1477,12,D1 CB 19 43 DD 30 AD 41 3F 56 4A 42
1788592599.637238,34680,1478,12,4B A0 17 43 C2 4F A1 41 48 37 5F 42
1788592599.647821,34680,1479,12,2D 59 12 43 0C 17 CE 41 4E 16 58 42
1788592599.658511,34680,147a,12,02 A0 10 43 D8 AA DF 41 3B 95 64 42
1788592599.669118,34680,147b,12,2A 31 10 43 61 25 1E 42 C3 9E 5C 42
1788592599.679811,34680,147c,12,5B 3F 0B 43 54 E0 16 42 93 C4 63 42
1788592599.690429,34680,147d,12,81 D1 06 43 8A B3 3F 42 CF 85 69 42
1788592599.701007,34680,147e,12,66 1F 05 43 A5 D7 3C 42 1E 1D 61 42
1788592599.711520,34680,147f,12,96 DE 01 43 33 B2 6B 42 E1 69 70 42
1788592599.722145,34680,1480,12,96 63 FD 42 80 DE 80 42 9B F8 6F 42
1788592599.732773,34680,1481,12,C9 9A F5 42 F5 5B 88 42 22 AA 7B 42
1788592599.743329,34680,1482,12,71 18 E3 42 3E 00 94 42 A9 29 87 42
1788592599.753948,34680,1483,12,2D 34 E4 42 92 E5 98 42 A2 CB 80 42
1788592599.764551,34680,1484,12,76 E4 CF 42 CC AF 99 42 B7 28 80 42
1788592599.775360,34680,1485,12,15 A8 CB 42 EF 95 9A 42 22 59 79 42
1788592599.786077,34680,1486,12,0B 70 C3 42 0F 16 9E 42 60 03 83 42
1788592599.823221,34680,1487,12,F4 2F B8 42 7D 45 9B 42 F9 B7 86 42
1788592599.833947,34680,1488,12,7C A1 B5 42 FF 34 A1 42 C1 87 8E 42
1788592599.845874,34680,1489,12,7C 91 A2 42 42 AF 90 42 54 F8 88 42
1788592599.856696,34680,148a,12,1E 10 97 42 80 C7 87 42 EB DF 95 42
1788592599.867347,34680,148b,12,10 EA 8E 42 E2 17 7B 42 6D 3D 8A 42
1788592599.877796,34680,148c,12,76 CA 85 42 32 2C 76 42 44 2E 8E 42
1788592599.888395,34680,148d,12,81 86 79 42 52 CD 48 42 C9 92 97 42
1788592599.898891,34680,148e,12,39 44 6E 42 B0 3A 40 42 D1 FC 97 42
1788592599.909438,34680,148f,12,2D 02 6A 42 3A 52 1B 42 E3 23 99 42
1788592599.919935,34680,1490,12,3A A5 63 42 64 7C F3 41 CD C6 93 42
1788592599.930578,34680,1491,12,63 62 61 42 FA B6 E1 41 53 30 97 42
1788592599.941055,34680,1492,12,A4 D1 4F 42 62 9B C9 41 04 21 97 42
1788592599.951608,34680,1493,12,F2 EA 50 42 06 06 D5 41 78 18 A5 42
1788592599.962179,34680,1494,12,28 68 45 42 8E F3 76 41 00 68 A0 42
1788592599.972771,34680,1495,12,15 3B 49 42 2E 85 85 41 07 4F AF 42
1788592599.983380,34680,1496,12,68 C9 40 42 86 FD 9A 41 0A 17 A7 42
1788592599.993771,34680,1497,12,C3 07 47 42 BE 46 AB 41 70 42 A1 42
1788592600.004289,34680,1498,12,F7 72 53 42 DC 51 C6 41 E5 AE AA 42
1788592600.014886,34680,1499,12,65 FC 41 42 F1 E7 E3 41 A2 3E AD 42
1788592600.026979,34680,149a,12,83 AB 6C 42 B2 43 08 42 EB 01 AD 42
1788592600.037670,34680,149b,12,40 6E 59 42 47 4A 2A 42 A4 E4 AC 42
1788592600.048185,34680,149c,12,C3 77 6D 42 42 FB 2F 42 48 04 B0 42
1788592600.059037,34680,149d,12,DA 6D 85 42 74 D8 46 42 B0 FA AB 42
1788592600.069501,34680,149e,12,F5 D9 84 42 F6 70 6F 42 7C FE B4 42
1788592600.080022,34680,149f,12,C8 E2 92 42 37 10 7B 42 9B 37 BA 42
1788592600.091019,34680,14a0,12,C5 E9 99 42 18 31 89 42 B5 8D B6 42
1788592600.101236,34680,14a1,12,B7 0E A4 42 24 8A 8F 42 BE 83 BC 42
1788592600.111956,34680,14a2,12,28 89 A2 42 24 22 97 42 38 83 BE 42
1788592600.122588,34680,14a3,12,9B C7 B5 42 EB AE 9A 42 2D 2B BF 42
1788592600.133156,34680,14a4,12,D9 B7 B9 42 45 FB 9E 42 08 76 C9 42
1788592600.143899,34680,14a5,12,95 33 C6 42 E0 48 A2 42 A9 E3 C0 42
1788592600.154513,34680,14a6,12,A9 44 CE 42 E5 E1 9C 42 A9 DE C3 42
1788592600.166956,34680,14a7,12,51 1B E0 42 2B 15 9F 42 C4 15 C4 42
1788592600.178127,34680,14a8,12,E8 64 EC 42 25 21 96 42 BD E0 C4 42
1788592600.188688,34680,14a9,12,08 A5 F2 42 CE 1D 91 42 B0 26 C9 42
1788592600.199230,34680,14aa,12,A1 10 01 43 24 02 84 42 DE 3F D1 42
1788592600.209765,34680,14ab,12,E0 57 00 43 74 AA 6D 42 4B 30 CE 42
1788592600.220312,34680,14ac,12,BA 99 00 43 D0 90 62 42 29 52 D0 42
1788592600.230836,34680,14ad,12,D7 DC 06 43 6D 17 4E 42 CF B5 CD 42
1788592600.241399,34680,14ae,12,BB 6F 0C 43 FF A3 1F 42 8B 8A D5 42
1788592600.252070,34680,14af,12,53 E5 0F 43 44 23 0F 42 0F 39 DD 42
1788592600.263155,34680,14b0,12,A4 D5 11 43 97 9D DF 41 CC F3 D4 42
1788592600.273707,34680,14b1,12,79 7B 14 43 8B D6 F5 41 3E 33 D9 42
1788592600.284259,34680,14b2,12,55 B6 15 43 CA 0E E2 41 85 CD E0 42
1788592600.294777,34680,14b3,12,9F 73 16 43 65 9E C1 41 98 F8 D8 42
1788592600.305242,34680,14b4,12,69 92 17 43 91 14 B3 41 3B A6 DF 42
1788592600.315801,34680,14b5,12,CE 30 17 43 C5 14 A1 41 8C A2 DF 42
1788592600.326298,34680,14b6,12,CE DA 15 43 98 71 B2 41 92 95 E0 42
1788592600.336926,34680,14b7,12,D9 CC 13 43 07 1F C3 41 EA 09 E6 42
1788592600.347330,34680,14b8,12,35 65 0D 43 C6 AB E5 41 6F 46 ED 42
1788592600.357911,34680,14b9,12,77 EA 12 43 8F 4B 01 42 08 C3 E9 42
1788592600.368433,34680,14ba,12,CC 13 0F 43 FF 14 05 42 A2 26 F0 42
1788592600.379117,34680,14bb,12,E2 9A 0D 43 0C A3 22 42 48 C2 AA 41
1788592600.389710,34680,14bc,12,82 50 08 43 AB E7 42 42 53 97 96 41
1788592600.400194,34680,14bd,12,F4 1E 05 43 E4 C7 55 42 04 18 B5 41
1788592600.410725,34680,14be,12,5D AC 02 43 94 8E 6F 42 D6 35 8F 41
1788592600.421297,34680,14bf,12,58 4A F9 42 98 AB 78 42 33 98 CB 41
1788592600.431834,34680,14c0,12,F7 43 ED 42 51 E5 85 42 C9 5D C8 41
1788592600.442375,34680,14c1,12,80 B3 E0 42 B6 AB 91 42 ED C1 C6 41
1788592600.452875,34680,14c2,12,51 54 DF 42 47 0A A1 42 18 B7 AE 41
1788592600.463534,34680,14c3,12,BB BD DE 42 C8 3F A4 42 F2 BD CC 41
1788592600.474102,34680,14c4,12,3A 0B D2 42 D5 F5 9F 42 B6 83 C0 41
1788592600.484782,34680,14c5,12,B2 FC BE 42 29 4B A4 42 C3 60 F6 41
1788592600.495355,34680,14c6,12,BB 5A B6 42 16 66 9B 42 7B F8 FD 41
1788592600.505952,34680,14c7,12,D4 95 AC 42 3C 0E 91 42 73 8F EF 41
1788592600.516612,34680,14c8,12,28 0C A1 42 3E 46 93 42 DF 57 04 42
1788592600.527100,34680,14c9,12,6D 04 A3 42 C9 2C 83 42 9D B0 06 42
1788592600.537650,34680,14ca,12,ED E7 8F 42 86 7C 78 42 EF 5F 16 42
1788592600.548199,34680,14cb,12,BA C2 89 42 F8 5B 70 42 1F 68 16 42
1788592600.558715,34680,14cc,12,45 EA 80 42 50 FA 58 42 D4 3F 14 42
1788592600.569669,34680,14cd,12,9B EB 6A 42 3F AC 34 42 18 81 19 42
1788592600.579700,34680,14ce,12,B5 19 6C 42 50 8D 21 42 30 CD 21 42
1788592600.590283,34680,14cf,12,18 A0 65 42 50 D6 0D 42 1F E7 15 42
1788592600.600966,34680,14d0,12,74 4E 54 42 59 49 D6 41 65 4D 32 42
1788592600.611735,34680,14d1,12,BF 72 50 42 78 2F D3 41 BD DF 29 42
1788592600.622751,34680,14d2,12,01 34 48 42 13 D9 AC 41 0B 98 2A 42
1788592600.633303,34680,14d3,12,05 41 4A 42 1A 1A 9F 41 8F B2 36 42
1788592600.643859,34680,14d4,12,98 74 4A 42 59 0C AC 41 7E 39 1F 42
1788592600.654443,34680,14d5,12,C2 57 3C 42 3A 04 AA 41 22 1D 45 42
1788592600.664913,34680,14d6,12,64 A2 46 42 02 F5 A1 41 10 34 2E 42
1788592600.675483,34680,14d7,12,6B 8A 4C 42 CE 1C D9 41 75 32 49 42
1788592600.686006,34680,14d8,12,CA 66 5E 42 D2 0B F9 41 26 E6 39 42
1788592600.696569,34680,14d9,12,80 5B 53 42 7B 3A 06 42 9F 01 54 42
1788592600.707105,34680,14da,12,F8 99 64 42 0F D5 1C 42 12 F7 52 42
1788592600.717650,34680,14db,12,54 EA 6E 42 84 DA 31 42 46 64 56 42
1788592600.728295,34680,14dc,12,8C BA 80 42 D9 4D 58 42 0B 69 4E 42
1788592600.738719,34680,14dd,12,E0 B1 88 42 D6 F1 67 42 BF CD 56 42
1788592600.750172,34680,14de,12,34 06 94 42 3F 82 7C 42 81 8B 66 42
1788592600.760735,34680,14df,12,AE AA A2 42 EB 7E 87 42 85 B6 57 42
1788592600.771312,34680,14e0,12,2E 8E A4 42 AF 43 94 42 1F FB 63 42
1788592600.782367,34680,14e1,12,4E 13 AB 42 6C C2 94 42 2F 50 5D 42
1788592600.792896,34680,14e2,12,B3 3F B6 42 44 BA 99 42 E6 26 6E 42
1788592600.803695,34680,14e3,12,E2 83 BB 42 3F 27 98 42 D1 1D 5E 42
1788592600.814378,34680,14e4,12,5A 35 CC 42 01 3F 9C 42 A5 3B 6D 42
1788592600.824912,34680,14e5,12,39 90 CF 42 BC 62 9E 42 A9 D2 77 42
1788592600.835484,34680,14e6,12,1D A3 DE 42 C2 A6 9A 42 53 FB 78 42
1788592600.846030,34680,14e7,12,55 29 E5 42 BD 94 8F 42 21 03 86 42
1788592600.856711,34680,14e8,12,66 E5 EB 42 F5 1A 8D 42 2E 31 7F 42
1788592600.867416,34680,14e9,12,10 F9 FA 42 53 6E 7D 42 96 06 88 42
1788592600.878128,34680,14ea,12,CA FF 03 43 45 9B 68 42 FF 0F 89 42
1788592600.888695,34680,14eb,12,10 A9 06 43 CD 24 51 42 20 07 8D 42
1788592600.899321,34680,14ec,12,DC 82 08 43 B2 01 3B 42 35 F2 85 42
1788592600.910028,34680,14ed,12,54 E9 09 43 93 8A 1F 42 46 AB 87 42
1788592600.920755,34680,14ee,12,10 DF 0C 43 5C 79 18 42 14 52 92 42
1788592600.931892,34680,14ef,12,88 FC 0F 43 23 B8 F5 41 DD 00 92 42
1788592600.942255,34680,14f0,12,76 AA 0F 43 51 6F D2 41 F3 93 99 42
1788592600.952979,34680,14f1,12,A1 16 13 43 B0 CB B4 41 02 03 8F 42
1788592600.963632,34680,14f2,12,6C 65 18 43 A5 3C B0 41 2E 2E 9A 42
1788592600.974285,34680,14f3,12,7E C9 15 43 D1 4F 8B 41 05 49 97 42
1788592600.984910,34680,14f4,12,11 DE 11 43 D3 6B AC 41 A5 6F 9D 42
1788592600.995885,34680,14f5,12,A3 80 16 43 AD 34 99 41 99 65 9B 42
1788592601.005874,34680,14f6,12,CC AA 11 43 33 BC BC 41 F1 DB 9D 42
1788592601.016372,34680,14f7,12,B4 E7 14 43 E1 42 F4 41 EA 7B A1 42
1788592601.026983,34680,14f8,12,8A AB 11 43 34 CD 05 42 5A E5 9F 42
1788592601.037487,34680,14f9,12,8F B9 11 43 CD 7A 17 42 3D A2 A5 42
1788592601.048044,34680,14fa,12,92 21 0A 43 43 15 16 42 3B 56 A8 42
1788592601.058624,34680,14fb,12,DF EB 06 43 25 79 32 42 8F CC A7 42
1788592601.069188,34680,14fc,12,A0 E6 05 43 BB A6 68 42 18 6E AA 42
1788592601.079662,34680,14fd,12,4A 43 00 43 E5 B2 74 42 13 65 A8 42
1788592601.090057,34680,14fe,12,20 86 F9 42 8E 9F 7F 42 0B DE AA 42
1788592601.100744,34680,14ff,12,D1 0E F0 42 59 D3 8A 42 CE 19 B4 42
1788592601.111223,34680,1500,12,49 74 E8 42 F8 31 9B 42 77 72 B0 42
1788592601.121845,34680,1501,12,30 9A D8 42 D3 DD 9B 42 B7 23 B9 42
1788592601.132328,34680,1502,12,2F 6C D0 42 67 9C A2 42 D1 31 BD 42
1788592601.143060,34680,1503,12,C8 71 CE 42 E9 3F 9B 42 42 48 B9 42
1788592601.153738,34680,1504,12,DC E1 C4 42 C7 9C 99 42 83 E1 B6 42
1788592601.164522,34680,1505,12,2E EB AC 42 A1 A4 9A 42 AC 04 BD 42
1788592601.175037,34680,1506,12,55 2E AE 42 E2 00 9A 42 89 B1 B8 42
1788592601.185642,34680,1507,12,1B CC A0 42 BD 41 92 42 9A 58 C1 42
1788592601.196143,34680,1508,12,0D 99 A0 42 EA 0B 80 42 CA 16 C0 42
1788592601.207886,34680,1509,12,E4 9B 90 42 BF 8A 70 42 D8 DD BE 42
1788592601.218384,34680,150a,12,93 AF 8B 42 4C 92 61 42 E2 95 C9 42
1788592601.228985,34680,150b,12,AA 47 77 42 FD 42 43 42 2C 3C C9 42
1788592601.239718,34680,150c,12,18 09 68 42 D8 97 3E 42 45 E7 CB 42
1788592601.250967,34680,150d,12,A7 93 77 42 20 A4 14 42 FC 82 CC 42
1788592601.261518,34680,150e,12,9D 6E 62 42 59 29 03 42 9C 4F C3 42
1788592601.272059,34680,150f,12,02 EF 45 42 9C DC D7 41 B0 6C D2 42
1788592601.282757,34680,1510,12,FC 01 50 42 78 2B BE 41 62 34 D4 42
1788592601.293258,34680,1511,12,3B ED 3E 42 5F 76 AF 41 D5 71 D1 42
1788592601.304000,34680,1512,12,A1 CB 46 42 7E 25 79 41 7F DE D4 42
1788592601.314550,34680,1513,12,CD 9D 4B 42 73 31 9E 41 65 91 DA 42
1788592601.325109,34680,1514,12,FA 3E 46 42 06 E5 9E 41 06 BD DA 42
1788592601.335660,34680,1515,12,58 CE 45 42 CB FB BD 41 F1 78 DB 42
1788592601.346198,34680,1516,12,5D B1 5E 42 C1 32 E5 41 86 46 E0 42
1788592601.356804,34680,1517,12,76 89 59 42 7F E7 F6 41 D4 C5 DE 42
1788592601.367586,34680,1518,12,51 AC 57 42 0A 7F 08 42 4C F4 DD 42
1788592601.378142,34680,1519,12,79 5F 65 42 61 AD 24 42 0D 96 DF 42
1788592601.388813,34680,151a,12,B5 7B 80 42 88 63 33 42 65 20 E6 42
1788592601.399379,34680,151b,12,77 A4 7C 42 D9 D2 53 42 FC 08 DF 42
1788592601.410070,34680,151c,12,F3 1C 90 42 C7 07 68 42 0E 2A EB 42
1788592601.420572,34680,151d,12,42 B9 90 42 1E 31 87 42 DC 5C EF 42
1788592601.431108,34680,151e,12,10 9D 9D 42 39 D9 86 42 D6 52 F1 42
1788592601.441658,34680,151f,12,3E 77 A2 42 D2 8E 93 42 8E D8 A9 41
1788592601.452179,34680,1520,12,05 32 AF 42 64 4D 98 42 AC AC BA 41
1788592601.462718,34680,1521,12,A7 0B BA 42 EE 3E 9C 42 69 EF BD 41
1788592601.473232,34680,1522,12,BB 8B C4 42 F9 C0 9F 42 1F DE 99 41
1788592601.483726,34680,1523,12,5B 38 CB 42 F7 73 A5 42 FD E4 B5 41
1788592601.494254,34680,1524,12,C8 A3 D2 42 25 60 97 42 4A AA E6 41
1788592601.504833,34680,1525,12,94 A4 E1 42 86 01 9C 42 AB 8B C8 41
1788592601.515476,34680,1526,12,02 B0 E7 42 41 AD 97 42 8C 3A B5 41
1788592601.527335,34680,1527,12,70 F5 F4 42 14 96 84 42 DC D2 F9 41
1788592601.537829,34680,1528,12,A9 94 FD 42 ED B3 73 42 58 5F CF 41
1788592601.548300,34680,1529,12,C2 81 02 43 98 12 64 42 45 59 E9 41
1788592601.559026,34680,152a,12,6A 47 0A 43 CB 86 4D 42 55 25 03 42
1788592601.569509,34680,152b,12,F2 45 0C 43 98 37 34 42 D5 6E F4 41
1788592601.580860,34680,152c,12,D4 69 0C 43 AA C1 12 42 C7 27 09 42
1788592601.591372,34680,152d,12,F1 A0 0D 43 64 DC 13 42 08 7C 16 42
1788592601.601994,34680,152e,12,68 06 10 43 A7 7D EF 41 B6 0A 10 42
1788592601.612587,34680,152f,12,A0 B1 13 43 A3 C9 BD 41 42 D5 15 42
1788592601.623237,34680,1530,12,F0 8B 13 43 D4 AD C5 41 1C DB 18 42
1788592601.633813,34680,1531,12,85 85 13 43 85 1A 98 41 1C 37 22 42
1788592601.648264,34680,1532,12,2E DC 13 43 4F B5 8F 41 01 79 16 42
1788592601.658965,34680,1533,12,1F FA 16 43 45 D6 98 41 C8 1D 18 42
1788592601.669572,34680,1534,12,C2 31 17 43 06 DE B6 41 54 4F 29 42
1788592601.680112,34680,1535,12,B6 6A 14 43 D2 94 A7 41 03 3F 1F 42
1788592601.690648,34680,1536,12,15 3A 10 43 BD 49 D6 41 83 B1 1C 42
1788592601.701192,34680,1537,12,27 44 10 43 C7 07 0A 42 DC 2A 34 42
1788592601.711769,34680,1538,12,DC 9F 10 43 F6 53 14 42 52 77 39 42
1788592601.722333,34680,1539,12,AA 1B 0C 43 DA E7 28 42 D7 AA 34 42
1788592601.732929,34680,153a,12,A3 15 08 43 45 25 47 42 69 57 45 42
1788592601.743618,34680,153b,12,5D 65 04 43 FE E5 60 42 DB 1F 3D 42
1788592601.755162,34680,153c,12,A9 47 FE 42 78 02 6E 42 24 31 41 42
1788592601.765540,34680,153d,12,02 A4 FC 42 B2 79 89 42 B0 A8 47 42
1788592601.776079,34680,153e,12,AE 4B F3 42 BE 9A 8E 42 80 DF 5C 42
1788592601.786610,34680,153f,12,C8 E6 E4 42 4C 01 8D 42 9E 4C 4C 42
1788592601.797310,34680,1540,12,89 A9 D8 42 DE FB 95 42 19 01 4F 42
1788592601.807717,34680,1541,12,35 B8 D3 42 88 43 A4 42 41 A7 5A 42
1788592601.818242,34680,1542,12,01 AC C0 42 92 53 A2 42 D4 F6 5C 42
1788592601.828692,34680,1543,12,6F EC B8 42 5E 35 94 42 79 16 6A 42
1788592601.839280,34680,1544,12,43 62 B0 42 3B 1D 96 42 C9 4A 69 42
1788592601.849656,34680,1545,12,FB 70 B0 42 1C B8 9A 42 4B B7 76 42
1788592601.860199,34680,1546,12,8C EC A6 42 A7 5D 93 42 8A 97 62 42
1788592601.870794,34680,1547,12,9C 82 94 42 DE 94 8A 42 D2 C1 6F 42
1788592601.881370,34680,1548,12,DC 8B 95 42 D2 EF 79 42 AA 8D 80 42
1788592601.891928,34680,1549,12,0C D4 87 42 D2 BF 5D 42 C8 11 75 42
1788592601.902298,34680,154a,12,59 FF 7F 42 ED DC 42 42 DD 79 80 42
1788592601.912854,34680,154b,12,82 B2 75 42 B3 18 31 42 C2 A5 84 42
1788592601.924482,34680,154c,12,28 02 6A 42 23 B3 1A 42 4F 2A 7A 42
1788592601.935207,34680,154d,12,8B 20 65 42 51 F2 FD 41 60 34 7D 42
1788592601.945848,34680,154e,12,E7 79 50 42 EE 98 D2 41 AB EA 84 42
1788592601.956616,34680,154f,12,05 EA 4A 42 E2 17 BF 41 1D F9 8B 42
1788592601.967131,34680,1550,12,2B 7B 53 42 03 7B A2 41 2A F9 86 42
1788592601.977706,34680,1551,12,AA 7D 4C 42 A7 C4 89 41 D7 D6 8B 42
1788592601.988563,34680,1552,12,48 10 46 42 89 5B B9 41 C2 37 90 42
1788592601.999175,34680,1553,12,A7 B4 41 42 12 A2 A7 41 E6 11 97 42
1788592602.009868,34680,1554,12,36 73 53 42 27 B2 AD 41 9A 72 97 42
1788592602.020400,34680,1555,12,9C AB 4E 42 25 A6 E4 41 FB 43 88 42
1788592602.031153,34680,1556,12,D8 BC 57 42 D7 68 F5 41 09 58 96 42
1788592602.041562,34680,1557,12,A6 9C 65 42 BC 2F 11 42 47 B5 9A 42
1788592602.052122,34680,1558,12,0A 12 6D 42 2E F5 28 42 22 A2 96 42
1788592602.062708,34680,1559,12,73 09 79 42 CB CC 45 42 AD 8D 90 42
1788592602.073345,34680,155a,12,A4 08 83 42 ED 98 59 42 C8 52 99 42
1788592602.084048,34680,155b,12,A3 9F 91 42 49 8A 6F 42 E0 C3 9F 42
1788592602.094619,34680,155c,12,DA E5 8D 42 13 2C 7C 42 7A 44 A7 42
1788592602.105453,34680,155d,12,ED 46 9F 42 23 AC 8D 42 27 51 A5 42
1788592602.115967,34680,155e,12,37 9A AB 42 57 E8 93 42 69 9C A3 42
1788592602.126675,34680,155f,12,B7 32 A8 42 F6 2A 9A 42 80 F1 AC 42
1788592602.137213,34680,1560,12,30 63 B8 42 67 FB 9F 42 0B 21 A5 42
1788592602.147768,34680,1561,12,3F CA C2 42 37 73 A3 42 C1 9A AA 42
1788592602.158461,34680,1562,12,0A 14 CD 42 D4 A3 A4 42 A2 37 AD 42
1788592602.169067,34680,1563,12,5A BC D4 42 42 87 9D 42 BC CB A8 42
1788592602.179982,34680,1564,12,2F 20 DC 42 A2 71 98 42 41 A0 B2 42
1788592602.190557,34680,1565,12,8A 65 EA 42 CD E2 8F 42 DD A7 B5 42
1788592602.201182,34680,1566,12,28 C7 F4 42 AD 0A 85 42 6D D3 B5 42
1788592602.211859,34680,1567,12,4B 86 FF 42 D0 1A 82 42 DD 01 BD 42
1788592602.222473,34680,1568,12,4C 6B 03 43 9E DC 62 42 C0 6B BC 42
1788592602.233168,34680,1569,12,81 92 05 43 1C BE 57 42 3D 46 BA 42
1788592602.244324,34680,156a,12,33 F8 0B 43 2E 09 3F 42 8F 7F BF 42
1788592602.255014,34680,156b,12,3B 4B 0C 43 D3 43 2C 42 4C 90 BC 42
1788592602.265590,34680,156c,12,79 2B 0D 43 3B 90 08 42 41 0E C1 42
1788592602.276254,34680,156d,12,1B C9 12 43 4C 68 F5 41 38 0C C0 42
1788592602.286769,34680,156e,12,3A 70 16 43 01 18 C3 41 9D 0A C1 42
1788592602.297426,34680,156f,12,9C 9F 14 43 5D FA B1 41 C0 02 C8 42
1788592602.307963,34680,1570,12,1D 6A 17 43 82 46 B3 41 27 72 CB 42
1788592602.318518,34680,1571,12,66 7F 16 43 30 36 A2 41 9B F9 C8 42
1788592602.329097,34680,1572,12,D8 49 15 43 3D 93 A5 41 77 B5 CF 42
1788592602.339648,34680,1573,12,D5 A1 13 43 82 B6 AC 41 B4 78 D2 42
1788592602.350229,34680,1574,12,C2 70 15 43 C7 F0 E4 41 5D DE CF 42
1788592602.360716,34680,1575,12,B4 97 14 43 74 57 FD 41 EA 4B D5 42
1788592602.371352,34680,1576,12,62 C9 0D 43 3A 59 06 42 33 F3 C9 42
1788592602.381930,34680,1577,12,B3 51 0C 43 53 B2 20 42 4A AA D6 42
1788592602.392455,34680,1578,12,8D 93 0C 43 C7 3F 40 42 72 9E DC 42
1788592602.402885,34680,1579,12,11 BB 08 43 69 E0 42 42 36 7F DA 42
1788592602.413441,34680,157a,12,1C 55 03 43 67 13 6B 42 A7 7C DE 42
1788592602.423908,34680,157b,12,88 EF FF 42 90 55 6B 42 68 99 DC 42
1788592602.434609,34680,157c,12,E5 B2 F3 42 0E A7 89 42 A4 FF DA 42
1788592602.445111,34680,157d,12,45 BE E2 42 78 42 90 42 CE E5 DD 42
1788592602.456019,34680,157e,12,20 C2 E0 42 EC 4D 95 42 EB 04 E6 42
1788592602.466616,34680,157f,12,E3 F3 DB 42 E5 26 9C 42 D5 FB E7 42
1788592602.477041,34680,1580,12,4A AF D3 42 F0 84 9B 42 66 DC EF 42
1788592602.487538,34680,1581,12,88 BA C8 42 BB 5E A3 42 1C 24 EA 42
1788592602.498173,34680,1582,12,A0 D5 C1 42 85 E4 98 42 FD B1 E7 42
1788592602.508676,34680,1583,12,A5 97 AF 42 56 DF 9B 42 7A E1 B9 41
1788592602.519142,34680,1584,12,14 19 A5 42 9D 19 97 42 13 51 93 41
1788592602.529824,34680,1585,12,62 E8 99 42 32 16 8A 42 B6 42 B3 41
1788592602.540309,34680,1586,12,89 6B 9A 42 97 98 77 42 98 BA AD 41
1788592602.550872,34680,1587,12,F6 E6 8C 42 17 75 71 42 93 34 AA 41
1788592602.561399,34680,1588,12,0F 38 87 42 5F 28 5D 42 10 54 AD 41
1788592602.571992,34680,1589,12,D0 D0 7B 42 D4 F1 41 42 96 63 D3 41
1788592602.582754,34680,158a,12,46 50 69 42 D8 C1 2D 42 67 AE D8 41
1788592602.593193,34680,158b,12,D9 07 5C 42 4F 9B 10 42 8D 48 E9 41
1788592602.603734,34680,158c,12,FB A7 50 42 17 69 EA 41 E0 AD EB 41
1788592602.614332,34680,158d,12,EA BB 52 42 EA 94 E1 41 3C 2F F8 41
1788592602.624936,34680,158e,12,E6 85 4C 42 08 5B A5 41 6A 82 FC 41
1788592602.635678,34680,158f,12,BA 7B 43 42 2B 0B A1 41 32 AD 0A 42
1788592602.646072,34680,1590,12,23 77 4E 42 6A 8C B3 41 55 A2 FD 41
1788592602.656535,34680,1591,12,ED E1 4C 42 03 33 A9 41 22 F9 11 42
1788592602.667017,34680,1592,12,90 A4 46 42 D2 43 A9 41 33 DD 04 42
1788592602.677524,34680,1593,12,37 CB 4F 42 26 AC B3 41 8A A6 1C 42
1788592602.687983,34680,1594,12,28 D2 4C 42 C8 10 C9 41 A9 72 06 42
1788592602.698619,34680,1595,12,52 51 5A 42 02 1A E2 41 9A E7 1A 42
1788592602.709359,34680,1596,12,AE A4 6C 42 07 5C 13 42 0E EA 14 42
1788592602.720187,34680,1597,12,31 3C 72 42 B7 58 2C 42 8F 55 25 42
1788592602.730839,34680,1598,12,DA A4 7D 42 76 80 45 42 E2 12 37 42
1788592602.741649,34680,1599,12,60 C2 86 42 C1 35 5C 42 3C 72 2E 42
1788592602.752306,34680,159a,12,AB 7E 87 42 92 AA 77 42 BE 24 31 42
1788592602.763247,34680,159b,12,D2 03 93 42 F6 7C 89 42 B0 5B 2E 42
1788592602.773978,34680,159c,12,C0 8D 9F 42 E6 57 90 42 97 71 32 42
1788592602.785002,34680,159d,12,02 F2 A9 42 F7 93 96 42 47 52 4A 42
1788592602.795738,34680,159e,12,B2 10 AE 42 6F 81 99 42 A5 F7 30 42
1788592602.806428,34680,159f,12,EC 5A BE 42 5E E7 9F 42 C4 F7 2F 42
1788592602.817010,34680,15a0,12,15 AA C9 42 01 B8 9C 42 E4 22 54 42
1788592602.827727,34680,15a1,12,92 98 D1 42 B2 99 A0 42 F0 F5 3F 42
1788592602.838339,34680,15a2,12,41 50 D9 42 D1 C9 9F 42 F0 7A 4F 42
1788592602.849061,34680,15a3,12,A2 AB E7 42 4A F8 92 42 0B 95 4E 42
1788592602.859789,34680,15a4,12,6B F1 F2 42 FE 74 8E 42 34 06 53 42
1788592602.870446,34680,15a5,12,3C 1F FB 42 58 99 79 42 53 FD 4B 42
1788592602.880948,34680,15a6,12,43 A9 03 43 CE DD 82 42 21 69 58 42
1788592602.891465,34680,15a7,12,38 A3 02 43 18 71 5B 42 E0 80 60 42
1788592602.902038,34680,15a8,12,F1 5C 0A 43 C4 D7 41 42 59 E1 64 42
1788592602.912586,34680,15a9,12,4F 13 0C 43 EE 67 33 42 ED 61 68 42
1788592602.923284,34680,15aa,12,BC 9F 0B 43 B9 C4 14 42 B9 3E 69 42
1788592602.933929,34680,15ab,12,BB 75 14 43 D2 EC 08 42 51 80 72 42
1788592602.944870,34680,15ac,12,8A BB 13 43 4F BE EB 41 A1 AA 76 42
1788592602.955624,34680,15ad,12,F8 27 12 43 ED AA CC 41 08 BB 6E 42
1788592602.966270,34680,15ae,12,C1 3B 14 43 21 4C B3 41 EF 75 7C 42
1788592602.976930,34680,15af,12,A8 5A 16 43 BA 9C A8 41 71 9C 7D 42
1788592602.987543,34680,15b0,12,84 24 16 43 4A 40 A4 41 4F A5 82 42
1788592602.998110,34680,15b1,12,09 18 14 43 6D AB AA 41 16 53 80 42
1788592603.008693,34680,15b2,12,75 74 13 43 D9 DA C7 41 5A 9E 8B 42
1788592603.019254,34680,15b3,12,18 A3 13 43 38 DD BB 41 23 45 8B 42
1788592603.029847,34680,15b4,12,50 A1 15 43 EE 45 DC 41 72 93 8A 42
1788592603.040427,34680,15b5,12,8A 9F 0F 43 FD E8 07 42 BE E7 84 42
1788592603.051079,34680,15b6,12,A2 7F 0A 43 A3 39 1E 42 BA 07 92 42
1788592603.061603,34680,15b7,12,51 27 08 43 CA 84 33 42 C5 6D 95 42
1788592603.072186,34680,15b8,12,D2 03 08 43 9B E9 42 42 90 98 90 42
1788592603.082843,34680,15b9,12,FB A8 02 43 A5 EA 6A 42 96 72 8F 42
1788592603.093482,34680,15ba,12,9A BF FF 42 77 2F 79 42 2C FB 91 42
1788592603.104076,34680,15bb,12,E7 C0 F0 42 85 40 8B 42 4E 39 9D 42
1788592603.114789,34680,15bc,12,78 CC EF 42 67 64 91 42 FB D3 9A 42
1788592603.125341,34680,15bd,12,B7 7F E8 42 E0 38 98 42 D5 87 9C 42
1788592603.135950,34680,15be,12,83 80 D6 42 03 EE 9B 42 75 70 9B 42
1788592603.146643,34680,15bf,12,17 E5 D6 42 FA AB A1 42 C9 90 A1 42
1788592603.157327,34680,15c0,12,B4 39 C7 42 A2 FF 9C 42 6F 61 A2 42
1788592603.167851,34680,15c1,12,F7 F2 BF 42 DE 43 9A 42 D1 E5 A5 42
1788592613.178622,34680,15c3,12,79 45 B0 42 6B F6 97 42 6D 87 A4 42
1788592613.187699,34680,15c4,12,5B E3 A8 42 00 1E 94 42 87 98 AA 42
1788592613.198360,34680,15c5,12,16 D0 A3 42 C5 EC 87 42 DF 54 A4 42
1788592613.208818,34680,15c6,12,4B 3F 95 42 50 F3 7D 42 B4 75 B0 42
1788592613.219644,34680,15c7,12,EE 79 8A 42 F8 1B 5C 42 AE A1 AC 42
1788592613.230473,34680,15c8,12,E9 F4 85 42 4A B6 55 42 F1 E8 B0 42
1788592613.240718,34680,15c9,12,53 64 7C 42 EC 6B 40 42 9E 5E B5 42
1788592613.251323,34680,15ca,12,44 DF 60 42 EC 6A 16 42 BE C8 B0 42
1788592613.261913,34680,15cb,12,D6 2E 5C 42 CA 08 10 42 77 2D AF 42
1788592613.272702,34680,15cc,12,9E 1C 54 42 DC 66 02 42 5E 49 BB 42
1788592613.283315,34680,15cd,12,93 F7 55 42 B1 26 E4 41 84 2F BD 42
1788592613.293876,34680,15ce,12,53 FF 45 42 7A C8 AB 41 85 8F BD 42
1788592613.304749,34680,15cf,12,68 6C 45 42 1B BB 99 41 33 C1 BD 42
1788592613.318000,34680,15d0,12,F0 7A 4A 42 48 23 AB 41 33 3B C4 42
1788592613.328505,34680,15d1,12,77 6E 42 42 49 2F 99 41 3E C8 C2 42
1788592613.339204,34680,15d2,12,78 A2 43 42 2F FB B1 41 E3 D2 C3 42
1788592613.349973,34680,15d3,12,3C 64 49 42 C1 CF A2 41 AA CC C9 42
1788592613.361933,34680,15d4,12,76 AA 54 42 B2 FE DE 41 E5 F8 C5 42
1788592613.372740,34680,15d5,12,9E 25 62 42 DB 6C 0D 42 84 85 CE 42
1788592613.383251,34680,15d6,12,2B FA 58 42 B5 D9 05 42 A0 D1 C7 42
1788592613.397913,34680,15d7,12,43 67 78 42 A0 BF 34 42 A8 B1 C7 42
1788592613.408422,34680,15d8,12,28 41 83 42 2E 31 57 42 50 16 D1 42
1788592613.419048,34680,15d9,12,EE 99 84 42 C4 1A 59 42 5A 1D D7 42
1788592613.429604,34680,15da,12,AC 9A 91 42 EA FD 72 42 97 A9 D0 42
1788592613.440115,34680,15db,12,4C BC 9B 42 08 78 87 42 B1 1A D7 42
1788592613.450737,34680,15dc,12,8C 3E 9B 42 17 D7 8E 42 B4 B6 DA 42
1788592613.461318,34680,15dd,12,8E 88 AE 42 02 1C 98 42 CE 64 D9 42
1788592613.471871,34680,15de,12,AB D6 B4 42 E2 D8 9D 42 48 5B DE 42
1788592613.482399,34680,15df,12,D3 7B BC 42 A2 C1 A4 42 6B 82 E0 42
1788592613.492864,34680,15e0,12,0C BB CA 42 52 34 9D 42 21 8E DB 42
1788592613.503369,34680,15e1,12,2B 75 CC 42 0D 44 99 42 D5 8C E4 42
1788592613.513852,34680,15e2,12,0A 8C D9 42 54 22 97 42 33 AB E6 42
1788592613.525537,34680,15e3,12,E7 CC E3 42 DC 12 9C 42 F0 6C E7 42
1788592613.536182,34680,15e4,12,CF 64 E8 42 6C 7D 89 42 A1 FA EC 42
1788592613.546685,34680,15e5,12,31 AB F6 42 E1 64 87 42 C3 04 EB 42
1788592613.557524,34680,15e6,12,14 5A FF 42 4B F0 6F 42 D3 DD F0 42
1788592613.568022,34680,15e7,12,31 40 05 43 78 23 5E 42 30 37 F2 42
1788592613.578788,34680,15e8,12,66 58 07 43 03 30 4F 42 B6 67 98 41
1788592613.589521,34680,15e9,12,F3 88 0C 43 06 B7 2D 42 CC 50 87 41
1788592613.600075,34680,15ea,12,BC F0 0E 43 D5 F2 1F 42 6F 4D A2 41
1788592613.610552,34680,15eb,12,D6 9F 0F 43 49 6B 04 42 A7 5E BD 41
1788592613.621074,34680,15ec,12,7E 14 10 43 B0 59 DA 41 F2 03 BE 41
1788592613.631638,34680,15ed,12,C6 36 14 43 65 80 C0 41 3A 5C C7 41
1788592613.642271,34680,15ee,12,BF C9 14 43 03 2D AC 41 EE 78 CA 41
1788592613.654744,34680,15ef,12,19 94 15 43 C4 38 AD 41 21 97 D5 41
1788592613.665272,34680,15f0,12,B0 E8 12 43 E8 12 B2 41 94 7B E1 41
1788592613.675871,34680,15f1,12,16 12 15 43 59 B3 A2 41 06 BE DF 41
1788592613.686781,34680,15f2,12,8E 18 11 43 6E 7F C8 41 2B FE 0C 42
1788592613.697386,34680,15f3,12,71 35 12 43 E7 32 E2 41 D2 9F D2 41
1788592613.707857,34680,15f4,12,74 CC 11 43 B0 77 01 42 65 75 E7 41
1788592613.718418,34680,15f5,12,9A 4E 0E 43 15 9B 08 42 F8 A8 03 42
1788592613.729140,34680,15f6,12,68 E3 0F 43 9C 95 25 42 53 47 0B 42
1788592613.739508,34680,15f7,12,2C 88 09 43 F2 FC 2D 42 FF 77 0E 42
1788592613.750456,34680,15f8,12,CD D1 03 43 71 3F 4F 42 E4 77 0A 42
1788592613.761047,34680,15f9,12,94 88 FD 42 08 A4 76 42 5C 27 14 42
1788592613.771685,34680,15fa,12,47 EB F4 42 A4 46 78 42 B3 08 26 42
1788592613.782302,34680,15fb,12,76 A7 F3 42 1C 08 87 42 87 18 15 42
1788592613.792828,34680,15fc,12,C8 3E E7 42 FD FE 87 42 7E 67 19 42
1788592613.803691,34680,15fd,12,26 BE DD 42 1F 85 9B 42 E9 87 1D 42
1788592613.814171,34680,15fe,12,9F EE D9 42 E4 DE 9F 42 06 D2 1A 42
1788592613.824888,34680,15ff,12,B3 AA C8 42 54 B1 9D 42 A1 A3 2D 42
1788592613.835536,34680,1600,12,D7 83 C3 42 5A B6 A3 42 CE 0E 32 42
1788592613.845845,34680,1601,12,D6 90 B5 42 C3 B0 9F 42 53 87 35 42
1788592613.856366,34680,1602,12,2C 80 B0 42 6B C4 98 42 01 4E 34 42
1788592613.866891,34680,1603,12,3C 3B AC 42 8F FB 8F 42 35 44 3D 42
1788592613.877560,34680,1604,12,80 1E 9C 42 AE 0A 8F 42 77 CE 4C 42
1788592613.888169,34680,1605,12,41 49 9C 42 D6 CE 7F 42 DA 3F 43 42
1788592613.898752,34680,1606,12,DC 91 91 42 30 2E 64 42 9B 6D 4A 42
1788592613.909313,34680,1607,12,CE 77 82 42 59 94 49 42 A7 B2 56 42
1788592613.920122,34680,1608,12,07 78 7D 42 EF D2 35 42 EE 4B 43 42
1788592613.930622,34680,1609,12,B7 13 6A 42 A8 60 20 42 FB 8F 5D 42
1788592613.941123,34680,160a,12,5D 14 5D 42 93 AD 09 42 EE 27 51 42
1788592613.951655,34680,160b,12,4B CB 63 42 B7 3D EC 41 86 4B 59 42
1788592613.962792,34680,160c,12,DC 85 5B 42 21 F1 C5 41 33 95 54 42
1788592613.972914,34680,160d,12,67 EA 53 42 3D 79 BE 41 98 E3 68 42
1788592613.986271,34680,160e,12,81 34 4E 42 D3 46 9F 41 F5 16 75 42
1788592613.996529,34680,160f,12,8C DA 4A 42 1C 00 BA 41 96 98 60 42
1788592614.007283,34680,1610,12,35 DC 4B 42 0A 34 A5 41 5D D7 6D 42
1788592614.018454,34680,1611,12,D9 FC 43 42 7F F7 87 41 4B 4B 67 42
1788592614.028929,34680,1612,12,47 95 45 42 34 75 D7 41 18 12 77 42
1788592614.039608,34680,1613,12,EA 51 5C 42 15 E4 C7 41 B4 C8 81 42
1788592614.050363,34680,1614,12,EF F2 59 42 E9 AD 00 42 70 D8 84 42
1788592614.061519,34680,1615,12,66 B0 5E 42 C4 FE 2A 42 3A A1 82 42
1788592614.072071,34680,1616,12,E2 6F 6F 42 46 9A 2E 42 4F A9 83 42
1788592614.083248,34680,1617,12,F0 B7 84 42 0A 0F 46 42 A6 D2 85 42
1788592614.093768,34680,1618,12,8B CD 83 42 75 5A 57 42 46 23 8A 42
1788592614.104293,34680,1619,12,94 11 8D 42 C1 E7 77 42 BC 83 8F 42
1788592614.115000,34680,161a,12,EB C5 94 42 F8 22 82 42 06 FA 90 42
1788592614.125474,34680,161b,12,0D CA A5 42 38 12 8E 42 E9 CB 88 42
1788592614.137787,34680,161c,12,A0 E1 AB 42 7D 8A 98 42 CE 70 8E 42
1788592614.148281,34680,161d,12,0F D8 B8 42 E7 EA 97 42 8B 9F 8D 42
1788592614.158935,34680,161e,12,E7 27 C4 42 C0 00 9B 42 05 26 97 42
1788592614.169503,34680,161f,12,56 07 CA 42 BE E2 A1 42 24 86 94 42
1788592614.180046,34680,1620,12,CB 0F CF 42 57 54 9D 42 7A 1D 98 42
1788592614.190717,34680,1621,12,99 DD DD 42 EE 08 A2 42 E9 A7 A1 42
1788592614.201073,34680,1622,12,71 51 E7 42 9A 8F 94 42 89 55 9B 42
1788592614.212960,34680,1623,12,BB 7A ED 42 DF 10 90 42 90 9B 9C 42
1788592614.223660,34680,1624,12,BD 6E F6 42 20 E0 82 42 28 1E 9F 42
1788592614.234007,34680,1625,12,E6 A1 00 43 CD F1 6D 42 E3 B4 A8 42
1788592614.244560,34680,1626,12,D9 CC 06 43 97 49 5A 42 82 2D A3 42
1788592614.255080,34680,1627,12,D1 00 07 43 3A 19 43 42 1D 68 A7 42
1788592614.265630,34680,1628,12,04 83 0D 43 52 4E 12 42 DA AB A9 42
1788592614.276280,34680,1629,12,99 FF 10 43 E2 CE 08 42 71 A8 A9 42
1788592614.286774,34680,162a,12,8F 6F 0F 43 27 DA 00 42 D8 7A AC 42
1788592614.297452,34680,162b,12,21 05 12 43 60 9B E0 41 56 75 B4 42
1788592614.307876,34680,162c,12,F7 5A 13 43 D1 EC CC 41 DC 3E AD 42
1788592614.318490,34680,162d,12,45 BD 14 43 1C 74 C5 41 31 BF AF 42
1788592614.329167,34680,162e,12,07 E1 16 43 F0 C7 A9 41 E5 47 B8 42
1788592614.339544,34680,162f,12,48 83 14 43 74 B1 98 41 CD CC B3 42
1788592614.350330,34680,1630,12,AD 9E 17 43 A4 E6 B1 41 60 D6 BC 42
1788592614.360870,34680,1631,12,80 1B 12 43 57 53 C2 41 D3 D2 BD 42
1788592614.371402,34680,1632,12,F2 C4 13 43 68 BD F7 41 97 AA BA 42
1788592614.382244,34680,1633,12,C9 A6 10 43 BB CF 01 42 60 E8 BC 42
1788592614.392893,34680,1634,12,9F 3C 10 43 57 52 14 42 70 D5 BF 42
1788592614.403585,34680,1635,12,DB A5 0D 43 AB 5A 25 42 00 EF C2 42
1788592614.414274,34680,1636,12,2C 7D 06 43 DD B3 3F 42 67 EE C6 42
1788592614.424811,34680,1637,12,AE 7C 09 43 AB F9 5C 42 BE 3C C8 42
1788592614.435640,34680,1638,12,15 0C 03 43 E5 EB 75 42 6F BB CE 42
1788592614.446086,34680,1639,12,E6 9B FE 42 90 6C 82 42 67 72 C7 42
1788592614.456960,34680,163a,12,37 8F F7 42 6B E5 81 42 56 D2 D1 42
1788592614.467535,34680,163b,12,80 3C E8 42 73 EA 91 42 A0 3E CF 42
1788592614.478040,34680,163c,12,FD 0C E1 42 1E CB 9B 42 3B 88 CD 42
1788592614.488873,34680,163d,12,0C E1 CE 42 3D 15 96 42 10 7E D7 42
1788592614.499484,34680,163e,12,4F 91 C7 42 79 92 9A 42 60 57 CD 42
1788592614.510097,34680,163f,12,92 7D BB 42 00 E1 9F 42 71 AA CF 42
1788592614.520673,34680,1640,12,E7 72 BD 42 21 6A A2 42 FC 6C DE 42
1788592614.531192,34680,1641,12,A1 30 AC 42 CF 82 97 42 9B FE DE 42
1788592614.541676,34680,1642,12,64 60 A4 42 8F 96 8E 42 F7 2C E2 42
1788592614.552113,34680,1643,12,C2 4B 9E 42 13 08 8C 42 83 84 E0 42
1788592614.562608,34680,1644,12,FA FA 90 42 34 47 81 42 B1 54 E0 42
1788592614.573702,34680,1645,12,80 56 8A 42 A0 FD 66 42 E1 34 E2 42
1788592614.584342,34680,1646,12,E4 D8 78 42 F3 49 52 42 CE 39 E8 42
1788592614.594978,34680,1647,12,83 C0 73 42 00 B2 37 42 43 9F E9 42
1788592614.605391,34680,1648,12,27 48 78 42 D0 B3 17 42 68 E3 E8 42
1788592614.615873,34680,1649,12,C8 27 54 42 0A 01 FD 41 9C 83 F1 42
1788592614.626572,34680,164a,12,4E 27 52 42 42 A1 EC 41 82 77 F2 42
1788592614.637154,34680,164b,12,F4 90 48 42 EE 6C E6 41 58 F4 EA 42
