ts,event,payload_len,payload_hex
1788592859.416737,34680,12,00 00 96 43 FC 14 9C 42 A2 9B 90 41
1788592859.427261,34680,12,67 BC 99 43 87 80 9F 42 5D 06 9F 41
1788592859.437806,34680,12,54 63 9D 43 2D 3B 9A 42 C6 AE B3 41
1788592859.448188,34680,12,C8 DF A0 43 35 3C 96 42 10 EF C2 41
1788592859.458917,34680,12,B6 1D A4 43 E6 10 91 42 35 C9 C6 41
1788592859.469428,34680,12,7D 0A A7 43 90 90 81 42 96 7B B0 41
1788592859.479921,34680,12,4B 95 A9 43 C3 B4 7D 42 40 7C CC 41
1788592859.490527,34680,12,82 AF AB 43 02 B8 5C 42 5E BA CA 41
1788592859.501336,34680,12,0D 4D AD 43 DB 87 4F 42 19 C6 E2 41
1788592859.511932,34680,12,A1 64 AE 43 2A E0 21 42 33 D7 00 42
1788592859.522506,34680,12,F8 EF AE 43 F2 B3 17 42 53 AA 02 42
1788592859.533213,34680,12,F0 EB AE 43 4C 6D F9 41 DA 53 F2 41
1788592859.544566,34680,12,A0 58 AE 43 74 FB D6 41 65 12 F7 41
1788592859.558474,34680,12,58 39 AD 43 D1 71 D2 41 D8 66 E5 41
1788592859.569008,34680,12,8A 94 AB 43 D5 B6 A3 41 37 FD FA 41
1788592859.579491,34680,12,AB 73 A9 43 BA AD 9A 41 AE 0A 0D 42
1788592859.590164,34680,12,F7 E2 A6 43 06 2B 89 41 60 27 13 42
1788592859.600802,34680,12,2D F1 A3 43 9C CB 9F 41 AD 25 14 42
1788592859.611323,34680,12,3B AF A0 43 36 02 BA 41 8D DF 21 42
1788592859.622813,34680,12,DC 2F 9D 43 35 92 C4 41 94 88 1C 42
1788592859.633541,34680,12,2B 87 99 43 2B C3 F4 41 29 C5 20 42
1788592859.643903,34680,12,31 CA 95 43 35 F9 0D 42 97 9C 1B 42
1788592859.654490,34680,12,6D 0E 92 43 97 56 1D 42 60 CB 1B 42
1788592859.664901,34680,12,56 69 8E 43 10 ED 3F 42 72 CB 12 42
1788592859.675268,34680,12,DE EF 8A 43 D2 70 48 42 72 69 35 42
1788592859.685733,34680,12,02 B6 87 43 03 49 72 42 74 1B 35 42
1788592859.696988,34680,12,4C CE 84 43 6D 16 78 42 C6 A5 32 42
1788592859.707606,34680,12,70 49 82 43 D4 6D 85 42 FD 8A 44 42
1788592859.718178,34680,12,EA 35 80 43 D7 18 92 42 76 68 4A 42
1788592859.728558,34680,12,53 3F 7D 43 F2 B5 91 42 C7 1D 40 42
1788592859.739049,34680,12,9D 1F 7B 43 E4 33 93 42 3D E8 47 42
1788592859.749398,34680,12,E7 18 7A 43 5B 5D 9B 42 30 C4 41 42
1788592859.760044,34680,12,18 31 7A 43 28 C5 9F 42 5F 88 48 42
1788592859.770448,34680,12,A4 67 7B 43 95 87 94 42 86 03 4D 42
1788592859.780833,34680,12,93 B5 7D 43 B0 AD 94 42 CF 40 60 42
1788592859.791240,34680,12,D2 86 80 43 26 F0 8F 42 A9 99 5E 42
1788592859.801949,34680,12,4F AE 82 43 33 E3 81 42 1F 48 63 42
1788592859.812381,34680,12,DE 44 85 43 8C F2 79 42 50 42 64 42
1788592859.822822,34680,12,9D 3B 88 43 10 0A 5C 42 49 64 71 42
1788592859.836626,34680,12,83 81 8B 43 5C D6 4D 42 4B B7 6B 42
1788592859.847025,34680,12,BE 03 8F 43 F5 22 33 42 6E C7 74 42
1788592859.857558,34680,12,22 AE 92 43 6F 79 22 42 26 72 77 42
1788592859.868066,34680,12,9C 6B 96 43 5C 54 0D 42 62 17 78 42
1788592859.878512,34680,12,AC 26 9A 43 C7 D4 EB 41 56 D4 78 42
1788592859.888994,34680,12,DE C9 9D 43 1D 36 CA 41 27 DB 84 42
1788592859.899590,34680,12,49 40 A1 43 7B 53 BB 41 20 11 83 42
1788592859.910020,34680,12,04 76 A4 43 9C C3 B8 41 A1 5D 84 42
1788592859.920529,34680,12,9C 58 A7 43 E2 58 A8 41 E9 EB 84 42
1788592859.931045,34680,12,7A D7 A9 43 7A 66 87 41 E0 FA 84 42
1788592859.941762,34680,12,45 E4 AB 43 FA 77 AF 41 ED C0 87 42
1788592859.952262,34680,12,33 73 AD 43 D1 CF CD 41 01 C0 89 42
1788592859.963038,34680,12,50 7B AE 43 A4 4E DE 41 E2 A2 8E 42
1788592859.974929,34680,12,AE F6 AE 43 02 8D 03 42 3E 56 8E 42
1788592859.985361,34680,12,85 E2 AE 43 E7 5D 17 42 52 9D 8B 42
1788592859.995816,34680,12,4B 3F AE 43 77 F2 3E 42 98 06 95 42
1788592860.006460,34680,12,AB 10 AD 43 89 21 5D 42 0B EF 91 42
1788592860.016907,34680,12,6E 5D AB 43 68 83 66 42 0B F1 97 42
1788592860.028617,34680,12,5E 2F A9 43 67 AC 72 42 C0 46 9B 42
1788592860.039145,34680,12,00 93 A6 43 2A E6 79 42 67 BD 9D 42
1788592860.050045,34680,12,59 97 A3 43 D6 3F 93 42 26 E3 98 42
1788592860.060533,34680,12,8F 4D A0 43 4E 33 8F 42 20 AB A3 42
1788592860.071049,34680,12,87 C8 9C 43 08 A6 9F 42 9E D2 98 42
1788592860.081840,34680,12,82 1C 99 43 32 AA 9B 42 CE 5A A7 42
1788592860.092348,34680,12,97 5E 95 43 AE AA A4 42 E7 4A A6 42
1788592860.102891,34680,12,4E A4 91 43 BC 14 9D 42 79 67 A6 42
1788592860.113645,34680,12,14 03 8E 43 FB D2 9F 42 D6 4F AA 42
1788592860.124247,34680,12,C4 8F 8A 43 FF 20 9E 42 E1 AC AA 42
1788592860.134840,34680,12,39 5E 87 43 DD 3E 8E 42 00 AE B3 42
1788592860.145351,34680,12,CC 80 84 43 DD CC 87 42 A7 08 AF 42
1788592860.155858,34680,12,F8 07 82 43 89 4D 72 42 43 FF B4 42
1788592860.166338,34680,12,F2 01 80 43 97 9D 4C 42 0E 4E B1 42
1788592860.176775,34680,12,B8 F4 7C 43 57 84 40 42 3F 0B BB 42
1788592860.187521,34680,12,04 F4 7A 43 D6 32 2B 42 DF CA BB 42
1788592860.198008,34680,12,4A 0D 7A 43 8B 2B 13 42 6C 7C C0 42
1788592860.208455,34680,12,BA 45 7A 43 DE 67 E8 41 03 FC BA 42
1788592860.218969,34680,12,0F 9C 7B 43 41 6F E3 41 2A 27 C4 42
1788592860.229402,34680,12,99 08 7E 43 74 4F C1 41 4A 9D C3 42
1788592860.239954,34680,12,B4 BE 80 43 1C 9E C3 41 DC B8 C3 42
1788592860.250452,34680,12,4F F3 82 43 7E DD AA 41 4B C7 C7 42
1788592860.261038,34680,12,6E 95 85 43 D8 1A B6 41 13 1D CA 42
1788592860.271686,34680,12,EF 95 88 43 A0 B9 B2 41 BC 99 CB 42
1788592860.282321,34680,12,90 E3 8B 43 39 10 DF 41 08 C5 CA 42
1788592860.292866,34680,12,51 6B 8F 43 9F CF C5 41 60 71 CC 42
1788592860.303282,34680,12,EA 18 93 43 17 0D F9 41 08 D7 CB 42
1788592860.313760,34680,12,31 D7 96 43 7D 9F 10 42 4C 7C D4 42
1788592860.324309,34680,12,A4 90 9A 43 89 1B 27 42 3F BA CC 42
1788592860.334770,34680,12,D7 2F 9E 43 60 B6 49 42 60 99 D3 42
1788592860.345165,34680,12,F9 9F A1 43 90 3D 4D 42 3A 69 D7 42
1788592860.357158,34680,12,46 CD A4 43 FB F2 6F 42 86 6B D7 42
1788592860.367587,34680,12,79 A5 A7 43 C6 45 71 42 40 B1 DB 42
1788592860.378099,34680,12,39 18 AA 43 37 24 8A 42 17 4B DD 42
1788592860.388482,34680,12,71 17 AC 43 95 B8 91 42 B1 CA E1 42
1788592860.398816,34680,12,A7 97 AD 43 96 AA 91 42 91 B2 E2 42
1788592860.409168,34680,12,3A 90 AE 43 97 71 98 42 E6 96 DE 42
1788592860.419619,34680,12,94 FB AE 43 98 F2 A0 42 9B 2B E2 42
1788592860.429950,34680,12,4E D7 AE 43 18 99 A1 42 59 17 E6 42
1788592860.440391,34680,12,36 24 AE 43 4D 68 A0 42 67 2E E2 42
1788592860.450694,34680,12,52 E6 AC 43 3D 8F 8F 42 37 DD EE 42
1788592860.461039,34680,12,C7 24 AB 43 59 AD 91 42 4C 3C EB 42
1788592860.471362,34680,12,AD E9 A8 43 E3 30 88 42 A4 B7 E9 42
1788592860.481817,34680,12,D6 41 A6 43 9E 26 75 42 E4 10 97 41
1788592860.492263,34680,12,8A 3C A3 43 EC 23 64 42 61 E2 AF 41
1788592860.502655,34680,12,24 EB 9F 43 8C 16 44 42 CC 37 B6 41
1788592860.512989,34680,12,B6 60 9C 43 43 B9 39 42 84 28 AD 41
1788592860.523424,34680,12,9F B1 98 43 51 DB 16 42 4C D5 C3 41
1788592860.533724,34680,12,0A F3 94 43 C7 6B 00 42 49 1B D4 41
1788592860.544022,34680,12,80 3A 91 43 07 EA EF 41 69 FC D3 41
1788592860.554343,34680,12,64 9D 8D 43 4E 80 E0 41 91 C4 D5 41
1788592860.567579,34680,12,7F 30 8A 43 4F 22 B6 41 28 07 CB 41
1788592860.579962,34680,12,80 07 87 43 22 FC A0 41 2A 90 DE 41
1788592860.595147,34680,12,93 34 84 43 C7 95 9E 41 15 8F EF 41
1788592860.606946,34680,12,F2 C7 81 43 D7 03 A6 41 8C 8D F8 41
1788592860.619983,34680,12,22 9F 7F 43 9C 6B 9E 41 39 F4 0C 42
1788592860.630367,34680,12,85 AD 7C 43 BC F9 B2 41 9B B6 F8 41
1788592860.643585,34680,12,F8 CB 7A 43 AE 2C ED 41 A2 1B 00 42
1788592860.653903,34680,12,4B 05 7A 43 16 C7 FD 41 18 8E 10 42
1788592860.664300,34680,12,F6 5D 7A 43 DA 07 2A 42 ED 29 0D 42
1788592860.674913,34680,12,FB D3 7B 43 0C 82 35 42 C3 0A 25 42
1788592860.685399,34680,12,F3 5E 7E 43 54 09 43 42 73 97 0D 42
1788592860.695745,34680,12,20 F8 80 43 70 AA 5F 42 50 C6 17 42
1788592860.706154,34680,12,AE 39 83 43 75 48 7B 42 D2 A5 1C 42
1788592860.717977,34680,12,30 E7 85 43 98 74 87 42 C5 87 24 42
1788592860.728291,34680,12,3B F1 88 43 5C 3A 8F 42 04 18 2B 42
1788592860.738670,34680,12,58 46 8C 43 BD 42 98 42 91 CD 3B 42
1788592860.749329,34680,12,5F D3 8F 43 AE 78 9D 42 87 6B 27 42
1788592860.759693,34680,12,E5 83 93 43 77 0A 9C 42 B7 06 34 42
1788592860.770124,34680,12,B7 42 97 43 48 01 A6 42 3F 17 3B 42
1788592860.780631,34680,12,47 FA 9A 43 36 77 9C 42 78 5A 46 42
1788592860.791003,34680,12,38 95 9E 43 8E 6E 9C 42 9F C6 3F 42
1788592860.801369,34680,12,D2 FE A1 43 A5 EE 96 42 8E 5C 44 42
1788592860.811779,34680,12,74 23 A5 43 DC 57 88 42 5E 0C 40 42
1788592860.822229,34680,12,11 F1 A7 43 9E 4D 78 42 DA 3D 37 42
1788592860.832612,34680,12,84 57 AA 43 8E A0 72 42 1C A7 51 42
1788592860.843068,34680,12,05 49 AC 43 FD 61 51 42 F4 A5 43 42
1788592860.853452,34680,12,66 BA AD 43 2B F4 3E 42 6A 09 50 42
1788592860.863915,34680,12,5C A3 AE 43 AE 50 23 42 A7 D5 62 42
1788592860.874415,34680,12,AD FE AE 43 09 2C 0E 42 B8 67 61 42
1788592860.885060,34680,12,4A CA AE 43 B1 68 F1 41 59 6A 54 42
1788592860.895511,34680,12,60 07 AE 43 1E 7E D3 41 AA 07 6E 42
1788592860.905859,34680,12,52 BA AC 43 1C 0D BD 41 5D 8A 69 42
1788592860.916212,34680,12,98 EA AA 43 CC BE 96 41 4D CA 78 42
1788592860.926733,34680,12,9D A2 A8 43 84 80 A9 41 29 AA 71 42
1788592860.937116,34680,12,80 EF A5 43 C4 4E 8C 41 0F A4 7A 42
1788592860.947652,34680,12,C5 E0 A2 43 8E 63 9E 41 EE DE 80 42
1788592860.958165,34680,12,00 88 9F 43 A7 36 A1 41 CE 5A 7E 42
1788592860.968684,34680,12,70 F8 9B 43 B3 07 FB 41 80 47 7C 42
1788592860.979176,34680,12,89 46 98 43 97 DA 04 42 F1 D2 81 42
1788592860.989719,34680,12,90 87 94 43 45 19 08 42 6E 2B 83 42
1788592861.000187,34680,12,0B D1 90 43 74 75 21 42 10 99 8A 42
1788592861.010748,34680,12,53 38 8D 43 3D 5F 4A 42 77 7D 88 42
1788592861.021251,34680,12,15 D2 89 43 82 48 5C 42 2F EB 8B 42
1788592861.031825,34680,12,DB B1 86 43 B9 04 6F 42 33 3D 94 42
1788592861.042383,34680,12,A1 E9 83 43 37 51 75 42 1C A1 8B 42
1788592861.052981,34680,12,64 89 81 43 AB 4A 8E 42 3E F1 90 42
1788592861.063655,34680,12,9A 3D 7F 43 57 1B 8E 42 C3 DD 94 42
1788592861.074258,34680,12,BF 69 7C 43 9F DD A6 42 72 8B 96 42
1788592861.084750,34680,12,7A A7 7A 43 AE F2 9F 42 5B F1 9B 42
1788592861.095304,34680,12,EA 00 7A 43 F4 79 A2 42 E0 E7 9B 42
1788592861.105829,34680,12,C9 79 7A 43 65 D0 9F 42 30 EB 9B 42
1788592861.116372,34680,12,62 0F 7C 43 64 13 9E 42 13 A0 99 42
1788592861.127686,34680,12,99 B8 7E 43 EC C3 96 42 DA FB 9F 42
1788592861.138318,34680,12,12 33 81 43 DC 48 8F 42 55 DD 9F 42
1788592861.148858,34680,12,6C 81 83 43 51 D3 86 42 DB 7F A5 42
1788592861.159386,34680,12,1A 3A 86 43 85 8A 79 42 BE 51 A2 42
1788592861.170109,34680,12,77 4D 89 43 71 FE 53 42 F6 03 A9 42
1788592861.180639,34680,12,D6 A9 8C 43 A8 B1 26 42 94 6A A7 42
1788592861.191352,34680,12,E0 3B 90 43 8B A4 2C 42 29 4A B8 42
1788592861.201864,34680,12,11 EF 93 43 66 A8 18 42 AF 78 B6 42
1788592861.212341,34680,12,23 AE 97 43 54 20 0B 42 82 BC B6 42
1788592861.222850,34680,12,8C 63 9B 43 84 4C E7 41 3C 4A B8 42
1788592861.233372,34680,12,FC F9 9E 43 09 08 C2 41 0E EF B5 42
1788592861.243847,34680,12,CE 5C A2 43 15 01 9A 41 7B 2C B4 42
1788592861.254393,34680,12,8D 78 A5 43 64 9C 95 41 9E 47 BC 42
1788592861.265174,34680,12,5A 3B A8 43 AE D9 96 41 D8 24 BA 42
1788592861.275714,34680,12,55 95 AA 43 51 24 A3 41 17 FD B6 42
1788592861.286311,34680,12,FC 78 AC 43 0D 64 BE 41 18 57 BB 42
1788592861.296992,34680,12,6E DB AD 43 91 33 DA 41 B3 CC BF 42
1788592861.307704,34680,12,B6 B4 AE 43 0E 45 F3 41 95 0E C3 42
1788592861.318367,34680,12,F6 FF AE 43 F3 6D 08 42 80 87 C4 42
1788592861.329093,34680,12,7A BB AE 43 16 6A 24 42 14 A6 C5 42
1788592861.339673,34680,12,CD E8 AD 43 E4 AD 44 42 7A 68 C7 42
1788592861.350279,34680,12,AB 8C AC 43 10 0D 4B 42 F7 1A CC 42
1788592861.360828,34680,12,E5 AE AA 43 43 AD 73 42 55 71 CE 42
1788592861.371531,34680,12,35 5A A8 43 D1 AE 7E 42 DF 82 D4 42
1788592861.382155,34680,12,03 9C A5 43 77 1F 8F 42 81 A8 CA 42
1788592861.392763,34680,12,10 84 A2 43 04 C6 8A 42 A8 BF DC 42
1788592861.403334,34680,12,2B 24 9F 43 D9 89 97 42 08 12 D0 42
1788592861.413912,34680,12,B8 8F 9B 43 8F 72 9B 42 6B B3 D4 42
1788592861.424466,34680,12,4B DB 97 43 47 B6 9F 42 3A 8A D7 42
1788592861.434996,34680,12,32 1C 94 43 68 DA A5 42 4B F3 DC 42
1788592861.445543,34680,12,F4 67 90 43 5D F2 9A 42 77 9F E1 42
1788592861.456112,34680,12,E1 D3 8C 43 56 D4 9D 42 3D 83 E0 42
1788592861.466692,34680,12,8B 74 89 43 B0 6A 96 42 E9 C5 E3 42
1788592861.477257,34680,12,53 5D 86 43 73 39 88 42 4A 4D E3 42
1788592861.487849,34680,12,00 A0 83 43 81 48 84 42 3D 54 DD 42
1788592861.498376,34680,12,4F 4C 81 43 30 1B 75 42 79 15 E8 42
1788592861.509241,34680,12,4B DF 7E 43 C3 D1 59 42 C9 4E EF 42
1788592861.519773,34680,12,6A 29 7C 43 05 C2 43 42 52 06 EA 42
1788592861.530310,34680,12,90 86 7A 43 90 00 18 42 26 13 E7 42
1788592861.540966,34680,12,27 00 7A 43 EF 10 21 42 E1 B1 EF 42
1788592861.551597,34680,12,33 99 7A 43 27 4B DA 41 AC 33 B2 41
1788592861.562227,34680,12,44 4E 7C 43 27 BB CB 41 2F 68 98 41
1788592861.572754,34680,12,88 15 7F 43 1B D8 CA 41 BE BC AE 41
1788592861.583230,34680,12,84 6F 81 43 0E 48 9B 41 5D 94 BB 41
1788592861.593908,34680,12,7E CA 83 43 6C 5D 99 41 5C 24 D0 41
1788592861.604552,34680,12,2B 8E 86 43 7E 32 A1 41 3D 8B D7 41
1788592861.615208,34680,12,A0 AA 89 43 1C 76 B0 41 29 0F D3 41
1788592861.625803,34680,12,FE 0D 8D 43 0C FF D4 41 C7 34 DD 41
1788592861.636432,34680,12,CA A4 90 43 1F F1 CD 41 AB B3 E4 41
1788592861.647024,34680,12,61 5A 94 43 AA 47 12 42 F3 B7 DE 41
1788592861.657576,34680,12,73 19 98 43 0B BE 1C 42 D6 DC F8 41
1788592861.668238,34680,12,70 CC 9B 43 96 2D 33 42 1B CC F8 41
1788592861.678787,34680,12,17 5E 9F 43 48 DC 4C 42 2B D8 03 42
1788592861.689435,34680,12,E2 B9 A2 43 6F 0D 5E 42 AD 50 03 42
1788592861.699942,34680,12,86 CC A5 43 18 AC 73 42 45 AC ED 41
1788592861.710620,34680,12,51 84 A8 43 A8 CF 80 42 7F D1 14 42
1788592861.721106,34680,12,AA D1 AA 43 D1 AF 96 42 C3 51 10 42
1788592861.732041,34680,12,52 A7 AC 43 22 58 98 42 B9 27 17 42
1788592861.742561,34680,12,BA FA AD 43 E8 90 94 42 05 DF 0B 42
1788592861.753398,34680,12,47 C4 AE 43 90 46 A0 42 B6 08 1D 42
1788592861.763884,34680,12,70 FF AE 43 7F 52 AB 42 7B 79 2F 42
1788592861.774380,34680,12,E1 AA AE 43 EA 77 9F 42 7F 93 11 42
1788592861.784911,34680,12,80 C8 AD 43 50 04 98 42 17 2D 26 42
1788592861.795504,34680,12,64 5D AC 43 47 57 95 42 4F 4E 2A 42
1788592861.806103,34680,12,B2 71 AA 43 C0 ED 89 42 70 6C 32 42
1788592861.818659,34680,12,7A 10 A8 43 76 4B 84 42 1E 1C 34 42
1788592861.829354,34680,12,63 47 A5 43 E0 75 6F 42 C9 D8 38 42
1788592861.839792,34680,12,73 26 A2 43 CD 7D 64 42 1E 86 45 42
1788592861.852160,34680,12,AF BF 9E 43 AF 58 4B 42 15 46 35 42
1788592861.862652,34680,12,99 26 9B 43 7A B4 2D 42 ED D2 41 42
1788592861.873267,34680,12,EB 6F 97 43 8F A6 14 42 D3 61 46 42
1788592861.885076,34680,12,F5 B0 93 43 4C 9A F7 41 ED 4D 5E 42
1788592861.895761,34680,12,44 FF 8F 43 38 2C C9 41 9A EF 47 42
1788592861.906290,34680,12,1D 70 8C 43 86 20 C6 41 D0 B6 52 42
1788592861.916768,34680,12,E9 17 89 43 DE 02 90 41 2F D5 6A 42
1788592861.927275,34680,12,EE 09 86 43 D1 84 93 41 B3 A3 52 42
1788592861.937779,34680,12,B2 57 83 43 1D FF B0 41 57 E3 4D 42
1788592861.948735,34680,12,BA 10 81 43 E4 87 B3 41 24 21 70 42
1788592861.959456,34680,12,43 84 7E 43 AC A8 98 41 36 15 61 42
1788592861.969969,34680,12,8A EC 7B 43 34 73 D6 41 D2 1A 6F 42
1788592861.980531,34680,12,3B 69 7A 43 43 A5 FB 41 E6 48 72 42
1788592861.991034,34680,12,02 03 7A 43 C9 12 13 42 F7 CB 6E 42
1788592862.001635,34680,12,30 BC 7A 43 90 93 26 42 14 81 6F 42
1788592862.012258,34680,12,97 90 7C 43 C7 40 37 42 A4 3A 76 42
1788592862.024442,34680,12,B8 75 7F 43 A7 7A 56 42 A3 EF 86 42
1788592862.034901,34680,12,73 AD 81 43 06 78 75 42 9B 66 86 42
1788592862.045465,34680,12,E4 14 84 43 A3 D0 83 42 4B E3 81 42
1788592862.055934,34680,12,59 E3 86 43 E9 C9 87 42 86 AE 7C 42
1788592862.066346,34680,12,AC 08 8A 43 E2 12 90 42 43 CD 85 42
1788592862.076983,34680,12,CF 72 8D 43 E8 57 97 42 38 A5 89 42
1788592862.087532,34680,12,16 0E 91 43 55 03 9E 42 5B 57 90 42
1788592862.098490,34680,12,D2 C5 94 43 0E F5 9A 42 52 3C 81 42
1788592862.108974,34680,12,9C 84 98 43 FA AA 9C 42 0D C6 8C 42
1788592862.119396,34680,12,E6 34 9C 43 61 E5 A1 42 7C 4C 91 42
1788592862.130072,34680,12,86 C1 9F 43 C9 65 94 42 67 4A 93 42
1788592862.140599,34680,12,0B 16 A3 43 B8 18 90 42 F6 73 94 42
1788592862.151044,34680,12,59 1F A6 43 3D B3 84 42 C5 E1 93 42
1788592862.162261,34680,12,F5 CB A8 43 CA 56 7B 42 2C AF 9B 42
1788592862.172810,34680,12,7C 0C AB 43 ED C0 61 42 0C 53 A0 42
1788592862.183360,34680,12,04 D4 AC 43 52 81 49 42 7F 0B 9D 42
1788592862.193900,34680,12,4A 18 AE 43 92 5E 3A 42 62 98 9D 42
1788592862.204589,34680,12,0C D2 AE 43 42 35 18 42 B8 50 A2 42
1788592862.215258,34680,12,1A FD AE 43 96 67 12 42 46 F6 A3 42
1788592862.225779,34680,12,7E 98 AE 43 99 8D 01 42 78 3A AA 42
1788592862.236325,34680,12,7A A6 AD 43 22 CC C5 41 16 09 A8 42
1788592862.246832,34680,12,7F 2C AC 43 66 08 CA 41 FD 1B AD 42
1788592862.257362,34680,12,06 33 AA 43 DF 82 A2 41 07 01 AF 42
1788592862.269105,34680,12,6B C5 A7 43 D3 A1 C4 41 7D 88 B3 42
1788592862.280112,34680,12,AA F1 A4 43 27 00 B5 41 37 38 AC 42
1788592862.290610,34680,12,F8 C7 A1 43 9D E0 BF 41 85 6A B0 42
1788592862.301512,34680,12,91 5A 9E 43 54 0B D0 41 C3 59 B5 42
1788592862.312140,34680,12,1D BD 9A 43 90 4A BE 41 59 45 B4 42
1788592862.322611,34680,12,6B 04 97 43 6C AC 08 42 20 38 BB 42
1788592862.333284,34680,12,E5 45 93 43 34 E9 17 42 BF 8D C0 42
1788592862.343751,34680,12,07 97 8F 43 95 81 34 42 03 D5 BA 42
1788592862.354204,34680,12,09 0D 8C 43 E5 3C 5A 42 4E BC B8 42
1788592862.364661,34680,12,39 BC 88 43 46 6D 59 42 11 5B BA 42
1788592862.375180,34680,12,AB B7 85 43 31 A6 6E 42 71 54 C6 42
1788592862.385790,34680,12,BF 10 83 43 0A E5 86 42 4A D9 C8 42
1788592862.396293,34680,12,AB D6 80 43 00 01 90 42 13 29 CE 42
1788592862.410994,34680,12,86 2C 7E 43 26 AF 96 42 9E 4D CA 42
1788592862.421472,34680,12,28 B3 7B 43 29 80 9D 42 09 07 CC 42
1788592862.431928,34680,12,7B 4F 7A 43 75 F1 9E 42 64 97 C8 42
1788592862.444433,34680,12,7C 09 7A 43 61 A5 A5 42 71 43 CD 42
1788592862.454870,34680,12,BD E2 7A 43 73 F9 9A 42 AE 2A CF 42
1788592862.465338,34680,12,59 D6 7C 43 7B DB 9C 42 CD D0 D9 42
1788592862.475742,34680,12,1F D9 7F 43 0A EE 8E 42 66 88 D7 42
1788592862.486947,34680,12,DE EC 81 43 C8 79 84 42 5C 8B DB 42
1788592862.497572,34680,12,93 60 84 43 A4 56 84 42 EF C2 D7 42
1788592862.508073,34680,12,9E 39 87 43 E8 7F 75 42 9C BC D4 42
1788592862.518864,34680,12,95 67 8A 43 B7 D9 5B 42 3E 28 DD 42
1788592862.529446,34680,12,3B D8 8D 43 9B 62 43 42 F1 E3 DF 42
1788592862.540140,34680,12,C5 77 91 43 24 0A 1F 42 42 52 DA 42
1788592862.550911,34680,12,57 31 95 43 B9 F9 0A 42 5C 47 E5 42
1788592862.561493,34680,12,93 EF 98 43 B9 06 FE 41 54 00 E2 42
1788592862.572054,34680,12,E8 9C 9C 43 3B E1 BF 41 8C 79 E0 42
1788592862.582643,34680,12,3F 24 A0 43 87 73 BF 41 00 A7 EA 42
1788592862.593187,34680,12,46 71 A3 43 63 0E B8 41 B9 53 EB 42
1788592862.603752,34680,12,00 71 A6 43 C8 3A B8 41 D9 48 ED 42
1788592862.614241,34680,12,39 12 A9 43 D3 1F 95 41 27 20 F3 42
1788592862.624727,34680,12,C8 45 AB 43 AE E1 AC 41 C1 CD 9D 41
1788592862.635229,34680,12,0E FF AC 43 42 3F C6 41 04 07 B3 41
1788592862.646071,34680,12,1E 34 AE 43 DA 5F E6 41 14 72 A9 41
1788592862.658279,34680,12,05 DE AE 43 ED E4 FA 41 24 D0 A7 41
1788592862.668977,34680,12,F6 F8 AE 43 CF 2B 13 42 9D 0B BD 41
1788592862.679497,34680,12,54 84 AE 43 D8 24 24 42 09 A7 C1 41
1788592862.690301,34680,12,BE 82 AD 43 02 DF 4A 42 0C 7E E7 41
1788592862.701048,34680,12,FC F9 AB 43 27 9E 5A 42 34 C5 F1 41
1788592862.711593,34680,12,E4 F2 A9 43 08 46 6E 42 E7 66 F7 41
1788592862.722120,34680,12,18 79 A7 43 E8 49 82 42 EA F0 EE 41
1788592862.732761,34680,12,DC 9A A4 43 5E 6A 89 42 E1 87 C7 41
1788592862.743326,34680,12,A3 68 A1 43 28 14 91 42 F8 CA E1 41
1788592862.754779,34680,12,D3 F4 9D 43 60 42 A2 42 C4 B8 FB 41
1788592862.765315,34680,12,4A 53 9A 43 AF E8 A3 42 6B 85 0C 42
1788592862.775845,34680,12,DE 98 96 43 91 57 A3 42 6B 07 0E 42
1788592862.786320,34680,12,08 DB 92 43 83 66 9A 42 01 8C 0D 42
1788592862.796789,34680,12,41 2F 8F 43 00 09 97 42 77 AF 15 42
1788592862.807198,34680,12,A8 AA 8B 43 6D 73 9A 42 4C C2 0A 42
1788592862.817579,34680,12,7E 61 88 43 52 A4 8D 42 D5 AE 14 42
1788592862.828438,34680,12,9B 66 85 43 78 19 86 42 DA 61 1A 42
1788592862.839208,34680,12,2C CB 82 43 BE 2D 6E 42 B9 A4 25 42
1788592862.849681,34680,12,24 9E 80 43 E9 47 5F 42 79 89 26 42
1788592862.860200,34680,12,16 D8 7D 43 B9 60 52 42 52 FC 26 42
1788592862.870628,34680,12,44 7D 7B 43 F9 8D 2C 42 C0 AA 32 42
1788592862.881174,34680,12,55 39 7A 43 E1 90 2D 42 0A F8 23 42
1788592862.894571,34680,12,94 13 7A 43 9F BB 07 42 FA 0A 2A 42
1788592862.906348,34680,12,D8 0C 7B 43 5C A8 E4 41 C8 1C 32 42
1788592862.916777,34680,12,89 1F 7D 43 CE 0E BA 41 79 1C 40 42
1788592862.929528,34680,12,DC 1F 80 43 32 BC 91 41 77 B9 43 42
1788592862.939955,34680,12,BA 2D 82 43 08 75 A8 41 26 2C 3E 42
1788592862.951633,34680,12,8E AD 84 43 CC 2D A0 41 90 3E 46 42
1788592862.963090,34680,12,F4 90 87 43 25 A4 B0 41 7B 06 5A 42
1788592862.973536,34680,12,5A C7 8A 43 BE 8A B0 41 42 21 54 42
1788592862.983977,34680,12,3E 3E 8E 43 E6 77 C5 41 4A 1C 4B 42
1788592862.994560,34680,12,C1 E1 91 43 27 AD 01 42 62 C3 4D 42
1788592863.004965,34680,12,F1 9C 95 43 49 87 FB 41 D6 15 62 42
1788592863.015357,34680,12,54 5A 99 43 5E 93 29 42 5A 1E 63 42
1788592863.026927,34680,12,77 04 9D 43 B0 30 2D 42 22 44 68 42
1788592863.037312,34680,12,3B 86 A0 43 9D 00 61 42 76 A4 63 42
1788592863.048106,34680,12,84 CB A3 43 10 3F 6C 42 36 5E 76 42
1788592863.058562,34680,12,7C C1 A6 43 22 FE 74 42 EC 9C 73 42
1788592863.072591,34680,12,1B 57 A9 43 C6 12 87 42 71 E8 78 42
1788592863.083089,34680,12,8D 7D AB 43 EB EF 8E 42 82 51 74 42
1788592863.093534,34680,12,6F 28 AD 43 4A 14 98 42 2A 3F 78 42
1788592863.103939,34680,12,2F 4E AE 43 F1 45 9E 42 48 2F 85 42
1788592863.114470,34680,12,32 E8 AE 43 7B 1F A0 42 56 56 7A 42
1788592863.124912,34680,12,03 F3 AE 43 25 66 9A 42 0C 78 85 42
1788592863.135316,34680,12,63 6E AE 43 9F DE A1 42 35 49 7B 42
1788592863.145809,34680,12,4E 5D AD 43 DE B7 A2 42 37 3E 8A 42
1788592863.156213,34680,12,E4 C5 AB 43 7D E9 92 42 69 18 88 42
1788592863.166739,34680,12,4C B1 A9 43 13 95 8B 42 F6 D9 89 42
1788592863.177447,34680,12,81 2B A7 43 F0 75 77 42 7B 21 8A 42
1788592863.187940,34680,12,FA 42 A4 43 9B A6 6A 42 3E 54 8B 42
1788592863.198526,34680,12,7A 08 A1 43 BB 92 4F 42 3A FE 94 42
1788592863.210871,34680,12,87 8E 9D 43 44 54 40 42 62 FC 91 42
1788592863.221587,34680,12,21 E9 99 43 64 0C 24 42 FC C3 9A 42
1788592863.232197,34680,12,45 2D 96 43 13 AA 0D 42 80 4B 9B 42
1788592863.242677,34680,12,5F 70 92 43 18 4F FC 41 85 7A 9A 42
1788592863.253172,34680,12,F9 C7 8E 43 09 E0 C2 41 5B 52 9D 42
1788592863.263675,34680,12,0D 49 8B 43 21 05 AA 41 5B AD A7 42
1788592863.274188,34680,12,BB 07 88 43 B8 9A 89 41 2C E2 A4 42
1788592863.284677,34680,12,BF 16 85 43 84 14 B6 41 99 AF A9 42
1788592863.295192,34680,12,F8 86 82 43 76 56 B3 41 DB E2 A8 42
1788592863.305800,34680,12,28 67 80 43 0C 5A A5 41 AC 8A A7 42
1788592863.316544,34680,12,01 87 7D 43 34 65 A9 41 E4 2C A7 42
1788592863.327144,34680,12,E0 4A 7B 43 9E 05 EE 41 1E D6 AB 42
1788592863.337648,34680,12,CA 26 7A 43 42 8D 04 42 42 F4 AC 42
1788592863.348193,34680,12,49 21 7A 43 98 4C 13 42 A9 5D AE 42
1788592863.358813,34680,12,7D 3A 7B 43 1E A5 24 42 41 7E AC 42
1788592863.369286,34680,12,1A 6C 7D 43 FF 36 3C 42 39 C0 AD 42
1788592863.379730,34680,12,C0 54 80 43 7E C9 5A 42 E9 79 B1 42
1788592863.390244,34680,12,05 70 82 43 B8 78 72 42 B3 A7 BA 42
1788592863.405430,34680,12,C5 FB 84 43 70 0C 81 42 DE E7 B9 42
1788592863.415941,34680,12,55 E9 87 43 9A B2 89 42 08 AB BB 42
1788592863.426476,34680,12,EA 27 8B 43 53 7F 97 42 4C D9 C2 42
1788592863.437253,34680,12,D7 A4 8E 43 9A 7B 9A 42 C7 A6 BB 42
1788592863.447867,34680,12,09 4C 92 43 FA 9A 9D 42 ED C7 C4 42
1788592863.458490,34680,12,8C 08 96 43 2F FA A1 42 4C FE BA 42
1788592863.468905,34680,12,D7 C4 99 43 3C 26 9A 42 FC D6 C3 42
1788592863.479434,34680,12,7D 6B 9D 43 89 A4 A3 42 84 B0 CA 42
1788592863.517236,34680,12,7A E7 A0 43 33 9B 93 42 1B 63 D2 42
1788592863.533977,34680,12,C1 24 A4 43 6D B4 8F 42 A9 3D CD 42
1788592863.544892,34680,12,BD 10 A7 43 F9 D8 86 42 B1 EE BE 42
1788592863.555492,34680,12,97 9A A9 43 21 A0 66 42 9E F0 CB 42
1788592863.566215,34680,12,C1 B3 AB 43 6E 68 64 42 C2 CC D1 42
1788592863.576770,34680,12,25 50 AD 43 0A A3 43 42 66 19 DA 42
1788592863.587328,34680,12,7E 66 AE 43 A6 5B 35 42 3B EF CF 42
1788592863.597798,34680,12,91 F0 AE 43 F9 01 06 42 A0 7B D6 42
1788592863.608290,34680,12,42 EB AE 43 80 79 00 42 7D FA D7 42
1788592863.618891,34680,12,AE 56 AE 43 3E 82 C1 41 3C CC D5 42
1788592863.629440,34680,12,2C 36 AD 43 2D 18 B5 41 D5 41 DF 42
1788592863.639963,34680,12,3A 90 AB 43 B4 01 92 41 2C 72 DF 42
1788592863.650674,34680,12,4C 6E A9 43 BB 1F 97 41 64 45 E1 42
1788592863.661186,34680,12,AC DC A6 43 2E 03 83 41 36 74 E3 42
1788592863.671665,34680,12,15 EA A3 43 08 3B 94 41 BB 40 EA 42
1788592863.682154,34680,12,80 A7 A0 43 7A B2 B4 41 20 17 EA 42
1788592863.692678,34680,12,AF 27 9D 43 16 05 C1 41 53 5B E6 42
1788592863.703185,34680,12,B5 7E 99 43 F8 F0 E6 41 A0 AC EB 42
1788592863.713745,34680,12,AA C1 95 43 DC F2 04 42 95 3F E7 42
1788592863.724282,34680,12,FF 05 92 43 77 DF 21 42 4E 9C F1 42
1788592863.734964,34680,12,30 61 8E 43 9C 58 43 42 42 C1 B7 41
1788592863.745483,34680,12,38 E8 8A 43 51 9B 4C 42 07 A7 AB 41
1788592863.756285,34680,12,00 AF 87 43 75 0A 73 42 79 AF CC 41
1788592863.767067,34680,12,1C C8 84 43 7E 65 71 42 8A AE B2 41
1788592863.777619,34680,12,31 44 82 43 2F DF 89 42 24 E2 C2 41
1788592863.788264,34680,12,BA 31 80 43 9C AE 8F 42 DB 49 DB 41
1788592863.798757,34680,12,49 39 7D 43 10 AD 9B 42 35 8E BB 41
1788592863.809254,34680,12,06 1C 7B 43 FF B2 9A 42 D0 51 CA 41
1788592863.819775,34680,12,DA 17 7A 43 D5 52 9D 42 2B 73 DE 41
1788592863.833650,34680,12,99 32 7A 43 D6 2E A3 42 E0 E8 D2 41
1788592863.850045,34680,12,AD 6B 7B 43 68 AE 9C 42 3C A5 E6 41
1788592863.860530,34680,12,09 BC 7D 43 CC C4 98 42 BA C5 02 42
1788592863.871015,34680,12,33 8B 80 43 FE 63 92 42 50 D8 F4 41
1788592863.881523,34680,12,BA B3 82 43 05 0F 86 42 63 15 0A 42
1788592863.892010,34680,12,37 4B 85 43 C5 57 81 42 EB C7 04 42
1788592863.902529,34680,12,C1 42 88 43 2F BA 63 42 D7 D0 0C 42
1788592863.913041,34680,12,43 89 8B 43 78 3A 51 42 F0 A3 28 42
1788592863.923638,34680,12,F3 0B 8F 43 20 47 31 42 79 7E 0E 42
1788592863.934301,34680,12,97 B6 92 43 48 B1 1A 42 92 49 24 42
1788592863.944770,34680,12,26 74 96 43 8D A7 0E 42 80 70 11 42
1788592863.955624,34680,12,1A 2F 9A 43 F0 03 05 42 24 CE 1C 42
1788592863.966051,34680,12,F9 D1 9D 43 D9 17 AA 41 56 5E 1D 42
1788592863.976685,34680,12,E9 47 A1 43 60 3F 98 41 D9 3B 18 42
1788592863.987262,34680,12,F8 7C A4 43 C1 8A A6 41 3C A2 2A 42
1788592863.998256,34680,12,C1 5E A7 43 82 90 A1 41 B3 94 2E 42
1788592864.009016,34680,12,AC DC A9 43 F4 21 A7 41 AF D8 31 42
1788592864.019590,34680,12,62 E8 AB 43 2C B9 92 41 07 B0 40 42
1788592864.030210,34680,12,28 76 AD 43 FA 2F B6 41 73 4E 3B 42
1788592864.040766,34680,12,0B 7D AE 43 25 14 DC 41 7C EF 38 42
1788592864.051294,34680,12,22 F7 AE 43 79 76 03 42 DD EF 3C 42
1788592864.062003,34680,12,B2 E1 AE 43 D6 81 1A 42 DE 6D 51 42
1788592864.072486,34680,12,36 3D AE 43 4A BB 34 42 29 E3 42 42
1788592864.082981,34680,12,5E 0D AD 43 E9 6D 54 42 23 C8 55 42
1788592864.093519,34680,12,FC 58 AB 43 28 28 6B 42 81 B0 51 42
1788592864.104714,34680,12,DF 29 A9 43 CA 34 82 42 F1 6C 58 42
1788592864.120574,34680,12,9E 8C A6 43 F3 7F 86 42 6B 04 5A 42
1788592864.131303,34680,12,2F 90 A3 43 37 B9 93 42 B7 AD 5B 42
1788592864.142002,34680,12,C5 45 A0 43 A9 98 8E 42 74 31 69 42
1788592864.152641,34680,12,4C C0 9C 43 1B F6 98 42 97 80 5C 42
1788592864.163207,34680,12,02 14 99 43 15 10 A1 42 99 4C 70 42
1788592864.173794,34680,12,13 56 95 43 7B DF 98 42 61 FE 6B 42
1788592864.184317,34680,12,E7 9B 91 43 C2 DB 9A 42 B7 64 75 42
1788592864.194956,34680,12,FB FA 8D 43 4D 60 9C 42 59 E7 72 42
1788592864.205510,34680,12,2A 88 8A 43 7D B3 95 42 8B 20 82 42
1788592864.216016,34680,12,49 57 87 43 E8 43 8D 42 0B 31 82 42
1788592864.226496,34680,12,B7 7A 84 43 D1 D9 86 42 B0 98 7E 42
1788592864.237077,34680,12,D7 02 82 43 23 8F 73 42 47 16 82 42
1788592864.249842,34680,12,C7 FB 7F 43 67 84 50 42 71 6D 8B 42
1788592864.260642,34680,12,F0 EE 7C 43 39 F8 41 42 D8 E2 8A 42
1788592864.271265,34680,12,B3 F0 7A 43 C2 79 29 42 49 6B 90 42
1788592864.281828,34680,12,86 0C 7A 43 3C AF FF 41 C6 F0 8B 42
1788592864.292293,34680,12,84 47 7A 43 2C 4A 08 42 2A 7E 8B 42
1788592864.302775,34680,12,5F A0 7B 43 22 C4 C6 41 D8 68 8B 42
1788592864.313392,34680,12,57 0F 7E 43 55 32 C7 41 77 75 93 42
1788592864.324086,34680,12,37 C3 80 43 37 93 CD 41 6D 4B 8F 42
1788592864.334596,34680,12,D5 F8 82 43 E2 9B AA 41 81 34 95 42
1788592864.345269,34680,12,DF 9B 85 43 1E 24 B4 41 9D EF 93 42
1788592864.355846,34680,12,26 9D 88 43 D0 70 AA 41 99 D2 99 42
1788592864.366606,34680,12,63 EB 8B 43 34 FE B6 41 B1 4D 93 42
1788592864.377433,34680,12,95 73 8F 43 70 F8 C2 41 52 38 A7 42
1788592864.390466,34680,12,61 21 93 43 0B FB EC 41 0F E2 9D 42
1788592864.401395,34680,12,B8 DF 96 43 F4 82 20 42 03 6B A2 42
1788592864.411941,34680,12,09 99 9A 43 29 A2 36 42 82 D4 A4 42
1788592864.422432,34680,12,EB 37 9E 43 EF 8A 4A 42 9C E6 A6 42
1788592864.433045,34680,12,8D A7 A1 43 B6 7B 5A 42 D0 AA A9 42
1788592864.443642,34680,12,23 D4 A4 43 97 CE 77 42 69 CD AA 42
1788592864.454567,34680,12,84 AB A7 43 01 44 8A 42 FE 3B AD 42
1788592864.464993,34680,12,4D 1D AA 43 3C 04 8A 42 A7 EE AE 42
1788592864.475533,34680,12,71 1B AC 43 17 2E 93 42 B3 12 AF 42
1788592864.486106,34680,12,7B 9A AD 43 26 F5 93 42 29 05 AF 42
1788592864.496583,34680,12,CF 91 AE 43 D3 BB 9D 42 AD 11 B5 42
1788592864.507140,34680,12,E4 FB AE 43 66 19 9C 42 51 39 BD 42
1788592864.517600,34680,12,56 D6 AE 43 AB 69 96 42 37 A4 BA 42
1788592864.528044,34680,12,FB 21 AE 43 E5 09 9A 42 D2 1D BD 42
1788592864.538517,34680,12,E2 E2 AC 43 D5 8B 99 42 DE A7 C0 42
1788592864.549209,34680,12,3A 20 AB 43 2F 9D 93 42 EB 2D C7 42
1788592864.559786,34680,12,17 E4 A8 43 FC B9 84 42 7B 6E C2 42
1788592864.570323,34680,12,59 3B A6 43 B8 00 82 42 76 8B BE 42
1788592864.580801,34680,12,48 35 A3 43 9B 21 62 42 87 5E C7 42
1788592864.591301,34680,12,46 E3 9F 43 EB 48 55 42 CF A4 C6 42
1788592864.602044,34680,12,78 58 9C 43 1E 27 2C 42 5B 13 CB 42
1788592864.612568,34680,12,23 A9 98 43 31 3A 1D 42 B2 86 D1 42
1788592864.623096,34680,12,82 EA 94 43 9A 6B 11 42 79 19 CE 42
1788592864.633918,34680,12,1C 32 91 43 AA F6 D8 41 25 71 CA 42
1788592864.644554,34680,12,55 95 8D 43 C6 53 CB 41 E9 3D D0 42
1788592864.655620,34680,12,FD 28 8A 43 EA 08 A0 41 5A 30 D0 42
1788592864.666080,34680,12,AB 00 87 43 A8 90 AE 41 B7 50 CF 42
1788592864.676526,34680,12,93 2E 84 43 77 DA B1 41 05 3E D7 42
1788592864.687039,34680,12,EC C2 81 43 74 FD B3 41 DA 21 D2 42
1788592864.697534,34680,12,43 97 7F 43 2F F2 B2 41 D8 F4 D9 42
1788592864.708135,34680,12,07 A8 7C 43 BA F4 C2 41 0F 82 D9 42
1788592864.718707,34680,12,F2 C8 7A 43 45 FF DF 41 98 22 DB 42
1788592864.729357,34680,12,D0 04 7A 43 C5 74 05 42 1E 93 E8 42
1788592864.739886,34680,12,0A 60 7A 43 99 A1 20 42 33 D3 E3 42
1788592864.750649,34680,12,94 D8 7B 43 47 BD 2C 42 11 3E E6 42
1788592864.761130,34680,12,EE 65 7E 43 1B E6 3F 42 B5 7A E8 42
1788592864.771636,34680,12,BE FC 80 43 88 CF 62 42 1A F2 E9 42
1788592864.782124,34680,12,54 3F 83 43 10 3C 7C 42 AD 5C ED 42
1788592864.792630,34680,12,BB ED 85 43 91 F8 86 42 41 9F EE 42
1788592864.803180,34680,12,88 F8 88 43 31 16 93 42 0C 62 EC 42
1788592864.813684,34680,12,33 4E 8C 43 FB E6 99 42 F9 FA A2 41
1788592864.824124,34680,12,A4 DB 8F 43 18 E8 99 42 26 02 BA 41
1788592864.834638,34680,12,66 8C 93 43 A8 F1 A3 42 93 02 B4 41
1788592864.845168,34680,12,40 4B 97 43 8A 45 9F 42 4D 8C B8 41
1788592864.855632,34680,12,A9 02 9B 43 93 45 A3 42 69 38 C4 41
1788592864.866137,34680,12,39 9D 9E 43 81 FF 99 42 4A 07 B6 41
1788592864.876635,34680,12,4E 06 A2 43 AC BD 99 42 6D A4 CC 41
1788592864.887109,34680,12,41 2A A5 43 B8 47 86 42 2B 78 D3 41
1788592864.898089,34680,12,03 F7 A7 43 16 8B 82 42 AE E4 C6 41
1788592864.908696,34680,12,7D 5C AA 43 8D 9E 69 42 8D 72 E9 41
1788592864.919264,34680,12,E0 4C AC 43 B1 8E 49 42 6F 5F DC 41
1788592864.929790,34680,12,14 BD AD 43 D4 0E 3D 42 AE 8A 0D 42
1788592864.941699,34680,12,CE A4 AE 43 65 CE 22 42 94 FB F3 41
1788592864.952246,34680,12,D8 FE AE 43 D6 00 04 42 78 DB 09 42
1788592864.962726,34680,12,2D C9 AE 43 A2 E3 E7 41 4D C0 02 42
1788592864.973367,34680,12,05 05 AE 43 98 25 E0 41 6D CC 17 42
1788592864.983871,34680,12,C2 B6 AC 43 F6 51 BC 41 4E 1B 08 42
1788592864.994368,34680,12,E9 E5 AA 43 FD EB 9C 41 87 F2 0E 42
1788592865.004886,34680,12,E9 9C A8 43 2D E1 9C 41 E7 AD 0E 42
1788592865.015750,34680,12,E7 E8 A5 43 56 57 71 41 38 C7 22 42
1788592865.026414,34680,12,76 D9 A2 43 89 B1 AC 41 70 BF 29 42
1788592865.037350,34680,12,1C 80 9F 43 E2 15 A4 41 D5 5B 22 42
1788592865.048023,34680,12,23 F0 9B 43 62 83 F4 41 5A 09 26 42
1788592865.058724,34680,12,06 3E 98 43 04 2F 0E 42 66 81 2A 42
1788592865.069303,34680,12,05 7F 94 43 8C 49 13 42 DE D6 29 42
1788592865.080090,34680,12,B5 C8 90 43 43 84 1E 42 BC 7C 2E 42
1788592865.090643,34680,12,56 30 8D 43 2C 6E 49 42 D9 7E 33 42
1788592865.101125,34680,12,9F CA 89 43 3A 9D 5A 42 E8 93 40 42
1788592865.111867,34680,12,1A AB 86 43 6A A4 6F 42 B5 AC 40 42
1788592865.122349,34680,12,BA E3 83 43 F1 31 7C 42 A8 6A 40 42
1788592865.132937,34680,12,80 84 81 43 86 BC 89 42 81 DC 55 42
1788592865.143425,34680,12,01 36 7F 43 E5 62 98 42 E9 FB 49 42
1788592865.153950,34680,12,83 64 7C 43 44 F2 9A 42 B3 78 4D 42
1788592865.164443,34680,12,BC A4 7A 43 96 07 99 42 4C 32 57 42
1788592865.174974,34680,12,B8 00 7A 43 11 BC A1 42 F0 8C 4F 42
1788592865.185459,34680,12,25 7C 7A 43 5E 28 9C 42 7A 0B 5E 42
1788592865.196036,34680,12,3E 14 7C 43 EB 3F 98 42 76 9F 65 42
1788592865.206490,34680,12,DC BF 7E 43 66 EF 93 42 A7 35 5F 42
1788592865.219961,34680,12,D1 37 81 43 F6 4C 8F 42 E6 AE 5E 42
1788592865.230510,34680,12,2F 87 83 43 4D A1 89 42 DF 21 65 42
1788592865.240969,34680,12,B8 40 86 43 07 37 68 42 B1 1B 71 42
1788592865.251366,34680,12,D1 54 89 43 B6 17 66 42 42 2F 82 42
1788592865.261821,34680,12,C1 B1 8C 43 DC 48 41 42 3F E6 7A 42
1788592865.272395,34680,12,32 44 90 43 F1 E3 28 42 AE 68 78 42
1788592865.283258,34680,12,99 F7 93 43 21 60 19 42 D9 87 84 42
1788592865.294026,34680,12,A3 B6 97 43 DE 52 12 42 98 17 83 42
1788592865.304528,34680,12,E1 6B 9B 43 1A 50 DD 41 61 AA 85 42
1788592865.315041,34680,12,F2 01 9F 43 B0 02 C6 41 04 64 87 42
1788592865.325550,34680,12,3B 64 A2 43 BF 42 A1 41 29 7E 88 42
1788592865.336389,34680,12,45 7F A5 43 D0 42 84 41 DA CC 87 42
1788592865.346860,34680,12,2D 41 A8 43 9E 7A 9F 41 06 7D 89 42
1788592865.357461,34680,12,2C 9A AA 43 FD 7F B6 41 4F C6 8F 42
1788592865.368060,34680,12,B8 7C AC 43 3D B1 9D 41 3E F4 8C 42
1788592865.378531,34680,12,FA DD AD 43 F2 8B B0 41 65 F8 93 42
1788592865.388940,34680,12,04 B6 AE 43 1A 15 F5 41 18 DF 91 42
1788592865.399491,34680,12,FC FF AE 43 5E 35 FC 41 60 F6 99 42
1788592865.410016,34680,12,3A BA AE 43 03 0E 24 42 EB A9 92 42
1788592865.420445,34680,12,4E E6 AD 43 43 80 2F 42 85 50 9D 42
1788592865.432000,34680,12,F9 88 AC 43 BC 77 54 42 7F 1E 98 42
1788592865.442575,34680,12,15 AA AA 43 4A 44 59 42 D0 C8 9C 42
1788592865.453822,34680,12,6B 54 A8 43 38 58 7F 42 B3 AF 9D 42
1788592865.464437,34680,12,58 95 A5 43 FB F2 8A 42 26 EA 9D 42
1788592865.475216,34680,12,AC 7C A2 43 D1 53 93 42 64 B8 A1 42
1788592865.490526,34680,12,36 1C 9F 43 85 C9 94 42 F1 2F A1 42
1788592865.501063,34680,12,5F 87 9B 43 96 6E 98 42 87 CF A4 42
1788592865.511582,34680,12,CC D2 97 43 CE 3D A2 42 E1 A1 A8 42
1788592865.522097,34680,12,B0 13 94 43 08 67 A5 42 E7 4F AF 42
1788592865.532533,34680,12,A3 5F 90 43 4D B6 A6 42 11 E1 AB 42
1788592865.543106,34680,12,EF CB 8C 43 FC 98 91 42 1C DB B2 42
1788592865.553599,34680,12,24 6D 89 43 2D 75 96 42 3D F9 AF 42
1788592865.564049,34680,12,AE 56 86 43 84 BA 8C 42 63 C1 B3 42
1788592865.574507,34680,12,38 9A 83 43 87 4E 7F 42 AB 78 B3 42
1788592865.585422,34680,12,88 47 81 43 C9 56 69 42 70 5E AF 42
1788592865.595878,34680,12,F2 D7 7E 43 27 EF 41 42 1A 46 B8 42
1788592865.608012,34680,12,72 24 7C 43 2F 57 33 42 84 B4 B6 42
1788592865.618593,34680,12,1C 84 7A 43 D4 7C 1F 42 7C 89 BE 42
1788592865.629071,34680,12,3F 00 7A 43 36 06 1B 42 99 A7 C2 42
1788592865.639537,34680,12,D8 9B 7A 43 CC F4 F3 41 38 7B C0 42
1788592865.650057,34680,12,68 53 7C 43 9D 11 B8 41 AF 83 C4 42
1788592865.662040,34680,12,10 1D 7F 43 D8 73 AF 41 CA 7D C5 42
1788592865.672520,34680,12,5E 74 81 43 87 FA 9E 41 46 17 C1 42
1788592865.683101,34680,12,58 D0 83 43 92 D3 A2 41 FC 0F D0 42
1788592865.693584,34680,12,E1 94 86 43 25 87 9B 41 0B A1 D3 42
1788592865.704132,34680,12,10 B2 89 43 17 D3 9B 41 33 39 D0 42
1788592865.714567,34680,12,FD 15 8D 43 24 86 BC 41 AE 64 D4 42
1788592865.725087,34680,12,1D AD 90 43 75 13 E7 41 31 4B D9 42
1788592865.735619,34680,12,E5 62 94 43 AF B1 04 42 EE 56 D9 42
1788592865.746108,34680,12,F4 21 98 43 93 D0 12 42 DF 00 DC 42
1788592865.756591,34680,12,C0 D4 9B 43 A2 0A 29 42 1A 21 D7 42
1788592865.767133,34680,12,05 66 9F 43 8F 2A 4B 42 2E 83 DA 42
1788592865.777770,34680,12,37 C1 A2 43 60 06 5B 42 98 E8 D4 42
1788592865.788281,34680,12,20 D3 A5 43 67 64 72 42 21 09 DD 42
1788592865.798751,34680,12,0E 8A A8 43 E1 75 84 42 E2 7F E0 42
1788592865.811595,34680,12,64 D6 AA 43 3A D7 8E 42 C0 00 E5 42
1788592865.822189,34680,12,EE AA AC 43 E3 F3 94 42 67 F6 DA 42
1788592865.832659,34680,12,22 FD AD 43 B0 AF 97 42 8F 79 EA 42
1788592865.844112,34680,12,6F C5 AE 43 A6 97 9D 42 87 AC E9 42
1788592865.855292,34680,12,51 FF AE 43 AA A0 99 42 12 52 ED 42
1788592865.865795,34680,12,7C A9 AE 43 71 55 9F 42 AA 42 EC 42
1788592865.876373,34680,12,DC C5 AD 43 F1 2D 9C 42 EB DB ED 42
1788592865.886870,34680,12,94 59 AC 43 E6 BD 96 42 D1 B0 9D 41
1788592865.897446,34680,12,C9 6C AA 43 98 BA 86 42 03 DD B7 41
1788592865.908089,34680,12,90 0A A8 43 F4 6F 89 42 02 70 9D 41
1788592865.918790,34680,12,9E 40 A5 43 68 4B 69 42 84 00 A6 41
1788592865.929320,34680,12,FB 1E A2 43 28 3D 58 42 7E B1 BB 41
1788592865.940010,34680,12,B3 B7 9E 43 A8 4A 43 42 50 1B CF 41
1788592865.950648,34680,12,42 1E 9B 43 25 0C 31 42 EF C6 DB 41
1788592865.961556,34680,12,63 67 97 43 BA 31 16 42 4A 5C C2 41
1788592865.972084,34680,12,73 A8 93 43 16 82 08 42 58 38 F7 41
1788592865.982671,34680,12,F9 F6 8F 43 89 81 CF 41 79 72 CB 41
1788592865.993252,34680,12,3E 68 8C 43 C9 57 C7 41 D1 C1 D4 41
1788592866.003834,34680,12,9D 10 89 43 A5 7A B7 41 1A BD F3 41
1788592866.014359,34680,12,5B 03 86 43 1B 0F A6 41 7B D6 0A 42
1788592866.025091,34680,12,03 52 83 43 6C 39 98 41 68 59 06 42
1788592866.035536,34680,12,10 0C 81 43 76 B9 A4 41 06 CA 19 42
1788592866.046006,34680,12,32 7D 7E 43 81 BA DB 41 98 F2 11 42
1788592866.056789,34680,12,DF E7 7B 43 67 35 D2 41 E1 27 0F 42
1788592866.067348,34680,12,0E 67 7A 43 75 44 F8 41 F7 01 04 42
1788592866.077892,34680,12,64 03 7A 43 08 6D 09 42 15 B7 15 42
1788592866.088428,34680,12,1E BF 7A 43 2B 4E 1E 42 65 32 15 42
1788592866.098997,34680,12,FD 95 7C 43 4F 43 34 42 C7 3A 25 42
1788592866.109600,34680,12,79 7D 7F 43 74 0C 46 42 08 CC 19 42
1788592866.126489,34680,12,6E B2 81 43 E2 C4 6C 42 E0 60 2F 42
1788592866.137062,34680,12,DA 1A 84 43 27 D3 7C 42 70 E4 29 42
1788592866.147630,34680,12,29 EA 86 43 4D 2C 90 42 C1 27 2E 42
1788592866.158259,34680,12,28 10 8A 43 E5 46 94 42 D1 47 2C 42
1788592866.169451,34680,12,D1 7A 8D 43 44 39 91 42 C5 A3 30 42
1788592866.180127,34680,12,77 16 91 43 9B EF 9C 42 39 BF 3C 42
1788592866.190672,34680,12,5B CE 94 43 92 24 A0 42 9C 9F 34 42
1788592866.201324,34680,12,1C 8D 98 43 93 93 9C 42 99 40 43 42
1788592866.229943,34680,12,26 3D 9C 43 48 C8 9B 42 06 47 42 42
1788592866.250054,34680,12,5E C9 9F 43 50 F6 92 42 71 E4 46 42
1788592866.261626,34680,12,52 1D A3 43 19 F6 8C 42 10 00 5C 42
1788592866.272866,34680,12,E0 25 A6 43 12 77 8D 42 8D 74 5A 42
1788592866.283569,34680,12,96 D1 A8 43 22 25 72 42 D4 59 4E 42
1788592866.294553,34680,12,14 11 AB 43 EE FD 66 42 7D 8D 51 42
1788592866.305051,34680,12,7C D7 AC 43 8C 16 38 42 BD 96 66 42
1788592866.315797,34680,12,90 1A AE 43 7A 41 36 42 D4 82 62 42
1788592866.326431,34680,12,10 D3 AE 43 BC B7 05 42 4F 88 72 42
1788592866.336920,34680,12,D7 FC AE 43 F5 93 FA 41 F8 7A 77 42
1788592866.347486,34680,12,F6 96 AE 43 78 D2 ED 41 D7 59 7C 42
1788592866.358321,34680,12,B5 A3 AD 43 C9 95 B1 41 46 46 7E 42
1788592866.368900,34680,12,8B 28 AC 43 BA 42 9E 41 86 8F 71 42
1788592866.379422,34680,12,FC 2D AA 43 C1 CA A2 41 00 FF 78 42
1788592866.389955,34680,12,68 BF A7 43 6A A6 89 41 CB D8 83 42
1788592866.400455,34680,12,CA EA A4 43 8C 0A B2 41 59 54 79 42
1788592866.411498,34680,12,74 C0 A1 43 DD 86 B7 41 46 E4 81 42
1788592866.422052,34680,12,83 52 9E 43 00 8F B7 41 9B B3 89 42
1788592866.432592,34680,12,B9 B4 9A 43 DB D7 DA 41 46 76 89 42
1788592866.443083,34680,12,E1 FB 96 43 79 6C F2 41 AF B0 85 42
1788592866.454138,34680,12,61 3D 93 43 D4 DA 0D 42 3D ED 8D 42
1788592866.464597,34680,12,CB 8E 8F 43 BF 7F 2D 42 85 EB 92 42
1788592866.476095,34680,12,33 05 8C 43 3B F3 52 42 3D 9D 8E 42
1788592866.486612,34680,12,FB B4 88 43 81 1D 68 42 13 40 96 42
1788592866.497443,34680,12,30 B1 85 43 A8 D1 75 42 A5 9C 91 42
1788592866.507970,34680,12,28 0B 83 43 AA EA 84 42 2A DC 96 42
1788592866.518483,34680,12,23 D2 80 43 26 37 92 42 17 4A 9B 42
1788592866.529011,34680,12,B3 25 7E 43 1A 82 96 42 97 8B 9C 42
1788592866.541829,34680,12,C0 AE 7B 43 74 EB 9C 42 90 86 9D 42
1788592866.552370,34680,12,97 4D 7A 43 50 6C 9E 42 B8 DA 9D 42
1788592866.562834,34680,12,28 0A 7A 43 D0 64 A2 42 58 CC 9F 42
1788592866.578001,34680,12,F1 E5 7A 43 55 A3 AA 42 6B 80 A3 42
1788592866.588496,34680,12,08 DC 7C 43 BF D5 92 42 CB 9B A0 42
1788592866.600851,34680,12,27 E1 7F 43 4C F6 90 42 45 B0 AB 42
1788592866.612394,34680,12,F7 F1 81 43 C6 90 8B 42 FF 67 AD 42
1788592866.622919,34680,12,A8 66 84 43 E5 02 86 42 D7 65 B0 42
1788592866.633416,34680,12,7E 40 87 43 26 DA 66 42 E2 DD B0 42
1788592866.643862,34680,12,28 6F 8A 43 CF 1D 4F 42 8C 5A A9 42
1788592866.654315,34680,12,50 E0 8D 43 8E A6 3F 42 A1 5F B7 42
1788592866.664851,34680,12,2D 80 91 43 D3 C9 29 42 D7 18 AE 42
1788592866.675337,34680,12,E8 39 95 43 85 D2 10 42 87 8D B2 42
1788592866.685892,34680,12,09 F8 98 43 36 84 02 42 42 0B B5 42
1788592866.696734,34680,12,26 A5 9C 43 02 FC BA 41 84 FD B2 42
1788592866.707282,34680,12,0E 2C A0 43 07 ED BD 41 A9 F4 BB 42
1788592866.718267,34680,12,7A 78 A3 43 EF 6A 91 41 D2 B8 BE 42
1788592866.728795,34680,12,74 77 A6 43 3C 8E 96 41 D8 37 B9 42
1788592866.739396,34680,12,BA 17 A9 43 23 2E B2 41 F1 93 C0 42
1788592866.749967,34680,12,44 4A AB 43 EF F2 AE 41 52 B5 BD 42
1788592866.760614,34680,12,67 02 AD 43 7F 21 DB 41 03 68 CA 42
1788592866.771252,34680,12,40 36 AE 43 23 64 D0 41 24 88 C5 42
1788592866.781995,34680,12,E6 DE AE 43 84 F5 F7 41 7E BE CB 42
1788592866.792580,34680,12,8E F8 AE 43 FB FC 15 42 33 22 CE 42
1788592866.803096,34680,12,A7 82 AE 43 85 BC 2A 42 AE 11 CA 42
1788592866.813523,34680,12,D5 7F AD 43 0A 2B 42 42 3C 32 D0 42
1788592866.824064,34680,12,E8 F5 AB 43 98 E1 53 42 11 1E D5 42
1788592866.834601,34680,12,B8 ED A9 43 8B 3D 72 42 72 29 CC 42
1788592866.845228,34680,12,FF 72 A7 43 7A 4B 81 42 A2 B7 D4 42
1788592866.855659,34680,12,EB 93 A4 43 49 55 89 42 0E 25 D5 42
1788592866.866201,34680,12,08 61 A1 43 4D 5A 94 42 57 E3 D9 42
1788592866.876819,34680,12,B8 EC 9D 43 22 6E 97 42 BB 0D DF 42
1788592866.887328,34680,12,D9 4A 9A 43 FA 8F 9C 42 AC 67 DC 42
1788592866.898184,34680,12,59 90 96 43 B4 C5 A2 42 76 5F D5 42
1788592866.909184,34680,12,8E D2 92 43 6D 3E 97 42 5F 30 DC 42
1788592866.920236,34680,12,08 27 8F 43 34 1A 9E 42 8E 4B E7 42
1788592866.930755,34680,12,E1 A2 8B 43 58 AF 92 42 2E 31 E6 42
1788592866.941306,34680,12,4F 5A 88 43 0E B4 8D 42 83 32 EC 42
1788592866.953652,34680,12,3D 60 85 43 D5 79 83 42 1A C7 E3 42
1788592866.964206,34680,12,B4 C5 82 43 2B 29 79 42 6C D2 E3 42
1788592866.974811,34680,12,B7 99 80 43 C9 0B 72 42 39 B9 EC 42
1788592866.985371,34680,12,86 D1 7D 43 A4 B2 4B 42 5E 94 F4 42
1788592866.995853,34680,12,20 79 7B 43 84 9F 38 42 0A 9D 9A 41
1788592867.006321,34680,12,BC 37 7A 43 28 D7 15 42 B1 F5 A9 41
1788592867.016846,34680,12,88 14 7A 43 D2 D1 EE 41 CA EC AB 41
1788592867.027314,34680,12,56 10 7B 43 93 9A E1 41 B2 9D BB 41
1788592867.037970,34680,12,7E 25 7D 43 4B 81 B9 41 E7 6C B9 41
1788592867.048484,34680,12,03 24 80 43 B6 71 C9 41 E6 E7 C2 41
1788592867.059097,34680,12,EC 32 82 43 73 2E A9 41 DC 02 BE 41
1788592867.069625,34680,12,B4 B3 84 43 E2 8C 97 41 72 19 05 42
1788592867.080200,34680,12,EF 97 87 43 6F 4A A2 41 22 9B D6 41
1788592867.090681,34680,12,FE CE 8A 43 C3 80 D9 41 4B F5 DE 41
1788592867.101237,34680,12,65 46 8E 43 85 35 B8 41 3C 33 D9 41
1788592867.111825,34680,12,29 EA 91 43 A2 C2 DB 41 EC 1E DE 41
1788592867.122369,34680,12,76 A5 95 43 C4 04 04 42 AC 40 FF 41
1788592867.132915,34680,12,CC 62 99 43 00 8C 0D 42 3B 70 F4 41
1788592867.143638,34680,12,AA 0C 9D 43 70 2C 35 42 D4 58 13 42
1788592867.154182,34680,12,00 8E A0 43 80 7F 4B 42 EF 01 15 42
1788592867.165164,34680,12,9E D2 A3 43 A3 2A 63 42 D4 32 14 42
1788592867.175845,34680,12,CE C7 A6 43 64 E4 80 42 A3 50 00 42
1788592867.186443,34680,12,84 5C A9 43 98 7E 85 42 F0 9A 18 42
1788592867.196953,34680,12,EA 81 AB 43 46 CD 89 42 C6 63 1C 42
1788592867.207622,34680,12,A8 2B AD 43 DD 0E 95 42 17 A5 1F 42
1788592867.218167,34680,12,2C 50 AE 43 45 A5 9E 42 10 E5 1E 42
1788592867.228752,34680,12,ED E8 AE 43 C0 D8 9E 42 BD 8C 1E 42
1788592867.239221,34680,12,76 F2 AE 43 13 92 A1 42 70 BA 1B 42
1788592867.249687,34680,12,91 6C AE 43 F7 94 A1 42 4B A1 2F 42
1788592867.260241,34680,12,41 5A AD 43 AA C4 99 42 40 58 3D 42
1788592867.270772,34680,12,B3 C1 AB 43 31 53 92 42 4B DB 3C 42
1788592867.281260,34680,12,0B AC A9 43 5B B3 88 42 6D 8D 4A 42
1788592867.291781,34680,12,4A 25 A7 43 49 4B 7A 42 19 B5 37 42
1788592867.302783,34680,12,F4 3B A4 43 2E 01 64 42 90 E4 45 42
1788592867.313335,34680,12,C9 00 A1 43 50 54 57 42 CD 3B 50 42
1788592867.323866,34680,12,67 86 9D 43 B5 3E 2F 42 20 7E 59 42
1788592867.334449,34680,12,B6 E0 99 43 13 48 2A 42 8F 87 57 42
1788592867.344973,34680,12,BA 24 96 43 D7 0F 13 42 6A 23 4D 42
1788592867.355514,34680,12,EA 67 92 43 BD D3 F9 41 9B 38 5D 42
1788592867.366049,34680,12,C5 BF 8E 43 E5 2B B3 41 04 D6 62 42
1788592867.376649,34680,12,5A 41 8B 43 97 E4 C9 41 F1 1F 57 42
1788592867.387175,34680,12,AA 00 88 43 D0 69 B0 41 95 56 62 42
1788592867.397749,34680,12,74 10 85 43 73 FC 99 41 82 01 70 42
1788592867.408551,34680,12,9D 81 82 43 D7 44 A5 41 A3 84 6A 42
1788592867.419168,34680,12,D9 62 80 43 1D E9 B0 41 44 CA 6A 42
1788592867.429769,34680,12,BA 80 7D 43 32 D7 CE 41 58 FE 7D 42
1788592867.440464,34680,12,0A 47 7B 43 31 F3 C6 41 2C D6 71 42
1788592867.450986,34680,12,78 25 7A 43 13 66 0D 42 C1 39 79 42
1788592867.461623,34680,12,87 22 7A 43 F0 69 1C 42 46 BD 8A 42
1788592867.472074,34680,12,47 3E 7B 43 7A D6 2F 42 B4 1E 71 42
1788592867.482761,34680,12,4F 72 7D 43 92 80 37 42 F9 D7 7E 42
1788592867.493400,34680,12,02 59 80 43 57 8D 58 42 42 FE 83 42
1788592867.504037,34680,12,58 75 82 43 D9 B0 7C 42 49 15 86 42
1788592867.514698,34680,12,08 02 85 43 78 46 8B 42 90 38 8C 42
1788592867.525166,34680,12,6A F0 87 43 DF B9 8E 42 41 82 8A 42
1788592867.535713,34680,12,98 2F 8B 43 D4 DB 98 42 E7 D6 91 42
1788592867.546198,34680,12,FD AC 8E 43 A7 11 9D 42 08 36 91 42
1788592867.556687,34680,12,7D 54 92 43 E2 9B 96 42 C8 98 93 42
1788592867.567387,34680,12,17 11 96 43 26 9F 9F 42 77 4A 9D 42
1788592867.577893,34680,12,4F CD 99 43 00 E3 9F 42 A5 3C 90 42
1788592867.588368,34680,12,9F 73 9D 43 00 17 97 42 33 48 9E 42
1788592867.599201,34680,12,24 EF A0 43 2E 6D 98 42 08 16 9C 42
1788592867.609750,34680,12,CC 2B A4 43 F3 1F 8B 42 60 89 97 42
1788592867.620228,34680,12,FA 16 A7 43 EB DF 82 42 27 B0 9F 42
1788592867.630725,34680,12,E8 9F A9 43 8B EF 69 42 12 94 A3 42
1788592867.641194,34680,12,FA B7 AB 43 37 73 58 42 76 49 A3 42
1788592867.652246,34680,12,37 53 AD 43 D6 8D 46 42 5F 7C A0 42
1788592867.662784,34680,12,59 68 AE 43 90 02 34 42 0D 64 A7 42
1788592867.673284,34680,12,28 F1 AE 43 90 35 16 42 C5 9A A1 42
1788592867.684247,34680,12,8F EA AE 43 8D B9 07 42 D5 DC A7 42
1788592867.694691,34680,12,BA 54 AE 43 66 AD D8 41 36 38 B1 42
1788592867.705167,34680,12,00 33 AD 43 CA 54 D3 41 A0 FF AF 42
1788592867.715703,34680,12,E6 8B AB 43 04 4D B3 41 D3 11 B0 42
1788592867.726275,34680,12,EA 68 A9 43 71 88 A8 41 DF D9 B4 42
1788592867.736890,34680,12,57 D6 A6 43 18 36 94 41 9E 74 B9 42
1788592867.747389,34680,12,00 E3 A3 43 DC 31 C3 41 90 25 B4 42
1788592867.757890,34680,12,CA 9F A0 43 B9 D6 B8 41 00 97 BC 42
1788592867.768382,34680,12,7E 1F 9D 43 98 2A D2 41 94 9E BE 42
1788592867.778979,34680,12,3F 76 99 43 DC 01 EB 41 7F ED BA 42
1788592867.789873,34680,12,18 B9 95 43 D6 CD FA 41 A5 23 C0 42
1788592867.800625,34680,12,95 FD 91 43 9E 30 2C 42 A6 F5 C2 42
1788592867.811128,34680,12,13 59 8E 43 2F 05 43 42 7A CE C1 42
1788592867.826344,34680,12,90 E0 8A 43 58 8C 51 42 E6 A7 CF 42
1788592867.838488,34680,12,FF A7 87 43 6B A2 70 42 87 5F C2 42
1788592867.849328,34680,12,E6 C1 84 43 C9 98 6A 42 AC A0 C6 42
1788592867.860506,34680,12,F6 3E 82 43 22 80 8A 42 58 DC C8 42
1788592867.875970,34680,12,91 2D 80 43 ED 14 93 42 51 A4 CD 42
1788592867.886562,34680,12,42 33 7D 43 E4 90 9B 42 66 30 C8 42
1788592867.899197,34680,12,74 18 7B 43 D7 27 A2 42 CD 5B D3 42
1788592867.909790,34680,12,D1 16 7A 43 8E 0F A5 42 DF 62 CC 42
1788592867.920328,34680,12,20 34 7A 43 7B 47 A1 42 DC 67 D6 42
1788592867.930840,34680,12,B9 6F 7B 43 0C 44 99 42 09 F0 D4 42
1788592867.941313,34680,12,87 C2 7D 43 0A 26 9C 42 05 76 D9 42
1788592867.951875,34680,12,97 8F 80 43 CC A6 8B 42 54 35 DF 42
1788592867.962650,34680,12,2E B9 82 43 7D C0 88 42 E7 68 DA 42
1788592867.974500,34680,12,8F 51 85 43 B2 58 71 42 F8 D0 DD 42
1788592867.985091,34680,12,E0 49 88 43 ED 65 69 42 99 15 DD 42
1788592868.001308,34680,12,06 91 8B 43 79 F8 51 42 7C 0A E0 42
1788592868.012308,34680,12,28 14 8F 43 7F 6B 33 42 4D D9 EA 42
1788592868.023630,34680,12,16 BF 92 43 C6 EB 1B 42 60 D6 E0 42
1788592868.034185,34680,12,AB 7C 96 43 F8 6F 02 42 72 6E E8 42
1788592868.044827,34680,12,80 37 9A 43 2F 29 E1 41 53 99 EB 42
1788592868.055664,34680,12,17 DA 9D 43 19 07 CB 41 DF DB E8 42
1788592868.066299,34680,12,89 4F A1 43 C5 6C A3 41 0A 22 E8 42
1788592868.076868,34680,12,F4 83 A4 43 2F 25 A4 41 77 F4 B9 41
1788592868.087510,34680,12,E1 64 A7 43 8C 3F B7 41 B7 F3 9B 41
1788592868.098106,34680,12,D8 E1 A9 43 03 CB 9D 41 13 64 B1 41
1788592868.108685,34680,12,7F EC AB 43 17 6E AE 41 D6 A2 CB 41
1788592868.119272,34680,12,1A 79 AD 43 CA C4 BF 41 FD EE C2 41
1788592868.129820,34680,12,C2 7E AE 43 A2 33 DE 41 27 FE B9 41
1788592868.140348,34680,12,93 F7 AE 43 42 62 0A 42 7E 15 C2 41
1788592868.150902,34680,12,DC E0 AE 43 D3 5B 0E 42 6E B8 ED 41
1788592868.161487,34680,12,1D 3B AE 43 99 33 35 42 E9 25 C5 41
1788592868.172026,34680,12,0E 0A AD 43 5A C6 4F 42 CE B0 EF 41
1788592868.182781,34680,12,88 54 AB 43 AB 78 4F 42 7B EE D9 41
1788592868.193303,34680,12,69 24 A9 43 EA 67 76 42 6C B9 E4 41
1788592868.203951,34680,12,35 86 A6 43 0C 08 8D 42 09 9F 02 42
1788592868.214456,34680,12,00 89 A3 43 B7 5E 88 42 B0 F2 FA 41
1788592868.225007,34680,12,FA 3D A0 43 88 05 94 42 CE 00 FD 41
1788592868.235634,34680,12,11 B8 9C 43 08 98 A0 42 4C 85 0A 42
1788592868.246591,34680,12,93 0B 99 43 2F 6C 9E 42 20 93 15 42
1788592868.257127,34680,12,88 4D 95 43 1B 3E A0 42 48 2B 17 42
1788592868.267645,34680,12,7E 93 91 43 20 83 9E 42 46 0D 06 42
1788592868.278225,34680,12,E4 F2 8D 43 23 54 9C 42 BB 5C 26 42
1788592868.288728,34680,12,93 80 8A 43 80 03 98 42 76 7A 1C 42
1788592868.299231,34680,12,67 50 87 43 34 D3 91 42 C6 85 2B 42
1788592868.309733,34680,12,A0 74 84 43 EA 3F 78 42 54 94 2A 42
1788592868.320274,34680,12,B6 FD 81 43 F8 F2 79 42 6C 3C 31 42
1788592868.330759,34680,12,AE F3 7F 43 B2 EC 5A 42 DB 88 32 42
1788592868.341387,34680,12,2E E9 7C 43 C9 A4 4C 42 AE 14 35 42
1788592868.352128,34680,12,6E ED 7A 43 83 7E 34 42 CE 17 3C 42
1788592868.362640,34680,12,C8 0B 7A 43 71 D4 16 42 79 28 37 42
1788592868.373213,34680,12,55 49 7A 43 6C 3F 01 42 CB 5A 3A 42
1788592868.384656,34680,12,B4 A4 7B 43 07 7B CD 41 62 2E 4C 42
1788592868.395123,34680,12,18 16 7E 43 2A 70 C6 41 5E 86 41 42
1788592868.405603,34680,12,B4 C7 80 43 DC 2D A7 41 0D 9B 51 42
1788592868.416293,34680,12,61 FE 82 43 FB 65 BB 41 2B CE 5B 42
1788592868.426900,34680,12,54 A2 85 43 82 D3 9C 41 96 9F 59 42
1788592868.437400,34680,12,5E A4 88 43 0A 9B BF 41 8B 17 4F 42
1788592868.448254,34680,12,36 F3 8B 43 8C A4 CB 41 74 95 50 42
1788592868.459447,34680,12,C8 7B 8F 43 C5 70 DD 41 60 0D 5F 42
1788592868.469920,34680,12,DE 29 93 43 71 B4 0C 42 69 FD 66 42
1788592868.480452,34680,12,42 E8 96 43 DD 24 03 42 80 B3 68 42
1788592868.490894,34680,12,6F A1 9A 43 F4 FD 25 42 3C 37 6D 42
1788592868.501543,34680,12,FD 3F 9E 43 8A 5F 37 42 CA B5 6D 42
1788592868.512017,34680,12,11 AF A1 43 E0 1F 58 42 A0 E6 72 42
1788592868.522832,34680,12,04 DB A4 43 1E A1 6C 42 B3 52 84 42
1788592868.533536,34680,12,8E B1 A7 43 66 90 88 42 2A 40 79 42
1788592868.544092,34680,12,5F 22 AA 43 D0 9B 8B 42 BB 60 7F 42
1788592868.554657,34680,12,6D 1F AC 43 D6 A7 94 42 8B 7D 85 42
1788592868.566043,34680,12,46 9D AD 43 E0 65 A1 42 38 FD 76 42
1788592868.594539,34680,12,62 93 AE 43 F4 C4 9C 42 E6 B0 83 42
1788592868.605605,34680,12,31 FC AE 43 8A 14 A3 42 D0 6F 8B 42
1788592868.616263,34680,12,5B D5 AE 43 7D AD A0 42 A8 44 89 42
1788592868.626953,34680,12,BF 1F AE 43 DA BA 9F 42 EF 27 86 42
1788592868.637537,34680,12,75 DF AC 43 86 EA 92 42 D5 5A 8F 42
1788592868.649798,34680,12,A7 1B AB 43 65 1C 8D 42 35 4F 8E 42
1788592868.660442,34680,12,7D DE A8 43 57 6C 86 42 6F 9B 8F 42
1788592868.671407,34680,12,D8 34 A6 43 57 CC 6C 42 23 25 95 42
1788592868.681868,34680,12,10 2E A3 43 9F B8 5F 42 E9 00 95 42
1788592868.692296,34680,12,6C DB 9F 43 77 B1 4A 42 AD 79 9A 42
1788592868.702756,34680,12,34 50 9C 43 30 4A 31 42 36 16 9A 42
1788592868.713251,34680,12,97 A0 98 43 9D 19 1D 42 5A F9 A0 42
1788592868.723747,34680,12,F8 E1 94 43 B8 22 11 42 26 7A 98 42
1788592868.734298,34680,12,C5 29 91 43 ED 4E E8 41 DC 4E 9B 42
1788592868.744762,34680,12,49 8D 8D 43 26 63 FE 41 F0 24 A2 42
1788592868.755298,34680,12,77 21 8A 43 83 1B B1 41 89 72 A4 42
1788592868.765940,34680,12,CC F9 86 43 A1 CE B1 41 C8 33 A8 42
1788592868.776463,34680,12,96 28 84 43 AB 60 A4 41 CC FF AC 42
1788592868.786988,34680,12,F1 BD 81 43 E8 97 A6 41 97 AC AB 42
1788592868.797466,34680,12,6B 8F 7F 43 49 64 A0 41 E7 46 AD 42
1788592868.808378,34680,12,8A A2 7C 43 C7 7D C1 41 BF EC B0 42
1788592868.819129,34680,12,EC C5 7A 43 26 ED ED 41 77 18 B0 42
1788592868.829699,34680,12,5B 04 7A 43 9E 9C 08 42 69 37 AB 42
1788592868.840158,34680,12,21 62 7A 43 F7 E7 09 42 19 4F B5 42
1788592868.850704,34680,12,31 DD 7B 43 A2 88 35 42 61 5F B6 42
1788592868.861173,34680,12,F2 6C 7E 43 19 C7 5D 42 02 4C B7 42
1788592868.872605,34680,12,67 01 81 43 EB F3 5B 42 E2 4C B7 42
1788592868.883102,34680,12,FC 44 83 43 56 47 79 42 F6 40 B8 42
1788592868.893634,34680,12,3E F4 85 43 40 5B 85 42 BE B0 C1 42
1788592868.904061,34680,12,D4 FF 88 43 70 B3 91 42 99 6D BE 42
1788592868.914707,34680,12,14 56 8C 43 B5 5A 93 42 4F 66 BF 42
1788592868.925884,34680,12,F9 E3 8F 43 61 AA 9F 42 6A FB C9 42
1788592868.936401,34680,12,E7 94 93 43 49 F6 A2 42 40 4C CB 42
1788592868.947005,34680,12,BC 53 97 43 DE 63 A4 42 26 A1 C5 42
1788592868.957598,34680,12,08 0B 9B 43 D2 3A 9C 42 5E BF CA 42
1788592868.968093,34680,12,3E A5 9E 43 B3 91 9C 42 2F E1 CF 42
1788592868.978594,34680,12,D6 0D A2 43 62 0E 9B 42 A2 3A D2 42
1788592868.989113,34680,12,0B 31 A5 43 87 16 85 42 A6 E9 CD 42
1788592868.999751,34680,12,EB FC A7 43 B0 AB 82 42 BF 1C D0 42
1788592869.012370,34680,12,71 61 AA 43 A2 02 77 42 CF D7 D1 42
1788592869.023251,34680,12,BC 50 AC 43 E0 38 49 42 5C 29 D3 42
1788592869.033689,34680,12,C5 BF AD 43 BD 73 44 42 73 15 D6 42
1788592869.044118,34680,12,3C A6 AE 43 EB 70 22 42 1B 45 DE 42
1788592869.054554,34680,12,00 FF AE 43 F1 10 0C 42 12 1D E0 42
1788592869.065002,34680,12,0E C8 AE 43 EE 9F F0 41 F8 23 E1 42
1788592869.075433,34680,12,A5 02 AE 43 CF 1E D9 41 06 33 DA 42
1788592869.086012,34680,12,2A B3 AC 43 B1 D9 C3 41 5B 15 E2 42
1788592869.096434,34680,12,37 E1 AA 43 8E 8B CB 41 9C 0A DC 42
1788592869.106982,34680,12,3C 97 A8 43 15 BE A9 41 9B 89 E4 42
1788592869.117479,34680,12,4E E2 A5 43 01 76 98 41 BA 96 EC 42
1788592869.128013,34680,12,21 D2 A2 43 7E 4F A6 41 27 E1 E6 42
1788592869.138748,34680,12,28 78 9F 43 E8 8C CF 41 CC AA EE 42
1788592869.149458,34680,12,D5 E7 9B 43 00 F3 D5 41 A5 20 EF 42
1788592869.160038,34680,12,8F 35 98 43 E2 CF FD 41 16 5B A7 41
1788592869.170790,34680,12,7D 76 94 43 E5 97 06 42 5D 7E BD 41
1788592869.181392,34680,12,5A C0 90 43 AD 49 30 42 50 A3 A3 41
1788592869.192058,34680,12,4B 28 8D 43 F2 04 4E 42 EE 79 A1 41
1788592869.202673,34680,12,2B C3 89 43 2F C7 5F 42 E2 74 A6 41
1788592869.213213,34680,12,64 A4 86 43 25 59 77 42 44 0F B6 41
1788592869.223850,34680,12,D6 DD 83 43 E5 54 85 42 D1 8E D0 41
1788592869.234880,34680,12,9B 7F 81 43 04 B5 92 42 DE A0 CA 41
1788592869.245649,34680,12,5F 2E 7F 43 6B EE 92 42 ED FC C4 41
1788592869.256322,34680,12,4D 5F 7C 43 29 AE A3 42 FF AB D6 41
1788592869.267352,34680,12,07 A2 7A 43 61 03 A0 42 99 98 EC 41
1788592869.278130,34680,12,8D 00 7A 43 E3 5F A6 42 2A E7 F4 41
1788592869.288913,34680,12,88 7E 7A 43 F6 94 A0 42 08 D6 F1 41
1788592869.301989,34680,12,29 19 7C 43 07 24 9C 42 D2 DA 04 42
1788592869.312583,34680,12,24 C7 7E 43 BC E2 93 42 4D B2 01 42
1788592869.323285,34680,12,8B 3C 81 43 92 96 84 42 A8 29 08 42
1788592869.334081,34680,12,F2 8C 83 43 B1 95 8B 42 8F 1D 16 42
1788592869.344906,34680,12,5C 47 86 43 85 A8 7D 42 EA 54 11 42
1788592869.355901,34680,12,3B 5C 89 43 90 77 63 42 3C 75 1C 42
1788592869.366460,34680,12,B0 B9 8C 43 47 B4 4E 42 DA 20 0E 42
1788592869.376941,34680,12,77 4C 90 43 0A E7 2C 42 99 3F 2B 42
1788592869.387437,34680,12,1D 00 94 43 98 A7 15 42 BD C3 2C 42
1788592869.398051,34680,12,2A BF 97 43 EF CD 0B 42 DE CF 22 42
1788592869.408579,34680,12,44 74 9B 43 70 2D CD 41 46 1C 38 42
1788592879.419801,34680,12,EB 09 9F 43 14 AD C2 41 EF 6E 36 42
1788592879.430161,34680,12,9B 6B A2 43 F2 11 CC 41 74 1F 36 42
1788592879.440678,34680,12,F9 85 A5 43 17 D8 98 41 D6 3C 41 42
1788592879.451832,34680,12,03 47 A8 43 11 32 8C 41 3D 29 3F 42
1788592879.462356,34680,12,09 9F AA 43 DA A7 A8 41 E9 49 35 42
1788592879.472852,34680,12,72 80 AC 43 53 EA AA 41 E7 78 4C 42
1788592879.483413,34680,12,80 E0 AD 43 E9 5F DC 41 5D CB 3C 42
1788592879.494021,34680,12,4E B7 AE 43 63 03 D3 41 02 6A 4E 42
1788592879.504570,34680,12,FF FF AE 43 E5 87 FF 41 10 81 51 42
1788592879.515139,34680,12,F5 B8 AE 43 44 5A 27 42 D8 4B 5E 42
1788592879.525623,34680,12,CA E3 AD 43 38 74 3F 42 2C F5 5C 42
1788592879.536087,34680,12,4A 85 AC 43 2B 4D 59 42 F9 DD 59 42
1788592879.546617,34680,12,45 A5 AA 43 63 43 64 42 74 E3 59 42
1788592879.557385,34680,12,9A 4E A8 43 71 1D 7D 42 9D 1B 65 42
1788592879.567890,34680,12,9E 8E A5 43 D0 8D 86 42 31 B5 5F 42
1788592879.578394,34680,12,44 75 A2 43 15 DE 92 42 6B 7D 69 42
1788592879.588842,34680,12,4C 14 9F 43 08 19 99 42 FB A4 6E 42
1788592879.599583,34680,12,0A 7F 9B 43 25 BB 9A 42 8E DA 7B 42
1788592879.610066,34680,12,46 CA 97 43 2C 8D 9B 42 B0 42 7E 42
1788592879.620545,34680,12,1E 0B 94 43 0E F1 9B 42 67 4E 77 42
1788592879.631025,34680,12,50 57 90 43 E7 3C 9C 42 DE 50 81 42
1788592879.641508,34680,12,09 C4 8C 43 0B 64 99 42 C3 7A 80 42
1788592879.651968,34680,12,C2 65 89 43 80 D4 8C 42 37 50 7C 42
1788592879.662420,34680,12,06 50 86 43 3B F3 8A 42 1B FE 7E 42
1788592879.672899,34680,12,67 94 83 43 97 A6 7E 42 3A B0 86 42
1788592879.683483,34680,12,C1 42 81 43 A6 D3 6D 42 87 BF 88 42
1788592879.694045,34680,12,A8 D0 7E 43 CA 39 50 42 7E 9B 84 42
1788592879.705075,34680,12,82 1F 7C 43 B5 94 34 42 B4 8E 8F 42
1788592879.715725,34680,12,AC 81 7A 43 DA C3 18 42 BC 3F 92 42
1788592879.726512,34680,12,5D 00 7A 43 E5 35 01 42 8B AC 8F 42
1788592879.737094,34680,12,83 9E 7A 43 9E C3 F3 41 69 4D 97 42
1788592879.747656,34680,12,8A 58 7C 43 5E E2 B6 41 EB CB 91 42
1788592879.758160,34680,12,9A 24 7F 43 EA 91 B2 41 90 62 95 42
1788592879.768708,34680,12,3D 79 81 43 11 48 9A 41 8B 29 97 42
1788592879.779340,34680,12,3F D6 83 43 49 2E 98 41 E4 89 99 42
1788592879.790085,34680,12,9C 9B 86 43 33 0B A3 41 87 9C 9A 42
1788592879.800582,34680,12,76 B9 89 43 91 E3 C5 41 37 8B A0 42
1788592879.811195,34680,12,F9 1D 8D 43 7E 9C C5 41 48 9B 9B 42
1788592879.822016,34680,12,77 B5 90 43 2E A8 D9 41 A5 2F A2 42
1788592879.832588,34680,12,79 6B 94 43 48 ED F4 41 6C 68 AB 42
1788592879.843201,34680,12,77 2A 98 43 38 18 18 42 A2 A3 A1 42
1788592879.853753,34680,12,03 DD 9B 43 43 E3 35 42 0F A4 A4 42
1788592879.864257,34680,12,F0 6D 9F 43 A5 4F 4E 42 D2 69 B7 42
1788592879.874775,34680,12,90 C8 A2 43 0B C5 67 42 05 0B B4 42
1788592879.885278,34680,12,C6 D9 A5 43 1C 1A 7C 42 B9 81 AE 42
1788592879.895754,34680,12,C8 8F A8 43 2D F7 84 42 87 22 AD 42
1788592879.906225,34680,12,15 DB AA 43 39 37 8D 42 A2 0F B4 42
1788592879.916744,34680,12,88 AE AC 43 C9 73 92 42 10 3F B5 42
1788592879.927256,34680,12,88 FF AD 43 7D BF 98 42 57 0E B2 42
1788592879.937840,34680,12,96 C6 AE 43 8F B1 A1 42 C0 A3 BD 42
1788592879.948582,34680,12,30 FF AE 43 12 D6 A0 42 79 89 BE 42
1788592879.959089,34680,12,16 A8 AE 43 2C 69 9A 42 D4 B0 B9 42
1788592879.969610,34680,12,36 C3 AD 43 73 42 9A 42 3E BE BE 42
1788592879.980159,34680,12,BF 55 AC 43 AE 0D 93 42 CB 9F C4 42
1788592879.990577,34680,12,D3 67 AA 43 D8 7D 8B 42 A6 24 C7 42
1788592880.002349,34680,12,A5 04 A8 43 1C 3D 81 42 55 F3 C9 42
1788592880.012805,34680,12,E2 39 A5 43 CD 7F 6D 42 B4 2F C7 42
1788592880.023307,34680,12,81 17 A2 43 6D A6 61 42 E0 52 CF 42
1788592880.033779,34680,12,B0 AF 9E 43 28 DF 39 42 29 59 CE 42
1788592880.044476,34680,12,D8 15 9B 43 F2 04 28 42 19 4B CE 42
1788592880.055009,34680,12,DB 5E 97 43 7E A7 15 42 9F CB D1 42
1788592880.065488,34680,12,FD 9F 93 43 F4 AD F4 41 40 4D DB 42
1788592880.075952,34680,12,AE EE 8F 43 BC 23 E6 41 C0 79 CD 42
1788592880.093946,34680,12,5A 60 8C 43 6E E9 CE 41 61 59 D6 42
1788592880.104482,34680,12,43 09 89 43 1A D7 AF 41 CF 0A D9 42
1788592880.114950,34680,12,CA FC 85 43 3F AA B3 41 7D D5 D9 42
1788592880.125499,34680,12,5E 4C 83 43 3B EF AE 41 03 59 DC 42
1788592880.136099,34680,12,68 07 81 43 4C 18 A2 41 29 07 E4 42
1788592880.146607,34680,12,20 76 7E 43 97 AE B6 41 26 49 E2 42
1788592880.157044,34680,12,2E E3 7B 43 B5 44 E3 41 80 DB E5 42
1788592880.167513,34680,12,E7 64 7A 43 D1 D4 EE 41 48 E0 E3 42
1788592880.178065,34680,12,CB 03 7A 43 7A F9 1C 42 95 79 E2 42
1788592880.188518,34680,12,12 C2 7A 43 66 F7 25 42 F8 E9 EA 42
1788592880.199092,34680,12,6D 9B 7C 43 D5 C7 3E 42 09 73 EB 42
1788592880.209627,34680,12,51 85 7F 43 30 5C 48 42 2C 58 EA 42
1788592880.220094,34680,12,6C B7 81 43 7B 81 6F 42 F0 0A EF 42
1788592880.232030,34680,12,CA 20 84 43 7A E7 7A 42 94 E3 9A 41
1788592880.242428,34680,12,FB F0 86 43 74 75 8C 42 29 F4 B1 41
1788592880.253046,34680,12,AB 17 8A 43 D6 C3 97 42 19 01 BE 41
1788592880.263520,34680,12,E6 82 8D 43 42 F9 99 42 DC 0A CF 41
1788592880.274008,34680,12,D9 1E 91 43 DB 70 9C 42 BA FD C7 41
1788592880.284567,34680,12,D8 D6 94 43 BF A2 9A 42 8C 07 BF 41
1788592880.295250,34680,12,9C 95 98 43 A3 43 A3 42 B1 F6 D2 41
1788592880.305829,34680,12,6D 45 9C 43 4B 72 95 42 23 60 CE 41
1788592880.316417,34680,12,47 D1 9F 43 9C D1 97 42 81 45 D4 41
1788592880.326988,34680,12,98 24 A3 43 25 F3 90 42 FE E6 D0 41
1788592880.337473,34680,12,5C 2C A6 43 C5 EE 82 42 87 9A EA 41
1788592880.347935,34680,12,35 D7 A8 43 67 10 72 42 3B 29 E9 41
1788592880.358384,34680,12,AD 15 AB 43 B1 38 56 42 04 78 FA 41
1788592880.368918,34680,12,F9 DA AC 43 96 90 45 42 A2 E2 06 42
1788592880.379578,34680,12,D4 1C AE 43 DE F7 3D 42 D7 F5 10 42
1788592880.390523,34680,12,10 D4 AE 43 E9 E7 0F 42 0A 32 14 42
1788592880.401110,34680,12,91 FC AE 43 79 71 09 42 78 E8 13 42
1788592880.411659,34680,12,6A 95 AE 43 67 8C E4 41 65 62 0C 42
1788592880.422148,34680,12,E8 A0 AD 43 0B 7E DA 41 96 EC 03 42
1788592880.432641,34680,12,95 24 AC 43 60 83 92 41 9F B0 0F 42
1788592880.443148,34680,12,F7 28 AA 43 BE E6 9E 41 61 13 2F 42
1788592880.453657,34680,12,62 B9 A7 43 85 8F B2 41 AE 1D 19 42
1788592880.464152,34680,12,F7 E3 A4 43 78 53 B5 41 77 97 12 42
1788592880.474759,34680,12,DD B8 A1 43 53 4F AD 41 28 CD 28 42
1788592880.485322,34680,12,73 4A 9E 43 08 32 C4 41 AB D5 38 42
1788592880.495778,34680,12,60 AC 9A 43 C0 84 D4 41 73 B8 3C 42
1788592880.506279,34680,12,57 F3 96 43 D5 6B 16 42 16 9D 51 42
1788592880.517404,34680,12,EF 34 93 43 3B B9 1E 42 07 D1 27 42
1788592880.527997,34680,12,7D 86 8F 43 CF A8 24 42 AD FF 4E 42
1788592880.542653,34680,12,5E FD 8B 43 AA B6 46 42 13 BC 56 42
1788592880.553156,34680,12,C9 AD 88 43 1C BC 68 42 FA D0 47 42
1788592880.563677,34680,12,B7 AA 85 43 A1 B0 76 42 86 D3 3E 42
1788592880.574275,34680,12,9F 05 83 43 A7 5C 87 42 C0 20 4F 42
1788592880.584734,34680,12,93 CD 80 43 60 BF 8F 42 05 3F 5A 42
1788592880.595325,34680,12,E5 1E 7E 43 58 9B 98 42 5A 72 5C 42
1788592880.606345,34680,12,63 AA 7B 43 40 5E 9D 42 03 67 53 42
1788592880.616983,34680,12,B9 4B 7A 43 03 C3 9C 42 BB 23 60 42
1788592880.627581,34680,12,D8 0A 7A 43 69 50 A0 42 F1 05 62 42
1788592880.638105,34680,12,32 E9 7A 43 5D B1 9D 42 2E FE 78 42
1788592880.648725,34680,12,BE E1 7C 43 6D 90 9F 42 3B E2 66 42
1788592880.659404,34680,12,28 E9 7F 43 C4 52 94 42 52 89 71 42
1788592880.669957,34680,12,13 F7 81 43 5F 00 8C 42 C8 0A 80 42
1788592880.680538,34680,12,B2 6C 84 43 3A 19 82 42 1C F0 6D 42
1788592880.691264,34680,12,70 47 87 43 71 93 6D 42 9A 80 7D 42
1788592880.701812,34680,12,BC 76 8A 43 02 04 54 42 54 36 84 42
1788592880.712400,34680,12,59 E8 8D 43 95 11 34 42 48 BB 7B 42
1788592880.723058,34680,12,95 88 91 43 CD 93 29 42 45 E8 87 42
1788592880.733577,34680,12,66 42 95 43 61 E8 15 42 26 89 84 42
1788592880.744441,34680,12,92 00 99 43 E7 60 F4 41 E4 24 85 42
1788592880.754979,34680,12,62 AD 9C 43 14 8D DE 41 00 79 87 42
1788592880.765648,34680,12,D0 33 A0 43 B2 25 A4 41 61 EC 8B 42
1788592880.776175,34680,12,AC 7F A3 43 66 E7 80 41 C9 ED 92 42
1788592880.786724,34680,12,D8 7D A6 43 94 B3 9D 41 7A A6 8E 42
1788592880.797219,34680,12,46 1D A9 43 0D 49 B1 41 20 28 95 42
1788592880.807806,34680,12,BE 4E AB 43 0E CF B0 41 80 BA 94 42
1788592880.818345,34680,12,B8 05 AD 43 58 9D B3 41 C2 97 95 42
1788592880.828911,34680,12,60 38 AE 43 16 DB E0 41 F9 FC 9B 42
1788592880.839440,34680,12,C1 DF AE 43 66 CE 05 42 30 2C 9A 42
1788592880.850060,34680,12,22 F8 AE 43 96 91 2A 42 44 A6 99 42
1788592880.860585,34680,12,F7 80 AE 43 44 5D 26 42 69 5F 9C 42
1788592880.871136,34680,12,ED 7C AD 43 3E 95 3C 42 6A 05 9A 42
1788592880.882230,34680,12,D1 F1 AB 43 1E 6A 56 42 59 38 9F 42
1788592880.892816,34680,12,96 E8 A9 43 76 9D 6C 42 2F 2F A4 42
1788592880.903330,34680,12,D6 6C A7 43 DE 8C 85 42 6A FE A7 42
1788592880.913804,34680,12,F9 8C A4 43 DE 5A 91 42 05 80 A6 42
1788592880.924301,34680,12,76 59 A1 43 34 1C 91 42 DB 48 AC 42
1788592880.934825,34680,12,9D E4 9D 43 A9 DE 97 42 5E F1 B0 42
1788592880.945358,34680,12,7A 42 9A 43 65 FE 9C 42 78 52 A9 42
1788592880.955889,34680,12,C1 87 96 43 6B 99 98 42 DB 7C B2 42
1788592880.966402,34680,12,14 CA 92 43 10 D5 9F 42 FF B3 B1 42
1788592880.976924,34680,12,DD 1E 8F 43 27 04 9D 42 65 6D B6 42
1788592880.990403,34680,12,1B 9B 8B 43 DA C1 98 42 EE 4B B2 42
1788592881.000914,34680,12,31 53 88 43 F5 9A 8D 42 36 CA B8 42
1788592881.011411,34680,12,D3 59 85 43 EE C0 89 42 1C 38 BB 42
1788592881.021886,34680,12,3F C0 82 43 AD BF 6A 42 DF 1C BC 42
1788592881.032782,34680,12,54 95 80 43 D4 36 5E 42 4A C8 BA 42
1788592881.043591,34680,12,FB CA 7D 43 88 FB 5C 42 D7 A3 C0 42
1788592881.054079,34680,12,0A 75 7B 43 DC A3 28 42 0D 31 C7 42
1788592881.064578,34680,12,24 36 7A 43 BB 5F 19 42 2A D7 C0 42
1788592881.075172,34680,12,83 15 7A 43 F0 01 1E 42 AA 85 C5 42
1788592881.085671,34680,12,D6 13 7B 43 20 8B F8 41 2F B7 C2 42
1788592881.096253,34680,12,78 2B 7D 43 A2 FB BB 41 49 15 CA 42
1788592881.106822,34680,12,24 28 80 43 D8 F3 B2 41 E8 A9 CB 42
1788592881.117522,34680,12,2D 38 82 43 16 C6 8B 41 0E C1 CB 42
1788592881.128069,34680,12,E0 B9 84 43 3F F0 9D 41 BE DC D1 42
1788592881.138643,34680,12,E1 9E 87 43 E0 F9 C0 41 CD 2D D5 42
1788592881.149168,34680,12,A3 D6 8A 43 A2 69 BB 41 FC 90 D4 42
1788592881.159698,34680,12,7A 4E 8E 43 A1 91 CF 41 E5 5E D2 42
1788592881.170294,34680,12,A4 F2 91 43 2E 65 F7 41 F0 F8 D7 42
1788592881.180835,34680,12,02 AE 95 43 77 56 0C 42 E1 65 DD 42
1788592881.191335,34680,12,37 6B 99 43 B9 5E 27 42 ED 0D DD 42
1788592881.201842,34680,12,DC 14 9D 43 D7 2E 38 42 6A D7 D8 42
1788592881.212399,34680,12,B4 95 A0 43 1F B8 53 42 2B E9 E5 42
1788592881.222891,34680,12,C6 D9 A3 43 61 C0 64 42 30 08 E3 42
1788592881.233384,34680,12,23 CE A6 43 C5 46 8B 42 7E 8E E0 42
1788592881.243885,34680,12,E3 61 A9 43 57 57 86 42 BD 68 EB 42
1788592881.254387,34680,12,44 86 AB 43 00 4D 91 42 DE 58 ED 42
1788592881.264892,34680,12,D8 2E AD 43 40 B2 97 42 5C 53 E6 42
1788592881.275406,34680,12,2B 52 AE 43 07 2F 9D 42 BF 40 E8 42
1788592881.286312,34680,12,A5 E9 AE 43 6C 4D 9A 42 0A 61 ED 42
1788592881.296842,34680,12,E7 F1 AE 43 46 81 A1 42 FF 78 AE 41
1788592881.307841,34680,12,BD 6A AE 43 A5 A9 A3 42 E0 B0 9F 41
1788592881.318346,34680,12,37 57 AD 43 54 04 9C 42 54 74 8A 41
1788592881.328935,34680,12,76 BD AB 43 42 4D 92 42 9A 1E C4 41
1788592881.339605,34680,12,C4 A6 A9 43 A8 7F 8A 42 81 4F D8 41
1788592881.350824,34680,12,1A 1F A7 43 C8 8F 7E 42 6F 15 E5 41
1788592881.361373,34680,12,ED 34 A4 43 09 B9 74 42 34 69 A8 41
1788592881.373229,34680,12,27 F9 A0 43 CA 80 44 42 D4 FC E1 41
1788592881.385048,34680,12,34 7E 9D 43 FC C3 31 42 19 59 DF 41
1788592881.395679,34680,12,44 D8 99 43 CB 28 1F 42 01 A9 F0 41
1788592881.406166,34680,12,3A 1C 96 43 15 43 0D 42 23 5B 02 42
1788592881.416596,34680,12,75 5F 92 43 3B D1 E0 41 01 BD ED 41
1788592881.427292,34680,12,A3 B7 8E 43 5B 01 E6 41 CF ED 05 42
1788592881.437880,34680,12,98 39 8B 43 14 BB AE 41 C6 A7 09 42
1788592881.448519,34680,12,97 F9 87 43 9B 9B A8 41 CD BD 05 42
1788592881.458978,34680,12,35 0A 85 43 EF F2 A8 41 CA 08 17 42
1788592881.469434,34680,12,44 7C 82 43 BC 2F 9B 41 F9 B4 0B 42
1788592881.479916,34680,12,95 5E 80 43 81 5B B9 41 50 99 21 42
1788592881.490582,34680,12,6A 7A 7D 43 B3 B1 B1 41 E7 6C 1B 42
1788592881.501096,34680,12,36 43 7B 43 9D 68 E2 41 64 77 1C 42
1788592881.511755,34680,12,2E 24 7A 43 B5 23 03 42 C6 E2 10 42
1788592881.522244,34680,12,CB 23 7A 43 A1 34 1B 42 CC 96 14 42
1788592881.532836,34680,12,0E 42 7B 43 F3 18 22 42 7A 68 21 42
1788592881.543878,34680,12,97 78 7D 43 39 2B 49 42 EA 46 2D 42
1788592881.554439,34680,12,48 5D 80 43 DE D2 68 42 63 19 33 42
1788592881.564981,34680,12,A6 7A 82 43 A1 78 80 42 54 75 37 42
1788592881.575521,34680,12,4E 08 85 43 D2 F4 8C 42 78 53 36 42
1788592881.585975,34680,12,72 F7 87 43 78 28 8C 42 92 7A 41 42
1788592881.596593,34680,12,58 37 8B 43 56 E8 94 42 5A 2B 3B 42
1788592881.607123,34680,12,29 B5 8E 43 5A D7 9D 42 7B AC 35 42
1788592881.617677,34680,12,E5 5C 92 43 7C E9 9D 42 18 90 42 42
1788592881.628442,34680,12,A3 19 96 43 1D 7F 9B 42 59 59 50 42
1788592881.639000,34680,12,B5 D5 99 43 79 14 9B 42 C1 D8 50 42
1788592881.649478,34680,12,D3 7B 9D 43 02 42 9D 42 63 32 60 42
1788592881.659995,34680,12,D3 F6 A0 43 B0 8F 95 42 32 B2 55 42
1788592881.670717,34680,12,CB 32 A4 43 A2 B4 8A 42 BC 8E 61 42
1788592881.681221,34680,12,36 1D A7 43 40 4D 81 42 B0 24 5B 42
1788592881.691852,34680,12,2A A5 A9 43 C0 65 72 42 59 A2 59 42
1788592881.702283,34680,12,3B BC AB 43 19 9A 62 42 36 9C 5E 42
1788592881.712805,34680,12,49 56 AD 43 DB 91 41 42 7F E3 65 42
1788592881.723282,34680,12,2E 6A AE 43 C0 2C 34 42 2C 86 6B 42
1788592881.733762,34680,12,BB F1 AE 43 B9 0C 20 42 8D 93 75 42
1788592881.744354,34680,12,DC E9 AE 43 73 09 FD 41 A0 0A 7D 42
1788592881.754747,34680,12,BF 52 AE 43 FB 49 CD 41 13 16 80 42
1788592881.767133,34680,12,D0 2F AD 43 BB DC D0 41 F6 65 80 42
1788592881.777534,34680,12,95 87 AB 43 84 13 C5 41 34 E6 78 42
1788592881.788263,34680,12,86 63 A9 43 88 00 AF 41 05 DF 84 42
1788592881.798701,34680,12,0E D0 A6 43 41 D1 A5 41 E4 7C 86 42
1788592881.809213,34680,12,DA DB A3 43 56 1B 9A 41 16 F1 89 42
1788592881.819722,34680,12,0C 98 A0 43 12 69 C2 41 66 E7 8E 42
1788592881.840958,34680,12,58 17 9D 43 09 2C C3 41 45 06 8E 42
1788592881.851448,34680,12,C8 6D 99 43 E0 D0 FE 41 C5 CF 85 42
1788592881.861993,34680,12,99 B0 95 43 C0 ED 13 42 28 DC 8F 42
1788592881.872603,34680,12,1A F5 91 43 07 4A 26 42 45 76 90 42
1788592881.883194,34680,12,F1 50 8E 43 4F 95 41 42 61 66 98 42
1788592881.893767,34680,12,F4 D8 8A 43 86 84 4C 42 68 50 8D 42
1788592881.904324,34680,12,00 A1 87 43 04 C8 65 42 62 DB 94 42
1788592881.914911,34680,12,C0 BB 84 43 3B 23 84 42 B3 EB 99 42
1788592881.925729,34680,12,B3 39 82 43 03 FB 86 42 BF 63 A8 42
1788592881.936354,34680,12,66 29 80 43 B3 A9 91 42 55 E4 9F 42
1788592881.947000,34680,12,49 2D 7D 43 C9 E1 99 42 83 4C A5 42
1788592881.957586,34680,12,E8 14 7B 43 F9 3E 98 42 D2 8C A1 42
1788592881.968078,34680,12,D0 15 7A 43 74 91 A0 42 C2 A0 A5 42
1788592881.978605,34680,12,B0 35 7A 43 28 90 A1 42 29 82 A4 42
1788592881.989299,34680,12,CD 73 7B 43 D2 30 9A 42 D6 5E A8 42
1788592881.999904,34680,12,01 C9 7D 43 87 6C 94 42 C3 B9 A3 42
1788592882.010394,34680,12,FE 93 80 43 CA F1 8C 42 4A E9 AE 42
1788592882.020893,34680,12,98 BE 82 43 49 F3 8B 42 E9 79 AB 42
1788592882.031522,34680,12,F7 57 85 43 04 B6 79 42 D8 5F AB 42
1788592882.042003,34680,12,06 51 88 43 9B 13 61 42 E4 7E AD 42
1788592882.052613,34680,12,C0 98 8B 43 A2 FC 4D 42 73 19 B5 42
1788592882.063141,34680,12,5F 1C 8F 43 28 C5 31 42 9D 9C BB 42
1788592882.073756,34680,12,83 C7 92 43 95 25 24 42 4C 6E BA 42
1788592882.084286,34680,12,43 85 96 43 6F 2A 02 42 5D 13 C0 42
1788592882.094775,34680,12,EC 3F 9A 43 FC 8F F2 41 49 88 BF 42
1788592882.105232,34680,12,28 E2 9D 43 E6 06 D0 41 D1 F4 BB 42
1788592882.115739,34680,12,27 57 A1 43 69 0A B3 41 DA 68 BA 42
1788592882.126290,34680,12,DE 8A A4 43 05 DF 8C 41 E1 43 C8 42
1788592882.136839,34680,12,0C 6B A7 43 52 3C A3 41 84 75 C9 42
1788592882.147336,34680,12,05 E7 A9 43 B4 E3 A3 41 99 9F C3 42
1788592882.158025,34680,12,93 F0 AB 43 44 5E C6 41 A9 3B C8 42
1788592882.168916,34680,12,0A 7C AD 43 A2 40 D8 41 55 E9 D0 42
1788592882.179410,34680,12,73 80 AE 43 9B 3C E5 41 27 F7 CB 42
1788592882.189934,34680,12,03 F8 AE 43 0B 00 05 42 D3 C8 CE 42
1788592882.200924,34680,12,03 E0 AE 43 CB 74 20 42 47 B9 D3 42
1788592882.211512,34680,12,04 39 AE 43 EA 4C 2A 42 83 91 C8 42
1788592882.222061,34680,12,BB 06 AD 43 40 06 46 42 08 99 C9 42
1788592882.232561,34680,12,19 50 AB 43 00 8A 5D 42 C2 AA D8 42
1788592882.243047,34680,12,E1 1E A9 43 3E 66 6A 42 97 81 D9 42
1788592882.253607,34680,12,CA 7F A6 43 59 01 89 42 5B 74 DD 42
1788592882.264214,34680,12,DB 81 A3 43 ED A3 8D 42 0F 63 D7 42
1788592882.274771,34680,12,2E 36 A0 43 4B 10 97 42 4C F6 E7 42
1788592882.285309,34680,12,E1 AF 9C 43 5A BB 96 42 64 51 DE 42
1788592882.296184,34680,12,0B 03 99 43 D6 F4 9E 42 25 AB E1 42
1788592882.306708,34680,12,FD 44 95 43 4F 8D 9E 42 A0 0E E8 42
1788592882.317204,34680,12,21 8B 91 43 C0 49 9B 42 B4 66 E2 42
1788592882.327682,34680,12,CD EA 8D 43 8E 61 9D 42 76 D5 E6 42
1788592882.338329,34680,12,08 79 8A 43 27 18 96 42 29 77 E7 42
1788592882.349082,34680,12,74 49 87 43 AA 72 8E 42 52 65 E5 42
1788592882.359711,34680,12,8A 6E 84 43 07 10 87 42 C0 C6 F0 42
1788592882.370231,34680,12,A0 F8 81 43 5D 55 6A 42 F8 19 78 41
1788592882.380769,34680,12,9A EB 7F 43 9E DE 55 42 82 AC A7 41
1788592882.391227,34680,12,7A E3 7C 43 8D 76 30 42 A4 54 AF 41
1788592882.401906,34680,12,25 EA 7A 43 89 99 22 42 8F F4 A0 41
1788592882.412760,34680,12,0F 0B 7A 43 DE 9C 0A 42 F9 7F C5 41
1788592882.423283,34680,12,29 4B 7A 43 7D 6F F7 41 4D D2 D8 41
1788592882.433771,34680,12,10 A9 7B 43 BF 38 C8 41 DC 0F DB 41
1788592882.444251,34680,12,D6 1C 7E 43 E9 2C E1 41 F9 D2 F8 41
1788592882.454752,34680,12,41 CC 80 43 4F 1A B2 41 F6 69 D4 41
1788592882.465288,34680,12,EF 03 83 43 B9 C5 93 41 B4 0A D2 41
1788592882.475748,34680,12,C1 A8 85 43 C5 5F A2 41 E5 02 00 42
1788592882.486194,34680,12,98 AB 88 43 12 38 AA 41 D3 90 08 42
1788592882.496711,34680,12,FE FA 8B 43 DC 73 C0 41 F2 37 06 42
1788592882.507157,34680,12,15 84 8F 43 E5 21 E7 41 28 8E 05 42
1788592882.523300,34680,12,5C 32 93 43 5B 3D E9 41 37 B2 07 42
1788592882.533941,34680,12,C0 F0 96 43 80 46 10 42 82 12 0B 42
1788592882.544433,34680,12,D5 A9 9A 43 E2 2E 22 42 AC 20 07 42
1788592882.554936,34680,12,02 48 9E 43 53 74 46 42 D5 E2 11 42
1788592882.565391,34680,12,A9 B6 A1 43 CB 1E 5C 42 E1 F9 25 42
1788592882.575839,34680,12,E3 E1 A4 43 80 96 6D 42 20 D4 14 42
1788592882.587212,34680,12,8E B7 A7 43 3D 72 82 42 E0 36 20 42
1788592882.597947,34680,12,6E 27 AA 43 3E BE 8C 42 09 50 25 42
1788592882.608431,34680,12,61 23 AC 43 E3 B6 91 42 08 1B 25 42
1788592882.619007,34680,12,17 A0 AD 43 9F 68 A5 42 CA 88 2D 42
1788592882.629487,34680,12,F1 94 AE 43 63 F7 A2 42 E0 14 25 42
1788592882.639956,34680,12,7B FC AE 43 DC 20 A4 42 1B 2F 41 42
1788592882.650397,34680,12,5E D4 AE 43 2F EE 97 42 00 2B 39 42
1788592882.661148,34680,12,82 1D AE 43 F9 76 9C 42 C5 C4 36 42
1788592882.671667,34680,12,FB DB AC 43 AB A5 99 42 4A C3 33 42
1788592882.682174,34680,12,11 17 AB 43 3C A9 8D 42 A1 3D 40 42
1788592882.692806,34680,12,E9 D8 A8 43 80 96 87 42 CE 41 48 42
1788592882.703796,34680,12,55 2E A6 43 2B 2C 83 42 7D 08 53 42
1788592882.714345,34680,12,CC 26 A3 43 E2 67 65 42 61 3C 52 42
1788592882.727265,34680,12,91 D3 9F 43 C7 FF 49 42 7C 6F 53 42
1788592882.738067,34680,12,EF 47 9C 43 34 AF 2A 42 4F D8 5A 42
1788592882.748849,34680,12,30 98 98 43 47 B7 19 42 FA 85 5B 42
1788592882.763813,34680,12,6E D9 94 43 C7 FF 0B 42 33 C7 6F 42
1788592882.774282,34680,12,63 21 91 43 6F AE F9 41 A3 F6 61 42
1788592882.784814,34680,12,3F 85 8D 43 6A 90 C0 41 A5 78 6F 42
1788592882.796020,34680,12,F2 19 8A 43 9C 16 C0 41 2C 63 62 42
1788592882.806601,34680,12,0C F3 86 43 D1 9A 94 41 86 06 60 42
1788592882.817018,34680,12,9A 22 84 43 AE 07 8B 41 70 8A 79 42
1788592882.831685,34680,12,F0 B8 81 43 B6 C9 B9 41 9B 16 77 42
1788592882.842293,34680,12,98 87 7F 43 5E CA BA 41 7C 70 76 42
1788592882.852812,34680,12,14 9D 7C 43 C4 34 BF 41 6A 0E 78 42
1788592882.863949,34680,12,F9 C2 7A 43 7C 0B E8 41 7A 62 7C 42
1788592882.874568,34680,12,EC 03 7A 43 AD CA 01 42 28 B1 86 42
1788592882.885119,34680,12,41 64 7A 43 DE 08 1A 42 8A AC 88 42
1788592882.895562,34680,12,D3 E1 7B 43 96 D0 31 42 15 99 8C 42
1788592882.906455,34680,12,FD 73 7E 43 63 87 5A 42 A3 02 88 42
1788592882.917234,34680,12,FF 05 81 43 F5 60 6B 42 87 5B 8A 42
1788592882.927638,34680,12,A6 4A 83 43 04 3B 7A 42 0A 7F 93 42
1788592882.938010,34680,12,CD FA 85 43 8F A3 88 42 17 05 91 42
1788592882.948373,34680,12,22 07 89 43 EE 10 8D 42 B5 5B 8D 42
1788592882.958728,34680,12,F6 5D 8C 43 A4 7A 99 42 50 FF 93 42
1788592882.973589,34680,12,2B EC 8F 43 3B C5 9B 42 39 D4 8D 42
1788592882.984096,34680,12,69 9D 93 43 07 97 A1 42 9F DD 98 42
1788592882.995429,34680,12,45 5C 97 43 99 6A 9E 42 DF A9 9F 42
1788592883.007937,34680,12,67 13 9B 43 FD 94 97 42 2F E3 9B 42
1788592883.018603,34680,12,42 AD 9E 43 6D 41 9E 42 4F FD 9E 42
1788592883.039517,34680,12,3C 15 A2 43 4E 00 94 42 69 47 9E 42
1788592883.069915,34680,12,D4 37 A5 43 89 A7 89 42 31 AF 9F 42
1788592883.086079,34680,12,D9 02 A8 43 06 9E 85 42 33 88 A2 42
1788592883.096565,34680,12,63 66 AA 43 F5 16 6C 42 D4 BB A7 42
1788592883.108147,34680,12,94 54 AC 43 80 44 50 42 82 C2 A7 42
1788592883.120626,34680,12,67 C2 AD 43 67 ED 4A 42 FD 55 AE 42
1788592883.131197,34680,12,A8 A7 AE 43 C0 58 2E 42 6C 7F A6 42
1788592883.142492,34680,12,25 FF AE 43 FA 35 15 42 D2 9A AF 42
1788592883.153212,34680,12,EC C6 AE 43 7B 41 EF 41 0A 71 B2 42
1788592883.163871,34680,12,42 00 AE 43 73 33 DD 41 9A 90 B3 42
1788592883.174593,34680,12,9E AF AC 43 B7 6D C2 41 CB 30 B9 42
1788592883.185077,34680,12,83 DC AA 43 5F DB B4 41 1B DE B1 42
1788592883.195740,34680,12,84 91 A8 43 F8 2C 94 41 AF 21 C0 42
1788592883.206252,34680,12,B4 DB A5 43 A6 09 9B 41 D7 99 BA 42
1788592883.216751,34680,12,CA CA A2 43 20 B8 AD 41 4A 6B C0 42
1788592883.227273,34680,12,56 70 9F 43 4D 78 D8 41 5F 2F C6 42
1788592883.237924,34680,12,87 DF 9B 43 21 14 F2 41 C0 3A C7 42
1788592883.248470,34680,12,0C 2D 98 43 2F A4 05 42 B2 58 BD 42
1788592883.259350,34680,12,F5 6D 94 43 D1 C5 16 42 50 E2 BF 42
1788592883.269969,34680,12,FF B7 90 43 41 34 3C 42 2C 0A C1 42
1788592883.280753,34680,12,65 20 8D 43 3B 69 4E 42 AB 5B CD 42
1788592883.291238,34680,12,B8 BB 89 43 16 C9 5F 42 96 58 CE 42
1788592883.301748,34680,12,A7 9D 86 43 5D 14 71 42 0F 59 D1 42
1788592883.312212,34680,12,F6 D7 83 43 52 CF 85 42 7B 96 CD 42
1788592883.322697,34680,12,B8 7A 81 43 E9 6A 8A 42 C2 A5 D1 42
1788592883.333301,34680,12,CE 26 7F 43 EA BF 94 42 02 B1 D7 42
1788592883.343823,34680,12,1C 5A 7C 43 9B 7C 9D 42 6F 0B D4 42
1788592883.354421,34680,12,54 9F 7A 43 64 75 9D 42 E3 AC DA 42
1788592883.364884,34680,12,67 00 7A 43 09 C8 A0 42 1D 9B D6 42
1788592883.375417,34680,12,F0 80 7A 43 58 75 A4 42 04 E8 DE 42
1788592883.386060,34680,12,12 1E 7C 43 4A 2C 97 42 5D 54 D7 42
1788592883.396641,34680,12,70 CE 7E 43 D2 98 98 42 9A 20 E0 42
1788592883.407039,34680,12,4F 41 81 43 02 85 92 42 EB FD E3 42
1788592883.417675,34680,12,B8 92 83 43 C8 ED 7E 42 70 89 E9 42
1788592883.428173,34680,12,02 4E 86 43 F5 75 70 42 2A 75 E4 42
1788592883.438676,34680,12,9B 63 89 43 2A BE 66 42 EC 2F ED 42
1788592883.449293,34680,12,A1 C1 8C 43 A6 88 48 42 1C 4F F0 42
1788592883.459715,34680,12,CA 54 90 43 91 05 33 42 F9 5C E5 42
1788592883.470103,34680,12,A2 08 94 43 A4 E5 16 42 8D 8A EB 42
1788592883.480496,34680,12,B0 C7 97 43 DB 29 FE 41 55 92 E5 42
1788592883.491185,34680,12,9B 7C 9B 43 88 3A E5 41 5D 68 9C 41
1788592883.502453,34680,12,E2 11 9F 43 52 FB CA 41 C9 DD B0 41
1788592883.513077,34680,12,05 73 A2 43 D8 1F 95 41 28 D6 C8 41
1788592883.526275,34680,12,AB 8C A5 43 0E CA 97 41 E1 0F B5 41
1788592883.537148,34680,12,D6 4C A8 43 F2 07 86 41 32 C3 C1 41
1788592883.547611,34680,12,DC A3 AA 43 47 3C BB 41 7E B6 C4 41
1788592883.564727,34680,12,2A 84 AC 43 2E A3 98 41 97 5C EA 41
1788592883.575218,34680,12,07 E3 AD 43 F8 63 BD 41 EC B2 D3 41
1788592883.586222,34680,12,96 B8 AE 43 8C 21 E5 41 13 C0 E3 41
1788592883.596719,34680,12,00 00 AF 43 6C E0 09 42 5D 18 D9 41
1788592883.607203,34680,12,AE B7 AE 43 97 ED 20 42 29 CF F1 41
1788592883.618392,34680,12,44 E1 AD 43 48 8F 31 42 75 11 FF 41
1788592883.631169,34680,12,93 81 AC 43 09 DD 4D 42 F5 04 F0 41
1788592883.641600,34680,12,72 A0 AA 43 14 2C 62 42 DE D3 11 42
1788592883.652212,34680,12,C7 48 A8 43 62 57 82 42 3B 4C 04 42
1788592883.668894,34680,12,ED 87 A5 43 4A 18 8B 42 13 A4 0B 42
1788592883.679661,34680,12,DB 6D A2 43 35 BF 91 42 0A 55 0C 42
1788592883.690239,34680,12,55 0C 9F 43 2E 51 9B 42 32 CC 18 42
1788592883.701724,34680,12,B3 76 9B 43 8E ED 9C 42 2E 47 1D 42
1788592883.712342,34680,12,BF C1 97 43 87 6E 9F 42 F9 03 0E 42
1788592883.722914,34680,12,9A 02 94 43 39 81 9C 42 29 8D 2C 42
1788592883.733564,34680,12,FD 4E 90 43 23 10 A0 42 0C B5 2F 42
1788592883.744153,34680,12,18 BC 8C 43 D5 C8 95 42 F9 79 1B 42
1788592883.754617,34680,12,62 5E 89 43 84 A5 8E 42 4D 0F 2A 42
1788592883.765136,34680,12,5F 49 86 43 88 E7 8F 42 E3 5F 2E 42
1788592883.775748,34680,12,A1 8E 83 43 81 D8 7C 42 B3 ED 30 42
1788592883.786213,34680,12,FC 3D 81 43 23 BD 6B 42 02 95 2C 42
1788592883.796703,34680,12,5A C9 7E 43 84 D4 50 42 F2 CB 41 42
1788592883.807439,34680,12,97 1A 7C 43 AA 31 3C 42 64 C5 44 42
1788592883.818094,34680,12,42 7F 7A 43 27 0F 1D 42 6B C2 38 42
1788592883.829351,34680,12,81 00 7A 43 DA AD 0E 42 64 13 3C 42
1788592883.854025,34680,12,35 A1 7A 43 9D F7 02 42 6E 41 50 42
1788592883.871953,34680,12,BA 5D 7C 43 F4 FC AA 41 39 39 4C 42
1788592883.882741,34680,12,2A 2C 7F 43 2B 55 B2 41 04 C7 52 42
1788592883.893460,34680,12,1F 7E 81 43 51 6C D0 41 21 E8 58 42
1788592883.903919,34680,12,1F DC 83 43 E5 57 87 41 D0 F0 68 42
1788592883.914422,34680,12,59 A2 86 43 55 AF 83 41 2B EE 61 42
1788592883.924880,34680,12,E9 C0 89 43 05 EF AB 41 C9 FB 67 42
1788592883.935410,34680,12,F6 25 8D 43 92 70 D4 41 77 F7 6B 42
1788592883.945891,34680,12,D1 BD 90 43 B5 B0 E8 41 94 55 61 42
1788592883.956494,34680,12,00 74 94 43 80 27 00 42 D3 3C 6B 42
1788592883.967215,34680,12,FB 32 98 43 7D F6 14 42 96 2F 74 42
1788592883.977674,34680,12,51 E5 9B 43 E3 C9 37 42 BC 2B 82 42
1788592883.988836,34680,12,DA 75 9F 43 7E 46 46 42 17 0C 7C 42
1788592883.999493,34680,12,E8 CF A2 43 DE 36 6B 42 26 83 7B 42
1788592884.010117,34680,12,61 E0 A5 43 90 5C 72 42 77 F8 82 42
1788592884.021199,34680,12,81 95 A8 43 84 0E 86 42 97 12 82 42
1788592884.031892,34680,12,CA DF AA 43 D6 25 89 42 50 84 82 42
1788592884.042747,34680,12,1E B2 AC 43 D7 9B 97 42 CD 14 8A 42
1788592884.053416,34680,12,EC 01 AE 43 86 1F 9D 42 54 A2 8E 42
1788592884.064001,34680,12,B9 C7 AE 43 7A 06 A3 42 C7 6A 8B 42
1788592884.074706,34680,12,0B FF AE 43 36 54 A1 42 B0 49 88 42
1788592884.085391,34680,12,AB A6 AE 43 E5 20 9F 42 71 A1 91 42
1788592884.095915,34680,12,8C C0 AD 43 7A 1C 91 42 B7 A5 8D 42
1788592884.106552,34680,12,E6 51 AC 43 54 AD 96 42 08 A8 92 42
1788592884.117609,34680,12,E2 62 AA 43 9E 64 8D 42 D1 2C 9C 42
1788592884.128119,34680,12,B7 FE A7 43 58 6D 83 42 DA AF 98 42
1788592884.138713,34680,12,1A 33 A5 43 72 51 7B 42 4C BB 99 42
1788592884.149296,34680,12,05 10 A2 43 B6 5E 47 42 D3 35 99 42
1788592884.159801,34680,12,AC A7 9E 43 60 DD 4F 42 0A 9B 9D 42
1788592884.172093,34680,12,7A 0D 9B 43 7C D0 38 42 B8 F2 A4 42
1788592884.183515,34680,12,52 56 97 43 52 53 13 42 C5 D6 A4 42
1788592884.194422,34680,12,7B 97 93 43 CA 73 FB 41 C8 6D A6 42
1788592884.205429,34680,12,64 E6 8F 43 D3 4E EF 41 18 6B A9 42
1788592884.215962,34680,12,77 58 8C 43 16 6D AC 41 02 0E A9 42
1788592884.227009,34680,12,F5 01 89 43 CE 95 94 41 88 9B A6 42
1788592884.237715,34680,12,3B F6 85 43 16 32 AA 41 65 11 A7 42
1788592884.248487,34680,12,B3 46 83 43 CA 0D 9B 41 5C A1 AE 42
1788592884.259054,34680,12,C2 02 81 43 18 B6 AE 41 FF 4E B1 42
1788592884.269526,34680,12,14 6F 7E 43 C9 35 B3 41 97 18 B3 42
1788592884.280126,34680,12,8A DE 7B 43 E5 26 CD 41 8D 27 B1 42
1788592884.290661,34680,12,C5 62 7A 43 93 33 FC 41 73 FD B6 42
1788592884.301202,34680,12,39 04 7A 43 5A 25 0F 42 03 FC B0 42
1788592884.311980,34680,12,0C C5 7A 43 26 BA 29 42 3F 33 C0 42
1788592884.322512,34680,12,E2 A0 7C 43 81 95 3C 42 00 FB B9 42
1788592884.333032,34680,12,22 8D 7F 43 8A A4 5B 42 D0 68 B9 42
1788592884.343509,34680,12,6C BC 81 43 6D C5 6E 42 8B 19 C0 42
1788592884.353975,34680,12,C5 26 84 43 A5 4B 82 42 C2 DC C3 42
1788592884.364490,34680,12,CE F7 86 43 2E B6 8B 42 16 6E BD 42
1788592884.374971,34680,12,2F 1F 8A 43 43 99 8E 42 21 C3 C4 42
1788592884.385490,34680,12,F1 8A 8D 43 77 A0 91 42 75 33 C3 42
1788592884.396038,34680,12,3B 27 91 43 21 77 9D 42 9F A4 CB 42
1788592884.406526,34680,12,61 DF 94 43 68 B8 A7 42 53 CC CC 42
1788592884.417382,34680,12,1C 9E 98 43 10 60 9B 42 7A EC CE 42
1788592884.427842,34680,12,B2 4D 9C 43 74 BB 9B 42 10 34 CD 42
1788592884.438363,34680,12,22 D9 9F 43 F9 B1 98 42 84 07 CE 42
1788592884.448916,34680,12,DC 2B A3 43 EC 4C 8B 42 AE 41 D4 42
1788592884.459908,34680,12,DF 32 A6 43 F9 81 85 42 14 3C D0 42
1788592884.470624,34680,12,D2 DC A8 43 54 07 87 42 50 EE D7 42
1788592884.484826,34680,12,43 1A AB 43 4D 99 5D 42 8C F4 DB 42
1788592884.496421,34680,12,6E DE AC 43 21 08 4D 42 0B 28 DD 42
1788592884.507015,34680,12,14 1F AE 43 4A B3 3E 42 0F B7 E0 42
1788592884.517772,34680,12,0E D5 AE 43 C2 5C 24 42 67 A0 DA 42
1788592884.528471,34680,12,48 FC AE 43 85 67 FF 41 F2 6D DE 42
1788592884.538867,34680,12,DB 93 AE 43 8F 44 D7 41 07 20 E1 42
1788592884.549337,34680,12,1C 9E AD 43 04 F4 CC 41 93 5A DC 42
1788592884.559892,34680,12,9C 20 AC 43 D2 EE A4 41 A5 9F E5 42
1788592884.570560,34680,12,E8 23 AA 43 23 2F A1 41 65 92 E4 42
1788592884.581092,34680,12,5A B3 A7 43 15 A3 85 41 15 75 EC 42
1788592884.591636,34680,12,19 DD A4 43 52 ED B8 41 04 6F EA 42
1788592884.602494,34680,12,50 B1 A1 43 00 37 A4 41 7A 6C 8D 41
1788592884.613274,34680,12,63 42 9E 43 EB F5 C1 41 4C DC BB 41
1788592884.623773,34680,12,FB A3 9A 43 11 9F E4 41 48 12 A7 41
1788592884.634278,34680,12,CD EA 96 43 37 B6 05 42 A9 0F D3 41
1788592884.644794,34680,12,71 2C 93 43 8A F5 29 42 17 B9 B7 41
1788592884.660760,34680,12,3D 7E 8F 43 DD 72 3B 42 96 D0 CB 41
1788592884.671351,34680,12,89 F5 8B 43 E6 3B 4E 42 5C 81 D7 41
1788592884.681792,34680,12,8F A6 88 43 BE BC 5F 42 98 2C CD 41
1788592884.693041,34680,12,40 A4 85 43 8A B8 7D 42 8C BE E2 41
1788592884.703630,34680,12,10 00 83 43 37 70 86 42 C5 38 D8 41
1788592884.714120,34680,12,0C C9 80 43 40 35 8B 42 22 ED 01 42
1788592884.725562,34680,12,1C 18 7E 43 BC 93 8A 42 B7 0D 01 42
1788592884.735984,34680,12,06 A6 7B 43 5A 23 9E 42 01 E5 E6 41
1788592884.746359,34680,12,E1 49 7A 43 06 CD 9F 42 E4 AC 04 42
1788592884.757123,34680,12,8F 0B 7A 43 5F 76 9A 42 87 39 07 42
1788592884.768057,34680,12,74 EC 7A 43 91 F5 9B 42 32 A7 FC 41
1788592884.778577,34680,12,79 E7 7C 43 56 91 95 42 66 56 0F 42
1788592884.789050,34680,12,3A F1 7F 43 31 34 95 42 D3 06 1D 42
1788592884.800903,34680,12,30 FC 81 43 B3 1A 8C 42 A7 83 12 42
1788592884.811533,34680,12,C7 72 84 43 2E 23 81 42 79 A5 26 42
1788592884.822082,34680,12,59 4E 87 43 15 70 67 42 85 05 17 42
1788592884.832903,34680,12,51 7E 8A 43 46 18 45 42 7F 9A 1F 42
1788592884.843408,34680,12,70 F0 8D 43 10 6E 41 42 E5 3F 33 42
1788592884.854258,34680,12,FE 90 91 43 92 A8 15 42 A1 FB 3A 42
1788592884.864753,34680,12,F1 4A 95 43 E2 FB 06 42 73 5B 32 42
1788592884.875382,34680,12,0E 09 99 43 5B 8B F2 41 B1 09 2E 42
1788592884.885974,34680,12,9E B5 9C 43 AD 52 CF 41 0C 81 45 42
1788592884.896491,34680,12,9D 3B A0 43 D9 A1 C7 41 34 82 34 42
1788592884.906957,34680,12,DD 86 A3 43 21 60 C3 41 F5 52 39 42
1788592884.917569,34680,12,43 84 A6 43 E0 23 A2 41 C6 4A 52 42
1788592884.928268,34680,12,C6 22 A9 43 9F 0A A6 41 C1 DC 4C 42
1788592884.938817,34680,12,35 53 AB 43 C6 33 B2 41 8B 22 3F 42
1788592884.949406,34680,12,0C 09 AD 43 38 3F C7 41 7C FF 50 42
1788592884.960277,34680,12,7C 3A AE 43 91 A3 CF 41 E9 04 52 42
1788592884.970787,34680,12,9B E0 AE 43 1B D8 08 42 5B C9 5D 42
1788592884.981253,34680,12,B4 F7 AE 43 6F 8C 10 42 D5 0B 5B 42
1788592884.991729,34680,12,44 7F AE 43 45 39 2B 42 88 EB 60 42
1788592885.002228,34680,12,FE 79 AD 43 5D 34 4B 42 08 C8 68 42
1788592885.013172,34680,12,B8 ED AB 43 EE F1 4F 42 10 0B 61 42
1788592885.023642,34680,12,6A E3 A9 43 43 1F 80 42 AD 4E 64 42
1788592885.034181,34680,12,B4 66 A7 43 4F 65 86 42 6F 78 7D 42
1788592885.044749,34680,12,05 86 A4 43 9E 3D 93 42 B8 56 81 42
1788592885.055264,34680,12,D8 51 A1 43 D1 A2 97 42 84 EB 6A 42
1788592885.065757,34680,12,81 DC 9D 43 40 84 A1 42 48 AF 7A 42
1788592885.076292,34680,12,0E 3A 9A 43 2D 3A 9A 42 E5 29 82 42
1788592885.086829,34680,12,36 7F 96 43 9D 26 9D 42 32 EB 7B 42
1788592885.097838,34680,12,9B C1 92 43 0D 78 9C 42 C7 64 83 42
1788592885.108315,34680,12,A6 16 8F 43 D2 86 9C 42 1B 3B 87 42
1788592885.120151,34680,12,56 93 8B 43 FA 67 90 42 4F EC 8A 42
1788592885.131198,34680,12,0B 4C 88 43 C1 04 8F 42 3F 97 8F 42
1788592885.141679,34680,12,74 53 85 43 9E 89 82 42 79 76 8B 42
1788592885.152364,34680,12,CC BA 82 43 4A B1 6C 42 42 C1 8A 42
1788592885.163130,34680,12,ED 90 80 43 B9 3C 62 42 3D D9 8C 42
1788592885.174104,34680,12,76 C4 7D 43 62 E0 3F 42 00 30 8A 42
1788592885.184635,34680,12,F5 70 7B 43 2D AE 36 42 E4 35 91 42
1788592885.195268,34680,12,95 34 7A 43 57 0E 15 42 EA 66 97 42
1788592885.205737,34680,12,84 16 7A 43 AE 08 F7 41 72 33 9C 42
1788592885.216194,34680,12,60 17 7B 43 A6 5E C9 41 E4 C1 9A 42
1788592885.226896,34680,12,78 31 7D 43 EA AF A8 41 C3 F2 9D 42
1788592885.237434,34680,12,4D 2C 80 43 65 B0 B4 41 CD B5 9F 42
1788592885.247910,34680,12,68 3D 82 43 C7 EC C5 41 90 8B 9C 42
1788592885.258714,34680,12,0F C0 84 43 00 44 8E 41 40 5A 9D 42
1788592885.269466,34680,12,E0 A5 87 43 B3 E1 93 41 3A F9 9B 42
1788592885.279988,34680,12,49 DE 8A 43 45 86 BC 41 3E 84 B1 42
1788592885.290588,34680,12,9C 56 8E 43 7D 87 DA 41 12 64 A8 42
1788592885.301197,34680,12,13 FB 91 43 E7 EE F9 41 C5 BF A9 42
1788592885.311685,34680,12,8D B6 95 43 0B CF 04 42 B1 60 AC 42
1788592885.323862,34680,12,AE 73 99 43 31 9D 22 42 19 FA AD 42
1788592885.334499,34680,12,0E 1D 9D 43 5E 6D 3B 42 45 4B AF 42
1788592885.345228,34680,12,71 9D A0 43 8F 90 59 42 A5 6C AC 42
1788592885.355989,34680,12,E3 E0 A3 43 33 40 66 42 70 CB B9 42
1788592885.366506,34680,12,76 D4 A6 43 71 BF 84 42 EF 29 B7 42
1788592885.377100,34680,12,48 67 A9 43 D2 26 89 42 66 9E B7 42
1788592885.387978,34680,12,9C 8A AB 43 15 48 91 42 36 33 B6 42
1788592885.398512,34680,12,09 32 AD 43 4C 0D 99 42 3B 45 B5 42
1788592885.409024,34680,12,24 54 AE 43 4C B5 9A 42 B6 AE BF 42
1788592885.419496,34680,12,5A EA AE 43 D9 F6 9D 42 6C 07 C1 42
1788592885.430023,34680,12,54 F1 AE 43 56 D4 A1 42 C2 1D C3 42
1788592885.440491,34680,12,E6 68 AE 43 C8 41 9F 42 CB 6E C4 42
1788592885.451088,34680,12,26 54 AD 43 78 24 9A 42 A3 91 CF 42
1788592885.462158,34680,12,3D B9 AB 43 1A 8F 93 42 E6 C1 C3 42
1788592885.472687,34680,12,7B A1 A9 43 52 C9 8B 42 7C DF C7 42
1788592885.483524,34680,12,DE 18 A7 43 E4 2E 75 42 28 C6 C5 42
1788592885.494401,34680,12,E4 2D A4 43 DA 96 72 42 60 09 C9 42
1788592885.504986,34680,12,79 F1 A0 43 69 F8 49 42 5B B9 D3 42
1788592885.515570,34680,12,0D 76 9D 43 FC 22 34 42 74 BB CE 42
1788592885.526099,34680,12,D2 CF 99 43 1D E0 10 42 6E 53 D3 42
1788592885.536638,34680,12,AF 13 96 43 48 94 FD 41 E7 9D D8 42
1788592885.547187,34680,12,01 57 92 43 98 53 F0 41 23 66 D6 42
1788592885.557727,34680,12,77 AF 8E 43 F2 C3 DB 41 C8 39 D8 42
1788592885.568273,34680,12,E3 31 8B 43 F8 A3 AF 41 9C A7 DC 42
1788592885.578818,34680,12,84 F2 87 43 B8 19 B8 41 8F 7F D3 42
1788592885.589740,34680,12,EF 03 85 43 47 70 A5 41 9B 2C DF 42
1788592885.600733,34680,12,EE 76 82 43 2E AC 78 41 EF 5B E5 42
1788592885.611232,34680,12,4D 5A 80 43 7E 56 B5 41 BC AC E4 42
1788592885.621855,34680,12,2A 74 7D 43 41 52 BF 41 01 37 E9 42
1788592885.632436,34680,12,68 3F 7B 43 3F E1 CE 41 E0 97 E7 42
1788592885.642920,34680,12,E9 22 7A 43 9E 85 08 42 25 2C EA 42
1788592885.653405,34680,12,15 25 7A 43 E2 AB 24 42 08 45 ED 42
1788592885.663822,34680,12,E0 45 7B 43 AE 46 38 42 FF 0B EC 42
1788592885.674371,34680,12,DC 7E 7D 43 3D B6 3F 42 8D 08 A6 41
1788592885.684881,34680,12,92 61 80 43 C1 48 64 42 A8 C0 B3 41
1788592885.695408,34680,12,FE 7F 82 43 5E 27 6B 42 E9 7C A5 41
1788592885.705802,34680,12,96 0E 85 43 9A F4 84 42 3E B1 BA 41
1788592885.717561,34680,12,85 FE 87 43 B0 50 90 42 43 11 B6 41
1788592885.727977,34680,12,0F 3F 8B 43 35 03 93 42 E2 3F E6 41
1788592885.743286,34680,12,56 BD 8E 43 97 5B 9E 42 B3 A4 D2 41
1788592885.754150,34680,12,5A 65 92 43 39 BD A2 42 20 8B DD 41
1788592885.764648,34680,12,2F 22 96 43 17 66 9E 42 E5 19 D2 41
1788592885.776198,34680,12,27 DE 99 43 D0 AB A0 42 D6 B3 CB 41
1788592885.786586,34680,12,FA 83 9D 43 CD 1E 9F 42 A9 9E 04 42
1788592885.797005,34680,12,81 FE A0 43 05 DB 97 42 96 0C FD 41
1788592885.807387,34680,12,D3 39 A4 43 E5 15 86 42 6E 82 00 42
1788592885.817955,34680,12,70 23 A7 43 9B 76 88 42 43 C2 FE 41
1788592885.829378,34680,12,72 AA A9 43 7E D4 6F 42 FF A4 07 42
1788592885.840136,34680,12,72 C0 AB 43 ED 07 5C 42 01 33 0B 42
1788592885.850712,34680,12,58 59 AD 43 03 98 47 42 16 03 0A 42
1788592885.861195,34680,12,04 6C AE 43 7F 10 31 42 5C 49 0B 42
1788592885.871721,34680,12,4C F2 AE 43 15 1F 18 42 06 AF 0D 42
1788592885.882238,34680,12,25 E9 AE 43 84 6A 00 42 80 54 21 42
1788592885.892634,34680,12,C4 50 AE 43 3C C3 E8 41 87 04 18 42
1788592885.903053,34680,12,9C 2C AD 43 A7 AF BA 41 FD EA 30 42
1788592885.913783,34680,12,3C 83 AB 43 D1 CF C8 41 A8 70 22 42
1788592885.924297,34680,12,20 5E A9 43 63 11 B8 41 A8 36 23 42
1788592885.934733,34680,12,BA C9 A6 43 EC 15 A9 41 C2 19 2D 42
1788592885.945172,34680,12,BC D4 A3 43 DE FC A6 41 2E 5A 1F 42
1788592885.955576,34680,12,4E 90 A0 43 58 ED A6 41 99 FB 32 42
1788592885.966140,34680,12,26 0F 9D 43 9E 16 BF 41 A0 23 44 42
1788592885.976656,34680,12,50 65 99 43 A1 AF ED 41 96 84 39 42
1788592885.987152,34680,12,0D A8 95 43 59 DF 07 42 2A 3F 3A 42
1788592885.997672,34680,12,AB EC 91 43 33 0C 20 42 69 B8 4E 42
1788592886.008153,34680,12,CF 48 8E 43 C4 FA 3A 42 3B 98 53 42
1788592886.018560,34680,12,4F D1 8A 43 8C 7E 4D 42 A4 1C 49 42
1788592886.028992,34680,12,03 9A 87 43 D4 4A 6A 42 7C 9E 54 42
1788592886.039440,34680,12,93 B5 84 43 23 9E 7B 42 C8 7B 60 42
1788592886.049922,34680,12,7A 34 82 43 1A 7D 80 42 4E F9 60 42
1788592886.060475,34680,12,3F 25 80 43 FE 2A 93 42 C1 4D 65 42
1788592886.071175,34680,12,4D 27 7D 43 13 17 9A 42 48 2C 68 42
1788592886.081707,34680,12,62 11 7B 43 13 16 9F 42 1F F1 62 42
1788592886.092760,34680,12,D4 14 7A 43 40 46 A1 42 9D DA 66 42
1788592886.103271,34680,12,43 37 7A 43 6D 03 9E 42 B8 A4 5F 42
1788592886.113898,34680,12,E7 77 7B 43 18 AD 9F 42 4C 3A 76 42
1788592886.126070,34680,12,8A CF 7D 43 2C F6 95 42 96 3E 73 42
1788592886.136559,34680,12,67 98 80 43 D8 D9 99 42 B7 3D 74 42
1788592886.147006,34680,12,0C C4 82 43 34 CC 85 42 4E EF 83 42
1788592886.157552,34680,12,57 5E 85 43 AE 70 7B 42 A7 DE 84 42
1788592886.168044,34680,12,2E 58 88 43 D2 60 5C 42 D5 35 85 42
1788592886.178538,34680,12,85 A0 8B 43 54 85 54 42 A2 C4 87 42
1788592886.189264,34680,12,97 24 8F 43 64 63 3A 42 6E 03 8B 42
1788592886.199696,34680,12,FC CF 92 43 07 67 1F 42 96 23 85 42
1788592886.210360,34680,12,CE 8D 96 43 E4 C5 05 42 FE 11 8B 42
1788592886.220762,34680,12,58 48 9A 43 48 76 F1 41 D8 EA 8A 42
1788592886.231807,34680,12,43 EA 9D 43 4F 41 DA 41 44 D6 8D 42
1788592886.242347,34680,12,C4 5E A1 43 F2 F0 D0 41 37 86 93 42
1788592886.252857,34680,12,D0 91 A4 43 F9 A0 AD 41 DB D8 97 42
1788592886.263417,34680,12,2D 71 A7 43 0C 9E 9C 41 0C A5 93 42
1788592886.273968,34680,12,30 EC A9 43 A7 1D AB 41 E3 B1 96 42
1788592886.293618,34680,12,AB F4 AB 43 7B 53 B3 41 7C D4 97 42
1788592886.305488,34680,12,F7 7E AD 43 21 CF DA 41 E5 04 A0 42
1788592886.315974,34680,12,24 82 AE 43 C9 8F E0 41 8C 0B 9E 42
1788592886.326527,34680,12,6E F8 AE 43 60 24 F2 41 0D 0D A0 42
1788592886.337099,34680,12,27 DF AE 43 8A 2E 1C 42 88 97 A9 42
1788592886.347640,34680,12,E5 36 AE 43 B5 A9 34 42 F5 F3 A7 42
1788592886.358148,34680,12,66 03 AD 43 2F DA 4A 42 C7 45 A7 42
1788592886.368621,34680,12,A0 4B AB 43 D8 97 61 42 EE 3E A8 42
1788592886.379180,34680,12,5E 19 A9 43 EF 35 7F 42 B9 D0 AA 42
1788592886.389741,34680,12,5E 79 A6 43 8F 31 86 42 B4 94 B1 42
1788592886.401106,34680,12,A9 7A A3 43 23 4B 8B 42 4D 24 B2 42
1788592886.411908,34680,12,60 2E A0 43 2B D8 99 42 63 29 AC 42
1788592886.422344,34680,12,A5 A7 9C 43 84 04 A1 42 B5 69 AF 42
1788592886.433693,34680,12,8F FA 98 43 59 F4 9C 42 27 1D B1 42
1788592886.444895,34680,12,72 3C 95 43 DB F3 A2 42 B7 B0 AF 42
1788592886.455364,34680,12,B9 82 91 43 B7 93 9D 42 10 7C B7 42
1788592886.465843,34680,12,B7 E2 8D 43 B5 C2 98 42 5D C8 BB 42
1788592886.476278,34680,12,74 71 8A 43 99 F9 92 42 51 B2 BB 42
1788592886.486734,34680,12,8C 42 87 43 2E 63 8D 42 B2 D5 BC 42
1788592886.497572,34680,12,77 68 84 43 5F 36 7A 42 24 3D B6 42
1788592886.507996,34680,12,83 F3 81 43 DD E3 72 42 9C C4 C1 42
1788592886.518407,34680,12,8B E3 7F 43 EC 6E 53 42 C7 0F C4 42
1788592886.528850,34680,12,C3 DD 7C 43 CD 95 43 42 7A 1C C6 42
1788592886.541111,34680,12,E7 E6 7A 43 2D 89 22 42 67 98 C5 42
1788592886.552351,34680,12,5C 0A 7A 43 2A DF 1D 42 70 44 CC 42
1788592886.563075,34680,12,06 4D 7A 43 FA EC F1 41 01 55 CA 42
1788592886.573860,34680,12,71 AD 7B 43 19 B1 D3 41 A8 3C CC 42
1788592886.584428,34680,12,A2 23 7E 43 3E D2 BB 41 92 D8 CD 42
1788592886.594893,34680,12,C9 D0 80 43 8A 00 9D 41 45 62 CC 42
1788592886.605341,34680,12,80 09 83 43 9A 67 89 41 FF 05 D8 42
1788592886.615801,34680,12,3A AF 85 43 2C 05 A1 41 A4 20 D3 42
1788592886.626302,34680,12,D4 B2 88 43 FC F1 B6 41 8D 5B D5 42
1788592886.636877,34680,12,D3 02 8C 43 00 F0 A5 41 EB D0 D8 42
1788592886.647344,34680,12,56 8C 8F 43 F6 28 CD 41 51 38 D8 42
1788592886.657878,34680,12,DA 3A 93 43 63 48 F3 41 EC A2 D6 42
1788592886.668902,34680,12,4A F9 96 43 88 F1 18 42 12 96 DE 42
1788592886.685812,34680,12,3A B2 9A 43 62 A7 31 42 9D A6 E1 42
1788592886.701830,34680,12,11 50 9E 43 E6 31 45 42 FA 2C E8 42
1788592886.721954,34680,12,35 BE A1 43 88 82 4B 42 B9 05 E2 42
1788592886.732463,34680,12,C0 E8 A4 43 D9 70 72 42 BF 28 E9 42
1788592886.742944,34680,12,94 BD A7 43 D7 39 80 42 D9 8E E8 42
1788592886.753681,34680,12,7C 2C AA 43 F3 CD 8D 42 AA 25 EA 42
1788592886.764159,34680,12,58 27 AC 43 AE 4E 90 42 04 20 EB 42
1788592886.774622,34680,12,E2 A2 AD 43 C9 4A 9A 42 71 C8 9A 41
1788592886.785070,34680,12,7E 96 AE 43 25 BB 9E 42 87 74 AF 41
1788592886.795623,34680,12,C2 FC AE 43 23 A5 A4 42 58 1E BE 41
1788592886.807452,34680,12,5D D3 AE 43 FE FA 9E 42 5C 76 C6 41
1788592886.819474,34680,12,40 1B AE 43 F2 E1 9B 42 2D 54 AE 41
1788592886.829965,34680,12,84 D8 AC 43 2A 86 9A 42 E4 0E C2 41
1788592886.840512,34680,12,79 12 AB 43 DA 50 89 42 56 01 B9 41
1788592886.851038,34680,12,4B D3 A8 43 7A 55 86 42 3A ED E1 41
1788592886.861536,34680,12,D0 27 A6 43 3C D2 78 42 A9 E0 F1 41
1788592886.872334,34680,12,87 1F A3 43 F1 C8 55 42 85 95 E9 41
1788592886.882873,34680,12,B5 CB 9F 43 90 57 45 42 2B C4 E3 41
1788592886.893329,34680,12,A9 3F 9C 43 13 67 2B 42 06 50 F5 41
1788592886.903719,34680,12,B0 8F 98 43 78 39 1C 42 04 FA 07 42
1788592886.914092,34680,12,E5 D0 94 43 06 2C 03 42 97 6C 02 42
1788592886.924582,34680,12,02 19 91 43 5E 0B BC 41 F0 D6 08 42
1788592886.935272,34680,12,35 7D 8D 43 3C 06 C7 41 D3 AE 16 42
1788592886.945839,34680,12,6E 12 8A 43 C4 FE A4 41 85 23 FC 41
1788592886.956305,34680,12,3A EC 86 43 87 5E 92 41 6C A8 07 42
1788592886.967140,34680,12,A1 1C 84 43 DA 13 97 41 6E 02 21 42
1788592886.977804,34680,12,F1 B3 81 43 84 1B A5 41 15 5D 21 42
1788592886.988238,34680,12,CA 7F 7F 43 D6 42 BB 41 2E 28 1F 42
1788592886.998732,34680,12,A2 97 7C 43 E1 32 F0 41 7E DA 20 42
1788592887.009424,34680,12,03 C0 7A 43 F8 FE EC 41 3B AC 19 42
1788592887.019848,34680,12,82 03 7A 43 D7 4D 13 42 C0 53 28 42
1788592887.030553,34680,12,66 66 7A 43 10 36 24 42 74 68 2F 42
1788592887.041944,34680,12,7B E6 7B 43 A6 15 41 42 64 60 36 42
1788592887.052385,34680,12,0D 7B 7E 43 3E C9 49 42 1F D9 34 42
1788592887.062969,34680,12,A6 0A 81 43 A5 7B 5E 42 B6 07 34 42
1788592887.073475,34680,12,52 50 83 43 F2 39 75 42 8B E0 40 42
1788592887.084034,34680,12,5D 01 86 43 87 8F 83 42 FB 7B 48 42
1788592887.094772,34680,12,70 0E 89 43 BE F9 90 42 D3 C7 53 42
1788592887.105204,34680,12,D9 65 8C 43 A9 C1 9B 42 C1 14 47 42
1788592887.116096,34680,12,75 F4 8F 43 B3 7E A2 42 15 D0 4B 42
1788592887.127220,34680,12,EB A5 93 43 A8 FF A2 42 67 F7 49 42
1788592887.140055,34680,12,CD 64 97 43 73 93 9F 42 1F E4 4B 42
1788592887.150940,34680,12,C5 1B 9B 43 D6 37 A1 42 04 99 61 42
1788592887.161876,34680,12,46 B5 9E 43 F1 C3 9A 42 80 AF 5F 42
1788592887.172455,34680,12,B7 1C A2 43 84 60 95 42 67 E6 64 42
1788592887.182941,34680,12,9A 3E A5 43 3F D2 8F 42 13 A7 5D 42
1788592887.194203,34680,12,C5 08 A8 43 19 49 81 42 97 0C 6D 42
1788592887.205014,34680,12,52 6B AA 43 17 EB 6E 42 4F 5A 6B 42
1788592887.215499,34680,12,6B 58 AC 43 CF C1 53 42 71 D7 68 42
1788592887.226180,34680,12,0E C5 AD 43 58 22 37 42 0E 8A 76 42
1788592887.236769,34680,12,11 A9 AE 43 9B 50 29 42 8B DB 76 42
1788592887.247364,34680,12,47 FF AE 43 C8 20 14 42 FA CE 84 42
1788592887.257839,34680,12,C6 C5 AE 43 A9 A6 F6 41 19 67 85 42
1788592887.268557,34680,12,DC FD AD 43 D4 6F B8 41 05 A8 87 42
1788592887.279759,34680,12,06 AC AC 43 DC 6C B4 41 46 1A 89 42
1788592887.290230,34680,12,CC D7 AA 43 24 04 B3 41 9A 06 90 42
1788592887.300917,34680,12,CA 8B A8 43 08 EB A8 41 78 30 88 42
1788592887.311536,34680,12,18 D5 A5 43 CD 20 A1 41 A4 3D 8F 42
1788592887.322079,34680,12,72 C3 A2 43 23 C4 97 41 D1 4F 8C 42
1788592887.332638,34680,12,6C 68 9F 43 69 E0 B9 41 AE 09 89 42
1788592887.343295,34680,12,38 D7 9B 43 78 D9 CB 41 96 1A 95 42
1788592887.353882,34680,12,88 24 98 43 E9 C1 EB 41 D7 1A 98 42
1788592887.364402,34680,12,6E 65 94 43 74 54 1C 42 39 F0 8F 42
1788592887.374886,34680,12,A5 AF 90 43 B3 70 2A 42 9D 70 9C 42
1788592887.385424,34680,12,68 18 8D 43 AE 71 43 42 3D 0F 9A 42
1788592887.395986,34680,12,46 B4 89 43 61 E0 63 42 D1 19 A3 42
1788592887.406443,34680,12,EC 96 86 43 5C 7D 73 42 96 F9 9B 42
1788592887.416929,34680,12,17 D2 83 43 A0 83 80 42 A7 81 A1 42
1788592887.427378,34680,12,D8 75 81 43 65 0B 8F 42 65 9B 9A 42
1788592887.437956,34680,12,59 1F 7F 43 56 2F 9C 42 5A D1 A1 42
1788592887.448432,34680,12,F0 54 7C 43 2B 59 9A 42 7C 7F 9E 42
1788592887.458911,34680,12,A6 9C 7A 43 0C A6 9B 42 FD 3E A3 42
1788592887.469428,34680,12,47 00 7A 43 B3 B8 A7 42 01 CA AB 42
1788592887.480054,34680,12,5E 83 7A 43 90 2A A5 42 9B 36 AB 42
1788592887.490569,34680,12,F2 22 7C 43 11 90 99 42 16 EB AD 42
1788592887.501060,34680,12,C3 D5 7E 43 75 D6 96 42 5A FC AD 42
1788592887.511530,34680,12,15 46 81 43 0A D0 8A 42 87 A3 B1 42
1788592887.521960,34680,12,80 98 83 43 1C 67 7E 42 98 FC B1 42
1788592887.532445,34680,12,A9 54 86 43 CF 98 78 42 53 F0 AE 42
1788592887.544802,34680,12,E7 6A 89 43 D8 59 57 42 DC BE BC 42
1788592887.555491,34680,12,92 C9 8C 43 1E 84 34 42 CD A3 B7 42
1788592887.565930,34680,12,1D 5D 90 43 C6 20 36 42 74 04 C0 42
1788592887.576422,34680,12,27 11 94 43 E2 47 14 42 86 95 BB 42
1788592887.587066,34680,12,36 D0 97 43 48 35 06 42 C9 DD C3 42
1788592887.597538,34680,12,D9 84 9B 43 56 5C DC 41 A9 4F C4 42
1788592887.607983,34680,12,D8 19 9F 43 FD 76 BA 41 40 EF C2 42
1788592887.618559,34680,12,6E 7A A2 43 B8 8A A9 41 A5 48 C4 42
1788592887.629042,34680,12,5B 93 A5 43 77 AD A0 41 39 46 C5 42
1788592887.639593,34680,12,A8 52 A8 43 85 C3 8B 41 83 1D C1 42
1788592887.650114,34680,12,A0 A8 AA 43 E6 26 A6 41 7A 82 CC 42
1788592887.660605,34680,12,E0 87 AC 43 A1 36 B1 41 2E AC D2 42
1788592887.671311,34680,12,8B E5 AD 43 B5 7E D9 41 F0 1B D1 42
1788592887.681789,34680,12,DA B9 AE 43 3E 8A 00 42 2F E2 D5 42
1788592887.692300,34680,12,FD FF AE 43 84 1F 0E 42 46 75 D5 42
1788592887.702785,34680,12,68 B6 AE 43 45 DD 28 42 B2 E4 D2 42
1788592887.713269,34680,12,BC DE AD 43 3A 8A 34 42 38 68 DB 42
1788592887.723788,34680,12,D9 7D AC 43 08 A0 57 42 8E 55 DA 42
1788592887.749580,34680,12,9C 9B AA 43 C4 48 68 42 CB 7D DC 42
1788592887.768122,34680,12,F2 42 A8 43 2A EB 77 42 17 C4 E0 42
1788592887.778978,34680,12,4D 81 A5 43 72 75 92 42 A8 19 DC 42
1788592887.789477,34680,12,70 66 A2 43 B6 75 96 42 DC DE E3 42
1788592887.800430,34680,12,5D 04 9F 43 CA AB 9A 42 30 DE DC 42
1788592887.810954,34680,12,5C 6E 9B 43 34 24 9F 42 71 E9 E8 42
1788592887.821471,34680,12,39 B9 97 43 B2 1F A1 42 B4 E1 E6 42
1788592887.831933,34680,12,2E FA 93 43 20 F8 A0 42 5A B8 E5 42
1788592887.842403,34680,12,AB 46 90 43 CE F6 9C 42 58 A0 EA 42
1788592887.852928,34680,12,29 B4 8C 43 6C F5 9F 42 1B 6E E7 42
1788592887.866062,34680,12,02 57 89 43 7B D2 91 42 AD D1 9F 41
1788592887.877805,34680,12,BB 42 86 43 0B 14 8B 42 21 83 B9 41
1788592887.888368,34680,12,EE 88 83 43 EC D0 82 42 4B CD AC 41
1788592887.899447,34680,12,3A 39 81 43 A5 8C 6A 42 18 9D A1 41
1788592887.909940,34680,12,10 C2 7E 43 C4 2A 5B 42 CE A5 D1 41
1788592887.920591,34680,12,B2 15 7C 43 B7 98 40 42 67 3D CB 41
1788592887.936203,34680,12,DD 7C 7A 43 87 FB 24 42 18 47 E3 41
1788592887.946877,34680,12,AB 00 7A 43 46 8B 13 42 D4 A3 D1 41
1788592887.957431,34680,12,EC A3 7A 43 57 53 E1 41 3A 5A F6 41
1788592887.969201,34680,12,EE 62 7C 43 CC 5A BA 41 ED 54 D8 41
1788592887.979709,34680,12,A8 33 7F 43 3F 37 C4 41 81 29 EC 41
1788592887.990425,34680,12,12 83 81 43 15 FE A7 41 1C 36 E3 41
1788592888.000913,34680,12,02 E2 83 43 E3 FC 8F 41 DE CC 07 42
1788592888.011444,34680,12,18 A9 86 43 69 BB 8F 41 10 E8 08 42
1788592888.022020,34680,12,5D C8 89 43 EA 8B AD 41 1E 8B 03 42
1788592888.032536,34680,12,DE 2D 8D 43 23 FD B5 41 C3 71 01 42
1788592888.043423,34680,12,45 C6 90 43 BC 8E CD 41 BA 2D 0A 42
1788592888.053957,34680,12,88 7C 94 43 C6 56 09 42 AF 19 1D 42
1788592888.064454,34680,12,7E 3B 98 43 02 C3 1E 42 51 FD 13 42
1788592888.075167,34680,12,9F ED 9B 43 A9 63 24 42 44 0E 1B 42
1788592888.085986,34680,12,AB 7D 9F 43 26 E9 4E 42 AA 35 2B 42
1788592888.096451,34680,12,53 D7 A2 43 A0 A3 5A 42 87 8E 20 42
1788592888.107027,34680,12,FA E6 A5 43 14 92 6A 42 55 FB 2F 42
1788592888.117680,34680,12,37 9B A8 43 0A 32 84 42 FF 35 38 42
1788592888.128227,34680,12,7D E4 AA 43 EC 7A 91 42 F4 40 24 42
1788592888.138692,34680,12,A8 B5 AC 43 F5 B0 99 42 54 9A 29 42
1788592888.150520,34680,12,54 04 AE 43 05 03 9E 42 9F BA 27 42
1788592888.160979,34680,12,D9 C8 AE 43 C9 F5 A0 42 03 D2 3A 42
1788592888.172735,34680,12,E4 FE AE 43 3F 91 9D 42 A1 80 48 42
1788592888.183353,34680,12,3D A5 AE 43 28 DB 99 42 D5 F1 38 42
1788592888.194194,34680,12,E8 BD AD 43 A4 37 9F 42 C1 E7 4C 42
1788592888.204640,34680,12,00 4E AC 43 27 6A 95 42 CE D7 45 42
1788592888.215217,34680,12,EF 5D AA 43 2B C3 8B 42 96 E1 5A 42
1788592888.226019,34680,12,C8 F8 A7 43 E5 F7 82 42 15 68 55 42
1788592888.236484,34680,12,50 2C A5 43 73 A5 74 42 F4 07 64 42
1788592888.246981,34680,12,9E 08 A2 43 67 72 64 42 BF 25 60 42
1788592888.257555,34680,12,90 9F 9E 43 4A 79 3E 42 4C 0A 68 42
1788592888.268126,34680,12,1B 05 9B 43 21 11 17 42 6A B6 67 42
1788592888.278580,34680,12,CA 4D 97 43 F2 1F 19 42 15 F4 6D 42
1788592888.289102,34680,12,FA 8E 93 43 36 91 F8 41 47 F0 6B 42
1788592888.299654,34680,12,33 DE 8F 43 1E 29 D2 41 2A 50 81 42
1788592888.310184,34680,12,7F 50 8C 43 61 AB BC 41 7B 84 73 42
1788592888.320883,34680,12,A9 FA 88 43 62 2B 9E 41 F4 FF 6C 42
1788592888.331459,34680,12,AE EF 85 43 C4 80 A1 41 95 B3 6F 42
1788592888.342382,34680,12,0B 41 83 43 3F E5 82 41 7B FA 86 42
1788592888.352899,34680,12,2C FE 80 43 D5 BD A6 41 E2 F7 86 42
1788592888.363829,34680,12,F9 67 7E 43 BB 0D BA 41 FA BA 81 42
1788592888.374376,34680,12,EC D9 7B 43 57 60 CD 41 9C CF 89 42
1788592888.386009,34680,12,AA 60 7A 43 CE 38 F8 41 D0 68 84 42
1788592888.396569,34680,12,AC 04 7A 43 F1 BF 17 42 92 08 84 42
1788592888.407279,34680,12,03 C8 7A 43 A9 6C 22 42 4C FF 8C 42
1788592888.417987,34680,12,6D A6 7C 43 D6 65 2F 42 6A 46 8E 42
1788592888.428500,34680,12,F8 94 7F 43 A2 CF 4E 42 12 91 8E 42
1788592888.439272,34680,12,6F C1 81 43 5B 0C 6F 42 62 A5 8F 42
1788592888.449794,34680,12,C2 2C 84 43 F4 53 82 42 64 47 93 42
1788592888.460315,34680,12,8F FE 86 43 86 FD 89 42 FE 24 8E 42
1788592888.470947,34680,12,CB 26 8A 43 91 71 97 42 DB 6D 96 42
1788592888.481581,34680,12,FC 92 8D 43 86 08 9B 42 C9 4E A0 42
1788592888.492220,34680,12,9D 2F 91 43 2E 88 A2 42 E2 AA 95 42
1788592888.502757,34680,12,EB E7 94 43 72 80 A5 42 47 22 9F 42
1788592888.513422,34680,12,83 A6 98 43 A5 2A 9F 42 C8 31 9F 42
1788592888.523965,34680,12,0F 56 9C 43 15 D7 98 42 28 49 A1 42
1788592888.534504,34680,12,FC E0 9F 43 7F E2 94 42 62 7B A6 42
1788592888.545251,34680,12,1F 33 A3 43 1F 8D 95 42 F0 DF AB 42
1788592888.555730,34680,12,60 39 A6 43 4B 3E 86 42 70 DB A7 42
1788592888.566210,34680,12,5D E2 A8 43 7C 1A 75 42 14 9E A8 42
1788592888.576689,34680,12,E4 1E AB 43 BA 00 5E 42 B2 69 AC 42
1788592888.587276,34680,12,E0 E1 AC 43 B0 BE 3D 42 93 B9 B2 42
1788592888.597676,34680,12,51 21 AE 43 7A DF 2E 42 6C 26 B1 42
1788592888.608061,34680,12,0A D6 AE 43 8C 4A 1A 42 AC C1 AE 42
1788592888.618464,34680,12,FC FB AE 43 3C 26 07 42 78 0C B7 42
1788592888.631544,34680,12,44 92 AE 43 3A 14 D6 41 20 C9 BC 42
1788592888.642439,34680,12,4D 9B AD 43 61 D0 D8 41 BB 9A B5 42
1788592888.652982,34680,12,A1 1C AC 43 5A 2C C1 41 C2 30 B8 42
1788592888.664509,34680,12,D6 1E AA 43 E9 BD A6 41 1B 14 BA 42
1788592888.675061,34680,12,62 AD A7 43 04 75 8F 41 7E 7F C5 42
1788592888.685629,34680,12,25 D6 A4 43 FE 20 B8 41 06 47 C7 42
1788592888.698792,34680,12,C2 A9 A1 43 3A 18 D5 41 E2 CE C1 42
1788592888.709322,34680,12,52 3A 9E 43 88 2E DF 41 B8 83 BA 42
1788592888.719826,34680,12,95 9B 9A 43 D4 C3 BD 41 82 F5 C9 42
1788592888.730374,34680,12,5B E2 96 43 98 64 FD 41 77 AD C9 42
1788592888.740866,34680,12,DB 23 93 43 67 66 23 42 EA B9 C8 42
1788592888.751348,34680,12,FD 75 8F 43 37 46 33 42 1F FC C5 42
1788592888.761861,34680,12,B6 ED 8B 43 38 DF 48 42 B9 E2 CE 42
1788592888.773795,34680,12,56 9F 88 43 FC 10 6C 42 EB 59 D6 42
1788592888.784354,34680,12,DD 9D 85 43 93 C6 7A 42 1F 03 D4 42
1788592888.794866,34680,12,73 FA 82 43 95 FD 83 42 2A 15 D1 42
1788592888.805325,34680,12,88 C4 80 43 18 5B 8E 42 B7 F6 D6 42
1788592888.815735,34680,12,58 11 7E 43 EB 89 9F 42 08 53 DB 42
1788592888.826186,34680,12,AE A1 7B 43 1E FE A3 42 A4 09 D5 42
1788592888.836684,34680,12,14 48 7A 43 11 35 A2 42 69 18 E0 42
1788592888.847370,34680,12,4E 0C 7A 43 06 96 9B 42 CC 22 E2 42
1788592888.858182,34680,12,BD EF 7A 43 D4 AE A1 42 FF 2C E4 42
1788592888.868649,34680,12,39 ED 7C 43 A2 E6 95 42 70 C6 E1 42
1788592888.879292,34680,12,52 F9 7F 43 17 53 96 42 06 90 E6 42
1788592888.889844,34680,12,42 01 82 43 E7 F5 84 42 00 4A E6 42
1788592888.917658,34680,12,F0 78 84 43 59 5A 80 42 2E 1D E5 42
1788592888.928605,34680,12,44 55 87 43 BD EF 6D 42 2A C0 E9 42
1788592888.939312,34680,12,E8 85 8A 43 A8 89 56 42 26 5D E8 42
1788592888.949827,34680,12,87 F8 8D 43 2B DB 35 42 89 38 ED 42
1788592888.960365,34680,12,4E 99 91 43 50 64 1F 42 DB 14 BC 41
1788592888.971085,34680,12,95 53 95 43 FC F1 0E 42 7D 1E 96 41
1788592888.981758,34680,12,89 11 99 43 BC 9D EC 41 41 8B CE 41
1788592888.992301,34680,12,D9 BD 9C 43 77 11 C3 41 D5 AB D2 41
1788592889.002852,34680,12,68 43 A0 43 19 E7 BA 41 E9 2A C5 41
1788592889.013432,34680,12,F7 8D A3 43 22 60 AE 41 1B C1 B0 41
1788592889.024082,34680,12,BF 8A A6 43 F9 78 B5 41 CF 7F C1 41
1788592889.034703,34680,12,45 28 A9 43 98 88 A1 41 00 CD CF 41
1788592889.045484,34680,12,AA 57 AB 43 91 30 87 41 3B 7C DE 41
1788592889.056010,34680,12,5D 0C AD 43 87 0E BB 41 62 8B E8 41
1788592889.066492,34680,12,90 3C AE 43 52 7F EC 41 B7 6A D2 41
1788592889.077033,34680,12,74 E1 AE 43 9E DE E4 41 AA A5 FE 41
1788592889.087642,34680,12,44 F7 AE 43 45 17 10 42 D7 84 FB 41
1788592889.098231,34680,12,8D 7D AE 43 ED B5 20 42 2B 76 F1 41
1788592889.109008,34680,12,0D 77 AD 43 AA FB 4D 42 C2 90 07 42
1788592889.123912,34680,12,A8 E9 AB 43 EF F0 55 42 35 E1 12 42
1788592889.134624,34680,12,2C DE A9 43 04 3F 6C 42 C6 F6 07 42
1788592889.145278,34680,12,90 60 A7 43 96 50 79 42 0D 43 29 42
1788592889.155746,34680,12,10 7F A4 43 39 9D 90 42 C3 53 14 42
1788592889.166269,34680,12,39 4A A1 43 41 FC 90 42 EA 0A 1F 42
1788592889.176799,34680,12,7B D4 9D 43 5C A7 99 42 D8 EC 19 42
1788592889.187313,34680,12,89 31 9A 43 B5 68 9F 42 41 23 1F 42
1788592889.197785,34680,12,AA 76 96 43 3C 58 A2 42 E3 B7 25 42
1788592889.208241,34680,12,22 B9 92 43 4E E1 95 42 E4 D9 32 42
1788592889.218735,34680,12,70 0E 8F 43 A6 D5 9D 42 34 71 34 42
1788592889.229363,34680,12,A8 8B 8B 43 22 93 97 42 1C BB 2F 42
1788592889.239804,34680,12,D1 44 88 43 E4 6D 90 42 FB 83 3D 42
1788592889.250431,34680,12,16 4D 85 43 79 8A 82 42 6B 6A 3B 42
1788592889.261134,34680,12,5C B5 82 43 3C 1F 75 42 6B 5B 49 42
1788592889.271704,34680,12,88 8C 80 43 2C 2E 5D 42 1A F2 46 42
1788592889.282204,34680,12,0A BE 7D 43 AC 38 48 42 CC F7 3C 42
1788592889.292739,34680,12,D9 6C 7B 43 2F DF 30 42 28 10 4A 42
1788592889.303203,34680,12,0C 33 7A 43 D2 14 10 42 83 CE 4C 42
1788592889.313793,34680,12,8A 17 7A 43 21 B5 04 42 03 30 53 42
1788592889.324372,34680,12,F0 1A 7B 43 EB 44 DB 41 D7 E1 54 42
1788592889.335126,34680,12,6C 37 7D 43 E3 22 C8 41 0C 85 59 42
1788592889.345627,34680,12,85 30 80 43 FD 48 99 41 D2 2A 61 42
1788592889.356276,34680,12,A5 42 82 43 BC EF 98 41 70 73 5C 42
1788592889.367663,34680,12,3F C6 84 43 BC 02 95 41 D3 5A 65 42
1788592889.378240,34680,12,E0 AC 87 43 17 C4 9F 41 17 11 66 42
1788592889.388802,34680,12,DA E5 8A 43 24 04 AC 41 A4 2B 65 42
1788592889.399339,34680,12,D6 5E 8E 43 41 B8 CD 41 DA 79 7C 42
1788592889.409993,34680,12,82 03 92 43 31 8E E6 41 51 6B 74 42
1788592889.421237,34680,12,19 BF 95 43 E1 F9 0B 42 24 B9 7F 42
1788592899.422124,34680,12,24 7C 99 43 3F 83 20 42 F6 7D 7D 42
1788592899.436370,34680,12,27 25 9D 43 B2 07 4F 42 B9 D3 81 42
1788592899.446898,34680,12,44 A5 A0 43 A8 36 5B 42 A6 B8 84 42
1788592899.457453,34680,12,FE E7 A3 43 41 5E 77 42 9F 9B 86 42
1788592899.470574,34680,12,C6 DA A6 43 3E E5 7A 42 51 FE 85 42
1788592899.482124,34680,12,AA 6C A9 43 8C CF 86 42 DD EE 82 42
1788592899.492756,34680,12,E4 8E AB 43 78 CF 90 42 6B 41 8A 42
1788592899.508168,34680,12,41 35 AD 43 04 D4 95 42 EE 14 88 42
1788592899.518792,34680,12,1A 56 AE 43 86 A7 96 42 E4 0C 98 42
1788592899.529358,34680,12,0C EB AE 43 21 8D A3 42 70 22 93 42
1788592899.540561,34680,12,BF F0 AE 43 9A B3 A1 42 E7 58 96 42
1788592899.551017,34680,12,11 67 AE 43 7C F1 A0 42 3F 81 9D 42
1788592899.561607,34680,12,09 51 AD 43 68 F5 9B 42 67 73 96 42
1788592899.572527,34680,12,01 B5 AB 43 12 8A 93 42 3D 8B 93 42
1788592899.583113,34680,12,2F 9C A9 43 8F 1C 85 42 FF 27 94 42
1788592899.593838,34680,12,A1 12 A7 43 B4 3A 6C 42 B4 37 A1 42
1788592899.604442,34680,12,EE 26 A4 43 59 9C 63 42 42 92 A2 42
1788592899.614902,34680,12,B3 E9 A0 43 09 E1 4E 42 D8 8C 9E 42
1788592899.625437,34680,12,E4 6D 9D 43 E2 3E 38 42 D6 84 9F 42
1788592899.636045,34680,12,60 C7 99 43 40 78 22 42 24 9E A0 42
1788592899.647060,34680,12,23 0B 96 43 D5 58 08 42 F6 FD A4 42
1788592899.657487,34680,12,A6 4E 92 43 1F BB DE 41 39 7D A9 42
1788592899.667971,34680,12,33 A7 8E 43 EA E1 D9 41 61 B2 B3 42
1788592899.678416,34680,12,2F 2A 8B 43 B8 69 BF 41 77 F8 AC 42
1788592899.688835,34680,12,74 EB 87 43 2C 71 A7 41 A4 61 AF 42
1788592899.699362,34680,12,AB FD 84 43 4F 23 9E 41 97 DF B5 42
1788592899.712621,34680,12,AA 71 82 43 02 08 A6 41 DA F8 B3 42
1788592899.723098,34680,12,FC 55 80 43 C0 EC 90 41 82 05 B2 42
1788592899.733806,34680,12,EE 6D 7D 43 62 9E CA 41 57 28 B7 42
1788592899.744519,34680,12,9F 3B 7B 43 56 A9 EE 41 FF 12 BF 42
1788592899.755030,34680,12,A9 21 7A 43 D9 1D 03 42 C7 63 B9 42
1788592899.765729,34680,12,61 26 7A 43 A5 C6 10 42 52 AB BC 42
1788592899.776318,34680,12,C3 49 7B 43 A2 8C 28 42 68 9D BA 42
1788592899.786874,34680,12,25 85 7D 43 28 7F 43 42 97 40 C7 42
1788592899.797352,34680,12,DE 65 80 43 CD 17 5D 42 62 ED BF 42
1788592899.807884,34680,12,58 85 82 43 06 32 75 42 63 E6 C4 42
1788592899.818452,34680,12,CD 14 85 43 93 B7 82 42 C4 D2 C4 42
1788592899.829003,34680,12,AF 05 88 43 27 9A 88 42 F7 B9 C3 42
1788592899.839466,34680,12,C6 46 8B 43 81 75 91 42 56 04 C8 42
1788592899.851612,34680,12,84 C5 8E 43 C2 1C 9E 42 58 B6 CD 42
1788592899.862201,34680,12,CF 6D 92 43 85 D1 9C 42 E0 31 CD 42
1788592899.872640,34680,12,A2 2A 96 43 36 04 A4 42 35 FD D2 42
1788592899.883666,34680,12,B1 E6 99 43 3C 0B A0 42 80 DD CB 42
1788592899.894279,34680,12,20 8C 9D 43 42 03 9C 42 AE 8D D1 42
1788592899.906120,34680,12,2D 06 A1 43 C4 3E 94 42 7F 79 D2 42
1788592899.917251,34680,12,D9 40 A4 43 86 B2 87 42 23 88 D9 42
1788592899.927745,34680,12,96 29 A7 43 B9 98 81 42 6E 2E D7 42
1788592899.938325,34680,12,C7 AF A9 43 36 5E 63 42 E8 03 DF 42
1788592899.948878,34680,12,A8 C4 AB 43 EF 27 54 42 4D 00 DF 42
1788592899.959535,34680,12,65 5C AD 43 73 09 43 42 84 00 DA 42
1788592899.970144,34680,12,D6 6D AE 43 BD C7 38 42 85 F1 E2 42
1788592899.981105,34680,12,D8 F2 AE 43 DE B1 12 42 2A 6C EF 42
1788592899.991639,34680,12,68 E8 AE 43 E9 A8 05 42 32 3A E9 42
1788592900.002192,34680,12,C6 4E AE 43 8F 67 EC 41 68 2E ED 42
1788592900.012760,34680,12,66 29 AD 43 ED B0 B0 41 CD 90 EA 42
1788592900.023873,34680,12,E0 7E AB 43 85 41 A5 41 17 B4 EB 42
1788592900.034513,34680,12,C7 58 A9 43 83 76 9B 41 A6 C0 A5 41
1788592900.045092,34680,12,51 C3 A6 43 53 BB 9C 41 DF B4 B8 41
1788592900.056793,34680,12,9D CD A3 43 67 C7 A6 41 BF 18 C6 41
1788592900.067325,34680,12,8F 88 A0 43 30 1D C3 41 2F 2E B1 41
1788592900.080062,34680,12,F3 06 9D 43 5A 5C C5 41 09 99 C9 41
1788592900.090570,34680,12,F2 5C 99 43 CA 45 D9 41 88 0A CB 41
1788592900.101100,34680,12,69 9F 95 43 D4 A6 14 42 25 82 D8 41
1788592900.111639,34680,12,3D E4 91 43 BA FE 21 42 98 78 C2 41
1788592900.122175,34680,12,AF 40 8E 43 65 A0 34 42 D2 5A D9 41
1788592900.132798,34680,12,AB C9 8A 43 D8 0D 51 42 54 1D EE 41
1788592900.143359,34680,12,1B 93 87 43 7B AE 67 42 78 D9 CF 41
1788592900.154070,34680,12,56 AF 84 43 81 25 7A 42 96 2A 07 42
1788592900.167760,34680,12,43 2F 82 43 40 DC 85 42 F4 DC 01 42
1788592900.178351,34680,12,1A 21 80 43 DD BF 93 42 F0 AB F1 41
1788592900.188953,34680,12,57 21 7D 43 3B 18 96 42 DC E3 00 42
1788592900.199958,34680,12,EB 0D 7B 43 E5 C9 9C 42 3B 94 09 42
1788592900.210719,34680,12,DA 13 7A 43 79 92 A3 42 6C 19 14 42
1788592900.221273,34680,12,DC 38 7A 43 96 39 9E 42 4F D2 1C 42
1788592900.233412,34680,12,06 7C 7B 43 10 11 9B 42 02 83 18 42
1788592900.243854,34680,12,18 D6 7D 43 CF 15 96 42 55 B7 1F 42
1788592900.254787,34680,12,C6 9C 80 43 7A 95 93 42 6C 6C 1D 42
1788592900.265414,34680,12,93 C9 82 43 F0 7C 82 42 95 F4 36 42
1788592900.276260,34680,12,BA 64 85 43 CD 14 79 42 19 69 26 42
1788592900.286912,34680,12,57 5F 88 43 CF 69 69 42 A2 6F 30 42
1788592900.297898,34680,12,4C A8 8B 43 2E C9 43 42 57 FE 30 42
1788592900.308450,34680,12,B7 2C 8F 43 5E EC 3A 42 4E 7F 36 42
1788592900.318997,34680,12,8F D8 92 43 AE 60 24 42 53 14 2F 42
1788592900.329798,34680,12,59 96 96 43 37 5B 0D 42 63 F8 36 42
1788592900.340534,34680,12,C3 50 9A 43 09 86 00 42 FB 5E 49 42
1788592900.351068,34680,12,5E F2 9D 43 90 A2 D9 41 06 64 3D 42
1788592900.361659,34680,12,4A 66 A1 43 67 09 AD 41 E7 53 41 42
1788592900.372090,34680,12,D6 98 A4 43 91 98 9B 41 14 36 5C 42
1788592900.382681,34680,12,4B 77 A7 43 5C 41 A7 41 6F FD 57 42
1788592900.393173,34680,12,58 F1 A9 43 BC AC 8E 41 BF 38 59 42
1788592900.403669,34680,12,C0 F8 AB 43 85 1D AD 41 F0 04 57 42
1788592900.414189,34680,12,D8 81 AD 43 84 9F CC 41 BE AC 5B 42
1788592900.424748,34680,12,D7 83 AE 43 54 39 FD 41 D9 9E 66 42
1788592900.436843,34680,12,D7 F8 AE 43 C8 42 02 42 23 16 5E 42
1788592900.447341,34680,12,49 DE AE 43 AB 9F 19 42 F8 84 63 42
1788592900.458074,34680,12,C4 34 AE 43 77 9B 35 42 6E A3 67 42
1788592900.468603,34680,12,17 00 AD 43 5E 7E 43 42 E8 5C 6F 42
1788592900.479195,34680,12,18 47 AB 43 65 36 64 42 4E EC 7E 42
1788592900.489615,34680,12,D9 13 A9 43 4F D4 77 42 B3 E0 7A 42
1788592900.500054,34680,12,EF 72 A6 43 74 84 89 42 F7 CF 7E 42
1788592900.510744,34680,12,76 73 A3 43 27 A2 8A 42 78 90 82 42
1788592900.521191,34680,12,A8 26 A0 43 B2 48 9D 42 A0 E6 7A 42
1788592900.531778,34680,12,50 9F 9C 43 A9 26 A5 42 BB E9 86 42
1788592900.542211,34680,12,13 F2 98 43 A9 74 A5 42 82 CC 83 42
1788592900.552610,34680,12,E7 33 95 43 24 C3 A1 42 3D 9A 8D 42
1788592900.563013,34680,12,51 7A 91 43 D6 B3 9B 42 AE 34 8A 42
1788592900.582467,34680,12,BA DA 8D 43 15 42 A1 42 F6 8F 8D 42
1788592900.593030,34680,12,CA 69 8A 43 0D 6D 95 42 89 A0 88 42
1788592900.603589,34680,12,A6 3B 87 43 C8 49 8D 42 84 CB 90 42
1788592900.614086,34680,12,65 62 84 43 AB 07 84 42 FF 6F 8F 42
1788592900.624605,34680,12,6A EE 81 43 A7 86 65 42 29 9C 9A 42
1788592900.635029,34680,12,99 DB 7F 43 BD D9 4B 42 D8 8E 8E 42
1788592900.646091,34680,12,01 D8 7C 43 56 E2 4A 42 2A 90 97 42
1788592900.656641,34680,12,AE E3 7A 43 D7 1F 22 42 5B D4 9E 42
1788592900.667075,34680,12,AF 09 7A 43 CF F2 17 42 82 E6 99 42
1788592900.677596,34680,12,E8 4E 7A 43 FE 01 0A 42 BC 14 A0 42
1788592900.687981,34680,12,CB B1 7B 43 41 52 EC 41 92 87 A4 42
1788592900.700304,34680,12,88 2A 7E 43 A4 5C B4 41 0C 11 A8 42
1788592900.711775,34680,12,54 D5 80 43 AC A5 A4 41 96 7A A2 42
1788592900.724654,34680,12,12 0F 83 43 5B CD AA 41 83 ED A5 42
1788592900.739772,34680,12,B4 B5 85 43 32 16 BB 41 57 6C A0 42
1788592900.750221,34680,12,FC B9 88 43 09 0A 99 41 09 06 B0 42
1788592900.760674,34680,12,C0 0A 8C 43 0D 80 C5 41 CA 60 AA 42
1788592900.771162,34680,12,98 94 8F 43 84 9D E0 41 92 92 AC 42
1788592900.781756,34680,12,58 43 93 43 5A 9D FB 41 D3 58 B7 42
1788592900.792292,34680,12,D4 01 97 43 EA A2 22 42 27 8F AF 42
1788592900.804444,34680,12,86 BA 9A 43 F5 B6 2D 42 7D 36 B6 42
1788592900.815508,34680,12,38 58 9E 43 A0 01 38 42 7E E0 AD 42
1788592900.826046,34680,12,C0 C5 A1 43 2D D9 61 42 90 FA B4 42
1788592900.836607,34680,12,9B EF A4 43 0D AE 7A 42 F0 22 BD 42
1788592900.847268,34680,12,99 C3 A7 43 F5 79 7E 42 D7 AF BD 42
1788592900.858045,34680,12,78 31 AA 43 2D 70 88 42 02 7A BE 42
1788592900.868642,34680,12,58 2B AC 43 CA CE 94 42 82 7A B9 42
1788592900.879472,34680,12,A9 A5 AD 43 AC B0 99 42 78 4F C5 42
1788592900.890006,34680,12,09 98 AE 43 AA CA 97 42 5C 9F C4 42
1788592900.900427,34680,12,06 FD AE 43 61 99 A3 42 46 32 C7 42
1788592900.910899,34680,12,5D D2 AE 43 1F EC 99 42 3C B9 CB 42
1788592900.921368,34680,12,F4 18 AE 43 00 D4 9C 42 1B 3B D4 42
1788592900.932674,34680,12,0A D5 AC 43 FA C5 98 42 9E A1 CD 42
1788592900.943275,34680,12,DF 0D AB 43 55 A1 8F 42 DD BF C5 42
1788592900.953715,34680,12,AA CD A8 43 CC B4 86 42 90 2B CF 42
1788592900.964441,34680,12,5D 21 A6 43 F6 DD 6E 42 33 76 D9 42
1788592900.975023,34680,12,2B 18 A3 43 E3 5A 5B 42 12 62 D4 42
1788592900.985578,34680,12,D8 C3 9F 43 56 74 4E 42 06 AD D1 42
1788592900.996076,34680,12,62 37 9C 43 34 C0 36 42 9A 6D D3 42
1788592901.006501,34680,12,30 87 98 43 DC 90 15 42 E3 10 D6 42
1788592901.017003,34680,12,75 C8 94 43 04 52 03 42 4B B3 DF 42
1788592901.027697,34680,12,88 10 91 43 F0 07 E2 41 82 D8 DF 42
1788592901.038410,34680,12,2C 75 8D 43 86 76 DA 41 39 CD E2 42
1788592901.048976,34680,12,EC 0A 8A 43 EF B9 BD 41 A5 15 D9 42
1788592901.059444,34680,12,6A E5 86 43 93 DE 89 41 FA 86 E5 42
1788592901.070042,34680,12,BB 16 84 43 7A 46 A7 41 95 27 E3 42
1788592901.081247,34680,12,E7 AE 81 43 ED 53 B4 41 8E 2D EE 42
1788592901.092515,34680,12,02 78 7F 43 5D B2 A8 41 C9 60 E6 42
1788592901.103064,34680,12,36 92 7C 43 A2 31 D9 41 01 79 EE 42
1788592901.113658,34680,12,13 BD 7A 43 4C B5 F3 41 C6 E7 E9 42
1788592901.124141,34680,12,20 03 7A 43 B7 CC 0A 42 47 0B A4 41
1788592901.134750,34680,12,98 68 7A 43 B6 43 1B 42 79 5C 96 41
1788592901.145362,34680,12,29 EB 7B 43 97 CF 2A 42 BE F9 96 41
1788592901.156062,34680,12,22 82 7E 43 AF D0 49 42 08 FF B2 41
1788592901.166579,34680,12,50 0F 81 43 09 9C 73 42 B4 33 CF 41
1788592901.177176,34680,12,F0 55 83 43 ED 6E 73 42 EB 93 E3 41
1788592901.187844,34680,12,03 08 86 43 D2 5E 8D 42 DD 05 B7 41
1788592901.198371,34680,12,C1 15 89 43 04 BD 95 42 04 B2 C0 41
1788592901.208951,34680,12,BE 6D 8C 43 A6 C7 96 42 BD 34 CD 41
1788592901.219634,34680,12,C1 FC 8F 43 25 15 9B 42 AA 50 ED 41
1788592901.230272,34680,12,54 AE 93 43 97 44 9E 42 6A 86 F0 41
1788592901.240769,34680,12,6E 6D 97 43 A1 B8 9F 42 33 DC F2 41
1788592901.251320,34680,12,22 24 9B 43 5E 94 9C 42 AC 98 03 42
1788592901.262066,34680,12,48 BD 9E 43 CC 3F 9F 42 FF FE 03 42
1788592901.272576,34680,12,30 24 A2 43 BB FD 94 42 A7 6F 0A 42
1788592901.283244,34680,12,4C 45 A5 43 16 AF 85 42 75 E7 19 42
1788592901.293842,34680,12,C1 0E A8 43 26 0E 81 42 4A DA 17 42
1788592901.304454,34680,12,3F 70 AA 43 46 D4 6A 42 BD 4C 18 42
1788592901.315108,34680,12,3F 5C AC 43 99 82 50 42 D4 6C 1E 42
1788592901.325665,34680,12,B3 C7 AD 43 F5 11 3D 42 DB 03 1A 42
1788592901.336171,34680,12,73 AA AE 43 86 B5 17 42 BB 86 15 42
1788592901.346738,34680,12,67 FF AE 43 03 9D 07 42 6F 6B 21 42
1788592901.357452,34680,12,9F C4 AE 43 1D 32 F6 41 FD 4C 28 42
1788592901.367969,34680,12,74 FB AD 43 DE D3 D8 41 42 44 2C 42
1788592901.378489,34680,12,6B A8 AC 43 7B 53 93 41 59 92 2C 42
1788592901.388982,34680,12,20 D3 AA 43 84 4D AE 41 18 16 2B 42
1788592901.399444,34680,12,FE 85 A8 43 B3 16 99 41 D9 06 43 42
1788592901.409992,34680,12,7A CE A5 43 F7 2F 9E 41 98 AE 3D 42
1788592901.420525,34680,12,18 BC A2 43 37 41 9B 41 91 92 39 42
1788592901.431020,34680,12,80 60 9F 43 AF AF B4 41 B1 2A 3F 42
1788592901.441591,34680,12,01 CF 9B 43 22 A5 EA 41 96 F2 46 42
1788592901.452235,34680,12,EC 1B 98 43 01 7B DD 41 E6 C3 53 42
1788592901.462812,34680,12,E7 5C 94 43 98 01 0B 42 93 CC 4D 42
1788592901.473594,34680,12,4C A7 90 43 3E 94 21 42 D9 D6 64 42
1788592901.484339,34680,12,6C 10 8D 43 E8 D4 43 42 40 4C 57 42
1788592901.495198,34680,12,EC AC 89 43 74 61 54 42 59 5F 53 42
1788592901.505639,34680,12,1E 90 86 43 66 4A 77 42 CB 87 67 42
1788592901.516335,34680,12,3A CC 83 43 87 79 86 42 DE 0C 70 42
1788592901.526947,34680,12,FA 70 81 43 C4 EC 8A 42 DE 9D 66 42
1788592901.537801,34680,12,D2 17 7F 43 6A 18 95 42 4D 41 65 42
1788592901.548325,34680,12,DA 4F 7C 43 F0 E6 9E 42 41 81 73 42
1788592901.559007,34680,12,F7 99 7A 43 8A 17 9E 42 9F 1F 6A 42
1788592901.570032,34680,12,2E 00 7A 43 7D 48 9B 42 3E 34 6D 42
1788592901.580537,34680,12,D2 85 7A 43 33 94 8F 42 57 C9 83 42
1788592901.591080,34680,12,E6 27 7C 43 47 52 9E 42 67 46 7D 42
1788592901.601632,34680,12,05 DD 7E 43 F6 A6 98 42 81 A0 84 42
1788592901.612171,34680,12,EC 4A 81 43 71 34 8A 42 94 ED 7E 42
1788592901.623096,34680,12,49 9E 83 43 1D BA 85 42 89 79 86 42
1788592901.633622,34680,12,53 5B 86 43 99 1B 68 42 30 D8 84 42
1788592901.644070,34680,12,4A 72 89 43 D9 35 6A 42 BF FD 8A 42
1788592901.655030,34680,12,6D D1 8C 43 D2 19 41 42 9B F1 8A 42
1788592901.665623,34680,12,89 65 90 43 A6 05 31 42 F4 26 93 42
1788592901.676138,34680,12,AD 19 94 43 8E E9 2A 42 96 D3 8A 42
1788592901.686628,34680,12,BC D8 97 43 96 E3 FA 41 95 CE 93 42
1788592901.697069,34680,12,2E 8D 9B 43 14 9F CC 41 BD 89 94 42
1788592901.707595,34680,12,B6 21 9F 43 E7 AA A2 41 C5 CF 98 42
1788592901.718172,34680,12,EA 81 A2 43 43 CF B2 41 FD F6 93 42
1788592901.728737,34680,12,09 9A A5 43 01 35 AD 41 4A 53 9A 42
1788592901.739260,34680,12,77 58 A8 43 03 C1 A6 41 2F 88 9E 42
1788592901.749968,34680,12,6E AD AA 43 56 61 8D 41 69 41 A4 42
1788592901.760808,34680,12,87 8B AC 43 72 0D B0 41 B3 63 A2 42
1788592901.771341,34680,12,14 E8 AD 43 D5 BF D8 41 49 8D A2 42
1788592901.781892,34680,12,1C BB AE 43 12 51 E2 41 6E 10 A1 42
1788592901.792723,34680,12,F8 FF AE 43 C3 3B 01 42 6D 15 AC 42
1788592901.803353,34680,12,1C B5 AE 43 9F B3 26 42 48 DF A6 42
1788592901.813823,34680,12,37 DC AD 43 D6 ED 4C 42 03 8D AA 42
1788592901.824282,34680,12,12 7A AC 43 1F 03 51 42 5D 32 AD 42
1788592901.834779,34680,12,C5 96 AA 43 A8 D6 60 42 16 43 AF 42
1788592901.845626,34680,12,1B 3D A8 43 D8 45 64 42 36 3A A5 42
1788592901.856246,34680,12,98 7A A5 43 2F B9 8C 42 45 95 A4 42
1788592901.866674,34680,12,19 5F A2 43 6B BD 93 42 06 BC B3 42
1788592901.877120,34680,12,4D FC 9E 43 69 AB 94 42 26 A5 B4 42
1788592901.887875,34680,12,04 66 9B 43 7A 0E 9C 42 55 7A B2 42
1788592901.901056,34680,12,B2 B0 97 43 B3 22 A2 42 57 EE B7 42
1788592901.911955,34680,12,A9 F1 93 43 64 EB 9D 42 2E 45 C4 42
1788592901.922517,34680,12,72 3E 90 43 05 01 9E 42 51 E6 BD 42
1788592901.934515,34680,12,23 AC 8C 43 E4 65 9E 42 DA 3D C1 42
1788592901.945001,34680,12,A5 4F 89 43 FC 59 90 42 8F E2 BB 42
1788592901.955609,34680,12,18 3C 86 43 41 08 89 42 5F 76 BE 42
1788592901.966252,34680,12,2C 83 83 43 53 6B 7A 42 85 B0 C8 42
1788592901.976879,34680,12,89 34 81 43 56 C4 6C 42 82 E6 C9 42
1788592901.987941,34680,12,B6 BA 7E 43 D1 9F 49 42 2A 7A CC 42
1788592901.998800,34680,12,D2 10 7C 43 41 B2 2C 42 08 7F CA 42
1788592902.009266,34680,12,7E 7A 7A 43 E7 C4 21 42 B1 69 CF 42
1788592902.019763,34680,12,DA 00 7A 43 D9 2E 10 42 44 0B D5 42
1788592902.030217,34680,12,A1 A6 7A 43 9E 2C E7 41 96 FB D9 42
1788592902.040712,34680,12,38 68 7C 43 7F 0F E9 41 3D AC D6 42
1788592902.051220,34680,12,58 3B 7F 43 E0 38 C0 41 C7 61 D7 42
1788592902.061833,34680,12,EB 87 81 43 29 4B A2 41 7B 13 D3 42
1788592902.072476,34680,12,D5 E7 83 43 2C D3 9D 41 B5 7F DA 42
1788592902.083143,34680,12,C4 AF 86 43 22 A4 9B 41 66 8C DB 42
1788592902.093705,34680,12,E8 CF 89 43 02 9F A1 41 49 8E D9 42
1788592902.104329,34680,12,F5 35 8D 43 C1 BE D4 41 F5 00 E3 42
1788592902.114753,34680,12,88 CE 90 43 71 38 EE 41 0D 98 E7 42
1788592902.125242,34680,12,F6 84 94 43 AE 30 06 42 4B AB E4 42
1788592902.135754,34680,12,E8 43 98 43 7F 24 27 42 CE FB DF 42
1788592902.146337,34680,12,04 F6 9B 43 82 6A 1E 42 8B E4 EA 42
1788592902.156813,34680,12,AA 85 9F 43 F0 5E 40 42 1B A5 E6 42
1788592902.167390,34680,12,92 DE A2 43 CA CB 5C 42 25 A8 F0 42
1788592902.177869,34680,12,7E ED A5 43 DA A8 81 42 D9 29 EE 42
1788592902.188765,34680,12,DA A0 A8 43 09 76 8A 42 BE A1 82 41
1788592902.199339,34680,12,3B E9 AA 43 DE FF 97 42 5E FC B5 41
1788592902.210081,34680,12,44 B9 AC 43 C5 10 95 42 D8 A3 B8 41
1788592902.220442,34680,12,AB 06 AE 43 DC 69 9F 42 3A 5D B5 41
1788592902.231270,34680,12,F3 C9 AE 43 F8 0B 98 42 50 A3 B6 41
1788592902.241985,34680,12,BA FE AE 43 5C AA A2 42 D6 11 BC 41
1788592902.252774,34680,12,C8 A3 AE 43 2C 16 9E 42 46 74 E9 41
1788592902.263236,34680,12,32 BB AD 43 09 54 9A 42 DC 44 D2 41
1788592902.273968,34680,12,2E 4A AC 43 6D CE 94 42 09 B6 E5 41
1788592902.284585,34680,12,07 59 AA 43 B0 F8 8F 42 B7 04 E7 41
1788592902.295410,34680,12,E7 F2 A7 43 93 D3 7E 42 86 DB F7 41
1788592902.305908,34680,12,70 25 A5 43 05 15 76 42 80 19 05 42
1788592902.316517,34680,12,0A 01 A2 43 1C 77 59 42 CD 76 EE 41
1788592902.327137,34680,12,A1 97 9E 43 00 8D 3A 42 67 E9 F6 41
1788592902.337655,34680,12,D4 FC 9A 43 4B 85 2C 42 C8 9D 04 42
1788592902.348444,34680,12,5A 45 97 43 E9 03 23 42 2D CF 05 42
1788592902.359135,34680,12,60 86 93 43 7E C1 00 42 C2 A7 0B 42
1788592902.369649,34680,12,D2 D5 8F 43 21 8C EF 41 5A C5 0F 42
1788592902.380166,34680,12,B6 48 8C 43 D3 B2 AF 41 69 73 04 42
1788592902.391357,34680,12,74 F3 88 43 1A BE BC 41 83 AA 1A 42
1788592902.401916,34680,12,35 E9 85 43 D2 D1 B0 41 4B 1D 28 42
1788592902.413007,34680,12,54 3B 83 43 9D 3F 96 41 F2 07 27 42
1788592902.423667,34680,12,7E F9 80 43 E2 17 99 41 09 D1 21 42
1788592902.434132,34680,12,0C 61 7E 43 6D E0 B5 41 2C DA 36 42
1788592902.445007,34680,12,60 D5 7B 43 B0 1B BB 41 B9 E9 23 42
1788592902.455541,34680,12,9A 5E 7A 43 32 D2 04 42 43 21 33 42
1788592902.466133,34680,12,26 05 7A 43 4E DF 14 42 55 98 36 42
1788592902.476687,34680,12,12 CB 7A 43 9E CB 17 42 95 D5 2C 42
1788592902.487206,34680,12,DD AB 7C 43 16 C9 50 42 A4 DE 3A 42
1788592902.497663,34680,12,BD 9C 7F 43 22 50 58 42 40 36 46 42
1788592902.508146,34680,12,65 C6 81 43 98 04 63 42 82 BA 44 42
1788592902.518612,34680,12,D3 32 84 43 02 88 83 42 AF 9E 49 42
1788592902.529285,34680,12,79 05 87 43 BF 4F 88 42 AB 8E 4F 42
1788592902.539797,34680,12,3C 2E 8A 43 37 30 99 42 3A 5A 5B 42
1788592902.550378,34680,12,F0 9A 8D 43 57 20 A1 42 4E FF 56 42
1788592902.560984,34680,12,E8 37 91 43 17 50 9D 42 FC F2 53 42
1788592902.571709,34680,12,8E F0 94 43 F2 AA A4 42 0D B4 5C 42
1788592902.582397,34680,12,1B AF 98 43 97 7D 9D 42 F0 4F 5C 42
1788592902.592949,34680,12,3B 5E 9C 43 CF AF 9B 42 85 EA 6D 42
1788592902.603674,34680,12,BE E8 9F 43 9A D8 94 42 04 F6 66 42
1788592902.614220,34680,12,4B 3A A3 43 27 37 91 42 AF 8D 7F 42
1788592902.624689,34680,12,F3 3F A6 43 48 24 87 42 17 EF 6C 42
1788592902.635542,34680,12,06 E8 A8 43 46 B8 72 42 56 45 74 42
1788592902.646170,34680,12,68 23 AB 43 0C C4 73 42 41 9C 74 42
1788592902.656783,34680,12,46 E5 AC 43 09 3E 4D 42 DB 4C 84 42
1788592902.667347,34680,12,85 23 AE 43 31 79 2D 42 0E 8D 80 42
1788592902.677864,34680,12,06 D7 AE 43 3C 7C 20 42 4D C9 81 42
1788592902.688606,34680,12,AC FB AE 43 2B B1 00 42 79 AE 84 42
1788592902.699180,34680,12,B4 90 AE 43 85 97 E6 41 99 7D 86 42
1788592902.709712,34680,12,84 98 AD 43 D0 89 E9 41 20 44 8C 42
1788592902.720131,34680,12,AE 18 AC 43 DA 76 C0 41 1B 52 89 42
1788592902.733775,34680,12,B4 19 AA 43 BF ED A1 41 81 5A 8D 42
1788592902.746322,34680,12,44 A7 A7 43 B1 41 94 41 B2 FE 8E 42
1788592902.760382,34680,12,58 CF A4 43 61 A4 99 41 C1 D8 91 42
1788592902.770834,34680,12,48 A2 A1 43 F8 97 A2 41 1A 30 98 42
1788592902.781602,34680,12,57 32 9E 43 FA 1E DA 41 0B D9 96 42
1788592902.792101,34680,12,16 93 9A 43 89 25 F0 41 41 6E 97 42
1788592902.802703,34680,12,B8 D9 96 43 14 1F 01 42 6B AD 96 42
1788592902.813608,34680,12,76 1B 93 43 BA CE 16 42 6A 18 9E 42
1788592902.824101,34680,12,D6 6D 8F 43 B1 4C 45 42 79 F5 9F 42
1788592902.834652,34680,12,FC E5 8B 43 6B F9 44 42 CC 7F A4 42
1788592902.845052,34680,12,0A 98 88 43 39 C0 66 42 F5 E9 9E 42
1788592902.855448,34680,12,57 97 85 43 62 A1 7C 42 91 94 9E 42
1788592902.867375,34680,12,F8 F4 82 43 AB 46 8A 42 E8 3F A2 42
1788592902.878035,34680,12,13 C0 80 43 16 77 91 42 69 55 A5 42
1788592902.888524,34680,12,AE 0A 7E 43 D7 32 99 42 D6 36 A8 42
1788592902.899040,34680,12,50 9D 7B 43 EB FA 9B 42 20 E3 A8 42
1788592902.909640,34680,12,42 46 7A 43 B5 46 A0 42 09 E0 AF 42
1788592902.920076,34680,12,0F 0D 7A 43 80 FD A0 42 B3 D5 A8 42
1788592902.930662,34680,12,01 F3 7A 43 EF 23 9B 42 48 9E B3 42
1788592902.943393,34680,12,EE F2 7C 43 D2 B6 9B 42 5B 0A B8 42
1788592902.954210,34680,12,C3 00 80 43 44 9E 94 42 65 23 B3 42
1788592902.965891,34680,12,73 06 82 43 6E C8 90 42 DE B7 BA 42
1788592902.976737,34680,12,F7 7E 84 43 FF 90 81 42 09 BE B6 42
1788592902.987320,34680,12,1C 5C 87 43 42 8C 74 42 32 10 C1 42
1788592902.998271,34680,12,6A 8D 8A 43 A3 3A 57 42 5A E8 C6 42
1788592903.008919,34680,12,B7 00 8E 43 0D 0B 36 42 91 DE C2 42
1788592903.019351,34680,12,D1 A1 91 43 B0 54 2D 42 E7 28 C3 42
1788592903.030090,34680,12,07 5C 95 43 07 DA 08 42 A0 D1 C7 42
1788592903.040617,34680,12,EB 19 99 43 D3 A7 DC 41 EC 37 C6 42
1788592903.051111,34680,12,FC C5 9C 43 CE 0C BF 41 A6 EC C3 42
1788592903.061882,34680,12,49 4B A0 43 B6 62 A6 41 5B DF CC 42
1788592903.072360,34680,12,3A 95 A3 43 66 1B A8 41 EB F1 CC 42
1788592903.083019,34680,12,14 91 A6 43 99 19 97 41 F0 D6 D0 42
1788592903.093601,34680,12,B2 2D A9 43 3D F1 A9 41 BE F5 CD 42
1788592903.104305,34680,12,0E 5C AB 43 C8 2E CB 41 52 48 D0 42
1788592903.119221,34680,12,B4 0F AD 43 F2 E9 A5 41 68 BD D2 42
1788592903.129771,34680,12,AE 3E AE 43 8B D2 E3 41 99 CA D9 42
1788592903.140838,34680,12,46 E2 AE 43 28 CB EF 41 47 B9 D8 42
1788592903.151308,34680,12,D1 F6 AE 43 9F D5 08 42 35 85 E0 42
1788592903.162272,34680,12,DA 7B AE 43 38 3B 26 42 E6 EC DF 42
1788592903.172754,34680,12,10 74 AD 43 F2 29 42 42 3E A5 D9 42
1788592903.183240,34680,12,7D E5 AB 43 E1 6C 64 42 3C E4 E0 42
1788592903.193877,34680,12,0A D9 A9 43 E2 6D 7A 42 37 0F E5 42
1788592903.204825,34680,12,7D 5A A7 43 FB B9 81 42 FB E5 E7 42
1788592903.215440,34680,12,2D 78 A4 43 08 94 8A 42 BD DD E6 42
1788592903.226274,34680,12,82 42 A1 43 60 77 94 42 5A EB E7 42
1788592903.236716,34680,12,45 CC 9D 43 56 8A 9E 42 2F F4 F0 42
1788592903.247280,34680,12,34 29 9A 43 22 16 9E 42 BF B1 ED 42
1788592903.257744,34680,12,38 6E 96 43 6E 25 9D 42 3F 7B F1 42
1788592903.268276,34680,12,C2 B0 92 43 D1 DF 9C 42 E7 0F 94 41
1788592903.279507,34680,12,22 06 8F 43 59 C5 97 42 81 45 AB 41
1788592903.290119,34680,12,CF 83 8B 43 4C 96 9D 42 38 59 99 41
1788592903.300836,34680,12,C2 3D 88 43 15 58 94 42 E6 94 A8 41
1788592903.311293,34680,12,CE 46 85 43 3B 5E 87 42 15 E5 CD 41
1788592903.322100,34680,12,FD AF 82 43 B2 5A 82 42 7F 53 AB 41
1788592903.332641,34680,12,19 88 80 43 AF 59 69 42 DB 55 D3 41
1788592903.343251,34680,12,7D B7 7D 43 03 11 3E 42 8D 22 E0 41
1788592903.353764,34680,12,DA 68 7B 43 E7 C8 2B 42 A8 17 CF 41
1788592903.364290,34680,12,8D 31 7A 43 7E 4A 1C 42 9A 6A E4 41
1788592903.374832,34680,12,93 18 7A 43 8B 6D 04 42 42 8D DD 41
1788592903.385356,34680,12,90 1E 7B 43 97 AD D2 41 69 F5 E5 41
1788592903.395949,34680,12,88 3D 7D 43 98 D3 DE 41 7A E9 FE 41
1788592903.406590,34680,12,A8 34 80 43 E7 9E AD 41 7F 07 05 42
1788592903.422015,34680,12,D5 47 82 43 96 F9 A7 41 1B 46 04 42
1788592903.432672,34680,12,60 CC 84 43 76 5D 90 41 DA 24 0C 42
1788592903.443230,34680,12,F6 B3 87 43 83 6A C7 41 84 56 1A 42
1788592903.455453,34680,12,99 ED 8A 43 F6 7D AD 41 A8 D4 13 42
1788592903.466047,34680,12,E2 66 8E 43 54 79 BB 41 A4 53 17 42
1788592903.476654,34680,12,DA 0B 92 43 FD 7B D6 41 58 B4 1D 42
1788592903.487262,34680,12,8B C7 95 43 4F CA F6 41 C8 25 29 42
1788592903.497896,34680,12,B3 84 99 43 72 3C 20 42 71 F5 27 42
1788592903.508396,34680,12,6F 2D 9D 43 60 4D 46 42 F0 45 25 42
1788592903.518993,34680,12,E8 AC A0 43 C6 79 58 42 8A A6 29 42
1788592903.530092,34680,12,02 EF A3 43 9F 7D 54 42 9A BD 2E 42
1788592903.544789,34680,12,03 E1 A6 43 FE B6 84 42 F7 F9 40 42
1788592903.555398,34680,12,1A 72 A9 43 D4 C6 87 42 3E 8A 2F 42
1788592903.565874,34680,12,43 93 AB 43 56 1D 91 42 CF E6 45 42
1788592903.576401,34680,12,64 38 AD 43 33 CE 93 42 FE 09 49 42
1788592903.586873,34680,12,08 58 AE 43 E2 92 9F 42 CB BD 55 42
1788592903.597591,34680,12,BA EB AE 43 1B 51 A0 42 CD 64 3E 42
1788592903.608472,34680,12,25 F0 AE 43 FD 80 99 42 57 E3 51 42
1788592903.625468,34680,12,2F 65 AE 43 6D F6 9B 42 2E 4E 4F 42
1788592903.638953,34680,12,FB 4D AD 43 EE 9A 97 42 F8 CA 51 42
1788592903.649493,34680,12,CE B0 AB 43 08 13 8C 42 71 9B 58 42
1788592903.660066,34680,12,F0 96 A9 43 71 1C 90 42 DD B0 51 42
1788592903.670495,34680,12,50 0C A7 43 5D 75 7D 42 A5 3A 4C 42
1788592903.681089,34680,12,CD 1F A4 43 B5 E3 6C 42 43 78 63 42
1788592903.691686,34680,12,18 E2 A0 43 7B EB 4D 42 B2 7C 6A 42
1788592903.702185,34680,12,D3 65 9D 43 7C 00 34 42 8D A2 6C 42
1788592903.712768,34680,12,06 BF 99 43 35 24 17 42 3D 58 6A 42
1788592903.723266,34680,12,7E 02 96 43 D9 2C 15 42 26 1E 7C 42
1788592903.733832,34680,12,19 46 92 43 36 2A ED 41 98 71 75 42
1788592903.744309,34680,12,21 9F 8E 43 EB 72 E0 41 56 D2 71 42
1788592903.754862,34680,12,92 22 8B 43 2A 38 BD 41 A1 CD 7C 42
1788592903.765324,34680,12,7A E4 87 43 05 EE 9F 41 02 C9 80 42
1788592903.775820,34680,12,56 F7 84 43 6E F3 8E 41 A2 7A 87 42
1788592903.786341,34680,12,48 6C 82 43 92 C5 A4 41 B3 DC 81 42
1788592903.796770,34680,12,C5 51 80 43 0E D4 91 41 96 53 8A 42
1788592903.807589,34680,12,CB 67 7D 43 03 61 C5 41 97 14 91 42
1788592903.818816,34680,12,E7 37 7B 43 EC C0 BC 41 45 57 91 42
1788592903.829570,34680,12,6B 20 7A 43 94 99 07 42 4C C8 8A 42
1788592903.840309,34680,12,BA 27 7A 43 AC 71 07 42 14 04 8C 42
1788592903.850949,34680,12,95 4D 7B 43 64 A0 30 42 F9 64 8F 42
1788592903.861464,34680,12,62 8B 7D 43 41 0F 40 42 7D 90 99 42
1788592903.871905,34680,12,20 6A 80 43 CC 94 5A 42 81 6E 99 42
1788592903.882425,34680,12,C4 8A 82 43 9A 48 72 42 00 5E 9C 42
1788592903.893197,34680,12,2B 1B 85 43 C0 BA 87 42 9C 63 97 42
1788592903.906676,34680,12,B1 0C 88 43 D4 53 8E 42 E3 51 9C 42
1788592903.917238,34680,12,69 4E 8B 43 DC 4A 9B 42 43 01 9E 42
1788592903.928149,34680,12,9A CD 8E 43 40 12 95 42 AB B7 A2 42
1788592903.938861,34680,12,5D 76 92 43 67 A2 9E 42 C4 18 A0 42
1788592903.949391,34680,12,46 33 96 43 21 8A 9C 42 7B EF 9D 42
1788592903.961351,34680,12,09 EF 99 43 10 49 A1 42 CD 07 A4 42
1788592903.976980,34680,12,2E 94 9D 43 5A 15 9D 42 0F 51 AF 42
1788592903.987971,34680,12,C1 0D A1 43 D7 2C 92 42 57 4A AD 42
1788592903.998441,34680,12,F2 47 A4 43 6F C3 89 42 F8 50 AD 42
1788592904.009169,34680,12,DD 2F A7 43 0A 3D 84 42 BA 1F B2 42
1788592904.019902,34680,12,FB B4 A9 43 48 D7 71 42 5F 97 AB 42
1788592904.030462,34680,12,CE C8 AB 43 7B 26 5C 42 54 52 AE 42
1788592904.040972,34680,12,66 5F AD 43 14 AF 34 42 09 C3 B7 42
1788592904.051494,34680,12,AB 6F AE 43 D9 BB 2C 42 A5 3A B5 42
1788592904.062083,34680,12,64 F3 AE 43 70 F1 18 42 86 D9 B6 42
1788592904.072674,34680,12,AE E7 AE 43 91 1D EC 41 8A DA B6 42
1788592904.083477,34680,12,CB 4C AE 43 3F C9 CB 41 C7 BF B5 42
1788592904.093959,34680,12,37 26 AD 43 31 CE D3 41 45 EE BA 42
1788592904.104526,34680,12,75 7A AB 43 0F 28 AD 41 FB 73 C5 42
1788592904.133506,34680,12,4D 53 A9 43 EF F1 A6 41 73 7F B9 42
1788592904.151783,34680,12,0C BD A6 43 AF 34 B3 41 E1 32 BF 42
1788592904.162545,34680,12,91 C6 A3 43 99 F6 9C 41 D7 64 BF 42
1788592904.173305,34680,12,E5 80 A0 43 03 01 C7 41 8B DE CE 42
1788592904.183841,34680,12,A7 FE 9C 43 58 FA C3 41 70 95 CC 42
1788592904.194410,34680,12,61 54 99 43 CB 82 FA 41 39 47 D0 42
1788592904.205146,34680,12,F6 96 95 43 85 7A 17 42 61 83 CD 42
1788592904.215737,34680,12,E8 DB 91 43 23 7E 34 42 44 86 D3 42
1788592904.226255,34680,12,A7 38 8E 43 8A FB 3C 42 18 81 CF 42
1788592904.236850,34680,12,F2 C1 8A 43 FC 65 4C 42 99 BF D9 42
1788592904.247302,34680,12,0D 8C 87 43 41 55 6A 42 62 62 D9 42
1788592904.257807,34680,12,3E A9 84 43 3E 72 78 42 AF 10 D3 42
1788592904.268341,34680,12,1D 2A 82 43 13 0B 91 42 00 D9 D7 42
1788592904.278919,34680,12,03 1D 80 43 92 A2 95 42 47 72 DC 42
1788592904.289938,34680,12,54 1B 7D 43 22 08 9B 42 80 0F E1 42
1788592904.300462,34680,12,66 0A 7B 43 E5 1C 9E 42 F1 C5 DC 42
1788592904.311156,34680,12,EC 12 7A 43 BD 60 9E 42 EA 74 DF 42
1788592904.321821,34680,12,76 3A 7A 43 26 3B 97 42 0A C0 E3 42
1788592904.332392,34680,12,1F 80 7B 43 63 5E 9C 42 A6 3C E6 42
1788592904.342942,34680,12,BE DC 7D 43 4B EE 93 42 F0 EA E4 42
1788592904.353418,34680,12,41 A1 80 43 25 C3 8E 42 43 F8 EA 42
1788592904.363956,34680,12,FC CE 82 43 1F CA 89 42 70 A9 ED 42
1788592904.374536,34680,12,0B 6B 85 43 CB 2A 87 42 3F 08 ED 42
1788592904.385220,34680,12,6D 66 88 43 18 F3 5A 42 00 4C A5 41
1788592904.397533,34680,12,2C B0 8B 43 29 D5 4C 42 2D 72 A7 41
1788592904.408147,34680,12,08 35 8F 43 E0 49 26 42 F3 4D AB 41
1788592904.419072,34680,12,F1 E0 92 43 BB AB 1D 42 9D 6C 9B 41
1788592904.429651,34680,12,CB 9E 96 43 6F 42 10 42 9A 90 C5 41
1788592904.440205,34680,12,15 59 9A 43 47 D7 DF 41 F2 8E CF 41
1788592904.450795,34680,12,8F FA 9D 43 66 01 D8 41 24 D1 B4 41
1788592904.462512,34680,12,FA 6D A1 43 81 F7 C6 41 2C 28 F7 41
1788592904.472994,34680,12,B1 9F A4 43 B7 B4 9B 41 4C 77 CB 41
1788592904.483433,34680,12,55 7D A7 43 3E 6E 9C 41 84 A2 F1 41
1788592904.493994,34680,12,6F F6 A9 43 E2 66 96 41 DF 5F F0 41
1788592904.504745,34680,12,DE FC AB 43 E0 4B BF 41 2C DD F4 41
1788592904.515486,34680,12,C8 84 AD 43 02 38 AF 41 92 7C F3 41
1788592904.526062,34680,12,7E 85 AE 43 2D 86 F8 41 D7 6F 0B 42
1788592904.536676,34680,12,3C F9 AE 43 B6 9E 03 42 75 C4 05 42
1788592904.547490,34680,12,6A DD AE 43 AE AC 22 42 3F AA 05 42
1788592904.557984,34680,12,99 32 AE 43 60 A8 38 42 F4 22 02 42
1788592904.570304,34680,12,B3 FC AC 43 43 38 51 42 08 A2 19 42
1788592904.580970,34680,12,A7 42 AB 43 8C 14 67 42 FB B7 1E 42
1788592904.591584,34680,12,62 0E A9 43 FF 4D 78 42 6A EB 1F 42
1788592904.605041,34680,12,92 6C A6 43 B8 5C 88 42 3E 81 28 42
1788592904.615770,34680,12,2C 6C A3 43 41 C2 8E 42 CE 65 2C 42
1788592904.626222,34680,12,C2 1E A0 43 82 EF 9B 42 12 37 28 42
1788592904.636583,34680,12,2A 97 9C 43 79 FB 9A 42 6B F8 2D 42
1788592904.646967,34680,12,AF E9 98 43 DA 4D A3 42 16 C6 35 42
1788592904.657419,34680,12,76 2B 95 43 BC 64 A1 42 F8 ED 36 42
1788592904.667789,34680,12,D1 71 91 43 D3 B0 9C 42 73 69 45 42
1788592904.678299,34680,12,8E D2 8D 43 C6 D4 96 42 35 3C 32 42
1788592904.688709,34680,12,4E 62 8A 43 9F 0D 99 42 F5 7C 38 42
1788592904.699107,34680,12,D5 34 87 43 8B 21 8B 42 6A D8 4B 42
1788592904.709600,34680,12,68 5C 84 43 90 72 8B 42 60 E1 49 42
1788592904.720010,34680,12,43 E9 81 43 8D 8E 72 42 A8 BC 5D 42
1788592904.730523,34680,12,7E D3 7F 43 5E 35 5B 42 22 8A 5D 42
1788592904.741986,34680,12,66 D2 7C 43 28 54 3A 42 E1 C3 58 42
1788592904.752529,34680,12,85 E0 7A 43 25 57 1D 42 BA B1 5D 42
1788592904.763108,34680,12,0A 09 7A 43 5E 2F 18 42 3E 93 59 42
1788592904.773703,34680,12,D5 50 7A 43 13 23 F7 41 87 EB 5F 42
1788592904.784267,34680,12,44 B6 7B 43 43 20 C9 41 84 C2 6C 42
1788592904.794800,34680,12,4B 31 7E 43 09 9C BC 41 4C D7 6D 42
1788592904.805348,34680,12,D4 D9 80 43 C2 F2 B9 41 C3 30 6C 42
1788592904.815867,34680,12,97 14 83 43 99 7A 9B 41 F8 3E 6A 42
1788592904.826494,34680,12,44 BC 85 43 A5 51 A7 41 FD 60 72 42
1788592904.837061,34680,12,50 C1 88 43 2D 56 CB 41 8C 89 7D 42
1788592904.847644,34680,12,80 12 8C 43 6B 75 B9 41 CC BB 7A 42
1788592904.858141,34680,12,C3 9C 8F 43 95 C1 DF 41 92 E2 85 42
1788592904.868955,34680,12,BE 4B 93 43 34 9D F8 41 F6 39 7C 42
1788592904.879577,34680,12,77 0A 97 43 62 30 09 42 3F C1 89 42
1788592904.890059,34680,12,02 C3 9A 43 12 7A 26 42 98 B6 7E 42
1788592904.900513,34680,12,2E 60 9E 43 83 66 41 42 DA 00 91 42
1788592904.910983,34680,12,33 CD A1 43 99 E7 57 42 66 63 82 42
1788592904.921533,34680,12,60 F6 A4 43 B6 31 71 42 09 F5 8D 42
1788592904.932200,34680,12,AD C9 A7 43 64 CA 89 42 92 79 93 42
1788592904.942703,34680,12,8F 36 AA 43 0F D2 89 42 CA A9 8D 42
1788592904.953239,34680,12,3E 2F AC 43 ED 36 99 42 BD 3C 95 42
1788592904.963722,34680,12,65 A8 AD 43 61 B3 9E 42 B9 7E 97 42
1788592904.974253,34680,12,8B 99 AE 43 CC 9D 9A 42 DA D9 97 42
1788592904.984776,34680,12,48 FD AE 43 FB DE 9D 42 7B EE 9C 42
1788592904.995238,34680,12,53 D1 AE 43 DD 57 A7 42 AC 2C 9B 42
1788592905.006032,34680,12,B3 16 AE 43 11 F0 96 42 57 4C 9B 42
1788592905.016627,34680,12,98 D1 AC 43 6A 5F 91 42 21 8E 9D 42
1788592905.027215,34680,12,4F 09 AB 43 CD 24 8F 42 C7 F2 A5 42
1788592905.038249,34680,12,F7 C7 A8 43 3B F2 83 42 17 00 9A 42
1788592905.048914,34680,12,C2 1A A6 43 C1 6C 6F 42 24 1B A1 42
1788592905.059305,34680,12,F8 10 A3 43 AD 9C 70 42 37 C6 A0 42
1788592905.069869,34680,12,10 BC 9F 43 41 15 50 42 FA 0D AC 42
1788592905.080341,34680,12,33 2F 9C 43 FA 3E 2E 42 3C 28 AC 42
1788592905.091290,34680,12,96 7E 98 43 A4 72 21 42 57 8A AE 42
1788592905.102047,34680,12,D3 BF 94 43 A1 EF FA 41 C7 09 B3 42
1788592905.112860,34680,12,40 08 91 43 85 E8 FB 41 5C DB B0 42
1788592905.123288,34680,12,3C 6D 8D 43 C2 03 CF 41 E4 E0 B0 42
1788592905.134132,34680,12,82 03 8A 43 BF E7 C2 41 CF D2 B7 42
1788592905.144595,34680,12,87 DE 86 43 B2 57 A1 41 4D 8B B9 42
1788592905.155208,34680,12,B4 10 84 43 76 0C 99 41 48 9D B4 42
1788592905.165765,34680,12,FC A9 81 43 80 F3 99 41 C4 D9 B5 42
1788592905.176310,34680,12,56 70 7F 43 44 82 96 41 12 4B C0 42
1788592905.186856,34680,12,E0 8C 7C 43 54 EB DD 41 FA E5 BF 42
1788592905.197406,34680,12,20 BA 7A 43 DC FA D4 41 EE 29 BD 42
1788592905.207877,34680,12,C1 02 7A 43 1C 87 F9 41 F2 20 C0 42
1788592905.219513,34680,12,C3 6A 7A 43 49 88 26 42 ED DB BA 42
1788592905.230033,34680,12,CE EF 7B 43 06 B7 34 42 B9 CF C0 42
1788592905.240628,34680,12,27 89 7E 43 34 9F 4A 42 EC FD CA 42
1788592905.251289,34680,12,0A 14 81 43 65 FD 63 42 FD 26 C8 42
1788592905.261898,34680,12,B2 5B 83 43 C7 77 81 42 91 58 CE 42
1788592905.272552,34680,12,84 0E 86 43 42 34 8B 42 EE DC CA 42
1788592905.283123,34680,12,FD 1C 89 43 BE 35 8E 42 35 F2 CF 42
1788592905.293857,34680,12,8C 75 8C 43 F1 0A A1 42 62 B3 D1 42
1788592905.304456,34680,12,25 05 90 43 A8 05 9C 42 B5 C3 D1 42
1788592905.314935,34680,12,EF B6 93 43 EB 0A A5 42 53 9E D6 42
1788592905.325384,34680,12,DD 75 97 43 99 D4 A2 42 F4 E4 D4 42
1788592905.335853,34680,12,66 2C 9B 43 B0 80 9F 42 55 9D D6 42
1788592905.346407,34680,12,32 C5 9E 43 18 55 9C 42 86 76 DD 42
1788592905.357637,34680,12,BD 2B A2 43 E0 22 90 42 08 63 D9 42
1788592905.370508,34680,12,23 4C A5 43 11 47 86 42 FC C7 E0 42
1788592905.380970,34680,12,97 14 A8 43 2C 93 7C 42 34 9B E6 42
1788592905.391433,34680,12,1B 75 AA 43 D3 40 5D 42 6C 4A E7 42
1788592905.402513,34680,12,04 60 AC 43 73 26 53 42 AE 65 EA 42
1788592905.413040,34680,12,5C CA AD 43 55 8F 3B 42 B2 68 EA 42
1788592905.423679,34680,12,DA AB AE 43 E5 F9 30 42 B2 CF E1 42
1788592905.434164,34680,12,83 FF AE 43 31 11 18 42 0A D0 EC 42
1788592905.444834,34680,12,77 C3 AE 43 C6 F5 FC 41 4E 82 EB 42
1788592905.455384,34680,12,10 F9 AD 43 3B CE D5 41 7E A5 9E 41
1788592905.465872,34680,12,C2 A4 AC 43 10 94 C1 41 39 BB BE 41
1788592905.476425,34680,12,57 CE AA 43 B5 24 AC 41 F0 2D AC 41
1788592905.486999,34680,12,50 80 A8 43 71 88 A9 41 C9 38 CC 41
1788592905.497637,34680,12,ED C7 A5 43 4B 6B 99 41 13 9A E1 41
1788592905.508148,34680,12,D2 B4 A2 43 8C 60 AB 41 6F 68 B6 41
1788592905.518770,34680,12,7D 58 9F 43 57 69 9B 41 BF 82 C2 41
1788592905.529384,34680,12,99 C6 9B 43 B1 E6 E6 41 BA 47 BC 41
1788592905.540049,34680,12,81 13 98 43 D9 BB EC 41 BF 14 E2 41
1788592905.550616,34680,12,79 54 94 43 21 4F 12 42 9C A6 EA 41
1788592905.561232,34680,12,0B 9F 90 43 6F B8 2A 42 7E 0E F3 41
1788592905.572143,34680,12,5A 08 8D 43 51 28 4B 42 74 EE 07 42
1788592905.582715,34680,12,68 A5 89 43 AA 1A 60 42 E0 29 F6 41
1788592905.593203,34680,12,7A 89 86 43 4C 1A 78 42 0E 12 01 42
1788592905.603775,34680,12,70 C6 83 43 3B F2 83 42 73 32 FA 41
1788592905.614545,34680,12,2C 6C 81 43 6D 46 8E 42 D0 E4 01 42
1788592905.625033,34680,12,3B 10 7F 43 D0 A9 98 42 A3 75 18 42
1788592905.635602,34680,12,AA 4A 7C 43 BC 20 97 42 4E 94 1D 42
1788592905.646158,34680,12,5D 97 7A 43 76 F6 A4 42 78 A2 18 42
1788592905.656742,34680,12,1A 00 7A 43 87 60 9B 42 2E E8 1D 42
1788592905.667303,34680,12,45 88 7A 43 20 01 9B 42 9F 8D 14 42
1788592905.677827,34680,12,EF 2C 7C 43 BF FD 98 42 FA 41 23 42
1788592905.688513,34680,12,78 E4 7E 43 A8 9E 97 42 80 49 21 42
1788592905.699046,34680,12,A8 4F 81 43 0C 69 93 42 72 BC 2C 42
1788592905.709582,34680,12,04 A4 83 43 59 7A 84 42 25 67 40 42
1788592905.720070,34680,12,EB 61 86 43 4E 67 64 42 58 7C 33 42
1788592905.730638,34680,12,C5 79 89 43 DA 44 5F 42 39 E1 40 42
1788592905.741156,34680,12,78 D9 8C 43 96 59 36 42 26 90 3B 42
1788592905.751675,34680,12,C5 6D 90 43 81 19 2A 42 79 C7 3A 42
1788592905.762160,34680,12,19 22 94 43 F8 EF 13 42 DE BE 3D 42
1788592905.772658,34680,12,29 E1 97 43 14 15 F6 41 BD B0 43 42
1788592905.783277,34680,12,9B 95 9B 43 14 DD DF 41 80 D1 3D 42
1788592905.793864,34680,12,C1 29 9F 43 D4 02 E6 41 E5 5A 53 42
1788592905.804408,34680,12,3A 89 A2 43 E2 0D A7 41 EA 1A 53 42
1788592905.814904,34680,12,A2 A0 A5 43 F4 3A 90 41 FE 40 52 42
1788592905.825632,34680,12,33 5E A8 43 C9 25 8E 41 4D E8 5F 42
1788592905.836642,34680,12,49 B2 AA 43 ED 6C A6 41 F3 6A 59 42
1788592905.847253,34680,12,42 8F AC 43 76 B3 AA 41 D6 A6 56 42
1788592905.857867,34680,12,8B EA AD 43 32 47 EC 41 AD F0 6C 42
1788592905.868455,34680,12,57 BC AE 43 DC E2 F8 41 E4 69 75 42
1788592905.879093,34680,12,F0 FF AE 43 65 B9 12 42 0A 81 6E 42
1788592905.889584,34680,12,C9 B3 AE 43 02 DD 23 42 0E 0D 78 42
1788592905.900216,34680,12,A1 D9 AD 43 CE 1A 32 42 8C C1 6F 42
1788592905.910780,34680,12,5E 76 AC 43 58 AB 4B 42 89 BF 77 42
1788592905.921342,34680,12,F9 91 AA 43 C3 79 60 42 98 83 88 42
1788592905.931897,34680,12,53 37 A8 43 DC DC 81 42 16 C7 87 42
1788592905.942430,34680,12,CE 73 A5 43 6B DB 87 42 D5 7E 84 42
1788592905.953238,34680,12,96 57 A2 43 20 5A 98 42 DD DF 87 42
1788592905.963862,34680,12,6A F4 9E 43 E2 7A 93 42 04 FD 82 42
1788592905.974541,34680,12,C4 5D 9B 43 F0 50 A4 42 10 A1 85 42
1788592905.985229,34680,12,45 A8 97 43 D3 B3 A2 42 38 CC 8B 42
1788592905.995887,34680,12,0C E9 93 43 A3 57 9E 42 EA 95 90 42
1788592906.006548,34680,12,09 36 90 43 7E C3 A3 42 20 18 8F 42
1788592906.017136,34680,12,4D A4 8C 43 9A 12 9F 42 10 6F 93 42
1788592906.027678,34680,12,5E 48 89 43 59 CA 8B 42 68 7D 92 42
1788592906.038307,34680,12,8A 35 86 43 E1 BA 87 42 98 3C 98 42
1788592906.048896,34680,12,5C 7D 83 43 DF 6F 86 42 F2 DC 93 42
1788592906.059645,34680,12,BE 2F 81 43 88 78 5B 42 3C 0C 95 42
1788592906.070271,34680,12,8D B3 7E 43 FE E8 4D 42 09 0C A5 42
1788592906.080890,34680,12,07 0C 7C 43 50 23 31 42 E5 60 98 42
1788592906.091514,34680,12,2C 78 7A 43 87 F1 25 42 EB 8D AA 42
1788592906.102094,34680,12,10 01 7A 43 42 7A 0E 42 1A 75 9F 42
1788592906.112899,34680,12,6B A9 7A 43 8E DB CB 41 93 51 A0 42
1788592906.123524,34680,12,68 6D 7C 43 CF AB C1 41 29 66 AA 42
1788592906.134127,34680,12,E1 42 7F 43 95 30 B8 41 9B 98 A3 42
1788592906.144737,34680,12,C6 8C 81 43 13 F0 A2 41 A3 31 AB 42
1788592906.155322,34680,12,CD ED 83 43 01 9D 94 41 2F 3A AB 42
1788592906.165956,34680,12,9A B6 86 43 90 72 8C 41 68 FC B1 42
1788592906.176991,34680,12,49 D7 89 43 18 42 AE 41 23 7E AD 42
1788592906.187991,34680,12,DE 3D 8D 43 48 77 E7 41 C6 C6 B5 42
1788592906.198521,34680,12,CC D6 90 43 96 6B E2 41 DF 03 B6 42
1788592906.209111,34680,12,97 8D 94 43 95 9C 04 42 57 8F BD 42
1788592906.219670,34680,12,83 4C 98 43 C4 29 11 42 88 9E B2 42
1788592906.230282,34680,12,38 FE 9B 43 D3 AD 2E 42 ED 78 B8 42
1788592906.240867,34680,12,79 8D 9F 43 FC CC 53 42 B5 C2 B9 42
1788592906.251473,34680,12,CF E5 A2 43 89 AF 57 42 1A CC BB 42
1788592906.262066,34680,12,27 F4 A5 43 FE E8 7C 42 6A E8 BE 42
1788592906.272659,34680,12,9D A6 A8 43 1F 16 8C 42 C7 93 C6 42
1788592906.283231,34680,12,DB ED AA 43 18 06 93 42 33 90 C2 42
1788592906.293816,34680,12,C8 BC AC 43 CF BB 99 42 EB 41 C8 42
1788592906.304422,34680,12,FF 08 AE 43 E4 55 98 42 45 6C C5 42
1788592906.315067,34680,12,11 CB AE 43 1A 76 99 42 80 DB C8 42
1788592906.325594,34680,12,8D FE AE 43 D8 B0 9B 42 13 CD D2 42
1788592906.336241,34680,12,59 A2 AE 43 5B FB A2 42 BF 86 CE 42
1788592906.346815,34680,12,88 B8 AD 43 D7 A0 A1 42 20 BC D1 42
1788592906.357347,34680,12,5A 46 AC 43 3C 98 93 42 16 34 D3 42
1788592906.367844,34680,12,01 54 AA 43 BC 58 90 42 94 C8 D2 42
1788592906.378432,34680,12,E2 EC A7 43 1A 4B 7B 42 B4 6B CF 42
1788592906.389005,34680,12,B7 1E A5 43 81 96 64 42 46 46 D7 42
1788592906.399536,34680,12,A0 F9 A1 43 98 96 51 42 5C 68 DD 42
1788592906.410083,34680,12,B2 8F 9E 43 8A AA 3D 42 96 BA E0 42
1788592906.420656,34680,12,5B F4 9A 43 AC E6 25 42 D7 2D DC 42
1788592906.431342,34680,12,B8 3C 97 43 4A A2 0D 42 9F AA D9 42
1788592906.441844,34680,12,F8 7D 93 43 0B A5 03 42 F6 64 E2 42
1788592906.452531,34680,12,A3 CD 8F 43 25 43 F2 41 DD 5A E1 42
1788592906.463182,34680,12,ED 40 8C 43 86 0E B8 41 3C FE E4 42
1788592906.474441,34680,12,15 EC 88 43 E2 3A BC 41 2A B1 E8 42
1788592906.484951,34680,12,99 E2 85 43 48 E3 96 41 82 DB EB 42
1788592906.496010,34680,12,C0 35 83 43 32 5B 71 41 80 49 F0 42
1788592906.506606,34680,12,ED F4 80 43 B1 76 97 41 B6 BB EF 42
1788592906.517162,34680,12,25 5A 7E 43 1C CE B7 41 06 FA A4 41
1788592906.527720,34680,12,C0 D0 7B 43 C8 D3 CC 41 D2 87 B5 41
1788592906.538179,34680,12,84 5C 7A 43 49 39 F7 41 7A 14 D6 41
1788592906.548837,34680,12,A4 05 7A 43 EE 90 11 42 38 23 DD 41
1788592906.559289,34680,12,14 CE 7A 43 A0 63 25 42 35 88 A4 41
1788592906.569723,34680,12,52 B1 7C 43 D7 0B 3A 42 1C 66 C9 41
1788592906.580200,34680,12,B5 A4 7F 43 4B FE 62 42 9A 6E D0 41
1788592906.590690,34680,12,7B CB 81 43 CA 24 78 42 9E E6 EB 41
1788592906.601155,34680,12,C2 38 84 43 11 24 7E 42 38 E8 F2 41
1788592906.611669,34680,12,3E 0C 87 43 DE 21 8C 42 7F 16 E7 41
1788592906.622128,34680,12,AE 35 8A 43 9E 8D 91 42 B2 CB F5 41
1788592906.632605,34680,12,15 A3 8D 43 E8 10 9C 42 36 B3 F0 41
1788592906.643106,34680,12,64 40 91 43 F1 DC 96 42 81 B7 03 42
1788592906.654103,34680,12,FF F8 94 43 1D 01 A0 42 0E 4E 0E 42
1788592906.664678,34680,12,81 B7 98 43 7A 67 A1 42 87 20 0A 42
1788592906.675480,34680,12,66 66 9C 43 7B 0D 99 42 8E 8E 05 42
1788592906.689764,34680,12,AD F0 9F 43 C7 75 95 42 32 4E 18 42
1788592906.700853,34680,12,A0 41 A3 43 11 E9 8A 42 71 15 08 42
1788592906.711456,34680,12,5D 46 A6 43 D3 23 8B 42 54 F3 1F 42
1788592906.723088,34680,12,8C ED A8 43 23 49 77 42 DB 26 24 42
1788592906.733632,34680,12,EA 27 AB 43 D0 80 61 42 57 C1 32 42
1788592906.744191,34680,12,BE E8 AC 43 10 F8 3F 42 CF 69 22 42
1788592906.754761,34680,12,C4 25 AE 43 E7 74 3B 42 5E 9C 26 42
1788592906.765261,34680,12,F8 D7 AE 43 13 7F 0C 42 EA 63 2C 42
1788592906.775722,34680,12,5C FB AE 43 AA 93 0A 42 FD 84 31 42
1788592906.786352,34680,12,21 8F AE 43 53 1A D2 41 D2 DD 37 42
1788592906.796931,34680,12,A7 95 AD 43 E6 FC C9 41 91 EC 3F 42
1788592906.807501,34680,12,A2 14 AC 43 FF 74 CB 41 68 11 39 42
1788592906.818034,34680,12,AD 14 AA 43 F7 31 C1 41 C9 DC 3A 42
1788592906.828743,34680,12,47 A1 A7 43 8B 3B 7A 41 72 9E 53 42
1788592906.839404,34680,12,88 C8 A4 43 AA 5F B5 41 74 AC 49 42
1788592906.849963,34680,12,A1 9A A1 43 4F 74 AB 41 5B 1C 4A 42
1788592906.860489,34680,12,2C 2A 9E 43 6C 01 B5 41 08 CC 58 42
1788592906.871648,34680,12,C7 8A 9A 43 F9 EE E1 41 D5 74 54 42
1788592906.882108,34680,12,46 D1 96 43 99 E3 0D 42 4C 62 61 42
1788592906.892702,34680,12,12 13 93 43 C3 B3 17 42 BE 13 55 42
1788592906.903187,34680,12,7F 65 8F 43 80 CF 23 42 BD A7 54 42
1788592906.913731,34680,12,14 DE 8B 43 1A E4 41 42 72 68 57 42
1788592906.924239,34680,12,E9 90 88 43 BA 1C 6A 42 F5 CF 57 42
1788592906.934810,34680,12,F8 90 85 43 42 58 74 42 EF C5 6A 42
1788592906.945444,34680,12,80 EF 82 43 10 4F 81 42 99 B5 72 42
1788592906.956435,34680,12,87 BB 80 43 8B CA 8B 42 56 BE 73 42
1788592906.967135,34680,12,E2 03 7E 43 8A 88 98 42 57 92 74 42
1788592906.977678,34680,12,11 99 7B 43 2A 1A 9D 42 97 54 83 42
1788592906.988199,34680,12,80 44 7A 43 51 CF 97 42 AE 90 71 42
1788592906.998711,34680,12,D5 0D 7A 43 7D 45 9E 42 3E E6 81 42
1788592907.009245,34680,12,5E F6 7A 43 88 C2 98 42 4A 2D 89 42
1788592907.019781,34680,12,CA F8 7C 43 19 55 94 42 24 A6 8B 42
1788592907.030316,34680,12,C8 04 80 43 26 A7 8D 42 04 BC 84 42
1788592907.040956,34680,12,89 0B 82 43 09 56 86 42 68 CA 90 42
1788592907.051635,34680,12,00 85 84 43 F7 7C 81 42 E2 C8 8E 42
1788592907.062241,34680,12,1E 63 87 43 07 3E 6D 42 B9 7E 89 42
1788592907.072673,34680,12,1A 95 8A 43 B7 40 5A 42 2D A2 94 42
1788592907.083322,34680,12,B9 08 8E 43 95 C4 3A 42 5E 2B 92 42
1788592907.093910,34680,12,22 AA 91 43 92 40 21 42 2C D0 90 42
1788592907.104476,34680,12,79 64 95 43 A9 5A 1A 42 84 A8 9D 42
1788592907.115027,34680,12,7F 22 99 43 B1 E8 00 42 BC 82 97 42
1788592907.125554,34680,12,4D CE 9C 43 49 9F D8 41 19 1B 99 42
1788592907.137430,34680,12,FC 52 A0 43 93 B7 CB 41 EB DA A0 42
1788592907.148098,34680,12,50 9C A3 43 5E 2E A5 41 2B 21 A0 42
1788592907.160571,34680,12,67 97 A6 43 BF D4 9B 41 25 07 A4 42
1788592907.173593,34680,12,3C 33 A9 43 77 D3 8E 41 E0 91 A2 42
1788592907.184140,34680,12,8B 60 AB 43 34 8E C0 41 00 CB 9E 42
1788592907.194773,34680,12,F6 12 AD 43 8B 55 C4 41 F6 7A A8 42
1788592907.205337,34680,12,BC 40 AE 43 1B 8B DF 41 8A 5B A4 42
1788592907.216234,34680,12,1A E3 AE 43 D3 65 04 42 28 26 A8 42
1788592907.227691,34680,12,59 F6 AE 43 B2 9C 0F 42 63 DD A7 42
1788592907.242961,34680,12,19 7A AE 43 BA D0 24 42 E6 30 B1 42
1788592907.261388,34680,12,22 71 AD 43 BB 6F 3F 42 3C 9E AA 42
1788592907.275026,34680,12,68 E1 AB 43 5C FD 5A 42 EE 46 AB 42
1788592907.288352,34680,12,C7 D3 A9 43 EB 53 75 42 7B 37 B7 42
1788592907.298949,34680,12,43 54 A7 43 AD 74 75 42 A0 45 BD 42
1788592907.309543,34680,12,20 71 A4 43 6E 95 8E 42 D8 84 B6 42
1788592907.320006,34680,12,F6 3A A1 43 1D 3F 92 42 C5 79 B8 42
1788592907.330663,34680,12,3E C4 9D 43 B3 21 96 42 25 4D BA 42
1788592907.341112,34680,12,AE 20 9A 43 77 98 9C 42 16 AF BE 42
1788592907.351860,34680,12,94 65 96 43 E4 7B A3 42 A5 23 BA 42
1788592907.362542,34680,12,31 A8 92 43 DC 3B 9A 42 81 CC BF 42
1788592907.373083,34680,12,06 FE 8E 43 8F 4E A1 42 9C 3E C0 42
1788592907.383736,34680,12,24 7C 8B 43 46 21 91 42 E0 AF C1 42
1788592907.394244,34680,12,8C 36 88 43 DF CD 94 42 CC E3 C6 42
1788592907.404787,34680,12,62 40 85 43 5E E7 84 42 17 5B C7 42
1788592907.415331,34680,12,81 AA 82 43 A2 2B 77 42 2D E5 CD 42
1788592907.426023,34680,12,C6 83 80 43 25 A1 5F 42 6D F8 CE 42
1788592907.436482,34680,12,1B B1 7D 43 B2 26 4C 42 63 3D CD 42
1788592907.453601,34680,12,CA 64 7B 43 F2 8E 1D 42 0D 26 D6 42
1788592907.464156,34680,12,0B 30 7A 43 AF 4C 1D 42 EF D0 D0 42
1788592907.474714,34680,12,A8 19 7A 43 1E A7 00 42 2B BE D3 42
1788592907.485340,34680,12,22 22 7B 43 C6 4F BE 41 03 39 D5 42
1788592907.495894,34680,12,87 43 7D 43 2C 98 D6 41 FA C2 D7 42
1788592907.506359,34680,12,E5 38 80 43 3F F3 B0 41 85 1E DD 42
1788592907.520003,34680,12,27 4D 82 43 92 52 A5 41 F9 7B DD 42
1788592907.530485,34680,12,A6 D2 84 43 B8 B0 90 41 15 A1 DE 42
1788592907.541029,34680,12,E5 BA 87 43 92 9C AD 41 98 54 E4 42
1788592907.551795,34680,12,2D F5 8A 43 69 6F BB 41 55 80 E2 42
1788592907.562250,34680,12,1F 6F 8E 43 EA 37 D6 41 4D 35 E3 42
1788592907.572648,34680,12,63 14 92 43 A1 CE FC 41 65 D9 ED 42
1788592907.583025,34680,12,30 D0 95 43 BB 28 0A 42 9D 48 EE 42
1788592907.593626,34680,12,10 8D 99 43 2D 39 2A 42 F8 CA F0 42
1788592907.603959,34680,12,86 35 9D 43 F4 4D 35 42 F6 55 F0 42
1788592907.614530,34680,12,B8 B4 A0 43 0B DD 57 42 C6 23 9C 41
1788592907.624951,34680,12,2F F6 A3 43 87 FB 69 42 86 56 A4 41
1788592907.635731,34680,12,62 E7 A6 43 78 B9 71 42 3F A4 BB 41
1788592907.646135,34680,12,68 77 A9 43 E6 E4 87 42 69 49 AC 41
1788592907.656645,34680,12,86 97 AB 43 C0 36 8E 42 2B 85 D3 41
1788592907.667332,34680,12,96 3B AD 43 DD C1 9B 42 90 29 C7 41
1788592907.678169,34680,12,FE 59 AE 43 E8 D4 9A 42 35 3C D6 41
1788592907.688719,34680,12,68 EC AE 43 DF F6 9B 42 B8 BC D9 41
1788592907.699230,34680,12,8B EF AE 43 52 04 AA 42 24 3F E8 41
1788592907.710342,34680,12,55 63 AE 43 E9 DA A3 42 DA 70 F8 41
1788592907.720879,34680,12,D9 4A AD 43 50 72 99 42 90 D2 F3 41
1788592907.731486,34680,12,81 AC AB 43 9A D5 8F 42 03 71 FA 41
1788592907.741966,34680,12,90 91 A9 43 8E C6 88 42 BD 5E F0 41
1788592907.752494,34680,12,21 06 A7 43 EA D0 6F 42 5B A2 01 42
1788592907.762976,34680,12,D4 18 A4 43 AE 3E 68 42 15 3F FF 41
1788592907.773581,34680,12,4F DA A0 43 BF B5 43 42 1B 89 0D 42
1788592907.784853,34680,12,91 5D 9D 43 41 90 49 42 4B 31 1B 42
1788592907.795400,34680,12,7A B6 99 43 62 84 18 42 F2 65 23 42
1788592907.805809,34680,12,0B FA 95 43 18 73 20 42 DC E1 17 42
1788592907.816509,34680,12,BF 3D 92 43 CC 76 FA 41 C5 59 22 42
1788592907.827401,34680,12,DF 96 8E 43 4E 61 C5 41 69 A1 25 42
1788592907.838053,34680,12,CA 1A 8B 43 58 FD CB 41 36 FE 22 42
1788592907.848758,34680,12,58 DD 87 43 C8 84 D6 41 F4 46 2D 42
1788592907.859267,34680,12,28 F1 84 43 52 32 8B 41 37 AA 23 42
1788592907.869827,34680,12,08 67 82 43 F1 D2 96 41 55 2A 2F 42
1788592907.880349,34680,12,79 4D 80 43 4E F2 C0 41 4B 3F 47 42
1788592907.890857,34680,12,88 61 7D 43 7E EA 9C 41 75 85 2D 42
1788592907.901310,34680,12,1F 34 7B 43 06 2B E7 41 06 DC 33 42
1788592907.912025,34680,12,3A 1F 7A 43 DF D7 FC 41 32 9A 39 42
1788592907.922571,34680,12,12 29 7A 43 F2 C6 13 42 0A 61 41 42
1788592907.933092,34680,12,84 51 7B 43 E9 F5 38 42 7B DB 4E 42
1788592907.943794,34680,12,CA 91 7D 43 D3 8C 41 42 FB E9 43 42
1788592907.954310,34680,12,7D 6E 80 43 9C 09 67 42 BC F9 62 42
1788592907.964914,34680,12,13 90 82 43 36 A2 7F 42 D0 9D 5C 42
1788592907.975492,34680,12,66 21 85 43 AF 76 87 42 B3 DF 54 42
1788592907.985874,34680,12,DE 13 88 43 C1 44 8E 42 8A C7 62 42
1788592907.996488,34680,12,3A 56 8B 43 D8 9F 92 42 BE D4 55 42
1788592908.007939,34680,12,E2 D5 8E 43 3D 64 9A 42 86 6F 67 42
1788592908.018611,34680,12,BA 7E 92 43 82 F5 9F 42 02 22 65 42
1788592908.029258,34680,12,B9 3B 96 43 E3 E9 A5 42 98 82 6E 42
1788592908.039680,34680,12,92 F7 99 43 5A 9B 9C 42 9B 7A 6F 42
1788592908.050562,34680,12,6A 9C 9D 43 E6 36 9E 42 5B 36 6F 42
1788592908.061009,34680,12,81 15 A1 43 B8 73 95 42 9E F7 7D 42
1788592908.073750,34680,12,E1 4E A4 43 AA C7 93 42 A5 62 85 42
1788592908.084696,34680,12,FF 35 A7 43 47 5A 8D 42 D8 D8 83 42
1788592908.095280,34680,12,4B BA A9 43 53 14 78 42 6D E0 85 42
1788592908.105973,34680,12,0A CD AB 43 61 80 66 42 B8 9A 86 42
1788592908.116500,34680,12,76 62 AD 43 AA BE 4B 42 3E 16 8D 42
1788592908.127067,34680,12,72 71 AE 43 55 FE 21 42 DD 7E 85 42
1788592908.137655,34680,12,EA F3 AE 43 F2 8A 13 42 A0 9F 8C 42
1788592908.148196,34680,12,EB E6 AE 43 27 DF 00 42 26 2F 90 42
1788592908.158769,34680,12,C2 4A AE 43 49 B1 03 42 AA DC 8C 42
1788592908.169386,34680,12,F2 22 AD 43 EB 1F B9 41 BF 1C 8F 42
1788592908.179924,34680,12,21 76 AB 43 F3 D0 A4 41 DE 91 8F 42
1788592908.190428,34680,12,F0 4D A9 43 45 E8 8C 41 26 16 98 42
1788592908.201050,34680,12,9F B6 A6 43 87 11 B0 41 1A 12 96 42
1788592908.212322,34680,12,5A BF A3 43 63 79 A1 41 2E 95 96 42
1788592908.222820,34680,12,0C 79 A0 43 B4 84 C0 41 EE FB A0 42
1788592908.233350,34680,12,8A F6 9C 43 1C 05 BF 41 71 02 A1 42
1788592908.244086,34680,12,01 4C 99 43 29 E9 00 42 33 F7 9F 42
1788592908.254631,34680,12,52 8E 95 43 CC B4 0E 42 A9 DE A5 42
1788592908.265118,34680,12,62 D3 91 43 B5 1E 1C 42 36 D9 A5 42
1788592908.275676,34680,12,71 30 8E 43 3D F3 3D 42 E0 71 A5 42
1788592908.286547,34680,12,67 BA 8A 43 AF 4D 4F 42 C8 AF A4 42
1788592908.297086,34680,12,29 85 87 43 13 C2 6C 42 6A 6B A7 42
1788592908.307571,34680,12,06 A3 84 43 32 3A 85 42 6A B3 A7 42
1788592908.318081,34680,12,DC 24 82 43 11 D0 80 42 8B FE B3 42
1788592908.328632,34680,12,D7 18 80 43 1F A7 91 42 95 D2 AF 42
1788592908.339164,34680,12,7A 15 7D 43 B0 36 97 42 C1 9D AE 42
1788592908.354435,34680,12,FB 06 7B 43 DC 90 97 42 3A 6B B1 42
1788592908.364918,34680,12,FF 11 7A 43 E4 56 9F 42 C3 3F AD 42
1788592908.375338,34680,12,1F 3C 7A 43 D8 8C 9E 42 46 8F B6 42
1788592908.388928,34680,12,56 84 7B 43 DB 49 A3 42 D9 8F BD 42
1788592908.399374,34680,12,44 E3 7D 43 02 E7 95 42 42 E3 BE 42
1788592908.409925,34680,12,A4 A5 80 43 DB 93 91 42 A0 A6 C4 42
1788592908.420518,34680,12,87 D4 82 43 8D 08 83 42 6A 7A B7 42
1788592908.436974,34680,12,84 71 85 43 FF 7D 7A 42 F8 FE BD 42
1788592908.460741,34680,12,AF 6D 88 43 01 26 67 42 81 33 C8 42
1788592908.480118,34680,12,DE B7 8B 43 FC 02 3A 42 DA DB C3 42
1788592908.495833,34680,12,2A 3D 8F 43 85 D2 2F 42 AA E5 BD 42
1788592908.513750,34680,12,84 E9 92 43 EC 85 1C 42 E8 82 C9 42
1788592908.524589,34680,12,6F A7 96 43 CB 29 04 42 46 78 CC 42
1788592908.535150,34680,12,98 61 9A 43 5D 90 E4 41 EE 56 D6 42
1788592908.545962,34680,12,91 02 9E 43 6D CF BC 41 F7 74 C9 42
1788592908.556616,34680,12,7D 75 A1 43 F3 53 AB 41 E2 DB CD 42
1788592908.567062,34680,12,B2 A6 A4 43 FF 46 AC 41 67 B0 CC 42
1788592908.577829,34680,12,81 83 A7 43 FF 1B 95 41 3C 78 D5 42
1788592908.588503,34680,12,A2 FB A9 43 48 13 A6 41 D2 75 CF 42
1788592908.599015,34680,12,E2 00 AC 43 95 BA 94 41 6D B2 D9 42
1788592908.609521,34680,12,A4 87 AD 43 92 39 D3 41 33 97 D1 42
1788592908.620082,34680,12,2B 87 AE 43 14 56 EB 41 CC 09 D8 42
1788592908.630625,34680,12,A0 F9 AE 43 34 78 0D 42 8A BD DC 42
1788592908.641126,34680,12,82 DC AE 43 3F 7F 08 42 06 14 DD 42
1788592908.651722,34680,12,78 30 AE 43 24 3E 39 42 7F 4F E1 42
1788592908.664416,34680,12,5F F9 AC 43 07 68 49 42 F2 3D E3 42
1788592908.675091,34680,12,19 3E AB 43 B4 FF 66 42 8F 69 E8 42
1788592908.685755,34680,12,C9 08 A9 43 B4 44 82 42 27 F5 E2 42
1788592908.696195,34680,12,0C 66 A6 43 C8 76 88 42 0F 20 E9 42
1788592908.706737,34680,12,0A 65 A3 43 42 C9 8D 42 FA 6B ED 42
1788592908.717230,34680,12,07 17 A0 43 D4 DD 90 42 17 94 EA 42
1788592908.727733,34680,12,D3 8E 9C 43 3E 41 9A 42 52 0B 97 41
1788592908.738120,34680,12,19 E1 98 43 65 E6 9F 42 AE C1 C5 41
1788592908.749976,34680,12,D2 22 95 43 ED 88 A3 42 63 11 AE 41
1788592908.764374,34680,12,83 69 91 43 88 6E 99 42 B0 94 BD 41
1788592908.774834,34680,12,93 CA 8D 43 F1 84 97 42 6E BE BA 41
1788592908.785856,34680,12,A8 5A 8A 43 57 A4 90 42 71 B2 EC 41
1788592908.796392,34680,12,DE 2D 87 43 AA CB 86 42 ED E1 E8 41
1788592908.807519,34680,12,49 56 84 43 95 51 7D 42 EC EE E0 41
1788592908.829883,34680,12,3D E4 81 43 1C 90 69 42 8D 89 D8 41
1788592908.840458,34680,12,96 CB 7F 43 7F 00 52 42 9B A1 DB 41
1788592908.852907,34680,12,AF CC 7C 43 21 89 39 42 00 95 EE 41
1788592908.863677,34680,12,4F DD 7A 43 C3 5D 25 42 50 29 F3 41
1788592908.874253,34680,12,66 08 7A 43 F7 F4 16 42 30 F3 E7 41
1788592908.884694,34680,12,BE 52 7A 43 63 47 00 42 EA 47 05 42
1788592908.895351,34680,12,A9 BA 7B 43 56 DC DB 41 AC B4 18 42
1788592908.905972,34680,12,3C 38 7E 43 66 F0 CB 41 45 62 00 42
1788592908.918608,34680,12,71 DE 80 43 E2 7F 99 41 3B 4B 0E 42
1788592908.929270,34680,12,3F 1A 83 43 70 A8 AA 41 5D 8D 0F 42
1788592908.940072,34680,12,AF C2 85 43 C0 2C 8F 41 80 A9 19 42
1788592908.950582,34680,12,7B C8 88 43 16 F4 AC 41 32 4E 1D 42
1788592908.961291,34680,12,70 1A 8C 43 EA B8 B4 41 F4 B4 17 42
1788592908.971738,34680,12,1F A5 8F 43 03 97 F3 41 A7 24 26 42
1788592908.982168,34680,12,56 54 93 43 7A 3A 04 42 A9 10 2C 42
1788592908.992652,34680,12,E8 12 97 43 B8 90 0D 42 F0 69 3A 42
1788592909.003194,34680,12,4D CB 9A 43 DB D5 23 42 3A CB 30 42
1788592909.013716,34680,12,52 68 9E 43 4F B1 38 42 97 A5 32 42
1788592909.024189,34680,12,D1 D4 A1 43 63 1D 60 42 AA F3 2F 42
1788592909.034635,34680,12,4C FD A4 43 DC B4 65 42 D0 9C 34 42
1788592909.046416,34680,12,9C CF A7 43 A3 22 84 42 6F 4E 46 42
1788592909.058676,34680,12,87 3B AA 43 32 3A 89 42 30 CC 35 42
1788592909.069277,34680,12,39 33 AC 43 D7 AB 9A 42 6F 7D 37 42
1788592909.084832,34680,12,2F AB AD 43 44 9D 99 42 CE 12 5D 42
1788592909.095483,34680,12,14 9B AE 43 E0 E0 97 42 9F CC 4E 42
1788592909.106076,34680,12,86 FD AE 43 94 5C A4 42 82 D3 52 42
1788592909.116628,34680,12,4D D0 AE 43 47 B9 A0 42 28 13 55 42
1788592909.127268,34680,12,62 14 AE 43 37 A9 97 42 C7 FD 5E 42
1788592909.137856,34680,12,0F CE AC 43 DC 93 97 42 14 EE 5B 42
1788592909.153758,34680,12,A2 04 AB 43 16 98 90 42 D6 79 52 42
1788592909.164309,34680,12,62 C2 A8 43 AC 09 8C 42 40 78 6D 42
1788592909.175270,34680,12,4A 14 A6 43 66 65 72 42 20 C0 5D 42
1788592909.209514,34680,12,98 09 A3 43 C6 B6 5D 42 C2 C8 77 42
1788592909.230150,34680,12,1A B4 9F 43 4D 2B 42 42 79 6E 72 42
1788592909.240808,34680,12,D2 26 9C 43 2C 08 29 42 42 E3 72 42
1788592909.251732,34680,12,2E 76 98 43 48 7E 26 42 0F 12 83 42
1788592909.262302,34680,12,63 B7 94 43 30 F4 FF 41 C4 1C 83 42
1788592909.273112,34680,12,C8 FF 90 43 FA C1 EB 41 E4 CF 85 42
1788592909.283677,34680,12,1E 65 8D 43 11 1A D3 41 58 9D 85 42
1788592909.294286,34680,12,ED FB 89 43 80 FE CD 41 B3 1D 8B 42
1788592909.304789,34680,12,CF D7 86 43 97 52 9A 41 DA 45 88 42
1788592909.315344,34680,12,D3 0A 84 43 B2 B0 A5 41 BF 8F 8C 42
1788592909.325877,34680,12,F6 A4 81 43 5A 41 B8 41 DA F7 8E 42
1788592909.336393,34680,12,81 68 7F 43 4F 12 C2 41 4C BA 8D 42
1788592909.347014,34680,12,70 87 7C 43 D8 D1 C0 41 C3 95 91 42
1788592909.357528,34680,12,44 B7 7A 43 32 78 01 42 39 B0 8D 42
1788592909.368078,34680,12,6A 02 7A 43 CD 15 09 42 4B 63 97 42
1788592909.378567,34680,12,00 6D 7A 43 7A 94 11 42 96 6B 9A 42
1788592909.389336,34680,12,95 F4 7B 43 61 62 35 42 DD 28 99 42
1788592909.399804,34680,12,5C 90 7E 43 FA 5E 59 42 D4 F3 98 42
1788592909.410506,34680,12,AB 18 81 43 0E 9F 58 42 81 29 A3 42
1788592909.422574,34680,12,54 61 83 43 C4 95 79 42 E5 2D A1 42
1788592919.425906,34680,12,2D 15 86 43 53 C8 85 42 7A 72 9C 42
1788592919.436336,34680,12,66 24 89 43 E8 94 8D 42 30 FA A2 42
1788592919.446912,34680,12,8A 7D 8C 43 88 75 93 42 04 85 9F 42
1788592919.457482,34680,12,59 0D 90 43 D2 0F 98 42 38 C0 A0 42
1788592919.468009,34680,12,59 BF 93 43 68 EA A5 42 CC F9 AA 42
1788592919.478770,34680,12,7E 7E 97 43 53 8E 9D 42 8C 86 AD 42
1788592919.489317,34680,12,DB 34 9B 43 17 6D A0 42 E6 96 A6 42
1788592919.499759,34680,12,49 CD 9E 43 BD F9 9A 42 CD 9E AF 42
1788592919.510265,34680,12,1E 33 A2 43 2F A4 91 42 8E 7E AB 42
1788592919.520781,34680,12,D0 52 A5 43 27 6B 8B 42 52 A5 AD 42
1788592919.531315,34680,12,8E 1A A8 43 1B 12 7E 42 FB 1C B3 42
1788592919.541815,34680,12,12 7A AA 43 AF DE 64 42 9B B4 B9 42
1788592919.552539,34680,12,DE 63 AC 43 3E F3 47 42 55 C3 BA 42
1788592919.562964,34680,12,F4 CC AD 43 40 78 49 42 26 53 BA 42
1788592919.573494,34680,12,36 AD AE 43 16 E6 28 42 32 2B BF 42
1788592919.584090,34680,12,9D FF AE 43 5C 97 13 42 B4 AB C1 42
1788592919.595166,34680,12,46 C2 AE 43 96 8A E3 41 B2 1B C4 42
1788592919.606251,34680,12,9A F6 AD 43 98 7C DA 41 93 CB BE 42
1788592919.616779,34680,12,2C A1 AC 43 0C 6F B7 41 8F D1 BD 42
1788592919.627450,34680,12,A7 C9 AA 43 B8 24 BA 41 EF 3C C7 42
1788592919.638169,34680,12,7F 7A A8 43 78 89 91 41 7A 08 C6 42
1788592919.648664,34680,12,38 C1 A5 43 2D A7 B1 41 E8 A8 CC 42
1788592919.659369,34680,12,60 AD A2 43 83 77 CC 41 E9 3D D0 42
1788592919.669942,34680,12,A6 50 9F 43 DD D4 C6 41 F3 1A D2 42
1788592919.680569,34680,12,60 BE 9B 43 80 E5 E3 41 17 6F CA 42
1788592919.691303,34680,12,E3 0A 98 43 C6 2C 0B 42 9C 74 D1 42
1788592919.701801,34680,12,D9 4B 94 43 59 5F 10 42 C4 9A CD 42
1788592919.712267,34680,12,9B 96 90 43 20 D2 22 42 50 12 D8 42
1788592919.722743,34680,12,78 00 8D 43 5B 37 3D 42 49 AA D6 42
1788592919.733171,34680,12,10 9E 89 43 EC 4F 5C 42 53 7C D3 42
1788592919.743797,34680,12,B0 82 86 43 3B 46 7A 42 70 60 DC 42
1788592919.754245,34680,12,87 C0 83 43 D7 BF 7A 42 6A 56 D7 42
1788592919.764888,34680,12,45 67 81 43 CC 24 90 42 C9 8F DB 42
1788592919.775620,34680,12,D5 08 7F 43 55 38 93 42 F7 4D E1 42
1788592919.786145,34680,12,9E 45 7C 43 CE 8F 9B 42 F2 D8 DE 42
1788592919.796700,34680,12,BA 94 7A 43 CF A4 99 42 F6 8C E3 42
1788592919.807219,34680,12,0B 00 7A 43 7D 4E A1 42 CF 57 E5 42
1788592919.817679,34680,12,CC 8A 7A 43 FB 96 A1 42 74 0D E9 42
1788592919.828179,34680,12,E0 31 7C 43 99 71 97 42 A5 38 E7 42
1788592919.838634,34680,12,C4 EB 7E 43 B0 8E 99 42 1E FF F1 42
1788592919.849134,34680,12,84 54 81 43 06 E6 90 42 36 6D AC 41
1788592919.859669,34680,12,E3 A9 83 43 9C 48 84 42 FC 6C B7 41
1788592919.870140,34680,12,AC 68 86 43 6E 3B 69 42 77 5A A4 41
1788592919.880587,34680,12,15 81 89 43 D4 81 6A 42 6C 91 BB 41
1788592919.891135,34680,12,55 E1 8C 43 B4 0C 51 42 7E 15 DF 41
1788592919.901667,34680,12,32 76 90 43 4B C6 30 42 C5 32 AF 41
1788592919.912167,34680,12,B8 2A 94 43 FF 1C 1D 42 C7 77 D8 41
1788592919.922621,34680,12,C7 E9 97 43 66 70 08 42 C0 C7 00 42
1788592919.933374,34680,12,D7 9D 9B 43 E6 CE E7 41 C0 C8 CA 41
1788592919.944259,34680,12,9D 31 9F 43 9E 68 E2 41 F1 5E D7 41
1788592919.954774,34680,12,B4 90 A2 43 A3 B6 B8 41 51 39 DD 41
1788592919.965357,34680,12,60 A7 A5 43 14 68 A9 41 2F F1 EF 41
1788592919.975851,34680,12,0F 64 A8 43 C8 79 9A 41 0E BE F4 41
1788592919.986544,34680,12,05 B7 AA 43 C3 6A AC 41 99 A2 07 42
1788592919.997418,34680,12,E5 92 AC 43 D2 4A C7 41 80 C8 FE 41
1788592920.008027,34680,12,0E ED AD 43 5B 5A D0 41 9B DD 0D 42
1788592920.018727,34680,12,96 BD AE 43 B3 D6 04 42 7E DB 0D 42
1788592920.029497,34680,12,E4 FF AE 43 83 05 07 42 86 CD 0C 42
1788592920.040064,34680,12,7B B2 AE 43 91 E5 13 42 D8 97 19 42
1788592920.050872,34680,12,18 D7 AD 43 E8 29 37 42 C8 F5 14 42
1788592920.061554,34680,12,91 72 AC 43 BA 35 4F 42 74 53 1B 42
1788592920.072185,34680,12,0E 8D AA 43 4E 8A 71 42 CD 50 17 42
1788592920.082818,34680,12,66 31 A8 43 50 2A 6F 42 23 02 2A 42
1788592920.093301,34680,12,29 6D A5 43 C7 1A 8D 42 B5 08 35 42
1788592920.104119,34680,12,3C 50 A2 43 C3 A1 98 42 1B 28 25 42
1788592920.114682,34680,12,58 EC 9E 43 FF 9F 99 42 62 A5 2B 42
1788592920.125222,34680,12,53 55 9B 43 E1 90 9E 42 D5 13 38 42
1788592920.135724,34680,12,A5 9F 97 43 33 F8 9E 42 E5 10 3A 42
1788592920.146341,34680,12,A1 E0 93 43 9F 5F A1 42 C2 99 45 42
1788592920.156852,34680,12,D1 2D 90 43 C3 E1 9F 42 B6 DC 37 42
1788592920.167432,34680,12,4A 9C 8C 43 0E CF 9D 42 B5 10 3C 42
1788592920.178091,34680,12,EE 40 89 43 BA 4F 90 42 E3 BE 4B 42
1788592920.189108,34680,12,D8 2E 86 43 10 EA 87 42 DA 32 53 42
1788592920.199658,34680,12,B0 77 83 43 38 82 82 42 2B 75 5E 42
1788592920.210274,34680,12,11 2B 81 43 56 C4 6A 42 1A C2 54 42
1788592920.221703,34680,12,3E AC 7E 43 9B C8 43 42 87 33 62 42
1788592920.232221,34680,12,24 07 7C 43 5A 87 3D 42 00 44 5E 42
1788592920.242879,34680,12,D2 75 7A 43 EA 9F 1A 42 84 D2 6B 42
1788592920.253502,34680,12,4B 01 7A 43 39 D2 0F 42 38 C5 64 42
1788592920.264176,34680,12,2C AC 7A 43 1D 88 F8 41 82 0A 68 42
1788592920.275218,34680,12,BE 72 7C 43 80 0E C7 41 EC C8 7D 42
1788592920.285760,34680,12,9C 4A 7F 43 A0 F1 9C 41 67 2C 78 42
1788592920.296398,34680,12,C0 91 81 43 A1 17 BE 41 2A 64 7D 42
1788592920.307543,34680,12,A4 F3 83 43 0D 6C 9F 41 EF 15 75 42
1788592920.318346,34680,12,4B BD 86 43 49 EC 9A 41 BE 24 86 42
1788592920.328853,34680,12,D7 DE 89 43 86 27 AB 41 5E 4C 83 42
1788592920.339443,34680,12,F7 45 8D 43 57 B3 DA 41 69 AF 82 42
1788592920.350044,34680,12,41 DF 90 43 1E 0D D8 41 EC E5 7D 42
1788592920.360787,34680,12,07 96 94 43 4F D0 E9 41 28 48 8A 42
1788592920.371274,34680,12,ED 54 98 43 49 88 0F 42 EE 1D 8D 42
1788592920.381790,34680,12,9C 06 9C 43 49 25 2F 42 0F ED 8C 42
1788592920.392467,34680,12,75 95 9F 43 80 74 49 42 57 BD 8C 42
1788592920.403569,34680,12,36 ED A2 43 9B 7A 56 42 0E 8E 8C 42
1788592920.414173,34680,12,A7 FA A5 43 00 03 77 42 A3 CB 94 42
1788592920.425476,34680,12,3C AC A8 43 A4 EC 89 42 68 8E 93 42
1788592920.436139,34680,12,94 F2 AA 43 C2 16 8F 42 40 B1 9A 42
1788592920.446759,34680,12,5F C0 AC 43 F6 7B 97 42 FF 77 9C 42
1788592920.457348,34680,12,5F 0B AE 43 49 15 9B 42 65 FC 94 42
1788592920.467925,34680,12,25 CC AE 43 1C 79 9E 42 25 EC 9B 42
1788592920.478754,34680,12,5D FE AE 43 C6 F8 98 42 F3 E4 9F 42
1788592920.490101,34680,12,DF A0 AE 43 0E 20 A4 42 70 2E 9F 42
1788592920.500728,34680,12,CC B5 AD 43 E4 E9 A2 42 DA BC A1 42
1788592920.511256,34680,12,6C 42 AC 43 AD 1F 93 42 B0 A5 AB 42
1788592920.521816,34680,12,14 4F AA 43 68 F3 8F 42 DA D8 A9 42
1788592920.532396,34680,12,FD E6 A7 43 7C 5C 84 42 A9 DC AA 42
1788592920.542894,34680,12,D4 17 A5 43 C5 CF 70 42 F1 FF A4 42
1788592920.553445,34680,12,09 F2 A1 43 3D C5 58 42 03 38 B2 42
1788592920.564494,34680,12,92 87 9E 43 F1 95 3C 42 E5 BD AB 42
1788592920.575065,34680,12,13 EC 9A 43 72 83 31 42 5B 4D AB 42
1788592920.585782,34680,12,48 34 97 43 DC 93 15 42 B6 12 B6 42
1788592920.596447,34680,12,5F 75 93 43 3D 90 F3 41 FC BB B0 42
1788592920.606991,34680,12,44 C5 8F 43 5A E9 DC 41 1F 38 B2 42
1788592920.622696,34680,12,F8 38 8C 43 BD 01 C1 41 05 F6 B8 42
1788592920.633263,34680,12,E2 E4 88 43 6D 15 B1 41 11 FC BA 42
1788592920.643733,34680,12,24 DC 85 43 EE BD A3 41 A5 D2 BB 42
1788592920.654440,34680,12,0E 30 83 43 50 36 99 41 29 26 BC 42
1788592920.664931,34680,12,44 F0 80 43 9D 6A BA 41 EC 31 BD 42
1788592920.675505,34680,12,1A 53 7E 43 2E 30 C6 41 51 85 CA 42
1788592920.685957,34680,12,40 CC 7B 43 75 99 C6 41 92 B8 C3 42
1788592920.696500,34680,12,80 5A 7A 43 68 58 F0 41 5A B9 C5 42
1788592920.707336,34680,12,2A 06 7A 43 41 5A 10 42 3C 92 C8 42
1788592920.717838,34680,12,2E D1 7A 43 7C 22 25 42 86 06 C6 42
1788592920.728443,34680,12,EE B6 7C 43 6A 21 38 42 E7 C4 D2 42
1788592920.739090,34680,12,84 AC 7F 43 52 F6 66 42 3A 9D D0 42
1788592920.749717,34680,12,75 D0 81 43 6C 4F 6D 42 59 3C D0 42
1788592920.760332,34680,12,D7 3E 84 43 5C EB 7A 42 81 50 CE 42
1788592920.770912,34680,12,2C 13 87 43 C8 E1 86 42 E8 7C D0 42
1788592920.781908,34680,12,4E 3D 8A 43 BF 67 98 42 5B 28 D9 42
1788592920.792468,34680,12,0C AB 8D 43 97 C2 8E 42 3A B0 CE 42
1788592920.803360,34680,12,AF 48 91 43 A3 2F A1 42 A0 9F DB 42
1788592920.813822,34680,12,A1 01 95 43 EB 02 A1 42 D3 79 DA 42
1788592920.824293,34680,12,19 C0 98 43 20 BD A0 42 5E A2 DD 42
1788592920.835350,34680,12,C0 6E 9C 43 35 1E 96 42 44 1B DB 42
1788592920.845945,34680,12,6D F8 9F 43 CF 6B 9A 42 38 80 E6 42
1788592920.856847,34680,12,C9 48 A3 43 3F 93 8C 42 4C E2 E3 42
1788592920.867349,34680,12,EC 4C A6 43 1D 32 7E 42 18 C0 E3 42
1788592920.877888,34680,12,30 F3 A8 43 C1 40 82 42 59 34 E3 42
1788592920.888392,34680,12,84 2C AB 43 F6 F0 62 42 83 9C EA 42
1788592920.898992,34680,12,1E EC AC 43 D8 4B 42 42 48 9F EC 42
1788592920.913802,34680,12,F2 27 AE 43 6E 88 2E 42 5E 9E F2 42
1788592920.924372,34680,12,EE D8 AE 43 13 26 21 42 A0 F4 B0 41
1788592920.934995,34680,12,06 FB AE 43 F3 37 0D 42 B0 5D AA 41
1788592920.945486,34680,12,82 8D AE 43 9C 7F D8 41 22 23 C4 41
1788592920.955991,34680,12,D9 92 AD 43 D9 B0 C1 41 B3 C8 C7 41
1788592920.966450,34680,12,AA 10 AC 43 05 9A B0 41 04 1E D4 41
1788592920.977000,34680,12,86 0F AA 43 C1 C6 A1 41 55 D5 C5 41
1788592920.987577,34680,12,26 9B A7 43 EE FF 7A 41 F0 EE C3 41
1788592920.998079,34680,12,8F C1 A4 43 F1 F4 B6 41 CE 67 E1 41
1788592921.008913,34680,12,24 93 A1 43 A7 32 A5 41 EA DC D0 41
1788592921.019569,34680,12,2F 22 9E 43 95 7A C0 41 DB 04 E9 41
1788592921.030336,34680,12,47 82 9A 43 97 65 EB 41 8C D1 02 42
1788592921.040857,34680,12,A3 C8 96 43 1A 4A 0D 42 A2 79 EC 41
1788592921.051381,34680,12,7D 0A 93 43 E2 EF 0E 42 96 02 F6 41
1788592921.062001,34680,12,5A 5D 8F 43 0D FC 38 42 2C F4 0F 42
1788592921.072476,34680,12,5C D6 8B 43 48 D3 3E 42 BF 3D F7 41
1788592921.083091,34680,12,A0 89 88 43 59 30 73 42 6D 35 12 42
1788592921.093551,34680,12,76 8A 85 43 81 8A 7C 42 36 5B 0F 42
1788592921.104117,34680,12,EA E9 82 43 2B 69 8D 42 B9 3C 0E 42
1788592921.114612,34680,12,17 B7 80 43 DB 76 86 42 D4 0D 2B 42
1788592921.125083,34680,12,42 FD 7D 43 1D 08 98 42 03 C3 11 42
1788592921.135706,34680,12,BE 94 7B 43 1E 03 97 42 AC 4A 1E 42
1788592921.146250,34680,12,BA 42 7A 43 9C F4 9F 42 EF 65 24 42
1788592921.156861,34680,12,A6 0E 7A 43 20 62 A0 42 F0 B3 26 42
1788592921.167438,34680,12,AD F9 7A 43 91 82 9C 42 E2 05 2B 42
1788592921.178037,34680,12,8A FE 7C 43 C3 49 9B 42 6A B2 3F 42
1788592921.188569,34680,12,E7 08 80 43 8D 05 8E 42 1C A9 2C 42
1788592921.199171,34680,12,BF 10 82 43 F1 0B 8D 42 16 9E 43 42
1788592921.209898,34680,12,2F 8B 84 43 EC 82 6F 42 5C D9 37 42
1788592921.220462,34680,12,FA 69 87 43 94 B7 6B 42 52 A7 37 42
1788592921.230948,34680,12,9F 9C 8A 43 A7 FA 61 42 FB D5 46 42
1788592921.241614,34680,12,EA 10 8E 43 E1 3F 31 42 A0 AC 3F 42
1788592921.252852,34680,12,A6 B2 91 43 ED D9 1A 42 C4 60 4E 42
1788592921.263410,34680,12,1D 6D 95 43 22 FE 17 42 EF 50 53 42
1788592921.273887,34680,12,E0 2A 99 43 0A C4 FD 41 4B 27 4D 42
1788592921.284451,34680,12,6E D6 9C 43 2C 64 C9 41 47 EA 5C 42
1788592921.294963,34680,12,DA 5A A0 43 B5 95 C7 41 B3 8F 5A 42
1788592921.305552,34680,12,90 A3 A3 43 5D 38 A1 41 92 A7 68 42
1788592921.316017,34680,12,DD 9D A6 43 F7 52 96 41 44 DE 67 42
1788592921.326547,34680,12,A4 38 A9 43 83 E9 93 41 C0 F0 6E 42
1788592921.337139,34680,12,EB 64 AB 43 6C 04 9F 41 A6 2A 72 42
1788592921.347667,34680,12,48 16 AD 43 6D 39 A9 41 6D 0C 6D 42
1788592921.358448,34680,12,D3 42 AE 43 12 80 D5 41 28 FE 74 42
1788592921.369011,34680,12,E5 E3 AE 43 FC 9B 10 42 CE 6B 78 42
1788592921.379606,34680,12,E1 F5 AE 43 97 9F 0E 42 80 2C 6C 42
1788592921.392440,34680,12,5F 78 AE 43 9C 21 25 42 AF F7 85 42
1788592921.403028,34680,12,20 6E AD 43 A0 89 2F 42 C4 56 84 42
1788592921.413576,34680,12,39 DD AB 43 6D 08 4F 42 45 10 88 42
1788592921.424137,34680,12,A1 CE A9 43 1D F1 6A 42 47 70 81 42
1788592921.434594,34680,12,2B 4E A7 43 87 3F 83 42 97 4B 89 42
1788592921.445325,34680,12,39 6A A4 43 8C 12 8F 42 25 A2 8A 42
1788592921.455783,34680,12,3D 33 A1 43 7C 77 8E 42 2E D2 8B 42
1788592921.466233,34680,12,06 BC 9D 43 8C 36 9B 42 4E 1C 86 42
1788592921.476777,34680,12,59 18 9A 43 36 29 97 42 C7 5C 95 42
1788592921.487593,34680,12,21 5D 96 43 4B C6 A8 42 0D FC 97 42
1788592921.498201,34680,12,D2 9F 92 43 CA 27 A0 42 B4 AC 91 42
1788592921.508901,34680,12,BA F5 8E 43 73 12 9B 42 8B 20 90 42
1788592921.519358,34680,12,4D 74 8B 43 72 68 8C 42 8E 33 99 42
1788592921.530286,34680,12,80 2F 88 43 36 36 95 42 EC A2 96 42
1788592921.544076,34680,12,1E 3A 85 43 D7 78 84 42 D0 84 9E 42
1788592921.554788,34680,12,27 A5 82 43 C1 7D 73 42 F8 F6 9F 42
1788592921.565550,34680,12,5C 7F 80 43 65 88 4C 42 CE 6C 98 42
1788592921.576155,34680,12,99 AA 7D 43 DA B0 3D 42 C0 5D A6 42
1788592921.586827,34680,12,D6 60 7B 43 16 9A 35 42 C4 B2 A0 42
1788592921.597413,34680,12,97 2E 7A 43 5F E6 13 42 51 3E 9D 42
1788592921.607922,34680,12,BC 1A 7A 43 E5 3E 03 42 6C 80 9D 42
1788592921.618383,34680,12,CD 25 7B 43 D9 53 E2 41 0B E0 A3 42
1788592921.629144,34680,12,AE 49 7D 43 86 97 BB 41 6C 01 B3 42
1788592921.639624,34680,12,0C 3D 80 43 E8 3B B0 41 45 56 A9 42
1788592921.650148,34680,12,5C 52 82 43 E4 E6 8E 41 37 84 AF 42
1788592921.660736,34680,12,CB D8 84 43 3A 97 A1 41 19 CA B9 42
1788592921.671647,34680,12,FF C1 87 43 28 A6 AE 41 B5 5F B6 42
1788592921.682405,34680,12,EF FC 8A 43 2C 60 B7 41 66 E5 B3 42
1788592921.692890,34680,12,2D 77 8E 43 4E 6F CB 41 96 6E B4 42
1788592921.703322,34680,12,BB 1C 92 43 8C BD E6 41 8D 14 BD 42
1788592921.713776,34680,12,A3 D8 95 43 9E 05 0A 42 FA 9E BB 42
1788592921.724518,34680,12,9E 95 99 43 B5 F6 21 42 2F 49 C1 42
1788592921.735054,34680,12,CD 3D 9D 43 29 69 2E 42 1C 3E BE 42
1788592921.745805,34680,12,5A BC A0 43 CB 04 5A 42 C9 42 C2 42
1788592921.756469,34680,12,30 FD A3 43 4B AC 60 42 9B EA BF 42
1788592921.767017,34680,12,9A ED A6 43 20 BA 83 42 27 9B C5 42
1788592921.777545,34680,12,D4 7C A9 43 D0 8C 88 42 96 EB C5 42
1788592921.788085,34680,12,E0 9B AB 43 60 E2 8D 42 9C EB CA 42
1788592921.798713,34680,12,B4 3E AD 43 8B FF 9E 42 B1 5F D3 42
1788592921.809358,34680,12,E6 5B AE 43 88 31 9C 42 B4 8A C6 42
1788592921.819896,34680,12,10 ED AE 43 42 CD A1 42 6C BC D1 42
1788592921.830581,34680,12,EB EE AE 43 DF C5 A6 42 3D 05 CF 42
1788592921.841208,34680,12,6D 61 AE 43 ED 34 A5 42 CB CB CF 42
1788592921.851735,34680,12,C6 47 AD 43 03 7C 95 42 CB E1 D8 42
1788592921.862463,34680,12,4A A8 AB 43 8B F5 91 42 E9 42 D4 42
1788592921.872978,34680,12,4D 8C A9 43 35 24 90 42 DF 9E D7 42
1788592921.883570,34680,12,CC FF A6 43 95 86 75 42 84 C7 D9 42
1788592921.894223,34680,12,B0 11 A4 43 E3 75 61 42 18 77 ED 42
1788592921.904751,34680,12,B2 D2 A0 43 8F F3 5E 42 DD CA E3 42
1788592921.915340,34680,12,7D 55 9D 43 B7 FA 32 42 28 AF DE 42
1788592921.925988,34680,12,1F AE 99 43 74 F8 1C 42 D4 5F E3 42
1788592921.936555,34680,12,67 F1 95 43 64 05 16 42 DA DD E8 42
1788592921.947071,34680,12,34 35 92 43 2D CF FC 41 48 93 EB 42
1788592921.957853,34680,12,CE 8E 8E 43 72 11 C4 41 B4 44 E7 42
1788592921.968294,34680,12,30 13 8B 43 47 3F C2 41 EA 48 EE 42
1788592921.978853,34680,12,61 D6 87 43 AA E4 AB 41 13 09 EA 42
1788592921.989589,34680,12,D7 EA 84 43 DB F7 AA 41 7B EC 9A 41
1788592922.000132,34680,12,AC 61 82 43 90 13 B4 41 0E 66 B7 41
1788592922.011046,34680,12,48 49 80 43 8E 38 9F 41 CF 1F B6 41
1788592922.021764,34680,12,70 5B 7D 43 E6 D1 A5 41 21 7B C2 41
1788592922.032303,34680,12,72 30 7B 43 EE C5 C1 41 A2 4F B8 41
1788592922.042876,34680,12,08 1E 7A 43 63 77 0E 42 B2 7F DF 41
1788592922.053359,34680,12,77 2A 7A 43 CA 77 17 42 AB B4 CF 41
1788592922.064107,34680,12,61 55 7B 43 05 2A 2C 42 9B A5 CF 41
1788592922.075421,34680,12,11 98 7D 43 CC 2C 46 42 41 E6 CB 41
1788592922.085967,34680,12,C4 72 80 43 AC C4 5F 42 1B 65 DC 41
1788592922.096605,34680,12,84 95 82 43 F6 BA 70 42 A0 DB E9 41
1788592922.107293,34680,12,C8 27 85 43 60 AD 84 42 87 30 F3 41
1788592922.117839,34680,12,E3 1A 88 43 FB EA 8D 42 6F A5 ED 41
1788592922.128374,34680,12,DE 5D 8B 43 EA C8 92 42 54 AD 03 42
1788592922.138937,34680,12,FA DD 8E 43 C1 9A A0 42 98 71 0D 42
1788592922.149451,34680,12,49 87 92 43 59 3E 9E 42 5D 80 0E 42
1788592922.159955,34680,12,5E 44 96 43 54 35 A3 42 32 9F 11 42
1788592922.170913,34680,12,E9 FF 99 43 F6 FB A4 42 00 48 0D 42
1788592922.181540,34680,12,76 A4 9D 43 F7 8D 9A 42 F6 7F 1B 42
1788592922.192108,34680,12,13 1D A1 43 1B B6 94 42 96 A2 1D 42
1788592922.202733,34680,12,F6 55 A4 43 BB D2 89 42 7E 77 21 42
1788592922.213331,34680,12,43 3C A7 43 09 E5 79 42 C6 E4 25 42
1788592922.223987,34680,12,7A BF A9 43 0D 72 70 42 1A 50 21 42
1788592922.234621,34680,12,2C D1 AB 43 F9 14 4F 42 98 10 2B 42
1788592922.245135,34680,12,71 65 AD 43 D5 F3 46 42 F6 7A 42 42
1788592922.255753,34680,12,41 73 AE 43 B7 53 2D 42 3B F6 30 42
1788592922.266361,34680,12,70 F4 AE 43 B8 C0 17 42 AA 02 3B 42
1788592922.276989,34680,12,2B E6 AE 43 34 86 D7 41 01 85 36 42
1788592922.287592,34680,12,C1 48 AE 43 2D AD DA 41 A4 BC 41 42
1788592922.298162,34680,12,BD 1F AD 43 B3 FD D8 41 27 39 34 42
1788592922.308838,34680,12,B1 71 AB 43 72 B1 B4 41 60 7C 3D 42
1788592922.319356,34680,12,70 48 A9 43 44 E6 94 41 8A B8 50 42
1788592922.329917,34680,12,56 B0 A6 43 C5 FB 93 41 92 58 50 42
1788592922.340493,34680,12,4A B8 A3 43 E9 01 AE 41 D9 FF 55 42
1788592922.351198,34680,12,60 71 A0 43 0D 01 A7 41 06 B8 47 42
1788592922.361999,34680,12,3D EE 9C 43 A1 4E DA 41 C7 86 5E 42
1788592922.372518,34680,12,6F 43 99 43 25 F5 F1 41 C9 A2 5B 42
1788592922.383071,34680,12,DF 85 95 43 57 B8 01 42 1F 81 68 42
1788592922.393941,34680,12,0E CB 91 43 E9 93 27 42 32 20 70 42
1788592922.404760,34680,12,6B 28 8E 43 61 C3 47 42 C2 8D 7F 42
1788592922.415629,34680,12,B0 B2 8A 43 47 99 4F 42 F3 1C 6D 42
1788592922.426360,34680,12,1E 7E 87 43 44 F5 62 42 3E 52 77 42
1788592922.436911,34680,12,F2 9C 84 43 98 C7 6F 42 AD E9 7B 42
1788592922.447582,34680,12,BA 1F 82 43 9D EC 8D 42 AA A9 7B 42
1788592922.458471,34680,12,C6 14 80 43 C4 08 8A 42 EE 3F 86 42
1788592922.469070,34680,12,83 0F 7D 43 DE 11 9F 42 D3 0B 82 42
1788592922.479667,34680,12,82 03 7B 43 75 44 9D 42 98 44 83 42
1788592922.490216,34680,12,1C 11 7A 43 0B 6D A3 42 C6 2E 85 42
1788592922.500775,34680,12,C5 3D 7A 43 37 53 99 42 A7 58 8C 42
1788592922.511374,34680,12,7A 88 7B 43 50 53 9C 42 8E F7 87 42
1788592922.521926,34680,12,F6 E9 7D 43 AD B8 97 42 BA 6B 92 42
1788592922.532419,34680,12,24 AA 80 43 B1 2A 95 42 56 8E 87 42
1788592922.543091,34680,12,F4 D9 82 43 A9 3F 86 42 54 EE 93 42
1788592922.553690,34680,12,D9 77 85 43 38 0F 7A 42 3A 0F 8F 42
1788592922.564388,34680,12,C8 74 88 43 22 78 64 42 D5 53 96 42
1788592922.575023,34680,12,C0 BF 8B 43 D2 60 58 42 49 3C 93 42
1788592922.585541,34680,12,7C 45 8F 43 E4 EC 30 42 4D 77 94 42
1788592922.596070,34680,12,E7 F1 92 43 17 49 17 42 1D B4 9D 42
1788592922.606665,34680,12,E1 AF 96 43 C5 D2 04 42 42 54 9E 42
1788592922.617211,34680,12,E9 69 9A 43 70 07 ED 41 38 41 A1 42
1788592922.627667,34680,12,C0 0A 9E 43 D5 6E DB 41 ED 43 A7 42
1788592922.638183,34680,12,2B 7D A1 43 7F 3B B8 41 1A 80 A1 42
1788592922.649167,34680,12,8A AD A4 43 6F 8F 99 41 98 1B A4 42
1788592922.659951,34680,12,88 89 A7 43 9B 50 A3 41 A7 E3 A8 42
1788592922.670466,34680,12,B4 00 AA 43 C3 8E BD 41 32 C6 A9 42
1788592922.681031,34680,12,FB 04 AC 43 D1 50 A5 41 0A C7 A8 42
1788592922.691928,34680,12,8E 8A AD 43 1F D2 C0 41 73 5B AD 42
1788592922.702447,34680,12,CC 88 AE 43 E6 4A D5 41 CB BE B1 42
1788592922.712929,34680,12,00 FA AE 43 6B 10 10 42 80 3A AC 42
1788592922.723447,34680,12,9E DB AE 43 F8 2C 27 42 29 6A AD 42
1788592922.733967,34680,12,48 2E AE 43 F3 49 27 42 95 22 B2 42
1788592922.745321,34680,12,F5 F5 AC 43 FF 3C 48 42 7C EE B6 42
1788592922.755834,34680,12,A4 39 AB 43 EA 28 62 42 E3 CC BB 42
1788592922.766793,34680,12,4E 03 A9 43 5E A0 79 42 30 BA B8 42
1788592922.777757,34680,12,AB 5F A6 43 E0 24 82 42 87 28 B9 42
1788592922.788370,34680,12,BD 5D A3 43 38 F4 93 42 E0 31 BE 42
1788592922.799415,34680,12,1E 0F A0 43 D0 B5 9A 42 60 30 BB 42
1788592922.809986,34680,12,AC 86 9C 43 CA 39 99 42 05 33 BF 42
1788592922.820539,34680,12,B5 D8 98 43 34 D8 9B 42 EA BB C8 42
1788592922.831111,34680,12,61 1A 95 43 AB AB 9B 42 34 CB CE 42
1788592922.841692,34680,12,04 61 91 43 5A 12 A2 42 96 88 CC 42
1788592922.852407,34680,12,6A C2 8D 43 BE 2D 9E 42 D8 AD CC 42
1788592922.863278,34680,12,2F 53 8A 43 51 13 92 42 48 D8 CC 42
1788592922.874074,34680,12,12 27 87 43 34 44 8D 42 DA 9B CD 42
1788592922.884664,34680,12,4F 50 84 43 F9 05 82 42 16 04 D1 42
1788592922.895260,34680,12,1C DF 81 43 F9 58 71 42 A4 10 D2 42
1788592922.905770,34680,12,84 C3 7F 43 50 F4 49 42 EC FD CC 42
1788592922.916460,34680,12,1E C7 7C 43 AF 55 3A 42 25 BB D3 42
1788592922.927016,34680,12,31 DA 7A 43 82 DD 2F 42 AA 5F D8 42
1788592922.937592,34680,12,CC 07 7A 43 0A 2F 16 42 A3 08 D7 42
1788592922.948180,34680,12,B7 54 7A 43 40 50 DF 41 93 79 E3 42
1788592922.958706,34680,12,2E BF 7B 43 CB EF D3 41 83 F7 D9 42
1788592922.969651,34680,12,0A 3F 7E 43 BA F0 DE 41 26 A5 DF 42
1788592922.980512,34680,12,F6 E2 80 43 DC 2C 97 41 F4 90 E7 42
1788592922.991221,34680,12,C8 1F 83 43 4D 94 7C 41 C1 CE E3 42
1788592923.001951,34680,12,42 C9 85 43 05 48 95 41 C4 61 E0 42
1788592923.012573,34680,12,D2 CF 88 43 3A 12 B4 41 36 A4 EB 42
1788592923.023170,34680,12,32 22 8C 43 C0 11 B0 41 FF 66 EA 42
1788592923.033761,34680,12,4B AD 8F 43 EF 58 F0 41 B9 24 EA 42
1788592923.044452,34680,12,BD 5C 93 43 9E 30 F7 41 93 41 E8 42
1788592923.055028,34680,12,8A 1B 97 43 D2 93 02 42 34 86 B0 41
1788592923.065576,34680,12,C9 D3 9A 43 A1 A7 34 42 6C 16 9D 41
1788592923.076266,34680,12,47 70 9E 43 56 00 3B 42 35 27 B2 41
1788592923.086828,34680,12,42 DC A1 43 4B 93 53 42 39 AC CC 41
1788592923.097391,34680,12,0E 04 A5 43 81 01 73 42 A2 7F C8 41
1788592923.107883,34680,12,AB D5 A7 43 74 4F 7F 42 96 43 D5 41
1788592923.118419,34680,12,99 40 AA 43 84 29 88 42 5E 58 DC 41
1788592923.128965,34680,12,1A 37 AC 43 A2 43 95 42 CE E6 D6 41
1788592923.139515,34680,12,E6 AD AD 43 50 33 98 42 8B DE E7 41
1788592923.150086,34680,12,91 9C AE 43 E6 33 9D 42 C0 D6 F1 41
1788592923.160573,34680,12,C2 FD AE 43 A4 5A 98 42 10 7A E2 41
1788592923.171044,34680,12,3E CF AE 43 8A 87 9B 42 C8 98 FE 41
1788592923.182662,34680,12,1B 12 AE 43 8F E1 9F 42 D8 EF 03 42
1788592923.193229,34680,12,97 CA AC 43 3D E4 95 42 03 4C 04 42
1788592923.203830,34680,12,0E 00 AB 43 80 7D 92 42 E4 7A EC 41
1788592923.214357,34680,12,AA BC A8 43 03 B2 8B 42 5E 26 18 42
1788592923.224865,34680,12,AB 0D A6 43 54 FA 77 42 3F D4 11 42
1788592923.235702,34680,12,62 02 A3 43 D5 99 57 42 E0 F2 07 42
1788592923.246267,34680,12,50 AC 9F 43 5C 45 51 42 28 98 0F 42
1788592923.259014,34680,12,A2 1E 9C 43 D1 FD 28 42 97 FD 2B 42
1788592923.269444,34680,12,94 6D 98 43 4D 2A 19 42 55 0A 22 42
1788592923.281388,34680,12,C1 AE 94 43 2F 4E F8 41 33 74 1E 42
1788592923.292180,34680,12,81 F7 90 43 28 B2 F3 41 64 F8 22 42
1788592923.302680,34680,12,30 5D 8D 43 B2 FB D5 41 32 45 2B 42
1788592923.313200,34680,12,85 F4 89 43 FC B8 99 41 F4 12 38 42
1788592923.323667,34680,12,F0 D0 86 43 AB 37 97 41 D9 31 38 42
1788592923.334222,34680,12,D0 04 84 43 19 9B 94 41 DD D4 2F 42
1788592923.344796,34680,12,0F A0 81 43 D4 72 AA 41 53 DE 39 42
1788592923.355347,34680,12,DF 60 7F 43 5B 33 B0 41 5E A8 46 42
1788592923.365904,34680,12,24 82 7C 43 CA D2 D5 41 40 F6 48 42
1788592923.376563,34680,12,5D B4 7A 43 68 9F EC 41 5E 25 4B 42
1788592923.387099,34680,12,17 02 7A 43 A8 67 0A 42 32 54 51 42
1788592923.397740,34680,12,36 6F 7A 43 15 E7 1C 42 29 06 55 42
1788592923.408217,34680,12,46 F9 7B 43 22 FA 40 42 D8 DA 56 42
1788592923.418703,34680,12,6C 97 7E 43 AE 03 59 42 46 13 55 42
1788592923.429251,34680,12,6A 1D 81 43 1A AB 5E 42 A7 1F 64 42
1788592923.439828,34680,12,19 67 83 43 22 2F 81 42 E5 CC 61 42
1788592923.450281,34680,12,B2 1B 86 43 CA AF 92 42 65 0B 5E 42
1788592923.460800,34680,12,A6 2B 89 43 AA 70 8F 42 33 CA 64 42
1788592923.472251,34680,12,5B 85 8C 43 15 01 9E 42 E8 27 6A 42
1788592923.482908,34680,12,BF 15 90 43 CF 42 9A 42 4B 4E 70 42
1788592923.493400,34680,12,F5 C7 93 43 7E 87 9D 42 58 5A 69 42
1788592923.504018,34680,12,ED 86 97 43 7C 9A 9B 42 67 72 80 42
1788592923.514480,34680,12,1E 3D 9B 43 5D BD A0 42 DF 01 6E 42
1788592923.525003,34680,12,31 D5 9E 43 24 B9 99 42 9A 69 80 42
1788592923.535507,34680,12,A8 3A A2 43 97 A0 93 42 B8 23 89 42
1788592923.545968,34680,12,A4 59 A5 43 74 41 8A 42 FC E8 83 42
1788592923.556530,34680,12,61 20 A8 43 AB CB 81 42 DD 61 89 42
1788592923.567021,34680,12,EA 7E AA 43 9E B5 5E 42 CC D3 87 42
1788592923.577549,34680,12,9F 67 AC 43 FB 50 4E 42 21 AD 8B 42
1788592923.588254,34680,12,97 CF AD 43 28 EA 3F 42 56 F1 8A 42
1788592923.599466,34680,12,97 AE AE 43 0E 2C 23 42 FF 44 8A 42
1788592923.609941,34680,12,B3 FF AE 43 36 DC 05 42 50 E2 8E 42
1788592923.620806,34680,12,19 C1 AE 43 A7 D4 DF 41 BF 0D 96 42
1788592923.631472,34680,12,31 F4 AD 43 45 49 CB 41 AB 07 94 42
1788592923.641967,34680,12,7E 9D AC 43 AE DA C6 41 A2 B4 93 42
1788592923.652974,34680,12,D8 C4 AA 43 C4 8C BD 41 C6 A3 99 42
1788592923.663441,34680,12,CD 74 A8 43 75 F1 91 41 DE 47 9B 42
1788592923.673905,34680,12,A8 BA A5 43 64 B4 8C 41 48 A1 9C 42
1788592923.685187,34680,12,17 A6 A2 43 04 74 AA 41 99 BA 99 42
1788592923.696081,34680,12,A0 48 9F 43 12 91 C7 41 D0 CF A3 42
1788592923.706484,34680,12,F6 B5 9B 43 F3 67 F8 41 14 2A 9E 42
1788592923.719849,34680,12,78 02 98 43 F0 05 E8 41 33 47 A4 42
1788592923.735012,34680,12,6C 43 94 43 DE 50 1A 42 37 33 A3 42
1788592923.745537,34680,12,5B 8E 90 43 AA 82 2E 42 FA 16 A9 42
1788592923.756029,34680,12,68 F8 8C 43 51 A9 48 42 1B CE A7 42
1788592923.766545,34680,12,8F 96 89 43 58 7A 67 42 A0 8C A4 42
1788592923.777051,34680,12,0F 7C 86 43 F1 B6 7B 42 E2 EE B1 42
1788592923.787495,34680,12,C2 BA 83 43 58 7B 79 42 72 C3 AF 42
1788592923.798301,34680,12,7C 62 81 43 35 6D 8B 42 7B 28 AC 42
1788592923.808880,34680,12,48 01 7F 43 37 08 98 42 14 AA B3 42
1788592923.819417,34680,12,7A 40 7C 43 BA 7C 9D 42 C8 CF B8 42
1788592923.830033,34680,12,2B 92 7A 43 01 5A 9C 42 8A 01 B8 42
1788592923.840574,34680,12,03 00 7A 43 7F 3B 99 42 D7 EF BA 42
1788592923.851315,34680,12,4A 8D 7A 43 F5 F6 9D 42 14 D4 B2 42
1788592923.861814,34680,12,F3 36 7C 43 57 18 9A 42 80 14 B8 42
1788592923.872303,34680,12,42 F3 7E 43 27 86 96 42 95 B0 BF 42
1788592923.882894,34680,12,46 59 81 43 AA 00 8B 42 1E E7 C5 42
1788592923.893382,34680,12,A2 AF 83 43 9C C7 89 42 55 18 C6 42
1788592923.903832,34680,12,47 6F 86 43 A5 CC 79 42 BA A6 C9 42
1788592923.914472,34680,12,92 88 89 43 4C 11 5A 42 3C B0 C5 42
1788592923.925406,34680,12,61 E9 8C 43 81 0F 51 42 0F 37 C8 42
1788592923.936012,34680,12,70 7E 90 43 A8 55 39 42 36 2F C8 42
1788592923.949163,34680,12,25 33 94 43 EE 4D 0E 42 30 0D CD 42
1788592923.960804,34680,12,33 F2 97 43 E4 F4 04 42 EC E5 C9 42
1788592923.971362,34680,12,43 A6 9B 43 EC FF D9 41 C8 5F DA 42
1788592923.982155,34680,12,A6 39 9F 43 13 3E C6 41 C8 3D D1 42
1788592923.992626,34680,12,01 98 A2 43 A7 56 90 41 DA 55 D9 42
1788592924.004438,34680,12,F6 AD A5 43 4A 32 B0 41 BA DE D7 42
1788592924.014976,34680,12,C7 69 A8 43 59 F1 A0 41 6C EF DA 42
1788592924.025531,34680,12,DA BB AA 43 A4 FD 95 41 F3 F9 DD 42
1788592924.036608,34680,12,9A 96 AC 43 E2 6F 98 41 48 49 DE 42
1788592924.047171,34680,12,80 EF AD 43 BB 97 C2 41 CA 2B E1 42
1788592924.057733,34680,12,CC BE AE 43 6E B5 D9 41 E0 AE DA 42
1788592924.068790,34680,12,D6 FF AE 43 7E 51 12 42 47 00 E1 42
1788592924.081033,34680,12,22 B1 AE 43 E7 B6 29 42 79 A0 EC 42
1788592924.091533,34680,12,7C D4 AD 43 90 A0 2A 42 6A 8E E8 42
1788592924.101993,34680,12,D8 6E AC 43 39 23 56 42 B1 92 E9 42
1788592924.112574,34680,12,3D 88 AA 43 B0 44 64 42 EC 89 E9 42
1788592924.123050,34680,12,9A 2B A8 43 43 18 78 42 37 E6 F0 42
1788592924.133576,34680,12,5A 66 A5 43 C6 FB 8C 42 5A 30 B5 41
1788592924.144101,34680,12,B6 48 A2 43 F8 A5 9A 42 5E 30 A2 41
1788592924.154765,34680,12,73 E4 9E 43 6C 11 9C 42 C5 53 B3 41
1788592924.165347,34680,12,11 4D 9B 43 90 43 A5 42 A0 53 CC 41
1788592924.175869,34680,12,36 97 97 43 24 E3 A4 42 F7 47 BB 41
1788592924.186372,34680,12,05 D8 93 43 08 84 A3 42 B7 C1 CE 41
1788592924.196910,34680,12,6A 25 90 43 9A 3E A2 42 BC 0E BF 41
1788592924.207453,34680,12,76 94 8C 43 9D 58 9A 42 D7 18 E5 41
1788592924.218054,34680,12,AA 39 89 43 74 B2 8E 42 F2 F6 D7 41
1788592924.228635,34680,12,4E 28 86 43 25 93 83 42 80 3B EC 41
1788592924.239266,34680,12,E3 71 83 43 79 07 7E 42 90 5D F4 41
1788592924.249789,34680,12,4B 26 81 43 1F BE 69 42 BC 8D E9 41
1788592924.260287,34680,12,1F A5 7E 43 14 B7 3F 42 EE 58 F9 41
1788592924.270972,34680,12,64 02 7C 43 BE 5B 37 42 F8 A1 FE 41
1788592924.281658,34680,12,8C 73 7A 43 FB B2 23 42 2B 08 0C 42
1788592924.292302,34680,12,8C 01 7A 43 6C B9 0A 42 85 54 0F 42
1788592924.302879,34680,12,02 AF 7A 43 FB 0C E8 41 D9 C0 19 42
1788592924.313594,34680,12,F9 77 7C 43 AE 1C BF 41 E3 60 17 42
1788592924.324145,34680,12,2F 52 7F 43 78 C2 E2 41 2F 8B 01 42
1788592924.335320,34680,12,9F 96 81 43 02 B3 AC 41 DC E8 22 42
1788592924.345831,34680,12,A1 F9 83 43 9B 1A 9E 41 71 D6 18 42
1788592924.356600,34680,12,24 C4 86 43 17 F2 A3 41 24 53 27 42
1788592924.367111,34680,12,3B E6 89 43 32 5C 9E 41 3C FE 21 42
1788592924.377827,34680,12,E2 4D 8D 43 62 03 CA 41 27 0F 27 42
1788592924.388369,34680,12,86 E7 90 43 2A 67 C3 41 B3 EC 31 42
1788592924.399425,34680,12,A8 9E 94 43 8C 2F 1B 42 5A 29 34 42
1788592924.410012,34680,12,88 5D 98 43 45 41 1C 42 5B 18 36 42
1788592924.442955,34680,12,CE 0E 9C 43 F3 55 2D 42 CD EA 33 42
1788592924.453777,34680,12,42 9D 9F 43 0A 29 41 42 F3 1E 39 42
1788592924.464458,34680,12,70 F4 A2 43 B4 12 5A 42 D2 81 47 42
1788592924.475214,34680,12,4C 01 A6 43 60 5E 78 42 88 C9 53 42
1788592924.485803,34680,12,FA B1 A8 43 1E C6 87 42 CF DE 40 42
1788592924.496838,34680,12,2F F7 AA 43 85 54 91 42 DC BD 61 42
1788592924.507258,34680,12,DE C3 AC 43 F8 54 94 42 EC 81 51 42
1788592924.517873,34680,12,AD 0D AE 43 8F DC 93 42 5C 4F 51 42
1788592924.528308,34680,12,3C CD AE 43 73 C9 A5 42 3C CB 6A 42
1788592924.538790,34680,12,2A FE AE 43 49 49 A4 42 85 89 5B 42
1788592924.549267,34680,12,6A 9F AE 43 0D F1 A9 42 62 31 67 42
1788592924.559809,34680,12,1D B3 AD 43 81 40 A2 42 CC BC 74 42
1788592924.570362,34680,12,92 3E AC 43 6D BF 99 42 2E EC 6E 42
1788592924.580880,34680,12,09 4A AA 43 62 F7 8E 42 50 40 77 42
1788592924.591495,34680,12,F4 E0 A7 43 A8 9B 85 42 3E 70 69 42
1788592924.602251,34680,12,17 11 A5 43 6C 1A 75 42 ED 80 71 42
1788592924.613586,34680,12,9C EA A1 43 EB 4C 5F 42 4D B2 82 42
1788592924.624182,34680,12,A1 7F 9E 43 65 AF 40 42 1C 92 80 42
1788592924.634706,34680,12,99 E3 9A 43 D6 9B 1D 42 1C 89 80 42
1788592924.645237,34680,12,A6 2B 97 43 42 64 11 42 8F CF 87 42
1788592924.655718,34680,12,F7 6C 93 43 A1 58 0B 42 8E EA 85 42
1788592924.666215,34680,12,15 BD 8F 43 4C BF E4 41 E2 FF 83 42
1788592924.676640,34680,12,32 31 8C 43 A4 15 A9 41 B0 C7 8E 42
1788592924.687205,34680,12,87 DD 88 43 37 0F 92 41 A0 C4 87 42
1788592924.697893,34680,12,8B D5 85 43 27 7D AE 41 47 03 92 42
1788592924.708410,34680,12,7F 2A 83 43 C5 18 8E 41 3C 9C 95 42
1788592924.718955,34680,12,B8 EB 80 43 04 87 A1 41 96 71 93 42
1788592924.729524,34680,12,3C 4C 7E 43 33 0C D1 41 98 76 94 42
1788592924.740078,34680,12,AA C7 7B 43 F4 DD D2 41 07 17 94 42
1788592924.750880,34680,12,75 58 7A 43 D0 9B FE 41 74 26 94 42
1788592924.761437,34680,12,B4 06 7A 43 3D 48 18 42 31 A5 9E 42
1788592924.773241,34680,12,3B D4 7A 43 DC 2F 2F 42 5A 44 9F 42
1788592924.783821,34680,12,6F BC 7C 43 AC 0D 43 42 D2 96 9F 42
1788592924.794325,34680,12,86 B4 7F 43 D7 2C 5E 42 4E B2 9A 42
1788592924.804813,34680,12,90 D5 81 43 EA BC 76 42 41 AB A4 42
1788592924.815296,34680,12,CB 44 84 43 10 F7 80 42 BA 50 A5 42
1788592924.825850,34680,12,F4 19 87 43 1C FA 8B 42 19 C2 AA 42
1788592924.836775,34680,12,C3 44 8A 43 B8 66 8D 42 B2 D2 A9 42
1788592924.847319,34680,12,33 B3 8D 43 8D 75 96 42 4C 94 A7 42
1788592924.857809,34680,12,2D 51 91 43 A0 72 99 42 62 5C B5 42
1788592924.868260,34680,12,13 0A 95 43 E0 F1 9C 42 15 A5 B1 42
1788592924.879105,34680,12,7E C8 98 43 57 FF 9B 42 56 A1 B0 42
1788592924.889706,34680,12,EA 76 9C 43 15 BE 9D 42 F0 ED AF 42
1788592924.900262,34680,12,5A 00 A0 43 0B 5C 96 42 29 5A B6 42
1788592924.910747,34680,12,1A 50 A3 43 8C 5E 8E 42 64 43 B1 42
1788592924.921257,34680,12,53 53 A6 43 75 65 83 42 D9 A5 BE 42
1788592924.931889,34680,12,B2 F8 A8 43 99 B8 78 42 9F 90 BC 42
1788592924.942459,34680,12,00 31 AB 43 11 03 5E 42 1C FB B7 42
1788592924.953405,34680,12,90 EF AC 43 A4 30 66 42 2C 0B C2 42
1788592924.965311,34680,12,2B 2A AE 43 62 93 26 42 E1 EB C0 42
1788592924.975848,34680,12,DB D9 AE 43 C9 CB 1B 42 6F 03 BF 42
1788592924.986399,34680,12,AF FA AE 43 51 20 ED 41 AB CE C3 42
1788592924.997805,34680,12,EA 8B AE 43 B6 93 D5 41 CC 46 C7 42
1788592925.011441,34680,12,F6 8F AD 43 6A FB D2 41 04 DE C0 42
1788592925.021916,34680,12,99 0C AC 43 95 CA 9D 41 C4 19 C4 42
1788592925.032358,34680,12,7A 0A AA 43 EB C9 BE 41 54 6E C6 42
1788592925.042871,34680,12,25 95 A7 43 BE BD 99 41 14 BC CE 42
1788592925.053324,34680,12,BC BA A4 43 2A C2 A6 41 01 04 D2 42
1788592925.064412,34680,12,7A 8B A1 43 DA 87 A3 41 34 84 D1 42
1788592925.074959,34680,12,02 1A 9E 43 11 D9 B6 41 37 C0 CB 42
1788592925.085452,34680,12,F8 79 9A 43 15 32 F9 41 EA F7 D7 42
1788592925.096005,34680,12,31 C0 96 43 E4 26 0B 42 70 53 D7 42
1788592925.106711,34680,12,19 02 93 43 AE D3 14 42 A2 EE D9 42
1788592925.117169,34680,12,05 55 8F 43 05 37 2C 42 63 5B D9 42
1788592925.127704,34680,12,76 CE 8B 43 1D 6E 51 42 EE 3F DF 42
1788592925.138302,34680,12,82 82 88 43 92 1F 60 42 9F BD DF 42
1788592925.149134,34680,12,1A 84 85 43 ED 9E 76 42 EB D7 E1 42
1788592925.159669,34680,12,76 E4 82 43 0D 0F 81 42 C8 11 E8 42
1788592925.170146,34680,12,90 B2 80 43 86 10 90 42 D7 02 E9 42
1788592925.180654,34680,12,81 F6 7D 43 0B F0 98 42 0E C9 EB 42
1788592925.191193,34680,12,89 90 7B 43 F9 10 9D 42 0F 42 E9 42
1788592925.201739,34680,12,03 41 7A 43 F7 52 9B 42 00 5A E9 42
1788592925.212242,34680,12,77 0F 7A 43 78 25 A3 42 AD E2 E7 42
1788592925.222651,34680,12,16 FD 7A 43 72 EC 9D 42 95 98 CB 41
1788592925.233177,34680,12,71 04 7D 43 91 35 94 42 6A E9 BF 41
1788592925.243622,34680,12,F2 0C 80 43 E4 EE 8F 42 B3 DF B3 41
1788592925.254097,34680,12,D9 15 82 43 E3 17 8F 42 D3 1E A2 41
1788592925.264542,34680,12,3D 91 84 43 46 EF 7B 42 AB 0B C6 41
1788592925.275099,34680,12,00 71 87 43 47 FE 61 42 96 5C BE 41
1788592925.285616,34680,12,51 A4 8A 43 3D 14 49 42 CE 11 DB 41
1788592925.296150,34680,12,EE 18 8E 43 D4 4B 41 42 C1 2F DF 41
1788592925.306674,34680,12,F9 BA 91 43 BB E5 2A 42 CB 86 DC 41
1788592925.317242,34680,12,8F 75 95 43 08 CB 13 42 EA FE F2 41
1788592925.328033,34680,12,73 33 99 43 65 A4 F9 41 D1 16 E2 41
1788592925.338587,34680,12,BE DE 9C 43 87 D9 E0 41 81 72 FB 41
1788592925.349313,34680,12,8A 62 A0 43 B3 FD B9 41 8C 84 E7 41
1788592925.359810,34680,12,A3 AA A3 43 72 4C A9 41 A2 47 05 42
1788592925.370404,34680,12,2C A4 A6 43 44 1B 92 41 12 DB 13 42
1788592925.381034,34680,12,2A 3E A9 43 36 8C A9 41 DC 4F 19 42
1788592925.392497,34680,12,63 69 AB 43 E9 AF AB 41 1B 07 10 42
1788592925.403064,34680,12,85 19 AD 43 19 2A C4 41 78 9F 1C 42
1788592925.413749,34680,12,DC 44 AE 43 FA FA D4 41 72 91 11 42
1788592925.424305,34680,12,AE E4 AE 43 E8 5A 02 42 0F 12 0D 42
1788592925.435094,34680,12,63 F5 AE 43 4E 91 1B 42 98 10 2A 42
1788592925.445611,34680,12,99 76 AE 43 11 32 33 42 9E 46 25 42
1788592925.456174,34680,12,2C 6B AD 43 B2 AC 45 42 CA C2 2E 42
1788592925.466879,34680,12,1F D9 AB 43 B5 37 44 42 62 3D 2C 42
1788592925.477512,34680,12,78 C9 A9 43 7F 2F 71 42 2C CD 34 42
1788592925.488103,34680,12,ED 47 A7 43 3A 5A 73 42 D0 24 30 42
1788592925.498670,34680,12,29 63 A4 43 D0 B2 90 42 BE 16 30 42
1788592925.509248,34680,12,AF 2B A1 43 9E C9 96 42 7B 71 40 42
1788592925.519809,34680,12,FD B3 9D 43 3C DC 9A 42 CA 82 52 42
1788592925.530466,34680,12,03 10 9A 43 FB 96 9C 42 D8 D0 3E 42
1788592925.541166,34680,12,7D 54 96 43 96 4F A6 42 E0 13 44 42
1788592925.551745,34680,12,41 97 92 43 30 6C 98 42 90 65 3F 42
1788592925.562322,34680,12,A0 ED 8E 43 91 47 99 42 EB B1 5A 42
1788592925.572932,34680,12,A5 6C 8B 43 50 2E 99 42 51 14 53 42
1788592925.583469,34680,12,76 28 88 43 4D 9F 91 42 BF A9 5C 42
1788592925.594109,34680,12,B6 33 85 43 B7 AF 88 42 E7 A1 58 42
1788592925.604747,34680,12,B0 9F 82 43 D4 6A 70 42 E6 E4 74 42
1788592925.615350,34680,12,0E 7B 80 43 1C 6F 62 42 CB E0 4E 42
1788592925.625830,34680,12,42 A4 7D 43 7F 68 4E 42 DE A5 6E 42
1788592925.636405,34680,12,E8 5C 7B 43 C2 29 32 42 3F 30 5A 42
1788592925.646945,34680,12,21 2D 7A 43 B5 0F 19 42 61 D1 71 42
1788592925.657592,34680,12,DE 1B 7A 43 DF 52 F7 41 07 88 79 42
1788592925.668457,34680,12,6A 29 7B 43 C7 46 E3 41 DF FE 70 42
1788592925.678955,34680,12,B8 4F 7D 43 E3 E7 CD 41 0C 90 78 42
1788592925.689602,34680,12,36 41 80 43 6A B7 A9 41 10 8C 80 42
1788592925.700125,34680,12,B2 57 82 43 7E A8 98 41 FC BB 84 42
1788592925.710632,34680,12,16 DF 84 43 63 92 A1 41 37 B4 81 42
1788592925.721149,34680,12,F1 C8 87 43 6B 74 AB 41 E9 EE 8D 42
1788592925.732211,34680,12,85 04 8B 43 BE 8F AD 41 2B 86 86 42
1788592925.742868,34680,12,3B 7F 8E 43 6B 73 C4 41 43 DD 8A 42
1788592925.753973,34680,12,45 25 92 43 E0 CD F5 41 E0 9B 8A 42
1788592925.764586,34680,12,47 E1 95 43 DE E9 06 42 95 BC 8E 42
1788592925.775159,34680,12,FA 9D 99 43 64 5F 24 42 82 48 92 42
1788592925.785723,34680,12,E2 45 9D 43 E7 6D 3A 42 AA F6 93 42
1788592925.796332,34680,12,FB C3 A0 43 DE 92 58 42 DE 8D 97 42
1788592925.806874,34680,12,59 04 A4 43 9D DF 5C 42 D5 59 97 42
1788592925.817349,34680,12,F6 F3 A6 43 21 82 7A 42 4E 91 9D 42
1788592925.828134,34680,12,1D 82 A9 43 05 C2 81 42 DC AE 9E 42
1788592925.838563,34680,12,1F A0 AB 43 9B DF 94 42 3D C3 97 42
1788592925.849295,34680,12,CE 41 AD 43 4B AB 9C 42 60 F8 9C 42
1788592925.859926,34680,12,D7 5D AE 43 69 09 A0 42 D1 FA 99 42
1788592925.870714,34680,12,B9 ED AE 43 DB F6 9D 42 6C C0 9F 42
1788592925.881233,34680,12,4C EE AE 43 A4 13 A0 42 2A A3 A1 42
1788592925.891925,34680,12,8D 5F AE 43 FB 18 A1 42 7F 63 A1 42
1788592925.902442,34680,12,B0 44 AD 43 07 2F 9D 42 2E 04 A2 42
1788592925.913645,34680,12,F7 A3 AB 43 3B 06 97 42 6F 2E AB 42
1788592925.924446,34680,12,E9 86 A9 43 4C EF 91 42 9C 55 AE 42
1788592925.934919,34680,12,99 F9 A6 43 35 66 7F 42 DB 78 AE 42
1788592925.945621,34680,12,B3 0A A4 43 10 49 57 42 73 36 B4 42
1788592925.956407,34680,12,14 CB A0 43 B5 C6 45 42 36 F6 B1 42
1788592925.967652,34680,12,3A 4D 9D 43 E8 B3 41 42 C4 70 AE 42
1788592925.978296,34680,12,92 A5 99 43 01 E4 2E 42 85 89 B8 42
1788592925.988846,34680,12,F4 E8 95 43 BA 23 15 42 CA FD B6 42
1788592925.999606,34680,12,DA 2C 92 43 45 D7 EF 41 86 AB BB 42
1788592926.010144,34680,12,BD 86 8E 43 9E 80 DE 41 BF 47 BB 42
1788592926.020658,34680,12,6A 0B 8B 43 81 D9 A8 41 45 98 C1 42
1788592926.031222,34680,12,42 CF 87 43 3C E3 A5 41 89 90 C3 42
1788592926.041840,34680,12,AD E4 84 43 A7 C1 B6 41 61 4A C4 42
1788592926.052441,34680,12,70 5C 82 43 0E 15 9F 41 B9 B0 C1 42
1788592926.063023,34680,12,19 45 80 43 3E D5 A6 41 AC AB C0 42
1788592926.073530,34680,12,38 55 7D 43 72 85 B5 41 BE 05 C8 42
1788592926.084235,34680,12,B6 2C 7B 43 C2 E7 CF 41 C2 52 CC 42
1788592926.094811,34680,12,E3 1C 7A 43 EF 7E 09 42 2B F5 C9 42
1788592926.105453,34680,12,DA 2B 7A 43 A9 3D 1E 42 76 21 D8 42
1788592926.115899,34680,12,44 59 7B 43 DB DC 32 42 4E C4 CF 42
1788592926.127043,34680,12,84 9E 7D 43 50 68 3A 42 61 56 D4 42
1788592926.137965,34680,12,27 77 80 43 1A 88 5A 42 7D 7D D7 42
1788592926.148486,34680,12,D7 9A 82 43 E7 61 7D 42 F7 05 D2 42
1788592926.159001,34680,12,08 2E 85 43 1C 1E 77 42 7A 78 DD 42
1788592926.169491,34680,12,EA 21 88 43 5B 8B 8D 42 CE 33 D8 42
1788592926.179958,34680,12,B2 65 8B 43 2C 69 97 42 D9 20 DA 42
1788592926.190602,34680,12,44 E6 8E 43 83 BC 9C 42 92 70 DD 42
1788592926.201079,34680,12,A7 8F 92 43 33 E7 A1 42 E6 25 DD 42
1788592926.211626,34680,12,D0 4C 96 43 35 09 A4 42 DD 82 E2 42
1788592926.222093,34680,12,3F 08 9A 43 5B 94 A1 42 FC 2C E2 42
1788592926.232673,34680,12,B0 AC 9D 43 52 16 97 42 64 ED EB 42
1788592926.243444,34680,12,D1 24 A1 43 23 FD 98 42 99 17 ED 42
1788592926.254126,34680,12,E1 5C A4 43 8F 7B 92 42 F4 AA ED 42
1788592926.264627,34680,12,60 42 A7 43 5D 36 83 42 E8 43 EA 42
1788592926.275392,34680,12,A8 C4 A9 43 A9 8A 76 42 75 6F F7 42
1788592926.285956,34680,12,63 D5 AB 43 2E 75 5C 42 6A F0 A6 41
1788592926.296663,34680,12,7B 68 AD 43 1F 5D 3C 42 E0 AD A0 41
1788592926.307420,34680,12,03 75 AE 43 2C 43 38 42 94 3E C8 41
1788592926.318040,34680,12,F1 F4 AE 43 BE 54 15 42 7D F7 BD 41
1788592926.329046,34680,12,67 E5 AE 43 8F 90 05 42 59 0A C2 41
1788592926.339672,34680,12,B2 46 AE 43 64 5B FD 41 44 F6 E3 41
1788592926.350142,34680,12,73 1C AD 43 1E 91 C7 41 83 87 E3 41
1788592926.360776,34680,12,58 6D AB 43 C0 D1 B1 41 D0 6D D7 41
1788592926.371612,34680,12,0F 43 A9 43 04 D7 B5 41 9E 28 DD 41
1788592926.382099,34680,12,0A AA A6 43 9E 43 A0 41 19 BE CD 41
1788592926.392660,34680,12,10 B1 A3 43 18 D9 B0 41 3C 4D F6 41
1788592926.403198,34680,12,85 69 A0 43 72 A0 D2 41 7C 9D 15 42
1788592926.413850,34680,12,1E E6 9C 43 C4 7B BC 41 F7 82 08 42
1788592926.424409,34680,12,0F 3B 99 43 7A A6 0B 42 49 2E 04 42
1788592926.434994,34680,12,3B 7D 95 43 A2 F5 13 42 5B 91 10 42
1788592926.445876,34680,12,BA C2 91 43 5F A7 1E 42 58 6E 12 42
1788592926.456401,34680,12,36 20 8E 43 58 E4 41 42 0C 10 0B 42
1788592926.467172,34680,12,FB AA 8A 43 20 07 59 42 2C BA 1A 42
1788592926.477905,34680,12,3E 77 87 43 3F D8 6E 42 2B C2 19 42
1788592926.488819,34680,12,BE 96 84 43 2C E6 7F 42 CE 8B 16 42
1788592926.499502,34680,12,9C 1A 82 43 23 97 86 42 4E C7 27 42
1788592926.510077,34680,12,9F 10 80 43 61 B7 9A 42 EB 84 2D 42
1788592926.520620,34680,12,91 09 7D 43 7D A6 9D 42 A9 6C 2E 42
1788592926.531210,34680,12,22 00 7B 43 F5 CD A0 42 93 37 2E 42
1788592926.541995,34680,12,3B 10 7A 43 B1 82 9D 42 78 5E 2D 42
1788592926.552617,34680,12,70 3F 7A 43 F5 10 9E 42 7A 99 38 42
1788592926.563201,34680,12,BC 8C 7B 43 64 AB 9E 42 26 5D 24 42
1788592926.573833,34680,12,AD F0 7D 43 8E 0B 96 42 19 EE 34 42
1788592926.584419,34680,12,8D AE 80 43 01 67 98 42 5E 1B 4F 42
1788592926.595145,34680,12,84 DF 82 43 2E 81 85 42 E3 E4 44 42
1788592926.606002,34680,12,31 7E 85 43 68 69 82 42 46 16 56 42
1788592926.616620,34680,12,0D 7C 88 43 5F A9 5E 42 44 B3 55 42
1788592926.627594,34680,12,A3 C7 8B 43 AE F9 4E 42 89 F4 58 42
1788592926.638471,34680,12,A0 4D 8F 43 A4 28 2F 42 86 D3 5C 42
1788592926.649300,34680,12,7B FA 92 43 C2 C5 14 42 4C AE 60 42
1788592926.659915,34680,12,53 B8 96 43 84 71 08 42 D9 6B 57 42
1788592926.670783,34680,12,6B 72 9A 43 F5 B5 E9 41 5E 02 5F 42
1788592926.681520,34680,12,EF 12 9E 43 E7 66 CB 41 81 65 62 42
1788592926.692152,34680,12,AB 84 A1 43 E5 6E A9 41 5F 74 66 42
1788592926.702751,34680,12,88 B4 A4 43 D8 B4 AB 41 50 71 69 42
1788592926.713437,34680,12,8C 8F A7 43 90 E3 8A 41 5E 84 68 42
1788592926.724034,34680,12,E2 05 AA 43 4D 85 9B 41 98 9C 76 42
1788592926.734637,34680,12,12 09 AC 43 C2 D2 CA 41 CF 17 6E 42
1788592926.745226,34680,12,65 8D AD 43 C8 F4 B9 41 27 00 81 42
1788592926.755842,34680,12,74 8A AE 43 A9 23 EE 41 27 55 76 42
1788592926.766380,34680,12,5C FA AE 43 45 6A 11 42 6E D2 7F 42
1788592926.776998,34680,12,B0 DA AE 43 66 44 12 42 06 2D 8A 42
1788592926.787814,34680,12,15 2C AE 43 E5 2F 36 42 FC D6 89 42
1788592926.798324,34680,12,9C F2 AC 43 98 D2 4A 42 F0 3B 87 42
1788592926.808889,34680,12,12 35 AB 43 36 08 66 42 2B CD 8F 42
1788592926.819449,34680,12,D0 FD A8 43 DD FC 85 42 06 B0 86 42
1788592926.830011,34680,12,22 59 A6 43 1A 22 88 42 91 E8 8E 42
1788592926.840537,34680,12,6E 56 A3 43 AF D3 8D 42 DC 8A 87 42
1788592926.851045,34680,12,62 07 A0 43 94 D6 93 42 B9 D0 92 42
1788592926.861606,34680,12,53 7E 9C 43 82 63 98 42 51 86 90 42
1788592926.872136,34680,12,50 D0 98 43 61 25 A0 42 48 7D 9A 42
1788592926.882681,34680,12,BE 11 95 43 9B F3 A6 42 29 76 9D 42
1788592926.893268,34680,12,86 58 91 43 6D B2 A5 42 01 DA 99 42
1788592926.903805,34680,12,70 BA 8D 43 71 87 99 42 8A 19 A3 42
1788592926.914786,34680,12,8B 4B 8A 43 FB BB 95 42 F9 53 A5 42
1788592926.925453,34680,12,46 20 87 43 A0 A3 90 42 A1 BC 9E 42
1788592926.935971,34680,12,34 4A 84 43 36 88 87 42 45 1A A4 42
1788592926.946548,34680,12,FC D9 81 43 04 02 6D 42 83 96 A4 42
1788592926.957039,34680,12,A6 BB 7F 43 4D C8 5B 42 B6 B7 A4 42
1788592926.968721,34680,12,73 C1 7C 43 C0 B5 45 42 42 EE A8 42
1788592926.979330,34680,12,18 D7 7A 43 D6 A4 22 42 45 CB AE 42
1788592926.989866,34680,12,35 07 7A 43 22 93 07 42 93 71 AE 42
1788592927.000358,34680,12,B6 56 7A 43 6A 98 05 42 92 02 AF 42
1788592927.010919,34680,12,9E C3 7B 43 44 F7 E3 41 B7 D6 B4 42
1788592927.021460,34680,12,05 46 7E 43 6F 1D C3 41 CA 4A B4 42
1788592927.032336,34680,12,7D E7 80 43 DF 24 AE 41 32 AC B1 42
1788592927.042836,34680,12,74 25 83 43 7E 05 95 41 AE 9C AD 42
1788592927.053267,34680,12,D8 CF 85 43 29 16 86 41 5A 30 B9 42
1788592927.063623,34680,12,00 D7 88 43 AA EA A1 41 14 1F B7 42
1788592927.074221,34680,12,24 2A 8C 43 53 44 C4 41 18 7D BD 42
1788592927.084867,34680,12,77 B5 8F 43 E8 2E C9 41 8B EF BF 42
1788592927.095299,34680,12,55 65 93 43 DC 5B 02 42 0A 03 C3 42
1788592927.105894,34680,12,2D 24 97 43 78 77 20 42 AD 21 C3 42
1788592927.116430,34680,12,12 DC 9A 43 48 80 1E 42 B4 35 C1 42
1788592927.127080,34680,12,69 78 9E 43 9D 70 3D 42 B1 E2 CB 42
1788592927.137541,34680,12,B1 E3 A1 43 38 BD 49 42 40 83 C7 42
1788592927.148119,34680,12,F6 0A A5 43 FA 06 71 42 E5 DA C9 42
1788592927.158776,34680,12,B9 DB A7 43 66 FD 87 42 8B BD D0 42
1788592927.169295,34680,12,8C 45 AA 43 EB B1 8C 42 93 C5 CA 42
1788592927.179829,34680,12,10 3B AC 43 35 F2 9A 42 84 2A D6 42
1788592927.190341,34680,12,9A B0 AD 43 64 76 9C 42 7F BA CF 42
1788592927.200864,34680,12,14 9E AE 43 C8 03 A1 42 75 C8 D5 42
1788592927.211462,34680,12,FB FD AE 43 AC CA 9E 42 27 0A DE 42
1788592927.221985,34680,12,32 CE AE 43 34 B6 A3 42 95 32 D3 42
1788592927.235137,34680,12,C4 0F AE 43 28 B1 A0 42 24 31 DF 42
1788592927.247728,34680,12,1D C7 AC 43 F8 D1 96 42 CB 50 D5 42
1788592927.258706,34680,12,5C FB AA 43 9E 3B 8E 42 AF 3B E1 42
1788592927.269240,34680,12,F0 B6 A8 43 38 BF 87 42 47 96 DB 42
1788592927.280832,34680,12,30 07 A6 43 D1 AC 76 42 00 13 DC 42
1788592927.291774,34680,12,00 FB A2 43 45 12 67 42 AE 7A DD 42
1788592927.302322,34680,12,85 A4 9F 43 D3 55 3D 42 17 72 EC 42
1788592927.312768,34680,12,40 16 9C 43 4F D1 2B 42 4C 92 E5 42
1788592927.323290,34680,12,FA 64 98 43 34 56 16 42 0A 7A E3 42
1788592927.333915,34680,12,51 A6 94 43 CB 73 03 42 22 4F F0 42
1788592927.344452,34680,12,0A EF 90 43 26 D2 CE 41 77 B6 F0 42
1788592927.354992,34680,12,43 55 8D 43 82 E6 D8 41 7B 6C 96 41
1788592927.365497,34680,12,F3 EC 89 43 89 EC A6 41 C6 59 AE 41
1788592927.376119,34680,12,13 CA 86 43 E5 E2 AD 41 95 6E B2 41
1788592927.386630,34680,12,F3 FE 83 43 2C 4B B3 41 E5 79 BB 41
1788592927.397400,34680,12,0E 9B 81 43 A2 11 B9 41 9C 3D BD 41
1788592927.407907,34680,12,42 59 7F 43 83 97 B3 41 53 9A D3 41
1788592927.418553,34680,12,BF 7C 7C 43 84 E1 CA 41 A3 A3 CC 41
1788592927.429062,34680,12,7B B1 7A 43 2F 98 FD 41 B5 25 D0 41
1788592927.439687,34680,12,CC 01 7A 43 C2 79 10 42 78 0E D2 41
1788592927.450225,34680,12,7F 71 7A 43 A9 E8 1D 42 43 74 DF 41
1788592927.460877,34680,12,FC FD 7B 43 8A FD 42 42 6E 9E E2 41
1788592927.471426,34680,12,AB 9E 7E 43 D2 5A 4B 42 C6 99 F7 41
1788592927.481941,34680,12,2B 22 81 43 B5 2F 60 42 1D 70 E9 41
1788592927.492576,34680,12,C0 6C 83 43 D8 66 81 42 01 B0 15 42
1788592927.503078,34680,12,5F 22 86 43 72 1A 88 42 8A 16 15 42
1788592927.513657,34680,12,E7 32 89 43 52 D7 8E 42 E5 E2 0C 42
1788592927.524184,34680,12,5B 8D 8C 43 74 D5 95 42 86 FC 11 42
1788592927.534762,34680,12,25 1E 90 43 F8 5C 92 42 16 7C 17 42
1788592927.545446,34680,12,5F D0 93 43 7A 2D A1 42 3F 25 08 42
1788592927.555982,34680,12,8E 8F 97 43 A3 8A 9F 42 17 DA 21 42
1788592927.566541,34680,12,60 45 9B 43 B2 0F 9E 42 DD 56 2B 42
1788592927.577048,34680,12,46 DD 9E 43 0F 18 9A 42 2B C3 1A 42
1788592927.587624,34680,12,32 42 A2 43 7B D4 95 42 CA 81 20 42
1788592927.598182,34680,12,4E 60 A5 43 5C 3D 93 42 93 57 27 42
1788592927.608721,34680,12,54 26 A8 43 7D 24 7F 42 A0 28 37 42
1788592927.619234,34680,12,BF 83 AA 43 3A C6 67 42 35 CA 2B 42
1788592927.629783,34680,12,74 6B AC 43 CF 66 57 42 5C 3A 3D 42
1788592927.640650,34680,12,38 D2 AD 43 E3 30 36 42 54 EE 46 42
1788592927.651246,34680,12,EE AF AE 43 3D D8 1D 42 E4 9E 3D 42
1788592927.661780,34680,12,C7 FF AE 43 39 91 09 42 B1 EB 3B 42
1788592927.672389,34680,12,E9 BF AE 43 3F D6 E5 41 1D F3 3A 42
1788592927.683076,34680,12,B6 F1 AD 43 6A B1 B9 41 53 2F 4E 42
1788592927.693724,34680,12,CE 99 AC 43 E2 DB C7 41 13 B6 49 42
1788592927.704214,34680,12,23 C0 AA 43 14 14 A9 41 44 8E 50 42
1788592927.714689,34680,12,F7 6E A8 43 BE 84 97 41 57 99 58 42
1788592927.725263,34680,12,16 B4 A5 43 AE A3 AF 41 4E 9E 64 42
1788592927.735786,34680,12,A1 9E A2 43 19 25 BB 41 90 79 62 42
1788592927.746534,34680,12,99 40 9F 43 A1 65 D2 41 E8 EE 62 42
1788592927.757593,34680,12,BC AD 9B 43 A5 A7 DD 41 D0 72 67 42
1788592927.768150,34680,12,DA F9 97 43 A6 66 08 42 64 CE 6F 42
1788592927.778679,34680,12,FE 3A 94 43 63 6D 0B 42 2B 08 76 42
1788592927.789299,34680,12,EC 85 90 43 87 CD 3E 42 32 9C 76 42
1788592927.799904,34680,12,59 F0 8C 43 66 F8 4E 42 29 40 70 42
1788592927.810428,34680,12,3A 8F 89 43 02 A5 61 42 3B D8 71 42
1788592927.821162,34680,12,49 75 86 43 C0 DB 81 42 33 B4 82 42
1788592927.831758,34680,12,FE B4 83 43 B2 38 85 42 F2 A7 83 42
1788592927.842374,34680,12,9A 5D 81 43 39 51 8C 42 C9 C9 7E 42
1788592927.853032,34680,12,C1 F9 7E 43 FC 0C 93 42 BB 6E 87 42
1788592927.863566,34680,12,7A 3B 7C 43 74 86 A0 42 D1 31 82 42
1788592927.874165,34680,12,93 8F 7A 43 B8 D5 A0 42 A5 21 8E 42
1788592927.884767,34680,12,00 00 7A 43 C4 B2 9D 42 0A B9 8C 42
1788592927.895367,34680,12,DD 8F 7A 43 32 B2 9C 42 69 5E 90 42
1788592927.905946,34680,12,0C 3C 7C 43 A7 96 9A 42 D7 1D 94 42
1788592927.916535,34680,12,99 FA 7E 43 26 10 98 42 CD 33 96 42
1788592927.927113,34680,12,26 5E 81 43 15 C7 89 42 05 F4 91 42
1788592927.937695,34680,12,64 B5 83 43 77 31 80 42 9D 1F 9E 42
1788592927.948206,34680,12,0C 76 86 43 B4 E4 70 42 77 52 98 42
1788592927.958719,34680,12,11 90 89 43 34 62 61 42 75 EC 98 42
1788592927.969332,34680,12,41 F1 8C 43 F4 16 45 42 B7 B5 9A 42
1788592927.979844,34680,12,DE 86 90 43 AC 4B 28 42 34 30 A1 42
1788592927.990524,34680,12,92 3B 94 43 3E 19 0F 42 A7 DB 9E 42
1788592928.001127,34680,12,D1 FA 97 43 18 69 F6 41 A1 5B A8 42
1788592928.011638,34680,12,AE AE 9B 43 E7 9E DD 41 07 73 A6 42
1788592928.022694,34680,12,80 41 9F 43 16 57 BE 41 CD 2C A4 42
1788592928.033365,34680,12,78 9F A2 43 FA 7F 8E 41 C3 3D A4 42
1788592928.043892,34680,12,89 B4 A5 43 80 8A A9 41 B3 91 A6 42
1788592928.054472,34680,12,9F 6F A8 43 E8 D6 A7 41 CD 7B AB 42
1788592928.064981,34680,12,AE C0 AA 43 E9 47 AF 41 71 61 AB 42
1788592928.075530,34680,12,38 9A AC 43 0D 21 9C 41 FE 69 AA 42
1788592928.086258,34680,12,FD F1 AD 43 40 EB D2 41 CD F7 B0 42
1788592928.096825,34680,12,FE BF AE 43 84 05 04 42 43 F2 B1 42
1788592928.107335,34680,12,C5 FF AE 43 A7 27 0A 42 0A C0 AF 42
1788592928.118222,34680,12,C6 AF AE 43 B5 94 29 42 F7 9D B8 42
1788592928.129212,34680,12,ED D1 AD 43 FC FF 35 42 D6 12 BD 42
1788592928.139871,34680,12,06 6B AC 43 CF 46 55 42 7E FB BE 42
1788592928.150441,34680,12,6A 83 AA 43 35 46 74 42 70 38 C1 42
1788592928.161032,34680,12,A9 25 A8 43 E4 1E 81 42 7E CC C8 42
1788592928.171523,34680,12,8A 5F A5 43 59 54 8C 42 38 0E BC 42
1788592928.182381,34680,12,59 41 A2 43 03 6F 93 42 8D 5F C1 42
1788592928.193079,34680,12,5E DC 9E 43 0A 9B 91 42 09 DC BF 42
1788592928.203541,34680,12,CF 44 9B 43 90 DC 98 42 58 42 CF 42
1788592928.214018,34680,12,96 8E 97 43 AE 46 9F 42 43 F3 C7 42
1788592928.224514,34680,12,68 CF 93 43 E3 21 A0 42 5E BD CE 42
1788592928.235455,34680,12,34 1D 90 43 D5 F4 9F 42 08 01 CB 42
1788592928.246298,34680,12,75 8C 8C 43 AD 4B 98 42 71 AA CD 42
1788592928.256762,34680,12,68 32 89 43 6A BA 95 42 40 23 D5 42
1788592928.267661,34680,12,9F 21 86 43 E1 A6 89 42 11 B5 D6 42
1788592928.278172,34680,12,1A 6C 83 43 29 2A 79 42 AB DD DD 42
1788592928.288694,34680,12,A3 21 81 43 39 04 5B 42 01 2E D9 42
1788592928.299222,34680,12,DB 9D 7E 43 66 E5 42 42 D4 A3 DC 42
1788592928.309829,34680,12,A9 FD 7B 43 F2 B6 40 42 1E 15 DD 42
1788592928.320341,34680,12,3D 71 7A 43 5D B6 2D 42 74 75 DF 42
1788592928.330794,34680,12,D4 01 7A 43 39 26 FB 41 7F 3B E1 42
1788592928.341243,34680,12,CE B1 7A 43 7E 9E EC 41 88 2E E4 42
1788592928.351900,34680,12,59 7D 7C 43 1E 2E DB 41 FC 22 EA 42
1788592928.365010,34680,12,C8 59 7F 43 90 01 A7 41 B1 AD E8 42
1788592928.375521,34680,12,9E 9B 81 43 33 7D AB 41 C9 17 E9 42
1788592928.386146,34680,12,9F FF 83 43 AC C0 A2 41 07 67 F0 42
1788592928.396640,34680,12,D8 CA 86 43 08 82 A8 41 A6 9B EC 42
1788592928.412830,34680,12,CC ED 89 43 F0 DE 8E 41 D3 DF F2 42
1788592928.423400,34680,12,CE 55 8D 43 67 BC C4 41 64 67 94 41
1788592928.433977,34680,12,FD EF 90 43 99 A5 CC 41 0F 1A A5 41
1788592928.444522,34680,12,49 A7 94 43 BA D5 FF 41 52 C7 C9 41
1788592928.454976,34680,12,F1 65 98 43 47 3F 21 42 C4 FF A6 41
1788592928.465378,34680,12,31 17 9C 43 B2 5B 3A 42 7E 87 A4 41
1788592928.475831,34680,12,0E A5 9F 43 90 0C 49 42 89 44 CD 41
1788592928.486395,34680,12,D4 FB A2 43 13 E1 61 42 0D C7 D8 41
1788592928.496983,34680,12,EF 07 A6 43 E9 A3 79 42 58 76 01 42
1788592928.507495,34680,12,95 B7 A8 43 9E CF 86 42 4E 3F D7 41
1788592928.518192,34680,12,E3 FB AA 43 AC BD 93 42 3F 33 F4 41
1788592928.528852,34680,12,5A C7 AC 43 B3 54 95 42 A3 38 F2 41
1788592928.539441,34680,12,07 10 AE 43 A7 52 9B 42 BD 48 F9 41
1788592928.549833,34680,12,51 CE AE 43 AE E0 9E 42 4D 09 F6 41
1788592928.562385,34680,12,F4 FD AE 43 3F BC A6 42 BA 4A 11 42
1788592928.572791,34680,12,E9 9D AE 43 66 1E 9C 42 EB E3 08 42
1788592928.583179,34680,12,6B B0 AD 43 DE F3 98 42 55 27 0E 42
1788592928.594173,34680,12,9E 3A AC 43 9E EA 95 42 54 07 0A 42
1788592928.604647,34680,12,FB 44 AA 43 F1 C1 92 42 FB C6 0C 42
1788592928.615156,34680,12,0B DB A7 43 0B 78 83 42 37 AE 1B 42
1788592928.625598,34680,12,30 0A A5 43 16 E5 78 42 4C 9E 12 42
1788592928.636302,34680,12,2F E3 A1 43 5C 3B 5C 42 1E 9B 28 42
1788592928.646753,34680,12,80 77 9E 43 9D 30 36 42 7D FF 22 42
1788592928.657199,34680,12,1F DB 9A 43 94 E9 27 42 9B D4 2B 42
1788592928.668787,34680,12,35 23 97 43 E6 1C 1A 42 9F 35 35 42
1788592928.679217,34680,12,5E 64 93 43 D2 8E F4 41 E4 0C 33 42
1788592928.694148,34680,12,E8 B4 8F 43 C1 5C F0 41 81 CE 2F 42
1788592928.704662,34680,12,40 29 8C 43 64 E3 BA 41 26 83 34 42
1788592928.715150,34680,12,2D D6 88 43 5F 5A AD 41 0B 42 37 42
1788592928.725617,34680,12,1A CF 85 43 7C B9 97 41 25 86 37 42
1788592928.736132,34680,12,D1 24 83 43 5C 97 BB 41 2B 58 46 42
1788592928.747063,34680,12,2E E7 80 43 CB 1E A9 41 2B 24 49 42
1788592928.758749,34680,12,3C 45 7E 43 34 20 B8 41 89 60 5A 42
1788592928.769314,34680,12,1B C3 7B 43 28 E5 D2 41 2A 16 4D 42
1788592928.779819,34680,12,7C 56 7A 43 68 94 ED 41 05 75 4D 42
1788592928.790387,34680,12,46 07 7A 43 B9 69 0B 42 7D D7 49 42
1788592928.801019,34680,12,4E D7 7A 43 6E 13 2B 42 8D C7 58 42
1788592928.811602,34680,12,16 C2 7C 43 24 B7 38 42 E3 A0 53 42
1788592928.822259,34680,12,8D BC 7F 43 AE DA 55 42 13 DA 66 42
1788592928.832848,34680,12,8F DA 81 43 97 13 68 42 19 8C 68 42
1788592928.843365,34680,12,E4 4A 84 43 6D 16 81 42 A1 60 65 42
1788592928.854085,34680,12,BE 20 87 43 44 91 8D 42 AF 6F 67 42
1788592928.864703,34680,12,66 4C 8A 43 BF B9 97 42 D6 4F 74 42
1788592928.875320,34680,12,5A BB 8D 43 45 E3 97 42 95 C2 77 42
1788592928.885995,34680,12,79 59 91 43 66 8E 9A 42 FE 0A 7F 42
1788592928.896546,34680,12,B6 12 95 43 16 08 A4 42 ED A0 86 42
1788592928.907226,34680,12,E3 D0 98 43 6E 71 A2 42 85 24 82 42
1788592928.917949,34680,12,43 7F 9C 43 4A 74 9D 42 B1 69 7F 42
1788592928.928677,34680,12,45 08 A0 43 5F 3B 95 42 51 79 85 42
1788592928.939959,34680,12,40 57 A3 43 35 A8 8D 42 E6 23 8E 42
1788592928.950611,34680,12,DE 59 A6 43 C8 C5 8F 42 FD A2 89 42
1788592928.961632,34680,12,31 FE A8 43 0A 4C 76 42 C5 F1 87 42
1788592928.972260,34680,12,95 35 AB 43 93 45 63 42 18 9D 91 42
1788592928.982898,34680,12,FF F2 AC 43 CA AB 4C 42 94 CD 93 42
1788592928.993695,34680,12,54 2C AE 43 7F 34 34 42 CE D1 90 42
1788592929.004431,34680,12,CB DA AE 43 99 C7 23 42 89 4F 95 42
1788592929.015259,34680,12,56 FA AE 43 1E D4 FB 41 0C CD 9A 42
1788592929.025973,34680,12,44 8A AE 43 88 31 FB 41 A7 FB 9B 42
1788592929.036745,34680,12,12 8D AD 43 66 93 DB 41 07 CE 99 42
1788592929.047503,34680,12,9C 08 AC 43 90 CA AB 41 18 65 9D 42
1788592929.058428,34680,12,4E 05 AA 43 FE F2 8F 41 20 8B 99 42
1788592929.069201,34680,12,23 8F A7 43 06 34 B9 41 5D F6 9E 42
1788592929.080106,34680,12,C0 B3 A4 43 8B 40 9D 41 CD 7B A3 42
1788592929.090826,34680,12,CF 83 A1 43 96 0D 94 41 5E EF A7 42
1788592929.101562,34680,12,04 12 9E 43 08 A9 B0 41 A9 F2 A6 42
1788592929.112295,34680,12,76 71 9A 43 D6 D3 F2 41 70 25 A0 42
1788592929.123086,34680,12,BF B7 96 43 27 BF FF 41 96 4A AD 42
1788592929.133839,34680,12,85 F9 92 43 53 80 24 42 4E 2F AF 42
1788592929.144483,34680,12,B0 4C 8F 43 AC A8 35 42 1F 62 AE 42
1788592929.155222,34680,12,C0 C6 8B 43 06 B1 55 42 6C C2 B1 42
1788592929.166277,34680,12,3C 7B 88 43 40 E7 64 42 DA 40 B0 42
1788592929.177007,34680,12,C2 7D 85 43 53 D8 75 42 ED 37 B5 42
1788592929.187712,34680,12,E4 DE 82 43 06 BE 8D 42 9A 07 B7 42
1788592929.198419,34680,12,0B AE 80 43 CA 88 92 42 53 87 BA 42
1788592929.209097,34680,12,EC EF 7D 43 33 3C 9B 42 AA B4 B2 42
1788592929.219977,34680,12,42 8C 7B 43 9D EA 99 42 D7 37 BD 42
1788592929.230988,34680,12,53 3F 7A 43 7B C9 A0 42 4C 54 BB 42
1788592929.241646,34680,12,54 10 7A 43 41 47 A2 42 3E 01 BF 42
1788592929.252728,34680,12,84 00 7B 43 AF F9 9F 42 C9 22 BF 42
1788592929.263486,34680,12,3B 0A 7D 43 1F B3 9B 42 D8 15 C5 42
1788592929.274283,34680,12,16 11 80 43 CC 8D 9A 42 81 84 C4 42
1788592929.285062,34680,12,F6 1A 82 43 0E 6D 85 42 62 6B C3 42
1788592929.295818,34680,12,70 97 84 43 46 15 82 42 E6 E5 C6 42
1788592929.306468,34680,12,08 78 87 43 E5 81 6C 42 9C F4 C9 42
1788592929.317119,34680,12,D8 AB 8A 43 E2 F4 51 42 71 0F CC 42
1788592929.327836,34680,12,22 21 8E 43 25 6C 3F 42 09 CB D3 42
1788592929.338722,34680,12,4C C3 91 43 18 D6 26 42 A4 E8 D3 42
1788592929.349401,34680,12,33 7E 95 43 85 0A 0E 42 DD D2 CB 42
1788592929.360200,34680,12,05 3C 99 43 9A 8A 03 42 01 BE DA 42
1788592929.370852,34680,12,DD E6 9C 43 20 4D B6 41 BC 26 DA 42
1788592929.381613,34680,12,66 6A A0 43 57 C9 BD 41 B3 16 DE 42
1788592929.392321,34680,12,B6 B1 A3 43 06 6B BF 41 BE 83 D8 42
1788592929.403076,34680,12,9E AA A6 43 D6 87 A2 41 CC 1F E0 42
1788592929.413791,34680,12,AD 43 A9 43 AB F4 97 41 CE E6 D6 42
1788592929.424368,34680,12,BE 6D AB 43 8E 36 A8 41 65 BC E1 42
1788592939.429811,34680,12,D2 1C AD 43 17 A2 CA 41 8B E5 E5 42
1788592939.440220,34680,12,E2 46 AE 43 F6 10 C6 41 73 C1 ED 42
1788592939.450757,34680,12,79 E5 AE 43 B6 3A 00 42 1F A8 E8 42
1788592939.461317,34680,12,E2 F4 AE 43 E1 E2 10 42 06 17 EB 42
1788592939.471848,34680,12,DA 74 AE 43 D9 15 2F 42 DA F1 EC 42
1788592939.482385,34680,12,24 68 AD 43 7D E9 47 42 22 95 EB 42
1788592939.493216,34680,12,02 D5 AB 43 04 9E 59 42 18 C6 AF 41
1788592939.503670,34680,12,2E C4 A9 43 8D 48 77 42 24 86 B9 41
1788592939.514191,34680,12,AD 41 A7 43 C4 FB 88 42 8E D9 B3 41
1788592939.524637,34680,12,3F 5C A4 43 58 C2 94 42 E2 39 BF 41
1788592939.535279,34680,12,F2 23 A1 43 C2 0E 92 42 4C 58 B6 41
1788592939.545831,34680,12,F3 AB 9D 43 E0 64 9C 42 B7 9B E1 41
1788592939.557503,34680,12,7C 07 9A 43 A3 05 9E 42 57 07 D9 41
1788592939.568035,34680,12,D8 4B 96 43 98 96 A2 42 7E 5C D1 41
1788592939.578679,34680,12,E3 8E 92 43 31 43 9D 42 43 7C E4 41
1788592939.589249,34680,12,56 E5 8E 43 46 3F 9E 42 B4 D8 E4 41
1788592939.600986,34680,12,FE 64 8B 43 B7 1B 9C 42 84 96 E6 41
1788592939.611632,34680,12,45 21 88 43 B9 4D 8A 42 63 37 E7 41
1788592939.622610,34680,12,50 2D 85 43 BF 6D 81 42 57 B1 EC 41
1788592939.633826,34680,12,5A 9A 82 43 CA C5 75 42 53 9A FC 41
1788592939.644454,34680,12,A9 76 80 43 BC 4B 5F 42 D8 91 12 42
1788592939.655242,34680,12,F0 9D 7D 43 CB 13 3B 42 BB 5C 0D 42
1788592939.665762,34680,12,E9 58 7B 43 6F 37 30 42 7A CC 06 42
1788592939.691434,34680,12,B1 2B 7A 43 DA 5B 11 42 34 66 0E 42
1788592939.702182,34680,12,FE 1C 7A 43 D6 29 07 42 67 B5 19 42
1788592939.713023,34680,12,21 2D 7B 43 D5 30 E2 41 7F 18 19 42
1788592939.723961,34680,12,C6 55 7D 43 3D 54 B6 41 46 19 1F 42
1788592939.734522,34680,12,7B 45 80 43 A3 8C AA 41 7C 35 1C 42
1788592939.745096,34680,12,0A 5D 82 43 3E 02 97 41 97 9E 26 42
1788592939.755688,34680,12,3E E5 84 43 0E 53 95 41 85 CB 1F 42
1788592939.766253,34680,12,0E D0 87 43 D6 85 CE 41 46 B7 2F 42
1788592939.776743,34680,12,1D 0C 8B 43 FE 84 C5 41 B4 BA 2D 42
1788592939.787413,34680,12,7B 87 8E 43 60 F1 BB 41 56 A3 31 42
1788592939.798034,34680,12,D0 2D 92 43 D1 58 EE 41 83 B0 3E 42
1788592939.808928,34680,12,BA E9 95 43 62 FF 01 42 1F BB 38 42
1788592939.819949,34680,12,88 A6 99 43 43 97 1D 42 64 00 3C 42
1788592939.830452,34680,12,F7 4D 9D 43 B0 F4 37 42 CE C7 48 42
1788592939.840949,34680,12,C7 CB A0 43 77 0A 4D 42 49 00 4E 42
1788592939.852124,34680,12,80 0B A4 43 68 8F 69 42 68 BC 54 42
1788592939.862727,34680,12,2A FA A6 43 90 B3 7E 42 6B 7B 54 42
1788592939.873328,34680,12,84 87 A9 43 45 42 89 42 37 FD 4F 42
1788592939.883770,34680,12,5B A4 AB 43 A6 5C 91 42 CB 19 56 42
1788592939.894365,34680,12,F9 44 AD 43 91 C2 9D 42 51 E3 5C 42
1788592939.907711,34680,12,C4 5F AE 43 FD 09 9E 42 BF 25 64 42
1788592939.918715,34680,12,5A EE AE 43 DB F1 9A 42 0F 92 79 42
1788592939.929188,34680,12,A6 ED AE 43 7F B6 A3 42 5F 7E 6F 42
1788592939.939729,34680,12,AA 5D AE 43 9E 2C 9C 42 CA 5E 6F 42
1788592939.950377,34680,12,86 41 AD 43 88 D9 94 42 FC 3B 75 42
1788592939.960931,34680,12,A2 9F AB 43 E8 2F 8B 42 24 12 79 42
1788592939.971510,34680,12,A1 81 A9 43 76 19 8B 42 42 D4 82 42
1788592939.982093,34680,12,3F F3 A6 43 9C D9 83 42 20 02 77 42
1788592939.992607,34680,12,B5 03 A4 43 09 FA 6E 42 26 45 81 42
1788592940.003168,34680,12,48 C3 A0 43 66 A9 51 42 EA 37 82 42
1788592940.013691,34680,12,F5 44 9D 43 A2 E4 2D 42 5D 7C 87 42
1788592940.024328,34680,12,36 9D 99 43 60 5E 2C 42 0F 2C 83 42
1788592940.034915,34680,12,4F E0 95 43 FD E8 11 42 1C 44 88 42
1788592940.045438,34680,12,81 24 92 43 CA 08 F4 41 DF 4F 8A 42
1788592940.056026,34680,12,7E 7E 8E 43 E3 FC B9 41 75 4A 8D 42
1788592940.066572,34680,12,A6 03 8B 43 2F 2B B0 41 5E F0 8C 42
1788592940.077183,34680,12,4E C8 87 43 A1 D4 A2 41 38 41 8E 42
1788592940.087669,34680,12,61 DE 84 43 F9 39 84 41 24 95 99 42
1788592940.098301,34680,12,37 57 82 43 7A AE A3 41 9A C6 95 42
1788592940.108782,34680,12,D4 40 80 43 57 56 A9 41 E1 F9 97 42
1788592940.119595,34680,12,06 4F 7D 43 1C 1C A7 41 04 0B 93 42
1788592940.130245,34680,12,14 29 7B 43 F4 BA B9 41 D2 8B 9E 42
1788592940.140931,34680,12,BD 1B 7A 43 54 6D 02 42 7C 16 9A 42
1788592940.151478,34680,12,42 2D 7A 43 20 7E 0D 42 AF D0 9D 42
1788592940.162212,34680,12,44 5D 7B 43 51 52 33 42 0A D0 9F 42
1788592940.172703,34680,12,FC A4 7D 43 13 F0 40 42 39 62 A7 42
1788592940.183254,34680,12,72 7B 80 43 E3 E6 71 42 AA FA AE 42
1788592940.193769,34680,12,4D A0 82 43 41 19 7C 42 19 8B 9E 42
1788592940.204356,34680,12,48 34 85 43 9E C5 7F 42 65 D3 A6 42
1788592940.214908,34680,12,1C 29 88 43 86 76 94 42 E6 90 A9 42
1788592940.225670,34680,12,86 6D 8B 43 6E AD 93 42 18 8E AA 42
1788592940.236281,34680,12,5E EE 8E 43 A6 C6 9C 42 D5 B7 B1 42
1788592940.246888,34680,12,37 98 92 43 29 B5 9B 42 EA A6 B1 42
1788592940.257559,34680,12,43 55 96 43 CD DB A0 42 AA E2 B9 42
1788592940.268081,34680,12,C7 10 9A 43 55 B0 9D 42 60 83 B9 42
1788592940.278573,34680,12,E9 B4 9D 43 88 00 95 42 F9 1D BE 42
1788592940.289150,34680,12,60 2C A1 43 55 26 97 42 BC 0D BB 42
1788592940.299923,34680,12,F4 63 A4 43 0D F6 89 42 50 7B B8 42
1788592940.310759,34680,12,7C 48 A7 43 65 9E 81 42 93 9C BD 42
1788592940.321321,34680,12,F1 C9 A9 43 B5 BD 71 42 C0 40 C7 42
1788592940.331762,34680,12,97 D9 AB 43 69 A1 5C 42 CE 69 C2 42
1788592940.342348,34680,12,71 6B AD 43 85 60 44 42 F7 58 C8 42
1788592940.352820,34680,12,CC 76 AE 43 60 A4 17 42 29 86 C1 42
1788592940.363413,34680,12,6F F5 AE 43 E1 0E 18 42 C8 5C C8 42
1788592940.374419,34680,12,9C E4 AE 43 F7 53 0A 42 B9 0B C4 42
1788592940.385134,34680,12,A0 44 AE 43 6E A8 F9 41 F3 9D CB 42
1788592940.395625,34680,12,39 19 AD 43 48 71 B8 41 E6 75 CE 42
1788592940.406788,34680,12,E3 68 AB 43 57 92 9C 41 AD B7 D3 42
1788592940.417535,34680,12,AB 3D A9 43 6E 35 BA 41 66 3C DA 42
1788592940.428455,34680,12,98 A3 A6 43 E9 32 93 41 F3 83 D7 42
1788592940.439578,34680,12,D4 A9 A3 43 A2 E0 9D 41 EB A6 D3 42
1788592940.450063,34680,12,D6 61 A0 43 7D A4 B9 41 71 BF D8 42
1788592940.460547,34680,12,CF DD 9C 43 28 F7 BE 41 DE 77 DE 42
1788592940.471069,34680,12,AE 32 99 43 80 6F E8 41 D3 DF E0 42
1788592940.482198,34680,12,C9 74 95 43 46 A4 17 42 18 05 E2 42
1788592940.492732,34680,12,04 BA 91 43 CE AA 21 42 F6 81 DD 42
1788592940.504851,34680,12,32 18 8E 43 6F 6D 3E 42 44 49 E9 42
1788592940.515864,34680,12,74 A3 8A 43 55 0C 61 42 92 B1 E2 42
1788592940.529490,34680,12,5F 70 87 43 AE F7 72 42 38 74 E1 42
1788592940.540062,34680,12,AE 90 84 43 31 6D 7E 42 88 CD E1 42
1788592940.553213,34680,12,43 15 82 43 BC 54 8D 42 26 07 E9 42
1788592940.565627,34680,12,93 0C 80 43 E8 31 94 42 B6 2A E8 42
1788592940.576335,34680,12,C7 03 7D 43 D4 E5 9F 42 4F 26 EB 42
1788592940.586783,34680,12,C8 FC 7A 43 69 C4 9A 42 5A CD A8 41
1788592940.597280,34680,12,64 0F 7A 43 5D 44 A1 42 5B 1C A0 41
1788592940.607882,34680,12,35 41 7A 43 AA AE 9F 42 55 61 A7 41
1788592940.618620,34680,12,EC 90 7B 43 20 07 9F 42 9D 0A DB 41
1788592940.629114,34680,12,42 F7 7D 43 0E 61 95 42 CF EF C0 41
1788592940.639669,34680,12,F8 B2 80 43 3F A6 8F 42 59 50 D0 41
1788592940.650188,34680,12,F6 E4 82 43 CC BB 8B 42 41 B6 DE 41
1788592940.660619,34680,12,D5 84 85 43 EC EE 76 42 D5 C0 E5 41
1788592940.671095,34680,12,29 83 88 43 E2 4B 6D 42 DF 43 DA 41
1788592940.681682,34680,12,59 CF 8B 43 3C 70 54 42 0F 47 EA 41
1788592940.692149,34680,12,C4 55 8F 43 B3 C6 31 42 41 18 F3 41
1788592940.702871,34680,12,DE 02 93 43 14 32 1C 42 CC 27 00 42
1788592940.713397,34680,12,29 C1 96 43 0C D4 06 42 12 B1 06 42
1788592940.723912,34680,12,BB 7A 9A 43 75 0D F2 41 81 BC 0C 42
1788592940.734399,34680,12,ED 1A 9E 43 43 DD B9 41 04 A0 09 42
1788592940.744960,34680,12,2A 8C A1 43 AB 94 BE 41 1C 0D 11 42
1788592940.755491,34680,12,5D BB A4 43 40 E6 AA 41 66 94 1E 42
1788592940.766281,34680,12,D5 95 A7 43 DA 9A BB 41 8E 56 1E 42
1788592940.776861,34680,12,F0 0A AA 43 36 04 A3 41 08 3B 1C 42
1788592940.787338,34680,12,0E 0D AC 43 12 F9 A7 41 BA 0A 23 42
1788592940.797929,34680,12,39 90 AD 43 06 78 C7 41 B9 78 10 42
1788592940.808424,34680,12,0F 8C AE 43 48 75 E0 41 89 F7 2F 42
1788592940.819421,34680,12,B9 FA AE 43 AE 46 0A 42 6F 11 2C 42
1788592940.829966,34680,12,C6 D9 AE 43 82 31 1B 42 51 04 3A 42
1788592940.840968,34680,12,EB 29 AE 43 0E BB 2A 42 42 4C 3C 42
1788592940.853556,34680,12,41 EF AC 43 56 C1 49 42 B3 B5 2D 42
1788592940.864109,34680,12,97 30 AB 43 79 16 5F 42 BD E5 35 42
1788592940.874705,34680,12,10 F8 A8 43 2B E9 70 42 71 6D 34 42
1788592940.885676,34680,12,BD 52 A6 43 53 2F 83 42 41 C5 54 42
1788592940.896259,34680,12,48 4F A3 43 57 F5 90 42 7D 79 41 42
1788592940.906869,34680,12,A4 FF 9F 43 66 EF 9E 42 EA CE 46 42
1788592940.917504,34680,12,2A 76 9C 43 20 CE 9D 42 FC 42 45 42
1788592940.927917,34680,12,88 C7 98 43 00 3D 9E 42 C6 BE 4D 42
1788592940.940092,34680,12,4D 09 95 43 49 C9 9D 42 AB 90 57 42
1788592940.950558,34680,12,39 50 91 43 A6 02 9E 42 5D DE 51 42
1788592940.961455,34680,12,78 B2 8D 43 34 C3 9D 42 40 F6 59 42
1788592940.971922,34680,12,14 44 8A 43 09 66 90 42 5D 66 5F 42
1788592940.982439,34680,12,2D 19 87 43 6C 49 87 42 3C 78 6E 42
1788592940.992949,34680,12,3F 44 84 43 86 78 8E 42 B1 EB 62 42
1788592941.003539,34680,12,FD D4 81 43 6D DD 74 42 6F E9 68 42
1788592941.014149,34680,12,CE B3 7F 43 97 58 4C 42 47 5A 6B 42
1788592941.024660,34680,12,EE BB 7C 43 53 EC 4D 42 CE DF 7E 42
1788592941.035252,34680,12,E1 D3 7A 43 9E C2 1B 42 3F 10 6F 42
1788592941.045831,34680,12,A7 06 7A 43 35 38 16 42 3F 48 78 42
1788592941.056329,34680,12,B0 58 7A 43 62 36 E7 41 81 B5 85 42
1788592941.067415,34680,12,13 C8 7B 43 E4 3A E9 41 0F 46 88 42
1788592941.078108,34680,12,DD 4C 7E 43 A4 98 B5 41 BF 38 83 42
1788592941.088612,34680,12,3D EC 80 43 61 15 B1 41 F5 3E 87 42
1788592941.099090,34680,12,01 2B 83 43 63 C7 A2 41 D0 F8 83 42
1788592941.109620,34680,12,49 D6 85 43 A2 88 8A 41 F5 97 89 42
1788592941.120353,34680,12,30 DE 88 43 44 67 BB 41 72 CA 91 42
1788592941.130795,34680,12,E9 31 8C 43 FF E4 CE 41 66 60 8E 42
1788592941.141278,34680,12,06 BE 8F 43 02 40 AE 41 9D 9D 8A 42
1788592941.152250,34680,12,BC 6D 93 43 D7 A4 0E 42 D7 63 93 42
1788592941.162705,34680,12,9D 2C 97 43 A1 AB 08 42 2D CD 92 42
1788592941.173307,34680,12,5C E4 9A 43 27 B1 26 42 16 D1 92 42
1788592941.184365,34680,12,5B 80 9E 43 36 66 40 42 7A 91 96 42
1788592941.194849,34680,12,77 EB A1 43 82 92 5B 42 C3 8F 9E 42
1788592941.205323,34680,12,B5 11 A5 43 66 A8 6D 42 C0 33 9B 42
1788592941.215951,34680,12,A1 E1 A7 43 7C 25 87 42 72 78 9C 42
1788592941.226486,34680,12,7D 4A AA 43 4A FF 8B 42 38 66 A4 42
1788592941.237097,34680,12,EC 3E AC 43 59 97 91 42 92 8E 9E 42
1788592941.247608,34680,12,6C B3 AD 43 35 80 96 42 FB 7E A0 42
1788592941.258583,34680,12,8C 9F AE 43 05 B3 A1 42 56 E4 A4 42
1788592941.269206,34680,12,30 FE AE 43 00 D5 A1 42 B4 A8 A0 42
1788592941.279787,34680,12,24 CD AE 43 9B 91 9C 42 C8 F7 AA 42
1788592941.290297,34680,12,77 0D AE 43 52 ED 9D 42 94 AF A8 42
1788592941.300822,34680,12,77 C3 AC 43 32 F3 98 42 D3 B9 A8 42
1788592941.311459,34680,12,C3 F6 AA 43 5D 56 8F 42 A5 68 B1 42
1788592941.321957,34680,12,56 B1 A8 43 93 A4 82 42 44 93 B1 42
1788592941.332411,34680,12,B4 00 A6 43 10 32 78 42 98 DD B3 42
1788592941.342925,34680,12,C7 F3 A2 43 33 A9 69 42 1F FF B1 42
1788592941.353846,34680,12,5D 9C 9F 43 11 9D 53 42 F0 31 BA 42
1788592941.364434,34680,12,0E 0E 9C 43 01 F6 36 42 A9 E7 B9 42
1788592941.375039,34680,12,91 5C 98 43 A7 12 1C 42 7A 5E BD 42
1788592941.385623,34680,12,E2 9D 94 43 40 9F 0C 42 8C A2 BD 42
1788592941.396068,34680,12,C4 E6 90 43 92 80 EC 41 56 5E C5 42
1788592941.406883,34680,12,F9 4C 8D 43 6F 6F AD 41 98 DD C1 42
1788592941.417418,34680,12,8E E5 89 43 50 BE B0 41 32 D5 C6 42
1788592941.427933,34680,12,5F C3 86 43 99 16 A2 41 90 57 C5 42
1788592941.438414,34680,12,17 F9 83 43 BB 1A 98 41 46 56 C5 42
1788592941.448859,34680,12,2D 96 81 43 14 92 AB 41 A8 C9 C4 42
1788592941.459340,34680,12,50 51 7F 43 50 46 9A 41 9B CD CC 42
1788592941.469803,34680,12,7E 77 7C 43 59 39 CA 41 3E E6 D2 42
1788592941.480819,34680,12,B0 AE 7A 43 10 0B DE 41 5C 33 D1 42
1788592941.491544,34680,12,86 01 7A 43 63 C7 11 42 9A 3B D4 42
1788592941.502656,34680,12,C1 73 7A 43 CA F2 15 42 87 DD D0 42
1788592941.513192,34680,12,EF 02 7C 43 2D C9 33 42 1F BA D7 42
1788592941.523629,34680,12,C6 A5 7E 43 AF FF 4D 42 CD 42 DA 42
1788592941.534051,34680,12,D4 26 81 43 91 52 6B 42 5D 52 D7 42
1788592941.544721,34680,12,68 72 83 43 4D 6D 80 42 94 7E DA 42
1788592941.556096,34680,12,E7 28 86 43 EE 5E 8B 42 7B E4 E0 42
1788592941.566579,34680,12,7F 3A 89 43 27 23 99 42 46 93 E3 42
1788592941.576951,34680,12,2E 95 8C 43 40 39 9A 42 FA 68 DD 42
1788592941.587325,34680,12,5B 26 90 43 13 A3 99 42 20 55 E6 42
1788592941.597991,34680,12,CA D8 93 43 20 40 95 42 EC ED E4 42
1788592941.608364,34680,12,FC 97 97 43 F3 4B 9D 42 56 D5 E8 42
1788592941.618762,34680,12,04 4E 9B 43 4C B6 9A 42 B2 B7 EB 42
1788592941.629184,34680,12,2C E5 9E 43 3A FD 97 42 A6 2E E7 42
1788592941.639628,34680,12,8E 49 A2 43 09 DF 93 42 C0 6D F2 42
1788592941.650160,34680,12,F7 66 A5 43 22 7B 8F 42 71 7B 98 41
1788592941.661419,34680,12,22 2C A8 43 72 98 83 42 4F E2 8E 41
1788592941.672047,34680,12,CB 88 AA 43 0A 13 74 42 F5 E9 C1 41
1788592941.682462,34680,12,2F 6F AC 43 7D 6F 4B 42 8B 3F B3 41
1788592941.693030,34680,12,C7 D4 AD 43 34 3C 27 42 C3 E4 BF 41
1788592941.703517,34680,12,41 B1 AE 43 DE AF 26 42 A3 2C BB 41
1788592941.714083,34680,12,D8 FF AE 43 3E F0 07 42 E5 2D D8 41
1788592941.724545,34680,12,A8 BE AE 43 83 B4 E4 41 E7 FB D8 41
1788592941.734977,34680,12,46 EF AD 43 AB 03 B0 41 95 D9 E9 41
1788592941.745372,34680,12,30 96 AC 43 4E 45 A4 41 04 4B 04 42
1788592941.755774,34680,12,6C BB AA 43 64 42 AE 41 D3 97 DB 41
1788592941.766241,34680,12,41 69 A8 43 99 10 A0 41 05 FA 01 42
1788592941.776626,34680,12,34 AD A5 43 2F E9 99 41 98 6B EB 41
1788592941.787017,34680,12,56 97 A2 43 EC F4 C3 41 2C BA 08 42
1788592941.797424,34680,12,BF 38 9F 43 FB 96 B9 41 B1 A8 00 42
1788592941.807855,34680,12,82 A5 9B 43 C1 D8 E1 41 CE 25 0D 42
1788592941.818526,34680,12,6E F1 97 43 70 7C FE 41 2A D6 14 42
1788592941.829736,34680,12,2D 32 94 43 40 98 0B 42 C4 4E 1B 42
1788592941.840144,34680,12,AE 7D 90 43 5C AC 27 42 AD FA 1B 42
1788592941.850677,34680,12,7A E8 8C 43 C5 AD 42 42 57 3A 1D 42
1788592941.861893,34680,12,E7 87 89 43 0C 3A 63 42 FD 6E 32 42
1788592941.873571,34680,12,AC 6E 86 43 34 D2 79 42 BE 94 2A 42
1788592941.884600,34680,12,F9 AE 83 43 8C 38 83 42 E7 0E 2E 42
1788592941.895182,34680,12,D6 58 81 43 A0 1D 8D 42 D6 7B 36 42
1788592941.905755,34680,12,6A F2 7E 43 D4 3E 95 42 17 E5 26 42
1788592941.916142,34680,12,7E 36 7C 43 0A 13 9D 42 98 E3 3D 42
1788592941.927733,34680,12,10 8D 7A 43 6F 3F 9F 42 7C 7D 3A 42
1788592941.938316,34680,12,03 00 7A 43 2C 8F 99 42 80 01 3B 42
1788592941.948902,34680,12,66 92 7A 43 C1 A8 A3 42 BC F4 3B 42
1788592941.959398,34680,12,0E 41 7C 43 08 04 9D 42 8E CA 4B 42
1788592941.969917,34680,12,F5 01 7F 43 89 3C 9B 42 C8 A9 4A 42
1788592941.980674,34680,12,EC 62 81 43 7E 50 87 42 65 0A 53 42
1788592941.991155,34680,12,6B BB 83 43 B4 4C 8B 42 3B 96 51 42
1788592942.002449,34680,12,AB 7C 86 43 71 86 6F 42 03 AC 51 42
1788592942.013955,34680,12,66 97 89 43 97 AB 53 42 F2 2A 5A 42
1788592942.024622,34680,12,21 F9 8C 43 26 A8 48 42 90 21 64 42
1788592942.035207,34680,12,1D 8F 90 43 F5 79 25 42 D5 9C 66 42
1788592942.045725,34680,12,63 44 94 43 70 20 20 42 C2 FF 6B 42
1788592942.056223,34680,12,3D 03 98 43 A2 C0 04 42 3B D0 6D 42
1788592942.066726,34680,12,E8 B6 9B 43 18 0F DE 41 47 FA 71 42
1788592942.077292,34680,12,58 49 9F 43 8C 86 C0 41 70 F0 61 42
1788592942.087716,34680,12,C2 A6 A2 43 6F 15 AE 41 6B 72 6D 42
1788592942.098338,34680,12,69 BB A5 43 C0 B1 A1 41 0B C4 82 42
1788592942.108949,34680,12,53 75 A8 43 9B D7 B5 41 94 0C 7E 42
1788592942.120935,34680,12,62 C5 AA 43 2D DF A7 41 3E A7 7E 42
1788592942.132316,34680,12,D3 9D AC 43 68 0D 8E 41 EA 9B 8A 42
1788592942.142870,34680,12,69 F4 AD 43 31 B6 D1 41 DC 57 83 42
1788592942.153472,34680,12,3C C1 AE 43 9E 8E E3 41 E9 F5 83 42
1788592942.165138,34680,12,B1 FF AE 43 44 29 06 42 1F 53 8B 42
1788592942.175710,34680,12,70 AE AE 43 2A EB 1C 42 F0 BA 83 42
1788592942.186266,34680,12,5B CF AD 43 72 35 40 42 E7 A4 8D 42
1788592942.196880,34680,12,47 67 AC 43 56 57 4F 42 5E 5D 8F 42
1788592942.207440,34680,12,5C 7E AA 43 AE E1 58 42 9C 60 8B 42
1788592942.218005,34680,12,D8 1F A8 43 0B 6D 80 42 F6 90 90 42
1788592942.228520,34680,12,E0 58 A5 43 36 60 89 42 66 46 97 42
1788592942.239084,34680,12,FC 39 A2 43 C4 2A 8E 42 8D B1 96 42
1788592942.249571,34680,12,77 D4 9E 43 4E CF 97 42 4F BD 94 42
1788592942.260589,34680,12,2B 3C 9B 43 29 4E 9C 42 DE 80 97 42
1788592942.271476,34680,12,27 86 97 43 03 32 A0 42 89 1F 99 42
1788592942.281954,34680,12,FE C6 93 43 5B 76 9F 42 CB 64 99 42
1788592942.292451,34680,12,FE 14 90 43 71 2A 9D 42 50 D9 9F 42
1788592942.303008,34680,12,A3 84 8C 43 7D 39 99 42 AA 59 A9 42
1788592942.313563,34680,12,D1 2A 89 43 55 86 90 42 9E 97 A4 42
1788592942.324218,34680,12,19 1B 86 43 FB 6A 89 42 9D DA A5 42
1788592942.335045,34680,12,74 66 83 43 3F 97 7F 42 DF 76 A9 42
1788592942.345740,34680,12,FD 1C 81 43 3E 48 6D 42 4E A9 A9 42
1788592942.356499,34680,12,C6 96 7E 43 BC 9F 55 42 D7 40 AB 42
1788592942.366975,34680,12,BB F8 7B 43 64 B7 32 42 E7 07 AB 42
1788592942.377547,34680,12,02 6F 7A 43 05 5A 2B 42 0F C8 AE 42
1788592942.388842,34680,12,20 02 7A 43 46 7E 06 42 B3 29 B4 42
1788592942.399538,34680,12,9F B4 7A 43 D8 60 F9 41 7C FF B7 42
1788592942.410191,34680,12,A0 82 7C 43 54 7B C4 41 BE 7B B6 42
1788592942.420837,34680,12,BF 61 7F 43 65 F3 A8 41 33 2F BC 42
1788592942.431393,34680,12,82 A0 81 43 39 C1 A5 41 0B 8D BB 42
1788592942.441898,34680,12,7D 05 84 43 40 45 A5 41 AB F7 BC 42
1788592942.452425,34680,12,8D D1 86 43 6F 99 A8 41 77 8E BD 42
1788592942.463675,34680,12,33 F5 89 43 B7 D1 AE 41 2B 70 BF 42
1788592942.476262,34680,12,19 5E 8D 43 38 8C BE 41 93 94 C3 42
1788592942.486885,34680,12,43 F8 90 43 E1 B3 E2 41 D2 61 C1 42
1788592942.497424,34680,12,B9 AF 94 43 5D 98 01 42 C0 C1 C3 42
1788592942.507871,34680,12,59 6E 98 43 22 61 0C 42 8A 48 CC 42
1788592942.518393,34680,12,62 1F 9C 43 FD 93 38 42 37 6D CB 42
1788592942.528929,34680,12,35 AD 9F 43 6C 27 51 42 3D A7 D2 42
1788592942.539603,34680,12,0B 03 A3 43 A8 4C 5B 42 A0 EC CF 42
1788592942.550611,34680,12,69 0E A6 43 92 9D 7A 42 65 E7 D2 42
1788592942.561288,34680,12,2E BD A8 43 D0 D4 86 42 28 A9 D4 42
1788592942.571855,34680,12,7A 00 AB 43 27 56 90 42 5E 87 D3 42
1788592942.582395,34680,12,FD CA AC 43 F8 E1 8C 42 46 4B DE 42
1788592942.592967,34680,12,50 12 AE 43 47 15 97 42 1F B9 DA 42
1788592942.603456,34680,12,5D CF AE 43 A9 A2 9A 42 E5 17 E1 42
1788592942.613980,34680,12,BC FD AE 43 61 01 9E 42 B4 1A DA 42
1788592942.624452,34680,12,6F 9C AE 43 FB 2F A1 42 BD E3 DD 42
1788592942.634928,34680,12,96 AD AD 43 EB 11 99 42 BE 26 E3 42
1788592942.645542,34680,12,C0 36 AC 43 D8 C7 91 42 BE 64 E4 42
1788592942.656414,34680,12,08 40 AA 43 73 12 8C 42 2B 48 E3 42
1788592942.667057,34680,12,20 D5 A7 43 14 76 84 42 77 1B E4 42
1788592942.677596,34680,12,70 03 A5 43 47 7C 6F 42 73 23 E5 42
1788592942.688171,34680,12,67 DB A1 43 1B 92 59 42 A2 AA E7 42
1788592942.699061,34680,12,8C 6F 9E 43 B7 76 4C 42 F3 A3 E5 42
1788592942.709568,34680,12,D5 D2 9A 43 DD 1A 35 42 9A C7 EA 42
1788592942.720109,34680,12,C5 1A 97 43 C5 77 12 42 E5 D1 AD 41
1788592942.730960,34680,12,F8 5B 93 43 6D 1F 07 42 96 C9 AB 41
1788592942.741756,34680,12,5A AC 8F 43 9E AF D8 41 D8 C9 B9 41
1788592942.752332,34680,12,7C 21 8C 43 62 01 CE 41 E4 03 A8 41
1788592942.762841,34680,12,FF CE 88 43 55 1F B0 41 5C 4A B7 41
1788592942.773343,34680,12,AC C8 85 43 55 1D 80 41 6B 0B B6 41
1788592942.783932,34680,12,46 1F 83 43 55 18 B7 41 6A 57 DC 41
1788592942.794646,34680,12,71 E2 80 43 76 F8 BC 41 4B 80 D3 41
1788592942.805315,34680,12,6A 3E 7E 43 45 11 BC 41 31 05 DD 41
1788592942.815821,34680,12,AC BE 7B 43 9F 4B E3 41 B5 85 EC 41
1788592942.826321,34680,12,8A 54 7A 43 76 83 02 42 A1 41 FB 41
1788592942.836786,34680,12,DA 07 7A 43 09 4B 1A 42 6B DD E9 41
1788592942.847288,34680,12,8C DA 7A 43 0D A9 32 42 FF 0A FD 41
1788592942.857827,34680,12,A1 C7 7C 43 E2 C9 36 42 16 57 11 42
1788592942.868990,34680,12,6C C4 7F 43 7D 29 56 42 D1 B8 03 42
1788592942.879518,34680,12,91 DF 81 43 A3 14 6A 42 80 4A F8 41
1788592942.890124,34680,12,DB 50 84 43 B0 17 85 42 FF 52 1A 42
1788592942.900610,34680,12,D9 27 87 43 24 DE 8E 42 12 E4 02 42
1788592942.911359,34680,12,DE 53 8A 43 4B BD 91 42 62 38 17 42
1788592942.922828,34680,12,54 C3 8D 43 36 3C 9D 42 38 70 10 42
1788592942.933287,34680,12,C7 61 91 43 EE 00 9D 42 81 01 1E 42
1788592942.943796,34680,12,27 1B 95 43 09 97 A1 42 AB C0 1C 42
1788592942.956102,34680,12,AB D9 98 43 13 57 9C 42 55 B9 2C 42
1788592942.966959,34680,12,6B 87 9C 43 E4 D7 99 42 32 29 2D 42
1788592942.977543,34680,12,01 10 A0 43 C0 C8 9B 42 9A F8 35 42
1788592942.988170,34680,12,64 5E A3 43 BF 50 8D 42 8A 3F 2F 42
1788592942.998833,34680,12,41 60 A6 43 5F 0A 88 42 EB 6E 34 42
1788592943.009397,34680,12,EF 03 A9 43 21 DB 77 42 CB 4C 3B 42
1788592943.019899,34680,12,0D 3A AB 43 3F 72 6B 42 C5 79 4A 42
1788592943.030427,34680,12,58 F6 AC 43 5F 8D 49 42 C6 08 37 42
1788592943.041020,34680,12,7A 2E AE 43 07 FA 34 42 4E 51 4A 42
1788592943.052052,34680,12,B2 DB AE 43 10 C4 1D 42 CD 99 50 42
1788592943.062691,34680,12,F5 F9 AE 43 8A 07 0C 42 DE 5A 48 42
1788592943.073225,34680,12,A6 88 AE 43 72 4E EB 41 A6 6A 5E 42
1788592943.083874,34680,12,3A 8A AD 43 52 F3 BC 41 F4 1A 5E 42
1788592943.094355,34680,12,9D 04 AC 43 16 8E AD 41 38 66 65 42
1788592943.104853,34680,12,3E 00 AA 43 BB D0 94 41 1C CC 60 42
1788592943.115391,34680,12,D7 88 A7 43 21 91 91 41 C7 E8 5F 42
1788592943.125833,34680,12,EA AC A4 43 32 11 A8 41 7A ED 75 42
1788592943.136437,34680,12,4F 7C A1 43 6F 90 A4 41 A9 D0 69 42
1788592943.147989,34680,12,05 0A 9E 43 D0 26 CE 41 12 6F 73 42
1788592943.160295,34680,12,26 69 9A 43 0A 66 ED 41 5F 1B 7D 42
1788592943.173356,34680,12,E9 AE 96 43 14 76 18 42 A5 4B 6C 42
1788592943.183855,34680,12,22 F1 92 43 69 E0 25 42 45 89 7F 42
1788592943.194367,34680,12,8D 44 8F 43 61 0B 29 42 EB 28 83 42
1788592943.204920,34680,12,0B BF 8B 43 4A 8F 5A 42 F2 86 84 42
1788592943.215795,34680,12,21 74 88 43 95 7B 60 42 BB 23 83 42
1788592943.227115,34680,12,1F 77 85 43 8F 30 7E 42 60 CA 89 42
1788592943.238469,34680,12,75 D9 82 43 ED A1 86 42 38 D6 8B 42
1788592943.249018,34680,12,A3 A9 80 43 F8 5C 84 42 AB 6B 8C 42
1788592943.259578,34680,12,5C E9 7D 43 F9 C3 8D 42 1F B1 8A 42
1788592943.270083,34680,12,19 88 7B 43 93 83 9F 42 6C FA 8E 42
1788592943.280726,34680,12,94 3D 7A 43 3A E2 99 42 A5 39 8D 42
1788592943.291250,34680,12,31 11 7A 43 0F 5E A7 42 83 DA 92 42
1788592943.302065,34680,12,E5 03 7B 43 72 6F A0 42 85 49 97 42
1788592943.312548,34680,12,0B 10 7D 43 F7 3E 95 42 65 3C 94 42
1788592943.323359,34680,12,25 15 80 43 5F 6E 8E 42 55 5A 96 42
1788592943.333826,34680,12,51 20 82 43 8C 2A 89 42 2F B3 9B 42
1788592943.344281,34680,12,81 9D 84 43 E7 60 81 42 C7 E5 96 42
1788592943.354768,34680,12,E8 7E 87 43 EB B6 6F 42 66 C7 9C 42
1788592943.365245,34680,12,61 B3 8A 43 20 43 5F 42 B2 34 A2 42
1788592943.375882,34680,12,27 29 8E 43 F1 66 3C 42 A9 DF A7 42
1788592943.386375,34680,12,02 CC 91 43 90 6C 30 42 0B 3A A1 42
1788592943.396906,34680,12,A6 86 95 43 9C 2B 08 42 99 94 A7 42
1788592943.407419,34680,12,65 44 99 43 8D F9 01 42 67 1E A6 42
1788592943.422260,34680,12,FB EE 9C 43 DA 46 C6 41 19 53 A4 42
1788592943.432855,34680,12,14 72 A0 43 80 03 AE 41 6F 74 AE 42
1788592943.443432,34680,12,1A B9 A3 43 46 12 A1 41 C8 6F AA 42
1788592943.454065,34680,12,E9 B0 A6 43 F9 0D B2 41 7F 83 AB 42
1788592943.464637,34680,12,0E 49 A9 43 E3 C6 82 41 35 A9 AF 42
1788592943.475168,34680,12,17 72 AB 43 96 42 B5 41 8B 78 B1 42
1788592943.485661,34680,12,09 20 AD 43 D9 9E CC 41 F0 09 B2 42
1788592943.497151,34680,12,FC 48 AE 43 D9 72 D6 41 72 46 BB 42
1788592943.507665,34680,12,3C E6 AE 43 D1 B2 06 42 12 2B B6 42
1788592943.518393,34680,12,62 F4 AE 43 90 B8 13 42 AA 70 C0 42
1788592943.529953,34680,12,18 73 AE 43 9C 5C 22 42 3E E0 C4 42
1788592943.541528,34680,12,2B 65 AD 43 B1 8B 4D 42 79 2F C1 42
1788592943.552165,34680,12,B2 D0 AB 43 25 F1 63 42 BC 40 C2 42
1788592943.562652,34680,12,01 BF A9 43 05 07 6D 42 9C 11 CA 42
1788592943.573148,34680,12,8F 3B A7 43 91 06 88 42 1A 05 C9 42
1788592943.583756,34680,12,54 55 A4 43 0D 29 97 42 8C 9E CB 42
1788592943.594266,34680,12,62 1C A1 43 9E 38 97 42 79 B2 C0 42
1788592943.604842,34680,12,89 A3 9D 43 8A A3 9A 42 70 0D C4 42
1788592943.615497,34680,12,25 FF 99 43 E8 3B 9E 42 DF 54 CA 42
1788592943.626097,34680,12,65 43 96 43 54 C4 A5 42 E7 43 CF 42
1788592943.636886,34680,12,85 86 92 43 D8 D4 95 42 06 33 CE 42
1788592943.647480,34680,12,3C DD 8E 43 E8 72 9C 42 91 1C CE 42
1788592943.657998,34680,12,FE 5C 8B 43 64 AD 95 42 23 10 D9 42
1788592943.668575,34680,12,3E 1A 88 43 46 8C 95 42 23 DF DA 42
1788592943.679144,34680,12,11 27 85 43 4B 68 83 42 7C 15 D5 42
1788592943.689724,34680,12,07 95 82 43 91 30 77 42 0F BB DC 42
1788592943.700320,34680,12,60 72 80 43 BB BB 63 42 37 E6 D6 42
1788592943.710768,34680,12,58 97 7D 43 CF 58 51 42 85 F2 DD 42
1788592943.721360,34680,12,06 55 7B 43 58 72 2B 42 89 0D E0 42
1788592943.731877,34680,12,4F 2A 7A 43 21 42 19 42 13 CA DE 42
1788592943.742388,34680,12,24 1E 7A 43 6D 65 07 42 9E 05 E7 42
1788592943.753073,34680,12,C8 30 7B 43 6E 0D DB 41 7D 88 EB 42
1788592943.763834,34680,12,22 5C 7D 43 04 4F AB 41 7D 9F EC 42
1788592943.774349,34680,12,AA 49 80 43 12 9F A3 41 C7 C4 EC 42
1788592943.785026,34680,12,45 62 82 43 1C F7 A3 41 5D 2D EA 42
1788592943.795523,34680,12,68 EB 84 43 F7 1F AF 41 A7 29 AD 41
1788592943.806969,34680,12,04 D7 87 43 96 4A C1 41 2C D0 9B 41
1788592943.817624,34680,12,0F 14 8B 43 2D 35 BF 41 26 7F 99 41
1788592943.833189,34680,12,8B 8F 8E 43 D6 DB DF 41 C8 D8 93 41
1788592943.844226,34680,12,29 36 92 43 A4 DC EE 41 4C 0D CA 41
1788592943.854892,34680,12,2D F2 95 43 7E 5A 0A 42 98 5B D4 41
1788592943.865773,34680,12,E3 AE 99 43 08 5C 2A 42 5F 55 EC 41
1788592943.877151,34680,12,6B 56 9D 43 B5 B5 40 42 6F FA CF 41
1788592943.887674,34680,12,65 D3 A0 43 17 C6 4D 42 7D 61 F0 41
1788592943.898777,34680,12,7D 12 A4 43 08 03 75 42 30 2A EE 41
1788592943.909300,34680,12,5D 00 A7 43 E3 73 79 42 10 58 F3 41
1788592943.919798,34680,12,C9 8C A9 43 6C D9 84 42 9F A9 02 42
1788592943.930404,34680,12,C6 A8 AB 43 44 C1 98 42 31 58 F0 41
1788592943.940935,34680,12,0E 48 AD 43 B1 C1 9B 42 4B 58 FC 41
1788592943.951463,34680,12,A4 61 AE 43 E3 24 9F 42 03 6C 01 42
1788592943.962164,34680,12,FA EE AE 43 87 AD 9F 42 92 71 04 42
1788592943.972766,34680,12,01 ED AE 43 51 D4 9C 42 97 30 10 42
1788592943.983290,34680,12,AE 5B AE 43 48 8E 99 42 93 B4 22 42
1788592943.993922,34680,12,6B 3E AD 43 78 D7 9B 42 7C D1 11 42
1788592944.004479,34680,12,64 9B AB 43 BD A2 8F 42 63 20 22 42
1788592944.015063,34680,12,57 7C A9 43 83 7C 8B 42 61 AC 2B 42
1788592944.025648,34680,12,08 ED A6 43 28 66 80 42 07 13 24 42
1788592944.036619,34680,12,62 FC A3 43 0D 80 6C 42 D3 1E 31 42
1788592944.047693,34680,12,A7 BB A0 43 D5 EE 52 42 FC 59 1A 42
1788592944.058662,34680,12,DF 3C 9D 43 12 73 35 42 3A 8D 43 42
1788592944.069445,34680,12,DA 94 99 43 58 AC 25 42 DE 3B 35 42
1788592944.080203,34680,12,DD D7 95 43 FF AB 0B 42 29 E1 52 42
1788592944.090896,34680,12,C6 1B 92 43 84 F7 F2 41 E6 AE 3D 42
1788592944.101918,34680,12,70 76 8E 43 13 EB B8 41 28 BB 44 42
1788592944.112657,34680,12,10 FC 8A 43 4E 45 C2 41 ED F8 45 42
1788592944.123230,34680,12,5C C1 87 43 61 F1 B0 41 01 AA 57 42
1788592944.133840,34680,12,3B D8 84 43 5F E2 9D 41 A9 20 43 42
1788592944.144422,34680,12,C2 51 82 43 7D C3 94 41 92 C5 56 42
1788592944.154953,34680,12,AB 3C 80 43 4C 0F A6 41 4E 89 4D 42
1788592944.165542,34680,12,FD 48 7D 43 0A FD B0 41 D1 07 56 42
1788592944.176131,34680,12,79 25 7B 43 88 17 E6 41 C0 9C 5C 42
1788592944.187104,34680,12,A3 1A 7A 43 97 D2 07 42 FE 7C 5B 42
1788592944.197896,34680,12,C2 2E 7A 43 49 B4 1F 42 93 EE 63 42
1788592944.208912,34680,12,33 61 7B 43 F9 19 2A 42 25 42 71 42
1788592944.219764,34680,12,53 AB 7D 43 BD 33 41 42 0C 3C 6C 42
1788592944.230755,34680,12,C1 7F 80 43 16 0C 64 42 AF 71 6D 42
1788592944.241472,34680,12,A5 A5 82 43 15 8F 68 42 06 EA 74 42
1788592944.252190,34680,12,D6 3A 85 43 7C 09 84 42 A2 94 76 42
1788592944.262856,34680,12,26 30 88 43 10 29 8F 42 9B D3 7C 42
1788592944.273471,34680,12,2E 75 8B 43 0F C6 95 42 F9 C1 82 42
1788592944.284134,34680,12,79 F6 8E 43 13 77 9F 42 FC 8B 89 42
1788592944.294964,34680,12,96 A0 92 43 39 61 9F 42 12 89 7F 42
1788592944.305651,34680,12,19 5E 96 43 E3 79 A1 42 89 DA 85 42
1788592944.316224,34680,12,1C 19 9A 43 A8 AC 9D 42 B9 21 86 42
1788592944.326779,34680,12,F2 BC 9D 43 62 32 9A 42 DA C1 89 42
1788592944.337364,34680,12,EE 33 A1 43 37 44 95 42 14 97 88 42
1788592944.347955,34680,12,DB 6A A4 43 73 CB 8C 42 C9 0D 8A 42
1788592944.358492,34680,12,DE 4E A7 43 08 A0 88 42 E2 1B 8F 42
1788592944.369033,34680,12,1A CF A9 43 57 9E 77 42 2A D4 95 42
1788592944.379610,34680,12,B1 DD AB 43 D0 EF 62 42 39 3C 93 42
1788592944.390520,34680,12,65 6E AD 43 52 C4 4B 42 02 00 99 42
1788592944.401213,34680,12,88 78 AE 43 79 88 26 42 52 75 9A 42
1788592944.412382,34680,12,EF F5 AE 43 B4 E7 29 42 C7 51 97 42
1788592944.423140,34680,12,D3 E3 AE 43 CB 82 FF 41 DA AF A3 42
1788592944.433807,34680,12,97 42 AE 43 0B 76 E9 41 4E AB 9B 42
1788592944.444488,34680,12,FC 15 AD 43 8D 59 C3 41 F0 41 9B 42
1788592944.455209,34680,12,85 64 AB 43 D5 F6 8A 41 26 C9 9C 42
1788592944.465976,34680,12,05 38 A9 43 0F 70 92 41 07 D8 A6 42
1788592944.477028,34680,12,49 9D A6 43 0D B1 B3 41 BE 01 A6 42
1788592944.487759,34680,12,C0 A2 A3 43 19 51 BF 41 30 14 AA 42
1788592944.498423,34680,12,26 5A A0 43 38 4A C1 41 86 81 A8 42
1788592944.508972,34680,12,AF D5 9C 43 B2 F2 EC 41 92 D0 A6 42
1788592944.519542,34680,12,EA 29 99 43 94 05 F4 41 94 65 B4 42
1788592944.530067,34680,12,57 6C 95 43 BA 4A 15 42 54 97 AF 42
1788592944.540594,34680,12,B1 B1 91 43 3A 65 17 42 04 39 B4 42
1788592944.554223,34680,12,2F 10 8E 43 63 03 31 42 39 CF AE 42
1788592944.564712,34680,12,EE 9B 8A 43 C8 2A 51 42 12 36 B6 42
1788592944.575272,34680,12,31 69 87 43 35 ED 6B 42 DE D3 B4 42
1788592944.586088,34680,12,A2 8A 84 43 9E 3F 77 42 AC E0 BC 42
1788592944.596708,34680,12,29 10 82 43 F3 7F 86 42 5C CD BA 42
1788592944.607344,34680,12,89 08 80 43 F4 8F 94 42 0E 00 BA 42
1788592944.617854,34680,12,02 FE 7C 43 42 1C 9D 42 1F 09 BA 42
1788592944.628334,34680,12,4C F9 7A 43 96 60 9E 42 2A E3 C5 42
1788592944.638878,34680,12,93 0E 7A 43 D6 EE 9F 42 B9 BA C0 42
1788592944.649395,34680,12,EC 42 7A 43 30 48 A0 42 E6 16 C8 42
1788592944.659919,34680,12,21 95 7B 43 FD 69 98 42 28 F8 C5 42
1788592944.670435,34680,12,DE FD 7D 43 A8 CD 98 42 9F 43 C7 42
1788592944.680995,34680,12,9A B7 80 43 AB 78 91 42 2E B8 C9 42
1788592944.691797,34680,12,6A EA 82 43 00 5D 85 42 61 5F D0 42
1788592944.702274,34680,12,30 8B 85 43 41 6F 7A 42 26 7C CD 42
1788592944.712789,34680,12,46 8A 88 43 C3 40 5B 42 E1 84 D1 42
1788592944.723330,34680,12,11 D7 8B 43 4C 92 48 42 38 53 D0 42
1788592944.734245,34680,12,49 5E 8F 43 BA 80 3E 42 A9 EE D6 42
1788592944.761273,34680,12,42 0B 93 43 52 31 21 42 4D E7 D1 42
1788592944.771800,34680,12,9B C9 96 43 8E 48 19 42 DF ED DA 42
1788592944.782654,34680,12,0A 83 9A 43 7C 1E F1 41 20 9A D5 42
1788592944.793282,34680,12,EB 22 9E 43 44 C4 BC 41 7E C6 D9 42
1788592944.803833,34680,12,00 94 A1 43 33 4B C0 41 BE FA D8 42
1788592944.814411,34680,12,2F C2 A4 43 BA 44 A9 41 C8 1D E5 42
1788592944.825100,34680,12,D6 9B A7 43 E4 B4 A5 41 BB CB E8 42
1788592944.835826,34680,12,FC 0F AA 43 F0 7C A3 41 4D 10 E7 42
1788592944.846357,34680,12,08 11 AC 43 1A EB B6 41 4C 2A E5 42
1788592944.856937,34680,12,2B 93 AD 43 0C DE CD 41 E7 80 E9 42
1788592944.867469,34680,12,A7 8D AE 43 4F B5 D5 41 32 9C EF 42
1788592944.878100,34680,12,10 FB AE 43 D7 B2 09 42 01 05 ED 42
1788592944.888683,34680,12,D8 D8 AE 43 00 EF 15 42 52 2F A8 41
1788592944.899184,34680,12,BF 27 AE 43 4E 4F 23 42 67 EA A5 41
1788592944.909736,34680,12,BB EB AC 43 57 A4 43 42 43 CE 8E 41
1788592944.920447,34680,12,1A 2C AB 43 A3 29 60 42 27 3A BC 41
1788592944.930954,34680,12,8E F2 A8 43 36 4C 83 42 AA F0 B6 41
1788592944.941468,34680,12,56 4C A6 43 43 6E 85 42 B2 ED DB 41
1788592944.951988,34680,12,21 48 A3 43 58 22 90 42 7A 42 CC 41
1788592944.962788,34680,12,8A F7 9F 43 1A 93 94 42 2C 4D BB 41
1788592944.973338,34680,12,01 6E 9C 43 77 44 9B 42 04 25 F0 41
1788592944.983841,34680,12,22 BF 98 43 D9 D1 A1 42 88 1F E4 41
1788592944.994797,34680,12,DB 00 95 43 45 CF 9C 42 78 28 F6 41
1788592945.005412,34680,12,ED 47 91 43 D6 A9 A3 42 D8 C1 DC 41
1788592945.015946,34680,12,22 AA 8D 43 A9 D4 98 42 C3 02 F2 41
1788592945.026517,34680,12,9F 3C 8A 43 2E 43 8D 42 97 05 0C 42
1788592945.037341,34680,12,65 12 87 43 9E 59 8B 42 9E 5F 09 42
1788592945.047839,34680,12,4C 3E 84 43 5E A8 8A 42 40 A1 17 42
1788592945.058345,34680,12,00 D0 81 43 44 56 6F 42 6E 95 0D 42
1788592945.068823,34680,12,9E AB 7F 43 CE 65 56 42 DA A8 13 42
1788592945.079326,34680,12,6D B6 7C 43 5F 57 48 42 32 8D 11 42
1788592945.089876,34680,12,D4 D0 7A 43 C7 43 19 42 D1 03 18 42
1788592945.100377,34680,12,1E 06 7A 43 CB 7F 0F 42 C5 56 1F 42
1788592945.110933,34680,12,AF 5A 7A 43 23 45 FA 41 00 E7 1E 42
1788592945.121428,34680,12,C4 CC 7B 43 16 E1 E4 41 7A 01 22 42
1788592945.132524,34680,12,BB 53 7E 43 62 51 BF 41 35 D3 33 42
1788592945.143035,34680,12,C9 F0 80 43 89 E0 B1 41 97 87 36 42
1788592945.153605,34680,12,90 30 83 43 38 30 94 41 DA 26 40 42
1788592945.164266,34680,12,BC DC 85 43 01 1B AA 41 DD BD 36 42
1788592945.174793,34680,12,B6 E5 88 43 EF 54 99 41 53 86 3D 42
1788592945.185362,34680,12,AF 39 8C 43 AC EC CC 41 30 2F 40 42
1788592945.195909,34680,12,34 C6 8F 43 3F 3E F0 41 17 8A 49 42
1788592945.206465,34680,12,24 76 93 43 9B C4 EC 41 8B 0F 44 42
1788592945.217618,34680,12,0E 35 97 43 6D 8F 15 42 FB 69 3A 42
1788592945.228140,34680,12,06 ED 9A 43 9F 57 37 42 22 C6 59 42
1788592945.238616,34680,12,4D 88 9E 43 EA 56 47 42 4E 8A 56 42
1788592945.249035,34680,12,E3 F2 A1 43 F0 F4 5A 42 91 7C 4E 42
1788592945.259588,34680,12,72 18 A5 43 14 38 76 42 D5 7D 6A 42
1788592945.270196,34680,12,88 E7 A7 43 61 08 88 42 BB 48 5E 42
1788592945.281224,34680,12,A5 4F AA 43 30 FD 8C 42 7F 94 5C 42
1788592945.291994,34680,12,C6 42 AC 43 33 E8 91 42 5A FD 59 42
1788592945.302589,34680,12,1B B6 AD 43 AC 11 9A 42 BD AD 60 42
1788592945.313249,34680,12,01 A1 AE 43 3E E4 9D 42 93 B6 6B 42
1788592945.323921,34680,12,62 FE AE 43 6C 15 9C 42 8C F7 5B 42
1788592945.334565,34680,12,05 CC AE 43 91 93 A4 42 2F 69 68 42
1788592945.345125,34680,12,28 0B AE 43 9A FF 9B 42 1E 45 81 42
1788592945.355715,34680,12,F8 BF AC 43 5D 22 96 42 16 67 7C 42
1788592945.366286,34680,12,28 F2 AA 43 9A 15 90 42 F5 F6 74 42
1788592945.376841,34680,12,B8 AB A8 43 12 0F 7E 42 85 5B 86 42
1788592945.387331,34680,12,E8 F9 A5 43 5E 73 6E 42 5A C9 83 42
1788592945.397853,34680,12,8C EC A2 43 59 91 53 42 46 D7 8E 42
1788592945.408368,34680,12,90 94 9F 43 3E 2F 4C 42 DB C2 8A 42
1788592945.419027,34680,12,DB 05 9C 43 CC 3F 2E 42 20 F3 89 42
1788592945.429712,34680,12,27 54 98 43 57 33 0D 42 53 05 8A 42
1788592945.440361,34680,12,0F 95 94 43 79 37 0C 42 FA 9C 90 42
1788592945.450970,34680,12,7F DE 90 43 BD 73 E6 41 00 14 93 42
1788592945.461582,34680,12,0E 45 8D 43 06 9B B1 41 83 44 97 42
1788592945.472070,34680,12,2A DE 89 43 3F 0B B4 41 F1 C1 92 42
1788592945.482607,34680,12,AE BC 86 43 CB 53 9B 41 C6 29 9D 42
1788592945.493149,34680,12,F9 F2 83 43 8C E8 A9 41 40 F4 98 42
1788592945.503669,34680,12,4D 91 81 43 CF 48 BE 41 12 96 A2 42
1788592945.514161,34680,12,BE 49 7F 43 F1 A2 B2 41 12 10 9F 42
1788592945.524652,34680,12,43 72 7C 43 D0 6F CC 41 B5 42 A2 42
1788592945.535193,34680,12,EB AB 7A 43 89 CF DE 41 79 C8 A2 42
1788592945.545767,34680,12,44 01 7A 43 E0 52 04 42 E9 1A A3 42
1788592945.556498,34680,12,08 76 7A 43 52 87 1F 42 EB 3A A0 42
1788592945.567004,34680,12,B0 07 7C 43 D3 CE 3B 42 1B 7A A6 42
1788592945.577810,34680,12,E5 AC 7E 43 83 D8 5F 42 21 C7 A7 42
1788592945.588358,34680,12,7E 2B 81 43 18 DE 5F 42 4C A1 B0 42
1788592945.598979,34680,12,56 78 83 43 23 DC 76 42 09 5F AD 42
1788592945.609524,34680,12,71 2F 86 43 43 AE 88 42 24 44 AF 42
1788592945.620215,34680,12,C3 41 89 43 E7 92 95 42 7C 30 B2 42
1788592945.632596,34680,12,02 9D 8C 43 C8 24 95 42 87 64 B1 42
1788592945.643151,34680,12,92 2E 90 43 92 D3 A0 42 C6 F5 B2 42
1788592945.653744,34680,12,98 E1 93 43 88 C7 9D 42 87 E1 BC 42
1788592945.664373,34680,12,6A A0 97 43 ED 2E 9F 42 CC 1F B8 42
1788592945.675461,34680,12,45 56 9B 43 D9 FB A1 42 68 CD BF 42
1788592945.685977,34680,12,11 ED 9E 43 E1 29 9B 42 BE 6A C2 42
1788592945.696536,34680,12,E9 50 A2 43 E0 71 8B 42 32 EA C7 42
1788592945.707779,34680,12,EC 6D A5 43 1A BC 86 42 5C 1E BE 42
1788592945.718231,34680,12,EE 31 A8 43 44 EB 79 42 63 92 BE 42
1788592945.754852,34680,12,9B 8D AA 43 B1 BF 60 42 B4 E4 BF 42
1788592945.767254,34680,12,E8 72 AC 43 CE DF 43 42 BA 25 CC 42
1788592945.777810,34680,12,53 D7 AD 43 38 F5 31 42 AD 27 D2 42
1788592945.788243,34680,12,A2 B2 AE 43 1F 93 1E 42 B7 5D CB 42
1788592945.798789,34680,12,E6 FF AE 43 BB DC 0C 42 89 9C D1 42
1788592945.809404,34680,12,73 BD AE 43 34 A6 D7 41 D1 4D CA 42
1788592945.819846,34680,12,D4 EC AD 43 C6 BB D8 41 95 8A D7 42
1788592945.830505,34680,12,90 92 AC 43 D9 2F AA 41 62 49 D3 42
1788592945.841100,34680,12,7A B6 AA 43 3E 35 B3 41 FA 00 D0 42
1788592945.851622,34680,12,89 63 A8 43 9B 8E AE 41 90 92 D8 42
1788592945.862109,34680,12,9F A6 A5 43 E7 FB B8 41 D3 D1 E1 42
1788592945.872661,34680,12,09 90 A2 43 30 ED AF 41 F4 01 D6 42
1788592945.883780,34680,12,E5 30 9F 43 02 8A D0 41 8A DF D6 42
1788592945.894325,34680,12,E5 9C 9B 43 78 10 FD 41 D0 6E E4 42
1788592945.905647,34680,12,02 E9 97 43 8D 7E EF 41 01 0D EA 42
1788592945.916093,34680,12,C0 29 94 43 52 E5 1A 42 94 BC E3 42
1788592945.926584,34680,12,71 75 90 43 8D DE 36 42 98 37 E3 42
1788592945.937255,34680,12,9C E0 8C 43 DA 18 42 42 F0 1D ED 42
1788592945.947767,34680,12,3E 80 89 43 05 25 55 42 54 45 E9 42
1788592945.958293,34680,12,11 68 86 43 D6 4C 81 42 02 21 E8 42
1788592945.968975,34680,12,3A A9 83 43 66 40 8E 42 E2 D2 EC 42
1788592945.979652,34680,12,14 54 81 43 7D 76 91 42 61 5A A2 41
1788592945.990171,34680,12,19 EB 7E 43 9A 62 9D 42 EC 46 AC 41
1788592946.000686,34680,12,4E 31 7C 43 2F 93 9E 42 A8 F6 98 41
1788592946.011524,34680,12,92 8A 7A 43 FB 3B 9C 42 8A BC C6 41
1788592946.022454,34680,12,0C 00 7A 43 84 6F A1 42 49 FE CC 41
1788592946.032969,34680,12,F6 94 7A 43 AE CA 9A 42 77 56 CD 41
1788592946.043485,34680,12,15 46 7C 43 74 6B 96 42 69 C0 CC 41
1788592946.054038,34680,12,AE 09 7F 43 43 2F 96 42 10 2A C4 41
1788592946.064623,34680,12,B5 67 81 43 EC F3 8E 42 BB 08 E2 41
1788592946.075371,34680,12,30 C1 83 43 AB 91 86 42 83 DD E8 41
1788592946.085953,34680,12,4C 83 86 43 FD 1C 73 42 3B 68 D6 41
1788592946.096470,34680,12,BC 9E 89 43 9B 23 6A 42 1F 3E D9 41
1788592946.106991,34680,12,60 01 8D 43 0B 96 44 42 EC D5 0F 42
1788592946.117492,34680,12,5C 97 90 43 12 EE 2E 42 29 16 0A 42
1788592946.127932,34680,12,D1 4C 94 43 8D 16 1F 42 1B EC F0 41
1788592946.138437,34680,12,A9 0B 98 43 18 EF 0C 42 40 1A 00 42
1788592946.148976,34680,12,21 BF 9B 43 F0 D7 CC 41 F7 84 0E 42
1788592946.159440,34680,12,8C 51 9F 43 5A 78 EA 41 99 F4 17 42
1788592946.170826,34680,12,0A AE A2 43 AB FD A5 41 82 2F 1C 42
1788592946.181320,34680,12,F9 C1 A5 43 AD E1 A2 41 9F 24 1B 42
1788592946.191892,34680,12,04 7B A8 43 55 80 8C 41 F2 B6 22 42
1788592946.202528,34680,12,15 CA AA 43 9F F9 B6 41 81 3F 2B 42
1788592946.213090,34680,12,96 A1 AC 43 E8 16 BE 41 10 A8 25 42
1788592946.223719,34680,12,D3 F6 AD 43 D1 F7 D1 41 EB B8 33 42
1788592946.234354,34680,12,68 C2 AE 43 40 CE EC 41 BA 9F 27 42
1788592946.247395,34680,12,9B FF AE 43 97 B2 0C 42 57 14 33 42
1788592946.257882,34680,12,16 AD AE 43 43 87 11 42 EB 80 35 42
1788592946.268799,34680,12,A8 CC AD 43 A2 84 47 42 85 96 41 42
1788592946.279288,34680,12,86 63 AC 43 EB B8 68 42 1C 39 4C 42
1788592946.290078,34680,12,84 79 AA 43 8D B4 68 42 61 42 47 42
1788592946.300554,34680,12,06 1A A8 43 44 DC 81 42 26 32 56 42
1788592946.311132,34680,12,34 52 A5 43 A2 D9 87 42 86 05 5B 42
1788592946.321635,34680,12,45 32 A2 43 6D A4 90 42 3D 79 50 42
1788592946.332119,34680,12,90 CC 9E 43 FC 04 95 42 C5 F4 5C 42
1788592946.342659,34680,12,E8 33 9B 43 9D D6 9B 42 DB A0 47 42
1788592946.353389,34680,12,B9 7D 97 43 59 37 A4 42 4C BC 5B 42
1788592946.363914,34680,12,94 BE 93 43 EF 72 9F 42 03 49 56 42
1788592946.374481,34680,12,68 0C 90 43 F1 27 9F 42 27 5B 57 42
1788592946.391602,34680,12,D3 7C 8C 43 8F 94 98 42 86 E0 65 42
1788592946.402067,34680,12,92 23 89 43 FC FC 86 42 4F AE 5E 42
1788592946.412700,34680,12,94 14 86 43 A7 C1 89 42 F2 03 61 42
1788592946.423909,34680,12,CF 60 83 43 91 38 75 42 60 E5 76 42
1788592946.434876,34680,12,23 18 81 43 74 16 69 42 7A 0C 78 42
1788592946.445399,34680,12,B6 8F 7E 43 6F 1D 48 42 7A A0 74 42
1788592946.455881,34680,12,0B F4 7B 43 E1 95 40 42 00 6B 80 42
1788592946.466393,34680,12,CC 6C 7A 43 FE 3A 17 42 53 1E 85 42
1788592946.476866,34680,12,72 02 7A 43 05 D4 E9 41 EB 71 86 42
1788592946.487457,34680,12,98 B7 7A 43 9F E8 E7 41 E2 35 87 42
1788592946.498032,34680,12,EC 87 7C 43 ED 7F CB 41 6E FC 86 42
1788592946.509039,34680,12,62 69 7F 43 E1 C5 BA 41 AB 27 88 42
1788592946.519511,34680,12,69 A5 81 43 D0 D7 A7 41 16 CD 8C 42
1788592946.530893,34680,12,5D 0B 84 43 B0 96 BA 41 DD AF 93 42
1788592946.542457,34680,12,94 D8 86 43 5A 7D A6 41 61 AB 90 42
1788592946.553443,34680,12,9B FC 89 43 4A AF 9A 41 6C 39 98 42
1788592946.564785,34680,12,07 66 8D 43 61 4D B2 41 6C D6 9B 42
1788592946.575461,34680,12,8A 00 91 43 71 73 D2 41 46 AA 8E 42
1788592946.585948,34680,12,29 B8 94 43 B5 0F 07 42 D7 C9 A0 42
1788592946.596385,34680,12,25 77 98 43 10 5A 17 42 EE A8 9A 42
1788592946.606826,34680,12,93 27 9C 43 6F E7 32 42 0F 9C 9F 42
1788592946.617323,34680,12,FE B4 9F 43 98 F6 42 42 C0 D2 9C 42
1788592946.629670,34680,12,41 0A A3 43 B8 A8 5E 42 3A AC A5 42
1788592946.640351,34680,12,E2 14 A6 43 35 9F 75 42 04 E9 A1 42
1788592946.651593,34680,12,06 C3 A8 43 97 08 88 42 3B 22 A7 42
1788592946.662740,34680,12,0E 05 AB 43 64 C1 94 42 22 B6 A6 42
1788592946.673321,34680,12,74 CE AC 43 B5 B0 98 42 6D 10 AA 42
1788592946.684062,34680,12,97 14 AE 43 D0 EC 9E 42 26 BF AA 42
1788592946.694483,34680,12,65 D0 AE 43 23 51 9F 42 0B 00 A5 42
1788592946.704850,34680,12,7F FD AE 43 C7 8E 9D 42 2D DF B1 42
1788592946.715257,34680,12,F1 9A AE 43 F2 D7 9F 42 42 37 B2 42
1788592946.725679,34680,12,DF AA AD 43 E3 C2 96 42 DE 6D AE 42
1788592946.736421,34680,12,DE 32 AC 43 91 F2 95 42 E2 4E B6 42
1788592946.747100,34680,12,12 3B AA 43 88 FF 8A 42 FE 05 B2 42
1788592946.759828,34680,12,ED CE A7 43 8F 3A 73 42 09 83 BB 42
1788592946.771436,34680,12,AE FC A4 43 DC D1 6A 42 88 98 BE 42
1788592946.781837,34680,12,F7 D3 A1 43 D8 44 6B 42 32 58 BB 42
1788592946.792232,34680,12,98 67 9E 43 EF 93 36 42 FC 44 C0 42
1788592946.802730,34680,12,8B CA 9A 43 25 25 25 42 AA 41 B8 42
1788592946.813135,34680,12,F0 11 97 43 45 68 0F 42 B9 B5 C2 42
1788592946.823527,34680,12,91 53 93 43 DA 77 E2 41 8F DF C2 42
1788592946.833999,34680,12,2E A4 8F 43 DD BF E4 41 E1 FC C6 42
1788592946.850433,34680,12,BA 19 8C 43 77 31 BD 41 80 4E C4 42
1788592946.861039,34680,12,D3 C7 88 43 BA 30 A9 41 3D D2 CD 42
1788592946.871730,34680,12,F2 C1 85 43 C9 4D AC 41 E2 87 C7 42
1788592946.882254,34680,12,BD 19 83 43 6C 57 9D 41 62 3D D0 42
1788592946.892821,34680,12,EC DD 80 43 68 C0 8D 41 5F 24 D3 42
1788592946.903261,34680,12,9C 37 7E 43 8E 68 AD 41 35 C3 D3 42
1788592946.913717,34680,12,42 BA 7B 43 2D D2 C9 41 9B 14 D4 42
1788592946.924120,34680,12,85 52 7A 43 F3 4C F5 41 11 7C D4 42
1788592946.934753,34680,12,75 08 7A 43 16 8C 14 42 E7 7F D7 42
1788592946.945322,34680,12,AB DD 7A 43 D4 87 33 42 13 D3 D8 42
1788592946.955771,34680,12,32 CD 7C 43 26 23 39 42 95 7C D7 42
1788592946.966325,34680,12,4F CC 7F 43 63 EA 5A 42 1B D1 DF 42
1788592946.978577,34680,12,D1 E4 81 43 5B 33 63 42 F2 1F E1 42
1788592946.989139,34680,12,D5 56 84 43 41 C2 82 42 FD A5 E1 42
1788592946.999649,34680,12,A6 2E 87 43 07 E3 8C 42 0A 58 ED 42
1788592947.014567,34680,12,57 5B 8A 43 B1 A3 96 42 B9 6F E3 42
1788592947.025168,34680,12,4E CB 8D 43 51 1F 92 42 AF 9E F2 42
1788592947.035667,34680,12,77 6A 91 43 7B 7E A2 42 4E 1C ED 42
1788592947.046157,34680,12,98 23 95 43 BB 4C A7 42 4F A6 ED 42
1788592947.056648,34680,12,10 E2 98 43 64 FB A3 42 7D E1 F2 42
1788592947.067276,34680,12,92 8F 9C 43 5A 24 9F 42 45 63 8B 41
1788592947.077983,34680,12,BD 17 A0 43 53 C8 8D 42 45 4F 8B 41
1788592947.088454,34680,12,DC 65 A3 43 CA DE 84 42 3F 56 A8 41
1788592947.098937,34680,12,A2 66 A6 43 27 4C 8B 42 26 E9 D4 41
1788592947.109490,34680,12,6A 09 A9 43 09 2C 7A 42 5C 30 D2 41
1788592947.119924,34680,12,82 3E AB 43 8A 10 61 42 06 26 C2 41
1788592947.130772,34680,12,AD F9 AC 43 95 FB 44 42 77 05 D5 41
1788592947.141234,34680,12,B7 30 AE 43 3E 2F 3D 42 F9 CC DB 41
1788592947.151754,34680,12,97 DC AE 43 F4 98 14 42 CC E5 C6 41
1788592947.162355,34680,12,95 F9 AE 43 82 AD 06 42 26 CF EB 41
1788592947.172892,34680,12,05 87 AE 43 1F 3B E6 41 AC B7 F1 41
1788592947.183350,34680,12,61 87 AD 43 97 EE CC 41 E7 8D 03 42
1788592947.193856,34680,12,6C 00 AC 43 2D 51 98 41 85 00 07 42
1788592947.204638,34680,12,2B FB A9 43 46 2B A6 41 1E D6 E7 41
1788592947.215103,34680,12,D0 82 A7 43 99 39 A4 41 44 AB 0F 42
1788592947.232987,34680,12,12 A6 A4 43 91 B8 91 41 FC C6 09 42
1788592947.243586,34680,12,CD 74 A1 43 73 D5 BD 41 1B B1 17 42
1788592947.254222,34680,12,A6 01 9E 43 9F 19 CB 41 F1 99 07 42
1788592947.264760,34680,12,D5 60 9A 43 B3 F4 EE 41 C1 69 0E 42
1788592947.275518,34680,12,77 A6 96 43 C5 C0 FE 41 B2 F8 2A 42
1788592947.286239,34680,12,C0 E8 92 43 90 A4 18 42 0B 34 15 42
1788592947.296773,34680,12,6B 3C 8F 43 42 74 48 42 D2 49 1D 42
1788592947.307380,34680,12,FC B6 8B 43 DC 57 47 42 04 29 29 42
1788592947.317960,34680,12,08 6D 88 43 92 CB 67 42 F6 CD 26 42
1788592947.328540,34680,12,CA 70 85 43 CA 65 83 42 12 28 25 42
1788592947.339084,34680,12,08 D4 82 43 A4 58 83 42 EA 3A 29 42
1788592947.349677,34680,12,3D A5 80 43 FF 5E 95 42 CF 94 38 42
1788592947.360200,34680,12,84 E2 7D 43 AB 5D 92 42 5A 42 3C 42
1788592947.370962,34680,12,F5 83 7B 43 E6 EA 9E 42 A2 4F 46 42
1788592947.381586,34680,12,EF 3B 7A 43 74 CA A1 42 55 00 48 42
1788592947.392465,34680,12,14 12 7A 43 D2 42 A0 42 FB 29 46 42
1788592947.402947,34680,12,4B 07 7B 43 C6 39 9C 42 CE 35 45 42
1788592947.413534,34680,12,26 16 7D 43 E9 DF 91 42 42 7F 51 42
1788592947.424062,34680,12,37 19 80 43 4C 04 90 42 30 EF 4F 42
1788592947.434677,34680,12,72 25 82 43 C9 D1 8D 42 8B 6B 51 42
1788592947.445190,34680,12,94 A3 84 43 97 4E 7E 42 6F 03 69 42
1788592947.455765,34680,12,CB 85 87 43 C2 01 6F 42 A2 50 6A 42
1788592947.466375,34680,12,44 BB 8A 43 60 D5 45 42 B6 21 55 42
1788592947.477098,34680,12,2D 31 8E 43 81 08 3E 42 F7 FC 69 42
1788592947.487721,34680,12,56 D4 91 43 8F 01 1E 42 E9 45 6E 42
1788592947.498286,34680,12,18 8F 95 43 0D 78 0A 42 A9 69 71 42
1788592947.508913,34680,12,C5 4C 99 43 3C A3 F7 41 3F 35 74 42
1788592947.519428,34680,12,79 F7 9C 43 F0 B1 C7 41 0C C5 79 42
1788592947.530232,34680,12,C0 79 A0 43 59 E5 A6 41 41 F1 78 42
1788592947.540814,34680,12,29 C0 A3 43 0C 04 87 41 5C C0 80 42
1788592947.551425,34680,12,32 B7 A6 43 C0 AA B5 41 24 45 82 42
1788592947.561987,34680,12,6D 4E A9 43 CD 42 BE 41 7F 43 88 42
1788592947.572587,34680,12,A0 76 AB 43 8A 27 91 41 6D 19 85 42
1788592947.583899,34680,12,3D 23 AD 43 AE EF BF 41 84 07 8C 42
1788592947.594410,34680,12,FC 4A AE 43 84 D0 DE 41 7C D9 87 42
1788592947.605054,34680,12,FD E6 AE 43 B0 1B FE 41 4F 5F 91 42
1788592947.615536,34680,12,DE F3 AE 43 7E F4 11 42 23 5C 8D 42
1788592947.626052,34680,12,3E 71 AE 43 87 E6 1E 42 ED 2C 93 42
1788592947.636627,34680,12,2F 62 AD 43 C6 31 44 42 73 AA 8E 42
1788592947.647400,34680,12,91 CC AB 43 A1 20 64 42 E3 77 99 42
1788592947.657907,34680,12,D2 B9 A9 43 7B 00 69 42 8B 5F 98 42
1788592947.669106,34680,12,6F 35 A7 43 0F 84 83 42 73 C0 97 42
1788592947.679669,34680,12,15 4E A4 43 32 7F 8C 42 BF 33 9C 42
1788592947.690249,34680,12,D0 14 A1 43 F0 CD 93 42 B9 DF 9A 42
1788592947.700871,34680,12,7D 9B 9D 43 1E 05 9B 42 48 DC A2 42
1788592947.711382,34680,12,CE F6 99 43 0F D3 9B 42 FB B0 A2 42
1788592947.721827,34680,12,F3 3A 96 43 C4 76 A5 42 38 AA 9F 42
1788592947.732369,34680,12,C5 7D 92 43 F6 C0 9F 42 80 B1 A2 42
1788592947.743590,34680,12,24 D5 8E 43 BB 8E 9E 42 56 BE AE 42
1788592947.754014,34680,12,59 55 8B 43 14 45 96 42 6C E1 A7 42
1788592947.765803,34680,12,39 13 88 43 A1 04 94 42 9F D4 A8 42
1788592947.781368,34680,12,D4 20 85 43 57 5C 84 42 21 E2 AC 42
1788592947.791889,34680,12,77 8F 82 43 B7 E1 70 42 C4 BF AA 42
1788592947.802492,34680,12,19 6E 80 43 DE 35 5D 42 09 0F AC 42
1788592947.812978,34680,12,12 91 7D 43 52 10 45 42 D6 75 AB 42
1788592947.823488,34680,12,2A 51 7B 43 13 45 25 42 92 E5 B6 42
1788592947.833994,34680,12,F2 28 7A 43 C4 2F 11 42 C7 B1 B4 42
1788592947.847749,34680,12,5D 1F 7A 43 9F 9F EC 41 28 95 BA 42
1788592947.858260,34680,12,76 34 7B 43 83 D4 F6 41 45 1D BE 42
1788592947.868676,34680,12,3C 62 7D 43 5A 2C BE 41 0F 1E B9 42
1788592947.884163,34680,12,DB 4D 80 43 E0 58 A2 41 A7 F4 C0 42
1788592947.894773,34680,12,83 67 82 43 64 88 AB 41 53 62 C3 42
1788592947.925202,34680,12,DD F1 84 43 F6 FA AE 41 0F 19 C2 42
1788592947.936262,34680,12,FB DD 87 43 35 58 C1 41 DA BA C0 42
1788592947.946743,34680,12,A9 1B 8B 43 B2 34 CC 41 FE C2 C4 42
1788592947.957297,34680,12,9C 97 8E 43 5D 1B ED 41 EB 35 CA 42
1788592947.967767,34680,12,83 3E 92 43 AA FC FD 41 34 EC C2 42
1788592947.978414,34680,12,04 FB 95 43 98 19 0F 42 E3 8E CE 42
1788592947.988899,34680,12,3E B7 99 43 52 63 21 42 9E EF CD 42
1788592947.999517,34680,12,7E 5E 9D 43 D2 D7 39 42 69 23 CC 42
1788592948.009978,34680,12,02 DB A0 43 29 C6 40 42 D4 A7 CE 42
1788592948.020482,34680,12,77 19 A4 43 AC DE 5F 42 75 EC D1 42
1788592948.030968,34680,12,D7 06 A7 43 9E 02 82 42 56 11 D1 42
1788592948.041489,34680,12,0C 92 A9 43 C8 B2 85 42 08 C7 D8 42
1788592948.051955,34680,12,FD AC AB 43 CB 37 8E 42 E3 5B D9 42
1788592948.062591,34680,12,21 4B AD 43 65 EF 94 42 FC D9 D4 42
1788592948.073116,34680,12,80 63 AE 43 9D 29 9F 42 29 5E DF 42
1788592948.083638,34680,12,9D EF AE 43 33 CE 9E 42 C3 27 D9 42
1788592948.094087,34680,12,59 EC AE 43 C6 E2 A0 42 6C DC E1 42
1788592948.104593,34680,12,C6 59 AE 43 73 1D 95 42 2B 97 E7 42
1788592948.115186,34680,12,4D 3B AD 43 E8 59 9C 42 B9 F9 E0 42
1788592948.125802,34680,12,22 97 AB 43 AA 4A 8E 42 D7 36 EC 42
1788592948.136538,34680,12,CC 76 A9 43 73 2E 8A 42 12 5C EA 42
1788592948.147115,34680,12,D0 E6 A6 43 A2 24 7D 42 4A 6D E3 42
1788592948.157518,34680,12,61 F5 A3 43 8A C5 5F 42 93 A3 F3 42
1788592948.168005,34680,12,05 B4 A0 43 F3 65 54 42 75 B2 A6 41
1788592948.180439,34680,12,C9 34 9D 43 AE 3A 29 42 63 5D B9 41
1788592948.190885,34680,12,1B 8C 99 43 78 49 25 42 76 BA B1 41
1788592948.202041,34680,12,6A CF 95 43 87 3B 11 42 C4 77 AE 41
1788592948.212599,34680,12,6E 13 92 43 61 77 E4 41 74 E6 C5 41
1788592948.223047,34680,12,62 6E 8E 43 AF 2A E0 41 C4 78 CE 41
1788592948.233470,34680,12,7B F4 8A 43 B8 0D AA 41 60 34 CF 41
1788592948.243946,34680,12,1A BA 87 43 5B 0C AB 41 C1 05 D3 41
1788592948.255131,34680,12,16 D2 84 43 9F 95 81 41 73 EE E9 41
1788592948.268551,34680,12,8E 4C 82 43 A0 31 AE 41 6D 65 D3 41
1788592948.279114,34680,12,84 38 80 43 2C 70 AD 41 B9 42 E3 41
1788592948.289655,34680,12,FA 42 7D 43 D8 BD B6 41 E9 8D F6 41
1788592948.300176,34680,12,B8 21 7B 43 5D 93 BC 41 AD B0 DD 41
1788592948.310748,34680,12,8F 19 7A 43 28 B4 F5 41 26 18 0B 42
1788592948.321272,34680,12,36 30 7A 43 02 71 18 42 28 EF 04 42
1788592948.331816,34680,12,27 65 7B 43 FF B8 35 42 62 7B 09 42
1788592948.342502,34680,12,B0 B1 7D 43 7F BE 3E 42 2A 46 0E 42
1788592948.353103,34680,12,44 84 80 43 C9 C6 5A 42 9D 3F 1D 42
1788592948.363607,34680,12,FF AA 82 43 9F 93 7C 42 6E 9B 0C 42
1788592948.375652,34680,12,1A 41 85 43 C4 9F 84 42 D4 6E 18 42
1788592948.386181,34680,12,31 37 88 43 A6 ED 8E 42 D4 01 17 42
1788592948.396669,34680,12,D8 7C 8B 43 2A 01 95 42 DD 62 22 42
1788592948.407172,34680,12,F4 FE 8E 43 1B F2 9B 42 EB ED 23 42
1788592948.417662,34680,12,F5 A8 92 43 3E 43 A3 42 7E 09 2B 42
1788592948.428115,34680,12,8C 66 96 43 60 8A A2 42 06 04 3F 42
1788592948.438567,34680,12,72 21 9A 43 EA 0D 97 42 7F 8F 35 42
1788592948.449118,34680,12,FA C4 9D 43 3C DE 96 42 6E 62 3A 42
1788592948.459898,34680,12,D4 3B A1 43 EC 21 95 42 B3 A1 40 42
1788592948.470510,34680,12,C1 71 A4 43 F3 AE 8E 42 F3 C3 4B 42
1788592948.481104,34680,12,F6 54 A7 43 3C B6 8A 42 86 8C 3F 42
1788592948.491678,34680,12,40 D4 A9 43 ED CA 6E 42 23 3F 50 42
1788592948.502273,34680,12,C8 E1 AB 43 28 C8 4E 42 06 33 49 42
1788592948.516410,34680,12,78 71 AD 43 C2 F2 44 42 5E 5B 4E 42
1788592948.527784,34680,12,41 7A AE 43 8C 3A 22 42 66 55 61 42
1788592948.538336,34680,12,67 F6 AE 43 EC DF 1D 42 20 C1 56 42
1788592948.548985,34680,12,07 E3 AE 43 84 64 07 42 5C C0 54 42
1788592948.559469,34680,12,8C 40 AE 43 41 B6 F4 41 83 39 5E 42
1788592948.570059,34680,12,97 12 AD 43 FC 48 BA 41 E6 B8 58 42
1788592948.580568,34680,12,24 60 AB 43 85 47 B8 41 08 34 60 42
1788592948.591088,34680,12,9D 32 A9 43 B0 FC 8C 41 3C 69 6E 42
1788592948.601591,34680,12,F8 96 A6 43 03 BF A7 41 5A 01 74 42
1788592948.612128,34680,12,AA 9B A3 43 EC E4 97 41 13 45 72 42
1788592948.622717,34680,12,1A 52 A0 43 5C ED BE 41 FD 3C 71 42
1788592948.633283,34680,12,8E CD 9C 43 D9 D4 DD 41 91 47 85 42
1788592948.643816,34680,12,88 21 99 43 6E FC F6 41 C4 FD 85 42
1788592948.654415,34680,12,E5 63 95 43 0E A8 0A 42 D0 57 83 42
1788592948.664907,34680,12,5F A9 91 43 1D 54 2F 42 6A 14 8C 42
1788592948.675459,34680,12,CD 07 8E 43 46 F3 49 42 F3 F7 81 42
1788592948.686075,34680,12,6A 94 8A 43 83 2E 53 42 1C 43 85 42
1788592948.697720,34680,12,55 62 87 43 91 B3 6A 42 99 B8 86 42
1788592948.708321,34680,12,96 84 84 43 CC FD 76 42 32 DC 89 42
1788592948.722902,34680,12,11 0B 82 43 B7 95 8D 42 46 CC 87 42
1788592948.733300,34680,12,52 04 80 43 5E D4 97 42 11 4E 89 42
1788592948.743842,34680,12,43 F8 7C 43 CD A5 91 42 75 3F 8E 42
1788592948.754479,34680,12,FD F5 7A 43 C9 96 9E 42 BB 1E 98 42
1788592948.765867,34680,12,C7 0D 7A 43 BE AF A3 42 90 AF 99 42
1788592948.776320,34680,12,A9 44 7A 43 C6 C4 A0 42 B6 EC 98 42
1788592948.787127,34680,12,8D 99 7B 43 B5 19 9E 42 63 AE 98 42
1788592948.797652,34680,12,7E 04 7E 43 E5 E1 96 42 C2 0C 9C 42
1788592948.808165,34680,12,0A BC 80 43 C8 76 8D 42 7B 42 A1 42
1788592948.818681,34680,12,E0 EF 82 43 9D 5D 85 42 CA B0 A2 42
1788592948.829245,34680,12,8D 91 85 43 9B B1 6D 42 9D 64 A4 42
1788592948.839895,34680,12,BA 91 88 43 B6 6B 6C 42 DD 40 A1 42
1788592948.850613,34680,12,C9 DE 8B 43 FD ED 54 42 EA DB A3 42
1788592948.861192,34680,12,6E 66 8F 43 52 8D 27 42 D4 71 A5 42
1788592948.871754,34680,12,A5 13 93 43 FD 8D 0F 42 7B 3C A9 42
1788592948.882230,34680,12,0C D2 96 43 86 23 06 42 EF E6 A6 42
1788592948.892729,34680,12,BB 8B 9A 43 DA C2 EF 41 33 87 B8 42
1788592948.903253,34680,12,E7 2A 9E 43 86 2C C7 41 A6 98 AF 42
1788592948.913903,34680,12,7C 9B A1 43 B6 E9 C0 41 E3 0D A9 42
1788592948.924374,34680,12,00 C9 A4 43 23 2E A6 41 15 D5 AD 42
1788592948.935016,34680,12,D4 A1 A7 43 2C FC A9 41 5C BF B7 42
1788592948.945627,34680,12,41 15 AA 43 56 C4 B3 41 B8 04 B6 42
1788592948.956113,34680,12,FF 14 AC 43 68 0B B6 41 50 FA B6 42
1788592948.966953,34680,12,FA 95 AD 43 74 A6 DC 41 E1 10 B5 42
1788592948.977437,34680,12,3D 8F AE 43 28 9A ED 41 EC CB B9 42
1788592948.987902,34680,12,63 FB AE 43 1A E2 07 42 5A B4 B6 42
1788592948.999837,34680,12,DD D7 AE 43 B1 CD 1C 42 57 F6 C2 42
1788592949.010302,34680,12,90 25 AE 43 6E 5F 2F 42 52 FE C5 42
1788592949.020880,34680,12,5A E8 AC 43 F6 A5 42 42 27 3E C8 42
1788592949.031420,34680,12,9B 27 AB 43 4A 3C 64 42 8A 10 CB 42
1788592949.041993,34680,12,0A ED A8 43 26 E5 72 42 EA 76 C9 42
1788592949.052604,34680,12,A1 45 A6 43 26 4D 84 42 47 A2 C2 42
1788592949.063235,34680,12,F8 40 A3 43 93 9A 8B 42 9C 8E D0 42
1788592949.073827,34680,12,CA EF 9F 43 B2 5C 9B 42 FC 59 D2 42
1788592949.084543,34680,12,D6 65 9C 43 A4 FA 9D 42 28 6B D4 42
1788592949.095040,34680,12,BC B6 98 43 78 9E A5 42 D3 8A D4 42
1788592949.105673,34680,12,07 F8 94 43 62 AD 9C 42 A3 82 D3 42
1788592949.116192,34680,12,A1 3F 91 43 2C C0 9C 42 61 59 D6 42
1788592949.127036,34680,12,2B A2 8D 43 A8 5F 9E 42 12 4C D9 42
1788592949.137666,34680,12,2C 35 8A 43 AE 64 97 42 78 55 DF 42
1788592949.148234,34680,12,9F 0B 87 43 25 6E 93 42 2B 61 DD 42
1788592949.158916,34680,12,14 38 84 43 8B 74 7E 42 BC 1C DE 42
1788592949.169777,34680,12,06 CB 81 43 A6 D8 6F 42 9B EE E4 42
1788592949.180181,34680,12,D0 A3 7F 43 53 07 51 42 33 9A EC 42
1788592949.190770,34680,12,F3 B0 7C 43 70 70 33 42 61 1B E9 42
1788592949.201153,34680,12,CD CD 7A 43 B8 9E 2D 42 90 EF EA 42
1788592949.211691,34680,12,96 05 7A 43 F0 77 0D 42 55 E0 EA 42
1788592949.222107,34680,12,B4 5C 7A 43 0A 58 FE 41 04 A7 ED 42
1788592949.232657,34680,12,44 D1 7B 43 F8 6B C1 41 AE 44 EA 42
1788592949.243141,34680,12,9E 5A 7E 43 FC 73 98 41 2D 0D A9 41
1788592949.253607,34680,12,58 F5 80 43 8B DE AE 41 D4 56 A2 41
1788592949.264045,34680,12,64 36 83 43 79 27 97 41 A3 0A BD 41
1788592949.274608,34680,12,30 E3 85 43 65 EE 9F 41 6A C3 C5 41
1788592949.285190,34680,12,E8 EC 88 43 FE 47 C8 41 32 59 C2 41
1788592949.295739,34680,12,76 41 8C 43 F6 A2 C5 41 24 40 C8 41
1788592949.306224,34680,12,63 CE 8F 43 0E BF DB 41 0F AA CF 41
1788592949.316670,34680,12,EF 7E 93 43 A5 42 05 42 32 CB E0 41
1788592949.327155,34680,12,7E 3D 97 43 0D B8 20 42 35 44 E7 41
1788592949.337650,34680,12,4E F5 9A 43 23 F4 29 42 53 2B F7 41
1788592949.348198,34680,12,3D 90 9E 43 E8 C0 40 42 3D B1 02 42
1788592949.358704,34680,12,4E FA A1 43 BD D4 5B 42 53 F5 FE 41
1788592949.369792,34680,12,7C 1F A5 43 C2 7C 67 42 15 7A 03 42
1788592949.384680,34680,12,6C ED A7 43 58 49 80 42 36 64 07 42
1788592949.395311,34680,12,91 54 AA 43 58 E7 8F 42 79 0D 07 42
1788592949.408229,34680,12,9D 46 AC 43 0C 47 94 42 59 EA 11 42
1788592949.418705,34680,12,C7 B8 AD 43 75 D1 9A 42 CE CD 13 42
1788592949.429200,34680,12,84 A2 AE 43 E9 51 9F 42 65 2F 20 42
1788592959.431930,34680,12,91 FE AE 43 20 8F A6 42 28 E8 13 42
1788592959.442317,34680,12,F1 CA AE 43 3B 8C A6 42 A2 34 1C 42
1788592959.452694,34680,12,D6 08 AE 43 FA 1F 99 42 0E 5C 0E 42
1788592959.463026,34680,12,76 BC AC 43 2A 25 9D 42 A2 67 23 42
1788592959.473369,34680,12,53 ED AA 43 E2 E4 90 42 91 34 36 42
1788592959.494243,34680,12,19 A6 A8 43 47 CD 8A 42 88 F6 1F 42
1788592959.504625,34680,12,68 F3 A5 43 FF BE 7C 42 65 3D 25 42
1788592959.514974,34680,12,50 E5 A2 43 66 E9 5E 42 BB 8B 32 42
1788592959.525397,34680,12,C2 8C 9F 43 72 A8 47 42 48 71 33 42
1788592959.536154,34680,12,47 FD 9B 43 41 62 32 42 33 98 31 42
1788592959.546487,34680,12,BE 4B 98 43 4C C5 0F 42 A8 5C 3E 42
1788592959.556847,34680,12,A0 8C 94 43 63 1A F9 41 29 C3 43 42
1788592959.567268,34680,12,3B D6 90 43 C4 3E F5 41 CB 77 47 42
1788592959.577584,34680,12,24 3D 8D 43 90 92 D4 41 9E 7E 4E 42
1788592959.587950,34680,12,70 D6 89 43 4E 04 A3 41 3D 81 54 42
1788592959.598459,34680,12,FE B5 86 43 7D E8 89 41 47 7D 58 42
1788592959.608876,34680,12,22 ED 83 43 5A AD A6 41 39 68 50 42
1788592959.619271,34680,12,70 8C 81 43 96 08 AC 41 22 8C 5A 42
1788592959.629685,34680,12,30 42 7F 43 82 BC B9 41 B8 E5 58 42
1788592959.640146,34680,12,D0 6C 7C 43 11 99 D1 41 E9 11 52 42
1788592959.650763,34680,12,2B A9 7A 43 84 5D EC 41 BC 2C 65 42
1788592959.661142,34680,12,0A 01 7A 43 F0 87 1B 42 F5 7A 71 42
1788592959.677678,34680,12,55 78 7A 43 C8 8D 0B 42 9C A4 65 42
1788592959.688474,34680,12,77 0C 7C 43 D3 17 38 42 7A B9 6E 42
1788592959.699312,34680,12,5F B4 7E 43 48 5F 40 42 50 17 7B 42
1788592959.728499,34680,12,2C 30 81 43 63 52 61 42 C9 7F 82 42
1788592959.739521,34680,12,03 7E 83 43 67 9D 71 42 58 49 84 42
1788592959.749933,34680,12,FD 35 86 43 94 65 8A 42 54 E6 78 42
1788592959.760322,34680,12,08 49 89 43 01 CC 8F 42 54 EF 85 42
1788592959.770694,34680,12,34 A5 8C 43 E6 51 92 42 7B 33 86 42
1788592959.781201,34680,12,CA 36 90 43 24 E1 9B 42 FC 3B 8B 42
1788592959.792119,34680,12,04 EA 93 43 57 34 9F 42 FA 07 7E 42
1788592959.802629,34680,12,D8 A8 97 43 5C E7 A2 42 23 A7 85 42
1788592959.813103,34680,12,86 5E 9B 43 10 50 9B 42 EF 0D 93 42
1788592959.823577,34680,12,52 F5 9E 43 AD 40 98 42 A7 30 91 42
1788592959.834158,34680,12,42 58 A2 43 8E DD 93 42 A5 E2 8B 42
1788592959.847140,34680,12,91 74 A5 43 4C 10 89 42 26 F4 91 42
1788592959.857604,34680,12,B8 37 A8 43 55 9D 78 42 09 FB 92 42
1788592959.868469,34680,12,69 92 AA 43 29 E7 66 42 35 D6 97 42
1788592959.879152,34680,12,CA 76 AC 43 59 8C 59 42 F8 54 95 42
1788592959.889859,34680,12,DD D9 AD 43 A8 6C 3F 42 BB 41 A2 42
1788592959.900300,34680,12,F0 B3 AE 43 22 E0 1F 42 55 C6 9E 42
1788592959.910970,34680,12,F0 FF AE 43 BF 79 11 42 FF E7 9C 42
1788592959.922007,34680,12,3A BC AE 43 BF 04 D4 41 09 D5 9E 42
1788592959.933796,34680,12,43 EA AD 43 71 09 BE 41 25 9D A5 42
1788592959.944478,34680,12,ED 8E AC 43 C0 0E B3 41 50 B3 A9 42
1788592959.977816,34680,12,BE B1 AA 43 4A DE 89 41 36 B4 A7 42
1788592959.994348,34680,12,CF 5D A8 43 3B 42 B5 41 F6 2D A8 42
1788592960.004982,34680,12,07 A0 A5 43 5F BE A1 41 BF EB A8 42
1788592960.015734,34680,12,63 88 A2 43 3F 21 BA 41 E9 53 B1 42
1788592960.026227,34680,12,09 29 9F 43 CD D0 BD 41 1D 4F B5 42
1788592960.036795,34680,12,A9 94 9B 43 34 DD CF 41 92 B6 AC 42
1788592960.047426,34680,12,95 E0 97 43 92 0E EC 41 A3 63 B8 42
1788592960.057889,34680,12,54 21 94 43 BB 21 0F 42 AE 24 B5 42
1788592960.068422,34680,12,D3 6C 90 43 A2 E7 37 42 C0 12 BB 42
1788592960.079749,34680,12,BF D8 8C 43 9B 4F 46 42 4E 75 B4 42
1788592960.090282,34680,12,EE 78 89 43 2A 87 57 42 DF 95 C2 42
1788592960.100763,34680,12,77 61 86 43 EB 1A 7D 42 63 ED BB 42
1788592960.111273,34680,12,7E A3 83 43 EA 8E 81 42 FA EB C3 42
1788592960.121753,34680,12,1D 4F 81 43 80 91 89 42 E2 D8 C7 42
1788592960.132311,34680,12,CD E3 7E 43 3F A4 95 42 34 41 C7 42
1788592960.142802,34680,12,5E 2C 7C 43 42 D8 9D 42 61 A4 C9 42
1788592960.153342,34680,12,1A 88 7A 43 25 EE 9D 42 7F 3D CB 42
1788592960.163875,34680,12,1B 00 7A 43 8D B9 A1 42 C9 E2 CD 42
1788592960.174371,34680,12,A9 97 7A 43 27 07 9C 42 ED 46 CF 42
1788592960.189953,34680,12,21 4B 7C 43 C8 BA 9A 42 BD 10 CF 42
1788592960.200585,34680,12,14 11 7F 43 8F 80 94 42 A1 98 C8 42
1788592960.212911,34680,12,80 6C 81 43 74 15 8D 42 42 CA D4 42
1788592960.224130,34680,12,F8 C6 83 43 D4 9D 83 42 62 B8 DB 42
1788592960.234659,34680,12,3D 8A 86 43 87 E3 7D 42 50 E8 DA 42
1788592960.251428,34680,12,14 A6 89 43 E8 DD 68 42 5A 36 D4 42
1788592960.261946,34680,12,42 09 8D 43 F8 B0 50 42 32 9D D9 42
1788592960.272424,34680,12,9C 9F 90 43 E4 A0 34 42 D2 95 D5 42
1788592960.282994,34680,12,3F 55 94 43 DB 70 1F 42 3B 59 E4 42
1788592960.293484,34680,12,78 14 98 43 D0 6B 00 42 1A 7A DE 42
1788592960.304140,34680,12,59 C7 9B 43 E1 52 EB 41 5E D3 E2 42
1788592960.314871,34680,12,63 59 9F 43 1D D2 BE 41 54 5C E2 42
1788592960.325408,34680,12,52 B5 A2 43 F2 B3 BC 41 A0 B7 EB 42
1788592960.335811,34680,12,87 C8 A5 43 14 22 AA 41 AE 80 E9 42
1788592960.346330,34680,12,F7 80 A8 43 81 E0 AB 41 6F 7D EC 42
1788592960.356857,34680,12,C5 CE AA 43 CF 23 A8 41 AB 72 EA 42
1788592960.367262,34680,12,2B A5 AC 43 DE D2 B6 41 1B 4C ED 42
1788592960.377784,34680,12,3A F9 AD 43 85 AE BD 41 67 5E 9E 41
1788592960.388541,34680,12,92 C3 AE 43 FE 9A EB 41 08 FA 96 41
1788592960.398870,34680,12,80 FF AE 43 8E 5F 20 42 FF AB B9 41
1788592960.409267,34680,12,BA AB AE 43 5C 22 26 42 7F B9 B6 41
1788592960.419686,34680,12,10 CA AD 43 FF 6B 3A 42 80 E1 BB 41
1788592960.430194,34680,12,C2 5F AC 43 C8 FD 5A 42 D2 77 A2 41
1788592960.440578,34680,12,AA 74 AA 43 77 95 68 42 7E 86 D9 41
1788592960.455293,34680,12,EC 13 A8 43 C9 E7 82 42 59 DE C7 41
1788592960.470058,34680,12,86 4B A5 43 AF 50 8A 42 71 71 E6 41
1788592960.480874,34680,12,E5 2A A2 43 5A 3E 90 42 C7 A9 F5 41
1788592960.491332,34680,12,A7 C4 9E 43 1F 77 9A 42 F5 D5 F9 41
1788592960.505367,34680,12,A4 2B 9B 43 36 4E 97 42 A7 DC F1 41
1788592960.515822,34680,12,E6 74 97 43 81 C7 A2 42 6B 22 F1 41
1788592960.529329,34680,12,2A B6 93 43 C4 C0 A1 42 2C 4F FB 41
1788592960.559815,34680,12,34 04 90 43 62 B9 9D 42 87 C9 07 42
1788592960.576035,34680,12,03 75 8C 43 9B 9E 93 42 76 80 17 42
1788592960.586701,34680,12,54 1C 89 43 5F A3 8D 42 5B 2F 05 42
1788592960.597233,34680,12,C5 0D 86 43 7A E7 82 42 6B 61 15 42
1788592960.608516,34680,12,2D 5B 83 43 E1 5F 73 42 E9 25 12 42
1788592960.618978,34680,12,82 13 81 43 34 4B 5D 42 31 62 23 42
1788592960.629417,34680,12,AC 88 7E 43 49 09 4C 42 89 4F 1A 42
1788592960.641129,34680,12,61 EF 7B 43 BA 40 3C 42 D4 6B 2E 42
1788592960.651767,34680,12,83 6A 7A 43 27 28 28 42 B7 62 35 42
1788592960.662205,34680,12,CA 02 7A 43 2C CF 11 42 5A 5D 17 42
1788592960.672726,34680,12,74 BA 7A 43 85 7C EE 41 C4 A8 39 42
1788592960.683365,34680,12,3E 8D 7C 43 41 E5 CC 41 D4 D1 21 42
1788592960.694044,34680,12,0A 71 7F 43 8A 5A BA 41 B5 D8 3A 42
1788592960.704468,34680,12,8C AA 81 43 24 C1 AB 41 38 22 2F 42
1788592960.714953,34680,12,3E 11 84 43 64 0E A2 41 30 BC 3C 42
1788592960.726598,34680,12,4D DF 86 43 DB 6F AD 41 41 0E 44 42
1788592960.736969,34680,12,04 04 8A 43 47 95 AB 41 5C 0C 41 42
1788592960.748076,34680,12,F7 6D 8D 43 F2 77 B9 41 60 29 50 42
1788592960.758670,34680,12,33 09 91 43 95 7F E8 41 0D B3 55 42
1788592960.769038,34680,12,99 C0 94 43 73 4A 0C 42 66 DA 50 42
1788592960.779370,34680,12,8D 7F 98 43 4A E3 26 42 AD 12 5B 42
1788592960.789900,34680,12,C2 2F 9C 43 01 67 3A 42 7A 92 64 42
1788592960.800460,34680,12,C7 BC 9F 43 C1 9B 56 42 23 B9 52 42
1788592960.810887,34680,12,CB 11 A3 43 5F 8B 6D 42 9A 9F 61 42
1788592960.821236,34680,12,59 1B A6 43 00 D1 7A 42 53 7B 63 42
1788592960.831735,34680,12,9B C8 A8 43 60 62 87 42 D3 3C 66 42
1788592960.842411,34680,12,9F 09 AB 43 BA 84 91 42 49 5E 7E 42
1788592960.852766,34680,12,E9 D1 AC 43 E6 9E 9B 42 CF B6 7C 42
1788592960.863218,34680,12,F6 16 AE 43 B6 16 9A 42 4F B5 80 42
1788592960.876651,34680,12,6B D1 AE 43 96 9E A1 42 EF 3A 76 42
1788592960.887270,34680,12,41 FD AE 43 3D 96 A1 42 B0 AA 81 42
1788592960.897657,34680,12,71 99 AE 43 0B 1F 99 42 B3 97 85 42
1788592960.908052,34680,12,25 A8 AD 43 34 97 A5 42 59 E6 82 42
1788592960.918409,34680,12,CC 2E AC 43 41 FF 96 42 C1 60 82 42
1788592960.932638,34680,12,1B 36 AA 43 A6 0B 8D 42 CF 89 7F 42
1788592960.943146,34680,12,FE C8 A7 43 3B 58 7F 42 FE 11 83 42
1788592960.953825,34680,12,EA F5 A4 43 3C 1C 6B 42 73 31 8B 42
1788592960.964291,34680,12,84 CC A1 43 E0 E0 5B 42 C0 C1 93 42
1788592960.976593,34680,12,44 5F 9E 43 7F E4 3D 42 6E D6 8B 42
1788592960.986919,34680,12,40 C2 9A 43 81 B2 2B 42 1A FE 95 42
1788592960.997329,34680,12,7F 09 97 43 D1 3F 18 42 77 0B 96 42
1788592961.007683,34680,12,2B 4B 93 43 1F 7A EF 41 93 DE 98 42
1788592961.018218,34680,12,03 9C 8F 43 7D 11 C9 41 99 30 95 42
1788592961.028612,34680,12,9C 11 8C 43 55 2E BB 41 4F 4E 97 42
1788592961.038978,34680,12,A8 C0 88 43 E8 0A C7 41 C9 5A 9D 42
1788592961.049417,34680,12,87 BB 85 43 F9 3A 99 41 B1 2D A3 42
1788592961.059752,34680,12,36 14 83 43 8A F3 AA 41 16 DE 98 42
1788592961.070125,34680,12,6A D9 80 43 AE DE 9D 41 80 82 A4 42
1788592961.080563,34680,12,84 30 7E 43 64 53 AF 41 AB 11 A5 42
1788592961.091623,34680,12,DD B5 7B 43 8E C0 C4 41 B4 F1 A0 42
1788592961.102067,34680,12,9E 50 7A 43 D5 52 F9 41 BD D9 A9 42
1788592961.112562,34680,12,15 09 7A 43 02 73 15 42 91 03 A9 42
1788592961.123068,34680,12,CF E0 7A 43 C5 51 26 42 05 67 A9 42
1788592961.133498,34680,12,0A D3 7C 43 0B 1E 37 42 AD 8F AE 42
1788592961.143913,34680,12,37 D4 7F 43 D5 3B 55 42 DC 8E B1 42
1788592961.154552,34680,12,D7 E9 81 43 0C 8B 68 42 E0 5B A9 42
1788592961.165297,34680,12,D1 5C 84 43 16 8E 7B 42 5A E1 B0 42
1788592961.181045,34680,12,75 35 87 43 AB 2F 91 42 18 06 BB 42
1788592961.191407,34680,12,2A 63 8A 43 D2 D2 96 42 6C 25 B2 42
1788592961.202113,34680,12,4A D3 8D 43 BE 00 9B 42 05 83 B9 42
1788592961.212472,34680,12,C5 72 91 43 DF 9B A1 42 7A A1 C2 42
1788592961.222850,34680,12,0A 2C 95 43 2D DD A3 42 F8 F3 B7 42
1788592961.233832,34680,12,74 EA 98 43 FF 5E 9D 42 C8 54 B8 42
1788592961.244334,34680,12,19 98 9C 43 72 87 96 42 24 1B C1 42
1788592961.255194,34680,12,77 1F A0 43 C9 44 94 42 71 3E CA 42
1788592961.265630,34680,12,FD 6C A3 43 41 6A 8D 42 22 94 C8 42
1788592961.276146,34680,12,01 6D A6 43 B4 59 81 42 F8 47 C7 42
1788592961.286804,34680,12,E3 0E A9 43 BF 75 71 42 5B 79 CC 42
1788592961.297238,34680,12,29 43 AB 43 E2 52 6C 42 8A 8E CB 42
1788592961.307751,34680,12,01 FD AC 43 5F 44 5B 42 8E 1A CE 42
1788592961.319025,34680,12,D8 32 AE 43 C9 00 32 42 68 AB D0 42
1788592961.329578,34680,12,79 DD AE 43 AD 00 23 42 E0 25 D5 42
1788592961.340616,34680,12,33 F9 AE 43 4E B0 03 42 58 58 D5 42
1788592961.351482,34680,12,4E 85 AE 43 D7 A6 E2 41 63 B4 D9 42
1788592961.361968,34680,12,85 84 AD 43 3C E3 A1 41 53 B3 DE 42
1788592961.372499,34680,12,68 FC AB 43 94 63 B0 41 CE 32 E8 42
1788592961.382913,34680,12,16 F6 A9 43 B5 41 A2 41 74 D3 DC 42
1788592961.393361,34680,12,C8 7C A7 43 E0 8E 97 41 96 DD DB 42
1788592961.403857,34680,12,E7 9E A4 43 5F 45 BB 41 53 3B DD 42
1788592961.414238,34680,12,4A 6D A1 43 32 F1 B0 41 42 B4 E6 42
1788592961.424849,34680,12,A4 F9 9D 43 25 AE C4 41 43 27 DF 42
1788592961.435268,34680,12,83 58 9A 43 35 FC F1 41 ED C4 EC 42
1788592961.445626,34680,12,05 9E 96 43 7E 46 03 42 89 B7 E5 42
1788592961.456079,34680,12,FB DF 92 43 63 8F 22 42 A0 78 E5 42
1788592961.466437,34680,12,49 34 8F 43 A3 E1 2F 42 01 12 ED 42
1788592961.476880,34680,12,4A AF 8B 43 A4 5F 46 42 03 CE EA 42
1788592961.487277,34680,12,F1 65 88 43 53 33 56 42 8C 71 B5 41
1788592961.497622,34680,12,77 6A 85 43 08 58 76 42 6A F0 AF 41
1788592961.508519,34680,12,5D CE 82 43 2D 6B 87 42 FD 39 CC 41
1788592961.518898,34680,12,DA A0 80 43 51 06 89 42 9E 0C AA 41
1788592961.529256,34680,12,FF DB 7D 43 87 A0 96 42 9E 4F D0 41
1788592961.539629,34680,12,D7 7F 7B 43 06 8D A1 42 B0 E2 BF 41
1788592961.550025,34680,12,50 3A 7A 43 4F A9 9F 42 F1 5E DF 41
1788592961.560362,34680,12,08 13 7A 43 CB 72 A5 42 61 E3 D2 41
1788592961.570722,34680,12,B7 0A 7B 43 FA CE 9F 42 65 32 C5 41
1788592961.581086,34680,12,00 1C 7D 43 FE 7F 9B 42 08 D5 CC 41
1788592961.591441,34680,12,4B 1D 80 43 98 2F 94 42 B8 C4 F8 41
1788592961.601845,34680,12,96 2A 82 43 F7 1F 87 42 23 A3 ED 41
1788592961.612288,34680,12,F1 A9 84 43 32 B5 82 42 F4 C5 05 42
1788592961.622718,34680,12,AF 8C 87 43 DE E1 62 42 B3 EE 06 42
1788592961.633153,34680,12,CF C2 8A 43 DA 81 4D 42 73 05 14 42
1788592961.643574,34680,12,34 39 8E 43 62 1F 41 42 00 03 03 42
1788592961.654348,34680,12,AB DC 91 43 7D 21 19 42 97 56 0E 42
1788592961.672360,34680,12,EE 97 95 43 2C 6C 0B 42 95 5A 12 42
1788592961.688951,34680,12,25 55 99 43 7F 67 D7 41 A5 32 27 42
1788592961.699654,34680,12,95 FF 9C 43 C0 68 C1 41 58 BC 0B 42
1788592961.710502,34680,12,6B 81 A0 43 8F D5 AF 41 52 90 1E 42
1788592961.721947,34680,12,36 C7 A3 43 CD 19 A2 41 0C AB 27 42
1788592961.734589,34680,12,C4 BD A6 43 BF C6 9F 41 C3 11 25 42
1788592961.765479,34680,12,CA 53 A9 43 23 6C AF 41 5D 07 37 42
1788592961.778149,34680,12,F4 7A AB 43 B6 E0 A7 41 61 F2 33 42
1788592961.789380,34680,12,6F 26 AD 43 46 90 CB 41 AC BA 27 42
1788592961.799853,34680,12,FA 4C AE 43 AD 03 DB 41 83 F3 30 42
1788592961.810248,34680,12,C3 E7 AE 43 C3 9D 00 42 5B 8A 32 42
1788592961.821042,34680,12,57 F3 AE 43 5C A6 14 42 22 9E 41 42
1788592961.831378,34680,12,76 6F AE 43 23 B1 25 42 61 B6 4B 42
1788592961.848090,34680,12,31 5F AD 43 82 55 3D 42 E9 03 4E 42
1788592961.858571,34680,12,6D C8 AB 43 D5 5D 68 42 7C 8F 4D 42
1788592961.869537,34680,12,62 B4 A9 43 4A 5F 6B 42 7D 90 59 42
1788592961.880219,34680,12,4E 2F A7 43 69 61 73 42 5B 2E 51 42
1788592961.890722,34680,12,27 47 A4 43 89 C4 89 42 7E F7 55 42
1788592961.901241,34680,12,3C 0D A1 43 77 2D 90 42 A3 26 57 42
1788592961.911767,34680,12,71 93 9D 43 02 42 98 42 18 D8 63 42
1788592961.922365,34680,12,14 EE 99 43 26 D0 A3 42 6C 76 59 42
1788592961.932689,34680,12,80 32 96 43 34 D5 9E 42 8F 10 65 42
1788592961.943160,34680,12,68 75 92 43 AA 48 9E 42 6C EF 74 42
1788592961.954570,34680,12,0D CD 8E 43 07 35 9E 42 69 12 73 42
1788592961.965034,34680,12,B6 4D 8B 43 23 EE 96 42 BD 63 6C 42
1788592961.975391,34680,12,E3 0B 88 43 9E 02 89 42 E0 B4 78 42
1788592961.985881,34680,12,99 1A 85 43 36 F7 81 42 08 BD 84 42
1788592961.996232,34680,12,28 8A 82 43 50 0F 75 42 D5 2B 88 42
1788592962.006930,34680,12,D5 69 80 43 54 33 6D 42 F1 87 83 42
1788592962.017442,34680,12,D0 8A 7D 43 2B CD 4D 42 B3 95 87 42
1788592962.027862,34680,12,25 4D 7B 43 0C BC 2F 42 AC D7 81 42
1788592962.038677,34680,12,9B 27 7A 43 CB 5D 14 42 37 62 89 42
1788592962.049051,34680,12,8E 20 7A 43 5C D3 F5 41 88 31 89 42
1788592962.059495,34680,12,28 38 7B 43 97 73 D6 41 70 84 8C 42
1788592962.069809,34680,12,5B 68 7D 43 74 68 BE 41 F2 94 8F 42
1788592962.080239,34680,12,41 52 80 43 F6 F4 BD 41 AD B0 99 42
1788592962.090696,34680,12,C4 6C 82 43 D7 E4 B1 41 C0 87 97 42
1788592962.101085,34680,12,0C F8 84 43 3B D1 81 41 9D 67 93 42
1788592962.111570,34680,12,F4 E4 87 43 58 81 B5 41 ED 3A 95 42
1788592962.121935,34680,12,45 23 8B 43 7F 7D BB 41 46 78 9A 42
1788592962.132407,34680,12,0E A0 8E 43 9A 27 D9 41 52 09 95 42
1788592962.142755,34680,12,DD 46 92 43 32 9C 01 42 5C 67 99 42
1788592962.154860,34680,12,76 03 96 43 A7 8C 0F 42 12 74 9E 42
1788592962.165243,34680,12,98 BF 99 43 B8 B7 23 42 7F 8C 9C 42
1788592962.175858,34680,12,90 66 9D 43 4E AC 37 42 C1 2F AA 42
1788592962.186431,34680,12,F8 E2 A0 43 8D B8 47 42 36 12 A1 42
1788592962.196796,34680,12,71 20 A4 43 E0 89 78 42 B2 D1 A0 42
1788592962.207202,34680,12,05 0D A7 43 F0 48 7E 42 5E 04 A0 42
1788592962.217582,34680,12,4C 97 A9 43 28 7B 87 42 13 E4 AB 42
1788592962.227944,34680,12,31 B1 AB 43 4C FC 97 42 A4 17 A9 42
1788592962.238369,34680,12,55 4E AD 43 F7 58 9D 42 A6 A3 AA 42
1788592962.248731,34680,12,5A 65 AE 43 1A A7 96 42 E3 A1 AA 42
1788592962.265542,34680,12,36 F0 AE 43 FC 6E A4 42 BD B2 B4 42
1788592962.275921,34680,12,AE EB AE 43 4A 91 A0 42 F7 EE B3 42
1788592962.286525,34680,12,DB 57 AE 43 88 B5 97 42 A6 32 B4 42
1788592962.297104,34680,12,08 38 AD 43 BC D9 98 42 61 30 BA 42
1788592962.307449,34680,12,DF 92 AB 43 2E 58 92 42 58 9E BD 42
1788592962.317773,34680,12,7E 71 A9 43 6F 9C 8C 42 56 65 BE 42
1788592962.328357,34680,12,95 E0 A6 43 39 B5 78 42 7B 9C BF 42
1788592962.338733,34680,12,5E EE A3 43 0F 3C 5E 42 29 A9 BE 42
1788592962.349121,34680,12,08 AC A0 43 2D 88 4D 42 13 B1 BF 42
1788592962.359477,34680,12,B1 2C 9D 43 28 60 36 42 1C 6D C4 42
1788592962.369780,34680,12,BE 83 99 43 82 97 25 42 68 30 C9 42
1788592962.380115,34680,12,F7 C6 95 43 16 B0 06 42 37 16 C7 42
1788592962.390456,34680,12,16 0B 92 43 F4 38 05 42 90 17 C8 42
1788592962.400805,34680,12,F6 65 8E 43 54 9C EE 41 6A DE C9 42
1788592962.411188,34680,12,E8 EC 8A 43 83 37 AE 41 C8 DD CA 42
1788592962.421655,34680,12,2B B3 87 43 8C A2 B3 41 D3 49 CF 42
1788592962.432348,34680,12,F4 CB 84 43 90 71 8B 41 0B 36 D3 42
1788592962.443824,34680,12,5C 47 82 43 21 70 BD 41 5B 1F D4 42
1788592962.455006,34680,12,2E 34 80 43 12 3F AF 41 8B 50 CE 42
1788592962.465413,34680,12,FC 3C 7D 43 ED 49 C7 41 98 B2 D6 42
1788592962.476012,34680,12,28 1E 7B 43 11 CD D1 41 6F 0B DB 42
1788592962.486485,34680,12,81 18 7A 43 81 8E 06 42 D8 6C DF 42
1788592962.496953,34680,12,B0 31 7A 43 0A 3F 25 42 62 99 E4 42
1788592962.507283,34680,12,4F 69 7B 43 5D AF 20 42 A0 2F E4 42
1788592962.517687,34680,12,13 B8 7D 43 A4 BD 47 42 66 BE E4 42
1788592962.528205,34680,12,98 88 80 43 9E DA 60 42 03 E2 E6 42
1788592962.538569,34680,12,5B B0 82 43 B2 4E 68 42 56 DF E8 42
1788592962.548919,34680,12,61 47 85 43 7F 99 8B 42 63 CF EB 42
1788592962.559294,34680,12,92 3E 88 43 DC 60 8C 42 A8 17 E4 42
1788592962.569651,34680,12,83 84 8B 43 99 B2 8A 42 5D B2 EE 42
1788592962.580138,34680,12,11 07 8F 43 CA 46 9E 42 B4 8D E5 42
1788592962.590461,34680,12,55 B1 92 43 FF 2C A6 42 06 85 A6 41
1788592962.601114,34680,12,FE 6E 96 43 BE F8 A2 42 7A 8B A8 41
1788592962.613722,34680,12,29 2A 9A 43 70 29 A5 42 82 17 9D 41
1788592962.624279,34680,12,02 CD 9D 43 29 F8 9B 42 D2 A3 BE 41
1788592962.635234,34680,12,60 43 A1 43 AE 7F 92 42 94 5A AC 41
1788592962.645702,34680,12,A6 78 A4 43 7A 33 92 42 A7 E6 AF 41
1788592962.656268,34680,12,0B 5B A7 43 0E 97 75 42 9F E9 BA 41
1788592962.666672,34680,12,A1 D9 A9 43 13 E1 6E 42 97 27 D4 41
1788592962.677133,34680,12,DD E5 AB 43 05 5A 5E 42 79 86 CC 41
1788592962.687505,34680,12,66 74 AD 43 02 DC 32 42 48 5D E4 41
1788592962.697920,34680,12,F8 7B AE 43 26 4C 23 42 E7 CB F3 41
1788592962.708479,34680,12,DC F6 AE 43 98 1C 06 42 9B 37 EC 41
1788592962.719723,34680,12,2E E2 AE 43 1C 7D 01 42 4D 48 FF 41
1788592962.730074,34680,12,7D 3E AE 43 52 26 E7 41 27 7A 11 42
1788592962.740425,34680,12,55 0F AD 43 72 48 C1 41 13 DF 08 42
1788592962.750931,34680,12,C2 5B AB 43 DF 3B C6 41 30 0B 10 42
1788592962.761712,34680,12,32 2D A9 43 F9 1C 93 41 69 B8 0A 42
1788592962.772133,34680,12,5A 90 A6 43 A5 4E 9B 41 16 E1 0E 42
1788592962.782671,34680,12,93 94 A3 43 E6 3B AD 41 B4 93 10 42
1788592962.793150,34680,12,67 4A A0 43 68 D2 A5 41 98 C2 14 42
1788592962.803534,34680,12,6D C5 9C 43 C5 D1 CA 41 B0 12 16 42
1788592962.813982,34680,12,26 19 99 43 FA D1 F3 41 1B 81 28 42
1788592962.824608,34680,12,0F 5B 95 43 C3 69 21 42 88 2F 2B 42
1788592962.847171,34680,12,0E A1 91 43 DD C8 26 42 C1 02 33 42
1788592962.860780,34680,12,CC FF 8D 43 EE 96 38 42 7C 16 2C 42
1788592962.879714,34680,12,E6 8C 8A 43 CC 76 62 42 17 A3 34 42
1788592962.894174,34680,12,7B 5B 87 43 BC 64 73 42 CA F5 39 42
1788592962.907509,34680,12,46 7E 84 43 C4 F6 83 42 EA E1 3C 42
1788592962.922178,34680,12,FC 05 82 43 E2 07 87 42 AC AF 4C 42
1788592962.932790,34680,12,4D 00 80 43 D0 9E 8F 42 87 F7 47 42
1788592962.946522,34680,12,8A F2 7C 43 BF 0F 99 42 1A 4C 43 42
1788592962.961495,34680,12,B4 F2 7A 43 43 7B A4 42 74 C5 42 42
1788592962.973785,34680,12,F8 0C 7A 43 42 70 A1 42 61 0A 59 42
1788592962.984342,34680,12,6B 46 7A 43 45 55 9D 42 4D 85 5A 42
1788592962.994784,34680,12,CE 9D 7B 43 C6 77 9D 42 1B C0 51 42
1788592963.005242,34680,12,23 0B 7E 43 1B 33 9B 42 DC 10 6F 42
1788592963.015734,34680,12,7C C0 80 43 C7 F9 8E 42 3A 3A 72 42
1788592963.026215,34680,12,99 F5 82 43 14 79 87 42 7F 1F 5E 42
1788592963.037276,34680,12,EC 97 85 43 E8 73 7E 42 84 9F 6A 42
1788592963.047786,34680,12,DB 98 88 43 E3 A7 65 42 AE 14 6F 42
1788592963.058339,34680,12,83 E6 8B 43 A2 DD 4A 42 F6 66 71 42
1788592963.068963,34680,12,95 6E 8F 43 FC CB 32 42 A1 9A 68 42
1788592963.079506,34680,12,6D 1C 93 43 1A 9F 1B 42 F2 51 7D 42
1788592963.090039,34680,12,7E DA 96 43 18 E5 FA 41 47 34 78 42
1788592963.100851,34680,12,0A 94 9A 43 05 F1 03 42 FF BC 7E 42
1788592963.111419,34680,12,E3 32 9E 43 A9 07 D1 41 85 E7 84 42
1788592963.121911,34680,12,F7 A2 A1 43 A1 1E A7 41 9A DB 7A 42
1788592963.132504,34680,12,20 D0 A4 43 58 D6 9E 41 23 8B 87 42
1788592963.143627,34680,12,D0 A7 A7 43 8E F5 94 41 63 91 85 42
1788592963.154567,34680,12,48 1A AA 43 38 44 91 41 B5 A8 8E 42
1788592963.165122,34680,12,F4 18 AC 43 7C C1 A7 41 7A 78 8B 42
1788592963.175518,34680,12,C5 98 AD 43 59 F0 E7 41 8C 75 95 42
1788592963.185893,34680,12,E2 90 AE 43 B2 56 D6 41 FD EA 98 42
1788592963.196508,34680,12,B4 FB AE 43 20 5F 0A 42 44 A6 88 42
1788592963.207139,34680,12,EA D6 AE 43 A2 D7 24 42 3A 5A 95 42
1788592963.217975,34680,12,5F 23 AE 43 4A A3 30 42 B2 8C 8C 42
1788592963.228600,34680,12,F7 E4 AC 43 4A 5B 4B 42 C8 75 9B 42
1788592963.238934,34680,12,E4 22 AB 43 80 DC 6F 42 9E 25 9F 42
1788592963.249245,34680,12,84 E7 A8 43 48 AF 77 42 7C 88 9B 42
1788592963.259705,34680,12,36 3F A6 43 F3 31 98 42 11 DC 9A 42
1788592963.270440,34680,12,CD 39 A3 43 AB D3 8E 42 76 4B A4 42
1788592963.281217,34680,12,08 E8 9F 43 3B DB 99 42 AC E7 9A 42
1788592963.291698,34680,12,4B 5D 9C 43 85 BB A2 42 C9 80 9C 42
1788592963.302166,34680,12,56 AE 98 43 78 C7 9C 42 C9 96 A2 42
1788592963.312639,34680,12,96 EF 94 43 32 1D A7 42 FE 22 A5 42
1788592963.323087,34680,12,56 37 91 43 EE 74 A0 42 DC 61 AF 42
1788592963.333632,34680,12,36 9A 8D 43 71 EF 95 42 BA BD A5 42
1788592963.344142,34680,12,61 2D 8A 43 84 82 98 42 07 05 AE 42
1788592963.355724,34680,12,DB 04 87 43 B6 48 91 42 C4 E0 B1 42
1788592963.366301,34680,12,24 32 84 43 D3 E5 80 42 A4 58 AF 42
1788592963.376773,34680,12,0E C6 81 43 95 C8 67 42 BC 29 B6 42
1788592963.387297,34680,12,06 9C 7F 43 01 A2 4B 42 7D 8D AE 42
1788592963.397734,34680,12,3D AB 7C 43 D2 D0 3A 42 68 77 B6 42
1788592963.408117,34680,12,CB CA 7A 43 14 6D 20 42 A8 2F B9 42
1788592963.419155,34680,12,18 05 7A 43 16 ED 1B 42 E7 61 BB 42
1788592963.429828,34680,12,BE 5E 7A 43 22 61 03 42 DB 33 BC 42
1788592963.440398,34680,12,CB D5 7B 43 60 0D D8 41 81 EF BF 42
1788592963.450842,34680,12,D8 61 7E 43 3A AD B4 41 5E 47 C4 42
1788592963.461172,34680,12,E9 F9 80 43 66 F3 A4 41 E0 3A BF 42
1788592963.471638,34680,12,F8 3B 83 43 84 18 B4 41 39 7A C5 42
1788592963.482019,34680,12,A7 E9 85 43 6A A0 A5 41 C7 AA C4 42
1788592963.493615,34680,12,1C F4 88 43 8D 21 9F 41 86 44 CA 42
1788592963.504054,34680,12,9A 49 8C 43 2A 33 B6 41 0B 44 C8 42
1788592963.514478,34680,12,93 D6 8F 43 34 5B FB 41 0F BE C9 42
1788592963.525326,34680,12,57 87 93 43 76 37 F5 41 E8 C7 CA 42
1788592963.535985,34680,12,EE 45 97 43 08 CB 07 42 B9 11 D4 42
1788592963.546543,34680,12,96 FD 9A 43 D5 C6 27 42 32 7A D2 42
1788592963.557074,34680,12,8A 98 9E 43 F0 98 40 42 36 4E D2 42
1788592963.568499,34680,12,B8 01 A2 43 FD 72 54 42 45 92 D5 42
1788592963.579101,34680,12,36 26 A5 43 5F D4 73 42 4D 99 D8 42
1788592963.589458,34680,12,4E F3 A7 43 A8 81 87 42 B5 97 DB 42
1788592963.599897,34680,12,7A 59 AA 43 F2 7C 96 42 04 34 DC 42
1788592963.610348,34680,12,9E 4A AC 43 8C CB 92 42 38 E1 DC 42
1788592963.620754,34680,12,70 BB AD 43 0E 77 98 42 48 43 E4 42
1788592963.631113,34680,12,F2 A3 AE 43 9E 8F 9B 42 93 6D E6 42
1788592963.641504,34680,12,BD FE AE 43 D5 FA A2 42 14 F7 E5 42
1788592963.656454,34680,12,DA C9 AE 43 AA A4 9E 42 79 C9 E9 42
1788592963.669823,34680,12,66 06 AE 43 CA C1 9D 42 82 45 EA 42
1788592963.680319,34680,12,F1 B8 AC 43 76 70 98 42 04 FB EC 42
1788592963.690802,34680,12,B3 E8 AA 43 80 26 8C 42 74 76 E7 42
1788592963.701312,34680,12,78 A0 A8 43 32 60 89 42 32 DC A6 41
1788592963.711856,34680,12,E6 EC A5 43 0D F7 79 42 1E 26 BB 41
1788592963.722270,34680,12,BD DD A2 43 9D E1 59 42 8C D9 9B 41
1788592963.732831,34680,12,F2 84 9F 43 CD 24 43 42 19 9A BD 41
1788592963.743333,34680,12,13 F5 9B 43 ED 00 36 42 EA AF ED 41
1788592963.754191,34680,12,54 43 98 43 57 83 26 42 39 76 BA 41
1788592963.764728,34680,12,31 84 94 43 F3 F4 E9 41 A5 0E C0 41
1788592963.775304,34680,12,95 CD 90 43 15 4A DB 41 DF 7D C2 41
1788592963.786023,34680,12,3B 35 8D 43 14 DD C9 41 EE 7E DC 41
1788592963.796376,34680,12,0F CF 89 43 AE 53 9C 41 D4 61 E4 41
1788592963.806744,34680,12,4F AF 86 43 43 2A B8 41 F3 28 F1 41
1788592963.817417,34680,12,4C E7 83 43 76 83 A3 41 D2 09 06 42
1788592963.827816,34680,12,5C 87 81 43 42 30 98 41 2A 26 FA 41
1788592963.839562,34680,12,A8 3A 7F 43 1C DA C9 41 2A D1 02 42
1788592963.850058,34680,12,A0 67 7C 43 60 23 01 42 C0 76 04 42
1788592963.860527,34680,12,71 A6 7A 43 47 1D EF 41 80 40 09 42
1788592963.871083,34680,12,D6 00 7A 43 06 67 13 42 0B C3 15 42
1788592963.881603,34680,12,C3 7A 7A 43 EB C4 23 42 F6 CB 06 42
1788592963.892014,34680,12,44 11 7C 43 8A 75 41 42 8C A4 10 42
1788592963.902629,34680,12,89 BB 7E 43 BD A4 4A 42 F2 BE 1A 42
1788592963.913061,34680,12,DB 34 81 43 14 D7 6C 42 A5 0B 1B 42
1788592963.923405,34680,12,B2 83 83 43 70 43 76 42 87 35 2B 42
1788592963.933755,34680,12,D8 3C 86 43 35 FA 8A 42 A9 AB 1F 42
1788592963.944101,34680,12,4F 50 89 43 1D 68 88 42 D6 16 27 42
1788592963.964728,34680,12,0A AD 8C 43 28 CF 8E 42 EC 29 2F 42
1788592963.975254,34680,12,02 3F 90 43 04 6A 9E 42 4B 6A 31 42
1788592963.985812,34680,12,6F F2 93 43 C8 F1 9F 42 2A AF 3D 42
1788592963.996650,34680,12,AA B1 97 43 43 29 9C 42 3A D8 33 42
1788592964.007232,34680,12,C6 66 9B 43 96 A1 9B 42 69 EB 43 42
1788592964.017720,34680,12,34 FD 9E 43 A9 8D 98 42 40 2C 37 42
1788592964.043946,34680,12,9A 5F A2 43 79 67 8F 42 6C 1E 3E 42
1788592964.058253,34680,12,34 7B A5 43 DB 83 82 42 2A FC 35 42
1788592964.087640,34680,12,C5 3D A8 43 2D F3 81 42 EE 14 4C 42
1788592964.099657,34680,12,35 97 AA 43 CA 7C 78 42 CF 9B 43 42
1788592964.110120,34680,12,7E 7A AC 43 40 73 4D 42 92 D1 51 42
1788592964.121253,34680,12,64 DC AD 43 57 16 34 42 78 6A 53 42
1788592964.131804,34680,12,3A B5 AE 43 05 76 20 42 21 82 60 42
1788592964.142333,34680,12,F9 FF AE 43 D7 EF 06 42 AD D9 60 42
1788592964.153048,34680,12,FF BA AE 43 93 18 E9 41 C3 2D 62 42
1788592964.164896,34680,12,CB E7 AD 43 DE D8 EB 41 2A EF 69 42
1788592964.175533,34680,12,47 8B AC 43 FB C0 B7 41 4E D3 71 42
1788592964.188687,34680,12,FF AC AA 43 5E CB B3 41 81 F6 7A 42
1788592964.199218,34680,12,CF 57 A8 43 B4 AC A9 41 7D 0C 7A 42
1788592964.210111,34680,12,6E 99 A5 43 0B CA 96 41 0B FC 73 42
1788592964.220683,34680,12,13 81 A2 43 84 57 C8 41 1E 1A 75 42
1788592964.231250,34680,12,2C 21 9F 43 F9 3D D6 41 51 32 83 42
1788592964.241714,34680,12,6D 8C 9B 43 4E C8 E4 41 A6 0D 89 42
1788592964.252561,34680,12,C5 D7 97 43 16 0E 03 42 40 95 83 42
1788592964.265701,34680,12,E7 18 94 43 83 66 20 42 12 FD 8A 42
1788592964.276887,34680,12,97 64 90 43 B3 E0 3A 42 FB B4 89 42
1788592964.287539,34680,12,E3 D0 8C 43 F1 7B 46 42 CF 19 8F 42
1788592964.298072,34680,12,9F 71 89 43 55 E0 6C 42 18 F0 8B 42
1788592964.308649,34680,12,91 5A 86 43 B7 46 65 42 FB 7F 91 42
1788592964.319204,34680,12,C3 9D 83 43 F1 80 87 42 0E 0F 96 42
1788592964.332544,34680,12,60 4A 81 43 62 1D 8C 42 AB 96 97 42
1788592964.343071,34680,12,86 DC 7E 43 EB 72 92 42 44 91 95 42
1788592964.353504,34680,12,73 27 7C 43 E6 54 9A 42 6C E6 9D 42
1788592964.363906,34680,12,8B 85 7A 43 18 CB 9F 42 E2 28 9A 42
1788592964.374345,34680,12,30 00 7A 43 D4 E5 A2 42 AE FA 9D 42
1788592964.384724,34680,12,44 9A 7A 43 3D B1 9E 42 24 8B 9E 42
1788592964.395057,34680,12,33 50 7C 43 E4 B4 95 42 95 D6 9B 42
1788592964.405462,34680,12,80 18 7F 43 C2 91 9B 42 08 5A A7 42
1788592964.415861,34680,12,87 71 81 43 C9 6C 8F 42 78 93 A4 42
1788592964.426222,34680,12,C2 CC 83 43 A9 7C 89 42 87 BC A8 42
1788592964.437422,34680,12,E1 90 86 43 54 C6 6E 42 44 C2 A5 42
1788592964.447733,34680,12,6D AD 89 43 B8 58 54 42 04 1E B2 42
1788592964.458158,34680,12,26 11 8D 43 57 0F 3F 42 60 4B AC 42
1788592964.468516,34680,12,3E A8 90 43 B0 13 2B 42 CC F9 B1 42
1788592964.478846,34680,12,AD 5D 94 43 56 53 0D 42 37 CB B2 42
1788592964.489342,34680,12,E3 1C 98 43 67 E2 DE 41 73 AB B3 42
1788592964.499705,34680,12,91 CF 9B 43 C9 22 EA 41 DD E2 AE 42
1788592964.510051,34680,12,38 61 9F 43 4C A4 D0 41 8A 23 B9 42
1788592964.520436,34680,12,ED BC A2 43 22 AE B9 41 11 E1 B6 42
1788592964.530875,34680,12,13 CF A5 43 A0 5C 95 41 49 5A B4 42
1788592964.541379,34680,12,A4 86 A8 43 D6 C2 B0 41 DD 6B C0 42
1788592964.551783,34680,12,72 D3 AA 43 32 C9 A4 41 D1 59 BB 42
1788592964.562216,34680,12,BE A8 AC 43 84 47 A5 41 78 95 C3 42
1788592964.573066,34680,12,BA FB AD 43 D6 9A C8 41 DE 6A C1 42
1788592964.583428,34680,12,BA C4 AE 43 7B A1 FA 41 02 D7 C8 42
1788592964.593880,34680,12,64 FF AE 43 22 52 FF 41 30 FF C1 42
1788592964.604307,34680,12,5A AA AE 43 0C 56 20 42 93 DF CD 42
1788592964.614673,34680,12,76 C7 AD 43 DC 0A 3D 42 02 1F CC 42
1788592964.626511,34680,12,D0 5B AC 43 91 0A 52 42 40 18 CD 42
1788592964.636902,34680,12,CD 6F AA 43 3A 11 73 42 BE 96 C5 42
1788592964.647485,34680,12,15 0E A8 43 B5 B7 89 42 51 FF C8 42
1788592964.657935,34680,12,D6 44 A5 43 4F AB 88 42 5E 01 D7 42
1788592964.668517,34680,12,83 23 A2 43 C7 FC 91 42 58 24 D6 42
1788592964.679120,34680,12,5F BC 9E 43 E3 47 9B 42 A8 21 D4 42
1788592964.689625,34680,12,60 23 9B 43 29 D0 9A 42 F3 35 DF 42
1788592964.700081,34680,12,77 6C 97 43 6A 45 A0 42 FA 11 DD 42
1788592964.710563,34680,12,C1 AD 93 43 87 88 9B 42 A3 1E DE 42
1788592964.720924,34680,12,00 FC 8F 43 25 4A 9D 42 35 A9 DA 42
1788592964.731419,34680,12,D9 6C 8C 43 FF 5A 97 42 2D 72 DE 42
1788592964.743259,34680,12,17 15 89 43 80 FA 91 42 16 F2 E1 42
1788592964.753775,34680,12,44 07 86 43 89 FE 83 42 27 D9 DC 42
1788592964.764121,34680,12,8E 55 83 43 DB 6F 7A 42 90 FB E2 42
1788592964.774488,34680,12,E4 0E 81 43 3C 1E 59 42 0A 3F DE 42
1788592964.785195,34680,12,54 81 7E 43 8B 0E 4B 42 D9 6E F0 42
1788592964.795587,34680,12,BC EA 7B 43 D6 3A 3D 42 B7 C3 EC 42
1788592964.805956,34680,12,59 68 7A 43 35 6B 25 42 D1 5F E7 42
1788592964.817881,34680,12,27 03 7A 43 92 5C 18 42 94 16 8F 41
1788592964.828516,34680,12,57 BD 7A 43 67 79 BE 41 D4 CE B0 41
1788592964.839266,34680,12,D4 92 7C 43 3E 95 D5 41 7C 20 B3 41
1788592964.854559,34680,12,B6 78 7F 43 B0 34 AB 41 DA 3B 98 41
1788592964.865444,34680,12,77 AF 81 43 01 BB AB 41 EC 97 C4 41
1788592964.876391,34680,12,22 17 84 43 D1 B7 A7 41 7E 91 C3 41
1788592964.886889,34680,12,08 E6 86 43 3A E7 7B 41 F1 E5 DA 41
1788592964.897369,34680,12,C6 0B 8A 43 FD 2B C1 41 88 57 C4 41
1788592964.907795,34680,12,E7 75 8D 43 2C 8E E1 41 9A 69 EA 41
1788592964.918313,34680,12,7B 11 91 43 5B 6D 03 42 E3 38 01 42
1788592964.928886,34680,12,09 C9 94 43 D6 15 19 42 BF E3 FC 41
1788592964.939203,34680,12,F5 87 98 43 73 93 18 42 07 41 06 42
1788592964.949572,34680,12,52 38 9C 43 94 4D 20 42 B4 10 02 42
1788592964.961093,34680,12,8E C4 9F 43 5C E7 42 42 80 9E FD 41
1788592964.971982,34680,12,FE 18 A3 43 FB 69 5A 42 62 A0 00 42
1788592964.982533,34680,12,CE 21 A6 43 57 79 72 42 9E F8 F0 41
1788592964.993506,34680,12,2D CE A8 43 69 D5 88 42 B8 7E FA 41
1788592965.003896,34680,12,64 0E AB 43 7D 01 98 42 03 B1 13 42
1788592965.014611,34680,12,5B D5 AC 43 39 FE 94 42 42 13 1F 42
1788592965.025131,34680,12,36 19 AE 43 25 31 A0 42 24 76 15 42
1788592965.080759,34680,12,6E D2 AE 43 CA C1 9E 42 3A 20 18 42
1788592965.097750,34680,12,00 FD AE 43 1E BC 9D 42 57 D9 16 42
1788592965.108362,34680,12,DC 97 AE 43 54 2E 9B 42 30 75 30 42
1788592965.118953,34680,12,68 A5 AD 43 15 D9 9A 42 BE 4B 37 42
1788592965.129404,34680,12,E6 2A AC 43 1B 3B 97 42 F9 50 35 42
1788592965.139937,34680,12,E6 30 AA 43 0D BE 8A 42 D8 10 2C 42
1788592965.150444,34680,12,0D C3 A7 43 B6 B9 78 42 E3 9B 36 42
1788592965.160875,34680,12,D4 EE A4 43 7F 1D 65 42 B0 47 33 42
1788592965.171286,34680,12,11 C5 A1 43 BD 5A 51 42 5B 0A 37 42
1788592965.182590,34680,12,4E 57 9E 43 EB 30 40 42 F8 03 54 42
1788592965.192940,34680,12,92 B9 9A 43 B8 D7 2C 42 A9 90 48 42
1788592965.203678,34680,12,0E 01 97 43 AA 80 0A 42 61 0C 47 42
1788592965.214029,34680,12,62 42 93 43 FB 08 F4 41 33 72 4F 42
1788592965.225398,34680,12,D9 93 8F 43 E6 30 D7 41 05 F9 5B 42
1788592965.235932,34680,12,DC 09 8C 43 D8 3B C0 41 9C 17 56 42
1788592965.246796,34680,12,2A B9 88 43 0A AE 9A 41 57 70 5B 42
1788592965.263623,34680,12,1E B5 85 43 C7 C8 99 41 2C D6 62 42
1788592965.275842,34680,12,70 0E 83 43 8C C5 A7 41 12 26 63 42
1788592965.286982,34680,12,EA D4 80 43 0A 35 8B 41 8C 9E 6C 42
1788592965.297596,34680,12,C2 29 7E 43 6E A1 D7 41 B2 E4 70 42
1788592965.308480,34680,12,4B B1 7B 43 51 44 E4 41 F8 C0 6F 42
1788592965.319100,34680,12,BC 4E 7A 43 11 54 E1 41 54 FF 72 42
1788592965.329875,34680,12,C2 09 7A 43 BD 03 02 42 96 D9 76 42
1788592965.340314,34680,12,F9 E3 7A 43 A7 F0 29 42 25 F7 7F 42
1788592965.351503,34680,12,A6 D8 7C 43 9A D6 3B 42 52 F8 77 42
1788592965.362076,34680,12,82 DC 7F 43 74 08 59 42 CC 36 86 42
1788592965.372530,34680,12,E0 EE 81 43 85 68 7C 42 1C 0A 81 42
1788592965.383038,34680,12,16 63 84 43 F2 60 8A 42 45 CF 83 42
1788592965.393726,34680,12,46 3C 87 43 D5 0A 89 42 60 BE 86 42
1788592965.404116,34680,12,A6 6A 8A 43 E3 BB 98 42 D8 FA 8A 42
1788592965.417111,34680,12,A4 DB 8D 43 42 99 97 42 96 31 88 42
1788592965.427641,34680,12,14 7B 91 43 21 23 A2 42 AB 31 8E 42
1788592965.439019,34680,12,DF 34 95 43 1D B0 A4 42 BA C6 8C 42
1788592965.450128,34680,12,D8 F2 98 43 5A 98 9F 42 98 D6 91 42
1788592965.460485,34680,12,3F A0 9C 43 F8 20 9B 42 FB 9C 92 42
1788592965.470859,34680,12,8B 27 A0 43 C9 76 9C 42 03 1C 99 42
1788592965.481365,34680,12,1C 74 A3 43 2A 85 8C 42 ED 7C 92 42
1788592965.491743,34680,12,AA 73 A6 43 7C 33 85 42 FD 41 9E 42
1788592965.502103,34680,12,59 14 A9 43 D7 35 70 42 85 7B 9A 42
1788592965.512444,34680,12,9A 47 AB 43 D1 00 5F 42 74 44 A0 42
1788592965.522815,34680,12,78 00 AD 43 C9 96 52 42 7F F2 95 42
1788592965.533235,34680,12,F5 34 AE 43 9F A3 2C 42 B4 EF A2 42
1788592965.543618,34680,12,62 DE AE 43 9D 8E 17 42 C6 B7 A2 42
1788592965.553972,34680,12,CE F8 AE 43 78 42 09 42 0B D5 A6 42
1788592965.564303,34680,12,A7 83 AE 43 C1 6B EC 41 3B 3D A6 42
1788592965.574629,34680,12,84 81 AD 43 CF 83 BB 41 43 29 A7 42
1788592965.585243,34680,12,61 F8 AB 43 1C 4F A9 41 36 D2 AC 42
1788592965.595598,34680,12,C2 F0 A9 43 3E 20 B3 41 00 92 AE 42
1788592965.605903,34680,12,BD 76 A7 43 0B 6D 8C 41 03 82 B2 42
1788592965.616434,34680,12,0C 98 A4 43 51 40 A8 41 43 AC B5 42
1788592965.626796,34680,12,6D 65 A1 43 47 9B CD 41 C2 69 B7 42
1788592965.637165,34680,12,A2 F1 9D 43 59 E4 DA 41 03 1D B5 42
1788592965.647655,34680,12,CF 4F 9A 43 22 35 EF 41 F1 9A BC 42
1788592965.658084,34680,12,93 95 96 43 58 C4 07 42 3D 1E B6 42
1788592965.668509,34680,12,99 D7 92 43 8E 56 25 42 D8 CC C2 42
1788592965.678917,34680,12,C8 2B 8F 43 92 8C 33 42 12 FD BC 42
1788592965.689937,34680,12,98 A7 8B 43 80 C0 56 42 ED ED C0 42
1788592965.700419,34680,12,87 5E 88 43 6E 02 6A 42 BB F7 C5 42
1788592965.711847,34680,12,25 64 85 43 62 A7 7A 42 7C 4F BA 42
1788592965.724443,34680,12,F4 C8 82 43 BA 94 88 42 C5 75 C1 42
1788592965.734873,34680,12,45 9C 80 43 15 69 8F 42 60 45 C9 42
1788592965.747653,34680,12,80 D5 7D 43 D6 F5 96 42 CC F1 C7 42
1788592965.760152,34680,12,8E 7B 7B 43 E9 DB 9D 42 83 5C CB 42
1788592965.770613,34680,12,B6 38 7A 43 A1 0D 9E 42 C6 9D CD 42
1788592965.780988,34680,12,F6 13 7A 43 27 AE A3 42 B7 3F CC 42
1788592965.791710,34680,12,51 0E 7B 43 CC 57 9B 42 2A 2A D8 42
1788592965.802036,34680,12,E1 21 7D 43 E1 A8 9A 42 46 64 CE 42
1788592965.812419,34680,12,92 21 80 43 2B 6A 92 42 E9 6D D1 42
1788592965.822777,34680,12,BC 2F 82 43 9B A7 8D 42 06 2B DE 42
1788592965.833146,34680,12,09 B0 84 43 B4 8E 85 42 93 69 D9 42
1788592965.843864,34680,12,E6 93 87 43 3C 7F 54 42 67 3A DB 42
1788592965.854305,34680,12,5C CA 8A 43 E4 D8 56 42 EA 70 E1 42
1788592965.864705,34680,12,9B 41 8E 43 08 A2 4D 42 C5 D0 D8 42
1788592965.875030,34680,12,00 E5 91 43 1A F6 2C 42 31 A4 E2 42
1788592965.885389,34680,12,61 A0 95 43 9C 89 14 42 77 4A DC 42
1788592965.895780,34680,12,E7 5D 99 43 33 E5 D5 41 D9 D9 E5 42
1788592965.906496,34680,12,B1 07 9D 43 7F D1 C7 41 10 5D E6 42
1788592965.916943,34680,12,70 89 A0 43 C5 BB AB 41 ED 4A EA 42
1788592965.927304,34680,12,42 CE A3 43 02 C6 A3 41 AD 78 ED 42
1788592965.937742,34680,12,09 C4 A6 43 43 C2 AA 41 B8 F5 F0 42
1788592965.948298,34680,12,64 59 A9 43 AB 6C 9D 41 C3 B5 A2 41
1788592965.958684,34680,12,45 7F AB 43 10 E3 B6 41 47 97 9B 41
1788592965.969063,34680,12,C4 29 AD 43 89 1E C7 41 C8 38 BA 41
1788592965.979476,34680,12,F4 4E AE 43 C5 7D DF 41 D5 0C C1 41
1788592965.989978,34680,12,7E E8 AE 43 F9 12 07 42 CC D1 A3 41
1788592966.000279,34680,12,C8 F2 AE 43 CF 93 10 42 DB 52 DF 41
1788592966.010633,34680,12,AC 6D AE 43 B8 EA 1D 42 EB 9E CD 41
1788592966.021187,34680,12,0C 5C AD 43 D0 FA 3E 42 25 C4 D0 41
1788592966.034868,34680,12,46 C4 AB 43 79 8E 5D 42 AA 53 EF 41
1788592966.045359,34680,12,2E AF A9 43 0C 2E 64 42 DE 19 04 42
1788592966.055801,34680,12,E1 28 A7 43 67 18 82 42 78 B0 E0 41
1788592966.066389,34680,12,36 40 A4 43 06 77 8B 42 3B 4A EE 41
1788592966.076845,34680,12,4E 05 A1 43 6C 26 97 42 78 88 0C 42
1788592966.087224,34680,12,63 8B 9D 43 CF 21 99 42 9A 3A 0B 42
1788592966.097713,34680,12,BB E5 99 43 5D 11 A0 42 95 67 0E 42
1788592966.108194,34680,12,A9 29 96 43 B9 C7 A3 42 0A 9E 13 42
1788592966.118547,34680,12,0B 6D 92 43 6E FB A2 42 92 B8 0A 42
1788592966.128963,34680,12,96 C4 8E 43 2F 26 98 42 16 FF 0D 42
1788592966.139310,34680,12,14 46 8B 43 95 97 90 42 4A ED 08 42
1788592966.149670,34680,12,E1 04 88 43 8A 8F 8D 42 5A B0 1C 42
1788592966.160259,34680,12,16 14 85 43 E1 1A 85 42 7B AA 1A 42
1788592966.170692,34680,12,DC 84 82 43 46 FA 65 42 0A 55 1A 42
1788592966.181087,34680,12,61 65 80 43 00 61 57 42 31 04 2A 42
1788592966.191563,34680,12,94 84 7D 43 50 86 45 42 97 11 30 42
1788592966.201903,34680,12,53 49 7B 43 4D 7C 1E 42 E1 8C 1F 42
1788592966.212586,34680,12,3A 26 7A 43 DF 97 1E 42 49 19 3A 42
1788592966.222931,34680,12,C6 21 7A 43 73 3E 0E 42 A2 92 37 42
1788592966.233310,34680,12,0C 3C 7B 43 39 52 EF 41 5D 2D 2A 42
1788592966.243808,34680,12,7F 6E 7D 43 A2 79 C5 41 CB 33 3A 42
1788592966.254275,34680,12,77 56 80 43 DE D5 9F 41 A2 5C 43 42
1788592966.264659,34680,12,44 72 82 43 4E 93 AA 41 AA 45 4C 42
1788592966.276232,34680,12,3C FE 84 43 35 BD B0 41 16 14 5F 42
1788592966.287895,34680,12,41 EC 87 43 DD 30 AD 41 3F 56 4A 42
1788592966.298461,34680,12,E1 2A 8B 43 C2 4F A1 41 48 37 5F 42
1788592966.308983,34680,12,21 A8 8E 43 0C 17 CE 41 4E 16 58 42
1788592966.319420,34680,12,9B 4F 92 43 D8 AA DF 41 3B 95 64 42
1788592966.329991,34680,12,E9 0B 96 43 61 25 1E 42 C3 9E 5C 42
1788592966.340434,34680,12,55 C8 99 43 54 E0 16 42 93 C4 63 42
1788592966.351620,34680,12,A1 6E 9D 43 8A B3 3F 42 CF 85 69 42
1788592966.362629,34680,12,92 EA A0 43 A5 D7 3C 42 1E 1D 61 42
1788592966.373677,34680,12,BB 27 A4 43 33 B2 6B 42 E1 69 70 42
1788592966.390448,34680,12,32 13 A7 43 80 DE 80 42 9B F8 6F 42
1788592966.400814,34680,12,C9 9C A9 43 F5 5B 88 42 22 AA 7B 42
1788592966.411154,34680,12,63 B5 AB 43 3E 00 94 42 A9 29 87 42
1788592966.425159,34680,12,62 51 AD 43 92 E5 98 42 A2 CB 80 42
1788592966.456736,34680,12,47 67 AE 43 CC AF 99 42 B7 28 80 42
1788592966.474854,34680,12,CD F0 AE 43 EF 95 9A 42 22 59 79 42
1788592966.485440,34680,12,F8 EA AE 43 0F 16 9E 42 60 03 83 42
1788592966.525867,34680,12,ED 55 AE 43 7D 45 9B 42 F9 B7 86 42
1788592966.538417,34680,12,E5 34 AD 43 FF 34 A1 42 C1 87 8E 42
1788592966.549340,34680,12,66 8E AB 43 42 AF 90 42 54 F8 88 42
1788592966.560573,34680,12,2E 6C A9 43 80 C7 87 42 EB DF 95 42
1788592966.571155,34680,12,0F DA A6 43 E2 17 7B 42 6D 3D 8A 42
1788592966.581707,34680,12,59 E7 A3 43 32 2C 76 42 44 2E 8E 42
1788592966.592416,34680,12,63 A4 A0 43 52 CD 48 42 C9 92 97 42
1788592966.603268,34680,12,39 24 9D 43 B0 3A 40 42 D1 FC 97 42
1788592966.614195,34680,12,60 7B 99 43 3A 52 1B 42 E3 23 99 42
1788592966.624825,34680,12,21 BE 95 43 64 7C F3 41 CD C6 93 42
1788592966.635744,34680,12,BF 02 92 43 FA B6 E1 41 53 30 97 42
1788592966.646674,34680,12,EA 5D 8E 43 62 9B C9 41 04 21 97 42
1788592966.657506,34680,12,FC E4 8A 43 06 06 D5 41 78 18 A5 42
1788592966.668384,34680,12,3E AC 87 43 8E F3 76 41 00 68 A0 42
1788592966.679064,34680,12,8C C5 84 43 2E 85 85 41 07 4F AF 42
1788592966.689994,34680,12,2C 42 82 43 86 FD 9A 41 0A 17 A7 42
1788592966.700589,34680,12,0C 30 80 43 BE 46 AB 41 70 42 A1 42
1788592966.711255,34680,12,BD 36 7D 43 DC 51 C6 41 E5 AE AA 42
1788592966.721998,34680,12,9E 1A 7B 43 F1 E7 E3 41 A2 3E AD 42
1788592966.732769,34680,12,6C 17 7A 43 B2 43 08 42 EB 01 AD 42
1788592966.743648,34680,12,30 33 7A 43 47 4A 2A 42 A4 E4 AC 42
1788592966.754386,34680,12,4E 6D 7B 43 42 FB 2F 42 48 04 B0 42
1788592966.764979,34680,12,C6 BE 7D 43 74 D8 46 42 B0 FA AB 42
1788592966.775666,34680,12,EE 8C 80 43 F6 70 6F 42 7C FE B4 42
1788592966.786328,34680,12,FA B5 82 43 37 10 7B 42 9B 37 BA 42
1788592966.797011,34680,12,AA 4D 85 43 18 31 89 42 B5 8D B6 42
1788592966.807746,34680,12,A0 45 88 43 24 8A 8F 42 BE 83 BC 42
1788592966.818356,34680,12,8A 8C 8B 43 24 22 97 42 38 83 BE 42
1788592966.829044,34680,12,2E 0F 8F 43 EB AE 9A 42 2D 2B BF 42
1788592966.839695,34680,12,18 BA 92 43 45 FB 9E 42 08 76 C9 42
1788592966.850575,34680,12,71 77 96 43 E0 48 A2 42 A9 E3 C0 42
1788592966.861307,34680,12,7D 32 9A 43 E5 E1 9C 42 A9 DE C3 42
1788592966.872098,34680,12,67 D5 9D 43 2B 15 9F 42 C4 15 C4 42
1788592966.882622,34680,12,EA 4A A1 43 25 21 96 42 BD E0 C4 42
1788592966.893211,34680,12,DA 7F A4 43 CE 1D 91 42 B0 26 C9 42
1788592966.903813,34680,12,1F 61 A7 43 24 02 84 42 DE 3F D1 42
1788592966.914422,34680,12,C2 DE A9 43 74 AA 6D 42 4B 30 CE 42
1788592966.925084,34680,12,1F EA AB 43 D0 90 62 42 29 52 D0 42
1788592966.935746,34680,12,52 77 AD 43 6D 17 4E 42 CF B5 CD 42
1788592966.946441,34680,12,BF 7D AE 43 FF A3 1F 42 8B 8A D5 42
1788592966.957136,34680,12,4E F7 AE 43 44 23 0F 42 0F 39 DD 42
1788592966.967976,34680,12,5C E1 AE 43 97 9D DF 41 CC F3 D4 42
1788592966.979033,34680,12,53 3C AE 43 8B D6 F5 41 3E 33 D9 42
1788592966.990060,34680,12,10 0C AD 43 CA 0E E2 41 85 CD E0 42
1788592967.001059,34680,12,28 57 AB 43 65 9E C1 41 98 F8 D8 42
1788592967.011733,34680,12,C6 27 A9 43 91 14 B3 41 3B A6 DF 42
1788592967.022384,34680,12,05 8A A6 43 C5 14 A1 41 8C A2 DF 42
1788592967.032930,34680,12,27 8D A3 43 98 71 B2 41 92 95 E0 42
1788592967.043697,34680,12,B4 42 A0 43 07 1F C3 41 EA 09 E6 42
1788592967.054404,34680,12,EA BC 9C 43 C6 AB E5 41 6F 46 ED 42
1788592967.065034,34680,12,C4 10 99 43 8F 4B 01 42 08 C3 E9 42
1788592967.075725,34680,12,9D 52 95 43 FF 14 05 42 A2 26 F0 42
1788592967.086516,34680,12,5A 98 91 43 0C A3 22 42 48 C2 AA 41
1788592967.097224,34680,12,CB F7 8D 43 AB E7 42 42 53 97 96 41
1788592967.108122,34680,12,0C 85 8A 43 E4 C7 55 42 04 18 B5 41
1788592967.118802,34680,12,A3 54 87 43 94 8E 6F 42 D6 35 8F 41
1788592967.129545,34680,12,3F 78 84 43 98 AB 78 42 33 98 CB 41
1788592967.140202,34680,12,AC 00 82 43 51 E5 85 42 C9 5D C8 41
1788592967.150819,34680,12,96 F8 7F 43 B6 AB 91 42 ED C1 C6 41
1788592967.161713,34680,12,92 EC 7C 43 47 0A A1 42 18 B7 AE 41
1788592967.172270,34680,12,70 EF 7A 43 C8 3F A4 42 F2 BD CC 41
1788592967.183256,34680,12,38 0C 7A 43 D5 F5 9F 42 B6 83 C0 41
1788592967.193878,34680,12,48 48 7A 43 29 4B A4 42 C3 60 F6 41
1788592967.204810,34680,12,13 A2 7B 43 16 66 9B 42 7B F8 FD 41
1788592967.215422,34680,12,1D 12 7E 43 3C 0E 91 42 73 8F EF 41
1788592967.226058,34680,12,F1 C4 80 43 3E 46 93 42 DF 57 04 42
1788592967.236631,34680,12,14 FB 82 43 C9 2C 83 42 9D B0 06 42
1788592967.247208,34680,12,99 9E 85 43 86 7C 78 42 EF 5F 16 42
1788592967.258101,34680,12,FD 9F 88 43 F8 5B 70 42 1F 68 16 42
1788592967.268849,34680,12,9A EE 8B 43 50 FA 58 42 D4 3F 14 42
1788592967.279777,34680,12,BC 76 8F 43 3F AC 34 42 18 81 19 42
1788592967.290927,34680,12,D1 24 93 43 50 8D 21 42 30 CD 21 42
1788592967.301705,34680,12,53 E3 96 43 50 D6 0D 42 1F E7 15 42
1788592967.312368,34680,12,58 9C 9A 43 59 49 D6 41 65 4D 32 42
1788592967.323044,34680,12,3C 3B 9E 43 78 2F D3 41 BD DF 29 42
1788592967.333860,34680,12,71 AA A1 43 13 D9 AC 41 0B 98 2A 42
1788592967.344501,34680,12,ED D6 A4 43 1A 1A 9F 41 8F B2 36 42
1788592967.355498,34680,12,11 AE A7 43 59 0C AC 41 7E 39 1F 42
1788592967.366172,34680,12,4C 1F AA 43 3A 04 AA 41 22 1D 45 42
1788592967.376828,34680,12,14 1D AC 43 02 F5 A1 41 10 34 2E 42
1788592967.387499,34680,12,8E 9B AD 43 CE 1C D9 41 75 32 49 42
1788592967.398119,34680,12,72 92 AE 43 D2 0B F9 41 26 E6 39 42
1788592967.408920,34680,12,05 FC AE 43 7B 3A 06 42 9F 01 54 42
1788592967.419737,34680,12,F4 D5 AE 43 0F D5 1C 42 12 F7 52 42
1788592967.435852,34680,12,10 21 AE 43 84 DA 31 42 46 64 56 42
1788592967.446616,34680,12,91 E1 AC 43 D9 4D 58 42 0B 69 4E 42
1788592967.457558,34680,12,60 1E AB 43 D6 F1 67 42 BF CD 56 42
1788592967.468326,34680,12,BA E1 A8 43 3F 82 7C 42 81 8B 66 42
1788592967.479188,34680,12,C9 38 A6 43 EB 7E 87 42 85 B6 57 42
1788592967.490073,34680,12,4C 32 A3 43 AF 43 94 42 1F FB 63 42
1788592967.500935,34680,12,46 E0 9F 43 6C C2 94 42 2F 50 5D 42
1788592967.511709,34680,12,1F 55 9C 43 44 BA 99 42 E6 26 6E 42
1788592967.522538,34680,12,8C A5 98 43 3F 27 98 42 D1 1D 5E 42
1788592967.533654,34680,12,25 E7 94 43 01 3F 9C 42 A5 3B 6D 42
1788592967.544361,34680,12,AA 2E 91 43 BC 62 9E 42 A9 D2 77 42
1788592967.555015,34680,12,41 92 8D 43 C2 A6 9A 42 53 FB 78 42
1788592967.565935,34680,12,F0 25 8A 43 BD 94 8F 42 21 03 86 42
1788592967.576773,34680,12,C8 FD 86 43 F5 1A 8D 42 2E 31 7F 42
1788592967.587590,34680,12,37 2C 84 43 53 6E 7D 42 96 06 88 42
1788592967.599560,34680,12,DD C0 81 43 45 9B 68 42 FF 0F 89 42
1788592967.610188,34680,12,42 94 7F 43 CD 24 51 42 20 07 8D 42
1788592967.620878,34680,12,CE A5 7C 43 B2 01 3B 42 35 F2 85 42
1788592967.631707,34680,12,AC C7 7A 43 93 8A 1F 42 46 AB 87 42
1788592967.642545,34680,12,A1 04 7A 43 5C 79 18 42 14 52 92 42
1788592967.653406,34680,12,E7 60 7A 43 23 B8 F5 41 DD 00 92 42
1788592967.664406,34680,12,57 DA 7B 43 51 6F D2 41 F3 93 99 42
1788592967.675182,34680,12,C5 68 7E 43 B0 CB B4 41 02 03 8F 42
1788592967.685925,34680,12,B3 FE 80 43 A5 3C B0 41 2E 2E 9A 42
1788592967.696590,34680,12,8E 41 83 43 D1 4F 8B 41 05 49 97 42
1788592967.707250,34680,12,6C F0 85 43 D3 6B AC 41 A5 6F 9D 42
1788592967.717914,34680,12,52 FB 88 43 AD 34 99 41 99 65 9B 42
1788592967.728610,34680,12,64 51 8C 43 33 BC BC 41 F1 DB 9D 42
1788592967.739746,34680,12,24 DF 8F 43 E1 42 F4 41 EA 7B A1 42
1788592967.750426,34680,12,BF 8F 93 43 34 CD 05 42 5A E5 9F 42
1788592967.761223,34680,12,C2 4E 97 43 CD 7A 17 42 3D A2 A5 42
1788592967.771855,34680,12,DD 05 9B 43 43 15 16 42 3B 56 A8 42
1788592967.782432,34680,12,79 A0 9E 43 25 79 32 42 8F CC A7 42
1788592967.793097,34680,12,78 09 A2 43 BB A6 68 42 18 6E AA 42
1788592967.803738,34680,12,ED 2C A5 43 E5 B2 74 42 13 65 A8 42
1788592967.814324,34680,12,74 F9 A7 43 8E 9F 7F 42 0B DE AA 42
1788592967.825038,34680,12,62 5E AA 43 59 D3 8A 42 CE 19 B4 42
1788592967.835641,34680,12,70 4E AC 43 F8 31 9B 42 77 72 B0 42
1788592967.846254,34680,12,36 BE AD 43 D3 DD 9B 42 B7 23 B9 42
1788592967.856895,34680,12,5E A5 AE 43 67 9C A2 42 D1 31 BD 42
1788592967.867614,34680,12,E9 FE AE 43 E9 3F 9B 42 42 48 B9 42
1788592967.878578,34680,12,BF C8 AE 43 C7 9C 99 42 83 E1 B6 42
1788592967.889572,34680,12,0F 04 AE 43 A1 A4 9A 42 AC 04 BD 42
1788592967.900203,34680,12,40 B5 AC 43 E2 00 9A 42 89 B1 B8 42
1788592967.910851,34680,12,10 E4 AA 43 BD 41 92 42 9A 58 C1 42
1788592967.921549,34680,12,91 9A A8 43 EA 0B 80 42 CA 16 C0 42
1788592967.932167,34680,12,62 E6 A5 43 BF 8A 70 42 D8 DD BE 42
1788592967.942686,34680,12,7E D6 A2 43 4C 92 61 42 E2 95 C9 42
1788592967.953544,34680,12,C5 7C 9F 43 FD 42 43 42 2C 3C C9 42
1788592967.964256,34680,12,DE EC 9B 43 D8 97 3E 42 45 E7 CB 42
1788592967.974908,34680,12,87 3A 98 43 20 A4 14 42 FC 82 CC 42
1788592967.985580,34680,12,C2 7B 94 43 59 29 03 42 9C 4F C3 42
1788592967.996673,34680,12,52 C5 90 43 9C DC D7 41 B0 6C D2 42
1788592968.007339,34680,12,F5 2C 8D 43 78 2B BE 41 62 34 D4 42
1788592968.018168,34680,12,B0 C7 89 43 5F 76 AF 41 D5 71 D1 42
1788592968.028883,34680,12,54 A8 86 43 7E 25 79 41 7F DE D4 42
1788592968.039518,34680,12,79 E1 83 43 73 31 9E 41 65 91 DA 42
1788592968.050153,34680,12,84 82 81 43 06 E5 9E 41 06 BD DA 42
1788592968.060711,34680,12,CC 32 7F 43 CB FB BD 41 F1 78 DB 42
1788592968.071273,34680,12,75 62 7C 43 C1 32 E5 41 86 46 E0 42
1788592968.081847,34680,12,9D A3 7A 43 7F E7 F6 41 D4 C5 DE 42
1788592968.092365,34680,12,A7 00 7A 43 0A 7F 08 42 4C F4 DD 42
1788592968.103233,34680,12,1C 7D 7A 43 61 AD 24 42 0D 96 DF 42
1788592968.113937,34680,12,4E 16 7C 43 88 63 33 42 65 20 E6 42
1788592968.124632,34680,12,B9 C2 7E 43 D9 D2 53 42 FC 08 DF 42
1788592968.135291,34680,12,C5 39 81 43 C7 07 68 42 0E 2A EB 42
1788592968.145862,34680,12,63 89 83 43 1E 31 87 42 DC 5C EF 42
1788592968.156405,34680,12,68 43 86 43 39 D9 86 42 D6 52 F1 42
1788592968.167272,34680,12,EE 57 89 43 D2 8E 93 42 8E D8 A9 41
1788592968.178296,34680,12,E1 B4 8C 43 64 4D 98 42 AC AC BA 41
1788592968.188917,34680,12,9D 47 90 43 EE 3E 9C 42 69 EF BD 41
1788592968.199484,34680,12,DA FA 93 43 F9 C0 9F 42 1F DE 99 41
1788592968.210058,34680,12,18 BA 97 43 F7 73 A5 42 FD E4 B5 41
1788592968.220615,34680,12,66 6F 9B 43 25 60 97 42 4A AA E6 41
1788592968.231275,34680,12,16 05 9F 43 86 01 9C 42 AB 8B C8 41
1788592968.241836,34680,12,47 67 A2 43 41 AD 97 42 8C 3A B5 41
1788592968.252414,34680,12,D5 81 A5 43 14 96 84 42 DC D2 F9 41
1788592968.263008,34680,12,8B 43 A8 43 ED B3 73 42 58 5F CF 41
1788592968.274462,34680,12,37 9C AA 43 98 12 64 42 45 59 E9 41
1788592968.285047,34680,12,30 7E AC 43 CB 86 4D 42 55 25 03 42
1788592968.295670,34680,12,05 DF AD 43 98 37 34 42 D5 6E F4 41
1788592968.306381,34680,12,83 B6 AE 43 AA C1 12 42 C7 27 09 42
1788592968.316883,34680,12,FE FF AE 43 64 DC 13 42 08 7C 16 42
1788592968.327724,34680,12,B2 B9 AE 43 A7 7D EF 41 B6 0A 10 42
1788592968.338328,34680,12,51 E5 AD 43 A3 C9 BD 41 42 D5 15 42
1788592968.349152,34680,12,74 87 AC 43 D4 AD C5 41 1C DB 18 42
1788592968.360070,34680,12,3E A8 AA 43 85 1A 98 41 1C 37 22 42
1788592968.370643,34680,12,10 52 A8 43 4F B5 8F 41 01 79 16 42
1788592968.381180,34680,12,85 92 A5 43 45 D6 98 41 C8 1D 18 42
1788592968.391842,34680,12,C2 79 A2 43 06 DE B6 41 54 4F 29 42
1788592968.402347,34680,12,F1 18 9F 43 D2 94 A7 41 03 3F 1F 42
1788592968.412871,34680,12,30 84 9B 43 BD 49 D6 41 83 B1 1C 42
1788592968.423405,34680,12,58 CF 97 43 C7 07 0A 42 DC 2A 34 42
1788592968.434045,34680,12,17 10 94 43 F6 53 14 42 52 77 39 42
1788592968.444565,34680,12,5C 5C 90 43 DA E7 28 42 D7 AA 34 42
1788592968.455081,34680,12,AB C8 8C 43 45 25 47 42 69 57 45 42
1788592968.465696,34680,12,52 6A 89 43 FE E5 60 42 DB 1F 3D 42
1788592968.476203,34680,12,FB 53 86 43 78 02 6E 42 24 31 41 42
1788592968.487124,34680,12,C7 97 83 43 B2 79 89 42 B0 A8 47 42
1788592968.497632,34680,12,A6 45 81 43 BE 9A 8E 42 80 DF 5C 42
1788592968.508346,34680,12,EE D4 7E 43 4C 01 8D 42 9E 4C 4C 42
1788592968.518906,34680,12,8E 22 7C 43 DE FB 95 42 19 01 4F 42
1788592968.529516,34680,12,1F 83 7A 43 88 43 A4 42 41 A7 5A 42
1788592968.540083,34680,12,4B 00 7A 43 92 53 A2 42 D4 F6 5C 42
1788592968.550714,34680,12,E4 9C 7A 43 5E 35 94 42 79 16 6A 42
1788592968.561420,34680,12,86 55 7C 43 3B 1D 96 42 C9 4A 69 42
1788592968.572076,34680,12,F2 1F 7F 43 1C B8 9A 42 4B B7 76 42
1788592968.582738,34680,12,57 76 81 43 A7 5D 93 42 8A 97 62 42
1788592968.593564,34680,12,D2 D2 83 43 DE 94 8A 42 D2 C1 6F 42
1788592968.604293,34680,12,88 97 86 43 D2 EF 79 42 AA 8D 80 42
1788592968.614784,34680,12,1F B5 89 43 D2 BF 5D 42 C8 11 75 42
1788592968.625585,34680,12,0A 19 8D 43 ED DC 42 42 DD 79 80 42
1788592968.636157,34680,12,7F B0 90 43 B3 18 31 42 C2 A5 84 42
1788592968.647137,34680,12,7F 66 94 43 23 B3 1A 42 4F 2A 7A 42
1788592968.657693,34680,12,4E 25 98 43 51 F2 FD 41 60 34 7D 42
1788592968.668872,34680,12,2A D8 9B 43 EE 98 D2 41 AB EA 84 42
1788592968.679478,34680,12,0C 69 9F 43 E2 17 BF 41 1D F9 8B 42
1788592968.690068,34680,12,32 C4 A2 43 03 7B A2 41 2A F9 86 42
1788592968.700550,34680,12,EB D5 A5 43 A7 C4 89 41 D7 D6 8B 42
1788592968.711275,34680,12,4F 8C A8 43 89 5B B9 41 C2 37 90 42
1788592968.721818,34680,12,55 D8 AA 43 12 A2 A7 41 E6 11 97 42
1788592968.732361,34680,12,4F AC AC 43 27 B2 AD 41 9A 72 97 42
1788592968.742933,34680,12,1B FE AD 43 25 A6 E4 41 FB 43 88 42
1788592968.753475,34680,12,EB C5 AE 43 D7 68 F5 41 09 58 96 42
1788592968.763971,34680,12,44 FF AE 43 BC 2F 11 42 47 B5 9A 42
1788592968.774579,34680,12,E8 A8 AE 43 2E F5 28 42 22 A2 96 42
1788592968.785160,34680,12,D9 C4 AD 43 CB CC 45 42 AD 8D 90 42
1788592968.795707,34680,12,07 58 AC 43 ED 98 59 42 C8 52 99 42
1788592968.806254,34680,12,B4 6A AA 43 49 8A 6F 42 E0 C3 9F 42
1788592968.816786,34680,12,3C 08 A8 43 13 2C 7C 42 7A 44 A7 42
1788592968.827417,34680,12,D6 3D A5 43 23 AC 8D 42 27 51 A5 42
1788592968.838170,34680,12,1F 1C A2 43 57 E8 93 42 69 9C A3 42
1788592968.848716,34680,12,74 B4 9E 43 F6 2A 9A 42 80 F1 AC 42
1788592968.859263,34680,12,B9 1A 9B 43 67 FB 9F 42 0B 21 A5 42
1788592968.870053,34680,12,07 64 97 43 37 73 A3 42 C1 9A AA 42
1788592968.880587,34680,12,F4 A4 93 43 D4 A3 A4 42 A2 37 AD 42
1788592968.891365,34680,12,CD F3 8F 43 42 87 9D 42 BC CB A8 42
1788592968.902008,34680,12,0B 65 8C 43 A2 71 98 42 41 A0 B2 42
1788592968.912585,34680,12,87 0D 89 43 CD E2 8F 42 DD A7 B5 42
1788592968.923352,34680,12,C5 00 86 43 AD 0A 85 42 6D D3 B5 42
1788592968.933981,34680,12,AE 4F 83 43 D0 1A 82 42 DD 01 BD 42
1788592968.944718,34680,12,48 0A 81 43 9E DC 62 42 C0 6B BC 42
1788592968.955326,34680,12,54 7A 7E 43 1C BE 57 42 3D 46 BA 42
1788592968.965969,34680,12,E6 E5 7B 43 2E 09 3F 42 8F 7F BF 42
1788592968.976509,34680,12,34 66 7A 43 D3 43 2C 42 4C 90 BC 42
1788592968.987172,34680,12,8E 03 7A 43 3B 90 08 42 41 0E C1 42
1788592968.997811,34680,12,3F C0 7A 43 4C 68 F5 41 38 0C C0 42
1788592969.008590,34680,12,30 98 7C 43 01 18 C3 41 9D 0A C1 42
1788592969.019278,34680,12,C4 80 7F 43 5D FA B1 41 C0 02 C8 42
1788592969.029918,34680,12,65 B4 81 43 82 46 B3 41 27 72 CB 42
1788592969.040551,34680,12,4E 1D 84 43 30 36 A2 41 9B F9 C8 42
1788592969.051464,34680,12,C4 EC 86 43 3D 93 A5 41 77 B5 CF 42
1788592969.062080,34680,12,33 13 8A 43 82 B6 AC 41 B4 78 D2 42
1788592969.072761,34680,12,36 7E 8D 43 C7 F0 E4 41 5D DE CF 42
1788592969.083474,34680,12,C4 19 91 43 74 57 FD 41 EA 4B D5 42
1788592969.094454,34680,12,DD D1 94 43 3A 59 06 42 33 F3 C9 42
1788592969.105067,34680,12,5C 90 98 43 53 B2 20 42 4A AA D6 42
1788592969.115750,34680,12,81 40 9C 43 C7 3F 40 42 72 9E DC 42
1788592969.126470,34680,12,B0 CC 9F 43 69 E0 42 42 36 7F DA 42
1788592969.137158,34680,12,30 20 A3 43 67 13 6B 42 A7 7C DE 42
1788592969.147799,34680,12,8E 28 A6 43 90 55 6B 42 68 99 DC 42
1788592969.158435,34680,12,BD D3 A8 43 0E A7 89 42 A4 FF DA 42
1788592969.169219,34680,12,F1 12 AB 43 78 42 90 42 CE E5 DD 42
1788592969.179914,34680,12,F3 D8 AC 43 EC 4D 95 42 EB 04 E6 42
1788592969.190637,34680,12,75 1B AE 43 E5 26 9C 42 D5 FB E7 42
1788592969.201349,34680,12,7A D3 AE 43 F0 84 9B 42 66 DC EF 42
1788592969.211950,34680,12,BC FC AE 43 BB 5E A3 42 1C 24 EA 42
1788592969.222482,34680,12,56 96 AE 43 85 E4 98 42 FD B1 E7 42
1788592969.233096,34680,12,88 A2 AD 43 56 DF 9B 42 7A E1 B9 41
1788592969.243707,34680,12,FC 26 AC 43 9D 19 97 42 13 51 93 41
1788592969.254319,34680,12,E9 2B AA 43 32 16 8A 42 B6 42 B3 41
1788592969.264917,34680,12,1A BD A7 43 97 98 77 42 98 BA AD 41
1788592969.275532,34680,12,0C E8 A4 43 17 75 71 42 93 34 AA 41
1788592969.286341,34680,12,44 BD A1 43 5F 28 5D 42 10 54 AD 41
1788592969.297013,34680,12,57 4F 9E 43 D4 F1 41 42 96 63 D3 41
1788592969.307595,34680,12,46 B1 9A 43 D8 C1 2D 42 67 AE D8 41
1788592969.318123,34680,12,9D F8 96 43 4F 9B 10 42 8D 48 E9 41
1788592969.328718,34680,12,FC 39 93 43 17 69 EA 41 E0 AD EB 41
1788592969.339268,34680,12,4E 8B 8F 43 EA 94 E1 41 3C 2F F8 41
1788592969.349843,34680,12,1D 02 8C 43 08 5B A5 41 6A 82 FC 41
1788592969.360360,34680,12,02 B2 88 43 2B 0B A1 41 32 AD 0A 42
1788592969.371058,34680,12,B6 AE 85 43 6A 8C B3 41 55 A2 FD 41
1788592969.381582,34680,12,EE 08 83 43 03 33 A9 41 22 F9 11 42
1788592969.392146,34680,12,38 D0 80 43 D2 43 A9 41 33 DD 04 42
1788592969.402745,34680,12,04 23 7E 43 26 AC B3 41 8A A6 1C 42
1788592969.413259,34680,12,F2 AC 7B 43 C8 10 C9 41 A9 72 06 42
1788592969.424060,34680,12,E0 4C 7A 43 02 1A E2 41 9A E7 1A 42
1788592979.434942,34680,12,6E 0A 7A 43 07 5C 13 42 0E EA 14 42
1788592979.446009,34680,12,4E E7 7A 43 B7 58 2C 42 8F 55 25 42
1788592979.456476,34680,12,48 DE 7C 43 76 80 45 42 E2 12 37 42
1788592979.467219,34680,12,75 E4 7F 43 C1 35 5C 42 3C 72 2E 42
1788592979.477836,34680,12,EB F3 81 43 92 AA 77 42 BE 24 31 42
1788592979.488457,34680,12,15 69 84 43 F6 7C 89 42 B0 5B 2E 42
1788592979.498839,34680,12,68 43 87 43 E6 57 90 42 97 71 32 42
1788592979.510400,34680,12,23 72 8A 43 F7 93 96 42 47 52 4A 42
1788592979.520808,34680,12,A2 E3 8D 43 6F 81 99 42 A5 F7 30 42
1788592979.531341,34680,12,63 83 91 43 5E E7 9F 42 C4 F7 2F 42
1788592979.541781,34680,12,51 3D 95 43 01 B8 9C 42 E4 22 54 42
1788592979.552151,34680,12,9F FB 98 43 B2 99 A0 42 F0 F5 3F 42
1788592979.562566,34680,12,64 A8 9C 43 D1 C9 9F 42 F0 7A 4F 42
1788592979.579436,34680,12,43 2F A0 43 4A F8 92 42 0B 95 4E 42
1788592979.589801,34680,12,3B 7B A3 43 FE 74 8E 42 34 06 53 42
1788592979.600286,34680,12,06 7A A6 43 58 99 79 42 53 FD 4B 42
1788592979.610996,34680,12,0E 1A A9 43 CE DD 82 42 21 69 58 42
1788592979.621464,34680,12,08 4C AB 43 18 71 5B 42 E0 80 60 42
1788592979.632020,34680,12,C6 03 AD 43 C4 D7 41 42 59 E1 64 42
1788592979.642703,34680,12,10 37 AE 43 EE 67 33 42 ED 61 68 42
1788592979.653265,34680,12,3E DF AE 43 B9 C4 14 42 B9 3E 69 42
1788592979.663778,34680,12,61 F8 AE 43 D2 EC 08 42 51 80 72 42
1788592979.674339,34680,12,FD 81 AE 43 4F BE EB 41 A1 AA 76 42
1788592979.684902,34680,12,A2 7E AD 43 ED AA CC 41 08 BB 6E 42
1788592979.695923,34680,12,58 F4 AB 43 21 4C B3 41 EF 75 7C 42
1788592979.707377,34680,12,A9 EB A9 43 BA 9C A8 41 71 9C 7D 42
1788592979.717825,34680,12,69 70 A7 43 4A 40 A4 41 4F A5 82 42
1788592979.728343,34680,12,2F 91 A4 43 6D AB AA 41 16 53 80 42
1788592979.738978,34680,12,E7 5D A1 43 D9 DA C7 41 5A 9E 8B 42
1788592979.749532,34680,12,9F E9 9D 43 38 DD BB 41 23 45 8B 42
1788592979.760039,34680,12,7C 47 9A 43 EE 45 DC 41 72 93 8A 42
1788592979.770519,34680,12,BD 8C 96 43 FD E8 07 42 BE E7 84 42
1788592979.780924,34680,12,38 CF 92 43 A3 39 1E 42 BA 07 92 42
1788592979.791413,34680,12,A8 23 8F 43 CA 84 33 42 C5 6D 95 42
1788592979.801860,34680,12,E8 9F 8B 43 9B E9 42 42 90 98 90 42
1788592979.812361,34680,12,73 57 88 43 A5 EA 6A 42 96 72 8F 42
1788592979.822844,34680,12,8B 5D 85 43 77 2F 79 42 2C FB 91 42
1788592979.833425,34680,12,8E C3 82 43 85 40 8B 42 4E 39 9D 42
1788592979.844939,34680,12,E7 97 80 43 67 64 91 42 FB D3 9A 42
1788592979.856236,34680,12,05 CF 7D 43 E0 38 98 42 D5 87 9C 42
1788592979.866905,34680,12,7B 77 7B 43 03 EE 9B 42 75 70 9B 42
1788592979.877537,34680,12,10 37 7A 43 FA AB A1 42 C9 90 A1 42
1788592979.888015,34680,12,EA 14 7A 43 A2 FF 9C 42 6F 61 A2 42
1788592979.898622,34680,12,C8 11 7B 43 DE 43 9A 42 D1 E5 A5 42
1788592979.909419,34680,12,C6 27 7D 43 6B F6 97 42 6D 87 A4 42
1788592979.920643,34680,12,AB 25 80 43 00 1E 94 42 87 98 AA 42
1788592979.931217,34680,12,21 35 82 43 C5 EC 87 42 DF 54 A4 42
1788592979.941998,34680,12,22 B6 84 43 50 F3 7D 42 B4 75 B0 42
1788592979.952746,34680,12,CE 9A 87 43 F8 1B 5C 42 AE A1 AC 42
1788592979.963258,34680,12,EA D1 8A 43 4A B6 55 42 F1 E8 B0 42
1788592979.973822,34680,12,A4 49 8E 43 EC 6B 40 42 9E 5E B5 42
1788592979.984299,34680,12,B8 ED 91 43 EC 6A 16 42 BE C8 B0 42
1788592979.994865,34680,12,D3 A8 95 43 CA 08 10 42 77 2D AF 42
1788592980.005433,34680,12,46 66 99 43 DC 66 02 42 5E 49 BB 42
1788592980.016862,34680,12,CC 0F 9D 43 B1 26 E4 41 84 2F BD 42
1788592980.027799,34680,12,19 91 A0 43 7A C8 AB 41 85 8F BD 42
1788592980.038554,34680,12,A0 D5 A3 43 1B BB 99 41 33 C1 BD 42
1788592980.049157,34680,12,4C CA A6 43 48 23 AB 41 33 3B C4 42
1788592980.059780,34680,12,BD 5E A9 43 49 2F 99 41 3E C8 C2 42
1788592980.070533,34680,12,94 83 AB 43 2F FB B1 41 E3 D2 C3 42
1788592980.081206,34680,12,F0 2C AD 43 C1 CF A2 41 AA CC C9 42
1788592980.091689,34680,12,03 51 AE 43 B2 FE DE 41 E5 F8 C5 42
1788592980.102260,34680,12,36 E9 AE 43 DB 6C 0D 42 84 85 CE 42
1788592980.112799,34680,12,3B F2 AE 43 B5 D9 05 42 A0 D1 C7 42
1788592980.123570,34680,12,DF 6B AE 43 A0 BF 34 42 A8 B1 C7 42
1788592980.134121,34680,12,08 59 AD 43 2E 31 57 42 50 16 D1 42
1788592980.144638,34680,12,EC BF AB 43 C4 1A 59 42 5A 1D D7 42
1788592980.155186,34680,12,F8 A9 A9 43 EA FD 72 42 97 A9 D0 42
1788592980.165723,34680,12,BB 22 A7 43 08 78 87 42 B1 1A D7 42
1788592980.176367,34680,12,45 39 A4 43 17 D7 8E 42 B4 B6 DA 42
1788592980.186914,34680,12,B8 FD A0 43 02 1C 98 42 CE 64 D9 42
1788592980.197449,34680,12,F6 82 9D 43 E2 D8 9D 42 48 5B DE 42
1788592980.208069,34680,12,63 DD 99 43 A2 C1 A4 42 6B 82 E0 42
1788592980.218588,34680,12,37 21 96 43 52 34 9D 42 21 8E DB 42
1788592980.229221,34680,12,AE 64 92 43 0D 44 99 42 D5 8C E4 42
1788592980.239799,34680,12,80 BC 8E 43 54 22 97 42 33 AB E6 42
1788592980.250551,34680,12,18 3E 8B 43 DC 12 9C 42 F0 6C E7 42
1788592980.261187,34680,12,E1 FD 87 43 6C 7D 89 42 A1 FA EC 42
1788592980.271781,34680,12,E0 0D 85 43 E1 64 87 42 C3 04 EB 42
1788592980.282345,34680,12,91 7F 82 43 4B F0 6F 42 D3 DD F0 42
1788592980.311658,34680,12,22 61 80 43 78 23 5E 42 30 37 F2 42
1788592980.322757,34680,12,13 7E 7D 43 03 30 4F 42 B6 67 98 41
1788592980.333366,34680,12,87 45 7B 43 06 B7 2D 42 CC 50 87 41
1788592980.343920,34680,12,EF 24 7A 43 D5 F2 1F 42 6F 4D A2 41
1788592980.354412,34680,12,02 23 7A 43 49 6B 04 42 A7 5E BD 41
1788592980.365117,34680,12,CA 3F 7B 43 B0 59 DA 41 F2 03 BE 41
1788592980.375666,34680,12,F1 74 7D 43 65 80 C0 41 3A 5C C7 41
1788592980.386305,34680,12,B0 5A 80 43 03 2D AC 41 EE 78 CA 41
1788592980.397057,34680,12,89 77 82 43 C4 38 AD 41 21 97 D5 41
1788592980.407536,34680,12,6E 04 85 43 E8 12 B2 41 94 7B E1 41
1788592980.418140,34680,12,3D F3 87 43 59 B3 A2 41 06 BE DF 41
1788592980.428838,34680,12,D9 32 8B 43 6E 7F C8 41 2B FE 0C 42
1788592980.440188,34680,12,34 B0 8E 43 E7 32 E2 41 D2 9F D2 41
1788592980.450859,34680,12,F6 57 92 43 B0 77 01 42 65 75 E7 41
1788592980.461343,34680,12,5C 14 96 43 15 9B 08 42 F8 A8 03 42
1788592980.471909,34680,12,AF D0 99 43 9C 95 25 42 53 47 0B 42
1788592980.482491,34680,12,11 77 9D 43 F2 FC 2D 42 FF 77 0E 42
1788592980.492962,34680,12,2B F2 A0 43 71 3F 4F 42 E4 77 0A 42
1788592980.503411,34680,12,B0 2E A4 43 08 A4 76 42 5C 27 14 42
1788592980.513851,34680,12,5D 19 A7 43 A4 46 78 42 B3 08 26 42
1788592980.524250,34680,12,05 A2 A9 43 1C 08 87 42 87 18 15 42
1788592980.534885,34680,12,C4 B9 AB 43 FD FE 87 42 7E 67 19 42
1788592980.546843,34680,12,6D 54 AD 43 1F 85 9B 42 E9 87 1D 42
1788592980.557323,34680,12,1C 69 AE 43 E4 DE 9F 42 06 D2 1A 42
1788592980.567865,34680,12,60 F1 AE 43 54 B1 9D 42 A1 A3 2D 42
1788592980.578264,34680,12,48 EA AE 43 5A B6 A3 42 CE 0E 32 42
1788592980.588631,34680,12,E5 53 AE 43 C3 B0 9F 42 53 87 35 42
1788592980.599131,34680,12,BF 31 AD 43 6B C4 98 42 01 4E 34 42
1788592980.609570,34680,12,1E 8A AB 43 8F FB 8F 42 35 44 3D 42
1788592980.619998,34680,12,DB 66 A9 43 AE 0A 8F 42 77 CE 4C 42
1788592980.630501,34680,12,D1 D3 A6 43 D6 CE 7F 42 DA 3F 43 42
1788592980.641032,34680,12,00 E0 A3 43 30 2E 64 42 9B 6D 4A 42
1788592980.651437,34680,12,BE 9C A0 43 59 94 49 42 A7 B2 56 42
1788592980.662104,34680,12,20 1C 9D 43 EF D2 35 42 EE 4B 43 42
1788592980.672488,34680,12,02 73 99 43 A8 60 20 42 FB 8F 5D 42
1788592980.685426,34680,12,AE B5 95 43 93 AD 09 42 EE 27 51 42
1788592980.696027,34680,12,05 FA 91 43 B7 3D EC 41 86 4B 59 42
1788592980.706625,34680,12,DF 55 8E 43 21 F1 C5 41 33 95 54 42
1788592980.725084,34680,12,6B DD 8A 43 3D 79 BE 41 98 E3 68 42
1788592980.735593,34680,12,52 A5 87 43 D3 46 9F 41 F5 16 75 42
1788592980.746162,34680,12,6D BF 84 43 1C 00 BA 41 96 98 60 42
1788592980.756564,34680,12,C0 3C 82 43 0A 34 A5 41 5D D7 6D 42
1788592980.766992,34680,12,EC 2B 80 43 7F F7 87 41 4B 4B 67 42
1788592980.777427,34680,12,CA 30 7D 43 34 75 D7 41 18 12 77 42
1788592980.788302,34680,12,18 17 7B 43 15 E4 C7 41 B4 C8 81 42
1788592980.798805,34680,12,69 16 7A 43 E9 AD 00 42 70 D8 84 42
1788592980.809336,34680,12,C7 34 7A 43 C4 FE 2A 42 3A A1 82 42
1788592980.824587,34680,12,53 71 7B 43 46 9A 2E 42 4F A9 83 42
1788592980.834966,34680,12,34 C5 7D 43 0A 0F 46 42 A6 D2 85 42
1788592980.845645,34680,12,46 91 80 43 75 5A 57 42 46 23 8A 42
1788592980.856205,34680,12,5A BB 82 43 C1 E7 77 42 BC 83 8F 42
1788592980.866608,34680,12,3F 54 85 43 F8 22 82 42 06 FA 90 42
1788592980.877123,34680,12,B0 4C 88 43 38 12 8E 42 E9 CB 88 42
1788592980.887532,34680,12,37 94 8B 43 7D 8A 98 42 CE 70 8E 42
1788592980.898002,34680,12,4C 17 8F 43 E7 EA 97 42 8B 9F 8D 42
